date,open,high,low,close,volume
2023-01-02 14:00:00,143.166,143.967,142.556,143.946,140.952
2023-01-02 15:00:00,142.576,143.387,142.346,143.177,235.116
2023-01-02 16:00:00,142.327,143.007,142.246,142.587,140.304
2023-01-02 17:00:00,142.176,142.427,141.716,142.326,128.676
2023-01-02 18:00:00,142.416,142.696,141.836,142.166,110.448
2023-01-02 19:00:00,144.347,145.147,141.326,142.406,350.616
2023-01-02 20:00:00,145.396,146.597,144.306,144.336,275.856
2023-01-03 14:00:00,146.877,147.207,146.306,146.607,127.284
2023-01-03 15:00:00,146.466,147.106,145.487,146.897,233.496
2023-01-03 16:00:00,146.436,146.617,145.396,146.447,202.296
2023-01-03 17:00:00,146.367,146.866,146.296,146.446,166.824
2023-01-03 18:00:00,145.866,146.387,145.706,146.376,135.396
2023-01-03 19:00:00,145.477,145.917,145.246,145.866,122.676
2023-01-03 20:00:00,145.317,145.677,144.996,145.486,132.912
2023-01-05 13:00:00,169.426,170.267,169.007,169.257,102.276
2023-01-05 14:00:00,169.507,169.657,168.636,169.427,169.332
2023-01-05 15:00:00,169.637,169.817,168.916,169.507,153.9
2023-01-05 16:00:00,170.346,170.407,169.576,169.627,92.4
2023-01-05 17:00:00,170.136,170.437,170.066,170.336,72.9
2023-01-05 18:00:00,169.517,170.167,169.196,170.127,97.44
2023-01-05 19:00:00,169.527,169.887,169.227,169.526,119.28
2023-01-06 13:00:00,177.277,177.846,176.917,177.597,138.996
2023-01-06 14:00:00,178.947,179.277,177.257,177.306,219.948
2023-01-06 15:00:00,179.576,179.637,178.766,178.947,158.796
2023-01-06 16:00:00,179.896,179.987,179.577,179.577,109.704
2023-01-06 17:00:00,179.876,179.977,179.456,179.896,89.568
2023-01-06 18:00:00,179.807,180.067,179.567,179.876,86.664
2023-01-06 19:00:00,180.096,180.096,179.216,179.817,132.348
2023-01-08 13:00:00,196.427,196.717,195.786,196.227,117.588
2023-01-08 14:00:00,195.786,196.666,195.266,196.447,198.516
2023-01-08 15:00:00,195.906,196.167,195.596,195.797,140.604
2023-01-08 16:00:00,195.767,195.917,195.336,195.887,99.036
2023-01-08 17:00:00,196.056,196.117,195.516,195.776,83.58
2023-01-08 18:00:00,195.877,196.266,195.666,196.067,83.412
2023-01-08 19:00:00,195.606,196.087,195.496,195.867,90.048
2023-01-09 13:00:00,188.917,189.906,188.266,189.507,140.724
2023-01-09 14:00:00,188.386,189.477,188.306,188.907,226.992
2023-01-09 15:00:00,188.506,188.877,188.346,188.387,156.756
2023-01-09 16:00:00,189.166,189.257,188.476,188.506,105.216
2023-01-09 17:00:00,189.167,189.307,188.837,189.156,83.88
2023-01-09 18:00:00,188.877,189.187,188.516,189.156,76.992
2023-01-09 19:00:00,189.447,189.527,188.736,188.867,95.724
2023-01-11 13:00:00,171.066,171.507,170.077,170.896,132.984
2023-01-11 14:00:00,171.436,172.067,170.766,171.066,213.048
2023-01-11 15:00:00,171.937,171.987,170.996,171.447,133.008
2023-01-11 16:00:00,172.026,172.167,171.606,171.937,126.792
2023-01-11 17:00:00,172.147,172.367,171.766,172.016,115.488
2023-01-11 18:00:00,173.177,173.257,171.886,172.166,275.808
2023-01-11 19:00:00,173.976,174.217,173.167,173.167,217.14
2023-01-12 14:00:00,189.946,190.477,189.216,190.246,89.472
2023-01-12 15:00:00,190.336,190.487,189.896,189.946,144.108
2023-01-12 16:00:00,191.036,191.226,190.176,190.357,158.2531
2023-01-12 17:00:00,191.486,191.527,190.946,191.026,91.053
2023-01-12 18:00:00,191.166,191.537,190.807,191.486,86.6314
2023-01-12 19:00:00,191.257,191.327,190.897,191.167,70.38
2023-01-12 20:00:00,191.177,191.367,190.876,191.247,76.056
2023-02-02 14:00:00,148.556,149.496,148.336,148.667,151.968
2023-02-02 15:00:00,150.136,150.477,148.136,148.556,223.488
2023-02-02 16:00:00,149.756,150.427,149.547,150.146,164.976
2023-02-02 17:00:00,149.907,150.267,149.436,149.767,142.776
2023-02-02 18:00:00,150.937,150.977,149.887,149.916,111.756
2023-02-02 19:00:00,149.026,151.157,148.937,150.946,194.628
2023-02-02 20:00:00,150.736,150.736,148.707,149.046,221.424
2023-02-03 14:00:00,144.346,144.777,144.027,144.126,123.912
2023-02-03 15:00:00,144.477,144.687,143.896,144.346,209.46
2023-02-03 16:00:00,144.336,144.727,143.966,144.476,154.512
2023-02-03 17:00:00,144.446,144.647,144.216,144.346,110.196
2023-02-03 18:00:00,145.526,145.547,144.266,144.437,133.776
2023-02-03 19:00:00,145.826,146.037,145.386,145.537,147.768
2023-02-03 20:00:00,145.906,146.697,145.556,145.836,156.012
2023-02-05 13:00:00,169.737,170.337,169.406,170.076,111.456
2023-02-05 14:00:00,168.257,169.926,168.016,169.706,221.58
2023-02-05 15:00:00,167.616,168.357,167.526,168.257,192.936
2023-02-05 16:00:00,168.377,168.507,167.536,167.607,133.74
2023-02-05 17:00:00,168.666,168.947,168.326,168.377,107.7
2023-02-05 18:00:00,169.017,169.037,168.336,168.667,124.32
2023-02-05 19:00:00,168.516,169.266,168.386,169.007,137.244
2023-02-06 13:00:00,179.786,181.747,179.686,180.996,152.604
2023-02-06 14:00:00,180.517,180.597,179.246,179.807,227.376
2023-02-06 15:00:00,180.966,180.977,180.136,180.527,161.916
2023-02-06 16:00:00,180.837,181.036,180.466,180.976,127.32
2023-02-06 17:00:00,180.497,180.867,180.296,180.837,114.132
2023-02-06 18:00:00,180.617,180.817,180.056,180.496,108.432
2023-02-06 19:00:00,180.927,181.077,180.576,180.627,111.648
2023-02-08 13:00:00,193.976,195.167,193.367,194.987,130.536
2023-02-08 14:00:00,192.796,194.257,192.746,193.986,195.684
2023-02-08 15:00:00,192.566,193.257,192.516,192.786,163.452
2023-02-08 16:00:00,192.826,192.826,191.836,192.576,154.776
2023-02-08 17:00:00,192.827,193.237,192.686,192.817,136.02
2023-02-08 18:00:00,192.756,193.247,192.586,192.826,126.84
2023-02-08 19:00:00,192.577,192.967,192.216,192.757,145.416
2023-02-10 13:00:00,172.916,173.237,170.937,171.236,131.124
2023-02-10 14:00:00,172.997,174.027,172.796,172.907,258.756
2023-02-10 15:00:00,173.067,174.287,172.896,173.017,213.384
2023-02-10 16:00:00,173.166,173.517,172.816,173.076,173.508
2023-02-10 17:00:00,173.117,173.567,172.716,173.177,154.164
2023-02-10 18:00:00,172.877,173.697,172.606,173.097,169.692
2023-02-10 19:00:00,173.736,173.736,172.526,172.866,186.828
2023-02-11 13:00:00,176.336,176.767,175.287,175.287,122.796
2023-02-11 14:00:00,177.427,177.527,176.106,176.327,160.464
2023-02-11 15:00:00,176.787,177.637,176.426,177.427,126.756
2023-02-11 16:00:00,176.967,177.297,176.397,176.787,117.588
2023-02-11 17:00:00,177.296,177.467,176.766,176.957,85.644
2023-02-11 18:00:00,177.447,177.487,177.086,177.287,87.408
2023-02-11 19:00:00,177.737,177.746,177.156,177.437,83.292
2023-03-01 16:00:00,124.726,125.857,124.486,125.576,188.376
2023-03-01 17:00:00,124.587,125.037,124.336,124.737,139.56
2023-03-01 18:00:00,124.807,124.827,124.176,124.576,127.296
2023-03-01 19:00:00,124.606,125.317,124.166,124.816,143.064
2023-03-01 20:00:00,124.996,125.396,124.396,124.616,148.464
2023-03-02 14:00:00,153.227,153.397,147.696,147.936,162.48
2023-03-02 15:00:00,155.757,157.357,152.557,153.176,329.82
2023-03-02 16:00:00,155.697,157.177,155.506,155.756,233.532
2023-03-02 17:00:00,154.566,156.967,154.426,155.707,199.548
2023-03-02 18:00:00,155.326,155.827,154.266,154.566,245.448
2023-03-02 19:00:00,154.656,155.677,154.396,155.317,221.592
2023-03-02 20:00:00,154.467,155.306,154.076,154.667,202.092
2023-03-03 14:00:00,149.456,149.467,147.316,148.066,117.444
2023-03-03 15:00:00,149.626,150.156,149.026,149.447,193.668
2023-03-03 16:00:00,149.816,149.967,149.247,149.636,153.936
2023-03-03 17:00:00,150.216,150.227,149.586,149.827,105.336
2023-03-03 18:00:00,150.217,150.307,149.876,150.217,77.4
2023-03-03 19:00:00,150.826,150.877,150.087,150.217,77.952
2023-03-03 20:00:00,151.056,151.077,150.497,150.817,99.324
2023-03-04 13:00:00,165.277,165.877,164.197,164.266,91.593
2023-03-04 14:00:00,164.797,165.717,164.646,165.266,169.152
2023-03-04 15:00:00,164.517,164.957,164.306,164.796,124.764
2023-03-04 16:00:00,164.547,164.787,164.396,164.527,82.308
2023-03-04 17:00:00,164.696,164.787,164.307,164.536,74.736
2023-03-04 18:00:00,165.737,165.737,164.466,164.696,58.56
2023-03-04 19:00:00,166.106,166.277,165.607,165.737,67.092
2023-03-05 13:00:00,170.747,170.877,169.446,169.446,105.036
2023-03-05 14:00:00,169.607,170.916,169.547,170.727,162.3
2023-03-05 15:00:00,169.917,169.917,169.166,169.606,131.532
2023-03-05 16:00:00,169.987,170.157,169.517,169.927,88.764
2023-03-05 17:00:00,169.846,170.277,169.766,169.986,89.34
2023-03-05 18:00:00,170.036,170.717,169.046,169.876,310.92
2023-03-05 19:00:00,167.486,170.457,167.146,170.046,307.44
2023-03-07 13:00:00,192.907,193.867,192.786,193.707,100.8
2023-03-07 14:00:00,191.967,193.137,191.756,192.916,132.384
2023-03-07 15:00:00,192.216,192.487,191.896,191.966,76.188
2023-03-07 16:00:00,192.527,192.527,191.996,192.217,53.46
2023-03-08 13:00:00,191.677,192.267,191.106,191.467,142.032
2023-03-08 14:00:00,191.707,192.017,190.826,191.676,228.048
2023-03-08 15:00:00,191.736,192.366,191.607,191.707,173.772
2023-03-08 16:00:00,192.196,192.347,191.606,191.726,132.408
2023-03-08 17:00:00,191.357,192.287,191.236,192.206,122.868
2023-03-08 18:00:00,191.837,191.946,191.186,191.366,136.14
2023-03-08 19:00:00,190.997,191.937,190.986,191.846,152.604
2023-03-10 13:00:00,173.256,173.617,172.256,172.256,138.96
2023-03-10 14:00:00,171.497,173.287,170.816,173.256,266.904
2023-03-10 15:00:00,171.736,171.976,171.356,171.486,169.74
2023-03-10 16:00:00,172.546,172.676,171.676,171.747,142.68
2023-03-10 17:00:00,171.967,172.787,171.746,172.537,121.176
2023-03-10 18:00:00,172.257,172.377,171.546,171.956,126.504
2023-03-10 19:00:00,172.457,172.496,171.767,172.246,160.884
2023-03-11 13:00:00,175.347,176.377,173.346,174.197,149.364
2023-03-11 14:00:00,175.717,175.917,174.456,175.346,220.14
2023-03-11 15:00:00,175.426,175.777,174.617,175.717,148.836
2023-03-11 16:00:00,176.166,176.477,175.296,175.436,127.92
2023-03-11 17:00:00,175.557,176.406,175.177,176.177,114.96
2023-03-11 18:00:00,176.096,176.226,175.057,175.546,107.448
2023-03-11 19:00:00,176.606,176.807,175.836,176.097,117.012
2023-04-01 14:00:00,126.626,127.537,125.946,126.826,158.112
2023-04-01 15:00:00,126.947,127.317,125.066,126.627,238.644
2023-04-01 16:00:00,127.746,128.407,126.496,126.966,161.376
2023-04-01 17:00:00,127.226,128.637,127.216,127.756,115.344
2023-04-01 18:00:00,127.186,127.487,126.916,127.227,121.356
2023-04-01 19:00:00,126.457,127.827,125.396,127.347,258.636
2023-04-01 20:00:00,126.317,126.836,125.266,126.456,183.66
2023-04-04 13:00:00,166.276,166.687,165.406,166.486,108.756
2023-04-04 14:00:00,166.096,166.827,165.876,166.277,204.012
2023-04-04 15:00:00,166.167,166.407,165.746,166.106,154.764
2023-04-04 16:00:00,165.926,166.277,165.577,166.167,131.94
2023-04-04 17:00:00,166.007,166.217,165.706,165.936,97.776
2023-04-04 18:00:00,165.407,166.096,165.326,165.997,79.128
2023-04-04 19:00:00,165.627,165.646,165.097,165.397,108.84
2023-04-05 13:00:00,165.157,165.486,164.296,164.767,137.808
2023-04-05 14:00:00,165.937,166.216,164.996,165.147,249.72
2023-04-05 15:00:00,165.757,166.867,165.497,165.926,195.66
2023-04-05 16:00:00,166.566,166.626,165.426,165.756,143.556
2023-04-05 17:00:00,166.357,167.027,166.006,166.576,144.18
2023-04-05 18:00:00,165.606,166.387,165.306,166.367,126.084
2023-04-05 19:00:00,165.767,166.327,165.066,165.597,146.58
2023-04-08 13:00:00,185.277,187.367,183.197,185.407,174.684
2023-04-08 14:00:00,185.336,185.756,184.276,185.287,255.648
2023-04-08 15:00:00,185.596,186.356,184.926,185.346,153.8373
2023-04-08 16:00:00,185.216,185.667,185.076,185.596,93.912
2023-04-08 17:00:00,184.906,185.237,184.776,185.217,86.436
2023-04-08 18:00:00,182.346,184.897,182.056,184.896,167.028
2023-04-08 19:00:00,181.986,183.217,181.917,182.337,135.216
2023-04-10 13:00:00,172.477,172.677,170.936,170.947,144.084
2023-04-10 14:00:00,172.436,173.467,171.856,172.457,254.22
2023-04-10 15:00:00,173.126,173.146,172.116,172.437,202.608
2023-04-10 16:00:00,173.086,173.287,172.796,173.126,155.412
2023-04-10 17:00:00,172.496,173.126,172.446,173.097,137.772
2023-04-10 18:00:00,173.067,173.127,172.356,172.506,138.216
2023-04-10 19:00:00,173.497,174.197,173.017,173.087,144.768
2023-04-12 14:00:00,189.376,190.027,188.926,189.966,93.828
2023-04-12 15:00:00,188.016,189.627,187.736,189.387,148.884
2023-04-12 16:00:00,188.357,188.407,187.446,188.006,92.424
2023-04-12 17:00:00,188.656,188.757,188.176,188.366,75.588
2023-04-12 18:00:00,188.657,188.807,188.486,188.666,63.504
2023-04-12 19:00:00,189.006,189.126,188.487,188.646,71.616
2023-04-12 20:00:00,189.427,189.647,188.706,189.007,81.564
2023-05-01 14:00:00,127.357,127.477,125.316,127.096,161.316
2023-05-01 15:00:00,126.407,127.746,126.146,127.346,216.624
2023-05-01 16:00:00,126.677,127.066,126.146,126.416,167.616
2023-05-01 17:00:00,126.236,126.937,126.167,126.667,139.116
2023-05-01 18:00:00,126.256,127.026,125.796,126.237,164.28
2023-05-01 19:00:00,125.476,126.466,125.476,126.277,145.884
2023-05-01 20:00:00,125.007,125.507,124.747,125.476,143.148
2023-05-04 13:00:00,164.607,165.027,164.197,164.696,120.936
2023-05-04 14:00:00,163.277,164.907,163.256,164.617,211.572
2023-05-04 15:00:00,162.956,163.757,162.667,163.266,135.72
2023-05-04 16:00:00,162.327,162.987,161.796,162.976,115.764
2023-05-04 17:00:00,162.937,163.086,162.256,162.336,101.916
2023-05-04 18:00:00,163.227,163.287,162.636,162.947,100.212
2023-05-04 19:00:00,163.727,163.937,162.926,163.217,121.524
2023-05-05 13:00:00,173.106,173.737,170.716,170.796,121.104
2023-05-05 14:00:00,173.536,174.187,172.717,173.106,155.424
2023-05-05 15:00:00,173.777,174.037,173.326,173.546,117.48
2023-05-05 16:00:00,173.456,174.037,173.217,173.786,100.68
2023-05-05 17:00:00,173.876,174.076,173.236,173.467,73.932
2023-05-05 18:00:00,174.127,174.167,173.687,173.877,80.832
2023-05-05 19:00:00,173.586,174.287,173.296,174.126,121.284
2023-05-06 13:00:00,183.346,183.847,181.956,182.546,122.616
2023-05-06 14:00:00,184.246,184.347,183.247,183.386,229.872
2023-05-06 15:00:00,184.077,184.327,183.926,184.236,124.5
2023-05-06 16:00:00,184.557,184.706,183.987,184.086,104.928
2023-05-06 17:00:00,182.767,184.947,182.016,184.566,153.252
2023-05-06 18:00:00,181.667,183.666,180.057,182.766,256.272
2023-05-06 19:00:00,179.577,181.756,178.006,181.676,240.228
2023-05-07 13:00:00,192.217,192.957,191.497,191.497,114.348
2023-05-07 14:00:00,192.346,192.727,192.026,192.226,164.748
2023-05-07 15:00:00,190.917,192.356,190.896,192.347,126.36
2023-05-07 16:00:00,191.127,191.297,190.666,190.906,87.792
2023-05-07 17:00:00,190.927,191.277,190.856,191.096,68.892
2023-05-07 18:00:00,191.297,191.416,190.606,190.927,105.204
2023-05-07 19:00:00,191.307,191.477,191.217,191.287,88.86
2023-05-09 13:00:00,188.036,188.617,187.596,188.247,136.812
2023-05-09 14:00:00,189.046,189.296,187.797,188.036,179.196
2023-05-09 15:00:00,189.387,189.597,188.966,189.037,128.712
2023-05-09 16:00:00,189.637,189.797,189.366,189.397,89.196
2023-05-09 17:00:00,189.427,189.687,189.147,189.657,95.172
2023-05-09 18:00:00,189.916,189.927,189.306,189.426,67.992
2023-05-09 19:00:00,189.676,189.966,189.457,189.926,84.6
2023-05-10 13:00:00,173.856,174.397,173.447,173.687,117.204
2023-05-10 14:00:00,172.986,173.866,172.667,173.847,196.488
2023-05-10 15:00:00,173.476,173.826,172.826,172.977,186.288
2023-05-10 16:00:00,173.926,174.017,173.356,173.477,146.652
2023-05-10 17:00:00,174.877,175.007,173.636,173.936,133.32
2023-05-10 18:00:00,175.316,175.437,174.746,174.867,121.548
2023-05-10 19:00:00,174.957,175.377,174.826,175.306,138.828
2023-05-12 14:00:00,192.697,193.337,190.167,190.167,107.952
2023-05-12 15:00:00,194.247,194.347,192.607,192.607,168.084
2023-05-12 16:00:00,193.207,194.387,192.597,194.256,124.812
2023-05-12 17:00:00,193.616,193.827,192.937,193.196,104.34
2023-05-12 18:00:00,192.897,193.647,192.847,193.617,88.32
2023-05-12 19:00:00,193.217,193.296,192.746,192.896,66.024
2023-05-12 20:00:00,193.476,193.517,192.856,193.207,73.668
2023-06-01 14:00:00,125.797,127.177,124.876,126.207,163.176
2023-06-01 15:00:00,127.397,127.497,125.806,125.806,267.06
2023-06-01 16:00:00,127.866,128.017,126.996,127.407,163.308
2023-06-01 17:00:00,127.937,128.467,127.767,127.877,134.724
2023-06-01 18:00:00,128.827,128.867,127.876,127.947,108.768
2023-06-01 19:00:00,129.837,129.986,128.776,128.837,107.688
2023-06-01 20:00:00,129.466,130.286,129.326,129.836,137.7
2023-06-02 14:00:00,152.456,153.077,151.707,152.496,172.8914
2023-06-02 15:00:00,152.256,152.706,150.896,152.466,265.596
2023-06-02 16:00:00,152.017,153.087,151.966,152.276,198.732
2023-06-02 17:00:00,152.406,152.777,151.806,152.017,167.532
2023-06-02 18:00:00,152.147,152.507,151.566,152.407,168.468
2023-06-02 19:00:00,151.637,152.507,151.506,152.146,143.46
2023-06-02 20:00:00,151.696,151.896,150.766,151.637,168.78
2023-06-03 14:00:00,154.427,155.006,153.446,153.757,129.672
2023-06-03 15:00:00,155.136,155.566,154.126,154.416,176.16
2023-06-03 16:00:00,155.727,156.056,155.126,155.136,127.512
2023-06-03 17:00:00,155.047,156.286,154.966,155.727,110.028
2023-06-03 18:00:00,154.547,155.437,154.496,155.056,110.208
2023-06-03 19:00:00,154.107,154.607,153.956,154.536,118.26
2023-06-03 20:00:00,153.867,154.287,153.686,154.116,120.06
2023-06-04 13:00:00,162.677,162.717,162.016,162.396,105.12
2023-06-04 14:00:00,163.267,163.577,162.526,162.666,170.52
2023-06-04 15:00:00,164.516,164.727,163.186,163.267,114.9
2023-06-04 16:00:00,164.467,164.946,164.396,164.516,98.844
2023-06-04 17:00:00,164.796,164.797,164.296,164.467,73.044
2023-06-04 18:00:00,164.637,164.917,164.546,164.807,76.764
2023-06-04 19:00:00,164.616,164.817,164.316,164.636,72.948
2023-06-06 13:00:00,177.857,180.057,177.566,179.917,138.444
2023-06-06 14:00:00,178.497,179.207,177.426,177.866,186.264
2023-06-06 15:00:00,178.817,178.847,177.646,178.496,147.348
2023-06-06 16:00:00,178.076,179.097,178.026,178.807,143.196
2023-06-06 17:00:00,178.827,179.276,178.067,178.087,145.716
2023-06-06 18:00:00,179.376,179.467,178.706,178.827,119.544
2023-06-06 19:00:00,179.136,179.687,179.046,179.386,131.808
2023-06-07 13:00:00,189.907,190.437,189.196,189.857,135.276
2023-06-07 14:00:00,189.536,190.177,189.497,189.917,168.168
2023-06-07 15:00:00,190.487,190.587,189.526,189.537,96.252
2023-06-07 16:00:00,190.967,191.167,190.486,190.486,101.904
2023-06-07 17:00:00,191.397,191.407,190.736,190.966,88.356
2023-06-07 18:00:00,191.417,191.517,190.906,191.397,79.392
2023-06-07 19:00:00,191.756,192.007,191.316,191.417,99.588
2023-06-09 13:00:00,186.517,188.727,186.496,188.367,105.564
2023-06-09 14:00:00,184.007,186.497,183.916,186.497,201.576
2023-06-09 15:00:00,184.136,184.297,183.517,184.016,120.552
2023-06-09 16:00:00,183.107,184.297,182.796,184.137,111.54
2023-06-09 17:00:00,182.956,183.366,182.666,183.107,102.948
2023-06-09 18:00:00,182.186,182.996,182.116,182.956,101.184
2023-06-09 19:00:00,182.847,183.007,181.466,182.187,126.252
2023-06-10 13:00:00,174.016,175.027,173.167,173.687,165.576
2023-06-10 14:00:00,175.117,175.227,173.346,174.016,240.084
2023-06-10 15:00:00,176.786,176.827,175.086,175.127,173.196
2023-06-10 16:00:00,176.817,177.027,176.307,176.777,132.948
2023-06-10 17:00:00,177.266,177.377,176.686,176.816,105.348
2023-06-10 18:00:00,177.516,177.697,177.116,177.267,94.236
2023-06-10 19:00:00,177.457,177.976,177.396,177.526,131.436
2023-06-11 14:00:00,178.567,178.736,176.196,176.337,133.224
2023-06-11 15:00:00,178.736,179.047,177.916,178.566,184.968
2023-06-11 16:00:00,179.247,179.417,178.716,178.747,113.952
2023-06-11 17:00:00,178.886,179.256,178.636,179.247,97.548
2023-06-11 18:00:00,178.347,178.887,178.006,178.876,122.808
2023-06-11 19:00:00,179.206,179.207,178.106,178.356,109.092
2023-06-11 20:00:00,179.287,179.307,178.686,179.197,84.444
2023-06-12 14:00:00,193.136,194.726,192.956,194.407,99.84
2023-06-12 15:00:00,192.657,193.157,192.196,193.126,154.632
2023-06-12 16:00:00,193.026,193.327,192.457,192.667,125.88
2023-06-12 17:00:00,192.686,193.087,192.646,193.007,101.904
2023-06-12 18:00:00,193.147,193.227,192.386,192.686,84.732
2023-06-12 19:00:00,192.906,193.206,192.746,193.147,83.916
2023-06-12 20:00:00,192.316,192.917,192.126,192.906,93.576
2023-07-02 14:00:00,152.306,152.907,150.626,150.657,160.176
2023-07-02 15:00:00,152.587,153.177,151.826,152.277,224.556
2023-07-02 16:00:00,153.007,153.587,152.556,152.587,159.744
2023-07-02 17:00:00,154.797,155.207,152.356,152.977,220.32
2023-07-02 18:00:00,152.107,155.127,151.347,154.796,380.352
2023-07-02 19:00:00,154.207,154.447,152.036,152.107,292.272
2023-07-02 20:00:00,154.607,155.217,153.416,154.216,212.88
2023-07-03 14:00:00,153.817,154.007,153.146,153.566,112.44
2023-07-03 15:00:00,152.197,153.837,151.806,153.837,300.132
2023-07-03 16:00:00,152.046,152.747,151.966,152.197,237.264
2023-07-03 17:00:00,152.396,153.077,151.796,152.056,208.2
2023-07-03 18:00:00,151.807,152.677,151.727,152.397,166.98
2023-07-03 19:00:00,151.166,152.037,151.126,151.816,139.224
2023-07-03 20:00:00,151.577,151.757,151.126,151.167,156.0
2023-07-06 13:00:00,180.406,181.197,178.206,178.357,137.22
2023-07-06 14:00:00,178.716,180.627,178.476,180.397,249.204
2023-07-06 15:00:00,178.876,179.597,178.556,178.706,180.54
2023-07-06 16:00:00,178.096,179.037,177.996,178.876,174.54
2023-07-06 17:00:00,177.777,178.457,177.306,178.107,155.784
2023-07-06 18:00:00,178.236,178.277,177.597,177.786,142.308
2023-07-06 19:00:00,177.806,178.487,177.416,178.236,177.156
2023-07-07 13:00:00,191.526,191.657,190.706,191.346,133.752
2023-07-07 14:00:00,190.677,191.717,190.236,191.527,163.476
2023-07-07 15:00:00,191.746,191.776,190.666,190.666,88.104
2023-07-07 16:00:00,192.307,192.487,191.766,191.767,81.672
2023-07-07 17:00:00,192.306,192.657,192.166,192.306,55.872
2023-07-07 18:00:00,192.256,192.477,192.166,192.316,64.992
2023-07-07 19:00:00,190.686,192.366,190.596,192.246,118.608
2023-07-08 13:00:00,178.376,183.106,178.216,182.126,161.964
2023-07-08 14:00:00,178.096,179.777,178.056,178.366,231.216
2023-07-08 15:00:00,178.646,178.776,177.356,178.087,162.456
2023-07-08 16:00:00,178.216,178.817,177.736,178.636,133.224
2023-07-08 17:00:00,178.826,178.847,177.957,178.227,120.3
2023-07-08 18:00:00,178.466,179.026,178.296,178.837,110.82
2023-07-08 19:00:00,178.817,179.017,178.207,178.477,104.352
2023-07-09 13:00:00,176.227,177.776,173.546,175.157,165.492
2023-07-09 14:00:00,176.677,177.166,175.677,176.206,205.464
2023-07-09 15:00:00,176.967,178.197,176.646,176.686,156.348
2023-07-09 16:00:00,176.727,177.656,176.646,176.956,112.188
2023-07-09 17:00:00,177.006,177.087,175.936,176.717,105.216
2023-07-09 18:00:00,177.177,177.377,176.477,176.996,94.176
2023-07-09 19:00:00,177.486,178.117,176.766,177.176,114.24
2023-07-11 14:00:00,180.187,180.507,178.956,179.116,116.088
2023-07-11 15:00:00,181.207,181.256,180.126,180.176,149.868
2023-07-11 16:00:00,181.467,181.627,181.076,181.207,80.712
2023-07-11 17:00:00,181.566,181.576,180.517,181.476,121.644
2023-07-11 18:00:00,182.367,182.437,181.507,181.566,77.616
2023-07-11 19:00:00,182.036,182.417,181.896,182.357,54.336
2023-07-11 20:00:00,181.897,182.326,181.546,182.046,75.408
2023-07-12 14:00:00,193.876,194.907,193.567,193.567,105.732
2023-07-12 15:00:00,194.786,194.966,193.876,193.876,163.944
2023-07-12 16:00:00,194.856,194.887,194.017,194.796,118.884
2023-07-12 17:00:00,194.497,194.977,194.497,194.866,95.784
2023-07-12 18:00:00,194.316,194.767,194.226,194.506,79.524
2023-07-12 19:00:00,194.147,194.487,194.116,194.306,67.32
2023-07-12 20:00:00,194.216,194.337,193.997,194.157,63.9
2023-08-02 14:00:00,153.457,154.577,153.146,153.797,159.7182
2023-08-02 15:00:00,153.157,153.747,152.246,153.446,267.564
2023-08-02 16:00:00,152.226,153.186,151.436,153.147,227.436
2023-08-02 17:00:00,151.766,152.236,151.156,152.206,191.16
2023-08-02 18:00:00,151.946,152.117,151.217,151.776,188.244
2023-08-02 19:00:00,152.186,152.296,151.657,151.936,168.54
2023-08-02 20:00:00,151.896,152.287,151.477,152.177,198.336
2023-08-03 14:00:00,152.647,153.087,152.296,152.757,123.8295
2023-08-03 15:00:00,152.587,153.196,151.816,152.626,277.128
2023-08-03 16:00:00,153.337,153.457,152.366,152.596,181.404
2023-08-03 17:00:00,152.827,153.397,152.346,153.337,160.968
2023-08-03 18:00:00,152.277,152.927,152.046,152.826,144.324
2023-08-03 19:00:00,152.496,152.977,152.207,152.277,122.988
2023-08-03 20:00:00,152.897,153.247,152.056,152.496,135.156
2023-08-05 13:00:00,172.776,173.546,172.096,172.377,111.072
2023-08-05 14:00:00,173.466,173.807,172.706,172.757,158.676
2023-08-05 15:00:00,173.757,173.757,173.146,173.476,99.672
2023-08-05 16:00:00,173.427,173.807,173.397,173.766,78.84
2023-08-05 17:00:00,173.697,173.836,173.336,173.436,63.24
2023-08-05 18:00:00,173.717,173.786,172.947,173.696,94.872
2023-08-05 19:00:00,173.506,173.766,173.216,173.726,94.02
2023-08-06 13:00:00,177.846,178.726,177.737,177.737,147.432
2023-08-06 14:00:00,179.107,179.186,177.467,177.856,209.892
2023-08-06 15:00:00,179.497,179.867,178.966,179.117,128.76
2023-08-06 16:00:00,179.607,179.986,179.296,179.497,120.204
2023-08-06 17:00:00,179.527,179.857,179.016,179.617,124.176
2023-08-06 18:00:00,179.916,180.227,179.457,179.527,81.336
2023-08-06 19:00:00,180.547,180.826,179.726,179.927,88.932
2023-08-08 13:00:00,178.037,179.687,177.576,179.686,143.532
2023-08-08 14:00:00,178.117,179.207,177.756,178.016,213.936
2023-08-08 15:00:00,177.856,178.337,177.816,178.127,138.444
2023-08-08 16:00:00,178.896,178.977,177.826,177.847,114.96
2023-08-08 17:00:00,179.036,179.467,178.696,178.906,120.312
2023-08-08 18:00:00,179.477,179.537,178.897,179.037,111.6816
2023-08-08 19:00:00,179.857,180.246,179.336,179.466,124.968
2023-08-09 13:00:00,179.056,180.227,178.296,178.336,122.832
2023-08-09 14:00:00,178.926,179.847,178.917,179.066,171.852
2023-08-09 15:00:00,179.536,180.187,178.696,178.906,120.204
2023-08-09 16:00:00,179.606,179.967,179.207,179.546,96.228
2023-08-09 17:00:00,179.697,179.897,179.246,179.596,92.856
2023-08-09 18:00:00,178.196,179.877,178.016,179.687,119.856
2023-08-09 19:00:00,178.147,178.397,177.786,178.197,121.008
2023-08-11 14:00:00,182.956,183.437,182.166,182.346,115.368
2023-08-11 15:00:00,182.566,183.317,182.277,182.967,190.74
2023-08-11 16:00:00,181.996,182.837,181.996,182.587,150.132
2023-08-11 17:00:00,182.137,182.277,181.586,182.006,125.892
2023-08-11 18:00:00,182.587,182.737,181.997,182.147,117.036
2023-08-11 19:00:00,182.416,182.877,182.356,182.577,70.644
2023-08-11 20:00:00,182.877,182.987,182.396,182.427,68.88
2023-08-12 14:00:00,193.796,194.526,193.657,194.086,108.648
2023-08-12 15:00:00,194.966,194.987,193.807,193.807,170.076
2023-08-12 16:00:00,194.447,194.977,194.296,194.976,140.316
2023-08-12 17:00:00,195.166,195.287,194.327,194.447,112.308
2023-08-12 18:00:00,195.606,195.627,195.016,195.166,77.4
2023-08-12 19:00:00,195.826,195.967,195.437,195.616,59.664
2023-08-12 20:00:00,195.666,195.977,195.407,195.827,89.676
2023-09-01 14:00:00,132.006,132.047,130.516,130.526,151.548
2023-09-01 15:00:00,132.726,133.127,131.947,131.997,200.94
2023-09-01 16:00:00,132.936,133.397,132.666,132.717,145.008
2023-09-01 17:00:00,132.446,132.937,132.236,132.927,115.932
2023-09-01 18:00:00,131.376,132.627,131.177,132.446,129.468
2023-09-01 19:00:00,130.657,131.717,130.576,131.367,145.476
2023-09-01 20:00:00,130.107,130.816,129.877,130.656,176.604
2023-09-02 14:00:00,153.256,154.306,152.777,153.706,159.42
2023-09-02 15:00:00,153.296,153.747,152.587,153.267,274.368
2023-09-02 16:00:00,153.226,153.477,152.616,153.297,246.24
2023-09-02 17:00:00,152.716,153.597,152.216,153.227,178.392
2023-09-02 18:00:00,152.086,152.737,151.927,152.727,203.532
2023-09-02 19:00:00,151.756,152.307,151.726,152.076,189.864
2023-09-02 20:00:00,150.867,151.777,150.407,151.757,216.444
2023-09-03 14:00:00,154.286,154.377,152.916,153.457,126.96
2023-09-03 15:00:00,153.867,154.526,153.627,154.276,193.98
2023-09-03 16:00:00,154.087,154.447,153.686,153.856,180.084
2023-09-03 17:00:00,153.546,154.206,153.437,154.096,169.272
2023-09-03 18:00:00,151.936,153.616,151.817,153.557,194.676
2023-09-03 19:00:00,151.297,152.097,151.216,151.947,182.472
2023-09-03 20:00:00,150.526,151.407,150.216,151.317,230.16
2023-09-05 13:00:00,172.756,173.497,172.307,173.086,98.88
2023-09-05 14:00:00,172.507,172.877,172.146,172.786,112.5
2023-09-05 15:00:00,171.847,172.627,171.816,172.497,103.644
2023-09-05 16:00:00,172.357,172.417,171.806,171.847,88.764
2023-09-05 17:00:00,172.077,172.467,171.947,172.366,59.568
2023-09-05 18:00:00,172.066,172.347,171.916,172.086,70.044
2023-09-05 19:00:00,171.727,172.217,171.627,172.057,81.756
2023-09-06 13:00:00,181.566,182.177,181.236,181.467,135.468
2023-09-06 14:00:00,181.386,182.096,180.976,181.577,228.516
2023-09-06 15:00:00,180.877,182.066,180.857,181.377,176.436
2023-09-06 16:00:00,181.386,181.567,180.616,180.887,161.04
2023-09-06 17:00:00,182.017,182.017,181.276,181.387,96.432
2023-09-06 18:00:00,182.026,182.217,181.746,182.017,108.264
2023-09-06 19:00:00,181.037,182.077,180.746,182.027,154.548
2023-09-08 13:00:00,178.656,180.857,178.126,180.857,133.344
2023-09-08 14:00:00,177.796,179.117,177.596,178.647,184.212
2023-09-08 15:00:00,177.406,178.187,176.996,177.806,171.708
2023-09-08 16:00:00,178.187,178.476,177.376,177.417,131.28
2023-09-08 17:00:00,178.667,178.777,178.126,178.187,103.92
2023-09-08 18:00:00,179.147,179.577,178.596,178.666,101.796
2023-09-08 19:00:00,178.166,179.286,177.986,179.157,161.856
2023-09-10 13:00:00,177.176,177.286,175.797,176.707,124.536
2023-09-10 14:00:00,176.356,177.347,176.196,177.166,167.268
2023-09-10 15:00:00,177.176,177.217,176.196,176.346,115.008
2023-09-10 16:00:00,177.596,178.057,177.176,177.187,85.56
2023-09-10 17:00:00,178.706,178.767,177.556,177.607,96.18
2023-09-10 18:00:00,178.866,179.027,178.416,178.716,114.372
2023-09-10 19:00:00,178.997,179.037,178.646,178.877,116.976
2023-09-11 14:00:00,183.287,183.536,182.706,182.896,106.152
2023-09-11 15:00:00,183.346,183.396,182.466,183.287,178.056
2023-09-11 16:00:00,183.956,184.106,183.316,183.337,117.18
2023-09-11 17:00:00,183.917,183.996,183.506,183.966,104.46
2023-09-11 18:00:00,183.106,183.967,182.676,183.916,183.324
2023-09-11 19:00:00,182.366,183.097,182.157,183.096,180.528
2023-09-11 20:00:00,182.406,182.456,181.797,182.357,158.28
2023-10-01 14:00:00,129.977,131.246,129.496,130.247,180.888
2023-10-01 15:00:00,129.086,130.827,128.106,129.966,286.944
2023-10-01 16:00:00,128.867,129.206,128.656,129.066,210.0
2023-10-01 17:00:00,129.717,129.847,128.446,128.846,162.012
2023-10-01 18:00:00,130.217,130.267,129.406,129.726,131.832
2023-10-01 19:00:00,130.106,130.677,129.967,130.216,137.904
2023-10-01 20:00:00,130.726,130.726,129.756,130.096,152.58
2023-10-02 14:00:00,149.916,150.537,149.166,149.437,165.377
2023-10-02 15:00:00,150.336,151.327,149.346,149.916,318.624
2023-10-02 16:00:00,149.806,150.897,149.686,150.356,229.176
2023-10-02 17:00:00,150.147,150.166,149.436,149.797,201.948
2023-10-02 18:00:00,150.457,151.096,150.056,150.136,167.712
2023-10-02 19:00:00,150.637,150.647,150.006,150.467,140.448
2023-10-02 20:00:00,150.956,151.147,150.276,150.647,160.404
2023-10-03 14:00:00,149.756,150.487,148.876,150.197,177.7638
2023-10-03 15:00:00,150.296,150.477,149.156,149.767,316.716
2023-10-03 16:00:00,149.846,150.937,149.736,150.297,260.328
2023-10-03 17:00:00,149.157,150.026,149.026,149.857,239.652
2023-10-03 18:00:00,148.176,149.377,147.846,149.166,216.42
2023-10-03 19:00:00,148.666,148.986,147.836,148.186,258.564
2023-10-03 20:00:00,148.446,148.756,147.596,148.657,266.1
2023-10-04 13:00:00,160.467,161.846,160.067,161.377,121.764
2023-10-04 14:00:00,160.536,160.807,160.076,160.446,154.2
2023-10-04 15:00:00,161.097,161.607,160.516,160.546,121.56
2023-10-04 16:00:00,161.397,161.597,160.586,161.087,128.76
2023-10-04 17:00:00,161.426,161.617,161.166,161.407,108.156
2023-10-04 18:00:00,161.716,161.827,161.326,161.436,95.508
2023-10-04 19:00:00,162.006,162.016,161.486,161.717,88.38
2023-10-05 13:00:00,172.966,173.997,172.537,173.006,120.144
2023-10-05 14:00:00,172.547,173.687,172.276,172.977,216.504
2023-10-05 15:00:00,173.467,173.817,172.536,172.547,149.976
2023-10-05 16:00:00,172.797,173.477,172.726,173.476,133.668
2023-10-05 17:00:00,172.257,172.937,171.896,172.776,160.596
2023-10-05 18:00:00,173.056,173.147,172.246,172.256,145.548
2023-10-05 19:00:00,173.537,173.896,172.926,173.056,137.328
2023-10-07 13:00:00,187.606,189.966,187.136,189.266,128.328
2023-10-07 14:00:00,188.136,189.497,187.576,187.607,184.068
2023-10-07 15:00:00,187.507,188.446,187.506,188.146,137.856
2023-10-07 16:00:00,188.007,188.117,187.027,187.517,127.428
2023-10-07 17:00:00,188.277,188.337,187.746,188.016,103.464
2023-10-07 18:00:00,188.567,188.697,187.986,188.296,86.532
2023-10-07 19:00:00,188.597,188.726,188.096,188.567,114.012
2023-10-08 13:00:00,180.537,180.576,178.846,179.457,141.468
2023-10-08 14:00:00,179.566,180.746,179.126,180.547,226.872
2023-10-08 15:00:00,178.346,179.587,178.006,179.566,216.216
2023-10-08 16:00:00,177.957,178.907,177.846,178.336,183.708
2023-10-08 17:00:00,177.676,178.377,177.596,177.956,178.644
2023-10-08 18:00:00,178.606,178.687,177.646,177.686,183.696
2023-10-08 19:00:00,177.997,178.687,177.716,178.617,194.664
2023-10-10 13:00:00,178.617,179.147,178.096,178.127,111.564
2023-10-10 14:00:00,179.317,179.417,178.336,178.627,150.9
2023-10-10 15:00:00,179.556,179.667,179.116,179.316,109.248
2023-10-10 16:00:00,179.496,179.716,179.336,179.547,85.068
2023-10-10 17:00:00,178.256,179.487,178.026,179.487,140.4
2023-10-10 18:00:00,178.166,178.617,177.936,178.266,129.888
2023-10-10 19:00:00,178.397,178.897,178.077,178.167,129.816
2023-10-11 14:00:00,184.167,184.767,183.666,183.877,119.22
2023-10-11 15:00:00,184.316,184.477,183.516,184.147,203.976
2023-10-11 16:00:00,184.716,184.927,184.287,184.317,107.808
2023-10-11 17:00:00,185.267,185.417,184.646,184.706,99.48
2023-10-11 18:00:00,185.736,185.817,185.156,185.277,90.288
2023-10-11 19:00:00,185.577,185.967,185.546,185.747,64.656
2023-10-11 20:00:00,186.306,186.557,185.576,185.576,82.668
2023-11-01 14:00:00,130.856,131.567,130.456,131.367,157.116
2023-11-01 15:00:00,131.456,132.096,130.476,130.867,211.812
2023-11-01 16:00:00,132.276,132.357,131.357,131.466,123.108
2023-11-01 17:00:00,132.736,132.916,132.216,132.276,104.76
2023-11-01 18:00:00,132.397,133.217,132.206,132.747,107.1
2023-11-01 19:00:00,132.517,132.857,132.156,132.406,85.152
2023-11-01 20:00:00,133.407,133.436,132.486,132.516,122.724
2023-11-04 13:00:00,161.206,162.317,161.066,162.316,119.292
2023-11-04 14:00:00,160.726,161.377,160.546,161.216,154.644
2023-11-04 15:00:00,160.966,161.117,160.506,160.717,85.176
2023-11-04 16:00:00,161.367,161.517,160.836,160.966,70.092
2023-11-04 17:00:00,161.776,161.797,161.066,161.377,48.684
2023-11-04 18:00:00,161.576,161.817,161.476,161.787,41.352
2023-11-04 19:00:00,160.787,161.607,160.536,161.587,65.244
2023-11-05 13:00:00,172.266,173.947,172.176,173.777,117.228
2023-11-05 14:00:00,173.217,173.237,172.166,172.276,195.873
2023-11-05 15:00:00,173.576,173.867,173.156,173.226,135.612
2023-11-05 16:00:00,173.747,174.007,173.336,173.587,117.384
2023-11-05 17:00:00,173.656,173.927,173.047,173.767,125.304
2023-11-05 18:00:00,174.367,174.557,173.547,173.667,111.42
2023-11-05 19:00:00,173.807,174.387,173.496,174.376,111.732
2023-11-07 13:00:00,187.817,189.277,187.586,189.146,129.912
2023-11-07 14:00:00,188.147,188.557,187.446,187.826,172.14
2023-11-07 15:00:00,188.186,188.457,187.247,188.156,122.316
2023-11-07 16:00:00,187.697,188.377,187.446,188.197,109.632
2023-11-07 17:00:00,187.446,187.777,187.156,187.676,83.784
2023-11-07 18:00:00,187.346,187.507,186.587,187.456,84.732
2023-11-07 19:00:00,188.037,188.257,186.957,187.336,101.676
2023-11-08 13:00:00,176.827,177.607,176.546,177.247,136.992
2023-11-08 14:00:00,177.997,178.617,176.836,176.836,226.308
2023-11-08 15:00:00,177.706,178.167,177.276,177.996,169.224
2023-11-08 16:00:00,177.387,178.077,177.286,177.717,151.932
2023-11-08 17:00:00,177.747,177.967,177.196,177.396,128.496
2023-11-08 18:00:00,178.317,178.536,177.727,177.756,135.456
2023-11-08 19:00:00,177.777,178.347,177.656,178.306,155.2048
2023-11-09 13:00:00,177.997,180.287,177.477,180.057,117.972
2023-11-09 14:00:00,177.787,178.317,177.336,177.997,165.708
2023-11-09 15:00:00,178.416,178.927,177.746,177.766,122.688
2023-11-09 16:00:00,178.656,178.827,178.246,178.406,101.124
2023-11-09 17:00:00,179.237,179.407,178.556,178.656,96.516
2023-11-09 18:00:00,179.647,179.657,179.026,179.236,81.684
2023-11-09 19:00:00,179.367,179.937,179.157,179.656,92.64
2023-11-10 13:00:00,177.927,178.937,177.597,178.196,118.164
2023-11-10 14:00:00,179.086,179.267,177.666,177.917,178.008
2023-11-10 15:00:00,178.697,179.307,178.426,179.097,136.332
2023-11-10 16:00:00,178.616,178.717,178.256,178.696,112.356
2023-11-10 17:00:00,178.616,178.727,178.316,178.617,98.412
2023-11-10 18:00:00,179.077,179.367,178.566,178.617,127.872
2023-11-10 19:00:00,179.716,179.837,179.026,179.066,111.6
2023-11-12 14:00:00,192.876,193.456,192.276,193.046,113.04
2023-11-12 15:00:00,191.957,192.967,191.696,192.936,122.988
2023-11-12 16:00:00,191.966,192.217,191.417,191.957,118.356
2023-11-12 17:00:00,192.206,192.377,191.806,191.956,74.772
2023-11-12 18:00:00,192.777,192.797,192.136,192.196,59.508
2023-11-12 19:00:00,192.887,192.987,192.677,192.787,35.028
2023-11-12 20:00:00,193.186,193.277,192.736,192.886,68.964
2023-12-01 14:00:00,132.246,134.207,131.446,133.997,182.1888
2023-12-01 15:00:00,132.416,133.777,132.117,132.247,214.284
2023-12-01 16:00:00,133.086,133.167,131.976,132.436,184.392
2023-12-01 17:00:00,133.706,134.207,132.806,133.077,146.016
2023-12-01 18:00:00,134.006,134.167,132.396,133.696,153.984
2023-12-01 19:00:00,133.346,134.097,132.996,134.006,166.26
2023-12-01 20:00:00,133.316,133.537,132.756,133.346,147.504
2023-12-04 13:00:00,160.957,162.046,160.476,161.116,135.42
2023-12-04 14:00:00,160.656,162.037,160.656,160.947,222.276
2023-12-04 15:00:00,161.557,161.647,160.256,160.637,179.436
2023-12-04 16:00:00,161.526,161.707,161.337,161.567,117.432
2023-12-04 17:00:00,161.316,161.797,161.216,161.536,88.488
2023-12-04 18:00:00,160.776,161.717,160.406,161.306,196.728
2023-12-04 19:00:00,160.096,160.967,159.776,160.766,179.184
2023-12-05 13:00:00,173.086,174.047,172.936,173.616,96.252
2023-12-05 14:00:00,172.776,173.237,172.316,173.086,171.996
2023-12-05 15:00:00,172.656,172.967,172.306,172.766,107.7
2023-12-05 16:00:00,171.527,172.676,171.476,172.667,87.684
2023-12-05 17:00:00,171.266,172.006,171.206,171.517,95.904
2023-12-05 18:00:00,171.646,171.737,170.996,171.246,98.664
2023-12-05 19:00:00,172.537,172.606,171.546,171.666,98.808
2023-12-06 13:00:00,181.427,182.016,181.256,181.347,131.7
2023-12-06 14:00:00,181.756,181.947,180.957,181.427,202.668
2023-12-06 15:00:00,182.316,182.516,181.716,181.746,130.62
2023-12-06 16:00:00,182.387,182.487,182.107,182.317,83.232
2023-12-06 17:00:00,182.727,182.757,182.356,182.376,77.196
2023-12-06 18:00:00,183.096,183.107,182.616,182.737,49.392
2023-12-06 19:00:00,183.827,183.877,183.006,183.106,106.008
2023-12-07 13:00:00,190.686,191.687,189.456,189.657,133.188
2023-12-07 14:00:00,189.656,190.967,189.546,190.697,191.004
2023-12-07 15:00:00,188.617,189.887,188.456,189.656,171.288
2023-12-07 16:00:00,189.357,189.807,188.556,188.606,135.6
2023-12-07 17:00:00,189.917,190.016,189.356,189.356,88.2
2023-12-07 18:00:00,189.977,190.387,189.796,189.916,84.528
2023-12-07 19:00:00,189.817,190.227,189.566,189.967,124.224
2023-12-09 13:00:00,178.717,180.087,178.437,179.416,118.908
2023-12-09 14:00:00,176.337,178.717,176.216,178.707,181.536
2023-12-09 15:00:00,176.677,177.107,176.246,176.326,108.816
2023-12-09 16:00:00,176.946,177.247,176.376,176.657,91.56
2023-12-09 17:00:00,176.377,177.867,175.446,176.956,149.472
2023-12-09 18:00:00,175.317,176.757,174.826,176.366,165.96
2023-12-09 19:00:00,176.287,176.447,174.996,175.327,116.844
2023-12-10 13:00:00,180.916,180.977,179.756,180.036,127.644
2023-12-10 14:00:00,182.047,182.137,180.807,180.937,164.628
2023-12-10 15:00:00,181.927,182.327,181.496,182.056,126.66
2023-12-10 16:00:00,181.937,182.286,181.786,181.937,96.228
2023-12-10 17:00:00,179.976,182.047,179.946,181.946,182.58
2023-12-10 18:00:00,179.797,180.127,179.026,179.977,155.304
2023-12-10 19:00:00,180.717,180.807,179.726,179.797,150.0
2023-12-12 14:00:00,192.406,193.357,191.717,193.027,105.696
2023-12-12 15:00:00,193.207,193.417,192.256,192.417,117.756
2023-12-12 16:00:00,193.427,193.606,193.126,193.207,103.188
2023-12-12 17:00:00,193.417,193.497,193.066,193.427,79.524
2023-12-12 18:00:00,194.057,194.137,193.366,193.427,81.972
2023-12-12 19:00:00,194.237,194.336,193.976,194.047,50.472
2023-12-12 20:00:00,194.686,194.687,194.197,194.227,50.148
2024-01-02 14:00:00,185.436,185.627,183.686,183.886,110.628
2024-01-02 15:00:00,185.357,186.297,184.916,185.436,169.848
2024-01-02 16:00:00,185.666,186.057,185.286,185.357,119.928
2024-01-02 17:00:00,186.107,186.427,185.626,185.677,100.044
2024-01-02 18:00:00,185.787,186.166,185.246,186.117,116.004
2024-01-02 19:00:00,186.466,186.607,185.546,185.797,88.488
2024-01-02 20:00:00,186.827,186.887,186.277,186.456,102.072
2024-01-03 14:00:00,179.217,180.486,179.057,179.576,82.248
2024-01-03 15:00:00,178.286,179.877,177.666,179.246,123.492
2024-01-03 16:00:00,177.927,178.457,177.716,178.286,83.664
2024-01-03 17:00:00,178.516,178.646,177.376,177.897,67.464
2024-01-03 18:00:00,179.307,179.376,178.326,178.527,59.664
2024-01-03 19:00:00,179.997,180.197,179.296,179.317,65.724
2024-01-03 20:00:00,179.597,179.997,179.396,179.976,85.32
2024-01-04 13:00:00,170.117,171.197,170.037,171.177,56.232
2024-01-04 14:00:00,169.876,170.446,169.816,170.106,88.5
2024-01-04 15:00:00,169.637,170.077,169.466,169.856,65.184
2024-01-04 16:00:00,169.827,169.987,169.576,169.646,50.124
2024-01-04 17:00:00,169.986,170.077,169.746,169.827,41.592
2024-01-04 18:00:00,170.007,170.066,169.847,169.987,26.004
2024-01-04 19:00:00,169.966,170.227,169.837,169.997,44.844
2024-01-05 13:00:00,170.296,170.627,169.096,169.596,70.092
2024-01-05 14:00:00,171.097,171.337,170.156,170.296,117.78
2024-01-05 15:00:00,171.506,171.587,170.626,171.056,73.14
2024-01-05 16:00:00,171.046,171.696,171.046,171.517,68.388
2024-01-05 17:00:00,171.187,171.237,170.596,171.047,54.396
2024-01-05 18:00:00,172.457,172.617,170.806,171.187,224.52
2024-01-05 19:00:00,169.247,172.697,169.226,172.466,227.532
2024-01-07 13:00:00,213.136,214.016,211.906,212.036,89.112
2024-01-07 14:00:00,215.337,215.577,212.757,213.146,194.1
2024-01-07 15:00:00,215.657,215.717,214.326,215.326,135.324
2024-01-07 16:00:00,216.976,217.486,215.326,215.676,133.068
2024-01-07 17:00:00,216.707,217.487,216.306,216.966,116.964
2024-01-07 18:00:00,215.736,216.887,215.416,216.686,105.912
2024-01-07 19:00:00,216.606,216.987,215.126,215.727,120.672
2024-01-08 13:00:00,224.237,224.397,222.516,224.276,50.634
2024-01-08 14:00:00,220.946,224.237,220.337,224.217,95.166
2024-01-08 15:00:00,219.767,221.166,219.196,220.947,80.316
2024-01-08 16:00:00,218.707,220.157,218.436,219.777,71.445
2024-01-08 17:00:00,218.616,218.886,217.166,218.697,84.564
2024-01-08 18:00:00,217.477,218.747,217.006,218.596,96.9
2024-01-08 19:00:00,218.327,219.086,217.106,217.467,133.788
2024-01-10 13:00:00,226.087,229.596,225.596,229.516,106.86
2024-01-10 14:00:00,225.276,226.237,224.526,226.076,187.776
2024-01-10 15:00:00,225.207,225.926,224.516,225.266,129.54
2024-01-10 16:00:00,224.737,225.806,224.256,225.207,145.932
2024-01-10 17:00:00,225.086,225.156,223.727,224.746,149.1
2024-01-10 18:00:00,225.587,225.717,225.026,225.086,129.864
2024-01-10 19:00:00,226.127,226.327,225.496,225.586,137.16
2024-01-11 13:00:00,223.796,223.897,220.267,220.847,95.796
2024-01-11 14:00:00,222.426,225.317,221.577,223.817,168.024
2024-01-11 15:00:00,222.057,223.236,221.866,222.417,110.832
2024-01-11 16:00:00,222.577,222.677,221.766,222.046,83.592
2024-01-11 17:00:00,222.177,223.387,222.056,222.597,89.628
2024-01-11 18:00:00,222.587,222.666,222.066,222.166,73.104
2024-01-11 19:00:00,222.847,223.227,222.276,222.586,90.18
2024-02-01 14:00:00,186.506,188.427,185.997,187.137,125.7
2024-02-01 15:00:00,185.867,186.957,185.177,186.506,168.744
2024-02-01 16:00:00,186.737,187.347,185.856,185.866,106.008
2024-02-01 17:00:00,185.866,187.027,185.836,186.746,88.644
2024-02-01 18:00:00,184.896,185.946,184.737,185.866,79.32
2024-02-01 19:00:00,184.037,184.977,184.016,184.897,72.72
2024-02-01 20:00:00,185.627,185.627,183.886,184.037,111.708
2024-02-02 14:00:00,182.467,183.697,179.226,179.826,141.132
2024-02-02 15:00:00,185.656,185.927,182.416,182.466,221.4
2024-02-02 16:00:00,186.317,187.236,185.117,185.666,160.872
2024-02-02 17:00:00,185.266,187.107,185.116,186.326,127.896
2024-02-02 18:00:00,185.916,186.227,184.846,185.276,128.676
2024-02-02 19:00:00,186.977,186.987,185.586,185.926,107.364
2024-02-02 20:00:00,185.816,187.056,185.816,186.987,118.044
2024-02-04 13:00:00,169.036,169.317,168.226,169.057,71.34
2024-02-04 14:00:00,168.666,169.326,168.537,169.057,104.028
2024-02-04 15:00:00,168.817,168.947,168.656,168.666,13.692
2024-02-04 16:00:00,168.787,168.857,168.366,168.626,45.288
2024-02-04 17:00:00,169.007,169.087,168.786,168.796,37.968
2024-02-04 18:00:00,168.817,169.047,168.746,169.007,26.796
2024-02-04 19:00:00,168.886,169.217,168.716,168.846,55.62
2024-02-05 13:00:00,171.406,172.607,171.156,172.427,100.404
2024-02-05 14:00:00,171.556,172.067,170.886,171.407,164.724
2024-02-05 15:00:00,172.097,172.177,171.436,171.546,102.948
2024-02-05 16:00:00,172.146,172.486,171.927,172.097,91.356
2024-02-05 17:00:00,172.586,172.767,172.156,172.166,76.8
2024-02-05 18:00:00,172.926,173.086,172.396,172.596,71.868
2024-02-05 19:00:00,173.077,173.406,172.536,172.926,117.156
2024-02-07 13:00:00,217.937,217.987,215.057,216.097,81.048
2024-02-07 14:00:00,219.517,219.837,217.636,217.966,140.952
2024-02-07 15:00:00,219.247,220.317,218.976,219.526,103.152
2024-02-07 16:00:00,219.156,219.427,218.746,219.236,73.332
2024-02-07 17:00:00,219.567,219.856,218.807,219.156,57.108
2024-02-07 18:00:00,219.777,220.297,219.456,219.576,52.296
2024-02-07 19:00:00,220.317,220.337,219.496,219.736,68.94
2024-02-08 13:00:00,223.196,224.367,217.666,219.287,110.1
2024-02-08 14:00:00,222.396,224.356,220.637,223.227,154.68
2024-02-08 15:00:00,223.157,223.636,221.397,222.356,142.104
2024-02-08 16:00:00,224.197,225.567,222.707,223.147,167.916
2024-02-08 17:00:00,224.167,225.266,223.287,224.197,149.028
2024-02-08 18:00:00,222.676,224.217,221.896,224.186,140.148
2024-02-08 19:00:00,219.716,223.367,219.006,222.666,186.996
2024-02-10 13:00:00,223.356,226.097,223.196,225.816,64.08
2024-02-10 14:00:00,226.026,226.377,223.016,223.336,89.064
2024-02-10 15:00:00,226.827,227.027,225.896,226.046,59.424
2024-02-10 16:00:00,226.626,227.006,226.616,226.826,41.736
2024-02-10 17:00:00,227.107,227.136,226.326,226.626,43.776
2024-02-10 18:00:00,226.897,227.166,226.446,227.086,34.884
2024-02-10 19:00:00,226.727,227.347,226.677,226.867,44.724
2024-02-12 14:00:00,239.267,239.566,237.126,237.267,63.132
2024-02-12 15:00:00,240.076,240.776,238.946,239.286,90.924
2024-02-12 16:00:00,239.946,240.217,239.356,240.076,56.808
2024-02-12 17:00:00,239.496,240.187,239.496,239.946,43.656
2024-02-12 18:00:00,239.136,239.696,239.016,239.496,36.012
2024-02-12 19:00:00,239.627,239.647,239.037,239.137,29.34
2024-02-12 20:00:00,239.596,239.927,239.016,239.616,60.024
2024-03-01 14:00:00,184.756,185.857,183.906,184.206,136.824
2024-03-01 15:00:00,183.856,185.206,183.446,184.687,186.66
2024-03-01 16:00:00,183.496,184.367,183.486,183.856,120.228
2024-03-01 17:00:00,184.326,184.367,183.417,183.497,88.44
2024-03-01 18:00:00,184.357,184.546,184.166,184.317,75.732
2024-03-01 19:00:00,184.637,184.927,183.796,184.346,178.872
2024-03-01 20:00:00,184.287,184.697,183.976,184.636,117.864
2024-03-04 13:00:00,169.056,169.307,168.576,168.696,43.896
2024-03-04 14:00:00,170.496,170.627,169.056,169.056,82.14
2024-03-04 15:00:00,170.397,170.666,170.346,170.507,56.376
2024-03-04 16:00:00,170.187,170.427,169.737,170.387,77.448
2024-03-04 17:00:00,170.147,170.376,170.146,170.207,41.616
2024-03-04 18:00:00,170.257,170.367,170.077,170.166,28.932
2024-03-04 19:00:00,169.666,170.577,169.276,170.257,89.508
2024-03-05 13:00:00,184.087,186.946,183.566,186.716,127.476
2024-03-05 14:00:00,184.766,184.977,182.637,184.086,201.9
2024-03-05 15:00:00,184.586,184.977,183.896,184.777,120.084
2024-03-05 16:00:00,184.746,184.936,184.116,184.577,72.336
2024-03-05 17:00:00,185.037,185.477,184.577,184.736,63.216
2024-03-05 18:00:00,185.346,185.977,185.036,185.037,62.064
2024-03-05 19:00:00,183.357,185.347,183.047,185.336,95.532
2024-03-06 13:00:00,194.106,194.547,192.497,192.806,95.58
2024-03-06 14:00:00,193.926,194.976,193.896,194.117,120.888
2024-03-06 15:00:00,193.906,194.416,193.576,193.936,103.188
2024-03-06 16:00:00,193.237,194.067,192.916,193.906,112.284
2024-03-06 17:00:00,193.586,194.046,192.827,193.237,94.416
2024-03-06 18:00:00,193.036,193.657,192.906,193.596,79.608
2024-03-06 19:00:00,194.067,194.067,192.937,193.046,90.996
2024-03-07 13:00:00,221.076,221.307,219.596,219.927,88.62
2024-03-07 14:00:00,220.506,221.387,219.006,221.116,142.452
2024-03-07 15:00:00,220.297,220.707,219.756,220.507,88.98
2024-03-07 16:00:00,221.486,221.506,220.296,220.296,94.38
2024-03-09 13:00:00,226.137,228.937,225.286,228.567,86.856
2024-03-09 14:00:00,223.626,226.447,223.497,226.097,154.896
2024-03-09 15:00:00,223.516,224.647,223.256,223.626,122.46
2024-03-09 16:00:00,223.696,224.277,223.327,223.526,95.016
2024-03-09 17:00:00,223.197,224.137,223.166,223.697,89.376
2024-03-09 18:00:00,221.936,223.287,221.806,223.197,114.456
2024-03-09 19:00:00,222.756,222.767,221.127,221.987,143.952
2024-03-10 13:00:00,226.267,226.677,224.846,224.967,48.648
2024-03-10 14:00:00,224.306,226.786,224.236,226.267,144.684
2024-03-10 15:00:00,225.116,225.237,224.266,224.287,103.32
2024-03-10 16:00:00,223.796,225.347,223.616,225.127,90.792
2024-03-10 17:00:00,224.276,224.316,223.297,223.786,96.48
2024-03-10 18:00:00,223.606,224.387,223.596,224.287,56.844
2024-03-10 19:00:00,225.577,225.827,223.496,223.607,80.004
2024-03-12 14:00:00,240.857,240.907,238.896,239.867,49.272
2024-03-12 15:00:00,241.177,241.347,240.356,240.846,89.652
2024-03-12 16:00:00,241.396,241.527,240.797,241.176,64.5
2024-03-12 17:00:00,241.656,241.687,241.137,241.406,36.24
2024-03-12 18:00:00,241.717,241.816,241.297,241.636,38.28
2024-03-12 19:00:00,242.377,242.447,241.656,241.706,33.444
2024-03-12 20:00:00,242.577,242.747,241.837,242.366,48.852
2024-04-01 14:00:00,181.477,183.067,181.216,181.947,105.12
2024-04-01 15:00:00,181.477,182.136,180.866,181.476,112.86
2024-04-01 16:00:00,181.427,182.427,181.316,181.486,100.104
2024-04-01 17:00:00,182.226,182.376,181.416,181.427,88.716
2024-04-01 18:00:00,182.737,183.057,182.166,182.217,80.892
2024-04-01 19:00:00,182.297,182.947,182.256,182.746,92.88
2024-04-01 20:00:00,181.957,182.537,181.536,182.297,80.64
2024-04-03 14:00:00,174.957,176.847,174.616,176.197,90.816
2024-04-03 15:00:00,174.797,174.987,173.896,174.957,97.1401
2024-04-03 16:00:00,174.106,174.997,174.096,174.826,85.104
2024-04-03 17:00:00,174.047,174.687,174.006,174.107,55.368
2024-04-03 18:00:00,174.197,174.497,173.777,174.026,58.632
2024-04-03 19:00:00,175.317,175.637,173.966,174.197,62.64
2024-04-03 20:00:00,175.086,175.466,174.946,175.317,82.38
2024-04-04 13:00:00,170.967,170.977,170.017,170.256,60.984
2024-04-04 14:00:00,171.006,171.177,170.697,170.967,68.448
2024-04-04 15:00:00,171.716,171.756,170.846,171.016,63.096
2024-04-04 16:00:00,171.407,171.907,171.326,171.726,41.004
2024-04-04 17:00:00,170.817,171.597,170.786,171.407,49.572
2024-04-04 18:00:00,169.786,170.817,169.187,170.797,171.792
2024-04-04 19:00:00,168.877,169.917,168.817,169.776,187.116
2024-04-06 13:00:00,193.136,194.987,193.016,194.617,75.228
2024-04-06 14:00:00,194.176,194.357,193.056,193.147,133.152
2024-04-06 15:00:00,193.836,194.267,193.706,194.177,82.344
2024-04-06 16:00:00,194.517,194.806,193.826,193.826,60.12
2024-04-06 17:00:00,194.557,194.847,194.366,194.507,54.348
2024-04-06 18:00:00,194.656,195.307,194.516,194.567,62.796
2024-04-06 19:00:00,194.336,194.856,193.916,194.627,102.624
2024-04-09 13:00:00,219.546,221.747,219.027,221.666,70.284
2024-04-09 14:00:00,219.446,219.607,217.457,219.506,159.0
2024-04-09 15:00:00,219.307,220.237,217.996,219.466,113.064
2024-04-09 16:00:00,220.186,220.207,219.056,219.307,95.352
2024-04-09 17:00:00,220.867,220.897,219.766,220.196,83.772
2024-04-09 18:00:00,220.507,221.127,220.396,220.866,95.616
2024-04-09 19:00:00,220.717,221.426,220.156,220.507,132.636
2024-04-10 13:00:00,225.167,227.946,225.036,227.946,60.948
2024-04-10 14:00:00,225.076,225.597,224.146,225.166,113.424
2024-04-10 15:00:00,225.506,225.516,224.306,225.076,79.26
2024-04-10 16:00:00,225.127,225.547,224.686,225.516,57.972
2024-04-10 17:00:00,224.857,225.387,224.527,225.127,48.888
2024-04-10 18:00:00,225.527,225.527,224.626,224.846,40.872
2024-04-10 19:00:00,226.706,226.947,225.276,225.517,59.688
2024-04-11 14:00:00,222.026,222.386,219.696,221.016,74.031
2024-04-11 15:00:00,221.606,222.526,221.336,222.037,103.131
2024-04-11 16:00:00,221.086,221.987,220.796,221.617,95.049
2024-04-11 17:00:00,221.767,222.127,220.396,221.057,85.68
2024-04-11 18:00:00,222.397,222.607,221.447,221.756,79.146
2024-04-11 19:00:00,222.616,222.747,222.186,222.416,53.019
2024-04-11 20:00:00,222.037,222.776,221.506,222.606,92.808
2024-04-12 14:00:00,243.526,243.846,242.506,242.886,41.76
2024-04-12 15:00:00,243.447,244.097,243.126,243.496,73.86
2024-04-12 16:00:00,242.476,243.817,242.096,243.486,49.992
2024-04-12 17:00:00,242.347,242.477,241.197,242.467,48.3
2024-04-12 18:00:00,242.526,242.847,241.906,242.346,41.064
2024-04-12 19:00:00,242.897,243.157,242.306,242.526,41.94
2024-04-12 20:00:00,242.936,243.437,242.806,242.896,49.092
2024-05-01 14:00:00,181.667,182.747,181.496,181.927,110.4
2024-05-01 15:00:00,182.647,182.647,181.686,181.686,148.644
2024-05-01 16:00:00,182.086,182.727,181.907,182.647,92.304
2024-05-01 17:00:00,181.586,182.206,181.267,182.096,99.048
2024-05-01 18:00:00,182.027,182.226,181.196,181.576,104.976
2024-05-01 19:00:00,180.476,182.167,180.417,182.026,124.044
2024-05-01 20:00:00,181.127,181.227,180.166,180.467,95.568
2024-05-02 14:00:00,186.586,188.217,185.847,188.146,110.112
2024-05-02 15:00:00,186.877,188.346,186.096,186.577,171.252
2024-05-02 16:00:00,187.976,188.097,186.757,186.876,86.4
2024-05-02 17:00:00,189.056,189.237,187.876,187.977,70.128
2024-05-02 18:00:00,188.707,189.067,188.516,189.046,58.932
2024-05-02 19:00:00,188.507,188.877,188.356,188.707,51.444
2024-05-02 20:00:00,187.626,188.616,187.626,188.517,102.084
2024-05-03 14:00:00,170.467,172.006,170.076,170.526,101.898
2024-05-03 15:00:00,170.397,170.987,169.626,170.496,110.061
2024-05-03 16:00:00,170.246,170.807,169.846,170.406,78.1741
2024-05-03 17:00:00,170.287,170.886,170.096,170.237,61.902
2024-05-03 18:00:00,169.976,170.747,169.947,170.286,62.739
2024-05-03 19:00:00,170.036,170.367,169.786,169.977,67.599
2024-05-03 20:00:00,170.117,170.236,169.797,170.027,61.074
2024-05-04 13:00:00,169.527,169.726,168.947,169.506,71.136
2024-05-04 14:00:00,169.637,169.896,169.046,169.527,100.788
2024-05-04 15:00:00,170.197,170.227,169.206,169.626,83.34
2024-05-04 16:00:00,170.256,170.367,169.916,170.197,53.148
2024-05-04 17:00:00,169.616,170.367,169.506,170.247,62.424
2024-05-04 18:00:00,169.577,169.967,169.336,169.596,107.424
2024-05-04 19:00:00,169.586,169.966,169.497,169.587,60.288
2024-05-06 13:00:00,195.736,196.387,194.866,195.337,84.588
2024-05-06 14:00:00,195.257,195.787,195.006,195.746,103.356
2024-05-06 15:00:00,196.007,196.887,195.186,195.266,64.824
2024-05-06 16:00:00,196.026,196.286,195.806,195.996,42.636
2024-05-06 17:00:00,196.657,196.687,195.596,196.016,49.764
2024-05-06 18:00:00,195.826,196.677,195.817,196.626,41.484
2024-05-06 19:00:00,195.866,196.437,195.616,195.816,54.18
2024-05-07 13:00:00,224.057,224.507,221.646,221.666,76.716
2024-05-07 14:00:00,224.216,225.426,223.826,224.106,111.333
2024-05-07 15:00:00,225.276,225.406,224.126,224.237,65.034
2024-05-07 16:00:00,225.057,225.397,224.716,225.277,50.094
2024-05-07 17:00:00,225.127,225.627,224.876,225.056,41.427
2024-05-07 18:00:00,225.227,225.497,224.966,225.127,39.645
2024-05-07 19:00:00,226.277,226.436,225.207,225.217,38.745
2024-05-08 13:00:00,207.706,210.886,196.496,199.057,139.692
2024-05-08 14:00:00,209.516,210.916,207.626,207.846,218.7
2024-05-08 15:00:00,210.317,213.426,208.726,209.547,162.504
2024-05-08 16:00:00,210.327,212.906,209.676,210.316,118.356
2024-05-08 17:00:00,210.707,211.857,209.906,210.326,136.092
2024-05-08 18:00:00,204.747,210.927,203.927,210.686,140.52
2024-05-08 19:00:00,209.236,209.246,204.056,204.777,166.404
2024-05-09 13:00:00,224.676,224.887,221.517,221.517,70.2
2024-05-09 14:00:00,223.686,225.447,223.606,224.686,111.624
2024-05-09 15:00:00,221.937,223.836,221.867,223.686,104.928
2024-05-09 16:00:00,222.806,223.127,221.936,221.947,70.908
2024-05-09 17:00:00,223.606,223.707,222.327,222.807,63.516
2024-05-09 18:00:00,223.306,223.876,223.157,223.606,56.364
2024-05-09 19:00:00,222.377,223.376,221.796,223.296,94.044
2024-05-11 14:00:00,223.527,223.936,221.697,221.697,60.651
2024-05-11 15:00:00,222.187,223.826,222.056,223.547,119.586
2024-05-11 16:00:00,223.226,223.317,221.916,222.176,102.936
2024-05-11 17:00:00,223.476,223.767,223.146,223.236,88.932
2024-05-11 18:00:00,222.837,223.506,222.396,223.486,90.312
2024-05-11 19:00:00,222.916,223.437,222.797,222.826,80.208
2024-05-11 20:00:00,223.476,223.517,222.696,222.907,100.908
2024-05-12 14:00:00,243.466,244.517,242.707,244.036,46.752
2024-05-12 15:00:00,242.356,243.546,242.237,243.446,60.528
2024-05-12 16:00:00,242.616,242.757,242.196,242.366,31.632
2024-05-12 17:00:00,242.877,243.386,242.446,242.606,28.944
2024-05-12 18:00:00,243.196,243.306,242.596,242.876,41.436
2024-05-12 19:00:00,243.107,243.677,242.957,243.196,28.68
2024-05-12 20:00:00,242.966,243.257,242.127,243.097,59.736
2024-06-02 14:00:00,187.946,188.616,186.736,186.856,95.508
2024-06-02 15:00:00,187.697,188.287,187.267,187.956,158.784
2024-06-02 16:00:00,188.807,189.007,187.696,187.707,125.04
2024-06-02 17:00:00,188.527,189.126,188.416,188.816,116.436
2024-06-02 18:00:00,188.767,188.987,188.496,188.526,85.224
2024-06-02 19:00:00,188.566,188.807,188.226,188.756,89.508
2024-06-02 20:00:00,189.277,189.287,188.147,188.576,90.192
2024-06-03 14:00:00,169.787,171.206,168.936,171.177,71.058
2024-06-03 15:00:00,169.537,170.036,168.966,169.777,111.708
2024-06-03 16:00:00,169.727,169.996,169.306,169.537,96.684
2024-06-03 17:00:00,170.117,170.337,169.696,169.736,79.08
2024-06-03 18:00:00,169.377,170.207,169.037,170.117,95.304
2024-06-03 19:00:00,168.826,169.386,168.676,169.367,138.612
2024-06-03 20:00:00,169.107,169.377,168.736,168.816,141.0
2024-06-05 13:00:00,182.447,184.106,181.636,182.366,77.592
2024-06-05 14:00:00,182.377,183.067,181.887,182.457,111.228
2024-06-05 15:00:00,182.307,182.377,181.677,182.377,82.38
2024-06-05 16:00:00,181.517,182.367,181.276,182.267,54.348
2024-06-05 17:00:00,181.077,181.697,180.417,181.516,53.064
2024-06-05 18:00:00,181.146,181.327,180.686,181.077,50.28
2024-06-05 19:00:00,181.667,181.997,180.846,181.156,75.876
2024-06-06 13:00:00,196.106,196.347,195.196,195.606,69.528
2024-06-06 14:00:00,195.737,196.487,195.426,196.116,87.984
2024-06-06 15:00:00,195.516,195.877,195.396,195.736,69.528
2024-06-06 16:00:00,195.957,195.957,195.426,195.526,45.228
2024-06-06 17:00:00,195.466,196.057,195.426,195.946,42.276
2024-06-06 18:00:00,195.227,195.547,194.956,195.447,62.496
2024-06-06 19:00:00,194.467,195.467,194.157,195.206,74.856
2024-06-08 13:00:00,203.106,206.196,201.056,205.387,98.052
2024-06-08 14:00:00,207.517,207.656,202.386,203.107,128.364
2024-06-08 15:00:00,208.437,208.497,206.016,207.467,116.316
2024-06-08 16:00:00,209.657,209.967,208.236,208.426,75.108
2024-06-08 17:00:00,208.506,209.687,208.316,209.636,82.416
2024-06-08 18:00:00,208.696,209.937,207.676,208.476,93.012
2024-06-08 19:00:00,207.126,208.827,206.376,208.696,139.032
2024-06-09 13:00:00,224.027,225.227,222.796,223.866,93.228
2024-06-09 14:00:00,221.376,224.717,220.916,224.026,169.92
2024-06-09 15:00:00,220.957,222.546,220.816,221.366,160.956
2024-06-09 16:00:00,220.656,221.337,220.446,220.927,113.208
2024-06-09 17:00:00,220.277,221.627,220.066,220.656,102.036
2024-06-09 18:00:00,220.527,220.656,219.767,220.277,96.564
2024-06-09 19:00:00,220.767,221.506,220.096,220.527,146.736
2024-06-11 14:00:00,224.446,225.597,221.136,222.417,120.84
2024-06-11 15:00:00,224.187,226.057,223.926,224.426,148.836
2024-06-11 16:00:00,224.656,225.167,223.666,224.197,99.648
2024-06-11 17:00:00,224.336,224.666,223.956,224.646,62.4
2024-06-11 18:00:00,223.906,224.537,223.836,224.346,53.316
2024-06-11 19:00:00,223.417,224.076,223.256,223.906,48.9
2024-06-11 20:00:00,222.576,224.217,222.486,223.406,76.656
2024-06-12 14:00:00,243.627,244.177,242.076,242.896,61.92
2024-06-12 15:00:00,243.586,244.617,243.156,243.636,83.58
2024-06-12 16:00:00,243.647,244.066,243.496,243.587,60.42
2024-06-12 17:00:00,243.037,243.727,242.926,243.647,60.048
2024-06-12 18:00:00,243.616,243.626,242.936,243.036,44.832
2024-06-12 19:00:00,242.947,243.617,242.916,243.596,48.072
2024-06-12 20:00:00,242.677,243.387,242.506,242.927,64.692
2024-07-02 14:00:00,188.997,190.996,188.836,190.647,93.252
2024-07-02 15:00:00,189.647,190.387,188.597,188.967,131.988
2024-07-02 16:00:00,189.116,189.707,188.796,189.647,109.212
2024-07-02 17:00:00,188.987,189.207,188.646,189.126,87.888
2024-07-02 18:00:00,189.186,189.286,188.726,188.996,75.984
2024-07-02 19:00:00,189.257,189.397,188.886,189.186,34.512
2024-07-02 20:00:00,189.366,189.407,188.926,189.247,47.208
2024-07-03 14:00:00,169.706,169.757,168.486,169.207,89.148
2024-07-03 15:00:00,168.766,169.717,168.606,169.697,107.292
2024-07-03 16:00:00,169.217,169.507,168.607,168.767,82.104
2024-07-03 17:00:00,169.107,169.587,168.976,169.227,73.908
2024-07-03 18:00:00,170.557,170.577,168.987,169.097,48.672
2024-07-03 19:00:00,170.226,170.717,169.757,170.556,48.6
2024-07-03 20:00:00,168.967,170.207,168.907,170.206,62.934
2024-07-05 13:00:00,183.897,184.877,183.307,183.426,85.8
2024-07-05 14:00:00,182.606,184.457,182.306,183.897,118.284
2024-07-05 15:00:00,181.556,182.947,181.426,182.616,70.068
2024-07-05 16:00:00,181.857,182.007,181.306,181.567,55.32
2024-07-05 17:00:00,182.667,182.777,181.837,181.857,61.824
2024-07-05 18:00:00,182.487,182.907,182.297,182.676,64.092
2024-07-05 19:00:00,182.336,182.667,182.156,182.486,67.8
2024-07-06 13:00:00,194.657,195.737,194.127,194.657,68.772
2024-07-06 14:00:00,195.617,195.957,194.566,194.646,87.192
2024-07-06 15:00:00,195.867,195.927,194.907,195.627,78.948
2024-07-06 16:00:00,196.317,196.397,195.607,195.847,59.4
2024-07-06 17:00:00,196.496,196.567,195.957,196.287,44.952
2024-07-06 18:00:00,195.846,196.507,195.567,196.477,93.18
2024-07-06 19:00:00,196.867,196.926,195.757,195.847,120.744
2024-07-08 13:00:00,212.367,212.406,206.376,206.856,102.492
2024-07-08 14:00:00,213.096,213.457,210.797,212.377,167.664
2024-07-08 15:00:00,212.537,213.616,211.917,213.106,110.988
2024-07-08 16:00:00,211.516,212.957,211.136,212.556,97.584
2024-07-08 17:00:00,210.916,211.806,210.336,211.516,113.784
2024-07-08 18:00:00,208.906,211.237,208.876,210.877,112.548
2024-07-08 19:00:00,209.786,210.967,208.457,208.907,161.592
2024-07-10 13:00:00,225.026,225.377,224.027,224.516,52.932
2024-07-10 14:00:00,225.297,225.677,224.436,225.016,77.244
2024-07-10 15:00:00,224.877,225.286,224.456,225.286,54.384
2024-07-10 16:00:00,223.946,224.917,223.886,224.876,46.86
2024-07-10 17:00:00,223.836,224.557,223.396,223.947,37.32
2024-07-10 18:00:00,222.317,223.966,222.216,223.847,79.092
2024-07-10 19:00:00,221.646,222.757,221.326,222.287,86.964
2024-07-11 14:00:00,226.297,226.526,224.566,224.576,83.556
2024-07-11 15:00:00,226.197,226.326,225.337,226.287,111.612
2024-07-11 16:00:00,227.056,227.087,225.776,226.217,89.88
2024-07-11 17:00:00,227.196,227.477,226.756,227.046,72.888
2024-07-11 18:00:00,227.066,227.246,226.726,227.206,71.616
2024-07-11 19:00:00,227.496,227.497,226.796,227.027,92.376
2024-07-11 20:00:00,227.356,227.857,226.736,227.477,101.616
2024-08-01 14:00:00,183.407,183.497,181.496,182.007,105.564
2024-08-01 15:00:00,183.577,183.867,183.296,183.366,131.952
2024-08-01 16:00:00,183.816,183.837,183.206,183.576,97.764
2024-08-01 17:00:00,184.236,184.557,183.816,183.826,75.252
2024-08-01 18:00:00,184.707,184.707,184.006,184.237,52.224
2024-08-01 19:00:00,185.166,185.317,184.536,184.717,59.304
2024-08-01 20:00:00,185.527,185.577,184.897,185.157,77.316
2024-08-02 14:00:00,188.937,189.517,188.686,189.337,77.724
2024-08-02 15:00:00,188.106,188.956,187.336,188.956,111.624
2024-08-02 16:00:00,188.386,188.397,187.826,188.126,55.908
2024-08-02 17:00:00,188.077,188.737,188.056,188.396,40.068
2024-08-02 18:00:00,188.137,188.347,187.996,188.086,62.544
2024-08-02 19:00:00,188.166,188.287,187.986,188.146,33.216
2024-08-02 20:00:00,188.326,188.437,188.076,188.176,47.376
2024-08-03 14:00:00,170.727,170.847,168.916,168.997,93.672
2024-08-03 15:00:00,171.356,171.887,170.646,170.727,146.676
2024-08-03 16:00:00,171.476,172.467,170.936,171.356,190.392
2024-08-03 17:00:00,171.826,172.777,171.356,171.466,173.088
2024-08-03 18:00:00,172.417,172.477,171.707,171.827,132.456
2024-08-03 19:00:00,172.707,173.687,172.377,172.427,118.836
2024-08-03 20:00:00,170.707,172.957,170.707,172.707,146.184
2024-08-04 13:00:00,168.977,169.176,168.226,168.986,70.32
2024-08-04 14:00:00,168.986,169.147,168.696,168.986,88.536
2024-08-04 15:00:00,168.637,169.067,168.426,168.977,72.696
2024-08-04 16:00:00,168.796,168.817,168.256,168.616,60.3
2024-08-04 17:00:00,168.686,168.817,168.396,168.797,46.74
2024-08-04 18:00:00,168.747,168.887,168.536,168.687,31.068
2024-08-04 19:00:00,168.536,168.947,168.316,168.746,45.132
2024-08-05 13:00:00,182.076,182.917,181.826,182.506,60.48
2024-08-05 14:00:00,182.027,182.357,181.447,182.066,81.984
2024-08-05 15:00:00,182.226,182.347,181.846,182.037,70.836
2024-08-05 16:00:00,182.157,182.587,182.046,182.236,65.052
2024-08-05 17:00:00,182.636,182.697,182.016,182.177,59.976
2024-08-05 18:00:00,182.797,182.977,182.476,182.637,37.524
2024-08-05 19:00:00,182.726,183.017,182.616,182.797,42.888
2024-08-07 13:00:00,223.646,227.306,223.396,227.097,53.595
2024-08-07 14:00:00,225.377,225.797,223.247,223.646,81.018
2024-08-07 15:00:00,226.486,226.997,225.366,225.377,52.893
2024-08-07 16:00:00,226.676,226.747,225.776,226.467,43.344
2024-08-07 17:00:00,226.446,227.046,226.246,226.656,30.06
2024-08-07 18:00:00,226.957,227.427,226.396,226.446,39.915
2024-08-07 19:00:00,227.757,227.827,226.716,226.956,44.037
2024-08-08 13:00:00,210.546,213.146,208.786,213.037,88.74
2024-08-08 14:00:00,212.146,212.977,210.407,210.546,145.752
2024-08-08 15:00:00,212.377,212.667,211.067,212.177,97.044
2024-08-08 16:00:00,213.166,213.457,212.226,212.357,72.612
2024-08-08 17:00:00,213.667,214.177,212.616,213.176,60.408
2024-08-08 18:00:00,212.896,213.797,212.586,213.596,67.8
2024-08-08 19:00:00,213.327,213.487,211.826,212.876,122.448
2024-08-10 13:00:00,225.036,225.137,223.216,224.207,56.976
2024-08-10 14:00:00,225.017,225.936,224.536,225.046,76.248
2024-08-10 15:00:00,225.337,225.587,224.646,225.006,43.056
2024-08-10 16:00:00,224.667,225.327,224.556,225.326,28.92
2024-08-10 17:00:00,224.946,224.977,224.206,224.687,49.704
2024-08-10 18:00:00,225.316,225.426,224.767,224.936,34.596
2024-08-10 19:00:00,225.746,225.966,225.086,225.307,50.604
2024-08-11 14:00:00,227.756,228.647,227.136,227.136,76.584
2024-08-11 15:00:00,226.507,228.137,226.496,227.757,128.532
2024-08-11 16:00:00,227.257,227.566,226.396,226.517,83.868
2024-08-11 17:00:00,227.017,227.447,226.747,227.226,66.24
2024-08-11 18:00:00,227.487,227.597,226.777,227.027,61.416
2024-08-11 19:00:00,227.427,227.667,227.246,227.487,54.816
2024-08-11 20:00:00,226.946,227.706,226.737,227.426,108.984
2024-09-01 14:00:00,183.256,184.197,182.726,183.916,108.732
2024-09-01 15:00:00,183.476,183.967,182.956,183.246,137.388
2024-09-01 16:00:00,184.777,184.786,183.476,183.486,86.388
2024-09-01 17:00:00,184.707,184.817,184.366,184.787,69.792
2024-09-01 18:00:00,184.467,184.907,184.026,184.697,112.08
2024-09-01 19:00:00,184.607,184.676,184.206,184.467,105.672
2024-09-01 20:00:00,185.096,185.137,184.396,184.606,116.292
2024-09-02 14:00:00,188.656,188.867,187.996,188.667,83.34
2024-09-02 15:00:00,188.667,188.827,188.346,188.676,101.568
2024-09-02 16:00:00,189.767,189.977,188.666,188.677,71.628
2024-09-02 17:00:00,189.626,189.827,189.086,189.747,47.844
2024-09-02 18:00:00,189.067,189.647,189.036,189.636,36.624
2024-09-02 19:00:00,188.937,189.047,188.706,189.047,27.648
2024-09-02 20:00:00,188.776,188.956,188.556,188.946,39.732
2024-09-04 13:00:00,169.587,169.866,168.496,168.656,66.876
2024-09-04 14:00:00,168.836,170.057,168.497,169.577,139.5
2024-09-04 15:00:00,168.966,169.157,168.586,168.827,101.832
2024-09-04 16:00:00,169.057,169.237,168.826,168.936,63.252
2024-09-04 17:00:00,168.947,169.547,168.926,169.046,65.664
2024-09-04 18:00:00,168.587,168.966,168.496,168.926,56.784
2024-09-04 19:00:00,169.667,169.707,168.347,168.587,100.236
2024-09-05 13:00:00,183.726,183.817,182.096,182.507,64.152
2024-09-05 14:00:00,183.277,183.847,183.097,183.727,80.184
2024-09-05 15:00:00,183.536,183.836,183.226,183.286,61.056
2024-09-05 16:00:00,184.006,184.037,183.426,183.516,45.408
2024-09-05 17:00:00,184.466,184.637,183.876,184.006,58.908
2024-09-05 18:00:00,184.507,184.607,184.047,184.477,40.476
2024-09-05 19:00:00,184.597,184.637,184.206,184.507,50.676
2024-09-07 13:00:00,228.146,228.227,226.336,227.936,52.938
2024-09-07 14:00:00,228.406,229.367,227.277,228.146,93.213
2024-09-07 15:00:00,228.197,228.437,227.456,228.406,59.508
2024-09-07 16:00:00,228.506,228.526,227.696,228.216,42.003
2024-09-07 17:00:00,228.086,228.707,227.846,228.516,38.097
2024-09-07 18:00:00,228.276,228.517,227.876,228.076,28.872
2024-09-07 19:00:00,228.647,228.767,228.146,228.266,34.749
2024-09-08 13:00:00,212.507,213.467,211.906,211.906,77.184
2024-09-08 14:00:00,214.786,215.157,212.297,212.546,153.84
2024-09-08 15:00:00,214.656,215.727,214.507,214.816,102.384
2024-09-08 16:00:00,215.417,215.427,214.396,214.636,74.304
2024-09-08 17:00:00,215.886,216.767,215.237,215.427,69.24
2024-09-08 18:00:00,215.597,216.067,214.886,215.907,96.072
2024-09-08 19:00:00,216.117,216.597,215.196,215.577,132.048
2024-09-09 13:00:00,219.167,221.237,217.807,220.887,58.248
2024-09-09 14:00:00,217.186,220.167,217.096,219.166,90.444
2024-09-09 15:00:00,219.867,219.887,217.046,217.177,71.808
2024-09-09 16:00:00,220.137,220.597,219.617,219.867,52.38
2024-09-09 17:00:00,219.086,220.917,218.437,220.147,67.404
2024-09-09 18:00:00,217.866,219.136,216.696,219.136,91.356
2024-09-09 19:00:00,220.927,221.017,217.766,217.836,90.144
2024-09-10 13:00:00,226.126,226.467,224.817,225.156,55.788
2024-09-10 14:00:00,227.637,227.777,225.816,226.136,75.6
2024-09-10 15:00:00,228.417,228.616,227.636,227.636,50.724
2024-09-10 16:00:00,228.637,229.026,228.066,228.387,37.512
2024-09-10 17:00:00,228.496,228.977,228.006,228.626,34.14
2024-09-10 18:00:00,229.287,229.646,228.406,228.497,46.368
2024-09-10 19:00:00,229.477,229.737,228.796,229.296,59.136
2024-09-12 14:00:00,243.996,244.127,241.687,241.817,45.336
2024-09-12 15:00:00,246.016,246.257,243.746,243.957,86.04
2024-09-12 16:00:00,246.867,247.227,245.996,246.036,79.62
2024-09-12 17:00:00,246.187,247.226,245.696,246.857,52.14
2024-09-12 18:00:00,246.726,246.997,246.087,246.166,39.6
2024-09-12 19:00:00,246.406,246.737,245.877,246.687,39.648
2024-09-12 20:00:00,246.866,247.077,246.006,246.396,70.536
2024-10-01 14:00:00,184.256,184.947,183.946,184.316,101.028
2024-10-01 15:00:00,184.766,184.797,183.916,184.247,116.856
2024-10-01 16:00:00,184.276,184.997,184.037,184.757,85.368
2024-10-01 17:00:00,184.307,184.387,184.076,184.277,64.872
2024-10-01 18:00:00,184.776,184.837,184.117,184.317,71.964
2024-10-01 19:00:00,186.107,186.117,184.766,184.786,58.644
2024-10-01 20:00:00,186.116,186.386,185.266,186.097,103.692
2024-10-04 13:00:00,167.447,169.077,167.306,168.747,99.096
2024-10-04 14:00:00,168.007,168.677,167.106,167.447,167.232
2024-10-04 15:00:00,167.637,168.067,167.537,168.016,78.996
2024-10-04 16:00:00,168.406,168.427,167.576,167.627,48.276
2024-10-04 17:00:00,168.196,168.586,167.626,168.406,123.6
2024-10-04 18:00:00,167.717,168.397,167.676,168.187,119.52
2024-10-04 19:00:00,167.767,168.667,167.676,167.706,96.132
2024-10-05 13:00:00,183.586,185.057,183.356,184.876,68.568
2024-10-05 14:00:00,182.537,183.957,182.246,183.597,117.408
2024-10-05 15:00:00,182.567,182.867,182.356,182.547,73.992
2024-10-05 16:00:00,182.377,182.597,182.236,182.577,42.0
2024-10-05 17:00:00,182.466,182.507,182.127,182.376,39.264
2024-10-05 18:00:00,182.896,182.917,182.346,182.476,50.688
2024-10-05 19:00:00,182.987,183.177,182.666,182.906,44.688
2024-10-06 13:00:00,195.397,197.277,195.107,196.877,68.064
2024-10-06 14:00:00,195.376,195.727,194.816,195.386,80.988
2024-10-06 15:00:00,195.227,195.677,195.066,195.367,54.276
2024-10-06 16:00:00,195.596,196.196,195.076,195.227,62.34
2024-10-06 17:00:00,194.946,196.377,193.386,195.597,101.028
2024-10-06 18:00:00,193.146,196.397,192.127,194.927,170.316
2024-10-06 19:00:00,193.117,194.147,192.276,193.127,131.256
2024-10-07 13:00:00,231.296,231.367,229.206,229.206,64.458
2024-10-07 14:00:00,230.266,231.717,230.167,231.216,94.968
2024-10-07 15:00:00,231.266,231.377,230.096,230.277,69.408
2024-10-07 16:00:00,231.297,232.717,230.926,231.256,81.81
2024-10-07 17:00:00,231.956,232.147,230.696,231.307,70.317
2024-10-07 18:00:00,232.147,232.167,231.606,231.947,45.837
2024-10-07 19:00:00,232.866,233.057,231.627,232.137,49.266
2024-10-09 13:00:00,217.487,219.936,216.726,218.896,61.188
2024-10-09 14:00:00,219.137,219.957,217.436,217.487,109.86
2024-10-09 15:00:00,218.317,220.397,218.256,219.096,84.432
2024-10-09 16:00:00,219.527,219.917,218.036,218.317,68.196
2024-10-09 17:00:00,220.777,220.936,219.516,219.527,51.192
2024-10-09 18:00:00,220.347,221.466,220.186,220.777,47.28
2024-10-09 19:00:00,220.117,221.087,219.626,220.326,65.256
2024-10-10 13:00:00,228.427,228.807,227.147,227.756,57.576
2024-10-10 14:00:00,227.817,228.556,227.626,228.427,77.844
2024-10-10 15:00:00,228.636,228.647,227.676,227.836,44.568
2024-10-10 16:00:00,228.427,229.226,228.106,228.657,44.4
2024-10-10 17:00:00,228.617,228.787,228.016,228.447,47.376
2024-10-10 18:00:00,228.466,228.636,228.076,228.626,36.876
2024-10-10 19:00:00,229.017,229.466,228.246,228.447,52.764
2024-10-12 14:00:00,247.606,247.767,245.796,246.887,61.104
2024-10-12 15:00:00,245.856,247.656,245.807,247.627,60.108
2024-10-12 16:00:00,246.396,246.517,245.316,245.877,59.688
2024-10-12 17:00:00,246.836,247.307,246.386,246.396,43.824
2024-10-12 18:00:00,247.606,247.767,246.706,246.826,32.748
2024-10-12 19:00:00,248.016,248.086,247.356,247.607,40.068
2024-10-12 20:00:00,247.776,248.197,247.356,248.026,63.84
2024-11-01 14:00:00,184.707,187.036,184.596,186.516,122.964
2024-11-01 15:00:00,184.666,184.866,183.616,184.717,217.836
2024-11-01 16:00:00,183.936,184.857,183.826,184.677,154.152
2024-11-01 17:00:00,184.317,184.576,183.906,183.936,108.384
2024-11-01 18:00:00,185.147,185.157,184.256,184.306,88.512
2024-11-01 19:00:00,185.527,185.697,184.986,185.146,76.848
2024-11-01 20:00:00,185.597,185.757,184.746,185.526,79.608
2024-11-03 13:00:00,173.777,174.357,172.806,172.937,102.408
2024-11-03 14:00:00,172.457,173.977,172.276,173.786,148.092
2024-11-03 15:00:00,173.046,173.317,172.286,172.466,94.791
2024-11-03 16:00:00,172.597,173.147,172.546,173.047,65.619
2024-11-03 17:00:00,172.596,173.387,172.036,172.596,84.456
2024-11-03 18:00:00,172.867,172.886,172.356,172.606,67.836
2024-11-03 19:00:00,172.757,173.057,172.417,172.856,78.36
2024-11-04 13:00:00,168.957,169.157,168.076,168.266,73.212
2024-11-04 14:00:00,169.147,169.317,168.297,168.957,120.756
2024-11-04 15:00:00,169.897,169.927,168.946,169.156,83.016
2024-11-04 16:00:00,170.386,170.426,169.816,169.897,82.368
2024-11-04 17:00:00,172.996,173.237,170.286,170.377,103.908
2024-11-04 18:00:00,173.557,174.487,172.926,173.007,88.812
2024-11-04 19:00:00,174.936,175.447,173.536,173.556,87.24
2024-11-06 13:00:00,199.087,199.127,193.456,193.456,95.724
2024-11-06 14:00:00,203.206,203.777,198.866,199.087,186.636
2024-11-06 15:00:00,204.297,205.407,202.236,203.237,171.756
2024-11-06 16:00:00,205.016,205.046,203.446,204.316,107.496
2024-11-06 17:00:00,204.967,205.987,204.446,205.016,93.876
2024-11-06 18:00:00,205.586,205.907,204.437,204.957,83.532
2024-11-06 19:00:00,207.116,207.117,204.696,205.577,108.624
2024-11-07 13:00:00,231.816,232.316,230.116,231.286,73.449
2024-11-07 14:00:00,226.647,232.117,226.636,231.817,163.233
2024-11-07 15:00:00,226.847,227.697,225.756,226.636,155.709
2024-11-07 16:00:00,227.687,228.697,226.686,226.846,105.21
2024-11-07 17:00:00,226.796,228.247,226.567,227.676,104.652
2024-11-07 18:00:00,227.857,228.007,226.726,226.817,82.224
2024-11-07 19:00:00,227.606,228.687,227.606,227.856,96.759
2024-11-09 13:00:00,220.467,223.036,220.116,221.317,69.72
2024-11-09 14:00:00,218.557,220.987,217.886,220.467,117.06
2024-11-09 15:00:00,219.656,220.337,218.027,218.547,96.6
2024-11-09 16:00:00,221.047,221.306,219.626,219.677,73.236
2024-11-09 17:00:00,221.046,221.827,220.816,221.047,54.576
2024-11-09 18:00:00,221.437,221.756,220.817,221.036,55.092
2024-11-09 19:00:00,222.446,222.967,221.096,221.407,74.856
2024-11-10 13:00:00,227.946,229.377,227.326,229.366,48.12
2024-11-10 14:00:00,228.076,229.166,227.607,227.927,70.524
2024-11-10 15:00:00,228.056,228.386,227.676,228.066,50.172
2024-11-10 16:00:00,227.847,228.066,227.406,228.046,33.984
2024-11-10 17:00:00,227.806,228.066,227.486,227.837,28.752
2024-11-10 18:00:00,228.567,228.617,227.807,227.807,33.312
2024-11-10 19:00:00,227.517,228.956,227.486,228.556,53.688
2024-11-11 14:00:00,222.887,225.667,222.767,224.996,82.872
2024-11-11 15:00:00,222.747,223.716,222.736,222.926,115.092
2024-11-11 16:00:00,222.777,223.327,222.656,222.747,98.832
2024-11-11 17:00:00,221.847,222.876,221.696,222.756,81.216
2024-11-11 18:00:00,222.896,222.987,221.486,221.847,80.256
2024-11-11 19:00:00,223.037,223.167,222.827,222.897,46.116
2024-11-11 20:00:00,224.216,224.327,223.006,223.047,72.012
2024-11-12 14:00:00,249.287,249.777,247.626,247.926,50.124
2024-11-12 15:00:00,250.136,250.187,249.116,249.276,91.38
2024-11-12 16:00:00,249.496,250.787,249.326,250.136,75.84
2024-11-12 17:00:00,249.216,249.827,249.086,249.506,48.852
2024-11-12 18:00:00,248.366,249.477,248.336,249.206,45.264
2024-11-12 19:00:00,247.807,248.567,247.566,248.337,42.192
2024-11-12 20:00:00,246.466,247.907,246.257,247.817,60.432
2024-12-01 14:00:00,185.736,186.726,185.736,185.997,105.72
2024-12-01 15:00:00,185.687,186.297,185.176,185.747,206.952
2024-12-01 16:00:00,185.566,186.047,185.376,185.696,129.372
2024-12-01 17:00:00,185.616,185.837,185.426,185.546,99.132
2024-12-01 18:00:00,185.886,185.927,185.576,185.617,53.04
2024-12-01 19:00:00,185.307,186.057,185.247,185.876,60.66
2024-12-01 20:00:00,185.857,185.967,185.216,185.287,68.28
2024-12-02 14:00:00,187.967,188.647,187.436,188.396,70.2
2024-12-02 15:00:00,187.787,188.046,187.366,187.976,84.6
2024-12-02 16:00:00,187.996,188.167,187.686,187.776,63.36
2024-12-02 17:00:00,188.147,188.197,187.687,187.997,61.74
2024-12-02 18:00:00,187.976,188.347,187.546,188.166,84.348
2024-12-02 19:00:00,186.977,188.026,186.906,187.977,110.412
2024-12-02 20:00:00,187.187,187.446,186.776,186.967,76.332
2024-12-03 13:00:00,171.467,173.427,171.006,173.147,97.44
2024-12-03 14:00:00,172.607,172.887,171.437,171.467,131.508
2024-12-03 15:00:00,172.576,172.897,172.307,172.607,99.816
2024-12-03 16:00:00,172.516,173.087,171.946,172.587,104.184
2024-12-03 17:00:00,173.256,173.477,172.416,172.497,86.148
2024-12-03 18:00:00,173.727,173.957,173.176,173.266,65.94
2024-12-03 19:00:00,173.207,174.017,173.136,173.736,62.004
2024-12-04 13:00:00,178.026,178.347,174.206,174.246,112.776
2024-12-04 14:00:00,175.867,178.157,175.727,178.037,153.372
2024-12-04 15:00:00,175.906,176.976,175.306,175.857,122.604
2024-12-04 16:00:00,175.007,176.207,174.906,175.896,107.424
2024-12-04 17:00:00,175.396,175.956,174.787,175.017,109.932
2024-12-04 18:00:00,175.927,176.237,175.326,175.386,104.064
2024-12-04 19:00:00,176.567,176.727,175.616,175.916,96.48
2024-12-06 13:00:00,214.217,214.946,206.887,207.347,143.244
2024-12-06 14:00:00,216.597,216.597,214.226,214.236,184.476
2024-12-06 15:00:00,216.496,218.096,216.166,216.587,137.04
2024-12-06 16:00:00,215.816,217.476,214.846,216.496,103.5
2024-12-06 17:00:00,217.466,217.626,215.497,215.806,80.412
2024-12-06 18:00:00,219.766,220.106,216.536,217.477,177.684
2024-12-06 19:00:00,213.107,220.186,212.836,219.736,212.664
2024-12-07 13:00:00,231.317,231.376,228.646,228.937,62.46
2024-12-07 14:00:00,231.827,232.117,230.276,231.317,96.084
2024-12-07 15:00:00,230.896,232.367,230.827,231.826,73.62
2024-12-07 16:00:00,231.436,231.457,230.496,230.896,58.824
2024-12-07 17:00:00,232.277,232.626,231.307,231.436,50.553
2024-12-07 18:00:00,232.207,232.467,231.846,232.276,37.944
2024-12-07 19:00:00,230.487,232.246,229.896,232.196,84.852
2024-12-08 13:00:00,216.986,217.617,215.546,216.027,94.464
2024-12-08 14:00:00,218.606,219.077,216.877,216.986,156.408
2024-12-08 15:00:00,218.726,219.487,217.126,218.627,140.484
2024-12-08 16:00:00,217.137,218.736,217.136,218.707,103.548
2024-12-08 17:00:00,216.816,217.677,216.446,217.177,109.596
2024-12-08 18:00:00,217.386,217.407,216.506,216.836,99.156
2024-12-08 19:00:00,217.516,217.557,216.567,217.397,114.828
2024-12-09 13:00:00,221.006,222.527,219.806,222.256,85.644
2024-12-09 14:00:00,221.736,222.367,220.926,221.026,141.456
2024-12-09 15:00:00,221.966,223.037,221.657,221.706,120.504
2024-12-09 16:00:00,222.477,222.527,221.616,221.966,86.388
2024-12-09 17:00:00,223.076,223.217,222.406,222.467,81.276
2024-12-09 18:00:00,223.176,223.527,222.146,223.077,98.148
2024-12-09 19:00:00,222.847,223.456,222.357,223.136,124.104
2024-12-11 14:00:00,224.246,224.996,223.546,224.557,74.844
2024-12-11 15:00:00,224.566,225.017,223.646,224.227,94.92
2024-12-11 16:00:00,224.957,225.576,224.507,224.596,84.36
2024-12-11 17:00:00,223.407,225.057,223.366,224.936,70.008
2024-12-11 18:00:00,224.127,224.596,223.337,223.406,69.828
2024-12-11 19:00:00,224.526,224.757,224.097,224.117,49.908
2024-12-11 20:00:00,224.217,224.807,223.936,224.516,79.248
2024-12-12 14:00:00,246.557,247.546,245.656,246.876,56.868
2024-12-12 15:00:00,248.026,248.537,245.976,246.547,86.664
2024-12-12 16:00:00,248.177,248.577,247.666,248.027,46.176
2024-12-12 17:00:00,248.537,248.537,247.617,248.186,34.68
2024-12-12 18:00:00,248.506,248.716,248.326,248.527,29.424
2024-12-12 19:00:00,247.917,248.727,247.786,248.517,39.0
2024-12-12 20:00:00,247.937,248.196,247.436,247.896,56.952
2025-01-04 13:00:00,223.196,223.316,218.856,219.726,62.232
2025-01-04 14:00:00,222.536,223.317,220.796,223.176,96.78
2025-01-04 15:00:00,222.587,223.407,222.096,222.537,74.472
2025-01-04 16:00:00,222.727,223.107,222.296,222.586,67.824
2025-01-04 17:00:00,222.137,222.947,222.086,222.727,55.608
2025-01-04 18:00:00,221.797,222.206,221.126,222.136,62.544
2025-01-04 19:00:00,223.117,223.437,221.456,221.776,82.836
2025-01-05 13:00:00,210.627,212.486,208.896,208.896,72.3
2025-01-05 14:00:00,212.846,213.067,209.676,210.657,134.688
2025-01-05 15:00:00,211.546,214.047,211.406,212.866,96.888
2025-01-05 16:00:00,212.116,212.827,211.506,211.557,109.572
2025-01-05 17:00:00,212.567,212.856,212.036,212.067,76.464
2025-01-05 18:00:00,212.506,213.176,212.496,212.546,65.94
2025-01-05 19:00:00,212.966,214.486,212.296,212.536,105.828
2025-02-01 14:00:00,246.846,249.026,244.796,248.866,79.548
2025-02-01 15:00:00,245.386,247.796,244.806,246.846,113.532
2025-02-01 16:00:00,244.657,245.457,244.156,245.386,85.932
2025-02-01 17:00:00,242.946,245.217,242.296,244.676,104.592
2025-02-01 18:00:00,242.226,243.016,241.807,242.947,98.364
2025-02-01 19:00:00,241.947,242.806,241.856,242.216,77.58
2025-02-01 20:00:00,243.787,243.927,241.957,241.967,102.612
2025-02-04 13:00:00,222.836,222.976,220.997,221.137,48.672
2025-02-04 14:00:00,224.326,224.437,222.466,222.817,80.592
2025-02-04 15:00:00,223.636,224.696,223.077,224.326,66.108
2025-02-04 16:00:00,224.656,224.946,223.577,223.667,66.588
2025-02-04 17:00:00,224.177,225.167,223.936,224.657,67.704
2025-02-04 18:00:00,222.917,224.266,222.856,224.177,82.764
2025-02-04 19:00:00,223.867,224.416,222.927,222.927,106.68
2025-02-05 13:00:00,203.766,206.267,202.117,206.047,104.772
2025-02-05 14:00:00,205.157,206.967,203.236,203.717,131.412
2025-02-05 15:00:00,205.447,205.707,204.586,205.156,81.876
2025-02-05 16:00:00,204.906,206.556,204.856,205.446,87.048
2025-02-05 17:00:00,205.386,205.777,204.146,204.917,65.184
2025-02-05 18:00:00,204.117,205.597,204.086,205.397,60.348
2025-02-05 19:00:00,205.206,205.487,203.656,204.147,104.388
2025-02-06 13:00:00,201.046,202.107,200.187,200.187,77.508
2025-02-06 14:00:00,201.427,201.476,200.097,201.026,123.55200000000002
2025-02-06 15:00:00,200.987,201.976,200.296,201.407,77.39999999999999
2025-02-06 16:00:00,200.886,201.147,200.576,200.996,50.112
2025-02-06 17:00:00,200.886,201.107,200.566,200.916,49.392
2025-02-06 18:00:00,201.257,201.526,200.616,200.876,55.848000000000006
2025-02-06 19:00:00,201.697,201.776,201.136,201.266,71.18400000000001
2025-03-01 14:00:00,243.076,244.156,241.886,243.337,65.988
2025-03-01 15:00:00,242.996,243.977,242.126,243.076,102.48
2025-03-01 16:00:00,243.296,244.027,242.666,243.016,67.272
2025-03-01 17:00:00,242.497,243.477,242.376,243.316,48.036
2025-03-01 18:00:00,242.707,243.136,242.267,242.486,36.864
2025-03-01 19:00:00,243.246,243.427,242.556,242.666,35.4
2025-03-01 20:00:00,243.327,243.567,242.606,243.247,53.892
2025-03-02 14:00:00,228.787,231.786,228.757,229.906,89.016
2025-03-02 15:00:00,227.866,229.747,226.616,228.766,165.864
2025-03-02 16:00:00,226.347,228.417,225.696,227.897,115.692
2025-03-02 17:00:00,226.787,226.996,225.846,226.376,93.612
2025-03-02 18:00:00,228.206,228.277,226.187,226.776,82.56
2025-03-02 19:00:00,228.827,229.087,227.646,228.216,55.788
2025-03-02 20:00:00,227.927,229.177,227.626,228.806,82.572
2025-03-03 14:00:00,240.477,243.966,240.406,241.766,67.26
2025-03-03 15:00:00,241.187,242.436,239.776,240.546,151.872
2025-03-03 16:00:00,241.796,242.607,240.647,241.206,127.536
2025-03-03 17:00:00,242.297,242.967,241.586,241.786,93.924
2025-03-03 18:00:00,241.306,242.337,240.426,242.296,136.68
2025-03-03 19:00:00,240.277,241.987,239.856,241.276,122.772
2025-03-03 20:00:00,238.187,240.247,236.096,240.247,188.388
2025-03-04 13:00:00,204.247,207.427,202.496,205.516,100.848
2025-03-04 14:00:00,204.357,206.417,203.207,204.227,118.584
2025-03-04 15:00:00,205.577,206.207,203.486,204.336,113.328
2025-03-04 16:00:00,204.797,206.996,204.546,205.577,96.192
2025-03-04 17:00:00,203.417,205.347,203.206,204.796,84.24
2025-03-04 18:00:00,202.866,203.627,202.397,203.386,84.984
2025-03-04 19:00:00,202.937,203.757,201.236,202.866,121.947
2025-03-06 13:00:00,202.527,203.037,200.927,201.296,71.52000000000001
2025-03-06 14:00:00,202.037,203.207,201.516,202.587,92.67600000000004
2025-03-06 15:00:00,202.906,202.956,202.046,202.046,57.54
2025-03-06 16:00:00,203.136,203.737,202.566,202.897,55.44000000000001
2025-03-06 17:00:00,203.186,203.746,202.746,203.137,48.37200000000001
2025-03-06 18:00:00,203.386,203.397,202.496,203.186,68.64000000000001
2025-03-06 19:00:00,203.326,203.456,202.937,203.387,80.07600000000002
2025-04-02 14:00:00,228.906,229.176,226.636,227.146,57.06
2025-04-02 15:00:00,230.496,231.517,228.636,228.907,81.792
2025-04-02 16:00:00,232.156,232.447,230.106,230.507,54.216
2025-04-02 17:00:00,232.236,232.776,231.336,232.157,58.392
2025-04-02 18:00:00,231.466,232.367,231.466,232.266,34.74
2025-04-02 19:00:00,232.476,232.746,231.356,231.476,31.788
2025-04-02 20:00:00,232.717,233.106,232.006,232.487,55.8
2025-04-03 14:00:00,236.607,239.327,236.476,237.747,111.012
2025-04-03 15:00:00,239.056,239.787,236.266,236.596,211.584
2025-04-03 16:00:00,239.067,240.027,237.636,239.066,164.832
2025-04-03 17:00:00,236.567,239.197,236.246,239.106,140.928
2025-04-03 18:00:00,237.876,238.017,236.137,236.577,135.168
2025-04-03 19:00:00,238.276,238.747,237.416,237.846,131.64
2025-04-03 20:00:00,235.897,239.236,234.676,238.276,195.792
2025-04-04 13:00:00,199.197,199.827,192.796,193.856,107.148
2025-04-04 14:00:00,193.446,199.247,191.066,199.246,168.552
2025-04-04 15:00:00,194.076,197.186,193.306,193.416,141.948
2025-04-04 16:00:00,192.937,194.987,192.176,194.077,136.788
2025-04-04 17:00:00,191.596,193.467,190.656,192.916,130.632
2025-04-04 18:00:00,188.827,192.526,187.326,191.627,138.18
2025-04-04 19:00:00,188.427,191.707,188.006,188.827,189.348
2025-04-06 13:00:00,205.036,205.336,202.616,202.926,63.94799999999999
2025-04-06 14:00:00,204.257,206.206,203.966,205.037,107.376
2025-04-06 15:00:00,203.346,204.687,202.176,204.266,80.80799999999996
2025-04-06 16:00:00,203.196,203.377,202.596,203.317,59.83200000000001
2025-04-06 17:00:00,203.276,203.576,202.846,203.217,39.38399999999999
2025-04-06 18:00:00,202.927,203.426,202.736,203.276,38.74799999999998
2025-04-06 19:00:00,202.846,203.436,202.746,202.916,69.276
2025-05-02 14:00:00,230.137,230.586,228.286,228.297,63.648
2025-05-02 15:00:00,229.507,230.486,228.396,230.206,79.296
2025-05-02 16:00:00,230.677,230.797,229.246,229.477,58.032
2025-05-02 17:00:00,230.037,231.256,229.976,230.677,43.596
2025-05-02 18:00:00,230.526,230.527,229.616,230.037,38.232
2025-05-02 19:00:00,231.256,231.516,230.487,230.507,38.34
2025-05-02 20:00:00,232.396,232.637,231.086,231.296,58.032
2025-05-03 14:00:00,231.606,235.876,231.016,235.417,97.692
2025-05-03 15:00:00,232.536,233.157,230.556,231.677,151.788
2025-05-03 16:00:00,232.156,232.587,229.216,232.536,96.7924
2025-05-03 17:00:00,234.927,235.157,232.077,232.107,80.6164
2025-05-03 18:00:00,235.816,235.826,233.996,234.926,84.2607
2025-05-03 19:00:00,235.446,236.507,235.127,235.787,81.384
2025-05-03 20:00:00,235.687,236.446,235.046,235.437,121.908
2025-05-05 13:00:00,199.697,204.027,199.486,203.016,67.572
2025-05-05 14:00:00,198.887,200.286,198.196,199.766,110.976
2025-05-05 15:00:00,199.246,199.627,198.496,198.886,72.468
2025-05-05 16:00:00,199.886,200.006,199.096,199.247,57.78
2025-05-05 17:00:00,200.356,200.607,199.657,199.877,49.788
2025-05-05 18:00:00,200.516,201.147,200.156,200.346,43.956
2025-05-05 19:00:00,198.896,200.477,198.506,200.476,92.592
2025-05-06 13:00:00,201.556,203.827,201.387,203.487,94.968
2025-05-06 14:00:00,203.187,203.307,201.326,201.546,113.64
2025-05-06 15:00:00,204.147,204.737,203.056,203.197,80.01600000000002
2025-05-06 16:00:00,201.817,204.356,201.677,204.157,88.64399999999999
2025-05-06 17:00:00,202.326,202.877,201.537,201.807,68.652
2025-05-06 18:00:00,202.326,202.676,201.126,202.346,79.58399999999999
2025-05-06 19:00:00,200.607,202.387,200.136,202.316,189.38399999999996
2025-06-01 14:00:00,244.416,246.156,243.856,244.197,74.136
2025-06-01 15:00:00,246.336,246.437,244.406,244.427,119.916
2025-06-01 16:00:00,246.247,247.307,245.886,246.327,74.616
2025-06-01 17:00:00,244.957,246.477,244.716,246.246,81.252
2025-06-01 18:00:00,244.826,245.107,244.456,244.976,80.808
2025-06-01 19:00:00,244.566,245.167,244.496,244.836,78.816
2025-06-01 20:00:00,245.007,245.327,244.406,244.556,109.092
2025-06-02 14:00:00,233.496,233.767,230.746,231.247,47.232
2025-06-02 15:00:00,230.907,233.497,230.406,233.497,64.104
2025-06-02 16:00:00,231.046,231.867,230.846,230.907,46.704
2025-06-02 17:00:00,231.746,231.897,230.886,231.047,38.52
2025-06-02 18:00:00,232.386,232.466,231.736,231.747,31.488
2025-06-02 19:00:00,232.157,233.097,232.017,232.367,40.68
2025-06-02 20:00:00,233.127,233.267,231.896,232.136,59.22
2025-06-03 14:00:00,235.317,236.407,233.466,234.397,88.152
2025-06-03 15:00:00,236.926,237.837,234.916,235.316,151.464
2025-06-03 16:00:00,234.916,237.716,234.807,236.916,155.388
2025-06-03 17:00:00,235.017,235.286,234.006,234.917,156.168
2025-06-03 18:00:00,234.277,235.397,233.946,234.996,130.584
2025-06-03 19:00:00,234.386,235.976,233.287,234.266,138.108
2025-06-03 20:00:00,235.216,235.737,234.136,234.406,183.528
2025-06-05 13:00:00,197.647,199.857,197.317,198.087,64.548
2025-06-05 14:00:00,198.266,199.297,197.646,197.646,90.3602
2025-06-05 15:00:00,198.787,199.437,197.956,198.277,66.132
2025-06-05 16:00:00,199.496,200.587,198.696,198.787,86.004
2025-06-05 17:00:00,198.997,199.987,198.686,199.516,60.828
2025-06-05 18:00:00,199.806,199.817,198.786,199.017,61.164
2025-06-05 19:00:00,198.376,200.127,198.356,199.806,86.976
2025-06-06 13:00:00,204.516,205.646,202.936,202.996,74.62800000000001
2025-06-06 14:00:00,203.137,204.717,203.097,204.517,82.83600000000001
2025-06-06 15:00:00,203.006,204.037,202.856,203.127,77.30399999999999
2025-06-06 16:00:00,202.676,203.167,202.046,203.026,58.70399999999999
2025-06-06 17:00:00,204.037,204.127,202.596,202.676,52.608
2025-06-06 18:00:00,205.246,205.437,204.026,204.036,57.01199999999999
2025-06-06 19:00:00,203.807,205.286,203.806,205.236,76.32
2025-07-01 14:00:00,244.876,245.317,244.666,244.926,19.164
2025-07-01 15:00:00,244.617,245.526,244.017,244.807,109.212
2025-07-01 16:00:00,243.037,244.777,242.986,244.647,75.156
2025-07-01 17:00:00,242.217,243.286,241.336,243.036,57.0
2025-07-01 18:00:00,242.307,243.377,242.047,242.247,51.288
2025-07-01 19:00:00,242.196,242.546,241.836,242.307,41.676
2025-07-01 20:00:00,242.226,242.387,241.496,242.197,87.372
2025-07-02 14:00:00,232.646,233.957,232.086,232.507,47.292
2025-07-02 15:00:00,230.487,232.296,229.116,232.296,145.932
2025-07-02 16:00:00,229.007,230.527,228.526,230.486,123.408
2025-07-02 17:00:00,228.707,229.387,228.176,229.026,111.036
2025-07-02 18:00:00,228.096,229.486,228.046,228.706,76.512
2025-07-02 19:00:00,228.266,228.407,227.766,228.086,72.696
2025-07-02 20:00:00,227.637,228.567,227.257,228.266,96.336
2025-07-03 14:00:00,238.287,239.416,234.756,235.057,96.18
2025-07-03 15:00:00,238.847,240.086,236.997,238.307,146.04
2025-07-03 16:00:00,239.196,239.477,237.837,238.837,151.452
2025-07-03 17:00:00,239.987,240.777,237.836,239.197,124.8
2025-07-03 18:00:00,239.387,241.327,239.366,239.986,117.36
2025-07-03 19:00:00,239.157,239.887,238.536,239.427,98.424
2025-07-03 20:00:00,238.966,239.746,237.906,239.156,160.944
2025-07-04 13:00:00,180.366,181.087,174.786,177.197,139.164
2025-07-04 14:00:00,183.797,194.086,179.096,180.356,244.848
2025-07-04 15:00:00,178.796,185.116,175.666,183.817,199.092
2025-07-04 16:00:00,177.567,179.746,175.697,178.786,134.46
2025-07-04 17:00:00,182.546,182.826,177.027,177.546,131.4
2025-07-04 18:00:00,179.877,183.807,179.446,182.606,139.572
2025-07-04 19:00:00,181.407,181.877,178.266,179.946,166.68
2025-07-05 13:00:00,197.746,199.297,197.326,199.126,68.136
2025-07-05 14:00:00,197.447,199.417,197.436,197.757,75.324
2025-07-05 15:00:00,195.087,197.476,193.246,197.447,114.84
2025-07-05 16:00:00,195.577,195.667,194.497,195.036,59.976
2025-07-05 17:00:00,194.566,195.736,194.217,195.577,54.084
2025-07-05 18:00:00,195.396,195.666,193.276,194.537,130.404
2025-07-05 19:00:00,196.137,197.416,194.096,195.397,149.064
2025-08-01 14:00:00,240.826,241.947,240.046,241.917,58.26
2025-08-01 15:00:00,243.457,243.677,240.826,240.837,127.428
2025-08-01 16:00:00,243.247,243.637,242.636,243.446,102.42
2025-08-01 17:00:00,241.387,243.267,241.196,243.256,113.328
2025-08-01 18:00:00,241.406,242.496,241.106,241.377,101.988
2025-08-01 19:00:00,241.846,242.967,241.026,241.427,112.308
2025-08-01 20:00:00,242.617,242.957,241.686,241.836,104.892
2025-08-04 13:00:00,188.016,188.516,185.076,186.496,98.256
2025-08-04 14:00:00,186.196,190.296,186.146,187.977,156.312
2025-08-04 15:00:00,184.437,186.867,183.026,186.176,130.02
2025-08-04 16:00:00,179.136,184.847,178.926,184.427,149.964
2025-08-04 17:00:00,178.126,179.526,174.836,179.137,162.216
2025-08-04 18:00:00,174.577,178.157,174.516,178.117,136.872
2025-08-04 19:00:00,172.766,174.827,169.196,174.547,209.196
2025-08-05 13:00:00,196.117,198.067,196.066,197.737,62.688
2025-08-05 14:00:00,196.557,197.227,194.656,196.116,135.684
2025-08-05 15:00:00,199.327,199.736,196.377,196.526,144.36
2025-08-05 16:00:00,199.707,200.007,199.007,199.327,80.976
2025-08-05 17:00:00,198.297,199.816,198.287,199.696,64.548
2025-08-05 18:00:00,198.617,199.237,198.066,198.296,65.1
2025-08-05 19:00:00,197.426,199.666,197.156,198.607,112.404
2025-09-04 13:00:00,177.386,178.846,171.887,171.997,132.132
2025-09-04 14:00:00,177.686,180.367,176.697,177.346,234.984
2025-09-04 15:00:00,178.667,180.427,177.576,177.667,195.396
2025-09-04 16:00:00,181.057,181.307,177.846,178.717,159.312
2025-09-04 17:00:00,193.006,194.546,179.296,181.066,238.332
2025-09-04 18:00:00,184.866,194.507,184.167,193.067,239.088
2025-09-04 19:00:00,198.186,200.567,183.856,184.856,264.252
2025-09-05 13:00:00,199.706,200.497,198.376,198.966,65.184
2025-09-05 14:00:00,198.377,200.206,197.527,199.707,124.236
2025-09-05 15:00:00,198.706,199.176,198.126,198.366,94.992
2025-09-05 16:00:00,197.947,198.717,197.736,198.706,89.532
2025-09-05 17:00:00,198.696,198.807,197.586,197.946,62.196
2025-09-05 18:00:00,198.916,199.126,198.477,198.696,42.18
2025-09-05 19:00:00,198.417,199.406,198.326,198.916,74.796
2025-09-06 13:00:00,204.806,205.477,203.966,204.306,64.24800000000002
2025-09-06 14:00:00,204.676,205.987,204.517,204.817,88.00800000000002
2025-09-06 15:00:00,204.446,204.927,204.257,204.686,54.84000000000002
2025-09-06 16:00:00,204.686,204.897,203.707,204.447,58.068000000000005
2025-09-06 17:00:00,202.437,205.277,200.026,204.696,138.71999999999997
2025-09-06 18:00:00,201.467,202.637,200.626,202.437,80.53200000000001
2025-09-06 19:00:00,201.347,202.326,200.827,201.497,90.816
2025-10-01 14:00:00,237.866,240.066,237.456,239.896,81.828
2025-10-01 15:00:00,235.846,237.817,235.446,237.817,135.648
2025-10-01 16:00:00,234.857,236.536,232.996,235.867,104.928
2025-10-01 17:00:00,235.687,235.876,234.796,234.867,72.3
2025-10-01 18:00:00,237.397,237.566,235.616,235.686,55.896
2025-10-01 19:00:00,236.346,237.467,235.926,237.407,67.956
2025-10-01 20:00:00,236.847,237.267,235.736,236.317,91.152
2025-10-02 14:00:00,229.097,230.477,228.996,229.506,44.628
2025-10-02 15:00:00,228.996,230.557,228.786,229.136,60.744
2025-10-02 16:00:00,229.206,229.487,228.726,229.026,41.052
2025-10-02 17:00:00,228.646,229.237,228.216,229.196,37.956
2025-10-02 18:00:00,228.536,228.857,228.346,228.636,25.752
2025-10-02 19:00:00,228.017,229.017,227.906,228.536,35.304
2025-10-02 20:00:00,227.607,228.026,227.177,228.007,60.996
2025-10-03 13:00:00,230.176,236.036,229.116,235.476,105.768
2025-10-03 14:00:00,226.137,230.337,225.346,230.156,206.544
2025-10-03 15:00:00,226.596,227.266,225.276,226.166,192.864
2025-10-03 16:00:00,225.516,226.947,224.216,226.586,171.72
2025-10-03 17:00:00,225.847,226.067,224.316,225.516,191.496
2025-10-03 18:00:00,225.256,226.967,225.086,225.837,177.828
2025-10-03 19:00:00,227.517,228.607,224.406,225.246,220.092
2025-10-04 13:00:00,193.237,194.707,188.977,189.047,108.168
2025-10-04 14:00:00,189.887,193.936,189.737,193.257,163.452
2025-10-04 15:00:00,186.587,191.047,186.416,189.876,154.188
2025-10-04 16:00:00,187.466,188.277,182.996,186.557,199.812
2025-10-04 17:00:00,190.386,191.227,184.607,187.456,161.016
2025-10-04 18:00:00,190.726,192.067,188.097,190.306,169.2
2025-10-04 19:00:00,190.487,192.637,187.796,190.757,203.832
2025-10-06 13:00:00,202.156,203.096,200.567,200.567,78.10799999999999
2025-10-06 14:00:00,204.247,204.306,202.156,202.156,103.86000000000004
2025-10-06 15:00:00,202.916,204.307,202.296,204.237,88.41600000000003
2025-10-06 16:00:00,202.566,203.057,202.076,202.916,54.108
2025-10-06 17:00:00,201.727,202.607,201.306,202.567,55.764
2025-10-06 18:00:00,202.637,203.047,201.356,201.727,62.98800000000004
2025-10-06 19:00:00,202.697,203.207,202.326,202.636,84.62400000000002
2025-11-02 14:00:00,230.317,231.826,228.127,228.127,59.844
2025-11-02 15:00:00,234.276,234.647,230.046,230.297,92.196
2025-11-02 16:00:00,234.677,235.216,233.656,234.307,63.984
2025-11-02 17:00:00,234.196,235.156,233.657,234.677,52.296
2025-11-02 18:00:00,233.807,234.397,233.217,234.216,38.184
2025-11-02 19:00:00,233.337,233.867,233.107,233.797,40.152
2025-11-02 20:00:00,232.606,233.916,232.017,233.367,81.3
2025-11-03 13:00:00,222.016,225.797,221.716,223.777,111.6
2025-11-03 14:00:00,221.016,223.477,220.006,222.007,276.516
2025-11-03 15:00:00,221.087,222.106,220.246,221.037,231.516
2025-11-03 16:00:00,218.956,221.097,218.417,221.086,199.344
2025-11-03 17:00:00,218.267,219.497,217.347,218.946,192.9
2025-11-03 18:00:00,222.156,222.676,218.226,218.266,224.328
2025-11-03 19:00:00,220.847,223.237,220.546,222.136,242.7
2025-11-04 13:00:00,191.287,193.176,186.226,186.227,92.712
2025-11-04 14:00:00,192.236,193.637,189.416,191.437,129.384
2025-11-04 15:00:00,195.597,195.606,191.487,192.237,112.068
2025-11-04 16:00:00,198.457,199.306,195.196,195.637,106.692
2025-11-04 17:00:00,198.256,199.496,196.016,198.456,103.872
2025-11-04 18:00:00,197.497,198.607,196.926,198.216,85.536
2025-11-04 19:00:00,197.756,198.917,197.426,197.497,152.436
2025-11-06 13:00:00,202.777,204.476,202.496,203.437,67.88400000000001
2025-11-06 14:00:00,202.117,203.007,201.896,202.757,90.74399999999996
2025-11-06 15:00:00,200.717,202.237,200.616,202.116,81.636
2025-11-06 16:00:00,200.647,200.817,199.626,200.716,92.41200000000002
2025-11-06 17:00:00,199.886,201.227,199.796,200.647,56.99999999999998
2025-11-06 18:00:00,199.057,199.987,198.696,199.887,130.008
2025-11-06 19:00:00,198.807,199.336,198.406,199.066,123.012
2025-12-02 14:00:00,232.536,233.006,230.627,231.147,68.292
2025-12-02 15:00:00,234.617,234.797,231.336,232.537,139.704
2025-12-02 16:00:00,235.357,235.477,233.947,234.626,97.452
2025-12-02 17:00:00,235.646,235.676,234.856,235.356,82.968
2025-12-02 18:00:00,235.587,235.877,235.067,235.617,67.74
2025-12-02 19:00:00,236.456,236.497,235.536,235.597,66.204
2025-12-02 20:00:00,236.827,236.906,235.897,236.436,80.256
2025-12-03 13:00:00,221.386,221.727,219.247,220.097,99.12
2025-12-03 14:00:00,216.086,221.717,216.006,221.336,144.852
2025-12-03 15:00:00,217.767,217.847,214.897,216.086,159.96
2025-12-03 16:00:00,217.206,218.576,216.886,217.766,151.536
2025-12-03 17:00:00,216.067,218.217,216.047,217.216,137.544
2025-12-03 18:00:00,216.406,217.057,215.816,216.067,133.524
2025-12-03 19:00:00,216.886,217.257,215.036,216.396,158.688
2025-12-05 13:00:00,208.496,211.126,206.747,210.887,92.232
2025-12-05 14:00:00,209.106,210.206,208.456,208.506,123.624
2025-12-05 15:00:00,208.406,209.107,208.106,209.107,90.096
2025-12-05 16:00:00,209.207,209.497,208.236,208.417,66.84
2025-12-05 17:00:00,210.616,210.857,209.186,209.216,60.936
2025-12-05 18:00:00,210.596,211.127,210.476,210.627,54.888
2025-12-05 19:00:00,210.747,210.896,209.906,210.596,91.56
2025-12-06 13:00:00,197.897,199.297,197.706,198.997,66.91200000000002
2025-12-06 14:00:00,198.246,198.567,197.346,197.927,82.74
2025-12-06 15:00:00,198.287,198.917,197.746,198.267,74.65200000000002
2025-12-06 16:00:00,198.557,198.956,198.066,198.287,61.056
2025-12-06 17:00:00,198.937,199.657,198.446,198.547,51.684
2025-12-06 18:00:00,198.967,199.167,198.526,198.937,47.772000000000006
2025-12-06 19:00:00,199.177,199.177,198.296,198.967,59.784000000000006
