date,open,high,low,close,volume
2020-01-04 13:00:00,246.208,248.648,245.678,246.598,154202499.3896
2020-01-04 14:00:00,247.138,247.638,245.747,246.258,380932495.1172
2020-01-04 15:00:00,245.777,248.288,245.137,247.138,405595001.2207
2020-01-04 16:00:00,242.557,245.778,242.147,245.778,364762512.207
2020-01-04 17:00:00,243.388,243.838,242.267,242.558,316459991.4551
2020-01-04 18:00:00,240.998,243.838,240.908,243.408,253130004.8828
2020-01-04 19:00:00,240.888,241.848,239.127,240.998,293437500.0
2020-01-05 13:00:00,294.128,294.768,285.847,286.067,115074996.9482
2020-01-05 14:00:00,296.778,298.987,293.497,294.138,288940002.4414
2020-01-05 15:00:00,293.437,297.197,293.088,296.828,187229995.7275
2020-01-05 16:00:00,290.337,293.738,288.808,293.437,177222503.6621
2020-01-05 17:00:00,290.527,291.468,288.677,290.337,116595001.2207
2020-01-05 18:00:00,291.368,291.798,289.667,290.528,215767501.8311
2020-01-05 19:00:00,289.397,292.538,287.997,291.377,278302490.2344
2020-01-06 13:00:00,320.128,320.467,317.277,317.778,82055435.1807
2020-01-06 14:00:00,320.717,321.688,319.807,320.138,218031005.8594
2020-01-06 15:00:00,320.667,320.848,319.697,320.718,328614990.2344
2020-01-06 16:00:00,320.888,321.187,320.247,320.658,231152496.3379
2020-01-06 17:00:00,321.948,322.338,320.887,320.907,210492492.6758
2020-01-06 18:00:00,322.248,322.248,321.377,321.947,213897506.7139
2020-01-06 19:00:00,321.757,322.338,321.308,322.257,267847503.6621
2020-01-07 13:00:00,365.928,367.337,364.587,365.088,141572494.5068
2020-01-07 14:00:00,366.777,366.958,365.508,365.947,287182495.1172
2020-01-07 15:00:00,366.238,367.188,366.118,366.778,262369995.1172
2020-01-07 16:00:00,366.617,367.338,365.867,366.247,199919998.1689
2020-01-07 17:00:00,366.398,366.728,365.517,366.618,193527496.3379
2020-01-07 18:00:00,365.088,366.838,363.908,366.407,211427505.4932
2020-01-07 19:00:00,363.988,365.648,363.987,365.098,244282501.2207
2020-01-09 13:00:00,131.607,132.857,130.527,132.597,142948944.0918
2020-01-09 14:00:00,131.758,132.148,130.767,131.597,190613906.8604
2020-01-09 15:00:00,132.287,132.638,131.737,131.747,171532745.3613
2020-01-09 16:00:00,133.697,133.898,132.217,132.298,108259872.4365
2020-01-09 17:00:00,134.657,134.778,133.217,133.697,105049560.5469
2020-01-09 18:00:00,133.948,134.677,133.657,134.657,113619873.0469
2020-01-09 19:00:00,134.148,134.508,133.547,133.948,144770629.8828
2020-01-10 13:00:00,116.397,117.688,116.147,117.487,175602905.2734
2020-01-10 14:00:00,116.767,117.008,116.267,116.407,282739288.3301
2020-01-10 15:00:00,116.308,116.878,116.138,116.758,231263046.2646
2020-01-10 16:00:00,116.298,116.438,115.827,116.307,176737747.1924
2020-01-10 17:00:00,116.428,116.908,116.217,116.307,158586227.417
2020-01-10 18:00:00,116.737,116.918,115.907,116.417,281032409.668
2020-01-10 19:00:00,116.757,116.978,116.117,116.738,221700103.7598
2020-01-12 14:00:00,122.377,122.577,120.007,120.957,163583755.4932
2020-01-12 15:00:00,122.448,122.947,121.607,122.378,250677703.8574
2020-01-12 16:00:00,123.097,123.237,122.078,122.458,165449493.4082
2020-01-12 17:00:00,122.578,123.458,122.547,123.098,121217399.5972
2020-01-12 18:00:00,122.767,123.278,122.548,122.568,88107872.0093
2020-01-12 19:00:00,122.767,123.208,122.617,122.748,94559173.584
2020-01-12 20:00:00,122.617,122.948,122.047,122.777,177790466.3086
2020-02-01 16:00:00,298.398,298.738,297.448,298.097,101194999.6948
2020-02-01 17:00:00,298.698,298.768,298.057,298.408,94332496.6431
2020-02-01 18:00:00,298.448,298.708,298.097,298.698,84730003.3569
2020-02-01 19:00:00,299.058,299.137,298.047,298.448,86305000.3052
2020-02-01 20:00:00,300.457,300.488,299.037,299.067,146835006.7139
2020-02-03 14:00:00,281.668,284.168,277.738,282.228,82477500.9155
2020-02-03 15:00:00,285.018,286.358,279.778,281.558,403937500.0
2020-02-03 16:00:00,292.708,292.868,284.897,285.028,424679992.6758
2020-02-03 17:00:00,292.028,293.518,289.038,292.707,349177490.2344
2020-02-03 18:00:00,290.588,292.248,287.488,292.018,325109985.3516
2020-02-03 19:00:00,288.318,291.918,286.838,290.558,357702514.6484
2020-02-03 20:00:00,298.728,298.758,288.038,288.308,402667510.9863
2020-02-04 13:00:00,239.318,242.018,237.567,239.448,115862503.0518
2020-02-04 14:00:00,242.568,244.328,238.898,239.358,380972503.6621
2020-02-04 15:00:00,242.668,243.278,241.187,242.537,383357513.4277
2020-02-04 16:00:00,242.617,243.498,241.657,242.708,346635009.7656
2020-02-04 17:00:00,240.148,243.208,238.958,242.657,353135009.7656
2020-02-04 18:00:00,240.947,241.028,236.898,240.158,385019989.0137
2020-02-04 19:00:00,244.768,244.988,240.497,240.948,415665008.5449
2020-02-06 13:00:00,320.987,322.428,320.618,320.928,122584999.0845
2020-02-06 14:00:00,320.468,322.288,320.167,320.987,316347503.6621
2020-02-06 15:00:00,319.707,320.508,318.897,320.468,334089996.3379
2020-02-06 16:00:00,321.048,321.088,319.607,319.708,237000000.0
2020-02-06 17:00:00,321.727,322.137,320.957,321.038,191672500.6104
2020-02-06 18:00:00,321.978,322.278,321.257,321.727,212957504.2725
2020-02-06 19:00:00,323.358,323.398,321.267,321.977,280227508.5449
2020-02-07 13:00:00,369.928,370.447,367.338,367.867,162167495.7275
2020-02-07 14:00:00,367.238,370.057,365.688,369.938,286709991.4551
2020-02-07 15:00:00,367.398,367.478,365.798,367.208,284049987.793
2020-02-07 16:00:00,367.558,368.038,366.677,367.398,241139999.3896
2020-02-07 17:00:00,366.427,367.568,366.267,367.558,183285003.6621
2020-02-07 18:00:00,367.087,367.297,366.137,366.428,203547500.6104
2020-02-07 19:00:00,364.108,367.248,363.768,367.087,261040008.5449
2020-02-09 13:00:00,128.288,137.718,126.988,137.548,217591659.5459
2020-02-09 14:00:00,130.838,132.498,128.237,128.357,313016021.7285
2020-02-09 15:00:00,129.697,131.208,127.097,130.847,338532592.7734
2020-02-09 16:00:00,130.417,131.258,129.407,129.678,262186126.709
2020-02-09 17:00:00,131.008,131.638,129.688,130.418,151115097.0459
2020-02-09 18:00:00,130.358,131.348,130.297,131.017,135277618.4082
2020-02-09 19:00:00,131.158,131.778,130.368,130.368,206370758.0566
2020-02-10 13:00:00,114.158,114.598,112.217,112.797,214576248.1689
2020-02-10 14:00:00,115.118,115.368,114.058,114.158,324413665.7715
2020-02-10 15:00:00,113.297,115.167,113.127,115.098,300475311.2793
2020-02-10 16:00:00,114.077,114.548,112.557,113.287,340114501.9531
2020-02-10 17:00:00,113.577,114.148,113.267,114.078,264073577.8809
2020-02-10 18:00:00,113.717,114.258,113.177,113.577,251865432.7393
2020-02-10 19:00:00,113.008,113.918,112.947,113.717,253247665.4053
2020-02-11 14:00:00,109.787,110.658,109.107,109.107,113800003.0518
2020-02-11 15:00:00,108.477,110.208,108.418,109.788,170509994.5068
2020-02-11 16:00:00,107.898,108.668,107.707,108.478,136150802.6123
2020-02-11 17:00:00,108.117,108.588,107.787,107.907,223504318.2373
2020-02-11 18:00:00,107.408,108.238,107.317,108.128,218827804.5654
2020-02-11 19:00:00,107.827,108.088,107.347,107.408,219873596.1914
2020-02-11 20:00:00,108.578,108.757,107.727,107.818,263786468.5059
2020-02-12 14:00:00,121.998,122.598,120.887,121.928,186888748.1689
2020-02-12 15:00:00,121.987,122.478,121.547,121.997,197143142.7002
2020-02-12 16:00:00,122.537,122.817,121.688,121.988,140642272.9492
2020-02-12 17:00:00,122.908,123.188,122.478,122.528,126685272.2168
2020-02-12 18:00:00,122.947,123.358,122.687,122.918,112067131.0425
2020-02-12 19:00:00,122.937,123.118,122.637,122.948,111584548.9502
2020-02-12 20:00:00,123.057,123.228,122.877,122.948,136841476.4404
2020-03-01 14:00:00,299.178,300.558,296.537,296.888,138157501.2207
2020-03-01 15:00:00,298.628,299.558,297.588,298.798,195262496.9482
2020-03-01 16:00:00,299.328,299.817,297.937,298.618,95742500.3052
2020-03-01 17:00:00,300.188,300.568,299.297,299.328,120522499.0845
2020-03-01 18:00:00,299.348,300.378,298.758,300.198,143192504.8828
2020-03-01 19:00:00,299.797,299.928,298.807,299.347,118754997.2534
2020-03-01 20:00:00,297.678,299.988,297.527,299.808,162262496.9482
2020-03-02 14:00:00,310.757,310.898,302.407,303.858,134595001.2207
2020-03-02 15:00:00,312.328,313.218,310.717,310.758,272982513.4277
2020-03-02 16:00:00,311.918,313.468,311.637,312.337,234147506.7139
2020-03-02 17:00:00,308.698,312.098,308.648,311.917,187282501.2207
2020-03-02 18:00:00,307.808,309.008,306.117,308.698,191117492.6758
2020-03-02 19:00:00,307.087,308.208,306.667,307.798,173899993.8965
2020-03-02 20:00:00,308.538,309.288,307.007,307.078,187824996.9482
2020-03-03 14:00:00,294.268,303.608,292.247,303.608,125222503.6621
2020-03-03 15:00:00,299.277,303.847,294.028,294.198,40854999.5422
2020-03-03 16:00:00,295.848,299.887,291.108,299.338,75485000.6104
2020-03-03 17:00:00,293.738,297.427,292.747,295.838,146222503.6621
2020-03-03 18:00:00,288.138,293.698,287.998,293.698,140887496.9482
2020-03-03 19:00:00,290.227,290.648,285.798,288.138,227550003.0518
2020-03-03 20:00:00,289.147,293.388,287.838,290.258,214770004.2725
2020-03-04 13:00:00,244.538,245.658,242.637,242.637,92142501.8311
2020-03-04 14:00:00,242.938,245.608,241.517,244.587,305157501.2207
2020-03-04 15:00:00,242.288,243.547,241.537,242.997,210622497.5586
2020-03-04 16:00:00,241.768,242.608,240.618,242.308,220350006.1035
2020-03-04 17:00:00,240.358,242.468,239.888,241.768,193389999.3896
2020-03-04 18:00:00,240.718,240.868,239.287,240.338,247742492.6758
2020-03-04 19:00:00,241.428,241.638,238.957,240.697,322812500.0
2020-03-06 13:00:00,324.387,324.937,322.497,324.847,137747497.5586
2020-03-06 14:00:00,323.908,324.807,323.048,324.447,276200012.207
2020-03-06 15:00:00,323.647,324.538,323.317,323.905,265332489.0137
2020-03-06 16:00:00,323.298,323.918,322.297,323.637,213307495.1172
2020-03-06 17:00:00,323.967,324.397,323.147,323.297,219902496.3379
2020-03-06 18:00:00,324.518,324.978,323.847,323.968,221167495.7275
2020-03-06 19:00:00,324.957,325.988,324.268,324.538,188483322.1436
2020-03-08 13:00:00,442.048,444.648,431.517,432.698,230277496.3379
2020-03-08 14:00:00,438.168,446.458,436.267,442.048,400897491.4551
2020-03-08 15:00:00,439.407,440.587,436.878,438.168,279722503.6621
2020-03-08 16:00:00,436.678,439.598,435.378,439.357,254377502.4414
2020-03-08 17:00:00,435.928,437.568,434.557,436.687,235095001.2207
2020-03-08 18:00:00,438.587,439.597,435.687,435.927,261204986.5723
2020-03-08 19:00:00,435.717,438.868,435.067,438.587,320070007.3242
2020-03-09 13:00:00,127.317,128.798,126.267,126.857,217870498.6572
2020-03-09 14:00:00,124.957,127.758,123.207,127.288,443064605.7129
2020-03-09 15:00:00,124.098,125.137,120.737,124.947,439004150.3906
2020-03-09 16:00:00,122.678,124.367,122.068,124.107,364869781.4941
2020-03-09 17:00:00,122.747,123.798,121.807,122.668,354829040.5273
2020-03-09 18:00:00,121.768,123.368,121.767,122.747,315823455.8105
2020-03-09 19:00:00,120.987,122.207,120.488,121.767,505399078.3691
2020-03-11 14:00:00,109.877,109.928,108.727,109.618,145627838.1348
2020-03-11 15:00:00,111.167,111.207,109.777,109.888,227269790.6494
2020-03-11 16:00:00,110.888,111.438,110.667,111.167,201291122.4365
2020-03-11 17:00:00,110.697,111.048,110.518,110.888,158500411.9873
2020-03-11 18:00:00,109.837,110.898,109.748,110.708,173245117.1875
2020-03-11 19:00:00,110.347,110.458,109.797,109.837,184021286.0107
2020-03-11 20:00:00,110.397,111.448,109.987,110.357,251397766.1133
2020-03-12 14:00:00,123.157,123.768,122.688,123.507,127509353.6377
2020-03-12 15:00:00,122.587,123.438,122.577,123.158,164482086.1816
2020-03-12 16:00:00,123.077,123.177,122.207,122.598,123923362.7319
2020-03-12 17:00:00,122.877,123.188,122.717,123.098,109098426.8188
2020-03-12 18:00:00,122.657,123.018,122.588,122.887,97762016.2964
2020-03-12 19:00:00,123.028,123.038,122.607,122.658,79052513.1226
2020-03-12 20:00:00,122.927,123.318,122.527,123.028,171710342.4072
2020-04-02 14:00:00,314.358,316.808,313.628,315.537,146240005.4932
2020-04-02 15:00:00,317.477,317.488,313.798,314.387,230289993.2861
2020-04-02 16:00:00,318.367,319.518,317.128,317.477,139372497.5586
2020-04-02 17:00:00,318.298,318.488,317.307,318.378,110879997.2534
2020-04-02 18:00:00,319.258,319.367,317.808,318.328,89690002.4414
2020-04-02 19:00:00,318.848,319.618,318.597,319.288,96112503.0518
2020-04-02 20:00:00,318.928,319.127,317.397,318.838,139399993.8965
2020-04-03 14:00:00,294.558,298.328,293.088,297.748,136089996.3379
2020-04-03 15:00:00,295.178,298.108,294.327,294.838,360092498.7793
2020-04-03 16:00:00,295.298,297.408,294.318,295.178,352464996.3379
2020-04-03 17:00:00,298.917,298.968,295.327,295.327,268125244.1406
2020-04-03 18:00:00,298.898,300.698,298.537,298.918,293802490.2344
2020-04-03 19:00:00,299.068,300.168,297.817,298.898,249205001.8311
2020-04-03 20:00:00,302.758,303.008,298.367,299.077,313845001.2207
2020-04-05 13:00:00,288.688,289.498,286.288,289.038,152179992.6758
2020-04-05 14:00:00,290.128,291.448,288.508,288.687,291752502.4414
2020-04-05 15:00:00,291.488,292.077,289.858,290.118,261712493.8965
2020-04-05 16:00:00,289.657,292.067,289.068,291.488,233145004.2725
2020-04-05 17:00:00,290.698,290.748,288.128,289.658,176429992.6758
2020-04-05 18:00:00,291.528,291.668,289.948,290.688,195205001.8311
2020-04-05 19:00:00,293.328,293.678,291.137,291.527,248164993.2861
2020-04-06 13:00:00,324.667,325.597,324.178,324.568,68924751.2817
2020-04-06 14:00:00,324.668,325.598,324.437,324.678,159430999.7559
2020-04-06 15:00:00,324.097,324.778,322.828,324.667,179381988.5254
2020-04-06 16:00:00,322.468,324.347,322.447,324.077,133209228.5156
2020-04-06 17:00:00,323.628,323.908,322.427,322.478,99267089.8438
2020-04-06 18:00:00,320.848,323.828,320.848,323.627,131328598.0225
2020-04-06 19:00:00,322.282,322.318,320.767,320.848,288469024.6582
2020-04-08 13:00:00,438.047,439.238,433.507,436.307,140104995.7275
2020-04-08 14:00:00,438.787,443.118,437.778,438.048,269947509.7656
2020-04-08 15:00:00,439.947,440.267,437.487,438.788,194817504.8828
2020-04-08 16:00:00,438.827,440.468,438.077,439.958,179987503.0518
2020-04-08 17:00:00,440.288,440.668,438.497,438.828,174312500.0
2020-04-08 18:00:00,437.438,440.498,435.917,440.317,193455001.8311
2020-04-08 19:00:00,438.658,438.848,436.457,437.437,231764999.3896
2020-04-09 13:00:00,116.428,123.657,113.697,120.008,298107238.7695
2020-04-09 14:00:00,115.197,118.038,110.918,116.418,640571044.9219
2020-04-09 15:00:00,118.457,118.468,113.337,115.177,540170043.9453
2020-04-09 16:00:00,118.857,120.648,117.387,118.467,494175384.5215
2020-04-09 17:00:00,118.558,118.888,116.327,118.847,419852966.3086
2020-04-09 18:00:00,121.458,121.618,118.067,118.558,476867218.0176
2020-04-09 19:00:00,120.878,122.678,120.387,121.467,567018493.6523
2020-04-11 14:00:00,113.527,114.427,112.358,113.958,288923614.502
2020-04-11 15:00:00,114.867,115.487,113.488,113.538,390385101.3184
2020-04-11 16:00:00,115.098,115.207,113.807,114.888,303541503.9063
2020-04-11 17:00:00,115.177,115.577,114.657,115.088,246903396.6064
2020-04-11 18:00:00,114.847,115.498,114.607,115.187,268446533.2031
2020-04-11 19:00:00,115.028,115.167,114.427,114.857,247050765.9912
2020-04-11 20:00:00,114.858,115.488,114.557,115.038,282035614.0137
2020-04-12 14:00:00,122.057,122.848,121.537,122.597,133150558.4717
2020-04-12 15:00:00,121.777,122.168,121.517,122.047,140419509.8877
2020-04-12 16:00:00,122.368,122.658,121.617,121.787,118972259.5215
2020-04-12 17:00:00,122.148,122.388,121.817,122.357,92802299.4995
2020-04-12 18:00:00,121.827,122.198,121.797,122.148,52189559.9365
2020-04-12 19:00:00,122.068,122.167,121.667,121.827,65692199.707
2020-04-12 20:00:00,122.187,122.288,121.878,122.078,85583900.4517
2020-05-02 14:00:00,322.918,324.708,320.898,323.578,124527496.3379
2020-05-02 15:00:00,320.708,323.448,318.937,322.918,293572509.7656
2020-05-02 16:00:00,321.347,321.568,319.697,320.707,215324996.9482
2020-05-02 17:00:00,321.357,322.037,320.857,321.347,138574996.9482
2020-05-02 18:00:00,320.587,321.388,319.937,321.357,139494995.1172
2020-05-02 19:00:00,321.248,321.498,320.048,320.588,129335006.7139
2020-05-02 20:00:00,321.418,322.458,320.507,321.267,185154998.7793
2020-05-03 14:00:00,295.287,297.397,294.408,295.428,99620002.7466
2020-05-03 15:00:00,297.618,299.218,294.297,295.337,321697509.7656
2020-05-03 16:00:00,297.378,299.518,296.857,297.628,267559997.5586
2020-05-03 17:00:00,294.198,297.747,293.218,297.388,271537506.1035
2020-05-03 18:00:00,296.018,296.808,293.397,294.198,293577514.6484
2020-05-03 19:00:00,294.398,295.988,293.748,295.988,328522491.4551
2020-05-03 20:00:00,293.088,294.928,291.408,294.397,369327514.6484
2020-05-05 13:00:00,297.438,298.198,294.447,294.977,160330001.8311
2020-05-05 14:00:00,298.008,298.658,296.547,297.458,270112487.793
2020-05-05 15:00:00,298.867,299.068,297.318,298.017,217369995.1172
2020-05-05 16:00:00,299.307,299.788,298.527,298.868,195565002.4414
2020-05-05 17:00:00,299.718,299.988,298.647,299.308,194557495.1172
2020-05-05 18:00:00,300.928,300.978,299.497,299.708,173632507.3242
2020-05-05 19:00:00,297.407,300.988,297.038,300.918,329665008.5449
2020-05-06 13:00:00,326.757,327.978,323.448,323.448,194527496.3379
2020-05-06 14:00:00,327.927,327.988,325.697,326.757,371307495.1172
2020-05-06 15:00:00,329.577,329.777,327.607,327.927,289035003.6621
2020-05-06 16:00:00,329.927,329.988,328.997,329.587,245607498.1689
2020-05-06 17:00:00,330.297,331.108,329.438,329.917,227412506.1035
2020-05-06 18:00:00,330.228,330.678,329.328,330.297,235104995.7275
2020-05-06 19:00:00,331.587,331.728,329.797,330.228,274250000.0
2020-05-08 13:00:00,440.247,441.518,435.548,437.587,207475006.1035
2020-05-08 14:00:00,436.928,440.937,436.927,440.297,346420013.4277
2020-05-08 15:00:00,437.697,438.947,436.927,436.937,307684997.5586
2020-05-08 16:00:00,436.847,438.417,436.057,437.697,262937500.0
2020-05-08 17:00:00,437.097,437.878,436.808,436.848,225929992.6758
2020-05-08 18:00:00,439.307,439.637,436.597,437.097,226952499.3896
2020-05-08 19:00:00,440.218,440.457,437.757,439.338,291067504.8828
2020-05-10 13:00:00,114.578,114.658,113.547,113.908,144039367.6758
2020-05-10 14:00:00,115.127,115.478,114.587,114.587,190865142.8223
2020-05-10 15:00:00,115.158,115.347,114.817,115.118,156085617.0654
2020-05-10 16:00:00,115.808,115.827,115.057,115.168,109660797.1191
2020-05-10 17:00:00,115.467,116.088,115.327,115.807,109546852.1118
2020-05-10 18:00:00,115.957,115.967,115.167,115.468,121721000.6714
2020-05-10 19:00:00,116.467,116.618,115.868,115.947,139518280.0293
2020-05-11 14:00:00,118.758,119.608,116.858,117.918,207773757.9346
2020-05-11 15:00:00,118.387,119.228,117.567,118.777,323688232.4219
2020-05-11 16:00:00,118.107,118.578,117.897,118.388,215434280.3955
2020-05-11 17:00:00,117.958,118.357,117.417,118.118,174227172.8516
2020-05-11 18:00:00,118.397,118.458,117.837,117.968,116634979.248
2020-05-11 19:00:00,119.147,119.248,118.337,118.387,173345535.2783
2020-05-11 20:00:00,118.897,119.288,118.447,119.147,223357284.5459
2020-06-01 14:00:00,296.838,296.978,292.797,293.778,130100006.1035
2020-06-01 15:00:00,298.008,298.218,296.218,296.838,195817504.8828
2020-06-01 16:00:00,298.438,299.608,297.628,298.007,150514999.3896
2020-06-01 17:00:00,298.117,298.438,297.138,298.437,115569999.6948
2020-06-01 18:00:00,299.178,299.358,298.028,298.118,96980003.3569
2020-06-01 19:00:00,299.377,299.948,298.978,299.177,107595001.2207
2020-06-01 20:00:00,299.648,299.808,298.927,299.377,142744995.1172
2020-06-02 14:00:00,322.367,323.658,320.308,322.868,75452499.3896
2020-06-02 15:00:00,321.658,322.468,320.377,322.368,163632507.3242
2020-06-02 16:00:00,321.628,322.828,321.317,321.667,163872497.5586
2020-06-02 17:00:00,323.497,323.538,321.527,321.628,111527496.3379
2020-06-02 18:00:00,324.568,324.688,323.338,323.498,84407501.2207
2020-06-02 19:00:00,324.498,324.988,323.997,324.567,100629997.2534
2020-06-02 20:00:00,325.138,325.178,323.917,324.498,116875000.0
2020-06-03 14:00:00,284.328,285.487,281.258,281.888,186592498.7793
2020-06-03 15:00:00,287.777,289.998,284.307,284.328,379647491.4551
2020-06-03 16:00:00,284.478,288.008,284.117,287.788,363299987.793
2020-06-03 17:00:00,285.258,287.538,283.577,284.478,320497497.5586
2020-06-03 18:00:00,284.788,288.208,284.398,285.227,286815002.4414
2020-06-03 19:00:00,282.497,285.457,281.997,284.808,315274993.8965
2020-06-03 20:00:00,288.858,290.758,281.607,282.498,394579986.5723
2020-06-04 13:00:00,253.278,253.648,249.387,251.217,141887496.9482
2020-06-04 14:00:00,252.998,254.068,252.237,253.248,332037506.1035
2020-06-04 15:00:00,253.607,253.998,252.717,252.978,240102493.2861
2020-06-04 16:00:00,254.368,254.588,253.398,253.617,224102493.2861
2020-06-04 17:00:00,255.717,255.745,253.857,254.368,186985000.6104
2020-06-04 18:00:00,255.938,255.978,254.597,255.727,207095001.2207
2020-06-04 19:00:00,262.058,263.058,255.338,255.938,330077514.6484
2020-06-05 13:00:00,301.988,302.918,300.288,300.288,170757507.3242
2020-06-05 14:00:00,301.948,302.838,298.837,301.987,304912506.1035
2020-06-05 15:00:00,302.677,303.088,301.478,301.948,280345001.2207
2020-06-05 16:00:00,302.697,303.228,302.147,302.677,246957504.2725
2020-06-05 17:00:00,301.867,303.168,301.057,302.717,217017501.8311
2020-06-05 18:00:00,301.818,302.648,301.167,301.888,270700012.207
2020-06-05 19:00:00,300.498,302.698,300.497,301.818,310687500.0
2020-06-07 13:00:00,373.158,373.458,369.857,369.927,148485000.6104
2020-06-07 14:00:00,374.957,374.978,371.897,373.158,327092498.7793
2020-06-07 15:00:00,374.367,375.748,374.217,374.968,265882507.3242
2020-06-07 16:00:00,374.097,374.778,373.297,374.377,202040328.9795
2020-06-07 17:00:00,373.438,374.188,373.227,374.107,191947494.5068
2020-06-07 18:00:00,373.037,373.488,371.947,373.437,246595001.2207
2020-06-07 19:00:00,373.807,374.348,371.997,373.038,287172485.3516
2020-06-08 13:00:00,444.198,444.838,440.447,441.758,140404998.7793
2020-06-08 14:00:00,444.268,445.768,442.397,444.197,218252502.4414
2020-06-08 15:00:00,446.148,446.957,444.217,444.267,171882507.3242
2020-06-08 16:00:00,449.427,449.678,446.067,446.147,171925003.0518
2020-06-08 17:00:00,451.707,451.878,447.477,449.427,160690002.4414
2020-06-08 18:00:00,455.637,455.967,450.318,451.708,211369995.1172
2020-06-08 19:00:00,455.187,457.607,453.797,455.698,288932495.1172
2020-06-10 13:00:00,114.887,116.077,114.527,115.658,166125564.5752
2020-06-10 14:00:00,114.967,115.578,114.557,114.888,245806396.4844
2020-06-10 15:00:00,113.827,115.108,113.468,114.968,257065002.4414
2020-06-10 16:00:00,115.267,115.418,113.797,113.828,181842788.6963
2020-06-10 17:00:00,114.967,115.617,114.777,115.277,117104598.999
2020-06-10 18:00:00,114.028,115.997,113.127,114.967,205269683.8379
2020-06-10 19:00:00,113.157,114.067,112.237,114.048,430002593.9941
2020-06-11 14:00:00,116.277,118.618,116.117,118.198,188700881.958
2020-06-11 15:00:00,117.408,117.888,116.127,116.267,262385284.4238
2020-06-11 16:00:00,118.727,118.808,117.298,117.417,258204528.8086
2020-06-11 17:00:00,118.878,119.178,118.277,118.737,204616043.0908
2020-06-11 18:00:00,118.988,119.188,118.818,118.877,127022476.1963
2020-06-11 19:00:00,118.467,119.158,118.217,118.978,140680984.4971
2020-06-11 20:00:00,118.647,119.038,118.077,118.467,216048461.9141
2020-07-01 14:00:00,298.827,300.878,297.698,299.778,151470001.2207
2020-07-01 15:00:00,299.387,299.557,297.467,298.957,248597503.6621
2020-07-01 16:00:00,298.928,299.868,298.538,299.388,147964996.3379
2020-07-01 17:00:00,299.568,299.618,298.647,298.927,111287498.4741
2020-07-01 18:00:00,300.067,300.397,299.547,299.568,97832496.6431
2020-07-01 19:00:00,298.988,300.078,298.947,300.068,119525001.5259
2020-07-01 20:00:00,298.277,299.538,297.947,298.997,126324996.9482
2020-07-02 14:00:00,321.158,322.628,320.597,322.207,94172500.6104
2020-07-02 15:00:00,322.367,323.288,320.468,321.147,176304992.6758
2020-07-02 16:00:00,322.818,323.318,321.738,322.367,130774993.8965
2020-07-02 17:00:00,322.578,323.388,322.547,322.808,112742500.3052
2020-07-02 18:00:00,320.727,322.737,320.678,322.577,139914993.2861
2020-07-02 19:00:00,319.547,320.997,318.318,320.727,166152496.3379
2020-07-02 20:00:00,319.988,319.988,318.117,319.548,178279998.7793
2020-07-04 13:00:00,269.318,271.457,266.237,271.457,155352493.2861
2020-07-04 14:00:00,264.188,269.618,262.998,269.328,307762512.207
2020-07-04 15:00:00,265.797,266.768,263.417,264.187,296452514.6484
2020-07-04 16:00:00,265.967,267.677,264.907,265.818,238554992.6758
2020-07-04 17:00:00,263.317,266.318,262.808,265.968,228500000.0
2020-07-04 18:00:00,259.987,263.418,259.068,263.308,240005004.8828
2020-07-04 19:00:00,259.218,263.068,258.967,259.968,188865005.4932
2020-07-05 13:00:00,304.538,305.157,303.157,303.198,181529998.7793
2020-07-05 14:00:00,302.867,304.877,301.978,304.548,302592498.7793
2020-07-05 15:00:00,303.928,304.257,302.637,302.888,246852493.2861
2020-07-05 16:00:00,304.158,304.388,303.567,303.918,225857498.1689
2020-07-05 17:00:00,303.938,304.368,303.658,304.157,195127502.4414
2020-07-05 18:00:00,303.618,304.127,303.187,303.937,230294998.1689
2020-07-05 19:00:00,303.658,303.888,302.558,303.608,299282501.2207
2020-07-07 13:00:00,375.798,376.868,373.998,375.498,157362503.0518
2020-07-07 14:00:00,378.057,378.597,375.227,375.808,340799987.793
2020-07-07 15:00:00,377.627,378.488,377.217,378.077,266112487.793
2020-07-07 16:00:00,376.577,377.827,375.417,377.628,224257507.3242
2020-07-07 17:00:00,375.788,376.818,375.178,376.567,279167510.9863
2020-07-07 18:00:00,375.438,375.997,374.847,375.787,312112487.793
2020-07-07 19:00:00,372.877,375.728,372.237,375.447,343079986.5723
2020-07-08 13:00:00,452.457,453.838,449.087,452.768,239625000.0
2020-07-08 14:00:00,452.918,453.338,448.107,452.498,377565002.4414
2020-07-08 15:00:00,448.837,453.318,448.697,452.928,367320007.3242
2020-07-08 16:00:00,446.277,450.448,445.687,448.838,369052490.2344
2020-07-08 17:00:00,444.148,447.018,442.897,446.267,389987487.793
2020-07-08 18:00:00,444.538,445.738,441.147,444.147,403179992.6758
2020-07-08 19:00:00,444.408,446.718,443.847,444.537,439992492.6758
2020-07-10 13:00:00,114.638,115.228,114.377,114.547,147631927.4902
2020-07-10 14:00:00,114.898,114.918,114.127,114.647,204792236.3281
2020-07-10 15:00:00,114.678,115.138,114.667,114.907,116408416.748
2020-07-10 16:00:00,114.947,114.988,114.127,114.688,135937240.6006
2020-07-10 17:00:00,115.197,115.458,114.867,114.958,92349098.2056
2020-07-10 18:00:00,115.288,115.438,114.978,115.188,96809066.7725
2020-07-10 19:00:00,115.007,115.437,114.828,115.277,113403671.2646
2020-07-12 14:00:00,124.437,124.507,122.248,122.367,114732772.8271
2020-07-12 15:00:00,124.027,124.558,123.697,124.428,172772018.4326
2020-07-12 16:00:00,124.078,124.347,123.728,124.017,117236572.2656
2020-07-12 17:00:00,124.067,124.258,123.778,124.077,100662002.5635
2020-07-12 18:00:00,123.897,124.078,123.407,124.058,106684402.4658
2020-07-12 19:00:00,124.007,124.277,123.767,123.888,76967269.8975
2020-07-12 20:00:00,123.728,124.037,123.287,124.018,119810150.1465
2020-08-01 14:00:00,298.348,299.068,297.207,297.208,111482498.1689
2020-08-01 15:00:00,297.717,298.738,297.348,298.378,179389999.3896
2020-08-01 16:00:00,300.088,300.188,297.497,297.718,190677505.4932
2020-08-01 17:00:00,302.628,303.028,300.047,300.058,149422500.6104
2020-08-01 18:00:00,302.578,303.208,302.397,302.618,106832496.6431
2020-08-01 19:00:00,303.058,303.068,302.518,302.597,91317497.2534
2020-08-01 20:00:00,303.008,304.418,302.208,303.068,158732498.1689
2020-08-04 13:00:00,261.467,263.858,261.337,262.997,118037498.4741
2020-08-04 14:00:00,264.627,264.838,261.207,261.468,322547485.3516
2020-08-04 15:00:00,264.848,265.708,263.807,264.638,288760009.7656
2020-08-04 16:00:00,264.948,265.438,264.128,264.848,250604995.7275
2020-08-04 17:00:00,263.208,265.338,262.787,264.978,243804992.6758
2020-08-04 18:00:00,266.037,266.048,263.008,263.207,259187500.0
2020-08-04 19:00:00,265.547,267.357,263.627,266.047,301747497.5586
2020-08-05 13:00:00,304.858,306.057,304.277,305.588,164117492.6758
2020-08-05 14:00:00,306.358,306.718,304.848,304.857,312450012.207
2020-08-05 15:00:00,307.957,307.998,305.937,306.358,277502502.4414
2020-08-05 16:00:00,308.228,308.458,307.708,307.957,205167495.7275
2020-08-05 17:00:00,307.067,308.478,306.757,308.228,233812500.0
2020-08-05 18:00:00,307.698,307.917,306.617,307.068,239632507.3242
2020-08-05 19:00:00,310.007,310.267,307.647,307.717,309402496.3379
2020-08-06 13:00:00,329.068,331.328,328.797,330.058,87372497.5586
2020-08-06 14:00:00,329.998,330.128,327.318,329.097,262190002.4414
2020-08-06 15:00:00,330.478,330.928,329.657,330.018,200529998.7793
2020-08-06 16:00:00,330.497,330.688,329.817,330.497,184137496.9482
2020-08-06 17:00:00,332.407,332.418,329.947,330.498,154182495.1172
2020-08-06 18:00:00,332.788,333.048,331.928,332.408,155232498.1689
2020-08-06 19:00:00,333.542,333.547,332.138,332.788,201244995.1172
2020-08-07 13:00:00,380.078,380.828,376.408,376.678,120897499.0845
2020-08-07 14:00:00,380.408,380.617,378.048,380.087,253460006.7139
2020-08-07 15:00:00,379.728,380.558,376.638,380.407,221487503.0518
2020-08-07 16:00:00,380.258,380.348,378.678,379.778,196494995.1172
2020-08-07 17:00:00,378.608,380.337,377.867,380.258,192532501.2207
2020-08-07 18:00:00,380.008,380.108,378.097,378.627,200467498.7793
2020-08-07 19:00:00,381.298,381.428,379.497,380.008,268244995.1172
2020-08-09 13:00:00,117.258,117.268,113.217,114.187,300012145.9961
2020-08-09 14:00:00,116.707,118.948,116.117,117.307,582581848.1445
2020-08-09 15:00:00,116.247,118.027,115.497,116.727,494248291.0156
2020-08-09 16:00:00,116.897,117.178,115.697,116.247,443165893.5547
2020-08-09 17:00:00,115.738,117.018,115.637,116.887,330469512.9395
2020-08-09 18:00:00,114.477,116.008,113.468,115.768,376467926.0254
2020-08-09 19:00:00,112.828,114.468,112.677,114.468,451893402.0996
2020-08-10 13:00:00,115.517,116.367,115.357,116.218,149621566.7725
2020-08-10 14:00:00,115.257,115.668,115.037,115.527,186447082.5195
2020-08-10 15:00:00,115.217,115.768,114.917,115.247,152127273.5596
2020-08-10 16:00:00,115.258,115.528,115.157,115.227,95108718.8721
2020-08-10 17:00:00,114.698,115.288,114.647,115.268,97756271.3623
2020-08-10 18:00:00,115.087,115.127,114.577,114.708,84433166.5039
2020-08-10 19:00:00,114.918,115.118,114.787,115.088,107515678.4058
2020-08-12 14:00:00,123.888,124.538,123.447,124.358,128038299.5605
2020-08-12 15:00:00,123.328,124.198,123.087,123.888,147431732.1777
2020-08-12 16:00:00,123.897,123.898,123.168,123.327,106573371.8872
2020-08-12 17:00:00,124.288,124.398,123.848,123.877,79934768.6768
2020-08-12 18:00:00,124.757,124.858,124.227,124.287,90508850.0977
2020-08-12 19:00:00,124.948,124.948,124.377,124.758,73922180.1758
2020-08-12 20:00:00,124.317,124.968,124.317,124.947,92444656.3721
2020-09-01 14:00:00,308.278,308.878,306.867,307.118,147012496.9482
2020-09-01 15:00:00,309.078,309.447,307.408,308.288,185449996.9482
2020-09-01 16:00:00,309.898,310.398,308.997,309.088,157559997.5586
2020-09-01 17:00:00,307.638,309.998,306.168,309.907,177392501.8311
2020-09-01 18:00:00,309.068,309.778,307.438,307.648,154742492.6758
2020-09-01 19:00:00,309.007,309.468,308.708,309.058,122184997.5586
2020-09-01 20:00:00,309.578,309.638,308.258,309.008,172975006.1035
2020-09-03 13:00:00,272.488,274.938,263.038,263.038,18372499.4659
2020-09-03 14:00:00,271.558,277.338,269.407,272.997,165845001.2207
2020-09-03 15:00:00,276.118,277.558,270.027,271.557,281017486.5723
2020-09-03 16:00:00,274.808,278.058,273.177,276.067,268812500.0
2020-09-03 17:00:00,270.748,276.328,270.428,274.778,254697494.5068
2020-09-03 18:00:00,270.077,271.848,267.898,270.808,178632507.3242
2020-09-03 19:00:00,266.187,273.758,266.187,270.087,183649993.8965
2020-09-04 13:00:00,269.707,270.008,267.447,268.498,110192497.2534
2020-09-04 14:00:00,266.408,269.818,264.788,269.708,312904998.7793
2020-09-04 15:00:00,267.148,267.738,264.658,266.367,337977508.5449
2020-09-04 16:00:00,267.107,267.667,265.668,267.148,281167510.9863
2020-09-04 17:00:00,266.987,267.738,266.178,267.108,264912506.1035
2020-09-04 18:00:00,266.237,267.638,265.228,266.987,313214996.3379
2020-09-04 19:00:00,267.858,268.858,265.657,266.237,340172485.3516
2020-09-06 13:00:00,335.948,337.068,332.008,332.008,129252502.4414
2020-09-06 14:00:00,339.488,339.608,335.498,335.977,278407501.2207
2020-09-06 15:00:00,341.118,342.208,339.367,339.468,252977493.2861
2020-09-06 16:00:00,344.367,344.828,341.077,341.127,195747497.5586
2020-09-06 17:00:00,345.218,345.398,343.637,344.348,154684997.5586
2020-09-06 18:00:00,343.827,345.577,342.678,345.217,177740005.4932
2020-09-06 19:00:00,343.797,345.068,343.598,343.828,209710006.7139
2020-09-07 13:00:00,384.188,385.098,382.288,384.998,129360000.6104
2020-09-07 14:00:00,379.658,384.768,379.638,384.188,241809997.5586
2020-09-07 15:00:00,381.318,381.668,378.657,379.618,173669998.1689
2020-09-07 16:00:00,382.878,383.197,380.997,381.318,261975006.1035
2020-09-07 17:00:00,381.448,383.478,381.137,382.878,232692504.8828
2020-09-07 18:00:00,382.728,383.028,381.137,381.448,233815002.4414
2020-09-07 19:00:00,382.887,383.948,379.997,382.727,292842498.7793
2020-09-09 13:00:00,116.328,117.707,115.247,117.177,260357971.1914
2020-09-09 14:00:00,117.808,118.158,115.797,116.357,432501373.291
2020-09-09 15:00:00,117.838,118.438,116.967,117.827,290816772.4609
2020-09-09 16:00:00,118.408,118.517,117.657,117.838,220432815.5518
2020-09-09 17:00:00,117.408,119.128,117.297,118.417,281518066.4063
2020-09-09 18:00:00,117.857,118.268,117.097,117.417,224954559.3262
2020-09-09 19:00:00,117.158,118.138,116.987,117.857,224603790.2832
2020-09-10 13:00:00,115.927,116.267,114.907,115.178,120068748.4741
2020-09-10 14:00:00,116.257,116.348,115.668,115.938,169362609.8633
2020-09-10 15:00:00,116.128,116.358,115.797,116.257,124583808.8989
2020-09-10 16:00:00,116.277,116.338,115.777,116.117,107256446.8384
2020-09-10 17:00:00,116.128,116.617,115.978,116.278,88517753.6011
2020-09-10 18:00:00,116.087,116.438,116.037,116.127,91426063.5376
2020-09-10 19:00:00,116.928,116.988,116.028,116.087,100901512.146
2020-09-11 14:00:00,119.757,121.677,118.468,120.328,312605926.5137
2020-09-11 15:00:00,120.598,121.977,119.658,119.737,461279998.7793
2020-09-11 16:00:00,120.547,121.667,119.717,120.617,378015014.6484
2020-09-11 17:00:00,120.807,120.947,119.987,120.547,324385009.7656
2020-09-11 18:00:00,119.627,120.988,119.368,120.818,200979995.7275
2020-09-11 19:00:00,118.517,119.798,118.197,119.627,298089996.3379
2020-09-11 20:00:00,116.337,118.928,116.067,118.537,363065002.4414
2020-09-12 14:00:00,125.847,125.937,123.877,124.508,132759918.2129
2020-09-12 15:00:00,125.398,125.887,124.587,125.847,222700164.7949
2020-09-12 16:00:00,124.888,125.427,124.667,125.378,155586334.2285
2020-09-12 17:00:00,123.637,124.908,122.828,124.878,176537506.1035
2020-09-12 18:00:00,121.637,123.698,121.607,123.628,350821899.4141
2020-09-12 19:00:00,121.617,122.238,121.097,121.648,323861175.5371
2020-09-12 20:00:00,121.697,122.197,121.067,121.617,262198699.9512
2020-10-01 14:00:00,312.038,312.157,309.678,310.768,127904998.7793
2020-10-01 15:00:00,312.028,312.648,311.657,312.037,191032501.2207
2020-10-01 16:00:00,311.077,312.307,310.428,312.028,156000000.0
2020-10-01 17:00:00,309.768,311.108,308.227,311.078,170464996.3379
2020-10-01 18:00:00,310.658,310.928,309.698,309.757,105410003.6621
2020-10-01 19:00:00,310.038,310.928,309.277,310.667,128554992.6758
2020-10-01 20:00:00,310.338,310.398,309.217,310.037,199589996.3379
2020-10-02 14:00:00,318.237,318.918,313.858,314.168,105132499.6948
2020-10-02 15:00:00,318.908,320.047,316.597,318.208,129290435.791
2020-10-02 16:00:00,318.887,320.198,318.788,318.907,69708312.9883
2020-10-02 17:00:00,319.367,319.458,318.118,318.898,50866237.6404
2020-10-02 18:00:00,319.347,319.988,319.218,319.377,49285755.1575
2020-10-02 19:00:00,320.628,320.767,318.997,319.347,51635997.7722
2020-10-02 20:00:00,321.278,321.368,320.538,320.628,79888824.4629
2020-10-03 13:00:00,279.158,280.318,274.927,277.048,182619995.1172
2020-10-03 14:00:00,275.108,281.808,274.948,279.178,434432495.1172
2020-10-03 15:00:00,272.638,277.348,269.328,275.138,376359985.3516
2020-10-03 16:00:00,276.008,278.317,272.628,272.628,324772491.4551
2020-10-03 17:00:00,274.048,278.208,273.227,276.008,130402496.3379
2020-10-03 18:00:00,278.218,279.128,272.318,274.008,208285003.6621
2020-10-03 19:00:00,285.358,285.358,277.878,278.228,340415008.5449
2020-10-06 13:00:00,350.538,351.227,346.088,348.007,141772506.7139
2020-10-06 14:00:00,349.818,351.468,348.608,350.528,290977508.5449
2020-10-06 15:00:00,351.987,352.817,349.387,349.808,262897491.4551
2020-10-06 16:00:00,351.718,352.328,350.428,351.988,211867492.6758
2020-10-06 17:00:00,351.577,352.328,351.247,351.708,212130004.8828
2020-10-06 18:00:00,352.488,354.718,350.248,351.547,276742492.6758
2020-10-06 19:00:00,352.438,354.618,351.377,352.508,342964996.3379
2020-10-07 13:00:00,379.917,383.117,379.447,382.455,109589996.3379
2020-10-07 14:00:00,381.267,382.018,378.817,379.847,343862487.793
2020-10-07 15:00:00,382.018,382.508,380.467,381.248,250482498.1689
2020-10-07 16:00:00,380.858,382.208,380.407,382.017,219652496.3379
2020-10-07 17:00:00,381.387,381.958,380.648,380.858,176785003.6621
2020-10-07 18:00:00,383.317,383.358,381.097,381.398,180184997.5586
2020-10-07 19:00:00,383.568,383.868,382.727,383.328,236277496.3379
2020-10-08 13:00:00,449.637,455.058,447.858,450.068,252362503.0518
2020-10-08 14:00:00,441.238,450.678,441.177,449.707,470377502.4414
2020-10-08 15:00:00,448.157,449.058,439.997,441.237,460187500.0
2020-10-08 16:00:00,450.698,451.797,447.207,448.257,415692504.8828
2020-10-08 17:00:00,449.907,451.867,449.147,450.718,364839996.3379
2020-10-08 18:00:00,452.507,452.768,449.627,449.897,379980010.9863
2020-10-08 19:00:00,450.828,452.918,449.637,452.507,381929992.6758
2020-10-09 13:00:00,118.957,120.255,118.117,120.248,172734863.2813
2020-10-09 14:00:00,116.107,119.627,116.027,118.938,298565460.2051
2020-10-09 15:00:00,116.878,117.678,115.547,116.107,292207794.1895
2020-10-09 16:00:00,116.427,117.347,115.797,116.878,280550872.8027
2020-10-09 17:00:00,115.247,116.878,115.197,116.437,219844940.1855
2020-10-09 18:00:00,114.197,115.848,112.947,115.248,394953613.2813
2020-10-09 19:00:00,113.558,114.257,112.487,114.218,398428497.3145
2020-10-11 14:00:00,115.758,117.568,115.348,115.517,268885803.2227
2020-10-11 15:00:00,114.987,116.928,114.117,115.788,432807495.1172
2020-10-11 16:00:00,116.657,117.318,114.897,114.988,329617492.6758
2020-10-11 17:00:00,116.908,117.458,115.797,116.668,299872497.5586
2020-10-11 18:00:00,116.838,117.577,115.877,116.907,288595001.2207
2020-10-11 19:00:00,116.738,117.257,115.977,116.807,354890014.6484
2020-10-11 20:00:00,116.008,117.008,115.727,116.737,324635009.7656
2020-10-12 14:00:00,122.438,122.477,120.147,120.477,180350723.2666
2020-10-12 15:00:00,123.488,123.568,121.987,122.427,233415740.9668
2020-10-12 16:00:00,123.288,123.858,123.117,123.478,178376617.4316
2020-10-12 17:00:00,122.788,123.568,122.707,123.277,156042785.6445
2020-10-12 18:00:00,123.468,123.577,122.737,122.787,144558563.2324
2020-10-12 19:00:00,122.828,123.598,122.748,123.478,162122589.1113
2020-10-12 20:00:00,123.198,123.568,122.717,122.828,142679244.9951
2020-11-02 14:00:00,321.718,323.868,321.567,323.508,54045051.5747
2020-11-02 15:00:00,322.808,323.258,321.578,321.727,92757202.1484
2020-11-02 16:00:00,321.908,323.018,320.998,322.788,100317428.5889
2020-11-02 17:00:00,322.688,322.778,321.597,321.928,71105590.8203
2020-11-02 18:00:00,321.748,322.988,321.458,322.687,56884502.4109
2020-11-02 19:00:00,320.667,321.838,320.157,321.747,76335838.3179
2020-11-02 20:00:00,319.547,320.978,318.697,320.667,97617668.1519
2020-11-03 13:00:00,277.397,279.228,276.058,277.298,182432495.1172
2020-11-03 14:00:00,276.187,279.308,274.927,277.347,391697509.7656
2020-11-03 15:00:00,276.958,277.638,275.008,276.177,375657501.2207
2020-11-03 16:00:00,276.368,281.178,275.637,276.948,383042510.9863
2020-11-03 17:00:00,276.348,277.238,274.428,276.368,384089996.3379
2020-11-03 18:00:00,275.827,277.938,274.157,276.328,392642486.5723
2020-11-03 19:00:00,275.567,278.238,272.218,275.848,439545013.4277
2020-11-05 13:00:00,309.798,310.458,307.217,308.108,218747497.5586
2020-11-05 14:00:00,311.917,312.628,309.698,309.828,373859985.3516
2020-11-05 15:00:00,313.248,313.817,311.857,311.917,300947509.7656
2020-11-05 16:00:00,313.237,313.718,312.687,313.257,229517501.8311
2020-11-05 17:00:00,314.828,315.197,312.927,313.237,198529998.7793
2020-11-05 18:00:00,316.038,316.248,314.497,314.817,270345001.2207
2020-11-05 19:00:00,315.017,317.037,315.017,316.048,350242492.6758
2020-11-06 13:00:00,349.048,350.908,346.597,349.257,137610000.6104
2020-11-06 14:00:00,347.758,351.028,347.387,349.007,354049987.793
2020-11-06 15:00:00,348.248,350.018,346.928,347.758,344904998.7793
2020-11-06 16:00:00,340.358,348.298,339.468,348.248,335212493.8965
2020-11-06 17:00:00,342.758,344.668,339.818,340.308,334535003.6621
2020-11-06 18:00:00,339.148,342.768,338.218,342.737,346375000.0
2020-11-06 19:00:00,335.837,340.138,335.558,339.148,370277496.3379
2020-11-08 13:00:00,447.387,449.798,444.748,447.787,149392501.8311
2020-11-08 14:00:00,445.377,447.768,444.247,447.418,355607513.4277
2020-11-08 15:00:00,445.527,448.678,444.367,445.397,301402496.3379
2020-11-08 16:00:00,445.868,447.438,444.927,445.548,277517486.5723
2020-11-08 17:00:00,446.028,446.967,445.157,445.878,259912506.1035
2020-11-08 18:00:00,443.317,446.188,442.297,446.028,326312500.0
2020-11-08 19:00:00,437.718,443.638,436.398,443.317,462392486.5723
2020-11-09 13:00:00,112.718,115.195,112.257,114.518,196828063.9648
2020-11-09 14:00:00,112.548,113.627,111.077,112.688,382334838.8672
2020-11-09 15:00:00,111.537,113.868,111.488,112.557,326894714.3555
2020-11-09 16:00:00,110.727,112.408,110.697,111.528,302339874.2676
2020-11-09 17:00:00,110.407,111.348,110.017,110.728,378909820.5566
2020-11-09 18:00:00,111.297,112.198,110.268,110.408,306693511.9629
2020-11-09 19:00:00,111.937,112.527,110.697,111.277,351875366.2109
2020-11-11 14:00:00,117.697,118.068,116.438,117.098,199933975.2197
2020-11-11 15:00:00,118.157,118.488,117.617,117.698,311937591.5527
2020-11-11 16:00:00,118.767,118.767,117.827,118.158,159662506.1035
2020-11-11 17:00:00,119.217,119.468,118.527,118.758,149702499.3896
2020-11-11 18:00:00,119.098,119.548,119.037,119.228,139705001.8311
2020-11-11 19:00:00,118.918,119.528,118.697,119.108,175554992.6758
2020-11-11 20:00:00,119.477,119.617,118.797,118.928,192369995.1172
2020-11-12 14:00:00,121.317,122.738,120.887,122.497,150613082.8857
2020-11-12 15:00:00,121.318,121.998,121.157,121.318,188758575.4395
2020-11-12 16:00:00,120.978,121.698,120.787,121.327,121801269.5313
2020-11-12 17:00:00,121.398,121.438,120.537,120.988,140378250.1221
2020-11-12 18:00:00,121.707,121.828,121.217,121.388,84770050.0488
2020-11-12 19:00:00,121.967,122.148,121.617,121.718,128020904.541
2020-11-12 20:00:00,122.417,122.457,121.718,121.958,140866912.8418
2020-12-02 14:00:00,323.458,323.858,321.637,321.648,58404338.8367
2020-12-02 15:00:00,323.248,323.638,322.287,323.458,148550994.873
2020-12-02 16:00:00,324.368,324.638,323.157,323.247,84556480.4077
2020-12-02 17:00:00,325.268,325.387,323.997,324.377,61414749.1455
2020-12-02 18:00:00,325.128,325.328,324.667,325.278,52984058.3801
2020-12-02 19:00:00,325.258,325.518,324.727,325.128,56604339.5996
2020-12-02 20:00:00,327.087,327.188,324.867,325.277,76095306.3965
2020-12-03 13:00:00,258.748,258.748,250.328,256.808,42005001.0681
2020-12-03 14:00:00,259.418,262.338,253.868,258.218,251970001.2207
2020-12-03 15:00:00,252.597,259.398,250.997,259.378,337184997.5586
2020-12-03 16:00:00,257.848,260.068,249.548,252.598,374882507.3242
2020-12-03 17:00:00,259.308,269.937,255.037,257.878,87617500.3052
2020-12-03 18:00:00,253.718,259.768,252.748,259.298,261402496.3379
2020-12-03 19:00:00,248.218,258.038,248.198,253.737,362942504.8828
2020-12-05 13:00:00,317.487,319.048,315.727,317.717,233320007.3242
2020-12-05 14:00:00,318.187,318.388,316.057,317.497,353619995.1172
2020-12-05 15:00:00,318.358,318.988,317.617,318.187,226798675.5371
2020-12-05 16:00:00,319.338,319.668,317.968,318.357,125932052.6123
2020-12-05 17:00:00,318.428,319.398,316.337,319.338,127242813.1104
2020-12-05 18:00:00,317.237,318.507,316.267,318.427,133993499.7559
2020-12-05 19:00:00,311.308,317.458,310.868,317.238,194119094.8486
2020-12-06 13:00:00,346.487,347.768,343.197,344.697,154752502.4414
2020-12-06 14:00:00,337.228,347.167,337.157,346.498,344079986.5723
2020-12-06 15:00:00,342.238,342.348,335.158,337.228,296679992.6758
2020-12-06 16:00:00,340.757,343.418,338.807,342.238,246262496.9482
2020-12-06 17:00:00,334.707,340.898,334.197,340.785,260332489.0137
2020-12-06 18:00:00,339.057,339.268,334.298,334.707,229842498.7793
2020-12-06 19:00:00,338.688,340.237,336.197,339.068,355397491.4551
2020-12-08 13:00:00,445.237,445.548,441.177,441.707,184014999.3896
2020-12-08 14:00:00,447.027,447.358,443.577,445.227,330494995.1172
2020-12-08 15:00:00,449.498,449.978,446.347,447.047,317214996.3379
2020-12-08 16:00:00,450.787,453.087,449.387,449.507,280997497.5586
2020-12-08 17:00:00,452.777,452.827,449.097,450.787,267649993.8965
2020-12-08 18:00:00,451.247,453.068,450.657,452.767,270440002.4414
2020-12-08 19:00:00,451.527,452.408,450.147,451.247,312964996.3379
2020-12-10 13:00:00,120.427,121.478,119.258,119.997,151809722.9004
2020-12-10 14:00:00,121.778,121.808,120.177,120.438,163503219.6045
2020-12-10 15:00:00,122.707,123.618,121.768,121.768,168176025.3906
2020-12-10 16:00:00,123.538,123.738,122.567,122.708,177126449.585
2020-12-10 17:00:00,124.298,124.468,123.347,123.547,151284133.9111
2020-12-10 18:00:00,124.288,125.168,124.148,124.307,190303527.832
2020-12-10 19:00:00,124.307,124.628,123.617,124.297,195183334.3506
2020-12-11 14:00:00,119.727,120.017,118.807,119.527,198077499.3896
2020-12-11 15:00:00,120.208,120.518,119.487,119.718,242222503.6621
2020-12-11 16:00:00,119.588,120.518,119.027,120.218,198272506.7139
2020-12-11 17:00:00,119.468,120.188,118.957,119.577,204357498.1689
2020-12-11 18:00:00,119.127,119.488,118.557,119.457,241637496.9482
2020-12-11 19:00:00,119.068,119.278,118.578,119.128,231190002.4414
2020-12-11 20:00:00,119.238,119.458,118.787,119.067,269622497.5586
2021-01-02 14:00:00,132.267,134.788,130.937,133.697,225893585.2051
2021-01-02 15:00:00,132.947,133.828,131.257,132.268,354137420.6543
2021-01-02 16:00:00,133.757,134.418,132.287,132.957,258716949.4629
2021-01-02 17:00:00,134.818,134.937,133.758,133.768,219542434.6924
2021-01-02 18:00:00,134.738,135.367,134.267,134.817,173674041.748
2021-01-02 19:00:00,134.217,134.768,133.877,134.727,165217056.2744
2021-01-02 20:00:00,134.038,134.828,134.037,134.228,227554153.4424
2021-01-03 14:00:00,124.807,124.818,122.787,123.797,225072647.0947
2021-01-03 15:00:00,125.608,125.717,124.497,124.797,272396972.6563
2021-01-03 16:00:00,126.527,126.588,125.418,125.617,182817321.7773
2021-01-03 17:00:00,126.147,126.607,125.827,126.528,141425384.5215
2021-01-03 18:00:00,126.348,126.538,125.657,126.168,133215606.6895
2021-01-03 19:00:00,127.568,127.738,126.267,126.327,127849090.5762
2021-01-03 20:00:00,127.767,127.918,127.267,127.578,152424407.959
2021-01-04 13:00:00,123.577,124.167,123.257,123.608,83342811.5845
2021-01-04 14:00:00,123.447,123.658,122.997,123.568,93825828.5522
2021-01-04 15:00:00,122.897,123.688,122.887,123.427,64173637.3901
2021-01-04 16:00:00,123.178,123.428,122.837,122.887,43184108.7341
2021-01-04 17:00:00,122.668,123.237,122.617,123.168,25594989.7766
2021-01-04 18:00:00,122.668,122.948,122.568,122.677,22664409.6375
2021-01-04 19:00:00,122.987,122.987,122.487,122.658,31698339.4623
2021-01-06 13:00:00,124.636,125.337,124.437,125.057,89197502.1362
2021-01-06 14:00:00,124.416,124.807,123.936,124.626,122822731.0181
2021-01-06 15:00:00,124.707,124.817,124.326,124.406,45679378.5095
2021-01-06 16:00:00,124.826,124.837,124.346,124.696,38901649.4751
2021-01-06 17:00:00,124.566,124.827,124.456,124.816,30125249.8627
2021-01-06 18:00:00,124.867,124.987,124.526,124.556,24173889.1602
2021-01-06 19:00:00,124.296,124.886,124.186,124.866,37392650.6042
2021-01-07 13:00:00,136.926,137.177,136.406,136.527,76938949.585
2021-01-07 14:00:00,136.437,136.927,136.256,136.927,86214050.293
2021-01-07 15:00:00,136.306,136.466,135.747,136.446,66541748.0469
2021-01-07 16:00:00,136.087,136.517,136.036,136.317,27672599.7925
2021-01-07 17:00:00,136.507,136.607,136.026,136.077,25414350.5096
2021-01-07 18:00:00,136.977,136.987,136.466,136.516,21590290.0696
2021-01-07 19:00:00,137.266,137.316,136.876,136.997,26508180.6183
2021-01-09 13:00:00,154.096,154.807,152.507,152.737,115139022.8271
2021-01-09 14:00:00,154.527,154.967,154.057,154.137,138558578.4912
2021-01-09 15:00:00,154.496,154.927,154.386,154.527,97315559.3872
2021-01-09 16:00:00,153.657,154.607,153.656,154.486,82816101.0742
2021-01-09 17:00:00,153.787,153.987,153.547,153.647,52816120.1477
2021-01-09 18:00:00,152.876,153.787,152.786,153.777,77464843.75
2021-01-09 19:00:00,152.537,153.166,152.317,152.867,91637756.3477
2021-01-10 13:00:00,140.516,142.006,140.246,141.786,184365676.8799
2021-01-10 14:00:00,140.056,140.676,139.107,140.517,326779937.7441
2021-01-10 15:00:00,140.306,140.417,139.556,140.037,250971206.665
2021-01-10 16:00:00,140.417,140.797,140.056,140.317,202189666.748
2021-01-10 17:00:00,141.336,141.547,140.286,140.427,159844314.5752
2021-01-10 18:00:00,142.047,142.167,141.286,141.337,123624237.0605
2021-01-10 19:00:00,142.466,142.907,141.826,142.046,175128112.793
2021-01-11 13:00:00,148.226,149.637,148.077,148.847,87449996.9482
2021-01-11 14:00:00,148.337,148.856,147.797,148.227,123029998.7793
2021-01-11 15:00:00,148.887,149.027,148.246,148.336,57279998.7793
2021-01-11 16:00:00,148.926,149.017,148.646,148.886,46849998.4741
2021-01-11 17:00:00,148.557,149.006,148.506,148.917,45939998.6267
2021-01-11 18:00:00,148.337,148.687,148.256,148.546,53939998.6267
2021-01-11 19:00:00,148.976,148.977,148.306,148.327,47000000.0
2021-01-12 14:00:00,168.247,168.276,166.046,167.397,77940002.4414
2021-01-12 15:00:00,169.297,169.487,167.087,168.247,132389999.3896
2021-01-12 16:00:00,169.256,170.167,169.067,169.317,112912498.4741
2021-01-12 17:00:00,169.087,170.286,169.046,169.247,107452499.3896
2021-01-12 18:00:00,168.376,169.666,167.376,169.097,141082504.2725
2021-01-12 19:00:00,167.177,168.377,166.996,168.366,147225006.1035
2021-01-12 20:00:00,164.556,167.437,164.497,167.167,165307495.1172
2021-02-02 14:00:00,135.418,136.288,134.977,135.598,180230697.6318
2021-02-02 15:00:00,135.458,136.018,135.017,135.427,277051086.4258
2021-02-02 16:00:00,135.028,135.637,134.838,135.468,157578872.6807
2021-02-02 17:00:00,134.998,135.468,134.897,135.028,118996307.373
2021-02-02 18:00:00,134.967,135.178,134.617,134.998,91037307.7393
2021-02-02 19:00:00,134.858,135.108,134.727,134.978,92189491.272
2021-02-02 20:00:00,134.917,135.447,134.608,134.847,162159469.6045
2021-02-03 14:00:00,126.708,128.688,126.178,128.297,214998184.2041
2021-02-03 15:00:00,126.118,127.188,125.718,126.717,366026489.2578
2021-02-03 16:00:00,125.808,126.437,125.447,126.127,275179656.9824
2021-02-03 17:00:00,126.158,126.658,125.717,125.797,155384521.4844
2021-02-03 18:00:00,125.968,126.408,125.937,126.167,145521896.3623
2021-02-03 19:00:00,126.008,126.198,125.577,125.977,182232315.0635
2021-02-03 20:00:00,125.148,126.308,125.007,126.007,220443725.5859
2021-02-06 13:00:00,125.027,125.117,124.096,124.277,105164710.9985
2021-02-06 14:00:00,124.896,125.227,124.747,125.026,97656112.6709
2021-02-06 15:00:00,124.977,125.167,124.646,124.867,42938648.2239
2021-02-06 16:00:00,124.406,125.006,124.406,124.976,30659040.451
2021-02-06 17:00:00,124.307,124.547,124.067,124.396,43560501.0986
2021-02-06 18:00:00,124.676,124.687,124.037,124.297,46102939.6057
2021-02-06 19:00:00,125.067,125.157,124.506,124.667,44554859.1614
2021-02-07 13:00:00,138.997,139.057,137.746,137.847,85334579.4678
2021-02-07 14:00:00,138.586,139.116,138.376,139.006,87742263.7939
2021-02-07 15:00:00,138.957,139.087,138.556,138.577,39070919.0369
2021-02-07 16:00:00,139.587,139.607,138.956,138.966,33289241.7908
2021-02-07 17:00:00,139.666,139.687,139.346,139.596,22884040.8325
2021-02-07 18:00:00,139.507,139.786,139.356,139.656,20813789.3677
2021-02-07 19:00:00,139.906,139.987,139.456,139.497,40206760.4065
2021-02-08 13:00:00,145.927,146.936,145.246,146.317,143805435.1807
2021-02-08 14:00:00,146.017,146.237,145.397,145.926,174218795.7764
2021-02-08 15:00:00,146.016,146.537,145.706,146.026,112356307.9834
2021-02-08 16:00:00,145.746,146.027,145.546,145.997,128644683.8379
2021-02-08 17:00:00,146.037,146.207,145.736,145.746,86995491.0278
2021-02-08 18:00:00,145.927,146.176,145.857,146.027,53966999.054
2021-02-08 19:00:00,145.507,145.997,145.356,145.917,61299659.729
2021-02-09 13:00:00,154.147,154.707,153.827,153.827,131322525.0244
2021-02-09 14:00:00,154.046,154.317,153.356,154.156,177179855.3467
2021-02-09 15:00:00,153.567,154.127,153.516,154.057,103238121.0327
2021-02-09 16:00:00,153.296,153.727,153.006,153.567,97997200.0122
2021-02-09 17:00:00,152.596,153.457,152.526,153.286,98349578.8574
2021-02-09 18:00:00,153.447,153.526,152.386,152.586,126873420.7153
2021-02-09 19:00:00,153.696,153.817,153.296,153.456,127509376.5259
2021-02-11 13:00:00,149.926,150.477,148.616,148.646,76750000.0
2021-02-11 14:00:00,150.847,150.897,149.326,149.936,99209999.0845
2021-02-11 15:00:00,150.926,151.557,150.606,150.857,73569999.6948
2021-02-11 16:00:00,151.396,151.467,150.576,150.937,59599998.4741
2021-02-11 17:00:00,150.947,151.457,150.856,151.406,49869998.9319
2021-02-11 18:00:00,150.357,150.977,150.067,150.956,43909999.8474
2021-02-11 19:00:00,149.987,150.427,149.796,150.347,49319999.6948
2021-02-12 14:00:00,161.346,161.617,157.777,158.707,105600013.7329
2021-02-12 15:00:00,160.487,161.336,159.026,161.336,188264999.3896
2021-02-12 16:00:00,162.357,162.457,160.196,160.477,164182495.1172
2021-02-12 17:00:00,163.076,163.687,162.066,162.357,122849998.4741
2021-02-12 18:00:00,163.406,163.527,162.546,163.087,127139999.3896
2021-02-12 19:00:00,163.406,163.957,162.907,163.416,115432502.7466
2021-02-12 20:00:00,163.737,164.186,163.127,163.416,128365005.4932
2021-03-02 14:00:00,135.338,135.628,134.338,135.517,177591461.1816
2021-03-02 15:00:00,134.087,135.378,133.608,135.347,315399566.6504
2021-03-02 16:00:00,134.567,134.748,133.857,134.107,182861633.3008
2021-03-02 17:00:00,135.428,135.457,134.527,134.578,132280242.9199
2021-03-02 18:00:00,134.988,135.538,134.807,135.437,118747947.6929
2021-03-02 19:00:00,134.378,135.058,134.307,134.987,109876907.3486
2021-03-02 20:00:00,133.887,134.577,133.887,134.367,177315124.5117
2021-03-03 14:00:00,123.987,125.677,123.758,124.818,228043624.8779
2021-03-03 15:00:00,124.628,124.688,123.117,123.987,418765808.1055
2021-03-03 16:00:00,124.047,124.928,124.017,124.618,259587310.791
2021-03-03 17:00:00,123.467,124.458,123.447,124.068,188971527.0996
2021-03-03 18:00:00,123.138,124.157,122.927,123.458,230014724.7314
2021-03-03 19:00:00,122.798,123.197,121.827,123.138,305682067.8711
2021-03-03 20:00:00,122.057,122.968,121.987,122.788,304294189.4531
2021-03-05 13:00:00,133.177,133.337,131.806,132.007,114067497.2534
2021-03-05 14:00:00,132.766,134.057,132.627,133.156,164812500.0
2021-03-05 15:00:00,132.806,132.947,132.136,132.757,146362503.0518
2021-03-05 16:00:00,132.436,132.907,132.306,132.797,86055000.3052
2021-03-05 17:00:00,132.457,132.597,132.197,132.446,64597503.6621
2021-03-05 18:00:00,132.826,132.946,132.446,132.447,55747501.3733
2021-03-05 19:00:00,132.556,132.967,132.386,132.827,52470001.2207
2021-03-06 13:00:00,123.616,124.827,123.266,124.646,141643402.0996
2021-03-06 14:00:00,123.926,123.926,123.126,123.616,158627914.4287
2021-03-06 15:00:00,123.697,124.137,123.546,123.937,94669166.5649
2021-03-06 16:00:00,123.666,123.837,123.377,123.697,53839698.7915
2021-03-06 17:00:00,123.896,124.027,123.396,123.666,63489978.7903
2021-03-06 18:00:00,123.626,124.077,123.586,123.886,49849960.3271
2021-03-06 19:00:00,123.537,123.906,123.386,123.637,47937618.2556
2021-03-08 13:00:00,145.527,146.586,145.176,145.747,149250503.54
2021-03-08 14:00:00,145.926,146.146,145.326,145.516,249341049.1943
2021-03-08 15:00:00,147.017,147.047,145.416,145.917,209602020.2637
2021-03-08 16:00:00,147.727,147.736,146.936,147.027,105151519.7754
2021-03-08 17:00:00,147.817,148.026,147.706,147.717,74309280.3955
2021-03-08 18:00:00,147.436,147.927,147.126,147.817,72845687.8662
2021-03-08 19:00:00,147.297,147.727,147.147,147.446,74207527.1606
2021-03-09 13:00:00,154.326,154.597,153.086,153.596,160440414.4287
2021-03-09 14:00:00,153.877,154.597,153.686,154.337,204519332.8857
2021-03-09 15:00:00,153.976,154.227,153.746,153.866,86391838.0737
2021-03-09 16:00:00,153.836,154.177,153.756,153.966,52099960.3271
2021-03-09 17:00:00,154.187,154.207,153.826,153.827,39247638.7024
2021-03-09 18:00:00,154.056,154.227,153.786,154.177,39898941.04
2021-03-09 19:00:00,154.257,154.407,154.036,154.046,52376159.668
2021-03-11 13:00:00,150.707,150.956,149.836,150.296,63759998.3215
2021-03-11 14:00:00,150.247,150.807,150.096,150.717,84879997.2534
2021-03-11 15:00:00,150.506,150.567,150.156,150.256,49830001.8311
2021-03-11 16:00:00,150.366,150.697,150.346,150.496,33490001.6785
2021-03-11 17:00:00,150.337,150.436,150.176,150.356,22370000.8392
2021-03-11 18:00:00,151.207,151.386,150.187,150.346,121300003.0518
2021-03-11 19:00:00,151.427,151.957,151.017,151.217,77529998.7793
2021-03-12 14:00:00,163.297,164.937,162.756,163.987,92805000.3052
2021-03-12 15:00:00,162.796,163.847,161.797,163.277,200505004.8828
2021-03-12 16:00:00,160.996,163.257,160.786,162.806,175717498.7793
2021-03-12 17:00:00,161.576,162.386,160.516,161.016,144817504.8828
2021-03-12 18:00:00,159.917,161.576,159.766,161.566,135164993.2861
2021-03-12 19:00:00,160.067,160.706,159.746,159.917,139604995.7275
2021-03-12 20:00:00,161.756,162.147,159.716,160.057,153562500.0
2021-04-01 14:00:00,131.427,133.418,131.288,133.117,186932067.8711
2021-04-01 15:00:00,130.957,131.637,130.378,131.437,319005584.7168
2021-04-01 16:00:00,128.808,131.298,128.787,130.957,333958496.0938
2021-04-01 17:00:00,128.408,128.908,126.768,128.808,345180572.5098
2021-04-01 18:00:00,129.157,129.178,128.038,128.398,207088592.5293
2021-04-01 19:00:00,129.478,129.567,128.608,129.148,215596664.4287
2021-04-01 20:00:00,129.538,129.728,128.758,129.477,259914184.5703
2021-04-02 14:00:00,135.267,136.447,135.047,136.328,186313766.4795
2021-04-02 15:00:00,135.007,135.737,134.587,135.258,264028594.9707
2021-04-02 16:00:00,136.017,136.328,134.988,134.998,156475936.8896
2021-04-02 17:00:00,135.827,136.248,135.747,136.028,108798255.9204
2021-04-02 18:00:00,136.207,136.248,135.747,135.838,73077735.9009
2021-04-02 19:00:00,136.738,136.838,136.207,136.208,83837203.9795
2021-04-02 20:00:00,137.388,137.388,136.677,136.738,113442024.231
2021-04-03 14:00:00,120.918,123.587,120.587,121.698,247578475.9521
2021-04-03 15:00:00,122.807,122.988,120.308,120.948,451212951.6602
2021-04-03 16:00:00,122.537,123.258,121.958,122.798,365359771.7285
2021-04-03 17:00:00,120.388,123.038,119.987,122.537,494200164.7949
2021-04-03 18:00:00,118.738,120.688,118.687,120.378,503763031.0059
2021-04-03 19:00:00,120.327,120.838,118.617,118.728,358223510.7422
2021-04-03 20:00:00,120.217,120.498,119.507,120.318,325156890.8691
2021-04-05 13:00:00,128.517,131.467,128.386,130.996,167497497.5586
2021-04-05 14:00:00,128.187,128.806,127.827,128.516,229807723.999
2021-04-05 15:00:00,126.926,128.257,126.726,128.197,168232498.1689
2021-04-05 16:00:00,126.867,127.467,126.827,126.917,92790000.9155
2021-04-05 17:00:00,126.976,127.287,126.696,126.856,98294998.1689
2021-04-05 18:00:00,127.417,127.577,126.856,126.977,96944999.6948
2021-04-05 19:00:00,127.967,127.967,127.136,127.427,113272499.0845
2021-04-06 13:00:00,124.917,124.987,123.846,124.027,93810432.4341
2021-04-06 14:00:00,124.957,125.347,124.766,124.917,93693969.7266
2021-04-06 15:00:00,125.097,125.377,124.857,124.957,36618400.5737
2021-04-06 16:00:00,125.637,125.937,124.977,125.107,39109130.8594
2021-04-06 17:00:00,125.667,125.777,125.466,125.637,22580850.6012
2021-04-06 18:00:00,126.047,126.147,125.606,125.667,22429389.9536
2021-04-06 19:00:00,125.836,126.037,125.486,126.037,32221588.1348
2021-04-08 13:00:00,147.676,147.777,146.786,147.127,130188629.1504
2021-04-08 14:00:00,146.626,147.747,146.567,147.687,230031234.7412
2021-04-08 15:00:00,146.956,146.977,146.266,146.627,138472885.1318
2021-04-08 16:00:00,147.137,147.297,146.796,146.947,82280479.4312
2021-04-08 17:00:00,147.066,147.507,146.996,147.146,61579601.2878
2021-04-08 18:00:00,146.807,147.246,146.766,147.056,70603233.3374
2021-04-08 19:00:00,146.916,147.327,146.656,146.806,50547920.2271
2021-04-10 13:00:00,140.747,142.176,140.227,141.776,165994155.8838
2021-04-10 14:00:00,139.106,140.876,138.826,140.726,296830810.5469
2021-04-10 15:00:00,139.226,139.477,138.626,139.097,155289993.2861
2021-04-10 16:00:00,138.506,139.237,138.306,139.217,112589996.3379
2021-04-10 17:00:00,138.556,138.967,138.266,138.497,113029998.7793
2021-04-10 18:00:00,138.937,139.206,138.526,138.547,121620002.7466
2021-04-10 19:00:00,139.157,139.306,138.466,138.946,125440002.4414
2021-04-11 13:00:00,152.057,152.417,151.257,151.546,75550003.0518
2021-04-11 14:00:00,151.906,152.096,151.546,152.066,84190002.4414
2021-04-11 15:00:00,151.356,151.937,150.826,151.906,87199996.9482
2021-04-11 16:00:00,151.206,151.657,151.136,151.366,55250000.0
2021-04-11 17:00:00,151.526,151.557,151.016,151.216,53310001.3733
2021-04-11 18:00:00,151.167,151.537,151.106,151.506,57779998.7793
2021-04-11 19:00:00,150.937,151.527,150.627,151.167,61610000.6104
2021-05-01 14:00:00,131.298,131.458,128.427,128.817,178137298.584
2021-05-01 15:00:00,130.527,131.727,130.428,131.297,266493103.0273
2021-05-01 16:00:00,130.267,130.678,129.927,130.527,201346054.0771
2021-05-01 17:00:00,130.138,130.328,129.837,130.277,145154037.4756
2021-05-01 18:00:00,130.617,130.618,129.938,130.158,82452941.8945
2021-05-01 19:00:00,130.937,131.398,130.587,130.627,123406051.6357
2021-05-01 20:00:00,130.938,131.358,130.747,130.947,147410751.3428
2021-05-02 14:00:00,136.518,137.398,136.068,137.307,155346893.3105
2021-05-02 15:00:00,136.457,136.748,135.857,136.517,215747695.9229
2021-05-02 16:00:00,136.568,136.758,136.187,136.458,133058807.373
2021-05-02 17:00:00,137.047,137.118,136.497,136.578,101293617.2485
2021-05-02 18:00:00,136.527,137.308,136.507,137.057,100407333.374
2021-05-02 19:00:00,136.657,136.768,136.408,136.527,113733963.0127
2021-05-02 20:00:00,136.748,136.818,136.057,136.648,166602569.5801
2021-05-03 14:00:00,119.127,121.648,118.607,120.958,208931350.708
2021-05-03 15:00:00,118.927,119.998,118.368,119.117,419687164.3066
2021-05-03 16:00:00,118.998,119.308,117.558,118.937,369351013.1836
2021-05-03 17:00:00,119.198,119.708,118.547,118.987,318148193.3594
2021-05-03 18:00:00,120.267,120.688,118.448,119.177,281326782.2266
2021-05-03 19:00:00,121.328,121.458,119.627,120.278,237002426.1475
2021-05-03 20:00:00,121.368,121.928,120.857,121.337,238605895.9961
2021-05-04 13:00:00,124.807,125.118,123.067,123.618,105712677.002
2021-05-04 14:00:00,125.157,125.607,124.557,124.808,97012641.9067
2021-05-04 15:00:00,125.317,125.558,124.818,125.167,78454582.2144
2021-05-04 16:00:00,125.557,125.948,125.307,125.327,56388721.4661
2021-05-04 17:00:00,126.038,126.068,125.527,125.558,67552192.688
2021-05-04 18:00:00,125.627,126.157,125.597,126.047,47406120.3003
2021-05-04 19:00:00,125.868,125.988,125.308,125.637,75347351.0742
2021-05-05 13:00:00,129.687,130.437,129.106,129.166,133784317.0166
2021-05-05 14:00:00,129.746,129.897,128.856,129.687,205739578.2471
2021-05-05 15:00:00,130.136,130.187,129.467,129.736,89520881.6528
2021-05-05 16:00:00,129.436,130.177,129.397,130.146,57263240.8142
2021-05-05 17:00:00,129.296,129.566,129.146,129.447,56394561.7676
2021-05-05 18:00:00,128.797,129.317,128.636,129.297,60440059.6619
2021-05-05 19:00:00,128.157,128.817,127.966,128.787,123209442.1387
2021-05-08 13:00:00,147.037,147.167,146.156,146.826,118215690.6128
2021-05-08 14:00:00,147.477,147.576,146.786,147.046,152661544.7998
2021-05-08 15:00:00,147.457,147.827,147.296,147.477,91511276.2451
2021-05-08 16:00:00,147.247,147.537,147.167,147.456,61750389.0991
2021-05-08 17:00:00,147.346,147.367,147.106,147.257,38798290.2527
2021-05-08 18:00:00,147.046,147.456,147.036,147.347,40446918.4875
2021-05-08 19:00:00,147.047,147.177,146.726,147.057,48686431.8848
2021-05-10 13:00:00,139.766,140.367,139.347,139.476,100760002.1362
2021-05-10 14:00:00,140.527,140.556,139.576,139.807,120699996.9482
2021-05-10 15:00:00,141.526,141.537,140.476,140.526,91019996.6431
2021-05-10 16:00:00,141.937,141.997,141.327,141.527,75889999.3896
2021-05-10 17:00:00,141.986,142.106,141.586,141.936,59560001.3733
2021-05-10 18:00:00,141.987,142.226,141.856,141.977,40409999.8474
2021-05-10 19:00:00,141.086,142.107,140.906,141.996,59180000.3052
2021-05-11 13:00:00,151.626,152.177,151.236,151.587,75440002.4414
2021-05-11 14:00:00,151.127,151.767,150.806,151.637,95040000.9155
2021-05-11 15:00:00,150.907,151.317,150.846,151.117,49259998.3215
2021-05-11 16:00:00,150.806,151.056,150.516,150.906,47110000.6104
2021-05-11 17:00:00,150.547,150.857,150.046,150.797,80470001.2207
2021-05-11 18:00:00,150.607,150.666,150.186,150.546,62279998.7793
2021-05-11 19:00:00,151.117,151.437,150.336,150.607,74919998.1689
2021-06-01 14:00:00,128.048,128.508,126.548,127.547,223313705.4443
2021-06-01 15:00:00,129.377,129.718,127.587,128.088,304891326.9043
2021-06-01 16:00:00,130.097,131.037,129.097,129.388,228552413.9404
2021-06-01 17:00:00,130.007,130.698,129.877,130.118,172407028.1982
2021-06-01 18:00:00,129.238,130.247,128.927,130.018,155315063.4766
2021-06-01 19:00:00,127.918,129.438,127.097,129.247,319881500.2441
2021-06-01 20:00:00,126.658,128.208,126.367,127.907,353368225.0977
2021-06-04 13:00:00,126.558,126.568,125.638,126.437,102473648.0713
2021-06-04 14:00:00,126.557,126.948,125.968,126.548,109700813.2935
2021-06-04 15:00:00,126.917,127.118,126.497,126.557,63343219.7571
2021-06-04 16:00:00,126.227,126.927,126.207,126.908,55720470.4285
2021-06-04 17:00:00,126.178,126.278,125.737,126.217,60468368.5303
2021-06-04 18:00:00,126.538,126.598,126.108,126.187,49300960.5408
2021-06-04 19:00:00,126.197,126.668,125.997,126.538,79986900.3296
2021-06-05 13:00:00,127.576,128.537,127.117,127.837,154511367.7979
2021-06-05 14:00:00,128.126,128.506,127.307,127.567,221838912.9639
2021-06-05 15:00:00,128.717,129.047,127.626,128.136,155784957.8857
2021-06-05 16:00:00,128.877,129.227,128.596,128.726,99985870.3613
2021-06-05 17:00:00,128.717,128.997,128.546,128.866,92265625.0
2021-06-05 18:00:00,128.667,129.027,128.316,128.696,132214492.7979
2021-06-05 19:00:00,129.706,129.737,128.596,128.676,129001342.7734
2021-06-07 13:00:00,142.716,142.866,140.017,140.046,119652290.3442
2021-06-07 14:00:00,141.807,143.137,141.796,142.716,192294662.4756
2021-06-07 15:00:00,141.556,142.097,141.147,141.796,150605545.0439
2021-06-07 16:00:00,141.597,141.646,140.116,141.546,185014266.9678
2021-06-07 17:00:00,141.596,142.027,141.366,141.596,78194328.3081
2021-06-07 18:00:00,141.707,141.807,141.206,141.586,62765258.7891
2021-06-07 19:00:00,141.987,142.187,141.616,141.677,67255058.2886
2021-06-08 13:00:00,146.586,146.846,145.896,146.296,127171340.9424
2021-06-08 14:00:00,146.527,147.097,146.396,146.576,162599945.0684
2021-06-08 15:00:00,146.277,146.687,145.966,146.526,118200416.5649
2021-06-08 16:00:00,146.097,146.316,145.896,146.286,45105281.8298
2021-06-08 17:00:00,145.937,146.226,145.716,146.106,38195648.1934
2021-06-08 18:00:00,145.706,145.957,145.616,145.927,41175758.3618
2021-06-08 19:00:00,146.077,146.156,145.656,145.697,45580860.1379
2021-06-10 13:00:00,139.107,140.167,138.956,139.446,104319999.6948
2021-06-10 14:00:00,140.276,140.656,138.366,139.106,184820007.3242
2021-06-10 15:00:00,140.386,140.447,139.576,140.277,139199996.9482
2021-06-10 16:00:00,139.836,140.406,139.706,140.377,107430000.3052
2021-06-10 17:00:00,140.907,140.907,139.546,139.846,94669998.1689
2021-06-10 18:00:00,141.136,141.637,140.707,140.917,102099998.4741
2021-06-10 19:00:00,141.966,142.137,141.086,141.137,92569999.6948
2021-06-12 14:00:00,167.096,167.137,164.226,164.226,109597503.6621
2021-06-12 15:00:00,165.986,167.857,165.277,167.087,182369995.1172
2021-06-12 16:00:00,165.597,166.227,164.896,165.977,143115005.4932
2021-06-12 17:00:00,166.277,166.427,165.586,165.626,102870002.7466
2021-06-12 18:00:00,166.176,166.407,165.557,166.287,94919998.1689
2021-06-12 19:00:00,165.536,166.487,165.266,166.176,94027496.3379
2021-06-12 20:00:00,165.107,165.817,164.976,165.527,104535003.6621
2021-07-01 14:00:00,129.007,129.118,127.857,128.417,175307830.8105
2021-07-01 15:00:00,130.537,130.548,128.907,129.017,243124496.46
2021-07-01 16:00:00,130.307,131.018,130.147,130.548,185662277.2217
2021-07-01 17:00:00,130.458,130.638,129.847,130.317,149880401.6113
2021-07-01 18:00:00,130.297,130.558,130.007,130.467,127306030.2734
2021-07-01 19:00:00,130.768,130.768,130.277,130.298,109958724.9756
2021-07-01 20:00:00,130.837,131.618,130.457,130.757,142502899.1699
2021-07-04 13:00:00,126.107,126.198,125.137,125.878,93138969.4214
2021-07-04 14:00:00,126.887,127.237,126.037,126.108,94989410.4004
2021-07-04 15:00:00,127.307,127.448,126.747,126.898,78541397.0947
2021-07-04 16:00:00,127.077,127.468,127.027,127.307,70213836.6699
2021-07-04 17:00:00,127.237,127.238,126.847,127.068,54279930.1147
2021-07-04 18:00:00,127.568,127.768,127.227,127.247,58755908.9661
2021-07-04 19:00:00,127.907,127.908,127.207,127.578,66635147.0947
2021-07-05 13:00:00,130.116,130.967,129.456,130.826,213804183.96
2021-07-05 14:00:00,130.557,130.957,129.977,130.136,220095550.5371
2021-07-05 15:00:00,131.117,131.247,130.456,130.547,109854331.9702
2021-07-05 16:00:00,130.587,131.136,130.376,131.116,77163711.5479
2021-07-05 17:00:00,129.997,130.607,129.997,130.597,97406257.6294
2021-07-05 18:00:00,130.296,130.357,129.846,129.987,73294898.9868
2021-07-05 19:00:00,130.176,130.587,130.156,130.287,111460144.043
2021-07-06 13:00:00,125.226,126.287,124.896,126.157,118025199.8901
2021-07-06 14:00:00,125.086,125.397,124.856,125.226,122093528.7476
2021-07-06 15:00:00,124.997,125.187,124.826,125.077,76022003.1738
2021-07-06 16:00:00,125.326,125.427,124.986,124.987,33561111.4502
2021-07-06 17:00:00,125.017,125.467,125.006,125.337,40526988.9832
2021-07-06 18:00:00,125.196,125.237,124.906,125.007,19480060.5774
2021-07-06 19:00:00,125.877,126.027,125.147,125.206,44674598.6938
2021-07-07 13:00:00,144.116,144.427,142.656,143.496,159916076.6602
2021-07-07 14:00:00,143.426,144.466,142.826,144.136,219977523.8037
2021-07-07 15:00:00,143.906,144.246,142.857,143.416,166114974.9756
2021-07-07 16:00:00,143.937,144.086,143.706,143.916,69447929.3823
2021-07-07 17:00:00,144.336,144.387,143.556,143.947,67607772.8271
2021-07-07 18:00:00,144.347,144.877,144.066,144.347,124277931.2134
2021-07-07 19:00:00,144.566,144.657,144.236,144.336,57655570.9839
2021-07-09 13:00:00,155.707,155.716,154.386,154.966,143085922.2412
2021-07-09 14:00:00,156.016,156.217,155.306,155.727,199758605.957
2021-07-09 15:00:00,155.807,156.067,155.246,156.026,135979522.7051
2021-07-09 16:00:00,157.086,157.247,155.726,155.796,134385635.376
2021-07-09 17:00:00,156.826,157.117,156.746,157.097,70996810.9131
2021-07-09 18:00:00,156.896,157.096,156.606,156.826,77703521.7285
2021-07-09 19:00:00,156.687,157.067,156.646,156.886,72002029.4189
2021-07-10 13:00:00,143.836,143.847,142.727,143.006,85669998.1689
2021-07-10 14:00:00,143.996,144.197,143.766,143.826,83089996.3379
2021-07-10 15:00:00,144.117,144.137,143.536,143.986,46650001.5259
2021-07-10 16:00:00,144.037,144.127,143.616,144.117,38150001.5259
2021-07-10 17:00:00,143.936,144.157,143.896,144.026,33650001.5259
2021-07-10 18:00:00,143.536,143.987,143.416,143.937,53380001.0681
2021-07-10 19:00:00,143.277,143.827,142.987,143.527,60020000.4578
2021-07-12 14:00:00,170.136,170.757,168.316,169.006,87180000.3052
2021-07-12 15:00:00,170.726,171.267,169.966,170.136,117944999.6948
2021-07-12 16:00:00,171.067,171.466,170.486,170.737,83925003.0518
2021-07-12 17:00:00,171.097,171.576,170.796,171.067,47497501.3733
2021-07-12 18:00:00,170.437,171.126,170.316,171.087,45277500.1526
2021-07-12 19:00:00,169.927,170.427,169.446,170.427,55597499.8474
2021-07-12 20:00:00,170.947,171.216,169.806,169.917,92227500.9155
2021-08-01 14:00:00,131.527,132.608,130.347,132.418,213859100.3418
2021-08-01 15:00:00,131.007,131.958,130.247,131.538,288413208.0078
2021-08-01 16:00:00,132.237,132.238,130.617,131.017,205854858.3984
2021-08-01 17:00:00,131.667,132.558,131.507,132.257,169522842.4072
2021-08-01 18:00:00,130.997,131.777,130.217,131.658,250757385.2539
2021-08-01 19:00:00,131.427,131.547,130.957,130.998,204557769.7754
2021-08-01 20:00:00,131.987,132.178,131.388,131.438,197753768.9209
2021-08-02 14:00:00,135.677,136.227,134.918,136.018,151250473.0225
2021-08-02 15:00:00,136.598,136.668,135.587,135.677,174647323.6084
2021-08-02 16:00:00,136.218,136.898,135.838,136.608,149915588.3789
2021-08-02 17:00:00,135.967,136.528,135.827,136.227,87127273.5596
2021-08-02 18:00:00,135.928,136.288,135.817,135.958,82328491.2109
2021-08-02 19:00:00,136.307,136.308,135.888,135.927,69589302.063
2021-08-02 20:00:00,136.878,136.938,136.138,136.318,106074302.6733
2021-08-03 14:00:00,118.448,120.978,118.257,120.918,213279037.4756
2021-08-03 15:00:00,118.627,119.477,118.047,118.457,327509246.8262
2021-08-03 16:00:00,117.628,119.018,117.627,118.637,206947845.459
2021-08-03 17:00:00,117.728,118.248,117.407,117.627,165663314.8193
2021-08-03 18:00:00,116.797,118.238,116.747,117.718,139636077.8809
2021-08-03 19:00:00,117.237,117.808,116.777,116.788,154356903.0762
2021-08-03 20:00:00,116.398,117.378,116.197,117.227,192700469.9707
2021-08-04 13:00:00,129.967,129.988,128.518,129.007,101706581.1157
2021-08-04 14:00:00,129.237,130.058,129.017,129.977,105768493.6523
2021-08-04 15:00:00,129.577,129.647,129.057,129.237,52910499.5728
2021-08-04 16:00:00,129.807,129.888,129.398,129.577,38367500.3052
2021-08-04 17:00:00,129.937,130.257,129.738,129.798,33939300.5371
2021-08-04 18:00:00,130.268,130.378,129.897,129.937,30280500.412
2021-08-04 19:00:00,130.368,130.368,129.917,130.277,32726638.7939
2021-08-06 13:00:00,127.017,128.447,126.426,126.596,127734970.0928
2021-08-06 14:00:00,127.126,127.636,126.776,127.006,125563453.6743
2021-08-06 15:00:00,126.607,127.456,126.206,127.117,121632698.0591
2021-08-06 16:00:00,126.817,126.827,126.526,126.596,54354198.4558
2021-08-06 17:00:00,126.697,126.917,126.427,126.807,33056549.0723
2021-08-06 18:00:00,127.277,127.307,126.656,126.697,38018001.5564
2021-08-06 19:00:00,126.676,127.407,126.676,127.287,46634399.4141
2021-08-07 13:00:00,141.966,143.137,140.666,141.536,209758102.417
2021-08-07 14:00:00,141.576,142.327,141.466,141.956,310077819.8242
2021-08-07 15:00:00,142.636,142.717,141.496,141.586,181048309.3262
2021-08-07 16:00:00,143.266,143.327,142.307,142.626,112439399.7192
2021-08-07 17:00:00,143.806,144.046,143.116,143.256,116568222.0459
2021-08-07 18:00:00,143.177,143.956,142.857,143.806,117569839.4775
2021-08-07 19:00:00,143.297,143.307,142.446,143.177,155171752.9297
2021-08-09 13:00:00,155.947,157.017,155.497,156.976,144621932.9834
2021-08-09 14:00:00,154.116,156.057,153.977,155.946,250175033.5693
2021-08-09 15:00:00,154.307,155.127,154.076,154.116,198706466.6748
2021-08-09 16:00:00,154.327,154.877,154.096,154.317,143585723.877
2021-08-09 17:00:00,154.696,155.027,154.257,154.316,122826789.856
2021-08-09 18:00:00,154.737,155.057,154.616,154.707,114531570.4346
2021-08-09 19:00:00,155.107,155.107,154.596,154.746,77299369.812
2021-08-10 13:00:00,143.177,144.147,143.056,144.027,103699996.9482
2021-08-10 14:00:00,143.276,143.946,143.056,143.167,138220001.2207
2021-08-10 15:00:00,143.006,143.477,142.946,143.287,72769996.6431
2021-08-10 16:00:00,142.967,143.227,142.796,143.016,47430000.3052
2021-08-10 17:00:00,142.857,143.047,142.536,142.967,52319999.6948
2021-08-10 18:00:00,143.056,143.387,142.816,142.846,50560001.3733
2021-08-10 19:00:00,142.926,143.327,142.767,143.056,64059997.5586
2021-08-11 14:00:00,150.946,151.477,150.696,151.317,71169998.1689
2021-08-11 15:00:00,150.757,151.437,150.716,150.957,92150001.5259
2021-08-11 16:00:00,150.407,150.876,150.337,150.747,57560001.3733
2021-08-11 17:00:00,150.577,150.596,150.156,150.407,47880001.0681
2021-08-11 18:00:00,150.576,150.997,150.517,150.587,41639999.3896
2021-08-11 19:00:00,150.656,150.776,150.496,150.576,30959999.0845
2021-08-11 20:00:00,150.467,150.657,150.296,150.646,37240001.6785
2021-08-12 14:00:00,172.666,173.446,170.696,171.926,93757499.6948
2021-08-12 15:00:00,173.917,174.427,172.556,172.667,144187500.0
2021-08-12 16:00:00,174.827,174.847,173.256,173.906,96772499.0845
2021-08-12 17:00:00,174.267,174.817,173.746,174.816,73230003.3569
2021-08-12 18:00:00,174.526,174.807,174.026,174.276,54877498.6267
2021-08-12 19:00:00,174.766,175.937,174.057,174.527,78930000.3052
2021-08-12 20:00:00,175.067,175.267,174.036,174.756,81434997.5586
2021-09-02 14:00:00,136.938,137.667,136.478,136.647,152294387.8174
2021-09-02 15:00:00,137.178,137.868,136.807,136.947,172652557.373
2021-09-02 16:00:00,136.458,137.248,136.418,137.188,22506370.5444
2021-09-02 17:00:00,136.568,136.778,136.427,136.448,98837806.7017
2021-09-02 18:00:00,136.407,136.597,136.177,136.558,84324150.0854
2021-09-02 19:00:00,136.708,136.788,136.407,136.418,62611179.3518
2021-09-02 20:00:00,136.027,136.727,135.847,136.708,97169143.6768
2021-09-03 14:00:00,120.267,120.478,118.787,118.998,160542358.3984
2021-09-03 15:00:00,120.267,121.547,120.067,120.267,270139068.6035
2021-09-03 16:00:00,120.547,120.668,120.047,120.278,184954345.7031
2021-09-03 17:00:00,120.867,121.228,120.458,120.568,75967529.2969
2021-09-03 18:00:00,121.627,121.938,120.877,120.877,83084793.0908
2021-09-03 19:00:00,121.547,121.717,121.057,121.638,75163040.1611
2021-09-03 20:00:00,121.078,122.048,120.818,121.537,119634872.4365
2021-09-04 13:00:00,130.838,131.048,129.468,129.852,104183021.5454
2021-09-04 14:00:00,130.768,131.417,130.658,130.847,105991661.0718
2021-09-04 15:00:00,131.427,131.538,130.537,130.787,72322769.165
2021-09-04 16:00:00,131.767,131.798,131.267,131.447,53770771.0266
2021-09-04 17:00:00,132.397,132.618,131.727,131.777,61715358.7341
2021-09-04 18:00:00,132.257,132.487,132.007,132.397,64500923.1567
2021-09-04 19:00:00,132.947,132.988,131.888,132.248,74351753.2349
2021-09-06 13:00:00,126.887,127.727,126.636,127.127,126439247.1313
2021-09-06 14:00:00,127.187,127.286,126.526,126.886,108205001.8311
2021-09-06 15:00:00,126.937,127.327,126.817,127.176,49437301.6357
2021-09-06 16:00:00,127.136,127.226,126.887,126.916,25704700.47
2021-09-06 17:00:00,127.117,127.266,127.046,127.147,18954650.8789
2021-09-06 18:00:00,127.146,127.287,127.066,127.127,18649999.6185
2021-09-06 19:00:00,127.167,127.227,126.737,127.137,32693748.4741
2021-09-07 13:00:00,143.927,143.967,142.646,142.697,138856826.7822
2021-09-07 14:00:00,145.197,145.336,143.876,143.936,191070022.583
2021-09-07 15:00:00,145.226,145.427,144.846,145.196,109169982.9102
2021-09-07 16:00:00,145.417,145.627,145.036,145.216,64237899.7803
2021-09-07 17:00:00,145.107,145.467,145.006,145.427,36899490.3564
2021-09-07 18:00:00,145.156,145.236,144.806,145.097,40914871.2158
2021-09-07 19:00:00,144.997,145.217,144.836,145.147,59694450.3784
2021-09-08 13:00:00,146.496,146.687,145.507,146.137,115709480.2856
2021-09-08 14:00:00,146.057,146.667,145.956,146.507,161540176.3916
2021-09-08 15:00:00,146.126,146.147,145.786,146.066,92539207.4585
2021-09-08 16:00:00,145.846,146.146,145.786,146.127,42799209.5947
2021-09-08 17:00:00,145.826,146.077,145.796,145.846,27936759.9487
2021-09-08 18:00:00,146.036,146.127,145.786,145.817,32053600.3113
2021-09-08 19:00:00,146.067,146.167,145.866,146.047,33271808.6243
2021-09-09 13:00:00,155.287,156.097,154.716,155.466,119933166.5039
2021-09-09 14:00:00,155.267,155.766,155.086,155.287,164513336.1816
2021-09-09 15:00:00,154.926,155.387,154.737,155.277,101760246.2769
2021-09-09 16:00:00,154.887,155.217,154.776,154.916,77102287.2925
2021-09-09 17:00:00,154.426,155.067,154.246,154.896,172099533.0811
2021-09-09 18:00:00,154.486,154.537,154.076,154.436,119863258.3618
2021-09-09 19:00:00,154.076,154.567,153.946,154.497,108067237.854
2021-09-11 14:00:00,150.937,151.407,150.056,150.096,89004096.9849
2021-09-11 15:00:00,150.847,151.187,150.146,150.946,141250000.0
2021-09-11 16:00:00,150.867,151.157,150.557,150.857,101330001.8311
2021-09-11 17:00:00,151.006,151.217,150.496,150.876,99029998.7793
2021-09-11 18:00:00,150.696,151.207,150.546,151.007,71129997.2534
2021-09-11 19:00:00,150.817,150.966,150.606,150.696,51360000.6104
2021-09-11 20:00:00,150.787,151.056,150.616,150.807,53150001.5259
2021-09-12 14:00:00,176.106,176.727,174.556,174.826,80400001.5259
2021-09-12 15:00:00,175.907,176.187,173.926,176.116,145365005.4932
2021-09-12 16:00:00,174.717,175.937,174.676,175.897,94650001.5259
2021-09-12 17:00:00,175.486,175.807,174.476,174.696,77512496.9482
2021-09-12 18:00:00,175.637,175.946,175.127,175.487,77565002.4414
2021-09-12 19:00:00,175.356,175.947,175.156,175.637,80985000.6104
2021-09-12 20:00:00,174.576,175.707,174.186,175.367,109800003.0518
2021-10-02 14:00:00,136.358,136.968,136.127,136.398,128156387.3291
2021-10-02 15:00:00,135.347,136.717,134.398,136.388,335556854.248
2021-10-02 16:00:00,135.408,135.638,134.817,135.347,238406341.5527
2021-10-02 17:00:00,135.077,135.448,135.037,135.418,152509597.7783
2021-10-02 18:00:00,135.057,135.228,134.927,135.077,73924278.2593
2021-10-02 19:00:00,135.598,135.828,135.027,135.068,128793273.9258
2021-10-02 20:00:00,135.367,135.787,134.977,135.617,159235733.0322
2021-10-03 14:00:00,120.707,122.138,120.097,121.597,189988845.8252
2021-10-03 15:00:00,119.867,121.118,119.447,120.718,295101562.5
2021-10-03 16:00:00,120.347,120.478,119.467,119.878,234832290.6494
2021-10-03 17:00:00,120.178,120.478,119.587,120.337,147652465.8203
2021-10-03 18:00:00,119.998,120.468,119.547,120.178,231399841.3086
2021-10-03 19:00:00,120.658,120.908,119.807,120.007,135239532.4707
2021-10-03 20:00:00,119.967,120.828,119.847,120.658,139433624.2676
2021-10-05 13:00:00,128.427,129.507,128.166,129.336,158354522.7051
2021-10-05 14:00:00,128.177,128.637,127.866,128.447,242287338.2568
2021-10-05 15:00:00,128.526,128.537,127.886,128.186,105484970.0928
2021-10-05 16:00:00,128.306,128.697,128.156,128.537,55354301.4526
2021-10-05 17:00:00,128.047,128.487,127.956,128.317,45963211.0596
2021-10-05 18:00:00,127.057,128.096,126.826,128.057,141566787.7197
2021-10-05 19:00:00,126.826,127.487,126.806,127.046,116057548.5229
2021-10-06 13:00:00,127.907,128.177,126.596,126.997,123182098.3887
2021-10-06 14:00:00,126.466,127.997,126.097,127.916,141000045.7764
2021-10-06 15:00:00,126.587,126.677,126.176,126.456,86823997.4976
2021-10-06 16:00:00,126.596,126.817,126.416,126.596,50554599.762
2021-10-06 17:00:00,126.347,126.627,126.226,126.587,29048049.9268
2021-10-06 18:00:00,126.327,126.377,125.966,126.337,26052099.2279
2021-10-06 19:00:00,126.106,126.397,125.926,126.316,60062698.3643
2021-10-08 13:00:00,147.416,147.697,146.176,146.446,119721366.8823
2021-10-08 14:00:00,145.896,147.617,145.617,147.417,219030654.9072
2021-10-08 15:00:00,145.616,145.946,145.396,145.907,172039047.2412
2021-10-08 16:00:00,145.586,145.996,145.536,145.606,65358772.2778
2021-10-08 17:00:00,145.647,145.737,145.487,145.597,44746078.4912
2021-10-08 18:00:00,145.686,145.707,145.286,145.637,41111721.0388
2021-10-08 19:00:00,145.596,145.717,145.296,145.697,41851581.5735
2021-10-09 13:00:00,155.336,155.467,154.866,154.997,122632850.647
2021-10-09 14:00:00,154.337,155.417,153.906,155.347,222977752.6855
2021-10-09 15:00:00,149.187,154.377,148.697,154.336,342257690.4297
2021-10-09 16:00:00,150.276,150.797,148.906,149.186,211847976.6846
2021-10-09 17:00:00,149.977,150.747,149.857,150.276,138827667.2363
2021-10-09 18:00:00,149.866,150.247,149.496,149.966,115358688.3545
2021-10-09 19:00:00,148.977,149.927,148.736,149.867,153667343.1396
2021-10-11 14:00:00,149.017,150.107,147.946,150.027,92169998.1689
2021-10-11 15:00:00,148.967,149.597,148.716,149.017,110360000.6104
2021-10-11 16:00:00,149.056,149.067,148.677,148.966,67059997.5586
2021-10-11 17:00:00,149.156,149.176,148.796,149.047,42439998.6267
2021-10-11 18:00:00,148.497,149.167,148.326,149.157,104889999.3896
2021-10-11 19:00:00,148.147,148.527,147.926,148.477,111239997.8638
2021-10-11 20:00:00,147.877,148.287,147.846,148.136,83040000.9155
2021-10-12 14:00:00,175.167,176.546,174.687,175.137,87292503.3569
2021-10-12 15:00:00,176.106,176.977,175.076,175.177,146115005.4932
2021-10-12 16:00:00,176.696,176.727,175.397,176.117,116849998.4741
2021-10-12 17:00:00,177.277,177.307,176.587,176.706,91785003.6621
2021-10-12 18:00:00,177.676,177.807,177.036,177.267,75285003.6621
2021-10-12 19:00:00,177.826,177.897,177.576,177.666,59834999.0845
2021-10-12 20:00:00,179.406,179.607,177.667,177.827,75657501.2207
2021-11-01 14:00:00,129.407,129.808,128.487,129.028,239915878.2959
2021-11-01 15:00:00,129.557,130.137,129.317,129.397,288738433.8379
2021-11-01 16:00:00,129.508,129.678,129.028,129.587,201413070.6787
2021-11-01 17:00:00,129.537,130.048,129.347,129.498,144462280.2734
2021-11-01 18:00:00,129.338,129.918,129.217,129.527,158176757.8125
2021-11-01 19:00:00,129.308,129.337,128.867,129.328,186268630.9814
2021-11-01 20:00:00,129.078,129.398,128.687,129.298,243522033.6914
2021-11-02 14:00:00,135.017,136.368,134.997,135.888,139229095.459
2021-11-02 15:00:00,135.097,135.518,134.917,135.037,190216552.7344
2021-11-02 16:00:00,134.898,135.218,134.747,135.098,117158706.665
2021-11-02 17:00:00,134.277,134.988,133.877,134.897,208632308.96
2021-11-02 18:00:00,134.178,134.378,133.947,134.277,126678092.9565
2021-11-02 19:00:00,134.328,134.328,133.767,134.167,137915328.9795
2021-11-02 20:00:00,135.107,135.258,134.297,134.317,140204299.9268
2021-11-03 14:00:00,121.677,123.187,121.407,122.287,148915176.3916
2021-11-03 15:00:00,122.357,122.388,121.267,121.707,205624984.7412
2021-11-03 16:00:00,122.008,122.758,122.008,122.367,107960563.6597
2021-11-03 17:00:00,121.827,122.447,121.727,122.007,76804672.2412
2021-11-03 18:00:00,121.897,122.298,121.547,121.817,88630363.4644
2021-11-03 19:00:00,121.818,122.037,121.697,121.898,67522377.0142
2021-11-03 20:00:00,121.948,122.218,121.797,121.807,70760902.4048
2021-11-05 13:00:00,124.686,124.797,122.756,123.347,204335632.3242
2021-11-05 14:00:00,124.226,124.697,123.246,124.697,325566345.2148
2021-11-05 15:00:00,125.126,125.407,123.936,124.237,220796432.4951
2021-11-05 16:00:00,124.947,125.717,124.726,125.116,181419052.124
2021-11-05 17:00:00,125.907,126.157,124.876,124.937,141726791.3818
2021-11-05 18:00:00,125.726,126.257,125.506,125.917,197724792.4805
2021-11-05 19:00:00,125.806,126.207,125.276,125.716,225070739.7461
2021-11-06 13:00:00,126.896,127.106,126.096,126.476,105051498.4131
2021-11-06 14:00:00,126.697,127.257,126.576,126.886,68196350.0977
2021-11-06 15:00:00,127.066,127.157,126.506,126.696,33550098.4192
2021-11-06 16:00:00,127.056,127.237,126.906,127.066,21475250.2441
2021-11-06 17:00:00,127.327,127.407,126.906,127.067,14326700.2106
2021-11-06 18:00:00,127.366,127.427,127.187,127.336,11927000.0458
2021-11-06 19:00:00,127.347,127.367,127.036,127.357,23754049.3011
2021-11-08 13:00:00,146.056,146.707,145.966,146.016,123841262.8174
2021-11-08 14:00:00,145.606,146.417,145.556,146.067,169790130.6152
2021-11-08 15:00:00,145.876,146.057,145.516,145.607,161786636.3525
2021-11-08 16:00:00,146.296,146.447,145.847,145.877,71723533.6304
2021-11-08 17:00:00,146.036,146.577,145.806,146.307,68996612.5488
2021-11-08 18:00:00,145.957,146.097,145.797,146.027,33125488.2813
2021-11-08 19:00:00,145.877,146.076,145.766,145.967,35401371.0022
2021-11-10 13:00:00,143.916,143.977,141.796,142.256,80519996.6431
2021-11-10 14:00:00,144.447,144.797,143.916,143.937,84260002.1362
2021-11-10 15:00:00,144.417,144.687,144.336,144.437,57520000.4578
2021-11-10 16:00:00,144.057,144.447,143.856,144.397,57490001.6785
2021-11-10 17:00:00,143.576,144.056,143.376,144.056,71980003.3569
2021-11-10 18:00:00,143.407,143.827,143.226,143.576,60750000.0
2021-11-10 19:00:00,142.727,143.516,142.726,143.397,75089996.3379
2021-11-11 14:00:00,148.666,149.057,148.146,148.937,63200000.7629
2021-11-11 15:00:00,148.366,148.657,148.166,148.657,77419998.1689
2021-11-11 16:00:00,148.257,148.557,148.146,148.366,40439998.6267
2021-11-11 17:00:00,147.966,148.307,147.866,148.266,36220001.2207
2021-11-11 18:00:00,147.836,147.957,147.676,147.957,28079999.9237
2021-11-11 19:00:00,148.056,148.287,147.796,147.827,27100000.3815
2021-11-11 20:00:00,147.857,148.137,147.756,148.056,46130001.0681
2021-12-01 14:00:00,128.347,129.678,128.077,128.528,186314819.3359
2021-12-01 15:00:00,128.907,129.317,128.187,128.357,247955947.876
2021-12-01 16:00:00,128.348,129.168,128.147,128.898,187927673.3398
2021-12-01 17:00:00,127.928,128.378,126.857,128.348,212132598.877
2021-12-01 18:00:00,128.178,128.428,127.708,127.937,145854751.5869
2021-12-01 19:00:00,128.387,128.768,128.077,128.187,168565490.7227
2021-12-01 20:00:00,128.797,129.177,128.197,128.397,193266571.0449
2021-12-02 14:00:00,133.858,134.688,133.787,134.247,140598815.918
2021-12-02 15:00:00,134.548,134.838,133.687,133.847,168443481.4453
2021-12-02 16:00:00,134.307,134.758,134.287,134.548,125585746.7651
2021-12-02 17:00:00,134.307,134.488,134.067,134.318,81047088.623
2021-12-02 18:00:00,134.267,134.378,134.077,134.318,73105560.3027
2021-12-02 19:00:00,134.587,134.678,134.067,134.258,57788116.4551
2021-12-02 20:00:00,135.358,135.498,134.457,134.598,115559516.9067
2021-12-03 14:00:00,119.907,120.568,119.147,120.327,125718223.5718
2021-12-03 15:00:00,119.587,120.278,119.267,119.917,202219482.4219
2021-12-03 16:00:00,120.107,120.197,119.417,119.598,123966339.1113
2021-12-03 17:00:00,120.677,121.068,119.987,120.117,91467422.4854
2021-12-03 18:00:00,120.638,120.998,120.417,120.668,66967903.1372
2021-12-03 19:00:00,120.748,120.888,120.497,120.648,60508129.1199
2021-12-03 20:00:00,121.038,121.158,120.457,120.758,68777130.127
2021-12-04 13:00:00,131.638,132.837,131.357,132.268,98588653.5645
2021-12-04 14:00:00,131.168,132.217,131.037,131.637,112560569.7632
2021-12-04 15:00:00,130.968,131.418,130.627,131.177,81975181.5796
2021-12-04 16:00:00,131.838,131.847,130.837,130.967,54884288.7878
2021-12-04 17:00:00,131.498,132.258,131.447,131.838,56005481.72
2021-12-04 18:00:00,131.008,131.818,130.917,131.488,53602600.0977
2021-12-04 19:00:00,131.257,131.518,130.837,130.988,67623291.0156
2021-12-05 13:00:00,123.967,124.617,123.246,123.247,228699035.6445
2021-12-05 14:00:00,123.127,124.227,122.817,123.966,329359527.5879
2021-12-05 15:00:00,122.797,123.566,122.696,123.117,187465316.7725
2021-12-05 16:00:00,123.096,123.136,122.316,122.807,175088104.248
2021-12-05 17:00:00,122.687,123.437,122.606,123.087,173067840.5762
2021-12-05 18:00:00,122.757,122.947,122.246,122.697,181877075.1953
2021-12-05 19:00:00,122.806,123.046,122.256,122.747,244923263.5498
2021-12-07 13:00:00,144.616,146.287,144.076,146.137,164597946.167
2021-12-07 14:00:00,144.976,145.237,144.006,144.616,189339492.7979
2021-12-07 15:00:00,144.837,145.146,144.566,144.966,80486846.9238
2021-12-07 16:00:00,144.696,145.067,144.626,144.846,49789550.7813
2021-12-07 17:00:00,144.397,144.747,144.156,144.697,48099948.8831
2021-12-07 18:00:00,144.737,144.737,144.346,144.397,31775129.3182
2021-12-07 19:00:00,144.487,144.777,144.416,144.726,62990718.8416
2021-12-08 13:00:00,147.047,147.417,145.826,145.997,116654708.8623
2021-12-08 14:00:00,148.166,148.237,146.576,147.047,133596176.1475
2021-12-08 15:00:00,148.027,148.497,148.016,148.157,72557167.0532
2021-12-08 16:00:00,148.297,148.427,147.687,148.037,53556529.9988
2021-12-08 17:00:00,148.326,148.437,148.056,148.287,42805591.5833
2021-12-08 18:00:00,148.697,148.837,148.216,148.337,35991889.9536
2021-12-08 19:00:00,148.877,149.036,148.567,148.707,40350929.2603
2021-12-10 13:00:00,141.877,143.206,141.876,143.206,96919998.1689
2021-12-10 14:00:00,141.517,142.277,141.406,141.887,153789993.2861
2021-12-10 15:00:00,142.286,142.297,141.526,141.526,94860000.6104
2021-12-10 16:00:00,141.846,142.967,141.796,142.296,74839996.3379
2021-12-10 17:00:00,141.887,142.097,141.616,141.837,61119998.9319
2021-12-10 18:00:00,141.946,142.467,141.796,141.877,55409999.8474
2021-12-10 19:00:00,141.386,141.996,141.036,141.966,67370002.7466
2021-12-11 14:00:00,147.976,148.476,147.466,148.406,64779998.7793
2021-12-11 15:00:00,148.566,148.767,147.756,147.966,76199996.9482
2021-12-11 16:00:00,149.797,150.077,148.506,148.557,71069999.6948
2021-12-11 17:00:00,149.567,149.866,149.546,149.797,38779998.7793
2021-12-11 18:00:00,149.926,149.947,149.286,149.556,31180000.3052
2021-12-11 19:00:00,149.886,150.017,149.736,149.927,32090000.1526
2021-12-11 20:00:00,149.907,150.387,149.746,149.887,40430000.3052
2022-01-02 14:00:00,173.246,174.407,172.297,173.997,143136001.5869
2022-01-02 15:00:00,173.737,173.737,172.346,173.256,278268005.3711
2022-01-02 16:00:00,174.196,174.427,173.496,173.727,233916000.3662
2022-01-02 17:00:00,173.377,174.247,172.966,174.196,213335998.5352
2022-01-02 18:00:00,173.066,173.377,172.556,173.376,181500000.0
2022-01-02 19:00:00,173.157,173.316,172.506,173.067,199115997.3145
2022-01-02 20:00:00,174.606,174.797,173.097,173.147,220751998.9014
2022-01-03 14:00:00,165.697,166.496,164.556,164.647,156240005.4932
2022-01-03 15:00:00,165.156,166.577,164.936,165.707,300947998.0469
2022-01-03 16:00:00,163.577,165.737,163.316,165.167,273036010.7422
2022-01-03 17:00:00,164.097,164.386,163.016,163.567,236184005.7373
2022-01-03 18:00:00,162.987,164.387,162.496,164.087,255432006.8359
2022-01-03 19:00:00,162.706,163.506,162.566,162.986,249947998.0469
2022-01-03 20:00:00,163.376,163.887,161.976,162.717,274079986.5723
2022-01-04 13:00:00,172.836,174.857,172.596,174.037,146807998.6572
2022-01-04 14:00:00,173.886,174.166,172.497,172.806,213804000.8545
2022-01-04 15:00:00,172.186,174.007,171.947,173.897,161688003.54
2022-01-04 16:00:00,172.267,172.856,172.067,172.177,129828002.9297
2022-01-04 17:00:00,172.527,172.787,172.097,172.256,118260002.1362
2022-01-04 18:00:00,173.197,173.727,172.446,172.517,158352005.0049
2022-01-04 19:00:00,174.246,174.637,172.756,173.186,204815994.2627
2022-01-06 13:00:00,151.336,151.487,149.837,149.837,172559997.5586
2022-01-06 14:00:00,149.807,151.707,148.656,151.356,307032012.9395
2022-01-06 15:00:00,148.227,149.806,147.896,149.796,273947998.0469
2022-01-06 16:00:00,148.247,148.577,147.666,148.227,223800003.0518
2022-01-06 17:00:00,148.567,148.867,148.006,148.236,213011993.4082
2022-01-06 18:00:00,149.196,149.847,148.506,148.567,222563995.3613
2022-01-06 19:00:00,148.616,149.977,148.507,149.206,252444000.2441
2022-01-07 13:00:00,137.717,138.116,135.996,136.037,164922200.2029
2022-01-07 14:00:00,136.577,138.287,135.657,137.716,292691999.91189986
2022-01-07 15:00:00,136.346,137.236,136.156,136.567,238320000.4101
2022-01-07 16:00:00,136.516,137.177,136.057,136.327,189599999.18909997
2022-01-07 17:00:00,137.707,137.707,136.426,136.507,163716000.1991
2022-01-07 18:00:00,138.367,138.547,137.246,137.706,147912000.65580004
2022-01-07 19:00:00,138.867,138.937,137.836,138.367,161039999.7834
2022-01-08 13:00:00,162.726,163.096,160.896,161.007,145992004.3945
2022-01-08 14:00:00,163.197,163.577,162.176,162.726,217835998.5352
2022-01-08 15:00:00,163.167,163.357,162.696,163.207,172272003.1738
2022-01-08 16:00:00,162.097,163.227,161.937,163.177,152339996.3379
2022-01-08 17:00:00,161.336,162.126,160.876,162.097,174863998.4131
2022-01-08 18:00:00,162.167,162.237,160.976,161.337,174395996.0938
2022-01-08 19:00:00,161.276,162.237,161.107,162.156,171852005.0049
2022-01-09 13:00:00,157.356,157.476,155.896,156.617,155423995.9717
2022-01-09 14:00:00,155.757,157.627,155.756,157.347,243227996.8262
2022-01-09 15:00:00,155.506,156.397,155.166,155.736,216119995.1172
2022-01-09 16:00:00,154.956,156.017,154.666,155.497,179867996.2158
2022-01-09 17:00:00,155.867,155.977,154.816,154.966,169632003.7842
2022-01-09 18:00:00,156.836,157.407,155.777,155.877,222179992.6758
2022-01-09 19:00:00,157.887,158.356,156.707,156.846,222335998.5352
2022-01-11 13:00:00,152.856,155.396,152.666,155.176,167699996.9482
2022-01-11 14:00:00,150.047,152.956,149.636,152.857,300503997.8027
2022-01-11 15:00:00,150.046,150.297,149.116,150.037,220811996.46
2022-01-11 16:00:00,150.046,150.486,149.597,150.016,210059997.5586
2022-01-11 17:00:00,150.096,150.367,149.606,150.047,161279998.7793
2022-01-11 18:00:00,150.956,151.077,149.956,150.096,152723999.0234
2022-01-11 19:00:00,150.636,151.037,150.416,150.936,178667999.2676
2022-01-12 14:00:00,148.226,149.106,147.356,148.277,109499999.5233
2022-01-12 15:00:00,148.206,148.517,146.606,148.277,216432000.0407
2022-01-12 16:00:00,147.637,148.247,147.416,148.216,205451999.18740004
2022-01-12 17:00:00,147.907,147.997,147.097,147.646,177155999.42189994
2022-01-12 18:00:00,148.196,148.436,147.546,147.907,141744000.07739994
2022-01-12 19:00:00,148.826,148.837,147.947,148.187,116831999.83830003
2022-01-12 20:00:00,148.257,148.986,148.256,148.826,122256000.6382
2022-02-02 14:00:00,174.477,175.447,173.916,174.686,146315994.2627
2022-02-02 15:00:00,174.696,175.546,174.316,174.466,280260009.7656
2022-02-02 16:00:00,174.356,174.857,173.316,174.686,256235992.4316
2022-02-02 17:00:00,175.017,175.047,174.047,174.346,183179992.6758
2022-02-02 18:00:00,174.756,175.037,174.286,175.006,180720001.2207
2022-02-02 19:00:00,175.047,175.357,174.276,174.767,192947998.0469
2022-02-02 20:00:00,175.637,175.867,174.856,175.047,229992004.3945
2022-02-03 14:00:00,163.967,164.636,163.046,164.316,144048004.1504
2022-02-03 15:00:00,164.597,165.167,162.936,163.956,304403991.6992
2022-02-03 16:00:00,165.866,166.456,164.146,164.587,259824005.127
2022-02-03 17:00:00,166.167,166.717,165.696,165.876,168768005.3711
2022-02-03 18:00:00,166.696,166.987,166.176,166.176,143100006.1035
2022-02-03 19:00:00,166.746,167.237,166.596,166.707,137964004.5166
2022-02-03 20:00:00,166.556,167.337,166.396,166.736,193451995.8496
2022-02-05 13:00:00,156.827,158.007,155.306,156.707,209160003.6621
2022-02-05 14:00:00,156.267,157.617,154.586,156.807,377052001.9531
2022-02-05 15:00:00,155.836,156.577,155.007,156.287,333888000.4883
2022-02-05 16:00:00,155.096,156.586,154.826,155.837,312528015.1367
2022-02-05 17:00:00,154.056,155.327,153.697,155.087,256320007.3242
2022-02-05 18:00:00,153.847,154.727,153.246,154.057,283776000.9766
2022-02-05 19:00:00,157.967,158.217,153.776,153.837,333671997.0703
2022-02-06 13:00:00,148.147,148.477,146.846,147.806,178703994.751
2022-02-06 14:00:00,148.206,149.007,147.226,148.157,328667999.2676
2022-02-06 15:00:00,149.427,149.927,148.096,148.216,220848007.2021
2022-02-06 16:00:00,150.477,150.677,149.346,149.436,178067993.1641
2022-02-06 17:00:00,150.296,150.597,149.957,150.477,163860000.6104
2022-02-06 18:00:00,150.097,150.807,150.057,150.296,154080001.8311
2022-02-06 19:00:00,151.156,151.247,150.046,150.107,202044006.3477
2022-02-08 13:00:00,160.536,161.057,159.777,160.097,157194702.1484
2022-02-08 14:00:00,161.227,161.716,159.617,160.537,254604003.9063
2022-02-08 15:00:00,161.156,161.467,160.537,161.226,180143997.1924
2022-02-08 16:00:00,162.187,162.407,161.086,161.146,154559997.5586
2022-02-08 17:00:00,160.386,162.267,160.056,162.187,188832000.7324
2022-02-08 18:00:00,160.626,161.287,160.236,160.386,185255996.7041
2022-02-08 19:00:00,159.976,160.847,159.907,160.627,200027999.8779
2022-02-09 13:00:00,159.307,159.976,159.126,159.736,153432006.8359
2022-02-09 14:00:00,159.437,160.357,158.646,159.307,232871994.0186
2022-02-09 15:00:00,159.766,160.097,159.307,159.447,204527999.8779
2022-02-09 16:00:00,157.707,159.887,157.186,159.777,236279998.7793
2022-02-09 17:00:00,155.677,157.707,155.646,157.707,248460006.7139
2022-02-09 18:00:00,155.956,156.547,155.647,155.666,212003997.8027
2022-02-09 19:00:00,155.546,156.497,154.956,155.946,209664001.4648
2022-02-11 13:00:00,148.686,150.337,148.656,148.837,157992004.3945
2022-02-11 14:00:00,149.286,149.627,148.667,148.667,199067993.1641
2022-02-11 15:00:00,148.917,149.436,148.317,149.297,165311996.46
2022-02-11 16:00:00,149.196,149.247,148.176,148.917,134820007.3242
2022-02-11 17:00:00,148.967,149.647,148.686,149.197,112860000.6104
2022-02-11 18:00:00,147.817,152.137,147.346,148.967,437627990.7227
2022-02-11 19:00:00,144.987,148.817,144.986,147.817,343260009.7656
2022-02-12 14:00:00,146.246,146.886,145.766,145.847,144.86400120719952
2022-02-12 16:00:00,146.627,146.957,145.866,146.176,172.47600143727198
2022-02-12 18:00:00,146.456,146.587,146.036,146.217,96.62400080521049
2022-03-01 14:00:00,180.427,180.907,177.696,177.826,96074996.9482
2022-03-01 15:00:00,180.936,181.397,180.247,180.447,148942504.8828
2022-03-01 16:00:00,181.467,181.757,180.387,180.946,108495002.7466
2022-03-01 17:00:00,181.687,182.147,181.056,181.457,75375000.0
2022-03-01 18:00:00,182.357,182.867,181.636,181.697,64897499.0845
2022-03-01 19:00:00,181.866,182.457,181.656,182.367,60202499.3896
2022-03-01 20:00:00,181.927,182.187,181.187,181.857,67019996.6431
2022-03-02 14:00:00,174.686,175.217,173.867,174.217,130703994.751
2022-03-02 15:00:00,175.236,176.217,174.377,174.687,274752014.1602
2022-03-02 16:00:00,174.587,176.017,174.547,175.247,231072006.2256
2022-03-02 17:00:00,175.287,175.457,174.317,174.586,219587997.4365
2022-03-02 18:00:00,175.506,176.007,174.876,175.286,202007995.6055
2022-03-02 19:00:00,174.446,175.797,174.306,175.497,198744003.2959
2022-03-02 20:00:00,173.087,174.927,172.667,174.446,245807998.6572
2022-03-03 14:00:00,168.036,168.887,167.496,168.296,142679992.6758
2022-03-03 15:00:00,166.016,168.387,165.997,168.067,253608001.709
2022-03-03 16:00:00,166.806,166.997,165.717,166.016,199524002.0752
2022-03-03 17:00:00,167.097,167.896,166.076,166.796,237048004.1504
2022-03-03 18:00:00,167.347,167.787,166.866,167.097,182315994.2627
2022-03-03 19:00:00,166.677,167.876,166.576,167.347,179339996.3379
2022-03-03 20:00:00,166.197,166.726,165.546,166.677,232404006.958
2022-03-05 13:00:00,158.086,158.117,156.307,158.016,138912002.5635
2022-03-05 14:00:00,157.576,158.627,156.996,158.127,235656005.8594
2022-03-05 15:00:00,159.326,159.806,157.296,157.557,146802001.9531
2022-03-05 16:00:00,159.317,159.867,158.567,159.336,189675003.0518
2022-03-05 17:00:00,159.916,160.557,159.096,159.326,169794006.3477
2022-03-05 18:00:00,159.617,159.967,158.206,159.907,192348007.2021
2022-03-05 19:00:00,159.156,159.906,158.526,159.626,225585006.7139
2022-03-06 13:00:00,147.107,147.937,145.706,146.727,176531997.6807
2022-03-06 14:00:00,145.517,147.456,145.247,147.116,308843994.1406
2022-03-06 15:00:00,145.127,145.577,144.456,145.506,208440002.4414
2022-03-06 16:00:00,145.936,146.096,144.996,145.127,186419998.1689
2022-03-06 17:00:00,145.037,146.336,144.836,145.946,203544006.3477
2022-03-06 18:00:00,145.467,145.707,144.906,145.026,178860000.6104
2022-03-06 19:00:00,145.307,145.726,144.807,145.476,220860000.6104
2022-03-08 13:00:00,163.217,163.307,160.816,160.886,158628005.9814
2022-03-08 14:00:00,164.017,164.417,162.816,163.216,219779998.7793
2022-03-08 15:00:00,165.057,165.167,163.996,164.017,181895996.0938
2022-03-08 16:00:00,165.856,166.027,164.446,165.066,154908004.7607
2022-03-08 17:00:00,166.067,166.426,165.617,165.846,121800003.0518
2022-03-08 18:00:00,166.127,166.547,165.996,166.066,113807998.6572
2022-03-08 19:00:00,166.036,166.577,165.796,166.116,127260002.1362
2022-03-10 13:00:00,139.377,139.417,137.667,138.187,137927999.49670002
2022-03-10 14:00:00,141.217,141.576,139.387,139.427,261443999.0521001
2022-03-10 15:00:00,140.826,141.557,140.067,141.206,194940000.0569
2022-03-10 16:00:00,141.406,141.417,140.796,140.816,179363999.96290004
2022-03-10 17:00:00,142.087,142.227,141.366,141.396,162732000.35059997
2022-03-10 18:00:00,142.887,143.057,142.056,142.097,152916000.24729997
2022-03-10 19:00:00,142.487,143.057,142.206,142.896,137375999.8681
2022-03-11 13:00:00,139.656,142.787,139.367,142.027,175751998.9014
2022-03-11 14:00:00,141.036,141.306,139.646,139.706,309407989.502
2022-03-11 15:00:00,139.466,141.117,139.256,141.036,235740005.4932
2022-03-11 16:00:00,140.626,140.767,139.266,139.466,189923995.9717
2022-03-11 17:00:00,139.517,140.776,139.516,140.626,144815994.2627
2022-03-11 18:00:00,140.226,140.336,139.077,139.526,146472000.1221
2022-03-11 19:00:00,138.826,140.317,138.766,140.227,167748001.0986
2022-04-01 14:00:00,182.246,182.886,181.536,182.586,83017501.8311
2022-04-01 15:00:00,181.007,182.657,180.967,182.256,145822494.5068
2022-04-01 16:00:00,179.797,181.037,179.457,180.997,141427505.4932
2022-04-01 17:00:00,179.317,180.357,179.196,179.806,97019996.6431
2022-04-01 18:00:00,179.447,179.957,179.117,179.306,93367500.3052
2022-04-01 19:00:00,179.997,180.096,179.306,179.436,80010002.1362
2022-04-01 20:00:00,179.607,180.457,179.596,179.977,98587501.5259
2022-04-02 14:00:00,172.116,172.367,170.676,171.536,152460006.7139
2022-04-02 15:00:00,171.197,172.906,171.006,172.116,303466217.041
2022-04-02 16:00:00,172.026,172.607,170.806,171.216,245964004.5166
2022-04-02 17:00:00,172.467,172.597,171.656,172.036,234444000.2441
2022-04-02 18:00:00,173.327,173.717,172.456,172.456,198132003.7842
2022-04-02 19:00:00,173.207,173.477,172.506,173.337,212843994.1406
2022-04-02 20:00:00,172.606,174.087,172.516,173.217,232595993.042
2022-04-03 14:00:00,165.017,165.536,164.067,164.446,152207992.5537
2022-04-03 15:00:00,162.577,165.307,162.216,165.026,283824005.127
2022-04-03 16:00:00,162.746,163.147,162.096,162.576,225600006.1035
2022-04-03 17:00:00,163.677,163.937,162.476,162.756,239951995.8496
2022-04-03 18:00:00,163.106,164.457,163.016,163.686,199128005.9814
2022-04-03 19:00:00,162.596,163.686,162.506,163.106,213600006.1035
2022-04-03 20:00:00,162.627,163.287,162.116,162.607,141203994.751
2022-04-04 13:00:00,177.776,177.937,174.426,174.556,149904006.958
2022-04-04 14:00:00,177.356,178.196,176.706,177.767,225983993.5303
2022-04-04 15:00:00,177.227,177.826,177.096,177.336,134220001.2207
2022-04-04 16:00:00,177.196,177.827,176.996,177.236,99096000.6714
2022-04-04 17:00:00,177.527,177.597,176.906,177.186,81012001.0376
2022-04-04 18:00:00,177.746,177.797,177.016,177.537,76164001.4648
2022-04-04 19:00:00,178.396,178.477,177.676,177.737,101987998.9624
2022-04-05 13:00:00,160.407,161.296,159.427,159.677,167604003.9063
2022-04-05 14:00:00,160.187,160.796,159.476,160.416,265955993.6523
2022-04-05 15:00:00,160.766,161.036,159.247,160.196,193764007.5684
2022-04-05 16:00:00,161.906,161.927,160.306,160.756,195527999.8779
2022-04-05 17:00:00,162.567,162.917,161.546,161.907,193619995.1172
2022-04-05 18:00:00,163.837,164.087,159.646,162.536,434388000.4883
2022-04-05 19:00:00,166.016,166.457,163.287,163.827,316428009.0332
2022-04-08 13:00:00,166.207,167.177,165.697,165.997,153527999.8779
2022-04-08 14:00:00,165.297,166.566,164.546,166.216,247572006.2256
2022-04-08 15:00:00,165.376,165.477,164.417,165.307,198143997.1924
2022-04-08 16:00:00,164.947,165.727,164.786,165.386,166895996.0938
2022-04-08 17:00:00,165.256,165.556,164.937,164.946,127199996.9482
2022-04-08 18:00:00,165.536,165.607,164.996,165.247,114624000.5493
2022-04-08 19:00:00,165.797,166.047,165.256,165.537,119472000.1221
2022-04-10 13:00:00,145.066,145.337,144.476,145.007,148416000.36640003
2022-04-10 14:00:00,145.746,146.206,145.036,145.066,247944000.4822001
2022-04-10 15:00:00,145.277,145.777,144.966,145.747,161363999.24760002
2022-04-10 16:00:00,144.856,145.657,144.836,145.266,149759999.6333
2022-04-10 17:00:00,145.237,145.517,144.246,144.847,177012000.32209998
2022-04-10 18:00:00,145.857,146.077,145.036,145.246,195335999.9657
2022-04-10 19:00:00,145.917,146.156,145.096,145.847,224736000.0611
2022-04-11 13:00:00,138.897,142.626,136.566,142.076,184427993.7744
2022-04-11 14:00:00,138.186,140.167,137.757,138.897,310955993.6523
2022-04-11 15:00:00,135.026,138.286,134.896,138.197,260424011.2305
2022-04-11 16:00:00,134.797,136.537,134.476,135.016,254723999.0234
2022-04-11 17:00:00,134.856,135.637,134.446,134.797,217356002.8076
2022-04-11 18:00:00,136.747,136.857,134.376,134.866,199776000.9766
2022-04-11 19:00:00,138.357,138.477,136.607,136.746,216707992.5537
2022-05-01 14:00:00,179.277,180.137,178.027,179.597,101502502.4414
2022-05-01 15:00:00,178.727,179.477,177.976,179.287,153607498.1689
2022-05-01 16:00:00,178.806,179.427,178.516,178.716,102764999.3896
2022-05-01 17:00:00,178.327,179.236,178.237,178.797,97807502.7466
2022-05-01 18:00:00,178.026,178.527,177.666,178.336,83955001.8311
2022-05-01 19:00:00,176.486,178.696,176.087,178.037,179152496.3379
2022-05-01 20:00:00,174.947,176.827,174.696,176.507,177544998.1689
2022-05-04 13:00:00,177.617,178.287,177.036,177.466,140748001.0986
2022-05-04 14:00:00,176.867,178.117,176.196,177.617,250811996.46
2022-05-04 15:00:00,175.676,177.097,175.676,176.887,177095993.042
2022-05-04 16:00:00,175.536,175.957,175.036,175.677,161399993.8965
2022-05-04 17:00:00,175.246,176.107,174.916,175.546,129695999.1455
2022-05-04 18:00:00,175.047,175.737,174.976,175.237,133091995.2393
2022-05-04 19:00:00,175.117,175.206,174.416,175.047,166716003.418
2022-05-05 13:00:00,161.617,164.057,161.216,163.767,180936004.6387
2022-05-05 14:00:00,160.186,161.767,159.206,161.626,351036010.7422
2022-05-05 15:00:00,157.706,160.356,157.706,160.176,312743988.0371
2022-05-05 16:00:00,157.517,158.506,156.566,157.707,338579986.5723
2022-05-05 17:00:00,156.797,158.307,156.476,157.516,312191986.084
2022-05-05 18:00:00,156.377,157.547,156.246,156.796,291756011.9629
2022-05-05 19:00:00,156.697,157.126,154.946,156.366,330791992.1875
2022-05-07 13:00:00,138.196,138.827,136.916,137.557,161579999.92380005
2022-05-07 14:00:00,138.887,139.647,137.806,138.166,283367999.55389994
2022-05-07 15:00:00,139.316,139.717,138.156,138.877,240228001.3561
2022-05-07 16:00:00,138.957,140.007,138.927,139.317,206375999.57
2022-05-07 17:00:00,140.036,140.167,138.866,138.967,171395999.78910005
2022-05-07 18:00:00,140.906,141.426,139.886,140.046,172008000.96980006
2022-05-07 19:00:00,141.517,141.587,140.557,140.906,176483999.61019996
2022-05-08 13:00:00,164.726,164.967,162.966,163.026,149268005.3711
2022-05-08 14:00:00,164.736,165.837,164.476,164.717,211320007.3242
2022-05-08 15:00:00,164.166,164.786,163.386,164.717,183119995.1172
2022-05-08 16:00:00,164.907,165.006,164.086,164.176,155916000.3662
2022-05-08 17:00:00,164.717,165.437,164.516,164.907,147912002.5635
2022-05-08 18:00:00,164.646,164.987,164.367,164.726,138527999.8779
2022-05-08 19:00:00,165.186,165.406,164.486,164.646,155772003.1738
2022-05-10 13:00:00,145.187,145.317,143.797,144.016,153336000.68069994
2022-05-10 14:00:00,143.586,145.277,143.007,145.177,280283999.9198999
2022-05-10 15:00:00,144.376,144.467,143.527,143.587,221184001.2074
2022-05-10 16:00:00,145.427,145.897,143.996,144.377,207372000.9326
2022-05-10 17:00:00,145.326,146.246,145.307,145.437,188352000.23690003
2022-05-10 18:00:00,146.407,146.446,145.266,145.326,185519999.8614
2022-05-10 19:00:00,146.297,147.366,145.856,146.407,217991999.38779995
2022-05-12 14:00:00,149.947,150.897,147.337,147.636,126372000.69429998
2022-05-12 15:00:00,147.886,149.996,147.607,149.937,204335999.0118
2022-05-12 16:00:00,146.446,148.186,146.357,147.877,142475999.3557
2022-05-12 17:00:00,146.637,147.267,146.396,146.427,126600001.09630004
2022-05-12 18:00:00,146.146,146.887,146.087,146.647,105912000.17909998
2022-05-12 19:00:00,146.027,146.427,145.766,146.136,100511999.7265
2022-05-12 20:00:00,146.576,146.767,145.787,146.027,139368000.14959997
2022-06-01 14:00:00,173.947,175.277,172.106,172.477,113489997.8638
2022-06-01 15:00:00,173.517,174.287,172.167,173.896,208402496.3379
2022-06-01 16:00:00,172.977,174.226,172.727,173.537,168607498.1689
2022-06-01 17:00:00,172.887,173.647,172.556,172.966,134992492.6758
2022-06-01 18:00:00,173.366,173.407,172.687,172.887,116565002.4414
2022-06-01 19:00:00,172.876,173.697,172.756,173.357,119355003.3569
2022-06-01 20:00:00,171.987,173.367,171.626,172.886,135945007.3242
2022-06-04 13:00:00,171.607,173.207,171.216,172.097,147167999.2676
2022-06-04 14:00:00,170.886,171.657,170.796,171.616,223451995.8496
2022-06-04 15:00:00,171.616,171.706,170.116,170.877,200843994.1406
2022-06-04 16:00:00,171.337,171.697,170.826,171.606,154451995.8496
2022-06-04 17:00:00,171.916,172.377,171.016,171.327,136404006.958
2022-06-04 18:00:00,173.086,173.386,170.926,171.926,324996002.1973
2022-06-04 19:00:00,171.797,173.617,171.556,173.097,295175994.873
2022-06-05 13:00:00,154.807,157.027,154.166,155.906,173975997.9248
2022-06-05 14:00:00,158.537,159.146,154.566,154.777,361727996.8262
2022-06-05 15:00:00,157.506,159.407,157.297,158.537,351731994.6289
2022-06-05 16:00:00,159.047,159.396,157.306,157.497,349463989.2578
2022-06-05 17:00:00,157.397,159.356,157.236,159.056,317411987.3047
2022-06-05 18:00:00,156.597,157.827,156.217,157.386,307776000.9766
2022-06-05 19:00:00,157.366,158.686,155.787,156.576,335316009.5215
2022-06-06 13:00:00,147.816,148.307,146.907,146.907,166811996.46
2022-06-06 14:00:00,148.167,148.557,147.726,147.827,252960006.7139
2022-06-06 15:00:00,146.507,148.327,145.996,148.166,222468002.3193
2022-06-06 16:00:00,146.067,146.556,145.196,146.517,212363998.4131
2022-06-06 17:00:00,146.637,146.727,145.596,146.076,196055999.7559
2022-06-06 18:00:00,145.387,146.876,145.056,146.656,213960006.7139
2022-06-06 19:00:00,146.126,146.446,144.886,145.407,234119995.1172
2022-06-07 13:00:00,142.806,142.857,141.276,141.306,168648188.5908
2022-06-07 14:00:00,142.216,143.746,141.996,142.807,296747998.23749995
2022-06-07 15:00:00,141.697,142.407,141.066,142.216,213132000.2076
2022-06-07 16:00:00,141.886,142.057,141.516,141.697,163403999.80529997
2022-06-07 17:00:00,142.426,142.537,141.866,141.896,123000000.1787
2022-06-07 18:00:00,143.597,143.626,141.847,142.406,287603999.6147
2022-06-07 19:00:00,142.877,144.107,142.347,143.617,190667999.7439
2022-06-09 13:00:00,155.197,157.067,155.046,156.376,157475997.9248
2022-06-09 14:00:00,156.106,156.396,153.696,155.196,279671997.0703
2022-06-09 15:00:00,156.066,156.516,155.476,156.107,251388000.4883
2022-06-09 16:00:00,155.196,156.257,154.636,156.067,214608001.709
2022-06-09 17:00:00,154.486,155.247,153.897,155.196,204311996.46
2022-06-09 18:00:00,154.327,155.097,154.196,154.496,218039993.2861
2022-06-09 19:00:00,154.507,155.076,153.976,154.316,236544006.3477
2022-06-10 13:00:00,146.707,147.527,145.796,145.796,156287998.67610002
2022-06-10 14:00:00,146.606,146.747,145.596,146.726,292127999.5443001
2022-06-10 15:00:00,145.876,146.927,145.706,146.617,249924000.5014
2022-06-10 16:00:00,146.246,146.467,145.556,145.867,210864001.03550005
2022-06-10 17:00:00,146.417,146.527,145.926,146.257,179748000.1448
2022-06-10 18:00:00,145.676,146.427,145.286,146.426,195911999.4639
2022-06-10 19:00:00,145.446,146.037,145.216,145.687,233411999.2258
2022-06-12 15:00:00,144.117,145.346,143.547,145.107,215.30400179412925
2022-06-12 17:00:00,143.957,144.877,143.857,144.537,149.82000124849458
2022-06-12 19:00:00,142.457,143.586,141.916,143.567,126.92400105771614
2022-07-01 14:00:00,173.697,174.116,171.466,172.756,105067497.2534
2022-07-01 15:00:00,171.416,173.757,171.017,173.677,159277496.3379
2022-07-01 16:00:00,172.507,172.707,171.036,171.426,136410003.6621
2022-07-01 17:00:00,172.267,172.617,171.756,172.507,101985000.6104
2022-07-01 18:00:00,172.277,172.586,172.046,172.276,100125000.0
2022-07-01 19:00:00,173.086,173.086,171.856,172.286,98474998.4741
2022-07-01 20:00:00,172.047,173.676,171.896,173.076,119917503.3569
2022-07-02 14:00:00,173.427,173.927,172.377,172.786,162335998.5352
2022-07-02 15:00:00,172.997,173.936,172.807,173.427,246828002.9297
2022-07-02 16:00:00,172.047,173.177,171.717,172.976,213083999.6338
2022-07-02 17:00:00,171.846,172.417,171.516,172.046,194832000.7324
2022-07-02 18:00:00,172.597,172.717,171.726,171.856,166895996.0938
2022-07-02 19:00:00,172.596,172.827,171.967,172.606,163104003.9063
2022-07-02 20:00:00,171.596,173.027,170.897,172.576,240011993.4082
2022-07-03 14:00:00,162.646,164.986,162.566,163.336,162516006.4697
2022-07-03 15:00:00,162.367,162.927,161.367,162.647,297312011.7188
2022-07-03 16:00:00,163.057,163.987,162.256,162.356,255335998.5352
2022-07-03 17:00:00,161.556,163.057,161.306,163.037,251712005.6152
2022-07-03 18:00:00,161.146,162.177,160.887,161.566,239160003.6621
2022-07-03 19:00:00,160.387,161.666,160.187,161.137,213048004.1504
2022-07-03 20:00:00,159.307,160.577,159.026,160.407,239675994.873
2022-07-04 13:00:00,172.446,172.667,170.876,171.127,164951995.8496
2022-07-04 14:00:00,171.396,173.126,171.126,172.446,275100006.1035
2022-07-04 15:00:00,170.696,171.787,170.396,171.397,213095993.042
2022-07-04 16:00:00,170.277,171.527,169.846,170.676,176207992.5537
2022-07-04 17:00:00,171.656,171.736,170.206,170.266,184391998.291
2022-07-04 18:00:00,172.697,172.747,171.406,171.656,199188003.54
2022-07-04 19:00:00,172.117,173.326,171.896,172.686,224927993.7744
2022-07-06 13:00:00,146.586,147.077,144.087,144.186,175427993.7744
2022-07-06 14:00:00,147.737,148.276,145.917,146.617,258432006.8359
2022-07-06 15:00:00,147.556,147.837,146.767,147.737,188352005.0049
2022-07-06 16:00:00,147.667,147.876,147.076,147.567,170063995.3613
2022-07-06 17:00:00,148.127,148.347,147.606,147.676,148020004.2725
2022-07-06 18:00:00,148.356,148.956,148.016,148.137,139500000.0
2022-07-06 19:00:00,148.616,148.967,148.306,148.367,130511993.4082
2022-07-07 13:00:00,145.207,145.397,143.267,143.267,124775999.06950004
2022-07-07 14:00:00,145.347,145.977,144.896,145.217,196487999.7967
2022-07-07 15:00:00,145.527,145.647,145.006,145.356,140423999.6673
2022-07-07 16:00:00,145.886,145.977,145.446,145.526,96132000.20829998
2022-07-07 17:00:00,146.347,146.477,145.517,145.887,79247999.84689997
2022-07-07 18:00:00,146.186,146.537,146.006,146.346,57527999.55020001
2022-07-07 19:00:00,146.237,146.536,146.106,146.196,107808000.3265
2022-07-09 13:00:00,155.297,155.886,154.696,154.787,148703994.751
2022-07-09 14:00:00,154.107,155.446,153.596,155.296,255768005.3711
2022-07-09 15:00:00,154.737,155.237,153.897,154.097,186552001.9531
2022-07-09 16:00:00,154.857,155.317,154.217,154.747,172811996.46
2022-07-09 17:00:00,155.526,155.697,154.537,154.836,164268005.3711
2022-07-09 18:00:00,155.726,156.207,154.736,155.526,177527999.8779
2022-07-09 19:00:00,155.896,156.647,155.646,155.737,184800003.0518
2022-07-10 13:00:00,141.527,143.077,141.377,142.486,163007998.2282
2022-07-10 14:00:00,141.317,141.837,140.877,141.517,271871999.5026
2022-07-10 15:00:00,141.117,141.627,140.786,141.316,227807999.13390008
2022-07-10 16:00:00,140.286,141.357,140.176,141.107,164844000.3397
2022-07-10 17:00:00,140.127,140.587,139.937,140.296,122771999.71680002
2022-07-10 18:00:00,140.166,140.557,139.916,140.127,138563999.65280002
2022-07-10 19:00:00,140.047,140.517,139.436,140.166,176172000.28930005
2022-07-11 14:00:00,136.256,138.156,135.666,137.107,157548004.1504
2022-07-11 15:00:00,136.987,137.557,136.066,136.266,235824005.127
2022-07-11 16:00:00,136.407,137.806,136.366,136.987,195960006.7139
2022-07-11 17:00:00,137.296,137.617,136.236,136.397,143076004.0283
2022-07-11 18:00:00,137.347,137.637,136.836,137.287,120323997.4976
2022-07-11 19:00:00,138.157,138.827,137.346,137.347,122388000.4883
2022-07-11 20:00:00,138.897,139.137,137.706,138.166,150720001.2207
2022-07-12 14:00:00,140.847,143.357,140.627,142.096,139715999.8418
2022-07-12 15:00:00,141.866,142.217,140.556,140.846,267671999.21640003
2022-07-12 16:00:00,141.057,142.147,140.596,141.877,199824001.07389995
2022-07-12 17:00:00,140.877,141.347,140.686,141.066,175356000.18469998
2022-07-12 18:00:00,140.857,141.416,140.716,140.877,151908000.23090005
2022-07-12 19:00:00,140.736,141.447,140.617,140.847,134928000.09270003
2022-07-12 20:00:00,140.957,141.136,139.996,140.737,157992000.10300002
2022-08-02 14:00:00,172.067,172.406,171.487,171.586,152207992.5537
2022-08-02 15:00:00,172.667,172.847,171.416,172.067,262067993.1641
2022-08-02 16:00:00,173.867,174.197,172.656,172.667,188207794.1895
2022-08-02 17:00:00,174.637,175.267,173.676,173.867,137207992.5537
2022-08-02 18:00:00,174.576,174.787,174.117,174.636,165671997.0703
2022-08-02 19:00:00,173.936,174.797,173.716,174.586,190055999.7559
2022-08-02 20:00:00,174.807,175.337,173.626,173.927,245111999.5117
2022-08-03 14:00:00,159.247,160.296,158.397,158.787,179304000.8545
2022-08-03 15:00:00,157.966,159.246,156.046,159.236,333648010.2539
2022-08-03 16:00:00,156.907,158.377,155.796,157.976,314940002.4414
2022-08-03 17:00:00,161.726,162.127,156.826,156.896,329567993.1641
2022-08-03 18:00:00,158.596,162.867,158.576,161.727,282398986.8164
2022-08-03 19:00:00,159.427,159.987,157.826,158.597,293974212.6465
2022-08-03 20:00:00,157.717,160.477,157.096,159.427,306290100.0977
2022-08-04 13:00:00,169.237,171.776,169.216,171.776,151979995.7275
2022-08-04 14:00:00,170.937,170.937,169.226,169.237,258876007.0801
2022-08-04 15:00:00,171.306,171.357,170.317,170.926,202296005.249
2022-08-04 16:00:00,171.616,171.757,171.096,171.296,175848007.2021
2022-08-04 17:00:00,170.167,171.637,170.096,171.616,133404006.958
2022-08-04 18:00:00,170.476,170.746,169.766,170.156,151044006.3477
2022-08-04 19:00:00,170.076,170.957,169.806,170.486,195863998.4131
2022-08-06 13:00:00,149.706,149.837,148.097,148.506,150167999.2676
2022-08-06 14:00:00,148.987,149.737,148.566,149.716,279816009.5215
2022-08-06 15:00:00,149.046,149.637,148.647,148.997,180264007.5684
2022-08-06 16:00:00,148.217,149.367,147.736,149.057,180492004.3945
2022-08-06 17:00:00,148.247,148.366,147.446,148.207,168828002.9297
2022-08-06 18:00:00,147.866,148.417,147.556,148.256,175223999.0234
2022-08-06 19:00:00,147.877,148.457,147.546,147.876,176244003.2959
2022-08-07 13:00:00,145.736,146.607,144.986,145.097,159960000.5149
2022-08-07 14:00:00,146.847,147.257,145.476,145.756,226559999.2276
2022-08-07 15:00:00,147.236,147.447,146.806,146.856,138984000.0874
2022-08-07 16:00:00,145.786,147.287,145.526,147.237,172391999.96
2022-08-07 17:00:00,146.837,147.087,145.536,145.786,139164000.03460002
2022-08-07 18:00:00,147.447,147.536,146.616,146.846,118932000.45860004
2022-08-07 19:00:00,146.977,147.536,146.837,147.447,168756000.75749996
2022-08-08 13:00:00,167.457,167.766,166.026,166.297,123935997.0093
2022-08-08 14:00:00,166.576,167.787,166.436,167.437,173964004.5166
2022-08-08 15:00:00,165.677,167.057,165.106,166.576,182292007.4463
2022-08-08 16:00:00,165.037,165.746,164.546,165.667,200111999.5117
2022-08-08 17:00:00,165.277,165.536,164.686,165.026,167136001.5869
2022-08-08 18:00:00,164.566,165.297,164.186,165.276,188039993.2861
2022-08-08 19:00:00,164.787,165.156,164.496,164.576,178511993.4082
2022-08-09 13:00:00,155.376,155.827,154.356,154.437,174744003.2959
2022-08-09 14:00:00,155.767,155.787,154.356,155.387,264876007.0801
2022-08-09 15:00:00,155.516,156.346,155.366,155.757,184572006.2256
2022-08-09 16:00:00,153.187,155.667,152.666,155.526,257723999.0234
2022-08-09 17:00:00,153.536,154.107,152.686,153.176,208391998.291
2022-08-09 18:00:00,153.806,154.376,153.376,153.547,204083999.6338
2022-08-09 19:00:00,154.437,154.447,153.476,153.776,186996002.1973
2022-08-11 14:00:00,139.236,140.327,138.447,140.327,116232002.2583
2022-08-11 15:00:00,139.487,139.507,138.036,139.187,177179992.6758
2022-08-11 16:00:00,140.867,140.877,139.196,139.487,117863998.4131
2022-08-11 17:00:00,141.097,141.307,140.376,140.876,114024002.0752
2022-08-11 18:00:00,138.756,141.416,138.486,141.107,161207992.5537
2022-08-11 19:00:00,138.606,139.147,137.476,138.747,195623992.9199
2022-08-11 20:00:00,139.496,140.627,138.536,138.607,183468002.3193
2022-08-12 15:00:00,142.986,143.517,142.167,142.457,175.50000146246896
2022-08-12 16:00:00,142.796,143.237,142.146,142.996,155.85600129878856
2022-08-12 17:00:00,142.417,143.027,141.877,142.786,135.2760011273091
2022-08-12 19:00:00,142.416,142.707,141.546,142.597,151.1040012591933
2022-09-02 14:00:00,175.237,176.637,175.076,175.946,145128005.9814
2022-09-02 15:00:00,175.777,176.157,175.177,175.227,214175994.873
2022-09-02 16:00:00,175.416,175.967,175.206,175.786,160619995.1172
2022-09-02 17:00:00,175.806,175.867,175.257,175.426,124068000.7935
2022-09-02 18:00:00,175.597,175.906,175.426,175.807,89676002.5024
2022-09-02 19:00:00,175.656,176.107,175.576,175.596,72912002.5635
2022-09-02 20:00:00,176.206,176.247,174.887,175.657,159636001.5869
2022-09-03 14:00:00,160.416,161.547,159.397,161.346,166188003.54
2022-09-03 15:00:00,162.037,162.247,160.156,160.386,248615997.3145
2022-09-03 16:00:00,161.986,162.157,161.017,162.047,211619995.1172
2022-09-03 17:00:00,162.647,162.677,161.556,162.007,172979995.7275
2022-09-03 18:00:00,161.976,162.676,161.546,162.657,167027999.8779
2022-09-03 19:00:00,162.557,162.986,161.786,161.976,192671997.0703
2022-09-03 20:00:00,162.827,163.387,162.266,162.557,208416000.3662
2022-09-05 13:00:00,153.467,155.816,153.366,154.717,210324005.127
2022-09-05 14:00:00,152.846,154.506,152.776,153.476,359795989.9902
2022-09-05 15:00:00,152.156,153.287,151.946,152.837,297924011.2305
2022-09-05 16:00:00,152.397,153.656,151.557,152.156,281111999.5117
2022-09-05 17:00:00,152.527,153.527,152.096,152.396,253451995.8496
2022-09-05 18:00:00,153.036,153.186,151.797,152.516,245712005.6152
2022-09-05 19:00:00,151.967,153.597,151.496,153.057,308700012.207
2022-09-06 13:00:00,147.606,147.927,146.376,146.947,163007995.6055
2022-09-06 14:00:00,146.416,147.646,146.136,147.626,246707992.5537
2022-09-06 15:00:00,146.317,146.897,145.956,146.426,200796005.249
2022-09-06 16:00:00,146.366,146.507,145.796,146.317,168996002.1973
2022-09-06 17:00:00,146.026,146.617,145.566,146.376,152904006.958
2022-09-06 18:00:00,144.746,146.036,144.726,146.036,148343994.1406
2022-09-06 19:00:00,142.556,144.777,142.506,144.736,192671997.0703
2022-09-08 13:00:00,163.886,164.797,163.746,163.797,155447998.0469
2022-09-08 14:00:00,164.497,164.977,163.757,163.897,233567993.1641
2022-09-08 15:00:00,165.097,165.807,163.996,164.507,184511993.4082
2022-09-08 16:00:00,164.976,165.306,164.446,165.087,165876007.0801
2022-09-08 17:00:00,165.377,165.537,164.836,164.986,135167999.2676
2022-09-08 18:00:00,165.127,165.587,164.856,165.377,141035995.4834
2022-09-08 19:00:00,164.876,165.437,164.516,165.126,155772003.1738
2022-09-09 13:00:00,156.056,156.057,154.746,155.377,136259994.5068
2022-09-09 14:00:00,156.637,156.827,155.896,156.047,201360000.6104
2022-09-09 15:00:00,156.847,157.166,156.456,156.647,182783996.582
2022-09-09 16:00:00,156.847,156.926,156.076,156.847,179820007.3242
2022-09-09 17:00:00,157.077,157.317,156.696,156.847,96323997.4976
2022-09-09 18:00:00,157.157,157.506,156.766,157.067,105059997.5586
2022-09-09 19:00:00,157.336,157.796,157.046,157.157,110975997.9248
2022-09-11 14:00:00,137.247,138.427,136.996,138.417,138479995.7275
2022-09-11 15:00:00,136.497,137.957,136.136,137.246,223992004.3945
2022-09-11 16:00:00,136.606,137.387,136.406,136.506,172175994.873
2022-09-11 17:00:00,136.347,136.697,136.117,136.607,133632003.7842
2022-09-11 18:00:00,135.197,136.557,134.996,136.337,163979995.7275
2022-09-11 19:00:00,134.767,135.526,134.696,135.207,141179992.6758
2022-09-11 20:00:00,134.837,135.457,134.576,134.767,167220001.2207
2022-09-12 14:00:00,141.686,142.507,140.876,142.336,109416000.2471
2022-09-12 15:00:00,144.287,144.297,141.196,141.747,221352000.2364001
2022-09-12 16:00:00,144.987,145.107,143.826,144.287,134904000.5203
2022-09-12 17:00:00,144.426,145.546,144.366,144.997,101784000.51589996
2022-09-12 18:00:00,144.186,144.456,143.827,144.406,91200000.0476
2022-09-12 19:00:00,143.837,144.297,143.736,144.177,79679999.64950001
2022-09-12 20:00:00,142.136,144.137,142.056,143.836,117239999.77139996
2022-10-01 14:00:00,169.457,171.606,168.736,168.976,105067497.2534
2022-10-01 15:00:00,168.697,169.706,168.156,169.457,174742492.6758
2022-10-01 16:00:00,169.067,170.007,168.436,168.687,139304992.6758
2022-10-01 17:00:00,169.646,170.127,168.277,169.047,117764999.3896
2022-10-01 18:00:00,171.157,171.427,169.517,169.636,123794998.1689
2022-10-01 19:00:00,170.676,171.616,170.336,171.146,125129997.2534
2022-10-01 20:00:00,172.156,172.487,169.966,170.686,138914993.2861
2022-10-02 14:00:00,175.077,175.367,173.736,173.997,165707992.5537
2022-10-02 15:00:00,174.407,175.467,174.266,175.066,274164001.4648
2022-10-02 16:00:00,174.847,174.987,173.786,174.406,220091995.2393
2022-10-02 17:00:00,174.087,175.047,173.317,174.846,209880004.8828
2022-10-02 18:00:00,173.437,174.506,172.736,174.077,243240005.4932
2022-10-02 19:00:00,172.816,173.567,172.516,173.416,238992004.3945
2022-10-02 20:00:00,172.226,173.127,171.557,172.807,270335998.5352
2022-10-03 14:00:00,158.956,160.376,158.026,160.046,161529846.1914
2022-10-03 15:00:00,157.767,158.946,157.586,158.946,244764007.5684
2022-10-03 16:00:00,157.356,157.766,156.386,157.766,185583892.8223
2022-10-03 17:00:00,156.056,157.487,155.996,157.357,153395996.0938
2022-10-03 18:00:00,157.546,157.727,155.986,156.057,171192001.3428
2022-10-03 19:00:00,159.007,159.167,157.397,157.537,205307998.6572
2022-10-03 20:00:00,158.387,159.086,157.407,159.017,221796005.249
2022-10-05 13:00:00,155.786,156.527,154.126,155.576,188688003.54
2022-10-05 14:00:00,154.477,156.377,153.947,155.806,348851989.7461
2022-10-05 15:00:00,153.746,154.766,153.026,154.466,362640014.6484
2022-10-05 16:00:00,153.356,154.327,152.926,153.736,339299987.793
2022-10-05 17:00:00,156.677,156.727,153.246,153.356,319343994.1406
2022-10-05 18:00:00,156.056,156.717,155.216,156.687,330000000.0
2022-10-05 19:00:00,154.466,156.597,154.007,156.057,322055999.7559
2022-10-06 13:00:00,138.467,140.737,138.316,140.227,178283996.582
2022-10-06 14:00:00,137.627,138.526,137.376,138.406,265308013.916
2022-10-06 15:00:00,137.847,138.047,137.256,137.637,173412002.5635
2022-10-06 16:00:00,137.767,138.187,137.436,137.846,143184005.7373
2022-10-06 17:00:00,138.186,138.727,137.446,137.757,145356002.8076
2022-10-06 18:00:00,138.727,139.007,137.786,138.197,143748001.0986
2022-10-06 19:00:00,137.047,139.156,137.046,138.726,204311996.46
2022-10-08 13:00:00,168.436,168.607,167.397,167.397,164091247.5586
2022-10-08 14:00:00,167.747,168.447,166.896,168.446,215220001.2207
2022-10-08 15:00:00,168.146,168.237,167.546,167.746,151595993.042
2022-10-08 16:00:00,168.066,168.287,167.646,168.147,124872001.6479
2022-10-08 17:00:00,168.276,168.467,167.856,168.067,109655998.23
2022-10-08 18:00:00,168.447,168.737,168.186,168.267,88583999.6338
2022-10-08 19:00:00,169.097,169.297,168.346,168.436,101699996.9482
2022-10-10 13:00:00,138.766,140.616,138.646,140.357,160800000.1907
2022-10-10 14:00:00,139.576,140.446,138.566,138.777,251820000.4103
2022-10-10 15:00:00,140.447,140.806,139.226,139.567,224052000.5228
2022-10-10 16:00:00,139.577,140.516,139.556,140.457,181728001.1176
2022-10-10 17:00:00,141.256,141.877,139.046,139.566,209364000.3206
2022-10-10 18:00:00,140.767,141.387,140.406,141.257,207768000.84089988
2022-10-10 19:00:00,140.317,141.526,140.016,140.777,236256000.7573
2022-10-11 14:00:00,143.297,143.297,140.367,141.276,164520004.2725
2022-10-11 15:00:00,143.196,143.666,142.507,143.286,276455993.6523
2022-10-11 16:00:00,143.107,143.407,142.146,143.206,184932006.8359
2022-10-11 17:00:00,142.826,143.627,142.716,143.097,149759994.5068
2022-10-11 18:00:00,143.857,143.987,142.827,142.827,145860000.6104
2022-10-11 19:00:00,144.527,144.606,143.816,143.856,110903999.3286
2022-10-11 20:00:00,146.676,146.807,144.407,144.526,158916000.3662
2022-11-01 14:00:00,171.557,172.646,170.807,172.306,107752502.4414
2022-11-01 15:00:00,171.537,172.617,170.966,171.557,190027496.3379
2022-11-01 16:00:00,174.826,174.966,171.476,171.556,160897506.7139
2022-11-01 17:00:00,174.247,175.007,173.946,174.837,107504997.2534
2022-11-01 18:00:00,174.467,174.757,173.746,174.257,96187500.0
2022-11-01 19:00:00,174.827,175.087,173.856,174.477,57404998.7793
2022-11-01 20:00:00,175.047,175.167,174.396,174.827,95797500.6104
2022-11-02 14:00:00,171.806,173.067,171.616,172.237,149580001.8311
2022-11-02 15:00:00,172.067,172.677,171.016,171.796,276600006.1035
2022-11-02 16:00:00,171.777,172.546,171.296,172.077,245472000.1221
2022-11-02 17:00:00,171.506,172.147,171.326,171.746,192468002.3193
2022-11-02 18:00:00,169.147,171.837,168.876,171.497,251927993.7744
2022-11-02 19:00:00,168.806,169.997,168.277,169.137,333864013.6719
2022-11-02 20:00:00,168.396,169.677,168.027,168.826,300444000.2441
2022-11-03 14:00:00,157.637,159.217,156.956,158.857,151464004.5166
2022-11-03 15:00:00,157.856,158.117,156.917,157.647,252119995.1172
2022-11-03 16:00:00,155.486,157.876,154.786,157.846,220608001.709
2022-11-03 17:00:00,155.376,155.597,154.727,155.486,184175994.873
2022-11-03 18:00:00,156.076,156.787,155.266,155.387,152447998.0469
2022-11-03 19:00:00,155.896,156.547,155.616,156.076,153923995.9717
2022-11-03 20:00:00,154.547,156.007,154.476,155.897,164759994.5068
2022-11-04 13:00:00,166.986,168.987,166.876,168.696,171516006.4697
2022-11-04 14:00:00,166.147,167.307,166.096,166.987,251363998.4131
2022-11-04 15:00:00,167.017,167.197,166.096,166.136,155244003.2959
2022-11-04 16:00:00,167.027,167.127,166.477,167.007,132563995.3613
2022-11-04 17:00:00,166.987,167.447,166.767,167.017,153947998.0469
2022-11-04 18:00:00,166.816,167.237,166.476,166.977,148296005.249
2022-11-04 19:00:00,165.767,167.087,165.496,166.826,165492004.3945
2022-11-05 13:00:00,153.837,155.427,151.347,153.426,164292007.4463
2022-11-05 14:00:00,152.756,154.197,152.326,153.836,393696014.4043
2022-11-05 15:00:00,152.507,153.816,151.896,152.767,343955993.6523
2022-11-05 16:00:00,149.936,152.507,149.556,152.487,280511993.4082
2022-11-05 17:00:00,147.017,149.957,146.816,149.936,313272003.1738
2022-11-05 18:00:00,146.886,148.257,146.496,147.007,333996002.1973
2022-11-05 19:00:00,146.466,146.977,145.797,146.887,292571990.9668
2022-11-07 13:00:00,144.307,145.827,143.776,145.596,153923999.78619996
2022-11-07 14:00:00,145.056,145.607,144.027,144.297,228059998.51219997
2022-11-07 15:00:00,145.137,145.647,144.896,145.046,162407999.6348
2022-11-07 16:00:00,145.476,145.637,144.996,145.147,120288000.70329998
2022-11-07 17:00:00,146.406,146.627,145.426,145.487,108468000.05459996
2022-11-07 18:00:00,145.326,146.457,145.326,146.416,131976000.42839998
2022-11-07 19:00:00,144.826,145.447,144.396,145.316,156083999.63400003
2022-11-08 13:00:00,170.236,170.537,169.626,169.946,120216003.418
2022-11-08 14:00:00,169.756,170.977,169.706,170.246,187500000.0
2022-11-08 15:00:00,169.217,169.897,168.966,169.766,206591995.2393
2022-11-08 16:00:00,169.596,169.747,168.876,169.217,164231994.6289
2022-11-08 17:00:00,169.226,169.717,169.146,169.607,139643997.1924
2022-11-08 18:00:00,168.766,169.227,168.386,169.216,158207992.5537
2022-11-08 19:00:00,168.447,168.907,168.196,168.767,171371994.0186
2022-11-10 13:00:00,138.876,140.047,138.837,139.777,155.1240012926893
2022-11-10 16:00:00,140.766,141.337,140.026,140.397,197.79600164824672
2022-11-10 18:00:00,138.637,140.537,138.516,140.427,229.30800191081528
2022-11-11 14:00:00,145.356,146.447,144.366,145.806,159444000.2441
2022-11-11 15:00:00,148.106,148.557,144.696,145.307,254796005.249
2022-11-11 16:00:00,147.357,148.727,146.416,148.107,208272003.1738
2022-11-11 17:00:00,148.246,148.487,147.156,147.367,142800003.0518
2022-11-11 18:00:00,149.596,149.727,148.216,148.237,120779998.7793
2022-11-11 19:00:00,149.966,149.987,149.436,149.577,124583999.6338
2022-11-11 20:00:00,149.626,149.987,148.757,149.966,161255996.7041
2022-12-01 14:00:00,176.307,176.766,175.296,175.907,96907501.2207
2022-12-01 15:00:00,175.636,177.157,175.296,176.317,153367492.6758
2022-12-01 16:00:00,175.827,176.237,174.816,175.636,138577499.3896
2022-12-01 17:00:00,176.227,176.377,175.296,175.836,102142501.8311
2022-12-01 18:00:00,175.546,176.267,175.456,176.236,104264999.3896
2022-12-01 19:00:00,175.476,175.796,175.197,175.547,91245002.7466
2022-12-01 20:00:00,175.567,175.927,175.077,175.487,112815002.4414
2022-12-04 13:00:00,169.307,169.766,166.916,168.007,158460006.7139
2022-12-04 14:00:00,168.106,169.857,168.056,169.326,258876007.0801
2022-12-04 15:00:00,168.847,169.367,167.816,168.097,205908004.7607
2022-12-04 16:00:00,168.226,168.867,167.696,168.846,219167999.2676
2022-12-04 17:00:00,167.147,168.546,167.036,168.217,192179992.6758
2022-12-04 18:00:00,167.466,167.747,166.627,167.147,198492004.3945
2022-12-04 19:00:00,167.636,168.077,166.676,167.466,221796005.249
2022-12-05 13:00:00,141.006,144.086,140.256,142.676,209136001.5869
2022-12-05 14:00:00,145.597,146.107,140.087,141.016,412187988.2813
2022-12-05 15:00:00,141.236,146.177,141.226,145.606,351023986.8164
2022-12-05 16:00:00,141.766,142.587,140.566,141.237,341220001.2207
2022-12-05 17:00:00,140.237,142.456,139.996,141.777,293111999.5117
2022-12-05 18:00:00,139.596,140.476,138.787,140.226,289104003.9063
2022-12-05 19:00:00,142.756,142.787,139.386,139.606,352691986.084
2022-12-07 13:00:00,146.167,147.977,145.726,145.836,164147998.8099
2022-12-07 14:00:00,146.977,147.647,145.547,146.157,255300000.42940003
2022-12-07 15:00:00,147.797,148.157,146.827,146.986,184463999.15209997
2022-12-07 16:00:00,148.026,148.446,147.316,147.786,148080000.52
2022-12-07 17:00:00,148.136,148.336,147.336,148.036,134555999.87539998
2022-12-07 18:00:00,146.756,148.197,146.706,148.156,118763999.40230002
2022-12-07 19:00:00,145.886,146.747,145.046,146.746,197075999.49830005
2022-12-08 13:00:00,170.126,170.177,169.397,169.647,136776000.9766
2022-12-08 14:00:00,170.496,170.607,169.676,170.116,235475997.9248
2022-12-08 15:00:00,170.917,171.087,170.416,170.486,155100006.1035
2022-12-08 16:00:00,170.867,171.327,170.816,170.917,104195999.1455
2022-12-08 17:00:00,171.257,171.507,170.797,170.867,73367996.2158
2022-12-08 18:00:00,171.687,171.757,171.236,171.257,55835998.5352
2022-12-08 19:00:00,172.017,172.086,171.646,171.676,83975997.9248
2022-12-09 13:00:00,161.597,161.667,159.356,159.587,120323997.4976
2022-12-09 14:00:00,161.376,162.027,161.196,161.617,186227996.8262
2022-12-09 15:00:00,161.877,162.876,161.207,161.396,191472000.1221
2022-12-09 16:00:00,163.076,163.127,161.717,161.886,186024002.0752
2022-12-09 17:00:00,164.126,164.246,162.736,163.077,150779998.7793
2022-12-09 18:00:00,163.566,164.167,163.266,164.116,159048004.1504
2022-12-09 19:00:00,163.397,163.957,163.066,163.557,144720001.2207
2022-12-10 13:00:00,139.877,140.347,138.646,138.997,162359999.17990002
2022-12-10 14:00:00,139.416,140.187,138.827,139.907,292032000.78000003
2022-12-10 15:00:00,139.977,140.127,139.036,139.437,243899998.66490003
2022-12-10 16:00:00,139.456,140.077,138.936,139.987,195084000.7067
2022-12-10 17:00:00,138.496,139.597,138.366,139.446,154068000.43570003
2022-12-10 18:00:00,138.496,139.347,138.247,138.506,285899998.6651
2022-12-10 19:00:00,138.276,138.787,138.146,138.486,209459999.79990003
2022-12-12 15:00:00,141.757,142.866,141.056,142.667,157.96800131638645
2022-12-12 16:00:00,141.936,142.457,141.726,141.767,112.63200093861349
2022-12-12 19:00:00,143.807,143.917,142.386,142.686,95.90400079921037
2023-01-02 14:00:00,143.166,143.967,142.556,143.946,140951995.8496
2023-01-02 15:00:00,142.576,143.387,142.346,143.177,235115997.3145
2023-01-02 16:00:00,142.327,143.007,142.246,142.587,140304000.8545
2023-01-02 17:00:00,142.176,142.427,141.716,142.326,128675994.873
2023-01-02 18:00:00,142.416,142.696,141.836,142.166,110447998.0469
2023-01-02 19:00:00,144.347,145.147,141.326,142.406,350615997.3145
2023-01-02 20:00:00,145.396,146.597,144.306,144.336,275855987.5488
2023-01-03 14:00:00,146.877,147.207,146.306,146.607,127283996.582
2023-01-03 15:00:00,146.466,147.106,145.487,146.897,233496002.1973
2023-01-03 16:00:00,146.436,146.617,145.396,146.447,202296005.249
2023-01-03 17:00:00,146.367,146.866,146.296,146.446,166824005.127
2023-01-03 18:00:00,145.866,146.387,145.706,146.376,135395996.0938
2023-01-03 19:00:00,145.477,145.917,145.246,145.866,122676002.5024
2023-01-03 20:00:00,145.317,145.677,144.996,145.486,132912002.5635
2023-01-05 13:00:00,169.426,170.267,169.007,169.257,102276000.9766
2023-01-05 14:00:00,169.507,169.657,168.636,169.427,169332000.7324
2023-01-05 15:00:00,169.637,169.817,168.916,169.507,153899993.8965
2023-01-05 16:00:00,170.346,170.407,169.576,169.627,92400001.5259
2023-01-05 17:00:00,170.136,170.437,170.066,170.336,72900001.5259
2023-01-05 18:00:00,169.517,170.167,169.196,170.127,97440002.4414
2023-01-05 19:00:00,169.527,169.887,169.227,169.526,119279998.7793
2023-01-06 13:00:00,177.277,177.846,176.917,177.597,138996002.1973
2023-01-06 14:00:00,178.947,179.277,177.257,177.306,219947998.0469
2023-01-06 15:00:00,179.576,179.637,178.766,178.947,158796005.249
2023-01-06 16:00:00,179.896,179.987,179.577,179.577,109704002.3804
2023-01-06 17:00:00,179.876,179.977,179.456,179.896,89568000.7935
2023-01-06 18:00:00,179.807,180.067,179.567,179.876,86664001.4648
2023-01-06 19:00:00,180.096,180.096,179.216,179.817,132348007.2021
2023-01-08 13:00:00,196.427,196.717,195.786,196.227,117587997.4365
2023-01-08 14:00:00,195.786,196.666,195.266,196.447,198516006.4697
2023-01-08 15:00:00,195.906,196.167,195.596,195.797,140604003.9063
2023-01-08 16:00:00,195.767,195.917,195.336,195.887,99036003.1128
2023-01-08 17:00:00,196.056,196.117,195.516,195.776,83580001.8311
2023-01-08 18:00:00,195.877,196.266,195.666,196.067,83412002.5635
2023-01-08 19:00:00,195.606,196.087,195.496,195.867,90047996.521
2023-01-09 13:00:00,188.917,189.906,188.266,189.507,140723999.0234
2023-01-09 14:00:00,188.386,189.477,188.306,188.907,226992004.3945
2023-01-09 15:00:00,188.506,188.877,188.346,188.387,156755996.7041
2023-01-09 16:00:00,189.166,189.257,188.476,188.506,105216003.418
2023-01-09 17:00:00,189.167,189.307,188.837,189.156,83879997.2534
2023-01-09 18:00:00,188.877,189.187,188.516,189.156,76991996.7651
2023-01-09 19:00:00,189.447,189.527,188.736,188.867,95723999.0234
2023-01-11 13:00:00,171.066,171.507,170.077,170.896,132983993.5303
2023-01-11 14:00:00,171.436,172.067,170.766,171.066,213048004.1504
2023-01-11 15:00:00,171.937,171.987,170.996,171.447,133007995.6055
2023-01-11 16:00:00,172.026,172.167,171.606,171.937,126791999.8169
2023-01-11 17:00:00,172.147,172.367,171.766,172.016,115487998.9624
2023-01-11 18:00:00,173.177,173.257,171.886,172.166,275808013.916
2023-01-11 19:00:00,173.976,174.217,173.167,173.167,217139999.3896
2023-01-12 14:00:00,189.946,190.477,189.216,190.246,89472000.1221
2023-01-12 15:00:00,190.336,190.487,189.896,189.946,144108001.709
2023-01-12 16:00:00,191.036,191.226,190.176,190.357,158253051.7578
2023-01-12 17:00:00,191.486,191.527,190.946,191.026,91053001.4038
2023-01-12 18:00:00,191.166,191.537,190.807,191.486,86631401.062
2023-01-12 19:00:00,191.257,191.327,190.897,191.167,70379997.2534
2023-01-12 20:00:00,191.177,191.367,190.876,191.247,76055999.7559
2023-02-02 14:00:00,148.556,149.496,148.336,148.667,151968002.3193
2023-02-02 15:00:00,150.136,150.477,148.136,148.556,223488006.5918
2023-02-02 16:00:00,149.756,150.427,149.547,150.146,164975997.9248
2023-02-02 17:00:00,149.907,150.267,149.436,149.767,142776000.9766
2023-02-02 18:00:00,150.937,150.977,149.887,149.916,111755996.7041
2023-02-02 19:00:00,149.026,151.157,148.937,150.946,194628005.9814
2023-02-02 20:00:00,150.736,150.736,148.707,149.046,221423995.9717
2023-02-03 14:00:00,144.346,144.777,144.027,144.126,123912002.5635
2023-02-03 15:00:00,144.477,144.687,143.896,144.346,209460006.7139
2023-02-03 16:00:00,144.336,144.727,143.966,144.476,154511993.4082
2023-02-03 17:00:00,144.446,144.647,144.216,144.346,110195999.1455
2023-02-03 18:00:00,145.526,145.547,144.266,144.437,133776000.9766
2023-02-03 19:00:00,145.826,146.037,145.386,145.537,147768005.3711
2023-02-03 20:00:00,145.906,146.697,145.556,145.836,156011993.4082
2023-02-05 13:00:00,169.737,170.337,169.406,170.076,111456001.2817
2023-02-05 14:00:00,168.257,169.926,168.016,169.706,221580001.8311
2023-02-05 15:00:00,167.616,168.357,167.526,168.257,192936004.6387
2023-02-05 16:00:00,168.377,168.507,167.536,167.607,133740005.4932
2023-02-05 17:00:00,168.666,168.947,168.326,168.377,107699996.9482
2023-02-05 18:00:00,169.017,169.037,168.336,168.667,124319999.6948
2023-02-05 19:00:00,168.516,169.266,168.386,169.007,137244003.2959
2023-02-06 13:00:00,179.786,181.747,179.686,180.996,152604003.9063
2023-02-06 14:00:00,180.517,180.597,179.246,179.807,227376007.0801
2023-02-06 15:00:00,180.966,180.977,180.136,180.527,161916000.3662
2023-02-06 16:00:00,180.837,181.036,180.466,180.976,127319999.6948
2023-02-06 17:00:00,180.497,180.867,180.296,180.837,114132003.7842
2023-02-06 18:00:00,180.617,180.817,180.056,180.496,108431999.2065
2023-02-06 19:00:00,180.927,181.077,180.576,180.627,111648002.6245
2023-02-08 13:00:00,193.976,195.167,193.367,194.987,130535995.4834
2023-02-08 14:00:00,192.796,194.257,192.746,193.986,195684005.7373
2023-02-08 15:00:00,192.566,193.257,192.516,192.786,163451995.8496
2023-02-08 16:00:00,192.826,192.826,191.836,192.576,154776000.9766
2023-02-08 17:00:00,192.827,193.237,192.686,192.817,136020004.2725
2023-02-08 18:00:00,192.756,193.247,192.586,192.826,126839996.3379
2023-02-08 19:00:00,192.577,192.967,192.216,192.757,145416000.3662
2023-02-10 13:00:00,172.916,173.237,170.937,171.236,131123992.9199
2023-02-10 14:00:00,172.997,174.027,172.796,172.907,258756011.9629
2023-02-10 15:00:00,173.067,174.287,172.896,173.017,213384002.6855
2023-02-10 16:00:00,173.166,173.517,172.816,173.076,173507995.6055
2023-02-10 17:00:00,173.117,173.567,172.716,173.177,154164001.4648
2023-02-10 18:00:00,172.877,173.697,172.606,173.097,169692001.3428
2023-02-10 19:00:00,173.736,173.736,172.526,172.866,186828002.9297
2023-02-11 13:00:00,176.336,176.767,175.287,175.287,122795997.6196
2023-02-11 14:00:00,177.427,177.527,176.106,176.327,160464004.5166
2023-02-11 15:00:00,176.787,177.637,176.426,177.427,126755996.7041
2023-02-11 16:00:00,176.967,177.297,176.397,176.787,117587997.4365
2023-02-11 17:00:00,177.296,177.467,176.766,176.957,85643997.1924
2023-02-11 18:00:00,177.447,177.487,177.086,177.287,87407997.1313
2023-02-11 19:00:00,177.737,177.746,177.156,177.437,83291999.8169
2023-03-01 14:00:00,126.926,130.887,126.886,130.247,166692001.3428
2023-03-01 15:00:00,125.586,127.287,125.047,126.957,215796005.249
2023-03-01 16:00:00,124.726,125.857,124.486,125.576,188376007.0801
2023-03-01 17:00:00,124.587,125.037,124.336,124.737,139559997.5586
2023-03-01 18:00:00,124.807,124.827,124.176,124.576,127295997.6196
2023-03-01 19:00:00,124.606,125.317,124.166,124.816,143063995.3613
2023-03-01 20:00:00,124.996,125.396,124.396,124.616,148464004.5166
2023-03-02 14:00:00,153.227,153.397,147.696,147.936,162479995.7275
2023-03-02 15:00:00,155.757,157.357,152.557,153.176,329820007.3242
2023-03-02 16:00:00,155.697,157.177,155.506,155.756,233531997.6807
2023-03-02 17:00:00,154.566,156.967,154.426,155.707,199548004.1504
2023-03-02 18:00:00,155.326,155.827,154.266,154.566,245447998.0469
2023-03-02 19:00:00,154.656,155.677,154.396,155.317,221591995.2393
2023-03-02 20:00:00,154.467,155.306,154.076,154.667,202091995.2393
2023-03-03 14:00:00,149.456,149.467,147.316,148.066,117444000.2441
2023-03-03 15:00:00,149.626,150.156,149.026,149.447,193667999.2676
2023-03-03 16:00:00,149.816,149.967,149.247,149.636,153936004.6387
2023-03-03 17:00:00,150.216,150.227,149.586,149.827,105335998.5352
2023-03-03 18:00:00,150.217,150.307,149.876,150.217,77400001.5259
2023-03-03 19:00:00,150.826,150.877,150.087,150.217,77952003.479
2023-03-03 20:00:00,151.056,151.077,150.497,150.817,99323997.4976
2023-03-04 13:00:00,165.277,165.877,164.197,164.266,91593002.3193
2023-03-04 14:00:00,164.797,165.717,164.646,165.266,169151992.7979
2023-03-04 15:00:00,164.517,164.957,164.306,164.796,124763999.939
2023-03-04 16:00:00,164.547,164.787,164.396,164.527,82307998.6572
2023-03-04 17:00:00,164.696,164.787,164.307,164.536,74736000.061
2023-03-04 18:00:00,165.737,165.737,164.466,164.696,58560001.3733
2023-03-04 19:00:00,166.106,166.277,165.607,165.737,67092002.8687
2023-03-05 13:00:00,170.747,170.877,169.446,169.446,105036003.1128
2023-03-05 14:00:00,169.607,170.916,169.547,170.727,162300003.0518
2023-03-05 15:00:00,169.917,169.917,169.166,169.606,131531997.6807
2023-03-05 16:00:00,169.987,170.157,169.517,169.927,88763999.939
2023-03-05 17:00:00,169.846,170.277,169.766,169.986,89339996.3379
2023-03-05 18:00:00,170.036,170.717,169.046,169.876,310920013.4277
2023-03-05 19:00:00,167.486,170.457,167.146,170.046,307440002.4414
2023-03-07 13:00:00,192.907,193.867,192.786,193.707,100800003.0518
2023-03-07 14:00:00,191.967,193.137,191.756,192.916,132384002.6855
2023-03-07 15:00:00,192.216,192.487,191.896,191.966,76188003.54
2023-03-07 16:00:00,192.527,192.527,191.996,192.217,53459999.0845
2023-03-08 13:00:00,191.677,192.267,191.106,191.467,142031997.6807
2023-03-08 14:00:00,191.707,192.017,190.826,191.676,228048004.1504
2023-03-08 15:00:00,191.736,192.366,191.607,191.707,173772003.1738
2023-03-08 16:00:00,192.196,192.347,191.606,191.726,132408004.7607
2023-03-08 17:00:00,191.357,192.287,191.236,192.206,122867996.2158
2023-03-08 18:00:00,191.837,191.946,191.186,191.366,136139999.3896
2023-03-08 19:00:00,190.997,191.937,190.986,191.846,152604003.9063
2023-03-10 13:00:00,173.256,173.617,172.256,172.256,138960006.7139
2023-03-10 14:00:00,171.497,173.287,170.816,173.256,266903991.6992
2023-03-10 15:00:00,171.736,171.976,171.356,171.486,169740005.4932
2023-03-10 16:00:00,172.546,172.676,171.676,171.747,142679992.6758
2023-03-10 17:00:00,171.967,172.787,171.746,172.537,121176002.5024
2023-03-10 18:00:00,172.257,172.377,171.546,171.956,126503997.8027
2023-03-10 19:00:00,172.457,172.496,171.767,172.246,160884002.6855
2023-03-11 13:00:00,175.347,176.377,173.346,174.197,149363998.4131
2023-03-11 14:00:00,175.717,175.917,174.456,175.346,220139999.3896
2023-03-11 15:00:00,175.426,175.777,174.617,175.717,148835998.5352
2023-03-11 16:00:00,176.166,176.477,175.296,175.436,127919998.1689
2023-03-11 17:00:00,175.557,176.406,175.177,176.177,114959999.0845
2023-03-11 18:00:00,176.096,176.226,175.057,175.546,107447998.0469
2023-03-11 19:00:00,176.606,176.807,175.836,176.097,117012001.0376
2023-04-01 14:00:00,126.626,127.537,125.946,126.826,158111999.5117
2023-04-01 15:00:00,126.947,127.317,125.066,126.627,238643997.1924
2023-04-01 16:00:00,127.746,128.407,126.496,126.966,161376007.0801
2023-04-01 17:00:00,127.226,128.637,127.216,127.756,115344001.77
2023-04-01 18:00:00,127.186,127.487,126.916,127.227,121356002.8076
2023-04-01 19:00:00,126.457,127.827,125.396,127.347,258635986.3281
2023-04-01 20:00:00,126.317,126.836,125.266,126.456,183660003.6621
2023-04-04 13:00:00,166.276,166.687,165.406,166.486,108755996.7041
2023-04-04 14:00:00,166.096,166.827,165.876,166.277,204011993.4082
2023-04-04 15:00:00,166.167,166.407,165.746,166.106,154764007.5684
2023-04-04 16:00:00,165.926,166.277,165.577,166.167,131940002.4414
2023-04-04 17:00:00,166.007,166.217,165.706,165.936,97776000.9766
2023-04-04 18:00:00,165.407,166.096,165.326,165.997,79127998.3521
2023-04-04 19:00:00,165.627,165.646,165.097,165.397,108839996.3379
2023-04-05 13:00:00,165.157,165.486,164.296,164.767,137807998.6572
2023-04-05 14:00:00,165.937,166.216,164.996,165.147,249720001.2207
2023-04-05 15:00:00,165.757,166.867,165.497,165.926,195660003.6621
2023-04-05 16:00:00,166.566,166.626,165.426,165.756,143555999.7559
2023-04-05 17:00:00,166.357,167.027,166.006,166.576,144179992.6758
2023-04-05 18:00:00,165.606,166.387,165.306,166.367,126083999.6338
2023-04-05 19:00:00,165.767,166.327,165.066,165.597,146580001.8311
2023-04-08 13:00:00,185.277,187.367,183.197,185.407,174684005.7373
2023-04-08 14:00:00,185.336,185.756,184.276,185.287,255647994.9951
2023-04-08 15:00:00,185.596,186.356,184.926,185.346,153837295.5322
2023-04-08 16:00:00,185.216,185.667,185.076,185.596,93912002.5635
2023-04-08 17:00:00,184.906,185.237,184.776,185.217,86435997.0093
2023-04-08 18:00:00,182.346,184.897,182.056,184.896,167027999.8779
2023-04-08 19:00:00,181.986,183.217,181.917,182.337,135216003.418
2023-04-10 13:00:00,172.477,172.677,170.936,170.947,144083999.6338
2023-04-10 14:00:00,172.436,173.467,171.856,172.457,254220001.2207
2023-04-10 15:00:00,173.126,173.146,172.116,172.437,202608001.709
2023-04-10 16:00:00,173.086,173.287,172.796,173.126,155412002.5635
2023-04-10 17:00:00,172.496,173.126,172.446,173.097,137772003.1738
2023-04-10 18:00:00,173.067,173.127,172.356,172.506,138216003.418
2023-04-10 19:00:00,173.497,174.197,173.017,173.087,144768005.3711
2023-04-12 14:00:00,189.376,190.027,188.926,189.966,93828002.9297
2023-04-12 15:00:00,188.016,189.627,187.736,189.387,148884002.6855
2023-04-12 16:00:00,188.357,188.407,187.446,188.006,92424003.6011
2023-04-12 17:00:00,188.656,188.757,188.176,188.366,75587997.4365
2023-04-12 18:00:00,188.657,188.807,188.486,188.666,63504001.6174
2023-04-12 19:00:00,189.006,189.126,188.487,188.646,71615997.3145
2023-04-12 20:00:00,189.427,189.647,188.706,189.007,81564002.9907
2023-05-01 14:00:00,127.357,127.477,125.316,127.096,161315994.2627
2023-05-01 15:00:00,126.407,127.746,126.146,127.346,216623992.9199
2023-05-01 16:00:00,126.677,127.066,126.146,126.416,167615997.3145
2023-05-01 17:00:00,126.236,126.937,126.167,126.667,139115997.3145
2023-05-01 18:00:00,126.256,127.026,125.796,126.237,164279998.7793
2023-05-01 19:00:00,125.476,126.466,125.476,126.277,145884002.6855
2023-05-01 20:00:00,125.007,125.507,124.747,125.476,143147994.9951
2023-05-04 13:00:00,164.607,165.027,164.197,164.696,120935997.0093
2023-05-04 14:00:00,163.277,164.907,163.256,164.617,211572006.2256
2023-05-04 15:00:00,162.956,163.757,162.667,163.266,135720001.2207
2023-05-04 16:00:00,162.327,162.987,161.796,162.976,115763999.939
2023-05-04 17:00:00,162.937,163.086,162.256,162.336,101916000.3662
2023-05-04 18:00:00,163.227,163.287,162.636,162.947,100211997.9858
2023-05-04 19:00:00,163.727,163.937,162.926,163.217,121524002.0752
2023-05-05 13:00:00,173.106,173.737,170.716,170.796,121103996.2769
2023-05-05 14:00:00,173.536,174.187,172.717,173.106,155423995.9717
2023-05-05 15:00:00,173.777,174.037,173.326,173.546,117480003.3569
2023-05-05 16:00:00,173.456,174.037,173.217,173.786,100680000.3052
2023-05-05 17:00:00,173.876,174.076,173.236,173.467,73931999.2065
2023-05-05 18:00:00,174.127,174.167,173.687,173.877,80832000.7324
2023-05-05 19:00:00,173.586,174.287,173.296,174.126,121283996.582
2023-05-06 13:00:00,183.346,183.847,181.956,182.546,122615997.3145
2023-05-06 14:00:00,184.246,184.347,183.247,183.386,229871994.0186
2023-05-06 15:00:00,184.077,184.327,183.926,184.236,124500000.0
2023-05-06 16:00:00,184.557,184.706,183.987,184.086,104928001.4038
2023-05-06 17:00:00,182.767,184.947,182.016,184.566,153251998.9014
2023-05-06 18:00:00,181.667,183.666,180.057,182.766,256272003.1738
2023-05-06 19:00:00,179.577,181.756,178.006,181.676,240227996.8262
2023-05-07 13:00:00,192.217,192.957,191.497,191.497,114347999.5728
2023-05-07 14:00:00,192.346,192.727,192.026,192.226,164748001.0986
2023-05-07 15:00:00,190.917,192.356,190.896,192.347,126360000.6104
2023-05-07 16:00:00,191.127,191.297,190.666,190.906,87791999.8169
2023-05-07 17:00:00,190.927,191.277,190.856,191.096,68891998.291
2023-05-07 18:00:00,191.297,191.416,190.606,190.927,105204002.3804
2023-05-07 19:00:00,191.307,191.477,191.217,191.287,88860000.6104
2023-05-09 13:00:00,188.036,188.617,187.596,188.247,136811996.46
2023-05-09 14:00:00,189.046,189.296,187.797,188.036,179195999.1455
2023-05-09 15:00:00,189.387,189.597,188.966,189.037,128712005.6152
2023-05-09 16:00:00,189.637,189.797,189.366,189.397,89195999.1455
2023-05-09 17:00:00,189.427,189.687,189.147,189.657,95171997.0703
2023-05-09 18:00:00,189.916,189.927,189.306,189.426,67991996.7651
2023-05-09 19:00:00,189.676,189.966,189.457,189.926,84599998.4741
2023-05-10 13:00:00,173.856,174.397,173.447,173.687,117204002.3804
2023-05-10 14:00:00,172.986,173.866,172.667,173.847,196488006.5918
2023-05-10 15:00:00,173.476,173.826,172.826,172.977,186287994.3848
2023-05-10 16:00:00,173.926,174.017,173.356,173.477,146651992.7979
2023-05-10 17:00:00,174.877,175.007,173.636,173.936,133320007.3242
2023-05-10 18:00:00,175.316,175.437,174.746,174.867,121547996.521
2023-05-10 19:00:00,174.957,175.377,174.826,175.306,138828002.9297
2023-05-12 14:00:00,192.697,193.337,190.167,190.167,107952003.479
2023-05-12 15:00:00,194.247,194.347,192.607,192.607,168083999.6338
2023-05-12 16:00:00,193.207,194.387,192.597,194.256,124811996.46
2023-05-12 17:00:00,193.616,193.827,192.937,193.196,104339996.3379
2023-05-12 18:00:00,192.897,193.647,192.847,193.617,88319999.6948
2023-05-12 19:00:00,193.217,193.296,192.746,192.896,66024002.0752
2023-05-12 20:00:00,193.476,193.517,192.856,193.207,73667999.2676
2023-06-01 14:00:00,125.797,127.177,124.876,126.207,163175994.873
2023-06-01 15:00:00,127.397,127.497,125.806,125.806,267059997.5586
2023-06-01 16:00:00,127.866,128.017,126.996,127.407,163307998.6572
2023-06-01 17:00:00,127.937,128.467,127.767,127.877,134723999.0234
2023-06-01 18:00:00,128.827,128.867,127.876,127.947,108767997.7417
2023-06-01 19:00:00,129.837,129.986,128.776,128.837,107688003.54
2023-06-01 20:00:00,129.466,130.286,129.326,129.836,137699996.9482
2023-06-02 14:00:00,152.456,153.077,151.707,152.496,172891357.4219
2023-06-02 15:00:00,152.256,152.706,150.896,152.466,265596008.3008
2023-06-02 16:00:00,152.017,153.087,151.966,152.276,198731994.6289
2023-06-02 17:00:00,152.406,152.777,151.806,152.017,167531997.6807
2023-06-02 18:00:00,152.147,152.507,151.566,152.407,168468002.3193
2023-06-02 19:00:00,151.637,152.507,151.506,152.146,143460006.7139
2023-06-02 20:00:00,151.696,151.896,150.766,151.637,168779998.7793
2023-06-03 14:00:00,154.427,155.006,153.446,153.757,129671997.0703
2023-06-03 15:00:00,155.136,155.566,154.126,154.416,176160003.6621
2023-06-03 16:00:00,155.727,156.056,155.126,155.136,127512001.0376
2023-06-03 17:00:00,155.047,156.286,154.966,155.727,110027999.8779
2023-06-03 18:00:00,154.547,155.437,154.496,155.056,110208000.1831
2023-06-03 19:00:00,154.107,154.607,153.956,154.536,118260002.1362
2023-06-03 20:00:00,153.867,154.287,153.686,154.116,120059997.5586
2023-06-04 13:00:00,162.677,162.717,162.016,162.396,105120002.7466
2023-06-04 14:00:00,163.267,163.577,162.526,162.666,170520004.2725
2023-06-04 15:00:00,164.516,164.727,163.186,163.267,114900001.5259
2023-06-04 16:00:00,164.467,164.946,164.396,164.516,98844001.77
2023-06-04 17:00:00,164.796,164.797,164.296,164.467,73043998.7183
2023-06-04 18:00:00,164.637,164.917,164.546,164.807,76763999.939
2023-06-04 19:00:00,164.616,164.817,164.316,164.636,72947998.0469
2023-06-06 13:00:00,177.857,180.057,177.566,179.917,138444000.2441
2023-06-06 14:00:00,178.497,179.207,177.426,177.866,186264007.5684
2023-06-06 15:00:00,178.817,178.847,177.646,178.496,147348007.2021
2023-06-06 16:00:00,178.076,179.097,178.026,178.807,143195999.1455
2023-06-06 17:00:00,178.827,179.276,178.067,178.087,145716003.418
2023-06-06 18:00:00,179.376,179.467,178.706,178.827,119543998.7183
2023-06-06 19:00:00,179.136,179.687,179.046,179.386,131807998.6572
2023-06-07 13:00:00,189.907,190.437,189.196,189.857,135276000.9766
2023-06-07 14:00:00,189.536,190.177,189.497,189.917,168167999.2676
2023-06-07 15:00:00,190.487,190.587,189.526,189.537,96251998.9014
2023-06-07 16:00:00,190.967,191.167,190.486,190.486,101903999.3286
2023-06-07 17:00:00,191.397,191.407,190.736,190.966,88356002.8076
2023-06-07 18:00:00,191.417,191.517,190.906,191.397,79391998.291
2023-06-07 19:00:00,191.756,192.007,191.316,191.417,99587997.4365
2023-06-09 13:00:00,186.517,188.727,186.496,188.367,105564002.9907
2023-06-09 14:00:00,184.007,186.497,183.916,186.497,201576004.0283
2023-06-09 15:00:00,184.136,184.297,183.517,184.016,120552001.9531
2023-06-09 16:00:00,183.107,184.297,182.796,184.137,111540000.9155
2023-06-09 17:00:00,182.956,183.366,182.666,183.107,102947998.0469
2023-06-09 18:00:00,182.186,182.996,182.116,182.956,101183998.1079
2023-06-09 19:00:00,182.847,183.007,181.466,182.187,126251998.9014
2023-06-10 13:00:00,174.016,175.027,173.167,173.687,165576004.0283
2023-06-10 14:00:00,175.117,175.227,173.346,174.016,240083999.6338
2023-06-10 15:00:00,176.786,176.827,175.086,175.127,173195999.1455
2023-06-10 16:00:00,176.817,177.027,176.307,176.777,132947998.0469
2023-06-10 17:00:00,177.266,177.377,176.686,176.816,105347999.5728
2023-06-10 18:00:00,177.516,177.697,177.116,177.267,94236000.061
2023-06-10 19:00:00,177.457,177.976,177.396,177.526,131436004.6387
2023-06-11 14:00:00,178.567,178.736,176.196,176.337,133223999.0234
2023-06-11 15:00:00,178.736,179.047,177.916,178.566,184968002.3193
2023-06-11 16:00:00,179.247,179.417,178.716,178.747,113952003.479
2023-06-11 17:00:00,178.886,179.256,178.636,179.247,97547996.521
2023-06-11 18:00:00,178.347,178.887,178.006,178.876,122807998.6572
2023-06-11 19:00:00,179.206,179.207,178.106,178.356,109092002.8687
2023-06-11 20:00:00,179.287,179.307,178.686,179.197,84444000.2441
2023-06-12 14:00:00,193.136,194.726,192.956,194.407,99839996.3379
2023-06-12 15:00:00,192.657,193.157,192.196,193.126,154632003.7842
2023-06-12 16:00:00,193.026,193.327,192.457,192.667,125879997.2534
2023-06-12 17:00:00,192.686,193.087,192.646,193.007,101903999.3286
2023-06-12 18:00:00,193.147,193.227,192.386,192.686,84732002.2583
2023-06-12 19:00:00,192.906,193.206,192.746,193.147,83916000.3662
2023-06-12 20:00:00,192.316,192.917,192.126,192.906,93575996.3989
2023-07-02 14:00:00,152.306,152.907,150.626,150.657,160175994.873
2023-07-02 15:00:00,152.587,153.177,151.826,152.277,224555999.7559
2023-07-02 16:00:00,153.007,153.587,152.556,152.587,159744003.2959
2023-07-02 17:00:00,154.797,155.207,152.356,152.977,220320007.3242
2023-07-02 18:00:00,152.107,155.127,151.347,154.796,380351989.7461
2023-07-02 19:00:00,154.207,154.447,152.036,152.107,292272003.1738
2023-07-02 20:00:00,154.607,155.217,153.416,154.216,212880004.8828
2023-07-03 14:00:00,153.817,154.007,153.146,153.566,112440002.4414
2023-07-03 15:00:00,152.197,153.837,151.806,153.837,300131988.5254
2023-07-03 16:00:00,152.046,152.747,151.966,152.197,237264007.5684
2023-07-03 17:00:00,152.396,153.077,151.796,152.056,208199996.9482
2023-07-03 18:00:00,151.807,152.677,151.727,152.397,166979995.7275
2023-07-03 19:00:00,151.166,152.037,151.126,151.816,139223999.0234
2023-07-03 20:00:00,151.577,151.757,151.126,151.167,156000000.0
2023-07-06 13:00:00,180.406,181.197,178.206,178.357,137220001.2207
2023-07-06 14:00:00,178.716,180.627,178.476,180.397,249203994.751
2023-07-06 15:00:00,178.876,179.597,178.556,178.706,180539993.2861
2023-07-06 16:00:00,178.096,179.037,177.996,178.876,174539993.2861
2023-07-06 17:00:00,177.777,178.457,177.306,178.107,155783996.582
2023-07-06 18:00:00,178.236,178.277,177.597,177.786,142307998.6572
2023-07-06 19:00:00,177.806,178.487,177.416,178.236,177156005.8594
2023-07-07 13:00:00,191.526,191.657,190.706,191.346,133751998.9014
2023-07-07 14:00:00,190.677,191.717,190.236,191.527,163475997.9248
2023-07-07 15:00:00,191.746,191.776,190.666,190.666,88103996.2769
2023-07-07 16:00:00,192.307,192.487,191.766,191.767,81671997.0703
2023-07-07 17:00:00,192.306,192.657,192.166,192.306,55872001.6479
2023-07-07 18:00:00,192.256,192.477,192.166,192.316,64991996.7651
2023-07-07 19:00:00,190.686,192.366,190.596,192.246,118608001.709
2023-07-08 13:00:00,178.376,183.106,178.216,182.126,161964004.5166
2023-07-08 14:00:00,178.096,179.777,178.056,178.366,231216003.418
2023-07-08 15:00:00,178.646,178.776,177.356,178.087,162455993.6523
2023-07-08 16:00:00,178.216,178.817,177.736,178.636,133223999.0234
2023-07-08 17:00:00,178.826,178.847,177.957,178.227,120300003.0518
2023-07-08 18:00:00,178.466,179.026,178.296,178.837,110819999.6948
2023-07-08 19:00:00,178.817,179.017,178.207,178.477,104351997.3755
2023-07-09 13:00:00,176.227,177.776,173.546,175.157,165492004.3945
2023-07-09 14:00:00,176.677,177.166,175.677,176.206,205464004.5166
2023-07-09 15:00:00,176.967,178.197,176.646,176.686,156348007.2021
2023-07-09 16:00:00,176.727,177.656,176.646,176.956,112188003.54
2023-07-09 17:00:00,177.006,177.087,175.936,176.717,105216003.418
2023-07-09 18:00:00,177.177,177.377,176.477,176.996,94176002.5024
2023-07-09 19:00:00,177.486,178.117,176.766,177.176,114239997.8638
2023-07-11 14:00:00,180.187,180.507,178.956,179.116,116087997.4365
2023-07-11 15:00:00,181.207,181.256,180.126,180.176,149867996.2158
2023-07-11 16:00:00,181.467,181.627,181.076,181.207,80711997.9858
2023-07-11 17:00:00,181.566,181.576,180.517,181.476,121643997.1924
2023-07-11 18:00:00,182.367,182.437,181.507,181.566,77615997.3145
2023-07-11 19:00:00,182.036,182.417,181.896,182.357,54335998.5352
2023-07-11 20:00:00,181.897,182.326,181.546,182.046,75407997.1313
2023-07-12 14:00:00,193.876,194.907,193.567,193.567,105732002.2583
2023-07-12 15:00:00,194.786,194.966,193.876,193.876,163944000.2441
2023-07-12 16:00:00,194.856,194.887,194.017,194.796,118884002.6855
2023-07-12 17:00:00,194.497,194.977,194.497,194.866,95783996.582
2023-07-12 18:00:00,194.316,194.767,194.226,194.506,79524002.0752
2023-07-12 19:00:00,194.147,194.487,194.116,194.306,67319999.6948
2023-07-12 20:00:00,194.216,194.337,193.997,194.157,63900001.5259
2023-08-02 14:00:00,153.457,154.577,153.146,153.797,159718200.6836
2023-08-02 15:00:00,153.157,153.747,152.246,153.446,267563995.3613
2023-08-02 16:00:00,152.226,153.186,151.436,153.147,227436004.6387
2023-08-02 17:00:00,151.766,152.236,151.156,152.206,191160003.6621
2023-08-02 18:00:00,151.946,152.117,151.217,151.776,188244003.2959
2023-08-02 19:00:00,152.186,152.296,151.657,151.936,168539993.2861
2023-08-02 20:00:00,151.896,152.287,151.477,152.177,198335998.5352
2023-08-03 14:00:00,152.647,153.087,152.296,152.757,123829521.1792
2023-08-03 15:00:00,152.587,153.196,151.816,152.626,277127990.7227
2023-08-03 16:00:00,153.337,153.457,152.366,152.596,181404006.958
2023-08-03 17:00:00,152.827,153.397,152.346,153.337,160968002.3193
2023-08-03 18:00:00,152.277,152.927,152.046,152.826,144324005.127
2023-08-03 19:00:00,152.496,152.977,152.207,152.277,122987998.9624
2023-08-03 20:00:00,152.897,153.247,152.056,152.496,135156005.8594
2023-08-05 13:00:00,172.776,173.546,172.096,172.377,111071998.5962
2023-08-05 14:00:00,173.466,173.807,172.706,172.757,158675994.873
2023-08-05 15:00:00,173.757,173.757,173.146,173.476,99671997.0703
2023-08-05 16:00:00,173.427,173.807,173.397,173.766,78839996.3379
2023-08-05 17:00:00,173.697,173.836,173.336,173.436,63240001.6785
2023-08-05 18:00:00,173.717,173.786,172.947,173.696,94872001.6479
2023-08-05 19:00:00,173.506,173.766,173.216,173.726,94019996.6431
2023-08-06 13:00:00,177.846,178.726,177.737,177.737,147432006.8359
2023-08-06 14:00:00,179.107,179.186,177.467,177.856,209891998.291
2023-08-06 15:00:00,179.497,179.867,178.966,179.117,128759994.5068
2023-08-06 16:00:00,179.607,179.986,179.296,179.497,120204002.3804
2023-08-06 17:00:00,179.527,179.857,179.016,179.617,124176002.5024
2023-08-06 18:00:00,179.916,180.227,179.457,179.527,81335998.5352
2023-08-06 19:00:00,180.547,180.826,179.726,179.927,88931999.2065
2023-08-08 13:00:00,178.037,179.687,177.576,179.686,143531997.6807
2023-08-08 14:00:00,178.117,179.207,177.756,178.016,213936004.6387
2023-08-08 15:00:00,177.856,178.337,177.816,178.127,138444000.2441
2023-08-08 16:00:00,178.896,178.977,177.826,177.847,114959999.0845
2023-08-08 17:00:00,179.036,179.467,178.696,178.906,120311996.46
2023-08-08 18:00:00,179.477,179.537,178.897,179.037,111681602.478
2023-08-08 19:00:00,179.857,180.246,179.336,179.466,124968002.3193
2023-08-09 13:00:00,179.056,180.227,178.296,178.336,122832000.7324
2023-08-09 14:00:00,178.926,179.847,178.917,179.066,171852005.0049
2023-08-09 15:00:00,179.536,180.187,178.696,178.906,120204002.3804
2023-08-09 16:00:00,179.606,179.967,179.207,179.546,96227996.8262
2023-08-09 17:00:00,179.697,179.897,179.246,179.596,92856002.8076
2023-08-09 18:00:00,178.196,179.877,178.016,179.687,119856002.8076
2023-08-09 19:00:00,178.147,178.397,177.786,178.197,121008003.2349
2023-08-11 14:00:00,182.956,183.437,182.166,182.346,115367996.2158
2023-08-11 15:00:00,182.566,183.317,182.277,182.967,190740005.4932
2023-08-11 16:00:00,181.996,182.837,181.996,182.587,150132003.7842
2023-08-11 17:00:00,182.137,182.277,181.586,182.006,125891998.291
2023-08-11 18:00:00,182.587,182.737,181.997,182.147,117036003.1128
2023-08-11 19:00:00,182.416,182.877,182.356,182.577,70643997.1924
2023-08-11 20:00:00,182.877,182.987,182.396,182.427,68879997.2534
2023-08-12 14:00:00,193.796,194.526,193.657,194.086,108648002.6245
2023-08-12 15:00:00,194.966,194.987,193.807,193.807,170076004.0283
2023-08-12 16:00:00,194.447,194.977,194.296,194.976,140315994.2627
2023-08-12 17:00:00,195.166,195.287,194.327,194.447,112307998.6572
2023-08-12 18:00:00,195.606,195.627,195.016,195.166,77400001.5259
2023-08-12 19:00:00,195.826,195.967,195.437,195.616,59664001.4648
2023-08-12 20:00:00,195.666,195.977,195.407,195.827,89676002.5024
2023-09-01 14:00:00,132.006,132.047,130.516,130.526,151548004.1504
2023-09-01 15:00:00,132.726,133.127,131.947,131.997,200940002.4414
2023-09-01 16:00:00,132.936,133.397,132.666,132.717,145007995.6055
2023-09-01 17:00:00,132.446,132.937,132.236,132.927,115931999.2065
2023-09-01 18:00:00,131.376,132.627,131.177,132.446,129468002.3193
2023-09-01 19:00:00,130.657,131.717,130.576,131.367,145475997.9248
2023-09-01 20:00:00,130.107,130.816,129.877,130.656,176604003.9063
2023-09-02 14:00:00,153.256,154.306,152.777,153.706,159419998.1689
2023-09-02 15:00:00,153.296,153.747,152.587,153.267,274368011.4746
2023-09-02 16:00:00,153.226,153.477,152.616,153.297,246240005.4932
2023-09-02 17:00:00,152.716,153.597,152.216,153.227,178391998.291
2023-09-02 18:00:00,152.086,152.737,151.927,152.727,203531997.6807
2023-09-02 19:00:00,151.756,152.307,151.726,152.076,189863998.4131
2023-09-02 20:00:00,150.867,151.777,150.407,151.757,216444000.2441
2023-09-03 14:00:00,154.286,154.377,152.916,153.457,126959999.0845
2023-09-03 15:00:00,153.867,154.526,153.627,154.276,193979995.7275
2023-09-03 16:00:00,154.087,154.447,153.686,153.856,180083999.6338
2023-09-03 17:00:00,153.546,154.206,153.437,154.096,169272003.1738
2023-09-03 18:00:00,151.936,153.616,151.817,153.557,194675994.873
2023-09-03 19:00:00,151.297,152.097,151.216,151.947,182472000.1221
2023-09-03 20:00:00,150.526,151.407,150.216,151.317,230160003.6621
2023-09-05 13:00:00,172.756,173.497,172.307,173.086,98879997.2534
2023-09-05 14:00:00,172.507,172.877,172.146,172.786,112500000.0
2023-09-05 15:00:00,171.847,172.627,171.816,172.497,103643997.1924
2023-09-05 16:00:00,172.357,172.417,171.806,171.847,88763999.939
2023-09-05 17:00:00,172.077,172.467,171.947,172.366,59568000.7935
2023-09-05 18:00:00,172.066,172.347,171.916,172.086,70043998.7183
2023-09-05 19:00:00,171.727,172.217,171.627,172.057,81755996.7041
2023-09-06 13:00:00,181.566,182.177,181.236,181.467,135468002.3193
2023-09-06 14:00:00,181.386,182.096,180.976,181.577,228516006.4697
2023-09-06 15:00:00,180.877,182.066,180.857,181.377,176436004.6387
2023-09-06 16:00:00,181.386,181.567,180.616,180.887,161039993.2861
2023-09-06 17:00:00,182.017,182.017,181.276,181.387,96431999.2065
2023-09-06 18:00:00,182.026,182.217,181.746,182.017,108263999.939
2023-09-06 19:00:00,181.037,182.077,180.746,182.027,154548004.1504
2023-09-08 13:00:00,178.656,180.857,178.126,180.857,133343994.1406
2023-09-08 14:00:00,177.796,179.117,177.596,178.647,184212005.6152
2023-09-08 15:00:00,177.406,178.187,176.996,177.806,171707992.5537
2023-09-08 16:00:00,178.187,178.476,177.376,177.417,131279998.7793
2023-09-08 17:00:00,178.667,178.777,178.126,178.187,103919998.1689
2023-09-08 18:00:00,179.147,179.577,178.596,178.666,101795997.6196
2023-09-08 19:00:00,178.166,179.286,177.986,179.157,161856002.8076
2023-09-10 13:00:00,177.176,177.286,175.797,176.707,124536003.1128
2023-09-10 14:00:00,176.356,177.347,176.196,177.166,167268005.3711
2023-09-10 15:00:00,177.176,177.217,176.196,176.346,115008003.2349
2023-09-10 16:00:00,177.596,178.057,177.176,177.187,85559997.5586
2023-09-10 17:00:00,178.706,178.767,177.556,177.607,96180000.3052
2023-09-10 18:00:00,178.866,179.027,178.416,178.716,114372001.6479
2023-09-10 19:00:00,178.997,179.037,178.646,178.877,116975997.9248
2023-09-11 14:00:00,183.287,183.536,182.706,182.896,106152000.4272
2023-09-11 15:00:00,183.346,183.396,182.466,183.287,178055999.7559
2023-09-11 16:00:00,183.956,184.106,183.316,183.337,117180000.3052
2023-09-11 17:00:00,183.917,183.996,183.506,183.966,104459999.0845
2023-09-11 18:00:00,183.106,183.967,182.676,183.916,183324005.127
2023-09-11 19:00:00,182.366,183.097,182.157,183.096,180527999.8779
2023-09-11 20:00:00,182.406,182.456,181.797,182.357,158279998.7793
2023-10-01 14:00:00,129.977,131.246,129.496,130.247,180888000.4883
2023-10-01 15:00:00,129.086,130.827,128.106,129.966,286944000.2441
2023-10-01 16:00:00,128.867,129.206,128.656,129.066,210000000.0
2023-10-01 17:00:00,129.717,129.847,128.446,128.846,162011993.4082
2023-10-01 18:00:00,130.217,130.267,129.406,129.726,131832000.7324
2023-10-01 19:00:00,130.106,130.677,129.967,130.216,137904006.958
2023-10-01 20:00:00,130.726,130.726,129.756,130.096,152580001.8311
2023-10-02 14:00:00,149.916,150.537,149.166,149.437,165376953.125
2023-10-02 15:00:00,150.336,151.327,149.346,149.916,318623992.9199
2023-10-02 16:00:00,149.806,150.897,149.686,150.356,229175994.873
2023-10-02 17:00:00,150.147,150.166,149.436,149.797,201947998.0469
2023-10-02 18:00:00,150.457,151.096,150.056,150.136,167712005.6152
2023-10-02 19:00:00,150.637,150.647,150.006,150.467,140447998.0469
2023-10-02 20:00:00,150.956,151.147,150.276,150.647,160404006.958
2023-10-03 14:00:00,149.756,150.487,148.876,150.197,177763793.9453
2023-10-03 15:00:00,150.296,150.477,149.156,149.767,316716003.418
2023-10-03 16:00:00,149.846,150.937,149.736,150.297,260328002.9297
2023-10-03 17:00:00,149.157,150.026,149.026,149.857,239651992.7979
2023-10-03 18:00:00,148.176,149.377,147.846,149.166,216419998.1689
2023-10-03 19:00:00,148.666,148.986,147.836,148.186,258563995.3613
2023-10-03 20:00:00,148.446,148.756,147.596,148.657,266100006.1035
2023-10-04 13:00:00,160.467,161.846,160.067,161.377,121763999.939
2023-10-04 14:00:00,160.536,160.807,160.076,160.446,154199996.9482
2023-10-04 15:00:00,161.097,161.607,160.516,160.546,121559997.5586
2023-10-04 16:00:00,161.397,161.597,160.586,161.087,128759994.5068
2023-10-04 17:00:00,161.426,161.617,161.166,161.407,108155998.23
2023-10-04 18:00:00,161.716,161.827,161.326,161.436,95508003.2349
2023-10-04 19:00:00,162.006,162.016,161.486,161.717,88379997.2534
2023-10-05 13:00:00,172.966,173.997,172.537,173.006,120143997.1924
2023-10-05 14:00:00,172.547,173.687,172.276,172.977,216503997.8027
2023-10-05 15:00:00,173.467,173.817,172.536,172.547,149975997.9248
2023-10-05 16:00:00,172.797,173.477,172.726,173.476,133667999.2676
2023-10-05 17:00:00,172.257,172.937,171.896,172.776,160595993.042
2023-10-05 18:00:00,173.056,173.147,172.246,172.256,145548004.1504
2023-10-05 19:00:00,173.537,173.896,172.926,173.056,137328002.9297
2023-10-07 13:00:00,187.606,189.966,187.136,189.266,128328002.9297
2023-10-07 14:00:00,188.136,189.497,187.576,187.607,184067993.1641
2023-10-07 15:00:00,187.507,188.446,187.506,188.146,137856002.8076
2023-10-07 16:00:00,188.007,188.117,187.027,187.517,127428001.4038
2023-10-07 17:00:00,188.277,188.337,187.746,188.016,103463996.8872
2023-10-07 18:00:00,188.567,188.697,187.986,188.296,86531997.6807
2023-10-07 19:00:00,188.597,188.726,188.096,188.567,114012001.0376
2023-10-08 13:00:00,180.537,180.576,178.846,179.457,141468002.3193
2023-10-08 14:00:00,179.566,180.746,179.126,180.547,226871994.0186
2023-10-08 15:00:00,178.346,179.587,178.006,179.566,216216003.418
2023-10-08 16:00:00,177.957,178.907,177.846,178.336,183707992.5537
2023-10-08 17:00:00,177.676,178.377,177.596,177.956,178643997.1924
2023-10-08 18:00:00,178.606,178.687,177.646,177.686,183695999.1455
2023-10-08 19:00:00,177.997,178.687,177.716,178.617,194664001.4648
2023-10-10 13:00:00,178.617,179.147,178.096,178.127,111564002.9907
2023-10-10 14:00:00,179.317,179.417,178.336,178.627,150899993.8965
2023-10-10 15:00:00,179.556,179.667,179.116,179.316,109248001.0986
2023-10-10 16:00:00,179.496,179.716,179.336,179.547,85068000.7935
2023-10-10 17:00:00,178.256,179.487,178.026,179.487,140399993.8965
2023-10-10 18:00:00,178.166,178.617,177.936,178.266,129888000.4883
2023-10-10 19:00:00,178.397,178.897,178.077,178.167,129815994.2627
2023-10-11 14:00:00,184.167,184.767,183.666,183.877,119220001.2207
2023-10-11 15:00:00,184.316,184.477,183.516,184.147,203975997.9248
2023-10-11 16:00:00,184.716,184.927,184.287,184.317,107807998.6572
2023-10-11 17:00:00,185.267,185.417,184.646,184.706,99480003.3569
2023-10-11 18:00:00,185.736,185.817,185.156,185.277,90288002.0142
2023-10-11 19:00:00,185.577,185.967,185.546,185.747,64655998.23
2023-10-11 20:00:00,186.306,186.557,185.576,185.576,82667999.2676
2023-11-01 14:00:00,130.856,131.567,130.456,131.367,157115997.3145
2023-11-01 15:00:00,131.456,132.096,130.476,130.867,211811996.46
2023-11-01 16:00:00,132.276,132.357,131.357,131.466,123108001.709
2023-11-01 17:00:00,132.736,132.916,132.216,132.276,104760002.1362
2023-11-01 18:00:00,132.397,133.217,132.206,132.747,107099998.4741
2023-11-01 19:00:00,132.517,132.857,132.156,132.406,85152000.4272
2023-11-01 20:00:00,133.407,133.436,132.486,132.516,122723999.0234
2023-11-04 13:00:00,161.206,162.317,161.066,162.316,119291999.8169
2023-11-04 14:00:00,160.726,161.377,160.546,161.216,154643997.1924
2023-11-04 15:00:00,160.966,161.117,160.506,160.717,85176002.5024
2023-11-04 16:00:00,161.367,161.517,160.836,160.966,70092002.8687
2023-11-04 17:00:00,161.776,161.797,161.066,161.377,48683998.1079
2023-11-04 18:00:00,161.576,161.817,161.476,161.787,41352001.1902
2023-11-04 19:00:00,160.787,161.607,160.536,161.587,65244003.2959
2023-11-05 13:00:00,172.266,173.947,172.176,173.777,117227996.8262
2023-11-05 14:00:00,173.217,173.237,172.166,172.276,195873001.0986
2023-11-05 15:00:00,173.576,173.867,173.156,173.226,135611999.5117
2023-11-05 16:00:00,173.747,174.007,173.336,173.587,117384002.6855
2023-11-05 17:00:00,173.656,173.927,173.047,173.767,125304000.8545
2023-11-05 18:00:00,174.367,174.557,173.547,173.667,111419998.1689
2023-11-05 19:00:00,173.807,174.387,173.496,174.376,111732002.2583
2023-11-07 13:00:00,187.817,189.277,187.586,189.146,129912002.5635
2023-11-07 14:00:00,188.147,188.557,187.446,187.826,172139999.3896
2023-11-07 15:00:00,188.186,188.457,187.247,188.156,122316001.8921
2023-11-07 16:00:00,187.697,188.377,187.446,188.197,109632003.7842
2023-11-07 17:00:00,187.446,187.777,187.156,187.676,83783996.582
2023-11-07 18:00:00,187.346,187.507,186.587,187.456,84732002.2583
2023-11-07 19:00:00,188.037,188.257,186.957,187.336,101676002.5024
2023-11-08 13:00:00,176.827,177.607,176.546,177.247,136992004.3945
2023-11-08 14:00:00,177.997,178.617,176.836,176.836,226307998.6572
2023-11-08 15:00:00,177.706,178.167,177.276,177.996,169223999.0234
2023-11-08 16:00:00,177.387,178.077,177.286,177.717,151932006.8359
2023-11-08 17:00:00,177.747,177.967,177.196,177.396,128496002.1973
2023-11-08 18:00:00,178.317,178.536,177.727,177.756,135455993.6523
2023-11-08 19:00:00,177.777,178.347,177.656,178.306,155204803.4668
2023-11-09 13:00:00,177.997,180.287,177.477,180.057,117972000.1221
2023-11-09 14:00:00,177.787,178.317,177.336,177.997,165707992.5537
2023-11-09 15:00:00,178.416,178.927,177.746,177.766,122688003.54
2023-11-09 16:00:00,178.656,178.827,178.246,178.406,101124000.5493
2023-11-09 17:00:00,179.237,179.407,178.556,178.656,96515998.8403
2023-11-09 18:00:00,179.647,179.657,179.026,179.236,81683998.1079
2023-11-09 19:00:00,179.367,179.937,179.157,179.656,92639999.3896
2023-11-10 13:00:00,177.927,178.937,177.597,178.196,118164001.4648
2023-11-10 14:00:00,179.086,179.267,177.666,177.917,178007995.6055
2023-11-10 15:00:00,178.697,179.307,178.426,179.097,136332000.7324
2023-11-10 16:00:00,178.616,178.717,178.256,178.696,112356002.8076
2023-11-10 17:00:00,178.616,178.727,178.316,178.617,98412002.5635
2023-11-10 18:00:00,179.077,179.367,178.566,178.617,127872001.6479
2023-11-10 19:00:00,179.716,179.837,179.026,179.066,111599998.4741
2023-11-12 14:00:00,192.876,193.456,192.276,193.046,113040000.9155
2023-11-12 15:00:00,191.957,192.967,191.696,192.936,122987998.9624
2023-11-12 16:00:00,191.966,192.217,191.417,191.957,118356002.8076
2023-11-12 17:00:00,192.206,192.377,191.806,191.956,74772003.1738
2023-11-12 18:00:00,192.777,192.797,192.136,192.196,59507999.4202
2023-11-12 19:00:00,192.887,192.987,192.677,192.787,35027999.8779
2023-11-12 20:00:00,193.186,193.277,192.736,192.886,68963996.8872
2023-12-01 14:00:00,132.246,134.207,131.446,133.997,182188796.9971
2023-12-01 15:00:00,132.416,133.777,132.117,132.247,214283996.582
2023-12-01 16:00:00,133.086,133.167,131.976,132.436,184391998.291
2023-12-01 17:00:00,133.706,134.207,132.806,133.077,146016006.4697
2023-12-01 18:00:00,134.006,134.167,132.396,133.696,153983993.5303
2023-12-01 19:00:00,133.346,134.097,132.996,134.006,166259994.5068
2023-12-01 20:00:00,133.316,133.537,132.756,133.346,147503997.8027
2023-12-04 13:00:00,160.957,162.046,160.476,161.116,135419998.1689
2023-12-04 14:00:00,160.656,162.037,160.656,160.947,222276000.9766
2023-12-04 15:00:00,161.557,161.647,160.256,160.637,179436004.6387
2023-12-04 16:00:00,161.526,161.707,161.337,161.567,117431999.2065
2023-12-04 17:00:00,161.316,161.797,161.216,161.536,88487998.9624
2023-12-04 18:00:00,160.776,161.717,160.406,161.306,196727996.8262
2023-12-04 19:00:00,160.096,160.967,159.776,160.766,179184005.7373
2023-12-05 13:00:00,173.086,174.047,172.936,173.616,96251998.9014
2023-12-05 14:00:00,172.776,173.237,172.316,173.086,171996002.1973
2023-12-05 15:00:00,172.656,172.967,172.306,172.766,107699996.9482
2023-12-05 16:00:00,171.527,172.676,171.476,172.667,87683998.1079
2023-12-05 17:00:00,171.266,172.006,171.206,171.517,95903999.3286
2023-12-05 18:00:00,171.646,171.737,170.996,171.246,98664001.4648
2023-12-05 19:00:00,172.537,172.606,171.546,171.666,98807998.6572
2023-12-06 13:00:00,181.427,182.016,181.256,181.347,131699996.9482
2023-12-06 14:00:00,181.756,181.947,180.957,181.427,202667999.2676
2023-12-06 15:00:00,182.316,182.516,181.716,181.746,130619995.1172
2023-12-06 16:00:00,182.387,182.487,182.107,182.317,83232002.2583
2023-12-06 17:00:00,182.727,182.757,182.356,182.376,77195999.1455
2023-12-06 18:00:00,183.096,183.107,182.616,182.737,49391998.291
2023-12-06 19:00:00,183.827,183.877,183.006,183.106,106008003.2349
2023-12-07 13:00:00,190.686,191.687,189.456,189.657,133188003.54
2023-12-07 14:00:00,189.656,190.967,189.546,190.697,191003997.8027
2023-12-07 15:00:00,188.617,189.887,188.456,189.656,171287994.3848
2023-12-07 16:00:00,189.357,189.807,188.556,188.606,135600006.1035
2023-12-07 17:00:00,189.917,190.016,189.356,189.356,88199996.9482
2023-12-07 18:00:00,189.977,190.387,189.796,189.916,84527999.8779
2023-12-07 19:00:00,189.817,190.227,189.566,189.967,124223999.0234
2023-12-09 13:00:00,178.717,180.087,178.437,179.416,118907997.1313
2023-12-09 14:00:00,176.337,178.717,176.216,178.707,181535995.4834
2023-12-09 15:00:00,176.677,177.107,176.246,176.326,108816001.8921
2023-12-09 16:00:00,176.946,177.247,176.376,176.657,91559997.5586
2023-12-09 17:00:00,176.377,177.867,175.446,176.956,149472000.1221
2023-12-09 18:00:00,175.317,176.757,174.826,176.366,165960006.7139
2023-12-09 19:00:00,176.287,176.447,174.996,175.327,116844001.77
2023-12-10 13:00:00,180.916,180.977,179.756,180.036,127643997.1924
2023-12-10 14:00:00,182.047,182.137,180.807,180.937,164628005.9814
2023-12-10 15:00:00,181.927,182.327,181.496,182.056,126660003.6621
2023-12-10 16:00:00,181.937,182.286,181.786,181.937,96227996.8262
2023-12-10 17:00:00,179.976,182.047,179.946,181.946,182580001.8311
2023-12-10 18:00:00,179.797,180.127,179.026,179.977,155304000.8545
2023-12-10 19:00:00,180.717,180.807,179.726,179.797,150000000.0
2023-12-12 14:00:00,192.406,193.357,191.717,193.027,105695999.1455
2023-12-12 15:00:00,193.207,193.417,192.256,192.417,117755996.7041
2023-12-12 16:00:00,193.427,193.606,193.126,193.207,103188003.54
2023-12-12 17:00:00,193.417,193.497,193.066,193.427,79524002.0752
2023-12-12 18:00:00,194.057,194.137,193.366,193.427,81972000.1221
2023-12-12 19:00:00,194.237,194.336,193.976,194.047,50472000.1221
2023-12-12 20:00:00,194.686,194.687,194.197,194.227,50147998.8098
2024-01-02 14:00:00,185.436,185.627,183.686,183.886,110627998.3521
2024-01-02 15:00:00,185.357,186.297,184.916,185.436,169848007.2021
2024-01-02 16:00:00,185.666,186.057,185.286,185.357,119928001.4038
2024-01-02 17:00:00,186.107,186.427,185.626,185.677,100043998.7183
2024-01-02 18:00:00,185.787,186.166,185.246,186.117,116003997.8027
2024-01-02 19:00:00,186.466,186.607,185.546,185.797,88487998.9624
2024-01-02 20:00:00,186.827,186.887,186.277,186.456,102071998.5962
2024-01-03 14:00:00,179.217,180.486,179.057,179.576,82248001.0986
2024-01-03 15:00:00,178.286,179.877,177.666,179.246,123491996.7651
2024-01-03 16:00:00,177.927,178.457,177.716,178.286,83664001.4648
2024-01-03 17:00:00,178.516,178.646,177.376,177.897,67463996.8872
2024-01-03 18:00:00,179.307,179.376,178.326,178.527,59664001.4648
2024-01-03 19:00:00,179.997,180.197,179.296,179.317,65723999.0234
2024-01-03 20:00:00,179.597,179.997,179.396,179.976,85319999.6948
2024-01-04 13:00:00,170.117,171.197,170.037,171.177,56231998.4436
2024-01-04 14:00:00,169.876,170.446,169.816,170.106,88500000.0
2024-01-04 15:00:00,169.637,170.077,169.466,169.856,65183998.1079
2024-01-04 16:00:00,169.827,169.987,169.576,169.646,50124000.5493
2024-01-04 17:00:00,169.986,170.077,169.746,169.827,41591999.054
2024-01-04 18:00:00,170.007,170.066,169.847,169.987,26003999.7101
2024-01-04 19:00:00,169.966,170.227,169.837,169.997,44844001.77
2024-01-05 13:00:00,170.296,170.627,169.096,169.596,70092002.8687
2024-01-05 14:00:00,171.097,171.337,170.156,170.296,117779998.7793
2024-01-05 15:00:00,171.506,171.587,170.626,171.056,73139999.3896
2024-01-05 16:00:00,171.046,171.696,171.046,171.517,68388000.4883
2024-01-05 17:00:00,171.187,171.237,170.596,171.047,54395999.9084
2024-01-05 18:00:00,172.457,172.617,170.806,171.187,224520004.2725
2024-01-05 19:00:00,169.247,172.697,169.226,172.466,227531997.6807
2024-01-07 13:00:00,213.136,214.016,211.906,212.036,89111999.5117
2024-01-07 14:00:00,215.337,215.577,212.757,213.146,194100006.1035
2024-01-07 15:00:00,215.657,215.717,214.326,215.326,135324005.127
2024-01-07 16:00:00,216.976,217.486,215.326,215.676,133067993.1641
2024-01-07 17:00:00,216.707,217.487,216.306,216.966,116963996.8872
2024-01-07 18:00:00,215.736,216.887,215.416,216.686,105912002.5635
2024-01-07 19:00:00,216.606,216.987,215.126,215.727,120671997.0703
2024-01-08 13:00:00,224.237,224.397,222.516,224.276,50633998.8708
2024-01-08 14:00:00,220.946,224.237,220.337,224.217,95166000.3662
2024-01-08 15:00:00,219.767,221.166,219.196,220.947,80316001.8921
2024-01-08 16:00:00,218.707,220.157,218.436,219.777,71444999.6948
2024-01-08 17:00:00,218.616,218.886,217.166,218.697,84564002.9907
2024-01-08 18:00:00,217.477,218.747,217.006,218.596,96900001.5259
2024-01-08 19:00:00,218.327,219.086,217.106,217.467,133787994.3848
2024-01-10 13:00:00,226.087,229.596,225.596,229.516,106860000.6104
2024-01-10 14:00:00,225.276,226.237,224.526,226.076,187776000.9766
2024-01-10 15:00:00,225.207,225.926,224.516,225.266,129539993.2861
2024-01-10 16:00:00,224.737,225.806,224.256,225.207,145932006.8359
2024-01-10 17:00:00,225.086,225.156,223.727,224.746,149100006.1035
2024-01-10 18:00:00,225.587,225.717,225.026,225.086,129863998.4131
2024-01-10 19:00:00,226.127,226.327,225.496,225.586,137160003.6621
2024-01-11 13:00:00,223.796,223.897,220.267,220.847,95795997.6196
2024-01-11 14:00:00,222.426,225.317,221.577,223.817,168024002.0752
2024-01-11 15:00:00,222.057,223.236,221.866,222.417,110832000.7324
2024-01-11 16:00:00,222.577,222.677,221.766,222.046,83592002.8687
2024-01-11 17:00:00,222.177,223.387,222.056,222.597,89627998.3521
2024-01-11 18:00:00,222.587,222.666,222.066,222.166,73103996.2769
2024-01-11 19:00:00,222.847,223.227,222.276,222.586,90180000.3052
2024-02-01 14:00:00,186.506,188.427,185.997,187.137,125699996.9482
2024-02-01 15:00:00,185.867,186.957,185.177,186.506,168744003.2959
2024-02-01 16:00:00,186.737,187.347,185.856,185.866,106008003.2349
2024-02-01 17:00:00,185.866,187.027,185.836,186.746,88643997.1924
2024-02-01 18:00:00,184.896,185.946,184.737,185.866,79319999.6948
2024-02-01 19:00:00,184.037,184.977,184.016,184.897,72720001.2207
2024-02-01 20:00:00,185.627,185.627,183.886,184.037,111708000.1831
2024-02-02 14:00:00,182.467,183.697,179.226,179.826,141132003.7842
2024-02-02 15:00:00,185.656,185.927,182.416,182.466,221399993.8965
2024-02-02 16:00:00,186.317,187.236,185.117,185.666,160871994.0186
2024-02-02 17:00:00,185.266,187.107,185.116,186.326,127896003.7231
2024-02-02 18:00:00,185.916,186.227,184.846,185.276,128675994.873
2024-02-02 19:00:00,186.977,186.987,185.586,185.926,107363998.4131
2024-02-02 20:00:00,185.816,187.056,185.816,186.987,118043998.7183
2024-02-04 13:00:00,169.036,169.317,168.226,169.057,71339996.3379
2024-02-04 14:00:00,168.666,169.326,168.537,169.057,104027999.8779
2024-02-04 15:00:00,168.817,168.947,168.656,168.666,13692000.3891
2024-02-04 16:00:00,168.787,168.857,168.366,168.626,45287998.1995
2024-02-04 17:00:00,169.007,169.087,168.786,168.796,37967998.5046
2024-02-04 18:00:00,168.817,169.047,168.746,169.007,26795999.527
2024-02-04 19:00:00,168.886,169.217,168.716,168.846,55619998.9319
2024-02-05 13:00:00,171.406,172.607,171.156,172.427,100403999.3286
2024-02-05 14:00:00,171.556,172.067,170.886,171.407,164723999.0234
2024-02-05 15:00:00,172.097,172.177,171.436,171.546,102947998.0469
2024-02-05 16:00:00,172.146,172.486,171.927,172.097,91356002.8076
2024-02-05 17:00:00,172.586,172.767,172.156,172.166,76800003.0518
2024-02-05 18:00:00,172.926,173.086,172.396,172.596,71867996.2158
2024-02-05 19:00:00,173.077,173.406,172.536,172.926,117155998.23
2024-02-07 13:00:00,217.937,217.987,215.057,216.097,81047996.521
2024-02-07 14:00:00,219.517,219.837,217.636,217.966,140951995.8496
2024-02-07 15:00:00,219.247,220.317,218.976,219.526,103152000.4272
2024-02-07 16:00:00,219.156,219.427,218.746,219.236,73332000.7324
2024-02-07 17:00:00,219.567,219.856,218.807,219.156,57108001.709
2024-02-07 18:00:00,219.777,220.297,219.456,219.576,52296001.4343
2024-02-07 19:00:00,220.317,220.337,219.496,219.736,68940002.4414
2024-02-08 13:00:00,223.196,224.367,217.666,219.287,110099998.4741
2024-02-08 14:00:00,222.396,224.356,220.637,223.227,154679992.6758
2024-02-08 15:00:00,223.157,223.636,221.397,222.356,142104003.9063
2024-02-08 16:00:00,224.197,225.567,222.707,223.147,167916000.3662
2024-02-08 17:00:00,224.167,225.266,223.287,224.197,149027999.8779
2024-02-08 18:00:00,222.676,224.217,221.896,224.186,140147994.9951
2024-02-08 19:00:00,219.716,223.367,219.006,222.666,186996002.1973
2024-02-10 13:00:00,223.356,226.097,223.196,225.816,64080001.8311
2024-02-10 14:00:00,226.026,226.377,223.016,223.336,89064002.9907
2024-02-10 15:00:00,226.827,227.027,225.896,226.046,59423999.7864
2024-02-10 16:00:00,226.626,227.006,226.616,226.826,41736000.061
2024-02-10 17:00:00,227.107,227.136,226.326,226.626,43776000.9766
2024-02-10 18:00:00,226.897,227.166,226.446,227.086,34883998.8708
2024-02-10 19:00:00,226.727,227.347,226.677,226.867,44723999.0234
2024-02-12 14:00:00,239.267,239.566,237.126,237.267,63131999.9695
2024-02-12 15:00:00,240.076,240.776,238.946,239.286,90924003.6011
2024-02-12 16:00:00,239.946,240.217,239.356,240.076,56807998.6572
2024-02-12 17:00:00,239.496,240.187,239.496,239.946,43655998.23
2024-02-12 18:00:00,239.136,239.696,239.016,239.496,36012001.0376
2024-02-12 19:00:00,239.627,239.647,239.037,239.137,29340000.1526
2024-02-12 20:00:00,239.596,239.927,239.016,239.616,60023998.2605
2024-03-01 14:00:00,184.756,185.857,183.906,184.206,136824005.127
2024-03-01 15:00:00,183.856,185.206,183.446,184.687,186660003.6621
2024-03-01 16:00:00,183.496,184.367,183.486,183.856,120227996.8262
2024-03-01 17:00:00,184.326,184.367,183.417,183.497,88440002.4414
2024-03-01 18:00:00,184.357,184.546,184.166,184.317,75732002.2583
2024-03-01 19:00:00,184.637,184.927,183.796,184.346,178871994.0186
2024-03-01 20:00:00,184.287,184.697,183.976,184.636,117863998.4131
2024-03-04 13:00:00,169.056,169.307,168.576,168.696,43895999.9084
2024-03-04 14:00:00,170.496,170.627,169.056,169.056,82139999.3896
2024-03-04 15:00:00,170.397,170.666,170.346,170.507,56375999.4507
2024-03-04 16:00:00,170.187,170.427,169.737,170.387,77447998.0469
2024-03-04 17:00:00,170.147,170.376,170.146,170.207,41616001.1292
2024-03-04 18:00:00,170.257,170.367,170.077,170.166,28931999.2065
2024-03-04 19:00:00,169.666,170.577,169.276,170.257,89508003.2349
2024-03-05 13:00:00,184.087,186.946,183.566,186.716,127475997.9248
2024-03-05 14:00:00,184.766,184.977,182.637,184.086,201899993.8965
2024-03-05 15:00:00,184.586,184.977,183.896,184.777,120083999.6338
2024-03-05 16:00:00,184.746,184.936,184.116,184.577,72335998.5352
2024-03-05 17:00:00,185.037,185.477,184.577,184.736,63215999.6033
2024-03-05 18:00:00,185.346,185.977,185.036,185.037,62063999.176
2024-03-05 19:00:00,183.357,185.347,183.047,185.336,95531997.6807
2024-03-06 13:00:00,194.106,194.547,192.497,192.806,95580001.8311
2024-03-06 14:00:00,193.926,194.976,193.896,194.117,120888000.4883
2024-03-06 15:00:00,193.906,194.416,193.576,193.936,103188003.54
2024-03-06 16:00:00,193.237,194.067,192.916,193.906,112283996.582
2024-03-06 17:00:00,193.586,194.046,192.827,193.237,94416000.3662
2024-03-06 18:00:00,193.036,193.657,192.906,193.596,79608001.709
2024-03-06 19:00:00,194.067,194.067,192.937,193.046,90996002.1973
2024-03-07 13:00:00,221.076,221.307,219.596,219.927,88620002.7466
2024-03-07 14:00:00,220.506,221.387,219.006,221.116,142451995.8496
2024-03-07 15:00:00,220.297,220.707,219.756,220.507,88980003.3569
2024-03-07 16:00:00,221.486,221.506,220.296,220.296,94379997.2534
2024-03-09 13:00:00,226.137,228.937,225.286,228.567,86856002.8076
2024-03-09 14:00:00,223.626,226.447,223.497,226.097,154895996.0938
2024-03-09 15:00:00,223.516,224.647,223.256,223.626,122459999.0845
2024-03-09 16:00:00,223.696,224.277,223.327,223.526,95015998.8403
2024-03-09 17:00:00,223.197,224.137,223.166,223.697,89375999.4507
2024-03-09 18:00:00,221.936,223.287,221.806,223.197,114456001.2817
2024-03-09 19:00:00,222.756,222.767,221.127,221.987,143951995.8496
2024-03-10 13:00:00,226.267,226.677,224.846,224.967,48647998.8098
2024-03-10 14:00:00,224.306,226.786,224.236,226.267,144684005.7373
2024-03-10 15:00:00,225.116,225.237,224.266,224.287,103319999.6948
2024-03-10 16:00:00,223.796,225.347,223.616,225.127,90791999.8169
2024-03-10 17:00:00,224.276,224.316,223.297,223.786,96480003.3569
2024-03-10 18:00:00,223.606,224.387,223.596,224.287,56844001.77
2024-03-10 19:00:00,225.577,225.827,223.496,223.607,80003997.8027
2024-03-12 14:00:00,240.857,240.907,238.896,239.867,49271999.3591
2024-03-12 15:00:00,241.177,241.347,240.356,240.846,89652000.4272
2024-03-12 16:00:00,241.396,241.527,240.797,241.176,64500000.0
2024-03-12 17:00:00,241.656,241.687,241.137,241.406,36240001.6785
2024-03-12 18:00:00,241.717,241.816,241.297,241.636,38279998.7793
2024-03-12 19:00:00,242.377,242.447,241.656,241.706,33444000.2441
2024-03-12 20:00:00,242.577,242.747,241.837,242.366,48852001.1902
2024-04-01 14:00:00,181.477,183.067,181.216,181.947,105120002.7466
2024-04-01 15:00:00,181.477,182.136,180.866,181.476,112860000.6104
2024-04-01 16:00:00,181.427,182.427,181.316,181.486,100103996.2769
2024-04-01 17:00:00,182.226,182.376,181.416,181.427,88716003.418
2024-04-01 18:00:00,182.737,183.057,182.166,182.217,80891998.291
2024-04-01 19:00:00,182.297,182.947,182.256,182.746,92879997.2534
2024-04-01 20:00:00,181.957,182.537,181.536,182.297,80639999.3896
2024-04-03 14:00:00,174.957,176.847,174.616,176.197,90816001.8921
2024-04-03 15:00:00,174.797,174.987,173.896,174.957,97140068.0542
2024-04-03 16:00:00,174.106,174.997,174.096,174.826,85103996.2769
2024-04-03 17:00:00,174.047,174.687,174.006,174.107,55368000.0305
2024-04-03 18:00:00,174.197,174.497,173.777,174.026,58631999.9695
2024-04-03 19:00:00,175.317,175.637,173.966,174.197,62639999.3896
2024-04-03 20:00:00,175.086,175.466,174.946,175.317,82379997.2534
2024-04-04 13:00:00,170.967,170.977,170.017,170.256,60984001.1597
2024-04-04 14:00:00,171.006,171.177,170.697,170.967,68447998.0469
2024-04-04 15:00:00,171.716,171.756,170.846,171.016,63096000.6714
2024-04-04 16:00:00,171.407,171.907,171.326,171.726,41004001.6174
2024-04-04 17:00:00,170.817,171.597,170.786,171.407,49571998.5962
2024-04-04 18:00:00,169.786,170.817,169.187,170.797,171792007.4463
2024-04-04 19:00:00,168.877,169.917,168.817,169.776,187115997.3145
2024-04-06 13:00:00,193.136,194.987,193.016,194.617,75227996.8262
2024-04-06 14:00:00,194.176,194.357,193.056,193.147,133151992.7979
2024-04-06 15:00:00,193.836,194.267,193.706,194.177,82344001.77
2024-04-06 16:00:00,194.517,194.806,193.826,193.826,60119998.9319
2024-04-06 17:00:00,194.557,194.847,194.366,194.507,54347999.5728
2024-04-06 18:00:00,194.656,195.307,194.516,194.567,62796001.4343
2024-04-06 19:00:00,194.336,194.856,193.916,194.627,102624000.5493
2024-04-09 13:00:00,219.546,221.747,219.027,221.666,70283996.582
2024-04-09 14:00:00,219.446,219.607,217.457,219.506,159000000.0
2024-04-09 15:00:00,219.307,220.237,217.996,219.466,113064002.9907
2024-04-09 16:00:00,220.186,220.207,219.056,219.307,95351997.3755
2024-04-09 17:00:00,220.867,220.897,219.766,220.196,83772003.1738
2024-04-09 18:00:00,220.507,221.127,220.396,220.866,95615997.3145
2024-04-09 19:00:00,220.717,221.426,220.156,220.507,132636001.5869
2024-04-10 13:00:00,225.167,227.946,225.036,227.946,60948001.8616
2024-04-10 14:00:00,225.076,225.597,224.146,225.166,113424003.6011
2024-04-10 15:00:00,225.506,225.516,224.306,225.076,79260002.1362
2024-04-10 16:00:00,225.127,225.547,224.686,225.516,57972000.1221
2024-04-10 17:00:00,224.857,225.387,224.527,225.127,48888000.4883
2024-04-10 18:00:00,225.527,225.527,224.626,224.846,40872001.6479
2024-04-10 19:00:00,226.706,226.947,225.276,225.517,59687999.7253
2024-04-11 14:00:00,222.026,222.386,219.696,221.016,74030998.23
2024-04-11 15:00:00,221.606,222.526,221.336,222.037,103130996.7041
2024-04-11 16:00:00,221.086,221.987,220.796,221.617,95049003.6011
2024-04-11 17:00:00,221.767,222.127,220.396,221.057,85680000.3052
2024-04-11 18:00:00,222.397,222.607,221.447,221.756,79146003.7231
2024-04-11 19:00:00,222.616,222.747,222.186,222.416,53019001.0071
2024-04-11 20:00:00,222.037,222.776,221.506,222.606,92807998.6572
2024-04-12 14:00:00,243.526,243.846,242.506,242.886,41759998.3215
2024-04-12 15:00:00,243.447,244.097,243.126,243.496,73860000.6104
2024-04-12 16:00:00,242.476,243.817,242.096,243.486,49992000.5798
2024-04-12 17:00:00,242.347,242.477,241.197,242.467,48299999.2371
2024-04-12 18:00:00,242.526,242.847,241.906,242.346,41063999.176
2024-04-12 19:00:00,242.897,243.157,242.306,242.526,41939998.6267
2024-04-12 20:00:00,242.936,243.437,242.806,242.896,49091999.054
2024-05-01 14:00:00,181.667,182.747,181.496,181.927,110400001.5259
2024-05-01 15:00:00,182.647,182.647,181.686,181.686,148643997.1924
2024-05-01 16:00:00,182.086,182.727,181.907,182.647,92304000.8545
2024-05-01 17:00:00,181.586,182.206,181.267,182.096,99047996.521
2024-05-01 18:00:00,182.027,182.226,181.196,181.576,104975997.9248
2024-05-01 19:00:00,180.476,182.167,180.417,182.026,124043998.7183
2024-05-01 20:00:00,181.127,181.227,180.166,180.467,95568000.7935
2024-05-02 14:00:00,186.586,188.217,185.847,188.146,110111999.5117
2024-05-02 15:00:00,186.877,188.346,186.096,186.577,171251998.9014
2024-05-02 16:00:00,187.976,188.097,186.757,186.876,86400001.5259
2024-05-02 17:00:00,189.056,189.237,187.876,187.977,70127998.3521
2024-05-02 18:00:00,188.707,189.067,188.516,189.046,58931999.2065
2024-05-02 19:00:00,188.507,188.877,188.356,188.707,51444000.2441
2024-05-02 20:00:00,187.626,188.616,187.626,188.517,102083999.6338
2024-05-03 14:00:00,170.467,172.006,170.076,170.526,101898002.6245
2024-05-03 15:00:00,170.397,170.987,169.626,170.496,110060997.0093
2024-05-03 16:00:00,170.246,170.807,169.846,170.406,78174095.1538
2024-05-03 17:00:00,170.287,170.886,170.096,170.237,61902000.4272
2024-05-03 18:00:00,169.976,170.747,169.947,170.286,62738998.4131
2024-05-03 19:00:00,170.036,170.367,169.786,169.977,67598999.0234
2024-05-03 20:00:00,170.117,170.236,169.797,170.027,61074001.3123
2024-05-04 13:00:00,169.527,169.726,168.947,169.506,71136001.5869
2024-05-04 14:00:00,169.637,169.896,169.046,169.527,100788002.0142
2024-05-04 15:00:00,170.197,170.227,169.206,169.626,83339996.3379
2024-05-04 16:00:00,170.256,170.367,169.916,170.197,53147998.8098
2024-05-04 17:00:00,169.616,170.367,169.506,170.247,62423999.7864
2024-05-04 18:00:00,169.577,169.967,169.336,169.596,107424003.6011
2024-05-04 19:00:00,169.586,169.966,169.497,169.587,60287998.1995
2024-05-06 13:00:00,195.736,196.387,194.866,195.337,84587997.4365
2024-05-06 14:00:00,195.257,195.787,195.006,195.746,103356002.8076
2024-05-06 15:00:00,196.007,196.887,195.186,195.266,64823997.4976
2024-05-06 16:00:00,196.026,196.286,195.806,195.996,42636001.5869
2024-05-06 17:00:00,196.657,196.687,195.596,196.016,49763999.939
2024-05-06 18:00:00,195.826,196.677,195.817,196.626,41484001.1597
2024-05-06 19:00:00,195.866,196.437,195.616,195.816,54180000.3052
2024-05-07 13:00:00,224.057,224.507,221.646,221.666,76716003.418
2024-05-07 14:00:00,224.216,225.426,223.826,224.106,111333000.1831
2024-05-07 15:00:00,225.276,225.406,224.126,224.237,65033996.582
2024-05-07 16:00:00,225.057,225.397,224.716,225.277,50094001.77
2024-05-07 17:00:00,225.127,225.627,224.876,225.056,41426998.1384
2024-05-07 18:00:00,225.227,225.497,224.966,225.127,39645000.4578
2024-05-07 19:00:00,226.277,226.436,225.207,225.217,38744998.9319
2024-05-08 13:00:00,207.706,210.886,196.496,199.057,139692001.3428
2024-05-08 14:00:00,209.516,210.916,207.626,207.846,218699996.9482
2024-05-08 15:00:00,210.317,213.426,208.726,209.547,162503997.8027
2024-05-08 16:00:00,210.327,212.906,209.676,210.316,118356002.8076
2024-05-08 17:00:00,210.707,211.857,209.906,210.326,136091995.2393
2024-05-08 18:00:00,204.747,210.927,203.927,210.686,140520004.2725
2024-05-08 19:00:00,209.236,209.246,204.056,204.777,166404006.958
2024-05-09 13:00:00,224.676,224.887,221.517,221.517,70199996.9482
2024-05-09 14:00:00,223.686,225.447,223.606,224.686,111624000.5493
2024-05-09 15:00:00,221.937,223.836,221.867,223.686,104928001.4038
2024-05-09 16:00:00,222.806,223.127,221.936,221.947,70907997.1313
2024-05-09 17:00:00,223.606,223.707,222.327,222.807,63515998.8403
2024-05-09 18:00:00,223.306,223.876,223.157,223.606,56363998.4131
2024-05-09 19:00:00,222.377,223.376,221.796,223.296,94043998.7183
2024-05-11 14:00:00,223.527,223.936,221.697,221.697,60651000.9766
2024-05-11 15:00:00,222.187,223.826,222.056,223.547,119585998.5352
2024-05-11 16:00:00,223.226,223.317,221.916,222.176,102935997.0093
2024-05-11 17:00:00,223.476,223.767,223.146,223.236,88931999.2065
2024-05-11 18:00:00,222.837,223.506,222.396,223.486,90311996.46
2024-05-11 19:00:00,222.916,223.437,222.797,222.826,80208000.1831
2024-05-11 20:00:00,223.476,223.517,222.696,222.907,100907997.1313
2024-05-12 14:00:00,243.466,244.517,242.707,244.036,46751998.9014
2024-05-12 15:00:00,242.356,243.546,242.237,243.446,60527999.8779
2024-05-12 16:00:00,242.616,242.757,242.196,242.366,31631999.9695
2024-05-12 17:00:00,242.877,243.386,242.446,242.606,28944000.2441
2024-05-12 18:00:00,243.196,243.306,242.596,242.876,41436000.824
2024-05-12 19:00:00,243.107,243.677,242.957,243.196,28680000.3052
2024-05-12 20:00:00,242.966,243.257,242.127,243.097,59736000.061
2024-06-02 14:00:00,187.946,188.616,186.736,186.856,95508003.2349
2024-06-02 15:00:00,187.697,188.287,187.267,187.956,158783996.582
2024-06-02 16:00:00,188.807,189.007,187.696,187.707,125040000.9155
2024-06-02 17:00:00,188.527,189.126,188.416,188.816,116435997.0093
2024-06-02 18:00:00,188.767,188.987,188.496,188.526,85223999.0234
2024-06-02 19:00:00,188.566,188.807,188.226,188.756,89508003.2349
2024-06-02 20:00:00,189.277,189.287,188.147,188.576,90192001.3428
2024-06-03 14:00:00,169.787,171.206,168.936,171.177,71057998.6572
2024-06-03 15:00:00,169.537,170.036,168.966,169.777,111708000.1831
2024-06-03 16:00:00,169.727,169.996,169.306,169.537,96683998.1079
2024-06-03 17:00:00,170.117,170.337,169.696,169.736,79080001.8311
2024-06-03 18:00:00,169.377,170.207,169.037,170.117,95304000.8545
2024-06-03 19:00:00,168.826,169.386,168.676,169.367,138611999.5117
2024-06-03 20:00:00,169.107,169.377,168.736,168.816,141000000.0
2024-06-05 13:00:00,182.447,184.106,181.636,182.366,77592002.8687
2024-06-05 14:00:00,182.377,183.067,181.887,182.457,111227996.8262
2024-06-05 15:00:00,182.307,182.377,181.677,182.377,82379997.2534
2024-06-05 16:00:00,181.517,182.367,181.276,182.267,54347999.5728
2024-06-05 17:00:00,181.077,181.697,180.417,181.516,53063999.176
2024-06-05 18:00:00,181.146,181.327,180.686,181.077,50279998.7793
2024-06-05 19:00:00,181.667,181.997,180.846,181.156,75875999.4507
2024-06-06 13:00:00,196.106,196.347,195.196,195.606,69527999.8779
2024-06-06 14:00:00,195.737,196.487,195.426,196.116,87984001.1597
2024-06-06 15:00:00,195.516,195.877,195.396,195.736,69527999.8779
2024-06-06 16:00:00,195.957,195.957,195.426,195.526,45228000.6409
2024-06-06 17:00:00,195.466,196.057,195.426,195.946,42276000.9766
2024-06-06 18:00:00,195.227,195.547,194.956,195.447,62495998.3826
2024-06-06 19:00:00,194.467,195.467,194.157,195.206,74856002.8076
2024-06-08 13:00:00,203.106,206.196,201.056,205.387,98052001.9531
2024-06-08 14:00:00,207.517,207.656,202.386,203.107,128363998.4131
2024-06-08 15:00:00,208.437,208.497,206.016,207.467,116316001.8921
2024-06-08 16:00:00,209.657,209.967,208.236,208.426,75108001.709
2024-06-08 17:00:00,208.506,209.687,208.316,209.636,82416000.3662
2024-06-08 18:00:00,208.696,209.937,207.676,208.476,93012001.0376
2024-06-08 19:00:00,207.126,208.827,206.376,208.696,139031997.6807
2024-06-09 13:00:00,224.027,225.227,222.796,223.866,93227996.8262
2024-06-09 14:00:00,221.376,224.717,220.916,224.026,169919998.1689
2024-06-09 15:00:00,220.957,222.546,220.816,221.366,160955993.6523
2024-06-09 16:00:00,220.656,221.337,220.446,220.927,113208000.1831
2024-06-09 17:00:00,220.277,221.627,220.066,220.656,102036003.1128
2024-06-09 18:00:00,220.527,220.656,219.767,220.277,96564002.9907
2024-06-09 19:00:00,220.767,221.506,220.096,220.527,146735992.4316
2024-06-11 14:00:00,224.446,225.597,221.136,222.417,120839996.3379
2024-06-11 15:00:00,224.187,226.057,223.926,224.426,148835998.5352
2024-06-11 16:00:00,224.656,225.167,223.666,224.197,99648002.6245
2024-06-11 17:00:00,224.336,224.666,223.956,224.646,62400001.5259
2024-06-11 18:00:00,223.906,224.537,223.836,224.346,53316001.8921
2024-06-11 19:00:00,223.417,224.076,223.256,223.906,48900001.5259
2024-06-11 20:00:00,222.576,224.217,222.486,223.406,76655998.23
2024-06-12 14:00:00,243.627,244.177,242.076,242.896,61919998.1689
2024-06-12 15:00:00,243.586,244.617,243.156,243.636,83580001.8311
2024-06-12 16:00:00,243.647,244.066,243.496,243.587,60419998.1689
2024-06-12 17:00:00,243.037,243.727,242.926,243.647,60048000.3357
2024-06-12 18:00:00,243.616,243.626,242.936,243.036,44832000.7324
2024-06-12 19:00:00,242.947,243.617,242.916,243.596,48071998.5962
2024-06-12 20:00:00,242.677,243.387,242.506,242.927,64692001.3428
2024-07-02 14:00:00,188.997,190.996,188.836,190.647,93251998.9014
2024-07-02 15:00:00,189.647,190.387,188.597,188.967,131988006.5918
2024-07-02 16:00:00,189.116,189.707,188.796,189.647,109211997.9858
2024-07-02 17:00:00,188.987,189.207,188.646,189.126,87888000.4883
2024-07-02 18:00:00,189.186,189.286,188.726,188.996,75984001.1597
2024-07-02 19:00:00,189.257,189.397,188.886,189.186,34512001.0376
2024-07-02 20:00:00,189.366,189.407,188.926,189.247,47208000.1831
2024-07-03 14:00:00,169.706,169.757,168.486,169.207,89148002.6245
2024-07-03 15:00:00,168.766,169.717,168.606,169.697,107291999.8169
2024-07-03 16:00:00,169.217,169.507,168.607,168.767,82103996.2769
2024-07-03 17:00:00,169.107,169.587,168.976,169.227,73907997.1313
2024-07-03 18:00:00,170.557,170.577,168.987,169.097,48672000.885
2024-07-03 19:00:00,170.226,170.717,169.757,170.556,48599998.4741
2024-07-03 20:00:00,168.967,170.207,168.907,170.206,62934028.6255
2024-07-05 13:00:00,183.897,184.877,183.307,183.426,85800003.0518
2024-07-05 14:00:00,182.606,184.457,182.306,183.897,118283996.582
2024-07-05 15:00:00,181.556,182.947,181.426,182.616,70068000.7935
2024-07-05 16:00:00,181.857,182.007,181.306,181.567,55319999.6948
2024-07-05 17:00:00,182.667,182.777,181.837,181.857,61824001.3123
2024-07-05 18:00:00,182.487,182.907,182.297,182.676,64092002.8687
2024-07-05 19:00:00,182.336,182.667,182.156,182.486,67800003.0518
2024-07-06 13:00:00,194.657,195.737,194.127,194.657,68772003.1738
2024-07-06 14:00:00,195.617,195.957,194.566,194.646,87192001.3428
2024-07-06 15:00:00,195.867,195.927,194.907,195.627,78947998.0469
2024-07-06 16:00:00,196.317,196.397,195.607,195.847,59400001.5259
2024-07-06 17:00:00,196.496,196.567,195.957,196.287,44951999.6643
2024-07-06 18:00:00,195.846,196.507,195.567,196.477,93180000.3052
2024-07-06 19:00:00,196.867,196.926,195.757,195.847,120744003.2959
2024-07-08 13:00:00,212.367,212.406,206.376,206.856,102491996.7651
2024-07-08 14:00:00,213.096,213.457,210.797,212.377,167664001.4648
2024-07-08 15:00:00,212.537,213.616,211.917,213.106,110987998.9624
2024-07-08 16:00:00,211.516,212.957,211.136,212.556,97583999.6338
2024-07-08 17:00:00,210.916,211.806,210.336,211.516,113783996.582
2024-07-08 18:00:00,208.906,211.237,208.876,210.877,112547996.521
2024-07-08 19:00:00,209.786,210.967,208.457,208.907,161591995.2393
2024-07-10 13:00:00,225.026,225.377,224.027,224.516,52931999.2065
2024-07-10 14:00:00,225.297,225.677,224.436,225.016,77244003.2959
2024-07-10 15:00:00,224.877,225.286,224.456,225.286,54383998.8708
2024-07-10 16:00:00,223.946,224.917,223.886,224.876,46860000.6104
2024-07-10 17:00:00,223.836,224.557,223.396,223.947,37319999.6948
2024-07-10 18:00:00,222.317,223.966,222.216,223.847,79092002.8687
2024-07-10 19:00:00,221.646,222.757,221.326,222.287,86963996.8872
2024-07-11 14:00:00,226.297,226.526,224.566,224.576,83555999.7559
2024-07-11 15:00:00,226.197,226.326,225.337,226.287,111611999.5117
2024-07-11 16:00:00,227.056,227.087,225.776,226.217,89879997.2534
2024-07-11 17:00:00,227.196,227.477,226.756,227.046,72888000.4883
2024-07-11 18:00:00,227.066,227.246,226.726,227.206,71615997.3145
2024-07-11 19:00:00,227.496,227.497,226.796,227.027,92375999.4507
2024-07-11 20:00:00,227.356,227.857,226.736,227.477,101615997.3145
2024-08-01 14:00:00,183.407,183.497,181.496,182.007,105564002.9907
2024-08-01 15:00:00,183.577,183.867,183.296,183.366,131951995.8496
2024-08-01 16:00:00,183.816,183.837,183.206,183.576,97763999.939
2024-08-01 17:00:00,184.236,184.557,183.816,183.826,75251998.9014
2024-08-01 18:00:00,184.707,184.707,184.006,184.237,52223999.0234
2024-08-01 19:00:00,185.166,185.317,184.536,184.717,59304000.8545
2024-08-01 20:00:00,185.527,185.577,184.897,185.157,77316001.8921
2024-08-02 14:00:00,188.937,189.517,188.686,189.337,77723999.0234
2024-08-02 15:00:00,188.106,188.956,187.336,188.956,111624000.5493
2024-08-02 16:00:00,188.386,188.397,187.826,188.126,55908000.946
2024-08-02 17:00:00,188.077,188.737,188.056,188.396,40068000.7935
2024-08-02 18:00:00,188.137,188.347,187.996,188.086,62543998.7183
2024-08-02 19:00:00,188.166,188.287,187.986,188.146,33215999.6033
2024-08-02 20:00:00,188.326,188.437,188.076,188.176,47375999.4507
2024-08-03 14:00:00,170.727,170.847,168.916,168.997,93671997.0703
2024-08-03 15:00:00,171.356,171.887,170.646,170.727,146675994.873
2024-08-03 16:00:00,171.476,172.467,170.936,171.356,190391998.291
2024-08-03 17:00:00,171.826,172.777,171.356,171.466,173087997.4365
2024-08-03 18:00:00,172.417,172.477,171.707,171.827,132455993.6523
2024-08-03 19:00:00,172.707,173.687,172.377,172.427,118835998.5352
2024-08-03 20:00:00,170.707,172.957,170.707,172.707,146184005.7373
2024-08-04 13:00:00,168.977,169.176,168.226,168.986,70319999.6948
2024-08-04 14:00:00,168.986,169.147,168.696,168.986,88536003.1128
2024-08-04 15:00:00,168.637,169.067,168.426,168.977,72695999.1455
2024-08-04 16:00:00,168.796,168.817,168.256,168.616,60299999.2371
2024-08-04 17:00:00,168.686,168.817,168.396,168.797,46740001.6785
2024-08-04 18:00:00,168.747,168.887,168.536,168.687,31068000.7935
2024-08-04 19:00:00,168.536,168.947,168.316,168.746,45131999.9695
2024-08-05 13:00:00,182.076,182.917,181.826,182.506,60479999.5422
2024-08-05 14:00:00,182.027,182.357,181.447,182.066,81984001.1597
2024-08-05 15:00:00,182.226,182.347,181.846,182.037,70835998.5352
2024-08-05 16:00:00,182.157,182.587,182.046,182.236,65052001.9531
2024-08-05 17:00:00,182.636,182.697,182.016,182.177,59976001.7395
2024-08-05 18:00:00,182.797,182.977,182.476,182.637,37523998.2605
2024-08-05 19:00:00,182.726,183.017,182.616,182.797,42888000.4883
2024-08-07 13:00:00,223.646,227.306,223.396,227.097,53595001.2207
2024-08-07 14:00:00,225.377,225.797,223.247,223.646,81017997.7417
2024-08-07 15:00:00,226.486,226.997,225.366,225.377,52893001.5564
2024-08-07 16:00:00,226.676,226.747,225.776,226.467,43344001.77
2024-08-07 17:00:00,226.446,227.046,226.246,226.656,30059999.4659
2024-08-07 18:00:00,226.957,227.427,226.396,226.446,39915000.9155
2024-08-07 19:00:00,227.757,227.827,226.716,226.956,44036998.7488
2024-08-08 13:00:00,210.546,213.146,208.786,213.037,88739997.8638
2024-08-08 14:00:00,212.146,212.977,210.407,210.546,145751998.9014
2024-08-08 15:00:00,212.377,212.667,211.067,212.177,97043998.7183
2024-08-08 16:00:00,213.166,213.457,212.226,212.357,72611999.5117
2024-08-08 17:00:00,213.667,214.177,212.616,213.176,60408000.946
2024-08-08 18:00:00,212.896,213.797,212.586,213.596,67800003.0518
2024-08-08 19:00:00,213.327,213.487,211.826,212.876,122447998.0469
2024-08-10 13:00:00,225.036,225.137,223.216,224.207,56976001.7395
2024-08-10 14:00:00,225.017,225.936,224.536,225.046,76248001.0986
2024-08-10 15:00:00,225.337,225.587,224.646,225.006,43055999.7559
2024-08-10 16:00:00,224.667,225.327,224.556,225.326,28920000.0763
2024-08-10 17:00:00,224.946,224.977,224.206,224.687,49703998.5657
2024-08-10 18:00:00,225.316,225.426,224.767,224.936,34596000.6714
2024-08-10 19:00:00,225.746,225.966,225.086,225.307,50604000.0916
2024-08-11 14:00:00,227.756,228.647,227.136,227.136,76583999.6338
2024-08-11 15:00:00,226.507,228.137,226.496,227.757,128531997.6807
2024-08-11 16:00:00,227.257,227.566,226.396,226.517,83867996.2158
2024-08-11 17:00:00,227.017,227.447,226.747,227.226,66239997.8638
2024-08-11 18:00:00,227.487,227.597,226.777,227.027,61416000.3662
2024-08-11 19:00:00,227.427,227.667,227.246,227.487,54816001.8921
2024-08-11 20:00:00,226.946,227.706,226.737,227.426,108984001.1597
2024-09-01 14:00:00,183.256,184.197,182.726,183.916,108732002.2583
2024-09-01 15:00:00,183.476,183.967,182.956,183.246,137388000.4883
2024-09-01 16:00:00,184.777,184.786,183.476,183.486,86388000.4883
2024-09-01 17:00:00,184.707,184.817,184.366,184.787,69791999.8169
2024-09-01 18:00:00,184.467,184.907,184.026,184.697,112080001.8311
2024-09-01 19:00:00,184.607,184.676,184.206,184.467,105671997.0703
2024-09-01 20:00:00,185.096,185.137,184.396,184.606,116291999.8169
2024-09-02 14:00:00,188.656,188.867,187.996,188.667,83339996.3379
2024-09-02 15:00:00,188.667,188.827,188.346,188.676,101568000.7935
2024-09-02 16:00:00,189.767,189.977,188.666,188.677,71627998.3521
2024-09-02 17:00:00,189.626,189.827,189.086,189.747,47844001.77
2024-09-02 18:00:00,189.067,189.647,189.036,189.636,36624000.5493
2024-09-02 19:00:00,188.937,189.047,188.706,189.047,27648000.7172
2024-09-02 20:00:00,188.776,188.956,188.556,188.946,39731998.4436
2024-09-04 13:00:00,169.587,169.866,168.496,168.656,66875999.4507
2024-09-04 14:00:00,168.836,170.057,168.497,169.577,139500000.0
2024-09-04 15:00:00,168.966,169.157,168.586,168.827,101832000.7324
2024-09-04 16:00:00,169.057,169.237,168.826,168.936,63251998.9014
2024-09-04 17:00:00,168.947,169.547,168.926,169.046,65664001.4648
2024-09-04 18:00:00,168.587,168.966,168.496,168.926,56784000.3967
2024-09-04 19:00:00,169.667,169.707,168.347,168.587,100236000.061
2024-09-05 13:00:00,183.726,183.817,182.096,182.507,64152000.4272
2024-09-05 14:00:00,183.277,183.847,183.097,183.727,80183998.1079
2024-09-05 15:00:00,183.536,183.836,183.226,183.286,61055999.7559
2024-09-05 16:00:00,184.006,184.037,183.426,183.516,45408000.946
2024-09-05 17:00:00,184.466,184.637,183.876,184.006,58908000.946
2024-09-05 18:00:00,184.507,184.607,184.047,184.477,40476001.7395
2024-09-05 19:00:00,184.597,184.637,184.206,184.507,50675998.6877
2024-09-07 13:00:00,228.146,228.227,226.336,227.936,52937999.7253
2024-09-07 14:00:00,228.406,229.367,227.277,228.146,93212997.4365
2024-09-07 15:00:00,228.197,228.437,227.456,228.406,59507999.4202
2024-09-07 16:00:00,228.506,228.526,227.696,228.216,42002998.3521
2024-09-07 17:00:00,228.086,228.707,227.846,228.516,38097000.1221
2024-09-07 18:00:00,228.276,228.517,227.876,228.076,28871999.7406
2024-09-07 19:00:00,228.647,228.767,228.146,228.266,34749000.5493
2024-09-08 13:00:00,212.507,213.467,211.906,211.906,77183998.1079
2024-09-08 14:00:00,214.786,215.157,212.297,212.546,153839996.3379
2024-09-08 15:00:00,214.656,215.727,214.507,214.816,102384002.6855
2024-09-08 16:00:00,215.417,215.427,214.396,214.636,74304000.8545
2024-09-08 17:00:00,215.886,216.767,215.237,215.427,69239997.8638
2024-09-08 18:00:00,215.597,216.067,214.886,215.907,96071998.5962
2024-09-08 19:00:00,216.117,216.597,215.196,215.577,132048004.1504
2024-09-09 13:00:00,219.167,221.237,217.807,220.887,58248001.0986
2024-09-09 14:00:00,217.186,220.167,217.096,219.166,90444000.2441
2024-09-09 15:00:00,219.867,219.887,217.046,217.177,71807998.6572
2024-09-09 16:00:00,220.137,220.597,219.617,219.867,52380001.0681
2024-09-09 17:00:00,219.086,220.917,218.437,220.147,67403999.3286
2024-09-09 18:00:00,217.866,219.136,216.696,219.136,91356002.8076
2024-09-09 19:00:00,220.927,221.017,217.766,217.836,90143997.1924
2024-09-10 13:00:00,226.126,226.467,224.817,225.156,55787998.1995
2024-09-10 14:00:00,227.637,227.777,225.816,226.136,75599998.4741
2024-09-10 15:00:00,228.417,228.616,227.636,227.636,50723999.0234
2024-09-10 16:00:00,228.637,229.026,228.066,228.387,37512001.0376
2024-09-10 17:00:00,228.496,228.977,228.006,228.626,34139999.3896
2024-09-10 18:00:00,229.287,229.646,228.406,228.497,46368000.0305
2024-09-10 19:00:00,229.477,229.737,228.796,229.296,59136001.5869
2024-09-12 14:00:00,243.996,244.127,241.687,241.817,45335998.5352
2024-09-12 15:00:00,246.016,246.257,243.746,243.957,86040000.9155
2024-09-12 16:00:00,246.867,247.227,245.996,246.036,79620002.7466
2024-09-12 17:00:00,246.187,247.226,245.696,246.857,52139999.3896
2024-09-12 18:00:00,246.726,246.997,246.087,246.166,39599998.4741
2024-09-12 19:00:00,246.406,246.737,245.877,246.687,39647998.8098
2024-09-12 20:00:00,246.866,247.077,246.006,246.396,70536003.1128
2024-10-01 14:00:00,184.256,184.947,183.946,184.316,101027999.8779
2024-10-01 15:00:00,184.766,184.797,183.916,184.247,116856002.8076
2024-10-01 16:00:00,184.276,184.997,184.037,184.757,85367996.2158
2024-10-01 17:00:00,184.307,184.387,184.076,184.277,64872001.6479
2024-10-01 18:00:00,184.776,184.837,184.117,184.317,71963996.8872
2024-10-01 19:00:00,186.107,186.117,184.766,184.786,58644001.0071
2024-10-01 20:00:00,186.116,186.386,185.266,186.097,103692001.3428
2024-10-04 13:00:00,167.447,169.077,167.306,168.747,99096000.6714
2024-10-04 14:00:00,168.007,168.677,167.106,167.447,167231994.6289
2024-10-04 15:00:00,167.637,168.067,167.537,168.016,78996002.1973
2024-10-04 16:00:00,168.406,168.427,167.576,167.627,48276000.9766
2024-10-04 17:00:00,168.196,168.586,167.626,168.406,123599998.4741
2024-10-04 18:00:00,167.717,168.397,167.676,168.187,119519996.6431
2024-10-04 19:00:00,167.767,168.667,167.676,167.706,96132003.7842
2024-10-05 13:00:00,183.586,185.057,183.356,184.876,68568000.7935
2024-10-05 14:00:00,182.537,183.957,182.246,183.597,117407997.1313
2024-10-05 15:00:00,182.567,182.867,182.356,182.547,73991996.7651
2024-10-05 16:00:00,182.377,182.597,182.236,182.577,42000000.0
2024-10-05 17:00:00,182.466,182.507,182.127,182.376,39263999.939
2024-10-05 18:00:00,182.896,182.917,182.346,182.476,50687999.7253
2024-10-05 19:00:00,182.987,183.177,182.666,182.906,44687999.7253
2024-10-06 13:00:00,195.397,197.277,195.107,196.877,68064002.9907
2024-10-06 14:00:00,195.376,195.727,194.816,195.386,80987998.9624
2024-10-06 15:00:00,195.227,195.677,195.066,195.367,54276000.9766
2024-10-06 16:00:00,195.596,196.196,195.076,195.227,62340000.1526
2024-10-06 17:00:00,194.946,196.377,193.386,195.597,101027999.8779
2024-10-06 18:00:00,193.146,196.397,192.127,194.927,170315994.2627
2024-10-06 19:00:00,193.117,194.147,192.276,193.127,131255996.7041
2024-10-07 13:00:00,231.296,231.367,229.206,229.206,64458000.1831
2024-10-07 14:00:00,230.266,231.717,230.167,231.216,94968002.3193
2024-10-07 15:00:00,231.266,231.377,230.096,230.277,69407997.1313
2024-10-07 16:00:00,231.297,232.717,230.926,231.256,81809997.5586
2024-10-07 17:00:00,231.956,232.147,230.696,231.307,70317001.3428
2024-10-07 18:00:00,232.147,232.167,231.606,231.947,45837001.8005
2024-10-07 19:00:00,232.866,233.057,231.627,232.137,49265998.8403
2024-10-09 13:00:00,217.487,219.936,216.726,218.896,61187999.7253
2024-10-09 14:00:00,219.137,219.957,217.436,217.487,109860000.6104
2024-10-09 15:00:00,218.317,220.397,218.256,219.096,84431999.2065
2024-10-09 16:00:00,219.527,219.917,218.036,218.317,68195999.1455
2024-10-09 17:00:00,220.777,220.936,219.516,219.527,51192001.3428
2024-10-09 18:00:00,220.347,221.466,220.186,220.777,47279998.7793
2024-10-09 19:00:00,220.117,221.087,219.626,220.326,65255996.7041
2024-10-10 13:00:00,228.427,228.807,227.147,227.756,57576000.2136
2024-10-10 14:00:00,227.817,228.556,227.626,228.427,77844001.77
2024-10-10 15:00:00,228.636,228.647,227.676,227.836,44568000.7935
2024-10-10 16:00:00,228.427,229.226,228.106,228.657,44400001.5259
2024-10-10 17:00:00,228.617,228.787,228.016,228.447,47375999.4507
2024-10-10 18:00:00,228.466,228.636,228.076,228.626,36875999.4507
2024-10-10 19:00:00,229.017,229.466,228.246,228.447,52763999.939
2024-10-12 14:00:00,247.606,247.767,245.796,246.887,61104000.0916
2024-10-12 15:00:00,245.856,247.656,245.807,247.627,60108001.709
2024-10-12 16:00:00,246.396,246.517,245.316,245.877,59687999.7253
2024-10-12 17:00:00,246.836,247.307,246.386,246.396,43824001.3123
2024-10-12 18:00:00,247.606,247.767,246.706,246.826,32748001.0986
2024-10-12 19:00:00,248.016,248.086,247.356,247.607,40068000.7935
2024-10-12 20:00:00,247.776,248.197,247.356,248.026,63840000.1526
2024-11-01 14:00:00,184.707,187.036,184.596,186.516,122963996.8872
2024-11-01 15:00:00,184.666,184.866,183.616,184.717,217835998.5352
2024-11-01 16:00:00,183.936,184.857,183.826,184.677,154151992.7979
2024-11-01 17:00:00,184.317,184.576,183.906,183.936,108384002.6855
2024-11-01 18:00:00,185.147,185.157,184.256,184.306,88512001.0376
2024-11-01 19:00:00,185.527,185.697,184.986,185.146,76847999.5728
2024-11-01 20:00:00,185.597,185.757,184.746,185.526,79608001.709
2024-11-03 13:00:00,173.777,174.357,172.806,172.937,102407997.1313
2024-11-03 14:00:00,172.457,173.977,172.276,173.786,148091995.2393
2024-11-03 15:00:00,173.046,173.317,172.286,172.466,94791038.5132
2024-11-03 16:00:00,172.597,173.147,172.546,173.047,65619003.2959
2024-11-03 17:00:00,172.596,173.387,172.036,172.596,84456031.7993
2024-11-03 18:00:00,172.867,172.886,172.356,172.606,67835998.5352
2024-11-03 19:00:00,172.757,173.057,172.417,172.856,78360000.6104
2024-11-04 13:00:00,168.957,169.157,168.076,168.266,73211997.9858
2024-11-04 14:00:00,169.147,169.317,168.297,168.957,120755996.7041
2024-11-04 15:00:00,169.897,169.927,168.946,169.156,83015998.8403
2024-11-04 16:00:00,170.386,170.426,169.816,169.897,82367996.2158
2024-11-04 17:00:00,172.996,173.237,170.286,170.377,103907997.1313
2024-11-04 18:00:00,173.557,174.487,172.926,173.007,88811996.46
2024-11-04 19:00:00,174.936,175.447,173.536,173.556,87239997.8638
2024-11-06 13:00:00,199.087,199.127,193.456,193.456,95723999.0234
2024-11-06 14:00:00,203.206,203.777,198.866,199.087,186636001.5869
2024-11-06 15:00:00,204.297,205.407,202.236,203.237,171755996.7041
2024-11-06 16:00:00,205.016,205.046,203.446,204.316,107496002.1973
2024-11-06 17:00:00,204.967,205.987,204.446,205.016,93875999.4507
2024-11-06 18:00:00,205.586,205.907,204.437,204.957,83531997.6807
2024-11-06 19:00:00,207.116,207.117,204.696,205.577,108624000.5493
2024-11-07 13:00:00,231.816,232.316,230.116,231.286,73448997.4976
2024-11-07 14:00:00,226.647,232.117,226.636,231.817,163233001.709
2024-11-07 15:00:00,226.847,227.697,225.756,226.636,155708999.6338
2024-11-07 16:00:00,227.687,228.697,226.686,226.846,105209999.0845
2024-11-07 17:00:00,226.796,228.247,226.567,227.676,104652000.4272
2024-11-07 18:00:00,227.857,228.007,226.726,226.817,82223999.0234
2024-11-07 19:00:00,227.606,228.687,227.606,227.856,96759002.6855
2024-11-09 13:00:00,220.467,223.036,220.116,221.317,69720001.2207
2024-11-09 14:00:00,218.557,220.987,217.886,220.467,117059997.5586
2024-11-09 15:00:00,219.656,220.337,218.027,218.547,96599998.4741
2024-11-09 16:00:00,221.047,221.306,219.626,219.677,73236000.061
2024-11-09 17:00:00,221.046,221.827,220.816,221.047,54576000.2136
2024-11-09 18:00:00,221.437,221.756,220.817,221.036,55091999.054
2024-11-09 19:00:00,222.446,222.967,221.096,221.407,74856002.8076
2024-11-10 13:00:00,227.946,229.377,227.326,229.366,48119998.9319
2024-11-10 14:00:00,228.076,229.166,227.607,227.927,70524002.0752
2024-11-10 15:00:00,228.056,228.386,227.676,228.066,50172000.885
2024-11-10 16:00:00,227.847,228.066,227.406,228.046,33984001.1597
2024-11-10 17:00:00,227.806,228.066,227.486,227.837,28752000.8087
2024-11-10 18:00:00,228.567,228.617,227.807,227.807,33312000.2747
2024-11-10 19:00:00,227.517,228.956,227.486,228.556,53687999.7253
2024-11-11 14:00:00,222.887,225.667,222.767,224.996,82872001.6479
2024-11-11 15:00:00,222.747,223.716,222.736,222.926,115092002.8687
2024-11-11 16:00:00,222.777,223.327,222.656,222.747,98832000.7324
2024-11-11 17:00:00,221.847,222.876,221.696,222.756,81216003.418
2024-11-11 18:00:00,222.896,222.987,221.486,221.847,80255996.7041
2024-11-11 19:00:00,223.037,223.167,222.827,222.897,46116001.1292
2024-11-11 20:00:00,224.216,224.327,223.006,223.047,72012001.0376
2024-11-12 14:00:00,249.287,249.777,247.626,247.926,50124000.5493
2024-11-12 15:00:00,250.136,250.187,249.116,249.276,91379997.2534
2024-11-12 16:00:00,249.496,250.787,249.326,250.136,75839996.3379
2024-11-12 17:00:00,249.216,249.827,249.086,249.506,48852001.1902
2024-11-12 18:00:00,248.366,249.477,248.336,249.206,45263999.939
2024-11-12 19:00:00,247.807,248.567,247.566,248.337,42192001.3428
2024-11-12 20:00:00,246.466,247.907,246.257,247.817,60431999.2065
2024-12-01 14:00:00,185.736,186.726,185.736,185.997,105720001.2207
2024-12-01 15:00:00,185.687,186.297,185.176,185.747,206951995.8496
2024-12-01 16:00:00,185.566,186.047,185.376,185.696,129371994.0186
2024-12-01 17:00:00,185.616,185.837,185.426,185.546,99132003.7842
2024-12-01 18:00:00,185.886,185.927,185.576,185.617,53040000.9155
2024-12-01 19:00:00,185.307,186.057,185.247,185.876,60659999.8474
2024-12-01 20:00:00,185.857,185.967,185.216,185.287,68279998.7793
2024-12-02 14:00:00,187.967,188.647,187.436,188.396,70199996.9482
2024-12-02 15:00:00,187.787,188.046,187.366,187.976,84599998.4741
2024-12-02 16:00:00,187.996,188.167,187.686,187.776,63360000.6104
2024-12-02 17:00:00,188.147,188.197,187.687,187.997,61740001.6785
2024-12-02 18:00:00,187.976,188.347,187.546,188.166,84347999.5728
2024-12-02 19:00:00,186.977,188.026,186.906,187.977,110412002.5635
2024-12-02 20:00:00,187.187,187.446,186.776,186.967,76332000.7324
2024-12-03 13:00:00,171.467,173.427,171.006,173.147,97440002.4414
2024-12-03 14:00:00,172.607,172.887,171.437,171.467,131507995.6055
2024-12-03 15:00:00,172.576,172.897,172.307,172.607,99816001.8921
2024-12-03 16:00:00,172.516,173.087,171.946,172.587,104183998.1079
2024-12-03 17:00:00,173.256,173.477,172.416,172.497,86148002.6245
2024-12-03 18:00:00,173.727,173.957,173.176,173.266,65940002.4414
2024-12-03 19:00:00,173.207,174.017,173.136,173.736,62004001.6174
2024-12-04 13:00:00,178.026,178.347,174.206,174.246,112776000.9766
2024-12-04 14:00:00,175.867,178.157,175.727,178.037,153371994.0186
2024-12-04 15:00:00,175.906,176.976,175.306,175.857,122603996.2769
2024-12-04 16:00:00,175.007,176.207,174.906,175.896,107424003.6011
2024-12-04 17:00:00,175.396,175.956,174.787,175.017,109931999.2065
2024-12-04 18:00:00,175.927,176.237,175.326,175.386,104064002.9907
2024-12-04 19:00:00,176.567,176.727,175.616,175.916,96480003.3569
2024-12-06 13:00:00,214.217,214.946,206.887,207.347,143244003.2959
2024-12-06 14:00:00,216.597,216.597,214.226,214.236,184475997.9248
2024-12-06 15:00:00,216.496,218.096,216.166,216.587,137039993.2861
2024-12-06 16:00:00,215.816,217.476,214.846,216.496,103500000.0
2024-12-06 17:00:00,217.466,217.626,215.497,215.806,80412002.5635
2024-12-06 18:00:00,219.766,220.106,216.536,217.477,177684005.7373
2024-12-06 19:00:00,213.107,220.186,212.836,219.736,212664001.4648
2024-12-07 13:00:00,231.317,231.376,228.646,228.937,62459999.0845
2024-12-07 14:00:00,231.827,232.117,230.276,231.317,96083999.6338
2024-12-07 15:00:00,230.896,232.367,230.827,231.826,73620002.7466
2024-12-07 16:00:00,231.436,231.457,230.496,230.896,58824001.3123
2024-12-07 17:00:00,232.277,232.626,231.307,231.436,50553001.4038
2024-12-07 18:00:00,232.207,232.467,231.846,232.276,37944000.2441
2024-12-07 19:00:00,230.487,232.246,229.896,232.196,84851997.3755
2024-12-08 13:00:00,216.986,217.617,215.546,216.027,94463996.8872
2024-12-08 14:00:00,218.606,219.077,216.877,216.986,156408004.7607
2024-12-08 15:00:00,218.726,219.487,217.126,218.627,140483993.5303
2024-12-08 16:00:00,217.137,218.736,217.136,218.707,103547996.521
2024-12-08 17:00:00,216.816,217.677,216.446,217.177,109596000.6714
2024-12-08 18:00:00,217.386,217.407,216.506,216.836,99155998.23
2024-12-08 19:00:00,217.516,217.557,216.567,217.397,114828002.9297
2024-12-09 13:00:00,221.006,222.527,219.806,222.256,85643997.1924
2024-12-09 14:00:00,221.736,222.367,220.926,221.026,141455993.6523
2024-12-09 15:00:00,221.966,223.037,221.657,221.706,120503997.8027
2024-12-09 16:00:00,222.477,222.527,221.616,221.966,86388000.4883
2024-12-09 17:00:00,223.076,223.217,222.406,222.467,81276000.9766
2024-12-09 18:00:00,223.176,223.527,222.146,223.077,98148002.6245
2024-12-09 19:00:00,222.847,223.456,222.357,223.136,124103996.2769
2024-12-11 14:00:00,224.246,224.996,223.546,224.557,74844001.77
2024-12-11 15:00:00,224.566,225.017,223.646,224.227,94919998.1689
2024-12-11 16:00:00,224.957,225.576,224.507,224.596,84360000.6104
2024-12-11 17:00:00,223.407,225.057,223.366,224.936,70008003.2349
2024-12-11 18:00:00,224.127,224.596,223.337,223.406,69828002.9297
2024-12-11 19:00:00,224.526,224.757,224.097,224.117,49908000.946
2024-12-11 20:00:00,224.217,224.807,223.936,224.516,79248001.0986
2024-12-12 14:00:00,246.557,247.546,245.656,246.876,56868000.0305
2024-12-12 15:00:00,248.026,248.537,245.976,246.547,86664001.4648
2024-12-12 16:00:00,248.177,248.577,247.666,248.027,46175998.6877
2024-12-12 17:00:00,248.537,248.537,247.617,248.186,34680000.3052
2024-12-12 18:00:00,248.506,248.716,248.326,248.527,29423999.7864
2024-12-12 19:00:00,247.917,248.727,247.786,248.517,39000000.0
2024-12-12 20:00:00,247.937,248.196,247.436,247.896,56951999.6643
