date,open,high,low,close,volume
2020-01-04 13:00:00,1115.507,1128.158,1114.997,1121.998,3.7118
2020-01-04 14:00:00,1125.317,1128.887,1113.997,1116.177,5.2378
2020-01-04 15:00:00,1117.017,1128.157,1115.108,1125.317,3.7273
2020-01-04 16:00:00,1106.027,1117.017,1102.597,1117.017,5.0025
2020-01-04 17:00:00,1109.437,1111.068,1104.657,1106.308,4.5398
2020-01-04 18:00:00,1101.767,1111.987,1100.618,1109.468,4.3025
2020-01-04 19:00:00,1099.998,1106.347,1092.957,1101.988,6.9513
2020-01-05 13:00:00,1342.038,1342.417,1322.368,1324.058,3.5587
2020-01-05 14:00:00,1334.347,1350.967,1332.807,1342.718,6.1533
2020-01-05 15:00:00,1326.687,1334.367,1326.338,1334.357,4.773
2020-01-05 16:00:00,1316.327,1329.098,1315.748,1326.687,4.5435
2020-01-05 17:00:00,1312.058,1317.788,1309.247,1316.498,3.3867
2020-01-05 18:00:00,1314.248,1323.328,1310.777,1312.058,3.668
2020-01-05 19:00:00,1317.337,1325.288,1313.387,1314.178,6.5012
2020-01-06 13:00:00,1434.938,1439.128,1421.227,1423.007,3.2608
2020-01-06 14:00:00,1433.978,1440.388,1429.997,1434.968,3.9355
2020-01-06 15:00:00,1431.998,1435.028,1428.577,1433.938,2.4402
2020-01-06 16:00:00,1431.498,1435.287,1430.277,1431.998,2.2495
2020-01-06 17:00:00,1432.218,1435.288,1431.327,1431.327,2.3245
2020-01-06 18:00:00,1431.908,1433.287,1429.497,1432.327,2.2952
2020-01-06 19:00:00,1434.528,1435.988,1430.758,1431.908,4.1355
2020-01-07 13:00:00,1422.478,1427.477,1413.687,1416.097,5.73
2020-01-07 14:00:00,1436.108,1436.467,1420.697,1422.617,8.891
2020-01-07 15:00:00,1438.458,1440.115,1431.807,1436.038,6.2077
2020-01-07 16:00:00,1437.678,1445.318,1433.967,1438.458,5.1557
2020-01-07 17:00:00,1437.867,1439.418,1433.407,1438.057,5.5998
2020-01-07 18:00:00,1440.918,1444.185,1436.697,1437.867,5.7315
2020-01-07 19:00:00,1441.998,1448.128,1439.568,1440.917,9.0358
2020-01-09 13:00:00,1632.998,1638.717,1627.997,1629.528,24972.5
2020-01-09 14:00:00,1635.638,1642.407,1632.997,1632.997,35017.5
2020-01-09 15:00:00,1637.138,1640.498,1634.167,1635.638,22085.0
2020-01-09 16:00:00,1654.727,1655.128,1637.137,1637.137,19725.0
2020-01-09 17:00:00,1655.417,1657.257,1648.938,1654.277,16535.0
2020-01-09 18:00:00,1658.168,1659.148,1654.697,1655.407,15090.0
2020-01-09 19:00:00,1654.758,1658.777,1647.257,1657.678,24265.0
2020-01-10 13:00:00,1480.247,1488.197,1476.597,1480.778,50087.7344
2020-01-10 14:00:00,1482.197,1490.837,1477.177,1480.248,35620.2852
2020-01-10 15:00:00,1492.507,1494.917,1477.587,1482.237,30515.2441
2020-01-10 16:00:00,1486.998,1492.948,1484.127,1492.507,27557.6523
2020-01-10 17:00:00,1485.957,1492.157,1482.557,1487.058,28790.1563
2020-01-10 18:00:00,1486.138,1489.848,1478.998,1486.398,29742.7168
2020-01-10 19:00:00,1487.727,1489.148,1481.227,1486.578,34837.7422
2020-01-12 14:00:00,1775.078,1781.017,1763.007,1764.997,24107.7031
2020-01-12 15:00:00,1782.637,1793.478,1774.757,1775.608,30895.2578
2020-01-12 16:00:00,1800.108,1800.197,1782.427,1782.878,24492.668
2020-01-12 17:00:00,1805.838,1820.857,1799.467,1800.108,35900.1875
2020-01-12 18:00:00,1808.427,1812.747,1805.247,1805.847,25590.1172
2020-01-12 19:00:00,1797.307,1812.188,1794.907,1808.598,20312.6348
2020-01-12 20:00:00,1794.038,1798.838,1787.058,1797.508,37165.2891
2020-02-01 16:00:00,1355.258,1356.038,1352.228,1353.428,2.2595
2020-02-01 17:00:00,1358.658,1360.382,1353.958,1355.258,2.433
2020-02-01 18:00:00,1361.068,1361.148,1356.978,1358.708,2.3075
2020-02-01 19:00:00,1365.228,1365.587,1360.128,1361.078,2.3265
2020-02-01 20:00:00,1367.908,1368.008,1363.277,1365.318,3.8175
2020-02-03 14:00:00,1336.778,1357.077,1333.907,1349.687,3.8858
2020-02-03 15:00:00,1340.197,1345.118,1324.997,1336.787,6.638
2020-02-03 16:00:00,1364.508,1368.018,1340.008,1340.198,7.5103
2020-02-03 17:00:00,1362.208,1366.978,1352.998,1364.508,5.4953
2020-02-03 18:00:00,1354.038,1363.377,1348.997,1362.207,6.5655
2020-02-03 19:00:00,1342.957,1357.768,1337.028,1354.217,6.9532
2020-02-03 20:00:00,1386.657,1387.188,1342.947,1343.238,7.4852
2020-02-04 13:00:00,1101.688,1107.998,1092.168,1097.528,2.7492
2020-02-04 14:00:00,1104.758,1108.388,1098.688,1102.327,6.6648
2020-02-04 15:00:00,1114.847,1115.158,1098.997,1104.758,4.772
2020-02-04 16:00:00,1119.298,1120.828,1110.097,1114.848,3.3758
2020-02-04 17:00:00,1105.777,1122.057,1101.868,1119.608,4.099
2020-02-04 18:00:00,1109.278,1109.958,1093.997,1105.887,4.7467
2020-02-04 19:00:00,1116.508,1119.218,1102.107,1109.278,6.7515
2020-02-06 13:00:00,1430.448,1435.717,1426.888,1434.828,3.9015
2020-02-06 14:00:00,1428.497,1436.368,1427.927,1430.558,4.5425
2020-02-06 15:00:00,1425.207,1429.138,1421.517,1428.508,3.7265
2020-02-06 16:00:00,1430.288,1431.068,1424.897,1425.208,3.343
2020-02-06 17:00:00,1433.778,1435.157,1430.098,1430.337,2.5122
2020-02-06 18:00:00,1432.578,1436.427,1430.247,1434.187,3.5612
2020-02-06 19:00:00,1442.488,1442.857,1429.017,1432.578,5.097
2020-02-07 13:00:00,1460.407,1461.958,1450.318,1451.007,3.633
2020-02-07 14:00:00,1454.527,1462.958,1452.997,1460.907,6.9695
2020-02-07 15:00:00,1465.797,1466.118,1451.997,1454.678,5.3907
2020-02-07 16:00:00,1477.228,1477.798,1463.367,1465.838,6.216
2020-02-07 17:00:00,1482.847,1488.338,1476.117,1477.228,7.2795
2020-02-07 18:00:00,1482.848,1485.728,1478.537,1482.848,4.308
2020-02-07 19:00:00,1470.037,1484.028,1468.427,1482.848,8.0852
2020-02-09 13:00:00,1662.987,1677.617,1662.987,1665.368,37397.5
2020-02-09 14:00:00,1667.047,1674.398,1661.997,1662.987,41970.0
2020-02-09 15:00:00,1670.297,1672.125,1659.997,1667.047,35517.5
2020-02-09 16:00:00,1680.368,1683.828,1669.107,1670.298,25962.5
2020-02-09 17:00:00,1693.297,1697.838,1679.817,1680.367,37622.5
2020-02-09 18:00:00,1697.208,1701.748,1689.108,1693.298,34480.0
2020-02-09 19:00:00,1717.297,1725.728,1696.977,1697.208,63077.5
2020-02-10 13:00:00,1466.507,1469.187,1454.497,1455.967,21880.1777
2020-02-10 14:00:00,1472.688,1478.808,1465.317,1465.368,32897.7422
2020-02-10 15:00:00,1455.277,1474.338,1453.997,1472.687,29700.1602
2020-02-10 16:00:00,1462.187,1466.637,1447.207,1455.277,29252.7324
2020-02-10 17:00:00,1458.047,1463.898,1454.997,1462.188,28200.1738
2020-02-10 18:00:00,1459.777,1464.838,1453.997,1457.717,22442.6563
2020-02-10 19:00:00,1455.167,1465.258,1454.457,1459.757,36315.2383
2020-02-11 14:00:00,1644.848,1657.358,1622.968,1624.998,31430.0
2020-02-11 15:00:00,1649.357,1652.627,1638.987,1645.047,48590.0
2020-02-11 16:00:00,1650.878,1657.918,1644.247,1649.357,40790.0
2020-02-11 17:00:00,1640.077,1651.668,1635.827,1651.208,33045.1992
2020-02-11 18:00:00,1621.327,1641.907,1620.927,1640.477,32375.2949
2020-02-11 19:00:00,1618.877,1625.912,1614.997,1620.928,34560.3477
2020-02-11 20:00:00,1623.077,1625.807,1613.777,1618.887,43970.4531
2020-02-12 14:00:00,1794.747,1799.118,1783.437,1789.617,17960.123
2020-02-12 15:00:00,1806.548,1808.598,1790.167,1794.748,33815.2344
2020-02-12 16:00:00,1826.667,1828.598,1806.417,1807.617,23490.1191
2020-02-12 17:00:00,1822.208,1831.067,1818.348,1826.678,23837.6289
2020-02-12 18:00:00,1826.147,1831.858,1822.808,1822.838,18252.6191
2020-02-12 19:00:00,1830.368,1832.328,1823.267,1826.147,20907.6328
2020-02-12 20:00:00,1824.187,1831.418,1821.387,1830.747,29802.7422
2020-03-01 14:00:00,1363.008,1366.178,1347.238,1347.238,2.3923
2020-03-01 15:00:00,1363.298,1367.057,1360.898,1363.008,3.0175
2020-03-01 16:00:00,1366.428,1367.328,1362.997,1363.298,1.2545
2020-03-01 17:00:00,1371.238,1373.418,1366.417,1366.448,2.188
2020-03-01 18:00:00,1367.217,1372.948,1365.198,1371.238,2.406
2020-03-01 19:00:00,1367.307,1368.198,1365.237,1367.218,2.0178
2020-03-01 20:00:00,1361.388,1368.678,1360.807,1367.308,3.84
2020-03-02 14:00:00,1465.908,1467.067,1456.098,1458.578,4.129
2020-03-02 15:00:00,1467.728,1475.088,1465.247,1465.908,5.3985
2020-03-02 16:00:00,1469.968,1474.158,1467.577,1468.007,4.9595
2020-03-02 17:00:00,1479.417,1480.127,1467.828,1469.967,4.1125
2020-03-02 18:00:00,1479.198,1480.377,1474.697,1479.408,4.3447
2020-03-02 19:00:00,1477.257,1479.458,1474.138,1479.198,4.0392
2020-03-02 20:00:00,1482.838,1485.858,1475.997,1477.258,6.7455
2020-03-03 14:00:00,1370.818,1397.068,1367.997,1397.068,2.9135
2020-03-03 15:00:00,1399.948,1406.508,1371.808,1371.808,6.1803
2020-03-03 16:00:00,1379.427,1401.818,1365.007,1399.948,6.5635
2020-03-03 17:00:00,1374.208,1384.068,1370.308,1379.427,6.2977
2020-03-03 18:00:00,1342.808,1374.048,1342.008,1374.048,7.8085
2020-03-03 19:00:00,1338.727,1345.378,1325.198,1342.808,9.5238
2020-03-03 20:00:00,1335.738,1352.517,1329.597,1338.727,9.9237
2020-03-04 13:00:00,1109.498,1118.558,1099.997,1112.998,2.7785
2020-03-04 14:00:00,1098.548,1113.317,1094.998,1110.47,5.069
2020-03-04 15:00:00,1098.048,1101.558,1092.597,1099.047,4.3197
2020-03-04 16:00:00,1095.068,1098.867,1091.607,1098.048,4.4805
2020-03-04 17:00:00,1079.158,1095.688,1077.247,1095.088,5.0103
2020-03-04 18:00:00,1084.788,1088.117,1074.997,1079.158,6.2593
2020-03-04 19:00:00,1091.547,1094.588,1075.078,1084.798,6.45
2020-03-06 13:00:00,1447.607,1447.728,1435.498,1440.088,2.5252
2020-03-06 14:00:00,1437.998,1448.878,1437.998,1448.168,3.7985
2020-03-06 15:00:00,1435.188,1440.487,1433.427,1437.998,3.9965
2020-03-06 16:00:00,1434.587,1437.028,1431.468,1435.187,2.367
2020-03-06 17:00:00,1433.768,1437.088,1431.997,1434.588,2.428
2020-03-06 18:00:00,1438.988,1440.738,1433.767,1433.857,3.338
2020-03-06 19:00:00,1438.108,1441.867,1433.617,1438.988,5.6712
2020-03-08 13:00:00,1488.997,1496.698,1472.907,1491.958,6.7597
2020-03-08 14:00:00,1472.047,1491.728,1471.997,1489.028,9.3962
2020-03-08 15:00:00,1477.317,1482.147,1471.877,1472.048,7.2153
2020-03-08 16:00:00,1477.358,1477.898,1471.717,1477.337,6.91
2020-03-08 17:00:00,1477.448,1478.828,1475.017,1477.797,5.2387
2020-03-08 18:00:00,1480.068,1482.058,1472.997,1477.448,6.8463
2020-03-08 19:00:00,1481.768,1487.187,1476.637,1480.068,11.811
2020-03-09 13:00:00,1687.228,1698.098,1679.077,1696.268,30335.0
2020-03-09 14:00:00,1664.747,1696.937,1650.087,1687.228,52035.0
2020-03-09 15:00:00,1642.088,1665.778,1634.997,1664.787,69417.5
2020-03-09 16:00:00,1635.028,1648.878,1632.437,1642.088,58002.5
2020-03-09 17:00:00,1634.788,1640.837,1623.667,1634.918,59190.0
2020-03-09 18:00:00,1624.117,1640.418,1623.917,1634.787,51720.0
2020-03-09 19:00:00,1629.458,1634.448,1607.157,1624.117,102385.0
2020-03-11 14:00:00,1626.188,1632.948,1612.307,1629.437,16827.6191
2020-03-11 15:00:00,1653.627,1654.868,1624.617,1626.367,31910.3555
2020-03-11 16:00:00,1643.448,1658.028,1643.167,1653.638,26515.3184
2020-03-11 17:00:00,1651.357,1656.047,1643.707,1644.518,18550.1484
2020-03-11 18:00:00,1641.778,1655.168,1639.247,1651.417,23597.7344
2020-03-11 19:00:00,1653.037,1655.138,1640.927,1641.958,29332.7344
2020-03-11 20:00:00,1642.707,1656.127,1642.387,1653.048,46815.5234
2020-03-12 14:00:00,1836.607,1838.757,1819.997,1819.997,20060.2324
2020-03-12 15:00:00,1828.568,1843.128,1825.128,1837.308,27265.2637
2020-03-12 16:00:00,1832.317,1833.887,1817.458,1828.568,20595.1738
2020-03-12 17:00:00,1820.737,1834.978,1818.497,1832.317,22392.6641
2020-03-12 18:00:00,1819.297,1822.828,1816.548,1820.178,19575.0996
2020-03-12 19:00:00,1826.527,1826.928,1819.127,1819.128,17232.6309
2020-03-12 20:00:00,1821.837,1830.288,1818.007,1826.878,33617.7734
2020-04-02 14:00:00,1426.498,1466.488,1422.997,1451.598,5.3898
2020-04-02 15:00:00,1426.317,1428.508,1421.997,1426.827,6.1448
2020-04-02 16:00:00,1433.618,1435.898,1425.998,1426.318,5.676
2020-04-02 17:00:00,1439.568,1441.078,1431.998,1433.648,5.572
2020-04-02 18:00:00,1435.438,1440.088,1434.008,1439.628,3.0482
2020-04-02 19:00:00,1440.947,1442.528,1435.198,1435.338,2.7378
2020-04-02 20:00:00,1445.837,1447.138,1437.787,1441.097,5.081
2020-04-03 14:00:00,1340.757,1357.988,1338.388,1357.528,3.0503
2020-04-03 15:00:00,1343.447,1357.987,1338.688,1340.758,5.4148
2020-04-03 16:00:00,1345.908,1356.247,1341.877,1343.458,4.715
2020-04-03 17:00:00,1362.497,1362.908,1345.937,1345.937,3.8245
2020-04-03 18:00:00,1363.618,1368.368,1361.628,1362.497,4.4767
2020-04-03 19:00:00,1364.998,1373.267,1360.228,1363.618,4.8247
2020-04-03 20:00:00,1379.217,1382.148,1364.127,1364.998,7.136
2020-04-05 13:00:00,1306.698,1309.828,1296.068,1308.127,3.2013
2020-04-05 14:00:00,1302.347,1314.298,1302.047,1306.697,5.808
2020-04-05 15:00:00,1309.617,1314.638,1300.618,1302.347,4.1902
2020-04-05 16:00:00,1308.128,1312.487,1307.028,1309.687,3.2448
2020-04-05 17:00:00,1314.778,1315.148,1305.207,1308.138,2.8815
2020-04-05 18:00:00,1316.777,1317.157,1311.137,1314.778,3.4973
2020-04-05 19:00:00,1322.518,1324.017,1314.398,1316.778,4.9348
2020-04-06 13:00:00,1436.408,1441.377,1428.197,1432.947,4.6132
2020-04-06 14:00:00,1430.608,1438.668,1429.707,1436.298,4.9852
2020-04-06 15:00:00,1419.087,1430.998,1418.037,1430.607,6.1867
2020-04-06 16:00:00,1416.498,1422.988,1415.557,1419.207,5.642
2020-04-06 17:00:00,1421.588,1422.897,1416.297,1416.737,3.8655
2020-04-06 18:00:00,1411.878,1423.077,1411.697,1421.587,4.396
2020-04-06 19:00:00,1414.098,1415.018,1405.598,1411.878,7.1038
2020-04-08 13:00:00,1483.997,1491.908,1480.367,1480.367,7.6852
2020-04-08 14:00:00,1476.567,1486.138,1476.457,1484.058,10.7517
2020-04-08 15:00:00,1473.038,1478.497,1470.997,1476.567,6.6815
2020-04-08 16:00:00,1464.948,1473.457,1463.997,1473.037,7.0868
2020-04-08 17:00:00,1470.297,1472.108,1463.497,1464.948,5.7203
2020-04-08 18:00:00,1469.557,1472.568,1464.877,1470.297,5.5542
2020-04-08 19:00:00,1472.347,1472.667,1468.777,1469.557,8.1812
2020-04-09 13:00:00,1589.267,1633.638,1587.157,1610.558,42065.0
2020-04-09 14:00:00,1565.767,1597.388,1536.627,1588.607,89122.5
2020-04-09 15:00:00,1573.188,1577.108,1544.997,1565.768,66632.5
2020-04-09 16:00:00,1569.708,1579.607,1556.067,1573.188,59190.0
2020-04-09 17:00:00,1565.168,1569.708,1551.077,1569.707,50982.5
2020-04-09 18:00:00,1588.498,1591.117,1559.017,1564.247,56790.0
2020-04-09 19:00:00,1579.997,1594.668,1578.977,1589.007,74967.5
2020-04-11 14:00:00,1729.587,1730.287,1700.068,1704.118,40050.543
2020-04-11 15:00:00,1758.617,1758.818,1724.127,1729.617,52223.207
2020-04-11 16:00:00,1766.757,1767.357,1749.837,1758.628,39972.8438
2020-04-11 17:00:00,1752.698,1769.927,1750.808,1766.757,39345.4023
2020-04-11 18:00:00,1746.837,1753.578,1735.727,1753.037,36130.3711
2020-04-11 19:00:00,1751.247,1757.147,1745.537,1746.798,41447.8398
2020-04-11 20:00:00,1745.417,1754.118,1737.287,1751.698,51420.4961
2020-04-12 14:00:00,1820.638,1822.538,1811.777,1820.998,18112.6367
2020-04-12 15:00:00,1822.147,1824.888,1816.197,1821.368,19777.6836
2020-04-12 16:00:00,1821.688,1826.668,1818.007,1822.148,19362.6016
2020-04-12 17:00:00,1826.497,1828.728,1820.997,1821.697,12997.582
2020-04-12 18:00:00,1823.177,1829.188,1823.177,1826.498,13995.082
2020-04-12 19:00:00,1822.198,1823.598,1818.227,1823.537,15032.6055
2020-04-12 20:00:00,1823.088,1825.818,1819.737,1822.498,28562.6934
2020-05-02 14:00:00,1447.178,1463.018,1436.558,1460.498,4.638
2020-05-02 15:00:00,1434.118,1447.887,1429.297,1447.178,5.2248
2020-05-02 16:00:00,1443.018,1443.157,1432.077,1434.117,3.655
2020-05-02 17:00:00,1439.958,1443.027,1439.018,1443.027,2.9755
2020-05-02 18:00:00,1439.288,1440.618,1435.538,1440.027,3.645
2020-05-02 19:00:00,1445.287,1445.827,1435.337,1439.278,3.5735
2020-05-02 20:00:00,1446.008,1447.927,1440.658,1445.618,6.058
2020-05-03 14:00:00,1333.557,1352.288,1328.997,1346.008,3.9175
2020-05-03 15:00:00,1341.148,1349.718,1328.998,1333.958,6.302
2020-05-03 16:00:00,1340.898,1352.385,1338.298,1340.538,7.115
2020-05-03 17:00:00,1325.257,1341.708,1322.197,1340.898,6.2465
2020-05-03 18:00:00,1333.507,1337.127,1320.707,1325.007,8.6698
2020-05-03 19:00:00,1321.078,1333.688,1319.247,1333.687,7.2698
2020-05-03 20:00:00,1313.388,1321.668,1300.958,1321.078,9.146
2020-05-05 13:00:00,1352.087,1353.067,1333.617,1333.618,3.92
2020-05-05 14:00:00,1359.978,1361.707,1351.007,1352.557,4.8977
2020-05-05 15:00:00,1364.837,1365.528,1357.427,1359.978,3.4107
2020-05-05 16:00:00,1363.497,1368.527,1361.007,1364.838,3.3912
2020-05-05 17:00:00,1367.127,1368.817,1362.057,1363.518,3.6358
2020-05-05 18:00:00,1365.688,1370.858,1362.037,1367.128,3.3305
2020-05-05 19:00:00,1348.848,1370.638,1346.017,1365.698,6.384
2020-05-06 13:00:00,1427.777,1429.288,1407.117,1414.347,3.908
2020-05-06 14:00:00,1431.788,1434.888,1423.998,1427.778,6.2323
2020-05-06 15:00:00,1438.398,1441.198,1427.568,1432.228,5.9227
2020-05-06 16:00:00,1441.868,1444.128,1438.287,1438.498,4.6135
2020-05-06 17:00:00,1434.357,1446.258,1434.357,1441.868,4.8323
2020-05-06 18:00:00,1440.667,1443.728,1433.507,1434.358,4.4363
2020-05-06 19:00:00,1438.617,1443.478,1433.228,1440.667,7.7442
2020-05-08 13:00:00,1477.527,1479.888,1470.107,1473.298,5.41
2020-05-08 14:00:00,1483.978,1485.547,1475.997,1477.527,6.941
2020-05-08 15:00:00,1481.817,1489.527,1479.247,1483.978,8.174
2020-05-08 16:00:00,1483.047,1486.108,1479.187,1481.817,6.836
2020-05-08 17:00:00,1482.817,1483.567,1478.997,1483.227,7.6413
2020-05-08 18:00:00,1478.977,1483.637,1476.397,1482.877,6.6305
2020-05-08 19:00:00,1479.178,1480.128,1472.187,1478.977,7.812
2020-05-10 13:00:00,1464.177,1472.077,1459.997,1462.517,16862.6465
2020-05-10 14:00:00,1473.828,1479.757,1463.997,1464.797,26372.7402
2020-05-10 15:00:00,1478.967,1482.978,1473.827,1473.827,20420.2012
2020-05-10 16:00:00,1475.267,1480.597,1473.367,1478.968,12885.1387
2020-05-10 17:00:00,1470.098,1475.698,1468.797,1475.698,13047.7119
2020-05-10 18:00:00,1475.717,1475.867,1466.647,1470.098,19107.8535
2020-05-10 19:00:00,1481.367,1484.618,1473.177,1475.737,26815.5195
2020-05-11 14:00:00,1782.087,1785.927,1746.107,1771.867,21830.2285
2020-05-11 15:00:00,1772.597,1791.198,1760.907,1782.828,35425.3281
2020-05-11 16:00:00,1759.408,1775.787,1756.238,1772.597,25100.2363
2020-05-11 17:00:00,1757.408,1764.915,1747.007,1759.688,29195.2539
2020-05-11 18:00:00,1758.718,1766.397,1757.407,1757.408,20705.1582
2020-05-11 19:00:00,1768.657,1773.538,1758.727,1758.727,27005.2578
2020-05-11 20:00:00,1761.858,1768.868,1755.367,1768.657,41787.9102
2020-06-01 14:00:00,1378.928,1379.678,1351.948,1351.948,3.0073
2020-06-01 15:00:00,1392.017,1397.717,1378.057,1378.927,4.4148
2020-06-01 16:00:00,1389.698,1394.337,1389.147,1392.018,2.7727
2020-06-01 17:00:00,1386.898,1391.168,1386.367,1389.687,2.4757
2020-06-01 18:00:00,1386.998,1392.278,1386.457,1386.897,2.593
2020-06-01 19:00:00,1389.788,1389.968,1386.007,1386.998,2.1975
2020-06-01 20:00:00,1396.828,1397.677,1388.947,1389.887,4.3705
2020-06-02 14:00:00,1465.428,1465.428,1448.927,1448.927,4.1838
2020-06-02 15:00:00,1475.858,1478.338,1459.997,1465.577,5.4138
2020-06-02 16:00:00,1473.897,1481.518,1471.427,1475.858,3.9927
2020-06-02 17:00:00,1473.477,1476.527,1472.247,1473.897,2.6865
2020-06-02 18:00:00,1472.347,1474.708,1467.567,1473.477,2.4518
2020-06-02 19:00:00,1470.417,1474.318,1470.158,1472.348,2.7878
2020-06-02 20:00:00,1475.648,1477.458,1469.268,1470.428,3.6653
2020-06-03 14:00:00,1263.718,1273.658,1257.157,1267.738,5.6023
2020-06-03 15:00:00,1285.237,1294.598,1260.028,1263.718,9.5323
2020-06-03 16:00:00,1274.807,1288.498,1274.067,1285.258,7.8
2020-06-03 17:00:00,1269.998,1280.238,1263.257,1274.808,6.7112
2020-06-03 18:00:00,1265.058,1279.608,1263.977,1270.247,6.3952
2020-06-03 19:00:00,1260.657,1270.448,1257.518,1265.058,6.2083
2020-06-03 20:00:00,1293.567,1302.238,1257.997,1260.657,12.5293
2020-06-04 13:00:00,1132.358,1135.608,1125.197,1129.997,3.8588
2020-06-04 14:00:00,1143.907,1147.877,1131.798,1132.358,6.6945
2020-06-04 15:00:00,1149.418,1152.115,1142.947,1143.968,4.6757
2020-06-04 16:00:00,1163.058,1163.878,1148.798,1149.417,5.0935
2020-06-04 17:00:00,1173.008,1173.008,1162.397,1163.058,4.7403
2020-06-04 18:00:00,1169.028,1173.325,1160.758,1172.857,4.6675
2020-06-04 19:00:00,1181.518,1190.018,1165.998,1169.015,7.3822
2020-06-05 13:00:00,1353.467,1368.147,1351.998,1357.357,3.232
2020-06-05 14:00:00,1363.538,1366.968,1347.057,1353.468,6.083
2020-06-05 15:00:00,1365.148,1367.618,1358.437,1363.538,3.8287
2020-06-05 16:00:00,1362.298,1367.157,1361.707,1364.727,2.92
2020-06-05 17:00:00,1364.348,1367.708,1361.037,1362.568,3.1212
2020-06-05 18:00:00,1355.348,1364.428,1355.348,1364.347,3.212
2020-06-05 19:00:00,1344.998,1358.318,1344.998,1355.457,4.8993
2020-06-07 13:00:00,1484.848,1489.788,1476.567,1487.107,3.5705
2020-06-07 14:00:00,1496.458,1496.458,1482.008,1484.848,5.9472
2020-06-07 15:00:00,1502.767,1509.757,1495.217,1496.507,5.214
2020-06-07 16:00:00,1506.008,1507.148,1494.997,1502.768,4.395
2020-06-07 17:00:00,1497.837,1506.358,1496.767,1506.008,3.2873
2020-06-07 18:00:00,1494.808,1498.788,1492.697,1497.837,4.8577
2020-06-07 19:00:00,1499.048,1503.337,1488.507,1494.718,7.9808
2020-06-08 13:00:00,1479.558,1481.247,1471.317,1481.247,6.0025
2020-06-08 14:00:00,1487.337,1489.467,1478.227,1479.777,9.3255
2020-06-08 15:00:00,1486.488,1494.617,1486.327,1487.367,7.5823
2020-06-08 16:00:00,1495.058,1495.838,1486.487,1486.488,5.6458
2020-06-08 17:00:00,1502.527,1502.868,1494.298,1495.058,6.631
2020-06-08 18:00:00,1503.158,1505.928,1500.237,1502.767,6.8863
2020-06-08 19:00:00,1503.627,1505.647,1500.147,1503.157,9.1208
2020-06-10 13:00:00,1473.598,1480.258,1468.997,1471.158,13132.7754
2020-06-10 14:00:00,1469.598,1479.187,1469.497,1473.598,17077.7695
2020-06-10 15:00:00,1458.418,1473.498,1455.597,1470.308,29772.707
2020-06-10 16:00:00,1467.707,1469.988,1458.117,1458.418,15405.2578
2020-06-10 17:00:00,1474.247,1475.918,1467.577,1467.708,16655.2598
2020-06-10 18:00:00,1459.187,1483.877,1452.997,1474.287,24887.8652
2020-06-10 19:00:00,1449.398,1460.247,1445.097,1459.188,46018.2148
2020-06-11 14:00:00,1738.488,1750.837,1736.267,1750.837,25220.2129
2020-06-11 15:00:00,1741.457,1757.787,1738.118,1738.187,28647.7969
2020-06-11 16:00:00,1754.457,1756.537,1740.267,1741.457,26377.7363
2020-06-11 17:00:00,1755.068,1756.595,1749.317,1754.457,18332.6465
2020-06-11 18:00:00,1761.308,1767.807,1755.067,1755.198,19625.0879
2020-06-11 19:00:00,1755.508,1762.538,1754.778,1761.468,25192.6074
2020-06-11 20:00:00,1758.288,1766.787,1749.007,1755.508,39315.3555
2020-07-01 14:00:00,1395.507,1400.647,1391.257,1399.238,3.5305
2020-07-01 15:00:00,1399.188,1403.488,1394.998,1395.708,4.276
2020-07-01 16:00:00,1397.858,1402.868,1396.998,1399.188,3.1442
2020-07-01 17:00:00,1398.237,1399.938,1397.147,1397.858,2.4318
2020-07-01 18:00:00,1401.327,1401.567,1397.398,1398.238,2.377
2020-07-01 19:00:00,1398.358,1401.327,1397.397,1401.327,2.3342
2020-07-01 20:00:00,1395.248,1399.258,1393.628,1398.457,3.7673
2020-07-02 14:00:00,1467.008,1472.897,1463.348,1466.918,2.3372
2020-07-02 15:00:00,1475.698,1477.528,1464.998,1467.817,4.1205
2020-07-02 16:00:00,1479.768,1484.827,1473.438,1475.688,3.0243
2020-07-02 17:00:00,1479.288,1482.078,1475.867,1479.868,3.1995
2020-07-02 18:00:00,1473.188,1479.358,1472.498,1478.698,3.3157
2020-07-02 19:00:00,1479.007,1479.137,1472.497,1473.187,3.5395
2020-07-02 20:00:00,1477.998,1479.488,1475.828,1479.008,3.945
2020-07-04 13:00:00,1209.578,1220.018,1199.997,1215.997,4.9485
2020-07-04 14:00:00,1187.228,1210.467,1177.197,1209.577,8.2935
2020-07-04 15:00:00,1192.368,1196.697,1186.457,1187.228,5.4835
2020-07-04 16:00:00,1201.077,1204.738,1192.388,1192.388,7.0747
2020-07-04 17:00:00,1196.468,1202.558,1191.858,1201.207,5.2372
2020-07-04 18:00:00,1189.708,1196.748,1185.377,1196.447,6.959
2020-07-04 19:00:00,1180.918,1200.058,1179.997,1189.708,8.8845
2020-07-05 13:00:00,1361.797,1364.248,1356.448,1360.427,2.6655
2020-07-05 14:00:00,1354.158,1362.837,1352.687,1361.848,3.7645
2020-07-05 15:00:00,1364.998,1366.257,1354.157,1354.158,3.807
2020-07-05 16:00:00,1373.378,1373.588,1364.997,1365.048,3.826
2020-07-05 17:00:00,1373.128,1375.538,1368.997,1373.068,2.799
2020-07-05 18:00:00,1369.098,1374.837,1366.877,1373.037,2.9925
2020-07-05 19:00:00,1369.318,1370.118,1362.357,1369.098,5.2648
2020-07-07 13:00:00,1511.428,1515.218,1491.188,1492.848,4.59
2020-07-07 14:00:00,1517.698,1519.757,1509.937,1511.908,7.4173
2020-07-07 15:00:00,1519.257,1520.968,1514.837,1517.698,5.948
2020-07-07 16:00:00,1510.798,1521.198,1506.997,1519.258,4.2748
2020-07-07 17:00:00,1502.058,1510.798,1501.137,1510.798,4.9855
2020-07-07 18:00:00,1498.187,1503.517,1494.997,1502.057,5.6528
2020-07-07 19:00:00,1490.238,1498.548,1489.597,1498.187,7.6693
2020-07-08 13:00:00,1501.137,1505.747,1493.827,1505.747,4.144
2020-07-08 14:00:00,1512.367,1519.708,1497.717,1500.428,7.4693
2020-07-08 15:00:00,1503.298,1513.408,1503.297,1512.367,8.0565
2020-07-08 16:00:00,1501.418,1507.707,1499.338,1503.298,5.804
2020-07-08 17:00:00,1491.998,1501.418,1491.387,1501.418,7.2545
2020-07-08 18:00:00,1492.148,1496.427,1485.997,1491.997,7.076
2020-07-08 19:00:00,1497.797,1499.947,1490.477,1492.208,7.8168
2020-07-10 13:00:00,1445.007,1466.517,1445.007,1459.158,23710.2891
2020-07-10 14:00:00,1441.418,1446.208,1433.007,1445.007,47757.9766
2020-07-10 15:00:00,1444.087,1446.408,1437.997,1441.697,25705.2656
2020-07-10 16:00:00,1446.887,1453.097,1441.897,1444.088,24057.7949
2020-07-10 17:00:00,1456.267,1460.318,1446.988,1447.348,20025.2285
2020-07-10 18:00:00,1459.737,1462.158,1455.997,1457.047,27982.8066
2020-07-10 19:00:00,1457.998,1462.428,1456.397,1459.738,36375.3711
2020-07-12 14:00:00,1825.418,1826.978,1809.997,1814.998,18422.6348
2020-07-12 15:00:00,1817.447,1828.948,1816.188,1825.437,24117.707
2020-07-12 16:00:00,1814.368,1820.017,1812.998,1817.458,17405.1582
2020-07-12 17:00:00,1807.587,1814.368,1807.447,1814.368,12502.5957
2020-07-12 18:00:00,1806.697,1810.168,1802.287,1807.587,15995.1035
2020-07-12 19:00:00,1809.057,1812.935,1803.557,1806.428,14902.6006
2020-07-12 20:00:00,1816.487,1817.728,1805.937,1809.347,32935.25
2020-08-01 14:00:00,1399.538,1403.697,1391.427,1392.997,2.1023
2020-08-01 15:00:00,1396.668,1401.77,1394.248,1399.398,3.278
2020-08-01 16:00:00,1408.697,1411.498,1395.227,1397.007,4.4563
2020-08-01 17:00:00,1409.578,1411.318,1407.307,1408.698,3.044
2020-08-01 18:00:00,1407.468,1409.947,1407.027,1409.578,2.1555
2020-08-01 19:00:00,1408.398,1409.687,1406.657,1407.478,1.987
2020-08-01 20:00:00,1405.188,1411.838,1403.007,1408.397,4.0125
2020-08-04 13:00:00,1186.778,1207.258,1185.997,1199.068,3.4223
2020-08-04 14:00:00,1196.498,1197.197,1183.027,1187.038,4.2143
2020-08-04 15:00:00,1200.757,1204.708,1192.168,1196.788,4.89
2020-08-04 16:00:00,1201.687,1203.908,1197.587,1200.757,4.168
2020-08-04 17:00:00,1194.247,1203.847,1192.998,1202.008,4.3932
2020-08-04 18:00:00,1209.068,1209.718,1194.248,1194.248,4.268
2020-08-04 19:00:00,1206.408,1214.578,1200.757,1209.088,8.2137
2020-08-05 13:00:00,1375.008,1382.038,1371.997,1379.447,2.4255
2020-08-05 14:00:00,1385.468,1389.458,1374.348,1374.348,4.3482
2020-08-05 15:00:00,1392.428,1393.268,1383.097,1385.778,2.9132
2020-08-05 16:00:00,1396.078,1396.308,1390.817,1392.428,3.8328
2020-08-05 17:00:00,1385.088,1396.378,1383.828,1396.078,3.5645
2020-08-05 18:00:00,1384.908,1386.467,1381.217,1385.088,3.866
2020-08-05 19:00:00,1383.808,1390.158,1380.368,1384.938,4.6735
2020-08-06 13:00:00,1430.247,1436.808,1425.668,1429.528,4.8905
2020-08-06 14:00:00,1436.608,1440.098,1424.278,1430.457,4.912
2020-08-06 15:00:00,1438.258,1442.078,1436.077,1436.608,4.0425
2020-08-06 16:00:00,1436.507,1439.808,1434.677,1438.257,3.1363
2020-08-06 17:00:00,1438.758,1439.218,1434.748,1436.968,3.2865
2020-08-06 18:00:00,1440.508,1442.568,1438.347,1438.758,3.8785
2020-08-06 19:00:00,1447.768,1448.777,1438.057,1440.507,5.2822
2020-08-07 13:00:00,1507.678,1510.278,1495.017,1495.547,3.571
2020-08-07 14:00:00,1509.268,1509.728,1500.997,1507.828,5.0212
2020-08-07 15:00:00,1500.938,1509.268,1491.997,1509.268,5.1745
2020-08-07 16:00:00,1508.768,1508.768,1498.497,1500.938,3.612
2020-08-07 17:00:00,1498.127,1508.888,1498.127,1508.878,3.454
2020-08-07 18:00:00,1500.487,1501.098,1494.627,1498.128,4.5338
2020-08-07 19:00:00,1502.698,1505.918,1497.417,1500.548,7.7118
2020-08-09 13:00:00,1546.498,1550.758,1515.007,1524.997,40905.0
2020-08-09 14:00:00,1544.017,1555.207,1535.617,1546.498,68402.5469
2020-08-09 15:00:00,1535.158,1551.987,1530.897,1544.017,60580.0078
2020-08-09 16:00:00,1540.947,1543.078,1530.307,1535.157,52517.5
2020-08-09 17:00:00,1537.917,1541.768,1530.827,1540.947,52312.5
2020-08-09 18:00:00,1525.237,1540.167,1518.997,1537.917,63237.5
2020-08-09 19:00:00,1520.888,1533.587,1520.167,1525.238,77397.5
2020-08-10 13:00:00,1481.198,1481.578,1462.817,1462.818,25450.3496
2020-08-10 14:00:00,1477.037,1482.318,1473.847,1481.208,36610.4102
2020-08-10 15:00:00,1478.567,1483.497,1473.427,1476.998,24910.2559
2020-08-10 16:00:00,1484.268,1487.707,1477.617,1478.657,22712.6582
2020-08-10 17:00:00,1478.048,1485.238,1477.918,1484.758,25132.6563
2020-08-10 18:00:00,1481.517,1484.077,1477.427,1477.928,22410.1895
2020-08-10 19:00:00,1483.398,1484.668,1477.967,1481.518,34555.3008
2020-08-12 14:00:00,1799.947,1811.718,1797.077,1806.878,18325.1914
2020-08-12 15:00:00,1806.708,1807.798,1791.037,1801.108,23602.6875
2020-08-12 16:00:00,1809.987,1810.667,1804.997,1806.707,12845.0986
2020-08-12 17:00:00,1806.387,1813.707,1806.017,1809.988,11697.583
2020-08-12 18:00:00,1803.008,1808.398,1802.898,1806.378,14027.5635
2020-08-12 19:00:00,1807.068,1809.088,1802.568,1802.948,13395.0996
2020-08-12 20:00:00,1810.748,1815.438,1806.667,1807.408,25490.1582
2020-09-01 14:00:00,1421.908,1427.918,1419.798,1419.798,3.7773
2020-09-01 15:00:00,1422.138,1424.998,1420.997,1421.908,4.1935
2020-09-01 16:00:00,1417.268,1422.368,1415.448,1422.098,2.8047
2020-09-01 17:00:00,1416.797,1417.958,1409.997,1417.688,3.2838
2020-09-01 18:00:00,1417.777,1419.278,1412.978,1416.798,2.806
2020-09-01 19:00:00,1420.938,1421.358,1416.088,1417.777,2.973
2020-09-01 20:00:00,1419.788,1421.468,1415.168,1420.887,4.0693
2020-09-03 13:00:00,1223.297,1225.978,1197.997,1199.998,3.1253
2020-09-03 14:00:00,1227.538,1237.557,1214.997,1222.027,9.9365
2020-09-03 15:00:00,1245.237,1249.418,1225.208,1227.168,10.2945
2020-09-03 16:00:00,1239.938,1252.218,1234.997,1245.238,9.5948
2020-09-03 17:00:00,1225.318,1245.138,1222.997,1239.937,8.7893
2020-09-03 18:00:00,1233.858,1238.037,1220.997,1225.318,10.57
2020-09-03 19:00:00,1207.048,1238.617,1207.047,1233.587,12.0787
2020-09-04 13:00:00,1218.257,1221.61,1209.997,1218.867,3.7752
2020-09-04 14:00:00,1204.348,1218.888,1191.997,1218.587,6.6735
2020-09-04 15:00:00,1201.187,1205.648,1194.228,1205.037,4.8672
2020-09-04 16:00:00,1212.108,1214.202,1201.188,1201.188,4.6645
2020-09-04 17:00:00,1210.178,1217.167,1206.968,1212.108,4.3457
2020-09-04 18:00:00,1201.557,1211.038,1198.747,1210.177,6.0342
2020-09-04 19:00:00,1205.438,1207.138,1196.497,1201.637,7.6495
2020-09-06 13:00:00,1455.468,1458.398,1442.157,1443.018,2.9725
2020-09-06 14:00:00,1464.388,1467.588,1453.498,1455.758,4.7505
2020-09-06 15:00:00,1460.078,1466.397,1459.887,1464.448,4.3723
2020-09-06 16:00:00,1459.007,1461.388,1457.357,1460.078,3.567
2020-09-06 17:00:00,1458.638,1460.567,1455.277,1458.528,3.8365
2020-09-06 18:00:00,1457.728,1460.258,1455.037,1458.638,3.5308
2020-09-06 19:00:00,1452.088,1461.317,1452.088,1457.727,8.2528
2020-09-07 13:00:00,1523.007,1525.647,1509.007,1510.487,5.666
2020-09-07 14:00:00,1501.647,1528.77,1501.437,1523.008,7.6935
2020-09-07 15:00:00,1503.458,1506.378,1495.257,1501.648,6.0303
2020-09-07 16:00:00,1511.467,1512.938,1502.027,1503.428,4.9415
2020-09-07 17:00:00,1512.018,1519.027,1510.708,1511.467,4.2925
2020-09-07 18:00:00,1518.488,1519.817,1511.057,1512.018,5.9462
2020-09-07 19:00:00,1517.078,1524.038,1512.577,1518.488,8.313
2020-09-09 13:00:00,1532.247,1552.368,1524.997,1547.397,43362.5
2020-09-09 14:00:00,1545.828,1548.628,1529.747,1532.247,54092.5
2020-09-09 15:00:00,1550.607,1551.657,1539.477,1545.827,49465.0
2020-09-09 16:00:00,1550.208,1553.278,1548.427,1550.718,27252.5
2020-09-09 17:00:00,1546.147,1556.408,1545.447,1550.017,27137.5
2020-09-09 18:00:00,1550.198,1553.448,1544.657,1546.837,28695.0
2020-09-09 19:00:00,1544.468,1558.567,1543.367,1550.197,45542.5
2020-09-10 13:00:00,1497.027,1498.727,1486.147,1491.827,21760.3047
2020-09-10 14:00:00,1500.417,1504.667,1493.137,1497.097,30917.7969
2020-09-10 15:00:00,1501.157,1504.832,1499.417,1500.418,23515.2383
2020-09-10 16:00:00,1500.528,1503.977,1498.118,1500.907,24342.7461
2020-09-10 17:00:00,1505.317,1505.457,1500.338,1500.848,23740.2539
2020-09-10 18:00:00,1501.517,1506.138,1499.997,1505.317,23770.2227
2020-09-10 19:00:00,1509.837,1511.667,1500.017,1501.518,38832.875
2020-09-11 14:00:00,1786.177,1814.748,1769.518,1790.587,28000.3359
2020-09-11 15:00:00,1793.178,1810.567,1778.167,1786.178,50520.7656
2020-09-11 16:00:00,1786.708,1794.358,1780.457,1793.178,38125.5703
2020-09-11 17:00:00,1791.107,1791.827,1780.927,1786.748,29727.8672
2020-09-11 18:00:00,1790.317,1796.318,1786.618,1791.918,29612.832
2020-09-11 19:00:00,1784.958,1792.547,1776.997,1790.518,28862.7988
2020-09-11 20:00:00,1759.527,1791.327,1757.307,1785.927,47978.0586
2020-09-12 14:00:00,1821.747,1827.928,1805.407,1805.787,18370.1309
2020-09-12 15:00:00,1819.148,1824.108,1816.667,1822.207,25070.1621
2020-09-12 16:00:00,1813.687,1819.148,1809.997,1819.148,22097.6992
2020-09-12 17:00:00,1796.757,1814.217,1794.617,1813.708,23520.1621
2020-09-12 18:00:00,1778.548,1800.398,1778.227,1796.758,33637.7383
2020-09-12 19:00:00,1771.448,1782.127,1765.307,1778.547,35050.2578
2020-09-12 20:00:00,1776.587,1781.707,1761.607,1771.467,42905.3477
2020-10-01 14:00:00,1428.368,1429.508,1418.997,1425.998,2.921
2020-10-01 15:00:00,1432.258,1434.088,1425.977,1428.368,3.9762
2020-10-01 16:00:00,1432.347,1434.597,1429.067,1432.297,2.9887
2020-10-01 17:00:00,1432.728,1433.228,1428.107,1432.348,2.7088
2020-10-01 18:00:00,1427.708,1432.888,1427.657,1432.727,1.884
2020-10-01 19:00:00,1428.718,1429.118,1425.888,1427.777,2.064
2020-10-01 20:00:00,1428.788,1430.098,1425.998,1428.568,4.2323
2020-10-02 14:00:00,1490.338,1490.658,1473.058,1476.998,3.1615
2020-10-02 15:00:00,1492.918,1501.367,1489.307,1490.437,4.67
2020-10-02 16:00:00,1498.437,1501.278,1491.998,1492.928,2.3763
2020-10-02 17:00:00,1497.197,1499.238,1495.107,1498.937,1.8993
2020-10-02 18:00:00,1499.098,1500.157,1495.328,1497.198,1.6302
2020-10-02 19:00:00,1499.658,1500.187,1497.997,1499.107,1.478
2020-10-02 20:00:00,1507.878,1508.768,1499.387,1499.998,3.5225
2020-10-03 13:00:00,1242.578,1258.728,1234.997,1253.498,4.095
2020-10-03 14:00:00,1234.117,1254.008,1233.998,1242.598,8.6905
2020-10-03 15:00:00,1220.897,1243.438,1214.007,1234.197,7.422
2020-10-03 16:00:00,1231.857,1241.768,1220.907,1220.907,7.068
2020-10-03 17:00:00,1225.548,1243.048,1219.997,1231.997,6.5305
2020-10-03 18:00:00,1246.928,1248.848,1218.497,1225.567,7.026
2020-10-03 19:00:00,1275.457,1275.457,1243.998,1247.258,10.9152
2020-10-06 13:00:00,1465.388,1469.318,1455.528,1459.998,4.678
2020-10-06 14:00:00,1456.728,1471.738,1454.298,1465.588,5.9542
2020-10-06 15:00:00,1456.898,1462.327,1454.687,1457.118,5.1205
2020-10-06 16:00:00,1458.568,1460.288,1454.997,1457.357,6.0087
2020-10-06 17:00:00,1456.608,1460.698,1455.628,1458.318,4.179
2020-10-06 18:00:00,1465.868,1469.517,1454.497,1456.607,6.5017
2020-10-06 19:00:00,1462.998,1472.475,1461.827,1465.678,8.5855
2020-10-07 13:00:00,1506.357,1513.117,1501.108,1513.117,5.1515
2020-10-07 14:00:00,1515.537,1518.207,1500.358,1506.348,8.534
2020-10-07 15:00:00,1518.778,1519.918,1513.997,1515.578,5.6287
2020-10-07 16:00:00,1519.177,1519.518,1512.518,1518.998,7.0703
2020-10-07 17:00:00,1523.978,1524.248,1517.287,1519.327,5.008
2020-10-07 18:00:00,1531.988,1533.777,1521.767,1523.967,6.5557
2020-10-07 19:00:00,1538.937,1541.208,1529.998,1531.987,12.363
2020-10-08 13:00:00,1491.438,1506.517,1489.997,1489.997,5.5353
2020-10-08 14:00:00,1478.488,1493.048,1478.487,1491.438,8.2385
2020-10-08 15:00:00,1490.278,1491.648,1476.297,1478.488,7.383
2020-10-08 16:00:00,1496.967,1498.358,1487.247,1490.278,6.238
2020-10-08 17:00:00,1492.137,1499.577,1490.927,1496.967,4.8885
2020-10-08 18:00:00,1495.058,1495.448,1489.177,1492.147,5.9887
2020-10-08 19:00:00,1496.808,1497.848,1490.057,1495.048,7.5148
2020-10-09 13:00:00,1558.077,1561.637,1547.228,1549.998,25840.0
2020-10-09 14:00:00,1553.638,1573.598,1550.317,1558.137,48145.0
2020-10-09 15:00:00,1556.108,1566.408,1549.367,1553.637,56250.0
2020-10-09 16:00:00,1548.818,1559.818,1541.957,1556.107,41477.5
2020-10-09 17:00:00,1547.937,1555.568,1545.647,1548.817,35397.5
2020-10-09 18:00:00,1534.787,1551.108,1520.997,1547.678,48807.5
2020-10-09 19:00:00,1525.217,1536.178,1518.997,1534.827,59957.5
2020-10-11 14:00:00,1750.008,1758.477,1726.837,1727.857,19082.7324
2020-10-11 15:00:00,1736.787,1755.567,1716.317,1750.007,49780.3867
2020-10-11 16:00:00,1737.638,1745.607,1722.957,1736.798,36222.9609
2020-10-11 17:00:00,1738.517,1749.747,1735.507,1737.637,29902.7734
2020-10-11 18:00:00,1734.218,1746.335,1724.097,1738.517,27422.6914
2020-10-11 19:00:00,1731.717,1737.948,1724.287,1734.218,32102.8203
2020-10-11 20:00:00,1737.377,1742.918,1724.848,1731.718,48165.4766
2020-10-12 14:00:00,1757.348,1763.007,1732.937,1761.258,33935.2578
2020-10-12 15:00:00,1769.987,1772.388,1751.427,1757.348,35067.7773
2020-10-12 16:00:00,1765.747,1773.997,1763.618,1770.347,26360.2656
2020-10-12 17:00:00,1765.018,1774.648,1764.968,1764.968,20470.1445
2020-10-12 18:00:00,1764.637,1770.918,1763.627,1765.438,18912.6797
2020-10-12 19:00:00,1755.037,1766.927,1754.667,1764.678,24117.6563
2020-10-12 20:00:00,1766.737,1769.178,1754.667,1755.118,32145.3164
2020-11-02 14:00:00,1518.878,1521.258,1503.148,1509.998,3.3858
2020-11-02 15:00:00,1528.718,1529.077,1518.877,1518.877,4.108
2020-11-02 16:00:00,1515.758,1529.428,1513.917,1528.718,3.3323
2020-11-02 17:00:00,1518.978,1521.098,1515.227,1515.768,2.3775
2020-11-02 18:00:00,1511.508,1522.138,1510.917,1519.087,2.1145
2020-11-02 19:00:00,1512.028,1515.878,1506.997,1511.508,2.8785
2020-11-02 20:00:00,1509.408,1513.838,1506.997,1512.037,4.0858
2020-11-03 13:00:00,1244.528,1255.498,1236.907,1245.348,4.1118
2020-11-03 14:00:00,1228.018,1251.368,1224.997,1244.547,7.1182
2020-11-03 15:00:00,1225.778,1232.218,1220.128,1228.027,7.6958
2020-11-03 16:00:00,1213.748,1235.498,1210.997,1226.098,7.1318
2020-11-03 17:00:00,1210.188,1216.298,1204.997,1213.878,7.7925
2020-11-03 18:00:00,1202.478,1212.478,1200.618,1210.188,11.1173
2020-11-03 19:00:00,1209.528,1219.707,1190.497,1202.487,12.632
2020-11-05 13:00:00,1382.247,1389.117,1373.997,1376.097,3.1085
2020-11-05 14:00:00,1387.728,1391.007,1380.898,1382.247,5.4338
2020-11-05 15:00:00,1397.898,1398.017,1387.198,1387.728,4.2477
2020-11-05 16:00:00,1399.617,1400.628,1396.057,1397.898,2.6865
2020-11-05 17:00:00,1404.558,1405.638,1399.277,1399.668,3.4002
2020-11-05 18:00:00,1412.868,1413.407,1402.137,1404.558,3.5673
2020-11-05 19:00:00,1402.517,1415.127,1401.768,1412.888,6.2333
2020-11-06 13:00:00,1437.287,1442.575,1428.568,1440.008,5.1077
2020-11-06 14:00:00,1442.388,1451.138,1434.997,1437.358,5.7943
2020-11-06 15:00:00,1439.038,1444.778,1434.957,1442.388,5.2587
2020-11-06 16:00:00,1414.398,1439.918,1413.998,1439.767,5.6642
2020-11-06 17:00:00,1423.257,1427.837,1413.397,1414.397,6.2515
2020-11-06 18:00:00,1407.237,1423.257,1403.128,1423.257,7.4827
2020-11-06 19:00:00,1400.348,1417.628,1398.197,1407.237,9.7455
2020-11-08 13:00:00,1492.667,1499.548,1485.777,1491.917,4.488
2020-11-08 14:00:00,1489.298,1493.728,1480.997,1492.667,7.4355
2020-11-08 15:00:00,1497.917,1499.228,1489.297,1489.298,5.519
2020-11-08 16:00:00,1506.368,1510.118,1496.367,1497.917,5.5462
2020-11-08 17:00:00,1503.888,1507.837,1497.997,1506.468,4.333
2020-11-08 18:00:00,1496.288,1504.482,1492.617,1503.887,5.3315
2020-11-08 19:00:00,1479.817,1497.747,1478.077,1496.288,11.2445
2020-11-09 13:00:00,1514.997,1534.667,1509.997,1526.048,33280.0
2020-11-09 14:00:00,1535.017,1536.938,1513.377,1514.997,47747.5
2020-11-09 15:00:00,1518.667,1538.547,1518.428,1535.017,44105.0
2020-11-09 16:00:00,1502.218,1524.408,1501.998,1519.337,47730.0
2020-11-09 17:00:00,1499.998,1508.918,1492.457,1502.217,44842.5
2020-11-09 18:00:00,1509.607,1514.478,1498.907,1499.998,51397.5
2020-11-09 19:00:00,1514.888,1520.027,1504.357,1509.607,59282.5
2020-11-11 14:00:00,1755.228,1761.937,1745.377,1745.998,22852.752
2020-11-11 15:00:00,1747.887,1757.747,1744.467,1755.208,30507.9316
2020-11-11 16:00:00,1750.527,1754.127,1744.467,1747.887,23432.7715
2020-11-11 17:00:00,1747.238,1753.798,1746.097,1750.537,16970.1582
2020-11-11 18:00:00,1748.338,1751.878,1745.597,1747.447,20155.1582
2020-11-11 19:00:00,1747.238,1753.757,1742.997,1748.337,19772.666
2020-11-11 20:00:00,1746.298,1753.097,1742.787,1747.628,37940.3359
2020-11-12 14:00:00,1760.007,1766.198,1751.338,1755.997,24497.7891
2020-11-12 15:00:00,1761.188,1766.617,1758.547,1760.007,21840.2461
2020-11-12 16:00:00,1760.567,1764.318,1755.397,1761.278,18745.1641
2020-11-12 17:00:00,1760.568,1761.388,1753.797,1760.677,20785.2109
2020-11-12 18:00:00,1767.467,1769.967,1759.607,1760.567,19992.666
2020-11-12 19:00:00,1768.327,1772.408,1766.048,1767.497,22947.707
2020-11-12 20:00:00,1774.568,1777.308,1766.737,1768.328,29880.4023
2020-12-02 14:00:00,1514.018,1519.888,1510.247,1515.058,2.3472
2020-12-02 15:00:00,1510.528,1515.667,1508.127,1514.027,3.6418
2020-12-02 16:00:00,1515.817,1516.307,1510.778,1511.068,3.396
2020-12-02 17:00:00,1513.868,1516.828,1512.997,1515.817,2.5125
2020-12-02 18:00:00,1513.668,1515.158,1512.298,1514.298,2.1653
2020-12-02 19:00:00,1518.977,1518.977,1512.248,1513.668,1.84
2020-12-02 20:00:00,1517.778,1519.795,1514.527,1519.058,2.7992
2020-12-03 13:00:00,1149.087,1150.528,1109.997,1119.998,3.288
2020-12-03 14:00:00,1149.007,1153.228,1131.857,1149.088,11.8175
2020-12-03 15:00:00,1126.768,1149.988,1114.997,1149.007,9.9595
2020-12-03 16:00:00,1154.118,1166.208,1110.997,1126.768,9.1383
2020-12-03 17:00:00,1152.007,1188.238,1131.527,1153.527,6.2778
2020-12-03 18:00:00,1127.408,1156.327,1126.618,1152.148,9.2002
2020-12-03 19:00:00,1109.998,1145.548,1109.997,1127.408,11.8717
2020-12-05 13:00:00,1394.087,1413.638,1390.437,1405.998,3.8698
2020-12-05 14:00:00,1403.868,1404.418,1392.397,1393.878,5.1848
2020-12-05 15:00:00,1401.338,1406.648,1398.517,1403.877,3.5557
2020-12-05 16:00:00,1403.188,1404.647,1399.568,1401.507,2.8403
2020-12-05 17:00:00,1398.687,1403.527,1393.457,1403.187,3.925
2020-12-05 18:00:00,1396.737,1398.997,1391.998,1398.758,4.725
2020-12-05 19:00:00,1374.418,1397.227,1373.787,1396.738,6.6753
2020-12-06 13:00:00,1430.848,1433.948,1418.007,1423.998,3.3832
2020-12-06 14:00:00,1405.307,1430.918,1405.307,1430.918,6.0192
2020-12-06 15:00:00,1419.328,1419.997,1401.017,1405.378,6.464
2020-12-06 16:00:00,1409.528,1424.395,1405.997,1419.328,5.802
2020-12-06 17:00:00,1388.438,1410.978,1388.258,1409.528,7.319
2020-12-06 18:00:00,1394.998,1398.068,1385.247,1388.257,6.5328
2020-12-06 19:00:00,1410.497,1420.208,1391.347,1394.998,10.0675
2020-12-08 13:00:00,1499.037,1503.798,1483.018,1483.018,6.7355
2020-12-08 14:00:00,1505.517,1511.058,1499.027,1499.407,12.3062
2020-12-08 15:00:00,1507.828,1508.717,1499.227,1505.517,8.2078
2020-12-08 16:00:00,1502.637,1509.577,1502.107,1507.837,5.9085
2020-12-08 17:00:00,1509.567,1510.237,1502.347,1502.637,5.2205
2020-12-08 18:00:00,1507.438,1510.827,1506.638,1509.567,5.9245
2020-12-08 19:00:00,1505.907,1510.728,1503.127,1507.438,8.1798
2020-12-10 13:00:00,1539.277,1548.098,1528.227,1538.498,34050.4453
2020-12-10 14:00:00,1543.028,1546.928,1538.278,1539.278,37630.5313
2020-12-10 15:00:00,1553.498,1558.987,1542.548,1543.028,33120.5039
2020-12-10 16:00:00,1566.768,1571.807,1552.417,1553.438,33610.4805
2020-12-10 17:00:00,1572.547,1576.235,1560.898,1567.238,33355.4336
2020-12-10 18:00:00,1574.337,1588.158,1571.998,1572.947,45133.043
2020-12-10 19:00:00,1564.597,1578.257,1561.997,1574.368,55843.1484
2020-12-11 14:00:00,1751.228,1763.907,1739.757,1741.347,22525.2129
2020-12-11 15:00:00,1750.248,1756.247,1744.997,1751.228,29455.375
2020-12-11 16:00:00,1749.008,1755.287,1743.607,1750.667,21720.1836
2020-12-11 17:00:00,1747.568,1751.878,1743.067,1749.007,22802.6543
2020-12-11 18:00:00,1752.147,1752.528,1742.817,1747.498,27335.2051
2020-12-11 19:00:00,1742.868,1754.807,1741.507,1752.147,24360.209
2020-12-11 20:00:00,1742.277,1745.338,1737.387,1742.888,36652.875
2021-01-02 14:00:00,1851.108,1864.588,1843.197,1843.197,261.0277
2021-01-02 15:00:00,1854.257,1873.118,1845.927,1851.107,320.1221
2021-01-02 16:00:00,1879.678,1888.81,1851.987,1855.488,355.7166
2021-01-02 17:00:00,1904.078,1907.438,1880.177,1880.178,259.2211
2021-01-02 18:00:00,1903.268,1915.087,1897.848,1904.087,189.3155
2021-01-02 19:00:00,1899.898,1906.807,1898.127,1903.287,180.8119
2021-01-02 20:00:00,1893.937,1901.628,1890.977,1899.657,265.6201
2021-01-03 14:00:00,2037.877,2054.787,2034.017,2044.587,155.5085
2021-01-03 15:00:00,2059.787,2066.288,2033.048,2038.448,281.8145
2021-01-03 16:00:00,2060.487,2062.138,2051.047,2059.788,153.309
2021-01-03 17:00:00,2053.948,2061.608,2052.357,2060.488,200.813
2021-01-03 18:00:00,2060.188,2062.708,2050.997,2053.947,134.312
2021-01-03 19:00:00,2068.708,2071.377,2059.828,2060.567,145.7101
2021-01-03 20:00:00,2068.658,2075.887,2064.677,2068.708,237.8176
2021-01-04 13:00:00,2097.477,2110.048,2089.997,2091.208,275.5147
2021-01-04 14:00:00,2105.218,2111.028,2090.737,2097.478,319.7192
2021-01-04 15:00:00,2115.358,2118.967,2102.387,2105.847,241.614
2021-01-04 16:00:00,2118.417,2121.348,2112.748,2115.358,237.9147
2021-01-04 17:00:00,2120.657,2121.188,2114.587,2118.388,205.812
2021-01-04 18:00:00,2123.478,2127.858,2119.987,2120.657,218.81
2021-01-04 19:00:00,2129.597,2135.528,2118.127,2123.478,355.3228
2021-01-06 13:00:00,2376.237,2385.106,2369.496,2369.667,114.919
2021-01-06 14:00:00,2358.476,2377.286,2352.846,2376.236,222.2151
2021-01-06 15:00:00,2366.927,2367.377,2357.206,2358.086,118.7108
2021-01-06 16:00:00,2372.117,2372.796,2363.326,2366.936,134.6089
2021-01-06 17:00:00,2369.546,2372.127,2365.257,2372.116,102.3103
2021-01-06 18:00:00,2381.337,2382.066,2367.056,2369.546,127.212
2021-01-06 19:00:00,2379.987,2384.127,2373.836,2380.807,195.1195
2021-01-07 13:00:00,2447.126,2448.127,2432.996,2432.997,105.5132
2021-01-07 14:00:00,2448.087,2451.417,2440.546,2446.786,139.513
2021-01-07 15:00:00,2436.907,2449.696,2434.156,2448.876,151.9173
2021-01-07 16:00:00,2433.247,2437.966,2429.996,2436.906,110.3149
2021-01-07 17:00:00,2436.516,2440.876,2431.616,2433.247,103.5218
2021-01-07 18:00:00,2446.937,2447.926,2436.516,2436.516,95.3201
2021-01-07 19:00:00,2448.406,2449.407,2442.456,2447.226,124.4183
2021-01-09 13:00:00,2915.006,2920.987,2897.996,2897.996,130.4133
2021-01-09 14:00:00,2915.797,2919.907,2907.996,2915.746,167.6186
2021-01-09 15:00:00,2921.567,2924.997,2912.696,2915.996,155.1226
2021-01-09 16:00:00,2914.116,2922.727,2909.996,2921.136,114.0132
2021-01-09 17:00:00,2905.576,2914.336,2903.956,2914.016,111.2124
2021-01-09 18:00:00,2902.576,2905.586,2896.997,2905.586,106.516
2021-01-09 19:00:00,2903.566,2906.997,2896.976,2902.596,169.8239
2021-01-10 13:00:00,2692.267,2700.026,2685.156,2685.156,166.7158
2021-01-10 14:00:00,2699.146,2700.767,2679.996,2691.827,294.8274
2021-01-10 15:00:00,2716.587,2724.087,2694.876,2699.996,245.924
2021-01-10 16:00:00,2711.317,2719.852,2705.556,2716.577,146.7181
2021-01-10 17:00:00,2720.236,2724.457,2707.797,2711.317,152.9157
2021-01-10 18:00:00,2731.126,2732.907,2720.236,2720.846,149.8162
2021-01-10 19:00:00,2726.767,2737.697,2725.726,2730.277,251.4249
2021-01-11 13:00:00,2912.086,2959.037,2906.056,2956.126,242.8186
2021-01-11 14:00:00,2907.447,2917.756,2900.996,2912.087,342.6343
2021-01-11 15:00:00,2910.086,2913.247,2902.196,2907.446,193.3298
2021-01-11 16:00:00,2896.717,2912.047,2894.296,2910.056,171.227
2021-01-11 17:00:00,2887.417,2903.966,2881.816,2896.717,218.3253
2021-01-11 18:00:00,2873.996,2888.687,2873.516,2887.416,222.228
2021-01-11 19:00:00,2869.376,2880.646,2866.176,2873.996,316.4414
2021-01-12 14:00:00,2888.677,2891.507,2860.656,2877.076,166.0327
2021-01-12 15:00:00,2907.446,2912.417,2888.676,2888.676,279.2424
2021-01-12 16:00:00,2893.806,2918.357,2893.456,2907.616,240.13
2021-01-12 17:00:00,2878.877,2904.177,2877.666,2893.547,210.4315
2021-01-12 18:00:00,2876.826,2887.316,2866.866,2879.397,265.0375
2021-01-12 19:00:00,2866.767,2877.197,2859.996,2876.827,222.1369
2021-01-12 20:00:00,2818.546,2867.777,2817.356,2866.857,355.9548
2021-02-02 14:00:00,1910.038,1948.188,1909.997,1912.017,318.4184
2021-02-02 15:00:00,1925.638,1933.247,1905.248,1910.557,392.0211
2021-02-02 16:00:00,1929.298,1929.468,1917.518,1925.478,207.5175
2021-02-02 17:00:00,1926.978,1934.727,1923.318,1929.518,186.8144
2021-02-02 18:00:00,1926.337,1929.328,1917.518,1927.158,169.7169
2021-02-02 19:00:00,1930.058,1932.938,1923.838,1926.337,213.8156
2021-02-02 20:00:00,1917.597,1937.727,1915.398,1929.328,382.827
2021-02-03 14:00:00,2073.097,2081.718,2058.257,2063.257,140.0084
2021-02-03 15:00:00,2071.997,2082.708,2063.997,2073.097,351.115
2021-02-03 16:00:00,2066.357,2073.148,2060.368,2071.997,193.0118
2021-02-03 17:00:00,2074.328,2078.787,2064.057,2065.957,166.0096
2021-02-03 18:00:00,2089.337,2093.998,2072.607,2074.257,259.0122
2021-02-03 19:00:00,2076.177,2091.688,2069.307,2089.777,236.4127
2021-02-03 20:00:00,2063.168,2081.068,2062.487,2076.798,355.6204
2021-02-06 13:00:00,2374.996,2392.397,2370.716,2386.097,145.6112
2021-02-06 14:00:00,2377.267,2381.647,2372.497,2374.996,165.515
2021-02-06 15:00:00,2374.396,2383.827,2373.726,2377.486,128.9169
2021-02-06 16:00:00,2371.107,2374.726,2368.946,2374.417,117.114
2021-02-06 17:00:00,2356.956,2371.986,2353.996,2371.86,153.2172
2021-02-06 18:00:00,2360.356,2360.676,2351.676,2357.216,118.7136
2021-02-06 19:00:00,2369.817,2370.617,2357.386,2360.356,187.6216
2021-02-07 13:00:00,2476.556,2477.646,2457.996,2457.997,108.1174
2021-02-07 14:00:00,2483.977,2484.836,2474.307,2476.556,176.0301
2021-02-07 15:00:00,2490.147,2491.696,2481.006,2483.976,144.3197
2021-02-07 16:00:00,2497.107,2498.057,2489.986,2490.156,134.8219
2021-02-07 17:00:00,2500.156,2501.54,2493.916,2497.346,144.0166
2021-02-07 18:00:00,2500.097,2503.617,2498.996,2500.746,131.2127
2021-02-07 19:00:00,2503.896,2507.317,2498.996,2500.097,188.528
2021-02-08 13:00:00,2683.636,2704.187,2675.456,2701.486,135.8149
2021-02-08 14:00:00,2692.877,2700.077,2679.806,2683.637,216.9286
2021-02-08 15:00:00,2690.867,2703.397,2689.996,2692.996,144.0242
2021-02-08 16:00:00,2692.076,2695.836,2685.707,2690.867,122.6149
2021-02-08 17:00:00,2691.817,2696.707,2688.836,2692.927,136.6125
2021-02-08 18:00:00,2695.437,2697.307,2689.716,2691.817,137.0071
2021-02-08 19:00:00,2696.907,2699.537,2689.996,2694.666,231.9231
2021-02-09 13:00:00,2886.267,2909.906,2884.356,2903.997,124.9133
2021-02-09 14:00:00,2879.066,2889.027,2863.836,2886.267,248.1267
2021-02-09 15:00:00,2878.246,2888.937,2874.996,2879.086,132.4198
2021-02-09 16:00:00,2876.056,2879.076,2871.367,2878.247,110.8165
2021-02-09 17:00:00,2876.776,2879.417,2871.946,2876.167,110.8162
2021-02-09 18:00:00,2872.216,2876.777,2868.996,2876.776,109.7186
2021-02-09 19:00:00,2865.737,2872.846,2863.697,2872.217,215.8294
2021-02-11 13:00:00,2922.006,2926.577,2886.056,2888.257,207.2411
2021-02-11 14:00:00,2927.056,2931.527,2911.416,2920.707,254.4466
2021-02-11 15:00:00,2909.316,2930.717,2906.656,2927.077,158.5241
2021-02-11 16:00:00,2910.636,2914.916,2897.756,2908.926,143.2196
2021-02-11 17:00:00,2900.486,2916.726,2900.426,2910.637,162.0206
2021-02-11 18:00:00,2895.677,2901.506,2886.767,2900.897,182.922
2021-02-11 19:00:00,2908.316,2912.486,2890.506,2895.676,265.1324
2021-02-12 14:00:00,2851.177,2853.226,2803.796,2826.497,176.1306
2021-02-12 15:00:00,2838.356,2862.447,2822.036,2851.266,307.1436
2021-02-12 16:00:00,2852.047,2865.057,2831.746,2837.687,240.0324
2021-02-12 17:00:00,2862.787,2867.567,2849.256,2852.046,183.1307
2021-02-12 18:00:00,2864.817,2868.446,2851.286,2863.106,192.3332
2021-02-12 19:00:00,2865.406,2869.096,2857.686,2864.826,216.5304
2021-02-12 20:00:00,2858.317,2875.947,2850.176,2865.416,302.5386
2021-03-02 14:00:00,2074.908,2083.218,2012.387,2064.928,326.818
2021-03-02 15:00:00,2056.178,2079.647,2042.557,2074.908,530.5328
2021-03-02 16:00:00,2067.168,2070.648,2056.177,2056.527,272.4191
2021-03-02 17:00:00,2076.098,2081.268,2067.168,2067.168,271.4264
2021-03-02 18:00:00,2095.177,2095.177,2070.217,2075.777,252.4216
2021-03-02 19:00:00,2093.567,2105.767,2087.418,2095.208,274.5173
2021-03-02 20:00:00,2057.628,2098.267,2057.627,2093.667,407.3292
2021-03-03 14:00:00,2038.248,2075.978,2036.737,2057.998,212.2135
2021-03-03 15:00:00,2041.088,2048.597,2026.997,2038.247,345.3205
2021-03-03 16:00:00,2042.607,2053.448,2039.947,2041.568,249.7156
2021-03-03 17:00:00,2027.748,2045.508,2027.447,2042.607,225.8126
2021-03-03 18:00:00,2014.228,2032.088,2009.997,2027.748,293.3169
2021-03-03 19:00:00,2014.478,2018.617,1994.998,2014.228,356.9218
2021-03-03 20:00:00,2010.047,2028.707,2009.137,2014.527,415.9186
2021-03-05 13:00:00,2361.256,2369.237,2346.006,2360.946,187.0152
2021-03-05 14:00:00,2360.157,2381.515,2357.997,2360.317,269.4252
2021-03-05 15:00:00,2356.446,2361.927,2349.996,2360.167,183.218
2021-03-05 16:00:00,2345.377,2356.447,2341.616,2356.447,147.7171
2021-03-05 17:00:00,2347.726,2352.017,2343.236,2345.757,163.5121
2021-03-05 18:00:00,2351.227,2351.446,2344.806,2347.736,136.8117
2021-03-05 19:00:00,2342.016,2351.936,2335.166,2351.227,253.0191
2021-03-06 13:00:00,2337.086,2349.416,2328.307,2347.736,135.3142
2021-03-06 14:00:00,2346.977,2346.977,2329.996,2337.087,256.6195
2021-03-06 15:00:00,2343.307,2356.726,2340.076,2347.126,183.921
2021-03-06 16:00:00,2346.767,2346.907,2338.116,2343.307,147.3215
2021-03-06 17:00:00,2348.617,2350.117,2342.596,2346.766,175.3125
2021-03-06 18:00:00,2342.157,2349.087,2341.476,2349.086,123.5119
2021-03-06 19:00:00,2346.716,2349.307,2338.847,2342.156,196.3218
2021-03-08 13:00:00,2683.117,2705.196,2681.417,2700.096,118.6096
2021-03-08 14:00:00,2676.296,2685.907,2668.516,2683.086,202.4198
2021-03-08 15:00:00,2705.587,2708.416,2666.656,2676.297,187.322
2021-03-08 16:00:00,2708.557,2711.776,2700.006,2706.507,152.4169
2021-03-08 17:00:00,2703.316,2714.196,2701.716,2709.346,135.2144
2021-03-08 18:00:00,2706.436,2708.126,2697.366,2703.797,122.3128
2021-03-08 19:00:00,2712.067,2713.247,2705.996,2707.097,169.3201
2021-03-09 13:00:00,2864.536,2866.25,2847.996,2860.996,136.8156
2021-03-09 14:00:00,2871.716,2874.767,2862.976,2864.536,200.6198
2021-03-09 15:00:00,2875.226,2882.547,2869.816,2871.717,145.4156
2021-03-09 16:00:00,2875.497,2880.947,2873.566,2875.227,109.5145
2021-03-09 17:00:00,2878.216,2880.312,2875.496,2875.496,99.4118
2021-03-09 18:00:00,2880.926,2882.166,2877.356,2878.217,123.1168
2021-03-09 19:00:00,2874.366,2882.546,2867.576,2880.926,204.0206
2021-03-11 13:00:00,2909.996,2918.867,2899.996,2917.997,141.0113
2021-03-11 14:00:00,2902.956,2913.576,2893.356,2911.026,231.6237
2021-03-11 15:00:00,2911.596,2912.696,2897.346,2902.956,164.4182
2021-03-11 16:00:00,2906.416,2917.677,2904.976,2912.406,210.0219
2021-03-11 17:00:00,2893.997,2906.827,2891.676,2906.827,156.1252
2021-03-11 18:00:00,2916.937,2919.236,2892.926,2895.007,222.1316
2021-03-11 19:00:00,2930.906,2933.436,2914.376,2916.997,251.8343
2021-03-12 14:00:00,2861.727,2886.846,2856.796,2873.996,155.5235
2021-03-12 15:00:00,2814.277,2866.187,2810.496,2861.727,393.6474
2021-03-12 16:00:00,2808.997,2830.556,2804.996,2814.307,347.1511
2021-03-12 17:00:00,2818.607,2826.907,2806.016,2808.997,327.1471
2021-03-12 18:00:00,2815.997,2828.057,2810.796,2818.606,256.0362
2021-03-12 19:00:00,2816.187,2825.116,2811.377,2815.997,312.2398
2021-03-12 20:00:00,2840.076,2845.107,2811.376,2816.186,418.9616
2021-04-01 14:00:00,1745.008,1760.558,1745.008,1757.618,16300.0156
2021-04-01 15:00:00,1736.688,1755.518,1736.318,1745.877,31320.0234
2021-04-01 16:00:00,1718.637,1739.177,1717.918,1736.688,33810.0273
2021-04-01 17:00:00,1712.037,1720.158,1706.997,1718.637,42790.0234
2021-04-01 18:00:00,1727.728,1728.808,1709.477,1711.948,29290.0156
2021-04-01 19:00:00,1726.467,1728.668,1720.527,1727.737,26220.0195
2021-04-01 20:00:00,1726.138,1733.827,1722.047,1725.948,40360.0352
2021-04-02 14:00:00,2045.508,2068.228,2038.038,2061.068,284.8215
2021-04-02 15:00:00,2041.288,2053.767,2035.167,2045.528,355.8259
2021-04-02 16:00:00,2043.148,2051.687,2034.997,2041.287,235.6166
2021-04-02 17:00:00,2045.238,2047.178,2038.617,2043.148,154.4131
2021-04-02 18:00:00,2045.588,2054.027,2043.128,2045.267,182.2127
2021-04-02 19:00:00,2053.068,2056.188,2043.518,2045.588,183.2138
2021-04-02 20:00:00,2053.308,2056.408,2045.947,2053.067,305.2233
2021-04-03 14:00:00,2018.358,2050.748,2010.217,2012.038,195.5113
2021-04-03 15:00:00,2037.717,2051.257,2005.707,2021.517,316.1193
2021-04-03 16:00:00,2057.157,2067.807,2031.358,2037.718,359.4182
2021-04-03 17:00:00,2029.298,2074.128,2019.997,2058.405,483.2234
2021-04-03 18:00:00,2016.407,2036.408,2012.257,2029.297,332.0175
2021-04-03 19:00:00,2050.327,2053.127,2016.407,2016.408,349.7201
2021-04-03 20:00:00,2032.977,2053.018,2024.967,2050.327,442.9251
2021-04-05 13:00:00,2300.007,2323.256,2294.707,2312.397,176.1173
2021-04-05 14:00:00,2284.296,2300.006,2277.826,2300.006,297.0248
2021-04-05 15:00:00,2258.387,2288.677,2256.126,2284.297,319.3239
2021-04-05 16:00:00,2259.266,2270.256,2256.426,2258.397,206.8243
2021-04-05 17:00:00,2279.997,2280.467,2258.376,2259.267,227.7197
2021-04-05 18:00:00,2299.946,2300.667,2278.256,2279.996,253.9247
2021-04-05 19:00:00,2308.306,2310.367,2288.986,2299.946,305.5284
2021-04-06 13:00:00,2379.277,2381.836,2360.637,2367.077,121.8086
2021-04-06 14:00:00,2380.227,2386.577,2378.046,2379.277,167.6122
2021-04-06 15:00:00,2396.326,2396.647,2379.116,2380.226,186.224
2021-04-06 16:00:00,2391.326,2398.897,2387.776,2396.327,102.2105
2021-04-06 17:00:00,2393.786,2394.827,2389.576,2391.326,87.408
2021-04-06 18:00:00,2394.087,2395.277,2392.236,2393.787,142.4112
2021-04-06 19:00:00,2393.026,2398.217,2391.206,2394.236,200.1221
2021-04-08 13:00:00,2700.036,2712.067,2694.996,2705.487,158.1144
2021-04-08 14:00:00,2694.006,2701.047,2689.316,2700.036,230.9272
2021-04-08 15:00:00,2709.066,2709.486,2694.027,2694.027,163.7266
2021-04-08 16:00:00,2702.756,2709.637,2698.996,2709.486,140.9195
2021-04-08 17:00:00,2705.427,2712.526,2702.606,2702.776,165.1239
2021-04-08 18:00:00,2706.806,2711.687,2704.406,2705.606,131.2217
2021-04-08 19:00:00,2700.906,2708.827,2700.906,2706.806,171.5257
2021-04-10 13:00:00,2669.496,2718.627,2665.907,2718.627,179.5405
2021-04-10 14:00:00,2630.396,2671.216,2619.996,2669.497,377.4377
2021-04-10 15:00:00,2647.386,2650.046,2620.996,2630.397,320.6666
2021-04-10 16:00:00,2639.217,2648.986,2633.176,2646.407,296.6288
2021-04-10 17:00:00,2652.827,2659.176,2637.166,2639.217,278.3274
2021-04-10 18:00:00,2664.236,2671.186,2652.826,2652.827,304.9261
2021-04-10 19:00:00,2673.647,2675.477,2655.336,2664.237,458.1494
2021-04-11 13:00:00,2952.936,2959.076,2925.676,2941.996,188.0348
2021-04-11 14:00:00,2989.487,2992.997,2944.066,2952.947,306.1483
2021-04-11 15:00:00,2970.607,2990.427,2955.776,2989.587,251.737
2021-04-11 16:00:00,2965.756,2974.696,2961.156,2970.487,170.5276
2021-04-11 17:00:00,2978.146,2980.187,2959.776,2965.757,213.2246
2021-04-11 18:00:00,2964.986,2981.076,2964.686,2978.286,183.3244
2021-04-11 19:00:00,2964.796,2970.776,2958.996,2964.687,290.5447
2021-05-01 14:00:00,1742.298,1743.608,1716.497,1724.217,25660.0137
2021-05-01 15:00:00,1732.827,1746.39,1730.997,1743.408,27640.0176
2021-05-01 16:00:00,1732.778,1736.307,1728.198,1733.118,17840.0137
2021-05-01 17:00:00,1732.057,1733.848,1727.997,1732.838,20200.0117
2021-05-01 18:00:00,1735.188,1737.548,1731.027,1732.058,10710.0098
2021-05-01 19:00:00,1736.358,1741.697,1735.188,1735.188,15820.0137
2021-05-01 20:00:00,1738.418,1740.907,1731.737,1736.578,26610.0176
2021-05-02 14:00:00,2055.018,2074.127,2049.087,2057.488,213.1147
2021-05-02 15:00:00,2064.718,2068.018,2055.037,2055.037,274.3172
2021-05-02 16:00:00,2064.847,2068.762,2059.368,2064.718,157.0111
2021-05-02 17:00:00,2083.737,2085.637,2063.997,2064.218,182.1132
2021-05-02 18:00:00,2081.797,2095.158,2081.537,2084.357,195.0175
2021-05-02 19:00:00,2079.998,2090.358,2079.147,2081.917,171.111
2021-05-02 20:00:00,2088.467,2090.287,2077.937,2079.997,271.2215
2021-05-03 14:00:00,2062.578,2073.487,2049.997,2056.998,217.2132
2021-05-03 15:00:00,2043.448,2080.377,2040.027,2062.607,384.7235
2021-05-03 16:00:00,2047.017,2054.207,2027.417,2043.448,336.9201
2021-05-03 17:00:00,2074.628,2082.007,2032.347,2047.038,331.5177
2021-05-03 18:00:00,2069.668,2081.208,2057.967,2075.248,306.1224
2021-05-03 19:00:00,2096.037,2097.267,2061.768,2069.957,314.4171
2021-05-03 20:00:00,2095.357,2105.587,2087.217,2096.037,478.4277
2021-05-04 13:00:00,2186.057,2189.798,2141.508,2141.508,217.4137
2021-05-04 14:00:00,2195.297,2198.598,2181.167,2186.657,335.9235
2021-05-04 15:00:00,2206.768,2211.957,2192.677,2195.168,279.2242
2021-05-04 16:00:00,2217.808,2222.638,2204.987,2207.097,242.7175
2021-05-04 17:00:00,2222.728,2228.217,2217.807,2218.377,188.514
2021-05-04 18:00:00,2220.178,2225.707,2217.957,2222.688,183.3101
2021-05-04 19:00:00,2217.437,2224.717,2208.017,2219.818,328.5217
2021-05-05 13:00:00,2316.556,2331.527,2313.376,2325.596,191.2172
2021-05-05 14:00:00,2323.126,2334.246,2309.196,2317.397,275.6276
2021-05-05 15:00:00,2325.987,2326.485,2318.056,2323.187,158.3215
2021-05-05 16:00:00,2320.706,2331.837,2320.706,2325.986,167.4132
2021-05-05 17:00:00,2323.216,2326.987,2316.076,2320.496,161.9166
2021-05-05 18:00:00,2319.767,2324.197,2317.326,2323.227,183.2172
2021-05-05 19:00:00,2315.036,2321.167,2307.576,2319.767,341.9344
2021-05-08 13:00:00,2705.637,2712.617,2695.286,2712.617,91.1094
2021-05-08 14:00:00,2717.456,2719.897,2704.377,2705.637,135.3132
2021-05-08 15:00:00,2715.996,2721.737,2712.996,2717.456,141.7078
2021-05-08 16:00:00,2715.496,2719.357,2712.756,2715.996,121.0125
2021-05-08 17:00:00,2718.237,2720.327,2713.496,2715.497,74.1081
2021-05-08 18:00:00,2719.277,2720.797,2717.307,2718.237,84.8073
2021-05-08 19:00:00,2724.297,2726.346,2718.327,2719.156,163.5154
2021-05-10 13:00:00,2699.367,2705.897,2675.997,2675.997,132.0159
2021-05-10 14:00:00,2717.546,2720.837,2695.336,2697.536,249.726
2021-05-10 15:00:00,2722.967,2726.057,2713.677,2719.327,225.9208
2021-05-10 16:00:00,2739.096,2741.137,2721.776,2722.967,255.1272
2021-05-10 17:00:00,2738.507,2743.787,2731.306,2739.546,226.5268
2021-05-10 18:00:00,2734.747,2743.196,2733.126,2739.457,196.3167
2021-05-10 19:00:00,2719.247,2742.326,2716.526,2734.756,333.3372
2021-05-11 13:00:00,2994.947,2998.607,2974.996,2980.007,187.7219
2021-05-11 14:00:00,2999.007,3006.197,2993.736,2994.947,285.0402
2021-05-11 15:00:00,2993.697,3000.166,2987.366,2999.057,243.6219
2021-05-11 16:00:00,2987.216,2998.807,2985.347,2993.696,221.4228
2021-05-11 17:00:00,2980.007,2989.206,2964.046,2987.236,253.2277
2021-05-11 18:00:00,2981.316,2986.837,2975.966,2979.477,174.4171
2021-05-11 19:00:00,2976.386,2985.767,2970.016,2981.707,279.431
2021-06-01 14:00:00,1709.997,1718.317,1695.997,1698.058,28850.0195
2021-06-01 15:00:00,1731.408,1743.338,1707.317,1710.007,29480.0234
2021-06-01 16:00:00,1724.677,1738.468,1723.727,1731.407,22750.0176
2021-06-01 17:00:00,1722.818,1728.438,1717.997,1725.248,17930.0176
2021-06-01 18:00:00,1727.898,1734.368,1720.417,1722.798,21040.0156
2021-06-01 19:00:00,1719.488,1732.598,1717.997,1727.897,31650.0195
2021-06-01 20:00:00,1722.328,1727.888,1713.667,1719.487,49460.0273
2021-06-04 13:00:00,2214.277,2227.378,2207.688,2207.688,215.612
2021-06-04 14:00:00,2205.638,2218.617,2201.767,2215.017,262.9169
2021-06-04 15:00:00,2217.537,2220.588,2201.437,2205.638,221.1142
2021-06-04 16:00:00,2218.057,2218.977,2213.067,2217.547,188.5124
2021-06-04 17:00:00,2216.417,2218.057,2207.607,2218.057,236.417
2021-06-04 18:00:00,2209.298,2217.408,2204.018,2217.027,247.6122
2021-06-04 19:00:00,2210.047,2215.777,2204.317,2209.298,351.421
2021-06-05 13:00:00,2303.706,2318.356,2301.996,2304.076,181.7174
2021-06-05 14:00:00,2307.406,2313.767,2292.886,2303.717,287.2237
2021-06-05 15:00:00,2323.757,2328.736,2299.996,2308.487,196.5229
2021-06-05 16:00:00,2324.326,2328.896,2315.936,2324.207,191.928
2021-06-05 17:00:00,2311.037,2328.076,2310.687,2324.326,180.9163
2021-06-05 18:00:00,2319.256,2321.027,2310.716,2310.716,167.0166
2021-06-05 19:00:00,2337.206,2337.206,2318.256,2319.256,268.8194
2021-06-07 13:00:00,2514.406,2528.327,2511.056,2511.056,130.214
2021-06-07 14:00:00,2500.586,2524.346,2500.586,2514.406,209.7269
2021-06-07 15:00:00,2503.007,2508.737,2497.996,2500.196,156.5184
2021-06-07 16:00:00,2509.966,2510.117,2491.206,2503.006,152.8222
2021-06-07 17:00:00,2517.587,2518.437,2509.006,2509.967,114.1156
2021-06-07 18:00:00,2515.996,2519.617,2513.646,2517.586,114.3143
2021-06-07 19:00:00,2523.326,2523.897,2514.486,2516.046,166.223
2021-06-08 13:00:00,2718.456,2728.596,2715.296,2718.056,102.9097
2021-06-08 14:00:00,2712.726,2727.317,2709.997,2718.457,154.5113
2021-06-08 15:00:00,2713.487,2715.036,2702.807,2712.726,128.7136
2021-06-08 16:00:00,2716.416,2716.607,2707.396,2714.207,73.0093
2021-06-08 17:00:00,2717.097,2720.747,2712.626,2716.426,71.4091
2021-06-08 18:00:00,2712.096,2719.397,2710.516,2715.387,102.1083
2021-06-08 19:00:00,2713.366,2716.277,2707.656,2712.096,155.2127
2021-06-10 13:00:00,2707.327,2721.697,2690.996,2693.997,126.8189
2021-06-10 14:00:00,2734.547,2744.587,2699.996,2707.326,275.3364
2021-06-10 15:00:00,2733.266,2736.637,2719.997,2734.546,262.6321
2021-06-10 16:00:00,2724.986,2734.46,2720.327,2733.266,222.2211
2021-06-10 17:00:00,2742.997,2745.837,2718.666,2726.036,199.3217
2021-06-10 18:00:00,2742.316,2754.36,2739.996,2743.346,234.2315
2021-06-10 19:00:00,2750.097,2752.107,2738.586,2742.316,266.937
2021-06-12 14:00:00,2816.576,2863.017,2801.996,2863.017,2.338
2021-06-12 15:00:00,2832.227,2846.187,2812.036,2815.876,4.371
2021-06-12 16:00:00,2833.276,2842.737,2826.426,2832.956,2.977
2021-06-12 17:00:00,2859.167,2860.226,2833.126,2834.687,2.509
2021-06-12 18:00:00,2874.236,2875.147,2853.096,2859.187,2.89
2021-06-12 19:00:00,2857.756,2877.357,2857.627,2874.236,2.409
2021-06-12 20:00:00,2862.706,2870.126,2857.086,2857.757,3.594
2021-07-01 14:00:00,1765.607,1766.328,1724.997,1727.798,23880.0176
2021-07-01 15:00:00,1761.407,1771.108,1756.318,1765.607,27890.0215
2021-07-01 16:00:00,1761.628,1766.378,1752.167,1761.788,19970.0156
2021-07-01 17:00:00,1767.658,1768.188,1759.237,1761.667,1511.7108
2021-07-01 18:00:00,1766.478,1773.778,1763.757,1767.797,154.5119
2021-07-01 19:00:00,1760.658,1766.767,1758.538,1766.557,174.6764
2021-07-01 20:00:00,1773.908,1777.907,1759.937,1760.777,329.0164
2021-07-04 13:00:00,2220.377,2228.988,2208.838,2211.408,186.7108
2021-07-04 14:00:00,2230.258,2230.657,2218.707,2220.378,164.911
2021-07-04 15:00:00,2231.467,2237.128,2222.847,2230.258,186.3149
2021-07-04 16:00:00,2229.657,2234.698,2225.878,2231.478,169.8121
2021-07-04 17:00:00,2233.177,2235.458,2228.377,2229.657,201.7116
2021-07-04 18:00:00,2239.107,2243.668,2232.677,2233.497,196.0136
2021-07-04 19:00:00,2237.867,2241.308,2229.567,2239.127,244.8175
2021-07-05 13:00:00,2351.856,2364.317,2345.326,2360.006,217.0172
2021-07-05 14:00:00,2356.906,2363.907,2347.066,2351.857,264.4203
2021-07-05 15:00:00,2368.696,2370.426,2356.346,2356.907,224.516
2021-07-05 16:00:00,2358.377,2368.697,2355.206,2368.697,171.5172
2021-07-05 17:00:00,2352.007,2358.377,2350.106,2358.376,174.2195
2021-07-05 18:00:00,2354.787,2355.186,2346.336,2351.797,161.3158
2021-07-05 19:00:00,2350.867,2360.006,2350.426,2355.046,285.7206
2021-07-06 13:00:00,2389.027,2397.786,2382.007,2385.077,96.3122
2021-07-06 14:00:00,2387.066,2392.787,2381.276,2389.076,157.5154
2021-07-06 15:00:00,2389.067,2390.457,2381.426,2387.527,134.8168
2021-07-06 16:00:00,2397.557,2398.587,2389.506,2389.857,96.0113
2021-07-06 17:00:00,2382.126,2403.237,2380.616,2397.556,114.5151
2021-07-06 18:00:00,2398.836,2399.147,2382.226,2382.227,92.1123
2021-07-06 19:00:00,2402.297,2403.387,2396.956,2398.876,177.619
2021-07-07 13:00:00,2536.467,2543.602,2525.796,2539.996,129.9148
2021-07-07 14:00:00,2532.346,2538.016,2523.006,2536.466,270.1259
2021-07-07 15:00:00,2535.026,2538.486,2525.246,2531.746,157.2193
2021-07-07 16:00:00,2532.616,2536.336,2524.996,2534.156,118.3186
2021-07-07 17:00:00,2526.997,2532.617,2524.996,2532.616,123.3184
2021-07-07 18:00:00,2533.577,2537.127,2526.996,2526.996,123.4204
2021-07-07 19:00:00,2529.466,2535.167,2526.996,2533.617,187.8237
2021-07-09 13:00:00,2884.616,2886.017,2871.996,2876.997,179.1148
2021-07-09 14:00:00,2888.147,2891.736,2879.996,2885.116,452.0379
2021-07-09 15:00:00,2883.597,2888.216,2877.996,2888.146,337.2298
2021-07-09 16:00:00,2884.086,2887.377,2879.006,2882.766,262.4281
2021-07-09 17:00:00,2878.257,2884.816,2876.996,2884.087,242.424
2021-07-09 18:00:00,2883.736,2884.716,2872.996,2878.257,303.6274
2021-07-09 19:00:00,2884.717,2886.146,2879.946,2883.737,367.1364
2021-07-10 13:00:00,2788.697,2794.146,2769.997,2776.006,166.2224
2021-07-10 14:00:00,2795.456,2800.23,2789.996,2791.266,256.8224
2021-07-10 15:00:00,2798.306,2799.317,2791.106,2795.687,185.5151
2021-07-10 16:00:00,2799.446,2799.946,2792.167,2798.316,191.4152
2021-07-10 17:00:00,2791.206,2799.437,2791.206,2799.437,157.5108
2021-07-10 18:00:00,2785.347,2793.916,2785.346,2791.707,183.1267
2021-07-10 19:00:00,2784.086,2792.676,2780.336,2785.347,275.4269
2021-07-12 14:00:00,2921.716,2925.327,2903.346,2904.556,163.3279
2021-07-12 15:00:00,2942.577,2942.797,2918.026,2922.856,276.1357
2021-07-12 16:00:00,2942.936,2949.297,2937.346,2943.057,178.9197
2021-07-12 17:00:00,2939.427,2947.547,2931.266,2942.196,131.7167
2021-07-12 18:00:00,2946.686,2949.547,2933.206,2939.427,147.3302
2021-07-12 19:00:00,2940.027,2949.537,2937.996,2946.707,130.7204
2021-07-12 20:00:00,2945.207,2947.086,2931.166,2940.157,288.1413
2021-08-01 14:00:00,1776.127,1789.187,1769.997,1775.078,304.5092
2021-08-01 15:00:00,1774.167,1778.357,1762.307,1776.518,342.2176
2021-08-01 16:00:00,1772.547,1777.097,1765.758,1774.167,219.1083
2021-08-01 17:00:00,1775.498,1779.738,1770.407,1772.548,215.0106
2021-08-01 18:00:00,1780.257,1781.687,1770.467,1775.547,253.3193
2021-08-01 19:00:00,1788.878,1790.057,1780.117,1780.348,284.8188
2021-08-01 20:00:00,1797.668,1799.187,1785.248,1789.418,381.7221
2021-08-02 14:00:00,2087.087,2113.948,2076.478,2096.977,196.1116
2021-08-02 15:00:00,2082.227,2095.328,2075.177,2087.087,313.5208
2021-08-02 16:00:00,2070.617,2084.908,2063.078,2082.288,238.215
2021-08-02 17:00:00,2072.047,2078.648,2062.947,2071.007,193.8107
2021-08-02 18:00:00,2075.908,2081.028,2069.997,2072.047,147.8105
2021-08-02 19:00:00,2075.248,2078.838,2072.357,2075.898,129.9088
2021-08-02 20:00:00,2082.927,2084.807,2074.097,2075.248,227.9148
2021-08-03 14:00:00,2085.297,2102.428,2072.997,2082.998,263.5157
2021-08-03 15:00:00,2093.058,2112.708,2075.787,2085.298,391.3244
2021-08-03 16:00:00,2070.847,2099.017,2069.997,2093.058,274.6183
2021-08-03 17:00:00,2056.257,2073.067,2054.997,2070.848,236.8174
2021-08-03 18:00:00,2037.507,2064.887,2037.197,2056.237,242.7211
2021-08-03 19:00:00,2026.978,2047.798,2023.887,2037.398,270.8242
2021-08-03 20:00:00,2005.297,2028.067,2004.997,2027.067,385.9239
2021-08-04 13:00:00,2257.317,2269.588,2246.997,2260.658,283.3134
2021-08-04 14:00:00,2248.557,2258.547,2246.128,2257.837,272.8141
2021-08-04 15:00:00,2246.768,2251.858,2242.587,2248.747,214.8127
2021-08-04 16:00:00,2247.418,2251.277,2244.997,2246.767,162.1109
2021-08-04 17:00:00,2245.637,2250.658,2245.057,2247.418,138.3108
2021-08-04 18:00:00,2246.287,2250.858,2243.527,2245.638,158.2105
2021-08-04 19:00:00,2250.188,2252.387,2245.658,2246.288,241.4142
2021-08-06 13:00:00,2407.367,2418.226,2404.036,2413.236,141.5116
2021-08-06 14:00:00,2405.447,2413.356,2401.366,2406.717,175.0149
2021-08-06 15:00:00,2405.636,2408.906,2394.996,2405.757,206.7196
2021-08-06 16:00:00,2409.056,2410.157,2403.936,2405.316,121.7127
2021-08-06 17:00:00,2404.456,2409.467,2403.016,2409.057,127.0133
2021-08-06 18:00:00,2405.396,2406.006,2400.056,2404.457,141.5171
2021-08-06 19:00:00,2397.037,2407.056,2394.206,2405.597,207.4229
2021-08-07 13:00:00,2497.017,2498.646,2479.986,2483.527,158.9169
2021-08-07 14:00:00,2488.367,2499.427,2486.996,2497.016,298.7247
2021-08-07 15:00:00,2502.906,2505.777,2486.997,2488.366,197.8305
2021-08-07 16:00:00,2503.627,2507.817,2498.246,2502.907,154.0241
2021-08-07 17:00:00,2505.797,2511.677,2501.856,2503.767,134.5211
2021-08-07 18:00:00,2500.946,2506.257,2497.906,2505.816,138.4203
2021-08-07 19:00:00,2499.596,2504.047,2493.996,2500.636,226.9297
2021-08-09 13:00:00,2876.417,2882.686,2871.206,2879.997,196.9228
2021-08-09 14:00:00,2865.476,2887.497,2864.206,2876.416,485.9397
2021-08-09 15:00:00,2861.956,2869.617,2859.996,2865.476,383.1338
2021-08-09 16:00:00,2866.277,2870.217,2858.997,2861.957,358.7345
2021-08-09 17:00:00,2866.067,2869.526,2864.996,2866.277,308.9313
2021-08-09 18:00:00,2870.536,2872.036,2866.067,2866.617,330.1316
2021-08-09 19:00:00,2873.036,2874.437,2868.646,2870.536,341.6329
2021-08-10 13:00:00,2792.136,2805.427,2789.076,2791.097,154.6125
2021-08-10 14:00:00,2789.996,2799.586,2783.926,2792.136,199.3221
2021-08-10 15:00:00,2793.306,2795.876,2787.286,2789.996,202.0216
2021-08-10 16:00:00,2792.437,2796.727,2789.736,2793.007,174.0222
2021-08-10 17:00:00,2791.767,2794.977,2784.996,2792.396,181.6208
2021-08-10 18:00:00,2801.007,2803.326,2790.446,2791.416,174.424
2021-08-10 19:00:00,2796.106,2803.466,2786.176,2801.846,280.3372
2021-08-11 14:00:00,2996.007,3011.407,2977.046,2993.046,178.7292
2021-08-11 15:00:00,2981.007,3003.607,2971.806,2996.007,258.8396
2021-08-11 16:00:00,2984.936,2994.037,2975.997,2981.316,145.318
2021-08-11 17:00:00,2984.106,2988.157,2980.056,2985.407,127.2122
2021-08-11 18:00:00,2981.446,2989.637,2981.056,2984.107,111.3117
2021-08-11 19:00:00,2984.936,2988.147,2980.356,2981.446,95.2147
2021-08-11 20:00:00,2980.307,2987.516,2967.896,2984.946,207.6291
2021-08-12 14:00:00,2947.486,2962.947,2937.337,2951.036,161.018
2021-08-12 15:00:00,2931.107,2951.397,2930.416,2947.487,226.6324
2021-08-12 16:00:00,2937.606,2944.607,2928.316,2931.766,157.0315
2021-08-12 17:00:00,2944.686,2947.456,2935.277,2937.636,127.7221
2021-08-12 18:00:00,2945.106,2950.345,2939.727,2944.687,119.8241
2021-08-12 19:00:00,2948.237,2952.907,2936.626,2945.116,175.8247
2021-08-12 20:00:00,2963.187,2966.307,2945.416,2948.117,268.7298
2021-09-02 14:00:00,2095.697,2097.578,2070.258,2070.258,150.4137
2021-09-02 15:00:00,2088.017,2096.068,2085.257,2095.697,183.013
2021-09-02 16:00:00,2083.938,2088.137,2082.457,2088.058,28.7021
2021-09-02 17:00:00,2086.887,2090.787,2081.758,2083.678,167.0134
2021-09-02 18:00:00,2075.598,2088.128,2075.327,2086.728,155.2118
2021-09-02 19:00:00,2080.538,2082.198,2075.597,2075.597,139.8092
2021-09-02 20:00:00,2073.738,2087.368,2069.617,2080.597,255.5121
2021-09-03 14:00:00,2056.228,2062.858,2038.637,2049.567,212.4137
2021-09-03 15:00:00,2050.058,2063.097,2048.077,2057.407,230.9183
2021-09-03 16:00:00,2051.928,2057.907,2044.368,2050.057,174.4104
2021-09-03 17:00:00,2053.777,2058.868,2050.697,2051.927,199.9118
2021-09-03 18:00:00,2054.567,2060.028,2049.997,2053.967,199.2123
2021-09-03 19:00:00,2048.618,2057.368,2046.707,2054.588,158.3125
2021-09-03 20:00:00,2038.737,2056.548,2035.447,2048.647,320.3182
2021-09-04 13:00:00,2250.127,2253.797,2237.058,2240.998,169.512
2021-09-04 14:00:00,2246.397,2257.427,2242.717,2250.157,224.4145
2021-09-04 15:00:00,2255.458,2256.568,2245.578,2246.417,159.01
2021-09-04 16:00:00,2262.548,2262.548,2254.418,2255.458,156.6101
2021-09-04 17:00:00,2258.997,2265.507,2258.007,2262.547,152.0087
2021-09-04 18:00:00,2257.657,2263.282,2255.968,2259.267,134.0098
2021-09-04 19:00:00,2269.338,2273.578,2256.168,2257.657,287.6181
2021-09-06 13:00:00,2404.127,2412.366,2396.536,2411.537,104.2129
2021-09-06 14:00:00,2403.147,2407.197,2396.666,2404.907,146.4137
2021-09-06 15:00:00,2401.556,2406.387,2399.586,2402.617,111.609
2021-09-06 16:00:00,2406.307,2408.207,2401.556,2401.557,80.4109
2021-09-06 17:00:00,2407.906,2411.946,2406.307,2406.307,98.1124
2021-09-06 18:00:00,2406.496,2408.816,2403.576,2408.097,114.012
2021-09-06 19:00:00,2407.946,2409.586,2402.996,2406.497,226.319
2021-09-07 13:00:00,2494.606,2507.076,2491.316,2499.996,105.4138
2021-09-07 14:00:00,2505.936,2507.546,2492.496,2495.336,159.1163
2021-09-07 15:00:00,2506.097,2508.167,2500.566,2506.317,139.0179
2021-09-07 16:00:00,2511.207,2512.547,2506.097,2506.606,90.4179
2021-09-07 17:00:00,2508.917,2511.357,2505.956,2511.206,93.5141
2021-09-07 18:00:00,2509.747,2511.067,2506.996,2508.996,109.5123
2021-09-07 19:00:00,2508.597,2513.946,2508.326,2510.337,156.9227
2021-09-08 13:00:00,2715.996,2720.326,2705.396,2719.007,95.3109
2021-09-08 14:00:00,2713.846,2719.717,2709.996,2715.996,127.7091
2021-09-08 15:00:00,2719.486,2723.746,2712.906,2714.076,95.6063
2021-09-08 16:00:00,2719.266,2722.857,2718.136,2719.486,99.1081
2021-09-08 17:00:00,2729.987,2732.166,2718.826,2719.416,97.7073
2021-09-08 18:00:00,2742.367,2743.326,2729.246,2729.987,160.8129
2021-09-08 19:00:00,2737.166,2743.017,2735.497,2742.367,177.5177
2021-09-09 13:00:00,2878.207,2882.627,2864.996,2874.996,183.8178
2021-09-09 14:00:00,2881.006,2885.917,2874.996,2878.227,346.0361
2021-09-09 15:00:00,2878.397,2883.656,2873.466,2881.206,283.1326
2021-09-09 16:00:00,2871.117,2879.647,2871.026,2878.396,278.6306
2021-09-09 17:00:00,2870.007,2875.006,2862.556,2871.877,349.5377
2021-09-09 18:00:00,2877.947,2879.277,2867.266,2870.977,303.638
2021-09-09 19:00:00,2869.737,2880.087,2866.606,2878.257,375.7424
2021-09-11 14:00:00,2965.446,2995.947,2960.686,2986.717,174.2205
2021-09-11 15:00:00,2963.586,2970.316,2942.226,2966.176,250.6349
2021-09-11 16:00:00,2964.536,2968.997,2956.086,2963.947,185.5258
2021-09-11 17:00:00,2969.997,2975.306,2960.116,2964.237,190.1255
2021-09-11 18:00:00,2961.426,2973.816,2959.116,2969.656,193.121
2021-09-11 19:00:00,2965.557,2968.636,2958.697,2961.657,163.2267
2021-09-11 20:00:00,2977.697,2981.91,2961.996,2965.557,240.9351
2021-09-12 14:00:00,2955.237,2974.626,2942.296,2949.997,138.6203
2021-09-12 15:00:00,2953.766,2966.027,2942.037,2955.236,232.9289
2021-09-12 16:00:00,2970.856,2972.766,2952.536,2953.767,211.2185
2021-09-12 17:00:00,2975.997,2980.737,2966.506,2971.366,186.3234
2021-09-12 18:00:00,2963.267,2975.997,2952.506,2975.997,153.2236
2021-09-12 19:00:00,2954.256,2970.147,2949.996,2963.266,177.6221
2021-09-12 20:00:00,2952.077,2963.827,2943.786,2954.536,286.4347
2021-10-02 14:00:00,2087.647,2097.748,2081.917,2084.997,206.9074
2021-10-02 15:00:00,2069.418,2094.837,2051.007,2087.648,371.9243
2021-10-02 16:00:00,2074.658,2079.858,2063.967,2069.418,213.4154
2021-10-02 17:00:00,2076.518,2078.967,2067.408,2074.658,171.914
2021-10-02 18:00:00,2083.047,2084.668,2074.997,2076.518,122.1085
2021-10-02 19:00:00,2086.737,2089.748,2077.668,2083.047,194.0126
2021-10-02 20:00:00,2085.837,2090.738,2080.717,2086.748,257.4159
2021-10-03 14:00:00,2044.017,2060.507,2043.847,2060.158,194.3135
2021-10-03 15:00:00,2025.737,2053.338,2018.997,2044.018,353.7228
2021-10-03 16:00:00,2035.587,2039.488,2020.997,2025.997,282.418
2021-10-03 17:00:00,2038.048,2044.178,2032.007,2036.108,225.6176
2021-10-03 18:00:00,2034.007,2043.648,2026.588,2038.767,309.4185
2021-10-03 19:00:00,2046.568,2050.977,2032.507,2033.887,188.4145
2021-10-03 20:00:00,2035.777,2051.648,2033.217,2046.647,275.4161
2021-10-05 13:00:00,2300.097,2330.537,2299.996,2326.996,194.612
2021-10-05 14:00:00,2289.167,2304.556,2284.996,2300.097,299.5276
2021-10-05 15:00:00,2305.867,2306.377,2284.177,2289.177,180.0192
2021-10-05 16:00:00,2312.476,2315.696,2304.436,2305.866,132.5138
2021-10-05 17:00:00,2305.397,2314.086,2302.266,2312.477,195.0152
2021-10-05 18:00:00,2291.007,2305.397,2287.216,2305.397,213.222
2021-10-05 19:00:00,2291.447,2302.237,2288.047,2291.007,323.1273
2021-10-06 13:00:00,2426.256,2432.837,2404.006,2405.466,146.91
2021-10-06 14:00:00,2414.086,2429.657,2405.996,2426.866,207.2205
2021-10-06 15:00:00,2424.307,2424.807,2411.596,2414.087,139.5189
2021-10-06 16:00:00,2425.106,2430.647,2422.726,2423.737,171.4161
2021-10-06 17:00:00,2429.207,2430.505,2417.076,2425.126,135.7151
2021-10-06 18:00:00,2430.997,2431.207,2425.846,2429.557,116.6105
2021-10-06 19:00:00,2433.957,2436.087,2427.936,2430.997,224.5189
2021-10-08 13:00:00,2751.196,2752.917,2741.997,2746.826,123.7093
2021-10-08 14:00:00,2735.386,2754.546,2727.996,2749.356,181.4198
2021-10-08 15:00:00,2735.657,2737.926,2726.996,2736.307,133.9196
2021-10-08 16:00:00,2740.506,2744.767,2733.937,2735.657,109.6141
2021-10-08 17:00:00,2744.327,2745.357,2740.406,2741.116,93.7075
2021-10-08 18:00:00,2739.367,2745.346,2735.837,2744.327,103.5095
2021-10-08 19:00:00,2735.466,2740.296,2728.996,2739.367,179.7146
2021-10-09 13:00:00,2889.107,2890.686,2881.107,2883.497,106.8143
2021-10-09 14:00:00,2887.156,2893.77,2881.107,2890.466,213.5229
2021-10-09 15:00:00,2840.606,2888.876,2832.156,2887.156,268.4336
2021-10-09 16:00:00,2839.146,2853.146,2838.527,2840.606,183.0228
2021-10-09 17:00:00,2834.746,2845.727,2834.136,2839.147,174.5172
2021-10-09 18:00:00,2830.206,2835.237,2820.176,2835.237,201.8256
2021-10-09 19:00:00,2816.466,2830.457,2812.497,2830.206,316.3348
2021-10-11 14:00:00,2938.196,2962.937,2917.517,2949.996,198.2276
2021-10-11 15:00:00,2935.907,2956.687,2930.996,2938.197,241.7343
2021-10-11 16:00:00,2944.457,2948.687,2935.376,2936.566,201.2213
2021-10-11 17:00:00,2940.507,2947.497,2935.407,2944.757,149.7195
2021-10-11 18:00:00,2921.596,2942.897,2918.557,2941.136,265.6297
2021-10-11 19:00:00,2904.007,2924.206,2891.076,2921.597,307.038
2021-10-11 20:00:00,2917.726,2924.747,2903.936,2904.196,315.8412
2021-10-12 14:00:00,2965.147,2979.356,2955.996,2972.946,129.2203
2021-10-12 15:00:00,2947.937,2971.767,2940.287,2966.546,243.7386
2021-10-12 16:00:00,2948.737,2954.886,2933.326,2947.936,252.4379
2021-10-12 17:00:00,2948.136,2957.666,2945.176,2950.972,152.0166
2021-10-12 18:00:00,2957.647,2964.537,2948.136,2948.136,153.0181
2021-10-12 19:00:00,2949.387,2958.536,2948.956,2957.647,170.8187
2021-10-12 20:00:00,2959.587,2961.717,2946.237,2949.386,230.9202
2021-11-01 14:00:00,1776.677,1783.868,1762.457,1774.647,249.714
2021-11-01 15:00:00,1768.898,1783.757,1766.627,1776.677,283.2191
2021-11-01 16:00:00,1772.388,1772.648,1763.997,1768.497,199.515
2021-11-01 17:00:00,1775.717,1777.767,1768.877,1772.787,159.0113
2021-11-01 18:00:00,1766.427,1776.877,1765.897,1776.107,143.3114
2021-11-01 19:00:00,1761.767,1766.428,1756.127,1766.428,201.0139
2021-11-01 20:00:00,1756.277,1763.727,1751.887,1762.257,432.0314
2021-11-02 14:00:00,2071.447,2092.447,2069.997,2089.998,140.0073
2021-11-02 15:00:00,2074.538,2079.638,2068.597,2072.587,229.2128
2021-11-02 16:00:00,2080.587,2086.237,2071.527,2074.477,150.8093
2021-11-02 17:00:00,2077.997,2084.508,2069.297,2081.017,206.8142
2021-11-02 18:00:00,2079.607,2083.637,2076.167,2077.997,120.1078
2021-11-02 19:00:00,2079.087,2080.008,2070.587,2079.608,160.1118
2021-11-02 20:00:00,2087.737,2090.547,2078.097,2078.968,289.9157
2021-11-03 14:00:00,2072.098,2076.008,2054.107,2057.788,174.2148
2021-11-03 15:00:00,2085.357,2085.747,2066.428,2073.378,242.2169
2021-11-03 16:00:00,2094.508,2095.577,2081.517,2085.838,214.6135
2021-11-03 17:00:00,2098.128,2102.568,2091.477,2094.908,183.409
2021-11-03 18:00:00,2103.897,2107.087,2095.757,2098.127,212.612
2021-11-03 19:00:00,2101.107,2110.757,2100.378,2104.657,226.1125
2021-11-03 20:00:00,2100.007,2109.127,2096.837,2101.098,259.6163
2021-11-05 13:00:00,2268.137,2269.657,2233.526,2242.646,223.5202
2021-11-05 14:00:00,2258.736,2271.066,2240.856,2268.137,407.0377
2021-11-05 15:00:00,2270.837,2278.096,2243.717,2257.546,316.2274
2021-11-05 16:00:00,2261.926,2279.276,2258.046,2271.446,245.7345
2021-11-05 17:00:00,2269.546,2279.507,2260.886,2261.796,199.3242
2021-11-05 18:00:00,2270.476,2280.096,2264.996,2269.556,232.926
2021-11-05 19:00:00,2269.296,2276.277,2261.677,2270.477,327.8338
2021-11-06 13:00:00,2428.007,2440.007,2423.207,2438.686,129.9126
2021-11-06 14:00:00,2421.867,2433.376,2419.886,2428.007,206.9163
2021-11-06 15:00:00,2428.416,2430.047,2420.417,2421.866,111.0117
2021-11-06 16:00:00,2425.876,2431.537,2425.306,2428.417,110.4104
2021-11-06 17:00:00,2419.046,2425.657,2418.606,2425.586,112.3103
2021-11-06 18:00:00,2426.317,2428.257,2418.697,2418.697,84.6098
2021-11-06 19:00:00,2429.086,2431.247,2423.016,2426.317,165.5167
2021-11-08 13:00:00,2733.076,2752.476,2732.996,2740.997,121.3062
2021-11-08 14:00:00,2733.197,2740.536,2731.056,2732.996,144.3113
2021-11-08 15:00:00,2727.587,2734.487,2727.006,2733.197,182.6123
2021-11-08 16:00:00,2737.016,2737.457,2724.996,2727.587,145.8149
2021-11-08 17:00:00,2728.947,2740.386,2727.216,2737.467,155.2154
2021-11-08 18:00:00,2729.177,2734.437,2727.506,2728.946,158.0125
2021-11-08 19:00:00,2725.006,2733.197,2725.006,2729.727,167.6208
2021-11-10 13:00:00,2801.526,2806.647,2780.996,2787.466,108.8212
2021-11-10 14:00:00,2806.647,2811.956,2801.046,2802.256,177.4245
2021-11-10 15:00:00,2804.876,2813.626,2802.466,2806.647,161.9198
2021-11-10 16:00:00,2802.627,2806.067,2797.706,2804.887,136.3188
2021-11-10 17:00:00,2791.667,2803.477,2787.296,2803.386,140.5199
2021-11-10 18:00:00,2796.277,2801.536,2789.386,2791.666,139.0194
2021-11-10 19:00:00,2776.996,2799.146,2776.996,2796.057,206.2246
2021-11-11 14:00:00,2943.627,2950.07,2926.077,2926.077,168.8276
2021-11-11 15:00:00,2938.816,2945.267,2925.987,2944.397,251.3409
2021-11-11 16:00:00,2936.577,2943.027,2931.606,2938.817,123.4182
2021-11-11 17:00:00,2927.397,2936.747,2926.356,2936.576,142.4181
2021-11-11 18:00:00,2924.676,2927.237,2920.156,2927.156,140.8179
2021-11-11 19:00:00,2919.946,2926.877,2918.626,2923.786,166.9277
2021-11-11 20:00:00,2914.057,2921.417,2910.116,2919.346,213.7295
2021-12-01 14:00:00,1744.877,1766.948,1740.627,1742.798,211.6109
2021-12-01 15:00:00,1746.258,1751.388,1740.847,1744.987,282.1139
2021-12-01 16:00:00,1734.237,1749.458,1730.187,1746.257,216.9122
2021-12-01 17:00:00,1729.417,1734.928,1716.097,1734.238,293.9172
2021-12-01 18:00:00,1738.047,1743.217,1727.997,1729.418,192.6119
2021-12-01 19:00:00,1733.828,1741.868,1730.667,1738.778,223.9122
2021-12-01 20:00:00,1737.898,1740.977,1731.207,1734.148,274.1186
2021-12-02 14:00:00,2088.957,2089.607,2073.278,2078.558,193.7148
2021-12-02 15:00:00,2085.637,2095.498,2081.497,2088.967,198.5103
2021-12-02 16:00:00,2085.348,2087.357,2080.077,2085.908,159.7104
2021-12-02 17:00:00,2086.808,2088.247,2082.007,2085.348,138.6092
2021-12-02 18:00:00,2086.498,2090.267,2082.677,2086.808,135.3078
2021-12-02 19:00:00,2092.918,2094.518,2083.357,2086.547,145.8135
2021-12-02 20:00:00,2095.018,2098.897,2089.198,2092.967,204.9111
2021-12-03 14:00:00,2061.457,2076.518,2052.557,2073.808,347.8102
2021-12-03 15:00:00,2034.747,2062.227,2032.428,2061.687,419.5233
2021-12-03 16:00:00,2048.048,2051.837,2031.398,2034.748,330.9189
2021-12-03 17:00:00,2050.008,2059.677,2045.198,2048.047,270.1139
2021-12-03 18:00:00,2041.568,2052.478,2041.497,2049.597,183.3131
2021-12-03 19:00:00,2045.218,2048.428,2037.997,2041.597,276.2196
2021-12-03 20:00:00,2049.968,2055.548,2040.757,2045.217,346.7242
2021-12-04 13:00:00,2250.488,2256.157,2236.497,2253.197,192.212
2021-12-04 14:00:00,2250.578,2255.547,2247.368,2250.488,241.4186
2021-12-04 15:00:00,2243.357,2252.338,2235.437,2250.898,186.4137
2021-12-04 16:00:00,2241.997,2247.178,2238.908,2243.358,147.6127
2021-12-04 17:00:00,2232.267,2243.347,2231.097,2241.997,162.8112
2021-12-04 18:00:00,2232.498,2238.928,2231.737,2232.257,196.6158
2021-12-04 19:00:00,2244.528,2245.478,2227.018,2232.498,273.1214
2021-12-05 13:00:00,2236.207,2246.856,2221.946,2228.857,247.0261
2021-12-05 14:00:00,2208.246,2238.997,2205.336,2236.172,352.232
2021-12-05 15:00:00,2203.187,2215.717,2201.356,2207.727,339.3221
2021-12-05 16:00:00,2206.196,2212.076,2201.496,2203.166,272.924
2021-12-05 17:00:00,2202.837,2211.547,2201.496,2206.197,222.7236
2021-12-05 18:00:00,2208.057,2212.666,2197.587,2202.837,237.7243
2021-12-05 19:00:00,2199.056,2210.196,2192.987,2208.017,483.9492
2021-12-07 13:00:00,2516.287,2522.007,2510.996,2521.997,107.311
2021-12-07 14:00:00,2529.996,2532.436,2511.407,2516.286,183.0175
2021-12-07 15:00:00,2527.776,2533.617,2525.686,2529.997,154.3118
2021-12-07 16:00:00,2528.316,2529.187,2522.996,2527.776,88.0123
2021-12-07 17:00:00,2527.406,2531.487,2526.346,2528.306,99.9141
2021-12-07 18:00:00,2531.706,2533.687,2524.996,2527.406,136.2172
2021-12-07 19:00:00,2537.956,2541.127,2531.426,2531.706,187.8292
2021-12-08 13:00:00,2716.617,2723.507,2707.066,2720.446,97.8108
2021-12-08 14:00:00,2733.696,2736.676,2711.806,2717.187,145.4157
2021-12-08 15:00:00,2733.837,2736.346,2725.216,2733.596,98.9122
2021-12-08 16:00:00,2737.687,2741.727,2732.106,2733.867,113.111
2021-12-08 17:00:00,2735.686,2739.056,2733.276,2737.576,88.6088
2021-12-08 18:00:00,2740.376,2742.196,2735.196,2735.687,102.3094
2021-12-08 19:00:00,2742.226,2745.357,2736.996,2741.166,147.3129
2021-12-10 13:00:00,2728.396,2788.946,2726.836,2788.217,162.6192
2021-12-10 14:00:00,2725.006,2740.127,2721.996,2727.296,219.4341
2021-12-10 15:00:00,2740.166,2741.786,2725.016,2725.016,177.5267
2021-12-10 16:00:00,2725.056,2746.697,2723.187,2739.497,151.1268
2021-12-10 17:00:00,2720.346,2729.756,2714.996,2725.097,158.7303
2021-12-10 18:00:00,2722.977,2733.616,2719.856,2720.347,169.5276
2021-12-10 19:00:00,2727.597,2733.827,2718.697,2722.977,226.8326
2021-12-11 14:00:00,2922.597,2936.436,2908.416,2931.476,136.5155
2021-12-11 15:00:00,2937.556,2942.827,2921.726,2922.597,237.0307
2021-12-11 16:00:00,2956.667,2958.336,2937.496,2937.597,216.4332
2021-12-11 17:00:00,2962.766,2975.457,2955.516,2956.667,152.0226
2021-12-11 18:00:00,2970.567,2970.867,2959.296,2962.916,141.6154
2021-12-11 19:00:00,2966.956,2971.527,2962.356,2970.577,101.5126
2021-12-11 20:00:00,2973.736,2976.257,2966.626,2966.956,189.1297
2022-01-02 14:00:00,2725.666,2754.437,2716.006,2749.896,550.0126
2022-01-02 15:00:00,2698.016,2727.007,2685.396,2725.666,862.2798
2022-01-02 16:00:00,2728.997,2731.726,2697.176,2697.176,809.1136
2022-01-02 17:00:00,2740.006,2740.387,2719.996,2728.996,857.9678
2022-01-02 18:00:00,2736.297,2743.457,2732.147,2740.007,616.136
2022-01-02 19:00:00,2726.566,2740.047,2723.466,2736.296,729.4423
2022-01-02 20:00:00,2749.836,2754.306,2725.256,2726.556,923.6225
2022-01-03 14:00:00,2713.537,2720.476,2684.416,2697.996,509.1746
2022-01-03 15:00:00,2700.416,2723.336,2697.386,2713.947,979.3413
2022-01-03 16:00:00,2688.897,2715.436,2687.376,2700.427,1035.8656
2022-01-03 17:00:00,2696.986,2699.327,2679.996,2688.887,678.1464
2022-01-03 18:00:00,2672.506,2700.356,2666.406,2696.987,1057.2327
2022-01-03 19:00:00,2675.176,2687.627,2666.576,2672.506,920.7899
2022-01-03 20:00:00,2683.187,2690.977,2663.476,2675.207,915.8702
2022-01-04 13:00:00,2774.027,2800.947,2765.997,2787.777,476.4141
2022-01-04 14:00:00,2803.477,2804.497,2768.586,2774.017,711.7257
2022-01-04 15:00:00,2783.456,2808.286,2779.997,2803.466,580.3569
2022-01-04 16:00:00,2791.036,2794.427,2779.506,2783.457,443.7852
2022-01-04 17:00:00,2792.516,2800.857,2786.216,2790.877,560.9082
2022-01-04 18:00:00,2796.847,2805.867,2790.616,2792.517,595.2324
2022-01-04 19:00:00,2802.316,2804.586,2776.416,2796.846,645.877
2022-01-06 13:00:00,2334.496,2340.756,2293.856,2294.716,401.4164
2022-01-06 14:00:00,2297.036,2333.097,2283.576,2329.856,858.2646
2022-01-06 15:00:00,2282.707,2297.037,2280.196,2297.037,942.9868
2022-01-06 16:00:00,2271.467,2283.177,2264.417,2283.077,939.8709
2022-01-06 17:00:00,2280.666,2283.476,2268.857,2272.316,729.8701
2022-01-06 18:00:00,2289.857,2299.566,2278.536,2280.657,608.7831
2022-01-06 19:00:00,2276.527,2296.486,2274.997,2289.866,594.6213
2022-01-07 13:00:00,2169.996,2181.357,2140.486,2156.886,284.91
2022-01-07 14:00:00,2139.486,2184.237,2132.546,2169.997,540.99
2022-01-07 15:00:00,2147.867,2155.736,2134.996,2139.487,383.4
2022-01-07 16:00:00,2137.017,2152.596,2135.996,2147.867,262.47
2022-01-07 17:00:00,2149.527,2151.446,2135.996,2137.016,296.13
2022-01-07 18:00:00,2158.107,2161.567,2146.387,2149.526,348.96
2022-01-07 19:00:00,2171.987,2175.957,2152.106,2158.106,468.57
2022-01-08 13:00:00,116.166,116.597,114.386,115.296,895.6474
2022-01-08 14:00:00,116.497,116.627,115.226,116.157,1239.2445
2022-01-08 15:00:00,116.117,116.706,115.816,116.507,848.1235
2022-01-08 16:00:00,115.186,116.197,114.936,116.116,721.491
2022-01-08 17:00:00,114.716,115.267,114.316,115.186,787.2075
2022-01-08 18:00:00,115.326,115.447,114.476,114.716,744.2287
2022-01-08 19:00:00,114.837,115.437,114.656,115.357,973.7132
2022-01-09 13:00:00,109.186,110.427,108.216,108.217,10.119600000000002
2022-01-09 14:00:00,107.807,109.377,107.806,109.177,17.455200000000005
2022-01-09 15:00:00,107.587,108.217,107.357,107.806,15.735600000000002
2022-01-09 16:00:00,107.727,108.006,107.496,107.587,13.372800000000003
2022-01-09 17:00:00,108.037,108.596,107.676,107.736,12.3024
2022-01-09 18:00:00,108.806,109.187,107.936,108.057,14.671200000000002
2022-01-09 19:00:00,109.726,109.877,108.727,108.806,16.250399999999996
2022-01-11 13:00:00,94.207,96.016,93.926,95.497,12.1068
2022-01-11 14:00:00,92.387,94.267,92.296,94.216,22.1952
2022-01-11 15:00:00,92.126,92.597,91.906,92.367,15.9408
2022-01-11 16:00:00,91.797,92.577,91.556,92.117,13.8276
2022-01-11 17:00:00,91.896,92.016,91.626,91.827,9.8964
2022-01-11 18:00:00,91.327,91.947,90.996,91.897,6.7272
2022-01-11 19:00:00,90.447,91.357,90.366,91.307,6.3591
2022-01-12 14:00:00,101.857,102.227,100.576,100.977,8.388e-06
2022-01-12 16:00:00,101.116,101.556,100.696,101.496,1.59467999999e-05
2022-01-12 18:00:00,101.126,101.497,100.786,101.307,1.10999999999e-05
2022-01-12 20:00:00,100.966,101.497,100.896,101.296,8.1708e-06
2022-02-02 14:00:00,2968.206,3027.847,2958.017,3023.517,670.6512
2022-02-02 15:00:00,2934.437,2982.816,2910.506,2968.207,1240.312
2022-02-02 16:00:00,2965.606,2967.617,2910.996,2934.427,1293.4735
2022-02-02 17:00:00,3001.367,3002.207,2961.256,2966.046,969.2231
2022-02-02 18:00:00,2977.496,3002.506,2968.556,3001.366,846.0793
2022-02-02 19:00:00,2978.537,2984.937,2963.757,2977.496,839.1303
2022-02-02 20:00:00,2958.717,2986.736,2953.996,2978.536,996.22
2022-02-03 14:00:00,2678.656,2693.677,2666.157,2687.126,577.9382
2022-02-03 15:00:00,2677.347,2688.957,2659.997,2678.667,1064.7913
2022-02-03 16:00:00,2689.826,2704.676,2671.096,2676.587,1032.2733
2022-02-03 17:00:00,2685.276,2691.077,2677.996,2689.827,647.5478
2022-02-03 18:00:00,2689.447,2702.057,2686.306,2686.996,592.4671
2022-02-03 19:00:00,2690.216,2698.947,2685.726,2689.646,648.9882
2022-02-03 20:00:00,2690.186,2702.016,2689.166,2690.226,810.5132
2022-02-05 13:00:00,2298.997,2302.767,2250.996,2265.277,146.0513
2022-02-05 14:00:00,2291.106,2321.627,2271.176,2295.996,511.4764
2022-02-05 15:00:00,2306.367,2314.327,2286.177,2291.106,552.3996
2022-02-05 16:00:00,2281.317,2311.826,2280.496,2307.206,422.7878
2022-02-05 17:00:00,2283.736,2291.207,2272.996,2281.316,391.5844
2022-02-05 18:00:00,2280.897,2296.266,2273.586,2283.726,481.1143
2022-02-05 19:00:00,2330.757,2333.687,2280.746,2280.917,705.8912
2022-02-06 13:00:00,2278.277,2282.016,2258.157,2274.536,344.6522
2022-02-06 14:00:00,2300.386,2304.306,2276.137,2278.326,777.3804
2022-02-06 15:00:00,2311.986,2318.186,2298.406,2300.837,597.1359
2022-02-06 16:00:00,2338.957,2355.537,2310.756,2312.257,608.5386
2022-02-06 17:00:00,2350.437,2352.947,2336.307,2339.576,534.6148
2022-02-06 18:00:00,2344.257,2354.897,2343.996,2350.656,542.6588
2022-02-06 19:00:00,2350.017,2356.147,2339.116,2344.257,629.3
2022-02-08 13:00:00,114.396,115.117,113.737,113.866,800.5135
2022-02-08 14:00:00,115.067,115.317,113.706,114.397,910.0406
2022-02-08 15:00:00,115.187,115.317,114.396,115.067,558.3043
2022-02-08 16:00:00,116.217,116.337,115.086,115.197,413.8264
2022-02-08 17:00:00,114.907,116.306,114.607,116.216,565.6872
2022-02-08 18:00:00,115.206,115.496,114.676,114.877,566.2321
2022-02-08 19:00:00,115.106,115.586,114.986,115.196,629.5482
2022-02-09 13:00:00,109.337,110.577,109.306,110.337,9.636
2022-02-09 14:00:00,110.246,110.677,109.027,109.346,16.575599999999994
2022-02-09 15:00:00,110.566,110.726,110.157,110.267,12.967200000000002
2022-02-09 16:00:00,109.086,110.636,108.666,110.576,15.990000000000002
2022-02-09 17:00:00,107.586,109.107,107.576,109.107,17.161199999999997
2022-02-09 18:00:00,107.767,108.217,107.496,107.576,17.120400000000004
2022-02-09 19:00:00,107.657,108.237,107.256,107.767,15.256799999999997
2022-02-11 13:00:00,90.017,91.047,90.016,90.886,8.9379
2022-02-11 14:00:00,89.696,90.306,89.656,90.007,9.9963
2022-02-11 15:00:00,89.276,89.737,89.027,89.706,10.9476
2022-02-11 16:00:00,89.407,89.497,89.046,89.267,8.5656
2022-02-11 17:00:00,89.666,89.897,89.146,89.417,5.8932
2022-02-11 18:00:00,88.976,91.166,88.516,89.647,37.0356
2022-02-11 19:00:00,86.886,89.537,86.866,88.966,25.2936
2022-02-12 14:00:00,99.516,100.067,98.866,98.886,13.562399999999998
2022-02-12 15:00:00,99.496,100.227,99.147,99.507,16.0956
2022-02-12 16:00:00,99.877,100.137,99.206,99.487,12.561600000000004
2022-02-12 17:00:00,100.026,100.236,99.706,99.867,8.007599999999998
2022-02-12 18:00:00,99.786,100.087,99.676,100.037,6.2544
2022-02-12 19:00:00,100.286,100.327,99.646,99.786,5.353199999999998
2022-02-12 20:00:00,100.416,100.757,100.047,100.286,9.4776
2022-03-01 14:00:00,2884.876,2915.656,2884.876,2899.187,273.0294
2022-03-01 15:00:00,2902.577,2908.977,2873.547,2884.886,859.5915
2022-03-01 16:00:00,2892.557,2903.695,2890.007,2902.567,578.1569
2022-03-01 17:00:00,2908.167,2908.546,2888.997,2892.557,372.145
2022-03-01 18:00:00,2907.946,2911.896,2902.626,2908.677,342.7423
2022-03-01 19:00:00,2900.266,2909.367,2896.196,2907.946,326.4478
2022-03-01 20:00:00,2898.837,2905.537,2889.476,2900.256,458.3588
2022-03-02 14:00:00,2950.357,2973.497,2906.047,2912.516,443.0989
2022-03-02 15:00:00,2950.207,2992.267,2947.536,2950.366,982.5407
2022-03-02 16:00:00,2930.257,2955.296,2925.006,2950.207,844.1757
2022-03-02 17:00:00,2913.576,2934.047,2909.036,2930.247,783.9247
2022-03-02 18:00:00,2913.096,2924.527,2908.496,2913.576,746.7141
2022-03-02 19:00:00,2887.116,2917.406,2887.097,2913.086,782.1188
2022-03-02 20:00:00,2860.357,2896.396,2852.996,2887.107,925.6564
2022-03-03 14:00:00,2717.666,2728.016,2705.286,2717.716,673.2159
2022-03-03 15:00:00,2675.426,2723.807,2674.996,2717.667,1212.627
2022-03-03 16:00:00,2686.177,2691.477,2673.747,2675.426,1026.1506
2022-03-03 17:00:00,2694.736,2705.397,2673.106,2686.176,1008.1442
2022-03-03 18:00:00,2691.756,2703.006,2688.376,2694.726,851.7826
2022-03-03 19:00:00,2689.487,2704.417,2685.946,2691.756,891.7449
2022-03-03 20:00:00,2676.876,2689.607,2659.996,2689.487,923.0717
2022-03-05 13:00:00,2341.007,2341.007,2319.996,2327.267,65.1684
2022-03-05 14:00:00,2337.966,2350.897,2321.996,2345.696,238.4604
2022-03-05 15:00:00,2351.557,2359.496,2334.296,2337.967,188.1874
2022-03-05 16:00:00,2351.337,2357.646,2333.226,2351.557,336.1499
2022-03-05 17:00:00,2358.816,2368.367,2348.276,2351.347,380.0764
2022-03-05 18:00:00,2356.876,2359.537,2339.997,2358.806,318.7444
2022-03-05 19:00:00,2343.417,2360.997,2334.996,2356.566,564.157
2022-03-06 13:00:00,2304.517,2324.846,2292.006,2315.007,462.4948
2022-03-06 14:00:00,2272.207,2314.747,2269.996,2304.516,811.9389
2022-03-06 15:00:00,2277.097,2285.506,2270.356,2272.217,630.8594
2022-03-06 16:00:00,2292.976,2293.337,2275.356,2277.087,529.5742
2022-03-06 17:00:00,2282.346,2297.417,2277.947,2292.976,515.651
2022-03-06 18:00:00,2288.556,2291.737,2280.167,2282.337,440.41
2022-03-06 19:00:00,2289.247,2293.996,2278.796,2288.556,461.4107
2022-03-08 13:00:00,117.427,117.617,115.476,115.697,888.5561
2022-03-08 14:00:00,117.617,118.567,116.797,117.326,1503.1088
2022-03-08 15:00:00,118.356,118.527,117.436,117.627,868.7184
2022-03-08 16:00:00,118.227,118.607,117.606,118.397,728.83
2022-03-08 17:00:00,118.176,118.577,118.086,118.247,628.434
2022-03-08 18:00:00,118.097,118.287,117.936,118.196,608.3968
2022-03-08 19:00:00,118.016,118.517,117.856,118.107,703.5435
2022-03-10 13:00:00,96.977,97.607,96.496,96.686,1.02935999999e-05
2022-03-10 14:00:00,97.966,98.276,97.007,97.007,2.12999999999e-05
2022-03-10 15:00:00,97.856,98.357,97.626,97.966,1.32683999999e-05
2022-03-10 16:00:00,98.176,98.267,97.816,97.847,1.11479999999e-05
2022-03-10 17:00:00,98.576,98.737,98.146,98.167,9.4859999999e-06
2022-03-10 18:00:00,99.006,99.157,98.466,98.587,7.3824e-06
2022-03-10 19:00:00,98.626,99.277,98.406,99.006,8.3136e-06
2022-03-11 13:00:00,85.497,86.507,85.456,86.236,14.3256
2022-03-11 14:00:00,85.767,85.987,85.066,85.497,19.1616
2022-03-11 15:00:00,84.696,85.937,84.596,85.766,14.8212
2022-03-11 16:00:00,85.387,85.417,84.577,84.697,11.9532
2022-03-11 17:00:00,84.456,85.427,84.386,85.386,9.144
2022-03-11 18:00:00,84.266,84.537,83.996,84.456,7.1184
2022-03-11 19:00:00,83.366,84.296,83.366,84.257,8.8644
2022-04-01 14:00:00,2923.846,2929.487,2894.997,2908.106,289.0375
2022-04-01 15:00:00,2883.006,2926.747,2882.996,2924.926,648.8621
2022-04-01 16:00:00,2893.116,2896.607,2879.996,2883.006,504.2546
2022-04-01 17:00:00,2885.406,2899.162,2883.506,2893.706,285.9452
2022-04-01 18:00:00,2876.486,2888.266,2873.326,2885.407,399.1497
2022-04-01 19:00:00,2887.696,2888.317,2876.006,2876.476,330.1553
2022-04-01 20:00:00,2886.727,2901.447,2885.776,2887.696,493.8634
2022-04-02 14:00:00,2848.537,2870.277,2809.996,2864.997,526.3867
2022-04-02 15:00:00,2831.826,2868.817,2829.996,2849.527,901.7911
2022-04-02 16:00:00,2838.697,2852.527,2821.997,2831.837,793.4128
2022-04-02 17:00:00,2870.077,2870.747,2832.997,2838.256,695.7266
2022-04-02 18:00:00,2879.247,2884.307,2868.056,2870.157,792.2096
2022-04-02 19:00:00,2878.507,2881.457,2862.996,2879.247,716.9595
2022-04-02 20:00:00,2867.997,2896.626,2864.997,2878.506,901.7758
2022-04-03 14:00:00,2639.486,2675.757,2621.006,2654.537,612.0151
2022-04-03 15:00:00,2612.486,2642.677,2608.766,2639.496,1027.5913
2022-04-03 16:00:00,2619.426,2626.657,2606.156,2612.487,699.3842
2022-04-03 17:00:00,2641.277,2646.707,2617.996,2620.537,723.1415
2022-04-03 18:00:00,2625.337,2653.376,2624.996,2641.376,637.2218
2022-04-03 19:00:00,2615.947,2631.837,2614.996,2626.607,667.1055
2022-04-03 20:00:00,2628.407,2630.397,2614.996,2615.567,429.0168
2022-04-04 13:00:00,2854.327,2861.987,2804.507,2806.327,399.8633
2022-04-04 14:00:00,2860.696,2864.967,2847.447,2855.386,538.7039
2022-04-04 15:00:00,2861.926,2870.377,2854.006,2861.376,414.9836
2022-04-04 16:00:00,2861.177,2873.627,2860.087,2862.576,371.0666
2022-04-04 17:00:00,2858.906,2863.537,2854.996,2861.187,323.9017
2022-04-04 18:00:00,2857.277,2861.766,2842.977,2858.907,359.1837
2022-04-04 19:00:00,2858.416,2861.947,2853.686,2857.276,492.99
2022-04-05 13:00:00,2316.997,2346.257,2316.897,2340.117,337.3455
2022-04-05 14:00:00,2312.767,2321.367,2301.037,2316.996,608.8004
2022-04-05 15:00:00,2319.476,2323.097,2301.036,2312.776,516.3929
2022-04-05 16:00:00,2356.097,2359.676,2315.926,2319.476,509.9249
2022-04-05 17:00:00,2373.437,2380.987,2351.737,2357.256,367.1117
2022-04-05 18:00:00,2400.026,2410.617,2342.326,2375.046,403.4701
2022-04-05 19:00:00,2444.996,2456.917,2395.086,2400.027,555.8806
2022-04-08 13:00:00,118.247,118.457,117.336,117.426,1120.9686
2022-04-08 14:00:00,117.657,118.767,116.886,118.277,1631.0035
2022-04-08 15:00:00,117.806,117.967,117.096,117.657,1013.7986
2022-04-08 16:00:00,117.417,118.276,117.406,117.806,708.4257
2022-04-08 17:00:00,117.876,118.057,117.346,117.417,602.5323
2022-04-08 18:00:00,117.916,118.067,117.566,117.846,671.3976
2022-04-08 19:00:00,118.167,118.397,117.826,117.917,843.0989
2022-04-10 13:00:00,101.246,101.547,100.346,100.387,9.607200000000002
2022-04-10 14:00:00,101.776,101.787,101.136,101.256,16.0128
2022-04-10 15:00:00,101.306,101.787,100.976,101.767,12.492
2022-04-10 16:00:00,101.186,101.717,101.096,101.317,12.3456
2022-04-10 17:00:00,101.346,101.467,100.616,101.177,11.088000000000005
2022-04-10 18:00:00,101.687,101.826,101.117,101.346,11.0916
2022-04-10 19:00:00,101.616,101.737,101.076,101.687,12.110400000000002
2022-04-11 13:00:00,84.817,85.977,83.696,85.406,13.6872
2022-04-11 14:00:00,85.496,86.327,84.516,84.807,22.7064
2022-04-11 15:00:00,84.407,85.687,84.216,85.507,19.8096
2022-04-11 16:00:00,85.146,85.526,84.096,84.396,18.42
2022-04-11 17:00:00,85.357,85.457,84.706,85.136,16.6788
2022-04-11 18:00:00,86.246,86.257,84.996,85.366,14.4576
2022-04-11 19:00:00,86.577,86.617,86.046,86.257,14.5836
2022-05-01 14:00:00,2857.297,2887.947,2856.797,2885.006,391.1461
2022-05-01 15:00:00,2838.007,2861.607,2829.066,2857.287,658.2582
2022-05-01 16:00:00,2817.467,2838.257,2815.196,2837.447,567.3651
2022-05-01 17:00:00,2802.156,2818.417,2800.306,2817.466,461.6492
2022-05-01 18:00:00,2806.316,2817.746,2799.996,2802.147,415.7592
2022-05-01 19:00:00,2780.006,2818.356,2778.877,2806.336,745.6785
2022-05-01 20:00:00,2754.266,2780.516,2752.656,2780.007,909.9018
2022-05-04 13:00:00,2844.996,2858.926,2839.996,2856.816,387.9768
2022-05-04 14:00:00,2827.026,2850.236,2814.996,2844.857,905.7912
2022-05-04 15:00:00,2818.696,2828.806,2815.276,2827.047,751.7103
2022-05-04 16:00:00,2820.937,2825.797,2810.657,2818.697,592.5914
2022-05-04 17:00:00,2820.557,2829.776,2816.986,2820.927,546.7489
2022-05-04 18:00:00,2819.147,2827.157,2817.817,2820.586,514.7073
2022-05-04 19:00:00,2810.667,2821.287,2807.216,2819.167,972.1641
2022-05-05 13:00:00,2380.276,2418.717,2372.096,2399.997,368.6635
2022-05-05 14:00:00,2322.127,2380.277,2299.997,2380.276,661.8432
2022-05-05 15:00:00,2313.856,2336.217,2307.466,2322.126,560.3135
2022-05-05 16:00:00,2333.206,2339.216,2308.187,2313.857,515.5577
2022-05-05 17:00:00,2322.356,2340.497,2318.806,2335.406,556.7142
2022-05-05 18:00:00,2320.006,2335.656,2317.996,2322.356,485.5585
2022-05-05 19:00:00,2331.116,2334.457,2300.106,2319.996,738.8975
2022-05-07 13:00:00,2136.446,2143.097,2112.116,2142.826,451.5
2022-05-07 14:00:00,2171.627,2192.597,2125.326,2136.437,932.61
2022-05-07 15:00:00,2194.666,2199.197,2157.856,2171.627,789.51
2022-05-07 16:00:00,2207.497,2218.066,2188.296,2195.397,646.92
2022-05-07 17:00:00,2236.256,2240.997,2205.336,2207.496,593.67
2022-05-07 18:00:00,2256.546,2262.167,2234.596,2237.047,875.76
2022-05-07 19:00:00,2265.056,2266.356,2248.336,2256.546,919.11
2022-05-08 13:00:00,116.936,117.437,115.976,116.057,1107.0192
2022-05-08 14:00:00,117.397,118.097,116.656,116.947,1315.1704
2022-05-08 15:00:00,116.706,117.397,116.116,117.396,946.7109
2022-05-08 16:00:00,117.327,117.397,116.676,116.736,753.9188
2022-05-08 17:00:00,117.466,118.027,117.306,117.337,718.4996
2022-05-08 18:00:00,116.937,117.467,116.746,117.457,735.4283
2022-05-08 19:00:00,117.426,117.557,116.776,116.916,812.2225
2022-05-10 13:00:00,99.776,100.366,99.436,99.777,1.31183999999e-05
2022-05-10 15:00:00,99.586,99.597,98.867,98.927,1.23407999999e-05
2022-05-10 17:00:00,100.527,100.996,100.296,100.337,1.03487999999e-05
2022-05-10 19:00:00,101.326,101.917,101.166,101.247,1.48583999999e-05
2022-05-12 14:00:00,100.887,101.367,99.356,99.356,9.7091999999e-06
2022-05-12 16:00:00,100.266,101.287,100.026,100.956,1.04807999999e-05
2022-05-12 18:00:00,99.417,100.307,99.396,99.986,6.9768e-06
2022-05-12 19:00:00,99.497,99.747,99.256,99.407,7.8828e-06
2022-05-12 20:00:00,99.446,99.596,98.996,99.496,9.4727999999e-06
2022-06-01 14:00:00,2771.207,2786.226,2729.996,2737.377,381.3481
2022-06-01 15:00:00,2788.446,2798.046,2755.497,2771.196,671.584
2022-06-01 16:00:00,2780.067,2795.946,2773.666,2789.366,463.7477
2022-06-01 17:00:00,2771.247,2784.447,2769.096,2780.067,422.3507
2022-06-01 18:00:00,2759.296,2774.616,2757.476,2771.247,451.1542
2022-06-01 19:00:00,2754.286,2761.877,2750.296,2759.297,524.0649
2022-06-01 20:00:00,2754.626,2767.747,2748.027,2754.286,659.18
2022-06-04 13:00:00,2744.997,2786.277,2733.997,2770.706,644.0568
2022-06-04 14:00:00,2744.456,2756.766,2737.756,2745.006,761.5419
2022-06-04 15:00:00,2742.866,2747.166,2734.996,2744.456,631.3431
2022-06-04 16:00:00,2729.527,2744.497,2723.996,2742.866,504.5078
2022-06-04 17:00:00,2737.007,2742.627,2723.996,2729.527,436.5803
2022-06-04 18:00:00,2743.026,2756.617,2709.996,2737.777,738.5089
2022-06-04 19:00:00,2726.996,2749.247,2719.996,2744.526,834.1536
2022-06-05 13:00:00,2287.536,2313.517,2280.657,2300.997,231.9748
2022-06-05 14:00:00,2330.937,2341.006,2286.376,2287.536,498.8614
2022-06-05 15:00:00,2319.597,2350.646,2306.366,2330.936,644.0747
2022-06-05 16:00:00,2344.846,2346.667,2317.796,2319.596,408.2624
2022-06-05 17:00:00,2314.056,2347.327,2310.956,2344.846,428.5456
2022-06-05 18:00:00,2300.346,2316.617,2296.587,2314.046,443.6638
2022-06-05 19:00:00,2314.696,2318.046,2291.356,2300.356,583.3541
2022-06-06 13:00:00,2370.397,2370.397,2329.166,2331.407,268.9376
2022-06-06 14:00:00,2375.747,2386.206,2364.056,2369.957,413.7857
2022-06-06 15:00:00,2359.916,2377.517,2339.996,2375.057,509.7895
2022-06-06 16:00:00,2342.226,2359.917,2326.457,2359.906,504.9855
2022-06-06 17:00:00,2356.896,2358.216,2328.996,2342.227,425.0652
2022-06-06 18:00:00,2333.007,2358.906,2330.997,2357.796,434.8006
2022-06-06 19:00:00,2334.626,2340.196,2323.196,2333.007,438.8647
2022-06-07 13:00:00,2264.067,2275.187,2227.536,2266.026,528.93
2022-06-07 14:00:00,2272.697,2276.717,2248.466,2264.066,830.49
2022-06-07 15:00:00,2259.596,2274.797,2254.996,2272.697,629.19
2022-06-07 16:00:00,2269.607,2273.677,2255.996,2259.596,510.75
2022-06-07 17:00:00,2276.076,2278.087,2269.766,2270.246,454.71
2022-06-07 18:00:00,2295.706,2296.167,2263.036,2276.077,879.93
2022-06-07 19:00:00,2290.897,2311.217,2280.426,2295.716,816.1224
2022-06-09 13:00:00,106.806,108.017,106.586,107.196,9.842400000000003
2022-06-09 14:00:00,107.397,107.557,105.756,106.776,18.920400000000004
2022-06-09 15:00:00,107.457,107.717,106.897,107.407,16.5036
2022-06-09 16:00:00,106.987,107.677,106.676,107.466,12.670799999999993
2022-06-09 17:00:00,106.366,107.007,105.996,106.986,12.2124
2022-06-09 18:00:00,106.716,107.017,106.316,106.376,12.850799999999996
2022-06-09 19:00:00,106.806,107.127,106.466,106.726,16.3452
2022-06-10 13:00:00,101.427,102.917,100.496,100.506,13.9584
2022-06-10 14:00:00,102.397,102.417,100.816,101.437,24.586799999999982
2022-06-10 15:00:00,101.947,102.657,101.866,102.396,19.98840000000001
2022-06-10 16:00:00,102.166,102.357,101.666,101.937,14.0532
2022-06-10 17:00:00,102.156,102.256,101.776,102.176,11.079600000000005
2022-06-10 18:00:00,101.516,102.177,101.286,102.167,14.0256
2022-06-10 19:00:00,101.387,101.817,101.217,101.527,16.1712
2022-06-12 14:00:00,98.216,99.757,98.216,99.176,11.5836
2022-06-12 15:00:00,97.337,98.317,97.296,98.226,17.508
2022-06-12 16:00:00,97.066,97.467,96.916,97.327,14.635199999999994
2022-06-12 17:00:00,97.536,97.826,97.006,97.057,11.563200000000002
2022-06-12 18:00:00,97.147,97.707,96.956,97.546,9.389999999999995
2022-06-12 19:00:00,96.856,97.147,96.656,97.147,7.6236
2022-06-12 20:00:00,96.917,97.137,96.406,96.867,9.748800000000005
2022-07-01 14:00:00,2758.007,2766.926,2741.227,2766.916,235.5254
2022-07-01 15:00:00,2719.746,2760.706,2714.246,2758.377,627.2656
2022-07-01 16:00:00,2738.587,2743.387,2719.056,2719.057,503.9643
2022-07-01 17:00:00,2743.887,2744.396,2733.306,2738.647,414.2403
2022-07-01 18:00:00,2733.457,2750.296,2733.447,2743.897,461.4547
2022-07-01 19:00:00,2740.116,2741.416,2728.026,2733.457,430.9494
2022-07-01 20:00:00,2739.436,2749.026,2733.786,2740.877,564.0703
2022-07-02 14:00:00,2873.136,2883.807,2858.007,2879.647,671.9521
2022-07-02 15:00:00,2848.016,2874.356,2844.586,2874.106,961.0786
2022-07-02 16:00:00,2805.997,2849.266,2802.326,2848.006,988.8167
2022-07-02 17:00:00,2794.457,2809.497,2781.996,2805.996,897.5861
2022-07-02 18:00:00,2815.877,2817.457,2790.996,2794.467,849.3096
2022-07-02 19:00:00,2808.286,2822.955,2805.996,2815.877,859.9988
2022-07-02 20:00:00,2781.446,2815.947,2777.766,2807.997,943.2587
2022-07-03 14:00:00,2583.487,2630.787,2581.996,2627.996,637.5738
2022-07-03 15:00:00,2550.596,2584.597,2546.757,2583.477,1186.7052
2022-07-03 16:00:00,2566.737,2581.997,2549.056,2550.596,1028.9067
2022-07-03 17:00:00,2549.766,2578.567,2548.996,2566.736,746.7829
2022-07-03 18:00:00,2545.446,2561.037,2542.066,2549.767,705.977
2022-07-03 19:00:00,2532.897,2557.847,2532.006,2545.446,642.3756
2022-07-03 20:00:00,2526.187,2541.447,2525.396,2532.907,963.5049
2022-07-04 13:00:00,2726.866,2743.896,2709.996,2719.997,785.1874
2022-07-04 14:00:00,2716.396,2735.497,2703.597,2726.876,1601.8187
2022-07-04 15:00:00,2697.476,2725.837,2688.996,2716.417,1351.6128
2022-07-04 16:00:00,2695.027,2704.997,2682.996,2697.546,1371.8978
2022-07-04 17:00:00,2720.377,2720.886,2692.187,2694.866,1263.1835
2022-07-04 18:00:00,2723.606,2727.097,2711.996,2720.366,1071.2982
2022-07-04 19:00:00,2714.327,2738.257,2712.706,2723.676,1391.4561
2022-07-06 13:00:00,2319.346,2325.726,2299.996,2306.577,367.8256
2022-07-06 14:00:00,2347.357,2353.456,2311.326,2319.187,533.4423
2022-07-06 15:00:00,2329.486,2347.736,2325.006,2347.356,405.7448
2022-07-06 16:00:00,2332.207,2335.477,2317.796,2329.867,450.5175
2022-07-06 17:00:00,2337.307,2340.137,2329.016,2332.246,302.4296
2022-07-06 18:00:00,2339.817,2349.777,2334.156,2337.306,271.4662
2022-07-06 19:00:00,2342.166,2348.516,2337.307,2339.027,325.1064
2022-07-07 13:00:00,2320.406,2328.176,2297.076,2303.007,507.78
2022-07-07 14:00:00,2335.996,2342.257,2313.457,2320.407,1054.47
2022-07-07 15:00:00,2349.646,2349.786,2332.496,2337.056,735.0
2022-07-07 16:00:00,2355.987,2357.017,2340.946,2349.646,692.25
2022-07-07 17:00:00,2370.377,2370.556,2349.996,2355.627,494.49
2022-07-07 18:00:00,2374.017,2379.687,2369.296,2370.376,518.1912
2022-07-07 19:00:00,2374.747,2383.597,2371.436,2375.247,619.5
2022-07-09 13:00:00,107.817,108.147,106.846,106.917,10.4832
2022-07-09 14:00:00,107.717,107.956,106.967,107.817,18.122400000000003
2022-07-09 15:00:00,108.427,108.767,107.607,107.706,12.064799999999998
2022-07-09 16:00:00,108.607,108.757,107.957,108.436,11.308800000000002
2022-07-09 17:00:00,109.076,109.086,108.476,108.596,9.1488
2022-07-09 18:00:00,109.726,109.877,109.046,109.067,9.388799999999994
2022-07-09 19:00:00,109.426,109.967,109.346,109.726,10.2252
2022-07-10 14:00:00,99.796,99.987,98.926,99.106,2.12507999999e-05
2022-07-10 16:00:00,98.916,99.427,98.776,99.306,9.4271999999e-06
2022-07-10 18:00:00,98.856,98.896,98.326,98.526,9.3719999999e-06
2022-07-11 14:00:00,87.227,87.927,86.827,87.266,13.0668
2022-07-11 15:00:00,88.007,88.097,87.206,87.226,19.422
2022-07-11 16:00:00,87.336,88.057,87.306,88.016,15.1368
2022-07-11 17:00:00,87.466,87.487,87.067,87.327,11.0784
2022-07-11 18:00:00,88.016,88.047,87.457,87.466,8.9844
2022-07-11 19:00:00,88.626,88.887,88.016,88.016,7.7436
2022-07-11 20:00:00,88.477,88.846,88.376,88.627,8.4072
2022-07-12 14:00:00,95.887,96.867,95.706,96.387,1.30019999999e-05
2022-07-12 16:00:00,95.386,96.177,95.127,95.827,1.61327999999e-05
2022-07-12 18:00:00,95.346,95.917,95.316,95.466,9.5891999999e-06
2022-07-12 20:00:00,94.897,95.197,94.706,94.926,8.7119999999e-06
2022-08-02 14:00:00,2762.927,2797.876,2755.997,2778.276,881.8514
2022-08-02 15:00:00,2761.996,2764.647,2739.996,2762.927,1672.5612
2022-08-02 16:00:00,2778.667,2782.346,2758.996,2761.127,1170.39
2022-08-02 17:00:00,2786.597,2799.466,2772.397,2778.667,912.3076
2022-08-02 18:00:00,2770.427,2788.107,2767.476,2786.597,817.6224
2022-08-02 19:00:00,2757.007,2780.017,2754.486,2770.427,941.52
2022-08-02 20:00:00,2786.836,2795.617,2751.427,2757.286,1201.47
2022-08-03 14:00:00,2539.127,2555.377,2512.406,2524.096,465.7303
2022-08-03 15:00:00,2546.936,2550.226,2514.996,2539.207,1008.5006
2022-08-03 16:00:00,2537.546,2550.887,2520.116,2546.947,831.739
2022-08-03 17:00:00,2608.247,2613.187,2536.346,2537.546,918.022
2022-08-03 18:00:00,2563.807,2624.287,2559.996,2608.246,732.8588
2022-08-03 19:00:00,2572.826,2581.147,2549.997,2563.807,832.94
2022-08-03 20:00:00,2543.816,2588.397,2537.626,2572.827,1010.1835
2022-08-04 13:00:00,2675.776,2710.057,2675.016,2709.997,312.3723
2022-08-04 14:00:00,2695.986,2699.627,2674.996,2675.776,562.8226
2022-08-04 15:00:00,2691.666,2701.976,2680.756,2696.016,435.7422
2022-08-04 16:00:00,2688.607,2695.496,2686.027,2691.666,473.7817
2022-08-04 17:00:00,2678.916,2690.646,2670.906,2688.606,369.7375
2022-08-04 18:00:00,2673.436,2685.496,2668.626,2678.916,600.2661
2022-08-04 19:00:00,2663.286,2679.257,2658.766,2674.017,729.7548
2022-08-06 13:00:00,2346.907,2353.276,2331.616,2332.877,279.4998
2022-08-06 14:00:00,2343.777,2359.887,2339.996,2349.027,468.0312
2022-08-06 15:00:00,2356.057,2370.577,2339.996,2343.776,296.309
2022-08-06 16:00:00,2344.017,2361.106,2334.306,2356.076,264.8623
2022-08-06 17:00:00,2347.057,2347.997,2332.996,2344.016,278.6628
2022-08-06 18:00:00,2350.446,2354.676,2341.467,2347.056,286.9408
2022-08-06 19:00:00,2342.726,2358.367,2340.456,2350.447,384.6279
2022-08-07 13:00:00,2350.857,2366.877,2336.487,2338.926,532.23
2022-08-07 14:00:00,2365.776,2374.386,2347.346,2351.477,662.88
2022-08-07 15:00:00,2388.367,2393.006,2365.106,2365.777,543.69
2022-08-07 16:00:00,2362.437,2389.836,2354.116,2388.366,530.43
2022-08-07 17:00:00,2381.396,2385.567,2362.266,2363.807,449.82
2022-08-07 18:00:00,2384.996,2389.327,2378.646,2381.396,423.21
2022-08-07 19:00:00,2387.316,2389.326,2366.187,2385.007,676.95
2022-08-08 13:00:00,119.847,119.977,117.696,118.206,610.4699
2022-08-08 14:00:00,118.617,120.127,118.456,119.886,830.1635
2022-08-08 15:00:00,118.237,119.117,117.756,118.646,784.7844
2022-08-08 16:00:00,117.427,118.377,117.116,118.227,716.769
2022-08-08 17:00:00,117.567,117.787,117.196,117.427,562.9355
2022-08-08 18:00:00,117.286,117.607,116.866,117.597,733.3506
2022-08-08 19:00:00,117.266,117.507,117.096,117.296,792.1622
2022-08-09 13:00:00,108.957,109.127,107.646,108.137,12.571200000000005
2022-08-09 14:00:00,109.337,109.417,108.166,108.966,13.501199999999995
2022-08-09 15:00:00,108.726,109.587,108.626,109.337,8.652000000000001
2022-08-09 16:00:00,107.937,108.787,107.146,108.726,13.5984
2022-08-09 17:00:00,107.957,108.407,107.556,107.946,10.718399999999995
2022-08-09 18:00:00,108.016,108.296,107.677,107.957,10.8192
2022-08-09 19:00:00,108.356,108.367,107.776,108.067,10.444800000000004
2022-08-11 14:00:00,88.927,89.217,88.396,88.866,10.4448
2022-08-11 15:00:00,89.526,89.697,88.706,88.926,14.904
2022-08-11 16:00:00,89.566,90.307,89.316,89.526,9.0012
2022-08-11 17:00:00,89.497,89.706,89.316,89.567,7.3548
2022-08-11 18:00:00,88.196,89.587,88.106,89.497,11.8644
2022-08-11 19:00:00,88.246,88.447,87.576,88.186,17.5404
2022-08-11 20:00:00,88.856,89.467,88.196,88.247,14.6028
2022-08-12 14:00:00,94.507,95.567,93.696,95.337,11.1096
2022-08-12 15:00:00,93.876,94.907,93.736,94.516,17.028000000000006
2022-08-12 16:00:00,94.106,94.327,93.446,93.877,11.119199999999998
2022-08-12 17:00:00,94.626,94.657,93.826,94.116,10.0452
2022-08-12 18:00:00,94.376,94.867,94.186,94.637,8.481599999999998
2022-08-12 19:00:00,94.086,94.367,93.827,94.367,10.6908
2022-08-12 20:00:00,93.706,94.397,93.546,94.076,9.1812
2022-09-02 14:00:00,2823.216,2829.997,2809.996,2816.316,902.1912
2022-09-02 15:00:00,2832.647,2849.376,2822.156,2826.036,1366.9812
2022-09-02 16:00:00,2815.256,2834.847,2810.247,2832.646,1034.7896
2022-09-02 17:00:00,2818.717,2823.756,2803.536,2815.246,828.4157
2022-09-02 18:00:00,2813.476,2819.666,2806.686,2818.727,738.7709
2022-09-02 19:00:00,2817.616,2825.866,2813.036,2813.266,697.0088
2022-09-02 20:00:00,2831.316,2832.077,2807.996,2817.616,907.4942
2022-09-03 14:00:00,2617.137,2624.267,2596.006,2616.617,566.5321
2022-09-03 15:00:00,2620.866,2631.136,2613.356,2617.896,890.4257
2022-09-03 16:00:00,2638.226,2639.086,2615.127,2621.607,743.3025
2022-09-03 17:00:00,2661.217,2674.167,2631.666,2638.237,731.4294
2022-09-03 18:00:00,2655.477,2663.167,2650.466,2662.057,602.3074
2022-09-03 19:00:00,2665.006,2667.307,2654.326,2655.497,554.181
2022-09-03 20:00:00,2666.046,2674.136,2659.446,2665.007,778.9438
2022-09-05 13:00:00,2266.157,2283.136,2255.996,2262.307,419.42
2022-09-05 14:00:00,2263.257,2280.487,2255.556,2266.156,699.6391
2022-09-05 15:00:00,2276.927,2281.535,2257.357,2262.997,569.0699
2022-09-05 16:00:00,2268.887,2301.367,2267.996,2276.927,588.1561
2022-09-05 17:00:00,2259.467,2279.916,2258.997,2268.886,567.5078
2022-09-05 18:00:00,2269.107,2272.636,2255.996,2259.476,425.4262
2022-09-05 19:00:00,2249.297,2279.537,2240.006,2271.426,614.1885
2022-09-06 13:00:00,2353.676,2355.607,2324.546,2328.107,215.7722
2022-09-06 14:00:00,2344.187,2355.436,2334.786,2355.406,370.9398
2022-09-06 15:00:00,2353.567,2364.287,2338.146,2344.186,315.5047
2022-09-06 16:00:00,2359.947,2361.316,2345.747,2353.566,237.1402
2022-09-06 17:00:00,2345.956,2362.247,2337.396,2360.166,256.5744
2022-09-06 18:00:00,2326.116,2346.017,2325.716,2345.996,237.0169
2022-09-06 19:00:00,2293.866,2326.117,2293.866,2326.117,401.3068
2022-09-08 13:00:00,116.176,117.147,115.696,117.106,850.8638
2022-09-08 14:00:00,116.396,116.967,115.806,116.176,1168.0079
2022-09-08 15:00:00,116.766,117.167,116.056,116.397,905.4981
2022-09-08 16:00:00,116.257,116.847,116.086,116.767,657.8647
2022-09-08 17:00:00,116.717,116.836,116.106,116.247,636.2537
2022-09-08 18:00:00,116.897,117.056,116.376,116.747,641.1119
2022-09-08 19:00:00,116.597,117.307,116.477,116.896,740.6632
2022-09-09 13:00:00,109.787,110.047,108.887,108.887,7.725600000000001
2022-09-09 14:00:00,110.417,110.546,109.716,109.817,11.450400000000002
2022-09-09 15:00:00,110.376,110.617,110.046,110.427,9.029999999999998
2022-09-09 16:00:00,110.677,110.696,110.046,110.367,9.171600000000003
2022-09-09 17:00:00,110.796,110.887,110.536,110.697,5.0604
2022-09-09 18:00:00,110.416,110.977,110.186,110.796,6.1764
2022-09-09 19:00:00,110.626,110.956,110.336,110.386,7.0104000000000015
2022-09-11 14:00:00,88.316,89.176,88.137,88.377,11.7372
2022-09-11 15:00:00,88.397,89.426,88.207,88.326,19.6932
2022-09-11 16:00:00,88.607,89.067,88.376,88.406,14.8152
2022-09-11 17:00:00,88.716,88.836,88.446,88.616,11.5464
2022-09-11 18:00:00,87.766,88.856,87.506,88.726,13.974
2022-09-11 19:00:00,87.467,88.157,87.366,87.767,11.2392
2022-09-11 20:00:00,87.316,87.817,87.286,87.456,11.6988
2022-09-12 15:00:00,94.116,94.147,93.356,93.877,2.07707999999e-05
2022-09-12 17:00:00,93.876,94.027,93.516,93.926,8.3244e-06
2022-09-12 19:00:00,93.377,93.607,93.206,93.596,6.24e-06
2022-10-01 14:00:00,2677.907,2711.647,2673.676,2701.276,504.7659
2022-10-01 15:00:00,2679.067,2681.666,2661.996,2677.907,801.9958
2022-10-01 16:00:00,2719.606,2720.347,2673.406,2679.057,644.3718
2022-10-01 17:00:00,2707.556,2719.936,2693.646,2719.597,504.555
2022-10-01 18:00:00,2743.376,2744.546,2706.637,2707.556,478.5569
2022-10-01 19:00:00,2760.657,2775.036,2742.126,2743.376,499.7689
2022-10-01 20:00:00,2772.336,2774.777,2752.466,2760.656,722.0835
2022-10-02 14:00:00,2801.037,2810.307,2772.946,2792.397,822.5272
2022-10-02 15:00:00,2802.907,2829.226,2800.066,2800.747,1276.2722
2022-10-02 16:00:00,2808.306,2810.126,2790.996,2802.906,1079.944
2022-10-02 17:00:00,2782.687,2808.897,2775.016,2808.306,984.3115
2022-10-02 18:00:00,2785.837,2789.726,2768.606,2782.686,1290.9152
2022-10-02 19:00:00,2775.656,2792.487,2772.996,2786.866,988.9815
2022-10-02 20:00:00,2772.116,2783.652,2756.997,2775.657,1266.4351
2022-10-03 14:00:00,2648.666,2655.137,2619.997,2624.666,557.6545
2022-10-03 15:00:00,2633.447,2654.907,2627.367,2648.656,999.8621
2022-10-03 16:00:00,2625.367,2633.907,2617.996,2633.447,898.2173
2022-10-03 17:00:00,2623.167,2632.437,2619.356,2625.366,744.0184
2022-10-03 18:00:00,2642.326,2644.556,2621.456,2623.167,753.7367
2022-10-03 19:00:00,2656.767,2664.267,2640.666,2642.326,887.7782
2022-10-03 20:00:00,2644.757,2658.556,2643.337,2656.766,866.4196
2022-10-05 13:00:00,2306.997,2321.907,2280.826,2307.997,444.2622
2022-10-05 14:00:00,2277.197,2319.637,2275.006,2306.996,790.235
2022-10-05 15:00:00,2284.946,2294.956,2256.537,2277.186,579.1493
2022-10-05 16:00:00,2278.836,2295.007,2271.556,2284.946,485.3051
2022-10-05 17:00:00,2317.086,2319.077,2273.706,2279.556,584.7873
2022-10-05 18:00:00,2313.776,2321.536,2297.336,2317.526,652.9514
2022-10-05 19:00:00,2286.007,2324.707,2280.816,2313.856,979.6123
2022-10-06 13:00:00,2226.737,2263.527,2222.456,2245.226,351.1976
2022-10-06 14:00:00,2210.297,2224.767,2206.996,2224.766,488.3043
2022-10-06 15:00:00,2218.417,2219.516,2208.096,2211.667,337.3431
2022-10-06 16:00:00,2222.127,2224.505,2212.337,2218.416,242.4194
2022-10-06 17:00:00,2231.097,2242.436,2218.996,2221.296,231.2635
2022-10-06 18:00:00,2242.676,2246.186,2229.347,2231.106,266.908
2022-10-06 19:00:00,2222.197,2251.787,2220.996,2244.076,390.2682
2022-10-08 13:00:00,119.327,119.597,118.386,118.697,667.5161
2022-10-08 14:00:00,119.926,119.977,118.516,119.366,862.0949
2022-10-08 15:00:00,120.877,120.886,119.896,119.947,632.1988
2022-10-08 16:00:00,119.656,120.907,119.436,120.877,537.0569
2022-10-08 17:00:00,119.937,120.046,119.386,119.666,424.9262
2022-10-08 18:00:00,119.377,120.067,119.376,119.937,477.5755
2022-10-08 19:00:00,119.617,119.787,119.326,119.377,650.3182
2022-10-10 13:00:00,97.716,99.046,97.576,98.906,13.167599999999998
2022-10-10 14:00:00,97.597,98.507,97.356,97.727,21.576
2022-10-10 15:00:00,98.017,98.226,97.456,97.597,17.0868
2022-10-10 16:00:00,97.237,98.057,97.236,98.026,12.184799999999996
2022-10-10 17:00:00,98.377,98.696,96.997,97.247,15.321600000000002
2022-10-10 18:00:00,98.176,98.576,98.046,98.367,15.4332
2022-10-10 19:00:00,97.807,98.517,97.667,98.186,18.080400000000004
2022-10-11 14:00:00,93.876,93.886,91.586,92.296,12.9036
2022-10-11 15:00:00,93.406,94.147,92.606,93.886,21.2364
2022-10-11 16:00:00,93.667,93.827,92.846,93.407,14.2812
2022-10-11 17:00:00,93.046,93.797,93.006,93.656,11.586
2022-10-11 18:00:00,93.416,93.527,92.966,93.047,12.3444
2022-10-11 19:00:00,93.766,93.827,93.336,93.417,10.6536
2022-10-11 20:00:00,93.876,94.377,93.646,93.757,10.9248
2022-11-01 14:00:00,2744.276,2761.987,2731.786,2759.657,385.5365
2022-11-01 15:00:00,2754.056,2770.207,2741.896,2744.277,696.3803
2022-11-01 16:00:00,2796.936,2798.45,2754.056,2754.417,565.7684
2022-11-01 17:00:00,2790.196,2803.767,2787.546,2796.937,445.8382
2022-11-01 18:00:00,2792.576,2795.107,2784.097,2790.196,426.0399
2022-11-01 19:00:00,2790.446,2794.786,2785.096,2792.577,411.5378
2022-11-01 20:00:00,2794.506,2796.416,2785.786,2790.447,522.158
2022-11-02 14:00:00,2761.327,2782.326,2757.046,2769.997,636.5136
2022-11-02 15:00:00,2763.277,2776.506,2748.996,2761.616,1283.4783
2022-11-02 16:00:00,2758.077,2774.197,2750.196,2763.296,930.1837
2022-11-02 17:00:00,2745.826,2759.297,2743.996,2758.077,662.332
2022-11-02 18:00:00,2702.996,2751.166,2701.996,2745.837,996.4307
2022-11-02 19:00:00,2678.596,2706.657,2673.106,2702.996,1130.5713
2022-11-02 20:00:00,2684.316,2700.132,2667.996,2678.596,1264.0082
2022-11-03 14:00:00,2647.036,2675.056,2641.517,2664.406,636.4921
2022-11-03 15:00:00,2657.167,2658.507,2637.507,2647.036,753.4933
2022-11-03 16:00:00,2636.347,2658.007,2630.196,2657.167,708.9758
2022-11-03 17:00:00,2625.037,2637.157,2614.997,2636.976,705.7386
2022-11-03 18:00:00,2623.097,2636.567,2620.856,2625.036,613.8199
2022-11-03 19:00:00,2617.817,2633.756,2616.456,2623.096,639.9817
2022-11-03 20:00:00,2592.526,2617.827,2592.526,2617.826,910.8226
2022-11-04 13:00:00,2626.946,2641.647,2621.026,2636.907,392.0586
2022-11-04 14:00:00,2597.206,2633.057,2591.146,2626.947,723.6347
2022-11-04 15:00:00,2591.017,2607.166,2590.416,2597.196,490.8276
2022-11-04 16:00:00,2595.046,2597.097,2583.046,2591.016,454.2308
2022-11-04 17:00:00,2600.046,2603.867,2594.996,2595.036,511.7139
2022-11-04 18:00:00,2589.967,2601.936,2586.106,2600.056,503.5526
2022-11-04 19:00:00,2573.996,2597.137,2573.126,2590.677,679.0082
2022-11-05 13:00:00,2307.756,2323.687,2263.136,2267.196,166.6904
2022-11-05 14:00:00,2291.107,2321.497,2281.706,2305.517,468.26
2022-11-05 15:00:00,2291.176,2312.477,2274.596,2291.116,552.0226
2022-11-05 16:00:00,2285.937,2302.147,2279.996,2291.197,365.5357
2022-11-05 17:00:00,2272.137,2289.547,2271.386,2285.947,580.3497
2022-11-05 18:00:00,2291.487,2311.516,2271.386,2272.127,431.9029
2022-11-05 19:00:00,2270.627,2294.987,2265.996,2291.487,490.579
2022-11-07 13:00:00,2322.176,2358.257,2308.206,2357.656,527.52
2022-11-07 14:00:00,2331.146,2342.767,2312.097,2321.587,847.59
2022-11-07 15:00:00,2333.257,2341.147,2329.996,2331.146,635.46
2022-11-07 16:00:00,2325.697,2334.597,2322.026,2333.256,549.36
2022-11-07 17:00:00,2323.906,2330.906,2322.607,2325.697,478.95
2022-11-07 18:00:00,2317.997,2325.326,2316.056,2323.906,583.38
2022-11-07 19:00:00,2312.896,2319.206,2305.996,2317.996,796.74
2022-11-08 13:00:00,120.937,121.467,120.726,121.067,338.9897
2022-11-08 14:00:00,120.237,121.477,119.577,120.936,453.7441
2022-11-08 15:00:00,119.026,120.397,118.696,120.237,422.8394
2022-11-08 16:00:00,119.627,119.767,118.986,119.027,635.2131
2022-11-08 17:00:00,119.367,119.937,119.306,119.637,528.0812
2022-11-08 18:00:00,118.797,119.377,118.546,119.377,657.5997
2022-11-08 19:00:00,118.827,119.106,118.577,118.797,744.3311
2022-11-10 15:00:00,98.457,98.747,97.256,97.306,1.84967999999e-05
2022-11-10 17:00:00,98.636,98.917,98.276,98.736,1.62251999999e-05
2022-11-10 18:00:00,96.956,98.727,96.896,98.646,1.84535999999e-05
2022-11-11 14:00:00,95.236,95.556,93.906,94.646,12.8064
2022-11-11 15:00:00,96.146,96.306,94.807,95.186,17.9388
2022-11-11 16:00:00,95.777,96.477,95.316,96.156,13.2072
2022-11-11 17:00:00,96.016,96.186,95.446,95.776,11.7012
2022-11-11 18:00:00,96.677,96.727,96.016,96.017,8.7456
2022-11-11 19:00:00,96.886,96.917,96.376,96.687,8.1636
2022-11-11 20:00:00,96.376,96.907,96.206,96.896,8.9544
2022-12-01 14:00:00,2844.007,2845.056,2811.407,2821.656,428.8474
2022-12-01 15:00:00,2828.256,2850.506,2823.106,2844.006,775.2903
2022-12-01 16:00:00,2837.007,2845.057,2821.366,2828.286,459.3675
2022-12-01 17:00:00,2839.806,2842.027,2826.866,2837.387,360.0373
2022-12-01 18:00:00,2829.927,2840.107,2826.346,2839.816,448.9406
2022-12-01 19:00:00,2830.137,2835.637,2823.396,2829.927,399.3531
2022-12-01 20:00:00,2827.367,2833.137,2822.996,2830.136,540.2607
2022-12-04 13:00:00,2610.046,2628.447,2590.556,2628.027,384.0234
2022-12-04 14:00:00,2588.016,2619.346,2580.097,2610.057,533.7924
2022-12-04 15:00:00,2586.886,2597.227,2582.016,2588.017,457.4738
2022-12-04 16:00:00,2577.266,2588.006,2571.576,2586.887,521.6788
2022-12-04 17:00:00,2559.167,2582.887,2556.586,2577.276,467.3168
2022-12-04 18:00:00,2545.076,2568.666,2540.286,2557.447,591.5191
2022-12-04 19:00:00,2553.316,2557.266,2534.996,2545.107,778.356
2022-12-05 13:00:00,2234.596,2255.676,2221.996,2231.896,406.3405
2022-12-05 14:00:00,2276.797,2281.486,2225.096,2234.597,625.1151
2022-12-05 15:00:00,2242.237,2285.916,2240.596,2276.797,582.8749
2022-12-05 16:00:00,2246.746,2269.536,2228.266,2242.237,504.9985
2022-12-05 17:00:00,2205.37,2251.416,2195.046,2246.746,576.1511
2022-12-05 18:00:00,2205.287,2223.717,2199.996,2202.066,586.8408
2022-12-05 19:00:00,2256.516,2257.477,2204.116,2205.286,806.4506
2022-12-07 13:00:00,2301.746,2338.307,2301.746,2321.877,465.87
2022-12-07 14:00:00,2309.956,2314.047,2292.036,2301.746,690.18
2022-12-07 15:00:00,2307.777,2321.127,2299.996,2310.867,528.45
2022-12-07 16:00:00,2316.207,2318.286,2301.686,2307.766,473.13
2022-12-07 17:00:00,2314.847,2319.566,2307.307,2316.206,452.91
2022-12-07 18:00:00,2297.286,2314.847,2296.226,2314.846,445.59
2022-12-07 19:00:00,2280.336,2296.896,2272.506,2296.227,715.77
2022-12-08 13:00:00,120.157,120.537,119.506,120.257,563.676
2022-12-08 14:00:00,119.817,120.487,119.456,120.096,828.3834
2022-12-08 15:00:00,119.887,120.217,119.676,119.827,631.2634
2022-12-08 16:00:00,120.206,120.347,119.856,119.887,389.2649
2022-12-08 17:00:00,120.546,120.607,120.086,120.216,360.2506
2022-12-08 18:00:00,120.987,121.077,120.446,120.567,317.8783
2022-12-08 19:00:00,121.617,121.647,120.907,120.977,497.3839
2022-12-09 13:00:00,111.226,111.556,110.666,110.987,8.573999999999998
2022-12-09 14:00:00,110.647,111.597,110.566,111.236,12.5436
2022-12-09 15:00:00,110.187,110.897,110.066,110.646,12.309599999999996
2022-12-09 16:00:00,110.506,110.546,109.916,110.197,11.404800000000002
2022-12-09 17:00:00,110.746,110.837,110.177,110.506,8.6364
2022-12-09 18:00:00,110.416,110.757,110.126,110.746,10.41
2022-12-09 19:00:00,110.867,110.867,110.296,110.427,9.5052
2022-12-10 13:00:00,98.356,98.517,96.717,97.187,14.8164
2022-12-10 14:00:00,97.777,98.737,97.486,98.366,23.5704
2022-12-10 15:00:00,98.126,98.177,97.676,97.787,18.204
2022-12-10 16:00:00,97.466,98.197,96.946,98.117,12.401999999999996
2022-12-10 17:00:00,97.377,97.586,97.096,97.476,8.988
2022-12-10 18:00:00,97.626,98.047,97.126,97.376,24.2568
2022-12-10 19:00:00,97.507,97.867,97.396,97.627,13.241999999999996
2022-12-12 14:00:00,93.196,93.557,92.556,92.607,10.794
2022-12-12 15:00:00,91.976,93.197,91.666,93.186,13.653600000000004
2022-12-12 16:00:00,92.136,92.437,91.597,91.987,9.506400000000005
2022-12-12 17:00:00,92.156,92.207,91.946,92.137,5.8296
2022-12-12 18:00:00,92.307,92.396,91.946,92.157,8.1624
2022-12-12 19:00:00,92.666,92.747,92.157,92.306,5.240399999999998
2022-12-12 20:00:00,93.286,93.357,92.646,92.666,7.202400000000003
2023-01-02 14:00:00,98.186,99.137,98.116,98.616,12.1956
2023-01-02 15:00:00,97.916,98.737,97.846,98.197,19.38
2023-01-02 16:00:00,98.177,98.267,97.756,97.906,9.8952
2023-01-02 17:00:00,98.277,98.337,97.877,98.187,8.7996
2023-01-02 18:00:00,98.097,98.427,97.996,98.277,9.2472
2023-01-02 19:00:00,99.817,100.117,97.566,98.216,33.3588
2023-01-02 20:00:00,100.397,101.176,99.796,99.816,23.3448
2023-01-03 14:00:00,90.706,91.017,89.657,89.936,11.214
2023-01-03 15:00:00,90.367,90.847,89.797,90.726,17.3196
2023-01-03 16:00:00,90.546,90.667,89.746,90.367,13.128
2023-01-03 17:00:00,90.707,90.987,90.366,90.536,10.3128
2023-01-03 18:00:00,90.436,90.717,90.246,90.716,7.7532
2023-01-03 19:00:00,90.277,90.507,90.106,90.426,8.6196
2023-01-03 20:00:00,90.366,90.416,89.986,90.277,8.8584
2023-01-05 13:00:00,107.167,107.497,106.796,106.827,10.086
2023-01-05 14:00:00,107.637,107.687,106.806,107.136,13.6668
2023-01-05 15:00:00,107.366,107.687,106.976,107.636,10.56
2023-01-05 16:00:00,107.627,107.666,107.247,107.366,7.65
2023-01-05 17:00:00,107.767,107.977,107.477,107.616,6.7596
2023-01-05 18:00:00,107.377,107.917,107.096,107.756,7.7424
2023-01-05 19:00:00,107.126,107.447,107.006,107.387,9.804
2023-01-06 13:00:00,123.826,124.416,122.616,122.667,11.2968
2023-01-06 14:00:00,123.126,124.007,122.796,123.836,18.5232
2023-01-06 15:00:00,123.166,123.407,122.807,123.126,13.3212
2023-01-06 16:00:00,123.066,123.367,123.056,123.176,11.2932
2023-01-06 17:00:00,123.296,123.497,122.876,123.077,8.3664
2023-01-06 18:00:00,123.316,123.547,123.196,123.286,6.4056
2023-01-06 19:00:00,123.707,123.776,122.866,123.346,8.0268
2023-01-08 13:00:00,131.846,132.327,130.647,130.726,11.3328
2023-01-08 14:00:00,132.337,132.617,131.436,131.847,20.076
2023-01-08 15:00:00,131.967,132.466,131.836,132.346,14.8068
2023-01-08 16:00:00,131.966,132.017,131.576,131.977,9.144
2023-01-08 17:00:00,131.757,132.157,131.497,131.966,7.4904
2023-01-08 18:00:00,131.666,131.867,131.566,131.746,7.308
2023-01-08 19:00:00,131.527,131.927,131.436,131.647,5.7708
2023-01-09 13:00:00,135.616,137.386,134.826,137.277,7.8036
2023-01-09 14:00:00,135.147,136.147,135.006,135.606,12.1596
2023-01-09 15:00:00,135.357,135.936,135.056,135.157,8.976
2023-01-09 16:00:00,135.686,135.907,135.277,135.347,6.024
2023-01-09 17:00:00,135.316,135.737,135.146,135.677,5.1264
2023-01-09 18:00:00,135.207,135.497,134.926,135.326,4.542
2023-01-09 19:00:00,135.666,135.737,135.187,135.197,7.1568
2023-01-11 13:00:00,125.036,125.617,123.697,123.976,10.3548
2023-01-11 14:00:00,125.476,125.657,124.576,125.036,16.242
2023-01-11 15:00:00,124.947,125.677,124.887,125.476,8.8704
2023-01-11 16:00:00,124.757,125.086,124.676,124.967,8.1408
2023-01-11 17:00:00,124.947,125.017,124.646,124.746,7.0212
2023-01-11 18:00:00,125.847,126.197,124.926,124.967,21.2976
2023-01-11 19:00:00,126.426,126.477,125.846,125.847,16.9956
2023-01-12 14:00:00,130.987,132.087,130.906,131.766,7.9836
2023-01-12 15:00:00,130.866,131.777,130.647,131.006,12.5664
2023-01-12 16:00:00,131.396,131.596,130.696,130.866,14.1276
2023-01-12 17:00:00,131.836,131.997,131.307,131.396,7.2336
2023-01-12 18:00:00,131.447,131.937,131.366,131.837,6.744
2023-01-12 19:00:00,131.657,131.727,131.287,131.446,4.5156
2023-01-12 20:00:00,131.807,131.947,131.496,131.647,5.22
2023-02-02 14:00:00,106.317,107.047,105.596,105.717,13.5828
2023-02-02 15:00:00,107.096,107.577,106.016,106.317,21.4428
2023-02-02 16:00:00,106.786,107.287,106.626,107.106,15.7044
2023-02-02 17:00:00,106.446,107.067,106.096,106.797,13.776
2023-02-02 18:00:00,107.697,107.707,106.246,106.456,9.8832
2023-02-02 19:00:00,106.117,107.807,105.937,107.707,15.3876
2023-02-02 20:00:00,107.746,107.796,105.916,106.127,17.0136
2023-02-03 14:00:00,90.087,90.167,89.577,89.647,10.4616
2023-02-03 15:00:00,90.106,90.287,89.756,90.086,15.2124
2023-02-03 16:00:00,90.217,90.467,89.986,90.117,8.9388
2023-02-03 17:00:00,90.597,90.617,90.136,90.226,5.6568
2023-02-03 18:00:00,91.406,91.416,90.566,90.596,7.7484
2023-02-03 19:00:00,91.967,92.077,91.406,91.407,9.5424
2023-02-03 20:00:00,91.996,92.266,91.806,91.966,9.2196
2023-02-05 13:00:00,106.177,107.177,105.796,107.117,9.78
2023-02-05 14:00:00,104.006,106.297,103.696,106.176,15.834
2023-02-05 15:00:00,104.676,105.147,103.857,103.997,13.6908
2023-02-05 16:00:00,105.377,105.427,104.576,104.666,9.336
2023-02-05 17:00:00,105.767,105.797,105.316,105.366,7.4508
2023-02-05 18:00:00,105.547,105.787,105.236,105.766,7.9188
2023-02-05 19:00:00,105.297,105.647,105.216,105.546,8.1612
2023-02-06 13:00:00,123.896,126.137,123.507,123.896,12.8256
2023-02-06 14:00:00,125.056,125.137,123.746,123.907,18.3504
2023-02-06 15:00:00,125.047,125.327,124.577,125.066,14.8428
2023-02-06 16:00:00,125.226,125.267,124.576,125.037,11.3424
2023-02-06 17:00:00,124.897,125.347,124.736,125.237,9.4416
2023-02-06 18:00:00,125.056,125.107,124.667,124.896,8.604
2023-02-06 19:00:00,124.667,125.187,124.496,125.056,7.4688
2023-02-08 13:00:00,129.676,129.956,128.936,129.327,12.3672
2023-02-08 14:00:00,128.576,130.077,128.406,129.687,18.6912
2023-02-08 15:00:00,128.076,129.037,128.057,128.576,15.1416
2023-02-08 16:00:00,128.247,128.437,127.547,128.087,15.2916
2023-02-08 17:00:00,128.246,128.637,128.076,128.246,12.7572
2023-02-08 18:00:00,128.567,128.767,128.207,128.236,11.7804
2023-02-08 19:00:00,128.366,128.627,128.057,128.566,11.3088
2023-02-10 13:00:00,132.486,133.256,131.076,131.087,10.3968
2023-02-10 14:00:00,133.367,133.827,132.416,132.497,20.2236
2023-02-10 15:00:00,133.247,134.397,133.067,133.367,15.8568
2023-02-10 16:00:00,133.077,133.477,132.866,133.257,13.3188
2023-02-10 17:00:00,132.996,133.377,132.496,133.076,10.7724
2023-02-10 18:00:00,133.116,133.676,132.876,133.007,12.438
2023-02-10 19:00:00,134.166,134.266,132.887,133.107,13.9164
2023-02-11 13:00:00,127.837,128.947,127.596,128.397,10.4112
2023-02-11 14:00:00,127.626,128.156,127.146,127.837,14.5776
2023-02-11 15:00:00,127.426,127.787,127.127,127.636,11.4684
2023-02-11 16:00:00,127.246,127.527,126.977,127.436,11.1816
2023-02-11 17:00:00,127.637,127.777,126.916,127.236,7.56
2023-02-11 18:00:00,127.666,127.937,127.516,127.636,6.6576
2023-02-11 19:00:00,127.487,127.716,127.317,127.676,7.0464
2023-03-01 14:00:00,89.516,91.027,89.386,89.567,16.0932
2023-03-01 15:00:00,89.487,89.697,88.606,89.527,13.6296
2023-03-01 16:00:00,88.746,89.567,88.676,89.477,9.672
2023-03-01 17:00:00,88.747,88.997,88.517,88.737,7.8204
2023-03-01 18:00:00,89.017,89.097,88.576,88.757,7.2072
2023-03-01 19:00:00,89.436,89.617,88.906,89.027,8.8884
2023-03-01 20:00:00,89.117,89.717,88.917,89.447,9.558
2023-03-02 14:00:00,105.617,106.217,102.566,102.896,17.1408
2023-03-02 15:00:00,106.427,107.546,104.446,105.596,27.516
2023-03-02 16:00:00,106.697,107.787,106.386,106.436,16.3236
2023-03-02 17:00:00,105.546,107.087,105.436,106.706,13.4076
2023-03-02 18:00:00,105.177,105.757,104.496,105.547,15.7656
2023-03-02 19:00:00,104.056,105.317,103.946,105.186,13.3308
2023-03-02 20:00:00,104.716,105.137,103.896,104.047,13.5984
2023-03-03 14:00:00,93.256,93.296,92.376,92.387,9.3636
2023-03-03 15:00:00,93.566,93.687,92.686,93.247,14.0424
2023-03-03 16:00:00,93.386,93.607,93.046,93.586,9.708
2023-03-03 17:00:00,93.426,93.457,93.106,93.397,7.3248
2023-03-03 18:00:00,93.436,93.577,93.226,93.426,5.1384
2023-03-03 19:00:00,93.586,93.696,93.306,93.426,4.2288
2023-03-03 20:00:00,93.657,93.717,93.166,93.596,6.0984
2023-03-04 13:00:00,103.277,103.757,102.097,102.326,9.4392
2023-03-04 14:00:00,102.907,103.727,102.686,103.276,14.5692
2023-03-04 15:00:00,103.036,103.056,102.526,102.896,9.168
2023-03-04 16:00:00,103.136,103.387,102.926,103.047,6.366
2023-03-04 17:00:00,103.066,103.147,102.856,103.126,6.546
2023-03-04 18:00:00,103.636,103.686,102.866,103.067,4.806
2023-03-04 19:00:00,104.366,104.517,103.586,103.637,4.9416
2023-03-05 13:00:00,106.016,106.177,104.946,105.536,8.6124
2023-03-05 14:00:00,105.726,106.147,105.536,106.027,12.9984
2023-03-05 15:00:00,105.997,106.077,105.606,105.726,9.1248
2023-03-05 16:00:00,105.946,106.017,105.646,106.007,5.8488
2023-03-05 17:00:00,105.916,106.057,105.587,105.956,7.35
2023-03-05 18:00:00,106.756,107.467,105.637,105.906,25.6644
2023-03-05 19:00:00,105.396,106.887,105.317,106.747,26.1372
2023-03-07 13:00:00,119.916,120.037,118.796,119.276,9.4788
2023-03-07 14:00:00,118.986,120.177,118.966,119.936,15.2028
2023-03-07 15:00:00,119.396,119.577,118.856,118.997,9.1704
2023-03-07 16:00:00,119.887,119.887,119.236,119.396,5.9052
2023-03-08 13:00:00,128.186,128.667,127.416,127.956,14.424
2023-03-08 14:00:00,128.437,128.637,127.646,128.177,22.5852
2023-03-08 15:00:00,128.746,129.147,128.266,128.426,18.8796
2023-03-08 16:00:00,129.176,129.376,128.657,128.736,12.7224
2023-03-08 17:00:00,128.747,129.366,128.726,129.167,12.4728
2023-03-08 18:00:00,128.766,128.867,128.466,128.727,12.6336
2023-03-08 19:00:00,128.396,128.867,128.167,128.777,12.5604
2023-03-10 13:00:00,133.766,134.237,133.066,133.836,9.8664
2023-03-10 14:00:00,132.787,133.797,132.406,133.767,19.9944
2023-03-10 15:00:00,132.416,132.807,132.026,132.787,12.8484
2023-03-10 16:00:00,133.196,133.317,132.386,132.417,11.106
2023-03-10 17:00:00,132.386,133.417,132.376,133.196,8.8308
2023-03-10 18:00:00,132.426,132.616,132.196,132.377,10.458
2023-03-10 19:00:00,132.437,132.587,131.836,132.416,11.4264
2023-03-11 13:00:00,128.587,128.967,127.856,127.986,10.554
2023-03-11 14:00:00,128.986,129.077,128.046,128.586,16.1976
2023-03-11 15:00:00,129.427,129.517,128.806,128.987,10.0008
2023-03-11 16:00:00,128.956,129.447,128.916,129.436,7.7256
2023-03-11 17:00:00,128.787,129.057,128.456,128.956,7.2084
2023-03-11 18:00:00,129.027,129.137,128.676,128.796,6.5364
2023-03-11 19:00:00,129.076,129.217,128.926,129.026,6.2508
2023-04-01 14:00:00,88.507,90.567,88.437,90.326,14.7516
2023-04-01 15:00:00,88.066,89.077,87.266,88.506,21.4212
2023-04-01 16:00:00,88.647,88.867,87.606,88.067,13.1352
2023-04-01 17:00:00,88.367,88.966,88.366,88.656,9.3396
2023-04-01 18:00:00,88.196,88.597,87.976,88.367,8.8752
2023-04-01 19:00:00,88.096,88.726,87.417,88.206,23.664
2023-04-01 20:00:00,88.046,88.297,87.296,88.096,14.202
2023-04-04 13:00:00,105.046,105.287,104.027,104.257,9.828
2023-04-04 14:00:00,105.087,105.567,104.866,105.076,16.4232
2023-04-04 15:00:00,104.806,105.336,104.676,105.087,11.904
2023-04-04 16:00:00,104.536,104.907,104.226,104.807,10.218
2023-04-04 17:00:00,104.646,104.827,104.466,104.536,6.5016
2023-04-04 18:00:00,104.386,104.826,104.256,104.646,6.3228
2023-04-04 19:00:00,104.736,104.757,104.216,104.386,8.4468
2023-04-05 13:00:00,104.907,105.566,104.477,105.357,11.2884
2023-04-05 14:00:00,104.226,105.307,103.956,104.896,19.74
2023-04-05 15:00:00,104.627,104.977,104.216,104.226,14.6412
2023-04-05 16:00:00,105.256,105.277,104.516,104.627,8.052
2023-04-05 17:00:00,105.176,105.557,104.856,105.256,9.3984
2023-04-05 18:00:00,104.856,105.296,104.737,105.186,9.9624
2023-04-05 19:00:00,104.666,105.066,104.566,104.846,10.0032
2023-04-08 13:00:00,129.727,131.507,129.157,129.257,16.0068
2023-04-08 14:00:00,129.857,129.897,128.996,129.747,25.1136
2023-04-08 15:00:00,130.226,130.537,129.786,129.846,15.3276
2023-04-08 16:00:00,130.426,130.697,130.016,130.226,11.6388
2023-04-08 17:00:00,129.347,130.447,129.247,130.437,12.5616
2023-04-08 18:00:00,128.087,129.357,127.906,129.317,20.7312
2023-04-08 19:00:00,128.117,128.376,127.936,128.066,16.002
2023-04-10 13:00:00,133.287,134.347,132.727,132.727,10.1076
2023-04-10 14:00:00,133.926,134.746,132.516,133.276,20.1036
2023-04-10 15:00:00,135.336,135.397,133.856,133.906,14.1156
2023-04-10 16:00:00,134.847,135.397,134.626,135.337,11.7264
2023-04-10 17:00:00,134.497,134.937,134.496,134.836,10.8108
2023-04-10 18:00:00,134.626,134.797,134.176,134.506,9.2352
2023-04-10 19:00:00,135.197,135.566,134.596,134.636,11.178
2023-04-12 14:00:00,129.037,129.987,128.606,129.876,8.3976
2023-04-12 15:00:00,128.167,129.306,127.926,129.027,10.6884
2023-04-12 16:00:00,128.706,128.767,127.946,128.156,6.3672
2023-04-12 17:00:00,129.047,129.167,128.476,128.716,5.2596
2023-04-12 18:00:00,128.496,129.056,128.446,129.036,4.488
2023-04-12 19:00:00,128.647,129.116,128.106,128.476,6.498
2023-04-12 20:00:00,129.247,129.377,128.566,128.637,6.8256
2023-05-01 14:00:00,87.036,87.546,86.536,87.396,13.4496
2023-05-01 15:00:00,86.466,87.416,86.346,87.026,18.7236
2023-05-01 16:00:00,86.497,86.807,86.116,86.476,11.136
2023-05-01 17:00:00,86.327,86.907,86.326,86.497,9.6492
2023-05-01 18:00:00,86.476,86.977,86.046,86.336,12.3168
2023-05-01 19:00:00,86.726,86.997,86.426,86.487,10.7484
2023-05-01 20:00:00,86.196,86.737,85.896,86.726,7.2564
2023-05-04 13:00:00,104.906,106.096,104.127,105.327,11.1312
2023-05-04 14:00:00,103.747,105.217,103.696,104.907,16.2192
2023-05-04 15:00:00,104.147,104.527,103.706,103.736,8.6628
2023-05-04 16:00:00,103.847,104.206,103.646,104.157,7.0404
2023-05-04 17:00:00,104.097,104.197,103.667,103.856,5.3556
2023-05-04 18:00:00,104.317,104.517,103.877,104.086,4.7844
2023-05-04 19:00:00,104.436,104.617,103.856,104.306,6.5484
2023-05-05 13:00:00,104.286,104.987,104.106,104.807,11.0796
2023-05-05 14:00:00,105.047,105.097,104.207,104.276,13.8348
2023-05-05 15:00:00,104.566,105.086,104.427,105.056,6.6984
2023-05-05 16:00:00,105.156,105.247,104.577,104.577,5.0004
2023-05-05 17:00:00,105.126,105.327,104.986,105.147,4.6644
2023-05-05 18:00:00,105.767,105.867,105.076,105.137,5.3652
2023-05-05 19:00:00,105.546,105.817,105.347,105.757,5.7756
2023-05-06 13:00:00,125.716,126.107,123.836,123.937,10.3212
2023-05-06 14:00:00,126.677,126.987,125.727,125.917,18.7356
2023-05-06 15:00:00,126.866,127.416,126.456,126.686,13.1568
2023-05-06 16:00:00,127.096,127.127,126.576,126.866,9.9948
2023-05-06 17:00:00,126.527,127.247,126.276,127.086,11.4336
2023-05-06 18:00:00,126.067,126.606,125.547,126.547,15.9348
2023-05-06 19:00:00,125.996,126.277,125.516,126.076,12.132
2023-05-07 13:00:00,121.387,121.806,119.146,119.146,10.2972
2023-05-07 14:00:00,121.967,122.597,121.286,121.396,13.7232
2023-05-07 15:00:00,121.816,122.087,121.666,121.966,12.2352
2023-05-07 16:00:00,121.936,122.057,121.586,121.797,8.3268
2023-05-07 17:00:00,122.146,122.267,121.886,121.946,6.3636
2023-05-07 18:00:00,122.087,122.297,121.546,122.147,8.382
2023-05-07 19:00:00,121.756,122.137,121.717,122.077,6.2292
2023-05-09 13:00:00,134.937,135.927,134.716,135.476,8.8032
2023-05-09 14:00:00,135.046,135.446,134.566,134.946,11.9376
2023-05-09 15:00:00,135.497,135.787,135.027,135.056,10.428
2023-05-09 16:00:00,135.597,135.726,135.296,135.507,6.588
2023-05-09 17:00:00,135.867,135.906,135.346,135.596,6.1608
2023-05-09 18:00:00,136.396,136.407,135.826,135.877,5.1456
2023-05-09 19:00:00,135.737,136.407,135.656,136.407,6.6276
2023-05-10 13:00:00,134.407,135.467,134.126,135.017,9.5328
2023-05-10 14:00:00,133.656,134.417,133.446,134.416,13.1676
2023-05-10 15:00:00,134.787,134.957,133.586,133.646,12.1884
2023-05-10 16:00:00,134.916,135.296,134.676,134.796,9.18
2023-05-10 17:00:00,135.086,135.287,134.576,134.896,8.1072
2023-05-10 18:00:00,135.326,135.357,134.936,135.086,6.7452
2023-05-10 19:00:00,135.057,135.367,134.926,135.317,8.4696
2023-05-12 14:00:00,130.506,130.506,128.246,128.867,7.8636
2023-05-12 15:00:00,131.737,131.927,130.146,130.457,15.3708
2023-05-12 16:00:00,130.727,132.127,130.516,131.727,11.4144
2023-05-12 17:00:00,130.696,130.976,130.346,130.736,9.8532
2023-05-12 18:00:00,130.506,130.727,130.356,130.686,8.0436
2023-05-12 19:00:00,130.917,130.967,130.326,130.506,5.1852
2023-05-12 20:00:00,131.017,131.087,130.717,130.916,5.8776
2023-06-01 14:00:00,85.186,86.837,84.846,86.647,15.036
2023-06-01 15:00:00,86.127,86.217,85.126,85.187,22.9692
2023-06-01 16:00:00,86.256,86.827,85.996,86.137,13.6164
2023-06-01 17:00:00,85.727,86.516,85.576,86.237,9.8244
2023-06-01 18:00:00,86.266,86.407,85.686,85.737,6.5424
2023-06-01 19:00:00,87.096,87.127,86.226,86.267,8.0004
2023-06-01 20:00:00,87.297,87.677,87.086,87.096,8.436
2023-06-02 14:00:00,103.446,104.347,102.257,102.396,15.6156
2023-06-02 15:00:00,102.777,103.856,101.866,103.457,25.6632
2023-06-02 16:00:00,102.877,103.417,102.236,102.776,16.2108
2023-06-02 17:00:00,103.036,103.347,102.526,102.876,13.9212
2023-06-02 18:00:00,102.586,103.117,102.387,103.046,12.6768
2023-06-02 19:00:00,103.007,103.887,102.587,102.587,11.9436
2023-06-02 20:00:00,102.897,103.327,102.617,102.987,10.29
2023-06-03 14:00:00,94.837,94.857,93.996,93.996,9.4092
2023-06-03 15:00:00,95.497,95.567,94.686,94.847,11.5788
2023-06-03 16:00:00,95.597,95.957,95.446,95.496,7.0992
2023-06-03 17:00:00,95.297,95.747,95.147,95.587,7.5312
2023-06-03 18:00:00,95.186,95.457,95.076,95.296,8.2056
2023-06-03 19:00:00,95.237,95.447,95.156,95.197,7.032
2023-06-03 20:00:00,95.126,95.437,95.016,95.247,6.9408
2023-06-04 13:00:00,104.917,105.267,104.286,105.226,10.6776
2023-06-04 14:00:00,105.747,106.327,104.826,104.927,14.6124
2023-06-04 15:00:00,106.957,107.137,105.687,105.747,9.1764
2023-06-04 16:00:00,106.797,107.307,106.766,106.966,7.7988
2023-06-04 17:00:00,108.056,108.057,106.746,106.807,5.6544
2023-06-04 18:00:00,108.397,109.137,108.047,108.056,8.748
2023-06-04 19:00:00,108.487,108.617,108.076,108.396,6.7464
2023-06-06 13:00:00,126.097,126.447,125.317,125.857,10.5372
2023-06-06 14:00:00,127.167,127.796,125.856,126.097,15.1356
2023-06-06 15:00:00,127.707,127.707,126.657,127.167,13.7904
2023-06-06 16:00:00,127.396,127.857,127.316,127.717,10.8252
2023-06-06 17:00:00,127.466,128.276,127.346,127.397,10.8552
2023-06-06 18:00:00,127.917,127.987,127.367,127.476,8.238
2023-06-06 19:00:00,127.266,128.127,127.127,127.926,8.928
2023-06-07 13:00:00,119.387,120.037,119.116,119.696,10.3416
2023-06-07 14:00:00,118.416,119.497,118.396,119.466,14.0004
2023-06-07 15:00:00,119.136,119.277,118.417,118.427,8.286
2023-06-07 16:00:00,119.967,120.027,119.067,119.127,6.252
2023-06-07 17:00:00,120.107,120.107,119.627,119.967,6.8796
2023-06-07 18:00:00,120.196,120.287,119.866,120.106,4.7928
2023-06-07 19:00:00,120.086,120.227,119.756,120.186,6.6876
2023-06-09 13:00:00,136.186,136.507,135.267,136.017,6.7608
2023-06-09 14:00:00,134.627,136.167,134.546,136.167,10.692
2023-06-09 15:00:00,134.437,135.027,134.327,134.636,6.6252
2023-06-09 16:00:00,133.857,134.717,133.747,134.437,7.032
2023-06-09 17:00:00,134.067,134.257,133.646,133.856,5.538
2023-06-09 18:00:00,134.257,134.396,133.976,134.067,4.9956
2023-06-09 19:00:00,134.436,134.537,134.096,134.257,7.1712
2023-06-10 13:00:00,135.847,136.146,133.967,133.967,12.378
2023-06-10 14:00:00,136.106,136.457,135.146,135.866,17.2644
2023-06-10 15:00:00,136.996,137.016,136.067,136.126,12.3288
2023-06-10 16:00:00,137.316,137.507,136.956,136.997,8.5188
2023-06-10 17:00:00,137.726,137.767,137.196,137.317,6.6588
2023-06-10 18:00:00,137.867,138.016,137.597,137.717,6.3096
2023-06-10 19:00:00,137.586,138.146,137.497,137.877,8.262
2023-06-11 14:00:00,129.457,130.027,128.656,129.016,11.1504
2023-06-11 15:00:00,129.537,129.847,128.986,129.466,12.0612
2023-06-11 16:00:00,129.776,129.837,129.407,129.536,7.074
2023-06-11 17:00:00,129.736,129.767,129.436,129.766,6.2124
2023-06-11 18:00:00,129.656,129.747,129.226,129.726,7.2948
2023-06-11 19:00:00,129.936,130.117,129.477,129.647,7.4508
2023-06-11 20:00:00,130.316,130.327,129.776,129.926,6.9852
2023-06-12 14:00:00,131.197,131.817,131.116,131.347,8.4048
2023-06-12 15:00:00,131.367,131.517,130.477,131.187,15.564
2023-06-12 16:00:00,130.827,131.447,130.376,131.377,10.2696
2023-06-12 17:00:00,130.377,130.997,130.366,130.816,7.5924
2023-06-12 18:00:00,130.516,130.627,130.176,130.386,6.2436
2023-06-12 19:00:00,130.466,130.677,130.327,130.527,5.4576
2023-06-12 20:00:00,130.016,130.507,129.867,130.456,7.1808
2023-07-02 14:00:00,103.227,103.917,103.106,103.197,13.8624
2023-07-02 15:00:00,104.356,104.737,103.106,103.186,18.348
2023-07-02 16:00:00,105.137,105.537,104.266,104.367,13.0908
2023-07-02 17:00:00,106.336,106.686,104.596,105.157,19.0596
2023-07-02 18:00:00,104.587,106.577,103.706,106.317,34.62
2023-07-02 19:00:00,106.676,106.846,104.526,104.576,23.9664
2023-07-02 20:00:00,107.627,108.167,106.236,106.677,14.022
2023-07-03 14:00:00,95.197,95.647,94.946,94.957,8.8284
2023-07-03 15:00:00,94.367,95.207,93.966,95.206,21.384
2023-07-03 16:00:00,94.517,94.837,94.297,94.357,13.6272
2023-07-03 17:00:00,94.347,94.977,94.256,94.526,10.2672
2023-07-03 18:00:00,93.737,94.387,93.667,94.357,8.0556
2023-07-03 19:00:00,93.596,94.057,93.576,93.736,5.4456
2023-07-03 20:00:00,93.866,93.927,93.526,93.587,5.1156
2023-07-06 13:00:00,127.616,129.017,126.887,126.947,9.6192
2023-07-06 14:00:00,124.256,127.816,124.117,127.617,18.8964
2023-07-06 15:00:00,123.166,124.766,123.116,124.266,15.804
2023-07-06 16:00:00,122.777,123.917,122.616,123.177,14.538
2023-07-06 17:00:00,122.727,122.956,122.096,122.797,13.1904
2023-07-06 18:00:00,122.607,123.127,122.266,122.727,10.554
2023-07-06 19:00:00,122.517,122.837,122.106,122.596,11.8548
2023-07-07 13:00:00,120.576,120.667,119.756,120.017,13.2636
2023-07-07 14:00:00,120.226,120.707,119.716,120.577,17.4468
2023-07-07 15:00:00,120.206,120.327,119.946,120.216,7.6896
2023-07-07 16:00:00,120.576,120.676,120.166,120.207,7.8288
2023-07-07 17:00:00,120.607,121.037,120.496,120.576,5.862
2023-07-07 18:00:00,120.397,120.706,120.317,120.596,5.106
2023-07-07 19:00:00,119.457,120.396,119.387,120.376,9.1128
2023-07-08 13:00:00,129.507,130.287,128.976,129.126,14.6412
2023-07-08 14:00:00,130.327,130.527,129.056,129.507,21.4392
2023-07-08 15:00:00,130.726,130.747,129.796,130.337,16.6344
2023-07-08 16:00:00,131.497,131.567,130.717,130.727,11.9964
2023-07-08 17:00:00,131.437,131.567,131.156,131.487,11.5656
2023-07-08 18:00:00,131.196,131.527,130.686,131.446,9.7116
2023-07-08 19:00:00,131.517,131.597,131.146,131.197,9.8388
2023-07-09 13:00:00,134.096,134.127,132.926,133.327,8.3748
2023-07-09 14:00:00,134.467,135.037,133.646,134.107,11.502
2023-07-09 15:00:00,133.776,134.996,133.596,134.477,11.196
2023-07-09 16:00:00,134.637,134.877,133.716,133.767,8.8488
2023-07-09 17:00:00,135.356,135.447,134.617,134.646,6.6396
2023-07-09 18:00:00,135.486,135.497,135.076,135.366,6.7596
2023-07-09 19:00:00,135.256,135.557,135.066,135.487,8.1072
2023-07-11 14:00:00,130.676,131.037,129.856,130.656,9.6756
2023-07-11 15:00:00,131.426,131.537,130.226,130.686,13.32
2023-07-11 16:00:00,131.106,131.617,130.926,131.427,8.88
2023-07-11 17:00:00,131.137,131.247,130.846,131.107,8.436
2023-07-11 18:00:00,131.677,131.827,131.106,131.127,7.5468
2023-07-11 19:00:00,131.526,131.896,131.386,131.677,6.4368
2023-07-11 20:00:00,131.007,131.627,130.706,131.546,8.7252
2023-07-12 14:00:00,136.946,137.907,134.666,134.917,12.8808
2023-07-12 15:00:00,136.837,137.307,136.117,136.946,16.854
2023-07-12 16:00:00,137.107,137.117,135.817,136.826,11.8512
2023-07-12 17:00:00,137.866,138.547,137.066,137.117,11.7984
2023-07-12 18:00:00,137.267,137.887,136.746,137.867,8.0436
2023-07-12 19:00:00,137.056,137.417,136.806,137.256,6.2844
2023-07-12 20:00:00,136.936,137.387,136.646,137.047,6.7056
2023-08-02 14:00:00,101.447,103.107,100.526,102.026,17.7024
2023-08-02 15:00:00,99.256,101.587,99.256,101.426,23.2716
2023-08-02 16:00:00,99.077,99.407,98.016,99.257,19.8156
2023-08-02 17:00:00,99.486,99.917,98.467,99.076,15.2988
2023-08-02 18:00:00,99.147,99.827,98.577,99.476,13.1556
2023-08-02 19:00:00,99.686,99.797,98.906,99.157,10.6284
2023-08-02 20:00:00,99.386,99.707,98.946,99.696,10.9128
2023-08-03 14:00:00,94.796,94.837,93.887,93.887,10.4136
2023-08-03 15:00:00,95.326,95.377,94.236,94.727,20.3556
2023-08-03 16:00:00,95.587,95.937,95.176,95.326,11.6928
2023-08-03 17:00:00,95.077,95.667,94.686,95.597,9.0816
2023-08-03 18:00:00,94.626,95.077,94.546,95.076,9.7548
2023-08-03 19:00:00,94.266,94.776,94.196,94.636,6.2784
2023-08-03 20:00:00,94.247,94.597,93.996,94.256,5.6772
2023-08-05 13:00:00,105.637,106.217,105.077,105.077,10.446
2023-08-05 14:00:00,106.757,106.936,105.506,105.637,11.9724
2023-08-05 15:00:00,106.816,106.827,106.376,106.766,6.5676
2023-08-05 16:00:00,107.156,107.196,106.766,106.817,6.0504
2023-08-05 17:00:00,107.717,107.817,106.997,107.166,5.4132
2023-08-05 18:00:00,107.657,107.757,107.156,107.726,7.854
2023-08-05 19:00:00,107.747,107.947,107.336,107.667,5.7804
2023-08-06 13:00:00,121.927,122.766,121.496,122.156,12.5292
2023-08-06 14:00:00,122.436,122.627,121.557,121.926,16.5216
2023-08-06 15:00:00,123.026,123.177,122.336,122.446,12.3312
2023-08-06 16:00:00,122.516,123.217,122.376,123.016,9.4368
2023-08-06 17:00:00,122.046,122.687,121.777,122.516,8.7264
2023-08-06 18:00:00,122.027,122.267,121.876,122.066,6.9756
2023-08-06 19:00:00,122.127,122.257,121.896,122.037,8.2104
2023-08-08 13:00:00,130.276,131.126,130.116,130.526,12.612
2023-08-08 14:00:00,130.047,130.576,129.917,130.286,20.4804
2023-08-08 15:00:00,130.617,130.707,129.536,130.046,13.2792
2023-08-08 16:00:00,131.016,131.337,130.526,130.607,9.6636
2023-08-08 17:00:00,131.077,131.317,130.766,131.027,11.0868
2023-08-08 18:00:00,131.337,131.437,130.896,131.076,10.1112
2023-08-08 19:00:00,131.487,131.497,130.997,131.327,8.7156
2023-08-09 13:00:00,135.327,135.857,134.846,134.867,10.4316
2023-08-09 14:00:00,135.517,136.147,135.247,135.327,16.3464
2023-08-09 15:00:00,136.047,136.257,135.416,135.507,11.3556
2023-08-09 16:00:00,136.216,136.426,135.896,136.067,8.1216
2023-08-09 17:00:00,136.567,136.567,135.916,136.206,7.8768
2023-08-09 18:00:00,135.967,136.646,135.926,136.556,9.5688
2023-08-09 19:00:00,136.407,136.517,135.706,135.947,8.3532
2023-08-11 14:00:00,131.036,131.747,130.896,130.926,9.306
2023-08-11 15:00:00,131.126,131.397,130.766,131.046,12.6312
2023-08-11 16:00:00,131.357,131.717,131.006,131.136,9.66
2023-08-11 17:00:00,131.237,131.477,131.066,131.346,8.1732
2023-08-11 18:00:00,131.346,131.697,131.056,131.227,8.8872
2023-08-11 19:00:00,131.657,132.197,131.266,131.336,5.9532
2023-08-11 20:00:00,131.806,131.996,131.316,131.667,7.266
2023-08-12 14:00:00,134.717,135.247,134.036,134.186,10.5384
2023-08-12 15:00:00,135.496,136.387,134.736,134.737,12.6672
2023-08-12 16:00:00,134.686,135.587,134.626,135.507,7.9659
2023-08-12 17:00:00,134.977,135.057,134.236,134.686,7.7628
2023-08-12 18:00:00,134.857,135.037,134.636,134.957,5.3928
2023-08-12 19:00:00,135.137,135.237,134.696,134.866,3.5556
2023-08-12 20:00:00,134.967,135.156,134.876,135.146,4.2456
2023-09-01 14:00:00,89.097,89.237,88.087,88.286,13.7472
2023-09-01 15:00:00,89.397,89.836,89.027,89.106,13.9404
2023-09-01 16:00:00,89.817,89.887,89.316,89.407,8.3424
2023-09-01 17:00:00,89.777,89.887,89.537,89.826,7.8492
2023-09-01 18:00:00,89.167,90.037,89.026,89.787,8.0916
2023-09-01 19:00:00,88.387,89.347,88.346,89.146,11.5608
2023-09-01 20:00:00,88.007,88.517,87.846,88.387,12.426
2023-09-02 14:00:00,96.646,99.997,96.216,99.786,16.2636
2023-09-02 15:00:00,95.446,96.696,95.266,96.637,23.976
2023-09-02 16:00:00,94.196,95.447,93.847,95.447,17.7984
2023-09-02 17:00:00,94.047,94.477,93.616,94.187,11.916
2023-09-02 18:00:00,94.977,95.046,93.896,94.027,12.8172
2023-09-02 19:00:00,94.247,95.147,94.006,94.967,11.388
2023-09-02 20:00:00,94.987,95.247,93.896,94.237,11.5788
2023-09-03 14:00:00,95.087,95.507,93.917,93.927,11.2824
2023-09-03 15:00:00,94.816,95.416,94.656,95.107,13.4496
2023-09-03 16:00:00,94.666,94.967,94.537,94.807,8.6076
2023-09-03 17:00:00,94.137,94.867,94.036,94.647,8.3988
2023-09-03 18:00:00,93.387,94.367,93.146,94.146,11.2704
2023-09-03 19:00:00,93.127,93.526,93.036,93.387,10.8912
2023-09-03 20:00:00,92.276,93.187,91.896,93.127,14.7828
2023-09-05 13:00:00,109.777,109.977,108.176,108.287,12.3276
2023-09-05 14:00:00,108.887,110.137,108.856,109.787,14.496
2023-09-05 15:00:00,108.376,109.037,107.926,108.897,8.892
2023-09-05 16:00:00,108.336,108.437,108.026,108.377,7.2504
2023-09-05 17:00:00,107.516,108.487,107.506,108.337,3.8652
2023-09-05 18:00:00,107.796,107.877,107.226,107.517,4.734
2023-09-05 19:00:00,107.346,107.847,107.176,107.787,4.3452
2023-09-06 13:00:00,123.517,123.597,121.936,122.047,12.5328
2023-09-06 14:00:00,122.887,123.747,122.586,123.527,18.8004
2023-09-06 15:00:00,122.346,123.477,122.306,122.897,15.1152
2023-09-06 16:00:00,122.437,122.497,121.896,122.347,13.9344
2023-09-06 17:00:00,123.146,123.287,122.376,122.437,8.682
2023-09-06 18:00:00,122.937,123.167,122.716,123.146,8.8104
2023-09-06 19:00:00,122.236,122.957,122.086,122.937,10.2552
2023-09-08 13:00:00,130.797,131.997,130.746,131.677,11.5224
2023-09-08 14:00:00,130.287,131.567,130.276,130.807,14.6976
2023-09-08 15:00:00,129.587,130.487,128.996,130.276,15.8184
2023-09-08 16:00:00,129.897,130.257,129.517,129.576,11.976
2023-09-08 17:00:00,130.586,130.697,129.756,129.897,10.2936
2023-09-08 18:00:00,130.507,131.097,130.456,130.587,7.626
2023-09-08 19:00:00,129.647,130.527,129.506,130.506,11.7732
2023-09-10 13:00:00,137.706,137.827,135.586,136.887,10.3728
2023-09-10 14:00:00,137.316,138.057,136.956,137.717,12.7872
2023-09-10 15:00:00,137.756,137.907,136.796,137.306,9.096
2023-09-10 16:00:00,137.717,138.006,137.556,137.767,6.9804
2023-09-10 17:00:00,138.687,138.687,137.417,137.736,7.7028
2023-09-10 18:00:00,138.717,138.897,138.396,138.696,7.89
2023-09-10 19:00:00,138.437,138.927,138.026,138.707,8.8848
2023-09-11 14:00:00,132.077,132.276,131.177,131.866,8.4696
2023-09-11 15:00:00,131.976,132.187,131.246,132.097,13.104
2023-09-11 16:00:00,132.346,132.537,131.926,131.966,7.8528
2023-09-11 17:00:00,131.807,132.356,131.496,132.356,7.3368
2023-09-11 18:00:00,130.827,131.846,130.726,131.816,13.8516
2023-09-11 19:00:00,130.396,130.947,130.326,130.826,12.6744
2023-09-11 20:00:00,130.256,130.547,130.056,130.387,10.5504
2023-10-01 14:00:00,87.537,87.837,85.776,85.776,16.1328
2023-10-01 15:00:00,88.097,88.657,86.946,87.536,25.9788
2023-10-01 16:00:00,87.947,88.457,87.676,88.107,16.716
2023-10-01 17:00:00,88.316,88.476,87.616,87.947,13.3296
2023-10-01 18:00:00,88.266,88.527,88.026,88.316,9.9552
2023-10-01 19:00:00,88.027,88.357,87.956,88.256,9.0888
2023-10-01 20:00:00,88.396,88.437,87.856,88.027,8.9532
2023-10-02 14:00:00,95.246,96.727,95.036,95.387,15.6603
2023-10-02 15:00:00,95.416,95.937,94.726,95.286,27.9312
2023-10-02 16:00:00,94.597,95.517,94.576,95.417,15.5568
2023-10-02 17:00:00,94.736,94.946,94.236,94.586,13.4748
2023-10-02 18:00:00,94.896,95.337,94.736,94.747,11.2776
2023-10-02 19:00:00,94.576,94.937,94.387,94.896,11.0604
2023-10-02 20:00:00,94.557,94.767,94.296,94.587,12.0192
2023-10-03 14:00:00,91.716,92.767,91.556,92.096,14.49
2023-10-03 15:00:00,92.137,92.437,91.327,91.717,27.4908
2023-10-03 16:00:00,92.116,92.677,91.876,92.136,20.22
2023-10-03 17:00:00,91.677,92.337,91.596,92.116,16.89
2023-10-03 18:00:00,90.407,91.897,90.386,91.667,14.0988
2023-10-03 19:00:00,91.227,91.396,90.386,90.406,20.3148
2023-10-03 20:00:00,90.576,91.287,90.396,91.216,20.3436
2023-10-04 13:00:00,106.376,107.557,105.967,106.897,13.2792
2023-10-04 14:00:00,105.947,106.396,105.566,106.377,15.5424
2023-10-04 15:00:00,105.946,106.396,105.886,105.956,8.3508
2023-10-04 16:00:00,105.947,105.967,105.106,105.947,9.3576
2023-10-04 17:00:00,106.267,106.437,105.936,105.956,5.8896
2023-10-04 18:00:00,106.497,106.557,106.157,106.277,5.5524
2023-10-04 19:00:00,106.446,106.587,106.226,106.507,6.4824
2023-10-05 13:00:00,109.317,109.367,107.916,107.927,12.1476
2023-10-05 14:00:00,108.217,109.756,107.986,109.347,18.3168
2023-10-05 15:00:00,108.657,108.856,108.076,108.227,9.5076
2023-10-05 16:00:00,108.977,109.027,108.456,108.666,9.3816
2023-10-05 17:00:00,109.736,110.296,108.397,108.977,18.6096
2023-10-05 18:00:00,112.626,112.666,109.716,109.716,17.3556
2023-10-05 19:00:00,111.727,112.927,111.477,112.636,12.9444
2023-10-07 13:00:00,116.427,118.297,116.126,118.227,11.4372
2023-10-07 14:00:00,117.016,118.006,116.366,116.426,11.8788
2023-10-07 15:00:00,116.537,117.207,116.526,116.997,14.346
2023-10-07 16:00:00,116.576,116.737,116.136,116.537,11.8116
2023-10-07 17:00:00,116.466,116.727,116.296,116.587,8.3628
2023-10-07 18:00:00,116.706,116.886,116.376,116.466,6.9084
2023-10-07 19:00:00,116.436,116.727,116.217,116.716,5.9892
2023-10-08 13:00:00,131.747,131.797,130.516,131.347,13.6608
2023-10-08 14:00:00,130.826,132.037,130.607,131.756,24.0852
2023-10-08 15:00:00,130.287,131.037,129.926,130.836,22.1436
2023-10-08 16:00:00,130.067,130.877,129.916,130.287,21.7668
2023-10-08 17:00:00,129.537,130.327,129.436,130.057,19.68
2023-10-08 18:00:00,130.247,130.366,129.496,129.517,20.9412
2023-10-08 19:00:00,129.717,130.417,129.546,130.256,18.0792
2023-10-10 13:00:00,138.277,139.036,137.806,138.426,9.7152
2023-10-10 14:00:00,138.596,138.666,137.316,138.307,12.2556
2023-10-10 15:00:00,139.396,139.567,138.476,138.606,8.8872
2023-10-10 16:00:00,139.086,139.706,138.986,139.396,7.5864
2023-10-10 17:00:00,139.106,139.396,138.427,139.076,12.8292
2023-10-10 18:00:00,138.586,139.087,138.456,139.086,8.6784
2023-10-10 19:00:00,138.067,138.737,137.946,138.596,8.8932
2023-10-11 14:00:00,130.787,130.876,129.386,130.137,9.5628
2023-10-11 15:00:00,130.107,130.817,129.696,130.766,15.474
2023-10-11 16:00:00,131.547,131.557,130.087,130.116,9.3372
2023-10-11 17:00:00,132.117,132.246,131.536,131.546,8.0448
2023-10-11 18:00:00,132.306,132.577,131.846,132.126,7.0356
2023-10-11 19:00:00,132.467,132.607,132.276,132.307,5.3376
2023-10-11 20:00:00,132.577,132.787,132.436,132.476,6.9312
2023-11-01 14:00:00,89.716,90.287,88.996,89.246,14.4948
2023-11-01 15:00:00,89.636,90.387,89.496,89.727,18.174
2023-11-01 16:00:00,90.307,90.527,89.596,89.637,8.5296
2023-11-01 17:00:00,90.666,90.747,90.316,90.316,8.4204
2023-11-01 18:00:00,90.697,90.986,90.476,90.667,8.9328
2023-11-01 19:00:00,90.846,90.957,90.506,90.707,6.9384
2023-11-01 20:00:00,91.507,91.577,90.796,90.847,8.358
2023-11-04 13:00:00,105.516,106.717,105.446,106.426,12.2532
2023-11-04 14:00:00,104.946,105.657,104.666,105.536,14.3628
2023-11-04 15:00:00,105.297,105.376,104.876,104.937,8.9448
2023-11-04 16:00:00,105.517,105.647,105.236,105.296,7.3536
2023-11-04 17:00:00,105.867,105.967,105.456,105.516,5.7168
2023-11-04 18:00:00,106.106,106.176,105.666,105.876,5.3004
2023-11-04 19:00:00,105.316,106.167,105.096,106.116,8.1228
2023-11-05 13:00:00,117.026,117.336,114.397,115.386,14.6976
2023-11-05 14:00:00,117.417,117.577,116.116,117.046,19.092
2023-11-05 15:00:00,117.436,117.907,116.966,117.427,11.2152
2023-11-05 16:00:00,117.416,117.687,117.186,117.446,7.4856
2023-11-05 17:00:00,116.586,117.487,116.456,117.437,7.2288
2023-11-05 18:00:00,117.116,117.187,116.516,116.586,5.916
2023-11-05 19:00:00,116.577,117.327,116.356,117.116,6.5004
2023-11-07 13:00:00,116.437,116.996,115.356,116.277,11.9796
2023-11-07 14:00:00,116.817,116.957,116.206,116.446,16.9128
2023-11-07 15:00:00,117.537,117.546,116.657,116.807,13.0416
2023-11-07 16:00:00,117.277,117.697,117.096,117.547,9.9948
2023-11-07 17:00:00,117.137,117.407,116.906,117.266,6.7092
2023-11-07 18:00:00,116.936,117.187,116.536,117.146,6.2244
2023-11-07 19:00:00,117.116,117.347,116.676,116.936,6.2016
2023-11-08 13:00:00,128.727,128.997,128.156,128.367,12.9804
2023-11-08 14:00:00,128.897,129.717,128.726,128.726,24.3804
2023-11-08 15:00:00,129.097,129.137,128.437,128.906,16.6368
2023-11-08 16:00:00,128.977,129.517,128.806,129.097,14.7312
2023-11-08 17:00:00,129.017,129.387,128.737,128.966,11.9904
2023-11-08 18:00:00,129.647,129.817,128.966,129.017,11.1708
2023-11-08 19:00:00,129.586,129.917,129.246,129.647,10.4604
2023-11-09 13:00:00,136.737,137.467,136.516,136.516,12.5316
2023-11-09 14:00:00,135.906,137.057,135.776,136.757,13.6452
2023-11-09 15:00:00,136.007,136.557,135.896,135.906,10.6248
2023-11-09 16:00:00,136.587,136.647,135.936,136.007,8.9712
2023-11-09 17:00:00,137.077,137.157,136.486,136.576,8.664
2023-11-09 18:00:00,136.877,137.096,136.746,137.086,6.1752
2023-11-09 19:00:00,136.926,137.197,136.696,136.877,5.5428
2023-11-10 13:00:00,140.246,140.517,138.566,138.656,9.558
2023-11-10 14:00:00,140.706,140.826,139.747,140.256,12.0036
2023-11-10 15:00:00,140.196,141.097,139.996,140.716,9.6504
2023-11-10 16:00:00,140.007,140.207,139.587,140.196,7.2492
2023-11-10 17:00:00,139.866,140.047,139.436,140.017,7.3824
2023-11-10 18:00:00,140.297,140.707,139.796,139.856,9.216
2023-11-10 19:00:00,140.547,140.647,140.016,140.307,8.4804
2023-11-12 14:00:00,132.937,133.106,131.386,132.356,11.2824
2023-11-12 15:00:00,132.556,133.037,131.946,132.977,12.3072
2023-11-12 16:00:00,132.227,132.566,131.867,132.566,9.4404
2023-11-12 17:00:00,132.486,132.647,132.047,132.216,6.1632
2023-11-12 18:00:00,132.627,132.817,132.426,132.476,5.1528
2023-11-12 19:00:00,132.836,132.837,132.397,132.626,4.4664
2023-11-12 20:00:00,133.226,133.326,132.706,132.847,4.3428
2023-12-01 14:00:00,90.277,91.846,89.736,91.527,16.422
2023-12-01 15:00:00,90.927,91.816,90.247,90.297,24.1908
2023-12-01 16:00:00,91.197,91.257,90.497,90.927,18.0744
2023-12-01 17:00:00,91.357,91.537,91.086,91.186,9.48
2023-12-01 18:00:00,91.536,91.717,90.607,91.346,12.2304
2023-12-01 19:00:00,91.337,91.627,91.156,91.527,12.57
2023-12-01 20:00:00,91.057,91.367,90.737,91.336,12.174
2023-12-04 13:00:00,105.436,106.727,105.346,106.436,11.5284
2023-12-04 14:00:00,104.766,105.917,104.676,105.416,16.9716
2023-12-04 15:00:00,105.277,105.417,104.327,104.766,12.69
2023-12-04 16:00:00,105.567,105.607,105.116,105.286,7.1208
2023-12-04 17:00:00,105.086,105.677,105.036,105.576,6.2616
2023-12-04 18:00:00,104.707,105.347,104.316,105.066,12.9648
2023-12-04 19:00:00,104.637,104.906,104.376,104.707,11.544
2023-12-05 13:00:00,116.697,117.347,116.426,116.606,10.2252
2023-12-05 14:00:00,116.636,116.867,116.096,116.646,13.2072
2023-12-05 15:00:00,117.286,117.317,116.586,116.626,11.0136
2023-12-05 16:00:00,116.906,117.766,116.686,117.287,10.4268
2023-12-05 17:00:00,116.797,117.167,116.756,116.897,8.4948
2023-12-05 18:00:00,116.977,117.077,116.767,116.787,6.8796
2023-12-05 19:00:00,117.526,117.697,116.886,116.987,6.4824
2023-12-06 13:00:00,122.216,122.927,122.006,122.726,9.4752
2023-12-06 14:00:00,122.147,122.407,121.646,122.207,15.942
2023-12-06 15:00:00,122.376,122.477,121.986,122.146,10.4388
2023-12-06 16:00:00,122.476,122.587,122.066,122.387,6.78
2023-12-06 17:00:00,123.097,123.117,122.336,122.476,6.3576
2023-12-06 18:00:00,123.687,123.736,123.006,123.106,5.9244
2023-12-06 19:00:00,123.657,124.037,123.356,123.687,9.7992
2023-12-07 13:00:00,119.447,119.766,118.456,118.726,11.1732
2023-12-07 14:00:00,119.366,120.326,119.287,119.456,15.4548
2023-12-07 15:00:00,118.596,119.797,118.396,119.377,14.1828
2023-12-07 16:00:00,118.886,119.207,118.466,118.596,12.036
2023-12-07 17:00:00,119.136,119.237,118.666,118.876,6.9648
2023-12-07 18:00:00,118.806,119.377,118.706,119.136,7.3368
2023-12-07 19:00:00,118.956,119.036,118.656,118.806,8.9616
2023-12-09 13:00:00,136.616,136.857,135.846,136.156,11.2272
2023-12-09 14:00:00,135.756,136.617,135.756,136.617,14.574
2023-12-09 15:00:00,135.816,136.147,135.447,135.766,9.1788
2023-12-09 16:00:00,135.826,136.217,135.696,135.816,6.3864
2023-12-09 17:00:00,135.767,136.187,135.616,135.837,8.5164
2023-12-09 18:00:00,135.607,136.057,135.416,135.767,9.6468
2023-12-09 19:00:00,135.337,135.617,135.176,135.607,7.9212
2023-12-10 13:00:00,140.687,141.206,139.986,141.037,10.152
2023-12-10 14:00:00,140.666,141.206,140.316,140.677,12.4188
2023-12-10 15:00:00,140.276,140.857,140.226,140.677,10.2048
2023-12-10 16:00:00,140.156,140.696,140.046,140.276,8.8212
2023-12-10 17:00:00,139.017,140.217,138.836,140.157,11.8728
2023-12-10 18:00:00,138.857,139.127,138.246,139.016,9.3984
2023-12-10 19:00:00,138.977,139.507,138.816,138.857,9.8868
2023-12-12 14:00:00,132.167,132.987,131.266,131.726,7.962
2023-12-12 15:00:00,132.337,132.466,132.016,132.157,8.8812
2023-12-12 16:00:00,132.206,132.597,132.126,132.327,6.768
2023-12-12 17:00:00,132.357,132.376,131.966,132.206,4.9788
2023-12-12 18:00:00,132.637,132.717,132.286,132.346,5.196
2023-12-12 19:00:00,132.177,132.687,132.096,132.616,3.8808
2023-12-12 20:00:00,132.487,132.557,132.026,132.187,6.4692
2024-01-02 14:00:00,142.437,143.036,141.396,142.026,9.444
2024-01-02 15:00:00,142.127,142.566,141.466,142.436,12.3096
2024-01-02 16:00:00,141.427,142.447,141.236,142.107,8.3268
2024-01-02 17:00:00,141.556,141.857,140.827,141.437,6.84
2024-01-02 18:00:00,140.937,141.607,140.786,141.566,7.1316
2024-01-02 19:00:00,141.756,141.817,140.846,140.947,5.6412
2024-01-02 20:00:00,141.157,141.847,140.836,141.766,4.854
2024-01-03 14:00:00,138.016,138.857,137.816,138.407,7.5144
2024-01-03 15:00:00,137.386,138.317,137.236,138.027,8.748
2024-01-03 16:00:00,137.646,137.837,137.336,137.387,6.6564
2024-01-03 17:00:00,138.007,138.067,137.616,137.647,4.2252
2024-01-03 18:00:00,138.157,138.367,137.986,138.017,3.4608
2024-01-03 19:00:00,138.187,138.416,137.936,138.146,5.0808
2024-01-03 20:00:00,137.096,138.197,136.916,138.197,8.94
2024-01-04 13:00:00,154.797,155.667,150.556,150.556,7.7784
2024-01-04 14:00:00,154.797,155.477,154.386,154.777,10.0632
2024-01-04 15:00:00,154.736,155.527,154.466,154.806,7.7952
2024-01-04 16:00:00,154.917,155.256,154.716,154.746,5.8968
2024-01-04 17:00:00,154.966,155.136,154.726,154.906,5.0904
2024-01-04 18:00:00,155.066,155.227,154.726,154.966,4.9284
2024-01-04 19:00:00,155.396,155.557,154.856,155.056,6.7368
2024-01-05 13:00:00,164.256,164.297,163.067,164.077,10.0572
2024-01-05 14:00:00,165.136,165.607,163.977,164.257,16.0896
2024-01-05 15:00:00,165.567,165.797,165.046,165.126,11.3496
2024-01-05 16:00:00,164.797,165.877,164.716,165.556,9.9876
2024-01-05 17:00:00,164.866,164.926,164.006,164.806,8.5956
2024-01-05 18:00:00,166.246,166.336,164.386,164.897,24.4284
2024-01-05 19:00:00,163.756,167.106,163.716,166.246,24.9864
2024-01-07 13:00:00,181.677,183.857,181.296,183.026,5.8008
2024-01-07 14:00:00,182.227,182.837,181.676,181.747,9.4308
2024-01-07 15:00:00,182.267,182.477,181.886,182.216,6.2616
2024-01-07 16:00:00,182.987,183.286,182.046,182.257,4.9476
2024-01-07 17:00:00,182.487,183.027,182.176,182.966,4.6692
2024-01-07 18:00:00,182.626,182.947,182.256,182.496,4.3548
2024-01-07 19:00:00,182.897,183.217,182.216,182.627,5.7456
2024-01-08 13:00:00,173.777,174.027,170.246,170.296,6.4788
2024-01-08 14:00:00,172.336,174.016,171.806,173.736,14.736
2024-01-08 15:00:00,170.237,172.577,170.217,172.376,13.3848
2024-01-08 16:00:00,169.997,170.987,169.906,170.227,10.9296
2024-01-08 17:00:00,170.007,170.206,169.156,170.006,10.4016
2024-01-08 18:00:00,169.316,170.136,168.856,169.987,10.0656
2024-01-08 19:00:00,170.747,170.776,169.006,169.277,15.0696
2024-01-10 13:00:00,166.186,169.127,165.746,167.706,7.6368
2024-01-10 14:00:00,165.537,166.407,164.607,166.166,14.4876
2024-01-10 15:00:00,165.886,166.317,164.586,165.547,10.3896
2024-01-10 16:00:00,166.257,166.537,165.506,165.877,9.8832
2024-01-10 17:00:00,167.217,167.256,165.696,166.247,10.1604
2024-01-10 18:00:00,167.786,167.817,167.187,167.196,7.59
2024-01-10 19:00:00,167.017,167.896,166.787,167.787,8.0244
2024-01-11 13:00:00,171.807,172.307,168.846,169.927,7.3944
2024-01-11 14:00:00,171.417,171.886,170.307,171.816,16.3476
2024-01-11 15:00:00,171.367,171.647,170.856,171.407,13.0008
2024-01-11 16:00:00,172.047,172.166,171.306,171.366,10.8984
2024-01-11 17:00:00,171.116,172.147,171.066,172.057,13.38
2024-01-11 18:00:00,171.136,171.406,170.846,171.117,10.332
2024-01-11 19:00:00,171.266,172.007,170.846,171.117,13.5096
2024-02-01 14:00:00,136.646,139.436,136.567,138.537,10.1472
2024-02-01 15:00:00,136.816,137.637,136.467,136.637,12.6072
2024-02-01 16:00:00,137.916,137.917,136.816,136.816,7.968
2024-02-01 17:00:00,137.446,138.187,137.436,137.917,7.3752
2024-02-01 18:00:00,137.687,138.057,137.376,137.446,6.2388
2024-02-01 19:00:00,137.276,137.767,137.266,137.686,5.2824
2024-02-01 20:00:00,138.186,138.267,137.066,137.287,8.106
2024-02-02 14:00:00,137.957,139.657,136.496,139.257,12.2352
2024-02-02 15:00:00,139.366,139.857,137.477,137.947,13.9668
2024-02-02 16:00:00,140.547,140.567,138.896,139.356,9.7932
2024-02-02 17:00:00,140.476,141.387,140.237,140.547,9.63
2024-02-02 18:00:00,140.746,140.787,140.257,140.486,9.2688
2024-02-02 19:00:00,141.776,142.107,140.746,140.746,8.9172
2024-02-02 20:00:00,142.377,142.526,141.536,141.787,9.3624
2024-02-04 13:00:00,152.957,154.037,152.126,153.486,7.4676
2024-02-04 14:00:00,153.006,153.857,152.637,152.956,9.7572
2024-02-04 15:00:00,152.727,153.126,152.716,152.997,1.4736
2024-02-04 16:00:00,153.767,153.976,153.396,153.657,4.554
2024-02-04 17:00:00,154.037,154.047,153.556,153.787,4.9716
2024-02-04 18:00:00,153.927,154.167,153.706,154.056,3.9648
2024-02-04 19:00:00,154.596,154.687,153.896,153.917,6.474
2024-02-05 13:00:00,165.456,165.707,163.856,164.687,8.5932
2024-02-05 14:00:00,165.266,165.976,164.536,165.446,14.9076
2024-02-05 15:00:00,165.107,165.396,164.466,165.266,9.9528
2024-02-05 16:00:00,164.997,165.317,164.657,165.117,9.5436
2024-02-05 17:00:00,165.577,165.657,164.936,165.006,8.0424
2024-02-05 18:00:00,166.367,166.407,165.496,165.576,8.2248
2024-02-05 19:00:00,166.647,166.706,165.636,166.377,12.5772
2024-02-07 13:00:00,182.077,182.596,181.536,181.966,5.3604
2024-02-07 14:00:00,183.476,183.647,181.637,182.086,12.156
2024-02-07 15:00:00,183.316,183.987,183.246,183.476,6.2148
2024-02-07 16:00:00,184.207,184.207,183.146,183.316,4.77
2024-02-07 17:00:00,184.977,185.127,184.196,184.207,5.358
2024-02-07 18:00:00,184.877,185.236,184.856,184.987,3.9912
2024-02-07 19:00:00,185.257,185.557,184.786,184.846,5.7264
2024-02-08 13:00:00,167.136,168.506,166.076,166.446,9.2988
2024-02-08 14:00:00,165.516,167.487,164.646,167.137,19.2948
2024-02-08 15:00:00,166.677,167.017,165.317,165.516,17.3208
2024-02-08 16:00:00,165.187,167.056,164.966,166.666,14.472
2024-02-08 17:00:00,165.456,165.697,164.976,165.176,12.6348
2024-02-08 18:00:00,165.666,165.927,164.856,165.446,10.6464
2024-02-08 19:00:00,166.586,166.767,165.496,165.656,14.5416
2024-02-10 13:00:00,165.517,167.506,164.976,166.416,6.654
2024-02-10 14:00:00,165.076,165.737,164.887,165.507,10.4244
2024-02-10 15:00:00,165.087,165.827,164.716,165.067,7.0224
2024-02-10 16:00:00,165.416,165.587,165.027,165.097,6.048
2024-02-10 17:00:00,165.716,165.777,165.186,165.406,5.544
2024-02-10 18:00:00,165.727,165.897,165.376,165.717,4.1268
2024-02-10 19:00:00,165.847,166.587,165.647,165.736,5.3004
2024-02-12 14:00:00,171.126,171.206,168.506,168.826,4.316
2024-02-12 15:00:00,170.967,171.966,170.796,171.147,6.173
2024-02-12 16:00:00,171.747,171.767,170.667,170.976,3.601
2024-02-12 17:00:00,171.416,171.957,171.366,171.747,2.536
2024-02-12 18:00:00,171.416,171.496,171.016,171.407,1.964
2024-02-12 19:00:00,171.356,171.537,171.166,171.386,2.117
2024-02-12 20:00:00,171.437,172.057,171.006,171.346,3.797
2024-03-01 14:00:00,137.826,138.537,137.046,137.146,11.4156
2024-03-01 15:00:00,138.666,138.717,137.616,137.827,15.4812
2024-03-01 16:00:00,138.756,138.937,138.456,138.676,10.9212
2024-03-01 17:00:00,139.217,139.246,138.546,138.767,7.758
2024-03-01 18:00:00,139.057,139.337,138.866,139.206,6.5712
2024-03-01 19:00:00,139.556,139.617,138.676,139.057,13.6572
2024-03-01 20:00:00,138.927,139.616,138.596,139.556,9.5064
2024-03-04 13:00:00,153.686,153.946,152.716,153.576,6.8892
2024-03-04 14:00:00,154.056,154.757,153.686,153.686,9.5748
2024-03-04 15:00:00,154.167,154.337,153.896,154.057,6.8832
2024-03-04 16:00:00,154.616,154.757,153.966,154.197,8.4468
2024-03-04 17:00:00,154.577,154.837,154.326,154.636,4.6992
2024-03-04 18:00:00,154.636,154.877,154.496,154.577,4.1628
2024-03-04 19:00:00,154.907,155.067,154.046,154.626,9.6408
2024-03-05 13:00:00,165.836,167.877,165.776,167.527,10.182
2024-03-05 14:00:00,163.927,166.326,163.036,165.866,20.9832
2024-03-05 15:00:00,165.246,165.737,163.877,163.936,12.204
2024-03-05 16:00:00,165.717,165.967,165.156,165.276,8.1108
2024-03-05 17:00:00,166.237,166.436,165.707,165.707,7.5792
2024-03-05 18:00:00,166.757,166.927,166.196,166.237,7.5912
2024-03-05 19:00:00,167.227,167.447,166.656,166.746,8.2776
2024-03-06 13:00:00,172.947,174.506,172.447,172.447,8.0736
2024-03-06 14:00:00,171.976,173.407,171.846,172.986,12.4176
2024-03-06 15:00:00,172.706,172.887,171.706,171.987,9.1788
2024-03-06 16:00:00,171.487,172.767,171.146,172.706,10.1844
2024-03-06 17:00:00,172.386,172.637,171.166,171.476,8.7828
2024-03-06 18:00:00,172.496,172.567,172.006,172.396,10.17
2024-03-06 19:00:00,173.196,173.197,171.956,172.496,10.1808
2024-03-07 13:00:00,184.797,185.756,183.966,184.817,5.1024
2024-03-07 14:00:00,185.047,185.057,184.146,184.796,9.3636
2024-03-07 15:00:00,185.797,185.936,184.906,185.047,6.9684
2024-03-07 16:00:00,185.777,186.067,185.546,185.787,7.5564
2024-03-09 13:00:00,160.467,161.797,159.646,161.626,5.8584
2024-03-09 14:00:00,158.967,160.567,158.736,160.497,12.0108
2024-03-09 15:00:00,158.937,159.386,158.796,158.966,7.4568
2024-03-09 16:00:00,158.946,159.347,158.676,158.937,5.3736
2024-03-09 17:00:00,158.407,159.197,158.336,158.946,5.2548
2024-03-09 18:00:00,157.586,158.447,157.466,158.416,7.158
2024-03-09 19:00:00,157.357,157.636,156.476,157.587,9.3372
2024-03-10 13:00:00,164.796,165.087,163.906,164.356,4.464
2024-03-10 14:00:00,164.997,165.697,164.346,164.796,17.1228
2024-03-10 15:00:00,165.977,166.047,164.936,164.997,10.5912
2024-03-10 16:00:00,165.917,166.467,165.806,165.987,9.0828
2024-03-10 17:00:00,166.066,166.627,165.737,165.917,8.766
2024-03-10 18:00:00,165.947,166.167,165.767,166.057,6.0528
2024-03-10 19:00:00,165.817,166.157,165.556,165.937,7.0152
2024-03-12 14:00:00,171.606,172.626,171.066,171.447,3.172
2024-03-12 15:00:00,171.676,172.197,170.876,171.607,5.237
2024-03-12 16:00:00,171.597,172.157,171.546,171.667,3.372
2024-03-12 17:00:00,171.377,171.677,171.056,171.596,2.047
2024-03-12 18:00:00,171.207,171.497,171.037,171.366,1.597
2024-03-12 19:00:00,171.377,171.436,171.097,171.206,1.499
2024-03-12 20:00:00,171.257,171.407,170.846,171.376,3.517
2024-04-01 14:00:00,138.286,138.827,137.996,138.376,9.6312
2024-04-01 15:00:00,138.456,138.787,138.056,138.296,12.1416
2024-04-01 16:00:00,138.057,139.147,138.026,138.477,8.3412
2024-04-01 17:00:00,137.477,138.197,137.297,138.057,7.674
2024-04-01 18:00:00,137.436,137.717,137.216,137.476,6.2244
2024-04-01 19:00:00,136.997,137.467,136.757,137.446,7.3404
2024-04-01 20:00:00,136.416,137.197,136.346,136.997,8.7036
2024-04-03 14:00:00,133.307,135.577,132.806,135.547,9.2556
2024-04-03 15:00:00,132.986,133.747,132.896,133.307,8.7277
2024-04-03 16:00:00,132.357,133.037,131.896,132.997,10.3992
2024-04-03 17:00:00,132.877,133.006,132.176,132.366,6.8304
2024-04-03 18:00:00,132.607,132.916,132.416,132.887,4.6356
2024-04-03 19:00:00,133.557,133.677,132.576,132.607,4.626
2024-04-03 20:00:00,133.287,133.847,133.196,133.577,8.142
2024-04-04 13:00:00,152.596,153.957,152.176,153.457,7.7568
2024-04-04 14:00:00,153.366,153.537,152.246,152.576,7.4568
2024-04-04 15:00:00,154.536,154.537,153.346,153.366,6.2004
2024-04-04 16:00:00,154.216,154.767,154.116,154.536,5.958
2024-04-04 17:00:00,154.077,154.566,154.056,154.227,4.506
2024-04-04 18:00:00,152.107,154.076,151.806,154.067,17.2224
2024-04-04 19:00:00,150.556,152.167,150.436,152.107,18.282
2024-04-06 13:00:00,172.807,173.596,171.897,173.166,4.4424
2024-04-06 14:00:00,172.786,173.657,172.067,172.836,10.95
2024-04-06 15:00:00,172.656,173.217,172.626,172.797,6.4152
2024-04-06 16:00:00,172.337,172.747,172.176,172.676,5.4864
2024-04-06 17:00:00,172.066,172.547,171.877,172.337,5.748
2024-04-06 18:00:00,172.976,173.287,172.046,172.056,6.4392
2024-04-06 19:00:00,173.766,173.827,172.396,172.967,8.4864
2024-04-09 13:00:00,157.767,158.977,156.387,156.627,6.648
2024-04-09 14:00:00,158.167,158.197,156.967,157.727,13.0476
2024-04-09 15:00:00,157.077,158.387,156.856,158.176,7.05
2024-04-09 16:00:00,157.217,157.557,156.776,157.087,5.6832
2024-04-09 17:00:00,156.216,157.227,155.966,157.226,5.0388
2024-04-09 18:00:00,156.426,156.867,156.107,156.217,5.5872
2024-04-09 19:00:00,156.407,156.937,156.246,156.417,8.7024
2024-04-10 13:00:00,166.556,168.206,166.427,168.087,6.1908
2024-04-10 14:00:00,166.277,166.917,165.627,166.576,15.1896
2024-04-10 15:00:00,166.366,166.667,165.477,166.266,12.7308
2024-04-10 16:00:00,166.307,166.476,165.916,166.366,8.5632
2024-04-10 17:00:00,165.867,166.387,165.746,166.317,7.6644
2024-04-10 18:00:00,166.147,166.227,165.686,165.857,6.9804
2024-04-10 19:00:00,167.016,167.166,166.026,166.146,7.4508
2024-04-11 14:00:00,169.146,170.637,168.076,169.797,5.5536
2024-04-11 15:00:00,169.517,169.786,168.996,169.186,6.3936
2024-04-11 16:00:00,168.316,169.737,168.006,169.516,6.0072
2024-04-11 17:00:00,169.226,169.267,168.036,168.316,5.0964
2024-04-11 18:00:00,169.346,169.697,169.046,169.226,4.698
2024-04-11 19:00:00,169.537,169.746,169.346,169.346,3.354
2024-04-11 20:00:00,169.267,169.657,168.986,169.526,5.9532
2024-04-12 14:00:00,173.067,173.246,171.046,171.046,3.986
2024-04-12 15:00:00,173.957,174.096,172.216,173.077,9.373
2024-04-12 16:00:00,173.527,174.047,173.316,173.957,4.689
2024-04-12 17:00:00,173.986,174.037,172.826,173.556,4.191
2024-04-12 18:00:00,174.367,174.597,173.956,173.997,4.333
2024-04-12 19:00:00,174.666,174.676,174.206,174.356,3.978
2024-04-12 20:00:00,174.347,174.877,174.166,174.637,5.09
2024-05-01 14:00:00,136.546,137.057,136.246,136.697,8.0496
2024-05-01 15:00:00,136.577,137.136,136.376,136.557,11.9628
2024-05-01 16:00:00,135.976,136.707,135.636,136.567,9.5364
2024-05-01 17:00:00,135.907,136.097,135.476,135.967,8.4948
2024-05-01 18:00:00,135.906,136.077,135.486,135.886,8.5164
2024-05-01 19:00:00,135.337,136.027,135.256,135.907,7.428
2024-05-01 20:00:00,135.707,135.796,135.136,135.326,6.3768
2024-05-02 14:00:00,144.817,145.207,142.756,142.846,9.1356
2024-05-02 15:00:00,143.696,145.456,143.346,144.807,14.0364
2024-05-02 16:00:00,143.586,143.847,143.246,143.687,9.5004
2024-05-02 17:00:00,144.026,144.106,143.226,143.577,7.626
2024-05-02 18:00:00,143.417,144.407,143.216,144.017,6.3984
2024-05-02 19:00:00,144.057,144.147,143.217,143.427,5.8572
2024-05-02 20:00:00,143.586,144.047,143.377,144.046,7.4196
2024-05-03 14:00:00,131.966,133.227,131.796,131.886,8.088
2024-05-03 15:00:00,130.897,132.347,130.656,131.966,10.2957
2024-05-03 16:00:00,131.807,131.827,130.836,130.857,6.633
2024-05-03 17:00:00,132.796,133.127,131.796,131.796,5.4009
2024-05-03 18:00:00,132.367,132.967,132.346,132.786,5.0949
2024-05-03 19:00:00,132.117,132.557,132.046,132.357,4.5882
2024-05-03 20:00:00,132.667,132.707,131.936,132.107,4.3344
2024-05-04 13:00:00,152.797,152.817,149.576,150.067,7.7448
2024-05-04 14:00:00,152.856,152.987,151.637,152.796,11.3148
2024-05-04 15:00:00,153.097,153.217,152.197,152.836,11.0916
2024-05-04 16:00:00,153.217,153.417,152.876,153.106,7.464
2024-05-04 17:00:00,152.707,153.317,152.556,153.206,8.4684
2024-05-04 18:00:00,152.356,152.987,152.106,152.716,12.9732
2024-05-04 19:00:00,152.437,152.787,152.136,152.356,8.8296
2024-05-06 13:00:00,176.227,176.637,174.746,175.176,6.1788
2024-05-06 14:00:00,175.127,176.477,175.006,176.277,10.1232
2024-05-06 15:00:00,174.116,175.636,174.096,175.126,6.1068
2024-05-06 16:00:00,174.377,174.647,173.926,174.096,4.5588
2024-05-06 17:00:00,174.976,175.156,174.386,174.396,4.5
2024-05-06 18:00:00,174.796,175.007,174.476,174.966,3.78
2024-05-06 19:00:00,175.436,175.436,174.716,174.796,6.4728
2024-05-07 13:00:00,189.197,189.367,185.796,185.816,5.0976
2024-05-07 14:00:00,189.367,189.987,188.496,189.207,7.9932
2024-05-07 15:00:00,190.316,190.427,189.206,189.367,5.1564
2024-05-07 16:00:00,190.157,190.417,189.886,190.306,3.7992
2024-05-07 17:00:00,190.157,190.697,190.077,190.097,3.2184
2024-05-07 18:00:00,190.567,190.737,190.027,190.167,2.982
2024-05-07 19:00:00,190.586,190.846,190.357,190.566,4.2972
2024-05-08 13:00:00,160.477,162.306,154.917,155.397,12.0507
2024-05-08 14:00:00,162.306,162.876,160.477,160.477,17.676
2024-05-08 15:00:00,162.707,164.407,161.597,162.306,13.131
2024-05-08 16:00:00,162.337,163.627,162.186,162.686,9.6543
2024-05-08 17:00:00,162.877,163.476,162.326,162.337,11.1996
2024-05-08 18:00:00,158.836,162.937,157.536,162.886,15.1266
2024-05-08 19:00:00,159.207,160.197,158.496,158.837,19.9476
2024-05-09 13:00:00,158.367,159.416,155.966,156.086,7.6956
2024-05-09 14:00:00,157.997,159.237,157.766,158.387,13.704
2024-05-09 15:00:00,156.827,158.077,156.757,158.006,11.4336
2024-05-09 16:00:00,156.707,157.197,156.536,156.817,8.1108
2024-05-09 17:00:00,157.587,157.587,156.496,156.707,7.0536
2024-05-09 18:00:00,157.246,157.746,157.106,157.587,6.5892
2024-05-09 19:00:00,157.236,157.327,156.547,157.237,8.5536
2024-05-11 14:00:00,169.687,170.037,168.826,169.347,6.0732
2024-05-11 15:00:00,169.316,170.087,169.087,169.717,8.0244
2024-05-11 16:00:00,169.496,169.956,169.216,169.307,5.7408
2024-05-11 17:00:00,170.227,170.516,169.506,169.507,4.8672
2024-05-11 18:00:00,169.686,170.377,169.616,170.227,4.422
2024-05-11 19:00:00,169.787,169.997,169.577,169.676,4.308
2024-05-11 20:00:00,169.706,170.037,169.336,169.767,5.6412
2024-05-12 14:00:00,174.306,175.977,173.866,175.436,3.16
2024-05-12 15:00:00,173.697,174.867,173.406,174.347,4.711
2024-05-12 16:00:00,173.667,174.117,173.456,173.717,3.096
2024-05-12 17:00:00,173.367,174.057,173.326,173.626,2.25
2024-05-12 18:00:00,173.607,173.827,173.166,173.367,2.477
2024-05-12 19:00:00,173.306,173.687,173.216,173.607,1.957
2024-05-12 20:00:00,172.637,173.406,172.317,173.287,4.098
2024-06-02 14:00:00,144.286,145.327,144.246,144.597,8.166
2024-06-02 15:00:00,144.216,144.537,143.696,144.267,13.6056
2024-06-02 16:00:00,144.117,144.737,144.017,144.207,10.302
2024-06-02 17:00:00,143.546,144.246,143.346,144.127,10.0212
2024-06-02 18:00:00,143.727,143.947,143.516,143.556,6.8328
2024-06-02 19:00:00,143.637,143.757,143.176,143.716,4.9956
2024-06-02 20:00:00,144.127,144.167,143.386,143.646,5.5872
2024-06-03 14:00:00,131.876,133.566,131.667,133.146,5.3004
2024-06-03 15:00:00,131.127,131.877,130.837,131.877,8.3364
2024-06-03 16:00:00,131.497,131.587,131.126,131.126,7.5288
2024-06-03 17:00:00,131.467,132.077,131.336,131.506,6.4692
2024-06-03 18:00:00,131.607,131.877,130.996,131.477,8.8788
2024-06-03 19:00:00,131.167,131.737,131.046,131.597,11.406
2024-06-03 20:00:00,131.396,131.557,131.126,131.157,9.2364
2024-06-05 13:00:00,167.147,168.097,166.197,167.436,6.4908
2024-06-05 14:00:00,166.506,167.206,166.017,167.146,9.252
2024-06-05 15:00:00,166.726,167.266,166.336,166.507,5.9628
2024-06-05 16:00:00,167.197,167.237,166.176,166.716,5.3736
2024-06-05 17:00:00,167.076,167.357,166.776,167.197,4.3296
2024-06-05 18:00:00,167.447,167.527,167.046,167.077,4.2276
2024-06-05 19:00:00,168.086,168.117,166.796,167.447,5.8608
2024-06-06 13:00:00,176.577,177.126,175.736,175.807,6.684
2024-06-06 14:00:00,176.406,176.877,175.896,176.586,7.7004
2024-06-06 15:00:00,176.196,176.557,175.797,176.406,5.1108
2024-06-06 16:00:00,176.496,176.687,176.187,176.196,4.77
2024-06-06 17:00:00,176.876,177.086,176.426,176.497,4.5216
2024-06-06 18:00:00,176.756,176.927,176.436,176.876,5.5692
2024-06-06 19:00:00,176.776,177.137,176.437,176.756,5.7264
2024-06-08 13:00:00,156.947,159.337,156.406,159.297,8.1204
2024-06-08 14:00:00,159.306,159.567,156.527,156.947,18.8652
2024-06-08 15:00:00,159.397,159.527,158.506,159.316,14.5824
2024-06-08 16:00:00,159.847,160.047,158.977,159.407,10.05
2024-06-08 17:00:00,159.376,160.097,158.986,159.856,9.7608
2024-06-08 18:00:00,159.677,160.557,158.816,159.396,11.4348
2024-06-08 19:00:00,158.267,159.707,158.076,159.666,19.9488
2024-06-09 13:00:00,154.816,157.817,154.687,157.247,9.114
2024-06-09 14:00:00,153.316,155.157,152.946,154.837,18.8424
2024-06-09 15:00:00,151.996,153.987,151.886,153.316,18.9861
2024-06-09 16:00:00,151.546,152.087,151.326,151.986,8.8155
2024-06-09 17:00:00,151.626,151.997,151.536,151.557,8.0316
2024-06-09 18:00:00,151.796,152.017,151.266,151.616,6.6789
2024-06-09 19:00:00,150.907,151.967,150.567,151.827,10.1454
2024-06-11 14:00:00,174.686,175.546,173.476,173.746,9.8352
2024-06-11 15:00:00,175.026,176.576,174.527,174.706,16.6608
2024-06-11 16:00:00,175.486,175.797,174.617,175.036,11.946
2024-06-11 17:00:00,175.017,175.547,175.016,175.486,9.2904
2024-06-11 18:00:00,175.976,176.097,174.986,175.016,8.61
2024-06-11 19:00:00,176.417,176.477,175.906,175.977,8.0448
2024-06-11 20:00:00,176.477,176.866,176.086,176.407,11.9388
2024-06-12 14:00:00,173.797,174.107,171.606,172.096,3.177
2024-06-12 15:00:00,174.097,174.607,173.586,173.816,4.323
2024-06-12 16:00:00,174.686,175.076,174.056,174.096,3.153
2024-06-12 17:00:00,174.597,174.777,174.276,174.707,2.228
2024-06-12 18:00:00,174.757,175.017,174.496,174.577,2.105
2024-06-12 19:00:00,174.486,174.836,174.246,174.756,1.969
2024-06-12 20:00:00,174.697,174.867,174.276,174.457,3.017
2024-07-02 14:00:00,144.207,144.967,144.096,144.746,7.938
2024-07-02 15:00:00,144.646,145.297,143.916,144.196,13.4112
2024-07-02 16:00:00,145.046,145.337,144.447,144.656,9.7416
2024-07-02 17:00:00,144.866,145.347,144.616,145.047,6.5484
2024-07-02 18:00:00,145.126,145.386,144.577,144.867,4.8948
2024-07-02 19:00:00,145.246,145.377,145.046,145.116,2.2896
2024-07-02 20:00:00,145.497,145.607,145.197,145.236,3.186
2024-07-03 14:00:00,132.457,132.827,131.596,132.717,6.204
2024-07-03 15:00:00,133.326,133.636,132.356,132.447,7.9584
2024-07-03 16:00:00,134.297,134.567,133.256,133.326,7.0944
2024-07-03 17:00:00,134.636,134.657,134.136,134.317,6.8148
2024-07-03 18:00:00,134.817,134.927,134.296,134.627,6.3024
2024-07-03 19:00:00,134.617,134.907,134.446,134.826,4.6152
2024-07-03 20:00:00,134.336,134.927,134.266,134.607,5.1996
2024-07-05 13:00:00,170.067,171.057,168.197,168.216,7.2636
2024-07-05 14:00:00,170.697,170.726,169.636,170.086,8.64
2024-07-05 15:00:00,170.886,171.027,170.497,170.696,5.6112
2024-07-05 16:00:00,171.247,171.747,170.846,170.877,6.1068
2024-07-05 17:00:00,170.767,171.387,170.647,171.257,5.1132
2024-07-05 18:00:00,170.887,170.907,170.446,170.777,5.688
2024-07-05 19:00:00,171.277,171.406,170.416,170.887,6.6636
2024-07-06 13:00:00,176.846,177.847,176.276,176.976,6.8484
2024-07-06 14:00:00,176.957,177.317,176.316,176.846,7.0176
2024-07-06 15:00:00,176.887,177.187,176.336,176.956,6.2232
2024-07-06 16:00:00,177.116,177.127,176.556,176.897,4.9884
2024-07-06 17:00:00,176.417,177.127,176.206,177.117,4.1796
2024-07-06 18:00:00,175.927,176.406,175.007,176.397,7.9008
2024-07-06 19:00:00,174.457,176.127,174.276,175.926,10.2324
2024-07-08 13:00:00,161.477,162.146,160.436,161.247,8.8608
2024-07-08 14:00:00,162.126,162.957,161.087,161.487,12.9252
2024-07-08 15:00:00,161.006,162.167,160.047,162.127,9.9372
2024-07-08 16:00:00,160.007,161.166,160.006,161.027,11.2956
2024-07-08 17:00:00,158.927,160.137,158.726,159.997,11.3772
2024-07-08 18:00:00,159.306,159.396,158.466,158.916,12.5412
2024-07-08 19:00:00,158.906,160.067,158.527,159.297,13.0356
2024-07-10 13:00:00,166.036,168.437,165.876,167.656,7.0488
2024-07-10 14:00:00,166.257,167.017,165.976,166.056,11.6808
2024-07-10 15:00:00,165.766,166.256,165.636,166.256,9.0816
2024-07-10 16:00:00,165.166,165.877,165.056,165.777,7.9428
2024-07-10 17:00:00,164.846,165.326,164.526,165.167,7.1568
2024-07-10 18:00:00,163.176,164.877,162.946,164.837,11.0412
2024-07-10 19:00:00,162.996,163.657,162.746,163.167,11.4336
2024-07-11 14:00:00,178.366,179.257,177.166,177.346,5.1756
2024-07-11 15:00:00,178.756,178.766,177.617,178.367,8.0556
2024-07-11 16:00:00,179.927,179.946,178.647,178.767,4.8264
2024-07-11 17:00:00,179.556,179.956,179.156,179.927,4.4724
2024-07-11 18:00:00,179.717,179.746,179.246,179.577,4.2108
2024-07-11 19:00:00,180.806,180.827,179.597,179.716,5.9292
2024-07-11 20:00:00,180.737,181.067,180.417,180.807,7.272
2024-08-01 14:00:00,137.027,137.147,136.226,136.256,8.1228
2024-08-01 15:00:00,137.307,137.467,136.587,137.016,9.1116
2024-08-01 16:00:00,137.737,137.787,137.256,137.317,8.3304
2024-08-01 17:00:00,137.897,138.217,137.646,137.727,5.748
2024-08-01 18:00:00,138.256,138.337,137.696,137.886,3.6456
2024-08-01 19:00:00,138.747,138.847,138.166,138.267,4.4052
2024-08-01 20:00:00,138.786,138.977,138.526,138.737,7.1184
2024-08-02 14:00:00,145.357,146.307,145.097,145.716,7.4556
2024-08-02 15:00:00,146.107,146.177,145.316,145.376,8.1276
2024-08-02 16:00:00,145.817,146.136,145.626,146.097,5.2236
2024-08-02 17:00:00,145.726,146.156,145.676,145.807,3.894
2024-08-02 18:00:00,145.457,146.016,145.387,145.727,3.6744
2024-08-02 19:00:00,145.706,145.777,145.196,145.467,3.0288
2024-08-02 20:00:00,145.906,146.077,145.676,145.696,2.94
2024-08-03 14:00:00,136.887,136.937,133.986,134.087,8.0748
2024-08-03 15:00:00,137.776,137.867,136.876,136.896,10.2156
2024-08-03 16:00:00,136.857,138.067,136.856,137.787,14.9688
2024-08-03 17:00:00,136.136,137.187,136.086,136.866,11.5536
2024-08-03 18:00:00,135.707,136.157,134.966,136.126,9.2772
2024-08-03 19:00:00,136.006,136.227,135.107,135.716,7.7388
2024-08-03 20:00:00,135.387,136.106,135.127,135.996,10.5708
2024-08-04 13:00:00,154.926,155.006,152.567,152.656,7.8396
2024-08-04 14:00:00,155.076,155.257,154.557,154.916,12.9744
2024-08-04 15:00:00,154.507,155.247,154.336,155.086,10.8396
2024-08-04 16:00:00,154.806,154.837,153.946,154.507,9.4632
2024-08-04 17:00:00,154.526,154.847,154.207,154.806,4.9188
2024-08-04 18:00:00,154.556,154.677,154.326,154.537,4.0644
2024-08-04 19:00:00,154.877,155.017,154.366,154.567,5.9136
2024-08-05 13:00:00,169.746,169.757,168.696,168.886,7.3548
2024-08-05 14:00:00,169.717,170.137,169.436,169.786,8.5884
2024-08-05 15:00:00,169.757,170.117,169.407,169.716,6.4524
2024-08-05 16:00:00,169.487,170.077,169.416,169.737,5.8212
2024-08-05 17:00:00,169.697,169.727,169.197,169.486,5.2404
2024-08-05 18:00:00,169.737,169.897,169.546,169.707,4.3368
2024-08-05 19:00:00,169.336,169.797,169.256,169.726,5.6112
2024-08-07 13:00:00,188.186,189.956,187.786,189.836,5.7168
2024-08-07 14:00:00,188.957,188.977,187.776,188.196,7.6776
2024-08-07 15:00:00,189.767,190.157,188.947,188.957,4.956
2024-08-07 16:00:00,189.226,189.777,188.977,189.757,3.9672
2024-08-07 17:00:00,189.236,189.637,189.076,189.236,3.2172
2024-08-07 18:00:00,189.196,189.477,189.076,189.246,2.7912
2024-08-07 19:00:00,189.006,189.246,188.576,189.206,4.554
2024-08-08 13:00:00,161.187,161.326,160.157,160.556,8.0016
2024-08-08 14:00:00,162.656,163.037,161.006,161.196,15.5736
2024-08-08 15:00:00,162.956,163.036,162.096,162.667,10.758
2024-08-08 16:00:00,163.087,163.677,162.726,162.957,7.6452
2024-08-08 17:00:00,163.136,163.517,162.726,163.096,6.4092
2024-08-08 18:00:00,163.017,163.507,162.747,163.127,5.46
2024-08-08 19:00:00,162.067,163.497,161.666,163.006,12.4812
2024-08-10 13:00:00,163.667,164.237,163.116,163.897,4.002
2024-08-10 14:00:00,164.047,164.716,163.707,163.717,7.7688
2024-08-10 15:00:00,164.096,164.287,163.766,164.046,4.89
2024-08-10 16:00:00,163.697,164.096,163.337,164.096,4.6428
2024-08-10 17:00:00,163.067,163.757,162.936,163.696,4.1856
2024-08-10 18:00:00,163.287,163.367,162.856,163.066,3.0108
2024-08-10 19:00:00,164.346,164.476,163.076,163.276,5.2056
2024-08-11 14:00:00,179.267,180.837,178.937,180.526,4.17
2024-08-11 15:00:00,178.307,179.836,178.246,179.277,5.9196
2024-08-11 16:00:00,179.036,179.077,178.066,178.317,3.852
2024-08-11 17:00:00,178.896,179.096,178.696,179.047,2.7528
2024-08-11 18:00:00,178.897,178.947,178.276,178.907,2.5644
2024-08-11 19:00:00,179.207,179.267,178.567,178.886,2.0364
2024-08-11 20:00:00,178.296,179.227,178.176,179.197,4.9404
2024-09-01 14:00:00,139.527,139.817,138.136,138.326,10.8504
2024-09-01 15:00:00,139.926,140.147,139.316,139.536,13.0068
2024-09-01 16:00:00,140.957,140.957,139.926,139.927,8.6496
2024-09-01 17:00:00,141.207,141.347,140.746,140.977,7.824
2024-09-01 18:00:00,140.937,141.476,140.696,141.216,8.322
2024-09-01 19:00:00,140.707,141.107,140.596,140.947,7.6932
2024-09-01 20:00:00,140.927,141.017,140.386,140.717,8.3916
2024-09-02 14:00:00,147.286,147.317,146.156,146.636,6.984
2024-09-02 15:00:00,148.477,148.537,146.796,147.297,10.4256
2024-09-02 16:00:00,148.706,148.986,148.346,148.496,8.0532
2024-09-02 17:00:00,149.167,149.317,148.546,148.697,4.7784
2024-09-02 18:00:00,148.897,149.427,148.826,149.176,3.7248
2024-09-02 19:00:00,149.156,149.317,148.736,148.877,3.7032
2024-09-02 20:00:00,149.016,149.227,148.796,149.176,5.4912
2024-09-04 13:00:00,157.766,157.987,155.946,155.946,7.9536
2024-09-04 14:00:00,156.016,158.557,155.756,157.767,13.9116
2024-09-04 15:00:00,155.837,156.316,155.286,156.017,9.7164
2024-09-04 16:00:00,156.617,157.157,155.806,155.826,7.4916
2024-09-04 17:00:00,156.167,156.997,156.127,156.606,6.6648
2024-09-04 18:00:00,155.716,156.236,155.656,156.177,6.624
2024-09-04 19:00:00,156.577,156.627,155.176,155.707,9.5328
2024-09-05 13:00:00,168.797,170.596,168.616,169.337,7.3488
2024-09-05 14:00:00,169.017,169.136,168.176,168.806,9.8772
2024-09-05 15:00:00,168.966,169.377,168.876,169.006,7.0188
2024-09-05 16:00:00,169.236,169.337,168.866,168.956,6.2268
2024-09-05 17:00:00,169.017,169.397,168.996,169.226,7.6668
2024-09-05 18:00:00,169.407,169.487,168.897,169.007,5.6832
2024-09-05 19:00:00,169.947,169.987,169.296,169.396,8.5116
2024-09-07 13:00:00,190.446,191.317,189.857,190.087,6.9396
2024-09-07 14:00:00,190.456,190.597,189.926,190.447,10.3848
2024-09-07 15:00:00,189.757,190.486,189.576,190.437,5.1744
2024-09-07 16:00:00,189.157,190.006,188.807,189.756,4.6272
2024-09-07 17:00:00,189.487,189.497,188.786,189.156,4.1196
2024-09-07 18:00:00,189.167,189.766,189.036,189.507,3.3012
2024-09-07 19:00:00,188.987,189.287,188.707,189.137,4.5192
2024-09-08 13:00:00,160.147,161.017,159.046,159.876,6.4428
2024-09-08 14:00:00,160.127,160.557,159.066,160.186,11.274
2024-09-08 15:00:00,159.767,160.267,159.547,160.117,5.568
2024-09-08 16:00:00,159.926,159.957,159.306,159.796,3.6378
2024-09-08 17:00:00,161.217,161.477,159.856,159.937,4.1553
2024-09-08 18:00:00,161.717,161.937,161.147,161.227,3.7197
2024-09-08 19:00:00,163.576,163.757,161.606,161.706,5.5458
2024-09-09 13:00:00,152.577,153.387,152.046,152.397,6.1968
2024-09-09 14:00:00,148.957,152.597,148.956,152.587,14.742
2024-09-09 15:00:00,149.276,149.286,147.996,148.957,11.9364
2024-09-09 16:00:00,149.526,149.897,148.596,149.277,7.3188
2024-09-09 17:00:00,149.227,149.627,148.996,149.526,7.9368
2024-09-09 18:00:00,148.167,149.276,147.996,149.217,8.73
2024-09-09 19:00:00,148.716,148.786,147.206,148.166,11.7384
2024-09-10 13:00:00,161.576,164.806,161.156,163.346,6.9708
2024-09-10 14:00:00,161.757,162.227,159.716,161.576,9.5985
2024-09-10 15:00:00,162.066,162.096,161.026,161.756,6.1794
2024-09-10 16:00:00,160.597,162.097,160.557,162.097,4.7611
2024-09-10 17:00:00,160.497,160.987,160.326,160.596,4.8438
2024-09-10 18:00:00,160.836,161.027,160.216,160.487,5.0364
2024-09-10 19:00:00,161.816,161.956,160.527,160.837,6.4413
2024-09-12 14:00:00,174.706,175.317,173.567,173.896,2.7
2024-09-12 15:00:00,174.276,175.006,173.926,174.717,5.522
2024-09-12 16:00:00,175.827,176.037,174.176,174.307,4.904
2024-09-12 17:00:00,175.946,176.257,175.627,175.827,2.989
2024-09-12 18:00:00,175.786,176.136,175.636,175.947,2.575
2024-09-12 19:00:00,175.246,175.836,174.846,175.787,2.998
2024-09-12 20:00:00,175.397,175.567,174.917,175.246,5.035
2024-10-01 14:00:00,141.727,142.467,140.887,140.997,9.276
2024-10-01 15:00:00,141.867,141.887,140.976,141.717,10.8276
2024-10-01 16:00:00,141.727,142.026,141.396,141.867,7.9356
2024-10-01 17:00:00,142.247,142.287,141.596,141.736,5.352
2024-10-01 18:00:00,142.337,142.507,142.127,142.256,7.5552
2024-10-01 19:00:00,142.766,142.986,142.336,142.336,5.22
2024-10-01 20:00:00,142.227,142.776,141.786,142.756,10.4172
2024-10-04 13:00:00,155.216,156.597,154.687,156.206,11.2884
2024-10-04 14:00:00,155.477,155.846,155.116,155.226,17.9796
2024-10-04 15:00:00,155.317,155.527,154.676,155.487,11.1384
2024-10-04 16:00:00,155.647,155.857,155.006,155.317,8.3364
2024-10-04 17:00:00,155.906,156.357,154.937,155.647,15.018
2024-10-04 18:00:00,155.816,156.487,155.686,155.907,14.8788
2024-10-04 19:00:00,156.066,156.467,155.687,155.817,11.9568
2024-10-05 13:00:00,168.126,168.496,167.147,167.887,5.736
2024-10-05 14:00:00,167.736,168.676,167.516,168.067,10.5312
2024-10-05 15:00:00,167.777,168.207,167.346,167.737,7.1628
2024-10-05 16:00:00,167.647,167.927,167.456,167.767,5.5392
2024-10-05 17:00:00,168.857,169.826,166.177,167.646,8.0604
2024-10-05 18:00:00,168.857,169.317,168.186,168.846,6.1608
2024-10-05 19:00:00,168.597,168.957,168.356,168.846,6.558
2024-10-06 13:00:00,172.837,175.146,172.756,174.857,6.624
2024-10-06 14:00:00,173.607,173.706,172.766,172.826,8.9592
2024-10-06 15:00:00,173.767,173.837,173.096,173.617,7.3128
2024-10-06 16:00:00,173.807,173.997,173.516,173.767,5.976
2024-10-06 17:00:00,173.996,174.097,173.336,173.797,6.6828
2024-10-06 18:00:00,175.127,177.037,173.676,173.977,11.4348
2024-10-06 19:00:00,175.066,175.417,174.607,175.116,9.4968
2024-10-07 13:00:00,190.676,190.837,189.017,189.106,4.422
2024-10-07 14:00:00,189.736,190.867,189.556,190.696,5.8308
2024-10-07 15:00:00,190.287,190.357,189.326,189.736,3.924
2024-10-07 16:00:00,190.707,190.837,189.797,190.287,3.366
2024-10-07 17:00:00,191.337,191.397,190.626,190.697,3.0084
2024-10-07 18:00:00,191.276,191.737,191.096,191.347,2.736
2024-10-07 19:00:00,191.167,191.387,190.516,191.256,4.854
2024-10-09 13:00:00,150.066,151.216,149.506,150.486,6.636
2024-10-09 14:00:00,149.147,150.266,148.796,150.076,15.3045
2024-10-09 15:00:00,148.516,149.837,148.506,149.136,10.0359
2024-10-09 16:00:00,149.277,149.437,148.306,148.516,10.3872
2024-10-09 17:00:00,149.496,149.687,149.167,149.287,8.2716
2024-10-09 18:00:00,150.087,150.417,149.496,149.497,7.3284
2024-10-09 19:00:00,148.636,150.217,148.597,150.086,8.9796
2024-10-10 13:00:00,161.546,161.826,160.366,160.757,3.5871
2024-10-10 14:00:00,161.937,162.567,161.396,161.576,6.7959
2024-10-10 15:00:00,162.717,162.727,161.716,161.957,3.5028
2024-10-10 16:00:00,162.557,163.057,162.366,162.726,3.3966
2024-10-10 17:00:00,162.416,162.597,161.846,162.567,3.3075
2024-10-10 18:00:00,162.256,162.427,161.916,162.416,2.6568
2024-10-10 19:00:00,162.067,162.337,161.906,162.237,3.6513
2024-10-12 14:00:00,184.107,186.296,181.556,182.777,8.799
2024-10-12 15:00:00,181.997,185.457,181.846,184.117,9.479
2024-10-12 16:00:00,183.137,183.227,181.016,181.997,7.05
2024-10-12 17:00:00,183.567,184.047,182.876,183.147,5.215
2024-10-12 18:00:00,184.536,184.846,183.516,183.556,4.196
2024-10-12 19:00:00,184.326,184.997,183.676,184.547,4.444
2024-10-12 20:00:00,185.206,185.397,183.766,184.326,6.183
2024-11-01 14:00:00,143.456,145.207,143.076,143.376,10.668
2024-11-01 15:00:00,142.097,143.537,142.006,143.477,16.6944
2024-11-01 16:00:00,140.996,142.257,140.966,142.106,12.6096
2024-11-01 17:00:00,140.807,141.297,140.617,140.987,10.6512
2024-11-01 18:00:00,141.707,141.776,140.787,140.797,10.1532
2024-11-01 19:00:00,142.277,142.317,141.496,141.717,9.144
2024-11-01 20:00:00,142.076,142.306,141.637,142.276,9.3552
2024-11-03 13:00:00,137.597,138.007,136.166,136.167,8.5428
2024-11-03 14:00:00,138.206,138.436,137.476,137.587,11.124
2024-11-03 15:00:00,139.016,139.046,137.946,138.196,8.9112
2024-11-03 16:00:00,138.726,139.086,138.306,139.026,6.672
2024-11-03 17:00:00,138.427,138.787,138.316,138.737,6.3816
2024-11-03 18:00:00,138.537,138.657,138.306,138.436,4.7964
2024-11-03 19:00:00,137.697,138.596,137.566,138.527,6.24
2024-11-04 13:00:00,157.097,157.877,156.576,156.636,8.046
2024-11-04 14:00:00,157.136,157.517,156.446,157.106,12.9624
2024-11-04 15:00:00,158.226,158.246,157.146,157.146,8.6436
2024-11-04 16:00:00,157.926,158.367,157.887,158.236,7.6896
2024-11-04 17:00:00,158.947,158.996,157.716,157.916,9.0912
2024-11-04 18:00:00,159.277,159.536,158.897,158.956,7.3452
2024-11-04 19:00:00,159.337,159.596,159.006,159.287,6.798
2024-11-06 13:00:00,174.806,176.827,174.247,176.107,5.9052
2024-11-06 14:00:00,174.487,175.447,174.016,174.797,6.5892
2024-11-06 15:00:00,174.076,174.607,174.046,174.496,6.3408
2024-11-06 16:00:00,174.467,174.526,173.766,174.066,3.636
2024-11-06 17:00:00,175.337,175.377,174.466,174.476,3.7656
2024-11-06 18:00:00,176.007,176.107,175.266,175.336,3.9444
2024-11-06 19:00:00,176.626,176.707,175.836,176.006,6.0864
2024-11-07 13:00:00,189.707,190.826,189.396,189.826,4.8456
2024-11-07 14:00:00,187.137,189.716,187.126,189.716,11.6292
2024-11-07 15:00:00,185.677,187.156,185.556,187.137,9.7932
2024-11-07 16:00:00,185.597,186.407,185.066,185.687,6.9192
2024-11-07 17:00:00,185.397,186.037,185.187,185.607,5.7324
2024-11-07 18:00:00,186.396,186.456,185.296,185.386,5.016
2024-11-07 19:00:00,185.517,186.737,185.316,186.406,7.884
2024-11-09 13:00:00,149.666,150.527,149.036,149.796,7.0272
2024-11-09 14:00:00,147.927,149.917,147.507,149.687,17.3508
2024-11-09 15:00:00,148.626,149.277,147.706,147.916,12.9024
2024-11-09 16:00:00,149.567,149.667,148.536,148.636,11.82
2024-11-09 17:00:00,150.226,150.737,149.456,149.576,9.5544
2024-11-09 18:00:00,150.066,150.457,149.827,150.236,10.2324
2024-11-09 19:00:00,151.087,151.487,149.986,150.077,10.2708
2024-11-10 13:00:00,162.366,162.427,161.216,162.086,6.1707
2024-11-10 14:00:00,163.226,163.837,162.146,162.316,12.7512
2024-11-10 15:00:00,163.437,163.456,162.846,163.216,7.5708
2024-11-10 16:00:00,163.086,163.607,162.936,163.427,7.5732
2024-11-10 17:00:00,163.187,163.497,162.957,163.096,6.8424
2024-11-10 18:00:00,163.486,163.527,163.136,163.197,6.2556
2024-11-10 19:00:00,163.227,163.887,162.996,163.476,7.9128
2024-11-11 14:00:00,179.506,179.707,178.456,178.577,6.7272
2024-11-11 15:00:00,179.686,180.207,179.357,179.507,11.5224
2024-11-11 16:00:00,179.916,180.106,179.307,179.696,8.1792
2024-11-11 17:00:00,179.886,180.256,179.757,179.906,8.058
2024-11-11 18:00:00,180.266,180.267,179.377,179.856,7.5132
2024-11-11 19:00:00,180.257,180.536,180.156,180.246,6.9732
2024-11-11 20:00:00,180.357,180.427,179.976,180.267,8.7168
2024-11-12 14:00:00,192.956,192.967,184.827,185.316,7.744
2024-11-12 15:00:00,193.087,193.657,191.566,192.946,12.2896
2024-11-12 16:00:00,192.626,193.096,191.096,193.067,8.6316
2024-11-12 17:00:00,194.877,195.407,192.566,192.636,8.8524
2024-11-12 18:00:00,193.477,194.916,193.217,194.836,6.1752
2024-11-12 19:00:00,193.047,193.826,192.407,193.477,5.0952
2024-11-12 20:00:00,195.387,195.577,193.007,193.027,8.0004
2024-12-01 14:00:00,142.366,142.906,141.816,142.706,9.4104
2024-12-01 15:00:00,142.587,142.627,141.946,142.356,14.1504
2024-12-01 16:00:00,142.606,143.167,142.496,142.587,9.3108
2024-12-01 17:00:00,142.937,143.036,142.486,142.596,7.7004
2024-12-01 18:00:00,142.957,143.187,142.867,142.947,4.8984
2024-12-01 19:00:00,142.787,143.117,142.696,142.946,5.7048
2024-12-01 20:00:00,142.597,142.816,142.527,142.776,6.7716
2024-12-02 14:00:00,148.317,148.797,148.026,148.417,7.8684
2024-12-02 15:00:00,148.487,148.536,147.796,148.336,9.4236
2024-12-02 16:00:00,148.966,149.067,148.226,148.486,6.462
2024-12-02 17:00:00,148.847,149.327,148.636,148.937,6.402
2024-12-02 18:00:00,148.457,148.936,148.196,148.856,6.5856
2024-12-02 19:00:00,147.576,148.546,147.496,148.427,7.8972
2024-12-02 20:00:00,147.557,147.987,147.386,147.556,6.078
2024-12-03 13:00:00,138.547,139.046,137.016,137.016,8.3472
2024-12-03 14:00:00,138.216,138.967,138.106,138.536,12.2952
2024-12-03 15:00:00,138.467,138.567,138.026,138.227,7.98
2024-12-03 16:00:00,138.586,138.817,138.166,138.476,7.3188
2024-12-03 17:00:00,138.656,139.367,138.436,138.587,6.1392
2024-12-03 18:00:00,138.997,139.226,138.646,138.666,4.6488
2024-12-03 19:00:00,138.477,139.097,138.456,139.006,5.0124
2024-12-04 13:00:00,159.636,160.207,157.916,157.917,8.7372
2024-12-04 14:00:00,157.726,159.857,157.616,159.657,13.7124
2024-12-04 15:00:00,158.537,158.797,157.436,157.737,10.8972
2024-12-04 16:00:00,157.647,158.586,157.647,158.547,11.1252
2024-12-04 17:00:00,157.487,157.797,157.127,157.657,11.364
2024-12-04 18:00:00,157.307,157.816,157.247,157.497,11.052
2024-12-04 19:00:00,157.716,157.797,157.176,157.316,11.2596
2024-12-06 13:00:00,178.907,180.397,178.116,178.156,7.6344
2024-12-06 14:00:00,177.006,179.056,176.927,178.926,9.5436
2024-12-06 15:00:00,176.706,177.627,176.526,176.996,7.668
2024-12-06 16:00:00,176.747,176.757,176.096,176.707,6.2328
2024-12-06 17:00:00,177.006,177.027,176.626,176.747,5.202
2024-12-06 18:00:00,176.987,177.207,176.346,176.997,13.8588
2024-12-06 19:00:00,177.767,178.217,176.547,176.996,14.8824
2024-12-07 13:00:00,185.996,186.536,184.847,185.007,7.296
2024-12-07 14:00:00,185.506,186.487,184.977,186.007,11.7624
2024-12-07 15:00:00,185.196,186.147,185.166,185.496,8.2032
2024-12-07 16:00:00,186.026,186.047,185.006,185.196,8.6328
2024-12-07 17:00:00,186.857,187.096,185.826,186.027,6.096
2024-12-07 18:00:00,186.387,187.057,185.917,186.877,5.2092
2024-12-07 19:00:00,185.037,186.417,184.476,186.387,11.9052
2024-12-08 13:00:00,163.347,164.867,163.096,163.976,4.9308
2024-12-08 14:00:00,163.846,163.867,163.076,163.376,6.9372
2024-12-08 15:00:00,163.397,163.937,162.097,163.847,8.7996
2024-12-08 16:00:00,162.667,163.586,162.656,163.397,5.8596
2024-12-08 17:00:00,162.587,163.196,162.306,162.666,5.9172
2024-12-08 18:00:00,162.816,162.867,162.496,162.596,4.128
2024-12-08 19:00:00,162.266,162.857,161.806,162.817,5.2836
2024-12-09 13:00:00,153.366,154.397,152.956,153.706,8.9076
2024-12-09 14:00:00,153.447,153.807,152.637,153.387,17.0496
2024-12-09 15:00:00,153.137,154.116,153.066,153.426,14.9184
2024-12-09 16:00:00,154.096,154.156,152.896,153.127,9.1176
2024-12-09 17:00:00,154.366,154.446,153.886,154.107,7.7196
2024-12-09 18:00:00,154.257,154.546,153.476,154.386,10.008
2024-12-09 19:00:00,154.696,154.807,153.946,154.257,10.6836
2024-12-11 14:00:00,181.757,181.807,179.316,179.706,6.1092
2024-12-11 15:00:00,179.717,181.846,179.526,181.757,12.4212
2024-12-11 16:00:00,180.057,180.196,179.446,179.727,10.332
2024-12-11 17:00:00,180.477,181.157,179.896,180.047,9.3048
2024-12-11 18:00:00,181.267,181.347,180.366,180.476,10.4472
2024-12-11 19:00:00,182.007,182.207,181.236,181.257,8.4444
2024-12-11 20:00:00,181.657,182.477,181.156,181.996,10.422
2024-12-12 14:00:00,194.157,195.157,193.336,194.667,5.7744
2024-12-12 15:00:00,193.707,194.897,192.446,194.157,7.722
2024-12-12 16:00:00,194.227,194.976,193.556,193.716,5.496
2024-12-12 17:00:00,194.677,195.076,194.106,194.226,3.9792
2024-12-12 18:00:00,194.277,194.737,193.776,194.697,3.0828
2024-12-12 19:00:00,193.426,194.486,193.037,194.307,3.3228
2024-12-12 20:00:00,191.877,193.776,191.696,193.427,6.2124
