date,open,high,low,close,volume
2023-01-02 14:00:00,98.186,99.137,98.116,98.616,12195599.556
2023-01-02 15:00:00,97.916,98.737,97.846,98.197,19379999.1608
2023-01-02 16:00:00,98.177,98.267,97.756,97.906,9895199.7757
2023-01-02 17:00:00,98.277,98.337,97.877,98.187,8799599.6475
2023-01-02 18:00:00,98.097,98.427,97.996,98.277,9247200.0122
2023-01-02 19:00:00,99.817,100.117,97.566,98.216,33358798.9807
2023-01-02 20:00:00,100.397,101.176,99.796,99.816,23344800.9491
2023-01-03 14:00:00,90.706,91.017,89.657,89.936,11213999.7482
2023-01-03 15:00:00,90.367,90.847,89.797,90.726,17319599.1516
2023-01-03 16:00:00,90.546,90.667,89.746,90.367,13128000.2594
2023-01-03 17:00:00,90.707,90.987,90.366,90.536,10312800.4074
2023-01-03 18:00:00,90.436,90.717,90.246,90.716,7753200.0542
2023-01-03 19:00:00,90.277,90.507,90.106,90.426,8619600.296
2023-01-03 20:00:00,90.366,90.416,89.986,90.277,8858400.3448
2023-01-05 13:00:00,107.167,107.497,106.796,106.827,10086000.4425
2023-01-05 14:00:00,107.637,107.687,106.806,107.136,13666799.5453
2023-01-05 15:00:00,107.366,107.687,106.976,107.636,10560000.4196
2023-01-05 16:00:00,107.627,107.666,107.247,107.366,7650000.0954
2023-01-05 17:00:00,107.767,107.977,107.477,107.616,6759600.1625
2023-01-05 18:00:00,107.377,107.917,107.096,107.756,7742400.1694
2023-01-05 19:00:00,107.126,107.447,107.006,107.387,9803999.9008
2023-01-06 13:00:00,123.826,124.416,122.616,122.667,11296799.6597
2023-01-06 14:00:00,123.126,124.007,122.796,123.836,18523199.0814
2023-01-06 15:00:00,123.166,123.407,122.807,123.126,13321200.3708
2023-01-06 16:00:00,123.066,123.367,123.056,123.176,11293199.5392
2023-01-06 17:00:00,123.296,123.497,122.876,123.077,8366399.765
2023-01-06 18:00:00,123.316,123.547,123.196,123.286,6405600.071
2023-01-06 19:00:00,123.707,123.776,122.866,123.346,8026800.1556
2023-01-08 13:00:00,131.846,132.327,130.647,130.726,11332799.9115
2023-01-08 14:00:00,132.337,132.617,131.436,131.847,20076000.2136
2023-01-08 15:00:00,131.967,132.466,131.836,132.346,14806799.8886
2023-01-08 16:00:00,131.966,132.017,131.576,131.977,9144000.0534
2023-01-08 17:00:00,131.757,132.157,131.497,131.966,7490399.8375
2023-01-08 18:00:00,131.666,131.867,131.566,131.746,7308000.0877
2023-01-08 19:00:00,131.527,131.927,131.436,131.647,5770800.1137
2023-01-09 13:00:00,135.616,137.386,134.826,137.277,7803599.8344
2023-01-09 14:00:00,135.147,136.147,135.006,135.606,12159600.2579
2023-01-09 15:00:00,135.357,135.936,135.056,135.157,8975999.8322
2023-01-09 16:00:00,135.686,135.907,135.277,135.347,6024000.1678
2023-01-09 17:00:00,135.316,135.737,135.146,135.677,5126399.9939
2023-01-09 18:00:00,135.207,135.497,134.926,135.326,4541999.8169
2023-01-09 19:00:00,135.666,135.737,135.187,135.197,7156799.7932
2023-01-11 13:00:00,125.036,125.617,123.697,123.976,10354800.2243
2023-01-11 14:00:00,125.476,125.657,124.576,125.036,16242000.5798
2023-01-11 15:00:00,124.947,125.677,124.887,125.476,8870400.4288
2023-01-11 16:00:00,124.757,125.086,124.676,124.967,8140800.4761
2023-01-11 17:00:00,124.947,125.017,124.646,124.746,7021200.1801
2023-01-11 18:00:00,125.847,126.197,124.926,124.967,21297599.7925
2023-01-11 19:00:00,126.426,126.477,125.846,125.847,16995599.7467
2023-01-12 14:00:00,130.987,132.087,130.906,131.766,7983600.1396
2023-01-12 15:00:00,130.866,131.777,130.647,131.006,12566399.5743
2023-01-12 16:00:00,131.396,131.596,130.696,130.866,14127599.7162
2023-01-12 17:00:00,131.836,131.997,131.307,131.396,7233600.1396
2023-01-12 18:00:00,131.447,131.937,131.366,131.837,6743999.958
2023-01-12 19:00:00,131.657,131.727,131.287,131.446,4515600.2045
2023-01-12 20:00:00,131.807,131.947,131.496,131.647,5219999.7902
2023-02-02 14:00:00,106.317,107.047,105.596,105.717,13582799.9115
2023-02-02 15:00:00,107.096,107.577,106.016,106.317,21442800.5219
2023-02-02 16:00:00,106.786,107.287,106.626,107.106,15704400.0626
2023-02-02 17:00:00,106.446,107.067,106.096,106.797,13776000.0229
2023-02-02 18:00:00,107.697,107.707,106.246,106.456,9883199.6918
2023-02-02 19:00:00,106.117,107.807,105.937,107.707,15387599.9451
2023-02-02 20:00:00,107.746,107.796,105.916,106.127,17013599.3958
2023-02-03 14:00:00,90.087,90.167,89.577,89.647,10461600.3036
2023-02-03 15:00:00,90.106,90.287,89.756,90.086,15212400.4364
2023-02-03 16:00:00,90.217,90.467,89.986,90.117,8938799.8581
2023-02-03 17:00:00,90.597,90.617,90.136,90.226,5656799.7932
2023-02-03 18:00:00,91.406,91.416,90.566,90.596,7748400.2113
2023-02-03 19:00:00,91.967,92.077,91.406,91.407,9542400.3601
2023-02-03 20:00:00,91.996,92.266,91.806,91.966,9219599.7238
2023-02-05 13:00:00,106.177,107.177,105.796,107.117,9779999.733
2023-02-05 14:00:00,104.006,106.297,103.696,106.176,15833999.6338
2023-02-05 15:00:00,104.676,105.147,103.857,103.997,13690799.7131
2023-02-05 16:00:00,105.377,105.427,104.576,104.666,9336000.4425
2023-02-05 17:00:00,105.767,105.797,105.316,105.366,7450799.942
2023-02-05 18:00:00,105.547,105.787,105.236,105.766,7918799.8772
2023-02-05 19:00:00,105.297,105.647,105.216,105.546,8161199.5697
2023-02-06 13:00:00,123.896,126.137,123.507,123.896,12825599.6704
2023-02-06 14:00:00,125.056,125.137,123.746,123.907,18350400.9247
2023-02-06 15:00:00,125.047,125.327,124.577,125.066,14842800.1404
2023-02-06 16:00:00,125.226,125.267,124.576,125.037,11342399.5972
2023-02-06 17:00:00,124.897,125.347,124.736,125.237,9441599.8459
2023-02-06 18:00:00,125.056,125.107,124.667,124.896,8604000.0916
2023-02-06 19:00:00,124.667,125.187,124.496,125.056,7468800.0679
2023-02-08 13:00:00,129.676,129.956,128.936,129.327,12367199.8978
2023-02-08 14:00:00,128.576,130.077,128.406,129.687,18691200.2563
2023-02-08 15:00:00,128.076,129.037,128.057,128.576,15141599.6552
2023-02-08 16:00:00,128.247,128.437,127.547,128.087,15291600.2274
2023-02-08 17:00:00,128.246,128.637,128.076,128.246,12757200.2411
2023-02-08 18:00:00,128.567,128.767,128.207,128.236,11780400.2762
2023-02-08 19:00:00,128.366,128.627,128.057,128.566,11308799.7437
2023-02-10 13:00:00,132.486,133.256,131.076,131.087,10396800.0412
2023-02-10 14:00:00,133.367,133.827,132.416,132.497,20223600.3876
2023-02-10 15:00:00,133.247,134.397,133.067,133.367,15856800.0793
2023-02-10 16:00:00,133.077,133.477,132.866,133.257,13318799.9725
2023-02-10 17:00:00,132.996,133.377,132.496,133.076,10772399.9023
2023-02-10 18:00:00,133.116,133.676,132.876,133.007,12437999.7253
2023-02-10 19:00:00,134.166,134.266,132.887,133.107,13916399.9557
2023-02-11 13:00:00,127.837,128.947,127.596,128.397,10411199.5697
2023-02-11 14:00:00,127.626,128.156,127.146,127.837,14577599.5255
2023-02-11 15:00:00,127.426,127.787,127.127,127.636,11468400.0015
2023-02-11 16:00:00,127.246,127.527,126.977,127.436,11181599.617
2023-02-11 17:00:00,127.637,127.777,126.916,127.236,7559999.9428
2023-02-11 18:00:00,127.666,127.937,127.516,127.636,6657599.926
2023-02-11 19:00:00,127.487,127.716,127.317,127.676,7046400.0702
2023-03-01 16:00:00,88.746,89.567,88.676,89.477,9671999.9313
2023-03-01 17:00:00,88.747,88.997,88.517,88.737,7820400.238
2023-03-01 18:00:00,89.017,89.097,88.576,88.757,7207200.0504
2023-03-01 19:00:00,89.436,89.617,88.906,89.027,8888400.0778
2023-03-01 20:00:00,89.117,89.717,88.917,89.447,9557999.6109
2023-03-02 14:00:00,105.617,106.217,102.566,102.896,17140800.4761
2023-03-02 15:00:00,106.427,107.546,104.446,105.596,27516000.7477
2023-03-02 16:00:00,106.697,107.787,106.386,106.436,16323600.769
2023-03-02 17:00:00,105.546,107.087,105.436,106.706,13407600.4028
2023-03-02 18:00:00,105.177,105.757,104.496,105.547,15765600.2045
2023-03-02 19:00:00,104.056,105.317,103.946,105.186,13330800.0565
2023-03-02 20:00:00,104.716,105.137,103.896,104.047,13598400.116
2023-03-03 14:00:00,93.256,93.296,92.376,92.387,9363599.7772
2023-03-03 15:00:00,93.566,93.687,92.686,93.247,14042400.3601
2023-03-03 16:00:00,93.386,93.607,93.046,93.586,9708000.1831
2023-03-03 17:00:00,93.426,93.457,93.106,93.397,7324800.0145
2023-03-03 18:00:00,93.436,93.577,93.226,93.426,5138400.0778
2023-03-03 19:00:00,93.586,93.696,93.306,93.426,4228799.8199
2023-03-03 20:00:00,93.657,93.717,93.166,93.596,6098400.116
2023-03-04 13:00:00,103.277,103.757,102.097,102.326,9439200.4013
2023-03-04 14:00:00,102.907,103.727,102.686,103.276,14569199.5621
2023-03-04 15:00:00,103.036,103.056,102.526,102.896,9168000.2213
2023-03-04 16:00:00,103.136,103.387,102.926,103.047,6366000.1755
2023-03-04 17:00:00,103.066,103.147,102.856,103.126,6546000.0038
2023-03-04 18:00:00,103.636,103.686,102.866,103.067,4806000.2327
2023-03-04 19:00:00,104.366,104.517,103.586,103.637,4941599.8459
2023-03-05 13:00:00,106.016,106.177,104.946,105.536,8612400.0549
2023-03-05 14:00:00,105.726,106.147,105.536,106.027,12998399.7345
2023-03-05 15:00:00,105.997,106.077,105.606,105.726,9124799.7284
2023-03-05 16:00:00,105.946,106.017,105.646,106.007,5848800.1823
2023-03-05 17:00:00,105.916,106.057,105.587,105.956,7349999.9046
2023-03-05 18:00:00,106.756,107.467,105.637,105.906,25664400.1007
2023-03-05 19:00:00,105.396,106.887,105.317,106.747,26137199.4019
2023-03-07 13:00:00,119.916,120.037,118.796,119.276,9478799.8199
2023-03-07 14:00:00,118.986,120.177,118.966,119.936,15202799.7971
2023-03-07 15:00:00,119.396,119.577,118.856,118.997,9170399.6658
2023-03-07 16:00:00,119.887,119.887,119.236,119.396,5905200.0046
2023-03-08 13:00:00,128.186,128.667,127.416,127.956,14423999.7864
2023-03-08 14:00:00,128.437,128.637,127.646,128.177,22585199.3561
2023-03-08 15:00:00,128.746,129.147,128.266,128.426,18879600.5249
2023-03-08 16:00:00,129.176,129.376,128.657,128.736,12722399.7116
2023-03-08 17:00:00,128.747,129.366,128.726,129.167,12472800.2548
2023-03-08 18:00:00,128.766,128.867,128.466,128.727,12633600.235
2023-03-08 19:00:00,128.396,128.867,128.167,128.777,12560400.0092
2023-03-10 13:00:00,133.766,134.237,133.066,133.836,9866399.765
2023-03-10 14:00:00,132.787,133.797,132.406,133.767,19994400.0244
2023-03-10 15:00:00,132.416,132.807,132.026,132.787,12848400.116
2023-03-10 16:00:00,133.196,133.317,132.386,132.417,11105999.9466
2023-03-10 17:00:00,132.386,133.417,132.376,133.196,8830800.0565
2023-03-10 18:00:00,132.426,132.616,132.196,132.377,10458000.1831
2023-03-10 19:00:00,132.437,132.587,131.836,132.416,11426400.1846
2023-03-11 13:00:00,128.587,128.967,127.856,127.986,10553999.9008
2023-03-11 14:00:00,128.986,129.077,128.046,128.586,16197599.411
2023-03-11 15:00:00,129.427,129.517,128.806,128.987,10000800.1328
2023-03-11 16:00:00,128.956,129.447,128.916,129.436,7725599.7658
2023-03-11 17:00:00,128.787,129.057,128.456,128.956,7208399.7726
2023-03-11 18:00:00,129.027,129.137,128.676,128.796,6536399.8413
2023-03-11 19:00:00,129.076,129.217,128.926,129.026,6250800.1328
2023-04-01 14:00:00,88.507,90.567,88.437,90.326,14751600.2655
2023-04-01 15:00:00,88.066,89.077,87.266,88.506,21421199.7986
2023-04-01 16:00:00,88.647,88.867,87.606,88.067,13135199.5468
2023-04-01 17:00:00,88.367,88.966,88.366,88.656,9339599.6094
2023-04-01 18:00:00,88.196,88.597,87.976,88.367,8875200.2716
2023-04-01 19:00:00,88.096,88.726,87.417,88.206,23663999.5575
2023-04-01 20:00:00,88.046,88.297,87.296,88.096,14201999.6643
2023-04-04 13:00:00,105.046,105.287,104.027,104.257,9828000.0687
2023-04-04 14:00:00,105.087,105.567,104.866,105.076,16423200.6073
2023-04-04 15:00:00,104.806,105.336,104.676,105.087,11904000.2823
2023-04-04 16:00:00,104.536,104.907,104.226,104.807,10218000.412
2023-04-04 17:00:00,104.646,104.827,104.466,104.536,6501599.7887
2023-04-04 18:00:00,104.386,104.826,104.256,104.646,6322800.1595
2023-04-04 19:00:00,104.736,104.757,104.216,104.386,8446800.2319
2023-04-05 13:00:00,104.907,105.566,104.477,105.357,11288399.6964
2023-04-05 14:00:00,104.226,105.307,103.956,104.896,19739999.7711
2023-04-05 15:00:00,104.627,104.977,104.216,104.226,14641200.0656
2023-04-05 16:00:00,105.256,105.277,104.516,104.627,8052000.0458
2023-04-05 17:00:00,105.176,105.557,104.856,105.256,9398400.3067
2023-04-05 18:00:00,104.856,105.296,104.737,105.186,9962400.4364
2023-04-05 19:00:00,104.666,105.066,104.566,104.846,10003199.5773
2023-04-08 13:00:00,129.727,131.507,129.157,129.257,16006799.6979
2023-04-08 14:00:00,129.857,129.897,128.996,129.747,25113599.7772
2023-04-08 15:00:00,130.226,130.537,129.786,129.846,15327599.5255
2023-04-08 16:00:00,130.426,130.697,130.016,130.226,11638799.6674
2023-04-08 17:00:00,129.347,130.447,129.247,130.437,12561599.7314
2023-04-08 18:00:00,128.087,129.357,127.906,129.317,20731199.2645
2023-04-08 19:00:00,128.117,128.376,127.936,128.066,16002000.8087
2023-04-10 13:00:00,133.287,134.347,132.727,132.727,10107600.2121
2023-04-10 14:00:00,133.926,134.746,132.516,133.276,20103599.5483
2023-04-10 15:00:00,135.336,135.397,133.856,133.906,14115599.6323
2023-04-10 16:00:00,134.847,135.397,134.626,135.337,11726400.3754
2023-04-10 17:00:00,134.497,134.937,134.496,134.836,10810799.5987
2023-04-10 18:00:00,134.626,134.797,134.176,134.506,9235199.9283
2023-04-10 19:00:00,135.197,135.566,134.596,134.636,11178000.4501
2023-04-12 14:00:00,129.037,129.987,128.606,129.876,8397600.174
2023-04-12 15:00:00,128.167,129.306,127.926,129.027,10688400.2686
2023-04-12 16:00:00,128.706,128.767,127.946,128.156,6367199.8978
2023-04-12 17:00:00,129.047,129.167,128.476,128.716,5259600.1625
2023-04-12 18:00:00,128.496,129.056,128.446,129.036,4487999.9161
2023-04-12 19:00:00,128.647,129.116,128.106,128.476,6498000.145
2023-04-12 20:00:00,129.247,129.377,128.566,128.637,6825600.1472
2023-05-01 14:00:00,87.036,87.546,86.536,87.396,13449600.2197
2023-05-01 15:00:00,86.466,87.416,86.346,87.026,18723600.3876
2023-05-01 16:00:00,86.497,86.807,86.116,86.476,11135999.6796
2023-05-01 17:00:00,86.327,86.907,86.326,86.497,9649200.4395
2023-05-01 18:00:00,86.476,86.977,86.046,86.336,12316800.1175
2023-05-01 19:00:00,86.726,86.997,86.426,86.487,10748399.7345
2023-05-01 20:00:00,86.196,86.737,85.896,86.726,7256400.1083
2023-05-04 13:00:00,104.906,106.096,104.127,105.327,11131199.8367
2023-05-04 14:00:00,103.747,105.217,103.696,104.907,16219200.1343
2023-05-04 15:00:00,104.147,104.527,103.706,103.736,8662799.8352
2023-05-04 16:00:00,103.847,104.206,103.646,104.157,7040400.0282
2023-05-04 17:00:00,104.097,104.197,103.667,103.856,5355599.8802
2023-05-04 18:00:00,104.317,104.517,103.877,104.086,4784399.9863
2023-05-04 19:00:00,104.436,104.617,103.856,104.306,6548399.9252
2023-05-05 13:00:00,104.286,104.987,104.106,104.807,11079600.3342
2023-05-05 14:00:00,105.047,105.097,104.207,104.276,13834799.7665
2023-05-05 15:00:00,104.566,105.086,104.427,105.056,6698400.0206
2023-05-05 16:00:00,105.156,105.247,104.577,104.577,5000400.0664
2023-05-05 17:00:00,105.126,105.327,104.986,105.147,4664400.1007
2023-05-05 18:00:00,105.767,105.867,105.076,105.137,5365200.0427
2023-05-05 19:00:00,105.546,105.817,105.347,105.757,5775599.9565
2023-05-06 13:00:00,125.716,126.107,123.836,123.937,10321200.3708
2023-05-06 14:00:00,126.677,126.987,125.727,125.917,18735599.5178
2023-05-06 15:00:00,126.866,127.416,126.456,126.686,13156800.2701
2023-05-06 16:00:00,127.096,127.127,126.576,126.866,9994799.614
2023-05-06 17:00:00,126.527,127.247,126.276,127.086,11433600.4257
2023-05-06 18:00:00,126.067,126.606,125.547,126.547,15934800.148
2023-05-06 19:00:00,125.996,126.277,125.516,126.076,12131999.9695
2023-05-07 13:00:00,121.387,121.806,119.146,119.146,10297200.2029
2023-05-07 14:00:00,121.967,122.597,121.286,121.396,13723199.8444
2023-05-07 15:00:00,121.816,122.087,121.666,121.966,12235199.9283
2023-05-07 16:00:00,121.936,122.057,121.586,121.797,8326800.3464
2023-05-07 17:00:00,122.146,122.267,121.886,121.946,6363599.7772
2023-05-07 18:00:00,122.087,122.297,121.546,122.147,8381999.9695
2023-05-07 19:00:00,121.756,122.137,121.717,122.077,6229199.8863
2023-05-09 13:00:00,134.937,135.927,134.716,135.476,8803199.7681
2023-05-09 14:00:00,135.046,135.446,134.566,134.946,11937600.1358
2023-05-09 15:00:00,135.497,135.787,135.027,135.056,10428000.4501
2023-05-09 16:00:00,135.597,135.726,135.296,135.507,6587999.8207
2023-05-09 17:00:00,135.867,135.906,135.346,135.596,6160799.9802
2023-05-09 18:00:00,136.396,136.407,135.826,135.877,5145599.8421
2023-05-09 19:00:00,135.737,136.407,135.656,136.407,6627600.193
2023-05-10 13:00:00,134.407,135.467,134.126,135.017,9532799.7208
2023-05-10 14:00:00,133.656,134.417,133.446,134.416,13167599.678
2023-05-10 15:00:00,134.787,134.957,133.586,133.646,12188400.2686
2023-05-10 16:00:00,134.916,135.296,134.676,134.796,9180000.3052
2023-05-10 17:00:00,135.086,135.287,134.576,134.896,8107199.6689
2023-05-10 18:00:00,135.326,135.357,134.936,135.086,6745200.1572
2023-05-10 19:00:00,135.057,135.367,134.926,135.317,8469599.7238
2023-05-12 14:00:00,130.506,130.506,128.246,128.867,7863599.7772
2023-05-12 15:00:00,131.737,131.927,130.146,130.457,15370800.0183
2023-05-12 16:00:00,130.727,132.127,130.516,131.727,11414400.1007
2023-05-12 17:00:00,130.696,130.976,130.346,130.736,9853199.9588
2023-05-12 18:00:00,130.506,130.727,130.356,130.686,8043600.0824
2023-05-12 19:00:00,130.917,130.967,130.326,130.506,5185200.2144
2023-05-12 20:00:00,131.017,131.087,130.717,130.916,5877600.193
2023-06-01 14:00:00,85.186,86.837,84.846,86.647,15036000.2518
2023-06-01 15:00:00,86.127,86.217,85.126,85.187,22969200.1343
2023-06-01 16:00:00,86.256,86.827,85.996,86.137,13616399.765
2023-06-01 17:00:00,85.727,86.516,85.576,86.237,9824399.9481
2023-06-01 18:00:00,86.266,86.407,85.686,85.737,6542399.8833
2023-06-01 19:00:00,87.096,87.127,86.226,86.267,8000399.5895
2023-06-01 20:00:00,87.297,87.677,87.086,87.096,8435999.8703
2023-06-02 14:00:00,103.446,104.347,102.257,102.396,15615599.6323
2023-06-02 15:00:00,102.777,103.856,101.866,103.457,25663200.3784
2023-06-02 16:00:00,102.877,103.417,102.236,102.776,16210800.1709
2023-06-02 17:00:00,103.036,103.347,102.526,102.876,13921199.7986
2023-06-02 18:00:00,102.586,103.117,102.387,103.046,12676799.7742
2023-06-02 19:00:00,103.007,103.887,102.587,102.587,11943599.7009
2023-06-02 20:00:00,102.897,103.327,102.617,102.987,10289999.9619
2023-06-03 14:00:00,94.837,94.857,93.996,93.996,9409199.7147
2023-06-03 15:00:00,95.497,95.567,94.686,94.847,11578800.2014
2023-06-03 16:00:00,95.597,95.957,95.446,95.496,7099199.7719
2023-06-03 17:00:00,95.297,95.747,95.147,95.587,7531199.9321
2023-06-03 18:00:00,95.186,95.457,95.076,95.296,8205599.7849
2023-06-03 19:00:00,95.237,95.447,95.156,95.197,7032000.0648
2023-06-03 20:00:00,95.126,95.437,95.016,95.247,6940800.19
2023-06-04 13:00:00,104.917,105.267,104.286,105.226,10677599.9069
2023-06-04 14:00:00,105.747,106.327,104.826,104.927,14612400.0549
2023-06-04 15:00:00,106.957,107.137,105.687,105.747,9176400.1846
2023-06-04 16:00:00,106.797,107.307,106.766,106.966,7798799.9916
2023-06-04 17:00:00,108.056,108.057,106.746,106.807,5654399.8718
2023-06-04 18:00:00,108.397,109.137,108.047,108.056,8748000.145
2023-06-04 19:00:00,108.487,108.617,108.076,108.396,6746399.8795
2023-06-06 13:00:00,126.097,126.447,125.317,125.857,10537199.9741
2023-06-06 14:00:00,127.167,127.796,125.856,126.097,15135600.09
2023-06-06 15:00:00,127.707,127.707,126.657,127.167,13790399.5514
2023-06-06 16:00:00,127.396,127.857,127.316,127.717,10825200.0809
2023-06-06 17:00:00,127.466,128.276,127.346,127.397,10855199.8138
2023-06-06 18:00:00,127.917,127.987,127.367,127.476,8237999.9161
2023-06-06 19:00:00,127.266,128.127,127.127,127.926,8928000.4501
2023-06-07 13:00:00,119.387,120.037,119.116,119.696,10341600.4181
2023-06-07 14:00:00,118.416,119.497,118.396,119.466,14000399.5895
2023-06-07 15:00:00,119.136,119.277,118.417,118.427,8286000.2518
2023-06-07 16:00:00,119.967,120.027,119.067,119.127,6251999.855
2023-06-07 17:00:00,120.107,120.107,119.627,119.967,6879600.0481
2023-06-07 18:00:00,120.196,120.287,119.866,120.106,4792799.9496
2023-06-07 19:00:00,120.086,120.227,119.756,120.186,6687600.1358
2023-06-09 13:00:00,136.186,136.507,135.267,136.017,6760799.8848
2023-06-09 14:00:00,134.627,136.167,134.546,136.167,10692000.3891
2023-06-09 15:00:00,134.437,135.027,134.327,134.636,6625199.7948
2023-06-09 16:00:00,133.857,134.717,133.747,134.437,7032000.0648
2023-06-09 17:00:00,134.067,134.257,133.646,133.856,5538000.1068
2023-06-09 18:00:00,134.257,134.396,133.976,134.067,4995600.2235
2023-06-09 19:00:00,134.436,134.537,134.096,134.257,7171199.7986
2023-06-10 13:00:00,135.847,136.146,133.967,133.967,12378000.2594
2023-06-10 14:00:00,136.106,136.457,135.146,135.866,17264400.4822
2023-06-10 15:00:00,136.996,137.016,136.067,136.126,12328800.2014
2023-06-10 16:00:00,137.316,137.507,136.956,136.997,8518799.7818
2023-06-10 17:00:00,137.726,137.767,137.196,137.317,6658800.1251
2023-06-10 18:00:00,137.867,138.016,137.597,137.717,6309599.8764
2023-06-10 19:00:00,137.586,138.146,137.497,137.877,8262000.0839
2023-06-11 14:00:00,129.457,130.027,128.656,129.016,11150400.1617
2023-06-11 15:00:00,129.537,129.847,128.986,129.466,12061200.1419
2023-06-11 16:00:00,129.776,129.837,129.407,129.536,7073999.8817
2023-06-11 17:00:00,129.736,129.767,129.436,129.766,6212399.9596
2023-06-11 18:00:00,129.656,129.747,129.226,129.726,7294799.8047
2023-06-11 19:00:00,129.936,130.117,129.477,129.647,7450799.942
2023-06-11 20:00:00,130.316,130.327,129.776,129.926,6985199.9283
2023-06-12 14:00:00,131.197,131.817,131.116,131.347,8404800.415
2023-06-12 15:00:00,131.367,131.517,130.477,131.187,15564000.1297
2023-06-12 16:00:00,130.827,131.447,130.376,131.377,10269599.9146
2023-06-12 17:00:00,130.377,130.997,130.366,130.816,7592400.074
2023-06-12 18:00:00,130.516,130.627,130.176,130.386,6243599.8917
2023-06-12 19:00:00,130.466,130.677,130.327,130.527,5457600.1167
2023-06-12 20:00:00,130.016,130.507,129.867,130.456,7180799.9611
2023-07-02 14:00:00,103.227,103.917,103.106,103.197,13862400.0549
2023-07-02 15:00:00,104.356,104.737,103.106,103.186,18347999.5728
2023-07-02 16:00:00,105.137,105.537,104.266,104.367,13090800.2853
2023-07-02 17:00:00,106.336,106.686,104.596,105.157,19059600.8301
2023-07-02 18:00:00,104.587,106.577,103.706,106.317,34619998.9319
2023-07-02 19:00:00,106.676,106.846,104.526,104.576,23966400.1465
2023-07-02 20:00:00,107.627,108.167,106.236,106.677,14022000.3128
2023-07-03 14:00:00,95.197,95.647,94.946,94.957,8828399.6582
2023-07-03 15:00:00,94.367,95.207,93.966,95.206,21384000.7782
2023-07-03 16:00:00,94.517,94.837,94.297,94.357,13627200.1266
2023-07-03 17:00:00,94.347,94.977,94.256,94.526,10267200.47
2023-07-03 18:00:00,93.737,94.387,93.667,94.357,8055600.1663
2023-07-03 19:00:00,93.596,94.057,93.576,93.736,5445600.0328
2023-07-03 20:00:00,93.866,93.927,93.526,93.587,5115600.1091
2023-07-06 13:00:00,127.616,129.017,126.887,126.947,9619199.7528
2023-07-06 14:00:00,124.256,127.816,124.117,127.617,18896400.4517
2023-07-06 15:00:00,123.166,124.766,123.116,124.266,15803999.9008
2023-07-06 16:00:00,122.777,123.917,122.616,123.177,14538000.1068
2023-07-06 17:00:00,122.727,122.956,122.096,122.797,13190400.1236
2023-07-06 18:00:00,122.607,123.127,122.266,122.727,10553999.9008
2023-07-06 19:00:00,122.517,122.837,122.106,122.596,11854800.2243
2023-07-07 13:00:00,120.576,120.667,119.756,120.017,13263600.3494
2023-07-07 14:00:00,120.226,120.707,119.716,120.577,17446800.2319
2023-07-07 15:00:00,120.206,120.327,119.946,120.216,7689599.9908
2023-07-07 16:00:00,120.576,120.676,120.166,120.207,7828800.2014
2023-07-07 17:00:00,120.607,121.037,120.496,120.576,5861999.9886
2023-07-07 18:00:00,120.397,120.706,120.317,120.596,5105999.9466
2023-07-07 19:00:00,119.457,120.396,119.387,120.376,9112799.6445
2023-07-08 13:00:00,129.507,130.287,128.976,129.126,14641200.0656
2023-07-08 14:00:00,130.327,130.527,129.056,129.507,21439199.4476
2023-07-08 15:00:00,130.726,130.747,129.796,130.337,16634399.4141
2023-07-08 16:00:00,131.497,131.567,130.717,130.727,11996399.8795
2023-07-08 17:00:00,131.437,131.567,131.156,131.487,11565600.3952
2023-07-08 18:00:00,131.196,131.527,130.686,131.446,9711600.3036
2023-07-08 19:00:00,131.517,131.597,131.146,131.197,9838800.4303
2023-07-09 13:00:00,134.096,134.127,132.926,133.327,8374799.7284
2023-07-09 14:00:00,134.467,135.037,133.646,134.107,11501999.855
2023-07-09 15:00:00,133.776,134.996,133.596,134.477,11196000.0992
2023-07-09 16:00:00,134.637,134.877,133.716,133.767,8848799.7055
2023-07-09 17:00:00,135.356,135.447,134.617,134.646,6639599.8001
2023-07-09 18:00:00,135.486,135.497,135.076,135.366,6759600.1625
2023-07-09 19:00:00,135.256,135.557,135.066,135.487,8107199.6689
2023-07-11 14:00:00,130.676,131.037,129.856,130.656,9675600.0519
2023-07-11 15:00:00,131.426,131.537,130.226,130.686,13319999.6948
2023-07-11 16:00:00,131.106,131.617,130.926,131.427,8880000.1144
2023-07-11 17:00:00,131.137,131.247,130.846,131.107,8435999.8703
2023-07-11 18:00:00,131.677,131.827,131.106,131.127,7546800.1366
2023-07-11 19:00:00,131.526,131.896,131.386,131.677,6436800.0031
2023-07-11 20:00:00,131.007,131.627,130.706,131.546,8725199.6994
2023-07-12 14:00:00,136.946,137.907,134.666,134.917,12880800.2472
2023-07-12 15:00:00,136.837,137.307,136.117,136.946,16854000.0916
2023-07-12 16:00:00,137.107,137.117,135.817,136.826,11851200.1038
2023-07-12 17:00:00,137.866,138.547,137.066,137.117,11798399.9252
2023-07-12 18:00:00,137.267,137.887,136.746,137.867,8043600.0824
2023-07-12 19:00:00,137.056,137.417,136.806,137.256,6284399.9863
2023-07-12 20:00:00,136.936,137.387,136.646,137.047,6705599.7849
2023-08-02 14:00:00,101.447,103.107,100.526,102.026,17702400.2075
2023-08-02 15:00:00,99.256,101.587,99.256,101.426,23271600.7233
2023-08-02 16:00:00,99.077,99.407,98.016,99.257,19815599.4415
2023-08-02 17:00:00,99.486,99.917,98.467,99.076,15298800.4684
2023-08-02 18:00:00,99.147,99.827,98.577,99.476,13155599.5941
2023-08-02 19:00:00,99.686,99.797,98.906,99.157,10628399.8489
2023-08-02 20:00:00,99.386,99.707,98.946,99.696,10912799.8352
2023-08-03 14:00:00,94.796,94.837,93.887,93.887,10413599.968
2023-08-03 15:00:00,95.326,95.377,94.236,94.727,20355600.3571
2023-08-03 16:00:00,95.587,95.937,95.176,95.326,11692799.5682
2023-08-03 17:00:00,95.077,95.667,94.686,95.597,9081600.1892
2023-08-03 18:00:00,94.626,95.077,94.546,95.076,9754799.8428
2023-08-03 19:00:00,94.266,94.776,94.196,94.636,6278399.9443
2023-08-03 20:00:00,94.247,94.597,93.996,94.256,5677199.8405
2023-08-05 13:00:00,105.637,106.217,105.077,105.077,10446000.0992
2023-08-05 14:00:00,106.757,106.936,105.506,105.637,11972399.7116
2023-08-05 15:00:00,106.816,106.827,106.376,106.766,6567599.7734
2023-08-05 16:00:00,107.156,107.196,106.766,106.817,6050399.7803
2023-08-05 17:00:00,107.717,107.817,106.997,107.166,5413199.9016
2023-08-05 18:00:00,107.657,107.757,107.156,107.726,7854000.0916
2023-08-05 19:00:00,107.747,107.947,107.336,107.667,5780399.7993
2023-08-06 13:00:00,121.927,122.766,121.496,122.156,12529199.6002
2023-08-06 14:00:00,122.436,122.627,121.557,121.926,16521600.7233
2023-08-06 15:00:00,123.026,123.177,122.336,122.446,12331199.646
2023-08-06 16:00:00,122.516,123.217,122.376,123.016,9436800.0031
2023-08-06 17:00:00,122.046,122.687,121.777,122.516,8726400.3754
2023-08-06 18:00:00,122.027,122.267,121.876,122.066,6975599.7658
2023-08-06 19:00:00,122.127,122.257,121.896,122.037,8210399.6277
2023-08-08 13:00:00,130.276,131.126,130.116,130.526,12612000.4654
2023-08-08 14:00:00,130.047,130.576,129.917,130.286,20480400.0854
2023-08-08 15:00:00,130.617,130.707,129.536,130.046,13279199.6002
2023-08-08 16:00:00,131.016,131.337,130.526,130.607,9663599.968
2023-08-08 17:00:00,131.077,131.317,130.766,131.027,11086799.6216
2023-08-08 18:00:00,131.337,131.437,130.896,131.076,10111200.3326
2023-08-08 19:00:00,131.487,131.497,130.997,131.327,8715600.0137
2023-08-09 13:00:00,135.327,135.857,134.846,134.867,10431599.617
2023-08-09 14:00:00,135.517,136.147,135.247,135.327,16346399.3073
2023-08-09 15:00:00,136.047,136.257,135.416,135.507,11355600.3571
2023-08-09 16:00:00,136.216,136.426,135.896,136.067,8121600.1511
2023-08-09 17:00:00,136.567,136.567,135.916,136.206,7876800.0603
2023-08-09 18:00:00,135.967,136.646,135.926,136.556,9568799.9725
2023-08-09 19:00:00,136.407,136.517,135.706,135.947,8353199.9588
2023-08-11 14:00:00,131.036,131.747,130.896,130.926,9305999.7559
2023-08-11 15:00:00,131.126,131.397,130.766,131.046,12631199.8367
2023-08-11 16:00:00,131.357,131.717,131.006,131.136,9659999.8474
2023-08-11 17:00:00,131.237,131.477,131.066,131.346,8173199.6536
2023-08-11 18:00:00,131.346,131.697,131.056,131.227,8887200.3555
2023-08-11 19:00:00,131.657,132.197,131.266,131.336,5953199.8634
2023-08-11 20:00:00,131.806,131.996,131.316,131.667,7265999.794
2023-08-12 14:00:00,134.717,135.247,134.036,134.186,10538399.6964
2023-08-12 15:00:00,135.496,136.387,134.736,134.737,12667200.0885
2023-08-12 16:00:00,134.686,135.587,134.626,135.507,7965899.9443
2023-08-12 17:00:00,134.977,135.057,134.236,134.686,7762800.2167
2023-08-12 18:00:00,134.857,135.037,134.636,134.957,5392799.8543
2023-08-12 19:00:00,135.137,135.237,134.696,134.866,3555599.9279
2023-08-12 20:00:00,134.967,135.156,134.876,135.146,4245600.2235
2023-09-01 14:00:00,89.097,89.237,88.087,88.286,13747200.0122
2023-09-01 15:00:00,89.397,89.836,89.027,89.106,13940400.1236
2023-09-01 16:00:00,89.817,89.887,89.316,89.407,8342399.5972
2023-09-01 17:00:00,89.777,89.887,89.537,89.826,7849199.7719
2023-09-01 18:00:00,89.167,90.037,89.026,89.787,8091600.4181
2023-09-01 19:00:00,88.387,89.347,88.346,89.146,11560799.5987
2023-09-01 20:00:00,88.007,88.517,87.846,88.387,12425999.6414
2023-09-02 14:00:00,96.646,99.997,96.216,99.786,16263599.3958
2023-09-02 15:00:00,95.446,96.696,95.266,96.637,23975999.8322
2023-09-02 16:00:00,94.196,95.447,93.847,95.447,17798400.8789
2023-09-02 17:00:00,94.047,94.477,93.616,94.187,11916000.3662
2023-09-02 18:00:00,94.977,95.046,93.896,94.027,12817199.707
2023-09-02 19:00:00,94.247,95.147,94.006,94.967,11387999.5346
2023-09-02 20:00:00,94.987,95.247,93.896,94.237,11578800.2014
2023-09-03 14:00:00,95.087,95.507,93.917,93.927,11282400.1312
2023-09-03 15:00:00,94.816,95.416,94.656,95.107,13449600.2197
2023-09-03 16:00:00,94.666,94.967,94.537,94.807,8607600.2121
2023-09-03 17:00:00,94.137,94.867,94.036,94.647,8398799.8962
2023-09-03 18:00:00,93.387,94.367,93.146,94.146,11270400.0473
2023-09-03 19:00:00,93.127,93.526,93.036,93.387,10891200.0656
2023-09-03 20:00:00,92.276,93.187,91.896,93.127,14782799.7208
2023-09-05 13:00:00,109.777,109.977,108.176,108.287,12327599.5255
2023-09-05 14:00:00,108.887,110.137,108.856,109.787,14496000.2899
2023-09-05 15:00:00,108.376,109.037,107.926,108.897,8892000.1984
2023-09-05 16:00:00,108.336,108.437,108.026,108.377,7250400.0664
2023-09-05 17:00:00,107.516,108.487,107.506,108.337,3865200.0427
2023-09-05 18:00:00,107.796,107.877,107.226,107.517,4734000.206
2023-09-05 19:00:00,107.346,107.847,107.176,107.787,4345200.0618
2023-09-06 13:00:00,123.517,123.597,121.936,122.047,12532799.7208
2023-09-06 14:00:00,122.887,123.747,122.586,123.527,18800399.7803
2023-09-06 15:00:00,122.346,123.477,122.306,122.897,15115200.0427
2023-09-06 16:00:00,122.437,122.497,121.896,122.347,13934399.6048
2023-09-06 17:00:00,123.146,123.287,122.376,122.437,8682000.1602
2023-09-06 18:00:00,122.937,123.167,122.716,123.146,8810400.0092
2023-09-06 19:00:00,122.236,122.957,122.086,122.937,10255200.386
2023-09-08 13:00:00,130.797,131.997,130.746,131.677,11522399.9023
2023-09-08 14:00:00,130.287,131.567,130.276,130.807,14697600.3647
2023-09-08 15:00:00,129.587,130.487,128.996,130.276,15818400.383
2023-09-08 16:00:00,129.897,130.257,129.517,129.576,11975999.8322
2023-09-08 17:00:00,130.586,130.697,129.756,129.897,10293600.0824
2023-09-08 18:00:00,130.507,131.097,130.456,130.587,7625999.9275
2023-09-08 19:00:00,129.647,130.527,129.506,130.506,11773200.0351
2023-09-10 13:00:00,137.706,137.827,135.586,136.887,10372799.8734
2023-09-10 14:00:00,137.316,138.057,136.956,137.717,12787199.9741
2023-09-10 15:00:00,137.756,137.907,136.796,137.306,9095999.7177
2023-09-10 16:00:00,137.717,138.006,137.556,137.767,6980400.0854
2023-09-10 17:00:00,138.687,138.687,137.417,137.736,7702799.7971
2023-09-10 18:00:00,138.717,138.897,138.396,138.696,7889999.8665
2023-09-10 19:00:00,138.437,138.927,138.026,138.707,8884799.9573
2023-09-11 14:00:00,132.077,132.276,131.177,131.866,8469599.7238
2023-09-11 15:00:00,131.976,132.187,131.246,132.097,13104000.0916
2023-09-11 16:00:00,132.346,132.537,131.926,131.966,7852799.8924
2023-09-11 17:00:00,131.807,132.356,131.496,132.356,7336800.0984
2023-09-11 18:00:00,130.827,131.846,130.726,131.816,13851599.6933
2023-09-11 19:00:00,130.396,130.947,130.326,130.826,12674400.3296
2023-09-11 20:00:00,130.256,130.547,130.056,130.387,10550399.7803
2023-10-01 14:00:00,87.537,87.837,85.776,85.776,16132799.1486
2023-10-01 15:00:00,88.097,88.657,86.946,87.536,25978799.8199
2023-10-01 16:00:00,87.947,88.457,87.676,88.107,16715999.6033
2023-10-01 17:00:00,88.316,88.476,87.616,87.947,13329600.3342
2023-10-01 18:00:00,88.266,88.527,88.026,88.316,9955200.1953
2023-10-01 19:00:00,88.027,88.357,87.956,88.256,9088800.4303
2023-10-01 20:00:00,88.396,88.437,87.856,88.027,8953200.3403
2023-10-02 14:00:00,95.246,96.727,95.036,95.387,15660300.2548
2023-10-02 15:00:00,95.416,95.937,94.726,95.286,27931200.0275
2023-10-02 16:00:00,94.597,95.517,94.576,95.417,15556799.8886
2023-10-02 17:00:00,94.736,94.946,94.236,94.586,13474800.1099
2023-10-02 18:00:00,94.896,95.337,94.736,94.747,11277600.2884
2023-10-02 19:00:00,94.576,94.937,94.387,94.896,11060400.0092
2023-10-02 20:00:00,94.557,94.767,94.296,94.587,12019200.325
2023-10-03 14:00:00,91.716,92.767,91.556,92.096,14489999.7711
2023-10-03 15:00:00,92.137,92.437,91.327,91.717,27490800.8575
2023-10-03 16:00:00,92.116,92.677,91.876,92.136,20219999.3134
2023-10-03 17:00:00,91.677,92.337,91.596,92.116,16889999.3896
2023-10-03 18:00:00,90.407,91.897,90.386,91.667,14098799.7055
2023-10-03 19:00:00,91.227,91.396,90.386,90.406,20314800.2625
2023-10-03 20:00:00,90.576,91.287,90.396,91.216,20343599.3195
2023-10-04 13:00:00,106.376,107.557,105.967,106.897,13279199.6002
2023-10-04 14:00:00,105.947,106.396,105.566,106.377,15542400.3601
2023-10-04 15:00:00,105.946,106.396,105.886,105.956,8350799.5605
2023-10-04 16:00:00,105.947,105.967,105.106,105.947,9357600.2121
2023-10-04 17:00:00,106.267,106.437,105.936,105.956,5889599.8001
2023-10-04 18:00:00,106.497,106.557,106.157,106.277,5552400.1122
2023-10-04 19:00:00,106.446,106.587,106.226,106.507,6482399.9405
2023-10-05 13:00:00,109.317,109.367,107.916,107.927,12147600.174
2023-10-05 14:00:00,108.217,109.756,107.986,109.347,18316799.1638
2023-10-05 15:00:00,108.657,108.856,108.076,108.227,9507599.8306
2023-10-05 16:00:00,108.977,109.027,108.456,108.666,9381600.3799
2023-10-05 17:00:00,109.736,110.296,108.397,108.977,18609600.0671
2023-10-05 18:00:00,112.626,112.666,109.716,109.716,17355600.3571
2023-10-05 19:00:00,111.727,112.927,111.477,112.636,12944399.8337
2023-10-07 13:00:00,116.427,118.297,116.126,118.227,11437199.5926
2023-10-07 14:00:00,117.016,118.006,116.366,116.426,11878800.3922
2023-10-07 15:00:00,116.537,117.207,116.526,116.997,14345999.7177
2023-10-07 16:00:00,116.576,116.737,116.136,116.537,11811599.7314
2023-10-07 17:00:00,116.466,116.727,116.296,116.587,8362799.6445
2023-10-07 18:00:00,116.706,116.886,116.376,116.466,6908400.0587
2023-10-07 19:00:00,116.436,116.727,116.217,116.716,5989200.1152
2023-10-08 13:00:00,131.747,131.797,130.516,131.347,13660799.9802
2023-10-08 14:00:00,130.826,132.037,130.607,131.756,24085199.3561
2023-10-08 15:00:00,130.287,131.037,129.926,130.836,22143600.4639
2023-10-08 16:00:00,130.067,130.877,129.916,130.287,21766799.9268
2023-10-08 17:00:00,129.537,130.327,129.436,130.057,19680000.3052
2023-10-08 18:00:00,130.247,130.366,129.496,129.517,20941200.2563
2023-10-08 19:00:00,129.717,130.417,129.546,130.256,18079200.7446
2023-10-10 13:00:00,138.277,139.036,137.806,138.426,9715200.4242
2023-10-10 14:00:00,138.596,138.666,137.316,138.307,12255599.9756
2023-10-10 15:00:00,139.396,139.567,138.476,138.606,8887200.3555
2023-10-10 16:00:00,139.086,139.706,138.986,139.396,7586400.032
2023-10-10 17:00:00,139.106,139.396,138.427,139.076,12829199.791
2023-10-10 18:00:00,138.586,139.087,138.456,139.086,8678400.0397
2023-10-10 19:00:00,138.067,138.737,137.946,138.596,8893199.9207
2023-10-11 14:00:00,130.787,130.876,129.386,130.137,9562800.4074
2023-10-11 15:00:00,130.107,130.817,129.696,130.766,15473999.9771
2023-10-11 16:00:00,131.547,131.557,130.087,130.116,9337200.1648
2023-10-11 17:00:00,132.117,132.246,131.536,131.546,8044799.8047
2023-10-11 18:00:00,132.306,132.577,131.846,132.126,7035600.1854
2023-10-11 19:00:00,132.467,132.607,132.276,132.307,5337600.2312
2023-10-11 20:00:00,132.577,132.787,132.436,132.476,6931200.0275
2023-11-01 14:00:00,89.716,90.287,88.996,89.246,14494799.614
2023-11-01 15:00:00,89.636,90.387,89.496,89.727,18173999.7864
2023-11-01 16:00:00,90.307,90.527,89.596,89.637,8529600.1434
2023-11-01 17:00:00,90.666,90.747,90.316,90.316,8420399.6658
2023-11-01 18:00:00,90.697,90.986,90.476,90.667,8932800.293
2023-11-01 19:00:00,90.846,90.957,90.506,90.707,6938399.7917
2023-11-01 20:00:00,91.507,91.577,90.796,90.847,8357999.8016
2023-11-04 13:00:00,105.516,106.717,105.446,106.426,12253199.5773
2023-11-04 14:00:00,104.946,105.657,104.666,105.536,14362799.6445
2023-11-04 15:00:00,105.297,105.376,104.876,104.937,8944800.3769
2023-11-04 16:00:00,105.517,105.647,105.236,105.296,7353600.0252
2023-11-04 17:00:00,105.867,105.967,105.456,105.516,5716800.2129
2023-11-04 18:00:00,106.106,106.176,105.666,105.876,5300399.7803
2023-11-04 19:00:00,105.316,106.167,105.096,106.116,8122799.8734
2023-11-05 13:00:00,117.026,117.336,114.397,115.386,14697600.3647
2023-11-05 14:00:00,117.417,117.577,116.116,117.046,19091999.054
2023-11-05 15:00:00,117.436,117.907,116.966,117.427,11215200.4242
2023-11-05 16:00:00,117.416,117.687,117.186,117.446,7485599.9947
2023-11-05 17:00:00,116.586,117.487,116.456,117.437,7228799.8199
2023-11-05 18:00:00,117.116,117.187,116.516,116.586,5915999.8894
2023-11-05 19:00:00,116.577,117.327,116.356,117.116,6500400.0664
2023-11-07 13:00:00,116.437,116.996,115.356,116.277,11979599.9527
2023-11-07 14:00:00,116.817,116.957,116.206,116.446,16912799.8352
2023-11-07 15:00:00,117.537,117.546,116.657,116.807,13041600.2274
2023-11-07 16:00:00,117.277,117.697,117.096,117.547,9994799.614
2023-11-07 17:00:00,117.137,117.407,116.906,117.266,6709199.9054
2023-11-07 18:00:00,116.936,117.187,116.536,117.146,6224400.0435
2023-11-07 19:00:00,117.116,117.347,116.676,116.936,6201600.0748
2023-11-08 13:00:00,128.727,128.997,128.156,128.367,12980400.0854
2023-11-08 14:00:00,128.897,129.717,128.726,128.726,24380399.704
2023-11-08 15:00:00,129.097,129.137,128.437,128.906,16636800.766
2023-11-08 16:00:00,128.977,129.517,128.806,129.097,14731200.2182
2023-11-08 17:00:00,129.017,129.387,128.737,128.966,11990400.3143
2023-11-08 18:00:00,129.647,129.817,128.966,129.017,11170800.209
2023-11-08 19:00:00,129.586,129.917,129.246,129.647,10460399.6277
2023-11-09 13:00:00,136.737,137.467,136.516,136.516,12531599.9985
2023-11-09 14:00:00,135.906,137.057,135.776,136.757,13645199.7757
2023-11-09 15:00:00,136.007,136.557,135.896,135.906,10624799.7284
2023-11-09 16:00:00,136.587,136.647,135.936,136.007,8971199.9893
2023-11-09 17:00:00,137.077,137.157,136.486,136.576,8663999.5575
2023-11-09 18:00:00,136.877,137.096,136.746,137.086,6175199.9855
2023-11-09 19:00:00,136.926,137.197,136.696,136.877,5542799.9496
2023-11-10 13:00:00,140.246,140.517,138.566,138.656,9557999.6109
2023-11-10 14:00:00,140.706,140.826,139.747,140.256,12003600.1205
2023-11-10 15:00:00,140.196,141.097,139.996,140.716,9650400.1617
2023-11-10 16:00:00,140.007,140.207,139.587,140.196,7249199.8672
2023-11-10 17:00:00,139.866,140.047,139.436,140.017,7382400.0359
2023-11-10 18:00:00,140.297,140.707,139.796,139.856,9215999.6033
2023-11-10 19:00:00,140.547,140.647,140.016,140.307,8480400.0854
2023-11-12 14:00:00,132.937,133.106,131.386,132.356,11282400.1312
2023-11-12 15:00:00,132.556,133.037,131.946,132.977,12307200.4318
2023-11-12 16:00:00,132.227,132.566,131.867,132.566,9440400.1236
2023-11-12 17:00:00,132.486,132.647,132.047,132.216,6163199.9016
2023-11-12 18:00:00,132.627,132.817,132.426,132.476,5152800.0832
2023-11-12 19:00:00,132.836,132.837,132.397,132.626,4466400.1465
2023-11-12 20:00:00,133.226,133.326,132.706,132.847,4342800.1404
2023-12-01 14:00:00,90.277,91.846,89.736,91.527,16422000.885
2023-12-01 15:00:00,90.927,91.816,90.247,90.297,24190799.7131
2023-12-01 16:00:00,91.197,91.257,90.497,90.927,18074399.9481
2023-12-01 17:00:00,91.357,91.537,91.086,91.186,9479999.5422
2023-12-01 18:00:00,91.536,91.717,90.607,91.346,12230400.0854
2023-12-01 19:00:00,91.337,91.627,91.156,91.527,12569999.6948
2023-12-01 20:00:00,91.057,91.367,90.737,91.336,12173999.7864
2023-12-04 13:00:00,105.436,106.727,105.346,106.436,11528400.4211
2023-12-04 14:00:00,104.766,105.917,104.676,105.416,16971599.5789
2023-12-04 15:00:00,105.277,105.417,104.327,104.766,12689999.5804
2023-12-04 16:00:00,105.567,105.607,105.116,105.286,7120800.0183
2023-12-04 17:00:00,105.086,105.677,105.036,105.576,6261600.0175
2023-12-04 18:00:00,104.707,105.347,104.316,105.066,12964799.881
2023-12-04 19:00:00,104.637,104.906,104.376,104.707,11543999.6719
2023-12-05 13:00:00,116.697,117.347,116.426,116.606,10225199.6994
2023-12-05 14:00:00,116.636,116.867,116.096,116.646,13207200.0504
2023-12-05 15:00:00,117.286,117.317,116.586,116.626,11013600.3494
2023-12-05 16:00:00,116.906,117.766,116.686,117.287,10426799.7742
2023-12-05 17:00:00,116.797,117.167,116.756,116.897,8494799.614
2023-12-05 18:00:00,116.977,117.077,116.767,116.787,6879600.0481
2023-12-05 19:00:00,117.526,117.697,116.886,116.987,6482399.9405
2023-12-06 13:00:00,122.216,122.927,122.006,122.726,9475199.6994
2023-12-06 14:00:00,122.147,122.407,121.646,122.207,15942000.3891
2023-12-06 15:00:00,122.376,122.477,121.986,122.146,10438799.8581
2023-12-06 16:00:00,122.476,122.587,122.066,122.387,6780000.2098
2023-12-06 17:00:00,123.097,123.117,122.336,122.476,6357600.2121
2023-12-06 18:00:00,123.687,123.736,123.006,123.106,5924399.8528
2023-12-06 19:00:00,123.657,124.037,123.356,123.687,9799200.058
2023-12-07 13:00:00,119.447,119.766,118.456,118.726,11173199.6536
2023-12-07 14:00:00,119.366,120.326,119.287,119.456,15454799.6521
2023-12-07 15:00:00,118.596,119.797,118.396,119.377,14182800.293
2023-12-07 16:00:00,118.886,119.207,118.466,118.596,12036000.2518
2023-12-07 17:00:00,119.136,119.237,118.666,118.876,6964799.881
2023-12-07 18:00:00,118.806,119.377,118.706,119.136,7336800.0984
2023-12-07 19:00:00,118.956,119.036,118.656,118.806,8961600.3036
2023-12-09 13:00:00,136.616,136.857,135.846,136.156,11227199.5544
2023-12-09 14:00:00,135.756,136.617,135.756,136.617,14574000.3586
2023-12-09 15:00:00,135.816,136.147,135.447,135.766,9178799.6292
2023-12-09 16:00:00,135.826,136.217,135.696,135.816,6386400.2228
2023-12-09 17:00:00,135.767,136.187,135.616,135.837,8516400.3372
2023-12-09 18:00:00,135.607,136.057,135.416,135.767,9646800.0412
2023-12-09 19:00:00,135.337,135.617,135.176,135.607,7921199.7986
2023-12-10 13:00:00,140.687,141.206,139.986,141.037,10152000.4272
2023-12-10 14:00:00,140.666,141.206,140.316,140.677,12418800.354
2023-12-10 15:00:00,140.276,140.857,140.226,140.677,10204799.6521
2023-12-10 16:00:00,140.156,140.696,140.046,140.276,8821200.3708
2023-12-10 17:00:00,139.017,140.217,138.836,140.157,11872799.8734
2023-12-10 18:00:00,138.857,139.127,138.246,139.016,9398400.3067
2023-12-10 19:00:00,138.977,139.507,138.816,138.857,9886799.8123
2023-12-12 14:00:00,132.167,132.987,131.266,131.726,7961999.8932
2023-12-12 15:00:00,132.337,132.466,132.016,132.157,8881199.8367
2023-12-12 16:00:00,132.206,132.597,132.126,132.327,6768000.1259
2023-12-12 17:00:00,132.357,132.376,131.966,132.206,4978799.8199
2023-12-12 18:00:00,132.637,132.717,132.286,132.346,5196000.0992
2023-12-12 19:00:00,132.177,132.687,132.096,132.616,3880800.0088
2023-12-12 20:00:00,132.487,132.557,132.026,132.187,6469200.1343
2024-01-02 14:00:00,142.437,143.036,141.396,142.026,9444000.2441
2024-01-02 15:00:00,142.127,142.566,141.466,142.436,12309599.8764
2024-01-02 16:00:00,141.427,142.447,141.236,142.107,8326800.3464
2024-01-02 17:00:00,141.556,141.857,140.827,141.437,6840000.1526
2024-01-02 18:00:00,140.937,141.607,140.786,141.566,7131599.9031
2024-01-02 19:00:00,141.756,141.817,140.846,140.947,5641200.0656
2024-01-02 20:00:00,141.157,141.847,140.836,141.766,4854000.0916
2024-01-03 14:00:00,138.016,138.857,137.816,138.407,7514400.0053
2024-01-03 15:00:00,137.386,138.317,137.236,138.027,8748000.145
2024-01-03 16:00:00,137.646,137.837,137.336,137.387,6656400.2037
2024-01-03 17:00:00,138.007,138.067,137.616,137.647,4225200.1762
2024-01-03 18:00:00,138.157,138.367,137.986,138.017,3460799.9325
2024-01-03 19:00:00,138.187,138.416,137.936,138.146,5080800.0565
2024-01-03 20:00:00,137.096,138.197,136.916,138.197,8939999.5804
2024-01-04 13:00:00,154.797,155.667,150.556,150.556,7778399.9443
2024-01-04 14:00:00,154.797,155.477,154.386,154.777,10063199.9969
2024-01-04 15:00:00,154.736,155.527,154.466,154.806,7795199.8711
2024-01-04 16:00:00,154.917,155.256,154.716,154.746,5896800.0412
2024-01-04 17:00:00,154.966,155.136,154.726,154.906,5090400.219
2024-01-04 18:00:00,155.066,155.227,154.726,154.966,4928400.0397
2024-01-04 19:00:00,155.396,155.557,154.856,155.056,6736800.1938
2024-01-05 13:00:00,164.256,164.297,163.067,164.077,10057200.4318
2024-01-05 14:00:00,165.136,165.607,163.977,164.257,16089599.6094
2024-01-05 15:00:00,165.567,165.797,165.046,165.126,11349599.8383
2024-01-05 16:00:00,164.797,165.877,164.716,165.556,9987600.3265
2024-01-05 17:00:00,164.866,164.926,164.006,164.806,8595600.1282
2024-01-05 18:00:00,166.246,166.336,164.386,164.897,24428400.0397
2024-01-05 19:00:00,163.756,167.106,163.716,166.246,24986400.6042
2024-01-07 13:00:00,181.677,183.857,181.296,183.026,5800799.8466
2024-01-07 14:00:00,182.227,182.837,181.676,181.747,9430800.4379
2024-01-07 15:00:00,182.267,182.477,181.886,182.216,6261600.0175
2024-01-07 16:00:00,182.987,183.286,182.046,182.257,4947599.8878
2024-01-07 17:00:00,182.487,183.027,182.176,182.966,4669199.9435
2024-01-07 18:00:00,182.626,182.947,182.256,182.496,4354800.2243
2024-01-07 19:00:00,182.897,183.217,182.216,182.627,5745600.2235
2024-01-08 13:00:00,173.777,174.027,170.246,170.296,6478799.8199
2024-01-08 14:00:00,172.336,174.016,171.806,173.736,14736000.061
2024-01-08 15:00:00,170.237,172.577,170.217,172.376,13384799.9573
2024-01-08 16:00:00,169.997,170.987,169.906,170.227,10929599.762
2024-01-08 17:00:00,170.007,170.206,169.156,170.006,10401599.884
2024-01-08 18:00:00,169.316,170.136,168.856,169.987,10065600.3952
2024-01-08 19:00:00,170.747,170.776,169.006,169.277,15069600.1053
2024-01-10 13:00:00,166.186,169.127,165.746,167.706,7636799.8123
2024-01-10 14:00:00,165.537,166.407,164.607,166.166,14487600.3265
2024-01-10 15:00:00,165.886,166.317,164.586,165.547,10389599.8001
2024-01-10 16:00:00,166.257,166.537,165.506,165.877,9883199.6918
2024-01-10 17:00:00,167.217,167.256,165.696,166.247,10160400.3906
2024-01-10 18:00:00,167.786,167.817,167.187,167.196,7590000.1526
2024-01-10 19:00:00,167.017,167.896,166.787,167.787,8024399.7574
2024-01-11 13:00:00,171.807,172.307,168.846,169.927,7394400.1198
2024-01-11 14:00:00,171.417,171.886,170.307,171.816,16347600.9369
2024-01-11 15:00:00,171.367,171.647,170.856,171.407,13000800.1328
2024-01-11 16:00:00,172.047,172.166,171.306,171.366,10898400.3067
2024-01-11 17:00:00,171.116,172.147,171.066,172.057,13380000.1144
2024-01-11 18:00:00,171.136,171.406,170.846,171.117,10331999.7787
2024-01-11 19:00:00,171.266,172.007,170.846,171.117,13509599.6857
2024-02-01 14:00:00,136.646,139.436,136.567,138.537,10147199.6307
2024-02-01 15:00:00,136.816,137.637,136.467,136.637,12607199.6689
2024-02-01 16:00:00,137.916,137.917,136.816,136.816,7967999.9352
2024-02-01 17:00:00,137.446,138.187,137.436,137.917,7375199.7948
2024-02-01 18:00:00,137.687,138.057,137.376,137.446,6238800.0488
2024-02-01 19:00:00,137.276,137.767,137.266,137.686,5282400.1312
2024-02-01 20:00:00,138.186,138.267,137.066,137.287,8105999.9466
2024-02-02 14:00:00,137.957,139.657,136.496,139.257,12235199.9283
2024-02-02 15:00:00,139.366,139.857,137.477,137.947,13966799.736
2024-02-02 16:00:00,140.547,140.567,138.896,139.356,9793199.5392
2024-02-02 17:00:00,140.476,141.387,140.237,140.547,9630000.1144
2024-02-02 18:00:00,140.746,140.787,140.257,140.486,9268799.7818
2024-02-02 19:00:00,141.776,142.107,140.746,140.746,8917200.0885
2024-02-02 20:00:00,142.377,142.526,141.536,141.787,9362400.0549
2024-02-04 13:00:00,152.957,154.037,152.126,153.486,7467599.8688
2024-02-04 14:00:00,153.006,153.857,152.637,152.956,9757200.2411
2024-02-04 15:00:00,152.727,153.126,152.716,152.997,1473600.0299
2024-02-04 16:00:00,153.767,153.976,153.396,153.657,4553999.9008
2024-02-04 17:00:00,154.037,154.047,153.556,153.787,4971600.0557
2024-02-04 18:00:00,153.927,154.167,153.706,154.056,3964799.881
2024-02-04 19:00:00,154.596,154.687,153.896,153.917,6473999.9771
2024-02-05 13:00:00,165.456,165.707,163.856,164.687,8593199.7299
2024-02-05 14:00:00,165.266,165.976,164.536,165.446,14907600.4028
2024-02-05 15:00:00,165.107,165.396,164.466,165.266,9952799.7971
2024-02-05 16:00:00,164.997,165.317,164.657,165.117,9543600.0824
2024-02-05 17:00:00,165.577,165.657,164.936,165.006,8042400.3601
2024-02-05 18:00:00,166.367,166.407,165.496,165.576,8224800.1099
2024-02-05 19:00:00,166.647,166.706,165.636,166.377,12577199.9359
2024-02-07 13:00:00,182.077,182.596,181.536,181.966,5360400.1999
2024-02-07 14:00:00,183.476,183.647,181.637,182.086,12156000.1373
2024-02-07 15:00:00,183.316,183.987,183.246,183.476,6214799.881
2024-02-07 16:00:00,184.207,184.207,183.146,183.316,4769999.9809
2024-02-07 17:00:00,184.977,185.127,184.196,184.207,5357999.8016
2024-02-07 18:00:00,184.877,185.236,184.856,184.987,3991199.9702
2024-02-07 19:00:00,185.257,185.557,184.786,184.846,5726399.8985
2024-02-08 13:00:00,167.136,168.506,166.076,166.446,9298800.4684
2024-02-08 14:00:00,165.516,167.487,164.646,167.137,19294799.8047
2024-02-08 15:00:00,166.677,167.017,165.317,165.516,17320800.7813
2024-02-08 16:00:00,165.187,167.056,164.966,166.666,14472000.1221
2024-02-08 17:00:00,165.456,165.697,164.976,165.176,12634799.9573
2024-02-08 18:00:00,165.666,165.927,164.856,165.446,10646400.4517
2024-02-08 19:00:00,166.586,166.767,165.496,165.656,14541600.2274
2024-02-10 13:00:00,165.517,167.506,164.976,166.416,6653999.8055
2024-02-10 14:00:00,165.076,165.737,164.887,165.507,10424400.3296
2024-02-10 15:00:00,165.087,165.827,164.716,165.067,7022399.9023
2024-02-10 16:00:00,165.416,165.587,165.027,165.097,6047999.8589
2024-02-10 17:00:00,165.716,165.777,165.186,165.406,5544000.1488
2024-02-10 18:00:00,165.727,165.897,165.376,165.717,4126800.0603
2024-02-10 19:00:00,165.847,166.587,165.647,165.736,5300399.7803
2024-02-12 14:00:00,171.126,171.206,168.506,168.826,4315999.9847
2024-02-12 15:00:00,170.967,171.966,170.796,171.147,6172999.8589
2024-02-12 16:00:00,171.747,171.767,170.667,170.976,3601000.0706
2024-02-12 17:00:00,171.416,171.957,171.366,171.747,2536000.0134
2024-02-12 18:00:00,171.416,171.496,171.016,171.407,1963999.9866
2024-02-12 19:00:00,171.356,171.537,171.166,171.386,2117000.103
2024-02-12 20:00:00,171.437,172.057,171.006,171.346,3796999.9313
2024-03-01 14:00:00,137.826,138.537,137.046,137.146,11415599.823
2024-03-01 15:00:00,138.666,138.717,137.616,137.827,15481200.2182
2024-03-01 16:00:00,138.756,138.937,138.456,138.676,10921199.7986
2024-03-01 17:00:00,139.217,139.246,138.546,138.767,7757999.897
2024-03-01 18:00:00,139.057,139.337,138.866,139.206,6571199.894
2024-03-01 19:00:00,139.556,139.617,138.676,139.057,13657199.8596
2024-03-01 20:00:00,138.927,139.616,138.596,139.556,9506400.1083
2024-03-04 13:00:00,153.686,153.946,152.716,153.576,6889200.2106
2024-03-04 14:00:00,154.056,154.757,153.686,153.686,9574799.5377
2024-03-04 15:00:00,154.167,154.337,153.896,154.057,6883200.1686
2024-03-04 16:00:00,154.616,154.757,153.966,154.197,8446800.2319
2024-03-04 17:00:00,154.577,154.837,154.326,154.636,4699200.1534
2024-03-04 18:00:00,154.636,154.877,154.496,154.577,4162799.8352
2024-03-04 19:00:00,154.907,155.067,154.046,154.626,9640800.4761
2024-03-05 13:00:00,165.836,167.877,165.776,167.527,10182000.1602
2024-03-05 14:00:00,163.927,166.326,163.036,165.866,20983200.0732
2024-03-05 15:00:00,165.246,165.737,163.877,163.936,12204000.473
2024-03-05 16:00:00,165.717,165.967,165.156,165.276,8110799.7894
2024-03-05 17:00:00,166.237,166.436,165.707,165.707,7579199.791
2024-03-05 18:00:00,166.757,166.927,166.196,166.237,7591199.8749
2024-03-05 19:00:00,167.227,167.447,166.656,166.746,8277600.2884
2024-03-06 13:00:00,172.947,174.506,172.447,172.447,8073599.8154
2024-03-06 14:00:00,171.976,173.407,171.846,172.986,12417599.678
2024-03-06 15:00:00,172.706,172.887,171.706,171.987,9178799.6292
2024-03-06 16:00:00,171.487,172.767,171.146,172.706,10184399.6048
2024-03-06 17:00:00,172.386,172.637,171.166,171.476,8782799.7208
2024-03-06 18:00:00,172.496,172.567,172.006,172.396,10170000.0763
2024-03-06 19:00:00,173.196,173.197,171.956,172.496,10180800.4379
2024-03-07 13:00:00,184.797,185.756,183.966,184.817,5102399.826
2024-03-07 14:00:00,185.047,185.057,184.146,184.796,9363599.7772
2024-03-07 15:00:00,185.797,185.936,184.906,185.047,6968400.0015
2024-03-07 16:00:00,185.777,186.067,185.546,185.787,7556399.8222
2024-03-09 13:00:00,160.467,161.797,159.646,161.626,5858399.868
2024-03-09 14:00:00,158.967,160.567,158.736,160.497,12010800.3616
2024-03-09 15:00:00,158.937,159.386,158.796,158.966,7456799.984
2024-03-09 16:00:00,158.946,159.347,158.676,158.937,5373600.0061
2024-03-09 17:00:00,158.407,159.197,158.336,158.946,5254799.8428
2024-03-09 18:00:00,157.586,158.447,157.466,158.416,7157999.9924
2024-03-09 19:00:00,157.357,157.636,156.476,157.587,9337200.1648
2024-03-10 13:00:00,164.796,165.087,163.906,164.356,4464000.2251
2024-03-10 14:00:00,164.997,165.697,164.346,164.796,17122800.827
2024-03-10 15:00:00,165.977,166.047,164.936,164.997,10591199.8749
2024-03-10 16:00:00,165.917,166.467,165.806,165.987,9082799.9115
2024-03-10 17:00:00,166.066,166.627,165.737,165.917,8765999.794
2024-03-10 18:00:00,165.947,166.167,165.767,166.057,6052800.1785
2024-03-10 19:00:00,165.817,166.157,165.556,165.937,7015200.1381
2024-03-12 14:00:00,171.606,172.626,171.066,171.447,3171999.9313
2024-03-12 15:00:00,171.676,172.197,170.876,171.607,5236999.9886
2024-03-12 16:00:00,171.597,172.157,171.546,171.667,3371999.979
2024-03-12 17:00:00,171.377,171.677,171.056,171.596,2046999.9313
2024-03-12 18:00:00,171.207,171.497,171.037,171.366,1597000.0029
2024-03-12 19:00:00,171.377,171.436,171.097,171.206,1498999.9533
2024-03-12 20:00:00,171.257,171.407,170.846,171.376,3516999.9599
2024-04-01 14:00:00,138.286,138.827,137.996,138.376,9631199.8367
2024-04-01 15:00:00,138.456,138.787,138.056,138.296,12141599.6552
2024-04-01 16:00:00,138.057,139.147,138.026,138.477,8341199.8749
2024-04-01 17:00:00,137.477,138.197,137.297,138.057,7673999.7864
2024-04-01 18:00:00,137.436,137.717,137.216,137.476,6224400.0435
2024-04-01 19:00:00,136.997,137.467,136.757,137.446,7340400.219
2024-04-01 20:00:00,136.416,137.197,136.346,136.997,8703599.9298
2024-04-03 14:00:00,133.307,135.577,132.806,135.547,9255599.9756
2024-04-03 15:00:00,132.986,133.747,132.896,133.307,8727663.0402
2024-04-03 16:00:00,132.357,133.037,131.896,132.997,10399200.4395
2024-04-03 17:00:00,132.877,133.006,132.176,132.366,6830399.9901
2024-04-03 18:00:00,132.607,132.916,132.416,132.887,4635600.09
2024-04-03 19:00:00,133.557,133.677,132.576,132.607,4625999.9275
2024-04-03 20:00:00,133.287,133.847,133.196,133.577,8142000.1984
2024-04-04 13:00:00,152.596,153.957,152.176,153.457,7756800.1747
2024-04-04 14:00:00,153.366,153.537,152.246,152.576,7456799.984
2024-04-04 15:00:00,154.536,154.537,153.346,153.366,6200399.8756
2024-04-04 16:00:00,154.216,154.767,154.116,154.536,5958000.1831
2024-04-04 17:00:00,154.077,154.566,154.056,154.227,4506000.042
2024-04-04 18:00:00,152.107,154.076,151.806,154.067,17222400.6653
2024-04-04 19:00:00,150.556,152.167,150.436,152.107,18281999.588
2024-04-06 13:00:00,172.807,173.596,171.897,173.166,4442399.9786
2024-04-06 14:00:00,172.786,173.657,172.067,172.836,10949999.8093
2024-04-06 15:00:00,172.656,173.217,172.626,172.797,6415200.2335
2024-04-06 16:00:00,172.337,172.747,172.176,172.676,5486400.1274
2024-04-06 17:00:00,172.066,172.547,171.877,172.337,5748000.145
2024-04-06 18:00:00,172.976,173.287,172.046,172.056,6439199.9245
2024-04-06 19:00:00,173.766,173.827,172.396,172.967,8486399.6506
2024-04-09 13:00:00,157.767,158.977,156.387,156.627,6647999.7635
2024-04-09 14:00:00,158.167,158.197,156.967,157.727,13047599.7925
2024-04-09 15:00:00,157.077,158.387,156.856,158.176,7050000.1907
2024-04-09 16:00:00,157.217,157.557,156.776,157.087,5683199.8825
2024-04-09 17:00:00,156.216,157.227,155.966,157.226,5038799.7627
2024-04-09 18:00:00,156.426,156.867,156.107,156.217,5587200.1648
2024-04-09 19:00:00,156.407,156.937,156.246,156.417,8702400.2075
2024-04-10 13:00:00,166.556,168.206,166.427,168.087,6190800.19
2024-04-10 14:00:00,166.277,166.917,165.627,166.576,15189599.9908
2024-04-10 15:00:00,166.366,166.667,165.477,166.266,12730799.675
2024-04-10 16:00:00,166.307,166.476,165.916,166.366,8563199.9969
2024-04-10 17:00:00,165.867,166.387,165.746,166.317,7664400.1007
2024-04-10 18:00:00,166.147,166.227,165.686,165.857,6980400.0854
2024-04-10 19:00:00,167.016,167.166,166.026,166.146,7450799.942
2024-04-11 14:00:00,169.146,170.637,168.076,169.797,5553599.8344
2024-04-11 15:00:00,169.517,169.786,168.996,169.186,6393599.987
2024-04-11 16:00:00,168.316,169.737,168.006,169.516,6007199.7643
2024-04-11 17:00:00,169.226,169.267,168.036,168.316,5096399.7841
2024-04-11 18:00:00,169.346,169.697,169.046,169.226,4697999.9542
2024-04-11 19:00:00,169.537,169.746,169.346,169.346,3354000.0916
2024-04-11 20:00:00,169.267,169.657,168.986,169.526,5953199.8634
2024-04-12 14:00:00,173.067,173.246,171.046,171.046,3986000.061
2024-04-12 15:00:00,173.957,174.096,172.216,173.077,9373000.145
2024-04-12 16:00:00,173.527,174.047,173.316,173.957,4689000.1297
2024-04-12 17:00:00,173.986,174.037,172.826,173.556,4190999.9847
2024-04-12 18:00:00,174.367,174.597,173.956,173.997,4333000.1831
2024-04-12 19:00:00,174.666,174.676,174.206,174.356,3977999.9256
2024-04-12 20:00:00,174.347,174.877,174.166,174.637,5090000.1526
2024-05-01 14:00:00,136.546,137.057,136.246,136.697,8049599.6475
2024-05-01 15:00:00,136.577,137.136,136.376,136.557,11962800.0259
2024-05-01 16:00:00,135.976,136.707,135.636,136.567,9536399.8413
2024-05-01 17:00:00,135.907,136.097,135.476,135.967,8494799.614
2024-05-01 18:00:00,135.906,136.077,135.486,135.886,8516400.3372
2024-05-01 19:00:00,135.337,136.027,135.256,135.907,7427999.9733
2024-05-01 20:00:00,135.707,135.796,135.136,135.326,6376800.0603
2024-05-02 14:00:00,144.817,145.207,142.756,142.846,9135600.09
2024-05-02 15:00:00,143.696,145.456,143.346,144.807,14036399.8413
2024-05-02 16:00:00,143.586,143.847,143.246,143.687,9500399.5895
2024-05-02 17:00:00,144.026,144.106,143.226,143.577,7625999.9275
2024-05-02 18:00:00,143.417,144.407,143.216,144.017,6398399.8299
2024-05-02 19:00:00,144.057,144.147,143.217,143.427,5857200.1457
2024-05-02 20:00:00,143.586,144.047,143.377,144.046,7419600.0099
2024-05-03 14:00:00,131.966,133.227,131.796,131.886,8088000.2975
2024-05-03 15:00:00,130.897,132.347,130.656,131.966,10295700.0732
2024-05-03 16:00:00,131.807,131.827,130.836,130.857,6632999.897
2024-05-03 17:00:00,132.796,133.127,131.796,131.796,5400899.8871
2024-05-03 18:00:00,132.367,132.967,132.346,132.786,5094900.1312
2024-05-03 19:00:00,132.117,132.557,132.046,132.357,4588200.0923
2024-05-03 20:00:00,132.667,132.707,131.936,132.107,4334400.177
2024-05-04 13:00:00,152.797,152.817,149.576,150.067,7744800.0908
2024-05-04 14:00:00,152.856,152.987,151.637,152.796,11314800.2625
2024-05-04 15:00:00,153.097,153.217,152.197,152.836,11091600.4181
2024-05-04 16:00:00,153.217,153.417,152.876,153.106,7464000.2251
2024-05-04 17:00:00,152.707,153.317,152.556,153.206,8468400.0015
2024-05-04 18:00:00,152.356,152.987,152.106,152.716,12973199.8444
2024-05-04 19:00:00,152.437,152.787,152.136,152.356,8829600.3342
2024-05-06 13:00:00,176.227,176.637,174.746,175.176,6178800.106
2024-05-06 14:00:00,175.127,176.477,175.006,176.277,10123200.4166
2024-05-06 15:00:00,174.116,175.636,174.096,175.126,6106800.0793
2024-05-06 16:00:00,174.377,174.647,173.926,174.096,4558800.2205
2024-05-06 17:00:00,174.976,175.156,174.386,174.396,4500000.0
2024-05-06 18:00:00,174.796,175.007,174.476,174.966,3779999.9714
2024-05-06 19:00:00,175.436,175.436,174.716,174.796,6472799.778
2024-05-07 13:00:00,189.197,189.367,185.796,185.816,5097599.9832
2024-05-07 14:00:00,189.367,189.987,188.496,189.207,7993199.8253
2024-05-07 15:00:00,190.316,190.427,189.206,189.367,5156400.2037
2024-05-07 16:00:00,190.157,190.417,189.886,190.306,3799200.058
2024-05-07 17:00:00,190.157,190.697,190.077,190.097,3218400.0015
2024-05-07 18:00:00,190.567,190.737,190.027,190.167,2982000.1125
2024-05-07 19:00:00,190.586,190.846,190.357,190.566,4297200.2029
2024-05-08 13:00:00,160.477,162.306,154.917,155.397,12050700.1877
2024-05-08 14:00:00,162.306,162.876,160.477,160.477,17676000.5951
2024-05-08 15:00:00,162.707,164.407,161.597,162.306,13130999.5651
2024-05-08 16:00:00,162.337,163.627,162.186,162.686,9654299.736
2024-05-08 17:00:00,162.877,163.476,162.326,162.337,11199600.2197
2024-05-08 18:00:00,158.836,162.937,157.536,162.886,15126613.6169
2024-05-08 19:00:00,159.207,160.197,158.496,158.837,19947599.411
2024-05-09 13:00:00,158.367,159.416,155.966,156.086,7695600.0328
2024-05-09 14:00:00,157.997,159.237,157.766,158.387,13704000.473
2024-05-09 15:00:00,156.827,158.077,156.757,158.006,11433600.4257
2024-05-09 16:00:00,156.707,157.197,156.536,156.817,8110799.7894
2024-05-09 17:00:00,157.587,157.587,156.496,156.707,7053599.8344
2024-05-09 18:00:00,157.246,157.746,157.106,157.587,6589200.0198
2024-05-09 19:00:00,157.236,157.327,156.547,157.237,8553600.3113
2024-05-11 14:00:00,169.687,170.037,168.826,169.347,6073200.2258
2024-05-11 15:00:00,169.316,170.087,169.087,169.717,8024399.7574
2024-05-11 16:00:00,169.496,169.956,169.216,169.307,5740799.9039
2024-05-11 17:00:00,170.227,170.516,169.506,169.507,4867199.8978
2024-05-11 18:00:00,169.686,170.377,169.616,170.227,4421999.9313
2024-05-11 19:00:00,169.787,169.997,169.577,169.676,4308000.0877
2024-05-11 20:00:00,169.706,170.037,169.336,169.767,5641200.0656
2024-05-12 14:00:00,174.306,175.977,173.866,175.436,3160000.0858
2024-05-12 15:00:00,173.697,174.867,173.406,174.347,4710999.9657
2024-05-12 16:00:00,173.667,174.117,173.456,173.717,3095999.9561
2024-05-12 17:00:00,173.367,174.057,173.326,173.626,2250000.0
2024-05-12 18:00:00,173.607,173.827,173.166,173.367,2476999.9981
2024-05-12 19:00:00,173.306,173.687,173.216,173.607,1957000.0172
2024-05-12 20:00:00,172.637,173.406,172.317,173.287,4098000.0496
2024-06-02 14:00:00,144.286,145.327,144.246,144.597,8166000.3662
2024-06-02 15:00:00,144.216,144.537,143.696,144.267,13605600.3571
2024-06-02 16:00:00,144.117,144.737,144.017,144.207,10302000.0458
2024-06-02 17:00:00,143.546,144.246,143.346,144.127,10021200.1801
2024-06-02 18:00:00,143.727,143.947,143.516,143.556,6832799.9115
2024-06-02 19:00:00,143.637,143.757,143.176,143.716,4995600.2235
2024-06-02 20:00:00,144.127,144.167,143.386,143.646,5587200.1648
2024-06-03 14:00:00,131.876,133.566,131.667,133.146,5300399.7803
2024-06-03 15:00:00,131.127,131.877,130.837,131.877,8336400.032
2024-06-03 16:00:00,131.497,131.587,131.126,131.126,7528800.0107
2024-06-03 17:00:00,131.467,132.077,131.336,131.506,6469200.1343
2024-06-03 18:00:00,131.607,131.877,130.996,131.477,8878800.3922
2024-06-03 19:00:00,131.167,131.737,131.046,131.597,11406000.1373
2024-06-03 20:00:00,131.396,131.557,131.126,131.157,9236399.6506
2024-06-05 13:00:00,167.147,168.097,166.197,167.436,6490799.9039
2024-06-05 14:00:00,166.506,167.206,166.017,167.146,9251999.855
2024-06-05 15:00:00,166.726,167.266,166.336,166.507,5962800.0259
2024-06-05 16:00:00,167.197,167.237,166.176,166.716,5373600.0061
2024-06-05 17:00:00,167.076,167.357,166.776,167.197,4329599.8573
2024-06-05 18:00:00,167.447,167.527,167.046,167.077,4227600.0977
2024-06-05 19:00:00,168.086,168.117,166.796,167.447,5860799.7894
2024-06-06 13:00:00,176.577,177.126,175.736,175.807,6684000.0153
2024-06-06 14:00:00,176.406,176.877,175.896,176.586,7700399.8756
2024-06-06 15:00:00,176.196,176.557,175.797,176.406,5110799.7894
2024-06-06 16:00:00,176.496,176.687,176.187,176.196,4769999.9809
2024-06-06 17:00:00,176.876,177.086,176.426,176.497,4521599.7696
2024-06-06 18:00:00,176.756,176.927,176.436,176.876,5569200.0389
2024-06-06 19:00:00,176.776,177.137,176.437,176.756,5726399.8985
2024-06-08 13:00:00,156.947,159.337,156.406,159.297,8120400.4288
2024-06-08 14:00:00,159.306,159.567,156.527,156.947,18865200.0427
2024-06-08 15:00:00,159.397,159.527,158.506,159.316,14582400.322
2024-06-08 16:00:00,159.847,160.047,158.977,159.407,10050000.1907
2024-06-08 17:00:00,159.376,160.097,158.986,159.856,9760800.3616
2024-06-08 18:00:00,159.677,160.557,158.816,159.396,11434800.148
2024-06-08 19:00:00,158.267,159.707,158.076,159.666,19948799.1333
2024-06-09 13:00:00,154.816,157.817,154.687,157.247,9114000.3204
2024-06-09 14:00:00,153.316,155.157,152.946,154.837,18842399.5972
2024-06-09 15:00:00,151.996,153.987,151.886,153.316,18986099.2432
2024-06-09 16:00:00,151.546,152.087,151.326,151.986,8815500.2594
2024-06-09 17:00:00,151.626,151.997,151.536,151.557,8031599.9985
2024-06-09 18:00:00,151.796,152.017,151.266,151.616,6678899.765
2024-06-09 19:00:00,150.907,151.967,150.567,151.827,10145443.9163
2024-06-11 14:00:00,174.686,175.546,173.476,173.746,9835200.3098
2024-06-11 15:00:00,175.026,176.576,174.527,174.706,16660800.9338
2024-06-11 16:00:00,175.486,175.797,174.617,175.036,11946000.0992
2024-06-11 17:00:00,175.017,175.547,175.016,175.486,9290399.5514
2024-06-11 18:00:00,175.976,176.097,174.986,175.016,8609999.6567
2024-06-11 19:00:00,176.417,176.477,175.906,175.977,8044799.8047
2024-06-11 20:00:00,176.477,176.866,176.086,176.407,11938799.8581
2024-06-12 14:00:00,173.797,174.107,171.606,172.096,3177000.0458
2024-06-12 15:00:00,174.097,174.607,173.586,173.816,4322999.9542
2024-06-12 16:00:00,174.686,175.076,174.056,174.096,3153000.1163
2024-06-12 17:00:00,174.597,174.777,174.276,174.707,2227999.9256
2024-06-12 18:00:00,174.757,175.017,174.496,174.577,2105000.0191
2024-06-12 19:00:00,174.486,174.836,174.246,174.756,1968999.9819
2024-06-12 20:00:00,174.697,174.867,174.276,174.457,3016999.9599
2024-07-02 14:00:00,144.207,144.967,144.096,144.746,7938000.2022
2024-07-02 15:00:00,144.646,145.297,143.916,144.196,13411199.5697
2024-07-02 16:00:00,145.046,145.337,144.447,144.656,9741600.0366
2024-07-02 17:00:00,144.866,145.347,144.616,145.047,6548399.9252
2024-07-02 18:00:00,145.126,145.386,144.577,144.867,4894800.1862
2024-07-02 19:00:00,145.246,145.377,145.046,145.116,2289599.8955
2024-07-02 20:00:00,145.497,145.607,145.197,145.236,3186000.1087
2024-07-03 14:00:00,132.457,132.827,131.596,132.717,6203999.9962
2024-07-03 15:00:00,133.326,133.636,132.356,132.447,7958399.7726
2024-07-03 16:00:00,134.297,134.567,133.256,133.326,7094399.929
2024-07-03 17:00:00,134.636,134.657,134.136,134.317,6814799.7856
2024-07-03 18:00:00,134.817,134.927,134.296,134.627,6302400.1122
2024-07-03 19:00:00,134.617,134.907,134.446,134.826,4615200.0427
2024-07-03 20:00:00,134.336,134.927,134.266,134.607,5199600.2197
2024-07-05 13:00:00,170.067,171.057,168.197,168.216,7263599.8726
2024-07-05 14:00:00,170.697,170.726,169.636,170.086,8640000.3433
2024-07-05 15:00:00,170.886,171.027,170.497,170.696,5611199.8558
2024-07-05 16:00:00,171.247,171.747,170.846,170.877,6106800.0793
2024-07-05 17:00:00,170.767,171.387,170.647,171.257,5113200.1877
2024-07-05 18:00:00,170.887,170.907,170.446,170.777,5688000.2022
2024-07-05 19:00:00,171.277,171.406,170.416,170.887,6663599.968
2024-07-06 13:00:00,176.846,177.847,176.276,176.976,6848400.116
2024-07-06 14:00:00,176.957,177.317,176.316,176.846,7017600.0595
2024-07-06 15:00:00,176.887,177.187,176.336,176.956,6223199.8444
2024-07-06 16:00:00,177.116,177.127,176.556,176.897,4988399.9825
2024-07-06 17:00:00,176.417,177.127,176.206,177.117,4179599.762
2024-07-06 18:00:00,175.927,176.406,175.007,176.397,7900800.2281
2024-07-06 19:00:00,174.457,176.127,174.276,175.926,10232399.9405
2024-07-08 13:00:00,161.477,162.146,160.436,161.247,8860799.7894
2024-07-08 14:00:00,162.126,162.957,161.087,161.487,12925200.4623
2024-07-08 15:00:00,161.006,162.167,160.047,162.127,9937199.5926
2024-07-08 16:00:00,160.007,161.166,160.006,161.027,11295599.9374
2024-07-08 17:00:00,158.927,160.137,158.726,159.997,11377200.1266
2024-07-08 18:00:00,159.306,159.396,158.466,158.916,12541199.6841
2024-07-08 19:00:00,158.906,160.067,158.527,159.297,13035599.7086
2024-07-10 13:00:00,166.036,168.437,165.876,167.656,7048799.9916
2024-07-10 14:00:00,166.257,167.017,165.976,166.056,11680800.4379
2024-07-10 15:00:00,165.766,166.256,165.636,166.256,9081600.1892
2024-07-10 16:00:00,165.166,165.877,165.056,165.777,7942800.045
2024-07-10 17:00:00,164.846,165.326,164.526,165.167,7156799.7932
2024-07-10 18:00:00,163.176,164.877,162.946,164.837,11041199.6841
2024-07-10 19:00:00,162.996,163.657,162.746,163.167,11433600.4257
2024-07-11 14:00:00,178.366,179.257,177.166,177.346,5175600.0519
2024-07-11 15:00:00,178.756,178.766,177.617,178.367,8055600.1663
2024-07-11 16:00:00,179.927,179.946,178.647,178.767,4826399.8032
2024-07-11 17:00:00,179.556,179.956,179.156,179.927,4472400.1884
2024-07-11 18:00:00,179.717,179.746,179.246,179.577,4210800.1709
2024-07-11 19:00:00,180.806,180.827,179.597,179.716,5929200.1724
2024-07-11 20:00:00,180.737,181.067,180.417,180.807,7271999.836
2024-08-01 14:00:00,137.027,137.147,136.226,136.256,8122799.8734
2024-08-01 15:00:00,137.307,137.467,136.587,137.016,9111599.9222
2024-08-01 16:00:00,137.737,137.787,137.256,137.317,8330400.4669
2024-08-01 17:00:00,137.897,138.217,137.646,137.727,5748000.145
2024-08-01 18:00:00,138.256,138.337,137.696,137.886,3645600.0805
2024-08-01 19:00:00,138.747,138.847,138.166,138.267,4405200.0046
2024-08-01 20:00:00,138.786,138.977,138.526,138.737,7118400.0969
2024-08-02 14:00:00,145.357,146.307,145.097,145.716,7455599.7849
2024-08-02 15:00:00,146.107,146.177,145.316,145.376,8127599.7162
2024-08-02 16:00:00,145.817,146.136,145.626,146.097,5223599.9107
2024-08-02 17:00:00,145.726,146.156,145.676,145.807,3894000.0534
2024-08-02 18:00:00,145.457,146.016,145.387,145.727,3674400.0912
2024-08-02 19:00:00,145.706,145.777,145.196,145.467,3028800.0107
2024-08-02 20:00:00,145.906,146.077,145.676,145.696,2940000.0572
2024-08-03 14:00:00,136.887,136.937,133.986,134.087,8074799.5377
2024-08-03 15:00:00,137.776,137.867,136.876,136.896,10215600.0137
2024-08-03 16:00:00,136.857,138.067,136.856,137.787,14968799.5911
2024-08-03 17:00:00,136.136,137.187,136.086,136.866,11553600.3113
2024-08-03 18:00:00,135.707,136.157,134.966,136.126,9277199.7452
2024-08-03 19:00:00,136.006,136.227,135.107,135.716,7738800.0488
2024-08-03 20:00:00,135.387,136.106,135.127,135.996,10570799.8276
2024-08-04 13:00:00,154.926,155.006,152.567,152.656,7839600.0862
2024-08-04 14:00:00,155.076,155.257,154.557,154.916,12974399.5667
2024-08-04 15:00:00,154.507,155.247,154.336,155.086,10839599.6094
2024-08-04 16:00:00,154.806,154.837,153.946,154.507,9463199.6155
2024-08-04 17:00:00,154.526,154.847,154.207,154.806,4918799.8772
2024-08-04 18:00:00,154.556,154.677,154.326,154.537,4064400.1961
2024-08-04 19:00:00,154.877,155.017,154.366,154.567,5913599.968
2024-08-05 13:00:00,169.746,169.757,168.696,168.886,7354800.2243
2024-08-05 14:00:00,169.717,170.137,169.436,169.786,8588399.8871
2024-08-05 15:00:00,169.757,170.117,169.407,169.716,6452400.2075
2024-08-05 16:00:00,169.487,170.077,169.416,169.737,5821199.894
2024-08-05 17:00:00,169.697,169.727,169.197,169.486,5240399.8375
2024-08-05 18:00:00,169.737,169.897,169.546,169.707,4336800.0984
2024-08-05 19:00:00,169.336,169.797,169.256,169.726,5611199.8558
2024-08-07 13:00:00,188.186,189.956,187.786,189.836,5716800.2129
2024-08-07 14:00:00,188.957,188.977,187.776,188.196,7677599.9069
2024-08-07 15:00:00,189.767,190.157,188.947,188.957,4955999.8512
2024-08-07 16:00:00,189.226,189.777,188.977,189.757,3967200.0408
2024-08-07 17:00:00,189.236,189.637,189.076,189.236,3217200.0408
2024-08-07 18:00:00,189.196,189.477,189.076,189.246,2791199.9226
2024-08-07 19:00:00,189.006,189.246,188.576,189.206,4553999.9008
2024-08-08 13:00:00,161.187,161.326,160.157,160.556,8001600.2655
2024-08-08 14:00:00,162.656,163.037,161.006,161.196,15573599.8154
2024-08-08 15:00:00,162.956,163.036,162.096,162.667,10758000.3738
2024-08-08 16:00:00,163.087,163.677,162.726,162.957,7645199.7757
2024-08-08 17:00:00,163.136,163.517,162.726,163.096,6409200.1915
2024-08-08 18:00:00,163.017,163.507,162.747,163.127,5460000.0381
2024-08-08 19:00:00,162.067,163.497,161.666,163.006,12481200.2182
2024-08-10 13:00:00,163.667,164.237,163.116,163.897,4001999.855
2024-08-10 14:00:00,164.047,164.716,163.707,163.717,7768799.7818
2024-08-10 15:00:00,164.096,164.287,163.766,164.046,4889999.8665
2024-08-10 16:00:00,163.697,164.096,163.337,164.096,4642799.8543
2024-08-10 17:00:00,163.067,163.757,162.936,163.696,4185599.8039
2024-08-10 18:00:00,163.287,163.367,162.856,163.066,3010799.8848
2024-08-10 19:00:00,164.346,164.476,163.076,163.276,5205599.7849
2024-08-11 14:00:00,179.267,180.837,178.937,180.526,4170000.0763
2024-08-11 15:00:00,178.307,179.836,178.246,179.277,5919600.0099
2024-08-11 16:00:00,179.036,179.077,178.066,178.317,3851999.9981
2024-08-11 17:00:00,178.896,179.096,178.696,179.047,2752799.9878
2024-08-11 18:00:00,178.897,178.947,178.276,178.907,2564399.9577
2024-08-11 19:00:00,179.207,179.267,178.567,178.886,2036400.0797
2024-08-11 20:00:00,178.296,179.227,178.176,179.197,4940400.1236
2024-09-01 14:00:00,139.527,139.817,138.136,138.326,10850399.971
2024-09-01 15:00:00,139.926,140.147,139.316,139.536,13006799.6979
2024-09-01 16:00:00,140.957,140.957,139.926,139.927,8649600.029
2024-09-01 17:00:00,141.207,141.347,140.746,140.977,7823999.8817
2024-09-01 18:00:00,140.937,141.476,140.696,141.216,8321999.5499
2024-09-01 19:00:00,140.707,141.107,140.596,140.947,7693200.1114
2024-09-01 20:00:00,140.927,141.017,140.386,140.717,8391599.6552
2024-09-02 14:00:00,147.286,147.317,146.156,146.636,6984000.206
2024-09-02 15:00:00,148.477,148.537,146.796,147.297,10425600.0519
2024-09-02 16:00:00,148.706,148.986,148.346,148.496,8053199.7681
2024-09-02 17:00:00,149.167,149.317,148.546,148.697,4778399.9443
2024-09-02 18:00:00,148.897,149.427,148.826,149.176,3724800.1099
2024-09-02 19:00:00,149.156,149.317,148.736,148.877,3703200.1019
2024-09-02 20:00:00,149.016,149.227,148.796,149.176,5491199.9702
2024-09-04 13:00:00,157.766,157.987,155.946,155.946,7953599.9298
2024-09-04 14:00:00,156.016,158.557,155.756,157.767,13911600.1129
2024-09-04 15:00:00,155.837,156.316,155.286,156.017,9716400.1465
2024-09-04 16:00:00,156.617,157.157,155.806,155.826,7491600.0366
2024-09-04 17:00:00,156.167,156.997,156.127,156.606,6664800.1671
2024-09-04 18:00:00,155.716,156.236,155.656,156.177,6624000.0725
2024-09-04 19:00:00,156.577,156.627,155.176,155.707,9532799.7208
2024-09-05 13:00:00,168.797,170.596,168.616,169.337,7348800.1823
2024-09-05 14:00:00,169.017,169.136,168.176,168.806,9877200.1266
2024-09-05 15:00:00,168.966,169.377,168.876,169.006,7018799.7818
2024-09-05 16:00:00,169.236,169.337,168.866,168.956,6226799.9649
2024-09-05 17:00:00,169.017,169.397,168.996,169.226,7666800.0221
2024-09-05 18:00:00,169.407,169.487,168.897,169.007,5683199.8825
2024-09-05 19:00:00,169.947,169.987,169.296,169.396,8511599.5407
2024-09-07 13:00:00,190.446,191.317,189.857,190.087,6939599.9908
2024-09-07 14:00:00,190.456,190.597,189.926,190.447,10384799.9573
2024-09-07 15:00:00,189.757,190.486,189.576,190.437,5174399.8528
2024-09-07 16:00:00,189.157,190.006,188.807,189.756,4627200.1266
2024-09-07 17:00:00,189.487,189.497,188.786,189.156,4119599.8192
2024-09-07 18:00:00,189.167,189.766,189.036,189.507,3301199.913
2024-09-07 19:00:00,188.987,189.287,188.707,189.137,4519199.8482
2024-09-08 13:00:00,160.147,161.017,159.046,159.876,6442800.045
2024-09-08 14:00:00,160.127,160.557,159.066,160.186,11274000.1678
2024-09-08 15:00:00,159.767,160.267,159.547,160.117,5567999.8398
2024-09-08 16:00:00,159.926,159.957,159.306,159.796,3637799.9783
2024-09-08 17:00:00,161.217,161.477,159.856,159.937,4155300.1404
2024-09-08 18:00:00,161.717,161.937,161.147,161.227,3719700.098
2024-09-08 19:00:00,163.576,163.757,161.606,161.706,5545800.209
2024-09-09 13:00:00,152.577,153.387,152.046,152.397,6196800.2319
2024-09-09 14:00:00,148.957,152.597,148.956,152.587,14741999.6262
2024-09-09 15:00:00,149.276,149.286,147.996,148.957,11936400.4135
2024-09-09 16:00:00,149.526,149.897,148.596,149.277,7318799.9725
2024-09-09 17:00:00,149.227,149.627,148.996,149.526,7936800.0031
2024-09-09 18:00:00,148.167,149.276,147.996,149.217,8729999.5422
2024-09-09 19:00:00,148.716,148.786,147.206,148.166,11738400.4593
2024-09-10 13:00:00,161.576,164.806,161.156,163.346,6970799.9229
2024-09-10 14:00:00,161.757,162.227,159.716,161.576,9598500.2518
2024-09-10 15:00:00,162.066,162.096,161.026,161.756,6179399.9672
2024-09-10 16:00:00,160.597,162.097,160.557,162.097,4761050.2243
2024-09-10 17:00:00,160.497,160.987,160.326,160.596,4843800.0679
2024-09-10 18:00:00,160.836,161.027,160.216,160.487,5036399.8413
2024-09-10 19:00:00,161.816,161.956,160.527,160.837,6441299.9153
2024-09-12 14:00:00,174.706,175.317,173.567,173.896,2700000.0477
2024-09-12 15:00:00,174.276,175.006,173.926,174.717,5521999.836
2024-09-12 16:00:00,175.827,176.037,174.176,174.307,4903999.8055
2024-09-12 17:00:00,175.946,176.257,175.627,175.827,2989000.082
2024-09-12 18:00:00,175.786,176.136,175.636,175.947,2575000.0477
2024-09-12 19:00:00,175.246,175.836,174.846,175.787,2997999.9065
2024-09-12 20:00:00,175.397,175.567,174.917,175.246,5034999.8474
2024-10-01 14:00:00,141.727,142.467,140.887,140.997,9276000.0229
2024-10-01 15:00:00,141.867,141.887,140.976,141.717,10827599.5255
2024-10-01 16:00:00,141.727,142.026,141.396,141.867,7935599.8039
2024-10-01 17:00:00,142.247,142.287,141.596,141.736,5352000.2365
2024-10-01 18:00:00,142.337,142.507,142.127,142.256,7555200.0999
2024-10-01 19:00:00,142.766,142.986,142.336,142.336,5219999.7902
2024-10-01 20:00:00,142.227,142.776,141.786,142.756,10417200.0885
2024-10-04 13:00:00,155.216,156.597,154.687,156.206,11288399.6964
2024-10-04 14:00:00,155.477,155.846,155.116,155.226,17979600.9064
2024-10-04 15:00:00,155.317,155.527,154.676,155.487,11138400.0778
2024-10-04 16:00:00,155.647,155.857,155.006,155.317,8336400.032
2024-10-04 17:00:00,155.906,156.357,154.937,155.647,15017999.649
2024-10-04 18:00:00,155.816,156.487,155.686,155.907,14878800.3922
2024-10-04 19:00:00,156.066,156.467,155.687,155.817,11956800.4608
2024-10-05 13:00:00,168.126,168.496,167.147,167.887,5736000.061
2024-10-05 14:00:00,167.736,168.676,167.516,168.067,10531200.4089
2024-10-05 15:00:00,167.777,168.207,167.346,167.737,7162799.8352
2024-10-05 16:00:00,167.647,167.927,167.456,167.767,5539199.8291
2024-10-05 17:00:00,168.857,169.826,166.177,167.646,8060400.0092
2024-10-05 18:00:00,168.857,169.317,168.186,168.846,6160799.9802
2024-10-05 19:00:00,168.597,168.957,168.356,168.846,6558000.0877
2024-10-06 13:00:00,172.837,175.146,172.756,174.857,6624000.0725
2024-10-06 14:00:00,173.607,173.706,172.766,172.826,8959199.9054
2024-10-06 15:00:00,173.767,173.837,173.096,173.617,7312799.9306
2024-10-06 16:00:00,173.807,173.997,173.516,173.767,5975999.8322
2024-10-06 17:00:00,173.996,174.097,173.336,173.797,6682799.8161
2024-10-06 18:00:00,175.127,177.037,173.676,173.977,11434800.148
2024-10-06 19:00:00,175.066,175.417,174.607,175.116,9496800.4227
2024-10-07 13:00:00,190.676,190.837,189.017,189.106,4421999.9313
2024-10-07 14:00:00,189.736,190.867,189.556,190.696,5830800.0565
2024-10-07 15:00:00,190.287,190.357,189.326,189.736,3924000.0248
2024-10-07 16:00:00,190.707,190.837,189.797,190.287,3365999.9371
2024-10-07 17:00:00,191.337,191.397,190.626,190.697,3008399.9634
2024-10-07 18:00:00,191.276,191.737,191.096,191.347,2736000.061
2024-10-07 19:00:00,191.167,191.387,190.516,191.256,4854000.0916
2024-10-09 13:00:00,150.066,151.216,149.506,150.486,6636000.1564
2024-10-09 14:00:00,149.147,150.266,148.796,150.076,15304499.6262
2024-10-09 15:00:00,148.516,149.837,148.506,149.136,10035934.4482
2024-10-09 16:00:00,149.277,149.437,148.306,148.516,10387200.3555
2024-10-09 17:00:00,149.496,149.687,149.167,149.287,8271599.7696
2024-10-09 18:00:00,150.087,150.417,149.496,149.497,7328400.135
2024-10-09 19:00:00,148.636,150.217,148.597,150.086,8979599.9527
2024-10-10 13:00:00,161.546,161.826,160.366,160.757,3587100.029
2024-10-10 14:00:00,161.937,162.567,161.396,161.576,6795899.868
2024-10-10 15:00:00,162.717,162.727,161.716,161.957,3502799.9878
2024-10-10 16:00:00,162.557,163.057,162.366,162.726,3396600.008
2024-10-10 17:00:00,162.416,162.597,161.846,162.567,3307499.8856
2024-10-10 18:00:00,162.256,162.427,161.916,162.416,2656800.0317
2024-10-10 19:00:00,162.067,162.337,161.906,162.237,3651299.9535
2024-10-12 14:00:00,184.107,186.296,181.556,182.777,8798999.7864
2024-10-12 15:00:00,181.997,185.457,181.846,184.117,9479000.0916
2024-10-12 16:00:00,183.137,183.227,181.016,181.997,7050000.1907
2024-10-12 17:00:00,183.567,184.047,182.876,183.147,5215000.1526
2024-10-12 18:00:00,184.536,184.846,183.516,183.556,4196000.0992
2024-10-12 19:00:00,184.326,184.997,183.676,184.547,4443999.7673
2024-10-12 20:00:00,185.206,185.397,183.766,184.326,6183000.0877
2024-11-01 14:00:00,143.456,145.207,143.076,143.376,10668000.2213
2024-11-01 15:00:00,142.097,143.537,142.006,143.477,16694400.7874
2024-11-01 16:00:00,140.996,142.257,140.966,142.106,12609600.0671
2024-11-01 17:00:00,140.807,141.297,140.617,140.987,10651200.2945
2024-11-01 18:00:00,141.707,141.776,140.787,140.797,10153200.1495
2024-11-01 19:00:00,142.277,142.317,141.496,141.717,9144000.0534
2024-11-01 20:00:00,142.076,142.306,141.637,142.276,9355199.8138
2024-11-03 13:00:00,137.597,138.007,136.166,136.167,8542799.9496
2024-11-03 14:00:00,138.206,138.436,137.476,137.587,11123999.5956
2024-11-03 15:00:00,139.016,139.046,137.946,138.196,8911199.5697
2024-11-03 16:00:00,138.726,139.086,138.306,139.026,6671999.9313
2024-11-03 17:00:00,138.427,138.787,138.316,138.737,6381599.9031
2024-11-03 18:00:00,138.537,138.657,138.306,138.436,4796400.0702
2024-11-03 19:00:00,137.697,138.596,137.566,138.527,6239999.7711
2024-11-04 13:00:00,157.097,157.877,156.576,156.636,8045999.527
2024-11-04 14:00:00,157.136,157.517,156.446,157.106,12962400.4364
2024-11-04 15:00:00,158.226,158.246,157.146,157.146,8643600.4639
2024-11-04 16:00:00,157.926,158.367,157.887,158.236,7689599.9908
2024-11-04 17:00:00,158.947,158.996,157.716,157.916,9091199.8749
2024-11-04 18:00:00,159.277,159.536,158.897,158.956,7345200.0618
2024-11-04 19:00:00,159.337,159.596,159.006,159.287,6797999.8589
2024-11-06 13:00:00,174.806,176.827,174.247,176.107,5905200.0046
2024-11-06 14:00:00,174.487,175.447,174.016,174.797,6589200.0198
2024-11-06 15:00:00,174.076,174.607,174.046,174.496,6340799.8085
2024-11-06 16:00:00,174.467,174.526,173.766,174.066,3635999.918
2024-11-06 17:00:00,175.337,175.377,174.466,174.476,3765599.966
2024-11-06 18:00:00,176.007,176.107,175.266,175.336,3944400.0721
2024-11-06 19:00:00,176.626,176.707,175.836,176.006,6086400.032
2024-11-07 13:00:00,189.707,190.826,189.396,189.826,4845600.1282
2024-11-07 14:00:00,187.137,189.716,187.126,189.716,11629199.9817
2024-11-07 15:00:00,185.677,187.156,185.556,187.137,9793199.5392
2024-11-07 16:00:00,185.597,186.407,185.066,185.687,6919199.9435
2024-11-07 17:00:00,185.397,186.037,185.187,185.607,5732399.9405
2024-11-07 18:00:00,186.396,186.456,185.296,185.386,5015999.794
2024-11-07 19:00:00,185.517,186.737,185.316,186.406,7883999.8245
2024-11-09 13:00:00,149.666,150.527,149.036,149.796,7027200.222
2024-11-09 14:00:00,147.927,149.917,147.507,149.687,17350799.5605
2024-11-09 15:00:00,148.626,149.277,147.706,147.916,12902400.0168
2024-11-09 16:00:00,149.567,149.667,148.536,148.636,11819999.6948
2024-11-09 17:00:00,150.226,150.737,149.456,149.576,9554400.444
2024-11-09 18:00:00,150.066,150.457,149.827,150.236,10232399.9405
2024-11-09 19:00:00,151.087,151.487,149.986,150.077,10270799.6368
2024-11-10 13:00:00,162.366,162.427,161.216,162.086,6170730.114
2024-11-10 14:00:00,163.226,163.837,162.146,162.316,12751199.7223
2024-11-10 15:00:00,163.437,163.456,162.846,163.216,7570799.8276
2024-11-10 16:00:00,163.086,163.607,162.936,163.427,7573200.2258
2024-11-10 17:00:00,163.187,163.497,162.957,163.096,6842400.074
2024-11-10 18:00:00,163.486,163.527,163.136,163.197,6255599.9756
2024-11-10 19:00:00,163.227,163.887,162.996,163.476,7912799.8352
2024-11-11 14:00:00,179.506,179.707,178.456,178.577,6727200.0313
2024-11-11 15:00:00,179.686,180.207,179.357,179.507,11522399.9023
2024-11-11 16:00:00,179.916,180.106,179.307,179.696,8179200.1724
2024-11-11 17:00:00,179.886,180.256,179.757,179.906,8057999.6109
2024-11-11 18:00:00,180.266,180.267,179.377,179.856,7513199.8062
2024-11-11 19:00:00,180.257,180.536,180.156,180.246,6973199.8444
2024-11-11 20:00:00,180.357,180.427,179.976,180.267,8716799.736
2024-11-12 14:00:00,192.956,192.967,184.827,185.316,7743999.958
2024-11-12 15:00:00,193.087,193.657,191.566,192.946,12289600.3723
2024-11-12 16:00:00,192.626,193.096,191.096,193.067,8631600.3799
2024-11-12 17:00:00,194.877,195.407,192.566,192.636,8852399.826
2024-11-12 18:00:00,193.477,194.916,193.217,194.836,6175199.9855
2024-11-12 19:00:00,193.047,193.826,192.407,193.477,5095200.0618
2024-11-12 20:00:00,195.387,195.577,193.007,193.027,8000399.5895
2024-12-01 14:00:00,142.366,142.906,141.816,142.706,9410400.3906
2024-12-01 15:00:00,142.587,142.627,141.946,142.356,14150400.1617
2024-12-01 16:00:00,142.606,143.167,142.496,142.587,9310799.5987
2024-12-01 17:00:00,142.937,143.036,142.486,142.596,7700399.8756
2024-12-01 18:00:00,142.957,143.187,142.867,142.947,4898399.8299
2024-12-01 19:00:00,142.787,143.117,142.696,142.946,5704800.1289
2024-12-01 20:00:00,142.597,142.816,142.527,142.776,6771599.7696
2024-12-02 14:00:00,148.317,148.797,148.026,148.417,7868400.0969
2024-12-02 15:00:00,148.487,148.536,147.796,148.336,9423600.1968
2024-12-02 16:00:00,148.966,149.067,148.226,148.486,6461999.8932
2024-12-02 17:00:00,148.847,149.327,148.636,148.937,6401999.9504
2024-12-02 18:00:00,148.457,148.936,148.196,148.856,6585599.8993
2024-12-02 19:00:00,147.576,148.546,147.496,148.427,7897200.1076
2024-12-02 20:00:00,147.557,147.987,147.386,147.556,6078000.0687
2024-12-03 13:00:00,138.547,139.046,137.016,137.016,8347200.3937
2024-12-03 14:00:00,138.216,138.967,138.106,138.536,12295200.3479
2024-12-03 15:00:00,138.467,138.567,138.026,138.227,7980000.0191
2024-12-03 16:00:00,138.586,138.817,138.166,138.476,7318799.9725
2024-12-03 17:00:00,138.656,139.367,138.436,138.587,6139200.2106
2024-12-03 18:00:00,138.997,139.226,138.646,138.666,4648799.8962
2024-12-03 19:00:00,138.477,139.097,138.456,139.006,5012400.1503
2024-12-04 13:00:00,159.636,160.207,157.916,157.917,8737199.7833
2024-12-04 14:00:00,157.726,159.857,157.616,159.657,13712400.4364
2024-12-04 15:00:00,158.537,158.797,157.436,157.737,10897199.6307
2024-12-04 16:00:00,157.647,158.586,157.647,158.547,11125200.2716
2024-12-04 17:00:00,157.487,157.797,157.127,157.657,11364000.3204
2024-12-04 18:00:00,157.307,157.816,157.247,157.497,11052000.0458
2024-12-04 19:00:00,157.716,157.797,157.176,157.316,11259599.6857
2024-12-06 13:00:00,178.907,180.397,178.116,178.156,7634399.8909
2024-12-06 14:00:00,177.006,179.056,176.927,178.926,9543600.0824
2024-12-06 15:00:00,176.706,177.627,176.526,176.996,7668000.2213
2024-12-06 16:00:00,176.747,176.757,176.096,176.707,6232800.0069
2024-12-06 17:00:00,177.006,177.027,176.626,176.747,5202000.1411
2024-12-06 18:00:00,176.987,177.207,176.346,176.997,13858799.9344
2024-12-06 19:00:00,177.767,178.217,176.547,176.996,14882399.559
2024-12-07 13:00:00,185.996,186.536,184.847,185.007,7296000.0038
2024-12-07 14:00:00,185.506,186.487,184.977,186.007,11762399.6735
2024-12-07 15:00:00,185.196,186.147,185.166,185.496,8203200.3403
2024-12-07 16:00:00,186.026,186.047,185.006,185.196,8632800.1022
2024-12-07 17:00:00,186.857,187.096,185.826,186.027,6096000.1945
2024-12-07 18:00:00,186.387,187.057,185.917,186.877,5209199.9054
2024-12-07 19:00:00,185.037,186.417,184.476,186.387,11905200.0046
2024-12-08 13:00:00,163.347,164.867,163.096,163.976,4930799.9611
2024-12-08 14:00:00,163.846,163.867,163.076,163.376,6937200.0694
2024-12-08 15:00:00,163.397,163.937,162.097,163.847,8799599.6475
2024-12-08 16:00:00,162.667,163.586,162.656,163.397,5859600.0671
2024-12-08 17:00:00,162.587,163.196,162.306,162.666,5917200.0885
2024-12-08 18:00:00,162.816,162.867,162.496,162.596,4127999.7826
2024-12-08 19:00:00,162.266,162.857,161.806,162.817,5283599.8535
2024-12-09 13:00:00,153.366,154.397,152.956,153.706,8907600.4028
2024-12-09 14:00:00,153.447,153.807,152.637,153.387,17049600.6012
2024-12-09 15:00:00,153.137,154.116,153.066,153.426,14918399.8108
2024-12-09 16:00:00,154.096,154.156,152.896,153.127,9117600.441
2024-12-09 17:00:00,154.366,154.446,153.886,154.107,7719600.2007
2024-12-09 18:00:00,154.257,154.546,153.476,154.386,10008000.3738
2024-12-09 19:00:00,154.696,154.807,153.946,154.257,10683600.4257
2024-12-11 14:00:00,181.757,181.807,179.316,179.706,6109200.0008
2024-12-11 15:00:00,179.717,181.846,179.526,181.757,12421199.7986
2024-12-11 16:00:00,180.057,180.196,179.446,179.727,10331999.7787
2024-12-11 17:00:00,180.477,181.157,179.896,180.047,9304800.0336
2024-12-11 18:00:00,181.267,181.347,180.366,180.476,10447199.8215
2024-12-11 19:00:00,182.007,182.207,181.236,181.257,8444399.8337
2024-12-11 20:00:00,181.657,182.477,181.156,181.996,10421999.9313
2024-12-12 14:00:00,194.157,195.157,193.336,194.667,5774400.2342
2024-12-12 15:00:00,193.707,194.897,192.446,194.157,7722000.1221
2024-12-12 16:00:00,194.227,194.976,193.556,193.716,5495999.8131
2024-12-12 17:00:00,194.677,195.076,194.106,194.226,3979199.8863
2024-12-12 18:00:00,194.277,194.737,193.776,194.697,3082799.9115
2024-12-12 19:00:00,193.426,194.486,193.037,194.307,3322799.921
2024-12-12 20:00:00,191.877,193.776,191.696,193.427,6212399.9596
2025-01-04 13:00:00,155.597,156.016,153.616,153.616,8060400.0092
2025-01-04 14:00:00,157.376,157.377,154.857,155.556,19933200.8362
2025-01-04 15:00:00,157.656,157.826,156.826,157.377,15156000.1373
2025-01-04 16:00:00,157.246,158.087,156.906,157.667,15277199.7452
2025-01-04 17:00:00,156.676,157.426,156.636,157.246,11406000.1373
2025-01-04 18:00:00,156.227,156.757,155.426,156.677,13612799.6445
2025-01-04 19:00:00,156.996,157.217,156.086,156.226,13726799.9649
2025-01-05 13:00:00,159.407,161.067,159.276,160.377,7314000.1297
2025-01-05 14:00:00,161.376,161.387,158.896,159.397,10700400.3525
2025-01-05 15:00:00,160.646,161.887,160.467,161.387,7585199.8329
2025-01-05 16:00:00,160.367,161.126,160.226,160.646,8032799.7208
2025-01-05 17:00:00,161.467,161.557,160.327,160.367,6016799.9268
2025-01-05 18:00:00,161.597,161.937,161.346,161.487,5060400.0092
2025-01-05 19:00:00,161.147,161.616,160.956,161.606,8220000.267
2025-02-01 14:00:00,191.057,191.246,188.436,190.537,6337999.8207
2025-02-01 15:00:00,190.146,191.966,189.446,191.046,11871000.2899
2025-02-01 16:00:00,190.197,190.807,189.396,190.147,8501000.4044
2025-02-01 17:00:00,188.497,190.627,187.466,190.197,11480999.9466
2025-02-01 18:00:00,188.676,188.856,187.986,188.506,11114000.3204
2025-02-01 19:00:00,188.506,189.277,188.466,188.667,8696000.0992
2025-02-01 20:00:00,189.446,189.537,188.506,188.517,10694999.6948
2025-02-04 13:00:00,156.236,156.937,154.647,155.076,7059599.8764
2025-02-04 14:00:00,156.537,156.906,155.566,156.217,10051199.913
2025-02-04 15:00:00,156.637,156.877,155.986,156.526,9380399.704
2025-02-04 16:00:00,157.666,157.807,156.537,156.627,7336800.0984
2025-02-04 17:00:00,157.027,158.387,156.906,157.677,7154399.8718
2025-02-04 18:00:00,155.747,157.057,155.746,157.016,8367600.441
2025-02-04 19:00:00,156.946,157.246,155.756,155.756,12110400.1999
2025-02-05 13:00:00,162.607,163.516,161.837,163.346,6884399.8909
2025-02-05 14:00:00,164.267,164.286,162.406,162.597,9517200.47
2025-02-05 15:00:00,163.746,164.667,163.626,164.257,6356400.013
2025-02-05 16:00:00,164.346,164.947,163.556,163.746,6975599.7658
2025-02-05 17:00:00,164.207,164.427,163.816,164.376,4599599.8383
2025-02-05 18:00:00,163.997,164.517,163.826,164.207,4287600.0404
2025-02-05 19:00:00,163.936,164.286,163.566,163.977,7195199.9664
2025-02-06 13:00:00,168.196,169.837,167.376,167.797,8288400.053999999
2025-02-06 14:00:00,168.976,169.296,167.546,168.077,16876800.030699994
2025-02-06 15:00:00,169.117,169.317,168.436,168.976,11211600.050499998
2025-02-06 16:00:00,169.146,169.377,168.826,169.127,8242799.989700001
2025-02-06 17:00:00,168.446,169.317,168.386,169.156,7504800.029100001
2025-02-06 18:00:00,168.807,169.006,168.356,168.447,7442400.056900001
2025-02-06 19:00:00,169.047,169.476,168.767,168.797,8625600.0322
2025-03-01 14:00:00,191.436,193.176,191.066,191.396,8012000.0839
2025-03-01 15:00:00,190.726,191.927,189.957,191.447,13944000.2441
2025-03-01 16:00:00,192.017,192.406,190.296,190.737,8694999.6948
2025-03-01 17:00:00,191.926,192.427,191.626,192.026,5784999.8474
2025-03-01 18:00:00,191.866,192.357,191.736,191.897,4231999.8741
2025-03-01 19:00:00,192.277,192.676,191.817,191.866,3934999.9428
2025-03-01 20:00:00,191.737,192.257,191.366,192.257,6635000.2289
2025-03-02 14:00:00,201.937,202.977,200.037,200.466,5584000.1106
2025-03-02 15:00:00,202.356,203.276,200.326,201.937,9611000.061
2025-03-02 16:00:00,202.607,203.717,201.687,202.297,6195000.1717
2025-03-02 17:00:00,202.717,203.257,202.117,202.606,6315999.9847
2025-03-02 18:00:00,202.976,203.167,202.066,202.666,5335000.0381
2025-03-02 19:00:00,202.286,203.057,202.206,202.957,4546999.9313
2025-03-02 20:00:00,201.226,202.557,200.906,202.306,9039999.9619
2025-03-03 14:00:00,169.596,173.296,169.596,171.877,7720799.9229
2025-03-03 15:00:00,170.026,170.977,169.096,169.627,13284000.3967
2025-03-03 16:00:00,170.147,170.997,169.766,170.026,10470000.267
2025-03-03 17:00:00,169.306,170.196,168.957,170.147,7521599.7696
2025-03-03 18:00:00,168.716,169.356,167.906,169.286,11364000.3204
2025-03-03 19:00:00,167.706,169.226,167.647,168.716,10558799.7437
2025-03-03 20:00:00,167.026,167.697,165.896,167.687,18951599.1211
2025-03-04 13:00:00,151.377,152.656,150.666,151.047,9357600.2121
2025-03-04 14:00:00,150.827,152.567,150.386,151.377,16837200.1648
2025-03-04 15:00:00,151.957,152.447,150.546,150.826,15464400.2914
2025-03-04 16:00:00,151.867,152.757,151.716,151.966,12147600.174
2025-03-04 17:00:00,151.427,152.407,151.406,151.887,8923199.6536
2025-03-04 18:00:00,151.646,151.767,150.906,151.427,9251999.855
2025-03-04 19:00:00,150.697,151.786,150.496,151.636,13560000.4196
2025-03-06 13:00:00,166.666,168.047,165.276,167.376,9673200.0115
2025-03-06 14:00:00,166.937,167.437,166.516,166.746,11697600.0514
2025-03-06 15:00:00,167.216,167.487,166.656,166.957,8046000.0561
2025-03-06 16:00:00,167.856,168.127,166.906,167.207,6253200.065199999
2025-03-06 17:00:00,168.127,168.456,167.606,167.857,5460000.0195
2025-03-06 18:00:00,166.987,168.187,166.907,168.137,7545600.0192
2025-03-06 19:00:00,166.156,167.227,166.037,167.027,9054000.0129
2025-04-02 14:00:00,204.396,204.407,202.796,203.067,4860000.1335
2025-04-02 15:00:00,206.036,206.297,203.826,204.416,7313000.2022
2025-04-02 16:00:00,205.007,206.657,204.386,206.057,4857999.8016
2025-04-02 17:00:00,205.116,205.186,203.886,205.006,4506999.9695
2025-04-02 18:00:00,204.817,205.897,204.546,205.097,2963000.0591
2025-04-02 19:00:00,205.156,205.477,204.746,204.796,3375999.9275
2025-04-02 20:00:00,206.207,206.967,205.036,205.156,6998000.145
2025-04-03 14:00:00,166.926,168.297,165.767,166.216,12403200.1495
2025-04-03 15:00:00,167.677,168.197,166.057,166.926,20787599.5636
2025-04-03 16:00:00,170.446,170.636,167.186,167.667,17109600.0671
2025-04-03 17:00:00,170.526,171.307,170.006,170.437,16200000.7629
2025-04-03 18:00:00,171.886,172.127,170.186,170.536,13418399.8108
2025-04-03 19:00:00,172.176,172.447,171.646,171.887,14706000.3281
2025-04-03 20:00:00,170.867,173.277,169.886,172.186,19631999.9695
2025-04-04 13:00:00,150.727,151.047,148.006,148.016,13553999.9008
2025-04-04 14:00:00,148.046,150.786,146.136,150.737,25997999.1913
2025-04-04 15:00:00,148.336,150.257,147.667,148.046,27472799.3011
2025-04-04 16:00:00,147.706,149.246,147.586,148.336,22711200.7141
2025-04-04 17:00:00,148.616,148.626,146.617,147.717,20239200.592
2025-04-04 18:00:00,147.276,148.916,146.556,148.617,18998399.7345
2025-04-04 19:00:00,145.587,149.187,145.367,147.267,23331600.1892
2025-04-06 13:00:00,167.437,168.146,166.546,166.686,6223199.9859
2025-04-06 14:00:00,167.207,167.597,166.376,167.357,12826799.9818
2025-04-06 15:00:00,166.666,167.407,166.506,167.196,9746399.984
2025-04-06 16:00:00,166.787,167.027,166.346,166.656,8587199.9897
2025-04-06 17:00:00,167.716,167.786,166.746,166.797,6572400.018699999
2025-04-06 18:00:00,167.686,167.807,167.286,167.687,4858800.012199999
2025-04-06 19:00:00,168.026,168.207,167.576,167.686,7467600.036500002
2025-05-02 14:00:00,189.276,192.717,188.526,191.077,9998999.5956
2025-05-02 15:00:00,188.997,189.866,188.026,189.277,12289999.9619
2025-05-02 16:00:00,191.146,191.437,188.816,189.037,7199999.8093
2025-05-02 17:00:00,190.476,191.587,190.296,191.157,6572000.0267
2025-05-02 18:00:00,191.157,191.357,190.336,190.476,4434999.9428
2025-05-02 19:00:00,189.717,191.186,189.497,191.146,5051000.1183
2025-05-02 20:00:00,191.287,191.477,189.526,189.716,7893000.1259
2025-05-03 14:00:00,169.816,171.536,169.156,170.447,7201200.0084
2025-05-03 15:00:00,170.287,171.257,169.706,169.886,14059200.2869
2025-05-03 16:00:00,169.746,170.347,169.046,170.266,11954400.0626
2025-05-03 17:00:00,172.867,172.967,169.547,169.706,12962400.4364
2025-05-03 18:00:00,172.616,173.027,171.297,172.857,13876799.5834
2025-05-03 19:00:00,173.187,173.497,172.386,172.616,11084400.177
2025-05-03 20:00:00,173.007,173.756,172.687,173.146,15292799.9496
2025-05-05 13:00:00,164.586,165.237,162.657,162.887,5230800.1518
2025-05-05 14:00:00,165.036,165.197,164.406,164.637,9379199.9817
2025-05-05 15:00:00,164.577,165.117,164.026,165.027,5237999.9161
2025-05-05 16:00:00,164.966,165.167,164.467,164.597,3430799.9611
2025-05-05 17:00:00,165.067,165.127,164.577,164.947,3554399.9672
2025-05-05 18:00:00,165.096,165.377,165.066,165.076,3252000.0935
2025-05-05 19:00:00,164.197,165.147,164.006,165.087,5855999.9466
2025-05-06 13:00:00,169.666,170.927,169.046,170.196,9457200.0353
2025-05-06 14:00:00,169.747,170.557,168.416,169.667,17207999.8854
2025-05-06 15:00:00,169.677,170.266,169.297,169.767,10284000.023800002
2025-05-06 16:00:00,168.947,170.117,168.746,169.646,12567599.996599996
2025-05-06 17:00:00,169.867,170.287,168.766,168.947,9719999.991399998
2025-05-06 18:00:00,169.776,170.047,169.296,169.877,10126800.015499998
2025-05-06 19:00:00,168.177,169.787,167.577,169.766,20475600.04890001
2025-06-01 14:00:00,195.587,198.177,193.836,193.836,7418000.2213
2025-06-01 15:00:00,197.286,197.457,195.096,195.577,10241000.1755
2025-06-01 16:00:00,197.687,198.077,197.236,197.297,6071000.0992
2025-06-01 17:00:00,197.437,197.867,197.167,197.686,6212999.8207
2025-06-01 18:00:00,196.576,197.766,196.576,197.456,7219999.7902
2025-06-01 19:00:00,195.467,196.687,195.396,196.607,7007999.897
2025-06-01 20:00:00,196.886,196.947,195.327,195.466,9008000.3738
2025-06-02 14:00:00,190.167,190.687,188.706,189.117,5052999.9733
2025-06-02 15:00:00,190.707,191.397,189.476,190.136,6375000.0
2025-06-02 16:00:00,190.646,191.076,190.376,190.716,3625999.9275
2025-06-02 17:00:00,190.816,191.037,190.396,190.607,2996999.979
2025-06-02 18:00:00,191.367,192.076,190.816,190.837,3312000.0362
2025-06-02 19:00:00,190.456,191.747,190.397,191.367,3983000.0401
2025-06-02 20:00:00,191.596,191.776,190.366,190.456,4716000.0801
2025-06-03 14:00:00,172.076,172.627,170.446,170.446,7276800.1556
2025-06-03 15:00:00,174.047,174.787,171.696,172.077,14665200.2335
2025-06-03 16:00:00,172.387,174.677,172.347,174.087,15541199.6841
2025-06-03 17:00:00,172.316,172.787,171.466,172.386,13699199.6765
2025-06-03 18:00:00,172.236,173.077,171.717,172.316,11006400.1083
2025-06-03 19:00:00,171.587,172.837,171.506,172.236,12046799.6597
2025-06-03 20:00:00,172.337,172.687,171.397,171.566,14157600.4028
2025-06-05 13:00:00,162.626,163.066,161.157,162.056,6329999.9237
2025-06-05 14:00:00,163.447,163.907,162.536,162.626,7963200.0923
2025-06-05 15:00:00,163.857,164.117,163.427,163.427,6260399.8184
2025-06-05 16:00:00,163.736,164.757,163.686,163.847,9829199.791
2025-06-05 17:00:00,163.327,164.066,163.306,163.787,6489600.1816
2025-06-05 18:00:00,163.957,163.997,163.196,163.317,5874000.0725
2025-06-05 19:00:00,163.147,164.007,163.136,163.946,7406400.2037
2025-06-06 13:00:00,172.397,172.517,170.787,170.947,8277599.990300001
2025-06-06 14:00:00,172.507,173.817,172.177,172.407,11799599.960599996
2025-06-06 15:00:00,172.946,173.246,171.736,172.506,10201200.015200002
2025-06-06 16:00:00,172.667,173.097,172.126,172.957,8836800.0388
2025-06-06 17:00:00,173.447,173.537,172.416,172.657,6580800.023200001
2025-06-06 18:00:00,173.926,174.486,173.336,173.436,6158400.0437
2025-06-06 19:00:00,173.627,174.226,173.306,173.937,9557999.987100003
2025-07-01 14:00:00,200.497,200.967,198.507,198.507,3165999.8894
2025-07-01 15:00:00,198.236,200.337,196.286,200.286,16524999.6185
2025-07-01 16:00:00,196.007,198.377,195.866,198.237,14538000.1068
2025-07-01 17:00:00,195.767,196.776,195.266,196.007,9097000.1221
2025-07-01 18:00:00,196.047,196.377,195.536,195.737,7565000.0572
2025-07-01 19:00:00,195.927,196.536,195.776,196.046,5443999.7673
2025-07-01 20:00:00,195.537,196.297,194.586,195.926,11416999.8169
2025-07-02 14:00:00,188.917,191.146,188.846,190.817,5539000.0343
2025-07-02 15:00:00,186.037,188.627,185.076,188.626,16413999.5575
2025-07-02 16:00:00,184.526,186.507,184.396,186.047,14291999.8169
2025-07-02 17:00:00,184.587,185.297,183.226,184.526,12682999.6109
2025-07-02 18:00:00,185.217,186.337,184.467,184.577,9032999.9924
2025-07-02 19:00:00,185.717,185.927,185.096,185.227,8095000.267
2025-07-02 20:00:00,185.317,185.867,185.097,185.697,9532999.9924
2025-07-03 14:00:00,172.537,173.537,170.907,171.257,8254799.8428
2025-07-03 15:00:00,171.827,173.657,170.606,172.547,17238000.8698
2025-07-03 16:00:00,171.177,171.957,170.256,171.807,15916799.5453
2025-07-03 17:00:00,172.216,173.497,170.636,171.236,12920399.6658
2025-07-03 18:00:00,174.087,174.127,172.216,172.217,16447200.7751
2025-07-03 19:00:00,174.066,174.927,173.616,174.097,13958399.7726
2025-07-03 20:00:00,173.807,174.517,172.617,174.066,16178400.0397
2025-07-04 13:00:00,144.247,144.497,140.556,141.366,15238800.0488
2025-07-04 14:00:00,148.196,152.807,143.896,144.246,37575599.6704
2025-07-04 15:00:00,144.967,148.987,142.796,148.197,33652801.5137
2025-07-04 16:00:00,144.706,146.466,143.846,144.967,22305599.2126
2025-07-04 17:00:00,148.526,148.777,144.646,144.717,26061599.7314
2025-07-04 18:00:00,146.686,148.847,146.497,148.567,21184799.1943
2025-07-04 19:00:00,146.016,147.647,145.536,146.696,21664800.6439
2025-07-05 13:00:00,163.726,164.927,163.346,164.057,6434400.0816
2025-07-05 14:00:00,156.296,163.737,156.296,163.726,12494400.0244
2025-07-05 15:00:00,150.926,156.866,150.876,156.347,21370800.0183
2025-07-05 16:00:00,150.077,151.667,147.837,150.917,17013599.3958
2025-07-05 17:00:00,150.716,151.397,149.847,150.076,12265199.6613
2025-07-05 18:00:00,150.096,150.956,148.846,150.706,15590399.7421
2025-07-05 19:00:00,151.286,151.417,149.726,150.067,17724000.9308
2025-08-01 14:00:00,195.266,195.407,192.316,192.506,9123999.5956
2025-08-01 15:00:00,194.436,196.277,193.966,195.267,13053000.4501
2025-08-01 16:00:00,195.327,195.447,193.616,194.437,9100000.3815
2025-08-01 17:00:00,194.727,195.447,193.916,195.337,10642000.1984
2025-08-01 18:00:00,194.806,195.846,194.636,194.716,8708999.6338
2025-08-01 19:00:00,194.477,195.657,194.316,194.846,10437000.2747
2025-08-01 20:00:00,193.877,194.567,193.426,194.467,9425000.1907
2025-08-04 13:00:00,151.356,151.687,149.666,150.996,12965999.6033
2025-08-04 14:00:00,150.457,152.217,150.456,151.357,18846000.6714
2025-08-04 15:00:00,149.796,150.916,149.106,150.497,17416799.5453
2025-08-04 16:00:00,147.396,149.916,147.016,149.786,22017599.1058
2025-08-04 17:00:00,147.696,148.277,146.396,147.376,25006799.6979
2025-08-04 18:00:00,146.157,147.947,145.997,147.697,21715200.4242
2025-08-04 19:00:00,144.656,146.327,143.006,146.176,25232400.8942
2025-08-05 13:00:00,153.417,154.787,152.897,154.657,9559200.2869
2025-08-05 14:00:00,153.477,154.457,153.216,153.417,13537199.9741
2025-08-05 15:00:00,154.576,155.196,153.216,153.427,12313199.9969
2025-08-05 16:00:00,154.727,155.157,154.516,154.556,6643199.9207
2025-08-05 17:00:00,154.667,155.077,154.376,154.727,6224400.0435
2025-08-05 18:00:00,155.466,155.577,154.476,154.657,9095999.7177
2025-08-05 19:00:00,154.277,155.917,153.967,155.466,14443200.1114
2025-09-04 13:00:00,145.247,146.296,143.906,144.296,12564000.1297
2025-09-04 14:00:00,143.976,146.337,143.896,145.226,23951999.6643
2025-09-04 15:00:00,144.487,145.807,143.896,143.976,16374000.5493
2025-09-04 16:00:00,146.076,146.637,144.156,144.486,14604000.0916
2025-09-04 17:00:00,155.147,156.076,144.827,146.066,27865200.0427
2025-09-04 18:00:00,154.466,156.806,154.177,155.146,28990800.8575
2025-09-04 19:00:00,158.537,159.516,154.106,154.466,25622400.2838
2025-09-05 13:00:00,154.396,155.017,153.947,154.157,5981999.8741
2025-09-05 14:00:00,153.016,154.667,152.176,154.386,11625599.8611
2025-09-05 15:00:00,153.326,153.777,152.956,153.007,9110400.1999
2025-09-05 16:00:00,152.467,153.357,152.436,153.336,8003999.7101
2025-09-05 17:00:00,152.636,152.966,152.416,152.466,6311999.7978
2025-09-05 18:00:00,152.516,152.906,152.316,152.637,6519599.9146
2025-09-05 19:00:00,152.687,152.837,152.376,152.517,8458800.3159
2025-09-06 13:00:00,175.447,175.847,174.316,174.547,7786800.0419
2025-09-06 14:00:00,175.017,176.446,175.016,175.467,10003200.114100004
2025-09-06 15:00:00,175.776,175.976,174.866,175.027,7274400.055400002
2025-09-06 16:00:00,175.867,176.067,175.437,175.787,7555199.995700001
2025-09-06 17:00:00,175.987,176.256,175.717,175.897,6308399.993799998
2025-09-06 18:00:00,176.336,176.457,175.576,175.997,5668800.0594
2025-09-06 19:00:00,176.027,176.377,175.707,176.327,7762800.045300002
2025-10-01 14:00:00,191.927,196.376,191.546,193.726,8531000.1373
2025-10-01 15:00:00,193.476,194.396,190.296,191.857,15675000.1907
2025-10-01 16:00:00,192.266,193.647,192.006,193.516,10314000.1297
2025-10-01 17:00:00,193.566,193.607,191.496,192.276,6841000.0801
2025-10-01 18:00:00,194.867,194.937,193.046,193.546,6136000.1564
2025-10-01 19:00:00,193.277,194.887,193.057,194.877,6191999.9123
2025-10-01 20:00:00,192.027,193.367,191.657,193.257,9005000.1144
2025-10-02 14:00:00,186.696,187.417,185.856,187.346,3424000.0248
2025-10-02 15:00:00,187.277,188.166,186.587,186.696,4829999.9237
2025-10-02 16:00:00,187.126,187.687,186.896,187.286,3063999.8913
2025-10-02 17:00:00,186.636,187.107,186.036,187.087,2875999.9275
2025-10-02 18:00:00,186.677,186.797,186.416,186.647,1925999.999
2025-10-02 19:00:00,186.576,186.756,186.446,186.657,1894000.0534
2025-10-02 20:00:00,186.377,186.687,186.156,186.587,3341000.0801
2025-10-03 13:00:00,167.136,168.437,165.966,168.207,9425999.6414
2025-10-03 14:00:00,163.966,167.156,163.766,167.146,20301599.5026
2025-10-03 15:00:00,165.676,166.957,163.666,163.956,17016000.7477
2025-10-03 16:00:00,165.777,166.487,165.086,165.666,16069200.5157
2025-10-03 17:00:00,164.667,165.837,164.156,165.756,16768800.7355
2025-10-03 18:00:00,164.207,165.346,164.046,164.666,14987999.9161
2025-10-03 19:00:00,165.877,166.607,163.986,164.227,22936800.0031
2025-10-04 13:00:00,155.837,157.676,155.726,156.536,12581999.7787
2025-10-04 14:00:00,154.636,156.377,154.427,155.837,21004800.7965
2025-10-04 15:00:00,152.437,155.597,152.337,154.606,15787199.9741
2025-10-04 16:00:00,152.996,153.276,149.906,152.436,27477600.0977
2025-10-04 17:00:00,153.877,154.547,150.807,152.966,22226400.3754
2025-10-04 18:00:00,153.736,154.817,152.356,153.877,25136400.2228
2025-10-04 19:00:00,152.796,154.707,151.527,153.747,26995199.2035
2025-10-06 13:00:00,178.557,179.597,175.836,176.216,11183999.8664
2025-10-06 14:00:00,179.826,181.097,178.356,178.556,18506400.152899995
2025-10-06 15:00:00,179.637,180.176,178.606,179.847,13083600.007300004
2025-10-06 16:00:00,179.776,180.287,179.426,179.636,7843199.990899997
2025-10-06 17:00:00,178.496,179.956,178.476,179.776,7048800.013900001
2025-10-06 18:00:00,178.966,179.216,178.107,178.497,8832000.001899999
2025-10-06 19:00:00,178.607,179.227,174.867,178.967,15029999.9938
2025-11-02 14:00:00,185.506,186.917,184.696,185.037,2769000.0534
2025-11-02 15:00:00,185.346,186.557,185.296,185.506,6113999.8436
2025-11-02 16:00:00,184.737,185.426,184.456,185.336,5459000.1106
2025-11-02 17:00:00,184.656,184.937,184.276,184.736,4999000.0725
2025-11-02 18:00:00,184.917,185.147,184.516,184.647,3259999.9905
2025-11-02 19:00:00,185.316,185.427,184.626,184.906,3151000.0229
2025-11-02 20:00:00,185.357,185.777,184.896,185.326,6132999.897
2025-11-03 13:00:00,165.526,166.697,164.557,164.706,8789999.9619
2025-11-03 14:00:00,163.637,166.297,163.636,165.487,20518800.7355
2025-11-03 15:00:00,164.217,165.427,163.367,163.656,19961999.8932
2025-11-03 16:00:00,163.027,164.497,162.756,164.206,17100000.3815
2025-11-03 17:00:00,162.786,163.116,161.356,162.997,17707199.0967
2025-11-03 18:00:00,165.577,166.106,162.706,162.777,19804800.0336
2025-11-03 19:00:00,164.016,166.327,163.956,165.587,23645999.9084
2025-11-04 13:00:00,155.406,156.507,152.786,152.786,9854399.6811
2025-11-04 14:00:00,154.996,156.117,153.426,155.417,23222400.6653
2025-11-04 15:00:00,155.917,156.036,154.236,154.997,17949600.2197
2025-11-04 16:00:00,156.976,157.486,155.766,155.926,13177200.3174
2025-11-04 17:00:00,156.887,157.507,155.596,156.986,14911199.5697
2025-11-04 18:00:00,156.127,157.026,156.016,156.887,14959199.9054
2025-11-04 19:00:00,156.937,157.547,156.066,156.127,12993599.8917
2025-11-06 13:00:00,178.907,180.337,178.136,179.787,8708100.020999998
2025-11-06 14:00:00,178.627,179.377,178.446,178.916,9798000.022900002
2025-11-06 15:00:00,178.327,179.037,178.276,178.637,7684800.0552
2025-11-06 16:00:00,177.857,178.516,177.496,178.326,8948400.0504
2025-11-06 17:00:00,177.167,178.156,177.096,177.857,6309600.040100003
2025-11-06 18:00:00,177.606,178.167,176.736,177.177,12676800.079800002
2025-11-06 19:00:00,177.377,177.877,177.037,177.617,12604800.052699998
2025-12-02 14:00:00,184.297,185.086,181.826,183.307,3401999.9504
2025-12-02 15:00:00,183.397,184.317,183.097,184.307,6541999.8169
2025-12-02 16:00:00,183.857,183.877,182.396,183.396,4755000.1144
2025-12-02 17:00:00,184.416,184.526,183.526,183.857,4092999.9352
2025-12-02 18:00:00,183.526,184.496,183.346,184.436,2789000.0343
2025-12-02 19:00:00,183.747,183.937,182.986,183.547,2812000.0362
2025-12-02 20:00:00,183.536,184.047,183.166,183.747,3908999.9199
2025-12-03 13:00:00,164.126,167.267,163.996,166.466,8089200.0198
2025-12-03 14:00:00,164.416,165.657,163.506,164.116,13934399.6048
2025-12-03 15:00:00,165.557,165.727,163.976,164.436,13035599.7086
2025-12-03 16:00:00,165.927,166.397,165.287,165.577,11435999.8703
2025-12-03 17:00:00,165.677,167.257,165.666,165.927,11631600.3799
2025-12-03 18:00:00,167.307,167.367,165.596,165.687,12215999.6033
2025-12-03 19:00:00,167.047,167.617,166.586,167.286,16337999.3439
2025-12-05 13:00:00,156.987,158.277,156.556,157.447,8397600.174
2025-12-05 14:00:00,157.006,158.046,156.587,156.997,10208399.7726
2025-12-05 15:00:00,156.357,157.437,156.326,157.017,6427199.8405
2025-12-05 16:00:00,158.456,158.537,156.247,156.367,5460000.0381
2025-12-05 17:00:00,158.296,159.047,157.936,158.467,5343599.7963
2025-12-05 18:00:00,158.567,159.077,158.216,158.316,5507999.897
2025-12-05 19:00:00,158.436,158.927,157.746,158.567,8779199.6002
2025-12-06 13:00:00,175.627,176.616,174.686,175.896,8205600.0532
2025-12-06 14:00:00,175.906,176.356,175.077,175.617,10654799.9976
2025-12-06 15:00:00,176.097,176.356,175.457,175.917,9460800.088900002
2025-12-06 16:00:00,176.217,176.706,176.006,176.106,8022000.0339
2025-12-06 17:00:00,176.167,176.477,176.086,176.227,4349999.999300001
2025-12-06 18:00:00,175.976,176.226,175.826,176.177,4908000.027499998
2025-12-06 19:00:00,175.637,176.167,175.216,175.996,5866800.021199999
