index,open,high,low,close,volume,date
2024-01-01 20:00:00+00:00,139.816,139.947,139.376,139.557,5432400.23,0
2024-01-01 21:00:00+00:00,139.816,139.947,139.376,139.557,5432400.23,1
2024-01-01 22:00:00+00:00,139.816,139.947,139.376,139.557,5432400.23,2
2024-01-01 23:00:00+00:00,139.816,139.947,139.376,139.557,5432400.23,3
2024-01-02 00:00:00+00:00,139.816,139.947,139.376,139.557,5432400.23,4
2024-01-02 01:00:00+00:00,139.816,139.947,139.376,139.557,5432400.23,5
2024-01-02 02:00:00+00:00,139.816,139.947,139.376,139.557,5432400.23,6
2024-01-02 03:00:00+00:00,139.816,139.947,139.376,139.557,5432400.23,7
2024-01-02 04:00:00+00:00,139.816,139.947,139.376,139.557,5432400.23,8
2024-01-02 05:00:00+00:00,139.816,139.947,139.376,139.557,5432400.23,9
2024-01-02 06:00:00+00:00,139.816,139.947,139.376,139.557,5432400.23,10
2024-01-02 07:00:00+00:00,139.816,139.947,139.376,139.557,5432400.23,11
2024-01-02 08:00:00+00:00,139.816,139.947,139.376,139.557,5432400.23,12
2024-01-02 09:00:00+00:00,139.816,139.947,139.376,139.557,5432400.23,13
2024-01-02 10:00:00+00:00,139.816,139.947,139.376,139.557,5432400.23,14
2024-01-02 11:00:00+00:00,139.816,139.947,139.376,139.557,5432400.23,15
2024-01-02 12:00:00+00:00,139.816,139.947,139.376,139.557,5432400.23,16
2024-01-02 13:00:00+00:00,139.816,139.947,139.376,139.557,5432400.23,17
2024-01-02 14:00:00+00:00,138.537,139.436,136.567,136.646,10147199.63,18
2024-01-02 15:00:00+00:00,136.637,137.637,136.467,136.816,12607199.67,19
2024-01-02 16:00:00+00:00,136.816,137.917,136.816,137.916,7967999.94,20
2024-01-02 17:00:00+00:00,137.917,138.187,137.436,137.446,7375199.79,21
2024-01-02 18:00:00+00:00,137.446,138.057,137.376,137.687,6238800.05,22
2024-01-02 19:00:00+00:00,137.686,137.767,137.266,137.276,5282400.13,23
2024-01-02 20:00:00+00:00,137.287,138.267,137.066,138.186,8105999.95,24
2024-01-02 21:00:00+00:00,137.287,138.267,137.066,138.186,8105999.95,25
2024-01-02 22:00:00+00:00,137.287,138.267,137.066,138.186,8105999.95,26
2024-01-02 23:00:00+00:00,137.287,138.267,137.066,138.186,8105999.95,27
2024-01-03 00:00:00+00:00,137.287,138.267,137.066,138.186,8105999.95,28
2024-01-03 01:00:00+00:00,137.287,138.267,137.066,138.186,8105999.95,29
2024-01-03 02:00:00+00:00,137.287,138.267,137.066,138.186,8105999.95,30
2024-01-03 03:00:00+00:00,137.287,138.267,137.066,138.186,8105999.95,31
2024-01-03 04:00:00+00:00,137.287,138.267,137.066,138.186,8105999.95,32
2024-01-03 05:00:00+00:00,137.287,138.267,137.066,138.186,8105999.95,33
2024-01-03 06:00:00+00:00,137.287,138.267,137.066,138.186,8105999.95,34
2024-01-03 07:00:00+00:00,137.287,138.267,137.066,138.186,8105999.95,35
2024-01-03 08:00:00+00:00,137.287,138.267,137.066,138.186,8105999.95,36
2024-01-03 09:00:00+00:00,137.287,138.267,137.066,138.186,8105999.95,37
2024-01-03 10:00:00+00:00,137.287,138.267,137.066,138.186,8105999.95,38
2024-01-03 11:00:00+00:00,137.287,138.267,137.066,138.186,8105999.95,39
2024-01-03 12:00:00+00:00,137.287,138.267,137.066,138.186,8105999.95,40
2024-01-03 13:00:00+00:00,137.287,138.267,137.066,138.186,8105999.95,41
2024-01-03 14:00:00+00:00,137.146,138.537,137.046,137.826,11415599.82,42
2024-01-03 15:00:00+00:00,137.827,138.717,137.616,138.666,15481200.22,43
2024-01-03 16:00:00+00:00,138.676,138.937,138.456,138.756,10921199.8,44
2024-01-03 17:00:00+00:00,138.767,139.246,138.546,139.217,7757999.9,45
2024-01-03 18:00:00+00:00,139.206,139.337,138.866,139.057,6571199.89,46
2024-01-03 19:00:00+00:00,139.057,139.617,138.676,139.556,13657199.86,47
2024-01-03 20:00:00+00:00,139.556,139.616,138.596,138.927,9506400.11,48
2024-01-03 21:00:00+00:00,139.556,139.616,138.596,138.927,9506400.11,49
2024-01-03 22:00:00+00:00,139.556,139.616,138.596,138.927,9506400.11,50
2024-01-03 23:00:00+00:00,139.556,139.616,138.596,138.927,9506400.11,51
2024-01-04 00:00:00+00:00,139.556,139.616,138.596,138.927,9506400.11,52
2024-01-04 01:00:00+00:00,139.556,139.616,138.596,138.927,9506400.11,53
2024-01-04 02:00:00+00:00,139.556,139.616,138.596,138.927,9506400.11,54
2024-01-04 03:00:00+00:00,139.556,139.616,138.596,138.927,9506400.11,55
2024-01-04 04:00:00+00:00,139.556,139.616,138.596,138.927,9506400.11,56
2024-01-04 05:00:00+00:00,139.556,139.616,138.596,138.927,9506400.11,57
2024-01-04 06:00:00+00:00,139.556,139.616,138.596,138.927,9506400.11,58
2024-01-04 07:00:00+00:00,139.556,139.616,138.596,138.927,9506400.11,59
2024-01-04 08:00:00+00:00,139.556,139.616,138.596,138.927,9506400.11,60
2024-01-04 09:00:00+00:00,139.556,139.616,138.596,138.927,9506400.11,61
2024-01-04 10:00:00+00:00,139.556,139.616,138.596,138.927,9506400.11,62
2024-01-04 11:00:00+00:00,139.556,139.616,138.596,138.927,9506400.11,63
2024-01-04 12:00:00+00:00,139.556,139.616,138.596,138.927,9506400.11,64
2024-01-04 13:00:00+00:00,139.556,139.616,138.596,138.927,9506400.11,65
2024-01-04 14:00:00+00:00,138.376,138.827,137.996,138.286,9631199.84,66
2024-01-04 15:00:00+00:00,138.296,138.787,138.056,138.456,12141599.66,67
2024-01-04 16:00:00+00:00,138.477,139.147,138.026,138.057,8341199.87,68
2024-01-04 17:00:00+00:00,138.057,138.197,137.297,137.477,7673999.79,69
2024-01-04 18:00:00+00:00,137.476,137.717,137.216,137.436,6224400.04,70
2024-01-04 19:00:00+00:00,137.446,137.467,136.757,136.997,7340400.22,71
2024-01-04 20:00:00+00:00,136.997,137.197,136.346,136.416,8703599.93,72
2024-01-04 21:00:00+00:00,136.997,137.197,136.346,136.416,8703599.93,73
2024-01-04 22:00:00+00:00,136.997,137.197,136.346,136.416,8703599.93,74
2024-01-04 23:00:00+00:00,136.997,137.197,136.346,136.416,8703599.93,75
2024-01-05 00:00:00+00:00,136.997,137.197,136.346,136.416,8703599.93,76
2024-01-05 01:00:00+00:00,136.997,137.197,136.346,136.416,8703599.93,77
2024-01-05 02:00:00+00:00,136.997,137.197,136.346,136.416,8703599.93,78
2024-01-05 03:00:00+00:00,136.997,137.197,136.346,136.416,8703599.93,79
2024-01-05 04:00:00+00:00,136.997,137.197,136.346,136.416,8703599.93,80
2024-01-05 05:00:00+00:00,136.997,137.197,136.346,136.416,8703599.93,81
2024-01-05 06:00:00+00:00,136.997,137.197,136.346,136.416,8703599.93,82
2024-01-05 07:00:00+00:00,136.997,137.197,136.346,136.416,8703599.93,83
2024-01-05 08:00:00+00:00,136.997,137.197,136.346,136.416,8703599.93,84
2024-01-05 09:00:00+00:00,136.997,137.197,136.346,136.416,8703599.93,85
2024-01-05 10:00:00+00:00,136.997,137.197,136.346,136.416,8703599.93,86
2024-01-05 11:00:00+00:00,136.997,137.197,136.346,136.416,8703599.93,87
2024-01-05 12:00:00+00:00,136.997,137.197,136.346,136.416,8703599.93,88
2024-01-05 13:00:00+00:00,136.997,137.197,136.346,136.416,8703599.93,89
2024-01-05 14:00:00+00:00,136.697,137.057,136.246,136.546,8049599.65,90
2024-01-05 15:00:00+00:00,136.557,137.136,136.376,136.577,11962800.03,91
2024-01-05 16:00:00+00:00,136.567,136.707,135.636,135.976,9536399.84,92
2024-01-05 17:00:00+00:00,135.967,136.097,135.476,135.907,8494799.61,93
2024-01-05 18:00:00+00:00,135.886,136.077,135.486,135.906,8516400.34,94
2024-01-05 19:00:00+00:00,135.907,136.027,135.256,135.337,7427999.97,95
2024-01-05 20:00:00+00:00,135.326,135.796,135.136,135.707,6376800.06,96
2024-01-05 21:00:00+00:00,135.326,135.796,135.136,135.707,6376800.06,97
2024-01-05 22:00:00+00:00,135.326,135.796,135.136,135.707,6376800.06,98
2024-01-05 23:00:00+00:00,135.326,135.796,135.136,135.707,6376800.06,99
2024-01-06 00:00:00+00:00,135.326,135.796,135.136,135.707,6376800.06,100
2024-01-06 01:00:00+00:00,135.326,135.796,135.136,135.707,6376800.06,101
2024-01-06 02:00:00+00:00,135.326,135.796,135.136,135.707,6376800.06,102
2024-01-06 03:00:00+00:00,135.326,135.796,135.136,135.707,6376800.06,103
2024-01-06 04:00:00+00:00,135.326,135.796,135.136,135.707,6376800.06,104
2024-01-06 05:00:00+00:00,135.326,135.796,135.136,135.707,6376800.06,105
2024-01-06 06:00:00+00:00,135.326,135.796,135.136,135.707,6376800.06,106
2024-01-06 07:00:00+00:00,135.326,135.796,135.136,135.707,6376800.06,107
2024-01-06 08:00:00+00:00,135.326,135.796,135.136,135.707,6376800.06,108
2024-01-06 09:00:00+00:00,135.326,135.796,135.136,135.707,6376800.06,109
2024-01-06 10:00:00+00:00,135.326,135.796,135.136,135.707,6376800.06,110
2024-01-06 11:00:00+00:00,135.326,135.796,135.136,135.707,6376800.06,111
2024-01-06 12:00:00+00:00,135.326,135.796,135.136,135.707,6376800.06,112
2024-01-06 13:00:00+00:00,135.326,135.796,135.136,135.707,6376800.06,113
2024-01-06 14:00:00+00:00,135.326,135.796,135.136,135.707,6376800.06,114
2024-01-06 15:00:00+00:00,135.326,135.796,135.136,135.707,6376800.06,115
2024-01-06 16:00:00+00:00,135.326,135.796,135.136,135.707,6376800.06,116
2024-01-06 17:00:00+00:00,135.326,135.796,135.136,135.707,6376800.06,117
2024-01-06 18:00:00+00:00,135.326,135.796,135.136,135.707,6376800.06,118
2024-01-06 19:00:00+00:00,135.326,135.796,135.136,135.707,6376800.06,119
2024-01-06 20:00:00+00:00,135.326,135.796,135.136,135.707,6376800.06,120
2024-01-06 21:00:00+00:00,135.326,135.796,135.136,135.707,6376800.06,121
2024-01-06 22:00:00+00:00,135.326,135.796,135.136,135.707,6376800.06,122
2024-01-06 23:00:00+00:00,135.326,135.796,135.136,135.707,6376800.06,123
2024-01-07 00:00:00+00:00,135.326,135.796,135.136,135.707,6376800.06,124
2024-01-07 01:00:00+00:00,135.326,135.796,135.136,135.707,6376800.06,125
2024-01-07 02:00:00+00:00,135.326,135.796,135.136,135.707,6376800.06,126
2024-01-07 03:00:00+00:00,135.326,135.796,135.136,135.707,6376800.06,127
2024-01-07 04:00:00+00:00,135.326,135.796,135.136,135.707,6376800.06,128
2024-01-07 05:00:00+00:00,135.326,135.796,135.136,135.707,6376800.06,129
2024-01-07 06:00:00+00:00,135.326,135.796,135.136,135.707,6376800.06,130
2024-01-07 07:00:00+00:00,135.326,135.796,135.136,135.707,6376800.06,131
2024-01-07 08:00:00+00:00,135.326,135.796,135.136,135.707,6376800.06,132
2024-01-07 09:00:00+00:00,135.326,135.796,135.136,135.707,6376800.06,133
2024-01-07 10:00:00+00:00,135.326,135.796,135.136,135.707,6376800.06,134
2024-01-07 11:00:00+00:00,135.326,135.796,135.136,135.707,6376800.06,135
2024-01-07 12:00:00+00:00,135.326,135.796,135.136,135.707,6376800.06,136
2024-01-07 13:00:00+00:00,135.326,135.796,135.136,135.707,6376800.06,137
2024-01-07 14:00:00+00:00,135.326,135.796,135.136,135.707,6376800.06,138
2024-01-07 15:00:00+00:00,135.326,135.796,135.136,135.707,6376800.06,139
2024-01-07 16:00:00+00:00,135.326,135.796,135.136,135.707,6376800.06,140
2024-01-07 17:00:00+00:00,135.326,135.796,135.136,135.707,6376800.06,141
2024-01-07 18:00:00+00:00,135.326,135.796,135.136,135.707,6376800.06,142
2024-01-07 19:00:00+00:00,135.326,135.796,135.136,135.707,6376800.06,143
2024-01-07 20:00:00+00:00,135.326,135.796,135.136,135.707,6376800.06,144
2024-01-07 21:00:00+00:00,135.326,135.796,135.136,135.707,6376800.06,145
2024-01-07 22:00:00+00:00,135.326,135.796,135.136,135.707,6376800.06,146
2024-01-07 23:00:00+00:00,135.326,135.796,135.136,135.707,6376800.06,147
2024-01-08 00:00:00+00:00,135.326,135.796,135.136,135.707,6376800.06,148
2024-01-08 01:00:00+00:00,135.326,135.796,135.136,135.707,6376800.06,149
2024-01-08 02:00:00+00:00,135.326,135.796,135.136,135.707,6376800.06,150
2024-01-08 03:00:00+00:00,135.326,135.796,135.136,135.707,6376800.06,151
2024-01-08 04:00:00+00:00,135.326,135.796,135.136,135.707,6376800.06,152
2024-01-08 05:00:00+00:00,135.326,135.796,135.136,135.707,6376800.06,153
2024-01-08 06:00:00+00:00,135.326,135.796,135.136,135.707,6376800.06,154
2024-01-08 07:00:00+00:00,135.326,135.796,135.136,135.707,6376800.06,155
2024-01-08 08:00:00+00:00,135.326,135.796,135.136,135.707,6376800.06,156
2024-01-08 09:00:00+00:00,135.326,135.796,135.136,135.707,6376800.06,157
2024-01-08 10:00:00+00:00,135.326,135.796,135.136,135.707,6376800.06,158
2024-01-08 11:00:00+00:00,135.326,135.796,135.136,135.707,6376800.06,159
2024-01-08 12:00:00+00:00,135.326,135.796,135.136,135.707,6376800.06,160
2024-01-08 13:00:00+00:00,135.326,135.796,135.136,135.707,6376800.06,161
2024-01-08 14:00:00+00:00,136.256,137.147,136.226,137.027,8122799.87,162
2024-01-08 15:00:00+00:00,137.016,137.467,136.587,137.307,9111599.92,163
2024-01-08 16:00:00+00:00,137.317,137.787,137.256,137.737,8330400.47,164
2024-01-08 17:00:00+00:00,137.727,138.217,137.646,137.897,5748000.15,165
2024-01-08 18:00:00+00:00,137.886,138.337,137.696,138.256,3645600.08,166
2024-01-08 19:00:00+00:00,138.267,138.847,138.166,138.747,4405200.0,167
2024-01-08 20:00:00+00:00,138.737,138.977,138.526,138.786,7118400.1,168
2024-01-08 21:00:00+00:00,138.737,138.977,138.526,138.786,7118400.1,169
2024-01-08 22:00:00+00:00,138.737,138.977,138.526,138.786,7118400.1,170
2024-01-08 23:00:00+00:00,138.737,138.977,138.526,138.786,7118400.1,171
2024-01-09 00:00:00+00:00,138.737,138.977,138.526,138.786,7118400.1,172
2024-01-09 01:00:00+00:00,138.737,138.977,138.526,138.786,7118400.1,173
2024-01-09 02:00:00+00:00,138.737,138.977,138.526,138.786,7118400.1,174
2024-01-09 03:00:00+00:00,138.737,138.977,138.526,138.786,7118400.1,175
2024-01-09 04:00:00+00:00,138.737,138.977,138.526,138.786,7118400.1,176
2024-01-09 05:00:00+00:00,138.737,138.977,138.526,138.786,7118400.1,177
2024-01-09 06:00:00+00:00,138.737,138.977,138.526,138.786,7118400.1,178
2024-01-09 07:00:00+00:00,138.737,138.977,138.526,138.786,7118400.1,179
2024-01-09 08:00:00+00:00,138.737,138.977,138.526,138.786,7118400.1,180
2024-01-09 09:00:00+00:00,138.737,138.977,138.526,138.786,7118400.1,181
2024-01-09 10:00:00+00:00,138.737,138.977,138.526,138.786,7118400.1,182
2024-01-09 11:00:00+00:00,138.737,138.977,138.526,138.786,7118400.1,183
2024-01-09 12:00:00+00:00,138.737,138.977,138.526,138.786,7118400.1,184
2024-01-09 13:00:00+00:00,138.737,138.977,138.526,138.786,7118400.1,185
2024-01-09 14:00:00+00:00,138.326,139.817,138.136,139.527,10850399.97,186
2024-01-09 15:00:00+00:00,139.536,140.147,139.316,139.926,13006799.7,187
2024-01-09 16:00:00+00:00,139.927,140.957,139.926,140.957,8649600.03,188
2024-01-09 17:00:00+00:00,140.977,141.347,140.746,141.207,7823999.88,189
2024-01-09 18:00:00+00:00,141.216,141.476,140.696,140.937,8321999.55,190
2024-01-09 19:00:00+00:00,140.947,141.107,140.596,140.707,7693200.11,191
2024-01-09 20:00:00+00:00,140.717,141.017,140.386,140.927,8391599.66,192
2024-01-09 21:00:00+00:00,140.717,141.017,140.386,140.927,8391599.66,193
2024-01-09 22:00:00+00:00,140.717,141.017,140.386,140.927,8391599.66,194
2024-01-09 23:00:00+00:00,140.717,141.017,140.386,140.927,8391599.66,195
2024-01-10 00:00:00+00:00,140.717,141.017,140.386,140.927,8391599.66,196
2024-01-10 01:00:00+00:00,140.717,141.017,140.386,140.927,8391599.66,197
2024-01-10 02:00:00+00:00,140.717,141.017,140.386,140.927,8391599.66,198
2024-01-10 03:00:00+00:00,140.717,141.017,140.386,140.927,8391599.66,199
2024-01-10 04:00:00+00:00,140.717,141.017,140.386,140.927,8391599.66,200
2024-01-10 05:00:00+00:00,140.717,141.017,140.386,140.927,8391599.66,201
2024-01-10 06:00:00+00:00,140.717,141.017,140.386,140.927,8391599.66,202
2024-01-10 07:00:00+00:00,140.717,141.017,140.386,140.927,8391599.66,203
2024-01-10 08:00:00+00:00,140.717,141.017,140.386,140.927,8391599.66,204
2024-01-10 09:00:00+00:00,140.717,141.017,140.386,140.927,8391599.66,205
2024-01-10 10:00:00+00:00,140.717,141.017,140.386,140.927,8391599.66,206
2024-01-10 11:00:00+00:00,140.717,141.017,140.386,140.927,8391599.66,207
2024-01-10 12:00:00+00:00,140.717,141.017,140.386,140.927,8391599.66,208
2024-01-10 13:00:00+00:00,140.717,141.017,140.386,140.927,8391599.66,209
2024-01-10 14:00:00+00:00,140.997,142.467,140.887,141.727,9276000.02,210
2024-01-10 15:00:00+00:00,141.717,141.887,140.976,141.867,10827599.53,211
2024-01-10 16:00:00+00:00,141.867,142.026,141.396,141.727,7935599.8,212
2024-01-10 17:00:00+00:00,141.736,142.287,141.596,142.247,5352000.24,213
2024-01-10 18:00:00+00:00,142.256,142.507,142.127,142.337,7555200.1,214
2024-01-10 19:00:00+00:00,142.336,142.986,142.336,142.766,5219999.79,215
2024-01-10 20:00:00+00:00,142.756,142.776,141.786,142.227,10417200.09,216
2024-01-10 21:00:00+00:00,142.756,142.776,141.786,142.227,10417200.09,217
2024-01-10 22:00:00+00:00,142.756,142.776,141.786,142.227,10417200.09,218
2024-01-10 23:00:00+00:00,142.756,142.776,141.786,142.227,10417200.09,219
2024-01-11 00:00:00+00:00,142.756,142.776,141.786,142.227,10417200.09,220
2024-01-11 01:00:00+00:00,142.756,142.776,141.786,142.227,10417200.09,221
2024-01-11 02:00:00+00:00,142.756,142.776,141.786,142.227,10417200.09,222
2024-01-11 03:00:00+00:00,142.756,142.776,141.786,142.227,10417200.09,223
2024-01-11 04:00:00+00:00,142.756,142.776,141.786,142.227,10417200.09,224
2024-01-11 05:00:00+00:00,142.756,142.776,141.786,142.227,10417200.09,225
2024-01-11 06:00:00+00:00,142.756,142.776,141.786,142.227,10417200.09,226
2024-01-11 07:00:00+00:00,142.756,142.776,141.786,142.227,10417200.09,227
2024-01-11 08:00:00+00:00,142.756,142.776,141.786,142.227,10417200.09,228
2024-01-11 09:00:00+00:00,142.756,142.776,141.786,142.227,10417200.09,229
2024-01-11 10:00:00+00:00,142.756,142.776,141.786,142.227,10417200.09,230
2024-01-11 11:00:00+00:00,142.756,142.776,141.786,142.227,10417200.09,231
2024-01-11 12:00:00+00:00,142.756,142.776,141.786,142.227,10417200.09,232
2024-01-11 13:00:00+00:00,142.756,142.776,141.786,142.227,10417200.09,233
2024-01-11 14:00:00+00:00,143.376,145.207,143.076,143.456,10668000.22,234
2024-01-11 15:00:00+00:00,143.477,143.537,142.006,142.097,16694400.79,235
2024-01-11 16:00:00+00:00,142.106,142.257,140.966,140.996,12609600.07,236
2024-01-11 17:00:00+00:00,140.987,141.297,140.617,140.807,10651200.29,237
2024-01-11 18:00:00+00:00,140.797,141.776,140.787,141.707,10153200.15,238
2024-01-11 19:00:00+00:00,141.717,142.317,141.496,142.277,9144000.05,239
2024-01-11 20:00:00+00:00,142.276,142.306,141.637,142.076,9355199.81,240
2024-01-11 21:00:00+00:00,142.276,142.306,141.637,142.076,9355199.81,241
2024-01-11 22:00:00+00:00,142.276,142.306,141.637,142.076,9355199.81,242
2024-01-11 23:00:00+00:00,142.276,142.306,141.637,142.076,9355199.81,243
2024-01-12 00:00:00+00:00,142.276,142.306,141.637,142.076,9355199.81,244
2024-01-12 01:00:00+00:00,142.276,142.306,141.637,142.076,9355199.81,245
2024-01-12 02:00:00+00:00,142.276,142.306,141.637,142.076,9355199.81,246
2024-01-12 03:00:00+00:00,142.276,142.306,141.637,142.076,9355199.81,247
2024-01-12 04:00:00+00:00,142.276,142.306,141.637,142.076,9355199.81,248
2024-01-12 05:00:00+00:00,142.276,142.306,141.637,142.076,9355199.81,249
2024-01-12 06:00:00+00:00,142.276,142.306,141.637,142.076,9355199.81,250
2024-01-12 07:00:00+00:00,142.276,142.306,141.637,142.076,9355199.81,251
2024-01-12 08:00:00+00:00,142.276,142.306,141.637,142.076,9355199.81,252
2024-01-12 09:00:00+00:00,142.276,142.306,141.637,142.076,9355199.81,253
2024-01-12 10:00:00+00:00,142.276,142.306,141.637,142.076,9355199.81,254
2024-01-12 11:00:00+00:00,142.276,142.306,141.637,142.076,9355199.81,255
2024-01-12 12:00:00+00:00,142.276,142.306,141.637,142.076,9355199.81,256
2024-01-12 13:00:00+00:00,142.276,142.306,141.637,142.076,9355199.81,257
2024-01-12 14:00:00+00:00,142.706,142.906,141.816,142.366,9410400.39,258
2024-01-12 15:00:00+00:00,142.356,142.627,141.946,142.587,14150400.16,259
2024-01-12 16:00:00+00:00,142.587,143.167,142.496,142.606,9310799.6,260
2024-01-12 17:00:00+00:00,142.596,143.036,142.486,142.937,7700399.88,261
2024-01-12 18:00:00+00:00,142.947,143.187,142.867,142.957,4898399.83,262
2024-01-12 19:00:00+00:00,142.946,143.117,142.696,142.787,5704800.13,263
2024-01-12 20:00:00+00:00,142.776,142.816,142.527,142.597,6771599.77,264
2024-01-12 21:00:00+00:00,142.776,142.816,142.527,142.597,6771599.77,265
2024-01-12 22:00:00+00:00,142.776,142.816,142.527,142.597,6771599.77,266
2024-01-12 23:00:00+00:00,142.776,142.816,142.527,142.597,6771599.77,267
2024-01-13 00:00:00+00:00,142.776,142.816,142.527,142.597,6771599.77,268
2024-01-13 01:00:00+00:00,142.776,142.816,142.527,142.597,6771599.77,269
2024-01-13 02:00:00+00:00,142.776,142.816,142.527,142.597,6771599.77,270
2024-01-13 03:00:00+00:00,142.776,142.816,142.527,142.597,6771599.77,271
2024-01-13 04:00:00+00:00,142.776,142.816,142.527,142.597,6771599.77,272
2024-01-13 05:00:00+00:00,142.776,142.816,142.527,142.597,6771599.77,273
2024-01-13 06:00:00+00:00,142.776,142.816,142.527,142.597,6771599.77,274
2024-01-13 07:00:00+00:00,142.776,142.816,142.527,142.597,6771599.77,275
2024-01-13 08:00:00+00:00,142.776,142.816,142.527,142.597,6771599.77,276
2024-01-13 09:00:00+00:00,142.776,142.816,142.527,142.597,6771599.77,277
2024-01-13 10:00:00+00:00,142.776,142.816,142.527,142.597,6771599.77,278
2024-01-13 11:00:00+00:00,142.776,142.816,142.527,142.597,6771599.77,279
2024-01-13 12:00:00+00:00,142.776,142.816,142.527,142.597,6771599.77,280
2024-01-13 13:00:00+00:00,142.776,142.816,142.527,142.597,6771599.77,281
2024-01-13 14:00:00+00:00,142.776,142.816,142.527,142.597,6771599.77,282
2024-01-13 15:00:00+00:00,142.776,142.816,142.527,142.597,6771599.77,283
2024-01-13 16:00:00+00:00,142.776,142.816,142.527,142.597,6771599.77,284
2024-01-13 17:00:00+00:00,142.776,142.816,142.527,142.597,6771599.77,285
2024-01-13 18:00:00+00:00,142.776,142.816,142.527,142.597,6771599.77,286
2024-01-13 19:00:00+00:00,142.776,142.816,142.527,142.597,6771599.77,287
2024-01-13 20:00:00+00:00,142.776,142.816,142.527,142.597,6771599.77,288
2024-01-13 21:00:00+00:00,142.776,142.816,142.527,142.597,6771599.77,289
2024-01-13 22:00:00+00:00,142.776,142.816,142.527,142.597,6771599.77,290
2024-01-13 23:00:00+00:00,142.776,142.816,142.527,142.597,6771599.77,291
2024-01-14 00:00:00+00:00,142.776,142.816,142.527,142.597,6771599.77,292
2024-01-14 01:00:00+00:00,142.776,142.816,142.527,142.597,6771599.77,293
2024-01-14 02:00:00+00:00,142.776,142.816,142.527,142.597,6771599.77,294
2024-01-14 03:00:00+00:00,142.776,142.816,142.527,142.597,6771599.77,295
2024-01-14 04:00:00+00:00,142.776,142.816,142.527,142.597,6771599.77,296
2024-01-14 05:00:00+00:00,142.776,142.816,142.527,142.597,6771599.77,297
2024-01-14 06:00:00+00:00,142.776,142.816,142.527,142.597,6771599.77,298
2024-01-14 07:00:00+00:00,142.776,142.816,142.527,142.597,6771599.77,299
2024-01-14 08:00:00+00:00,142.776,142.816,142.527,142.597,6771599.77,300
2024-01-14 09:00:00+00:00,142.776,142.816,142.527,142.597,6771599.77,301
2024-01-14 10:00:00+00:00,142.776,142.816,142.527,142.597,6771599.77,302
2024-01-14 11:00:00+00:00,142.776,142.816,142.527,142.597,6771599.77,303
2024-01-14 12:00:00+00:00,142.776,142.816,142.527,142.597,6771599.77,304
2024-01-14 13:00:00+00:00,142.776,142.816,142.527,142.597,6771599.77,305
2024-01-14 14:00:00+00:00,142.776,142.816,142.527,142.597,6771599.77,306
2024-01-14 15:00:00+00:00,142.776,142.816,142.527,142.597,6771599.77,307
2024-01-14 16:00:00+00:00,142.776,142.816,142.527,142.597,6771599.77,308
2024-01-14 17:00:00+00:00,142.776,142.816,142.527,142.597,6771599.77,309
2024-01-14 18:00:00+00:00,142.776,142.816,142.527,142.597,6771599.77,310
2024-01-14 19:00:00+00:00,142.776,142.816,142.527,142.597,6771599.77,311
2024-01-14 20:00:00+00:00,142.776,142.816,142.527,142.597,6771599.77,312
2024-01-14 21:00:00+00:00,142.776,142.816,142.527,142.597,6771599.77,313
2024-01-14 22:00:00+00:00,142.776,142.816,142.527,142.597,6771599.77,314
2024-01-14 23:00:00+00:00,142.776,142.816,142.527,142.597,6771599.77,315
2024-01-15 00:00:00+00:00,142.776,142.816,142.527,142.597,6771599.77,316
2024-01-15 01:00:00+00:00,142.776,142.816,142.527,142.597,6771599.77,317
2024-01-15 02:00:00+00:00,142.776,142.816,142.527,142.597,6771599.77,318
2024-01-15 03:00:00+00:00,142.776,142.816,142.527,142.597,6771599.77,319
2024-01-15 04:00:00+00:00,142.776,142.816,142.527,142.597,6771599.77,320
2024-01-15 05:00:00+00:00,142.776,142.816,142.527,142.597,6771599.77,321
2024-01-15 06:00:00+00:00,142.776,142.816,142.527,142.597,6771599.77,322
2024-01-15 07:00:00+00:00,142.776,142.816,142.527,142.597,6771599.77,323
2024-01-15 08:00:00+00:00,142.776,142.816,142.527,142.597,6771599.77,324
2024-01-15 09:00:00+00:00,142.776,142.816,142.527,142.597,6771599.77,325
2024-01-15 10:00:00+00:00,142.776,142.816,142.527,142.597,6771599.77,326
2024-01-15 11:00:00+00:00,142.776,142.816,142.527,142.597,6771599.77,327
2024-01-15 12:00:00+00:00,142.776,142.816,142.527,142.597,6771599.77,328
2024-01-15 13:00:00+00:00,142.776,142.816,142.527,142.597,6771599.77,329
2024-01-15 14:00:00+00:00,142.776,142.816,142.527,142.597,6771599.77,330
2024-01-15 15:00:00+00:00,142.776,142.816,142.527,142.597,6771599.77,331
2024-01-15 16:00:00+00:00,142.776,142.816,142.527,142.597,6771599.77,332
2024-01-15 17:00:00+00:00,142.776,142.816,142.527,142.597,6771599.77,333
2024-01-15 18:00:00+00:00,142.776,142.816,142.527,142.597,6771599.77,334
2024-01-15 19:00:00+00:00,142.776,142.816,142.527,142.597,6771599.77,335
2024-01-15 20:00:00+00:00,142.776,142.816,142.527,142.597,6771599.77,336
2024-01-15 21:00:00+00:00,142.776,142.816,142.527,142.597,6771599.77,337
2024-01-15 22:00:00+00:00,142.776,142.816,142.527,142.597,6771599.77,338
2024-01-15 23:00:00+00:00,142.776,142.816,142.527,142.597,6771599.77,339
2024-01-16 00:00:00+00:00,142.776,142.816,142.527,142.597,6771599.77,340
2024-01-16 01:00:00+00:00,142.776,142.816,142.527,142.597,6771599.77,341
2024-01-16 02:00:00+00:00,142.776,142.816,142.527,142.597,6771599.77,342
2024-01-16 03:00:00+00:00,142.776,142.816,142.527,142.597,6771599.77,343
2024-01-16 04:00:00+00:00,142.776,142.816,142.527,142.597,6771599.77,344
2024-01-16 05:00:00+00:00,142.776,142.816,142.527,142.597,6771599.77,345
2024-01-16 06:00:00+00:00,142.776,142.816,142.527,142.597,6771599.77,346
2024-01-16 07:00:00+00:00,142.776,142.816,142.527,142.597,6771599.77,347
2024-01-16 08:00:00+00:00,142.776,142.816,142.527,142.597,6771599.77,348
2024-01-16 09:00:00+00:00,142.776,142.816,142.527,142.597,6771599.77,349
2024-01-16 10:00:00+00:00,142.776,142.816,142.527,142.597,6771599.77,350
2024-01-16 11:00:00+00:00,142.776,142.816,142.527,142.597,6771599.77,351
2024-01-16 12:00:00+00:00,142.776,142.816,142.527,142.597,6771599.77,352
2024-01-16 13:00:00+00:00,142.776,142.816,142.527,142.597,6771599.77,353
2024-01-16 14:00:00+00:00,141.977,144.327,141.756,143.486,9706800.46,354
2024-01-16 15:00:00+00:00,143.486,143.597,142.946,143.026,13605600.36,355
2024-01-16 16:00:00+00:00,143.026,143.106,142.316,142.427,14803199.77,356
2024-01-16 17:00:00+00:00,142.417,142.537,141.736,141.787,10396800.04,357
2024-01-16 18:00:00+00:00,141.776,142.217,141.646,141.747,7648799.9,358
2024-01-16 19:00:00+00:00,141.756,142.047,141.436,141.997,5297999.86,359
2024-01-16 20:00:00+00:00,141.996,142.487,141.886,142.466,3968400.0,360
2024-01-16 21:00:00+00:00,141.996,142.487,141.886,142.466,3968400.0,361
2024-01-16 22:00:00+00:00,141.996,142.487,141.886,142.466,3968400.0,362
2024-01-16 23:00:00+00:00,141.996,142.487,141.886,142.466,3968400.0,363
2024-01-17 00:00:00+00:00,141.996,142.487,141.886,142.466,3968400.0,364
2024-01-17 01:00:00+00:00,141.996,142.487,141.886,142.466,3968400.0,365
2024-01-17 02:00:00+00:00,141.996,142.487,141.886,142.466,3968400.0,366
2024-01-17 03:00:00+00:00,141.996,142.487,141.886,142.466,3968400.0,367
2024-01-17 04:00:00+00:00,141.996,142.487,141.886,142.466,3968400.0,368
2024-01-17 05:00:00+00:00,141.996,142.487,141.886,142.466,3968400.0,369
2024-01-17 06:00:00+00:00,141.996,142.487,141.886,142.466,3968400.0,370
2024-01-17 07:00:00+00:00,141.996,142.487,141.886,142.466,3968400.0,371
2024-01-17 08:00:00+00:00,141.996,142.487,141.886,142.466,3968400.0,372
2024-01-17 09:00:00+00:00,141.996,142.487,141.886,142.466,3968400.0,373
2024-01-17 10:00:00+00:00,141.996,142.487,141.886,142.466,3968400.0,374
2024-01-17 11:00:00+00:00,141.996,142.487,141.886,142.466,3968400.0,375
2024-01-17 12:00:00+00:00,141.996,142.487,141.886,142.466,3968400.0,376
2024-01-17 13:00:00+00:00,141.996,142.487,141.886,142.466,3968400.0,377
2024-01-17 14:00:00+00:00,141.296,141.796,139.256,139.356,9637200.36,378
2024-01-17 15:00:00+00:00,139.387,140.537,138.886,140.377,14020799.64,379
2024-01-17 16:00:00+00:00,140.366,141.097,140.366,140.726,10114800.45,380
2024-01-17 17:00:00+00:00,140.736,140.986,140.506,140.926,8333999.63,381
2024-01-17 18:00:00+00:00,140.916,141.157,140.146,140.387,8166000.37,382
2024-01-17 19:00:00+00:00,140.396,140.977,140.336,140.896,6015600.2,383
2024-01-17 20:00:00+00:00,140.896,141.607,140.796,141.467,6104400.16,384
2024-01-17 21:00:00+00:00,140.896,141.607,140.796,141.467,6104400.16,385
2024-01-17 22:00:00+00:00,140.896,141.607,140.796,141.467,6104400.16,386
2024-01-17 23:00:00+00:00,140.896,141.607,140.796,141.467,6104400.16,387
2024-01-18 00:00:00+00:00,140.896,141.607,140.796,141.467,6104400.16,388
2024-01-18 01:00:00+00:00,140.896,141.607,140.796,141.467,6104400.16,389
2024-01-18 02:00:00+00:00,140.896,141.607,140.796,141.467,6104400.16,390
2024-01-18 03:00:00+00:00,140.896,141.607,140.796,141.467,6104400.16,391
2024-01-18 04:00:00+00:00,140.896,141.607,140.796,141.467,6104400.16,392
2024-01-18 05:00:00+00:00,140.896,141.607,140.796,141.467,6104400.16,393
2024-01-18 06:00:00+00:00,140.896,141.607,140.796,141.467,6104400.16,394
2024-01-18 07:00:00+00:00,140.896,141.607,140.796,141.467,6104400.16,395
2024-01-18 08:00:00+00:00,140.896,141.607,140.796,141.467,6104400.16,396
2024-01-18 09:00:00+00:00,140.896,141.607,140.796,141.467,6104400.16,397
2024-01-18 10:00:00+00:00,140.896,141.607,140.796,141.467,6104400.16,398
2024-01-18 11:00:00+00:00,140.896,141.607,140.796,141.467,6104400.16,399
2024-01-18 12:00:00+00:00,140.896,141.607,140.796,141.467,6104400.16,400
2024-01-18 13:00:00+00:00,140.896,141.607,140.796,141.467,6104400.16,401
2024-01-18 14:00:00+00:00,142.007,143.357,141.977,142.796,8816399.57,402
2024-01-18 15:00:00+00:00,142.796,143.427,141.976,143.427,12206399.92,403
2024-01-18 16:00:00+00:00,143.436,144.197,143.277,143.746,9192000.39,404
2024-01-18 17:00:00+00:00,143.747,143.836,142.797,142.866,10383600.24,405
2024-01-18 18:00:00+00:00,142.867,143.156,142.586,143.097,8916000.37,406
2024-01-18 19:00:00+00:00,143.087,143.987,143.006,143.947,5809199.81,407
2024-01-18 20:00:00+00:00,143.956,143.967,143.326,143.436,6038400.17,408
2024-01-18 21:00:00+00:00,143.956,143.967,143.326,143.436,6038400.17,409
2024-01-18 22:00:00+00:00,143.956,143.967,143.326,143.436,6038400.17,410
2024-01-18 23:00:00+00:00,143.956,143.967,143.326,143.436,6038400.17,411
2024-01-19 00:00:00+00:00,143.956,143.967,143.326,143.436,6038400.17,412
2024-01-19 01:00:00+00:00,143.956,143.967,143.326,143.436,6038400.17,413
2024-01-19 02:00:00+00:00,143.956,143.967,143.326,143.436,6038400.17,414
2024-01-19 03:00:00+00:00,143.956,143.967,143.326,143.436,6038400.17,415
2024-01-19 04:00:00+00:00,143.956,143.967,143.326,143.436,6038400.17,416
2024-01-19 05:00:00+00:00,143.956,143.967,143.326,143.436,6038400.17,417
2024-01-19 06:00:00+00:00,143.956,143.967,143.326,143.436,6038400.17,418
2024-01-19 07:00:00+00:00,143.956,143.967,143.326,143.436,6038400.17,419
2024-01-19 08:00:00+00:00,143.956,143.967,143.326,143.436,6038400.17,420
2024-01-19 09:00:00+00:00,143.956,143.967,143.326,143.436,6038400.17,421
2024-01-19 10:00:00+00:00,143.956,143.967,143.326,143.436,6038400.17,422
2024-01-19 11:00:00+00:00,143.956,143.967,143.326,143.436,6038400.17,423
2024-01-19 12:00:00+00:00,143.956,143.967,143.326,143.436,6038400.17,424
2024-01-19 13:00:00+00:00,143.956,143.967,143.326,143.436,6038400.17,425
2024-01-19 14:00:00+00:00,144.696,145.697,144.357,145.216,8847599.98,426
2024-01-19 15:00:00+00:00,145.217,145.947,144.906,145.826,14018400.19,427
2024-01-19 16:00:00+00:00,145.817,146.367,145.516,145.706,8906399.73,428
2024-01-19 17:00:00+00:00,145.716,145.916,145.106,145.747,9470399.86,429
2024-01-19 18:00:00+00:00,145.737,146.237,145.467,146.196,7033199.79,430
2024-01-19 19:00:00+00:00,146.187,146.227,145.546,145.986,7690800.19,431
2024-01-19 20:00:00+00:00,145.987,146.437,145.926,146.357,5572800.16,432
2024-01-19 21:00:00+00:00,145.987,146.437,145.926,146.357,5572800.16,433
2024-01-19 22:00:00+00:00,145.987,146.437,145.926,146.357,5572800.16,434
2024-01-19 23:00:00+00:00,145.987,146.437,145.926,146.357,5572800.16,435
2024-01-20 00:00:00+00:00,145.987,146.437,145.926,146.357,5572800.16,436
2024-01-20 01:00:00+00:00,145.987,146.437,145.926,146.357,5572800.16,437
2024-01-20 02:00:00+00:00,145.987,146.437,145.926,146.357,5572800.16,438
2024-01-20 03:00:00+00:00,145.987,146.437,145.926,146.357,5572800.16,439
2024-01-20 04:00:00+00:00,145.987,146.437,145.926,146.357,5572800.16,440
2024-01-20 05:00:00+00:00,145.987,146.437,145.926,146.357,5572800.16,441
2024-01-20 06:00:00+00:00,145.987,146.437,145.926,146.357,5572800.16,442
2024-01-20 07:00:00+00:00,145.987,146.437,145.926,146.357,5572800.16,443
2024-01-20 08:00:00+00:00,145.987,146.437,145.926,146.357,5572800.16,444
2024-01-20 09:00:00+00:00,145.987,146.437,145.926,146.357,5572800.16,445
2024-01-20 10:00:00+00:00,145.987,146.437,145.926,146.357,5572800.16,446
2024-01-20 11:00:00+00:00,145.987,146.437,145.926,146.357,5572800.16,447
2024-01-20 12:00:00+00:00,145.987,146.437,145.926,146.357,5572800.16,448
2024-01-20 13:00:00+00:00,145.987,146.437,145.926,146.357,5572800.16,449
2024-01-20 14:00:00+00:00,145.987,146.437,145.926,146.357,5572800.16,450
2024-01-20 15:00:00+00:00,145.987,146.437,145.926,146.357,5572800.16,451
2024-01-20 16:00:00+00:00,145.987,146.437,145.926,146.357,5572800.16,452
2024-01-20 17:00:00+00:00,145.987,146.437,145.926,146.357,5572800.16,453
2024-01-20 18:00:00+00:00,145.987,146.437,145.926,146.357,5572800.16,454
2024-01-20 19:00:00+00:00,145.987,146.437,145.926,146.357,5572800.16,455
2024-01-20 20:00:00+00:00,145.987,146.437,145.926,146.357,5572800.16,456
2024-01-20 21:00:00+00:00,145.987,146.437,145.926,146.357,5572800.16,457
2024-01-20 22:00:00+00:00,145.987,146.437,145.926,146.357,5572800.16,458
2024-01-20 23:00:00+00:00,145.987,146.437,145.926,146.357,5572800.16,459
2024-01-21 00:00:00+00:00,145.987,146.437,145.926,146.357,5572800.16,460
2024-01-21 01:00:00+00:00,145.987,146.437,145.926,146.357,5572800.16,461
2024-01-21 02:00:00+00:00,145.987,146.437,145.926,146.357,5572800.16,462
2024-01-21 03:00:00+00:00,145.987,146.437,145.926,146.357,5572800.16,463
2024-01-21 04:00:00+00:00,145.987,146.437,145.926,146.357,5572800.16,464
2024-01-21 05:00:00+00:00,145.987,146.437,145.926,146.357,5572800.16,465
2024-01-21 06:00:00+00:00,145.987,146.437,145.926,146.357,5572800.16,466
2024-01-21 07:00:00+00:00,145.987,146.437,145.926,146.357,5572800.16,467
2024-01-21 08:00:00+00:00,145.987,146.437,145.926,146.357,5572800.16,468
2024-01-21 09:00:00+00:00,145.987,146.437,145.926,146.357,5572800.16,469
2024-01-21 10:00:00+00:00,145.987,146.437,145.926,146.357,5572800.16,470
2024-01-21 11:00:00+00:00,145.987,146.437,145.926,146.357,5572800.16,471
2024-01-21 12:00:00+00:00,145.987,146.437,145.926,146.357,5572800.16,472
2024-01-21 13:00:00+00:00,145.987,146.437,145.926,146.357,5572800.16,473
2024-01-21 14:00:00+00:00,145.987,146.437,145.926,146.357,5572800.16,474
2024-01-21 15:00:00+00:00,145.987,146.437,145.926,146.357,5572800.16,475
2024-01-21 16:00:00+00:00,145.987,146.437,145.926,146.357,5572800.16,476
2024-01-21 17:00:00+00:00,145.987,146.437,145.926,146.357,5572800.16,477
2024-01-21 18:00:00+00:00,145.987,146.437,145.926,146.357,5572800.16,478
2024-01-21 19:00:00+00:00,145.987,146.437,145.926,146.357,5572800.16,479
2024-01-21 20:00:00+00:00,145.987,146.437,145.926,146.357,5572800.16,480
2024-01-21 21:00:00+00:00,145.987,146.437,145.926,146.357,5572800.16,481
2024-01-21 22:00:00+00:00,145.987,146.437,145.926,146.357,5572800.16,482
2024-01-21 23:00:00+00:00,145.987,146.437,145.926,146.357,5572800.16,483
2024-01-22 00:00:00+00:00,145.987,146.437,145.926,146.357,5572800.16,484
2024-01-22 01:00:00+00:00,145.987,146.437,145.926,146.357,5572800.16,485
2024-01-22 02:00:00+00:00,145.987,146.437,145.926,146.357,5572800.16,486
2024-01-22 03:00:00+00:00,145.987,146.437,145.926,146.357,5572800.16,487
2024-01-22 04:00:00+00:00,145.987,146.437,145.926,146.357,5572800.16,488
2024-01-22 05:00:00+00:00,145.987,146.437,145.926,146.357,5572800.16,489
2024-01-22 06:00:00+00:00,145.987,146.437,145.926,146.357,5572800.16,490
2024-01-22 07:00:00+00:00,145.987,146.437,145.926,146.357,5572800.16,491
2024-01-22 08:00:00+00:00,145.987,146.437,145.926,146.357,5572800.16,492
2024-01-22 09:00:00+00:00,145.987,146.437,145.926,146.357,5572800.16,493
2024-01-22 10:00:00+00:00,145.987,146.437,145.926,146.357,5572800.16,494
2024-01-22 11:00:00+00:00,145.987,146.437,145.926,146.357,5572800.16,495
2024-01-22 12:00:00+00:00,145.987,146.437,145.926,146.357,5572800.16,496
2024-01-22 13:00:00+00:00,145.987,146.437,145.926,146.357,5572800.16,497
2024-01-22 14:00:00+00:00,147.137,148.377,147.137,147.897,8281200.41,498
2024-01-22 15:00:00+00:00,147.897,148.036,146.806,147.007,11934000.02,499
2024-01-22 16:00:00+00:00,147.017,147.297,146.877,147.037,7162799.84,500
2024-01-22 17:00:00+00:00,147.027,147.207,146.557,147.016,5744400.02,501
2024-01-22 18:00:00+00:00,146.996,147.007,146.576,146.926,6044400.22,502
2024-01-22 19:00:00+00:00,146.936,146.987,146.616,146.837,4780799.87,503
2024-01-22 20:00:00+00:00,146.856,146.866,145.836,146.007,4621200.08,504
2024-01-22 21:00:00+00:00,146.856,146.866,145.836,146.007,4621200.08,505
2024-01-22 22:00:00+00:00,146.856,146.866,145.836,146.007,4621200.08,506
2024-01-22 23:00:00+00:00,146.856,146.866,145.836,146.007,4621200.08,507
2024-01-23 00:00:00+00:00,146.856,146.866,145.836,146.007,4621200.08,508
2024-01-23 01:00:00+00:00,146.856,146.866,145.836,146.007,4621200.08,509
2024-01-23 02:00:00+00:00,146.856,146.866,145.836,146.007,4621200.08,510
2024-01-23 03:00:00+00:00,146.856,146.866,145.836,146.007,4621200.08,511
2024-01-23 04:00:00+00:00,146.856,146.866,145.836,146.007,4621200.08,512
2024-01-23 05:00:00+00:00,146.856,146.866,145.836,146.007,4621200.08,513
2024-01-23 06:00:00+00:00,146.856,146.866,145.836,146.007,4621200.08,514
2024-01-23 07:00:00+00:00,146.856,146.866,145.836,146.007,4621200.08,515
2024-01-23 08:00:00+00:00,146.856,146.866,145.836,146.007,4621200.08,516
2024-01-23 09:00:00+00:00,146.856,146.866,145.836,146.007,4621200.08,517
2024-01-23 10:00:00+00:00,146.856,146.866,145.836,146.007,4621200.08,518
2024-01-23 11:00:00+00:00,146.856,146.866,145.836,146.007,4621200.08,519
2024-01-23 12:00:00+00:00,146.856,146.866,145.836,146.007,4621200.08,520
2024-01-23 13:00:00+00:00,146.856,146.866,145.836,146.007,4621200.08,521
2024-01-23 14:00:00+00:00,145.887,146.726,145.477,146.407,7986000.06,522
2024-01-23 15:00:00+00:00,146.396,147.137,146.276,146.517,10223999.98,523
2024-01-23 16:00:00+00:00,146.526,146.546,146.046,146.426,6510000.23,524
2024-01-23 17:00:00+00:00,146.417,146.507,146.146,146.467,3447599.89,525
2024-01-23 18:00:00+00:00,146.477,146.777,146.416,146.607,3592799.9,526
2024-01-23 19:00:00+00:00,146.616,146.667,146.366,146.556,3249599.93,527
2024-01-23 20:00:00+00:00,146.566,147.177,146.556,147.026,4801199.91,528
2024-01-23 21:00:00+00:00,146.566,147.177,146.556,147.026,4801199.91,529
2024-01-23 22:00:00+00:00,146.566,147.177,146.556,147.026,4801199.91,530
2024-01-23 23:00:00+00:00,146.566,147.177,146.556,147.026,4801199.91,531
2024-01-24 00:00:00+00:00,146.566,147.177,146.556,147.026,4801199.91,532
2024-01-24 01:00:00+00:00,146.566,147.177,146.556,147.026,4801199.91,533
2024-01-24 02:00:00+00:00,146.566,147.177,146.556,147.026,4801199.91,534
2024-01-24 03:00:00+00:00,146.566,147.177,146.556,147.026,4801199.91,535
2024-01-24 04:00:00+00:00,146.566,147.177,146.556,147.026,4801199.91,536
2024-01-24 05:00:00+00:00,146.566,147.177,146.556,147.026,4801199.91,537
2024-01-24 06:00:00+00:00,146.566,147.177,146.556,147.026,4801199.91,538
2024-01-24 07:00:00+00:00,146.566,147.177,146.556,147.026,4801199.91,539
2024-01-24 08:00:00+00:00,146.566,147.177,146.556,147.026,4801199.91,540
2024-01-24 09:00:00+00:00,146.566,147.177,146.556,147.026,4801199.91,541
2024-01-24 10:00:00+00:00,146.566,147.177,146.556,147.026,4801199.91,542
2024-01-24 11:00:00+00:00,146.566,147.177,146.556,147.026,4801199.91,543
2024-01-24 12:00:00+00:00,146.566,147.177,146.556,147.026,4801199.91,544
2024-01-24 13:00:00+00:00,146.566,147.177,146.556,147.026,4801199.91,545
2024-01-24 14:00:00+00:00,148.477,149.317,148.096,148.786,8504400.25,546
2024-01-24 15:00:00+00:00,148.807,149.807,148.496,149.726,11239199.64,547
2024-01-24 16:00:00+00:00,149.737,149.837,148.756,149.186,7602000.24,548
2024-01-24 17:00:00+00:00,149.197,149.467,148.987,149.456,6024000.17,549
2024-01-24 18:00:00+00:00,149.427,149.527,148.986,149.066,9219599.72,550
2024-01-24 19:00:00+00:00,149.076,149.227,148.827,149.027,7205999.85,551
2024-01-24 20:00:00+00:00,149.016,149.107,148.496,148.707,7737599.85,552
2024-01-24 21:00:00+00:00,149.016,149.107,148.496,148.707,7737599.85,553
2024-01-24 22:00:00+00:00,149.016,149.107,148.496,148.707,7737599.85,554
2024-01-24 23:00:00+00:00,149.016,149.107,148.496,148.707,7737599.85,555
2024-01-25 00:00:00+00:00,149.016,149.107,148.496,148.707,7737599.85,556
2024-01-25 01:00:00+00:00,149.016,149.107,148.496,148.707,7737599.85,557
2024-01-25 02:00:00+00:00,149.016,149.107,148.496,148.707,7737599.85,558
2024-01-25 03:00:00+00:00,149.016,149.107,148.496,148.707,7737599.85,559
2024-01-25 04:00:00+00:00,149.016,149.107,148.496,148.707,7737599.85,560
2024-01-25 05:00:00+00:00,149.016,149.107,148.496,148.707,7737599.85,561
2024-01-25 06:00:00+00:00,149.016,149.107,148.496,148.707,7737599.85,562
2024-01-25 07:00:00+00:00,149.016,149.107,148.496,148.707,7737599.85,563
2024-01-25 08:00:00+00:00,149.016,149.107,148.496,148.707,7737599.85,564
2024-01-25 09:00:00+00:00,149.016,149.107,148.496,148.707,7737599.85,565
2024-01-25 10:00:00+00:00,149.016,149.107,148.496,148.707,7737599.85,566
2024-01-25 11:00:00+00:00,149.016,149.107,148.496,148.707,7737599.85,567
2024-01-25 12:00:00+00:00,149.016,149.107,148.496,148.707,7737599.85,568
2024-01-25 13:00:00+00:00,149.016,149.107,148.496,148.707,7737599.85,569
2024-01-25 14:00:00+00:00,150.047,150.787,149.496,150.467,8443200.11,570
2024-01-25 15:00:00+00:00,150.457,152.896,150.336,152.757,12986399.65,571
2024-01-25 16:00:00+00:00,152.756,153.037,152.476,152.766,10366800.31,572
2024-01-25 17:00:00+00:00,152.757,152.927,151.506,151.716,10218000.41,573
2024-01-25 18:00:00+00:00,151.727,152.147,151.056,151.227,10198800.09,574
2024-01-25 19:00:00+00:00,151.216,151.747,150.997,151.747,9190799.71,575
2024-01-25 20:00:00+00:00,151.737,151.916,151.246,151.886,7148399.83,576
2024-01-25 21:00:00+00:00,151.737,151.916,151.246,151.886,7148399.83,577
2024-01-25 22:00:00+00:00,151.737,151.916,151.246,151.886,7148399.83,578
2024-01-25 23:00:00+00:00,151.737,151.916,151.246,151.886,7148399.83,579
2024-01-26 00:00:00+00:00,151.737,151.916,151.246,151.886,7148399.83,580
2024-01-26 01:00:00+00:00,151.737,151.916,151.246,151.886,7148399.83,581
2024-01-26 02:00:00+00:00,151.737,151.916,151.246,151.886,7148399.83,582
2024-01-26 03:00:00+00:00,151.737,151.916,151.246,151.886,7148399.83,583
2024-01-26 04:00:00+00:00,151.737,151.916,151.246,151.886,7148399.83,584
2024-01-26 05:00:00+00:00,151.737,151.916,151.246,151.886,7148399.83,585
2024-01-26 06:00:00+00:00,151.737,151.916,151.246,151.886,7148399.83,586
2024-01-26 07:00:00+00:00,151.737,151.916,151.246,151.886,7148399.83,587
2024-01-26 08:00:00+00:00,151.737,151.916,151.246,151.886,7148399.83,588
2024-01-26 09:00:00+00:00,151.737,151.916,151.246,151.886,7148399.83,589
2024-01-26 10:00:00+00:00,151.737,151.916,151.246,151.886,7148399.83,590
2024-01-26 11:00:00+00:00,151.737,151.916,151.246,151.886,7148399.83,591
2024-01-26 12:00:00+00:00,151.737,151.916,151.246,151.886,7148399.83,592
2024-01-26 13:00:00+00:00,151.737,151.916,151.246,151.886,7148399.83,593
2024-01-26 14:00:00+00:00,151.037,152.257,150.996,151.887,8366399.77,594
2024-01-26 15:00:00+00:00,151.877,152.287,151.256,152.037,9569999.69,595
2024-01-26 16:00:00+00:00,152.026,152.407,151.726,152.097,6494400.02,596
2024-01-26 17:00:00+00:00,152.106,152.526,151.487,151.547,8157600.4,597
2024-01-26 18:00:00+00:00,151.536,151.957,151.486,151.876,5513999.94,598
2024-01-26 19:00:00+00:00,151.867,152.027,151.576,151.687,4334400.18,599
2024-01-26 20:00:00+00:00,151.697,152.407,151.646,152.177,5630400.18,600
2024-01-26 21:00:00+00:00,151.697,152.407,151.646,152.177,5630400.18,601
2024-01-26 22:00:00+00:00,151.697,152.407,151.646,152.177,5630400.18,602
2024-01-26 23:00:00+00:00,151.697,152.407,151.646,152.177,5630400.18,603
2024-01-27 00:00:00+00:00,151.697,152.407,151.646,152.177,5630400.18,604
2024-01-27 01:00:00+00:00,151.697,152.407,151.646,152.177,5630400.18,605
2024-01-27 02:00:00+00:00,151.697,152.407,151.646,152.177,5630400.18,606
2024-01-27 03:00:00+00:00,151.697,152.407,151.646,152.177,5630400.18,607
2024-01-27 04:00:00+00:00,151.697,152.407,151.646,152.177,5630400.18,608
2024-01-27 05:00:00+00:00,151.697,152.407,151.646,152.177,5630400.18,609
2024-01-27 06:00:00+00:00,151.697,152.407,151.646,152.177,5630400.18,610
2024-01-27 07:00:00+00:00,151.697,152.407,151.646,152.177,5630400.18,611
2024-01-27 08:00:00+00:00,151.697,152.407,151.646,152.177,5630400.18,612
2024-01-27 09:00:00+00:00,151.697,152.407,151.646,152.177,5630400.18,613
2024-01-27 10:00:00+00:00,151.697,152.407,151.646,152.177,5630400.18,614
2024-01-27 11:00:00+00:00,151.697,152.407,151.646,152.177,5630400.18,615
2024-01-27 12:00:00+00:00,151.697,152.407,151.646,152.177,5630400.18,616
2024-01-27 13:00:00+00:00,151.697,152.407,151.646,152.177,5630400.18,617
2024-01-27 14:00:00+00:00,151.697,152.407,151.646,152.177,5630400.18,618
2024-01-27 15:00:00+00:00,151.697,152.407,151.646,152.177,5630400.18,619
2024-01-27 16:00:00+00:00,151.697,152.407,151.646,152.177,5630400.18,620
2024-01-27 17:00:00+00:00,151.697,152.407,151.646,152.177,5630400.18,621
2024-01-27 18:00:00+00:00,151.697,152.407,151.646,152.177,5630400.18,622
2024-01-27 19:00:00+00:00,151.697,152.407,151.646,152.177,5630400.18,623
2024-01-27 20:00:00+00:00,151.697,152.407,151.646,152.177,5630400.18,624
2024-01-27 21:00:00+00:00,151.697,152.407,151.646,152.177,5630400.18,625
2024-01-27 22:00:00+00:00,151.697,152.407,151.646,152.177,5630400.18,626
2024-01-27 23:00:00+00:00,151.697,152.407,151.646,152.177,5630400.18,627
2024-01-28 00:00:00+00:00,151.697,152.407,151.646,152.177,5630400.18,628
2024-01-28 01:00:00+00:00,151.697,152.407,151.646,152.177,5630400.18,629
2024-01-28 02:00:00+00:00,151.697,152.407,151.646,152.177,5630400.18,630
2024-01-28 03:00:00+00:00,151.697,152.407,151.646,152.177,5630400.18,631
2024-01-28 04:00:00+00:00,151.697,152.407,151.646,152.177,5630400.18,632
2024-01-28 05:00:00+00:00,151.697,152.407,151.646,152.177,5630400.18,633
2024-01-28 06:00:00+00:00,151.697,152.407,151.646,152.177,5630400.18,634
2024-01-28 07:00:00+00:00,151.697,152.407,151.646,152.177,5630400.18,635
2024-01-28 08:00:00+00:00,151.697,152.407,151.646,152.177,5630400.18,636
2024-01-28 09:00:00+00:00,151.697,152.407,151.646,152.177,5630400.18,637
2024-01-28 10:00:00+00:00,151.697,152.407,151.646,152.177,5630400.18,638
2024-01-28 11:00:00+00:00,151.697,152.407,151.646,152.177,5630400.18,639
2024-01-28 12:00:00+00:00,151.697,152.407,151.646,152.177,5630400.18,640
2024-01-28 13:00:00+00:00,151.697,152.407,151.646,152.177,5630400.18,641
2024-01-28 14:00:00+00:00,151.697,152.407,151.646,152.177,5630400.18,642
2024-01-28 15:00:00+00:00,151.697,152.407,151.646,152.177,5630400.18,643
2024-01-28 16:00:00+00:00,151.697,152.407,151.646,152.177,5630400.18,644
2024-01-28 17:00:00+00:00,151.697,152.407,151.646,152.177,5630400.18,645
2024-01-28 18:00:00+00:00,151.697,152.407,151.646,152.177,5630400.18,646
2024-01-28 19:00:00+00:00,151.697,152.407,151.646,152.177,5630400.18,647
2024-01-28 20:00:00+00:00,151.697,152.407,151.646,152.177,5630400.18,648
2024-01-28 21:00:00+00:00,151.697,152.407,151.646,152.177,5630400.18,649
2024-01-28 22:00:00+00:00,151.697,152.407,151.646,152.177,5630400.18,650
2024-01-28 23:00:00+00:00,151.697,152.407,151.646,152.177,5630400.18,651
2024-01-29 00:00:00+00:00,151.697,152.407,151.646,152.177,5630400.18,652
2024-01-29 01:00:00+00:00,151.697,152.407,151.646,152.177,5630400.18,653
2024-01-29 02:00:00+00:00,151.697,152.407,151.646,152.177,5630400.18,654
2024-01-29 03:00:00+00:00,151.697,152.407,151.646,152.177,5630400.18,655
2024-01-29 04:00:00+00:00,151.697,152.407,151.646,152.177,5630400.18,656
2024-01-29 05:00:00+00:00,151.697,152.407,151.646,152.177,5630400.18,657
2024-01-29 06:00:00+00:00,151.697,152.407,151.646,152.177,5630400.18,658
2024-01-29 07:00:00+00:00,151.697,152.407,151.646,152.177,5630400.18,659
2024-01-29 08:00:00+00:00,151.697,152.407,151.646,152.177,5630400.18,660
2024-01-29 09:00:00+00:00,151.697,152.407,151.646,152.177,5630400.18,661
2024-01-29 10:00:00+00:00,151.697,152.407,151.646,152.177,5630400.18,662
2024-01-29 11:00:00+00:00,151.697,152.407,151.646,152.177,5630400.18,663
2024-01-29 12:00:00+00:00,151.697,152.407,151.646,152.177,5630400.18,664
2024-01-29 13:00:00+00:00,151.697,152.407,151.646,152.177,5630400.18,665
2024-01-29 14:00:00+00:00,152.066,152.817,151.406,152.167,6866399.77,666
2024-01-29 15:00:00+00:00,152.197,152.387,151.476,151.617,8440799.71,667
2024-01-29 16:00:00+00:00,151.606,152.287,151.486,152.136,5456399.92,668
2024-01-29 17:00:00+00:00,152.126,152.647,151.856,152.557,4702799.8,669
2024-01-29 18:00:00+00:00,152.557,152.677,152.416,152.567,3124799.97,670
2024-01-29 19:00:00+00:00,152.576,153.086,152.466,153.086,2877599.95,671
2024-01-29 20:00:00+00:00,153.096,153.767,153.096,153.556,7042799.95,672
2024-01-29 21:00:00+00:00,153.096,153.767,153.096,153.556,7042799.95,673
2024-01-29 22:00:00+00:00,153.096,153.767,153.096,153.556,7042799.95,674
2024-01-29 23:00:00+00:00,153.096,153.767,153.096,153.556,7042799.95,675
2024-01-30 00:00:00+00:00,153.096,153.767,153.096,153.556,7042799.95,676
2024-01-30 01:00:00+00:00,153.096,153.767,153.096,153.556,7042799.95,677
2024-01-30 02:00:00+00:00,153.096,153.767,153.096,153.556,7042799.95,678
2024-01-30 03:00:00+00:00,153.096,153.767,153.096,153.556,7042799.95,679
2024-01-30 04:00:00+00:00,153.096,153.767,153.096,153.556,7042799.95,680
2024-01-30 05:00:00+00:00,153.096,153.767,153.096,153.556,7042799.95,681
2024-01-30 06:00:00+00:00,153.096,153.767,153.096,153.556,7042799.95,682
2024-01-30 07:00:00+00:00,153.096,153.767,153.096,153.556,7042799.95,683
2024-01-30 08:00:00+00:00,153.096,153.767,153.096,153.556,7042799.95,684
2024-01-30 09:00:00+00:00,153.096,153.767,153.096,153.556,7042799.95,685
2024-01-30 10:00:00+00:00,153.096,153.767,153.096,153.556,7042799.95,686
2024-01-30 11:00:00+00:00,153.096,153.767,153.096,153.556,7042799.95,687
2024-01-30 12:00:00+00:00,153.096,153.767,153.096,153.556,7042799.95,688
2024-01-30 13:00:00+00:00,153.096,153.767,153.096,153.556,7042799.95,689
2024-01-30 14:00:00+00:00,152.787,153.607,152.556,153.027,6620399.95,690
2024-01-30 15:00:00+00:00,153.027,153.186,152.386,152.727,8437199.59,691
2024-01-30 16:00:00+00:00,152.726,153.117,152.226,152.277,5294400.22,692
2024-01-30 17:00:00+00:00,152.287,152.447,151.587,152.207,5383200.17,693
2024-01-30 18:00:00+00:00,152.207,152.347,151.846,152.016,4066800.12,694
2024-01-30 19:00:00+00:00,152.007,152.227,151.776,151.906,2977200.03,695
2024-01-30 20:00:00+00:00,151.916,152.087,151.176,151.356,3048000.1,696
2024-01-30 21:00:00+00:00,151.916,152.087,151.176,151.356,3048000.1,697
2024-01-30 22:00:00+00:00,151.916,152.087,151.176,151.356,3048000.1,698
2024-01-30 23:00:00+00:00,151.916,152.087,151.176,151.356,3048000.1,699
2024-01-31 00:00:00+00:00,151.916,152.087,151.176,151.356,3048000.1,700
2024-01-31 01:00:00+00:00,151.916,152.087,151.176,151.356,3048000.1,701
2024-01-31 02:00:00+00:00,151.916,152.087,151.176,151.356,3048000.1,702
2024-01-31 03:00:00+00:00,151.916,152.087,151.176,151.356,3048000.1,703
2024-01-31 04:00:00+00:00,151.916,152.087,151.176,151.356,3048000.1,704
2024-01-31 05:00:00+00:00,151.916,152.087,151.176,151.356,3048000.1,705
2024-01-31 06:00:00+00:00,151.916,152.087,151.176,151.356,3048000.1,706
2024-01-31 07:00:00+00:00,151.916,152.087,151.176,151.356,3048000.1,707
2024-01-31 08:00:00+00:00,151.916,152.087,151.176,151.356,3048000.1,708
2024-01-31 09:00:00+00:00,151.916,152.087,151.176,151.356,3048000.1,709
2024-01-31 10:00:00+00:00,151.916,152.087,151.176,151.356,3048000.1,710
2024-01-31 11:00:00+00:00,151.916,152.087,151.176,151.356,3048000.1,711
2024-01-31 12:00:00+00:00,151.916,152.087,151.176,151.356,3048000.1,712
2024-01-31 13:00:00+00:00,151.916,152.087,151.176,151.356,3048000.1,713
2024-01-31 14:00:00+00:00,143.566,143.867,141.006,142.817,10817999.84,714
2024-01-31 15:00:00+00:00,142.797,142.926,141.236,141.627,14428799.63,715
2024-01-31 16:00:00+00:00,141.646,142.387,141.316,141.707,9095999.72,716
2024-01-31 17:00:00+00:00,141.706,141.986,140.706,141.037,7588799.95,717
2024-01-31 18:00:00+00:00,141.047,142.167,140.956,141.797,6797999.86,718
2024-01-31 19:00:00+00:00,141.807,142.347,141.186,141.466,16718399.05,719
2024-01-31 20:00:00+00:00,141.477,141.537,139.856,140.067,17455200.2,720
2024-01-31 21:00:00+00:00,141.477,141.537,139.856,140.067,17455200.2,721
2024-01-31 22:00:00+00:00,141.477,141.537,139.856,140.067,17455200.2,722
2024-01-31 23:00:00+00:00,141.477,141.537,139.856,140.067,17455200.2,723
2024-02-01 00:00:00+00:00,141.477,141.537,139.856,140.067,17455200.2,724
2024-02-01 01:00:00+00:00,141.477,141.537,139.856,140.067,17455200.2,725
2024-02-01 02:00:00+00:00,141.477,141.537,139.856,140.067,17455200.2,726
2024-02-01 03:00:00+00:00,141.477,141.537,139.856,140.067,17455200.2,727
2024-02-01 04:00:00+00:00,141.477,141.537,139.856,140.067,17455200.2,728
2024-02-01 05:00:00+00:00,141.477,141.537,139.856,140.067,17455200.2,729
2024-02-01 06:00:00+00:00,141.477,141.537,139.856,140.067,17455200.2,730
2024-02-01 07:00:00+00:00,141.477,141.537,139.856,140.067,17455200.2,731
2024-02-01 08:00:00+00:00,141.477,141.537,139.856,140.067,17455200.2,732
2024-02-01 09:00:00+00:00,141.477,141.537,139.856,140.067,17455200.2,733
2024-02-01 10:00:00+00:00,141.477,141.537,139.856,140.067,17455200.2,734
2024-02-01 11:00:00+00:00,141.477,141.537,139.856,140.067,17455200.2,735
2024-02-01 12:00:00+00:00,141.477,141.537,139.856,140.067,17455200.2,736
2024-02-01 13:00:00+00:00,141.477,141.537,139.856,140.067,17455200.2,737
2024-02-01 14:00:00+00:00,142.026,143.036,141.396,142.437,9444000.24,738
2024-02-01 15:00:00+00:00,142.436,142.566,141.466,142.127,12309599.88,739
2024-02-01 16:00:00+00:00,142.107,142.447,141.236,141.427,8326800.35,740
2024-02-01 17:00:00+00:00,141.437,141.857,140.827,141.556,6840000.15,741
2024-02-01 18:00:00+00:00,141.566,141.607,140.786,140.937,7131599.9,742
2024-02-01 19:00:00+00:00,140.947,141.817,140.846,141.756,5641200.07,743
2024-02-01 20:00:00+00:00,141.766,141.847,140.836,141.157,4854000.09,744
2024-02-01 21:00:00+00:00,141.766,141.847,140.836,141.157,4854000.09,745
2024-02-01 22:00:00+00:00,141.766,141.847,140.836,141.157,4854000.09,746
2024-02-01 23:00:00+00:00,141.766,141.847,140.836,141.157,4854000.09,747
2024-02-02 00:00:00+00:00,141.766,141.847,140.836,141.157,4854000.09,748
2024-02-02 01:00:00+00:00,141.766,141.847,140.836,141.157,4854000.09,749
2024-02-02 02:00:00+00:00,141.766,141.847,140.836,141.157,4854000.09,750
2024-02-02 03:00:00+00:00,141.766,141.847,140.836,141.157,4854000.09,751
2024-02-02 04:00:00+00:00,141.766,141.847,140.836,141.157,4854000.09,752
2024-02-02 05:00:00+00:00,141.766,141.847,140.836,141.157,4854000.09,753
2024-02-02 06:00:00+00:00,141.766,141.847,140.836,141.157,4854000.09,754
2024-02-02 07:00:00+00:00,141.766,141.847,140.836,141.157,4854000.09,755
2024-02-02 08:00:00+00:00,141.766,141.847,140.836,141.157,4854000.09,756
2024-02-02 09:00:00+00:00,141.766,141.847,140.836,141.157,4854000.09,757
2024-02-02 10:00:00+00:00,141.766,141.847,140.836,141.157,4854000.09,758
2024-02-02 11:00:00+00:00,141.766,141.847,140.836,141.157,4854000.09,759
2024-02-02 12:00:00+00:00,141.766,141.847,140.836,141.157,4854000.09,760
2024-02-02 13:00:00+00:00,141.766,141.847,140.836,141.157,4854000.09,761
2024-02-02 14:00:00+00:00,139.257,139.657,136.496,137.957,12235199.93,762
2024-02-02 15:00:00+00:00,137.947,139.857,137.477,139.366,13966799.74,763
2024-02-02 16:00:00+00:00,139.356,140.567,138.896,140.547,9793199.54,764
2024-02-02 17:00:00+00:00,140.547,141.387,140.237,140.476,9630000.11,765
2024-02-02 18:00:00+00:00,140.486,140.787,140.257,140.746,9268799.78,766
2024-02-02 19:00:00+00:00,140.746,142.107,140.746,141.776,8917200.09,767
2024-02-02 20:00:00+00:00,141.787,142.526,141.536,142.377,9362400.05,768
2024-02-02 21:00:00+00:00,141.787,142.526,141.536,142.377,9362400.05,769
2024-02-02 22:00:00+00:00,141.787,142.526,141.536,142.377,9362400.05,770
2024-02-02 23:00:00+00:00,141.787,142.526,141.536,142.377,9362400.05,771
2024-02-03 00:00:00+00:00,141.787,142.526,141.536,142.377,9362400.05,772
2024-02-03 01:00:00+00:00,141.787,142.526,141.536,142.377,9362400.05,773
2024-02-03 02:00:00+00:00,141.787,142.526,141.536,142.377,9362400.05,774
2024-02-03 03:00:00+00:00,141.787,142.526,141.536,142.377,9362400.05,775
2024-02-03 04:00:00+00:00,141.787,142.526,141.536,142.377,9362400.05,776
2024-02-03 05:00:00+00:00,141.787,142.526,141.536,142.377,9362400.05,777
2024-02-03 06:00:00+00:00,141.787,142.526,141.536,142.377,9362400.05,778
2024-02-03 07:00:00+00:00,141.787,142.526,141.536,142.377,9362400.05,779
2024-02-03 08:00:00+00:00,141.787,142.526,141.536,142.377,9362400.05,780
2024-02-03 09:00:00+00:00,141.787,142.526,141.536,142.377,9362400.05,781
2024-02-03 10:00:00+00:00,141.787,142.526,141.536,142.377,9362400.05,782
2024-02-03 11:00:00+00:00,141.787,142.526,141.536,142.377,9362400.05,783
2024-02-03 12:00:00+00:00,141.787,142.526,141.536,142.377,9362400.05,784
2024-02-03 13:00:00+00:00,141.787,142.526,141.536,142.377,9362400.05,785
2024-02-03 14:00:00+00:00,141.787,142.526,141.536,142.377,9362400.05,786
2024-02-03 15:00:00+00:00,141.787,142.526,141.536,142.377,9362400.05,787
2024-02-03 16:00:00+00:00,141.787,142.526,141.536,142.377,9362400.05,788
2024-02-03 17:00:00+00:00,141.787,142.526,141.536,142.377,9362400.05,789
2024-02-03 18:00:00+00:00,141.787,142.526,141.536,142.377,9362400.05,790
2024-02-03 19:00:00+00:00,141.787,142.526,141.536,142.377,9362400.05,791
2024-02-03 20:00:00+00:00,141.787,142.526,141.536,142.377,9362400.05,792
2024-02-03 21:00:00+00:00,141.787,142.526,141.536,142.377,9362400.05,793
2024-02-03 22:00:00+00:00,141.787,142.526,141.536,142.377,9362400.05,794
2024-02-03 23:00:00+00:00,141.787,142.526,141.536,142.377,9362400.05,795
2024-02-04 00:00:00+00:00,141.787,142.526,141.536,142.377,9362400.05,796
2024-02-04 01:00:00+00:00,141.787,142.526,141.536,142.377,9362400.05,797
2024-02-04 02:00:00+00:00,141.787,142.526,141.536,142.377,9362400.05,798
2024-02-04 03:00:00+00:00,141.787,142.526,141.536,142.377,9362400.05,799
2024-02-04 04:00:00+00:00,141.787,142.526,141.536,142.377,9362400.05,800
2024-02-04 05:00:00+00:00,141.787,142.526,141.536,142.377,9362400.05,801
2024-02-04 06:00:00+00:00,141.787,142.526,141.536,142.377,9362400.05,802
2024-02-04 07:00:00+00:00,141.787,142.526,141.536,142.377,9362400.05,803
2024-02-04 08:00:00+00:00,141.787,142.526,141.536,142.377,9362400.05,804
2024-02-04 09:00:00+00:00,141.787,142.526,141.536,142.377,9362400.05,805
2024-02-04 10:00:00+00:00,141.787,142.526,141.536,142.377,9362400.05,806
2024-02-04 11:00:00+00:00,141.787,142.526,141.536,142.377,9362400.05,807
2024-02-04 12:00:00+00:00,141.787,142.526,141.536,142.377,9362400.05,808
2024-02-04 13:00:00+00:00,141.787,142.526,141.536,142.377,9362400.05,809
2024-02-04 14:00:00+00:00,141.787,142.526,141.536,142.377,9362400.05,810
2024-02-04 15:00:00+00:00,141.787,142.526,141.536,142.377,9362400.05,811
2024-02-04 16:00:00+00:00,141.787,142.526,141.536,142.377,9362400.05,812
2024-02-04 17:00:00+00:00,141.787,142.526,141.536,142.377,9362400.05,813
2024-02-04 18:00:00+00:00,141.787,142.526,141.536,142.377,9362400.05,814
2024-02-04 19:00:00+00:00,141.787,142.526,141.536,142.377,9362400.05,815
2024-02-04 20:00:00+00:00,141.787,142.526,141.536,142.377,9362400.05,816
2024-02-04 21:00:00+00:00,141.787,142.526,141.536,142.377,9362400.05,817
2024-02-04 22:00:00+00:00,141.787,142.526,141.536,142.377,9362400.05,818
2024-02-04 23:00:00+00:00,141.787,142.526,141.536,142.377,9362400.05,819
2024-02-05 00:00:00+00:00,141.787,142.526,141.536,142.377,9362400.05,820
2024-02-05 01:00:00+00:00,141.787,142.526,141.536,142.377,9362400.05,821
2024-02-05 02:00:00+00:00,141.787,142.526,141.536,142.377,9362400.05,822
2024-02-05 03:00:00+00:00,141.787,142.526,141.536,142.377,9362400.05,823
2024-02-05 04:00:00+00:00,141.787,142.526,141.536,142.377,9362400.05,824
2024-02-05 05:00:00+00:00,141.787,142.526,141.536,142.377,9362400.05,825
2024-02-05 06:00:00+00:00,141.787,142.526,141.536,142.377,9362400.05,826
2024-02-05 07:00:00+00:00,141.787,142.526,141.536,142.377,9362400.05,827
2024-02-05 08:00:00+00:00,141.787,142.526,141.536,142.377,9362400.05,828
2024-02-05 09:00:00+00:00,141.787,142.526,141.536,142.377,9362400.05,829
2024-02-05 10:00:00+00:00,141.787,142.526,141.536,142.377,9362400.05,830
2024-02-05 11:00:00+00:00,141.787,142.526,141.536,142.377,9362400.05,831
2024-02-05 12:00:00+00:00,141.787,142.526,141.536,142.377,9362400.05,832
2024-02-05 13:00:00+00:00,141.787,142.526,141.536,142.377,9362400.05,833
2024-02-05 14:00:00+00:00,142.846,145.207,142.756,144.817,9135600.09,834
2024-02-05 15:00:00+00:00,144.807,145.456,143.346,143.696,14036399.84,835
2024-02-05 16:00:00+00:00,143.687,143.847,143.246,143.586,9500399.59,836
2024-02-05 17:00:00+00:00,143.577,144.106,143.226,144.026,7625999.93,837
2024-02-05 18:00:00+00:00,144.017,144.407,143.216,143.417,6398399.83,838
2024-02-05 19:00:00+00:00,143.427,144.147,143.217,144.057,5857200.15,839
2024-02-05 20:00:00+00:00,144.046,144.047,143.377,143.586,7419600.01,840
2024-02-05 21:00:00+00:00,144.046,144.047,143.377,143.586,7419600.01,841
2024-02-05 22:00:00+00:00,144.046,144.047,143.377,143.586,7419600.01,842
2024-02-05 23:00:00+00:00,144.046,144.047,143.377,143.586,7419600.01,843
2024-02-06 00:00:00+00:00,144.046,144.047,143.377,143.586,7419600.01,844
2024-02-06 01:00:00+00:00,144.046,144.047,143.377,143.586,7419600.01,845
2024-02-06 02:00:00+00:00,144.046,144.047,143.377,143.586,7419600.01,846
2024-02-06 03:00:00+00:00,144.046,144.047,143.377,143.586,7419600.01,847
2024-02-06 04:00:00+00:00,144.046,144.047,143.377,143.586,7419600.01,848
2024-02-06 05:00:00+00:00,144.046,144.047,143.377,143.586,7419600.01,849
2024-02-06 06:00:00+00:00,144.046,144.047,143.377,143.586,7419600.01,850
2024-02-06 07:00:00+00:00,144.046,144.047,143.377,143.586,7419600.01,851
2024-02-06 08:00:00+00:00,144.046,144.047,143.377,143.586,7419600.01,852
2024-02-06 09:00:00+00:00,144.046,144.047,143.377,143.586,7419600.01,853
2024-02-06 10:00:00+00:00,144.046,144.047,143.377,143.586,7419600.01,854
2024-02-06 11:00:00+00:00,144.046,144.047,143.377,143.586,7419600.01,855
2024-02-06 12:00:00+00:00,144.046,144.047,143.377,143.586,7419600.01,856
2024-02-06 13:00:00+00:00,144.046,144.047,143.377,143.586,7419600.01,857
2024-02-06 14:00:00+00:00,144.597,145.327,144.246,144.286,8166000.37,858
2024-02-06 15:00:00+00:00,144.267,144.537,143.696,144.216,13605600.36,859
2024-02-06 16:00:00+00:00,144.207,144.737,144.017,144.117,10302000.05,860
2024-02-06 17:00:00+00:00,144.127,144.246,143.346,143.546,10021200.18,861
2024-02-06 18:00:00+00:00,143.556,143.947,143.516,143.727,6832799.91,862
2024-02-06 19:00:00+00:00,143.716,143.757,143.176,143.637,4995600.22,863
2024-02-06 20:00:00+00:00,143.646,144.167,143.386,144.127,5587200.16,864
2024-02-06 21:00:00+00:00,143.646,144.167,143.386,144.127,5587200.16,865
2024-02-06 22:00:00+00:00,143.646,144.167,143.386,144.127,5587200.16,866
2024-02-06 23:00:00+00:00,143.646,144.167,143.386,144.127,5587200.16,867
2024-02-07 00:00:00+00:00,143.646,144.167,143.386,144.127,5587200.16,868
2024-02-07 01:00:00+00:00,143.646,144.167,143.386,144.127,5587200.16,869
2024-02-07 02:00:00+00:00,143.646,144.167,143.386,144.127,5587200.16,870
2024-02-07 03:00:00+00:00,143.646,144.167,143.386,144.127,5587200.16,871
2024-02-07 04:00:00+00:00,143.646,144.167,143.386,144.127,5587200.16,872
2024-02-07 05:00:00+00:00,143.646,144.167,143.386,144.127,5587200.16,873
2024-02-07 06:00:00+00:00,143.646,144.167,143.386,144.127,5587200.16,874
2024-02-07 07:00:00+00:00,143.646,144.167,143.386,144.127,5587200.16,875
2024-02-07 08:00:00+00:00,143.646,144.167,143.386,144.127,5587200.16,876
2024-02-07 09:00:00+00:00,143.646,144.167,143.386,144.127,5587200.16,877
2024-02-07 10:00:00+00:00,143.646,144.167,143.386,144.127,5587200.16,878
2024-02-07 11:00:00+00:00,143.646,144.167,143.386,144.127,5587200.16,879
2024-02-07 12:00:00+00:00,143.646,144.167,143.386,144.127,5587200.16,880
2024-02-07 13:00:00+00:00,143.646,144.167,143.386,144.127,5587200.16,881
2024-02-07 14:00:00+00:00,144.746,144.967,144.096,144.207,7938000.2,882
2024-02-07 15:00:00+00:00,144.196,145.297,143.916,144.646,13411199.57,883
2024-02-07 16:00:00+00:00,144.656,145.337,144.447,145.046,9741600.04,884
2024-02-07 17:00:00+00:00,145.047,145.347,144.616,144.866,6548399.93,885
2024-02-07 18:00:00+00:00,144.867,145.386,144.577,145.126,4894800.19,886
2024-02-07 19:00:00+00:00,145.116,145.377,145.046,145.246,2289599.9,887
2024-02-07 20:00:00+00:00,145.236,145.607,145.197,145.497,3186000.11,888
2024-02-07 21:00:00+00:00,145.236,145.607,145.197,145.497,3186000.11,889
2024-02-07 22:00:00+00:00,145.236,145.607,145.197,145.497,3186000.11,890
2024-02-07 23:00:00+00:00,145.236,145.607,145.197,145.497,3186000.11,891
2024-02-08 00:00:00+00:00,145.236,145.607,145.197,145.497,3186000.11,892
2024-02-08 01:00:00+00:00,145.236,145.607,145.197,145.497,3186000.11,893
2024-02-08 02:00:00+00:00,145.236,145.607,145.197,145.497,3186000.11,894
2024-02-08 03:00:00+00:00,145.236,145.607,145.197,145.497,3186000.11,895
2024-02-08 04:00:00+00:00,145.236,145.607,145.197,145.497,3186000.11,896
2024-02-08 05:00:00+00:00,145.236,145.607,145.197,145.497,3186000.11,897
2024-02-08 06:00:00+00:00,145.236,145.607,145.197,145.497,3186000.11,898
2024-02-08 07:00:00+00:00,145.236,145.607,145.197,145.497,3186000.11,899
2024-02-08 08:00:00+00:00,145.236,145.607,145.197,145.497,3186000.11,900
2024-02-08 09:00:00+00:00,145.236,145.607,145.197,145.497,3186000.11,901
2024-02-08 10:00:00+00:00,145.236,145.607,145.197,145.497,3186000.11,902
2024-02-08 11:00:00+00:00,145.236,145.607,145.197,145.497,3186000.11,903
2024-02-08 12:00:00+00:00,145.236,145.607,145.197,145.497,3186000.11,904
2024-02-08 13:00:00+00:00,145.236,145.607,145.197,145.497,3186000.11,905
2024-02-08 14:00:00+00:00,145.716,146.307,145.097,145.357,7455599.78,906
2024-02-08 15:00:00+00:00,145.376,146.177,145.316,146.107,8127599.72,907
2024-02-08 16:00:00+00:00,146.097,146.136,145.626,145.817,5223599.91,908
2024-02-08 17:00:00+00:00,145.807,146.156,145.676,145.726,3894000.05,909
2024-02-08 18:00:00+00:00,145.727,146.016,145.387,145.457,3674400.09,910
2024-02-08 19:00:00+00:00,145.467,145.777,145.196,145.706,3028800.01,911
2024-02-08 20:00:00+00:00,145.696,146.077,145.676,145.906,2940000.06,912
2024-02-08 21:00:00+00:00,145.696,146.077,145.676,145.906,2940000.06,913
2024-02-08 22:00:00+00:00,145.696,146.077,145.676,145.906,2940000.06,914
2024-02-08 23:00:00+00:00,145.696,146.077,145.676,145.906,2940000.06,915
2024-02-09 00:00:00+00:00,145.696,146.077,145.676,145.906,2940000.06,916
2024-02-09 01:00:00+00:00,145.696,146.077,145.676,145.906,2940000.06,917
2024-02-09 02:00:00+00:00,145.696,146.077,145.676,145.906,2940000.06,918
2024-02-09 03:00:00+00:00,145.696,146.077,145.676,145.906,2940000.06,919
2024-02-09 04:00:00+00:00,145.696,146.077,145.676,145.906,2940000.06,920
2024-02-09 05:00:00+00:00,145.696,146.077,145.676,145.906,2940000.06,921
2024-02-09 06:00:00+00:00,145.696,146.077,145.676,145.906,2940000.06,922
2024-02-09 07:00:00+00:00,145.696,146.077,145.676,145.906,2940000.06,923
2024-02-09 08:00:00+00:00,145.696,146.077,145.676,145.906,2940000.06,924
2024-02-09 09:00:00+00:00,145.696,146.077,145.676,145.906,2940000.06,925
2024-02-09 10:00:00+00:00,145.696,146.077,145.676,145.906,2940000.06,926
2024-02-09 11:00:00+00:00,145.696,146.077,145.676,145.906,2940000.06,927
2024-02-09 12:00:00+00:00,145.696,146.077,145.676,145.906,2940000.06,928
2024-02-09 13:00:00+00:00,145.696,146.077,145.676,145.906,2940000.06,929
2024-02-09 14:00:00+00:00,146.636,147.317,146.156,147.286,6984000.21,930
2024-02-09 15:00:00+00:00,147.297,148.537,146.796,148.477,10425600.05,931
2024-02-09 16:00:00+00:00,148.496,148.986,148.346,148.706,8053199.77,932
2024-02-09 17:00:00+00:00,148.697,149.317,148.546,149.167,4778399.94,933
2024-02-09 18:00:00+00:00,149.176,149.427,148.826,148.897,3724800.11,934
2024-02-09 19:00:00+00:00,148.877,149.317,148.736,149.156,3703200.1,935
2024-02-09 20:00:00+00:00,149.176,149.227,148.796,149.016,5491199.97,936
2024-02-09 21:00:00+00:00,149.176,149.227,148.796,149.016,5491199.97,937
2024-02-09 22:00:00+00:00,149.176,149.227,148.796,149.016,5491199.97,938
2024-02-09 23:00:00+00:00,149.176,149.227,148.796,149.016,5491199.97,939
2024-02-10 00:00:00+00:00,149.176,149.227,148.796,149.016,5491199.97,940
2024-02-10 01:00:00+00:00,149.176,149.227,148.796,149.016,5491199.97,941
2024-02-10 02:00:00+00:00,149.176,149.227,148.796,149.016,5491199.97,942
2024-02-10 03:00:00+00:00,149.176,149.227,148.796,149.016,5491199.97,943
2024-02-10 04:00:00+00:00,149.176,149.227,148.796,149.016,5491199.97,944
2024-02-10 05:00:00+00:00,149.176,149.227,148.796,149.016,5491199.97,945
2024-02-10 06:00:00+00:00,149.176,149.227,148.796,149.016,5491199.97,946
2024-02-10 07:00:00+00:00,149.176,149.227,148.796,149.016,5491199.97,947
2024-02-10 08:00:00+00:00,149.176,149.227,148.796,149.016,5491199.97,948
2024-02-10 09:00:00+00:00,149.176,149.227,148.796,149.016,5491199.97,949
2024-02-10 10:00:00+00:00,149.176,149.227,148.796,149.016,5491199.97,950
2024-02-10 11:00:00+00:00,149.176,149.227,148.796,149.016,5491199.97,951
2024-02-10 12:00:00+00:00,149.176,149.227,148.796,149.016,5491199.97,952
2024-02-10 13:00:00+00:00,149.176,149.227,148.796,149.016,5491199.97,953
2024-02-10 14:00:00+00:00,149.176,149.227,148.796,149.016,5491199.97,954
2024-02-10 15:00:00+00:00,149.176,149.227,148.796,149.016,5491199.97,955
2024-02-10 16:00:00+00:00,149.176,149.227,148.796,149.016,5491199.97,956
2024-02-10 17:00:00+00:00,149.176,149.227,148.796,149.016,5491199.97,957
2024-02-10 18:00:00+00:00,149.176,149.227,148.796,149.016,5491199.97,958
2024-02-10 19:00:00+00:00,149.176,149.227,148.796,149.016,5491199.97,959
2024-02-10 20:00:00+00:00,149.176,149.227,148.796,149.016,5491199.97,960
2024-02-10 21:00:00+00:00,149.176,149.227,148.796,149.016,5491199.97,961
2024-02-10 22:00:00+00:00,149.176,149.227,148.796,149.016,5491199.97,962
2024-02-10 23:00:00+00:00,149.176,149.227,148.796,149.016,5491199.97,963
2024-02-11 00:00:00+00:00,149.176,149.227,148.796,149.016,5491199.97,964
2024-02-11 01:00:00+00:00,149.176,149.227,148.796,149.016,5491199.97,965
2024-02-11 02:00:00+00:00,149.176,149.227,148.796,149.016,5491199.97,966
2024-02-11 03:00:00+00:00,149.176,149.227,148.796,149.016,5491199.97,967
2024-02-11 04:00:00+00:00,149.176,149.227,148.796,149.016,5491199.97,968
2024-02-11 05:00:00+00:00,149.176,149.227,148.796,149.016,5491199.97,969
2024-02-11 06:00:00+00:00,149.176,149.227,148.796,149.016,5491199.97,970
2024-02-11 07:00:00+00:00,149.176,149.227,148.796,149.016,5491199.97,971
2024-02-11 08:00:00+00:00,149.176,149.227,148.796,149.016,5491199.97,972
2024-02-11 09:00:00+00:00,149.176,149.227,148.796,149.016,5491199.97,973
2024-02-11 10:00:00+00:00,149.176,149.227,148.796,149.016,5491199.97,974
2024-02-11 11:00:00+00:00,149.176,149.227,148.796,149.016,5491199.97,975
2024-02-11 12:00:00+00:00,149.176,149.227,148.796,149.016,5491199.97,976
2024-02-11 13:00:00+00:00,149.176,149.227,148.796,149.016,5491199.97,977
2024-02-11 14:00:00+00:00,149.176,149.227,148.796,149.016,5491199.97,978
2024-02-11 15:00:00+00:00,149.176,149.227,148.796,149.016,5491199.97,979
2024-02-11 16:00:00+00:00,149.176,149.227,148.796,149.016,5491199.97,980
2024-02-11 17:00:00+00:00,149.176,149.227,148.796,149.016,5491199.97,981
2024-02-11 18:00:00+00:00,149.176,149.227,148.796,149.016,5491199.97,982
2024-02-11 19:00:00+00:00,149.176,149.227,148.796,149.016,5491199.97,983
2024-02-11 20:00:00+00:00,149.176,149.227,148.796,149.016,5491199.97,984
2024-02-11 21:00:00+00:00,149.176,149.227,148.796,149.016,5491199.97,985
2024-02-11 22:00:00+00:00,149.176,149.227,148.796,149.016,5491199.97,986
2024-02-11 23:00:00+00:00,149.176,149.227,148.796,149.016,5491199.97,987
2024-02-12 00:00:00+00:00,149.176,149.227,148.796,149.016,5491199.97,988
2024-02-12 01:00:00+00:00,149.176,149.227,148.796,149.016,5491199.97,989
2024-02-12 02:00:00+00:00,149.176,149.227,148.796,149.016,5491199.97,990
2024-02-12 03:00:00+00:00,149.176,149.227,148.796,149.016,5491199.97,991
2024-02-12 04:00:00+00:00,149.176,149.227,148.796,149.016,5491199.97,992
2024-02-12 05:00:00+00:00,149.176,149.227,148.796,149.016,5491199.97,993
2024-02-12 06:00:00+00:00,149.176,149.227,148.796,149.016,5491199.97,994
2024-02-12 07:00:00+00:00,149.176,149.227,148.796,149.016,5491199.97,995
2024-02-12 08:00:00+00:00,149.176,149.227,148.796,149.016,5491199.97,996
2024-02-12 09:00:00+00:00,149.176,149.227,148.796,149.016,5491199.97,997
2024-02-12 10:00:00+00:00,149.176,149.227,148.796,149.016,5491199.97,998
2024-02-12 11:00:00+00:00,149.176,149.227,148.796,149.016,5491199.97,999
2024-02-12 12:00:00+00:00,149.176,149.227,148.796,149.016,5491199.97,1000
2024-02-12 13:00:00+00:00,149.176,149.227,148.796,149.016,5491199.97,1001
2024-02-12 14:00:00+00:00,148.417,148.797,148.026,148.317,7868400.1,1002
2024-02-12 15:00:00+00:00,148.336,148.536,147.796,148.487,9423600.2,1003
2024-02-12 16:00:00+00:00,148.486,149.067,148.226,148.966,6461999.89,1004
2024-02-12 17:00:00+00:00,148.937,149.327,148.636,148.847,6401999.95,1005
2024-02-12 18:00:00+00:00,148.856,148.936,148.196,148.457,6585599.9,1006
2024-02-12 19:00:00+00:00,148.427,148.546,147.496,147.576,7897200.11,1007
2024-02-12 20:00:00+00:00,147.556,147.987,147.386,147.557,6078000.07,1008
2024-02-12 21:00:00+00:00,147.556,147.987,147.386,147.557,6078000.07,1009
2024-02-12 22:00:00+00:00,147.556,147.987,147.386,147.557,6078000.07,1010
2024-02-12 23:00:00+00:00,147.556,147.987,147.386,147.557,6078000.07,1011
2024-02-13 00:00:00+00:00,147.556,147.987,147.386,147.557,6078000.07,1012
2024-02-13 01:00:00+00:00,147.556,147.987,147.386,147.557,6078000.07,1013
2024-02-13 02:00:00+00:00,147.556,147.987,147.386,147.557,6078000.07,1014
2024-02-13 03:00:00+00:00,147.556,147.987,147.386,147.557,6078000.07,1015
2024-02-13 04:00:00+00:00,147.556,147.987,147.386,147.557,6078000.07,1016
2024-02-13 05:00:00+00:00,147.556,147.987,147.386,147.557,6078000.07,1017
2024-02-13 06:00:00+00:00,147.556,147.987,147.386,147.557,6078000.07,1018
2024-02-13 07:00:00+00:00,147.556,147.987,147.386,147.557,6078000.07,1019
2024-02-13 08:00:00+00:00,147.556,147.987,147.386,147.557,6078000.07,1020
2024-02-13 09:00:00+00:00,147.556,147.987,147.386,147.557,6078000.07,1021
2024-02-13 10:00:00+00:00,147.556,147.987,147.386,147.557,6078000.07,1022
2024-02-13 11:00:00+00:00,147.556,147.987,147.386,147.557,6078000.07,1023
2024-02-13 12:00:00+00:00,147.556,147.987,147.386,147.557,6078000.07,1024
2024-02-13 13:00:00+00:00,147.556,147.987,147.386,147.557,6078000.07,1025
2024-02-13 14:00:00+00:00,144.846,146.137,144.156,145.977,9832799.91,1026
2024-02-13 15:00:00+00:00,145.966,146.666,144.866,146.006,13426799.77,1027
2024-02-13 16:00:00+00:00,146.017,146.427,145.246,145.306,8989199.64,1028
2024-02-13 17:00:00+00:00,145.307,145.586,144.916,145.007,7315199.85,1029
2024-02-13 18:00:00+00:00,144.987,145.177,144.606,144.697,6980400.09,1030
2024-02-13 19:00:00+00:00,144.696,144.797,143.866,143.927,7932000.16,1031
2024-02-13 20:00:00+00:00,143.927,145.187,143.686,145.116,9982799.53,1032
2024-02-13 21:00:00+00:00,143.927,145.187,143.686,145.116,9982799.53,1033
2024-02-13 22:00:00+00:00,143.927,145.187,143.686,145.116,9982799.53,1034
2024-02-13 23:00:00+00:00,143.927,145.187,143.686,145.116,9982799.53,1035
2024-02-14 00:00:00+00:00,143.927,145.187,143.686,145.116,9982799.53,1036
2024-02-14 01:00:00+00:00,143.927,145.187,143.686,145.116,9982799.53,1037
2024-02-14 02:00:00+00:00,143.927,145.187,143.686,145.116,9982799.53,1038
2024-02-14 03:00:00+00:00,143.927,145.187,143.686,145.116,9982799.53,1039
2024-02-14 04:00:00+00:00,143.927,145.187,143.686,145.116,9982799.53,1040
2024-02-14 05:00:00+00:00,143.927,145.187,143.686,145.116,9982799.53,1041
2024-02-14 06:00:00+00:00,143.927,145.187,143.686,145.116,9982799.53,1042
2024-02-14 07:00:00+00:00,143.927,145.187,143.686,145.116,9982799.53,1043
2024-02-14 08:00:00+00:00,143.927,145.187,143.686,145.116,9982799.53,1044
2024-02-14 09:00:00+00:00,143.927,145.187,143.686,145.116,9982799.53,1045
2024-02-14 10:00:00+00:00,143.927,145.187,143.686,145.116,9982799.53,1046
2024-02-14 11:00:00+00:00,143.927,145.187,143.686,145.116,9982799.53,1047
2024-02-14 12:00:00+00:00,143.927,145.187,143.686,145.116,9982799.53,1048
2024-02-14 13:00:00+00:00,143.927,145.187,143.686,145.116,9982799.53,1049
2024-02-14 14:00:00+00:00,145.996,146.507,144.866,145.586,8765999.79,1050
2024-02-14 15:00:00+00:00,145.587,145.817,144.706,144.707,12016799.93,1051
2024-02-14 16:00:00+00:00,144.697,145.057,144.336,144.347,11364000.32,1052
2024-02-14 17:00:00+00:00,144.366,145.087,144.076,144.837,8574000.36,1053
2024-02-14 18:00:00+00:00,144.847,145.287,144.586,145.097,6796800.14,1054
2024-02-14 19:00:00+00:00,145.107,145.187,144.696,145.077,6013199.81,1055
2024-02-14 20:00:00+00:00,145.086,146.016,144.966,145.856,5050799.85,1056
2024-02-14 21:00:00+00:00,145.086,146.016,144.966,145.856,5050799.85,1057
2024-02-14 22:00:00+00:00,145.086,146.016,144.966,145.856,5050799.85,1058
2024-02-14 23:00:00+00:00,145.086,146.016,144.966,145.856,5050799.85,1059
2024-02-15 00:00:00+00:00,145.086,146.016,144.966,145.856,5050799.85,1060
2024-02-15 01:00:00+00:00,145.086,146.016,144.966,145.856,5050799.85,1061
2024-02-15 02:00:00+00:00,145.086,146.016,144.966,145.856,5050799.85,1062
2024-02-15 03:00:00+00:00,145.086,146.016,144.966,145.856,5050799.85,1063
2024-02-15 04:00:00+00:00,145.086,146.016,144.966,145.856,5050799.85,1064
2024-02-15 05:00:00+00:00,145.086,146.016,144.966,145.856,5050799.85,1065
2024-02-15 06:00:00+00:00,145.086,146.016,144.966,145.856,5050799.85,1066
2024-02-15 07:00:00+00:00,145.086,146.016,144.966,145.856,5050799.85,1067
2024-02-15 08:00:00+00:00,145.086,146.016,144.966,145.856,5050799.85,1068
2024-02-15 09:00:00+00:00,145.086,146.016,144.966,145.856,5050799.85,1069
2024-02-15 10:00:00+00:00,145.086,146.016,144.966,145.856,5050799.85,1070
2024-02-15 11:00:00+00:00,145.086,146.016,144.966,145.856,5050799.85,1071
2024-02-15 12:00:00+00:00,145.086,146.016,144.966,145.856,5050799.85,1072
2024-02-15 13:00:00+00:00,145.086,146.016,144.966,145.856,5050799.85,1073
2024-02-15 14:00:00+00:00,143.136,143.486,140.447,141.646,9222000.12,1074
2024-02-15 15:00:00+00:00,141.647,142.536,141.326,141.897,11661600.11,1075
2024-02-15 16:00:00+00:00,141.896,141.927,141.226,141.407,9975600.24,1076
2024-02-15 17:00:00+00:00,141.406,142.537,141.116,142.146,7718400.0,1077
2024-02-15 18:00:00+00:00,142.137,142.636,142.096,142.316,6395999.91,1078
2024-02-15 19:00:00+00:00,142.327,142.407,141.767,142.156,5802000.05,1079
2024-02-15 20:00:00+00:00,142.156,142.887,142.016,142.786,6718800.07,1080
2024-02-15 21:00:00+00:00,142.156,142.887,142.016,142.786,6718800.07,1081
2024-02-15 22:00:00+00:00,142.156,142.887,142.016,142.786,6718800.07,1082
2024-02-15 23:00:00+00:00,142.156,142.887,142.016,142.786,6718800.07,1083
2024-02-16 00:00:00+00:00,142.156,142.887,142.016,142.786,6718800.07,1084
2024-02-16 01:00:00+00:00,142.156,142.887,142.016,142.786,6718800.07,1085
2024-02-16 02:00:00+00:00,142.156,142.887,142.016,142.786,6718800.07,1086
2024-02-16 03:00:00+00:00,142.156,142.887,142.016,142.786,6718800.07,1087
2024-02-16 04:00:00+00:00,142.156,142.887,142.016,142.786,6718800.07,1088
2024-02-16 05:00:00+00:00,142.156,142.887,142.016,142.786,6718800.07,1089
2024-02-16 06:00:00+00:00,142.156,142.887,142.016,142.786,6718800.07,1090
2024-02-16 07:00:00+00:00,142.156,142.887,142.016,142.786,6718800.07,1091
2024-02-16 08:00:00+00:00,142.156,142.887,142.016,142.786,6718800.07,1092
2024-02-16 09:00:00+00:00,142.156,142.887,142.016,142.786,6718800.07,1093
2024-02-16 10:00:00+00:00,142.156,142.887,142.016,142.786,6718800.07,1094
2024-02-16 11:00:00+00:00,142.156,142.887,142.016,142.786,6718800.07,1095
2024-02-16 12:00:00+00:00,142.156,142.887,142.016,142.786,6718800.07,1096
2024-02-16 13:00:00+00:00,142.156,142.887,142.016,142.786,6718800.07,1097
2024-02-16 14:00:00+00:00,142.886,143.177,141.026,141.287,7696800.23,1098
2024-02-16 15:00:00+00:00,141.256,141.416,140.646,140.987,12999600.41,1099
2024-02-16 16:00:00+00:00,140.997,141.657,140.946,141.356,8484000.21,1100
2024-02-16 17:00:00+00:00,141.346,141.457,140.236,140.596,7901999.95,1101
2024-02-16 18:00:00+00:00,140.607,141.087,140.266,141.076,7638000.01,1102
2024-02-16 19:00:00+00:00,141.076,141.297,140.126,140.457,7114799.98,1103
2024-02-16 20:00:00+00:00,140.477,140.917,140.246,140.496,9836400.03,1104
2024-02-16 21:00:00+00:00,140.477,140.917,140.246,140.496,9836400.03,1105
2024-02-16 22:00:00+00:00,140.477,140.917,140.246,140.496,9836400.03,1106
2024-02-16 23:00:00+00:00,140.477,140.917,140.246,140.496,9836400.03,1107
2024-02-17 00:00:00+00:00,140.477,140.917,140.246,140.496,9836400.03,1108
2024-02-17 01:00:00+00:00,140.477,140.917,140.246,140.496,9836400.03,1109
2024-02-17 02:00:00+00:00,140.477,140.917,140.246,140.496,9836400.03,1110
2024-02-17 03:00:00+00:00,140.477,140.917,140.246,140.496,9836400.03,1111
2024-02-17 04:00:00+00:00,140.477,140.917,140.246,140.496,9836400.03,1112
2024-02-17 05:00:00+00:00,140.477,140.917,140.246,140.496,9836400.03,1113
2024-02-17 06:00:00+00:00,140.477,140.917,140.246,140.496,9836400.03,1114
2024-02-17 07:00:00+00:00,140.477,140.917,140.246,140.496,9836400.03,1115
2024-02-17 08:00:00+00:00,140.477,140.917,140.246,140.496,9836400.03,1116
2024-02-17 09:00:00+00:00,140.477,140.917,140.246,140.496,9836400.03,1117
2024-02-17 10:00:00+00:00,140.477,140.917,140.246,140.496,9836400.03,1118
2024-02-17 11:00:00+00:00,140.477,140.917,140.246,140.496,9836400.03,1119
2024-02-17 12:00:00+00:00,140.477,140.917,140.246,140.496,9836400.03,1120
2024-02-17 13:00:00+00:00,140.477,140.917,140.246,140.496,9836400.03,1121
2024-02-17 14:00:00+00:00,140.477,140.917,140.246,140.496,9836400.03,1122
2024-02-17 15:00:00+00:00,140.477,140.917,140.246,140.496,9836400.03,1123
2024-02-17 16:00:00+00:00,140.477,140.917,140.246,140.496,9836400.03,1124
2024-02-17 17:00:00+00:00,140.477,140.917,140.246,140.496,9836400.03,1125
2024-02-17 18:00:00+00:00,140.477,140.917,140.246,140.496,9836400.03,1126
2024-02-17 19:00:00+00:00,140.477,140.917,140.246,140.496,9836400.03,1127
2024-02-17 20:00:00+00:00,140.477,140.917,140.246,140.496,9836400.03,1128
2024-02-17 21:00:00+00:00,140.477,140.917,140.246,140.496,9836400.03,1129
2024-02-17 22:00:00+00:00,140.477,140.917,140.246,140.496,9836400.03,1130
2024-02-17 23:00:00+00:00,140.477,140.917,140.246,140.496,9836400.03,1131
2024-02-18 00:00:00+00:00,140.477,140.917,140.246,140.496,9836400.03,1132
2024-02-18 01:00:00+00:00,140.477,140.917,140.246,140.496,9836400.03,1133
2024-02-18 02:00:00+00:00,140.477,140.917,140.246,140.496,9836400.03,1134
2024-02-18 03:00:00+00:00,140.477,140.917,140.246,140.496,9836400.03,1135
2024-02-18 04:00:00+00:00,140.477,140.917,140.246,140.496,9836400.03,1136
2024-02-18 05:00:00+00:00,140.477,140.917,140.246,140.496,9836400.03,1137
2024-02-18 06:00:00+00:00,140.477,140.917,140.246,140.496,9836400.03,1138
2024-02-18 07:00:00+00:00,140.477,140.917,140.246,140.496,9836400.03,1139
2024-02-18 08:00:00+00:00,140.477,140.917,140.246,140.496,9836400.03,1140
2024-02-18 09:00:00+00:00,140.477,140.917,140.246,140.496,9836400.03,1141
2024-02-18 10:00:00+00:00,140.477,140.917,140.246,140.496,9836400.03,1142
2024-02-18 11:00:00+00:00,140.477,140.917,140.246,140.496,9836400.03,1143
2024-02-18 12:00:00+00:00,140.477,140.917,140.246,140.496,9836400.03,1144
2024-02-18 13:00:00+00:00,140.477,140.917,140.246,140.496,9836400.03,1145
2024-02-18 14:00:00+00:00,140.477,140.917,140.246,140.496,9836400.03,1146
2024-02-18 15:00:00+00:00,140.477,140.917,140.246,140.496,9836400.03,1147
2024-02-18 16:00:00+00:00,140.477,140.917,140.246,140.496,9836400.03,1148
2024-02-18 17:00:00+00:00,140.477,140.917,140.246,140.496,9836400.03,1149
2024-02-18 18:00:00+00:00,140.477,140.917,140.246,140.496,9836400.03,1150
2024-02-18 19:00:00+00:00,140.477,140.917,140.246,140.496,9836400.03,1151
2024-02-18 20:00:00+00:00,140.477,140.917,140.246,140.496,9836400.03,1152
2024-02-18 21:00:00+00:00,140.477,140.917,140.246,140.496,9836400.03,1153
2024-02-18 22:00:00+00:00,140.477,140.917,140.246,140.496,9836400.03,1154
2024-02-18 23:00:00+00:00,140.477,140.917,140.246,140.496,9836400.03,1155
2024-02-19 00:00:00+00:00,140.477,140.917,140.246,140.496,9836400.03,1156
2024-02-19 01:00:00+00:00,140.477,140.917,140.246,140.496,9836400.03,1157
2024-02-19 02:00:00+00:00,140.477,140.917,140.246,140.496,9836400.03,1158
2024-02-19 03:00:00+00:00,140.477,140.917,140.246,140.496,9836400.03,1159
2024-02-19 04:00:00+00:00,140.477,140.917,140.246,140.496,9836400.03,1160
2024-02-19 05:00:00+00:00,140.477,140.917,140.246,140.496,9836400.03,1161
2024-02-19 06:00:00+00:00,140.477,140.917,140.246,140.496,9836400.03,1162
2024-02-19 07:00:00+00:00,140.477,140.917,140.246,140.496,9836400.03,1163
2024-02-19 08:00:00+00:00,140.477,140.917,140.246,140.496,9836400.03,1164
2024-02-19 09:00:00+00:00,140.477,140.917,140.246,140.496,9836400.03,1165
2024-02-19 10:00:00+00:00,140.477,140.917,140.246,140.496,9836400.03,1166
2024-02-19 11:00:00+00:00,140.477,140.917,140.246,140.496,9836400.03,1167
2024-02-19 12:00:00+00:00,140.477,140.917,140.246,140.496,9836400.03,1168
2024-02-19 13:00:00+00:00,140.477,140.917,140.246,140.496,9836400.03,1169
2024-02-19 14:00:00+00:00,140.477,140.917,140.246,140.496,9836400.03,1170
2024-02-19 15:00:00+00:00,140.477,140.917,140.246,140.496,9836400.03,1171
2024-02-19 16:00:00+00:00,140.477,140.917,140.246,140.496,9836400.03,1172
2024-02-19 17:00:00+00:00,140.477,140.917,140.246,140.496,9836400.03,1173
2024-02-19 18:00:00+00:00,140.477,140.917,140.246,140.496,9836400.03,1174
2024-02-19 19:00:00+00:00,140.477,140.917,140.246,140.496,9836400.03,1175
2024-02-19 20:00:00+00:00,140.477,140.917,140.246,140.496,9836400.03,1176
2024-02-19 21:00:00+00:00,140.477,140.917,140.246,140.496,9836400.03,1177
2024-02-19 22:00:00+00:00,140.477,140.917,140.246,140.496,9836400.03,1178
2024-02-19 23:00:00+00:00,140.477,140.917,140.246,140.496,9836400.03,1179
2024-02-20 00:00:00+00:00,140.477,140.917,140.246,140.496,9836400.03,1180
2024-02-20 01:00:00+00:00,140.477,140.917,140.246,140.496,9836400.03,1181
2024-02-20 02:00:00+00:00,140.477,140.917,140.246,140.496,9836400.03,1182
2024-02-20 03:00:00+00:00,140.477,140.917,140.246,140.496,9836400.03,1183
2024-02-20 04:00:00+00:00,140.477,140.917,140.246,140.496,9836400.03,1184
2024-02-20 05:00:00+00:00,140.477,140.917,140.246,140.496,9836400.03,1185
2024-02-20 06:00:00+00:00,140.477,140.917,140.246,140.496,9836400.03,1186
2024-02-20 07:00:00+00:00,140.477,140.917,140.246,140.496,9836400.03,1187
2024-02-20 08:00:00+00:00,140.477,140.917,140.246,140.496,9836400.03,1188
2024-02-20 09:00:00+00:00,140.477,140.917,140.246,140.496,9836400.03,1189
2024-02-20 10:00:00+00:00,140.477,140.917,140.246,140.496,9836400.03,1190
2024-02-20 11:00:00+00:00,140.477,140.917,140.246,140.496,9836400.03,1191
2024-02-20 12:00:00+00:00,140.477,140.917,140.246,140.496,9836400.03,1192
2024-02-20 13:00:00+00:00,140.477,140.917,140.246,140.496,9836400.03,1193
2024-02-20 14:00:00+00:00,139.606,141.107,139.467,140.516,8234399.8,1194
2024-02-20 15:00:00+00:00,140.516,141.877,140.407,141.736,10121999.74,1195
2024-02-20 16:00:00+00:00,141.736,142.067,140.796,140.796,7466400.15,1196
2024-02-20 17:00:00+00:00,140.806,141.236,140.496,141.046,5979599.95,1197
2024-02-20 18:00:00+00:00,141.036,141.226,140.687,141.197,5704800.13,1198
2024-02-20 19:00:00+00:00,141.196,141.266,140.826,141.147,5695199.97,1199
2024-02-20 20:00:00+00:00,141.157,141.207,140.526,141.107,7933199.88,1200
2024-02-20 21:00:00+00:00,141.157,141.207,140.526,141.107,7933199.88,1201
2024-02-20 22:00:00+00:00,141.157,141.207,140.526,141.107,7933199.88,1202
2024-02-20 23:00:00+00:00,141.157,141.207,140.526,141.107,7933199.88,1203
2024-02-21 00:00:00+00:00,141.157,141.207,140.526,141.107,7933199.88,1204
2024-02-21 01:00:00+00:00,141.157,141.207,140.526,141.107,7933199.88,1205
2024-02-21 02:00:00+00:00,141.157,141.207,140.526,141.107,7933199.88,1206
2024-02-21 03:00:00+00:00,141.157,141.207,140.526,141.107,7933199.88,1207
2024-02-21 04:00:00+00:00,141.157,141.207,140.526,141.107,7933199.88,1208
2024-02-21 05:00:00+00:00,141.157,141.207,140.526,141.107,7933199.88,1209
2024-02-21 06:00:00+00:00,141.157,141.207,140.526,141.107,7933199.88,1210
2024-02-21 07:00:00+00:00,141.157,141.207,140.526,141.107,7933199.88,1211
2024-02-21 08:00:00+00:00,141.157,141.207,140.526,141.107,7933199.88,1212
2024-02-21 09:00:00+00:00,141.157,141.207,140.526,141.107,7933199.88,1213
2024-02-21 10:00:00+00:00,141.157,141.207,140.526,141.107,7933199.88,1214
2024-02-21 11:00:00+00:00,141.157,141.207,140.526,141.107,7933199.88,1215
2024-02-21 12:00:00+00:00,141.157,141.207,140.526,141.107,7933199.88,1216
2024-02-21 13:00:00+00:00,141.157,141.207,140.526,141.107,7933199.88,1217
2024-02-21 14:00:00+00:00,141.287,141.466,140.656,141.037,6926400.18,1218
2024-02-21 15:00:00+00:00,141.036,141.556,140.926,141.436,8630399.7,1219
2024-02-21 16:00:00+00:00,141.447,142.587,141.437,142.236,6706799.98,1220
2024-02-21 17:00:00+00:00,142.257,142.337,141.796,142.236,6797999.86,1221
2024-02-21 18:00:00+00:00,142.226,142.627,141.866,142.126,6609600.07,1222
2024-02-21 19:00:00+00:00,142.066,142.457,141.536,141.766,8156399.73,1223
2024-02-21 20:00:00+00:00,141.746,142.677,141.686,142.546,8588399.89,1224
2024-02-21 21:00:00+00:00,141.746,142.677,141.686,142.546,8588399.89,1225
2024-02-21 22:00:00+00:00,141.746,142.677,141.686,142.546,8588399.89,1226
2024-02-21 23:00:00+00:00,141.746,142.677,141.686,142.546,8588399.89,1227
2024-02-22 00:00:00+00:00,141.746,142.677,141.686,142.546,8588399.89,1228
2024-02-22 01:00:00+00:00,141.746,142.677,141.686,142.546,8588399.89,1229
2024-02-22 02:00:00+00:00,141.746,142.677,141.686,142.546,8588399.89,1230
2024-02-22 03:00:00+00:00,141.746,142.677,141.686,142.546,8588399.89,1231
2024-02-22 04:00:00+00:00,141.746,142.677,141.686,142.546,8588399.89,1232
2024-02-22 05:00:00+00:00,141.746,142.677,141.686,142.546,8588399.89,1233
2024-02-22 06:00:00+00:00,141.746,142.677,141.686,142.546,8588399.89,1234
2024-02-22 07:00:00+00:00,141.746,142.677,141.686,142.546,8588399.89,1235
2024-02-22 08:00:00+00:00,141.746,142.677,141.686,142.546,8588399.89,1236
2024-02-22 09:00:00+00:00,141.746,142.677,141.686,142.546,8588399.89,1237
2024-02-22 10:00:00+00:00,141.746,142.677,141.686,142.546,8588399.89,1238
2024-02-22 11:00:00+00:00,141.746,142.677,141.686,142.546,8588399.89,1239
2024-02-22 12:00:00+00:00,141.746,142.677,141.686,142.546,8588399.89,1240
2024-02-22 13:00:00+00:00,141.746,142.677,141.686,142.546,8588399.89,1241
2024-02-22 14:00:00+00:00,144.946,144.967,142.787,144.567,7813200.0,1242
2024-02-22 15:00:00+00:00,144.577,144.617,143.336,143.357,10738800.05,1243
2024-02-22 16:00:00+00:00,143.376,143.717,143.116,143.146,7663199.9,1244
2024-02-22 17:00:00+00:00,143.137,143.917,143.006,143.747,6251999.86,1245
2024-02-22 18:00:00+00:00,143.736,143.857,143.566,143.646,5293200.02,1246
2024-02-22 19:00:00+00:00,143.647,143.887,143.386,143.567,5570400.24,1247
2024-02-22 20:00:00+00:00,143.556,144.357,143.506,144.027,7628399.85,1248
2024-02-22 21:00:00+00:00,143.556,144.357,143.506,144.027,7628399.85,1249
2024-02-22 22:00:00+00:00,143.556,144.357,143.506,144.027,7628399.85,1250
2024-02-22 23:00:00+00:00,143.556,144.357,143.506,144.027,7628399.85,1251
2024-02-23 00:00:00+00:00,143.556,144.357,143.506,144.027,7628399.85,1252
2024-02-23 01:00:00+00:00,143.556,144.357,143.506,144.027,7628399.85,1253
2024-02-23 02:00:00+00:00,143.556,144.357,143.506,144.027,7628399.85,1254
2024-02-23 03:00:00+00:00,143.556,144.357,143.506,144.027,7628399.85,1255
2024-02-23 04:00:00+00:00,143.556,144.357,143.506,144.027,7628399.85,1256
2024-02-23 05:00:00+00:00,143.556,144.357,143.506,144.027,7628399.85,1257
2024-02-23 06:00:00+00:00,143.556,144.357,143.506,144.027,7628399.85,1258
2024-02-23 07:00:00+00:00,143.556,144.357,143.506,144.027,7628399.85,1259
2024-02-23 08:00:00+00:00,143.556,144.357,143.506,144.027,7628399.85,1260
2024-02-23 09:00:00+00:00,143.556,144.357,143.506,144.027,7628399.85,1261
2024-02-23 10:00:00+00:00,143.556,144.357,143.506,144.027,7628399.85,1262
2024-02-23 11:00:00+00:00,143.556,144.357,143.506,144.027,7628399.85,1263
2024-02-23 12:00:00+00:00,143.556,144.357,143.506,144.027,7628399.85,1264
2024-02-23 13:00:00+00:00,143.556,144.357,143.506,144.027,7628399.85,1265
2024-02-23 14:00:00+00:00,143.626,144.656,143.626,144.386,6553199.77,1266
2024-02-23 15:00:00+00:00,144.366,144.397,143.717,143.796,9795599.94,1267
2024-02-23 16:00:00+00:00,143.816,143.927,143.416,143.926,8926799.77,1268
2024-02-23 17:00:00+00:00,143.936,144.197,143.746,143.857,7117199.9,1269
2024-02-23 18:00:00+00:00,143.846,144.126,143.727,144.036,4664400.1,1270
2024-02-23 19:00:00+00:00,144.046,144.087,143.496,143.816,6086400.03,1271
2024-02-23 20:00:00+00:00,143.807,144.117,143.626,143.936,6727200.03,1272
2024-02-23 21:00:00+00:00,143.807,144.117,143.626,143.936,6727200.03,1273
2024-02-23 22:00:00+00:00,143.807,144.117,143.626,143.936,6727200.03,1274
2024-02-23 23:00:00+00:00,143.807,144.117,143.626,143.936,6727200.03,1275
2024-02-24 00:00:00+00:00,143.807,144.117,143.626,143.936,6727200.03,1276
2024-02-24 01:00:00+00:00,143.807,144.117,143.626,143.936,6727200.03,1277
2024-02-24 02:00:00+00:00,143.807,144.117,143.626,143.936,6727200.03,1278
2024-02-24 03:00:00+00:00,143.807,144.117,143.626,143.936,6727200.03,1279
2024-02-24 04:00:00+00:00,143.807,144.117,143.626,143.936,6727200.03,1280
2024-02-24 05:00:00+00:00,143.807,144.117,143.626,143.936,6727200.03,1281
2024-02-24 06:00:00+00:00,143.807,144.117,143.626,143.936,6727200.03,1282
2024-02-24 07:00:00+00:00,143.807,144.117,143.626,143.936,6727200.03,1283
2024-02-24 08:00:00+00:00,143.807,144.117,143.626,143.936,6727200.03,1284
2024-02-24 09:00:00+00:00,143.807,144.117,143.626,143.936,6727200.03,1285
2024-02-24 10:00:00+00:00,143.807,144.117,143.626,143.936,6727200.03,1286
2024-02-24 11:00:00+00:00,143.807,144.117,143.626,143.936,6727200.03,1287
2024-02-24 12:00:00+00:00,143.807,144.117,143.626,143.936,6727200.03,1288
2024-02-24 13:00:00+00:00,143.807,144.117,143.626,143.936,6727200.03,1289
2024-02-24 14:00:00+00:00,143.807,144.117,143.626,143.936,6727200.03,1290
2024-02-24 15:00:00+00:00,143.807,144.117,143.626,143.936,6727200.03,1291
2024-02-24 16:00:00+00:00,143.807,144.117,143.626,143.936,6727200.03,1292
2024-02-24 17:00:00+00:00,143.807,144.117,143.626,143.936,6727200.03,1293
2024-02-24 18:00:00+00:00,143.807,144.117,143.626,143.936,6727200.03,1294
2024-02-24 19:00:00+00:00,143.807,144.117,143.626,143.936,6727200.03,1295
2024-02-24 20:00:00+00:00,143.807,144.117,143.626,143.936,6727200.03,1296
2024-02-24 21:00:00+00:00,143.807,144.117,143.626,143.936,6727200.03,1297
2024-02-24 22:00:00+00:00,143.807,144.117,143.626,143.936,6727200.03,1298
2024-02-24 23:00:00+00:00,143.807,144.117,143.626,143.936,6727200.03,1299
2024-02-25 00:00:00+00:00,143.807,144.117,143.626,143.936,6727200.03,1300
2024-02-25 01:00:00+00:00,143.807,144.117,143.626,143.936,6727200.03,1301
2024-02-25 02:00:00+00:00,143.807,144.117,143.626,143.936,6727200.03,1302
2024-02-25 03:00:00+00:00,143.807,144.117,143.626,143.936,6727200.03,1303
2024-02-25 04:00:00+00:00,143.807,144.117,143.626,143.936,6727200.03,1304
2024-02-25 05:00:00+00:00,143.807,144.117,143.626,143.936,6727200.03,1305
2024-02-25 06:00:00+00:00,143.807,144.117,143.626,143.936,6727200.03,1306
2024-02-25 07:00:00+00:00,143.807,144.117,143.626,143.936,6727200.03,1307
2024-02-25 08:00:00+00:00,143.807,144.117,143.626,143.936,6727200.03,1308
2024-02-25 09:00:00+00:00,143.807,144.117,143.626,143.936,6727200.03,1309
2024-02-25 10:00:00+00:00,143.807,144.117,143.626,143.936,6727200.03,1310
2024-02-25 11:00:00+00:00,143.807,144.117,143.626,143.936,6727200.03,1311
2024-02-25 12:00:00+00:00,143.807,144.117,143.626,143.936,6727200.03,1312
2024-02-25 13:00:00+00:00,143.807,144.117,143.626,143.936,6727200.03,1313
2024-02-25 14:00:00+00:00,143.807,144.117,143.626,143.936,6727200.03,1314
2024-02-25 15:00:00+00:00,143.807,144.117,143.626,143.936,6727200.03,1315
2024-02-25 16:00:00+00:00,143.807,144.117,143.626,143.936,6727200.03,1316
2024-02-25 17:00:00+00:00,143.807,144.117,143.626,143.936,6727200.03,1317
2024-02-25 18:00:00+00:00,143.807,144.117,143.626,143.936,6727200.03,1318
2024-02-25 19:00:00+00:00,143.807,144.117,143.626,143.936,6727200.03,1319
2024-02-25 20:00:00+00:00,143.807,144.117,143.626,143.936,6727200.03,1320
2024-02-25 21:00:00+00:00,143.807,144.117,143.626,143.936,6727200.03,1321
2024-02-25 22:00:00+00:00,143.807,144.117,143.626,143.936,6727200.03,1322
2024-02-25 23:00:00+00:00,143.807,144.117,143.626,143.936,6727200.03,1323
2024-02-26 00:00:00+00:00,143.807,144.117,143.626,143.936,6727200.03,1324
2024-02-26 01:00:00+00:00,143.807,144.117,143.626,143.936,6727200.03,1325
2024-02-26 02:00:00+00:00,143.807,144.117,143.626,143.936,6727200.03,1326
2024-02-26 03:00:00+00:00,143.807,144.117,143.626,143.936,6727200.03,1327
2024-02-26 04:00:00+00:00,143.807,144.117,143.626,143.936,6727200.03,1328
2024-02-26 05:00:00+00:00,143.807,144.117,143.626,143.936,6727200.03,1329
2024-02-26 06:00:00+00:00,143.807,144.117,143.626,143.936,6727200.03,1330
2024-02-26 07:00:00+00:00,143.807,144.117,143.626,143.936,6727200.03,1331
2024-02-26 08:00:00+00:00,143.807,144.117,143.626,143.936,6727200.03,1332
2024-02-26 09:00:00+00:00,143.807,144.117,143.626,143.936,6727200.03,1333
2024-02-26 10:00:00+00:00,143.807,144.117,143.626,143.936,6727200.03,1334
2024-02-26 11:00:00+00:00,143.807,144.117,143.626,143.936,6727200.03,1335
2024-02-26 12:00:00+00:00,143.807,144.117,143.626,143.936,6727200.03,1336
2024-02-26 13:00:00+00:00,143.807,144.117,143.626,143.936,6727200.03,1337
2024-02-26 14:00:00+00:00,142.097,142.417,139.776,140.116,7957200.05,1338
2024-02-26 15:00:00+00:00,140.127,140.566,139.227,139.237,9244799.61,1339
2024-02-26 16:00:00+00:00,139.227,139.476,138.556,138.767,6401400.09,1340
2024-02-26 17:00:00+00:00,138.776,138.776,137.857,137.867,4435522.08,1341
2024-02-26 18:00:00+00:00,137.886,138.457,137.626,138.376,6989999.77,1342
2024-02-26 19:00:00+00:00,138.387,138.737,138.126,138.157,5738399.98,1343
2024-02-26 20:00:00+00:00,138.167,138.327,137.387,137.507,5852399.83,1344
2024-02-26 21:00:00+00:00,138.167,138.327,137.387,137.507,5852399.83,1345
2024-02-26 22:00:00+00:00,138.167,138.327,137.387,137.507,5852399.83,1346
2024-02-26 23:00:00+00:00,138.167,138.327,137.387,137.507,5852399.83,1347
2024-02-27 00:00:00+00:00,138.167,138.327,137.387,137.507,5852399.83,1348
2024-02-27 01:00:00+00:00,138.167,138.327,137.387,137.507,5852399.83,1349
2024-02-27 02:00:00+00:00,138.167,138.327,137.387,137.507,5852399.83,1350
2024-02-27 03:00:00+00:00,138.167,138.327,137.387,137.507,5852399.83,1351
2024-02-27 04:00:00+00:00,138.167,138.327,137.387,137.507,5852399.83,1352
2024-02-27 05:00:00+00:00,138.167,138.327,137.387,137.507,5852399.83,1353
2024-02-27 06:00:00+00:00,138.167,138.327,137.387,137.507,5852399.83,1354
2024-02-27 07:00:00+00:00,138.167,138.327,137.387,137.507,5852399.83,1355
2024-02-27 08:00:00+00:00,138.167,138.327,137.387,137.507,5852399.83,1356
2024-02-27 09:00:00+00:00,138.167,138.327,137.387,137.507,5852399.83,1357
2024-02-27 10:00:00+00:00,138.167,138.327,137.387,137.507,5852399.83,1358
2024-02-27 11:00:00+00:00,138.167,138.327,137.387,137.507,5852399.83,1359
2024-02-27 12:00:00+00:00,138.167,138.327,137.387,137.507,5852399.83,1360
2024-02-27 13:00:00+00:00,138.167,138.327,137.387,137.507,5852399.83,1361
2024-02-27 14:00:00+00:00,137.997,138.597,137.546,137.877,7774799.82,1362
2024-02-27 15:00:00+00:00,137.846,138.477,137.606,138.156,10579199.79,1363
2024-02-27 16:00:00+00:00,138.166,138.307,137.836,137.906,7679999.83,1364
2024-02-27 17:00:00+00:00,137.886,137.927,137.077,137.466,7123199.94,1365
2024-02-27 18:00:00+00:00,137.466,138.187,137.376,138.136,5786399.84,1366
2024-02-27 19:00:00+00:00,138.137,139.087,138.137,139.006,5649600.03,1367
2024-02-27 20:00:00+00:00,139.006,139.236,138.626,138.877,4840799.81,1368
2024-02-27 21:00:00+00:00,139.006,139.236,138.626,138.877,4840799.81,1369
2024-02-27 22:00:00+00:00,139.006,139.236,138.626,138.877,4840799.81,1370
2024-02-27 23:00:00+00:00,139.006,139.236,138.626,138.877,4840799.81,1371
2024-02-28 00:00:00+00:00,139.006,139.236,138.626,138.877,4840799.81,1372
2024-02-28 01:00:00+00:00,139.006,139.236,138.626,138.877,4840799.81,1373
2024-02-28 02:00:00+00:00,139.006,139.236,138.626,138.877,4840799.81,1374
2024-02-28 03:00:00+00:00,139.006,139.236,138.626,138.877,4840799.81,1375
2024-02-28 04:00:00+00:00,139.006,139.236,138.626,138.877,4840799.81,1376
2024-02-28 05:00:00+00:00,139.006,139.236,138.626,138.877,4840799.81,1377
2024-02-28 06:00:00+00:00,139.006,139.236,138.626,138.877,4840799.81,1378
2024-02-28 07:00:00+00:00,139.006,139.236,138.626,138.877,4840799.81,1379
2024-02-28 08:00:00+00:00,139.006,139.236,138.626,138.877,4840799.81,1380
2024-02-28 09:00:00+00:00,139.006,139.236,138.626,138.877,4840799.81,1381
2024-02-28 10:00:00+00:00,139.006,139.236,138.626,138.877,4840799.81,1382
2024-02-28 11:00:00+00:00,139.006,139.236,138.626,138.877,4840799.81,1383
2024-02-28 12:00:00+00:00,139.006,139.236,138.626,138.877,4840799.81,1384
2024-02-28 13:00:00+00:00,139.006,139.236,138.626,138.877,4840799.81,1385
2024-02-28 14:00:00+00:00,137.787,137.946,135.917,136.276,7520400.05,1386
2024-02-28 15:00:00+00:00,136.286,136.807,135.916,136.137,7997638.23,1387
2024-02-28 16:00:00+00:00,136.137,136.376,135.616,135.956,6010799.88,1388
2024-02-28 17:00:00+00:00,135.956,136.057,135.806,135.927,5000400.07,1389
2024-02-28 18:00:00+00:00,135.917,136.306,135.656,135.997,4455599.78,1390
2024-02-28 19:00:00+00:00,135.997,136.066,135.406,135.956,4665599.82,1391
2024-02-28 20:00:00+00:00,135.946,136.356,135.917,136.356,5485199.93,1392
2024-02-28 21:00:00+00:00,135.946,136.356,135.917,136.356,5485199.93,1393
2024-02-28 22:00:00+00:00,135.946,136.356,135.917,136.356,5485199.93,1394
2024-02-28 23:00:00+00:00,135.946,136.356,135.917,136.356,5485199.93,1395
2024-02-29 00:00:00+00:00,135.946,136.356,135.917,136.356,5485199.93,1396
2024-02-29 01:00:00+00:00,135.946,136.356,135.917,136.356,5485199.93,1397
2024-02-29 02:00:00+00:00,135.946,136.356,135.917,136.356,5485199.93,1398
2024-02-29 03:00:00+00:00,135.946,136.356,135.917,136.356,5485199.93,1399
2024-02-29 04:00:00+00:00,135.946,136.356,135.917,136.356,5485199.93,1400
2024-02-29 05:00:00+00:00,135.946,136.356,135.917,136.356,5485199.93,1401
2024-02-29 06:00:00+00:00,135.946,136.356,135.917,136.356,5485199.93,1402
2024-02-29 07:00:00+00:00,135.946,136.356,135.917,136.356,5485199.93,1403
2024-02-29 08:00:00+00:00,135.946,136.356,135.917,136.356,5485199.93,1404
2024-02-29 09:00:00+00:00,135.946,136.356,135.917,136.356,5485199.93,1405
2024-02-29 10:00:00+00:00,135.946,136.356,135.917,136.356,5485199.93,1406
2024-02-29 11:00:00+00:00,135.946,136.356,135.917,136.356,5485199.93,1407
2024-02-29 12:00:00+00:00,135.946,136.356,135.917,136.356,5485199.93,1408
2024-02-29 13:00:00+00:00,135.946,136.356,135.917,136.356,5485199.93,1409
2024-02-29 14:00:00+00:00,137.207,138.847,137.026,138.567,5948400.02,1410
2024-02-29 15:00:00+00:00,138.566,138.647,136.857,137.056,9782400.13,1411
2024-02-29 16:00:00+00:00,137.066,137.127,136.396,136.776,9441599.85,1412
2024-02-29 17:00:00+00:00,136.777,137.117,136.726,137.067,6391200.07,1413
2024-02-29 18:00:00+00:00,137.067,137.386,136.996,137.037,4484399.8,1414
2024-02-29 19:00:00+00:00,137.047,137.427,136.926,137.197,4370399.95,1415
2024-02-29 20:00:00+00:00,137.206,138.517,137.146,138.326,4883999.82,1416
2024-02-29 21:00:00+00:00,137.206,138.517,137.146,138.326,4883999.82,1417
2024-02-29 22:00:00+00:00,137.206,138.517,137.146,138.326,4883999.82,1418
2024-02-29 23:00:00+00:00,137.206,138.517,137.146,138.326,4883999.82,1419
2024-03-01 00:00:00+00:00,137.206,138.517,137.146,138.326,4883999.82,1420
2024-03-01 01:00:00+00:00,137.206,138.517,137.146,138.326,4883999.82,1421
2024-03-01 02:00:00+00:00,137.206,138.517,137.146,138.326,4883999.82,1422
2024-03-01 03:00:00+00:00,137.206,138.517,137.146,138.326,4883999.82,1423
2024-03-01 04:00:00+00:00,137.206,138.517,137.146,138.326,4883999.82,1424
2024-03-01 05:00:00+00:00,137.206,138.517,137.146,138.326,4883999.82,1425
2024-03-01 06:00:00+00:00,137.206,138.517,137.146,138.326,4883999.82,1426
2024-03-01 07:00:00+00:00,137.206,138.517,137.146,138.326,4883999.82,1427
2024-03-01 08:00:00+00:00,137.206,138.517,137.146,138.326,4883999.82,1428
2024-03-01 09:00:00+00:00,137.206,138.517,137.146,138.326,4883999.82,1429
2024-03-01 10:00:00+00:00,137.206,138.517,137.146,138.326,4883999.82,1430
2024-03-01 11:00:00+00:00,137.206,138.517,137.146,138.326,4883999.82,1431
2024-03-01 12:00:00+00:00,137.206,138.517,137.146,138.326,4883999.82,1432
2024-03-01 13:00:00+00:00,137.206,138.517,137.146,138.326,4883999.82,1433
2024-03-01 14:00:00+00:00,138.407,138.857,137.816,138.016,7514400.01,1434
2024-03-01 15:00:00+00:00,138.027,138.317,137.236,137.386,8748000.15,1435
2024-03-01 16:00:00+00:00,137.387,137.837,137.336,137.646,6656400.2,1436
2024-03-01 17:00:00+00:00,137.647,138.067,137.616,138.007,4225200.18,1437
2024-03-01 18:00:00+00:00,138.017,138.367,137.986,138.157,3460799.93,1438
2024-03-01 19:00:00+00:00,138.146,138.416,137.936,138.187,5080800.06,1439
2024-03-01 20:00:00+00:00,138.197,138.197,136.916,137.096,8939999.58,1440
2024-03-01 21:00:00+00:00,138.197,138.197,136.916,137.096,8939999.58,1441
2024-03-01 22:00:00+00:00,138.197,138.197,136.916,137.096,8939999.58,1442
2024-03-01 23:00:00+00:00,138.197,138.197,136.916,137.096,8939999.58,1443
2024-03-02 00:00:00+00:00,138.197,138.197,136.916,137.096,8939999.58,1444
2024-03-02 01:00:00+00:00,138.197,138.197,136.916,137.096,8939999.58,1445
2024-03-02 02:00:00+00:00,138.197,138.197,136.916,137.096,8939999.58,1446
2024-03-02 03:00:00+00:00,138.197,138.197,136.916,137.096,8939999.58,1447
2024-03-02 04:00:00+00:00,138.197,138.197,136.916,137.096,8939999.58,1448
2024-03-02 05:00:00+00:00,138.197,138.197,136.916,137.096,8939999.58,1449
2024-03-02 06:00:00+00:00,138.197,138.197,136.916,137.096,8939999.58,1450
2024-03-02 07:00:00+00:00,138.197,138.197,136.916,137.096,8939999.58,1451
2024-03-02 08:00:00+00:00,138.197,138.197,136.916,137.096,8939999.58,1452
2024-03-02 09:00:00+00:00,138.197,138.197,136.916,137.096,8939999.58,1453
2024-03-02 10:00:00+00:00,138.197,138.197,136.916,137.096,8939999.58,1454
2024-03-02 11:00:00+00:00,138.197,138.197,136.916,137.096,8939999.58,1455
2024-03-02 12:00:00+00:00,138.197,138.197,136.916,137.096,8939999.58,1456
2024-03-02 13:00:00+00:00,138.197,138.197,136.916,137.096,8939999.58,1457
2024-03-02 14:00:00+00:00,138.197,138.197,136.916,137.096,8939999.58,1458
2024-03-02 15:00:00+00:00,138.197,138.197,136.916,137.096,8939999.58,1459
2024-03-02 16:00:00+00:00,138.197,138.197,136.916,137.096,8939999.58,1460
2024-03-02 17:00:00+00:00,138.197,138.197,136.916,137.096,8939999.58,1461
2024-03-02 18:00:00+00:00,138.197,138.197,136.916,137.096,8939999.58,1462
2024-03-02 19:00:00+00:00,138.197,138.197,136.916,137.096,8939999.58,1463
2024-03-02 20:00:00+00:00,138.197,138.197,136.916,137.096,8939999.58,1464
2024-03-02 21:00:00+00:00,138.197,138.197,136.916,137.096,8939999.58,1465
2024-03-02 22:00:00+00:00,138.197,138.197,136.916,137.096,8939999.58,1466
2024-03-02 23:00:00+00:00,138.197,138.197,136.916,137.096,8939999.58,1467
2024-03-03 00:00:00+00:00,138.197,138.197,136.916,137.096,8939999.58,1468
2024-03-03 01:00:00+00:00,138.197,138.197,136.916,137.096,8939999.58,1469
2024-03-03 02:00:00+00:00,138.197,138.197,136.916,137.096,8939999.58,1470
2024-03-03 03:00:00+00:00,138.197,138.197,136.916,137.096,8939999.58,1471
2024-03-03 04:00:00+00:00,138.197,138.197,136.916,137.096,8939999.58,1472
2024-03-03 05:00:00+00:00,138.197,138.197,136.916,137.096,8939999.58,1473
2024-03-03 06:00:00+00:00,138.197,138.197,136.916,137.096,8939999.58,1474
2024-03-03 07:00:00+00:00,138.197,138.197,136.916,137.096,8939999.58,1475
2024-03-03 08:00:00+00:00,138.197,138.197,136.916,137.096,8939999.58,1476
2024-03-03 09:00:00+00:00,138.197,138.197,136.916,137.096,8939999.58,1477
2024-03-03 10:00:00+00:00,138.197,138.197,136.916,137.096,8939999.58,1478
2024-03-03 11:00:00+00:00,138.197,138.197,136.916,137.096,8939999.58,1479
2024-03-03 12:00:00+00:00,138.197,138.197,136.916,137.096,8939999.58,1480
2024-03-03 13:00:00+00:00,138.197,138.197,136.916,137.096,8939999.58,1481
2024-03-03 14:00:00+00:00,138.197,138.197,136.916,137.096,8939999.58,1482
2024-03-03 15:00:00+00:00,138.197,138.197,136.916,137.096,8939999.58,1483
2024-03-03 16:00:00+00:00,138.197,138.197,136.916,137.096,8939999.58,1484
2024-03-03 17:00:00+00:00,138.197,138.197,136.916,137.096,8939999.58,1485
2024-03-03 18:00:00+00:00,138.197,138.197,136.916,137.096,8939999.58,1486
2024-03-03 19:00:00+00:00,138.197,138.197,136.916,137.096,8939999.58,1487
2024-03-03 20:00:00+00:00,138.197,138.197,136.916,137.096,8939999.58,1488
2024-03-03 21:00:00+00:00,138.197,138.197,136.916,137.096,8939999.58,1489
2024-03-03 22:00:00+00:00,138.197,138.197,136.916,137.096,8939999.58,1490
2024-03-03 23:00:00+00:00,138.197,138.197,136.916,137.096,8939999.58,1491
2024-03-04 00:00:00+00:00,138.197,138.197,136.916,137.096,8939999.58,1492
2024-03-04 01:00:00+00:00,138.197,138.197,136.916,137.096,8939999.58,1493
2024-03-04 02:00:00+00:00,138.197,138.197,136.916,137.096,8939999.58,1494
2024-03-04 03:00:00+00:00,138.197,138.197,136.916,137.096,8939999.58,1495
2024-03-04 04:00:00+00:00,138.197,138.197,136.916,137.096,8939999.58,1496
2024-03-04 05:00:00+00:00,138.197,138.197,136.916,137.096,8939999.58,1497
2024-03-04 06:00:00+00:00,138.197,138.197,136.916,137.096,8939999.58,1498
2024-03-04 07:00:00+00:00,138.197,138.197,136.916,137.096,8939999.58,1499
2024-03-04 08:00:00+00:00,138.197,138.197,136.916,137.096,8939999.58,1500
2024-03-04 09:00:00+00:00,138.197,138.197,136.916,137.096,8939999.58,1501
2024-03-04 10:00:00+00:00,138.197,138.197,136.916,137.096,8939999.58,1502
2024-03-04 11:00:00+00:00,138.197,138.197,136.916,137.096,8939999.58,1503
2024-03-04 12:00:00+00:00,138.197,138.197,136.916,137.096,8939999.58,1504
2024-03-04 13:00:00+00:00,138.197,138.197,136.916,137.096,8939999.58,1505
2024-03-04 14:00:00+00:00,135.547,135.577,132.806,133.307,9255599.98,1506
2024-03-04 15:00:00+00:00,133.307,133.747,132.896,132.986,8727663.04,1507
2024-03-04 16:00:00+00:00,132.997,133.037,131.896,132.357,10399200.44,1508
2024-03-04 17:00:00+00:00,132.366,133.006,132.176,132.877,6830399.99,1509
2024-03-04 18:00:00+00:00,132.887,132.916,132.416,132.607,4635600.09,1510
2024-03-04 19:00:00+00:00,132.607,133.677,132.576,133.557,4625999.93,1511
2024-03-04 20:00:00+00:00,133.577,133.847,133.196,133.287,8142000.2,1512
2024-03-04 21:00:00+00:00,133.577,133.847,133.196,133.287,8142000.2,1513
2024-03-04 22:00:00+00:00,133.577,133.847,133.196,133.287,8142000.2,1514
2024-03-04 23:00:00+00:00,133.577,133.847,133.196,133.287,8142000.2,1515
2024-03-05 00:00:00+00:00,133.577,133.847,133.196,133.287,8142000.2,1516
2024-03-05 01:00:00+00:00,133.577,133.847,133.196,133.287,8142000.2,1517
2024-03-05 02:00:00+00:00,133.577,133.847,133.196,133.287,8142000.2,1518
2024-03-05 03:00:00+00:00,133.577,133.847,133.196,133.287,8142000.2,1519
2024-03-05 04:00:00+00:00,133.577,133.847,133.196,133.287,8142000.2,1520
2024-03-05 05:00:00+00:00,133.577,133.847,133.196,133.287,8142000.2,1521
2024-03-05 06:00:00+00:00,133.577,133.847,133.196,133.287,8142000.2,1522
2024-03-05 07:00:00+00:00,133.577,133.847,133.196,133.287,8142000.2,1523
2024-03-05 08:00:00+00:00,133.577,133.847,133.196,133.287,8142000.2,1524
2024-03-05 09:00:00+00:00,133.577,133.847,133.196,133.287,8142000.2,1525
2024-03-05 10:00:00+00:00,133.577,133.847,133.196,133.287,8142000.2,1526
2024-03-05 11:00:00+00:00,133.577,133.847,133.196,133.287,8142000.2,1527
2024-03-05 12:00:00+00:00,133.577,133.847,133.196,133.287,8142000.2,1528
2024-03-05 13:00:00+00:00,133.577,133.847,133.196,133.287,8142000.2,1529
2024-03-05 14:00:00+00:00,131.886,133.227,131.796,131.966,8088000.3,1530
2024-03-05 15:00:00+00:00,131.966,132.347,130.656,130.897,10295700.07,1531
2024-03-05 16:00:00+00:00,130.857,131.827,130.836,131.807,6632999.9,1532
2024-03-05 17:00:00+00:00,131.796,133.127,131.796,132.796,5400899.89,1533
2024-03-05 18:00:00+00:00,132.786,132.967,132.346,132.367,5094900.13,1534
2024-03-05 19:00:00+00:00,132.357,132.557,132.046,132.117,4588200.09,1535
2024-03-05 20:00:00+00:00,132.107,132.707,131.936,132.667,4334400.18,1536
2024-03-05 21:00:00+00:00,132.107,132.707,131.936,132.667,4334400.18,1537
2024-03-05 22:00:00+00:00,132.107,132.707,131.936,132.667,4334400.18,1538
2024-03-05 23:00:00+00:00,132.107,132.707,131.936,132.667,4334400.18,1539
2024-03-06 00:00:00+00:00,132.107,132.707,131.936,132.667,4334400.18,1540
2024-03-06 01:00:00+00:00,132.107,132.707,131.936,132.667,4334400.18,1541
2024-03-06 02:00:00+00:00,132.107,132.707,131.936,132.667,4334400.18,1542
2024-03-06 03:00:00+00:00,132.107,132.707,131.936,132.667,4334400.18,1543
2024-03-06 04:00:00+00:00,132.107,132.707,131.936,132.667,4334400.18,1544
2024-03-06 05:00:00+00:00,132.107,132.707,131.936,132.667,4334400.18,1545
2024-03-06 06:00:00+00:00,132.107,132.707,131.936,132.667,4334400.18,1546
2024-03-06 07:00:00+00:00,132.107,132.707,131.936,132.667,4334400.18,1547
2024-03-06 08:00:00+00:00,132.107,132.707,131.936,132.667,4334400.18,1548
2024-03-06 09:00:00+00:00,132.107,132.707,131.936,132.667,4334400.18,1549
2024-03-06 10:00:00+00:00,132.107,132.707,131.936,132.667,4334400.18,1550
2024-03-06 11:00:00+00:00,132.107,132.707,131.936,132.667,4334400.18,1551
2024-03-06 12:00:00+00:00,132.107,132.707,131.936,132.667,4334400.18,1552
2024-03-06 13:00:00+00:00,132.107,132.707,131.936,132.667,4334400.18,1553
2024-03-06 14:00:00+00:00,133.146,133.566,131.667,131.876,5300399.78,1554
2024-03-06 15:00:00+00:00,131.877,131.877,130.837,131.127,8336400.03,1555
2024-03-06 16:00:00+00:00,131.126,131.587,131.126,131.497,7528800.01,1556
2024-03-06 17:00:00+00:00,131.506,132.077,131.336,131.467,6469200.13,1557
2024-03-06 18:00:00+00:00,131.477,131.877,130.996,131.607,8878800.39,1558
2024-03-06 19:00:00+00:00,131.597,131.737,131.046,131.167,11406000.14,1559
2024-03-06 20:00:00+00:00,131.157,131.557,131.126,131.396,9236399.65,1560
2024-03-06 21:00:00+00:00,131.157,131.557,131.126,131.396,9236399.65,1561
2024-03-06 22:00:00+00:00,131.157,131.557,131.126,131.396,9236399.65,1562
2024-03-06 23:00:00+00:00,131.157,131.557,131.126,131.396,9236399.65,1563
2024-03-07 00:00:00+00:00,131.157,131.557,131.126,131.396,9236399.65,1564
2024-03-07 01:00:00+00:00,131.157,131.557,131.126,131.396,9236399.65,1565
2024-03-07 02:00:00+00:00,131.157,131.557,131.126,131.396,9236399.65,1566
2024-03-07 03:00:00+00:00,131.157,131.557,131.126,131.396,9236399.65,1567
2024-03-07 04:00:00+00:00,131.157,131.557,131.126,131.396,9236399.65,1568
2024-03-07 05:00:00+00:00,131.157,131.557,131.126,131.396,9236399.65,1569
2024-03-07 06:00:00+00:00,131.157,131.557,131.126,131.396,9236399.65,1570
2024-03-07 07:00:00+00:00,131.157,131.557,131.126,131.396,9236399.65,1571
2024-03-07 08:00:00+00:00,131.157,131.557,131.126,131.396,9236399.65,1572
2024-03-07 09:00:00+00:00,131.157,131.557,131.126,131.396,9236399.65,1573
2024-03-07 10:00:00+00:00,131.157,131.557,131.126,131.396,9236399.65,1574
2024-03-07 11:00:00+00:00,131.157,131.557,131.126,131.396,9236399.65,1575
2024-03-07 12:00:00+00:00,131.157,131.557,131.126,131.396,9236399.65,1576
2024-03-07 13:00:00+00:00,131.157,131.557,131.126,131.396,9236399.65,1577
2024-03-07 14:00:00+00:00,132.717,132.827,131.596,132.457,6204000.0,1578
2024-03-07 15:00:00+00:00,132.447,133.636,132.356,133.326,7958399.77,1579
2024-03-07 16:00:00+00:00,133.326,134.567,133.256,134.297,7094399.93,1580
2024-03-07 17:00:00+00:00,134.317,134.657,134.136,134.636,6814799.79,1581
2024-03-07 18:00:00+00:00,134.627,134.927,134.296,134.817,6302400.11,1582
2024-03-07 19:00:00+00:00,134.826,134.907,134.446,134.617,4615200.04,1583
2024-03-07 20:00:00+00:00,134.607,134.927,134.266,134.336,5199600.22,1584
2024-03-07 21:00:00+00:00,134.607,134.927,134.266,134.336,5199600.22,1585
2024-03-07 22:00:00+00:00,134.607,134.927,134.266,134.336,5199600.22,1586
2024-03-07 23:00:00+00:00,134.607,134.927,134.266,134.336,5199600.22,1587
2024-03-08 00:00:00+00:00,134.607,134.927,134.266,134.336,5199600.22,1588
2024-03-08 01:00:00+00:00,134.607,134.927,134.266,134.336,5199600.22,1589
2024-03-08 02:00:00+00:00,134.607,134.927,134.266,134.336,5199600.22,1590
2024-03-08 03:00:00+00:00,134.607,134.927,134.266,134.336,5199600.22,1591
2024-03-08 04:00:00+00:00,134.607,134.927,134.266,134.336,5199600.22,1592
2024-03-08 05:00:00+00:00,134.607,134.927,134.266,134.336,5199600.22,1593
2024-03-08 06:00:00+00:00,134.607,134.927,134.266,134.336,5199600.22,1594
2024-03-08 07:00:00+00:00,134.607,134.927,134.266,134.336,5199600.22,1595
2024-03-08 08:00:00+00:00,134.607,134.927,134.266,134.336,5199600.22,1596
2024-03-08 09:00:00+00:00,134.607,134.927,134.266,134.336,5199600.22,1597
2024-03-08 10:00:00+00:00,134.607,134.927,134.266,134.336,5199600.22,1598
2024-03-08 11:00:00+00:00,134.607,134.927,134.266,134.336,5199600.22,1599
2024-03-08 12:00:00+00:00,134.607,134.927,134.266,134.336,5199600.22,1600
2024-03-08 13:00:00+00:00,134.607,134.927,134.266,134.336,5199600.22,1601
2024-03-08 14:00:00+00:00,134.087,136.937,133.986,136.887,8074799.54,1602
2024-03-08 15:00:00+00:00,136.896,137.867,136.876,137.776,10215600.01,1603
2024-03-08 16:00:00+00:00,137.787,138.067,136.856,136.857,14968799.59,1604
2024-03-08 17:00:00+00:00,136.866,137.187,136.086,136.136,11553600.31,1605
2024-03-08 18:00:00+00:00,136.126,136.157,134.966,135.707,9277199.75,1606
2024-03-08 19:00:00+00:00,135.716,136.227,135.107,136.006,7738800.05,1607
2024-03-08 20:00:00+00:00,135.996,136.106,135.127,135.387,10570799.83,1608
2024-03-08 21:00:00+00:00,135.996,136.106,135.127,135.387,10570799.83,1609
2024-03-08 22:00:00+00:00,135.996,136.106,135.127,135.387,10570799.83,1610
2024-03-08 23:00:00+00:00,135.996,136.106,135.127,135.387,10570799.83,1611
2024-03-09 00:00:00+00:00,135.996,136.106,135.127,135.387,10570799.83,1612
2024-03-09 01:00:00+00:00,135.996,136.106,135.127,135.387,10570799.83,1613
2024-03-09 02:00:00+00:00,135.996,136.106,135.127,135.387,10570799.83,1614
2024-03-09 03:00:00+00:00,135.996,136.106,135.127,135.387,10570799.83,1615
2024-03-09 04:00:00+00:00,135.996,136.106,135.127,135.387,10570799.83,1616
2024-03-09 05:00:00+00:00,135.996,136.106,135.127,135.387,10570799.83,1617
2024-03-09 06:00:00+00:00,135.996,136.106,135.127,135.387,10570799.83,1618
2024-03-09 07:00:00+00:00,135.996,136.106,135.127,135.387,10570799.83,1619
2024-03-09 08:00:00+00:00,135.996,136.106,135.127,135.387,10570799.83,1620
2024-03-09 09:00:00+00:00,135.996,136.106,135.127,135.387,10570799.83,1621
2024-03-09 10:00:00+00:00,135.996,136.106,135.127,135.387,10570799.83,1622
2024-03-09 11:00:00+00:00,135.996,136.106,135.127,135.387,10570799.83,1623
2024-03-09 12:00:00+00:00,135.996,136.106,135.127,135.387,10570799.83,1624
2024-03-09 13:00:00+00:00,135.996,136.106,135.127,135.387,10570799.83,1625
2024-03-09 14:00:00+00:00,135.996,136.106,135.127,135.387,10570799.83,1626
2024-03-09 15:00:00+00:00,135.996,136.106,135.127,135.387,10570799.83,1627
2024-03-09 16:00:00+00:00,135.996,136.106,135.127,135.387,10570799.83,1628
2024-03-09 17:00:00+00:00,135.996,136.106,135.127,135.387,10570799.83,1629
2024-03-09 18:00:00+00:00,135.996,136.106,135.127,135.387,10570799.83,1630
2024-03-09 19:00:00+00:00,135.996,136.106,135.127,135.387,10570799.83,1631
2024-03-09 20:00:00+00:00,135.996,136.106,135.127,135.387,10570799.83,1632
2024-03-09 21:00:00+00:00,135.996,136.106,135.127,135.387,10570799.83,1633
2024-03-09 22:00:00+00:00,135.996,136.106,135.127,135.387,10570799.83,1634
2024-03-09 23:00:00+00:00,135.996,136.106,135.127,135.387,10570799.83,1635
2024-03-10 00:00:00+00:00,135.996,136.106,135.127,135.387,10570799.83,1636
2024-03-10 01:00:00+00:00,135.996,136.106,135.127,135.387,10570799.83,1637
2024-03-10 02:00:00+00:00,135.996,136.106,135.127,135.387,10570799.83,1638
2024-03-10 03:00:00+00:00,135.996,136.106,135.127,135.387,10570799.83,1639
2024-03-10 04:00:00+00:00,135.996,136.106,135.127,135.387,10570799.83,1640
2024-03-10 05:00:00+00:00,135.996,136.106,135.127,135.387,10570799.83,1641
2024-03-10 06:00:00+00:00,135.996,136.106,135.127,135.387,10570799.83,1642
2024-03-10 07:00:00+00:00,135.996,136.106,135.127,135.387,10570799.83,1643
2024-03-10 08:00:00+00:00,135.996,136.106,135.127,135.387,10570799.83,1644
2024-03-10 09:00:00+00:00,135.996,136.106,135.127,135.387,10570799.83,1645
2024-03-10 10:00:00+00:00,135.996,136.106,135.127,135.387,10570799.83,1646
2024-03-10 11:00:00+00:00,135.996,136.106,135.127,135.387,10570799.83,1647
2024-03-10 12:00:00+00:00,135.996,136.106,135.127,135.387,10570799.83,1648
2024-03-10 13:00:00+00:00,135.996,136.106,135.127,135.387,10570799.83,1649
2024-03-10 14:00:00+00:00,135.996,136.106,135.127,135.387,10570799.83,1650
2024-03-10 15:00:00+00:00,135.996,136.106,135.127,135.387,10570799.83,1651
2024-03-10 16:00:00+00:00,135.996,136.106,135.127,135.387,10570799.83,1652
2024-03-10 17:00:00+00:00,135.996,136.106,135.127,135.387,10570799.83,1653
2024-03-10 18:00:00+00:00,135.996,136.106,135.127,135.387,10570799.83,1654
2024-03-10 19:00:00+00:00,135.996,136.106,135.127,135.387,10570799.83,1655
2024-03-10 20:00:00+00:00,135.996,136.106,135.127,135.387,10570799.83,1656
2024-03-10 21:00:00+00:00,135.996,136.106,135.127,135.387,10570799.83,1657
2024-03-10 22:00:00+00:00,135.996,136.106,135.127,135.387,10570799.83,1658
2024-03-10 23:00:00+00:00,135.996,136.106,135.127,135.387,10570799.83,1659
2024-03-11 00:00:00+00:00,135.996,136.106,135.127,135.387,10570799.83,1660
2024-03-11 01:00:00+00:00,135.996,136.106,135.127,135.387,10570799.83,1661
2024-03-11 02:00:00+00:00,135.996,136.106,135.127,135.387,10570799.83,1662
2024-03-11 03:00:00+00:00,135.996,136.106,135.127,135.387,10570799.83,1663
2024-03-11 04:00:00+00:00,135.996,136.106,135.127,135.387,10570799.83,1664
2024-03-11 05:00:00+00:00,135.996,136.106,135.127,135.387,10570799.83,1665
2024-03-11 06:00:00+00:00,135.996,136.106,135.127,135.387,10570799.83,1666
2024-03-11 07:00:00+00:00,135.996,136.106,135.127,135.387,10570799.83,1667
2024-03-11 08:00:00+00:00,135.996,136.106,135.127,135.387,10570799.83,1668
2024-03-11 09:00:00+00:00,135.996,136.106,135.127,135.387,10570799.83,1669
2024-03-11 10:00:00+00:00,135.996,136.106,135.127,135.387,10570799.83,1670
2024-03-11 11:00:00+00:00,135.996,136.106,135.127,135.387,10570799.83,1671
2024-03-11 12:00:00+00:00,135.996,136.106,135.127,135.387,10570799.83,1672
2024-03-11 13:00:00+00:00,136.167,138.007,136.166,137.597,8542799.95,1673
2024-03-11 14:00:00+00:00,137.587,138.436,137.476,138.206,11123999.6,1674
2024-03-11 15:00:00+00:00,138.196,139.046,137.946,139.016,8911199.57,1675
2024-03-11 16:00:00+00:00,139.026,139.086,138.306,138.726,6671999.93,1676
2024-03-11 17:00:00+00:00,138.737,138.787,138.316,138.427,6381599.9,1677
2024-03-11 18:00:00+00:00,138.436,138.657,138.306,138.537,4796400.07,1678
2024-03-11 19:00:00+00:00,138.527,138.596,137.566,137.697,6239999.77,1679
2024-03-11 20:00:00+00:00,138.527,138.596,137.566,137.697,6239999.77,1680
2024-03-11 21:00:00+00:00,138.527,138.596,137.566,137.697,6239999.77,1681
2024-03-11 22:00:00+00:00,138.527,138.596,137.566,137.697,6239999.77,1682
2024-03-11 23:00:00+00:00,138.527,138.596,137.566,137.697,6239999.77,1683
2024-03-12 00:00:00+00:00,138.527,138.596,137.566,137.697,6239999.77,1684
2024-03-12 01:00:00+00:00,138.527,138.596,137.566,137.697,6239999.77,1685
2024-03-12 02:00:00+00:00,138.527,138.596,137.566,137.697,6239999.77,1686
2024-03-12 03:00:00+00:00,138.527,138.596,137.566,137.697,6239999.77,1687
2024-03-12 04:00:00+00:00,138.527,138.596,137.566,137.697,6239999.77,1688
2024-03-12 05:00:00+00:00,138.527,138.596,137.566,137.697,6239999.77,1689
2024-03-12 06:00:00+00:00,138.527,138.596,137.566,137.697,6239999.77,1690
2024-03-12 07:00:00+00:00,138.527,138.596,137.566,137.697,6239999.77,1691
2024-03-12 08:00:00+00:00,138.527,138.596,137.566,137.697,6239999.77,1692
2024-03-12 09:00:00+00:00,138.527,138.596,137.566,137.697,6239999.77,1693
2024-03-12 10:00:00+00:00,138.527,138.596,137.566,137.697,6239999.77,1694
2024-03-12 11:00:00+00:00,138.527,138.596,137.566,137.697,6239999.77,1695
2024-03-12 12:00:00+00:00,138.527,138.596,137.566,137.697,6239999.77,1696
2024-03-12 13:00:00+00:00,137.016,139.046,137.016,138.547,8347200.39,1697
2024-03-12 14:00:00+00:00,138.536,138.967,138.106,138.216,12295200.35,1698
2024-03-12 15:00:00+00:00,138.227,138.567,138.026,138.467,7980000.02,1699
2024-03-12 16:00:00+00:00,138.476,138.817,138.166,138.586,7318799.97,1700
2024-03-12 17:00:00+00:00,138.587,139.367,138.436,138.656,6139200.21,1701
2024-03-12 18:00:00+00:00,138.666,139.226,138.646,138.997,4648799.9,1702
2024-03-12 19:00:00+00:00,139.006,139.097,138.456,138.477,5012400.15,1703
2024-03-12 20:00:00+00:00,139.006,139.097,138.456,138.477,5012400.15,1704
2024-03-12 21:00:00+00:00,139.006,139.097,138.456,138.477,5012400.15,1705
2024-03-12 22:00:00+00:00,139.006,139.097,138.456,138.477,5012400.15,1706
2024-03-12 23:00:00+00:00,139.006,139.097,138.456,138.477,5012400.15,1707
2024-03-13 00:00:00+00:00,139.006,139.097,138.456,138.477,5012400.15,1708
2024-03-13 01:00:00+00:00,139.006,139.097,138.456,138.477,5012400.15,1709
2024-03-13 02:00:00+00:00,139.006,139.097,138.456,138.477,5012400.15,1710
2024-03-13 03:00:00+00:00,139.006,139.097,138.456,138.477,5012400.15,1711
2024-03-13 04:00:00+00:00,139.006,139.097,138.456,138.477,5012400.15,1712
2024-03-13 05:00:00+00:00,139.006,139.097,138.456,138.477,5012400.15,1713
2024-03-13 06:00:00+00:00,139.006,139.097,138.456,138.477,5012400.15,1714
2024-03-13 07:00:00+00:00,139.006,139.097,138.456,138.477,5012400.15,1715
2024-03-13 08:00:00+00:00,139.006,139.097,138.456,138.477,5012400.15,1716
2024-03-13 09:00:00+00:00,139.006,139.097,138.456,138.477,5012400.15,1717
2024-03-13 10:00:00+00:00,139.006,139.097,138.456,138.477,5012400.15,1718
2024-03-13 11:00:00+00:00,139.006,139.097,138.456,138.477,5012400.15,1719
2024-03-13 12:00:00+00:00,139.006,139.097,138.456,138.477,5012400.15,1720
2024-03-13 13:00:00+00:00,138.947,140.517,138.947,139.897,8267999.65,1721
2024-03-13 14:00:00+00:00,139.906,140.367,139.506,140.166,10569600.11,1722
2024-03-13 15:00:00+00:00,140.157,140.717,139.946,140.576,7582799.91,1723
2024-03-13 16:00:00+00:00,140.577,141.067,140.376,140.877,5330399.99,1724
2024-03-13 17:00:00+00:00,140.897,141.047,140.387,140.646,4877999.78,1725
2024-03-13 18:00:00+00:00,140.637,140.676,140.126,140.186,2840399.98,1726
2024-03-13 19:00:00+00:00,140.176,140.257,139.506,139.817,4492800.24,1727
2024-03-13 20:00:00+00:00,140.176,140.257,139.506,139.817,4492800.24,1728
2024-03-13 21:00:00+00:00,140.176,140.257,139.506,139.817,4492800.24,1729
2024-03-13 22:00:00+00:00,140.176,140.257,139.506,139.817,4492800.24,1730
2024-03-13 23:00:00+00:00,140.176,140.257,139.506,139.817,4492800.24,1731
2024-03-14 00:00:00+00:00,140.176,140.257,139.506,139.817,4492800.24,1732
2024-03-14 01:00:00+00:00,140.176,140.257,139.506,139.817,4492800.24,1733
2024-03-14 02:00:00+00:00,140.176,140.257,139.506,139.817,4492800.24,1734
2024-03-14 03:00:00+00:00,140.176,140.257,139.506,139.817,4492800.24,1735
2024-03-14 04:00:00+00:00,140.176,140.257,139.506,139.817,4492800.24,1736
2024-03-14 05:00:00+00:00,140.176,140.257,139.506,139.817,4492800.24,1737
2024-03-14 06:00:00+00:00,140.176,140.257,139.506,139.817,4492800.24,1738
2024-03-14 07:00:00+00:00,140.176,140.257,139.506,139.817,4492800.24,1739
2024-03-14 08:00:00+00:00,140.176,140.257,139.506,139.817,4492800.24,1740
2024-03-14 09:00:00+00:00,140.176,140.257,139.506,139.817,4492800.24,1741
2024-03-14 10:00:00+00:00,140.176,140.257,139.506,139.817,4492800.24,1742
2024-03-14 11:00:00+00:00,140.176,140.257,139.506,139.817,4492800.24,1743
2024-03-14 12:00:00+00:00,140.176,140.257,139.506,139.817,4492800.24,1744
2024-03-14 13:00:00+00:00,141.137,141.967,140.436,141.356,9060000.42,1745
2024-03-14 14:00:00+00:00,141.366,142.867,140.806,142.356,14389200.21,1746
2024-03-14 15:00:00+00:00,142.367,142.847,142.137,142.656,10768799.78,1747
2024-03-14 16:00:00+00:00,142.656,142.907,141.716,142.127,8560799.6,1748
2024-03-14 17:00:00+00:00,142.117,142.836,142.076,142.796,6997200.01,1749
2024-03-14 18:00:00+00:00,142.806,143.576,142.806,143.126,5449200.15,1750
2024-03-14 19:00:00+00:00,143.117,143.257,142.566,143.166,8076000.21,1751
2024-03-14 20:00:00+00:00,143.117,143.257,142.566,143.166,8076000.21,1752
2024-03-14 21:00:00+00:00,143.117,143.257,142.566,143.166,8076000.21,1753
2024-03-14 22:00:00+00:00,143.117,143.257,142.566,143.166,8076000.21,1754
2024-03-14 23:00:00+00:00,143.117,143.257,142.566,143.166,8076000.21,1755
2024-03-15 00:00:00+00:00,143.117,143.257,142.566,143.166,8076000.21,1756
2024-03-15 01:00:00+00:00,143.117,143.257,142.566,143.166,8076000.21,1757
2024-03-15 02:00:00+00:00,143.117,143.257,142.566,143.166,8076000.21,1758
2024-03-15 03:00:00+00:00,143.117,143.257,142.566,143.166,8076000.21,1759
2024-03-15 04:00:00+00:00,143.117,143.257,142.566,143.166,8076000.21,1760
2024-03-15 05:00:00+00:00,143.117,143.257,142.566,143.166,8076000.21,1761
2024-03-15 06:00:00+00:00,143.117,143.257,142.566,143.166,8076000.21,1762
2024-03-15 07:00:00+00:00,143.117,143.257,142.566,143.166,8076000.21,1763
2024-03-15 08:00:00+00:00,143.117,143.257,142.566,143.166,8076000.21,1764
2024-03-15 09:00:00+00:00,143.117,143.257,142.566,143.166,8076000.21,1765
2024-03-15 10:00:00+00:00,143.117,143.257,142.566,143.166,8076000.21,1766
2024-03-15 11:00:00+00:00,143.117,143.257,142.566,143.166,8076000.21,1767
2024-03-15 12:00:00+00:00,143.117,143.257,142.566,143.166,8076000.21,1768
2024-03-15 13:00:00+00:00,142.346,143.127,141.646,141.907,8966400.15,1769
2024-03-15 14:00:00+00:00,141.887,142.047,141.066,141.246,13977600.1,1770
2024-03-15 15:00:00+00:00,141.257,141.357,140.406,140.566,9973199.84,1771
2024-03-15 16:00:00+00:00,140.567,140.617,140.017,140.136,7434000.02,1772
2024-03-15 17:00:00+00:00,140.147,140.997,140.137,140.936,5900400.16,1773
2024-03-15 18:00:00+00:00,140.936,141.407,140.786,141.196,5602799.89,1774
2024-03-15 19:00:00+00:00,141.206,141.687,140.847,141.216,7238399.98,1775
2024-03-15 20:00:00+00:00,141.206,141.687,140.847,141.216,7238399.98,1776
2024-03-15 21:00:00+00:00,141.206,141.687,140.847,141.216,7238399.98,1777
2024-03-15 22:00:00+00:00,141.206,141.687,140.847,141.216,7238399.98,1778
2024-03-15 23:00:00+00:00,141.206,141.687,140.847,141.216,7238399.98,1779
2024-03-16 00:00:00+00:00,141.206,141.687,140.847,141.216,7238399.98,1780
2024-03-16 01:00:00+00:00,141.206,141.687,140.847,141.216,7238399.98,1781
2024-03-16 02:00:00+00:00,141.206,141.687,140.847,141.216,7238399.98,1782
2024-03-16 03:00:00+00:00,141.206,141.687,140.847,141.216,7238399.98,1783
2024-03-16 04:00:00+00:00,141.206,141.687,140.847,141.216,7238399.98,1784
2024-03-16 05:00:00+00:00,141.206,141.687,140.847,141.216,7238399.98,1785
2024-03-16 06:00:00+00:00,141.206,141.687,140.847,141.216,7238399.98,1786
2024-03-16 07:00:00+00:00,141.206,141.687,140.847,141.216,7238399.98,1787
2024-03-16 08:00:00+00:00,141.206,141.687,140.847,141.216,7238399.98,1788
2024-03-16 09:00:00+00:00,141.206,141.687,140.847,141.216,7238399.98,1789
2024-03-16 10:00:00+00:00,141.206,141.687,140.847,141.216,7238399.98,1790
2024-03-16 11:00:00+00:00,141.206,141.687,140.847,141.216,7238399.98,1791
2024-03-16 12:00:00+00:00,141.206,141.687,140.847,141.216,7238399.98,1792
2024-03-16 13:00:00+00:00,141.206,141.687,140.847,141.216,7238399.98,1793
2024-03-16 14:00:00+00:00,141.206,141.687,140.847,141.216,7238399.98,1794
2024-03-16 15:00:00+00:00,141.206,141.687,140.847,141.216,7238399.98,1795
2024-03-16 16:00:00+00:00,141.206,141.687,140.847,141.216,7238399.98,1796
2024-03-16 17:00:00+00:00,141.206,141.687,140.847,141.216,7238399.98,1797
2024-03-16 18:00:00+00:00,141.206,141.687,140.847,141.216,7238399.98,1798
2024-03-16 19:00:00+00:00,141.206,141.687,140.847,141.216,7238399.98,1799
2024-03-16 20:00:00+00:00,141.206,141.687,140.847,141.216,7238399.98,1800
2024-03-16 21:00:00+00:00,141.206,141.687,140.847,141.216,7238399.98,1801
2024-03-16 22:00:00+00:00,141.206,141.687,140.847,141.216,7238399.98,1802
2024-03-16 23:00:00+00:00,141.206,141.687,140.847,141.216,7238399.98,1803
2024-03-17 00:00:00+00:00,141.206,141.687,140.847,141.216,7238399.98,1804
2024-03-17 01:00:00+00:00,141.206,141.687,140.847,141.216,7238399.98,1805
2024-03-17 02:00:00+00:00,141.206,141.687,140.847,141.216,7238399.98,1806
2024-03-17 03:00:00+00:00,141.206,141.687,140.847,141.216,7238399.98,1807
2024-03-17 04:00:00+00:00,141.206,141.687,140.847,141.216,7238399.98,1808
2024-03-17 05:00:00+00:00,141.206,141.687,140.847,141.216,7238399.98,1809
2024-03-17 06:00:00+00:00,141.206,141.687,140.847,141.216,7238399.98,1810
2024-03-17 07:00:00+00:00,141.206,141.687,140.847,141.216,7238399.98,1811
2024-03-17 08:00:00+00:00,141.206,141.687,140.847,141.216,7238399.98,1812
2024-03-17 09:00:00+00:00,141.206,141.687,140.847,141.216,7238399.98,1813
2024-03-17 10:00:00+00:00,141.206,141.687,140.847,141.216,7238399.98,1814
2024-03-17 11:00:00+00:00,141.206,141.687,140.847,141.216,7238399.98,1815
2024-03-17 12:00:00+00:00,141.206,141.687,140.847,141.216,7238399.98,1816
2024-03-17 13:00:00+00:00,141.206,141.687,140.847,141.216,7238399.98,1817
2024-03-17 14:00:00+00:00,141.206,141.687,140.847,141.216,7238399.98,1818
2024-03-17 15:00:00+00:00,141.206,141.687,140.847,141.216,7238399.98,1819
2024-03-17 16:00:00+00:00,141.206,141.687,140.847,141.216,7238399.98,1820
2024-03-17 17:00:00+00:00,141.206,141.687,140.847,141.216,7238399.98,1821
2024-03-17 18:00:00+00:00,141.206,141.687,140.847,141.216,7238399.98,1822
2024-03-17 19:00:00+00:00,141.206,141.687,140.847,141.216,7238399.98,1823
2024-03-17 20:00:00+00:00,141.206,141.687,140.847,141.216,7238399.98,1824
2024-03-17 21:00:00+00:00,141.206,141.687,140.847,141.216,7238399.98,1825
2024-03-17 22:00:00+00:00,141.206,141.687,140.847,141.216,7238399.98,1826
2024-03-17 23:00:00+00:00,141.206,141.687,140.847,141.216,7238399.98,1827
2024-03-18 00:00:00+00:00,141.206,141.687,140.847,141.216,7238399.98,1828
2024-03-18 01:00:00+00:00,141.206,141.687,140.847,141.216,7238399.98,1829
2024-03-18 02:00:00+00:00,141.206,141.687,140.847,141.216,7238399.98,1830
2024-03-18 03:00:00+00:00,141.206,141.687,140.847,141.216,7238399.98,1831
2024-03-18 04:00:00+00:00,141.206,141.687,140.847,141.216,7238399.98,1832
2024-03-18 05:00:00+00:00,141.206,141.687,140.847,141.216,7238399.98,1833
2024-03-18 06:00:00+00:00,141.206,141.687,140.847,141.216,7238399.98,1834
2024-03-18 07:00:00+00:00,141.206,141.687,140.847,141.216,7238399.98,1835
2024-03-18 08:00:00+00:00,141.206,141.687,140.847,141.216,7238399.98,1836
2024-03-18 09:00:00+00:00,141.206,141.687,140.847,141.216,7238399.98,1837
2024-03-18 10:00:00+00:00,141.206,141.687,140.847,141.216,7238399.98,1838
2024-03-18 11:00:00+00:00,141.206,141.687,140.847,141.216,7238399.98,1839
2024-03-18 12:00:00+00:00,141.206,141.687,140.847,141.216,7238399.98,1840
2024-03-18 13:00:00+00:00,148.597,152.127,148.597,150.086,13592399.6,1841
2024-03-18 14:00:00+00:00,150.067,151.327,149.146,150.996,15398400.31,1842
2024-03-18 15:00:00+00:00,151.007,151.187,149.696,149.717,11192399.98,1843
2024-03-18 16:00:00+00:00,149.706,149.806,148.007,148.147,9896400.45,1844
2024-03-18 17:00:00+00:00,148.136,148.617,147.876,148.316,8385600.09,1845
2024-03-18 18:00:00+00:00,148.327,148.527,147.156,147.436,7822800.16,1846
2024-03-18 19:00:00+00:00,147.427,147.976,147.206,147.676,6903600.22,1847
2024-03-18 20:00:00+00:00,147.427,147.976,147.206,147.676,6903600.22,1848
2024-03-18 21:00:00+00:00,147.427,147.976,147.206,147.676,6903600.22,1849
2024-03-18 22:00:00+00:00,147.427,147.976,147.206,147.676,6903600.22,1850
2024-03-18 23:00:00+00:00,147.427,147.976,147.206,147.676,6903600.22,1851
2024-03-19 00:00:00+00:00,147.427,147.976,147.206,147.676,6903600.22,1852
2024-03-19 01:00:00+00:00,147.427,147.976,147.206,147.676,6903600.22,1853
2024-03-19 02:00:00+00:00,147.427,147.976,147.206,147.676,6903600.22,1854
2024-03-19 03:00:00+00:00,147.427,147.976,147.206,147.676,6903600.22,1855
2024-03-19 04:00:00+00:00,147.427,147.976,147.206,147.676,6903600.22,1856
2024-03-19 05:00:00+00:00,147.427,147.976,147.206,147.676,6903600.22,1857
2024-03-19 06:00:00+00:00,147.427,147.976,147.206,147.676,6903600.22,1858
2024-03-19 07:00:00+00:00,147.427,147.976,147.206,147.676,6903600.22,1859
2024-03-19 08:00:00+00:00,147.427,147.976,147.206,147.676,6903600.22,1860
2024-03-19 09:00:00+00:00,147.427,147.976,147.206,147.676,6903600.22,1861
2024-03-19 10:00:00+00:00,147.427,147.976,147.206,147.676,6903600.22,1862
2024-03-19 11:00:00+00:00,147.427,147.976,147.206,147.676,6903600.22,1863
2024-03-19 12:00:00+00:00,147.427,147.976,147.206,147.676,6903600.22,1864
2024-03-19 13:00:00+00:00,148.146,148.767,146.216,146.316,8740799.9,1865
2024-03-19 14:00:00+00:00,146.327,146.937,146.156,146.617,10881600.38,1866
2024-03-19 15:00:00+00:00,146.627,146.736,146.106,146.416,7739999.77,1867
2024-03-19 16:00:00+00:00,146.426,146.556,146.076,146.536,6171599.87,1868
2024-03-19 17:00:00+00:00,146.546,147.077,146.546,146.997,5823599.82,1869
2024-03-19 18:00:00+00:00,147.007,147.127,146.836,147.007,4645199.78,1870
2024-03-19 19:00:00+00:00,146.987,147.346,146.627,147.016,6838799.95,1871
2024-03-19 20:00:00+00:00,146.987,147.346,146.627,147.016,6838799.95,1872
2024-03-19 21:00:00+00:00,146.987,147.346,146.627,147.016,6838799.95,1873
2024-03-19 22:00:00+00:00,146.987,147.346,146.627,147.016,6838799.95,1874
2024-03-19 23:00:00+00:00,146.987,147.346,146.627,147.016,6838799.95,1875
2024-03-20 00:00:00+00:00,146.987,147.346,146.627,147.016,6838799.95,1876
2024-03-20 01:00:00+00:00,146.987,147.346,146.627,147.016,6838799.95,1877
2024-03-20 02:00:00+00:00,146.987,147.346,146.627,147.016,6838799.95,1878
2024-03-20 03:00:00+00:00,146.987,147.346,146.627,147.016,6838799.95,1879
2024-03-20 04:00:00+00:00,146.987,147.346,146.627,147.016,6838799.95,1880
2024-03-20 05:00:00+00:00,146.987,147.346,146.627,147.016,6838799.95,1881
2024-03-20 06:00:00+00:00,146.987,147.346,146.627,147.016,6838799.95,1882
2024-03-20 07:00:00+00:00,146.987,147.346,146.627,147.016,6838799.95,1883
2024-03-20 08:00:00+00:00,146.987,147.346,146.627,147.016,6838799.95,1884
2024-03-20 09:00:00+00:00,146.987,147.346,146.627,147.016,6838799.95,1885
2024-03-20 10:00:00+00:00,146.987,147.346,146.627,147.016,6838799.95,1886
2024-03-20 11:00:00+00:00,146.987,147.346,146.627,147.016,6838799.95,1887
2024-03-20 12:00:00+00:00,146.987,147.346,146.627,147.016,6838799.95,1888
2024-03-20 13:00:00+00:00,147.866,148.797,147.096,147.146,6162000.18,1889
2024-03-20 14:00:00+00:00,147.137,147.846,147.086,147.447,7437600.14,1890
2024-03-20 15:00:00+00:00,147.457,147.877,147.176,147.827,5489999.77,1891
2024-03-20 16:00:00+00:00,147.827,147.886,147.266,147.566,5338799.95,1892
2024-03-20 17:00:00+00:00,147.567,147.567,146.726,147.237,4507199.76,1893
2024-03-20 18:00:00+00:00,147.256,148.847,147.256,148.426,18373199.46,1894
2024-03-20 19:00:00+00:00,148.436,148.837,148.327,148.746,11470800.4,1895
2024-03-20 20:00:00+00:00,148.436,148.837,148.327,148.746,11470800.4,1896
2024-03-20 21:00:00+00:00,148.436,148.837,148.327,148.746,11470800.4,1897
2024-03-20 22:00:00+00:00,148.436,148.837,148.327,148.746,11470800.4,1898
2024-03-20 23:00:00+00:00,148.436,148.837,148.327,148.746,11470800.4,1899
2024-03-21 00:00:00+00:00,148.436,148.837,148.327,148.746,11470800.4,1900
2024-03-21 01:00:00+00:00,148.436,148.837,148.327,148.746,11470800.4,1901
2024-03-21 02:00:00+00:00,148.436,148.837,148.327,148.746,11470800.4,1902
2024-03-21 03:00:00+00:00,148.436,148.837,148.327,148.746,11470800.4,1903
2024-03-21 04:00:00+00:00,148.436,148.837,148.327,148.746,11470800.4,1904
2024-03-21 05:00:00+00:00,148.436,148.837,148.327,148.746,11470800.4,1905
2024-03-21 06:00:00+00:00,148.436,148.837,148.327,148.746,11470800.4,1906
2024-03-21 07:00:00+00:00,148.436,148.837,148.327,148.746,11470800.4,1907
2024-03-21 08:00:00+00:00,148.436,148.837,148.327,148.746,11470800.4,1908
2024-03-21 09:00:00+00:00,148.436,148.837,148.327,148.746,11470800.4,1909
2024-03-21 10:00:00+00:00,148.436,148.837,148.327,148.746,11470800.4,1910
2024-03-21 11:00:00+00:00,148.436,148.837,148.327,148.746,11470800.4,1911
2024-03-21 12:00:00+00:00,148.436,148.837,148.327,148.746,11470800.4,1912
2024-03-21 13:00:00+00:00,149.406,150.347,149.396,149.546,6973199.84,1913
2024-03-21 14:00:00+00:00,149.537,149.677,147.236,147.297,11443200.11,1914
2024-03-21 15:00:00+00:00,147.276,147.787,147.016,147.316,9200400.35,1915
2024-03-21 16:00:00+00:00,147.327,147.906,147.246,147.547,6844800.0,1916
2024-03-21 17:00:00+00:00,147.537,147.537,147.136,147.407,5734799.86,1917
2024-03-21 18:00:00+00:00,147.397,147.597,146.927,147.056,6185999.87,1918
2024-03-21 19:00:00+00:00,147.057,147.806,146.896,147.597,6771599.77,1919
2024-03-21 20:00:00+00:00,147.057,147.806,146.896,147.597,6771599.77,1920
2024-03-21 21:00:00+00:00,147.057,147.806,146.896,147.597,6771599.77,1921
2024-03-21 22:00:00+00:00,147.057,147.806,146.896,147.597,6771599.77,1922
2024-03-21 23:00:00+00:00,147.057,147.806,146.896,147.597,6771599.77,1923
2024-03-22 00:00:00+00:00,147.057,147.806,146.896,147.597,6771599.77,1924
2024-03-22 01:00:00+00:00,147.057,147.806,146.896,147.597,6771599.77,1925
2024-03-22 02:00:00+00:00,147.057,147.806,146.896,147.597,6771599.77,1926
2024-03-22 03:00:00+00:00,147.057,147.806,146.896,147.597,6771599.77,1927
2024-03-22 04:00:00+00:00,147.057,147.806,146.896,147.597,6771599.77,1928
2024-03-22 05:00:00+00:00,147.057,147.806,146.896,147.597,6771599.77,1929
2024-03-22 06:00:00+00:00,147.057,147.806,146.896,147.597,6771599.77,1930
2024-03-22 07:00:00+00:00,147.057,147.806,146.896,147.597,6771599.77,1931
2024-03-22 08:00:00+00:00,147.057,147.806,146.896,147.597,6771599.77,1932
2024-03-22 09:00:00+00:00,147.057,147.806,146.896,147.597,6771599.77,1933
2024-03-22 10:00:00+00:00,147.057,147.806,146.896,147.597,6771599.77,1934
2024-03-22 11:00:00+00:00,147.057,147.806,146.896,147.597,6771599.77,1935
2024-03-22 12:00:00+00:00,147.057,147.806,146.896,147.597,6771599.77,1936
2024-03-22 13:00:00+00:00,149.097,151.177,148.957,150.857,7562399.86,1937
2024-03-22 14:00:00+00:00,150.877,151.497,150.566,151.237,9027600.29,1938
2024-03-22 15:00:00+00:00,151.227,151.567,150.596,150.636,5960400.1,1939
2024-03-22 16:00:00+00:00,150.677,150.887,150.187,150.857,5636400.22,1940
2024-03-22 17:00:00+00:00,150.846,150.957,150.457,150.786,4268400.19,1941
2024-03-22 18:00:00+00:00,150.786,151.017,150.536,150.586,3199199.91,1942
2024-03-22 19:00:00+00:00,150.587,151.277,150.396,150.746,6030000.21,1943
2024-03-22 20:00:00+00:00,150.587,151.277,150.396,150.746,6030000.21,1944
2024-03-22 21:00:00+00:00,150.587,151.277,150.396,150.746,6030000.21,1945
2024-03-22 22:00:00+00:00,150.587,151.277,150.396,150.746,6030000.21,1946
2024-03-22 23:00:00+00:00,150.587,151.277,150.396,150.746,6030000.21,1947
2024-03-23 00:00:00+00:00,150.587,151.277,150.396,150.746,6030000.21,1948
2024-03-23 01:00:00+00:00,150.587,151.277,150.396,150.746,6030000.21,1949
2024-03-23 02:00:00+00:00,150.587,151.277,150.396,150.746,6030000.21,1950
2024-03-23 03:00:00+00:00,150.587,151.277,150.396,150.746,6030000.21,1951
2024-03-23 04:00:00+00:00,150.587,151.277,150.396,150.746,6030000.21,1952
2024-03-23 05:00:00+00:00,150.587,151.277,150.396,150.746,6030000.21,1953
2024-03-23 06:00:00+00:00,150.587,151.277,150.396,150.746,6030000.21,1954
2024-03-23 07:00:00+00:00,150.587,151.277,150.396,150.746,6030000.21,1955
2024-03-23 08:00:00+00:00,150.587,151.277,150.396,150.746,6030000.21,1956
2024-03-23 09:00:00+00:00,150.587,151.277,150.396,150.746,6030000.21,1957
2024-03-23 10:00:00+00:00,150.587,151.277,150.396,150.746,6030000.21,1958
2024-03-23 11:00:00+00:00,150.587,151.277,150.396,150.746,6030000.21,1959
2024-03-23 12:00:00+00:00,150.587,151.277,150.396,150.746,6030000.21,1960
2024-03-23 13:00:00+00:00,150.587,151.277,150.396,150.746,6030000.21,1961
2024-03-23 14:00:00+00:00,150.587,151.277,150.396,150.746,6030000.21,1962
2024-03-23 15:00:00+00:00,150.587,151.277,150.396,150.746,6030000.21,1963
2024-03-23 16:00:00+00:00,150.587,151.277,150.396,150.746,6030000.21,1964
2024-03-23 17:00:00+00:00,150.587,151.277,150.396,150.746,6030000.21,1965
2024-03-23 18:00:00+00:00,150.587,151.277,150.396,150.746,6030000.21,1966
2024-03-23 19:00:00+00:00,150.587,151.277,150.396,150.746,6030000.21,1967
2024-03-23 20:00:00+00:00,150.587,151.277,150.396,150.746,6030000.21,1968
2024-03-23 21:00:00+00:00,150.587,151.277,150.396,150.746,6030000.21,1969
2024-03-23 22:00:00+00:00,150.587,151.277,150.396,150.746,6030000.21,1970
2024-03-23 23:00:00+00:00,150.587,151.277,150.396,150.746,6030000.21,1971
2024-03-24 00:00:00+00:00,150.587,151.277,150.396,150.746,6030000.21,1972
2024-03-24 01:00:00+00:00,150.587,151.277,150.396,150.746,6030000.21,1973
2024-03-24 02:00:00+00:00,150.587,151.277,150.396,150.746,6030000.21,1974
2024-03-24 03:00:00+00:00,150.587,151.277,150.396,150.746,6030000.21,1975
2024-03-24 04:00:00+00:00,150.587,151.277,150.396,150.746,6030000.21,1976
2024-03-24 05:00:00+00:00,150.587,151.277,150.396,150.746,6030000.21,1977
2024-03-24 06:00:00+00:00,150.587,151.277,150.396,150.746,6030000.21,1978
2024-03-24 07:00:00+00:00,150.587,151.277,150.396,150.746,6030000.21,1979
2024-03-24 08:00:00+00:00,150.587,151.277,150.396,150.746,6030000.21,1980
2024-03-24 09:00:00+00:00,150.587,151.277,150.396,150.746,6030000.21,1981
2024-03-24 10:00:00+00:00,150.587,151.277,150.396,150.746,6030000.21,1982
2024-03-24 11:00:00+00:00,150.587,151.277,150.396,150.746,6030000.21,1983
2024-03-24 12:00:00+00:00,150.587,151.277,150.396,150.746,6030000.21,1984
2024-03-24 13:00:00+00:00,150.587,151.277,150.396,150.746,6030000.21,1985
2024-03-24 14:00:00+00:00,150.587,151.277,150.396,150.746,6030000.21,1986
2024-03-24 15:00:00+00:00,150.587,151.277,150.396,150.746,6030000.21,1987
2024-03-24 16:00:00+00:00,150.587,151.277,150.396,150.746,6030000.21,1988
2024-03-24 17:00:00+00:00,150.587,151.277,150.396,150.746,6030000.21,1989
2024-03-24 18:00:00+00:00,150.587,151.277,150.396,150.746,6030000.21,1990
2024-03-24 19:00:00+00:00,150.587,151.277,150.396,150.746,6030000.21,1991
2024-03-24 20:00:00+00:00,150.587,151.277,150.396,150.746,6030000.21,1992
2024-03-24 21:00:00+00:00,150.587,151.277,150.396,150.746,6030000.21,1993
2024-03-24 22:00:00+00:00,150.587,151.277,150.396,150.746,6030000.21,1994
2024-03-24 23:00:00+00:00,150.587,151.277,150.396,150.746,6030000.21,1995
2024-03-25 00:00:00+00:00,150.587,151.277,150.396,150.746,6030000.21,1996
2024-03-25 01:00:00+00:00,150.587,151.277,150.396,150.746,6030000.21,1997
2024-03-25 02:00:00+00:00,150.587,151.277,150.396,150.746,6030000.21,1998
2024-03-25 03:00:00+00:00,150.587,151.277,150.396,150.746,6030000.21,1999
2024-03-25 04:00:00+00:00,150.587,151.277,150.396,150.746,6030000.21,2000
2024-03-25 05:00:00+00:00,150.587,151.277,150.396,150.746,6030000.21,2001
2024-03-25 06:00:00+00:00,150.587,151.277,150.396,150.746,6030000.21,2002
2024-03-25 07:00:00+00:00,150.587,151.277,150.396,150.746,6030000.21,2003
2024-03-25 08:00:00+00:00,150.587,151.277,150.396,150.746,6030000.21,2004
2024-03-25 09:00:00+00:00,150.587,151.277,150.396,150.746,6030000.21,2005
2024-03-25 10:00:00+00:00,150.587,151.277,150.396,150.746,6030000.21,2006
2024-03-25 11:00:00+00:00,150.587,151.277,150.396,150.746,6030000.21,2007
2024-03-25 12:00:00+00:00,150.587,151.277,150.396,150.746,6030000.21,2008
2024-03-25 13:00:00+00:00,149.887,150.137,147.807,148.657,5793600.08,2009
2024-03-25 14:00:00+00:00,148.647,149.387,148.456,149.027,8467200.28,2010
2024-03-25 15:00:00+00:00,149.037,149.527,148.977,149.527,6518400.19,2011
2024-03-25 16:00:00+00:00,149.546,149.867,149.196,149.477,5347199.92,2012
2024-03-25 17:00:00+00:00,149.496,149.537,149.246,149.347,2912400.01,2013
2024-03-25 18:00:00+00:00,149.357,149.887,149.336,149.867,2052000.05,2014
2024-03-25 19:00:00+00:00,149.876,150.367,149.807,150.056,5422800.06,2015
2024-03-25 20:00:00+00:00,149.876,150.367,149.807,150.056,5422800.06,2016
2024-03-25 21:00:00+00:00,149.876,150.367,149.807,150.056,5422800.06,2017
2024-03-25 22:00:00+00:00,149.876,150.367,149.807,150.056,5422800.06,2018
2024-03-25 23:00:00+00:00,149.876,150.367,149.807,150.056,5422800.06,2019
2024-03-26 00:00:00+00:00,149.876,150.367,149.807,150.056,5422800.06,2020
2024-03-26 01:00:00+00:00,149.876,150.367,149.807,150.056,5422800.06,2021
2024-03-26 02:00:00+00:00,149.876,150.367,149.807,150.056,5422800.06,2022
2024-03-26 03:00:00+00:00,149.876,150.367,149.807,150.056,5422800.06,2023
2024-03-26 04:00:00+00:00,149.876,150.367,149.807,150.056,5422800.06,2024
2024-03-26 05:00:00+00:00,149.876,150.367,149.807,150.056,5422800.06,2025
2024-03-26 06:00:00+00:00,149.876,150.367,149.807,150.056,5422800.06,2026
2024-03-26 07:00:00+00:00,149.876,150.367,149.807,150.056,5422800.06,2027
2024-03-26 08:00:00+00:00,149.876,150.367,149.807,150.056,5422800.06,2028
2024-03-26 09:00:00+00:00,149.876,150.367,149.807,150.056,5422800.06,2029
2024-03-26 10:00:00+00:00,149.876,150.367,149.807,150.056,5422800.06,2030
2024-03-26 11:00:00+00:00,149.876,150.367,149.807,150.056,5422800.06,2031
2024-03-26 12:00:00+00:00,149.876,150.367,149.807,150.056,5422800.06,2032
2024-03-26 13:00:00+00:00,150.187,150.857,149.967,150.476,5445600.03,2033
2024-03-26 14:00:00+00:00,150.496,151.217,150.486,151.077,8199600.22,2034
2024-03-26 15:00:00+00:00,151.087,152.247,151.047,152.006,5194799.9,2035
2024-03-26 16:00:00+00:00,152.017,152.137,151.337,151.636,5297999.86,2036
2024-03-26 17:00:00+00:00,151.626,151.817,151.426,151.547,3875999.93,2037
2024-03-26 18:00:00+00:00,151.546,151.756,151.266,151.647,2796000.0,2038
2024-03-26 19:00:00+00:00,151.657,151.727,150.587,150.766,7119599.82,2039
2024-03-26 20:00:00+00:00,151.657,151.727,150.587,150.766,7119599.82,2040
2024-03-26 21:00:00+00:00,151.657,151.727,150.587,150.766,7119599.82,2041
2024-03-26 22:00:00+00:00,151.657,151.727,150.587,150.766,7119599.82,2042
2024-03-26 23:00:00+00:00,151.657,151.727,150.587,150.766,7119599.82,2043
2024-03-27 00:00:00+00:00,151.657,151.727,150.587,150.766,7119599.82,2044
2024-03-27 01:00:00+00:00,151.657,151.727,150.587,150.766,7119599.82,2045
2024-03-27 02:00:00+00:00,151.657,151.727,150.587,150.766,7119599.82,2046
2024-03-27 03:00:00+00:00,151.657,151.727,150.587,150.766,7119599.82,2047
2024-03-27 04:00:00+00:00,151.657,151.727,150.587,150.766,7119599.82,2048
2024-03-27 05:00:00+00:00,151.657,151.727,150.587,150.766,7119599.82,2049
2024-03-27 06:00:00+00:00,151.657,151.727,150.587,150.766,7119599.82,2050
2024-03-27 07:00:00+00:00,151.657,151.727,150.587,150.766,7119599.82,2051
2024-03-27 08:00:00+00:00,151.657,151.727,150.587,150.766,7119599.82,2052
2024-03-27 09:00:00+00:00,151.657,151.727,150.587,150.766,7119599.82,2053
2024-03-27 10:00:00+00:00,151.657,151.727,150.587,150.766,7119599.82,2054
2024-03-27 11:00:00+00:00,151.657,151.727,150.587,150.766,7119599.82,2055
2024-03-27 12:00:00+00:00,151.657,151.727,150.587,150.766,7119599.82,2056
2024-03-27 13:00:00+00:00,151.096,151.627,150.317,150.886,7069200.04,2057
2024-03-27 14:00:00+00:00,150.897,151.026,149.526,149.616,12087599.75,2058
2024-03-27 15:00:00+00:00,149.606,149.747,148.906,149.206,8434800.15,2059
2024-03-27 16:00:00+00:00,149.217,150.577,149.206,149.537,7561200.14,2060
2024-03-27 17:00:00+00:00,149.526,149.587,149.226,149.536,4514400.01,2061
2024-03-27 18:00:00+00:00,149.527,149.827,149.406,149.557,3878400.09,2062
2024-03-27 19:00:00+00:00,149.567,150.907,149.456,150.896,8006400.11,2063
2024-03-27 20:00:00+00:00,149.567,150.907,149.456,150.896,8006400.11,2064
2024-03-27 21:00:00+00:00,149.567,150.907,149.456,150.896,8006400.11,2065
2024-03-27 22:00:00+00:00,149.567,150.907,149.456,150.896,8006400.11,2066
2024-03-27 23:00:00+00:00,149.567,150.907,149.456,150.896,8006400.11,2067
2024-03-28 00:00:00+00:00,149.567,150.907,149.456,150.896,8006400.11,2068
2024-03-28 01:00:00+00:00,149.567,150.907,149.456,150.896,8006400.11,2069
2024-03-28 02:00:00+00:00,149.567,150.907,149.456,150.896,8006400.11,2070
2024-03-28 03:00:00+00:00,149.567,150.907,149.456,150.896,8006400.11,2071
2024-03-28 04:00:00+00:00,149.567,150.907,149.456,150.896,8006400.11,2072
2024-03-28 05:00:00+00:00,149.567,150.907,149.456,150.896,8006400.11,2073
2024-03-28 06:00:00+00:00,149.567,150.907,149.456,150.896,8006400.11,2074
2024-03-28 07:00:00+00:00,149.567,150.907,149.456,150.896,8006400.11,2075
2024-03-28 08:00:00+00:00,149.567,150.907,149.456,150.896,8006400.11,2076
2024-03-28 09:00:00+00:00,149.567,150.907,149.456,150.896,8006400.11,2077
2024-03-28 10:00:00+00:00,149.567,150.907,149.456,150.896,8006400.11,2078
2024-03-28 11:00:00+00:00,149.567,150.907,149.456,150.896,8006400.11,2079
2024-03-28 12:00:00+00:00,149.567,150.907,149.456,150.896,8006400.11,2080
2024-03-28 13:00:00+00:00,150.777,151.416,150.147,150.697,4918799.88,2081
2024-03-28 14:00:00+00:00,150.666,150.957,150.266,150.666,7417200.09,2082
2024-03-28 15:00:00+00:00,150.677,150.886,150.327,150.447,5416800.02,2083
2024-03-28 16:00:00+00:00,150.456,150.787,150.316,150.717,4286399.84,2084
2024-03-28 17:00:00+00:00,150.717,150.817,150.536,150.757,3787199.97,2085
2024-03-28 18:00:00+00:00,150.766,151.316,150.676,151.226,4190400.12,2086
2024-03-28 19:00:00+00:00,151.237,151.387,150.786,150.876,5989200.12,2087
2024-03-28 20:00:00+00:00,151.237,151.387,150.786,150.876,5989200.12,2088
2024-03-28 21:00:00+00:00,151.237,151.387,150.786,150.876,5989200.12,2089
2024-03-28 22:00:00+00:00,151.237,151.387,150.786,150.876,5989200.12,2090
2024-03-28 23:00:00+00:00,151.237,151.387,150.786,150.876,5989200.12,2091
2024-03-29 00:00:00+00:00,151.237,151.387,150.786,150.876,5989200.12,2092
2024-03-29 01:00:00+00:00,151.237,151.387,150.786,150.876,5989200.12,2093
2024-03-29 02:00:00+00:00,151.237,151.387,150.786,150.876,5989200.12,2094
2024-03-29 03:00:00+00:00,151.237,151.387,150.786,150.876,5989200.12,2095
2024-03-29 04:00:00+00:00,151.237,151.387,150.786,150.876,5989200.12,2096
2024-03-29 05:00:00+00:00,151.237,151.387,150.786,150.876,5989200.12,2097
2024-03-29 06:00:00+00:00,151.237,151.387,150.786,150.876,5989200.12,2098
2024-03-29 07:00:00+00:00,151.237,151.387,150.786,150.876,5989200.12,2099
2024-03-29 08:00:00+00:00,151.237,151.387,150.786,150.876,5989200.12,2100
2024-03-29 09:00:00+00:00,151.237,151.387,150.786,150.876,5989200.12,2101
2024-03-29 10:00:00+00:00,151.237,151.387,150.786,150.876,5989200.12,2102
2024-03-29 11:00:00+00:00,151.237,151.387,150.786,150.876,5989200.12,2103
2024-03-29 12:00:00+00:00,151.237,151.387,150.786,150.876,5989200.12,2104
2024-03-29 13:00:00+00:00,151.237,151.387,150.786,150.876,5989200.12,2105
2024-03-29 14:00:00+00:00,151.237,151.387,150.786,150.876,5989200.12,2106
2024-03-29 15:00:00+00:00,151.237,151.387,150.786,150.876,5989200.12,2107
2024-03-29 16:00:00+00:00,151.237,151.387,150.786,150.876,5989200.12,2108
2024-03-29 17:00:00+00:00,151.237,151.387,150.786,150.876,5989200.12,2109
2024-03-29 18:00:00+00:00,151.237,151.387,150.786,150.876,5989200.12,2110
2024-03-29 19:00:00+00:00,151.237,151.387,150.786,150.876,5989200.12,2111
2024-03-29 20:00:00+00:00,151.237,151.387,150.786,150.876,5989200.12,2112
2024-03-29 21:00:00+00:00,151.237,151.387,150.786,150.876,5989200.12,2113
2024-03-29 22:00:00+00:00,151.237,151.387,150.786,150.876,5989200.12,2114
2024-03-29 23:00:00+00:00,151.237,151.387,150.786,150.876,5989200.12,2115
2024-03-30 00:00:00+00:00,151.237,151.387,150.786,150.876,5989200.12,2116
2024-03-30 01:00:00+00:00,151.237,151.387,150.786,150.876,5989200.12,2117
2024-03-30 02:00:00+00:00,151.237,151.387,150.786,150.876,5989200.12,2118
2024-03-30 03:00:00+00:00,151.237,151.387,150.786,150.876,5989200.12,2119
2024-03-30 04:00:00+00:00,151.237,151.387,150.786,150.876,5989200.12,2120
2024-03-30 05:00:00+00:00,151.237,151.387,150.786,150.876,5989200.12,2121
2024-03-30 06:00:00+00:00,151.237,151.387,150.786,150.876,5989200.12,2122
2024-03-30 07:00:00+00:00,151.237,151.387,150.786,150.876,5989200.12,2123
2024-03-30 08:00:00+00:00,151.237,151.387,150.786,150.876,5989200.12,2124
2024-03-30 09:00:00+00:00,151.237,151.387,150.786,150.876,5989200.12,2125
2024-03-30 10:00:00+00:00,151.237,151.387,150.786,150.876,5989200.12,2126
2024-03-30 11:00:00+00:00,151.237,151.387,150.786,150.876,5989200.12,2127
2024-03-30 12:00:00+00:00,151.237,151.387,150.786,150.876,5989200.12,2128
2024-03-30 13:00:00+00:00,151.237,151.387,150.786,150.876,5989200.12,2129
2024-03-30 14:00:00+00:00,151.237,151.387,150.786,150.876,5989200.12,2130
2024-03-30 15:00:00+00:00,151.237,151.387,150.786,150.876,5989200.12,2131
2024-03-30 16:00:00+00:00,151.237,151.387,150.786,150.876,5989200.12,2132
2024-03-30 17:00:00+00:00,151.237,151.387,150.786,150.876,5989200.12,2133
2024-03-30 18:00:00+00:00,151.237,151.387,150.786,150.876,5989200.12,2134
2024-03-30 19:00:00+00:00,151.237,151.387,150.786,150.876,5989200.12,2135
2024-03-30 20:00:00+00:00,151.237,151.387,150.786,150.876,5989200.12,2136
2024-03-30 21:00:00+00:00,151.237,151.387,150.786,150.876,5989200.12,2137
2024-03-30 22:00:00+00:00,151.237,151.387,150.786,150.876,5989200.12,2138
2024-03-30 23:00:00+00:00,151.237,151.387,150.786,150.876,5989200.12,2139
2024-03-31 00:00:00+00:00,151.237,151.387,150.786,150.876,5989200.12,2140
2024-03-31 01:00:00+00:00,151.237,151.387,150.786,150.876,5989200.12,2141
2024-03-31 02:00:00+00:00,151.237,151.387,150.786,150.876,5989200.12,2142
2024-03-31 03:00:00+00:00,151.237,151.387,150.786,150.876,5989200.12,2143
2024-03-31 04:00:00+00:00,151.237,151.387,150.786,150.876,5989200.12,2144
2024-03-31 05:00:00+00:00,151.237,151.387,150.786,150.876,5989200.12,2145
2024-03-31 06:00:00+00:00,151.237,151.387,150.786,150.876,5989200.12,2146
2024-03-31 07:00:00+00:00,151.237,151.387,150.786,150.876,5989200.12,2147
2024-03-31 08:00:00+00:00,151.237,151.387,150.786,150.876,5989200.12,2148
2024-03-31 09:00:00+00:00,151.237,151.387,150.786,150.876,5989200.12,2149
2024-03-31 10:00:00+00:00,151.237,151.387,150.786,150.876,5989200.12,2150
2024-03-31 11:00:00+00:00,151.237,151.387,150.786,150.876,5989200.12,2151
2024-03-31 12:00:00+00:00,151.237,151.387,150.786,150.876,5989200.12,2152
2024-03-31 13:00:00+00:00,151.237,151.387,150.786,150.876,5989200.12,2153
2024-03-31 14:00:00+00:00,151.237,151.387,150.786,150.876,5989200.12,2154
2024-03-31 15:00:00+00:00,151.237,151.387,150.786,150.876,5989200.12,2155
2024-03-31 16:00:00+00:00,151.237,151.387,150.786,150.876,5989200.12,2156
2024-03-31 17:00:00+00:00,151.237,151.387,150.786,150.876,5989200.12,2157
2024-03-31 18:00:00+00:00,151.237,151.387,150.786,150.876,5989200.12,2158
2024-03-31 19:00:00+00:00,151.237,151.387,150.786,150.876,5989200.12,2159
2024-03-31 20:00:00+00:00,151.237,151.387,150.786,150.876,5989200.12,2160
2024-03-31 21:00:00+00:00,151.237,151.387,150.786,150.876,5989200.12,2161
2024-03-31 22:00:00+00:00,151.237,151.387,150.786,150.876,5989200.12,2162
2024-03-31 23:00:00+00:00,151.237,151.387,150.786,150.876,5989200.12,2163
2024-04-01 00:00:00+00:00,151.237,151.387,150.786,150.876,5989200.12,2164
2024-04-01 01:00:00+00:00,151.237,151.387,150.786,150.876,5989200.12,2165
2024-04-01 02:00:00+00:00,151.237,151.387,150.786,150.876,5989200.12,2166
2024-04-01 03:00:00+00:00,151.237,151.387,150.786,150.876,5989200.12,2167
2024-04-01 04:00:00+00:00,151.237,151.387,150.786,150.876,5989200.12,2168
2024-04-01 05:00:00+00:00,151.237,151.387,150.786,150.876,5989200.12,2169
2024-04-01 06:00:00+00:00,151.237,151.387,150.786,150.876,5989200.12,2170
2024-04-01 07:00:00+00:00,151.237,151.387,150.786,150.876,5989200.12,2171
2024-04-01 08:00:00+00:00,151.237,151.387,150.786,150.876,5989200.12,2172
2024-04-01 09:00:00+00:00,151.237,151.387,150.786,150.876,5989200.12,2173
2024-04-01 10:00:00+00:00,151.237,151.387,150.786,150.876,5989200.12,2174
2024-04-01 11:00:00+00:00,151.237,151.387,150.786,150.876,5989200.12,2175
2024-04-01 12:00:00+00:00,151.237,151.387,150.786,150.876,5989200.12,2176
2024-04-01 13:00:00+00:00,150.556,155.667,150.556,154.797,7778399.94,2177
2024-04-01 14:00:00+00:00,154.777,155.477,154.386,154.797,10063200.0,2178
2024-04-01 15:00:00+00:00,154.806,155.527,154.466,154.736,7795199.87,2179
2024-04-01 16:00:00+00:00,154.746,155.256,154.716,154.917,5896800.04,2180
2024-04-01 17:00:00+00:00,154.906,155.136,154.726,154.966,5090400.22,2181
2024-04-01 18:00:00+00:00,154.966,155.227,154.726,155.066,4928400.04,2182
2024-04-01 19:00:00+00:00,155.056,155.557,154.856,155.396,6736800.19,2183
2024-04-01 20:00:00+00:00,155.056,155.557,154.856,155.396,6736800.19,2184
2024-04-01 21:00:00+00:00,155.056,155.557,154.856,155.396,6736800.19,2185
2024-04-01 22:00:00+00:00,155.056,155.557,154.856,155.396,6736800.19,2186
2024-04-01 23:00:00+00:00,155.056,155.557,154.856,155.396,6736800.19,2187
2024-04-02 00:00:00+00:00,155.056,155.557,154.856,155.396,6736800.19,2188
2024-04-02 01:00:00+00:00,155.056,155.557,154.856,155.396,6736800.19,2189
2024-04-02 02:00:00+00:00,155.056,155.557,154.856,155.396,6736800.19,2190
2024-04-02 03:00:00+00:00,155.056,155.557,154.856,155.396,6736800.19,2191
2024-04-02 04:00:00+00:00,155.056,155.557,154.856,155.396,6736800.19,2192
2024-04-02 05:00:00+00:00,155.056,155.557,154.856,155.396,6736800.19,2193
2024-04-02 06:00:00+00:00,155.056,155.557,154.856,155.396,6736800.19,2194
2024-04-02 07:00:00+00:00,155.056,155.557,154.856,155.396,6736800.19,2195
2024-04-02 08:00:00+00:00,155.056,155.557,154.856,155.396,6736800.19,2196
2024-04-02 09:00:00+00:00,155.056,155.557,154.856,155.396,6736800.19,2197
2024-04-02 10:00:00+00:00,155.056,155.557,154.856,155.396,6736800.19,2198
2024-04-02 11:00:00+00:00,155.056,155.557,154.856,155.396,6736800.19,2199
2024-04-02 12:00:00+00:00,155.056,155.557,154.856,155.396,6736800.19,2200
2024-04-02 13:00:00+00:00,153.486,154.037,152.126,152.957,7467599.87,2201
2024-04-02 14:00:00+00:00,152.956,153.857,152.637,153.006,9757200.24,2202
2024-04-02 15:00:00+00:00,152.997,153.126,152.716,152.727,1473600.03,2203
2024-04-02 16:00:00+00:00,153.657,153.976,153.396,153.767,4553999.9,2204
2024-04-02 17:00:00+00:00,153.787,154.047,153.556,154.037,4971600.06,2205
2024-04-02 18:00:00+00:00,154.056,154.167,153.706,153.927,3964799.88,2206
2024-04-02 19:00:00+00:00,153.917,154.687,153.896,154.596,6473999.98,2207
2024-04-02 20:00:00+00:00,153.917,154.687,153.896,154.596,6473999.98,2208
2024-04-02 21:00:00+00:00,153.917,154.687,153.896,154.596,6473999.98,2209
2024-04-02 22:00:00+00:00,153.917,154.687,153.896,154.596,6473999.98,2210
2024-04-02 23:00:00+00:00,153.917,154.687,153.896,154.596,6473999.98,2211
2024-04-03 00:00:00+00:00,153.917,154.687,153.896,154.596,6473999.98,2212
2024-04-03 01:00:00+00:00,153.917,154.687,153.896,154.596,6473999.98,2213
2024-04-03 02:00:00+00:00,153.917,154.687,153.896,154.596,6473999.98,2214
2024-04-03 03:00:00+00:00,153.917,154.687,153.896,154.596,6473999.98,2215
2024-04-03 04:00:00+00:00,153.917,154.687,153.896,154.596,6473999.98,2216
2024-04-03 05:00:00+00:00,153.917,154.687,153.896,154.596,6473999.98,2217
2024-04-03 06:00:00+00:00,153.917,154.687,153.896,154.596,6473999.98,2218
2024-04-03 07:00:00+00:00,153.917,154.687,153.896,154.596,6473999.98,2219
2024-04-03 08:00:00+00:00,153.917,154.687,153.896,154.596,6473999.98,2220
2024-04-03 09:00:00+00:00,153.917,154.687,153.896,154.596,6473999.98,2221
2024-04-03 10:00:00+00:00,153.917,154.687,153.896,154.596,6473999.98,2222
2024-04-03 11:00:00+00:00,153.917,154.687,153.896,154.596,6473999.98,2223
2024-04-03 12:00:00+00:00,153.917,154.687,153.896,154.596,6473999.98,2224
2024-04-03 13:00:00+00:00,153.576,153.946,152.716,153.686,6889200.21,2225
2024-04-03 14:00:00+00:00,153.686,154.757,153.686,154.056,9574799.54,2226
2024-04-03 15:00:00+00:00,154.057,154.337,153.896,154.167,6883200.17,2227
2024-04-03 16:00:00+00:00,154.197,154.757,153.966,154.616,8446800.23,2228
2024-04-03 17:00:00+00:00,154.636,154.837,154.326,154.577,4699200.15,2229
2024-04-03 18:00:00+00:00,154.577,154.877,154.496,154.636,4162799.84,2230
2024-04-03 19:00:00+00:00,154.626,155.067,154.046,154.907,9640800.48,2231
2024-04-03 20:00:00+00:00,154.626,155.067,154.046,154.907,9640800.48,2232
2024-04-03 21:00:00+00:00,154.626,155.067,154.046,154.907,9640800.48,2233
2024-04-03 22:00:00+00:00,154.626,155.067,154.046,154.907,9640800.48,2234
2024-04-03 23:00:00+00:00,154.626,155.067,154.046,154.907,9640800.48,2235
2024-04-04 00:00:00+00:00,154.626,155.067,154.046,154.907,9640800.48,2236
2024-04-04 01:00:00+00:00,154.626,155.067,154.046,154.907,9640800.48,2237
2024-04-04 02:00:00+00:00,154.626,155.067,154.046,154.907,9640800.48,2238
2024-04-04 03:00:00+00:00,154.626,155.067,154.046,154.907,9640800.48,2239
2024-04-04 04:00:00+00:00,154.626,155.067,154.046,154.907,9640800.48,2240
2024-04-04 05:00:00+00:00,154.626,155.067,154.046,154.907,9640800.48,2241
2024-04-04 06:00:00+00:00,154.626,155.067,154.046,154.907,9640800.48,2242
2024-04-04 07:00:00+00:00,154.626,155.067,154.046,154.907,9640800.48,2243
2024-04-04 08:00:00+00:00,154.626,155.067,154.046,154.907,9640800.48,2244
2024-04-04 09:00:00+00:00,154.626,155.067,154.046,154.907,9640800.48,2245
2024-04-04 10:00:00+00:00,154.626,155.067,154.046,154.907,9640800.48,2246
2024-04-04 11:00:00+00:00,154.626,155.067,154.046,154.907,9640800.48,2247
2024-04-04 12:00:00+00:00,154.626,155.067,154.046,154.907,9640800.48,2248
2024-04-04 13:00:00+00:00,153.457,153.957,152.176,152.596,7756800.17,2249
2024-04-04 14:00:00+00:00,152.576,153.537,152.246,153.366,7456799.98,2250
2024-04-04 15:00:00+00:00,153.366,154.537,153.346,154.536,6200399.88,2251
2024-04-04 16:00:00+00:00,154.536,154.767,154.116,154.216,5958000.18,2252
2024-04-04 17:00:00+00:00,154.227,154.566,154.056,154.077,4506000.04,2253
2024-04-04 18:00:00+00:00,154.067,154.076,151.806,152.107,17222400.67,2254
2024-04-04 19:00:00+00:00,152.107,152.167,150.436,150.556,18281999.59,2255
2024-04-04 20:00:00+00:00,152.107,152.167,150.436,150.556,18281999.59,2256
2024-04-04 21:00:00+00:00,152.107,152.167,150.436,150.556,18281999.59,2257
2024-04-04 22:00:00+00:00,152.107,152.167,150.436,150.556,18281999.59,2258
2024-04-04 23:00:00+00:00,152.107,152.167,150.436,150.556,18281999.59,2259
2024-04-05 00:00:00+00:00,152.107,152.167,150.436,150.556,18281999.59,2260
2024-04-05 01:00:00+00:00,152.107,152.167,150.436,150.556,18281999.59,2261
2024-04-05 02:00:00+00:00,152.107,152.167,150.436,150.556,18281999.59,2262
2024-04-05 03:00:00+00:00,152.107,152.167,150.436,150.556,18281999.59,2263
2024-04-05 04:00:00+00:00,152.107,152.167,150.436,150.556,18281999.59,2264
2024-04-05 05:00:00+00:00,152.107,152.167,150.436,150.556,18281999.59,2265
2024-04-05 06:00:00+00:00,152.107,152.167,150.436,150.556,18281999.59,2266
2024-04-05 07:00:00+00:00,152.107,152.167,150.436,150.556,18281999.59,2267
2024-04-05 08:00:00+00:00,152.107,152.167,150.436,150.556,18281999.59,2268
2024-04-05 09:00:00+00:00,152.107,152.167,150.436,150.556,18281999.59,2269
2024-04-05 10:00:00+00:00,152.107,152.167,150.436,150.556,18281999.59,2270
2024-04-05 11:00:00+00:00,152.107,152.167,150.436,150.556,18281999.59,2271
2024-04-05 12:00:00+00:00,152.107,152.167,150.436,150.556,18281999.59,2272
2024-04-05 13:00:00+00:00,150.067,152.817,149.576,152.797,7744800.09,2273
2024-04-05 14:00:00+00:00,152.796,152.987,151.637,152.856,11314800.26,2274
2024-04-05 15:00:00+00:00,152.836,153.217,152.197,153.097,11091600.42,2275
2024-04-05 16:00:00+00:00,153.106,153.417,152.876,153.217,7464000.23,2276
2024-04-05 17:00:00+00:00,153.206,153.317,152.556,152.707,8468400.0,2277
2024-04-05 18:00:00+00:00,152.716,152.987,152.106,152.356,12973199.84,2278
2024-04-05 19:00:00+00:00,152.356,152.787,152.136,152.437,8829600.33,2279
2024-04-05 20:00:00+00:00,152.356,152.787,152.136,152.437,8829600.33,2280
2024-04-05 21:00:00+00:00,152.356,152.787,152.136,152.437,8829600.33,2281
2024-04-05 22:00:00+00:00,152.356,152.787,152.136,152.437,8829600.33,2282
2024-04-05 23:00:00+00:00,152.356,152.787,152.136,152.437,8829600.33,2283
2024-04-06 00:00:00+00:00,152.356,152.787,152.136,152.437,8829600.33,2284
2024-04-06 01:00:00+00:00,152.356,152.787,152.136,152.437,8829600.33,2285
2024-04-06 02:00:00+00:00,152.356,152.787,152.136,152.437,8829600.33,2286
2024-04-06 03:00:00+00:00,152.356,152.787,152.136,152.437,8829600.33,2287
2024-04-06 04:00:00+00:00,152.356,152.787,152.136,152.437,8829600.33,2288
2024-04-06 05:00:00+00:00,152.356,152.787,152.136,152.437,8829600.33,2289
2024-04-06 06:00:00+00:00,152.356,152.787,152.136,152.437,8829600.33,2290
2024-04-06 07:00:00+00:00,152.356,152.787,152.136,152.437,8829600.33,2291
2024-04-06 08:00:00+00:00,152.356,152.787,152.136,152.437,8829600.33,2292
2024-04-06 09:00:00+00:00,152.356,152.787,152.136,152.437,8829600.33,2293
2024-04-06 10:00:00+00:00,152.356,152.787,152.136,152.437,8829600.33,2294
2024-04-06 11:00:00+00:00,152.356,152.787,152.136,152.437,8829600.33,2295
2024-04-06 12:00:00+00:00,152.356,152.787,152.136,152.437,8829600.33,2296
2024-04-06 13:00:00+00:00,152.356,152.787,152.136,152.437,8829600.33,2297
2024-04-06 14:00:00+00:00,152.356,152.787,152.136,152.437,8829600.33,2298
2024-04-06 15:00:00+00:00,152.356,152.787,152.136,152.437,8829600.33,2299
2024-04-06 16:00:00+00:00,152.356,152.787,152.136,152.437,8829600.33,2300
2024-04-06 17:00:00+00:00,152.356,152.787,152.136,152.437,8829600.33,2301
2024-04-06 18:00:00+00:00,152.356,152.787,152.136,152.437,8829600.33,2302
2024-04-06 19:00:00+00:00,152.356,152.787,152.136,152.437,8829600.33,2303
2024-04-06 20:00:00+00:00,152.356,152.787,152.136,152.437,8829600.33,2304
2024-04-06 21:00:00+00:00,152.356,152.787,152.136,152.437,8829600.33,2305
2024-04-06 22:00:00+00:00,152.356,152.787,152.136,152.437,8829600.33,2306
2024-04-06 23:00:00+00:00,152.356,152.787,152.136,152.437,8829600.33,2307
2024-04-07 00:00:00+00:00,152.356,152.787,152.136,152.437,8829600.33,2308
2024-04-07 01:00:00+00:00,152.356,152.787,152.136,152.437,8829600.33,2309
2024-04-07 02:00:00+00:00,152.356,152.787,152.136,152.437,8829600.33,2310
2024-04-07 03:00:00+00:00,152.356,152.787,152.136,152.437,8829600.33,2311
2024-04-07 04:00:00+00:00,152.356,152.787,152.136,152.437,8829600.33,2312
2024-04-07 05:00:00+00:00,152.356,152.787,152.136,152.437,8829600.33,2313
2024-04-07 06:00:00+00:00,152.356,152.787,152.136,152.437,8829600.33,2314
2024-04-07 07:00:00+00:00,152.356,152.787,152.136,152.437,8829600.33,2315
2024-04-07 08:00:00+00:00,152.356,152.787,152.136,152.437,8829600.33,2316
2024-04-07 09:00:00+00:00,152.356,152.787,152.136,152.437,8829600.33,2317
2024-04-07 10:00:00+00:00,152.356,152.787,152.136,152.437,8829600.33,2318
2024-04-07 11:00:00+00:00,152.356,152.787,152.136,152.437,8829600.33,2319
2024-04-07 12:00:00+00:00,152.356,152.787,152.136,152.437,8829600.33,2320
2024-04-07 13:00:00+00:00,152.356,152.787,152.136,152.437,8829600.33,2321
2024-04-07 14:00:00+00:00,152.356,152.787,152.136,152.437,8829600.33,2322
2024-04-07 15:00:00+00:00,152.356,152.787,152.136,152.437,8829600.33,2323
2024-04-07 16:00:00+00:00,152.356,152.787,152.136,152.437,8829600.33,2324
2024-04-07 17:00:00+00:00,152.356,152.787,152.136,152.437,8829600.33,2325
2024-04-07 18:00:00+00:00,152.356,152.787,152.136,152.437,8829600.33,2326
2024-04-07 19:00:00+00:00,152.356,152.787,152.136,152.437,8829600.33,2327
2024-04-07 20:00:00+00:00,152.356,152.787,152.136,152.437,8829600.33,2328
2024-04-07 21:00:00+00:00,152.356,152.787,152.136,152.437,8829600.33,2329
2024-04-07 22:00:00+00:00,152.356,152.787,152.136,152.437,8829600.33,2330
2024-04-07 23:00:00+00:00,152.356,152.787,152.136,152.437,8829600.33,2331
2024-04-08 00:00:00+00:00,152.356,152.787,152.136,152.437,8829600.33,2332
2024-04-08 01:00:00+00:00,152.356,152.787,152.136,152.437,8829600.33,2333
2024-04-08 02:00:00+00:00,152.356,152.787,152.136,152.437,8829600.33,2334
2024-04-08 03:00:00+00:00,152.356,152.787,152.136,152.437,8829600.33,2335
2024-04-08 04:00:00+00:00,152.356,152.787,152.136,152.437,8829600.33,2336
2024-04-08 05:00:00+00:00,152.356,152.787,152.136,152.437,8829600.33,2337
2024-04-08 06:00:00+00:00,152.356,152.787,152.136,152.437,8829600.33,2338
2024-04-08 07:00:00+00:00,152.356,152.787,152.136,152.437,8829600.33,2339
2024-04-08 08:00:00+00:00,152.356,152.787,152.136,152.437,8829600.33,2340
2024-04-08 09:00:00+00:00,152.356,152.787,152.136,152.437,8829600.33,2341
2024-04-08 10:00:00+00:00,152.356,152.787,152.136,152.437,8829600.33,2342
2024-04-08 11:00:00+00:00,152.356,152.787,152.136,152.437,8829600.33,2343
2024-04-08 12:00:00+00:00,152.356,152.787,152.136,152.437,8829600.33,2344
2024-04-08 13:00:00+00:00,152.656,155.006,152.567,154.926,7839600.09,2345
2024-04-08 14:00:00+00:00,154.916,155.257,154.557,155.076,12974399.57,2346
2024-04-08 15:00:00+00:00,155.086,155.247,154.336,154.507,10839599.61,2347
2024-04-08 16:00:00+00:00,154.507,154.837,153.946,154.806,9463199.62,2348
2024-04-08 17:00:00+00:00,154.806,154.847,154.207,154.526,4918799.88,2349
2024-04-08 18:00:00+00:00,154.537,154.677,154.326,154.556,4064400.2,2350
2024-04-08 19:00:00+00:00,154.567,155.017,154.366,154.877,5913599.97,2351
2024-04-08 20:00:00+00:00,154.567,155.017,154.366,154.877,5913599.97,2352
2024-04-08 21:00:00+00:00,154.567,155.017,154.366,154.877,5913599.97,2353
2024-04-08 22:00:00+00:00,154.567,155.017,154.366,154.877,5913599.97,2354
2024-04-08 23:00:00+00:00,154.567,155.017,154.366,154.877,5913599.97,2355
2024-04-09 00:00:00+00:00,154.567,155.017,154.366,154.877,5913599.97,2356
2024-04-09 01:00:00+00:00,154.567,155.017,154.366,154.877,5913599.97,2357
2024-04-09 02:00:00+00:00,154.567,155.017,154.366,154.877,5913599.97,2358
2024-04-09 03:00:00+00:00,154.567,155.017,154.366,154.877,5913599.97,2359
2024-04-09 04:00:00+00:00,154.567,155.017,154.366,154.877,5913599.97,2360
2024-04-09 05:00:00+00:00,154.567,155.017,154.366,154.877,5913599.97,2361
2024-04-09 06:00:00+00:00,154.567,155.017,154.366,154.877,5913599.97,2362
2024-04-09 07:00:00+00:00,154.567,155.017,154.366,154.877,5913599.97,2363
2024-04-09 08:00:00+00:00,154.567,155.017,154.366,154.877,5913599.97,2364
2024-04-09 09:00:00+00:00,154.567,155.017,154.366,154.877,5913599.97,2365
2024-04-09 10:00:00+00:00,154.567,155.017,154.366,154.877,5913599.97,2366
2024-04-09 11:00:00+00:00,154.567,155.017,154.366,154.877,5913599.97,2367
2024-04-09 12:00:00+00:00,154.567,155.017,154.366,154.877,5913599.97,2368
2024-04-09 13:00:00+00:00,155.946,157.987,155.946,157.766,7953599.93,2369
2024-04-09 14:00:00+00:00,157.767,158.557,155.756,156.016,13911600.11,2370
2024-04-09 15:00:00+00:00,156.017,156.316,155.286,155.837,9716400.15,2371
2024-04-09 16:00:00+00:00,155.826,157.157,155.806,156.617,7491600.04,2372
2024-04-09 17:00:00+00:00,156.606,156.997,156.127,156.167,6664800.17,2373
2024-04-09 18:00:00+00:00,156.177,156.236,155.656,155.716,6624000.07,2374
2024-04-09 19:00:00+00:00,155.707,156.627,155.176,156.577,9532799.72,2375
2024-04-09 20:00:00+00:00,155.707,156.627,155.176,156.577,9532799.72,2376
2024-04-09 21:00:00+00:00,155.707,156.627,155.176,156.577,9532799.72,2377
2024-04-09 22:00:00+00:00,155.707,156.627,155.176,156.577,9532799.72,2378
2024-04-09 23:00:00+00:00,155.707,156.627,155.176,156.577,9532799.72,2379
2024-04-10 00:00:00+00:00,155.707,156.627,155.176,156.577,9532799.72,2380
2024-04-10 01:00:00+00:00,155.707,156.627,155.176,156.577,9532799.72,2381
2024-04-10 02:00:00+00:00,155.707,156.627,155.176,156.577,9532799.72,2382
2024-04-10 03:00:00+00:00,155.707,156.627,155.176,156.577,9532799.72,2383
2024-04-10 04:00:00+00:00,155.707,156.627,155.176,156.577,9532799.72,2384
2024-04-10 05:00:00+00:00,155.707,156.627,155.176,156.577,9532799.72,2385
2024-04-10 06:00:00+00:00,155.707,156.627,155.176,156.577,9532799.72,2386
2024-04-10 07:00:00+00:00,155.707,156.627,155.176,156.577,9532799.72,2387
2024-04-10 08:00:00+00:00,155.707,156.627,155.176,156.577,9532799.72,2388
2024-04-10 09:00:00+00:00,155.707,156.627,155.176,156.577,9532799.72,2389
2024-04-10 10:00:00+00:00,155.707,156.627,155.176,156.577,9532799.72,2390
2024-04-10 11:00:00+00:00,155.707,156.627,155.176,156.577,9532799.72,2391
2024-04-10 12:00:00+00:00,155.707,156.627,155.176,156.577,9532799.72,2392
2024-04-10 13:00:00+00:00,156.206,156.597,154.687,155.216,11288399.7,2393
2024-04-10 14:00:00+00:00,155.226,155.846,155.116,155.477,17979600.91,2394
2024-04-10 15:00:00+00:00,155.487,155.527,154.676,155.317,11138400.08,2395
2024-04-10 16:00:00+00:00,155.317,155.857,155.006,155.647,8336400.03,2396
2024-04-10 17:00:00+00:00,155.647,156.357,154.937,155.906,15017999.65,2397
2024-04-10 18:00:00+00:00,155.907,156.487,155.686,155.816,14878800.39,2398
2024-04-10 19:00:00+00:00,155.817,156.467,155.687,156.066,11956800.46,2399
2024-04-10 20:00:00+00:00,155.817,156.467,155.687,156.066,11956800.46,2400
2024-04-10 21:00:00+00:00,155.817,156.467,155.687,156.066,11956800.46,2401
2024-04-10 22:00:00+00:00,155.817,156.467,155.687,156.066,11956800.46,2402
2024-04-10 23:00:00+00:00,155.817,156.467,155.687,156.066,11956800.46,2403
2024-04-11 00:00:00+00:00,155.817,156.467,155.687,156.066,11956800.46,2404
2024-04-11 01:00:00+00:00,155.817,156.467,155.687,156.066,11956800.46,2405
2024-04-11 02:00:00+00:00,155.817,156.467,155.687,156.066,11956800.46,2406
2024-04-11 03:00:00+00:00,155.817,156.467,155.687,156.066,11956800.46,2407
2024-04-11 04:00:00+00:00,155.817,156.467,155.687,156.066,11956800.46,2408
2024-04-11 05:00:00+00:00,155.817,156.467,155.687,156.066,11956800.46,2409
2024-04-11 06:00:00+00:00,155.817,156.467,155.687,156.066,11956800.46,2410
2024-04-11 07:00:00+00:00,155.817,156.467,155.687,156.066,11956800.46,2411
2024-04-11 08:00:00+00:00,155.817,156.467,155.687,156.066,11956800.46,2412
2024-04-11 09:00:00+00:00,155.817,156.467,155.687,156.066,11956800.46,2413
2024-04-11 10:00:00+00:00,155.817,156.467,155.687,156.066,11956800.46,2414
2024-04-11 11:00:00+00:00,155.817,156.467,155.687,156.066,11956800.46,2415
2024-04-11 12:00:00+00:00,155.817,156.467,155.687,156.066,11956800.46,2416
2024-04-11 13:00:00+00:00,156.636,157.877,156.576,157.097,8045999.53,2417
2024-04-11 14:00:00+00:00,157.106,157.517,156.446,157.136,12962400.44,2418
2024-04-11 15:00:00+00:00,157.146,158.246,157.146,158.226,8643600.46,2419
2024-04-11 16:00:00+00:00,158.236,158.367,157.887,157.926,7689599.99,2420
2024-04-11 17:00:00+00:00,157.916,158.996,157.716,158.947,9091199.87,2421
2024-04-11 18:00:00+00:00,158.956,159.536,158.897,159.277,7345200.06,2422
2024-04-11 19:00:00+00:00,159.287,159.596,159.006,159.337,6797999.86,2423
2024-04-11 20:00:00+00:00,159.287,159.596,159.006,159.337,6797999.86,2424
2024-04-11 21:00:00+00:00,159.287,159.596,159.006,159.337,6797999.86,2425
2024-04-11 22:00:00+00:00,159.287,159.596,159.006,159.337,6797999.86,2426
2024-04-11 23:00:00+00:00,159.287,159.596,159.006,159.337,6797999.86,2427
2024-04-12 00:00:00+00:00,159.287,159.596,159.006,159.337,6797999.86,2428
2024-04-12 01:00:00+00:00,159.287,159.596,159.006,159.337,6797999.86,2429
2024-04-12 02:00:00+00:00,159.287,159.596,159.006,159.337,6797999.86,2430
2024-04-12 03:00:00+00:00,159.287,159.596,159.006,159.337,6797999.86,2431
2024-04-12 04:00:00+00:00,159.287,159.596,159.006,159.337,6797999.86,2432
2024-04-12 05:00:00+00:00,159.287,159.596,159.006,159.337,6797999.86,2433
2024-04-12 06:00:00+00:00,159.287,159.596,159.006,159.337,6797999.86,2434
2024-04-12 07:00:00+00:00,159.287,159.596,159.006,159.337,6797999.86,2435
2024-04-12 08:00:00+00:00,159.287,159.596,159.006,159.337,6797999.86,2436
2024-04-12 09:00:00+00:00,159.287,159.596,159.006,159.337,6797999.86,2437
2024-04-12 10:00:00+00:00,159.287,159.596,159.006,159.337,6797999.86,2438
2024-04-12 11:00:00+00:00,159.287,159.596,159.006,159.337,6797999.86,2439
2024-04-12 12:00:00+00:00,159.287,159.596,159.006,159.337,6797999.86,2440
2024-04-12 13:00:00+00:00,157.917,160.207,157.916,159.636,8737199.78,2441
2024-04-12 14:00:00+00:00,159.657,159.857,157.616,157.726,13712400.44,2442
2024-04-12 15:00:00+00:00,157.737,158.797,157.436,158.537,10897199.63,2443
2024-04-12 16:00:00+00:00,158.547,158.586,157.647,157.647,11125200.27,2444
2024-04-12 17:00:00+00:00,157.657,157.797,157.127,157.487,11364000.32,2445
2024-04-12 18:00:00+00:00,157.497,157.816,157.247,157.307,11052000.05,2446
2024-04-12 19:00:00+00:00,157.316,157.797,157.176,157.716,11259599.69,2447
2024-04-12 20:00:00+00:00,157.316,157.797,157.176,157.716,11259599.69,2448
2024-04-12 21:00:00+00:00,157.316,157.797,157.176,157.716,11259599.69,2449
2024-04-12 22:00:00+00:00,157.316,157.797,157.176,157.716,11259599.69,2450
2024-04-12 23:00:00+00:00,157.316,157.797,157.176,157.716,11259599.69,2451
2024-04-13 00:00:00+00:00,157.316,157.797,157.176,157.716,11259599.69,2452
2024-04-13 01:00:00+00:00,157.316,157.797,157.176,157.716,11259599.69,2453
2024-04-13 02:00:00+00:00,157.316,157.797,157.176,157.716,11259599.69,2454
2024-04-13 03:00:00+00:00,157.316,157.797,157.176,157.716,11259599.69,2455
2024-04-13 04:00:00+00:00,157.316,157.797,157.176,157.716,11259599.69,2456
2024-04-13 05:00:00+00:00,157.316,157.797,157.176,157.716,11259599.69,2457
2024-04-13 06:00:00+00:00,157.316,157.797,157.176,157.716,11259599.69,2458
2024-04-13 07:00:00+00:00,157.316,157.797,157.176,157.716,11259599.69,2459
2024-04-13 08:00:00+00:00,157.316,157.797,157.176,157.716,11259599.69,2460
2024-04-13 09:00:00+00:00,157.316,157.797,157.176,157.716,11259599.69,2461
2024-04-13 10:00:00+00:00,157.316,157.797,157.176,157.716,11259599.69,2462
2024-04-13 11:00:00+00:00,157.316,157.797,157.176,157.716,11259599.69,2463
2024-04-13 12:00:00+00:00,157.316,157.797,157.176,157.716,11259599.69,2464
2024-04-13 13:00:00+00:00,157.316,157.797,157.176,157.716,11259599.69,2465
2024-04-13 14:00:00+00:00,157.316,157.797,157.176,157.716,11259599.69,2466
2024-04-13 15:00:00+00:00,157.316,157.797,157.176,157.716,11259599.69,2467
2024-04-13 16:00:00+00:00,157.316,157.797,157.176,157.716,11259599.69,2468
2024-04-13 17:00:00+00:00,157.316,157.797,157.176,157.716,11259599.69,2469
2024-04-13 18:00:00+00:00,157.316,157.797,157.176,157.716,11259599.69,2470
2024-04-13 19:00:00+00:00,157.316,157.797,157.176,157.716,11259599.69,2471
2024-04-13 20:00:00+00:00,157.316,157.797,157.176,157.716,11259599.69,2472
2024-04-13 21:00:00+00:00,157.316,157.797,157.176,157.716,11259599.69,2473
2024-04-13 22:00:00+00:00,157.316,157.797,157.176,157.716,11259599.69,2474
2024-04-13 23:00:00+00:00,157.316,157.797,157.176,157.716,11259599.69,2475
2024-04-14 00:00:00+00:00,157.316,157.797,157.176,157.716,11259599.69,2476
2024-04-14 01:00:00+00:00,157.316,157.797,157.176,157.716,11259599.69,2477
2024-04-14 02:00:00+00:00,157.316,157.797,157.176,157.716,11259599.69,2478
2024-04-14 03:00:00+00:00,157.316,157.797,157.176,157.716,11259599.69,2479
2024-04-14 04:00:00+00:00,157.316,157.797,157.176,157.716,11259599.69,2480
2024-04-14 05:00:00+00:00,157.316,157.797,157.176,157.716,11259599.69,2481
2024-04-14 06:00:00+00:00,157.316,157.797,157.176,157.716,11259599.69,2482
2024-04-14 07:00:00+00:00,157.316,157.797,157.176,157.716,11259599.69,2483
2024-04-14 08:00:00+00:00,157.316,157.797,157.176,157.716,11259599.69,2484
2024-04-14 09:00:00+00:00,157.316,157.797,157.176,157.716,11259599.69,2485
2024-04-14 10:00:00+00:00,157.316,157.797,157.176,157.716,11259599.69,2486
2024-04-14 11:00:00+00:00,157.316,157.797,157.176,157.716,11259599.69,2487
2024-04-14 12:00:00+00:00,157.316,157.797,157.176,157.716,11259599.69,2488
2024-04-14 13:00:00+00:00,157.316,157.797,157.176,157.716,11259599.69,2489
2024-04-14 14:00:00+00:00,157.316,157.797,157.176,157.716,11259599.69,2490
2024-04-14 15:00:00+00:00,157.316,157.797,157.176,157.716,11259599.69,2491
2024-04-14 16:00:00+00:00,157.316,157.797,157.176,157.716,11259599.69,2492
2024-04-14 17:00:00+00:00,157.316,157.797,157.176,157.716,11259599.69,2493
2024-04-14 18:00:00+00:00,157.316,157.797,157.176,157.716,11259599.69,2494
2024-04-14 19:00:00+00:00,157.316,157.797,157.176,157.716,11259599.69,2495
2024-04-14 20:00:00+00:00,157.316,157.797,157.176,157.716,11259599.69,2496
2024-04-14 21:00:00+00:00,157.316,157.797,157.176,157.716,11259599.69,2497
2024-04-14 22:00:00+00:00,157.316,157.797,157.176,157.716,11259599.69,2498
2024-04-14 23:00:00+00:00,157.316,157.797,157.176,157.716,11259599.69,2499
2024-04-15 00:00:00+00:00,157.316,157.797,157.176,157.716,11259599.69,2500
2024-04-15 01:00:00+00:00,157.316,157.797,157.176,157.716,11259599.69,2501
2024-04-15 02:00:00+00:00,157.316,157.797,157.176,157.716,11259599.69,2502
2024-04-15 03:00:00+00:00,157.316,157.797,157.176,157.716,11259599.69,2503
2024-04-15 04:00:00+00:00,157.316,157.797,157.176,157.716,11259599.69,2504
2024-04-15 05:00:00+00:00,157.316,157.797,157.176,157.716,11259599.69,2505
2024-04-15 06:00:00+00:00,157.316,157.797,157.176,157.716,11259599.69,2506
2024-04-15 07:00:00+00:00,157.316,157.797,157.176,157.716,11259599.69,2507
2024-04-15 08:00:00+00:00,157.316,157.797,157.176,157.716,11259599.69,2508
2024-04-15 09:00:00+00:00,157.316,157.797,157.176,157.716,11259599.69,2509
2024-04-15 10:00:00+00:00,157.316,157.797,157.176,157.716,11259599.69,2510
2024-04-15 11:00:00+00:00,157.316,157.797,157.176,157.716,11259599.69,2511
2024-04-15 12:00:00+00:00,157.316,157.797,157.176,157.716,11259599.69,2512
2024-04-15 13:00:00+00:00,158.797,159.076,157.517,158.606,7772399.9,2513
2024-04-15 14:00:00+00:00,158.607,159.226,157.996,158.027,16448400.5,2514
2024-04-15 15:00:00+00:00,158.037,158.717,157.956,158.546,11569199.56,2515
2024-04-15 16:00:00+00:00,158.546,158.657,157.506,157.916,10866000.18,2516
2024-04-15 17:00:00+00:00,157.916,158.156,155.366,155.677,16748399.73,2517
2024-04-15 18:00:00+00:00,155.666,155.767,154.926,155.097,14170800.21,2518
2024-04-15 19:00:00+00:00,155.087,155.197,154.566,154.837,13352399.83,2519
2024-04-15 20:00:00+00:00,155.087,155.197,154.566,154.837,13352399.83,2520
2024-04-15 21:00:00+00:00,155.087,155.197,154.566,154.837,13352399.83,2521
2024-04-15 22:00:00+00:00,155.087,155.197,154.566,154.837,13352399.83,2522
2024-04-15 23:00:00+00:00,155.087,155.197,154.566,154.837,13352399.83,2523
2024-04-16 00:00:00+00:00,155.087,155.197,154.566,154.837,13352399.83,2524
2024-04-16 01:00:00+00:00,155.087,155.197,154.566,154.837,13352399.83,2525
2024-04-16 02:00:00+00:00,155.087,155.197,154.566,154.837,13352399.83,2526
2024-04-16 03:00:00+00:00,155.087,155.197,154.566,154.837,13352399.83,2527
2024-04-16 04:00:00+00:00,155.087,155.197,154.566,154.837,13352399.83,2528
2024-04-16 05:00:00+00:00,155.087,155.197,154.566,154.837,13352399.83,2529
2024-04-16 06:00:00+00:00,155.087,155.197,154.566,154.837,13352399.83,2530
2024-04-16 07:00:00+00:00,155.087,155.197,154.566,154.837,13352399.83,2531
2024-04-16 08:00:00+00:00,155.087,155.197,154.566,154.837,13352399.83,2532
2024-04-16 09:00:00+00:00,155.087,155.197,154.566,154.837,13352399.83,2533
2024-04-16 10:00:00+00:00,155.087,155.197,154.566,154.837,13352399.83,2534
2024-04-16 11:00:00+00:00,155.087,155.197,154.566,154.837,13352399.83,2535
2024-04-16 12:00:00+00:00,155.087,155.197,154.566,154.837,13352399.83,2536
2024-04-16 13:00:00+00:00,153.996,155.107,153.676,154.727,8110799.79,2537
2024-04-16 14:00:00+00:00,154.727,155.037,153.436,154.057,13738800.05,2538
2024-04-16 15:00:00+00:00,154.077,155.147,154.057,154.847,10921199.8,2539
2024-04-16 16:00:00+00:00,154.856,154.986,154.406,154.466,11250000.0,2540
2024-04-16 17:00:00+00:00,154.477,155.057,153.996,154.716,15114000.32,2541
2024-04-16 18:00:00+00:00,154.727,155.637,154.456,155.467,13966799.74,2542
2024-04-16 19:00:00+00:00,155.477,155.547,154.317,154.386,11101200.1,2543
2024-04-16 20:00:00+00:00,155.477,155.547,154.317,154.386,11101200.1,2544
2024-04-16 21:00:00+00:00,155.477,155.547,154.317,154.386,11101200.1,2545
2024-04-16 22:00:00+00:00,155.477,155.547,154.317,154.386,11101200.1,2546
2024-04-16 23:00:00+00:00,155.477,155.547,154.317,154.386,11101200.1,2547
2024-04-17 00:00:00+00:00,155.477,155.547,154.317,154.386,11101200.1,2548
2024-04-17 01:00:00+00:00,155.477,155.547,154.317,154.386,11101200.1,2549
2024-04-17 02:00:00+00:00,155.477,155.547,154.317,154.386,11101200.1,2550
2024-04-17 03:00:00+00:00,155.477,155.547,154.317,154.386,11101200.1,2551
2024-04-17 04:00:00+00:00,155.477,155.547,154.317,154.386,11101200.1,2552
2024-04-17 05:00:00+00:00,155.477,155.547,154.317,154.386,11101200.1,2553
2024-04-17 06:00:00+00:00,155.477,155.547,154.317,154.386,11101200.1,2554
2024-04-17 07:00:00+00:00,155.477,155.547,154.317,154.386,11101200.1,2555
2024-04-17 08:00:00+00:00,155.477,155.547,154.317,154.386,11101200.1,2556
2024-04-17 09:00:00+00:00,155.477,155.547,154.317,154.386,11101200.1,2557
2024-04-17 10:00:00+00:00,155.477,155.547,154.317,154.386,11101200.1,2558
2024-04-17 11:00:00+00:00,155.477,155.547,154.317,154.386,11101200.1,2559
2024-04-17 12:00:00+00:00,155.477,155.547,154.317,154.386,11101200.1,2560
2024-04-17 13:00:00+00:00,155.497,157.067,155.206,156.516,7869599.82,2561
2024-04-17 14:00:00+00:00,156.497,156.746,155.756,156.217,13603199.96,2562
2024-04-17 15:00:00+00:00,156.216,156.687,155.366,155.456,11687999.73,2563
2024-04-17 16:00:00+00:00,155.446,155.586,154.567,154.747,12734399.8,2564
2024-04-17 17:00:00+00:00,154.737,156.036,154.637,155.997,11200799.94,2565
2024-04-17 18:00:00+00:00,155.996,156.607,155.476,155.816,12123600.01,2566
2024-04-17 19:00:00+00:00,155.816,155.886,155.056,155.417,13293600.08,2567
2024-04-17 20:00:00+00:00,155.816,155.886,155.056,155.417,13293600.08,2568
2024-04-17 21:00:00+00:00,155.816,155.886,155.056,155.417,13293600.08,2569
2024-04-17 22:00:00+00:00,155.816,155.886,155.056,155.417,13293600.08,2570
2024-04-17 23:00:00+00:00,155.816,155.886,155.056,155.417,13293600.08,2571
2024-04-18 00:00:00+00:00,155.816,155.886,155.056,155.417,13293600.08,2572
2024-04-18 01:00:00+00:00,155.816,155.886,155.056,155.417,13293600.08,2573
2024-04-18 02:00:00+00:00,155.816,155.886,155.056,155.417,13293600.08,2574
2024-04-18 03:00:00+00:00,155.816,155.886,155.056,155.417,13293600.08,2575
2024-04-18 04:00:00+00:00,155.816,155.886,155.056,155.417,13293600.08,2576
2024-04-18 05:00:00+00:00,155.816,155.886,155.056,155.417,13293600.08,2577
2024-04-18 06:00:00+00:00,155.816,155.886,155.056,155.417,13293600.08,2578
2024-04-18 07:00:00+00:00,155.816,155.886,155.056,155.417,13293600.08,2579
2024-04-18 08:00:00+00:00,155.816,155.886,155.056,155.417,13293600.08,2580
2024-04-18 09:00:00+00:00,155.816,155.886,155.056,155.417,13293600.08,2581
2024-04-18 10:00:00+00:00,155.816,155.886,155.056,155.417,13293600.08,2582
2024-04-18 11:00:00+00:00,155.816,155.886,155.056,155.417,13293600.08,2583
2024-04-18 12:00:00+00:00,155.816,155.886,155.056,155.417,13293600.08,2584
2024-04-18 13:00:00+00:00,155.287,155.717,154.606,155.106,9608400.34,2585
2024-04-18 14:00:00+00:00,155.116,156.397,154.896,156.276,13791600.23,2586
2024-04-18 15:00:00+00:00,156.267,156.407,155.856,155.946,10739999.77,2587
2024-04-18 16:00:00+00:00,155.946,156.937,155.796,156.046,10887599.95,2588
2024-04-18 17:00:00+00:00,156.057,156.797,155.806,156.587,11749199.87,2589
2024-04-18 18:00:00+00:00,156.567,156.747,155.886,156.047,11076000.21,2590
2024-04-18 19:00:00+00:00,156.037,156.687,155.916,155.987,10949999.81,2591
2024-04-18 20:00:00+00:00,156.037,156.687,155.916,155.987,10949999.81,2592
2024-04-18 21:00:00+00:00,156.037,156.687,155.916,155.987,10949999.81,2593
2024-04-18 22:00:00+00:00,156.037,156.687,155.916,155.987,10949999.81,2594
2024-04-18 23:00:00+00:00,156.037,156.687,155.916,155.987,10949999.81,2595
2024-04-19 00:00:00+00:00,156.037,156.687,155.916,155.987,10949999.81,2596
2024-04-19 01:00:00+00:00,156.037,156.687,155.916,155.987,10949999.81,2597
2024-04-19 02:00:00+00:00,156.037,156.687,155.916,155.987,10949999.81,2598
2024-04-19 03:00:00+00:00,156.037,156.687,155.916,155.987,10949999.81,2599
2024-04-19 04:00:00+00:00,156.037,156.687,155.916,155.987,10949999.81,2600
2024-04-19 05:00:00+00:00,156.037,156.687,155.916,155.987,10949999.81,2601
2024-04-19 06:00:00+00:00,156.037,156.687,155.916,155.987,10949999.81,2602
2024-04-19 07:00:00+00:00,156.037,156.687,155.916,155.987,10949999.81,2603
2024-04-19 08:00:00+00:00,156.037,156.687,155.916,155.987,10949999.81,2604
2024-04-19 09:00:00+00:00,156.037,156.687,155.916,155.987,10949999.81,2605
2024-04-19 10:00:00+00:00,156.037,156.687,155.916,155.987,10949999.81,2606
2024-04-19 11:00:00+00:00,156.037,156.687,155.916,155.987,10949999.81,2607
2024-04-19 12:00:00+00:00,156.037,156.687,155.916,155.987,10949999.81,2608
2024-04-19 13:00:00+00:00,155.837,156.207,154.406,154.786,8982000.35,2609
2024-04-19 14:00:00+00:00,154.787,155.327,153.946,155.197,15996000.29,2610
2024-04-19 15:00:00+00:00,155.196,155.197,154.307,154.367,11149200.44,2611
2024-04-19 16:00:00+00:00,154.357,154.437,152.306,153.777,11839200.02,2612
2024-04-19 17:00:00+00:00,153.787,154.807,153.726,154.517,11765999.79,2613
2024-04-19 18:00:00+00:00,154.507,154.577,153.206,153.716,14870400.43,2614
2024-04-19 19:00:00+00:00,153.706,154.346,153.076,154.077,15616800.31,2615
2024-04-19 20:00:00+00:00,153.706,154.346,153.076,154.077,15616800.31,2616
2024-04-19 21:00:00+00:00,153.706,154.346,153.076,154.077,15616800.31,2617
2024-04-19 22:00:00+00:00,153.706,154.346,153.076,154.077,15616800.31,2618
2024-04-19 23:00:00+00:00,153.706,154.346,153.076,154.077,15616800.31,2619
2024-04-20 00:00:00+00:00,153.706,154.346,153.076,154.077,15616800.31,2620
2024-04-20 01:00:00+00:00,153.706,154.346,153.076,154.077,15616800.31,2621
2024-04-20 02:00:00+00:00,153.706,154.346,153.076,154.077,15616800.31,2622
2024-04-20 03:00:00+00:00,153.706,154.346,153.076,154.077,15616800.31,2623
2024-04-20 04:00:00+00:00,153.706,154.346,153.076,154.077,15616800.31,2624
2024-04-20 05:00:00+00:00,153.706,154.346,153.076,154.077,15616800.31,2625
2024-04-20 06:00:00+00:00,153.706,154.346,153.076,154.077,15616800.31,2626
2024-04-20 07:00:00+00:00,153.706,154.346,153.076,154.077,15616800.31,2627
2024-04-20 08:00:00+00:00,153.706,154.346,153.076,154.077,15616800.31,2628
2024-04-20 09:00:00+00:00,153.706,154.346,153.076,154.077,15616800.31,2629
2024-04-20 10:00:00+00:00,153.706,154.346,153.076,154.077,15616800.31,2630
2024-04-20 11:00:00+00:00,153.706,154.346,153.076,154.077,15616800.31,2631
2024-04-20 12:00:00+00:00,153.706,154.346,153.076,154.077,15616800.31,2632
2024-04-20 13:00:00+00:00,153.706,154.346,153.076,154.077,15616800.31,2633
2024-04-20 14:00:00+00:00,153.706,154.346,153.076,154.077,15616800.31,2634
2024-04-20 15:00:00+00:00,153.706,154.346,153.076,154.077,15616800.31,2635
2024-04-20 16:00:00+00:00,153.706,154.346,153.076,154.077,15616800.31,2636
2024-04-20 17:00:00+00:00,153.706,154.346,153.076,154.077,15616800.31,2637
2024-04-20 18:00:00+00:00,153.706,154.346,153.076,154.077,15616800.31,2638
2024-04-20 19:00:00+00:00,153.706,154.346,153.076,154.077,15616800.31,2639
2024-04-20 20:00:00+00:00,153.706,154.346,153.076,154.077,15616800.31,2640
2024-04-20 21:00:00+00:00,153.706,154.346,153.076,154.077,15616800.31,2641
2024-04-20 22:00:00+00:00,153.706,154.346,153.076,154.077,15616800.31,2642
2024-04-20 23:00:00+00:00,153.706,154.346,153.076,154.077,15616800.31,2643
2024-04-21 00:00:00+00:00,153.706,154.346,153.076,154.077,15616800.31,2644
2024-04-21 01:00:00+00:00,153.706,154.346,153.076,154.077,15616800.31,2645
2024-04-21 02:00:00+00:00,153.706,154.346,153.076,154.077,15616800.31,2646
2024-04-21 03:00:00+00:00,153.706,154.346,153.076,154.077,15616800.31,2647
2024-04-21 04:00:00+00:00,153.706,154.346,153.076,154.077,15616800.31,2648
2024-04-21 05:00:00+00:00,153.706,154.346,153.076,154.077,15616800.31,2649
2024-04-21 06:00:00+00:00,153.706,154.346,153.076,154.077,15616800.31,2650
2024-04-21 07:00:00+00:00,153.706,154.346,153.076,154.077,15616800.31,2651
2024-04-21 08:00:00+00:00,153.706,154.346,153.076,154.077,15616800.31,2652
2024-04-21 09:00:00+00:00,153.706,154.346,153.076,154.077,15616800.31,2653
2024-04-21 10:00:00+00:00,153.706,154.346,153.076,154.077,15616800.31,2654
2024-04-21 11:00:00+00:00,153.706,154.346,153.076,154.077,15616800.31,2655
2024-04-21 12:00:00+00:00,153.706,154.346,153.076,154.077,15616800.31,2656
2024-04-21 13:00:00+00:00,153.706,154.346,153.076,154.077,15616800.31,2657
2024-04-21 14:00:00+00:00,153.706,154.346,153.076,154.077,15616800.31,2658
2024-04-21 15:00:00+00:00,153.706,154.346,153.076,154.077,15616800.31,2659
2024-04-21 16:00:00+00:00,153.706,154.346,153.076,154.077,15616800.31,2660
2024-04-21 17:00:00+00:00,153.706,154.346,153.076,154.077,15616800.31,2661
2024-04-21 18:00:00+00:00,153.706,154.346,153.076,154.077,15616800.31,2662
2024-04-21 19:00:00+00:00,153.706,154.346,153.076,154.077,15616800.31,2663
2024-04-21 20:00:00+00:00,153.706,154.346,153.076,154.077,15616800.31,2664
2024-04-21 21:00:00+00:00,153.706,154.346,153.076,154.077,15616800.31,2665
2024-04-21 22:00:00+00:00,153.706,154.346,153.076,154.077,15616800.31,2666
2024-04-21 23:00:00+00:00,153.706,154.346,153.076,154.077,15616800.31,2667
2024-04-22 00:00:00+00:00,153.706,154.346,153.076,154.077,15616800.31,2668
2024-04-22 01:00:00+00:00,153.706,154.346,153.076,154.077,15616800.31,2669
2024-04-22 02:00:00+00:00,153.706,154.346,153.076,154.077,15616800.31,2670
2024-04-22 03:00:00+00:00,153.706,154.346,153.076,154.077,15616800.31,2671
2024-04-22 04:00:00+00:00,153.706,154.346,153.076,154.077,15616800.31,2672
2024-04-22 05:00:00+00:00,153.706,154.346,153.076,154.077,15616800.31,2673
2024-04-22 06:00:00+00:00,153.706,154.346,153.076,154.077,15616800.31,2674
2024-04-22 07:00:00+00:00,153.706,154.346,153.076,154.077,15616800.31,2675
2024-04-22 08:00:00+00:00,153.706,154.346,153.076,154.077,15616800.31,2676
2024-04-22 09:00:00+00:00,153.706,154.346,153.076,154.077,15616800.31,2677
2024-04-22 10:00:00+00:00,153.706,154.346,153.076,154.077,15616800.31,2678
2024-04-22 11:00:00+00:00,153.706,154.346,153.076,154.077,15616800.31,2679
2024-04-22 12:00:00+00:00,153.706,154.346,153.076,154.077,15616800.31,2680
2024-04-22 13:00:00+00:00,154.117,156.447,154.116,155.747,9127200.13,2681
2024-04-22 14:00:00+00:00,155.707,156.346,154.036,154.127,14409600.26,2682
2024-04-22 15:00:00+00:00,154.137,155.956,154.086,155.947,10624799.73,2683
2024-04-22 16:00:00+00:00,155.947,156.407,155.866,156.097,9343199.73,2684
2024-04-22 17:00:00+00:00,156.096,157.166,156.076,157.036,7932000.16,2685
2024-04-22 18:00:00+00:00,157.036,157.637,156.807,157.086,5504399.78,2686
2024-04-22 19:00:00+00:00,157.086,157.306,156.016,156.286,8213999.75,2687
2024-04-22 20:00:00+00:00,157.086,157.306,156.016,156.286,8213999.75,2688
2024-04-22 21:00:00+00:00,157.086,157.306,156.016,156.286,8213999.75,2689
2024-04-22 22:00:00+00:00,157.086,157.306,156.016,156.286,8213999.75,2690
2024-04-22 23:00:00+00:00,157.086,157.306,156.016,156.286,8213999.75,2691
2024-04-23 00:00:00+00:00,157.086,157.306,156.016,156.286,8213999.75,2692
2024-04-23 01:00:00+00:00,157.086,157.306,156.016,156.286,8213999.75,2693
2024-04-23 02:00:00+00:00,157.086,157.306,156.016,156.286,8213999.75,2694
2024-04-23 03:00:00+00:00,157.086,157.306,156.016,156.286,8213999.75,2695
2024-04-23 04:00:00+00:00,157.086,157.306,156.016,156.286,8213999.75,2696
2024-04-23 05:00:00+00:00,157.086,157.306,156.016,156.286,8213999.75,2697
2024-04-23 06:00:00+00:00,157.086,157.306,156.016,156.286,8213999.75,2698
2024-04-23 07:00:00+00:00,157.086,157.306,156.016,156.286,8213999.75,2699
2024-04-23 08:00:00+00:00,157.086,157.306,156.016,156.286,8213999.75,2700
2024-04-23 09:00:00+00:00,157.086,157.306,156.016,156.286,8213999.75,2701
2024-04-23 10:00:00+00:00,157.086,157.306,156.016,156.286,8213999.75,2702
2024-04-23 11:00:00+00:00,157.086,157.306,156.016,156.286,8213999.75,2703
2024-04-23 12:00:00+00:00,157.086,157.306,156.016,156.286,8213999.75,2704
2024-04-23 13:00:00+00:00,156.956,158.267,156.276,157.536,8031600.0,2705
2024-04-23 14:00:00+00:00,157.587,158.367,157.086,158.296,11068799.97,2706
2024-04-23 15:00:00+00:00,158.307,158.677,157.806,158.437,8887200.36,2707
2024-04-23 16:00:00+00:00,158.447,158.937,158.166,158.587,6699600.22,2708
2024-04-23 17:00:00+00:00,158.597,158.837,158.387,158.647,6452400.21,2709
2024-04-23 18:00:00+00:00,158.646,158.677,158.116,158.306,5012400.15,2710
2024-04-23 19:00:00+00:00,158.316,158.347,157.916,158.237,7617599.96,2711
2024-04-23 20:00:00+00:00,158.316,158.347,157.916,158.237,7617599.96,2712
2024-04-23 21:00:00+00:00,158.316,158.347,157.916,158.237,7617599.96,2713
2024-04-23 22:00:00+00:00,158.316,158.347,157.916,158.237,7617599.96,2714
2024-04-23 23:00:00+00:00,158.316,158.347,157.916,158.237,7617599.96,2715
2024-04-24 00:00:00+00:00,158.316,158.347,157.916,158.237,7617599.96,2716
2024-04-24 01:00:00+00:00,158.316,158.347,157.916,158.237,7617599.96,2717
2024-04-24 02:00:00+00:00,158.316,158.347,157.916,158.237,7617599.96,2718
2024-04-24 03:00:00+00:00,158.316,158.347,157.916,158.237,7617599.96,2719
2024-04-24 04:00:00+00:00,158.316,158.347,157.916,158.237,7617599.96,2720
2024-04-24 05:00:00+00:00,158.316,158.347,157.916,158.237,7617599.96,2721
2024-04-24 06:00:00+00:00,158.316,158.347,157.916,158.237,7617599.96,2722
2024-04-24 07:00:00+00:00,158.316,158.347,157.916,158.237,7617599.96,2723
2024-04-24 08:00:00+00:00,158.316,158.347,157.916,158.237,7617599.96,2724
2024-04-24 09:00:00+00:00,158.316,158.347,157.916,158.237,7617599.96,2725
2024-04-24 10:00:00+00:00,158.316,158.347,157.916,158.237,7617599.96,2726
2024-04-24 11:00:00+00:00,158.316,158.347,157.916,158.237,7617599.96,2727
2024-04-24 12:00:00+00:00,158.316,158.347,157.916,158.237,7617599.96,2728
2024-04-24 13:00:00+00:00,157.536,158.997,157.016,157.757,8907600.4,2729
2024-04-24 14:00:00+00:00,157.786,158.347,157.506,158.126,12254400.25,2730
2024-04-24 15:00:00+00:00,158.117,158.247,157.416,157.537,10660799.98,2731
2024-04-24 16:00:00+00:00,157.526,158.017,157.426,157.747,8289600.37,2732
2024-04-24 17:00:00+00:00,157.736,158.966,157.646,158.947,6889200.21,2733
2024-04-24 18:00:00+00:00,158.946,158.977,158.216,158.356,8359199.52,2734
2024-04-24 19:00:00+00:00,158.347,159.547,158.216,159.136,8078399.66,2735
2024-04-24 20:00:00+00:00,158.347,159.547,158.216,159.136,8078399.66,2736
2024-04-24 21:00:00+00:00,158.347,159.547,158.216,159.136,8078399.66,2737
2024-04-24 22:00:00+00:00,158.347,159.547,158.216,159.136,8078399.66,2738
2024-04-24 23:00:00+00:00,158.347,159.547,158.216,159.136,8078399.66,2739
2024-04-25 00:00:00+00:00,158.347,159.547,158.216,159.136,8078399.66,2740
2024-04-25 01:00:00+00:00,158.347,159.547,158.216,159.136,8078399.66,2741
2024-04-25 02:00:00+00:00,158.347,159.547,158.216,159.136,8078399.66,2742
2024-04-25 03:00:00+00:00,158.347,159.547,158.216,159.136,8078399.66,2743
2024-04-25 04:00:00+00:00,158.347,159.547,158.216,159.136,8078399.66,2744
2024-04-25 05:00:00+00:00,158.347,159.547,158.216,159.136,8078399.66,2745
2024-04-25 06:00:00+00:00,158.347,159.547,158.216,159.136,8078399.66,2746
2024-04-25 07:00:00+00:00,158.347,159.547,158.216,159.136,8078399.66,2747
2024-04-25 08:00:00+00:00,158.347,159.547,158.216,159.136,8078399.66,2748
2024-04-25 09:00:00+00:00,158.347,159.547,158.216,159.136,8078399.66,2749
2024-04-25 10:00:00+00:00,158.347,159.547,158.216,159.136,8078399.66,2750
2024-04-25 11:00:00+00:00,158.347,159.547,158.216,159.136,8078399.66,2751
2024-04-25 12:00:00+00:00,158.347,159.547,158.216,159.136,8078399.66,2752
2024-04-25 13:00:00+00:00,151.146,153.447,150.817,152.906,12421199.8,2753
2024-04-25 14:00:00+00:00,152.906,155.007,152.296,154.827,18795600.89,2754
2024-04-25 15:00:00+00:00,154.816,156.176,154.667,156.047,14157600.4,2755
2024-04-25 16:00:00+00:00,156.037,156.377,155.426,155.526,11091600.42,2756
2024-04-25 17:00:00+00:00,155.537,156.157,155.006,156.157,10712400.44,2757
2024-04-25 18:00:00+00:00,156.167,156.477,155.516,155.527,10399200.44,2758
2024-04-25 19:00:00+00:00,155.516,156.217,155.507,156.017,10975199.7,2759
2024-04-25 20:00:00+00:00,155.516,156.217,155.507,156.017,10975199.7,2760
2024-04-25 21:00:00+00:00,155.516,156.217,155.507,156.017,10975199.7,2761
2024-04-25 22:00:00+00:00,155.516,156.217,155.507,156.017,10975199.7,2762
2024-04-25 23:00:00+00:00,155.516,156.217,155.507,156.017,10975199.7,2763
2024-04-26 00:00:00+00:00,155.516,156.217,155.507,156.017,10975199.7,2764
2024-04-26 01:00:00+00:00,155.516,156.217,155.507,156.017,10975199.7,2765
2024-04-26 02:00:00+00:00,155.516,156.217,155.507,156.017,10975199.7,2766
2024-04-26 03:00:00+00:00,155.516,156.217,155.507,156.017,10975199.7,2767
2024-04-26 04:00:00+00:00,155.516,156.217,155.507,156.017,10975199.7,2768
2024-04-26 05:00:00+00:00,155.516,156.217,155.507,156.017,10975199.7,2769
2024-04-26 06:00:00+00:00,155.516,156.217,155.507,156.017,10975199.7,2770
2024-04-26 07:00:00+00:00,155.516,156.217,155.507,156.017,10975199.7,2771
2024-04-26 08:00:00+00:00,155.516,156.217,155.507,156.017,10975199.7,2772
2024-04-26 09:00:00+00:00,155.516,156.217,155.507,156.017,10975199.7,2773
2024-04-26 10:00:00+00:00,155.516,156.217,155.507,156.017,10975199.7,2774
2024-04-26 11:00:00+00:00,155.516,156.217,155.507,156.017,10975199.7,2775
2024-04-26 12:00:00+00:00,155.516,156.217,155.507,156.017,10975199.7,2776
2024-04-26 13:00:00+00:00,174.047,174.666,171.526,171.886,14527199.75,2777
2024-04-26 14:00:00+00:00,171.886,172.167,169.706,171.927,19052400.59,2778
2024-04-26 15:00:00+00:00,171.926,172.457,170.646,171.936,13664400.1,2779
2024-04-26 16:00:00+00:00,171.966,172.527,171.526,172.066,9532799.72,2780
2024-04-26 17:00:00+00:00,172.067,172.487,171.846,172.207,7555200.1,2781
2024-04-26 18:00:00+00:00,172.196,172.307,170.556,171.316,8528400.42,2782
2024-04-26 19:00:00+00:00,171.327,172.227,171.207,171.917,8187600.14,2783
2024-04-26 20:00:00+00:00,171.327,172.227,171.207,171.917,8187600.14,2784
2024-04-26 21:00:00+00:00,171.327,172.227,171.207,171.917,8187600.14,2785
2024-04-26 22:00:00+00:00,171.327,172.227,171.207,171.917,8187600.14,2786
2024-04-26 23:00:00+00:00,171.327,172.227,171.207,171.917,8187600.14,2787
2024-04-27 00:00:00+00:00,171.327,172.227,171.207,171.917,8187600.14,2788
2024-04-27 01:00:00+00:00,171.327,172.227,171.207,171.917,8187600.14,2789
2024-04-27 02:00:00+00:00,171.327,172.227,171.207,171.917,8187600.14,2790
2024-04-27 03:00:00+00:00,171.327,172.227,171.207,171.917,8187600.14,2791
2024-04-27 04:00:00+00:00,171.327,172.227,171.207,171.917,8187600.14,2792
2024-04-27 05:00:00+00:00,171.327,172.227,171.207,171.917,8187600.14,2793
2024-04-27 06:00:00+00:00,171.327,172.227,171.207,171.917,8187600.14,2794
2024-04-27 07:00:00+00:00,171.327,172.227,171.207,171.917,8187600.14,2795
2024-04-27 08:00:00+00:00,171.327,172.227,171.207,171.917,8187600.14,2796
2024-04-27 09:00:00+00:00,171.327,172.227,171.207,171.917,8187600.14,2797
2024-04-27 10:00:00+00:00,171.327,172.227,171.207,171.917,8187600.14,2798
2024-04-27 11:00:00+00:00,171.327,172.227,171.207,171.917,8187600.14,2799
2024-04-27 12:00:00+00:00,171.327,172.227,171.207,171.917,8187600.14,2800
2024-04-27 13:00:00+00:00,171.327,172.227,171.207,171.917,8187600.14,2801
2024-04-27 14:00:00+00:00,171.327,172.227,171.207,171.917,8187600.14,2802
2024-04-27 15:00:00+00:00,171.327,172.227,171.207,171.917,8187600.14,2803
2024-04-27 16:00:00+00:00,171.327,172.227,171.207,171.917,8187600.14,2804
2024-04-27 17:00:00+00:00,171.327,172.227,171.207,171.917,8187600.14,2805
2024-04-27 18:00:00+00:00,171.327,172.227,171.207,171.917,8187600.14,2806
2024-04-27 19:00:00+00:00,171.327,172.227,171.207,171.917,8187600.14,2807
2024-04-27 20:00:00+00:00,171.327,172.227,171.207,171.917,8187600.14,2808
2024-04-27 21:00:00+00:00,171.327,172.227,171.207,171.917,8187600.14,2809
2024-04-27 22:00:00+00:00,171.327,172.227,171.207,171.917,8187600.14,2810
2024-04-27 23:00:00+00:00,171.327,172.227,171.207,171.917,8187600.14,2811
2024-04-28 00:00:00+00:00,171.327,172.227,171.207,171.917,8187600.14,2812
2024-04-28 01:00:00+00:00,171.327,172.227,171.207,171.917,8187600.14,2813
2024-04-28 02:00:00+00:00,171.327,172.227,171.207,171.917,8187600.14,2814
2024-04-28 03:00:00+00:00,171.327,172.227,171.207,171.917,8187600.14,2815
2024-04-28 04:00:00+00:00,171.327,172.227,171.207,171.917,8187600.14,2816
2024-04-28 05:00:00+00:00,171.327,172.227,171.207,171.917,8187600.14,2817
2024-04-28 06:00:00+00:00,171.327,172.227,171.207,171.917,8187600.14,2818
2024-04-28 07:00:00+00:00,171.327,172.227,171.207,171.917,8187600.14,2819
2024-04-28 08:00:00+00:00,171.327,172.227,171.207,171.917,8187600.14,2820
2024-04-28 09:00:00+00:00,171.327,172.227,171.207,171.917,8187600.14,2821
2024-04-28 10:00:00+00:00,171.327,172.227,171.207,171.917,8187600.14,2822
2024-04-28 11:00:00+00:00,171.327,172.227,171.207,171.917,8187600.14,2823
2024-04-28 12:00:00+00:00,171.327,172.227,171.207,171.917,8187600.14,2824
2024-04-28 13:00:00+00:00,171.327,172.227,171.207,171.917,8187600.14,2825
2024-04-28 14:00:00+00:00,171.327,172.227,171.207,171.917,8187600.14,2826
2024-04-28 15:00:00+00:00,171.327,172.227,171.207,171.917,8187600.14,2827
2024-04-28 16:00:00+00:00,171.327,172.227,171.207,171.917,8187600.14,2828
2024-04-28 17:00:00+00:00,171.327,172.227,171.207,171.917,8187600.14,2829
2024-04-28 18:00:00+00:00,171.327,172.227,171.207,171.917,8187600.14,2830
2024-04-28 19:00:00+00:00,171.327,172.227,171.207,171.917,8187600.14,2831
2024-04-28 20:00:00+00:00,171.327,172.227,171.207,171.917,8187600.14,2832
2024-04-28 21:00:00+00:00,171.327,172.227,171.207,171.917,8187600.14,2833
2024-04-28 22:00:00+00:00,171.327,172.227,171.207,171.917,8187600.14,2834
2024-04-28 23:00:00+00:00,171.327,172.227,171.207,171.917,8187600.14,2835
2024-04-29 00:00:00+00:00,171.327,172.227,171.207,171.917,8187600.14,2836
2024-04-29 01:00:00+00:00,171.327,172.227,171.207,171.917,8187600.14,2837
2024-04-29 02:00:00+00:00,171.327,172.227,171.207,171.917,8187600.14,2838
2024-04-29 03:00:00+00:00,171.327,172.227,171.207,171.917,8187600.14,2839
2024-04-29 04:00:00+00:00,171.327,172.227,171.207,171.917,8187600.14,2840
2024-04-29 05:00:00+00:00,171.327,172.227,171.207,171.917,8187600.14,2841
2024-04-29 06:00:00+00:00,171.327,172.227,171.207,171.917,8187600.14,2842
2024-04-29 07:00:00+00:00,171.327,172.227,171.207,171.917,8187600.14,2843
2024-04-29 08:00:00+00:00,171.327,172.227,171.207,171.917,8187600.14,2844
2024-04-29 09:00:00+00:00,171.327,172.227,171.207,171.917,8187600.14,2845
2024-04-29 10:00:00+00:00,171.327,172.227,171.207,171.917,8187600.14,2846
2024-04-29 11:00:00+00:00,171.327,172.227,171.207,171.917,8187600.14,2847
2024-04-29 12:00:00+00:00,171.327,172.227,171.207,171.917,8187600.14,2848
2024-04-29 13:00:00+00:00,168.827,169.497,167.067,168.577,12212400.44,2849
2024-04-29 14:00:00+00:00,168.557,168.886,167.797,167.986,13541999.82,2850
2024-04-29 15:00:00+00:00,167.986,168.197,166.646,167.337,10731599.81,2851
2024-04-29 16:00:00+00:00,167.347,167.577,166.567,166.907,8181599.62,2852
2024-04-29 17:00:00+00:00,166.887,167.287,166.396,167.027,6872399.81,2853
2024-04-29 18:00:00+00:00,167.026,167.027,166.007,166.076,8435999.87,2854
2024-04-29 19:00:00+00:00,166.067,166.387,165.196,166.127,13519200.33,2855
2024-04-29 20:00:00+00:00,166.067,166.387,165.196,166.127,13519200.33,2856
2024-04-29 21:00:00+00:00,166.067,166.387,165.196,166.127,13519200.33,2857
2024-04-29 22:00:00+00:00,166.067,166.387,165.196,166.127,13519200.33,2858
2024-04-29 23:00:00+00:00,166.067,166.387,165.196,166.127,13519200.33,2859
2024-04-30 00:00:00+00:00,166.067,166.387,165.196,166.127,13519200.33,2860
2024-04-30 01:00:00+00:00,166.067,166.387,165.196,166.127,13519200.33,2861
2024-04-30 02:00:00+00:00,166.067,166.387,165.196,166.127,13519200.33,2862
2024-04-30 03:00:00+00:00,166.067,166.387,165.196,166.127,13519200.33,2863
2024-04-30 04:00:00+00:00,166.067,166.387,165.196,166.127,13519200.33,2864
2024-04-30 05:00:00+00:00,166.067,166.387,165.196,166.127,13519200.33,2865
2024-04-30 06:00:00+00:00,166.067,166.387,165.196,166.127,13519200.33,2866
2024-04-30 07:00:00+00:00,166.067,166.387,165.196,166.127,13519200.33,2867
2024-04-30 08:00:00+00:00,166.067,166.387,165.196,166.127,13519200.33,2868
2024-04-30 09:00:00+00:00,166.067,166.387,165.196,166.127,13519200.33,2869
2024-04-30 10:00:00+00:00,166.067,166.387,165.196,166.127,13519200.33,2870
2024-04-30 11:00:00+00:00,166.067,166.387,165.196,166.127,13519200.33,2871
2024-04-30 12:00:00+00:00,166.067,166.387,165.196,166.127,13519200.33,2872
2024-04-30 13:00:00+00:00,165.456,168.067,165.456,167.376,8107199.67,2873
2024-04-30 14:00:00+00:00,167.376,167.736,165.847,165.936,12572400.09,2874
2024-04-30 15:00:00+00:00,165.946,165.957,165.156,165.296,10738800.05,2875
2024-04-30 16:00:00+00:00,165.297,165.347,163.917,164.336,10807200.43,2876
2024-04-30 17:00:00+00:00,164.326,164.536,163.856,164.036,10223999.98,2877
2024-04-30 18:00:00+00:00,164.046,164.447,163.556,163.566,9448800.09,2878
2024-04-30 19:00:00+00:00,163.557,164.307,162.587,162.726,12572400.09,2879
2024-04-30 20:00:00+00:00,163.557,164.307,162.587,162.726,12572400.09,2880
2024-04-30 21:00:00+00:00,163.557,164.307,162.587,162.726,12572400.09,2881
2024-04-30 22:00:00+00:00,163.557,164.307,162.587,162.726,12572400.09,2882
2024-04-30 23:00:00+00:00,163.557,164.307,162.587,162.726,12572400.09,2883
2024-05-01 00:00:00+00:00,163.557,164.307,162.587,162.726,12572400.09,2884
2024-05-01 01:00:00+00:00,163.557,164.307,162.587,162.726,12572400.09,2885
2024-05-01 02:00:00+00:00,163.557,164.307,162.587,162.726,12572400.09,2886
2024-05-01 03:00:00+00:00,163.557,164.307,162.587,162.726,12572400.09,2887
2024-05-01 04:00:00+00:00,163.557,164.307,162.587,162.726,12572400.09,2888
2024-05-01 05:00:00+00:00,163.557,164.307,162.587,162.726,12572400.09,2889
2024-05-01 06:00:00+00:00,163.557,164.307,162.587,162.726,12572400.09,2890
2024-05-01 07:00:00+00:00,163.557,164.307,162.587,162.726,12572400.09,2891
2024-05-01 08:00:00+00:00,163.557,164.307,162.587,162.726,12572400.09,2892
2024-05-01 09:00:00+00:00,163.557,164.307,162.587,162.726,12572400.09,2893
2024-05-01 10:00:00+00:00,163.557,164.307,162.587,162.726,12572400.09,2894
2024-05-01 11:00:00+00:00,163.557,164.307,162.587,162.726,12572400.09,2895
2024-05-01 12:00:00+00:00,163.557,164.307,162.587,162.726,12572400.09,2896
2024-05-01 13:00:00+00:00,164.077,164.297,163.067,164.256,10057200.43,2897
2024-05-01 14:00:00+00:00,164.257,165.607,163.977,165.136,16089599.61,2898
2024-05-01 15:00:00+00:00,165.126,165.797,165.046,165.567,11349599.84,2899
2024-05-01 16:00:00+00:00,165.556,165.877,164.716,164.797,9987600.33,2900
2024-05-01 17:00:00+00:00,164.806,164.926,164.006,164.866,8595600.13,2901
2024-05-01 18:00:00+00:00,164.897,166.336,164.386,166.246,24428400.04,2902
2024-05-01 19:00:00+00:00,166.246,167.106,163.716,163.756,24986400.6,2903
2024-05-01 20:00:00+00:00,166.246,167.106,163.716,163.756,24986400.6,2904
2024-05-01 21:00:00+00:00,166.246,167.106,163.716,163.756,24986400.6,2905
2024-05-01 22:00:00+00:00,166.246,167.106,163.716,163.756,24986400.6,2906
2024-05-01 23:00:00+00:00,166.246,167.106,163.716,163.756,24986400.6,2907
2024-05-02 00:00:00+00:00,166.246,167.106,163.716,163.756,24986400.6,2908
2024-05-02 01:00:00+00:00,166.246,167.106,163.716,163.756,24986400.6,2909
2024-05-02 02:00:00+00:00,166.246,167.106,163.716,163.756,24986400.6,2910
2024-05-02 03:00:00+00:00,166.246,167.106,163.716,163.756,24986400.6,2911
2024-05-02 04:00:00+00:00,166.246,167.106,163.716,163.756,24986400.6,2912
2024-05-02 05:00:00+00:00,166.246,167.106,163.716,163.756,24986400.6,2913
2024-05-02 06:00:00+00:00,166.246,167.106,163.716,163.756,24986400.6,2914
2024-05-02 07:00:00+00:00,166.246,167.106,163.716,163.756,24986400.6,2915
2024-05-02 08:00:00+00:00,166.246,167.106,163.716,163.756,24986400.6,2916
2024-05-02 09:00:00+00:00,166.246,167.106,163.716,163.756,24986400.6,2917
2024-05-02 10:00:00+00:00,166.246,167.106,163.716,163.756,24986400.6,2918
2024-05-02 11:00:00+00:00,166.246,167.106,163.716,163.756,24986400.6,2919
2024-05-02 12:00:00+00:00,166.246,167.106,163.716,163.756,24986400.6,2920
2024-05-02 13:00:00+00:00,164.687,165.707,163.856,165.456,8593199.73,2921
2024-05-02 14:00:00+00:00,165.446,165.976,164.536,165.266,14907600.4,2922
2024-05-02 15:00:00+00:00,165.266,165.396,164.466,165.107,9952799.8,2923
2024-05-02 16:00:00+00:00,165.117,165.317,164.657,164.997,9543600.08,2924
2024-05-02 17:00:00+00:00,165.006,165.657,164.936,165.577,8042400.36,2925
2024-05-02 18:00:00+00:00,165.576,166.407,165.496,166.367,8224800.11,2926
2024-05-02 19:00:00+00:00,166.377,166.706,165.636,166.647,12577199.94,2927
2024-05-02 20:00:00+00:00,166.377,166.706,165.636,166.647,12577199.94,2928
2024-05-02 21:00:00+00:00,166.377,166.706,165.636,166.647,12577199.94,2929
2024-05-02 22:00:00+00:00,166.377,166.706,165.636,166.647,12577199.94,2930
2024-05-02 23:00:00+00:00,166.377,166.706,165.636,166.647,12577199.94,2931
2024-05-03 00:00:00+00:00,166.377,166.706,165.636,166.647,12577199.94,2932
2024-05-03 01:00:00+00:00,166.377,166.706,165.636,166.647,12577199.94,2933
2024-05-03 02:00:00+00:00,166.377,166.706,165.636,166.647,12577199.94,2934
2024-05-03 03:00:00+00:00,166.377,166.706,165.636,166.647,12577199.94,2935
2024-05-03 04:00:00+00:00,166.377,166.706,165.636,166.647,12577199.94,2936
2024-05-03 05:00:00+00:00,166.377,166.706,165.636,166.647,12577199.94,2937
2024-05-03 06:00:00+00:00,166.377,166.706,165.636,166.647,12577199.94,2938
2024-05-03 07:00:00+00:00,166.377,166.706,165.636,166.647,12577199.94,2939
2024-05-03 08:00:00+00:00,166.377,166.706,165.636,166.647,12577199.94,2940
2024-05-03 09:00:00+00:00,166.377,166.706,165.636,166.647,12577199.94,2941
2024-05-03 10:00:00+00:00,166.377,166.706,165.636,166.647,12577199.94,2942
2024-05-03 11:00:00+00:00,166.377,166.706,165.636,166.647,12577199.94,2943
2024-05-03 12:00:00+00:00,166.377,166.706,165.636,166.647,12577199.94,2944
2024-05-03 13:00:00+00:00,167.527,167.877,165.776,165.836,10182000.16,2945
2024-05-03 14:00:00+00:00,165.866,166.326,163.036,163.927,20983200.07,2946
2024-05-03 15:00:00+00:00,163.936,165.737,163.877,165.246,12204000.47,2947
2024-05-03 16:00:00+00:00,165.276,165.967,165.156,165.717,8110799.79,2948
2024-05-03 17:00:00+00:00,165.707,166.436,165.707,166.237,7579199.79,2949
2024-05-03 18:00:00+00:00,166.237,166.927,166.196,166.757,7591199.87,2950
2024-05-03 19:00:00+00:00,166.746,167.447,166.656,167.227,8277600.29,2951
2024-05-03 20:00:00+00:00,166.746,167.447,166.656,167.227,8277600.29,2952
2024-05-03 21:00:00+00:00,166.746,167.447,166.656,167.227,8277600.29,2953
2024-05-03 22:00:00+00:00,166.746,167.447,166.656,167.227,8277600.29,2954
2024-05-03 23:00:00+00:00,166.746,167.447,166.656,167.227,8277600.29,2955
2024-05-04 00:00:00+00:00,166.746,167.447,166.656,167.227,8277600.29,2956
2024-05-04 01:00:00+00:00,166.746,167.447,166.656,167.227,8277600.29,2957
2024-05-04 02:00:00+00:00,166.746,167.447,166.656,167.227,8277600.29,2958
2024-05-04 03:00:00+00:00,166.746,167.447,166.656,167.227,8277600.29,2959
2024-05-04 04:00:00+00:00,166.746,167.447,166.656,167.227,8277600.29,2960
2024-05-04 05:00:00+00:00,166.746,167.447,166.656,167.227,8277600.29,2961
2024-05-04 06:00:00+00:00,166.746,167.447,166.656,167.227,8277600.29,2962
2024-05-04 07:00:00+00:00,166.746,167.447,166.656,167.227,8277600.29,2963
2024-05-04 08:00:00+00:00,166.746,167.447,166.656,167.227,8277600.29,2964
2024-05-04 09:00:00+00:00,166.746,167.447,166.656,167.227,8277600.29,2965
2024-05-04 10:00:00+00:00,166.746,167.447,166.656,167.227,8277600.29,2966
2024-05-04 11:00:00+00:00,166.746,167.447,166.656,167.227,8277600.29,2967
2024-05-04 12:00:00+00:00,166.746,167.447,166.656,167.227,8277600.29,2968
2024-05-04 13:00:00+00:00,166.746,167.447,166.656,167.227,8277600.29,2969
2024-05-04 14:00:00+00:00,166.746,167.447,166.656,167.227,8277600.29,2970
2024-05-04 15:00:00+00:00,166.746,167.447,166.656,167.227,8277600.29,2971
2024-05-04 16:00:00+00:00,166.746,167.447,166.656,167.227,8277600.29,2972
2024-05-04 17:00:00+00:00,166.746,167.447,166.656,167.227,8277600.29,2973
2024-05-04 18:00:00+00:00,166.746,167.447,166.656,167.227,8277600.29,2974
2024-05-04 19:00:00+00:00,166.746,167.447,166.656,167.227,8277600.29,2975
2024-05-04 20:00:00+00:00,166.746,167.447,166.656,167.227,8277600.29,2976
2024-05-04 21:00:00+00:00,166.746,167.447,166.656,167.227,8277600.29,2977
2024-05-04 22:00:00+00:00,166.746,167.447,166.656,167.227,8277600.29,2978
2024-05-04 23:00:00+00:00,166.746,167.447,166.656,167.227,8277600.29,2979
2024-05-05 00:00:00+00:00,166.746,167.447,166.656,167.227,8277600.29,2980
2024-05-05 01:00:00+00:00,166.746,167.447,166.656,167.227,8277600.29,2981
2024-05-05 02:00:00+00:00,166.746,167.447,166.656,167.227,8277600.29,2982
2024-05-05 03:00:00+00:00,166.746,167.447,166.656,167.227,8277600.29,2983
2024-05-05 04:00:00+00:00,166.746,167.447,166.656,167.227,8277600.29,2984
2024-05-05 05:00:00+00:00,166.746,167.447,166.656,167.227,8277600.29,2985
2024-05-05 06:00:00+00:00,166.746,167.447,166.656,167.227,8277600.29,2986
2024-05-05 07:00:00+00:00,166.746,167.447,166.656,167.227,8277600.29,2987
2024-05-05 08:00:00+00:00,166.746,167.447,166.656,167.227,8277600.29,2988
2024-05-05 09:00:00+00:00,166.746,167.447,166.656,167.227,8277600.29,2989
2024-05-05 10:00:00+00:00,166.746,167.447,166.656,167.227,8277600.29,2990
2024-05-05 11:00:00+00:00,166.746,167.447,166.656,167.227,8277600.29,2991
2024-05-05 12:00:00+00:00,166.746,167.447,166.656,167.227,8277600.29,2992
2024-05-05 13:00:00+00:00,166.746,167.447,166.656,167.227,8277600.29,2993
2024-05-05 14:00:00+00:00,166.746,167.447,166.656,167.227,8277600.29,2994
2024-05-05 15:00:00+00:00,166.746,167.447,166.656,167.227,8277600.29,2995
2024-05-05 16:00:00+00:00,166.746,167.447,166.656,167.227,8277600.29,2996
2024-05-05 17:00:00+00:00,166.746,167.447,166.656,167.227,8277600.29,2997
2024-05-05 18:00:00+00:00,166.746,167.447,166.656,167.227,8277600.29,2998
2024-05-05 19:00:00+00:00,166.746,167.447,166.656,167.227,8277600.29,2999
2024-05-05 20:00:00+00:00,166.746,167.447,166.656,167.227,8277600.29,3000
2024-05-05 21:00:00+00:00,166.746,167.447,166.656,167.227,8277600.29,3001
2024-05-05 22:00:00+00:00,166.746,167.447,166.656,167.227,8277600.29,3002
2024-05-05 23:00:00+00:00,166.746,167.447,166.656,167.227,8277600.29,3003
2024-05-06 00:00:00+00:00,166.746,167.447,166.656,167.227,8277600.29,3004
2024-05-06 01:00:00+00:00,166.746,167.447,166.656,167.227,8277600.29,3005
2024-05-06 02:00:00+00:00,166.746,167.447,166.656,167.227,8277600.29,3006
2024-05-06 03:00:00+00:00,166.746,167.447,166.656,167.227,8277600.29,3007
2024-05-06 04:00:00+00:00,166.746,167.447,166.656,167.227,8277600.29,3008
2024-05-06 05:00:00+00:00,166.746,167.447,166.656,167.227,8277600.29,3009
2024-05-06 06:00:00+00:00,166.746,167.447,166.656,167.227,8277600.29,3010
2024-05-06 07:00:00+00:00,166.746,167.447,166.656,167.227,8277600.29,3011
2024-05-06 08:00:00+00:00,166.746,167.447,166.656,167.227,8277600.29,3012
2024-05-06 09:00:00+00:00,166.746,167.447,166.656,167.227,8277600.29,3013
2024-05-06 10:00:00+00:00,166.746,167.447,166.656,167.227,8277600.29,3014
2024-05-06 11:00:00+00:00,166.746,167.447,166.656,167.227,8277600.29,3015
2024-05-06 12:00:00+00:00,166.746,167.447,166.656,167.227,8277600.29,3016
2024-05-06 13:00:00+00:00,167.436,168.097,166.197,167.147,6490799.9,3017
2024-05-06 14:00:00+00:00,167.146,167.206,166.017,166.506,9251999.86,3018
2024-05-06 15:00:00+00:00,166.507,167.266,166.336,166.726,5962800.03,3019
2024-05-06 16:00:00+00:00,166.716,167.237,166.176,167.197,5373600.01,3020
2024-05-06 17:00:00+00:00,167.197,167.357,166.776,167.076,4329599.86,3021
2024-05-06 18:00:00+00:00,167.077,167.527,167.046,167.447,4227600.1,3022
2024-05-06 19:00:00+00:00,167.447,168.117,166.796,168.086,5860799.79,3023
2024-05-06 20:00:00+00:00,167.447,168.117,166.796,168.086,5860799.79,3024
2024-05-06 21:00:00+00:00,167.447,168.117,166.796,168.086,5860799.79,3025
2024-05-06 22:00:00+00:00,167.447,168.117,166.796,168.086,5860799.79,3026
2024-05-06 23:00:00+00:00,167.447,168.117,166.796,168.086,5860799.79,3027
2024-05-07 00:00:00+00:00,167.447,168.117,166.796,168.086,5860799.79,3028
2024-05-07 01:00:00+00:00,167.447,168.117,166.796,168.086,5860799.79,3029
2024-05-07 02:00:00+00:00,167.447,168.117,166.796,168.086,5860799.79,3030
2024-05-07 03:00:00+00:00,167.447,168.117,166.796,168.086,5860799.79,3031
2024-05-07 04:00:00+00:00,167.447,168.117,166.796,168.086,5860799.79,3032
2024-05-07 05:00:00+00:00,167.447,168.117,166.796,168.086,5860799.79,3033
2024-05-07 06:00:00+00:00,167.447,168.117,166.796,168.086,5860799.79,3034
2024-05-07 07:00:00+00:00,167.447,168.117,166.796,168.086,5860799.79,3035
2024-05-07 08:00:00+00:00,167.447,168.117,166.796,168.086,5860799.79,3036
2024-05-07 09:00:00+00:00,167.447,168.117,166.796,168.086,5860799.79,3037
2024-05-07 10:00:00+00:00,167.447,168.117,166.796,168.086,5860799.79,3038
2024-05-07 11:00:00+00:00,167.447,168.117,166.796,168.086,5860799.79,3039
2024-05-07 12:00:00+00:00,167.447,168.117,166.796,168.086,5860799.79,3040
2024-05-07 13:00:00+00:00,168.216,171.057,168.197,170.067,7263599.87,3041
2024-05-07 14:00:00+00:00,170.086,170.726,169.636,170.697,8640000.34,3042
2024-05-07 15:00:00+00:00,170.696,171.027,170.497,170.886,5611199.86,3043
2024-05-07 16:00:00+00:00,170.877,171.747,170.846,171.247,6106800.08,3044
2024-05-07 17:00:00+00:00,171.257,171.387,170.647,170.767,5113200.19,3045
2024-05-07 18:00:00+00:00,170.777,170.907,170.446,170.887,5688000.2,3046
2024-05-07 19:00:00+00:00,170.887,171.406,170.416,171.277,6663599.97,3047
2024-05-07 20:00:00+00:00,170.887,171.406,170.416,171.277,6663599.97,3048
2024-05-07 21:00:00+00:00,170.887,171.406,170.416,171.277,6663599.97,3049
2024-05-07 22:00:00+00:00,170.887,171.406,170.416,171.277,6663599.97,3050
2024-05-07 23:00:00+00:00,170.887,171.406,170.416,171.277,6663599.97,3051
2024-05-08 00:00:00+00:00,170.887,171.406,170.416,171.277,6663599.97,3052
2024-05-08 01:00:00+00:00,170.887,171.406,170.416,171.277,6663599.97,3053
2024-05-08 02:00:00+00:00,170.887,171.406,170.416,171.277,6663599.97,3054
2024-05-08 03:00:00+00:00,170.887,171.406,170.416,171.277,6663599.97,3055
2024-05-08 04:00:00+00:00,170.887,171.406,170.416,171.277,6663599.97,3056
2024-05-08 05:00:00+00:00,170.887,171.406,170.416,171.277,6663599.97,3057
2024-05-08 06:00:00+00:00,170.887,171.406,170.416,171.277,6663599.97,3058
2024-05-08 07:00:00+00:00,170.887,171.406,170.416,171.277,6663599.97,3059
2024-05-08 08:00:00+00:00,170.887,171.406,170.416,171.277,6663599.97,3060
2024-05-08 09:00:00+00:00,170.887,171.406,170.416,171.277,6663599.97,3061
2024-05-08 10:00:00+00:00,170.887,171.406,170.416,171.277,6663599.97,3062
2024-05-08 11:00:00+00:00,170.887,171.406,170.416,171.277,6663599.97,3063
2024-05-08 12:00:00+00:00,170.887,171.406,170.416,171.277,6663599.97,3064
2024-05-08 13:00:00+00:00,168.886,169.757,168.696,169.746,7354800.22,3065
2024-05-08 14:00:00+00:00,169.786,170.137,169.436,169.717,8588399.89,3066
2024-05-08 15:00:00+00:00,169.716,170.117,169.407,169.757,6452400.21,3067
2024-05-08 16:00:00+00:00,169.737,170.077,169.416,169.487,5821199.89,3068
2024-05-08 17:00:00+00:00,169.486,169.727,169.197,169.697,5240399.84,3069
2024-05-08 18:00:00+00:00,169.707,169.897,169.546,169.737,4336800.1,3070
2024-05-08 19:00:00+00:00,169.726,169.797,169.256,169.336,5611199.86,3071
2024-05-08 20:00:00+00:00,169.726,169.797,169.256,169.336,5611199.86,3072
2024-05-08 21:00:00+00:00,169.726,169.797,169.256,169.336,5611199.86,3073
2024-05-08 22:00:00+00:00,169.726,169.797,169.256,169.336,5611199.86,3074
2024-05-08 23:00:00+00:00,169.726,169.797,169.256,169.336,5611199.86,3075
2024-05-09 00:00:00+00:00,169.726,169.797,169.256,169.336,5611199.86,3076
2024-05-09 01:00:00+00:00,169.726,169.797,169.256,169.336,5611199.86,3077
2024-05-09 02:00:00+00:00,169.726,169.797,169.256,169.336,5611199.86,3078
2024-05-09 03:00:00+00:00,169.726,169.797,169.256,169.336,5611199.86,3079
2024-05-09 04:00:00+00:00,169.726,169.797,169.256,169.336,5611199.86,3080
2024-05-09 05:00:00+00:00,169.726,169.797,169.256,169.336,5611199.86,3081
2024-05-09 06:00:00+00:00,169.726,169.797,169.256,169.336,5611199.86,3082
2024-05-09 07:00:00+00:00,169.726,169.797,169.256,169.336,5611199.86,3083
2024-05-09 08:00:00+00:00,169.726,169.797,169.256,169.336,5611199.86,3084
2024-05-09 09:00:00+00:00,169.726,169.797,169.256,169.336,5611199.86,3085
2024-05-09 10:00:00+00:00,169.726,169.797,169.256,169.336,5611199.86,3086
2024-05-09 11:00:00+00:00,169.726,169.797,169.256,169.336,5611199.86,3087
2024-05-09 12:00:00+00:00,169.726,169.797,169.256,169.336,5611199.86,3088
2024-05-09 13:00:00+00:00,169.337,170.596,168.616,168.797,7348800.18,3089
2024-05-09 14:00:00+00:00,168.806,169.136,168.176,169.017,9877200.13,3090
2024-05-09 15:00:00+00:00,169.006,169.377,168.876,168.966,7018799.78,3091
2024-05-09 16:00:00+00:00,168.956,169.337,168.866,169.236,6226799.96,3092
2024-05-09 17:00:00+00:00,169.226,169.397,168.996,169.017,7666800.02,3093
2024-05-09 18:00:00+00:00,169.007,169.487,168.897,169.407,5683199.88,3094
2024-05-09 19:00:00+00:00,169.396,169.987,169.296,169.947,8511599.54,3095
2024-05-09 20:00:00+00:00,169.396,169.987,169.296,169.947,8511599.54,3096
2024-05-09 21:00:00+00:00,169.396,169.987,169.296,169.947,8511599.54,3097
2024-05-09 22:00:00+00:00,169.396,169.987,169.296,169.947,8511599.54,3098
2024-05-09 23:00:00+00:00,169.396,169.987,169.296,169.947,8511599.54,3099
2024-05-10 00:00:00+00:00,169.396,169.987,169.296,169.947,8511599.54,3100
2024-05-10 01:00:00+00:00,169.396,169.987,169.296,169.947,8511599.54,3101
2024-05-10 02:00:00+00:00,169.396,169.987,169.296,169.947,8511599.54,3102
2024-05-10 03:00:00+00:00,169.396,169.987,169.296,169.947,8511599.54,3103
2024-05-10 04:00:00+00:00,169.396,169.987,169.296,169.947,8511599.54,3104
2024-05-10 05:00:00+00:00,169.396,169.987,169.296,169.947,8511599.54,3105
2024-05-10 06:00:00+00:00,169.396,169.987,169.296,169.947,8511599.54,3106
2024-05-10 07:00:00+00:00,169.396,169.987,169.296,169.947,8511599.54,3107
2024-05-10 08:00:00+00:00,169.396,169.987,169.296,169.947,8511599.54,3108
2024-05-10 09:00:00+00:00,169.396,169.987,169.296,169.947,8511599.54,3109
2024-05-10 10:00:00+00:00,169.396,169.987,169.296,169.947,8511599.54,3110
2024-05-10 11:00:00+00:00,169.396,169.987,169.296,169.947,8511599.54,3111
2024-05-10 12:00:00+00:00,169.396,169.987,169.296,169.947,8511599.54,3112
2024-05-10 13:00:00+00:00,167.887,168.496,167.147,168.126,5736000.06,3113
2024-05-10 14:00:00+00:00,168.067,168.676,167.516,167.736,10531200.41,3114
2024-05-10 15:00:00+00:00,167.737,168.207,167.346,167.777,7162799.84,3115
2024-05-10 16:00:00+00:00,167.767,167.927,167.456,167.647,5539199.83,3116
2024-05-10 17:00:00+00:00,167.646,169.826,166.177,168.857,8060400.01,3117
2024-05-10 18:00:00+00:00,168.846,169.317,168.186,168.857,6160799.98,3118
2024-05-10 19:00:00+00:00,168.846,168.957,168.356,168.597,6558000.09,3119
2024-05-10 20:00:00+00:00,168.846,168.957,168.356,168.597,6558000.09,3120
2024-05-10 21:00:00+00:00,168.846,168.957,168.356,168.597,6558000.09,3121
2024-05-10 22:00:00+00:00,168.846,168.957,168.356,168.597,6558000.09,3122
2024-05-10 23:00:00+00:00,168.846,168.957,168.356,168.597,6558000.09,3123
2024-05-11 00:00:00+00:00,168.846,168.957,168.356,168.597,6558000.09,3124
2024-05-11 01:00:00+00:00,168.846,168.957,168.356,168.597,6558000.09,3125
2024-05-11 02:00:00+00:00,168.846,168.957,168.356,168.597,6558000.09,3126
2024-05-11 03:00:00+00:00,168.846,168.957,168.356,168.597,6558000.09,3127
2024-05-11 04:00:00+00:00,168.846,168.957,168.356,168.597,6558000.09,3128
2024-05-11 05:00:00+00:00,168.846,168.957,168.356,168.597,6558000.09,3129
2024-05-11 06:00:00+00:00,168.846,168.957,168.356,168.597,6558000.09,3130
2024-05-11 07:00:00+00:00,168.846,168.957,168.356,168.597,6558000.09,3131
2024-05-11 08:00:00+00:00,168.846,168.957,168.356,168.597,6558000.09,3132
2024-05-11 09:00:00+00:00,168.846,168.957,168.356,168.597,6558000.09,3133
2024-05-11 10:00:00+00:00,168.846,168.957,168.356,168.597,6558000.09,3134
2024-05-11 11:00:00+00:00,168.846,168.957,168.356,168.597,6558000.09,3135
2024-05-11 12:00:00+00:00,168.846,168.957,168.356,168.597,6558000.09,3136
2024-05-11 13:00:00+00:00,168.846,168.957,168.356,168.597,6558000.09,3137
2024-05-11 14:00:00+00:00,168.846,168.957,168.356,168.597,6558000.09,3138
2024-05-11 15:00:00+00:00,168.846,168.957,168.356,168.597,6558000.09,3139
2024-05-11 16:00:00+00:00,168.846,168.957,168.356,168.597,6558000.09,3140
2024-05-11 17:00:00+00:00,168.846,168.957,168.356,168.597,6558000.09,3141
2024-05-11 18:00:00+00:00,168.846,168.957,168.356,168.597,6558000.09,3142
2024-05-11 19:00:00+00:00,168.846,168.957,168.356,168.597,6558000.09,3143
2024-05-11 20:00:00+00:00,168.846,168.957,168.356,168.597,6558000.09,3144
2024-05-11 21:00:00+00:00,168.846,168.957,168.356,168.597,6558000.09,3145
2024-05-11 22:00:00+00:00,168.846,168.957,168.356,168.597,6558000.09,3146
2024-05-11 23:00:00+00:00,168.846,168.957,168.356,168.597,6558000.09,3147
2024-05-12 00:00:00+00:00,168.846,168.957,168.356,168.597,6558000.09,3148
2024-05-12 01:00:00+00:00,168.846,168.957,168.356,168.597,6558000.09,3149
2024-05-12 02:00:00+00:00,168.846,168.957,168.356,168.597,6558000.09,3150
2024-05-12 03:00:00+00:00,168.846,168.957,168.356,168.597,6558000.09,3151
2024-05-12 04:00:00+00:00,168.846,168.957,168.356,168.597,6558000.09,3152
2024-05-12 05:00:00+00:00,168.846,168.957,168.356,168.597,6558000.09,3153
2024-05-12 06:00:00+00:00,168.846,168.957,168.356,168.597,6558000.09,3154
2024-05-12 07:00:00+00:00,168.846,168.957,168.356,168.597,6558000.09,3155
2024-05-12 08:00:00+00:00,168.846,168.957,168.356,168.597,6558000.09,3156
2024-05-12 09:00:00+00:00,168.846,168.957,168.356,168.597,6558000.09,3157
2024-05-12 10:00:00+00:00,168.846,168.957,168.356,168.597,6558000.09,3158
2024-05-12 11:00:00+00:00,168.846,168.957,168.356,168.597,6558000.09,3159
2024-05-12 12:00:00+00:00,168.846,168.957,168.356,168.597,6558000.09,3160
2024-05-12 13:00:00+00:00,168.846,168.957,168.356,168.597,6558000.09,3161
2024-05-12 14:00:00+00:00,168.846,168.957,168.356,168.597,6558000.09,3162
2024-05-12 15:00:00+00:00,168.846,168.957,168.356,168.597,6558000.09,3163
2024-05-12 16:00:00+00:00,168.846,168.957,168.356,168.597,6558000.09,3164
2024-05-12 17:00:00+00:00,168.846,168.957,168.356,168.597,6558000.09,3165
2024-05-12 18:00:00+00:00,168.846,168.957,168.356,168.597,6558000.09,3166
2024-05-12 19:00:00+00:00,168.846,168.957,168.356,168.597,6558000.09,3167
2024-05-12 20:00:00+00:00,168.846,168.957,168.356,168.597,6558000.09,3168
2024-05-12 21:00:00+00:00,168.846,168.957,168.356,168.597,6558000.09,3169
2024-05-12 22:00:00+00:00,168.846,168.957,168.356,168.597,6558000.09,3170
2024-05-12 23:00:00+00:00,168.846,168.957,168.356,168.597,6558000.09,3171
2024-05-13 00:00:00+00:00,168.846,168.957,168.356,168.597,6558000.09,3172
2024-05-13 01:00:00+00:00,168.846,168.957,168.356,168.597,6558000.09,3173
2024-05-13 02:00:00+00:00,168.846,168.957,168.356,168.597,6558000.09,3174
2024-05-13 03:00:00+00:00,168.846,168.957,168.356,168.597,6558000.09,3175
2024-05-13 04:00:00+00:00,168.846,168.957,168.356,168.597,6558000.09,3176
2024-05-13 05:00:00+00:00,168.846,168.957,168.356,168.597,6558000.09,3177
2024-05-13 06:00:00+00:00,168.846,168.957,168.356,168.597,6558000.09,3178
2024-05-13 07:00:00+00:00,168.846,168.957,168.356,168.597,6558000.09,3179
2024-05-13 08:00:00+00:00,168.846,168.957,168.356,168.597,6558000.09,3180
2024-05-13 09:00:00+00:00,168.846,168.957,168.356,168.597,6558000.09,3181
2024-05-13 10:00:00+00:00,168.846,168.957,168.356,168.597,6558000.09,3182
2024-05-13 11:00:00+00:00,168.846,168.957,168.356,168.597,6558000.09,3183
2024-05-13 12:00:00+00:00,168.846,168.957,168.356,168.597,6558000.09,3184
2024-05-13 13:00:00+00:00,163.996,165.967,163.996,164.606,8452799.8,3185
2024-05-13 14:00:00+00:00,164.597,165.726,164.376,165.596,8526000.02,3186
2024-05-13 15:00:00+00:00,165.606,166.186,165.547,166.016,6759600.16,3187
2024-05-13 16:00:00+00:00,166.047,166.477,165.807,166.187,5467199.8,3188
2024-05-13 17:00:00+00:00,166.176,168.737,166.096,167.556,9925200.46,3189
2024-05-13 18:00:00+00:00,167.557,168.087,167.497,167.917,4580399.99,3190
2024-05-13 19:00:00+00:00,167.907,169.266,167.846,169.146,7161600.11,3191
2024-05-13 20:00:00+00:00,167.907,169.266,167.846,169.146,7161600.11,3192
2024-05-13 21:00:00+00:00,167.907,169.266,167.846,169.146,7161600.11,3193
2024-05-13 22:00:00+00:00,167.907,169.266,167.846,169.146,7161600.11,3194
2024-05-13 23:00:00+00:00,167.907,169.266,167.846,169.146,7161600.11,3195
2024-05-14 00:00:00+00:00,167.907,169.266,167.846,169.146,7161600.11,3196
2024-05-14 01:00:00+00:00,167.907,169.266,167.846,169.146,7161600.11,3197
2024-05-14 02:00:00+00:00,167.907,169.266,167.846,169.146,7161600.11,3198
2024-05-14 03:00:00+00:00,167.907,169.266,167.846,169.146,7161600.11,3199
2024-05-14 04:00:00+00:00,167.907,169.266,167.846,169.146,7161600.11,3200
2024-05-14 05:00:00+00:00,167.907,169.266,167.846,169.146,7161600.11,3201
2024-05-14 06:00:00+00:00,167.907,169.266,167.846,169.146,7161600.11,3202
2024-05-14 07:00:00+00:00,167.907,169.266,167.846,169.146,7161600.11,3203
2024-05-14 08:00:00+00:00,167.907,169.266,167.846,169.146,7161600.11,3204
2024-05-14 09:00:00+00:00,167.907,169.266,167.846,169.146,7161600.11,3205
2024-05-14 10:00:00+00:00,167.907,169.266,167.846,169.146,7161600.11,3206
2024-05-14 11:00:00+00:00,167.907,169.266,167.846,169.146,7161600.11,3207
2024-05-14 12:00:00+00:00,167.907,169.266,167.846,169.146,7161600.11,3208
2024-05-14 13:00:00+00:00,169.816,170.477,168.796,168.806,5046000.0,3209
2024-05-14 14:00:00+00:00,168.846,170.157,168.796,169.887,8954400.06,3210
2024-05-14 15:00:00+00:00,169.896,170.117,169.076,169.476,5845200.06,3211
2024-05-14 16:00:00+00:00,169.477,169.506,169.016,169.257,4541999.82,3212
2024-05-14 17:00:00+00:00,169.286,171.217,169.196,170.286,6855599.88,3213
2024-05-14 18:00:00+00:00,170.226,171.097,169.937,170.786,5347199.92,3214
2024-05-14 19:00:00+00:00,170.807,171.017,170.026,170.267,6525599.96,3215
2024-05-14 20:00:00+00:00,170.807,171.017,170.026,170.267,6525599.96,3216
2024-05-14 21:00:00+00:00,170.807,171.017,170.026,170.267,6525599.96,3217
2024-05-14 22:00:00+00:00,170.807,171.017,170.026,170.267,6525599.96,3218
2024-05-14 23:00:00+00:00,170.807,171.017,170.026,170.267,6525599.96,3219
2024-05-15 00:00:00+00:00,170.807,171.017,170.026,170.267,6525599.96,3220
2024-05-15 01:00:00+00:00,170.807,171.017,170.026,170.267,6525599.96,3221
2024-05-15 02:00:00+00:00,170.807,171.017,170.026,170.267,6525599.96,3222
2024-05-15 03:00:00+00:00,170.807,171.017,170.026,170.267,6525599.96,3223
2024-05-15 04:00:00+00:00,170.807,171.017,170.026,170.267,6525599.96,3224
2024-05-15 05:00:00+00:00,170.807,171.017,170.026,170.267,6525599.96,3225
2024-05-15 06:00:00+00:00,170.807,171.017,170.026,170.267,6525599.96,3226
2024-05-15 07:00:00+00:00,170.807,171.017,170.026,170.267,6525599.96,3227
2024-05-15 08:00:00+00:00,170.807,171.017,170.026,170.267,6525599.96,3228
2024-05-15 09:00:00+00:00,170.807,171.017,170.026,170.267,6525599.96,3229
2024-05-15 10:00:00+00:00,170.807,171.017,170.026,170.267,6525599.96,3230
2024-05-15 11:00:00+00:00,170.807,171.017,170.026,170.267,6525599.96,3231
2024-05-15 12:00:00+00:00,170.807,171.017,170.026,170.267,6525599.96,3232
2024-05-15 13:00:00+00:00,170.596,172.527,170.596,171.106,7156799.79,3233
2024-05-15 14:00:00+00:00,171.177,171.907,171.116,171.796,7156799.79,3234
2024-05-15 15:00:00+00:00,171.796,171.867,171.086,171.217,5643599.99,3235
2024-05-15 16:00:00+00:00,171.216,171.227,170.506,170.817,4894800.19,3236
2024-05-15 17:00:00+00:00,170.827,172.037,170.666,171.987,5032800.2,3237
2024-05-15 18:00:00+00:00,171.986,172.256,171.716,172.107,4473599.91,3238
2024-05-15 19:00:00+00:00,172.086,172.636,172.027,172.556,6001200.2,3239
2024-05-15 20:00:00+00:00,172.086,172.636,172.027,172.556,6001200.2,3240
2024-05-15 21:00:00+00:00,172.086,172.636,172.027,172.556,6001200.2,3241
2024-05-15 22:00:00+00:00,172.086,172.636,172.027,172.556,6001200.2,3242
2024-05-15 23:00:00+00:00,172.086,172.636,172.027,172.556,6001200.2,3243
2024-05-16 00:00:00+00:00,172.086,172.636,172.027,172.556,6001200.2,3244
2024-05-16 01:00:00+00:00,172.086,172.636,172.027,172.556,6001200.2,3245
2024-05-16 02:00:00+00:00,172.086,172.636,172.027,172.556,6001200.2,3246
2024-05-16 03:00:00+00:00,172.086,172.636,172.027,172.556,6001200.2,3247
2024-05-16 04:00:00+00:00,172.086,172.636,172.027,172.556,6001200.2,3248
2024-05-16 05:00:00+00:00,172.086,172.636,172.027,172.556,6001200.2,3249
2024-05-16 06:00:00+00:00,172.086,172.636,172.027,172.556,6001200.2,3250
2024-05-16 07:00:00+00:00,172.086,172.636,172.027,172.556,6001200.2,3251
2024-05-16 08:00:00+00:00,172.086,172.636,172.027,172.556,6001200.2,3252
2024-05-16 09:00:00+00:00,172.086,172.636,172.027,172.556,6001200.2,3253
2024-05-16 10:00:00+00:00,172.086,172.636,172.027,172.556,6001200.2,3254
2024-05-16 11:00:00+00:00,172.086,172.636,172.027,172.556,6001200.2,3255
2024-05-16 12:00:00+00:00,172.086,172.636,172.027,172.556,6001200.2,3256
2024-05-16 13:00:00+00:00,173.137,174.016,172.656,173.827,7100399.97,3257
2024-05-16 14:00:00+00:00,173.837,175.037,173.747,174.917,8378399.85,3258
2024-05-16 15:00:00+00:00,174.916,175.107,174.346,174.456,8329199.79,3259
2024-05-16 16:00:00+00:00,174.447,174.447,173.826,174.187,6908400.06,3260
2024-05-16 17:00:00+00:00,174.187,174.406,173.577,174.367,7947599.89,3261
2024-05-16 18:00:00+00:00,174.356,174.797,174.096,174.556,7244400.02,3262
2024-05-16 19:00:00+00:00,174.566,174.577,173.797,174.167,7607999.8,3263
2024-05-16 20:00:00+00:00,174.566,174.577,173.797,174.167,7607999.8,3264
2024-05-16 21:00:00+00:00,174.566,174.577,173.797,174.167,7607999.8,3265
2024-05-16 22:00:00+00:00,174.566,174.577,173.797,174.167,7607999.8,3266
2024-05-16 23:00:00+00:00,174.566,174.577,173.797,174.167,7607999.8,3267
2024-05-17 00:00:00+00:00,174.566,174.577,173.797,174.167,7607999.8,3268
2024-05-17 01:00:00+00:00,174.566,174.577,173.797,174.167,7607999.8,3269
2024-05-17 02:00:00+00:00,174.566,174.577,173.797,174.167,7607999.8,3270
2024-05-17 03:00:00+00:00,174.566,174.577,173.797,174.167,7607999.8,3271
2024-05-17 04:00:00+00:00,174.566,174.577,173.797,174.167,7607999.8,3272
2024-05-17 05:00:00+00:00,174.566,174.577,173.797,174.167,7607999.8,3273
2024-05-17 06:00:00+00:00,174.566,174.577,173.797,174.167,7607999.8,3274
2024-05-17 07:00:00+00:00,174.566,174.577,173.797,174.167,7607999.8,3275
2024-05-17 08:00:00+00:00,174.566,174.577,173.797,174.167,7607999.8,3276
2024-05-17 09:00:00+00:00,174.566,174.577,173.797,174.167,7607999.8,3277
2024-05-17 10:00:00+00:00,174.566,174.577,173.797,174.167,7607999.8,3278
2024-05-17 11:00:00+00:00,174.566,174.577,173.797,174.167,7607999.8,3279
2024-05-17 12:00:00+00:00,174.566,174.577,173.797,174.167,7607999.8,3280
2024-05-17 13:00:00+00:00,174.176,175.257,173.666,175.196,5371200.08,3281
2024-05-17 14:00:00+00:00,175.197,176.116,174.966,175.666,7475999.83,3282
2024-05-17 15:00:00+00:00,175.676,175.737,175.316,175.716,5627999.78,3283
2024-05-17 16:00:00+00:00,175.706,176.077,175.616,175.976,4346399.78,3284
2024-05-17 17:00:00+00:00,175.967,176.167,175.696,175.776,4024799.82,3285
2024-05-17 18:00:00+00:00,175.786,176.067,175.116,176.016,5905200.0,3286
2024-05-17 19:00:00+00:00,176.016,176.256,175.956,176.097,6523200.04,3287
2024-05-17 20:00:00+00:00,176.016,176.256,175.956,176.097,6523200.04,3288
2024-05-17 21:00:00+00:00,176.016,176.256,175.956,176.097,6523200.04,3289
2024-05-17 22:00:00+00:00,176.016,176.256,175.956,176.097,6523200.04,3290
2024-05-17 23:00:00+00:00,176.016,176.256,175.956,176.097,6523200.04,3291
2024-05-18 00:00:00+00:00,176.016,176.256,175.956,176.097,6523200.04,3292
2024-05-18 01:00:00+00:00,176.016,176.256,175.956,176.097,6523200.04,3293
2024-05-18 02:00:00+00:00,176.016,176.256,175.956,176.097,6523200.04,3294
2024-05-18 03:00:00+00:00,176.016,176.256,175.956,176.097,6523200.04,3295
2024-05-18 04:00:00+00:00,176.016,176.256,175.956,176.097,6523200.04,3296
2024-05-18 05:00:00+00:00,176.016,176.256,175.956,176.097,6523200.04,3297
2024-05-18 06:00:00+00:00,176.016,176.256,175.956,176.097,6523200.04,3298
2024-05-18 07:00:00+00:00,176.016,176.256,175.956,176.097,6523200.04,3299
2024-05-18 08:00:00+00:00,176.016,176.256,175.956,176.097,6523200.04,3300
2024-05-18 09:00:00+00:00,176.016,176.256,175.956,176.097,6523200.04,3301
2024-05-18 10:00:00+00:00,176.016,176.256,175.956,176.097,6523200.04,3302
2024-05-18 11:00:00+00:00,176.016,176.256,175.956,176.097,6523200.04,3303
2024-05-18 12:00:00+00:00,176.016,176.256,175.956,176.097,6523200.04,3304
2024-05-18 13:00:00+00:00,176.016,176.256,175.956,176.097,6523200.04,3305
2024-05-18 14:00:00+00:00,176.016,176.256,175.956,176.097,6523200.04,3306
2024-05-18 15:00:00+00:00,176.016,176.256,175.956,176.097,6523200.04,3307
2024-05-18 16:00:00+00:00,176.016,176.256,175.956,176.097,6523200.04,3308
2024-05-18 17:00:00+00:00,176.016,176.256,175.956,176.097,6523200.04,3309
2024-05-18 18:00:00+00:00,176.016,176.256,175.956,176.097,6523200.04,3310
2024-05-18 19:00:00+00:00,176.016,176.256,175.956,176.097,6523200.04,3311
2024-05-18 20:00:00+00:00,176.016,176.256,175.956,176.097,6523200.04,3312
2024-05-18 21:00:00+00:00,176.016,176.256,175.956,176.097,6523200.04,3313
2024-05-18 22:00:00+00:00,176.016,176.256,175.956,176.097,6523200.04,3314
2024-05-18 23:00:00+00:00,176.016,176.256,175.956,176.097,6523200.04,3315
2024-05-19 00:00:00+00:00,176.016,176.256,175.956,176.097,6523200.04,3316
2024-05-19 01:00:00+00:00,176.016,176.256,175.956,176.097,6523200.04,3317
2024-05-19 02:00:00+00:00,176.016,176.256,175.956,176.097,6523200.04,3318
2024-05-19 03:00:00+00:00,176.016,176.256,175.956,176.097,6523200.04,3319
2024-05-19 04:00:00+00:00,176.016,176.256,175.956,176.097,6523200.04,3320
2024-05-19 05:00:00+00:00,176.016,176.256,175.956,176.097,6523200.04,3321
2024-05-19 06:00:00+00:00,176.016,176.256,175.956,176.097,6523200.04,3322
2024-05-19 07:00:00+00:00,176.016,176.256,175.956,176.097,6523200.04,3323
2024-05-19 08:00:00+00:00,176.016,176.256,175.956,176.097,6523200.04,3324
2024-05-19 09:00:00+00:00,176.016,176.256,175.956,176.097,6523200.04,3325
2024-05-19 10:00:00+00:00,176.016,176.256,175.956,176.097,6523200.04,3326
2024-05-19 11:00:00+00:00,176.016,176.256,175.956,176.097,6523200.04,3327
2024-05-19 12:00:00+00:00,176.016,176.256,175.956,176.097,6523200.04,3328
2024-05-19 13:00:00+00:00,176.016,176.256,175.956,176.097,6523200.04,3329
2024-05-19 14:00:00+00:00,176.016,176.256,175.956,176.097,6523200.04,3330
2024-05-19 15:00:00+00:00,176.016,176.256,175.956,176.097,6523200.04,3331
2024-05-19 16:00:00+00:00,176.016,176.256,175.956,176.097,6523200.04,3332
2024-05-19 17:00:00+00:00,176.016,176.256,175.956,176.097,6523200.04,3333
2024-05-19 18:00:00+00:00,176.016,176.256,175.956,176.097,6523200.04,3334
2024-05-19 19:00:00+00:00,176.016,176.256,175.956,176.097,6523200.04,3335
2024-05-19 20:00:00+00:00,176.016,176.256,175.956,176.097,6523200.04,3336
2024-05-19 21:00:00+00:00,176.016,176.256,175.956,176.097,6523200.04,3337
2024-05-19 22:00:00+00:00,176.016,176.256,175.956,176.097,6523200.04,3338
2024-05-19 23:00:00+00:00,176.016,176.256,175.956,176.097,6523200.04,3339
2024-05-20 00:00:00+00:00,176.016,176.256,175.956,176.097,6523200.04,3340
2024-05-20 01:00:00+00:00,176.016,176.256,175.956,176.097,6523200.04,3341
2024-05-20 02:00:00+00:00,176.016,176.256,175.956,176.097,6523200.04,3342
2024-05-20 03:00:00+00:00,176.016,176.256,175.956,176.097,6523200.04,3343
2024-05-20 04:00:00+00:00,176.016,176.256,175.956,176.097,6523200.04,3344
2024-05-20 05:00:00+00:00,176.016,176.256,175.956,176.097,6523200.04,3345
2024-05-20 06:00:00+00:00,176.016,176.256,175.956,176.097,6523200.04,3346
2024-05-20 07:00:00+00:00,176.016,176.256,175.956,176.097,6523200.04,3347
2024-05-20 08:00:00+00:00,176.016,176.256,175.956,176.097,6523200.04,3348
2024-05-20 09:00:00+00:00,176.016,176.256,175.956,176.097,6523200.04,3349
2024-05-20 10:00:00+00:00,176.016,176.256,175.956,176.097,6523200.04,3350
2024-05-20 11:00:00+00:00,176.016,176.256,175.956,176.097,6523200.04,3351
2024-05-20 12:00:00+00:00,176.016,176.256,175.956,176.097,6523200.04,3352
2024-05-20 13:00:00+00:00,176.097,178.416,176.066,178.197,6572400.09,3353
2024-05-20 14:00:00+00:00,178.207,178.736,177.296,177.347,7613999.84,3354
2024-05-20 15:00:00+00:00,177.346,177.556,176.746,177.006,4889999.87,3355
2024-05-20 16:00:00+00:00,177.016,177.117,176.457,176.906,3680399.89,3356
2024-05-20 17:00:00+00:00,176.916,177.027,176.396,176.746,3794399.98,3357
2024-05-20 18:00:00+00:00,176.737,177.077,176.556,176.846,3971999.88,3358
2024-05-20 19:00:00+00:00,176.856,177.427,176.617,176.917,5938799.86,3359
2024-05-20 20:00:00+00:00,176.856,177.427,176.617,176.917,5938799.86,3360
2024-05-20 21:00:00+00:00,176.856,177.427,176.617,176.917,5938799.86,3361
2024-05-20 22:00:00+00:00,176.856,177.427,176.617,176.917,5938799.86,3362
2024-05-20 23:00:00+00:00,176.856,177.427,176.617,176.917,5938799.86,3363
2024-05-21 00:00:00+00:00,176.856,177.427,176.617,176.917,5938799.86,3364
2024-05-21 01:00:00+00:00,176.856,177.427,176.617,176.917,5938799.86,3365
2024-05-21 02:00:00+00:00,176.856,177.427,176.617,176.917,5938799.86,3366
2024-05-21 03:00:00+00:00,176.856,177.427,176.617,176.917,5938799.86,3367
2024-05-21 04:00:00+00:00,176.856,177.427,176.617,176.917,5938799.86,3368
2024-05-21 05:00:00+00:00,176.856,177.427,176.617,176.917,5938799.86,3369
2024-05-21 06:00:00+00:00,176.856,177.427,176.617,176.917,5938799.86,3370
2024-05-21 07:00:00+00:00,176.856,177.427,176.617,176.917,5938799.86,3371
2024-05-21 08:00:00+00:00,176.856,177.427,176.617,176.917,5938799.86,3372
2024-05-21 09:00:00+00:00,176.856,177.427,176.617,176.917,5938799.86,3373
2024-05-21 10:00:00+00:00,176.856,177.427,176.617,176.917,5938799.86,3374
2024-05-21 11:00:00+00:00,176.856,177.427,176.617,176.917,5938799.86,3375
2024-05-21 12:00:00+00:00,176.856,177.427,176.617,176.917,5938799.86,3376
2024-05-21 13:00:00+00:00,176.766,177.447,175.806,177.327,6500400.07,3377
2024-05-21 14:00:00+00:00,177.357,177.767,177.216,177.526,8381999.97,3378
2024-05-21 15:00:00+00:00,177.536,177.856,177.276,177.487,6581999.78,3379
2024-05-21 16:00:00+00:00,177.487,177.737,176.786,176.846,5685599.8,3380
2024-05-21 17:00:00+00:00,176.836,177.546,176.726,177.536,5451600.07,3381
2024-05-21 18:00:00+00:00,177.537,177.616,177.336,177.467,4575600.15,3382
2024-05-21 19:00:00+00:00,177.477,178.137,177.366,177.846,6045599.94,3383
2024-05-21 20:00:00+00:00,177.477,178.137,177.366,177.846,6045599.94,3384
2024-05-21 21:00:00+00:00,177.477,178.137,177.366,177.846,6045599.94,3385
2024-05-21 22:00:00+00:00,177.477,178.137,177.366,177.846,6045599.94,3386
2024-05-21 23:00:00+00:00,177.477,178.137,177.366,177.846,6045599.94,3387
2024-05-22 00:00:00+00:00,177.477,178.137,177.366,177.846,6045599.94,3388
2024-05-22 01:00:00+00:00,177.477,178.137,177.366,177.846,6045599.94,3389
2024-05-22 02:00:00+00:00,177.477,178.137,177.366,177.846,6045599.94,3390
2024-05-22 03:00:00+00:00,177.477,178.137,177.366,177.846,6045599.94,3391
2024-05-22 04:00:00+00:00,177.477,178.137,177.366,177.846,6045599.94,3392
2024-05-22 05:00:00+00:00,177.477,178.137,177.366,177.846,6045599.94,3393
2024-05-22 06:00:00+00:00,177.477,178.137,177.366,177.846,6045599.94,3394
2024-05-22 07:00:00+00:00,177.477,178.137,177.366,177.846,6045599.94,3395
2024-05-22 08:00:00+00:00,177.477,178.137,177.366,177.846,6045599.94,3396
2024-05-22 09:00:00+00:00,177.477,178.137,177.366,177.846,6045599.94,3397
2024-05-22 10:00:00+00:00,177.477,178.137,177.366,177.846,6045599.94,3398
2024-05-22 11:00:00+00:00,177.477,178.137,177.366,177.846,6045599.94,3399
2024-05-22 12:00:00+00:00,177.477,178.137,177.366,177.846,6045599.94,3400
2024-05-22 13:00:00+00:00,176.636,177.117,175.556,176.336,5534399.99,3401
2024-05-22 14:00:00+00:00,176.346,176.457,175.476,175.566,5749199.87,3402
2024-05-22 15:00:00+00:00,175.567,176.057,175.326,175.627,4343999.86,3403
2024-05-22 16:00:00+00:00,175.616,175.867,175.206,175.277,3023999.93,3404
2024-05-22 17:00:00+00:00,175.277,175.967,175.277,175.847,4358399.87,3405
2024-05-22 18:00:00+00:00,175.806,175.997,175.196,175.897,7858799.93,3406
2024-05-22 19:00:00+00:00,175.876,176.367,175.517,176.356,6235199.93,3407
2024-05-22 20:00:00+00:00,175.876,176.367,175.517,176.356,6235199.93,3408
2024-05-22 21:00:00+00:00,175.876,176.367,175.517,176.356,6235199.93,3409
2024-05-22 22:00:00+00:00,175.876,176.367,175.517,176.356,6235199.93,3410
2024-05-22 23:00:00+00:00,175.876,176.367,175.517,176.356,6235199.93,3411
2024-05-23 00:00:00+00:00,175.876,176.367,175.517,176.356,6235199.93,3412
2024-05-23 01:00:00+00:00,175.876,176.367,175.517,176.356,6235199.93,3413
2024-05-23 02:00:00+00:00,175.876,176.367,175.517,176.356,6235199.93,3414
2024-05-23 03:00:00+00:00,175.876,176.367,175.517,176.356,6235199.93,3415
2024-05-23 04:00:00+00:00,175.876,176.367,175.517,176.356,6235199.93,3416
2024-05-23 05:00:00+00:00,175.876,176.367,175.517,176.356,6235199.93,3417
2024-05-23 06:00:00+00:00,175.876,176.367,175.517,176.356,6235199.93,3418
2024-05-23 07:00:00+00:00,175.876,176.367,175.517,176.356,6235199.93,3419
2024-05-23 08:00:00+00:00,175.876,176.367,175.517,176.356,6235199.93,3420
2024-05-23 09:00:00+00:00,175.876,176.367,175.517,176.356,6235199.93,3421
2024-05-23 10:00:00+00:00,175.876,176.367,175.517,176.356,6235199.93,3422
2024-05-23 11:00:00+00:00,175.876,176.367,175.517,176.356,6235199.93,3423
2024-05-23 12:00:00+00:00,175.876,176.367,175.517,176.356,6235199.93,3424
2024-05-23 13:00:00+00:00,176.926,178.197,176.307,176.547,7700399.88,3425
2024-05-23 14:00:00+00:00,176.557,176.966,175.276,175.397,11559599.88,3426
2024-05-23 15:00:00+00:00,175.406,176.376,175.376,176.276,6423600.2,3427
2024-05-23 16:00:00+00:00,176.276,176.357,174.976,174.977,6446400.17,3428
2024-05-23 17:00:00+00:00,174.976,175.077,173.957,174.056,11047200.2,3429
2024-05-23 18:00:00+00:00,174.057,174.187,172.956,173.206,11655599.59,3430
2024-05-23 19:00:00+00:00,173.186,173.766,172.976,173.516,12717599.87,3431
2024-05-23 20:00:00+00:00,173.186,173.766,172.976,173.516,12717599.87,3432
2024-05-23 21:00:00+00:00,173.186,173.766,172.976,173.516,12717599.87,3433
2024-05-23 22:00:00+00:00,173.186,173.766,172.976,173.516,12717599.87,3434
2024-05-23 23:00:00+00:00,173.186,173.766,172.976,173.516,12717599.87,3435
2024-05-24 00:00:00+00:00,173.186,173.766,172.976,173.516,12717599.87,3436
2024-05-24 01:00:00+00:00,173.186,173.766,172.976,173.516,12717599.87,3437
2024-05-24 02:00:00+00:00,173.186,173.766,172.976,173.516,12717599.87,3438
2024-05-24 03:00:00+00:00,173.186,173.766,172.976,173.516,12717599.87,3439
2024-05-24 04:00:00+00:00,173.186,173.766,172.976,173.516,12717599.87,3440
2024-05-24 05:00:00+00:00,173.186,173.766,172.976,173.516,12717599.87,3441
2024-05-24 06:00:00+00:00,173.186,173.766,172.976,173.516,12717599.87,3442
2024-05-24 07:00:00+00:00,173.186,173.766,172.976,173.516,12717599.87,3443
2024-05-24 08:00:00+00:00,173.186,173.766,172.976,173.516,12717599.87,3444
2024-05-24 09:00:00+00:00,173.186,173.766,172.976,173.516,12717599.87,3445
2024-05-24 10:00:00+00:00,173.186,173.766,172.976,173.516,12717599.87,3446
2024-05-24 11:00:00+00:00,173.186,173.766,172.976,173.516,12717599.87,3447
2024-05-24 12:00:00+00:00,173.186,173.766,172.976,173.516,12717599.87,3448
2024-05-24 13:00:00+00:00,174.986,175.656,173.747,173.897,5943600.18,3449
2024-05-24 14:00:00+00:00,173.897,175.397,173.636,175.246,8713199.62,3450
2024-05-24 15:00:00+00:00,175.257,175.747,174.947,175.137,5701200.01,3451
2024-05-24 16:00:00+00:00,175.137,175.467,175.006,175.246,4124400.14,3452
2024-05-24 17:00:00+00:00,175.276,175.497,175.236,175.326,3166800.02,3453
2024-05-24 18:00:00+00:00,175.336,175.766,174.996,175.076,3435600.04,3454
2024-05-24 19:00:00+00:00,175.057,175.247,174.777,175.076,5174399.85,3455
2024-05-24 20:00:00+00:00,175.057,175.247,174.777,175.076,5174399.85,3456
2024-05-24 21:00:00+00:00,175.057,175.247,174.777,175.076,5174399.85,3457
2024-05-24 22:00:00+00:00,175.057,175.247,174.777,175.076,5174399.85,3458
2024-05-24 23:00:00+00:00,175.057,175.247,174.777,175.076,5174399.85,3459
2024-05-25 00:00:00+00:00,175.057,175.247,174.777,175.076,5174399.85,3460
2024-05-25 01:00:00+00:00,175.057,175.247,174.777,175.076,5174399.85,3461
2024-05-25 02:00:00+00:00,175.057,175.247,174.777,175.076,5174399.85,3462
2024-05-25 03:00:00+00:00,175.057,175.247,174.777,175.076,5174399.85,3463
2024-05-25 04:00:00+00:00,175.057,175.247,174.777,175.076,5174399.85,3464
2024-05-25 05:00:00+00:00,175.057,175.247,174.777,175.076,5174399.85,3465
2024-05-25 06:00:00+00:00,175.057,175.247,174.777,175.076,5174399.85,3466
2024-05-25 07:00:00+00:00,175.057,175.247,174.777,175.076,5174399.85,3467
2024-05-25 08:00:00+00:00,175.057,175.247,174.777,175.076,5174399.85,3468
2024-05-25 09:00:00+00:00,175.057,175.247,174.777,175.076,5174399.85,3469
2024-05-25 10:00:00+00:00,175.057,175.247,174.777,175.076,5174399.85,3470
2024-05-25 11:00:00+00:00,175.057,175.247,174.777,175.076,5174399.85,3471
2024-05-25 12:00:00+00:00,175.057,175.247,174.777,175.076,5174399.85,3472
2024-05-25 13:00:00+00:00,175.057,175.247,174.777,175.076,5174399.85,3473
2024-05-25 14:00:00+00:00,175.057,175.247,174.777,175.076,5174399.85,3474
2024-05-25 15:00:00+00:00,175.057,175.247,174.777,175.076,5174399.85,3475
2024-05-25 16:00:00+00:00,175.057,175.247,174.777,175.076,5174399.85,3476
2024-05-25 17:00:00+00:00,175.057,175.247,174.777,175.076,5174399.85,3477
2024-05-25 18:00:00+00:00,175.057,175.247,174.777,175.076,5174399.85,3478
2024-05-25 19:00:00+00:00,175.057,175.247,174.777,175.076,5174399.85,3479
2024-05-25 20:00:00+00:00,175.057,175.247,174.777,175.076,5174399.85,3480
2024-05-25 21:00:00+00:00,175.057,175.247,174.777,175.076,5174399.85,3481
2024-05-25 22:00:00+00:00,175.057,175.247,174.777,175.076,5174399.85,3482
2024-05-25 23:00:00+00:00,175.057,175.247,174.777,175.076,5174399.85,3483
2024-05-26 00:00:00+00:00,175.057,175.247,174.777,175.076,5174399.85,3484
2024-05-26 01:00:00+00:00,175.057,175.247,174.777,175.076,5174399.85,3485
2024-05-26 02:00:00+00:00,175.057,175.247,174.777,175.076,5174399.85,3486
2024-05-26 03:00:00+00:00,175.057,175.247,174.777,175.076,5174399.85,3487
2024-05-26 04:00:00+00:00,175.057,175.247,174.777,175.076,5174399.85,3488
2024-05-26 05:00:00+00:00,175.057,175.247,174.777,175.076,5174399.85,3489
2024-05-26 06:00:00+00:00,175.057,175.247,174.777,175.076,5174399.85,3490
2024-05-26 07:00:00+00:00,175.057,175.247,174.777,175.076,5174399.85,3491
2024-05-26 08:00:00+00:00,175.057,175.247,174.777,175.076,5174399.85,3492
2024-05-26 09:00:00+00:00,175.057,175.247,174.777,175.076,5174399.85,3493
2024-05-26 10:00:00+00:00,175.057,175.247,174.777,175.076,5174399.85,3494
2024-05-26 11:00:00+00:00,175.057,175.247,174.777,175.076,5174399.85,3495
2024-05-26 12:00:00+00:00,175.057,175.247,174.777,175.076,5174399.85,3496
2024-05-26 13:00:00+00:00,175.057,175.247,174.777,175.076,5174399.85,3497
2024-05-26 14:00:00+00:00,175.057,175.247,174.777,175.076,5174399.85,3498
2024-05-26 15:00:00+00:00,175.057,175.247,174.777,175.076,5174399.85,3499
2024-05-26 16:00:00+00:00,175.057,175.247,174.777,175.076,5174399.85,3500
2024-05-26 17:00:00+00:00,175.057,175.247,174.777,175.076,5174399.85,3501
2024-05-26 18:00:00+00:00,175.057,175.247,174.777,175.076,5174399.85,3502
2024-05-26 19:00:00+00:00,175.057,175.247,174.777,175.076,5174399.85,3503
2024-05-26 20:00:00+00:00,175.057,175.247,174.777,175.076,5174399.85,3504
2024-05-26 21:00:00+00:00,175.057,175.247,174.777,175.076,5174399.85,3505
2024-05-26 22:00:00+00:00,175.057,175.247,174.777,175.076,5174399.85,3506
2024-05-26 23:00:00+00:00,175.057,175.247,174.777,175.076,5174399.85,3507
2024-05-27 00:00:00+00:00,175.057,175.247,174.777,175.076,5174399.85,3508
2024-05-27 01:00:00+00:00,175.057,175.247,174.777,175.076,5174399.85,3509
2024-05-27 02:00:00+00:00,175.057,175.247,174.777,175.076,5174399.85,3510
2024-05-27 03:00:00+00:00,175.057,175.247,174.777,175.076,5174399.85,3511
2024-05-27 04:00:00+00:00,175.057,175.247,174.777,175.076,5174399.85,3512
2024-05-27 05:00:00+00:00,175.057,175.247,174.777,175.076,5174399.85,3513
2024-05-27 06:00:00+00:00,175.057,175.247,174.777,175.076,5174399.85,3514
2024-05-27 07:00:00+00:00,175.057,175.247,174.777,175.076,5174399.85,3515
2024-05-27 08:00:00+00:00,175.057,175.247,174.777,175.076,5174399.85,3516
2024-05-27 09:00:00+00:00,175.057,175.247,174.777,175.076,5174399.85,3517
2024-05-27 10:00:00+00:00,175.057,175.247,174.777,175.076,5174399.85,3518
2024-05-27 11:00:00+00:00,175.057,175.247,174.777,175.076,5174399.85,3519
2024-05-27 12:00:00+00:00,175.057,175.247,174.777,175.076,5174399.85,3520
2024-05-27 13:00:00+00:00,175.057,175.247,174.777,175.076,5174399.85,3521
2024-05-27 14:00:00+00:00,175.057,175.247,174.777,175.076,5174399.85,3522
2024-05-27 15:00:00+00:00,175.057,175.247,174.777,175.076,5174399.85,3523
2024-05-27 16:00:00+00:00,175.057,175.247,174.777,175.076,5174399.85,3524
2024-05-27 17:00:00+00:00,175.057,175.247,174.777,175.076,5174399.85,3525
2024-05-27 18:00:00+00:00,175.057,175.247,174.777,175.076,5174399.85,3526
2024-05-27 19:00:00+00:00,175.057,175.247,174.777,175.076,5174399.85,3527
2024-05-27 20:00:00+00:00,175.057,175.247,174.777,175.076,5174399.85,3528
2024-05-27 21:00:00+00:00,175.057,175.247,174.777,175.076,5174399.85,3529
2024-05-27 22:00:00+00:00,175.057,175.247,174.777,175.076,5174399.85,3530
2024-05-27 23:00:00+00:00,175.057,175.247,174.777,175.076,5174399.85,3531
2024-05-28 00:00:00+00:00,175.057,175.247,174.777,175.076,5174399.85,3532
2024-05-28 01:00:00+00:00,175.057,175.247,174.777,175.076,5174399.85,3533
2024-05-28 02:00:00+00:00,175.057,175.247,174.777,175.076,5174399.85,3534
2024-05-28 03:00:00+00:00,175.057,175.247,174.777,175.076,5174399.85,3535
2024-05-28 04:00:00+00:00,175.057,175.247,174.777,175.076,5174399.85,3536
2024-05-28 05:00:00+00:00,175.057,175.247,174.777,175.076,5174399.85,3537
2024-05-28 06:00:00+00:00,175.057,175.247,174.777,175.076,5174399.85,3538
2024-05-28 07:00:00+00:00,175.057,175.247,174.777,175.076,5174399.85,3539
2024-05-28 08:00:00+00:00,175.057,175.247,174.777,175.076,5174399.85,3540
2024-05-28 09:00:00+00:00,175.057,175.247,174.777,175.076,5174399.85,3541
2024-05-28 10:00:00+00:00,175.057,175.247,174.777,175.076,5174399.85,3542
2024-05-28 11:00:00+00:00,175.057,175.247,174.777,175.076,5174399.85,3543
2024-05-28 12:00:00+00:00,175.057,175.247,174.777,175.076,5174399.85,3544
2024-05-28 13:00:00+00:00,174.297,177.217,174.297,175.056,7401599.88,3545
2024-05-28 14:00:00+00:00,175.036,176.426,174.907,176.376,8084400.18,3546
2024-05-28 15:00:00+00:00,176.386,176.607,176.106,176.547,5539199.83,3547
2024-05-28 16:00:00+00:00,176.537,176.747,175.976,176.076,4669199.94,3548
2024-05-28 17:00:00+00:00,176.086,176.186,175.826,176.067,5967599.87,3549
2024-05-28 18:00:00+00:00,176.067,176.276,175.366,176.017,5812799.93,3550
2024-05-28 19:00:00+00:00,176.007,176.417,175.706,176.406,7292399.88,3551
2024-05-28 20:00:00+00:00,176.007,176.417,175.706,176.406,7292399.88,3552
2024-05-28 21:00:00+00:00,176.007,176.417,175.706,176.406,7292399.88,3553
2024-05-28 22:00:00+00:00,176.007,176.417,175.706,176.406,7292399.88,3554
2024-05-28 23:00:00+00:00,176.007,176.417,175.706,176.406,7292399.88,3555
2024-05-29 00:00:00+00:00,176.007,176.417,175.706,176.406,7292399.88,3556
2024-05-29 01:00:00+00:00,176.007,176.417,175.706,176.406,7292399.88,3557
2024-05-29 02:00:00+00:00,176.007,176.417,175.706,176.406,7292399.88,3558
2024-05-29 03:00:00+00:00,176.007,176.417,175.706,176.406,7292399.88,3559
2024-05-29 04:00:00+00:00,176.007,176.417,175.706,176.406,7292399.88,3560
2024-05-29 05:00:00+00:00,176.007,176.417,175.706,176.406,7292399.88,3561
2024-05-29 06:00:00+00:00,176.007,176.417,175.706,176.406,7292399.88,3562
2024-05-29 07:00:00+00:00,176.007,176.417,175.706,176.406,7292399.88,3563
2024-05-29 08:00:00+00:00,176.007,176.417,175.706,176.406,7292399.88,3564
2024-05-29 09:00:00+00:00,176.007,176.417,175.706,176.406,7292399.88,3565
2024-05-29 10:00:00+00:00,176.007,176.417,175.706,176.406,7292399.88,3566
2024-05-29 11:00:00+00:00,176.007,176.417,175.706,176.406,7292399.88,3567
2024-05-29 12:00:00+00:00,176.007,176.417,175.706,176.406,7292399.88,3568
2024-05-29 13:00:00+00:00,175.227,176.496,174.696,175.967,4939199.92,3569
2024-05-29 14:00:00+00:00,175.977,176.707,175.516,176.377,6745200.16,3570
2024-05-29 15:00:00+00:00,176.387,176.547,175.856,176.167,5032800.2,3571
2024-05-29 16:00:00+00:00,176.146,176.827,176.066,176.736,2982000.11,3572
2024-05-29 17:00:00+00:00,176.727,176.807,176.326,176.587,4174799.92,3573
2024-05-29 18:00:00+00:00,176.586,176.667,175.826,175.886,3445199.97,3574
2024-05-29 19:00:00+00:00,175.886,176.527,175.646,175.886,4975200.18,3575
2024-05-29 20:00:00+00:00,175.886,176.527,175.646,175.886,4975200.18,3576
2024-05-29 21:00:00+00:00,175.886,176.527,175.646,175.886,4975200.18,3577
2024-05-29 22:00:00+00:00,175.886,176.527,175.646,175.886,4975200.18,3578
2024-05-29 23:00:00+00:00,175.886,176.527,175.646,175.886,4975200.18,3579
2024-05-30 00:00:00+00:00,175.886,176.527,175.646,175.886,4975200.18,3580
2024-05-30 01:00:00+00:00,175.886,176.527,175.646,175.886,4975200.18,3581
2024-05-30 02:00:00+00:00,175.886,176.527,175.646,175.886,4975200.18,3582
2024-05-30 03:00:00+00:00,175.886,176.527,175.646,175.886,4975200.18,3583
2024-05-30 04:00:00+00:00,175.886,176.527,175.646,175.886,4975200.18,3584
2024-05-30 05:00:00+00:00,175.886,176.527,175.646,175.886,4975200.18,3585
2024-05-30 06:00:00+00:00,175.886,176.527,175.646,175.886,4975200.18,3586
2024-05-30 07:00:00+00:00,175.886,176.527,175.646,175.886,4975200.18,3587
2024-05-30 08:00:00+00:00,175.886,176.527,175.646,175.886,4975200.18,3588
2024-05-30 09:00:00+00:00,175.886,176.527,175.646,175.886,4975200.18,3589
2024-05-30 10:00:00+00:00,175.886,176.527,175.646,175.886,4975200.18,3590
2024-05-30 11:00:00+00:00,175.886,176.527,175.646,175.886,4975200.18,3591
2024-05-30 12:00:00+00:00,175.886,176.527,175.646,175.886,4975200.18,3592
2024-05-30 13:00:00+00:00,175.187,175.187,173.866,174.217,5229599.95,3593
2024-05-30 14:00:00+00:00,174.227,174.316,172.726,173.106,9635999.68,3594
2024-05-30 15:00:00+00:00,173.097,173.377,172.666,172.916,6301199.91,3595
2024-05-30 16:00:00+00:00,172.916,173.177,172.606,172.987,4779600.14,3596
2024-05-30 17:00:00+00:00,172.997,173.387,172.906,173.087,4240799.9,3597
2024-05-30 18:00:00+00:00,173.087,173.167,172.147,172.377,5080800.06,3598
2024-05-30 19:00:00+00:00,172.377,172.526,171.776,172.057,8175600.05,3599
2024-05-30 20:00:00+00:00,172.377,172.526,171.776,172.057,8175600.05,3600
2024-05-30 21:00:00+00:00,172.377,172.526,171.776,172.057,8175600.05,3601
2024-05-30 22:00:00+00:00,172.377,172.526,171.776,172.057,8175600.05,3602
2024-05-30 23:00:00+00:00,172.377,172.526,171.776,172.057,8175600.05,3603
2024-05-31 00:00:00+00:00,172.377,172.526,171.776,172.057,8175600.05,3604
2024-05-31 01:00:00+00:00,172.377,172.526,171.776,172.057,8175600.05,3605
2024-05-31 02:00:00+00:00,172.377,172.526,171.776,172.057,8175600.05,3606
2024-05-31 03:00:00+00:00,172.377,172.526,171.776,172.057,8175600.05,3607
2024-05-31 04:00:00+00:00,172.377,172.526,171.776,172.057,8175600.05,3608
2024-05-31 05:00:00+00:00,172.377,172.526,171.776,172.057,8175600.05,3609
2024-05-31 06:00:00+00:00,172.377,172.526,171.776,172.057,8175600.05,3610
2024-05-31 07:00:00+00:00,172.377,172.526,171.776,172.057,8175600.05,3611
2024-05-31 08:00:00+00:00,172.377,172.526,171.776,172.057,8175600.05,3612
2024-05-31 09:00:00+00:00,172.377,172.526,171.776,172.057,8175600.05,3613
2024-05-31 10:00:00+00:00,172.377,172.526,171.776,172.057,8175600.05,3614
2024-05-31 11:00:00+00:00,172.377,172.526,171.776,172.057,8175600.05,3615
2024-05-31 12:00:00+00:00,172.377,172.526,171.776,172.057,8175600.05,3616
2024-05-31 13:00:00+00:00,171.757,173.027,171.236,171.376,5401199.82,3617
2024-05-31 14:00:00+00:00,171.366,171.977,170.286,170.717,11457599.64,3618
2024-05-31 15:00:00+00:00,170.737,170.787,169.756,169.936,7305600.17,3619
2024-05-31 16:00:00+00:00,169.946,170.186,169.416,170.087,5990399.84,3620
2024-05-31 17:00:00+00:00,170.096,170.577,169.997,170.436,5033999.92,3621
2024-05-31 18:00:00+00:00,170.437,170.796,170.046,170.776,4984799.86,3622
2024-05-31 19:00:00+00:00,170.776,172.976,170.666,172.486,10189200.4,3623
2024-05-31 20:00:00+00:00,170.776,172.976,170.666,172.486,10189200.4,3624
2024-05-31 21:00:00+00:00,170.776,172.976,170.666,172.486,10189200.4,3625
2024-05-31 22:00:00+00:00,170.776,172.976,170.666,172.486,10189200.4,3626
2024-05-31 23:00:00+00:00,170.776,172.976,170.666,172.486,10189200.4,3627
2024-06-01 00:00:00+00:00,170.776,172.976,170.666,172.486,10189200.4,3628
2024-06-01 01:00:00+00:00,170.776,172.976,170.666,172.486,10189200.4,3629
2024-06-01 02:00:00+00:00,170.776,172.976,170.666,172.486,10189200.4,3630
2024-06-01 03:00:00+00:00,170.776,172.976,170.666,172.486,10189200.4,3631
2024-06-01 04:00:00+00:00,170.776,172.976,170.666,172.486,10189200.4,3632
2024-06-01 05:00:00+00:00,170.776,172.976,170.666,172.486,10189200.4,3633
2024-06-01 06:00:00+00:00,170.776,172.976,170.666,172.486,10189200.4,3634
2024-06-01 07:00:00+00:00,170.776,172.976,170.666,172.486,10189200.4,3635
2024-06-01 08:00:00+00:00,170.776,172.976,170.666,172.486,10189200.4,3636
2024-06-01 09:00:00+00:00,170.776,172.976,170.666,172.486,10189200.4,3637
2024-06-01 10:00:00+00:00,170.776,172.976,170.666,172.486,10189200.4,3638
2024-06-01 11:00:00+00:00,170.776,172.976,170.666,172.486,10189200.4,3639
2024-06-01 12:00:00+00:00,170.776,172.976,170.666,172.486,10189200.4,3640
2024-06-01 13:00:00+00:00,170.776,172.976,170.666,172.486,10189200.4,3641
2024-06-01 14:00:00+00:00,170.776,172.976,170.666,172.486,10189200.4,3642
2024-06-01 15:00:00+00:00,170.776,172.976,170.666,172.486,10189200.4,3643
2024-06-01 16:00:00+00:00,170.776,172.976,170.666,172.486,10189200.4,3644
2024-06-01 17:00:00+00:00,170.776,172.976,170.666,172.486,10189200.4,3645
2024-06-01 18:00:00+00:00,170.776,172.976,170.666,172.486,10189200.4,3646
2024-06-01 19:00:00+00:00,170.776,172.976,170.666,172.486,10189200.4,3647
2024-06-01 20:00:00+00:00,170.776,172.976,170.666,172.486,10189200.4,3648
2024-06-01 21:00:00+00:00,170.776,172.976,170.666,172.486,10189200.4,3649
2024-06-01 22:00:00+00:00,170.776,172.976,170.666,172.486,10189200.4,3650
2024-06-01 23:00:00+00:00,170.776,172.976,170.666,172.486,10189200.4,3651
2024-06-02 00:00:00+00:00,170.776,172.976,170.666,172.486,10189200.4,3652
2024-06-02 01:00:00+00:00,170.776,172.976,170.666,172.486,10189200.4,3653
2024-06-02 02:00:00+00:00,170.776,172.976,170.666,172.486,10189200.4,3654
2024-06-02 03:00:00+00:00,170.776,172.976,170.666,172.486,10189200.4,3655
2024-06-02 04:00:00+00:00,170.776,172.976,170.666,172.486,10189200.4,3656
2024-06-02 05:00:00+00:00,170.776,172.976,170.666,172.486,10189200.4,3657
2024-06-02 06:00:00+00:00,170.776,172.976,170.666,172.486,10189200.4,3658
2024-06-02 07:00:00+00:00,170.776,172.976,170.666,172.486,10189200.4,3659
2024-06-02 08:00:00+00:00,170.776,172.976,170.666,172.486,10189200.4,3660
2024-06-02 09:00:00+00:00,170.776,172.976,170.666,172.486,10189200.4,3661
2024-06-02 10:00:00+00:00,170.776,172.976,170.666,172.486,10189200.4,3662
2024-06-02 11:00:00+00:00,170.776,172.976,170.666,172.486,10189200.4,3663
2024-06-02 12:00:00+00:00,170.776,172.976,170.666,172.486,10189200.4,3664
2024-06-02 13:00:00+00:00,170.776,172.976,170.666,172.486,10189200.4,3665
2024-06-02 14:00:00+00:00,170.776,172.976,170.666,172.486,10189200.4,3666
2024-06-02 15:00:00+00:00,170.776,172.976,170.666,172.486,10189200.4,3667
2024-06-02 16:00:00+00:00,170.776,172.976,170.666,172.486,10189200.4,3668
2024-06-02 17:00:00+00:00,170.776,172.976,170.666,172.486,10189200.4,3669
2024-06-02 18:00:00+00:00,170.776,172.976,170.666,172.486,10189200.4,3670
2024-06-02 19:00:00+00:00,170.776,172.976,170.666,172.486,10189200.4,3671
2024-06-02 20:00:00+00:00,170.776,172.976,170.666,172.486,10189200.4,3672
2024-06-02 21:00:00+00:00,170.776,172.976,170.666,172.486,10189200.4,3673
2024-06-02 22:00:00+00:00,170.776,172.976,170.666,172.486,10189200.4,3674
2024-06-02 23:00:00+00:00,170.776,172.976,170.666,172.486,10189200.4,3675
2024-06-03 00:00:00+00:00,170.776,172.976,170.666,172.486,10189200.4,3676
2024-06-03 01:00:00+00:00,170.776,172.976,170.666,172.486,10189200.4,3677
2024-06-03 02:00:00+00:00,170.776,172.976,170.666,172.486,10189200.4,3678
2024-06-03 03:00:00+00:00,170.776,172.976,170.666,172.486,10189200.4,3679
2024-06-03 04:00:00+00:00,170.776,172.976,170.666,172.486,10189200.4,3680
2024-06-03 05:00:00+00:00,170.776,172.976,170.666,172.486,10189200.4,3681
2024-06-03 06:00:00+00:00,170.776,172.976,170.666,172.486,10189200.4,3682
2024-06-03 07:00:00+00:00,170.776,172.976,170.666,172.486,10189200.4,3683
2024-06-03 08:00:00+00:00,170.776,172.976,170.666,172.486,10189200.4,3684
2024-06-03 09:00:00+00:00,170.776,172.976,170.666,172.486,10189200.4,3685
2024-06-03 10:00:00+00:00,170.776,172.976,170.666,172.486,10189200.4,3686
2024-06-03 11:00:00+00:00,170.776,172.976,170.666,172.486,10189200.4,3687
2024-06-03 12:00:00+00:00,170.776,172.976,170.666,172.486,10189200.4,3688
2024-06-03 13:00:00+00:00,172.447,174.506,172.447,172.947,8073599.82,3689
2024-06-03 14:00:00+00:00,172.986,173.407,171.846,171.976,12417599.68,3690
2024-06-03 15:00:00+00:00,171.987,172.887,171.706,172.706,9178799.63,3691
2024-06-03 16:00:00+00:00,172.706,172.767,171.146,171.487,10184399.6,3692
2024-06-03 17:00:00+00:00,171.476,172.637,171.166,172.386,8782799.72,3693
2024-06-03 18:00:00+00:00,172.396,172.567,172.006,172.496,10170000.08,3694
2024-06-03 19:00:00+00:00,172.496,173.197,171.956,173.196,10180800.44,3695
2024-06-03 20:00:00+00:00,172.496,173.197,171.956,173.196,10180800.44,3696
2024-06-03 21:00:00+00:00,172.496,173.197,171.956,173.196,10180800.44,3697
2024-06-03 22:00:00+00:00,172.496,173.197,171.956,173.196,10180800.44,3698
2024-06-03 23:00:00+00:00,172.496,173.197,171.956,173.196,10180800.44,3699
2024-06-04 00:00:00+00:00,172.496,173.197,171.956,173.196,10180800.44,3700
2024-06-04 01:00:00+00:00,172.496,173.197,171.956,173.196,10180800.44,3701
2024-06-04 02:00:00+00:00,172.496,173.197,171.956,173.196,10180800.44,3702
2024-06-04 03:00:00+00:00,172.496,173.197,171.956,173.196,10180800.44,3703
2024-06-04 04:00:00+00:00,172.496,173.197,171.956,173.196,10180800.44,3704
2024-06-04 05:00:00+00:00,172.496,173.197,171.956,173.196,10180800.44,3705
2024-06-04 06:00:00+00:00,172.496,173.197,171.956,173.196,10180800.44,3706
2024-06-04 07:00:00+00:00,172.496,173.197,171.956,173.196,10180800.44,3707
2024-06-04 08:00:00+00:00,172.496,173.197,171.956,173.196,10180800.44,3708
2024-06-04 09:00:00+00:00,172.496,173.197,171.956,173.196,10180800.44,3709
2024-06-04 10:00:00+00:00,172.496,173.197,171.956,173.196,10180800.44,3710
2024-06-04 11:00:00+00:00,172.496,173.197,171.956,173.196,10180800.44,3711
2024-06-04 12:00:00+00:00,172.496,173.197,171.956,173.196,10180800.44,3712
2024-06-04 13:00:00+00:00,173.166,173.596,171.897,172.807,4442399.98,3713
2024-06-04 14:00:00+00:00,172.836,173.657,172.067,172.786,10949999.81,3714
2024-06-04 15:00:00+00:00,172.797,173.217,172.626,172.656,6415200.23,3715
2024-06-04 16:00:00+00:00,172.676,172.747,172.176,172.337,5486400.13,3716
2024-06-04 17:00:00+00:00,172.337,172.547,171.877,172.066,5748000.15,3717
2024-06-04 18:00:00+00:00,172.056,173.287,172.046,172.976,6439199.92,3718
2024-06-04 19:00:00+00:00,172.967,173.827,172.396,173.766,8486399.65,3719
2024-06-04 20:00:00+00:00,172.967,173.827,172.396,173.766,8486399.65,3720
2024-06-04 21:00:00+00:00,172.967,173.827,172.396,173.766,8486399.65,3721
2024-06-04 22:00:00+00:00,172.967,173.827,172.396,173.766,8486399.65,3722
2024-06-04 23:00:00+00:00,172.967,173.827,172.396,173.766,8486399.65,3723
2024-06-05 00:00:00+00:00,172.967,173.827,172.396,173.766,8486399.65,3724
2024-06-05 01:00:00+00:00,172.967,173.827,172.396,173.766,8486399.65,3725
2024-06-05 02:00:00+00:00,172.967,173.827,172.396,173.766,8486399.65,3726
2024-06-05 03:00:00+00:00,172.967,173.827,172.396,173.766,8486399.65,3727
2024-06-05 04:00:00+00:00,172.967,173.827,172.396,173.766,8486399.65,3728
2024-06-05 05:00:00+00:00,172.967,173.827,172.396,173.766,8486399.65,3729
2024-06-05 06:00:00+00:00,172.967,173.827,172.396,173.766,8486399.65,3730
2024-06-05 07:00:00+00:00,172.967,173.827,172.396,173.766,8486399.65,3731
2024-06-05 08:00:00+00:00,172.967,173.827,172.396,173.766,8486399.65,3732
2024-06-05 09:00:00+00:00,172.967,173.827,172.396,173.766,8486399.65,3733
2024-06-05 10:00:00+00:00,172.967,173.827,172.396,173.766,8486399.65,3734
2024-06-05 11:00:00+00:00,172.967,173.827,172.396,173.766,8486399.65,3735
2024-06-05 12:00:00+00:00,172.967,173.827,172.396,173.766,8486399.65,3736
2024-06-05 13:00:00+00:00,175.176,176.637,174.746,176.227,6178800.11,3737
2024-06-05 14:00:00+00:00,176.277,176.477,175.006,175.127,10123200.42,3738
2024-06-05 15:00:00+00:00,175.126,175.636,174.096,174.116,6106800.08,3739
2024-06-05 16:00:00+00:00,174.096,174.647,173.926,174.377,4558800.22,3740
2024-06-05 17:00:00+00:00,174.396,175.156,174.386,174.976,4500000.0,3741
2024-06-05 18:00:00+00:00,174.966,175.007,174.476,174.796,3779999.97,3742
2024-06-05 19:00:00+00:00,174.796,175.436,174.716,175.436,6472799.78,3743
2024-06-05 20:00:00+00:00,174.796,175.436,174.716,175.436,6472799.78,3744
2024-06-05 21:00:00+00:00,174.796,175.436,174.716,175.436,6472799.78,3745
2024-06-05 22:00:00+00:00,174.796,175.436,174.716,175.436,6472799.78,3746
2024-06-05 23:00:00+00:00,174.796,175.436,174.716,175.436,6472799.78,3747
2024-06-06 00:00:00+00:00,174.796,175.436,174.716,175.436,6472799.78,3748
2024-06-06 01:00:00+00:00,174.796,175.436,174.716,175.436,6472799.78,3749
2024-06-06 02:00:00+00:00,174.796,175.436,174.716,175.436,6472799.78,3750
2024-06-06 03:00:00+00:00,174.796,175.436,174.716,175.436,6472799.78,3751
2024-06-06 04:00:00+00:00,174.796,175.436,174.716,175.436,6472799.78,3752
2024-06-06 05:00:00+00:00,174.796,175.436,174.716,175.436,6472799.78,3753
2024-06-06 06:00:00+00:00,174.796,175.436,174.716,175.436,6472799.78,3754
2024-06-06 07:00:00+00:00,174.796,175.436,174.716,175.436,6472799.78,3755
2024-06-06 08:00:00+00:00,174.796,175.436,174.716,175.436,6472799.78,3756
2024-06-06 09:00:00+00:00,174.796,175.436,174.716,175.436,6472799.78,3757
2024-06-06 10:00:00+00:00,174.796,175.436,174.716,175.436,6472799.78,3758
2024-06-06 11:00:00+00:00,174.796,175.436,174.716,175.436,6472799.78,3759
2024-06-06 12:00:00+00:00,174.796,175.436,174.716,175.436,6472799.78,3760
2024-06-06 13:00:00+00:00,175.807,177.126,175.736,176.577,6684000.02,3761
2024-06-06 14:00:00+00:00,176.586,176.877,175.896,176.406,7700399.88,3762
2024-06-06 15:00:00+00:00,176.406,176.557,175.797,176.196,5110799.79,3763
2024-06-06 16:00:00+00:00,176.196,176.687,176.187,176.496,4769999.98,3764
2024-06-06 17:00:00+00:00,176.497,177.086,176.426,176.876,4521599.77,3765
2024-06-06 18:00:00+00:00,176.876,176.927,176.436,176.756,5569200.04,3766
2024-06-06 19:00:00+00:00,176.756,177.137,176.437,176.776,5726399.9,3767
2024-06-06 20:00:00+00:00,176.756,177.137,176.437,176.776,5726399.9,3768
2024-06-06 21:00:00+00:00,176.756,177.137,176.437,176.776,5726399.9,3769
2024-06-06 22:00:00+00:00,176.756,177.137,176.437,176.776,5726399.9,3770
2024-06-06 23:00:00+00:00,176.756,177.137,176.437,176.776,5726399.9,3771
2024-06-07 00:00:00+00:00,176.756,177.137,176.437,176.776,5726399.9,3772
2024-06-07 01:00:00+00:00,176.756,177.137,176.437,176.776,5726399.9,3773
2024-06-07 02:00:00+00:00,176.756,177.137,176.437,176.776,5726399.9,3774
2024-06-07 03:00:00+00:00,176.756,177.137,176.437,176.776,5726399.9,3775
2024-06-07 04:00:00+00:00,176.756,177.137,176.437,176.776,5726399.9,3776
2024-06-07 05:00:00+00:00,176.756,177.137,176.437,176.776,5726399.9,3777
2024-06-07 06:00:00+00:00,176.756,177.137,176.437,176.776,5726399.9,3778
2024-06-07 07:00:00+00:00,176.756,177.137,176.437,176.776,5726399.9,3779
2024-06-07 08:00:00+00:00,176.756,177.137,176.437,176.776,5726399.9,3780
2024-06-07 09:00:00+00:00,176.756,177.137,176.437,176.776,5726399.9,3781
2024-06-07 10:00:00+00:00,176.756,177.137,176.437,176.776,5726399.9,3782
2024-06-07 11:00:00+00:00,176.756,177.137,176.437,176.776,5726399.9,3783
2024-06-07 12:00:00+00:00,176.756,177.137,176.437,176.776,5726399.9,3784
2024-06-07 13:00:00+00:00,176.976,177.847,176.276,176.846,6848400.12,3785
2024-06-07 14:00:00+00:00,176.846,177.317,176.316,176.957,7017600.06,3786
2024-06-07 15:00:00+00:00,176.956,177.187,176.336,176.887,6223199.84,3787
2024-06-07 16:00:00+00:00,176.897,177.127,176.556,177.116,4988399.98,3788
2024-06-07 17:00:00+00:00,177.117,177.127,176.206,176.417,4179599.76,3789
2024-06-07 18:00:00+00:00,176.397,176.406,175.007,175.927,7900800.23,3790
2024-06-07 19:00:00+00:00,175.926,176.127,174.276,174.457,10232399.94,3791
2024-06-07 20:00:00+00:00,175.926,176.127,174.276,174.457,10232399.94,3792
2024-06-07 21:00:00+00:00,175.926,176.127,174.276,174.457,10232399.94,3793
2024-06-07 22:00:00+00:00,175.926,176.127,174.276,174.457,10232399.94,3794
2024-06-07 23:00:00+00:00,175.926,176.127,174.276,174.457,10232399.94,3795
2024-06-08 00:00:00+00:00,175.926,176.127,174.276,174.457,10232399.94,3796
2024-06-08 01:00:00+00:00,175.926,176.127,174.276,174.457,10232399.94,3797
2024-06-08 02:00:00+00:00,175.926,176.127,174.276,174.457,10232399.94,3798
2024-06-08 03:00:00+00:00,175.926,176.127,174.276,174.457,10232399.94,3799
2024-06-08 04:00:00+00:00,175.926,176.127,174.276,174.457,10232399.94,3800
2024-06-08 05:00:00+00:00,175.926,176.127,174.276,174.457,10232399.94,3801
2024-06-08 06:00:00+00:00,175.926,176.127,174.276,174.457,10232399.94,3802
2024-06-08 07:00:00+00:00,175.926,176.127,174.276,174.457,10232399.94,3803
2024-06-08 08:00:00+00:00,175.926,176.127,174.276,174.457,10232399.94,3804
2024-06-08 09:00:00+00:00,175.926,176.127,174.276,174.457,10232399.94,3805
2024-06-08 10:00:00+00:00,175.926,176.127,174.276,174.457,10232399.94,3806
2024-06-08 11:00:00+00:00,175.926,176.127,174.276,174.457,10232399.94,3807
2024-06-08 12:00:00+00:00,175.926,176.127,174.276,174.457,10232399.94,3808
2024-06-08 13:00:00+00:00,175.926,176.127,174.276,174.457,10232399.94,3809
2024-06-08 14:00:00+00:00,175.926,176.127,174.276,174.457,10232399.94,3810
2024-06-08 15:00:00+00:00,175.926,176.127,174.276,174.457,10232399.94,3811
2024-06-08 16:00:00+00:00,175.926,176.127,174.276,174.457,10232399.94,3812
2024-06-08 17:00:00+00:00,175.926,176.127,174.276,174.457,10232399.94,3813
2024-06-08 18:00:00+00:00,175.926,176.127,174.276,174.457,10232399.94,3814
2024-06-08 19:00:00+00:00,175.926,176.127,174.276,174.457,10232399.94,3815
2024-06-08 20:00:00+00:00,175.926,176.127,174.276,174.457,10232399.94,3816
2024-06-08 21:00:00+00:00,175.926,176.127,174.276,174.457,10232399.94,3817
2024-06-08 22:00:00+00:00,175.926,176.127,174.276,174.457,10232399.94,3818
2024-06-08 23:00:00+00:00,175.926,176.127,174.276,174.457,10232399.94,3819
2024-06-09 00:00:00+00:00,175.926,176.127,174.276,174.457,10232399.94,3820
2024-06-09 01:00:00+00:00,175.926,176.127,174.276,174.457,10232399.94,3821
2024-06-09 02:00:00+00:00,175.926,176.127,174.276,174.457,10232399.94,3822
2024-06-09 03:00:00+00:00,175.926,176.127,174.276,174.457,10232399.94,3823
2024-06-09 04:00:00+00:00,175.926,176.127,174.276,174.457,10232399.94,3824
2024-06-09 05:00:00+00:00,175.926,176.127,174.276,174.457,10232399.94,3825
2024-06-09 06:00:00+00:00,175.926,176.127,174.276,174.457,10232399.94,3826
2024-06-09 07:00:00+00:00,175.926,176.127,174.276,174.457,10232399.94,3827
2024-06-09 08:00:00+00:00,175.926,176.127,174.276,174.457,10232399.94,3828
2024-06-09 09:00:00+00:00,175.926,176.127,174.276,174.457,10232399.94,3829
2024-06-09 10:00:00+00:00,175.926,176.127,174.276,174.457,10232399.94,3830
2024-06-09 11:00:00+00:00,175.926,176.127,174.276,174.457,10232399.94,3831
2024-06-09 12:00:00+00:00,175.926,176.127,174.276,174.457,10232399.94,3832
2024-06-09 13:00:00+00:00,175.926,176.127,174.276,174.457,10232399.94,3833
2024-06-09 14:00:00+00:00,175.926,176.127,174.276,174.457,10232399.94,3834
2024-06-09 15:00:00+00:00,175.926,176.127,174.276,174.457,10232399.94,3835
2024-06-09 16:00:00+00:00,175.926,176.127,174.276,174.457,10232399.94,3836
2024-06-09 17:00:00+00:00,175.926,176.127,174.276,174.457,10232399.94,3837
2024-06-09 18:00:00+00:00,175.926,176.127,174.276,174.457,10232399.94,3838
2024-06-09 19:00:00+00:00,175.926,176.127,174.276,174.457,10232399.94,3839
2024-06-09 20:00:00+00:00,175.926,176.127,174.276,174.457,10232399.94,3840
2024-06-09 21:00:00+00:00,175.926,176.127,174.276,174.457,10232399.94,3841
2024-06-09 22:00:00+00:00,175.926,176.127,174.276,174.457,10232399.94,3842
2024-06-09 23:00:00+00:00,175.926,176.127,174.276,174.457,10232399.94,3843
2024-06-10 00:00:00+00:00,175.926,176.127,174.276,174.457,10232399.94,3844
2024-06-10 01:00:00+00:00,175.926,176.127,174.276,174.457,10232399.94,3845
2024-06-10 02:00:00+00:00,175.926,176.127,174.276,174.457,10232399.94,3846
2024-06-10 03:00:00+00:00,175.926,176.127,174.276,174.457,10232399.94,3847
2024-06-10 04:00:00+00:00,175.926,176.127,174.276,174.457,10232399.94,3848
2024-06-10 05:00:00+00:00,175.926,176.127,174.276,174.457,10232399.94,3849
2024-06-10 06:00:00+00:00,175.926,176.127,174.276,174.457,10232399.94,3850
2024-06-10 07:00:00+00:00,175.926,176.127,174.276,174.457,10232399.94,3851
2024-06-10 08:00:00+00:00,175.926,176.127,174.276,174.457,10232399.94,3852
2024-06-10 09:00:00+00:00,175.926,176.127,174.276,174.457,10232399.94,3853
2024-06-10 10:00:00+00:00,175.926,176.127,174.276,174.457,10232399.94,3854
2024-06-10 11:00:00+00:00,175.926,176.127,174.276,174.457,10232399.94,3855
2024-06-10 12:00:00+00:00,175.926,176.127,174.276,174.457,10232399.94,3856
2024-06-10 13:00:00+00:00,174.857,175.146,172.756,172.837,6624000.07,3857
2024-06-10 14:00:00+00:00,172.826,173.706,172.766,173.607,8959199.91,3858
2024-06-10 15:00:00+00:00,173.617,173.837,173.096,173.767,7312799.93,3859
2024-06-10 16:00:00+00:00,173.767,173.997,173.516,173.807,5975999.83,3860
2024-06-10 17:00:00+00:00,173.797,174.097,173.336,173.996,6682799.82,3861
2024-06-10 18:00:00+00:00,173.977,177.037,173.676,175.127,11434800.15,3862
2024-06-10 19:00:00+00:00,175.116,175.417,174.607,175.066,9496800.42,3863
2024-06-10 20:00:00+00:00,175.116,175.417,174.607,175.066,9496800.42,3864
2024-06-10 21:00:00+00:00,175.116,175.417,174.607,175.066,9496800.42,3865
2024-06-10 22:00:00+00:00,175.116,175.417,174.607,175.066,9496800.42,3866
2024-06-10 23:00:00+00:00,175.116,175.417,174.607,175.066,9496800.42,3867
2024-06-11 00:00:00+00:00,175.116,175.417,174.607,175.066,9496800.42,3868
2024-06-11 01:00:00+00:00,175.116,175.417,174.607,175.066,9496800.42,3869
2024-06-11 02:00:00+00:00,175.116,175.417,174.607,175.066,9496800.42,3870
2024-06-11 03:00:00+00:00,175.116,175.417,174.607,175.066,9496800.42,3871
2024-06-11 04:00:00+00:00,175.116,175.417,174.607,175.066,9496800.42,3872
2024-06-11 05:00:00+00:00,175.116,175.417,174.607,175.066,9496800.42,3873
2024-06-11 06:00:00+00:00,175.116,175.417,174.607,175.066,9496800.42,3874
2024-06-11 07:00:00+00:00,175.116,175.417,174.607,175.066,9496800.42,3875
2024-06-11 08:00:00+00:00,175.116,175.417,174.607,175.066,9496800.42,3876
2024-06-11 09:00:00+00:00,175.116,175.417,174.607,175.066,9496800.42,3877
2024-06-11 10:00:00+00:00,175.116,175.417,174.607,175.066,9496800.42,3878
2024-06-11 11:00:00+00:00,175.116,175.417,174.607,175.066,9496800.42,3879
2024-06-11 12:00:00+00:00,175.116,175.417,174.607,175.066,9496800.42,3880
2024-06-11 13:00:00+00:00,176.107,176.827,174.247,174.806,5905200.0,3881
2024-06-11 14:00:00+00:00,174.797,175.447,174.016,174.487,6589200.02,3882
2024-06-11 15:00:00+00:00,174.496,174.607,174.046,174.076,6340799.81,3883
2024-06-11 16:00:00+00:00,174.066,174.526,173.766,174.467,3635999.92,3884
2024-06-11 17:00:00+00:00,174.476,175.377,174.466,175.337,3765599.97,3885
2024-06-11 18:00:00+00:00,175.336,176.107,175.266,176.007,3944400.07,3886
2024-06-11 19:00:00+00:00,176.006,176.707,175.836,176.626,6086400.03,3887
2024-06-11 20:00:00+00:00,176.006,176.707,175.836,176.626,6086400.03,3888
2024-06-11 21:00:00+00:00,176.006,176.707,175.836,176.626,6086400.03,3889
2024-06-11 22:00:00+00:00,176.006,176.707,175.836,176.626,6086400.03,3890
2024-06-11 23:00:00+00:00,176.006,176.707,175.836,176.626,6086400.03,3891
2024-06-12 00:00:00+00:00,176.006,176.707,175.836,176.626,6086400.03,3892
2024-06-12 01:00:00+00:00,176.006,176.707,175.836,176.626,6086400.03,3893
2024-06-12 02:00:00+00:00,176.006,176.707,175.836,176.626,6086400.03,3894
2024-06-12 03:00:00+00:00,176.006,176.707,175.836,176.626,6086400.03,3895
2024-06-12 04:00:00+00:00,176.006,176.707,175.836,176.626,6086400.03,3896
2024-06-12 05:00:00+00:00,176.006,176.707,175.836,176.626,6086400.03,3897
2024-06-12 06:00:00+00:00,176.006,176.707,175.836,176.626,6086400.03,3898
2024-06-12 07:00:00+00:00,176.006,176.707,175.836,176.626,6086400.03,3899
2024-06-12 08:00:00+00:00,176.006,176.707,175.836,176.626,6086400.03,3900
2024-06-12 09:00:00+00:00,176.006,176.707,175.836,176.626,6086400.03,3901
2024-06-12 10:00:00+00:00,176.006,176.707,175.836,176.626,6086400.03,3902
2024-06-12 11:00:00+00:00,176.006,176.707,175.836,176.626,6086400.03,3903
2024-06-12 12:00:00+00:00,176.006,176.707,175.836,176.626,6086400.03,3904
2024-06-12 13:00:00+00:00,178.156,180.397,178.116,178.907,7634399.89,3905
2024-06-12 14:00:00+00:00,178.926,179.056,176.927,177.006,9543600.08,3906
2024-06-12 15:00:00+00:00,176.996,177.627,176.526,176.706,7668000.22,3907
2024-06-12 16:00:00+00:00,176.707,176.757,176.096,176.747,6232800.01,3908
2024-06-12 17:00:00+00:00,176.747,177.027,176.626,177.006,5202000.14,3909
2024-06-12 18:00:00+00:00,176.997,177.207,176.346,176.987,13858799.93,3910
2024-06-12 19:00:00+00:00,176.996,178.217,176.547,177.767,14882399.56,3911
2024-06-12 20:00:00+00:00,176.996,178.217,176.547,177.767,14882399.56,3912
2024-06-12 21:00:00+00:00,176.996,178.217,176.547,177.767,14882399.56,3913
2024-06-12 22:00:00+00:00,176.996,178.217,176.547,177.767,14882399.56,3914
2024-06-12 23:00:00+00:00,176.996,178.217,176.547,177.767,14882399.56,3915
2024-06-13 00:00:00+00:00,176.996,178.217,176.547,177.767,14882399.56,3916
2024-06-13 01:00:00+00:00,176.996,178.217,176.547,177.767,14882399.56,3917
2024-06-13 02:00:00+00:00,176.996,178.217,176.547,177.767,14882399.56,3918
2024-06-13 03:00:00+00:00,176.996,178.217,176.547,177.767,14882399.56,3919
2024-06-13 04:00:00+00:00,176.996,178.217,176.547,177.767,14882399.56,3920
2024-06-13 05:00:00+00:00,176.996,178.217,176.547,177.767,14882399.56,3921
2024-06-13 06:00:00+00:00,176.996,178.217,176.547,177.767,14882399.56,3922
2024-06-13 07:00:00+00:00,176.996,178.217,176.547,177.767,14882399.56,3923
2024-06-13 08:00:00+00:00,176.996,178.217,176.547,177.767,14882399.56,3924
2024-06-13 09:00:00+00:00,176.996,178.217,176.547,177.767,14882399.56,3925
2024-06-13 10:00:00+00:00,176.996,178.217,176.547,177.767,14882399.56,3926
2024-06-13 11:00:00+00:00,176.996,178.217,176.547,177.767,14882399.56,3927
2024-06-13 12:00:00+00:00,176.996,178.217,176.547,177.767,14882399.56,3928
2024-06-13 13:00:00+00:00,176.067,176.727,174.876,176.537,5783999.92,3929
2024-06-13 14:00:00+00:00,176.536,176.697,175.977,176.257,9998399.73,3930
2024-06-13 15:00:00+00:00,176.256,176.356,175.746,175.767,6124800.21,3931
2024-06-13 16:00:00+00:00,175.777,176.027,175.177,175.807,7130400.18,3932
2024-06-13 17:00:00+00:00,175.786,176.257,175.766,176.137,4984799.86,3933
2024-06-13 18:00:00+00:00,176.157,176.467,175.947,176.116,4142399.79,3934
2024-06-13 19:00:00+00:00,176.106,176.236,175.006,175.066,7139999.87,3935
2024-06-13 20:00:00+00:00,176.106,176.236,175.006,175.066,7139999.87,3936
2024-06-13 21:00:00+00:00,176.106,176.236,175.006,175.066,7139999.87,3937
2024-06-13 22:00:00+00:00,176.106,176.236,175.006,175.066,7139999.87,3938
2024-06-13 23:00:00+00:00,176.106,176.236,175.006,175.066,7139999.87,3939
2024-06-14 00:00:00+00:00,176.106,176.236,175.006,175.066,7139999.87,3940
2024-06-14 01:00:00+00:00,176.106,176.236,175.006,175.066,7139999.87,3941
2024-06-14 02:00:00+00:00,176.106,176.236,175.006,175.066,7139999.87,3942
2024-06-14 03:00:00+00:00,176.106,176.236,175.006,175.066,7139999.87,3943
2024-06-14 04:00:00+00:00,176.106,176.236,175.006,175.066,7139999.87,3944
2024-06-14 05:00:00+00:00,176.106,176.236,175.006,175.066,7139999.87,3945
2024-06-14 06:00:00+00:00,176.106,176.236,175.006,175.066,7139999.87,3946
2024-06-14 07:00:00+00:00,176.106,176.236,175.006,175.066,7139999.87,3947
2024-06-14 08:00:00+00:00,176.106,176.236,175.006,175.066,7139999.87,3948
2024-06-14 09:00:00+00:00,176.106,176.236,175.006,175.066,7139999.87,3949
2024-06-14 10:00:00+00:00,176.106,176.236,175.006,175.066,7139999.87,3950
2024-06-14 11:00:00+00:00,176.106,176.236,175.006,175.066,7139999.87,3951
2024-06-14 12:00:00+00:00,176.106,176.236,175.006,175.066,7139999.87,3952
2024-06-14 13:00:00+00:00,174.147,176.427,174.147,176.427,5120399.95,3953
2024-06-14 14:00:00+00:00,176.387,176.687,175.687,176.627,8504400.25,3954
2024-06-14 15:00:00+00:00,176.627,176.976,176.306,176.716,6475200.18,3955
2024-06-14 16:00:00+00:00,176.737,177.047,176.036,176.127,4989600.18,3956
2024-06-14 17:00:00+00:00,176.146,176.567,176.046,176.226,4119599.82,3957
2024-06-14 18:00:00+00:00,176.226,176.367,175.956,176.276,4262400.15,3958
2024-06-14 19:00:00+00:00,176.266,176.806,176.186,176.786,4996799.95,3959
2024-06-14 20:00:00+00:00,176.266,176.806,176.186,176.786,4996799.95,3960
2024-06-14 21:00:00+00:00,176.266,176.806,176.186,176.786,4996799.95,3961
2024-06-14 22:00:00+00:00,176.266,176.806,176.186,176.786,4996799.95,3962
2024-06-14 23:00:00+00:00,176.266,176.806,176.186,176.786,4996799.95,3963
2024-06-15 00:00:00+00:00,176.266,176.806,176.186,176.786,4996799.95,3964
2024-06-15 01:00:00+00:00,176.266,176.806,176.186,176.786,4996799.95,3965
2024-06-15 02:00:00+00:00,176.266,176.806,176.186,176.786,4996799.95,3966
2024-06-15 03:00:00+00:00,176.266,176.806,176.186,176.786,4996799.95,3967
2024-06-15 04:00:00+00:00,176.266,176.806,176.186,176.786,4996799.95,3968
2024-06-15 05:00:00+00:00,176.266,176.806,176.186,176.786,4996799.95,3969
2024-06-15 06:00:00+00:00,176.266,176.806,176.186,176.786,4996799.95,3970
2024-06-15 07:00:00+00:00,176.266,176.806,176.186,176.786,4996799.95,3971
2024-06-15 08:00:00+00:00,176.266,176.806,176.186,176.786,4996799.95,3972
2024-06-15 09:00:00+00:00,176.266,176.806,176.186,176.786,4996799.95,3973
2024-06-15 10:00:00+00:00,176.266,176.806,176.186,176.786,4996799.95,3974
2024-06-15 11:00:00+00:00,176.266,176.806,176.186,176.786,4996799.95,3975
2024-06-15 12:00:00+00:00,176.266,176.806,176.186,176.786,4996799.95,3976
2024-06-15 13:00:00+00:00,176.266,176.806,176.186,176.786,4996799.95,3977
2024-06-15 14:00:00+00:00,176.266,176.806,176.186,176.786,4996799.95,3978
2024-06-15 15:00:00+00:00,176.266,176.806,176.186,176.786,4996799.95,3979
2024-06-15 16:00:00+00:00,176.266,176.806,176.186,176.786,4996799.95,3980
2024-06-15 17:00:00+00:00,176.266,176.806,176.186,176.786,4996799.95,3981
2024-06-15 18:00:00+00:00,176.266,176.806,176.186,176.786,4996799.95,3982
2024-06-15 19:00:00+00:00,176.266,176.806,176.186,176.786,4996799.95,3983
2024-06-15 20:00:00+00:00,176.266,176.806,176.186,176.786,4996799.95,3984
2024-06-15 21:00:00+00:00,176.266,176.806,176.186,176.786,4996799.95,3985
2024-06-15 22:00:00+00:00,176.266,176.806,176.186,176.786,4996799.95,3986
2024-06-15 23:00:00+00:00,176.266,176.806,176.186,176.786,4996799.95,3987
2024-06-16 00:00:00+00:00,176.266,176.806,176.186,176.786,4996799.95,3988
2024-06-16 01:00:00+00:00,176.266,176.806,176.186,176.786,4996799.95,3989
2024-06-16 02:00:00+00:00,176.266,176.806,176.186,176.786,4996799.95,3990
2024-06-16 03:00:00+00:00,176.266,176.806,176.186,176.786,4996799.95,3991
2024-06-16 04:00:00+00:00,176.266,176.806,176.186,176.786,4996799.95,3992
2024-06-16 05:00:00+00:00,176.266,176.806,176.186,176.786,4996799.95,3993
2024-06-16 06:00:00+00:00,176.266,176.806,176.186,176.786,4996799.95,3994
2024-06-16 07:00:00+00:00,176.266,176.806,176.186,176.786,4996799.95,3995
2024-06-16 08:00:00+00:00,176.266,176.806,176.186,176.786,4996799.95,3996
2024-06-16 09:00:00+00:00,176.266,176.806,176.186,176.786,4996799.95,3997
2024-06-16 10:00:00+00:00,176.266,176.806,176.186,176.786,4996799.95,3998
2024-06-16 11:00:00+00:00,176.266,176.806,176.186,176.786,4996799.95,3999
2024-06-16 12:00:00+00:00,176.266,176.806,176.186,176.786,4996799.95,4000
2024-06-16 13:00:00+00:00,176.266,176.806,176.186,176.786,4996799.95,4001
2024-06-16 14:00:00+00:00,176.266,176.806,176.186,176.786,4996799.95,4002
2024-06-16 15:00:00+00:00,176.266,176.806,176.186,176.786,4996799.95,4003
2024-06-16 16:00:00+00:00,176.266,176.806,176.186,176.786,4996799.95,4004
2024-06-16 17:00:00+00:00,176.266,176.806,176.186,176.786,4996799.95,4005
2024-06-16 18:00:00+00:00,176.266,176.806,176.186,176.786,4996799.95,4006
2024-06-16 19:00:00+00:00,176.266,176.806,176.186,176.786,4996799.95,4007
2024-06-16 20:00:00+00:00,176.266,176.806,176.186,176.786,4996799.95,4008
2024-06-16 21:00:00+00:00,176.266,176.806,176.186,176.786,4996799.95,4009
2024-06-16 22:00:00+00:00,176.266,176.806,176.186,176.786,4996799.95,4010
2024-06-16 23:00:00+00:00,176.266,176.806,176.186,176.786,4996799.95,4011
2024-06-17 00:00:00+00:00,176.266,176.806,176.186,176.786,4996799.95,4012
2024-06-17 01:00:00+00:00,176.266,176.806,176.186,176.786,4996799.95,4013
2024-06-17 02:00:00+00:00,176.266,176.806,176.186,176.786,4996799.95,4014
2024-06-17 03:00:00+00:00,176.266,176.806,176.186,176.786,4996799.95,4015
2024-06-17 04:00:00+00:00,176.266,176.806,176.186,176.786,4996799.95,4016
2024-06-17 05:00:00+00:00,176.266,176.806,176.186,176.786,4996799.95,4017
2024-06-17 06:00:00+00:00,176.266,176.806,176.186,176.786,4996799.95,4018
2024-06-17 07:00:00+00:00,176.266,176.806,176.186,176.786,4996799.95,4019
2024-06-17 08:00:00+00:00,176.266,176.806,176.186,176.786,4996799.95,4020
2024-06-17 09:00:00+00:00,176.266,176.806,176.186,176.786,4996799.95,4021
2024-06-17 10:00:00+00:00,176.266,176.806,176.186,176.786,4996799.95,4022
2024-06-17 11:00:00+00:00,176.266,176.806,176.186,176.786,4996799.95,4023
2024-06-17 12:00:00+00:00,176.266,176.806,176.186,176.786,4996799.95,4024
2024-06-17 13:00:00+00:00,175.407,175.796,174.796,175.337,5242800.24,4025
2024-06-17 14:00:00+00:00,175.337,176.037,175.107,175.537,7586400.03,4026
2024-06-17 15:00:00+00:00,175.506,175.827,175.226,175.666,5437200.07,4027
2024-06-17 16:00:00+00:00,175.666,176.867,175.616,176.626,5680799.96,4028
2024-06-17 17:00:00+00:00,176.616,178.087,176.596,178.076,6225599.77,4029
2024-06-17 18:00:00+00:00,178.087,178.357,177.206,177.416,8014800.07,4030
2024-06-17 19:00:00+00:00,177.407,177.877,177.186,177.287,8893199.92,4031
2024-06-17 20:00:00+00:00,177.407,177.877,177.186,177.287,8893199.92,4032
2024-06-17 21:00:00+00:00,177.407,177.877,177.186,177.287,8893199.92,4033
2024-06-17 22:00:00+00:00,177.407,177.877,177.186,177.287,8893199.92,4034
2024-06-17 23:00:00+00:00,177.407,177.877,177.186,177.287,8893199.92,4035
2024-06-18 00:00:00+00:00,177.407,177.877,177.186,177.287,8893199.92,4036
2024-06-18 01:00:00+00:00,177.407,177.877,177.186,177.287,8893199.92,4037
2024-06-18 02:00:00+00:00,177.407,177.877,177.186,177.287,8893199.92,4038
2024-06-18 03:00:00+00:00,177.407,177.877,177.186,177.287,8893199.92,4039
2024-06-18 04:00:00+00:00,177.407,177.877,177.186,177.287,8893199.92,4040
2024-06-18 05:00:00+00:00,177.407,177.877,177.186,177.287,8893199.92,4041
2024-06-18 06:00:00+00:00,177.407,177.877,177.186,177.287,8893199.92,4042
2024-06-18 07:00:00+00:00,177.407,177.877,177.186,177.287,8893199.92,4043
2024-06-18 08:00:00+00:00,177.407,177.877,177.186,177.287,8893199.92,4044
2024-06-18 09:00:00+00:00,177.407,177.877,177.186,177.287,8893199.92,4045
2024-06-18 10:00:00+00:00,177.407,177.877,177.186,177.287,8893199.92,4046
2024-06-18 11:00:00+00:00,177.407,177.877,177.186,177.287,8893199.92,4047
2024-06-18 12:00:00+00:00,177.407,177.877,177.186,177.287,8893199.92,4048
2024-06-18 13:00:00+00:00,177.156,177.356,175.566,175.776,4485599.99,4049
2024-06-18 14:00:00+00:00,175.776,176.727,175.606,176.066,6819600.11,4050
2024-06-18 15:00:00+00:00,176.077,176.157,175.196,175.497,5274000.17,4051
2024-06-18 16:00:00+00:00,175.507,175.637,174.477,174.897,3644399.88,4052
2024-06-18 17:00:00+00:00,174.887,175.137,174.566,174.637,3291599.99,4053
2024-06-18 18:00:00+00:00,174.646,174.656,174.096,174.326,3624000.07,4054
2024-06-18 19:00:00+00:00,174.316,175.237,174.316,175.076,4195199.97,4055
2024-06-18 20:00:00+00:00,174.316,175.237,174.316,175.076,4195199.97,4056
2024-06-18 21:00:00+00:00,174.316,175.237,174.316,175.076,4195199.97,4057
2024-06-18 22:00:00+00:00,174.316,175.237,174.316,175.076,4195199.97,4058
2024-06-18 23:00:00+00:00,174.316,175.237,174.316,175.076,4195199.97,4059
2024-06-19 00:00:00+00:00,174.316,175.237,174.316,175.076,4195199.97,4060
2024-06-19 01:00:00+00:00,174.316,175.237,174.316,175.076,4195199.97,4061
2024-06-19 02:00:00+00:00,174.316,175.237,174.316,175.076,4195199.97,4062
2024-06-19 03:00:00+00:00,174.316,175.237,174.316,175.076,4195199.97,4063
2024-06-19 04:00:00+00:00,174.316,175.237,174.316,175.076,4195199.97,4064
2024-06-19 05:00:00+00:00,174.316,175.237,174.316,175.076,4195199.97,4065
2024-06-19 06:00:00+00:00,174.316,175.237,174.316,175.076,4195199.97,4066
2024-06-19 07:00:00+00:00,174.316,175.237,174.316,175.076,4195199.97,4067
2024-06-19 08:00:00+00:00,174.316,175.237,174.316,175.076,4195199.97,4068
2024-06-19 09:00:00+00:00,174.316,175.237,174.316,175.076,4195199.97,4069
2024-06-19 10:00:00+00:00,174.316,175.237,174.316,175.076,4195199.97,4070
2024-06-19 11:00:00+00:00,174.316,175.237,174.316,175.076,4195199.97,4071
2024-06-19 12:00:00+00:00,174.316,175.237,174.316,175.076,4195199.97,4072
2024-06-19 13:00:00+00:00,174.316,175.237,174.316,175.076,4195199.97,4073
2024-06-19 14:00:00+00:00,174.316,175.237,174.316,175.076,4195199.97,4074
2024-06-19 15:00:00+00:00,174.316,175.237,174.316,175.076,4195199.97,4075
2024-06-19 16:00:00+00:00,174.316,175.237,174.316,175.076,4195199.97,4076
2024-06-19 17:00:00+00:00,174.316,175.237,174.316,175.076,4195199.97,4077
2024-06-19 18:00:00+00:00,174.316,175.237,174.316,175.076,4195199.97,4078
2024-06-19 19:00:00+00:00,174.316,175.237,174.316,175.076,4195199.97,4079
2024-06-19 20:00:00+00:00,174.316,175.237,174.316,175.076,4195199.97,4080
2024-06-19 21:00:00+00:00,174.316,175.237,174.316,175.076,4195199.97,4081
2024-06-19 22:00:00+00:00,174.316,175.237,174.316,175.076,4195199.97,4082
2024-06-19 23:00:00+00:00,174.316,175.237,174.316,175.076,4195199.97,4083
2024-06-20 00:00:00+00:00,174.316,175.237,174.316,175.076,4195199.97,4084
2024-06-20 01:00:00+00:00,174.316,175.237,174.316,175.076,4195199.97,4085
2024-06-20 02:00:00+00:00,174.316,175.237,174.316,175.076,4195199.97,4086
2024-06-20 03:00:00+00:00,174.316,175.237,174.316,175.076,4195199.97,4087
2024-06-20 04:00:00+00:00,174.316,175.237,174.316,175.076,4195199.97,4088
2024-06-20 05:00:00+00:00,174.316,175.237,174.316,175.076,4195199.97,4089
2024-06-20 06:00:00+00:00,174.316,175.237,174.316,175.076,4195199.97,4090
2024-06-20 07:00:00+00:00,174.316,175.237,174.316,175.076,4195199.97,4091
2024-06-20 08:00:00+00:00,174.316,175.237,174.316,175.076,4195199.97,4092
2024-06-20 09:00:00+00:00,174.316,175.237,174.316,175.076,4195199.97,4093
2024-06-20 10:00:00+00:00,174.316,175.237,174.316,175.076,4195199.97,4094
2024-06-20 11:00:00+00:00,174.316,175.237,174.316,175.076,4195199.97,4095
2024-06-20 12:00:00+00:00,174.316,175.237,174.316,175.076,4195199.97,4096
2024-06-20 13:00:00+00:00,175.316,177.257,174.976,175.346,5240399.84,4097
2024-06-20 14:00:00+00:00,175.337,176.397,175.006,176.257,7916399.96,4098
2024-06-20 15:00:00+00:00,176.277,176.357,175.666,175.836,4846799.85,4099
2024-06-20 16:00:00+00:00,175.837,176.207,175.446,176.007,7150800.23,4100
2024-06-20 17:00:00+00:00,176.007,176.047,175.396,175.847,7478400.23,4101
2024-06-20 18:00:00+00:00,175.836,176.107,175.686,175.937,5820000.17,4102
2024-06-20 19:00:00+00:00,175.927,176.407,175.466,176.287,8882399.56,4103
2024-06-20 20:00:00+00:00,175.927,176.407,175.466,176.287,8882399.56,4104
2024-06-20 21:00:00+00:00,175.927,176.407,175.466,176.287,8882399.56,4105
2024-06-20 22:00:00+00:00,175.927,176.407,175.466,176.287,8882399.56,4106
2024-06-20 23:00:00+00:00,175.927,176.407,175.466,176.287,8882399.56,4107
2024-06-21 00:00:00+00:00,175.927,176.407,175.466,176.287,8882399.56,4108
2024-06-21 01:00:00+00:00,175.927,176.407,175.466,176.287,8882399.56,4109
2024-06-21 02:00:00+00:00,175.927,176.407,175.466,176.287,8882399.56,4110
2024-06-21 03:00:00+00:00,175.927,176.407,175.466,176.287,8882399.56,4111
2024-06-21 04:00:00+00:00,175.927,176.407,175.466,176.287,8882399.56,4112
2024-06-21 05:00:00+00:00,175.927,176.407,175.466,176.287,8882399.56,4113
2024-06-21 06:00:00+00:00,175.927,176.407,175.466,176.287,8882399.56,4114
2024-06-21 07:00:00+00:00,175.927,176.407,175.466,176.287,8882399.56,4115
2024-06-21 08:00:00+00:00,175.927,176.407,175.466,176.287,8882399.56,4116
2024-06-21 09:00:00+00:00,175.927,176.407,175.466,176.287,8882399.56,4117
2024-06-21 10:00:00+00:00,175.927,176.407,175.466,176.287,8882399.56,4118
2024-06-21 11:00:00+00:00,175.927,176.407,175.466,176.287,8882399.56,4119
2024-06-21 12:00:00+00:00,175.927,176.407,175.466,176.287,8882399.56,4120
2024-06-21 13:00:00+00:00,176.907,178.697,176.597,178.457,6764400.01,4121
2024-06-21 14:00:00+00:00,178.446,179.767,178.107,179.086,12484800.34,4122
2024-06-21 15:00:00+00:00,179.077,180.037,178.866,179.987,7768799.78,4123
2024-06-21 16:00:00+00:00,179.997,180.827,179.836,180.157,6980400.09,4124
2024-06-21 17:00:00+00:00,180.156,180.387,179.256,179.857,8013600.35,4125
2024-06-21 18:00:00+00:00,179.867,180.217,179.566,179.686,7386000.16,4126
2024-06-21 19:00:00+00:00,179.687,180.207,178.996,179.447,11127599.72,4127
2024-06-21 20:00:00+00:00,179.687,180.207,178.996,179.447,11127599.72,4128
2024-06-21 21:00:00+00:00,179.687,180.207,178.996,179.447,11127599.72,4129
2024-06-21 22:00:00+00:00,179.687,180.207,178.996,179.447,11127599.72,4130
2024-06-21 23:00:00+00:00,179.687,180.207,178.996,179.447,11127599.72,4131
2024-06-22 00:00:00+00:00,179.687,180.207,178.996,179.447,11127599.72,4132
2024-06-22 01:00:00+00:00,179.687,180.207,178.996,179.447,11127599.72,4133
2024-06-22 02:00:00+00:00,179.687,180.207,178.996,179.447,11127599.72,4134
2024-06-22 03:00:00+00:00,179.687,180.207,178.996,179.447,11127599.72,4135
2024-06-22 04:00:00+00:00,179.687,180.207,178.996,179.447,11127599.72,4136
2024-06-22 05:00:00+00:00,179.687,180.207,178.996,179.447,11127599.72,4137
2024-06-22 06:00:00+00:00,179.687,180.207,178.996,179.447,11127599.72,4138
2024-06-22 07:00:00+00:00,179.687,180.207,178.996,179.447,11127599.72,4139
2024-06-22 08:00:00+00:00,179.687,180.207,178.996,179.447,11127599.72,4140
2024-06-22 09:00:00+00:00,179.687,180.207,178.996,179.447,11127599.72,4141
2024-06-22 10:00:00+00:00,179.687,180.207,178.996,179.447,11127599.72,4142
2024-06-22 11:00:00+00:00,179.687,180.207,178.996,179.447,11127599.72,4143
2024-06-22 12:00:00+00:00,179.687,180.207,178.996,179.447,11127599.72,4144
2024-06-22 13:00:00+00:00,179.687,180.207,178.996,179.447,11127599.72,4145
2024-06-22 14:00:00+00:00,179.687,180.207,178.996,179.447,11127599.72,4146
2024-06-22 15:00:00+00:00,179.687,180.207,178.996,179.447,11127599.72,4147
2024-06-22 16:00:00+00:00,179.687,180.207,178.996,179.447,11127599.72,4148
2024-06-22 17:00:00+00:00,179.687,180.207,178.996,179.447,11127599.72,4149
2024-06-22 18:00:00+00:00,179.687,180.207,178.996,179.447,11127599.72,4150
2024-06-22 19:00:00+00:00,179.687,180.207,178.996,179.447,11127599.72,4151
2024-06-22 20:00:00+00:00,179.687,180.207,178.996,179.447,11127599.72,4152
2024-06-22 21:00:00+00:00,179.687,180.207,178.996,179.447,11127599.72,4153
2024-06-22 22:00:00+00:00,179.687,180.207,178.996,179.447,11127599.72,4154
2024-06-22 23:00:00+00:00,179.687,180.207,178.996,179.447,11127599.72,4155
2024-06-23 00:00:00+00:00,179.687,180.207,178.996,179.447,11127599.72,4156
2024-06-23 01:00:00+00:00,179.687,180.207,178.996,179.447,11127599.72,4157
2024-06-23 02:00:00+00:00,179.687,180.207,178.996,179.447,11127599.72,4158
2024-06-23 03:00:00+00:00,179.687,180.207,178.996,179.447,11127599.72,4159
2024-06-23 04:00:00+00:00,179.687,180.207,178.996,179.447,11127599.72,4160
2024-06-23 05:00:00+00:00,179.687,180.207,178.996,179.447,11127599.72,4161
2024-06-23 06:00:00+00:00,179.687,180.207,178.996,179.447,11127599.72,4162
2024-06-23 07:00:00+00:00,179.687,180.207,178.996,179.447,11127599.72,4163
2024-06-23 08:00:00+00:00,179.687,180.207,178.996,179.447,11127599.72,4164
2024-06-23 09:00:00+00:00,179.687,180.207,178.996,179.447,11127599.72,4165
2024-06-23 10:00:00+00:00,179.687,180.207,178.996,179.447,11127599.72,4166
2024-06-23 11:00:00+00:00,179.687,180.207,178.996,179.447,11127599.72,4167
2024-06-23 12:00:00+00:00,179.687,180.207,178.996,179.447,11127599.72,4168
2024-06-23 13:00:00+00:00,179.687,180.207,178.996,179.447,11127599.72,4169
2024-06-23 14:00:00+00:00,179.687,180.207,178.996,179.447,11127599.72,4170
2024-06-23 15:00:00+00:00,179.687,180.207,178.996,179.447,11127599.72,4171
2024-06-23 16:00:00+00:00,179.687,180.207,178.996,179.447,11127599.72,4172
2024-06-23 17:00:00+00:00,179.687,180.207,178.996,179.447,11127599.72,4173
2024-06-23 18:00:00+00:00,179.687,180.207,178.996,179.447,11127599.72,4174
2024-06-23 19:00:00+00:00,179.687,180.207,178.996,179.447,11127599.72,4175
2024-06-23 20:00:00+00:00,179.687,180.207,178.996,179.447,11127599.72,4176
2024-06-23 21:00:00+00:00,179.687,180.207,178.996,179.447,11127599.72,4177
2024-06-23 22:00:00+00:00,179.687,180.207,178.996,179.447,11127599.72,4178
2024-06-23 23:00:00+00:00,179.687,180.207,178.996,179.447,11127599.72,4179
2024-06-24 00:00:00+00:00,179.687,180.207,178.996,179.447,11127599.72,4180
2024-06-24 01:00:00+00:00,179.687,180.207,178.996,179.447,11127599.72,4181
2024-06-24 02:00:00+00:00,179.687,180.207,178.996,179.447,11127599.72,4182
2024-06-24 03:00:00+00:00,179.687,180.207,178.996,179.447,11127599.72,4183
2024-06-24 04:00:00+00:00,179.687,180.207,178.996,179.447,11127599.72,4184
2024-06-24 05:00:00+00:00,179.687,180.207,178.996,179.447,11127599.72,4185
2024-06-24 06:00:00+00:00,179.687,180.207,178.996,179.447,11127599.72,4186
2024-06-24 07:00:00+00:00,179.687,180.207,178.996,179.447,11127599.72,4187
2024-06-24 08:00:00+00:00,179.687,180.207,178.996,179.447,11127599.72,4188
2024-06-24 09:00:00+00:00,179.687,180.207,178.996,179.447,11127599.72,4189
2024-06-24 10:00:00+00:00,179.687,180.207,178.996,179.447,11127599.72,4190
2024-06-24 11:00:00+00:00,179.687,180.207,178.996,179.447,11127599.72,4191
2024-06-24 12:00:00+00:00,179.687,180.207,178.996,179.447,11127599.72,4192
2024-06-24 13:00:00+00:00,180.146,180.826,178.896,179.867,5897999.76,4193
2024-06-24 14:00:00+00:00,179.877,180.606,178.816,179.497,9961199.76,4194
2024-06-24 15:00:00+00:00,179.506,179.866,179.196,179.866,6445199.97,4195
2024-06-24 16:00:00+00:00,179.877,180.237,179.517,179.747,4939199.92,4196
2024-06-24 17:00:00+00:00,179.736,179.757,178.966,179.247,6386400.22,4197
2024-06-24 18:00:00+00:00,179.236,179.406,178.656,179.067,6009600.16,4198
2024-06-24 19:00:00+00:00,179.077,179.507,179.036,179.157,6877200.13,4199
2024-06-24 20:00:00+00:00,179.077,179.507,179.036,179.157,6877200.13,4200
2024-06-24 21:00:00+00:00,179.077,179.507,179.036,179.157,6877200.13,4201
2024-06-24 22:00:00+00:00,179.077,179.507,179.036,179.157,6877200.13,4202
2024-06-24 23:00:00+00:00,179.077,179.507,179.036,179.157,6877200.13,4203
2024-06-25 00:00:00+00:00,179.077,179.507,179.036,179.157,6877200.13,4204
2024-06-25 01:00:00+00:00,179.077,179.507,179.036,179.157,6877200.13,4205
2024-06-25 02:00:00+00:00,179.077,179.507,179.036,179.157,6877200.13,4206
2024-06-25 03:00:00+00:00,179.077,179.507,179.036,179.157,6877200.13,4207
2024-06-25 04:00:00+00:00,179.077,179.507,179.036,179.157,6877200.13,4208
2024-06-25 05:00:00+00:00,179.077,179.507,179.036,179.157,6877200.13,4209
2024-06-25 06:00:00+00:00,179.077,179.507,179.036,179.157,6877200.13,4210
2024-06-25 07:00:00+00:00,179.077,179.507,179.036,179.157,6877200.13,4211
2024-06-25 08:00:00+00:00,179.077,179.507,179.036,179.157,6877200.13,4212
2024-06-25 09:00:00+00:00,179.077,179.507,179.036,179.157,6877200.13,4213
2024-06-25 10:00:00+00:00,179.077,179.507,179.036,179.157,6877200.13,4214
2024-06-25 11:00:00+00:00,179.077,179.507,179.036,179.157,6877200.13,4215
2024-06-25 12:00:00+00:00,179.077,179.507,179.036,179.157,6877200.13,4216
2024-06-25 13:00:00+00:00,179.507,180.926,179.487,180.376,5122799.87,4217
2024-06-25 14:00:00+00:00,180.387,182.167,180.286,181.916,8690400.12,4218
2024-06-25 15:00:00+00:00,181.917,182.647,181.826,182.556,6856800.08,4219
2024-06-25 16:00:00+00:00,182.546,182.786,181.846,182.146,6063600.06,4220
2024-06-25 17:00:00+00:00,182.136,182.707,181.956,182.707,5859600.07,4221
2024-06-25 18:00:00+00:00,182.707,183.287,182.647,183.196,5541600.23,4222
2024-06-25 19:00:00+00:00,183.186,184.277,182.987,184.037,6010799.88,4223
2024-06-25 20:00:00+00:00,183.186,184.277,182.987,184.037,6010799.88,4224
2024-06-25 21:00:00+00:00,183.186,184.277,182.987,184.037,6010799.88,4225
2024-06-25 22:00:00+00:00,183.186,184.277,182.987,184.037,6010799.88,4226
2024-06-25 23:00:00+00:00,183.186,184.277,182.987,184.037,6010799.88,4227
2024-06-26 00:00:00+00:00,183.186,184.277,182.987,184.037,6010799.88,4228
2024-06-26 01:00:00+00:00,183.186,184.277,182.987,184.037,6010799.88,4229
2024-06-26 02:00:00+00:00,183.186,184.277,182.987,184.037,6010799.88,4230
2024-06-26 03:00:00+00:00,183.186,184.277,182.987,184.037,6010799.88,4231
2024-06-26 04:00:00+00:00,183.186,184.277,182.987,184.037,6010799.88,4232
2024-06-26 05:00:00+00:00,183.186,184.277,182.987,184.037,6010799.88,4233
2024-06-26 06:00:00+00:00,183.186,184.277,182.987,184.037,6010799.88,4234
2024-06-26 07:00:00+00:00,183.186,184.277,182.987,184.037,6010799.88,4235
2024-06-26 08:00:00+00:00,183.186,184.277,182.987,184.037,6010799.88,4236
2024-06-26 09:00:00+00:00,183.186,184.277,182.987,184.037,6010799.88,4237
2024-06-26 10:00:00+00:00,183.186,184.277,182.987,184.037,6010799.88,4238
2024-06-26 11:00:00+00:00,183.186,184.277,182.987,184.037,6010799.88,4239
2024-06-26 12:00:00+00:00,183.186,184.277,182.987,184.037,6010799.88,4240
2024-06-26 13:00:00+00:00,182.567,183.496,182.476,183.277,4940400.12,4241
2024-06-26 14:00:00+00:00,183.266,184.487,183.146,184.006,8699999.81,4242
2024-06-26 15:00:00+00:00,184.017,184.146,183.396,183.916,7868400.1,4243
2024-06-26 16:00:00+00:00,183.907,184.217,183.616,183.746,5808000.09,4244
2024-06-26 17:00:00+00:00,183.746,184.066,183.316,184.006,6193200.11,4245
2024-06-26 18:00:00+00:00,184.006,184.267,183.836,184.066,5369999.89,4246
2024-06-26 19:00:00+00:00,184.056,184.157,183.576,183.847,6934800.15,4247
2024-06-26 20:00:00+00:00,184.056,184.157,183.576,183.847,6934800.15,4248
2024-06-26 21:00:00+00:00,184.056,184.157,183.576,183.847,6934800.15,4249
2024-06-26 22:00:00+00:00,184.056,184.157,183.576,183.847,6934800.15,4250
2024-06-26 23:00:00+00:00,184.056,184.157,183.576,183.847,6934800.15,4251
2024-06-27 00:00:00+00:00,184.056,184.157,183.576,183.847,6934800.15,4252
2024-06-27 01:00:00+00:00,184.056,184.157,183.576,183.847,6934800.15,4253
2024-06-27 02:00:00+00:00,184.056,184.157,183.576,183.847,6934800.15,4254
2024-06-27 03:00:00+00:00,184.056,184.157,183.576,183.847,6934800.15,4255
2024-06-27 04:00:00+00:00,184.056,184.157,183.576,183.847,6934800.15,4256
2024-06-27 05:00:00+00:00,184.056,184.157,183.576,183.847,6934800.15,4257
2024-06-27 06:00:00+00:00,184.056,184.157,183.576,183.847,6934800.15,4258
2024-06-27 07:00:00+00:00,184.056,184.157,183.576,183.847,6934800.15,4259
2024-06-27 08:00:00+00:00,184.056,184.157,183.576,183.847,6934800.15,4260
2024-06-27 09:00:00+00:00,184.056,184.157,183.576,183.847,6934800.15,4261
2024-06-27 10:00:00+00:00,184.056,184.157,183.576,183.847,6934800.15,4262
2024-06-27 11:00:00+00:00,184.056,184.157,183.576,183.847,6934800.15,4263
2024-06-27 12:00:00+00:00,184.056,184.157,183.576,183.847,6934800.15,4264
2024-06-27 13:00:00+00:00,184.116,185.706,183.996,185.697,5108399.87,4265
2024-06-27 14:00:00+00:00,185.686,186.027,185.096,185.507,8157600.4,4266
2024-06-27 15:00:00+00:00,185.527,185.857,184.446,184.547,6676799.77,4267
2024-06-27 16:00:00+00:00,184.546,185.226,184.356,184.856,4519199.85,4268
2024-06-27 17:00:00+00:00,184.866,185.227,184.676,184.867,3297600.03,4269
2024-06-27 18:00:00+00:00,184.867,185.106,184.496,185.097,4550399.78,4270
2024-06-27 19:00:00+00:00,185.117,185.527,184.956,185.416,5097599.98,4271
2024-06-27 20:00:00+00:00,185.117,185.527,184.956,185.416,5097599.98,4272
2024-06-27 21:00:00+00:00,185.117,185.527,184.956,185.416,5097599.98,4273
2024-06-27 22:00:00+00:00,185.117,185.527,184.956,185.416,5097599.98,4274
2024-06-27 23:00:00+00:00,185.117,185.527,184.956,185.416,5097599.98,4275
2024-06-28 00:00:00+00:00,185.117,185.527,184.956,185.416,5097599.98,4276
2024-06-28 01:00:00+00:00,185.117,185.527,184.956,185.416,5097599.98,4277
2024-06-28 02:00:00+00:00,185.117,185.527,184.956,185.416,5097599.98,4278
2024-06-28 03:00:00+00:00,185.117,185.527,184.956,185.416,5097599.98,4279
2024-06-28 04:00:00+00:00,185.117,185.527,184.956,185.416,5097599.98,4280
2024-06-28 05:00:00+00:00,185.117,185.527,184.956,185.416,5097599.98,4281
2024-06-28 06:00:00+00:00,185.117,185.527,184.956,185.416,5097599.98,4282
2024-06-28 07:00:00+00:00,185.117,185.527,184.956,185.416,5097599.98,4283
2024-06-28 08:00:00+00:00,185.117,185.527,184.956,185.416,5097599.98,4284
2024-06-28 09:00:00+00:00,185.117,185.527,184.956,185.416,5097599.98,4285
2024-06-28 10:00:00+00:00,185.117,185.527,184.956,185.416,5097599.98,4286
2024-06-28 11:00:00+00:00,185.117,185.527,184.956,185.416,5097599.98,4287
2024-06-28 12:00:00+00:00,185.117,185.527,184.956,185.416,5097599.98,4288
2024-06-28 13:00:00+00:00,184.246,184.616,182.797,184.027,5002799.99,4289
2024-06-28 14:00:00+00:00,184.086,185.117,183.717,183.947,7959599.97,4290
2024-06-28 15:00:00+00:00,183.947,184.297,183.526,183.966,7051199.91,4291
2024-06-28 16:00:00+00:00,183.976,184.147,183.276,183.786,6916800.02,4292
2024-06-28 17:00:00+00:00,183.776,184.127,183.666,183.886,4723199.84,4293
2024-06-28 18:00:00+00:00,183.886,184.277,183.606,184.066,5484000.21,4294
2024-06-28 19:00:00+00:00,184.066,184.247,181.937,182.076,9476400.38,4295
2024-06-28 20:00:00+00:00,184.066,184.247,181.937,182.076,9476400.38,4296
2024-06-28 21:00:00+00:00,184.066,184.247,181.937,182.076,9476400.38,4297
2024-06-28 22:00:00+00:00,184.066,184.247,181.937,182.076,9476400.38,4298
2024-06-28 23:00:00+00:00,184.066,184.247,181.937,182.076,9476400.38,4299
2024-06-29 00:00:00+00:00,184.066,184.247,181.937,182.076,9476400.38,4300
2024-06-29 01:00:00+00:00,184.066,184.247,181.937,182.076,9476400.38,4301
2024-06-29 02:00:00+00:00,184.066,184.247,181.937,182.076,9476400.38,4302
2024-06-29 03:00:00+00:00,184.066,184.247,181.937,182.076,9476400.38,4303
2024-06-29 04:00:00+00:00,184.066,184.247,181.937,182.076,9476400.38,4304
2024-06-29 05:00:00+00:00,184.066,184.247,181.937,182.076,9476400.38,4305
2024-06-29 06:00:00+00:00,184.066,184.247,181.937,182.076,9476400.38,4306
2024-06-29 07:00:00+00:00,184.066,184.247,181.937,182.076,9476400.38,4307
2024-06-29 08:00:00+00:00,184.066,184.247,181.937,182.076,9476400.38,4308
2024-06-29 09:00:00+00:00,184.066,184.247,181.937,182.076,9476400.38,4309
2024-06-29 10:00:00+00:00,184.066,184.247,181.937,182.076,9476400.38,4310
2024-06-29 11:00:00+00:00,184.066,184.247,181.937,182.076,9476400.38,4311
2024-06-29 12:00:00+00:00,184.066,184.247,181.937,182.076,9476400.38,4312
2024-06-29 13:00:00+00:00,184.066,184.247,181.937,182.076,9476400.38,4313
2024-06-29 14:00:00+00:00,184.066,184.247,181.937,182.076,9476400.38,4314
2024-06-29 15:00:00+00:00,184.066,184.247,181.937,182.076,9476400.38,4315
2024-06-29 16:00:00+00:00,184.066,184.247,181.937,182.076,9476400.38,4316
2024-06-29 17:00:00+00:00,184.066,184.247,181.937,182.076,9476400.38,4317
2024-06-29 18:00:00+00:00,184.066,184.247,181.937,182.076,9476400.38,4318
2024-06-29 19:00:00+00:00,184.066,184.247,181.937,182.076,9476400.38,4319
2024-06-29 20:00:00+00:00,184.066,184.247,181.937,182.076,9476400.38,4320
2024-06-29 21:00:00+00:00,184.066,184.247,181.937,182.076,9476400.38,4321
2024-06-29 22:00:00+00:00,184.066,184.247,181.937,182.076,9476400.38,4322
2024-06-29 23:00:00+00:00,184.066,184.247,181.937,182.076,9476400.38,4323
2024-06-30 00:00:00+00:00,184.066,184.247,181.937,182.076,9476400.38,4324
2024-06-30 01:00:00+00:00,184.066,184.247,181.937,182.076,9476400.38,4325
2024-06-30 02:00:00+00:00,184.066,184.247,181.937,182.076,9476400.38,4326
2024-06-30 03:00:00+00:00,184.066,184.247,181.937,182.076,9476400.38,4327
2024-06-30 04:00:00+00:00,184.066,184.247,181.937,182.076,9476400.38,4328
2024-06-30 05:00:00+00:00,184.066,184.247,181.937,182.076,9476400.38,4329
2024-06-30 06:00:00+00:00,184.066,184.247,181.937,182.076,9476400.38,4330
2024-06-30 07:00:00+00:00,184.066,184.247,181.937,182.076,9476400.38,4331
2024-06-30 08:00:00+00:00,184.066,184.247,181.937,182.076,9476400.38,4332
2024-06-30 09:00:00+00:00,184.066,184.247,181.937,182.076,9476400.38,4333
2024-06-30 10:00:00+00:00,184.066,184.247,181.937,182.076,9476400.38,4334
2024-06-30 11:00:00+00:00,184.066,184.247,181.937,182.076,9476400.38,4335
2024-06-30 12:00:00+00:00,184.066,184.247,181.937,182.076,9476400.38,4336
2024-06-30 13:00:00+00:00,184.066,184.247,181.937,182.076,9476400.38,4337
2024-06-30 14:00:00+00:00,184.066,184.247,181.937,182.076,9476400.38,4338
2024-06-30 15:00:00+00:00,184.066,184.247,181.937,182.076,9476400.38,4339
2024-06-30 16:00:00+00:00,184.066,184.247,181.937,182.076,9476400.38,4340
2024-06-30 17:00:00+00:00,184.066,184.247,181.937,182.076,9476400.38,4341
2024-06-30 18:00:00+00:00,184.066,184.247,181.937,182.076,9476400.38,4342
2024-06-30 19:00:00+00:00,184.066,184.247,181.937,182.076,9476400.38,4343
2024-06-30 20:00:00+00:00,184.066,184.247,181.937,182.076,9476400.38,4344
2024-06-30 21:00:00+00:00,184.066,184.247,181.937,182.076,9476400.38,4345
2024-06-30 22:00:00+00:00,184.066,184.247,181.937,182.076,9476400.38,4346
2024-06-30 23:00:00+00:00,184.066,184.247,181.937,182.076,9476400.38,4347
2024-07-01 00:00:00+00:00,184.066,184.247,181.937,182.076,9476400.38,4348
2024-07-01 01:00:00+00:00,184.066,184.247,181.937,182.076,9476400.38,4349
2024-07-01 02:00:00+00:00,184.066,184.247,181.937,182.076,9476400.38,4350
2024-07-01 03:00:00+00:00,184.066,184.247,181.937,182.076,9476400.38,4351
2024-07-01 04:00:00+00:00,184.066,184.247,181.937,182.076,9476400.38,4352
2024-07-01 05:00:00+00:00,184.066,184.247,181.937,182.076,9476400.38,4353
2024-07-01 06:00:00+00:00,184.066,184.247,181.937,182.076,9476400.38,4354
2024-07-01 07:00:00+00:00,184.066,184.247,181.937,182.076,9476400.38,4355
2024-07-01 08:00:00+00:00,184.066,184.247,181.937,182.076,9476400.38,4356
2024-07-01 09:00:00+00:00,184.066,184.247,181.937,182.076,9476400.38,4357
2024-07-01 10:00:00+00:00,184.066,184.247,181.937,182.076,9476400.38,4358
2024-07-01 11:00:00+00:00,184.066,184.247,181.937,182.076,9476400.38,4359
2024-07-01 12:00:00+00:00,184.066,184.247,181.937,182.076,9476400.38,4360
2024-07-01 13:00:00+00:00,183.026,183.857,181.296,181.677,5800799.85,4361
2024-07-01 14:00:00+00:00,181.747,182.837,181.676,182.227,9430800.44,4362
2024-07-01 15:00:00+00:00,182.216,182.477,181.886,182.267,6261600.02,4363
2024-07-01 16:00:00+00:00,182.257,183.286,182.046,182.987,4947599.89,4364
2024-07-01 17:00:00+00:00,182.966,183.027,182.176,182.487,4669199.94,4365
2024-07-01 18:00:00+00:00,182.496,182.947,182.256,182.626,4354800.22,4366
2024-07-01 19:00:00+00:00,182.627,183.217,182.216,182.897,5745600.22,4367
2024-07-01 20:00:00+00:00,182.627,183.217,182.216,182.897,5745600.22,4368
2024-07-01 21:00:00+00:00,182.627,183.217,182.216,182.897,5745600.22,4369
2024-07-01 22:00:00+00:00,182.627,183.217,182.216,182.897,5745600.22,4370
2024-07-01 23:00:00+00:00,182.627,183.217,182.216,182.897,5745600.22,4371
2024-07-02 00:00:00+00:00,182.627,183.217,182.216,182.897,5745600.22,4372
2024-07-02 01:00:00+00:00,182.627,183.217,182.216,182.897,5745600.22,4373
2024-07-02 02:00:00+00:00,182.627,183.217,182.216,182.897,5745600.22,4374
2024-07-02 03:00:00+00:00,182.627,183.217,182.216,182.897,5745600.22,4375
2024-07-02 04:00:00+00:00,182.627,183.217,182.216,182.897,5745600.22,4376
2024-07-02 05:00:00+00:00,182.627,183.217,182.216,182.897,5745600.22,4377
2024-07-02 06:00:00+00:00,182.627,183.217,182.216,182.897,5745600.22,4378
2024-07-02 07:00:00+00:00,182.627,183.217,182.216,182.897,5745600.22,4379
2024-07-02 08:00:00+00:00,182.627,183.217,182.216,182.897,5745600.22,4380
2024-07-02 09:00:00+00:00,182.627,183.217,182.216,182.897,5745600.22,4381
2024-07-02 10:00:00+00:00,182.627,183.217,182.216,182.897,5745600.22,4382
2024-07-02 11:00:00+00:00,182.627,183.217,182.216,182.897,5745600.22,4383
2024-07-02 12:00:00+00:00,182.627,183.217,182.216,182.897,5745600.22,4384
2024-07-02 13:00:00+00:00,181.966,182.596,181.536,182.077,5360400.2,4385
2024-07-02 14:00:00+00:00,182.086,183.647,181.637,183.476,12156000.14,4386
2024-07-02 15:00:00+00:00,183.476,183.987,183.246,183.316,6214799.88,4387
2024-07-02 16:00:00+00:00,183.316,184.207,183.146,184.207,4769999.98,4388
2024-07-02 17:00:00+00:00,184.207,185.127,184.196,184.977,5357999.8,4389
2024-07-02 18:00:00+00:00,184.987,185.236,184.856,184.877,3991199.97,4390
2024-07-02 19:00:00+00:00,184.846,185.557,184.786,185.257,5726399.9,4391
2024-07-02 20:00:00+00:00,184.846,185.557,184.786,185.257,5726399.9,4392
2024-07-02 21:00:00+00:00,184.846,185.557,184.786,185.257,5726399.9,4393
2024-07-02 22:00:00+00:00,184.846,185.557,184.786,185.257,5726399.9,4394
2024-07-02 23:00:00+00:00,184.846,185.557,184.786,185.257,5726399.9,4395
2024-07-03 00:00:00+00:00,184.846,185.557,184.786,185.257,5726399.9,4396
2024-07-03 01:00:00+00:00,184.846,185.557,184.786,185.257,5726399.9,4397
2024-07-03 02:00:00+00:00,184.846,185.557,184.786,185.257,5726399.9,4398
2024-07-03 03:00:00+00:00,184.846,185.557,184.786,185.257,5726399.9,4399
2024-07-03 04:00:00+00:00,184.846,185.557,184.786,185.257,5726399.9,4400
2024-07-03 05:00:00+00:00,184.846,185.557,184.786,185.257,5726399.9,4401
2024-07-03 06:00:00+00:00,184.846,185.557,184.786,185.257,5726399.9,4402
2024-07-03 07:00:00+00:00,184.846,185.557,184.786,185.257,5726399.9,4403
2024-07-03 08:00:00+00:00,184.846,185.557,184.786,185.257,5726399.9,4404
2024-07-03 09:00:00+00:00,184.846,185.557,184.786,185.257,5726399.9,4405
2024-07-03 10:00:00+00:00,184.846,185.557,184.786,185.257,5726399.9,4406
2024-07-03 11:00:00+00:00,184.846,185.557,184.786,185.257,5726399.9,4407
2024-07-03 12:00:00+00:00,184.846,185.557,184.786,185.257,5726399.9,4408
2024-07-03 13:00:00+00:00,184.817,185.756,183.966,184.797,5102399.83,4409
2024-07-03 14:00:00+00:00,184.796,185.057,184.146,185.047,9363599.78,4410
2024-07-03 15:00:00+00:00,185.047,185.936,184.906,185.797,6968400.0,4411
2024-07-03 16:00:00+00:00,185.787,186.067,185.546,185.777,7556399.82,4412
2024-07-03 17:00:00+00:00,185.787,186.067,185.546,185.777,7556399.82,4413
2024-07-03 18:00:00+00:00,185.787,186.067,185.546,185.777,7556399.82,4414
2024-07-03 19:00:00+00:00,185.787,186.067,185.546,185.777,7556399.82,4415
2024-07-03 20:00:00+00:00,185.787,186.067,185.546,185.777,7556399.82,4416
2024-07-03 21:00:00+00:00,185.787,186.067,185.546,185.777,7556399.82,4417
2024-07-03 22:00:00+00:00,185.787,186.067,185.546,185.777,7556399.82,4418
2024-07-03 23:00:00+00:00,185.787,186.067,185.546,185.777,7556399.82,4419
2024-07-04 00:00:00+00:00,185.787,186.067,185.546,185.777,7556399.82,4420
2024-07-04 01:00:00+00:00,185.787,186.067,185.546,185.777,7556399.82,4421
2024-07-04 02:00:00+00:00,185.787,186.067,185.546,185.777,7556399.82,4422
2024-07-04 03:00:00+00:00,185.787,186.067,185.546,185.777,7556399.82,4423
2024-07-04 04:00:00+00:00,185.787,186.067,185.546,185.777,7556399.82,4424
2024-07-04 05:00:00+00:00,185.787,186.067,185.546,185.777,7556399.82,4425
2024-07-04 06:00:00+00:00,185.787,186.067,185.546,185.777,7556399.82,4426
2024-07-04 07:00:00+00:00,185.787,186.067,185.546,185.777,7556399.82,4427
2024-07-04 08:00:00+00:00,185.787,186.067,185.546,185.777,7556399.82,4428
2024-07-04 09:00:00+00:00,185.787,186.067,185.546,185.777,7556399.82,4429
2024-07-04 10:00:00+00:00,185.787,186.067,185.546,185.777,7556399.82,4430
2024-07-04 11:00:00+00:00,185.787,186.067,185.546,185.777,7556399.82,4431
2024-07-04 12:00:00+00:00,185.787,186.067,185.546,185.777,7556399.82,4432
2024-07-04 13:00:00+00:00,185.787,186.067,185.546,185.777,7556399.82,4433
2024-07-04 14:00:00+00:00,185.787,186.067,185.546,185.777,7556399.82,4434
2024-07-04 15:00:00+00:00,185.787,186.067,185.546,185.777,7556399.82,4435
2024-07-04 16:00:00+00:00,185.787,186.067,185.546,185.777,7556399.82,4436
2024-07-04 17:00:00+00:00,185.787,186.067,185.546,185.777,7556399.82,4437
2024-07-04 18:00:00+00:00,185.787,186.067,185.546,185.777,7556399.82,4438
2024-07-04 19:00:00+00:00,185.787,186.067,185.546,185.777,7556399.82,4439
2024-07-04 20:00:00+00:00,185.787,186.067,185.546,185.777,7556399.82,4440
2024-07-04 21:00:00+00:00,185.787,186.067,185.546,185.777,7556399.82,4441
2024-07-04 22:00:00+00:00,185.787,186.067,185.546,185.777,7556399.82,4442
2024-07-04 23:00:00+00:00,185.787,186.067,185.546,185.777,7556399.82,4443
2024-07-05 00:00:00+00:00,185.787,186.067,185.546,185.777,7556399.82,4444
2024-07-05 01:00:00+00:00,185.787,186.067,185.546,185.777,7556399.82,4445
2024-07-05 02:00:00+00:00,185.787,186.067,185.546,185.777,7556399.82,4446
2024-07-05 03:00:00+00:00,185.787,186.067,185.546,185.777,7556399.82,4447
2024-07-05 04:00:00+00:00,185.787,186.067,185.546,185.777,7556399.82,4448
2024-07-05 05:00:00+00:00,185.787,186.067,185.546,185.777,7556399.82,4449
2024-07-05 06:00:00+00:00,185.787,186.067,185.546,185.777,7556399.82,4450
2024-07-05 07:00:00+00:00,185.787,186.067,185.546,185.777,7556399.82,4451
2024-07-05 08:00:00+00:00,185.787,186.067,185.546,185.777,7556399.82,4452
2024-07-05 09:00:00+00:00,185.787,186.067,185.546,185.777,7556399.82,4453
2024-07-05 10:00:00+00:00,185.787,186.067,185.546,185.777,7556399.82,4454
2024-07-05 11:00:00+00:00,185.787,186.067,185.546,185.777,7556399.82,4455
2024-07-05 12:00:00+00:00,185.787,186.067,185.546,185.777,7556399.82,4456
2024-07-05 13:00:00+00:00,185.816,189.367,185.796,189.197,5097599.98,4457
2024-07-05 14:00:00+00:00,189.207,189.987,188.496,189.367,7993199.83,4458
2024-07-05 15:00:00+00:00,189.367,190.427,189.206,190.316,5156400.2,4459
2024-07-05 16:00:00+00:00,190.306,190.417,189.886,190.157,3799200.06,4460
2024-07-05 17:00:00+00:00,190.097,190.697,190.077,190.157,3218400.0,4461
2024-07-05 18:00:00+00:00,190.167,190.737,190.027,190.567,2982000.11,4462
2024-07-05 19:00:00+00:00,190.566,190.846,190.357,190.586,4297200.2,4463
2024-07-05 20:00:00+00:00,190.566,190.846,190.357,190.586,4297200.2,4464
2024-07-05 21:00:00+00:00,190.566,190.846,190.357,190.586,4297200.2,4465
2024-07-05 22:00:00+00:00,190.566,190.846,190.357,190.586,4297200.2,4466
2024-07-05 23:00:00+00:00,190.566,190.846,190.357,190.586,4297200.2,4467
2024-07-06 00:00:00+00:00,190.566,190.846,190.357,190.586,4297200.2,4468
2024-07-06 01:00:00+00:00,190.566,190.846,190.357,190.586,4297200.2,4469
2024-07-06 02:00:00+00:00,190.566,190.846,190.357,190.586,4297200.2,4470
2024-07-06 03:00:00+00:00,190.566,190.846,190.357,190.586,4297200.2,4471
2024-07-06 04:00:00+00:00,190.566,190.846,190.357,190.586,4297200.2,4472
2024-07-06 05:00:00+00:00,190.566,190.846,190.357,190.586,4297200.2,4473
2024-07-06 06:00:00+00:00,190.566,190.846,190.357,190.586,4297200.2,4474
2024-07-06 07:00:00+00:00,190.566,190.846,190.357,190.586,4297200.2,4475
2024-07-06 08:00:00+00:00,190.566,190.846,190.357,190.586,4297200.2,4476
2024-07-06 09:00:00+00:00,190.566,190.846,190.357,190.586,4297200.2,4477
2024-07-06 10:00:00+00:00,190.566,190.846,190.357,190.586,4297200.2,4478
2024-07-06 11:00:00+00:00,190.566,190.846,190.357,190.586,4297200.2,4479
2024-07-06 12:00:00+00:00,190.566,190.846,190.357,190.586,4297200.2,4480
2024-07-06 13:00:00+00:00,190.566,190.846,190.357,190.586,4297200.2,4481
2024-07-06 14:00:00+00:00,190.566,190.846,190.357,190.586,4297200.2,4482
2024-07-06 15:00:00+00:00,190.566,190.846,190.357,190.586,4297200.2,4483
2024-07-06 16:00:00+00:00,190.566,190.846,190.357,190.586,4297200.2,4484
2024-07-06 17:00:00+00:00,190.566,190.846,190.357,190.586,4297200.2,4485
2024-07-06 18:00:00+00:00,190.566,190.846,190.357,190.586,4297200.2,4486
2024-07-06 19:00:00+00:00,190.566,190.846,190.357,190.586,4297200.2,4487
2024-07-06 20:00:00+00:00,190.566,190.846,190.357,190.586,4297200.2,4488
2024-07-06 21:00:00+00:00,190.566,190.846,190.357,190.586,4297200.2,4489
2024-07-06 22:00:00+00:00,190.566,190.846,190.357,190.586,4297200.2,4490
2024-07-06 23:00:00+00:00,190.566,190.846,190.357,190.586,4297200.2,4491
2024-07-07 00:00:00+00:00,190.566,190.846,190.357,190.586,4297200.2,4492
2024-07-07 01:00:00+00:00,190.566,190.846,190.357,190.586,4297200.2,4493
2024-07-07 02:00:00+00:00,190.566,190.846,190.357,190.586,4297200.2,4494
2024-07-07 03:00:00+00:00,190.566,190.846,190.357,190.586,4297200.2,4495
2024-07-07 04:00:00+00:00,190.566,190.846,190.357,190.586,4297200.2,4496
2024-07-07 05:00:00+00:00,190.566,190.846,190.357,190.586,4297200.2,4497
2024-07-07 06:00:00+00:00,190.566,190.846,190.357,190.586,4297200.2,4498
2024-07-07 07:00:00+00:00,190.566,190.846,190.357,190.586,4297200.2,4499
2024-07-07 08:00:00+00:00,190.566,190.846,190.357,190.586,4297200.2,4500
2024-07-07 09:00:00+00:00,190.566,190.846,190.357,190.586,4297200.2,4501
2024-07-07 10:00:00+00:00,190.566,190.846,190.357,190.586,4297200.2,4502
2024-07-07 11:00:00+00:00,190.566,190.846,190.357,190.586,4297200.2,4503
2024-07-07 12:00:00+00:00,190.566,190.846,190.357,190.586,4297200.2,4504
2024-07-07 13:00:00+00:00,190.566,190.846,190.357,190.586,4297200.2,4505
2024-07-07 14:00:00+00:00,190.566,190.846,190.357,190.586,4297200.2,4506
2024-07-07 15:00:00+00:00,190.566,190.846,190.357,190.586,4297200.2,4507
2024-07-07 16:00:00+00:00,190.566,190.846,190.357,190.586,4297200.2,4508
2024-07-07 17:00:00+00:00,190.566,190.846,190.357,190.586,4297200.2,4509
2024-07-07 18:00:00+00:00,190.566,190.846,190.357,190.586,4297200.2,4510
2024-07-07 19:00:00+00:00,190.566,190.846,190.357,190.586,4297200.2,4511
2024-07-07 20:00:00+00:00,190.566,190.846,190.357,190.586,4297200.2,4512
2024-07-07 21:00:00+00:00,190.566,190.846,190.357,190.586,4297200.2,4513
2024-07-07 22:00:00+00:00,190.566,190.846,190.357,190.586,4297200.2,4514
2024-07-07 23:00:00+00:00,190.566,190.846,190.357,190.586,4297200.2,4515
2024-07-08 00:00:00+00:00,190.566,190.846,190.357,190.586,4297200.2,4516
2024-07-08 01:00:00+00:00,190.566,190.846,190.357,190.586,4297200.2,4517
2024-07-08 02:00:00+00:00,190.566,190.846,190.357,190.586,4297200.2,4518
2024-07-08 03:00:00+00:00,190.566,190.846,190.357,190.586,4297200.2,4519
2024-07-08 04:00:00+00:00,190.566,190.846,190.357,190.586,4297200.2,4520
2024-07-08 05:00:00+00:00,190.566,190.846,190.357,190.586,4297200.2,4521
2024-07-08 06:00:00+00:00,190.566,190.846,190.357,190.586,4297200.2,4522
2024-07-08 07:00:00+00:00,190.566,190.846,190.357,190.586,4297200.2,4523
2024-07-08 08:00:00+00:00,190.566,190.846,190.357,190.586,4297200.2,4524
2024-07-08 09:00:00+00:00,190.566,190.846,190.357,190.586,4297200.2,4525
2024-07-08 10:00:00+00:00,190.566,190.846,190.357,190.586,4297200.2,4526
2024-07-08 11:00:00+00:00,190.566,190.846,190.357,190.586,4297200.2,4527
2024-07-08 12:00:00+00:00,190.566,190.846,190.357,190.586,4297200.2,4528
2024-07-08 13:00:00+00:00,189.836,189.956,187.786,188.186,5716800.21,4529
2024-07-08 14:00:00+00:00,188.196,188.977,187.776,188.957,7677599.91,4530
2024-07-08 15:00:00+00:00,188.957,190.157,188.947,189.767,4955999.85,4531
2024-07-08 16:00:00+00:00,189.757,189.777,188.977,189.226,3967200.04,4532
2024-07-08 17:00:00+00:00,189.236,189.637,189.076,189.236,3217200.04,4533
2024-07-08 18:00:00+00:00,189.246,189.477,189.076,189.196,2791199.92,4534
2024-07-08 19:00:00+00:00,189.206,189.246,188.576,189.006,4553999.9,4535
2024-07-08 20:00:00+00:00,189.206,189.246,188.576,189.006,4553999.9,4536
2024-07-08 21:00:00+00:00,189.206,189.246,188.576,189.006,4553999.9,4537
2024-07-08 22:00:00+00:00,189.206,189.246,188.576,189.006,4553999.9,4538
2024-07-08 23:00:00+00:00,189.206,189.246,188.576,189.006,4553999.9,4539
2024-07-09 00:00:00+00:00,189.206,189.246,188.576,189.006,4553999.9,4540
2024-07-09 01:00:00+00:00,189.206,189.246,188.576,189.006,4553999.9,4541
2024-07-09 02:00:00+00:00,189.206,189.246,188.576,189.006,4553999.9,4542
2024-07-09 03:00:00+00:00,189.206,189.246,188.576,189.006,4553999.9,4543
2024-07-09 04:00:00+00:00,189.206,189.246,188.576,189.006,4553999.9,4544
2024-07-09 05:00:00+00:00,189.206,189.246,188.576,189.006,4553999.9,4545
2024-07-09 06:00:00+00:00,189.206,189.246,188.576,189.006,4553999.9,4546
2024-07-09 07:00:00+00:00,189.206,189.246,188.576,189.006,4553999.9,4547
2024-07-09 08:00:00+00:00,189.206,189.246,188.576,189.006,4553999.9,4548
2024-07-09 09:00:00+00:00,189.206,189.246,188.576,189.006,4553999.9,4549
2024-07-09 10:00:00+00:00,189.206,189.246,188.576,189.006,4553999.9,4550
2024-07-09 11:00:00+00:00,189.206,189.246,188.576,189.006,4553999.9,4551
2024-07-09 12:00:00+00:00,189.206,189.246,188.576,189.006,4553999.9,4552
2024-07-09 13:00:00+00:00,190.087,191.317,189.857,190.446,6939599.99,4553
2024-07-09 14:00:00+00:00,190.447,190.597,189.926,190.456,10384799.96,4554
2024-07-09 15:00:00+00:00,190.437,190.486,189.576,189.757,5174399.85,4555
2024-07-09 16:00:00+00:00,189.756,190.006,188.807,189.157,4627200.13,4556
2024-07-09 17:00:00+00:00,189.156,189.497,188.786,189.487,4119599.82,4557
2024-07-09 18:00:00+00:00,189.507,189.766,189.036,189.167,3301199.91,4558
2024-07-09 19:00:00+00:00,189.137,189.287,188.707,188.987,4519199.85,4559
2024-07-09 20:00:00+00:00,189.137,189.287,188.707,188.987,4519199.85,4560
2024-07-09 21:00:00+00:00,189.137,189.287,188.707,188.987,4519199.85,4561
2024-07-09 22:00:00+00:00,189.137,189.287,188.707,188.987,4519199.85,4562
2024-07-09 23:00:00+00:00,189.137,189.287,188.707,188.987,4519199.85,4563
2024-07-10 00:00:00+00:00,189.137,189.287,188.707,188.987,4519199.85,4564
2024-07-10 01:00:00+00:00,189.137,189.287,188.707,188.987,4519199.85,4565
2024-07-10 02:00:00+00:00,189.137,189.287,188.707,188.987,4519199.85,4566
2024-07-10 03:00:00+00:00,189.137,189.287,188.707,188.987,4519199.85,4567
2024-07-10 04:00:00+00:00,189.137,189.287,188.707,188.987,4519199.85,4568
2024-07-10 05:00:00+00:00,189.137,189.287,188.707,188.987,4519199.85,4569
2024-07-10 06:00:00+00:00,189.137,189.287,188.707,188.987,4519199.85,4570
2024-07-10 07:00:00+00:00,189.137,189.287,188.707,188.987,4519199.85,4571
2024-07-10 08:00:00+00:00,189.137,189.287,188.707,188.987,4519199.85,4572
2024-07-10 09:00:00+00:00,189.137,189.287,188.707,188.987,4519199.85,4573
2024-07-10 10:00:00+00:00,189.137,189.287,188.707,188.987,4519199.85,4574
2024-07-10 11:00:00+00:00,189.137,189.287,188.707,188.987,4519199.85,4575
2024-07-10 12:00:00+00:00,189.137,189.287,188.707,188.987,4519199.85,4576
2024-07-10 13:00:00+00:00,189.106,190.837,189.017,190.676,4421999.93,4577
2024-07-10 14:00:00+00:00,190.696,190.867,189.556,189.736,5830800.06,4578
2024-07-10 15:00:00+00:00,189.736,190.357,189.326,190.287,3924000.02,4579
2024-07-10 16:00:00+00:00,190.287,190.837,189.797,190.707,3365999.94,4580
2024-07-10 17:00:00+00:00,190.697,191.397,190.626,191.337,3008399.96,4581
2024-07-10 18:00:00+00:00,191.347,191.737,191.096,191.276,2736000.06,4582
2024-07-10 19:00:00+00:00,191.256,191.387,190.516,191.167,4854000.09,4583
2024-07-10 20:00:00+00:00,191.256,191.387,190.516,191.167,4854000.09,4584
2024-07-10 21:00:00+00:00,191.256,191.387,190.516,191.167,4854000.09,4585
2024-07-10 22:00:00+00:00,191.256,191.387,190.516,191.167,4854000.09,4586
2024-07-10 23:00:00+00:00,191.256,191.387,190.516,191.167,4854000.09,4587
2024-07-11 00:00:00+00:00,191.256,191.387,190.516,191.167,4854000.09,4588
2024-07-11 01:00:00+00:00,191.256,191.387,190.516,191.167,4854000.09,4589
2024-07-11 02:00:00+00:00,191.256,191.387,190.516,191.167,4854000.09,4590
2024-07-11 03:00:00+00:00,191.256,191.387,190.516,191.167,4854000.09,4591
2024-07-11 04:00:00+00:00,191.256,191.387,190.516,191.167,4854000.09,4592
2024-07-11 05:00:00+00:00,191.256,191.387,190.516,191.167,4854000.09,4593
2024-07-11 06:00:00+00:00,191.256,191.387,190.516,191.167,4854000.09,4594
2024-07-11 07:00:00+00:00,191.256,191.387,190.516,191.167,4854000.09,4595
2024-07-11 08:00:00+00:00,191.256,191.387,190.516,191.167,4854000.09,4596
2024-07-11 09:00:00+00:00,191.256,191.387,190.516,191.167,4854000.09,4597
2024-07-11 10:00:00+00:00,191.256,191.387,190.516,191.167,4854000.09,4598
2024-07-11 11:00:00+00:00,191.256,191.387,190.516,191.167,4854000.09,4599
2024-07-11 12:00:00+00:00,191.256,191.387,190.516,191.167,4854000.09,4600
2024-07-11 13:00:00+00:00,189.826,190.826,189.396,189.707,4845600.13,4601
2024-07-11 14:00:00+00:00,189.716,189.716,187.126,187.137,11629199.98,4602
2024-07-11 15:00:00+00:00,187.137,187.156,185.556,185.677,9793199.54,4603
2024-07-11 16:00:00+00:00,185.687,186.407,185.066,185.597,6919199.94,4604
2024-07-11 17:00:00+00:00,185.607,186.037,185.187,185.397,5732399.94,4605
2024-07-11 18:00:00+00:00,185.386,186.456,185.296,186.396,5015999.79,4606
2024-07-11 19:00:00+00:00,186.406,186.737,185.316,185.517,7883999.82,4607
2024-07-11 20:00:00+00:00,186.406,186.737,185.316,185.517,7883999.82,4608
2024-07-11 21:00:00+00:00,186.406,186.737,185.316,185.517,7883999.82,4609
2024-07-11 22:00:00+00:00,186.406,186.737,185.316,185.517,7883999.82,4610
2024-07-11 23:00:00+00:00,186.406,186.737,185.316,185.517,7883999.82,4611
2024-07-12 00:00:00+00:00,186.406,186.737,185.316,185.517,7883999.82,4612
2024-07-12 01:00:00+00:00,186.406,186.737,185.316,185.517,7883999.82,4613
2024-07-12 02:00:00+00:00,186.406,186.737,185.316,185.517,7883999.82,4614
2024-07-12 03:00:00+00:00,186.406,186.737,185.316,185.517,7883999.82,4615
2024-07-12 04:00:00+00:00,186.406,186.737,185.316,185.517,7883999.82,4616
2024-07-12 05:00:00+00:00,186.406,186.737,185.316,185.517,7883999.82,4617
2024-07-12 06:00:00+00:00,186.406,186.737,185.316,185.517,7883999.82,4618
2024-07-12 07:00:00+00:00,186.406,186.737,185.316,185.517,7883999.82,4619
2024-07-12 08:00:00+00:00,186.406,186.737,185.316,185.517,7883999.82,4620
2024-07-12 09:00:00+00:00,186.406,186.737,185.316,185.517,7883999.82,4621
2024-07-12 10:00:00+00:00,186.406,186.737,185.316,185.517,7883999.82,4622
2024-07-12 11:00:00+00:00,186.406,186.737,185.316,185.517,7883999.82,4623
2024-07-12 12:00:00+00:00,186.406,186.737,185.316,185.517,7883999.82,4624
2024-07-12 13:00:00+00:00,185.007,186.536,184.847,185.996,7296000.0,4625
2024-07-12 14:00:00+00:00,186.007,186.487,184.977,185.506,11762399.67,4626
2024-07-12 15:00:00+00:00,185.496,186.147,185.166,185.196,8203200.34,4627
2024-07-12 16:00:00+00:00,185.196,186.047,185.006,186.026,8632800.1,4628
2024-07-12 17:00:00+00:00,186.027,187.096,185.826,186.857,6096000.19,4629
2024-07-12 18:00:00+00:00,186.877,187.057,185.917,186.387,5209199.91,4630
2024-07-12 19:00:00+00:00,186.387,186.417,184.476,185.037,11905200.0,4631
2024-07-12 20:00:00+00:00,186.387,186.417,184.476,185.037,11905200.0,4632
2024-07-12 21:00:00+00:00,186.387,186.417,184.476,185.037,11905200.0,4633
2024-07-12 22:00:00+00:00,186.387,186.417,184.476,185.037,11905200.0,4634
2024-07-12 23:00:00+00:00,186.387,186.417,184.476,185.037,11905200.0,4635
2024-07-13 00:00:00+00:00,186.387,186.417,184.476,185.037,11905200.0,4636
2024-07-13 01:00:00+00:00,186.387,186.417,184.476,185.037,11905200.0,4637
2024-07-13 02:00:00+00:00,186.387,186.417,184.476,185.037,11905200.0,4638
2024-07-13 03:00:00+00:00,186.387,186.417,184.476,185.037,11905200.0,4639
2024-07-13 04:00:00+00:00,186.387,186.417,184.476,185.037,11905200.0,4640
2024-07-13 05:00:00+00:00,186.387,186.417,184.476,185.037,11905200.0,4641
2024-07-13 06:00:00+00:00,186.387,186.417,184.476,185.037,11905200.0,4642
2024-07-13 07:00:00+00:00,186.387,186.417,184.476,185.037,11905200.0,4643
2024-07-13 08:00:00+00:00,186.387,186.417,184.476,185.037,11905200.0,4644
2024-07-13 09:00:00+00:00,186.387,186.417,184.476,185.037,11905200.0,4645
2024-07-13 10:00:00+00:00,186.387,186.417,184.476,185.037,11905200.0,4646
2024-07-13 11:00:00+00:00,186.387,186.417,184.476,185.037,11905200.0,4647
2024-07-13 12:00:00+00:00,186.387,186.417,184.476,185.037,11905200.0,4648
2024-07-13 13:00:00+00:00,186.387,186.417,184.476,185.037,11905200.0,4649
2024-07-13 14:00:00+00:00,186.387,186.417,184.476,185.037,11905200.0,4650
2024-07-13 15:00:00+00:00,186.387,186.417,184.476,185.037,11905200.0,4651
2024-07-13 16:00:00+00:00,186.387,186.417,184.476,185.037,11905200.0,4652
2024-07-13 17:00:00+00:00,186.387,186.417,184.476,185.037,11905200.0,4653
2024-07-13 18:00:00+00:00,186.387,186.417,184.476,185.037,11905200.0,4654
2024-07-13 19:00:00+00:00,186.387,186.417,184.476,185.037,11905200.0,4655
2024-07-13 20:00:00+00:00,186.387,186.417,184.476,185.037,11905200.0,4656
2024-07-13 21:00:00+00:00,186.387,186.417,184.476,185.037,11905200.0,4657
2024-07-13 22:00:00+00:00,186.387,186.417,184.476,185.037,11905200.0,4658
2024-07-13 23:00:00+00:00,186.387,186.417,184.476,185.037,11905200.0,4659
2024-07-14 00:00:00+00:00,186.387,186.417,184.476,185.037,11905200.0,4660
2024-07-14 01:00:00+00:00,186.387,186.417,184.476,185.037,11905200.0,4661
2024-07-14 02:00:00+00:00,186.387,186.417,184.476,185.037,11905200.0,4662
2024-07-14 03:00:00+00:00,186.387,186.417,184.476,185.037,11905200.0,4663
2024-07-14 04:00:00+00:00,186.387,186.417,184.476,185.037,11905200.0,4664
2024-07-14 05:00:00+00:00,186.387,186.417,184.476,185.037,11905200.0,4665
2024-07-14 06:00:00+00:00,186.387,186.417,184.476,185.037,11905200.0,4666
2024-07-14 07:00:00+00:00,186.387,186.417,184.476,185.037,11905200.0,4667
2024-07-14 08:00:00+00:00,186.387,186.417,184.476,185.037,11905200.0,4668
2024-07-14 09:00:00+00:00,186.387,186.417,184.476,185.037,11905200.0,4669
2024-07-14 10:00:00+00:00,186.387,186.417,184.476,185.037,11905200.0,4670
2024-07-14 11:00:00+00:00,186.387,186.417,184.476,185.037,11905200.0,4671
2024-07-14 12:00:00+00:00,186.387,186.417,184.476,185.037,11905200.0,4672
2024-07-14 13:00:00+00:00,186.387,186.417,184.476,185.037,11905200.0,4673
2024-07-14 14:00:00+00:00,186.387,186.417,184.476,185.037,11905200.0,4674
2024-07-14 15:00:00+00:00,186.387,186.417,184.476,185.037,11905200.0,4675
2024-07-14 16:00:00+00:00,186.387,186.417,184.476,185.037,11905200.0,4676
2024-07-14 17:00:00+00:00,186.387,186.417,184.476,185.037,11905200.0,4677
2024-07-14 18:00:00+00:00,186.387,186.417,184.476,185.037,11905200.0,4678
2024-07-14 19:00:00+00:00,186.387,186.417,184.476,185.037,11905200.0,4679
2024-07-14 20:00:00+00:00,186.387,186.417,184.476,185.037,11905200.0,4680
2024-07-14 21:00:00+00:00,186.387,186.417,184.476,185.037,11905200.0,4681
2024-07-14 22:00:00+00:00,186.387,186.417,184.476,185.037,11905200.0,4682
2024-07-14 23:00:00+00:00,186.387,186.417,184.476,185.037,11905200.0,4683
2024-07-15 00:00:00+00:00,186.387,186.417,184.476,185.037,11905200.0,4684
2024-07-15 01:00:00+00:00,186.387,186.417,184.476,185.037,11905200.0,4685
2024-07-15 02:00:00+00:00,186.387,186.417,184.476,185.037,11905200.0,4686
2024-07-15 03:00:00+00:00,186.387,186.417,184.476,185.037,11905200.0,4687
2024-07-15 04:00:00+00:00,186.387,186.417,184.476,185.037,11905200.0,4688
2024-07-15 05:00:00+00:00,186.387,186.417,184.476,185.037,11905200.0,4689
2024-07-15 06:00:00+00:00,186.387,186.417,184.476,185.037,11905200.0,4690
2024-07-15 07:00:00+00:00,186.387,186.417,184.476,185.037,11905200.0,4691
2024-07-15 08:00:00+00:00,186.387,186.417,184.476,185.037,11905200.0,4692
2024-07-15 09:00:00+00:00,186.387,186.417,184.476,185.037,11905200.0,4693
2024-07-15 10:00:00+00:00,186.387,186.417,184.476,185.037,11905200.0,4694
2024-07-15 11:00:00+00:00,186.387,186.417,184.476,185.037,11905200.0,4695
2024-07-15 12:00:00+00:00,186.387,186.417,184.476,185.037,11905200.0,4696
2024-07-15 13:00:00+00:00,184.887,187.196,184.887,187.126,5409599.78,4697
2024-07-15 14:00:00+00:00,187.126,188.017,186.716,187.407,7992000.1,4698
2024-07-15 15:00:00+00:00,187.417,188.226,186.816,187.377,6351600.17,4699
2024-07-15 16:00:00+00:00,187.376,187.437,186.437,186.786,6840000.15,4700
2024-07-15 17:00:00+00:00,186.787,187.057,186.166,186.237,6878399.85,4701
2024-07-15 18:00:00+00:00,186.236,186.827,185.946,186.676,4747200.01,4702
2024-07-15 19:00:00+00:00,186.677,186.907,186.026,186.546,6968400.0,4703
2024-07-15 20:00:00+00:00,186.677,186.907,186.026,186.546,6968400.0,4704
2024-07-15 21:00:00+00:00,186.677,186.907,186.026,186.546,6968400.0,4705
2024-07-15 22:00:00+00:00,186.677,186.907,186.026,186.546,6968400.0,4706
2024-07-15 23:00:00+00:00,186.677,186.907,186.026,186.546,6968400.0,4707
2024-07-16 00:00:00+00:00,186.677,186.907,186.026,186.546,6968400.0,4708
2024-07-16 01:00:00+00:00,186.677,186.907,186.026,186.546,6968400.0,4709
2024-07-16 02:00:00+00:00,186.677,186.907,186.026,186.546,6968400.0,4710
2024-07-16 03:00:00+00:00,186.677,186.907,186.026,186.546,6968400.0,4711
2024-07-16 04:00:00+00:00,186.677,186.907,186.026,186.546,6968400.0,4712
2024-07-16 05:00:00+00:00,186.677,186.907,186.026,186.546,6968400.0,4713
2024-07-16 06:00:00+00:00,186.677,186.907,186.026,186.546,6968400.0,4714
2024-07-16 07:00:00+00:00,186.677,186.907,186.026,186.546,6968400.0,4715
2024-07-16 08:00:00+00:00,186.677,186.907,186.026,186.546,6968400.0,4716
2024-07-16 09:00:00+00:00,186.677,186.907,186.026,186.546,6968400.0,4717
2024-07-16 10:00:00+00:00,186.677,186.907,186.026,186.546,6968400.0,4718
2024-07-16 11:00:00+00:00,186.677,186.907,186.026,186.546,6968400.0,4719
2024-07-16 12:00:00+00:00,186.677,186.907,186.026,186.546,6968400.0,4720
2024-07-16 13:00:00+00:00,187.367,188.647,186.636,186.666,4741199.97,4721
2024-07-16 14:00:00+00:00,186.737,186.817,185.716,186.266,10155599.59,4722
2024-07-16 15:00:00+00:00,186.267,186.967,185.766,185.846,6131999.97,4723
2024-07-16 16:00:00+00:00,185.847,185.967,183.797,184.297,6542399.88,4724
2024-07-16 17:00:00+00:00,184.307,184.537,183.356,183.766,4528800.01,4725
2024-07-16 18:00:00+00:00,183.756,184.356,183.366,184.336,4462800.03,4726
2024-07-16 19:00:00+00:00,184.326,184.386,183.696,183.836,6193200.11,4727
2024-07-16 20:00:00+00:00,184.326,184.386,183.696,183.836,6193200.11,4728
2024-07-16 21:00:00+00:00,184.326,184.386,183.696,183.836,6193200.11,4729
2024-07-16 22:00:00+00:00,184.326,184.386,183.696,183.836,6193200.11,4730
2024-07-16 23:00:00+00:00,184.326,184.386,183.696,183.836,6193200.11,4731
2024-07-17 00:00:00+00:00,184.326,184.386,183.696,183.836,6193200.11,4732
2024-07-17 01:00:00+00:00,184.326,184.386,183.696,183.836,6193200.11,4733
2024-07-17 02:00:00+00:00,184.326,184.386,183.696,183.836,6193200.11,4734
2024-07-17 03:00:00+00:00,184.326,184.386,183.696,183.836,6193200.11,4735
2024-07-17 04:00:00+00:00,184.326,184.386,183.696,183.836,6193200.11,4736
2024-07-17 05:00:00+00:00,184.326,184.386,183.696,183.836,6193200.11,4737
2024-07-17 06:00:00+00:00,184.326,184.386,183.696,183.836,6193200.11,4738
2024-07-17 07:00:00+00:00,184.326,184.386,183.696,183.836,6193200.11,4739
2024-07-17 08:00:00+00:00,184.326,184.386,183.696,183.836,6193200.11,4740
2024-07-17 09:00:00+00:00,184.326,184.386,183.696,183.836,6193200.11,4741
2024-07-17 10:00:00+00:00,184.326,184.386,183.696,183.836,6193200.11,4742
2024-07-17 11:00:00+00:00,184.326,184.386,183.696,183.836,6193200.11,4743
2024-07-17 12:00:00+00:00,184.326,184.386,183.696,183.836,6193200.11,4744
2024-07-17 13:00:00+00:00,182.956,183.507,181.446,181.537,7237199.78,4745
2024-07-17 14:00:00+00:00,181.567,181.766,179.906,180.387,13451999.66,4746
2024-07-17 15:00:00+00:00,180.377,180.767,179.986,180.436,9119999.89,4747
2024-07-17 16:00:00+00:00,180.447,181.187,180.426,181.186,9173999.79,4748
2024-07-17 17:00:00+00:00,181.176,181.366,180.506,181.187,8230799.68,4749
2024-07-17 18:00:00+00:00,181.196,181.806,181.016,181.397,7348800.18,4750
2024-07-17 19:00:00+00:00,181.397,181.517,180.556,180.987,10664400.1,4751
2024-07-17 20:00:00+00:00,181.397,181.517,180.556,180.987,10664400.1,4752
2024-07-17 21:00:00+00:00,181.397,181.517,180.556,180.987,10664400.1,4753
2024-07-17 22:00:00+00:00,181.397,181.517,180.556,180.987,10664400.1,4754
2024-07-17 23:00:00+00:00,181.397,181.517,180.556,180.987,10664400.1,4755
2024-07-18 00:00:00+00:00,181.397,181.517,180.556,180.987,10664400.1,4756
2024-07-18 01:00:00+00:00,181.397,181.517,180.556,180.987,10664400.1,4757
2024-07-18 02:00:00+00:00,181.397,181.517,180.556,180.987,10664400.1,4758
2024-07-18 03:00:00+00:00,181.397,181.517,180.556,180.987,10664400.1,4759
2024-07-18 04:00:00+00:00,181.397,181.517,180.556,180.987,10664400.1,4760
2024-07-18 05:00:00+00:00,181.397,181.517,180.556,180.987,10664400.1,4761
2024-07-18 06:00:00+00:00,181.397,181.517,180.556,180.987,10664400.1,4762
2024-07-18 07:00:00+00:00,181.397,181.517,180.556,180.987,10664400.1,4763
2024-07-18 08:00:00+00:00,181.397,181.517,180.556,180.987,10664400.1,4764
2024-07-18 09:00:00+00:00,181.397,181.517,180.556,180.987,10664400.1,4765
2024-07-18 10:00:00+00:00,181.397,181.517,180.556,180.987,10664400.1,4766
2024-07-18 11:00:00+00:00,181.397,181.517,180.556,180.987,10664400.1,4767
2024-07-18 12:00:00+00:00,181.397,181.517,180.556,180.987,10664400.1,4768
2024-07-18 13:00:00+00:00,181.876,182.426,179.426,179.456,5556000.23,4769
2024-07-18 14:00:00+00:00,179.456,180.476,178.606,179.447,12170399.67,4770
2024-07-18 15:00:00+00:00,179.446,179.687,177.146,177.457,11052000.05,4771
2024-07-18 16:00:00+00:00,177.457,177.487,176.457,177.156,7015233.99,4772
2024-07-18 17:00:00+00:00,177.156,178.297,177.026,177.877,5396399.97,4773
2024-07-18 18:00:00+00:00,177.887,177.917,176.866,177.347,4738500.12,4774
2024-07-18 19:00:00+00:00,177.337,178.107,176.456,177.647,10573209.76,4775
2024-07-18 20:00:00+00:00,177.337,178.107,176.456,177.647,10573209.76,4776
2024-07-18 21:00:00+00:00,177.337,178.107,176.456,177.647,10573209.76,4777
2024-07-18 22:00:00+00:00,177.337,178.107,176.456,177.647,10573209.76,4778
2024-07-18 23:00:00+00:00,177.337,178.107,176.456,177.647,10573209.76,4779
2024-07-19 00:00:00+00:00,177.337,178.107,176.456,177.647,10573209.76,4780
2024-07-19 01:00:00+00:00,177.337,178.107,176.456,177.647,10573209.76,4781
2024-07-19 02:00:00+00:00,177.337,178.107,176.456,177.647,10573209.76,4782
2024-07-19 03:00:00+00:00,177.337,178.107,176.456,177.647,10573209.76,4783
2024-07-19 04:00:00+00:00,177.337,178.107,176.456,177.647,10573209.76,4784
2024-07-19 05:00:00+00:00,177.337,178.107,176.456,177.647,10573209.76,4785
2024-07-19 06:00:00+00:00,177.337,178.107,176.456,177.647,10573209.76,4786
2024-07-19 07:00:00+00:00,177.337,178.107,176.456,177.647,10573209.76,4787
2024-07-19 08:00:00+00:00,177.337,178.107,176.456,177.647,10573209.76,4788
2024-07-19 09:00:00+00:00,177.337,178.107,176.456,177.647,10573209.76,4789
2024-07-19 10:00:00+00:00,177.337,178.107,176.456,177.647,10573209.76,4790
2024-07-19 11:00:00+00:00,177.337,178.107,176.456,177.647,10573209.76,4791
2024-07-19 12:00:00+00:00,177.337,178.107,176.456,177.647,10573209.76,4792
2024-07-19 13:00:00+00:00,178.626,180.276,178.446,179.056,7178400.04,4793
2024-07-19 14:00:00+00:00,179.036,179.567,178.306,179.186,11788800.24,4794
2024-07-19 15:00:00+00:00,179.207,179.566,177.796,179.076,8737199.78,4795
2024-07-19 16:00:00+00:00,179.046,179.057,177.937,178.156,6951600.07,4796
2024-07-19 17:00:00+00:00,178.167,178.217,177.496,177.957,6562799.93,4797
2024-07-19 18:00:00+00:00,177.946,178.427,177.556,177.996,6637199.88,4798
2024-07-19 19:00:00+00:00,177.976,178.247,177.126,177.697,9016799.93,4799
2024-07-19 20:00:00+00:00,177.976,178.247,177.126,177.697,9016799.93,4800
2024-07-19 21:00:00+00:00,177.976,178.247,177.126,177.697,9016799.93,4801
2024-07-19 22:00:00+00:00,177.976,178.247,177.126,177.697,9016799.93,4802
2024-07-19 23:00:00+00:00,177.976,178.247,177.126,177.697,9016799.93,4803
2024-07-20 00:00:00+00:00,177.976,178.247,177.126,177.697,9016799.93,4804
2024-07-20 01:00:00+00:00,177.976,178.247,177.126,177.697,9016799.93,4805
2024-07-20 02:00:00+00:00,177.976,178.247,177.126,177.697,9016799.93,4806
2024-07-20 03:00:00+00:00,177.976,178.247,177.126,177.697,9016799.93,4807
2024-07-20 04:00:00+00:00,177.976,178.247,177.126,177.697,9016799.93,4808
2024-07-20 05:00:00+00:00,177.976,178.247,177.126,177.697,9016799.93,4809
2024-07-20 06:00:00+00:00,177.976,178.247,177.126,177.697,9016799.93,4810
2024-07-20 07:00:00+00:00,177.976,178.247,177.126,177.697,9016799.93,4811
2024-07-20 08:00:00+00:00,177.976,178.247,177.126,177.697,9016799.93,4812
2024-07-20 09:00:00+00:00,177.976,178.247,177.126,177.697,9016799.93,4813
2024-07-20 10:00:00+00:00,177.976,178.247,177.126,177.697,9016799.93,4814
2024-07-20 11:00:00+00:00,177.976,178.247,177.126,177.697,9016799.93,4815
2024-07-20 12:00:00+00:00,177.976,178.247,177.126,177.697,9016799.93,4816
2024-07-20 13:00:00+00:00,177.976,178.247,177.126,177.697,9016799.93,4817
2024-07-20 14:00:00+00:00,177.976,178.247,177.126,177.697,9016799.93,4818
2024-07-20 15:00:00+00:00,177.976,178.247,177.126,177.697,9016799.93,4819
2024-07-20 16:00:00+00:00,177.976,178.247,177.126,177.697,9016799.93,4820
2024-07-20 17:00:00+00:00,177.976,178.247,177.126,177.697,9016799.93,4821
2024-07-20 18:00:00+00:00,177.976,178.247,177.126,177.697,9016799.93,4822
2024-07-20 19:00:00+00:00,177.976,178.247,177.126,177.697,9016799.93,4823
2024-07-20 20:00:00+00:00,177.976,178.247,177.126,177.697,9016799.93,4824
2024-07-20 21:00:00+00:00,177.976,178.247,177.126,177.697,9016799.93,4825
2024-07-20 22:00:00+00:00,177.976,178.247,177.126,177.697,9016799.93,4826
2024-07-20 23:00:00+00:00,177.976,178.247,177.126,177.697,9016799.93,4827
2024-07-21 00:00:00+00:00,177.976,178.247,177.126,177.697,9016799.93,4828
2024-07-21 01:00:00+00:00,177.976,178.247,177.126,177.697,9016799.93,4829
2024-07-21 02:00:00+00:00,177.976,178.247,177.126,177.697,9016799.93,4830
2024-07-21 03:00:00+00:00,177.976,178.247,177.126,177.697,9016799.93,4831
2024-07-21 04:00:00+00:00,177.976,178.247,177.126,177.697,9016799.93,4832
2024-07-21 05:00:00+00:00,177.976,178.247,177.126,177.697,9016799.93,4833
2024-07-21 06:00:00+00:00,177.976,178.247,177.126,177.697,9016799.93,4834
2024-07-21 07:00:00+00:00,177.976,178.247,177.126,177.697,9016799.93,4835
2024-07-21 08:00:00+00:00,177.976,178.247,177.126,177.697,9016799.93,4836
2024-07-21 09:00:00+00:00,177.976,178.247,177.126,177.697,9016799.93,4837
2024-07-21 10:00:00+00:00,177.976,178.247,177.126,177.697,9016799.93,4838
2024-07-21 11:00:00+00:00,177.976,178.247,177.126,177.697,9016799.93,4839
2024-07-21 12:00:00+00:00,177.976,178.247,177.126,177.697,9016799.93,4840
2024-07-21 13:00:00+00:00,177.976,178.247,177.126,177.697,9016799.93,4841
2024-07-21 14:00:00+00:00,177.976,178.247,177.126,177.697,9016799.93,4842
2024-07-21 15:00:00+00:00,177.976,178.247,177.126,177.697,9016799.93,4843
2024-07-21 16:00:00+00:00,177.976,178.247,177.126,177.697,9016799.93,4844
2024-07-21 17:00:00+00:00,177.976,178.247,177.126,177.697,9016799.93,4845
2024-07-21 18:00:00+00:00,177.976,178.247,177.126,177.697,9016799.93,4846
2024-07-21 19:00:00+00:00,177.976,178.247,177.126,177.697,9016799.93,4847
2024-07-21 20:00:00+00:00,177.976,178.247,177.126,177.697,9016799.93,4848
2024-07-21 21:00:00+00:00,177.976,178.247,177.126,177.697,9016799.93,4849
2024-07-21 22:00:00+00:00,177.976,178.247,177.126,177.697,9016799.93,4850
2024-07-21 23:00:00+00:00,177.976,178.247,177.126,177.697,9016799.93,4851
2024-07-22 00:00:00+00:00,177.976,178.247,177.126,177.697,9016799.93,4852
2024-07-22 01:00:00+00:00,177.976,178.247,177.126,177.697,9016799.93,4853
2024-07-22 02:00:00+00:00,177.976,178.247,177.126,177.697,9016799.93,4854
2024-07-22 03:00:00+00:00,177.976,178.247,177.126,177.697,9016799.93,4855
2024-07-22 04:00:00+00:00,177.976,178.247,177.126,177.697,9016799.93,4856
2024-07-22 05:00:00+00:00,177.976,178.247,177.126,177.697,9016799.93,4857
2024-07-22 06:00:00+00:00,177.976,178.247,177.126,177.697,9016799.93,4858
2024-07-22 07:00:00+00:00,177.976,178.247,177.126,177.697,9016799.93,4859
2024-07-22 08:00:00+00:00,177.976,178.247,177.126,177.697,9016799.93,4860
2024-07-22 09:00:00+00:00,177.976,178.247,177.126,177.697,9016799.93,4861
2024-07-22 10:00:00+00:00,177.976,178.247,177.126,177.697,9016799.93,4862
2024-07-22 11:00:00+00:00,177.976,178.247,177.126,177.697,9016799.93,4863
2024-07-22 12:00:00+00:00,177.976,178.247,177.126,177.697,9016799.93,4864
2024-07-22 13:00:00+00:00,180.496,182.277,180.196,181.967,6885600.09,4865
2024-07-22 14:00:00+00:00,181.987,182.097,180.816,181.056,13330800.06,4866
2024-07-22 15:00:00+00:00,181.057,181.757,180.346,180.787,11144399.64,4867
2024-07-22 16:00:00+00:00,180.787,182.296,180.706,182.246,7268400.19,4868
2024-07-22 17:00:00+00:00,182.256,182.597,181.946,182.117,6665999.89,4869
2024-07-22 18:00:00+00:00,182.136,182.606,181.966,182.076,5188799.86,4870
2024-07-22 19:00:00+00:00,182.077,182.686,181.587,181.637,8110799.79,4871
2024-07-22 20:00:00+00:00,182.077,182.686,181.587,181.637,8110799.79,4872
2024-07-22 21:00:00+00:00,182.077,182.686,181.587,181.637,8110799.79,4873
2024-07-22 22:00:00+00:00,182.077,182.686,181.587,181.637,8110799.79,4874
2024-07-22 23:00:00+00:00,182.077,182.686,181.587,181.637,8110799.79,4875
2024-07-23 00:00:00+00:00,182.077,182.686,181.587,181.637,8110799.79,4876
2024-07-23 01:00:00+00:00,182.077,182.686,181.587,181.637,8110799.79,4877
2024-07-23 02:00:00+00:00,182.077,182.686,181.587,181.637,8110799.79,4878
2024-07-23 03:00:00+00:00,182.077,182.686,181.587,181.637,8110799.79,4879
2024-07-23 04:00:00+00:00,182.077,182.686,181.587,181.637,8110799.79,4880
2024-07-23 05:00:00+00:00,182.077,182.686,181.587,181.637,8110799.79,4881
2024-07-23 06:00:00+00:00,182.077,182.686,181.587,181.637,8110799.79,4882
2024-07-23 07:00:00+00:00,182.077,182.686,181.587,181.637,8110799.79,4883
2024-07-23 08:00:00+00:00,182.077,182.686,181.587,181.637,8110799.79,4884
2024-07-23 09:00:00+00:00,182.077,182.686,181.587,181.637,8110799.79,4885
2024-07-23 10:00:00+00:00,182.077,182.686,181.587,181.637,8110799.79,4886
2024-07-23 11:00:00+00:00,182.077,182.686,181.587,181.637,8110799.79,4887
2024-07-23 12:00:00+00:00,182.077,182.686,181.587,181.637,8110799.79,4888
2024-07-23 13:00:00+00:00,182.076,183.297,181.896,183.127,5618400.1,4889
2024-07-23 14:00:00+00:00,183.136,183.317,181.886,182.136,11590800.29,4890
2024-07-23 15:00:00+00:00,182.137,183.046,182.026,182.697,7842000.01,4891
2024-07-23 16:00:00+00:00,182.667,182.947,182.087,182.626,9185999.87,4892
2024-07-23 17:00:00+00:00,182.617,183.077,182.256,182.967,7403999.81,4893
2024-07-23 18:00:00+00:00,182.967,183.597,182.606,182.896,6698400.02,4894
2024-07-23 19:00:00+00:00,182.917,183.266,181.526,181.776,8462400.44,4895
2024-07-23 20:00:00+00:00,182.917,183.266,181.526,181.776,8462400.44,4896
2024-07-23 21:00:00+00:00,182.917,183.266,181.526,181.776,8462400.44,4897
2024-07-23 22:00:00+00:00,182.917,183.266,181.526,181.776,8462400.44,4898
2024-07-23 23:00:00+00:00,182.917,183.266,181.526,181.776,8462400.44,4899
2024-07-24 00:00:00+00:00,182.917,183.266,181.526,181.776,8462400.44,4900
2024-07-24 01:00:00+00:00,182.917,183.266,181.526,181.776,8462400.44,4901
2024-07-24 02:00:00+00:00,182.917,183.266,181.526,181.776,8462400.44,4902
2024-07-24 03:00:00+00:00,182.917,183.266,181.526,181.776,8462400.44,4903
2024-07-24 04:00:00+00:00,182.917,183.266,181.526,181.776,8462400.44,4904
2024-07-24 05:00:00+00:00,182.917,183.266,181.526,181.776,8462400.44,4905
2024-07-24 06:00:00+00:00,182.917,183.266,181.526,181.776,8462400.44,4906
2024-07-24 07:00:00+00:00,182.917,183.266,181.526,181.776,8462400.44,4907
2024-07-24 08:00:00+00:00,182.917,183.266,181.526,181.776,8462400.44,4908
2024-07-24 09:00:00+00:00,182.917,183.266,181.526,181.776,8462400.44,4909
2024-07-24 10:00:00+00:00,182.917,183.266,181.526,181.776,8462400.44,4910
2024-07-24 11:00:00+00:00,182.917,183.266,181.526,181.776,8462400.44,4911
2024-07-24 12:00:00+00:00,182.917,183.266,181.526,181.776,8462400.44,4912
2024-07-24 13:00:00+00:00,173.587,175.767,171.807,175.626,9016799.93,4913
2024-07-24 14:00:00+00:00,175.637,176.167,174.076,174.947,11394000.05,4914
2024-07-24 15:00:00+00:00,174.956,175.407,172.486,172.527,8663999.56,4915
2024-07-24 16:00:00+00:00,172.557,173.167,172.226,172.526,8054400.44,4916
2024-07-24 17:00:00+00:00,172.526,173.826,172.476,173.327,7296000.0,4917
2024-07-24 18:00:00+00:00,173.327,173.386,172.156,172.587,7825200.08,4918
2024-07-24 19:00:00+00:00,172.577,173.287,172.016,172.617,11112000.47,4919
2024-07-24 20:00:00+00:00,172.577,173.287,172.016,172.617,11112000.47,4920
2024-07-24 21:00:00+00:00,172.577,173.287,172.016,172.617,11112000.47,4921
2024-07-24 22:00:00+00:00,172.577,173.287,172.016,172.617,11112000.47,4922
2024-07-24 23:00:00+00:00,172.577,173.287,172.016,172.617,11112000.47,4923
2024-07-25 00:00:00+00:00,172.577,173.287,172.016,172.617,11112000.47,4924
2024-07-25 01:00:00+00:00,172.577,173.287,172.016,172.617,11112000.47,4925
2024-07-25 02:00:00+00:00,172.577,173.287,172.016,172.617,11112000.47,4926
2024-07-25 03:00:00+00:00,172.577,173.287,172.016,172.617,11112000.47,4927
2024-07-25 04:00:00+00:00,172.577,173.287,172.016,172.617,11112000.47,4928
2024-07-25 05:00:00+00:00,172.577,173.287,172.016,172.617,11112000.47,4929
2024-07-25 06:00:00+00:00,172.577,173.287,172.016,172.617,11112000.47,4930
2024-07-25 07:00:00+00:00,172.577,173.287,172.016,172.617,11112000.47,4931
2024-07-25 08:00:00+00:00,172.577,173.287,172.016,172.617,11112000.47,4932
2024-07-25 09:00:00+00:00,172.577,173.287,172.016,172.617,11112000.47,4933
2024-07-25 10:00:00+00:00,172.577,173.287,172.016,172.617,11112000.47,4934
2024-07-25 11:00:00+00:00,172.577,173.287,172.016,172.617,11112000.47,4935
2024-07-25 12:00:00+00:00,172.577,173.287,172.016,172.617,11112000.47,4936
2024-07-25 13:00:00+00:00,172.507,173.397,169.206,169.316,9343199.73,4937
2024-07-25 14:00:00+00:00,169.306,172.287,167.657,172.027,18981300.35,4938
2024-07-25 15:00:00+00:00,172.047,172.637,171.136,171.876,9621899.6,4939
2024-07-25 16:00:00+00:00,171.886,173.097,171.527,172.796,8328599.93,4940
2024-07-25 17:00:00+00:00,172.796,173.336,172.106,172.627,8029800.42,4941
2024-07-25 18:00:00+00:00,172.617,172.737,168.117,169.187,13637450.22,4942
2024-07-25 19:00:00+00:00,169.186,170.197,167.196,167.306,14469599.72,4943
2024-07-25 20:00:00+00:00,169.186,170.197,167.196,167.306,14469599.72,4944
2024-07-25 21:00:00+00:00,169.186,170.197,167.196,167.306,14469599.72,4945
2024-07-25 22:00:00+00:00,169.186,170.197,167.196,167.306,14469599.72,4946
2024-07-25 23:00:00+00:00,169.186,170.197,167.196,167.306,14469599.72,4947
2024-07-26 00:00:00+00:00,169.186,170.197,167.196,167.306,14469599.72,4948
2024-07-26 01:00:00+00:00,169.186,170.197,167.196,167.306,14469599.72,4949
2024-07-26 02:00:00+00:00,169.186,170.197,167.196,167.306,14469599.72,4950
2024-07-26 03:00:00+00:00,169.186,170.197,167.196,167.306,14469599.72,4951
2024-07-26 04:00:00+00:00,169.186,170.197,167.196,167.306,14469599.72,4952
2024-07-26 05:00:00+00:00,169.186,170.197,167.196,167.306,14469599.72,4953
2024-07-26 06:00:00+00:00,169.186,170.197,167.196,167.306,14469599.72,4954
2024-07-26 07:00:00+00:00,169.186,170.197,167.196,167.306,14469599.72,4955
2024-07-26 08:00:00+00:00,169.186,170.197,167.196,167.306,14469599.72,4956
2024-07-26 09:00:00+00:00,169.186,170.197,167.196,167.306,14469599.72,4957
2024-07-26 10:00:00+00:00,169.186,170.197,167.196,167.306,14469599.72,4958
2024-07-26 11:00:00+00:00,169.186,170.197,167.196,167.306,14469599.72,4959
2024-07-26 12:00:00+00:00,169.186,170.197,167.196,167.306,14469599.72,4960
2024-07-26 13:00:00+00:00,167.077,167.077,164.056,164.927,7013999.94,4961
2024-07-26 14:00:00+00:00,164.867,166.767,164.256,166.486,11160900.12,4962
2024-07-26 15:00:00+00:00,166.457,167.006,165.796,166.576,7184700.01,4963
2024-07-26 16:00:00+00:00,166.566,167.917,166.507,167.806,6139800.07,4964
2024-07-26 17:00:00+00:00,167.806,168.076,166.456,167.066,8118900.3,4965
2024-07-26 18:00:00+00:00,167.046,167.227,166.357,166.597,7134300.23,4966
2024-07-26 19:00:00+00:00,166.587,167.297,165.986,166.986,10753536.22,4967
2024-07-26 20:00:00+00:00,166.587,167.297,165.986,166.986,10753536.22,4968
2024-07-26 21:00:00+00:00,166.587,167.297,165.986,166.986,10753536.22,4969
2024-07-26 22:00:00+00:00,166.587,167.297,165.986,166.986,10753536.22,4970
2024-07-26 23:00:00+00:00,166.587,167.297,165.986,166.986,10753536.22,4971
2024-07-27 00:00:00+00:00,166.587,167.297,165.986,166.986,10753536.22,4972
2024-07-27 01:00:00+00:00,166.587,167.297,165.986,166.986,10753536.22,4973
2024-07-27 02:00:00+00:00,166.587,167.297,165.986,166.986,10753536.22,4974
2024-07-27 03:00:00+00:00,166.587,167.297,165.986,166.986,10753536.22,4975
2024-07-27 04:00:00+00:00,166.587,167.297,165.986,166.986,10753536.22,4976
2024-07-27 05:00:00+00:00,166.587,167.297,165.986,166.986,10753536.22,4977
2024-07-27 06:00:00+00:00,166.587,167.297,165.986,166.986,10753536.22,4978
2024-07-27 07:00:00+00:00,166.587,167.297,165.986,166.986,10753536.22,4979
2024-07-27 08:00:00+00:00,166.587,167.297,165.986,166.986,10753536.22,4980
2024-07-27 09:00:00+00:00,166.587,167.297,165.986,166.986,10753536.22,4981
2024-07-27 10:00:00+00:00,166.587,167.297,165.986,166.986,10753536.22,4982
2024-07-27 11:00:00+00:00,166.587,167.297,165.986,166.986,10753536.22,4983
2024-07-27 12:00:00+00:00,166.587,167.297,165.986,166.986,10753536.22,4984
2024-07-27 13:00:00+00:00,166.587,167.297,165.986,166.986,10753536.22,4985
2024-07-27 14:00:00+00:00,166.587,167.297,165.986,166.986,10753536.22,4986
2024-07-27 15:00:00+00:00,166.587,167.297,165.986,166.986,10753536.22,4987
2024-07-27 16:00:00+00:00,166.587,167.297,165.986,166.986,10753536.22,4988
2024-07-27 17:00:00+00:00,166.587,167.297,165.986,166.986,10753536.22,4989
2024-07-27 18:00:00+00:00,166.587,167.297,165.986,166.986,10753536.22,4990
2024-07-27 19:00:00+00:00,166.587,167.297,165.986,166.986,10753536.22,4991
2024-07-27 20:00:00+00:00,166.587,167.297,165.986,166.986,10753536.22,4992
2024-07-27 21:00:00+00:00,166.587,167.297,165.986,166.986,10753536.22,4993
2024-07-27 22:00:00+00:00,166.587,167.297,165.986,166.986,10753536.22,4994
2024-07-27 23:00:00+00:00,166.587,167.297,165.986,166.986,10753536.22,4995
2024-07-28 00:00:00+00:00,166.587,167.297,165.986,166.986,10753536.22,4996
2024-07-28 01:00:00+00:00,166.587,167.297,165.986,166.986,10753536.22,4997
2024-07-28 02:00:00+00:00,166.587,167.297,165.986,166.986,10753536.22,4998
2024-07-28 03:00:00+00:00,166.587,167.297,165.986,166.986,10753536.22,4999
2024-07-28 04:00:00+00:00,166.587,167.297,165.986,166.986,10753536.22,5000
2024-07-28 05:00:00+00:00,166.587,167.297,165.986,166.986,10753536.22,5001
2024-07-28 06:00:00+00:00,166.587,167.297,165.986,166.986,10753536.22,5002
2024-07-28 07:00:00+00:00,166.587,167.297,165.986,166.986,10753536.22,5003
2024-07-28 08:00:00+00:00,166.587,167.297,165.986,166.986,10753536.22,5004
2024-07-28 09:00:00+00:00,166.587,167.297,165.986,166.986,10753536.22,5005
2024-07-28 10:00:00+00:00,166.587,167.297,165.986,166.986,10753536.22,5006
2024-07-28 11:00:00+00:00,166.587,167.297,165.986,166.986,10753536.22,5007
2024-07-28 12:00:00+00:00,166.587,167.297,165.986,166.986,10753536.22,5008
2024-07-28 13:00:00+00:00,166.587,167.297,165.986,166.986,10753536.22,5009
2024-07-28 14:00:00+00:00,166.587,167.297,165.986,166.986,10753536.22,5010
2024-07-28 15:00:00+00:00,166.587,167.297,165.986,166.986,10753536.22,5011
2024-07-28 16:00:00+00:00,166.587,167.297,165.986,166.986,10753536.22,5012
2024-07-28 17:00:00+00:00,166.587,167.297,165.986,166.986,10753536.22,5013
2024-07-28 18:00:00+00:00,166.587,167.297,165.986,166.986,10753536.22,5014
2024-07-28 19:00:00+00:00,166.587,167.297,165.986,166.986,10753536.22,5015
2024-07-28 20:00:00+00:00,166.587,167.297,165.986,166.986,10753536.22,5016
2024-07-28 21:00:00+00:00,166.587,167.297,165.986,166.986,10753536.22,5017
2024-07-28 22:00:00+00:00,166.587,167.297,165.986,166.986,10753536.22,5018
2024-07-28 23:00:00+00:00,166.587,167.297,165.986,166.986,10753536.22,5019
2024-07-29 00:00:00+00:00,166.587,167.297,165.986,166.986,10753536.22,5020
2024-07-29 01:00:00+00:00,166.587,167.297,165.986,166.986,10753536.22,5021
2024-07-29 02:00:00+00:00,166.587,167.297,165.986,166.986,10753536.22,5022
2024-07-29 03:00:00+00:00,166.587,167.297,165.986,166.986,10753536.22,5023
2024-07-29 04:00:00+00:00,166.587,167.297,165.986,166.986,10753536.22,5024
2024-07-29 05:00:00+00:00,166.587,167.297,165.986,166.986,10753536.22,5025
2024-07-29 06:00:00+00:00,166.587,167.297,165.986,166.986,10753536.22,5026
2024-07-29 07:00:00+00:00,166.587,167.297,165.986,166.986,10753536.22,5027
2024-07-29 08:00:00+00:00,166.587,167.297,165.986,166.986,10753536.22,5028
2024-07-29 09:00:00+00:00,166.587,167.297,165.986,166.986,10753536.22,5029
2024-07-29 10:00:00+00:00,166.587,167.297,165.986,166.986,10753536.22,5030
2024-07-29 11:00:00+00:00,166.587,167.297,165.986,166.986,10753536.22,5031
2024-07-29 12:00:00+00:00,166.587,167.297,165.986,166.986,10753536.22,5032
2024-07-29 13:00:00+00:00,168.796,169.867,168.406,169.846,6903600.22,5033
2024-07-29 14:00:00+00:00,169.867,170.117,168.226,168.617,12837599.75,5034
2024-07-29 15:00:00+00:00,168.627,169.047,167.986,169.007,10315199.85,5035
2024-07-29 16:00:00+00:00,169.007,170.226,169.007,169.906,7759200.1,5036
2024-07-29 17:00:00+00:00,169.916,170.416,169.526,169.927,8433600.43,5037
2024-07-29 18:00:00+00:00,169.926,169.947,168.876,169.347,7729199.89,5038
2024-07-29 19:00:00+00:00,169.347,170.067,169.156,169.496,8503199.58,5039
2024-07-29 20:00:00+00:00,169.347,170.067,169.156,169.496,8503199.58,5040
2024-07-29 21:00:00+00:00,169.347,170.067,169.156,169.496,8503199.58,5041
2024-07-29 22:00:00+00:00,169.347,170.067,169.156,169.496,8503199.58,5042
2024-07-29 23:00:00+00:00,169.347,170.067,169.156,169.496,8503199.58,5043
2024-07-30 00:00:00+00:00,169.347,170.067,169.156,169.496,8503199.58,5044
2024-07-30 01:00:00+00:00,169.347,170.067,169.156,169.496,8503199.58,5045
2024-07-30 02:00:00+00:00,169.347,170.067,169.156,169.496,8503199.58,5046
2024-07-30 03:00:00+00:00,169.347,170.067,169.156,169.496,8503199.58,5047
2024-07-30 04:00:00+00:00,169.347,170.067,169.156,169.496,8503199.58,5048
2024-07-30 05:00:00+00:00,169.347,170.067,169.156,169.496,8503199.58,5049
2024-07-30 06:00:00+00:00,169.347,170.067,169.156,169.496,8503199.58,5050
2024-07-30 07:00:00+00:00,169.347,170.067,169.156,169.496,8503199.58,5051
2024-07-30 08:00:00+00:00,169.347,170.067,169.156,169.496,8503199.58,5052
2024-07-30 09:00:00+00:00,169.347,170.067,169.156,169.496,8503199.58,5053
2024-07-30 10:00:00+00:00,169.347,170.067,169.156,169.496,8503199.58,5054
2024-07-30 11:00:00+00:00,169.347,170.067,169.156,169.496,8503199.58,5055
2024-07-30 12:00:00+00:00,169.347,170.067,169.156,169.496,8503199.58,5056
2024-07-30 13:00:00+00:00,170.146,171.217,169.366,169.917,5344800.0,5057
2024-07-30 14:00:00+00:00,169.907,170.457,169.496,169.926,11067600.25,5058
2024-07-30 15:00:00+00:00,169.927,170.096,169.057,169.347,11240400.31,5059
2024-07-30 16:00:00+00:00,169.356,169.597,168.607,168.666,8342399.6,5060
2024-07-30 17:00:00+00:00,168.677,170.017,168.426,169.956,8431200.03,5061
2024-07-30 18:00:00+00:00,169.956,170.306,169.677,170.047,7242000.1,5062
2024-07-30 19:00:00+00:00,170.037,170.726,169.766,170.257,11905200.0,5063
2024-07-30 20:00:00+00:00,170.037,170.726,169.766,170.257,11905200.0,5064
2024-07-30 21:00:00+00:00,170.037,170.726,169.766,170.257,11905200.0,5065
2024-07-30 22:00:00+00:00,170.037,170.726,169.766,170.257,11905200.0,5066
2024-07-30 23:00:00+00:00,170.037,170.726,169.766,170.257,11905200.0,5067
2024-07-31 00:00:00+00:00,170.037,170.726,169.766,170.257,11905200.0,5068
2024-07-31 01:00:00+00:00,170.037,170.726,169.766,170.257,11905200.0,5069
2024-07-31 02:00:00+00:00,170.037,170.726,169.766,170.257,11905200.0,5070
2024-07-31 03:00:00+00:00,170.037,170.726,169.766,170.257,11905200.0,5071
2024-07-31 04:00:00+00:00,170.037,170.726,169.766,170.257,11905200.0,5072
2024-07-31 05:00:00+00:00,170.037,170.726,169.766,170.257,11905200.0,5073
2024-07-31 06:00:00+00:00,170.037,170.726,169.766,170.257,11905200.0,5074
2024-07-31 07:00:00+00:00,170.037,170.726,169.766,170.257,11905200.0,5075
2024-07-31 08:00:00+00:00,170.037,170.726,169.766,170.257,11905200.0,5076
2024-07-31 09:00:00+00:00,170.037,170.726,169.766,170.257,11905200.0,5077
2024-07-31 10:00:00+00:00,170.037,170.726,169.766,170.257,11905200.0,5078
2024-07-31 11:00:00+00:00,170.037,170.726,169.766,170.257,11905200.0,5079
2024-07-31 12:00:00+00:00,170.037,170.726,169.766,170.257,11905200.0,5080
2024-07-31 13:00:00+00:00,173.196,174.167,171.247,172.256,7606800.08,5081
2024-07-31 14:00:00+00:00,172.257,172.547,171.496,171.946,13211999.89,5082
2024-07-31 15:00:00+00:00,171.957,172.116,171.086,171.356,9187199.59,5083
2024-07-31 16:00:00+00:00,171.387,171.416,170.317,170.496,8571599.96,5084
2024-07-31 17:00:00+00:00,170.497,170.797,169.996,170.537,8875200.27,5085
2024-07-31 18:00:00+00:00,170.616,171.597,170.266,171.246,12982799.53,5086
2024-07-31 19:00:00+00:00,171.256,171.887,170.487,171.457,19225200.65,5087
2024-07-31 20:00:00+00:00,171.256,171.887,170.487,171.457,19225200.65,5088
2024-07-31 21:00:00+00:00,171.256,171.887,170.487,171.457,19225200.65,5089
2024-07-31 22:00:00+00:00,171.256,171.887,170.487,171.457,19225200.65,5090
2024-07-31 23:00:00+00:00,171.256,171.887,170.487,171.457,19225200.65,5091
2024-08-01 00:00:00+00:00,171.256,171.887,170.487,171.457,19225200.65,5092
2024-08-01 01:00:00+00:00,171.256,171.887,170.487,171.457,19225200.65,5093
2024-08-01 02:00:00+00:00,171.256,171.887,170.487,171.457,19225200.65,5094
2024-08-01 03:00:00+00:00,171.256,171.887,170.487,171.457,19225200.65,5095
2024-08-01 04:00:00+00:00,171.256,171.887,170.487,171.457,19225200.65,5096
2024-08-01 05:00:00+00:00,171.256,171.887,170.487,171.457,19225200.65,5097
2024-08-01 06:00:00+00:00,171.256,171.887,170.487,171.457,19225200.65,5098
2024-08-01 07:00:00+00:00,171.256,171.887,170.487,171.457,19225200.65,5099
2024-08-01 08:00:00+00:00,171.256,171.887,170.487,171.457,19225200.65,5100
2024-08-01 09:00:00+00:00,171.256,171.887,170.487,171.457,19225200.65,5101
2024-08-01 10:00:00+00:00,171.256,171.887,170.487,171.457,19225200.65,5102
2024-08-01 11:00:00+00:00,171.256,171.887,170.487,171.457,19225200.65,5103
2024-08-01 12:00:00+00:00,171.256,171.887,170.487,171.457,19225200.65,5104
2024-08-01 13:00:00+00:00,170.296,174.027,170.246,173.777,6478799.82,5105
2024-08-01 14:00:00+00:00,173.736,174.016,171.806,172.336,14736000.06,5106
2024-08-01 15:00:00+00:00,172.376,172.577,170.217,170.237,13384799.96,5107
2024-08-01 16:00:00+00:00,170.227,170.987,169.906,169.997,10929599.76,5108
2024-08-01 17:00:00+00:00,170.006,170.206,169.156,170.007,10401599.88,5109
2024-08-01 18:00:00+00:00,169.987,170.136,168.856,169.316,10065600.4,5110
2024-08-01 19:00:00+00:00,169.277,170.776,169.006,170.747,15069600.11,5111
2024-08-01 20:00:00+00:00,169.277,170.776,169.006,170.747,15069600.11,5112
2024-08-01 21:00:00+00:00,169.277,170.776,169.006,170.747,15069600.11,5113
2024-08-01 22:00:00+00:00,169.277,170.776,169.006,170.747,15069600.11,5114
2024-08-01 23:00:00+00:00,169.277,170.776,169.006,170.747,15069600.11,5115
2024-08-02 00:00:00+00:00,169.277,170.776,169.006,170.747,15069600.11,5116
2024-08-02 01:00:00+00:00,169.277,170.776,169.006,170.747,15069600.11,5117
2024-08-02 02:00:00+00:00,169.277,170.776,169.006,170.747,15069600.11,5118
2024-08-02 03:00:00+00:00,169.277,170.776,169.006,170.747,15069600.11,5119
2024-08-02 04:00:00+00:00,169.277,170.776,169.006,170.747,15069600.11,5120
2024-08-02 05:00:00+00:00,169.277,170.776,169.006,170.747,15069600.11,5121
2024-08-02 06:00:00+00:00,169.277,170.776,169.006,170.747,15069600.11,5122
2024-08-02 07:00:00+00:00,169.277,170.776,169.006,170.747,15069600.11,5123
2024-08-02 08:00:00+00:00,169.277,170.776,169.006,170.747,15069600.11,5124
2024-08-02 09:00:00+00:00,169.277,170.776,169.006,170.747,15069600.11,5125
2024-08-02 10:00:00+00:00,169.277,170.776,169.006,170.747,15069600.11,5126
2024-08-02 11:00:00+00:00,169.277,170.776,169.006,170.747,15069600.11,5127
2024-08-02 12:00:00+00:00,169.277,170.776,169.006,170.747,15069600.11,5128
2024-08-02 13:00:00+00:00,166.446,168.506,166.076,167.136,9298800.47,5129
2024-08-02 14:00:00+00:00,167.137,167.487,164.646,165.516,19294799.8,5130
2024-08-02 15:00:00+00:00,165.516,167.017,165.317,166.677,17320800.78,5131
2024-08-02 16:00:00+00:00,166.666,167.056,164.966,165.187,14472000.12,5132
2024-08-02 17:00:00+00:00,165.176,165.697,164.976,165.456,12634799.96,5133
2024-08-02 18:00:00+00:00,165.446,165.927,164.856,165.666,10646400.45,5134
2024-08-02 19:00:00+00:00,165.656,166.767,165.496,166.586,14541600.23,5135
2024-08-02 20:00:00+00:00,165.656,166.767,165.496,166.586,14541600.23,5136
2024-08-02 21:00:00+00:00,165.656,166.767,165.496,166.586,14541600.23,5137
2024-08-02 22:00:00+00:00,165.656,166.767,165.496,166.586,14541600.23,5138
2024-08-02 23:00:00+00:00,165.656,166.767,165.496,166.586,14541600.23,5139
2024-08-03 00:00:00+00:00,165.656,166.767,165.496,166.586,14541600.23,5140
2024-08-03 01:00:00+00:00,165.656,166.767,165.496,166.586,14541600.23,5141
2024-08-03 02:00:00+00:00,165.656,166.767,165.496,166.586,14541600.23,5142
2024-08-03 03:00:00+00:00,165.656,166.767,165.496,166.586,14541600.23,5143
2024-08-03 04:00:00+00:00,165.656,166.767,165.496,166.586,14541600.23,5144
2024-08-03 05:00:00+00:00,165.656,166.767,165.496,166.586,14541600.23,5145
2024-08-03 06:00:00+00:00,165.656,166.767,165.496,166.586,14541600.23,5146
2024-08-03 07:00:00+00:00,165.656,166.767,165.496,166.586,14541600.23,5147
2024-08-03 08:00:00+00:00,165.656,166.767,165.496,166.586,14541600.23,5148
2024-08-03 09:00:00+00:00,165.656,166.767,165.496,166.586,14541600.23,5149
2024-08-03 10:00:00+00:00,165.656,166.767,165.496,166.586,14541600.23,5150
2024-08-03 11:00:00+00:00,165.656,166.767,165.496,166.586,14541600.23,5151
2024-08-03 12:00:00+00:00,165.656,166.767,165.496,166.586,14541600.23,5152
2024-08-03 13:00:00+00:00,165.656,166.767,165.496,166.586,14541600.23,5153
2024-08-03 14:00:00+00:00,165.656,166.767,165.496,166.586,14541600.23,5154
2024-08-03 15:00:00+00:00,165.656,166.767,165.496,166.586,14541600.23,5155
2024-08-03 16:00:00+00:00,165.656,166.767,165.496,166.586,14541600.23,5156
2024-08-03 17:00:00+00:00,165.656,166.767,165.496,166.586,14541600.23,5157
2024-08-03 18:00:00+00:00,165.656,166.767,165.496,166.586,14541600.23,5158
2024-08-03 19:00:00+00:00,165.656,166.767,165.496,166.586,14541600.23,5159
2024-08-03 20:00:00+00:00,165.656,166.767,165.496,166.586,14541600.23,5160
2024-08-03 21:00:00+00:00,165.656,166.767,165.496,166.586,14541600.23,5161
2024-08-03 22:00:00+00:00,165.656,166.767,165.496,166.586,14541600.23,5162
2024-08-03 23:00:00+00:00,165.656,166.767,165.496,166.586,14541600.23,5163
2024-08-04 00:00:00+00:00,165.656,166.767,165.496,166.586,14541600.23,5164
2024-08-04 01:00:00+00:00,165.656,166.767,165.496,166.586,14541600.23,5165
2024-08-04 02:00:00+00:00,165.656,166.767,165.496,166.586,14541600.23,5166
2024-08-04 03:00:00+00:00,165.656,166.767,165.496,166.586,14541600.23,5167
2024-08-04 04:00:00+00:00,165.656,166.767,165.496,166.586,14541600.23,5168
2024-08-04 05:00:00+00:00,165.656,166.767,165.496,166.586,14541600.23,5169
2024-08-04 06:00:00+00:00,165.656,166.767,165.496,166.586,14541600.23,5170
2024-08-04 07:00:00+00:00,165.656,166.767,165.496,166.586,14541600.23,5171
2024-08-04 08:00:00+00:00,165.656,166.767,165.496,166.586,14541600.23,5172
2024-08-04 09:00:00+00:00,165.656,166.767,165.496,166.586,14541600.23,5173
2024-08-04 10:00:00+00:00,165.656,166.767,165.496,166.586,14541600.23,5174
2024-08-04 11:00:00+00:00,165.656,166.767,165.496,166.586,14541600.23,5175
2024-08-04 12:00:00+00:00,165.656,166.767,165.496,166.586,14541600.23,5176
2024-08-04 13:00:00+00:00,165.656,166.767,165.496,166.586,14541600.23,5177
2024-08-04 14:00:00+00:00,165.656,166.767,165.496,166.586,14541600.23,5178
2024-08-04 15:00:00+00:00,165.656,166.767,165.496,166.586,14541600.23,5179
2024-08-04 16:00:00+00:00,165.656,166.767,165.496,166.586,14541600.23,5180
2024-08-04 17:00:00+00:00,165.656,166.767,165.496,166.586,14541600.23,5181
2024-08-04 18:00:00+00:00,165.656,166.767,165.496,166.586,14541600.23,5182
2024-08-04 19:00:00+00:00,165.656,166.767,165.496,166.586,14541600.23,5183
2024-08-04 20:00:00+00:00,165.656,166.767,165.496,166.586,14541600.23,5184
2024-08-04 21:00:00+00:00,165.656,166.767,165.496,166.586,14541600.23,5185
2024-08-04 22:00:00+00:00,165.656,166.767,165.496,166.586,14541600.23,5186
2024-08-04 23:00:00+00:00,165.656,166.767,165.496,166.586,14541600.23,5187
2024-08-05 00:00:00+00:00,165.656,166.767,165.496,166.586,14541600.23,5188
2024-08-05 01:00:00+00:00,165.656,166.767,165.496,166.586,14541600.23,5189
2024-08-05 02:00:00+00:00,165.656,166.767,165.496,166.586,14541600.23,5190
2024-08-05 03:00:00+00:00,165.656,166.767,165.496,166.586,14541600.23,5191
2024-08-05 04:00:00+00:00,165.656,166.767,165.496,166.586,14541600.23,5192
2024-08-05 05:00:00+00:00,165.656,166.767,165.496,166.586,14541600.23,5193
2024-08-05 06:00:00+00:00,165.656,166.767,165.496,166.586,14541600.23,5194
2024-08-05 07:00:00+00:00,165.656,166.767,165.496,166.586,14541600.23,5195
2024-08-05 08:00:00+00:00,165.656,166.767,165.496,166.586,14541600.23,5196
2024-08-05 09:00:00+00:00,165.656,166.767,165.496,166.586,14541600.23,5197
2024-08-05 10:00:00+00:00,165.656,166.767,165.496,166.586,14541600.23,5198
2024-08-05 11:00:00+00:00,165.656,166.767,165.496,166.586,14541600.23,5199
2024-08-05 12:00:00+00:00,165.656,166.767,165.496,166.586,14541600.23,5200
2024-08-05 13:00:00+00:00,155.397,162.306,154.917,160.477,12050700.19,5201
2024-08-05 14:00:00+00:00,160.477,162.876,160.477,162.306,17676000.6,5202
2024-08-05 15:00:00+00:00,162.306,164.407,161.597,162.707,13130999.57,5203
2024-08-05 16:00:00+00:00,162.686,163.627,162.186,162.337,9654299.74,5204
2024-08-05 17:00:00+00:00,162.337,163.476,162.326,162.877,11199600.22,5205
2024-08-05 18:00:00+00:00,162.886,162.937,157.536,158.836,15126613.62,5206
2024-08-05 19:00:00+00:00,158.837,160.197,158.496,159.207,19947599.41,5207
2024-08-05 20:00:00+00:00,158.837,160.197,158.496,159.207,19947599.41,5208
2024-08-05 21:00:00+00:00,158.837,160.197,158.496,159.207,19947599.41,5209
2024-08-05 22:00:00+00:00,158.837,160.197,158.496,159.207,19947599.41,5210
2024-08-05 23:00:00+00:00,158.837,160.197,158.496,159.207,19947599.41,5211
2024-08-06 00:00:00+00:00,158.837,160.197,158.496,159.207,19947599.41,5212
2024-08-06 01:00:00+00:00,158.837,160.197,158.496,159.207,19947599.41,5213
2024-08-06 02:00:00+00:00,158.837,160.197,158.496,159.207,19947599.41,5214
2024-08-06 03:00:00+00:00,158.837,160.197,158.496,159.207,19947599.41,5215
2024-08-06 04:00:00+00:00,158.837,160.197,158.496,159.207,19947599.41,5216
2024-08-06 05:00:00+00:00,158.837,160.197,158.496,159.207,19947599.41,5217
2024-08-06 06:00:00+00:00,158.837,160.197,158.496,159.207,19947599.41,5218
2024-08-06 07:00:00+00:00,158.837,160.197,158.496,159.207,19947599.41,5219
2024-08-06 08:00:00+00:00,158.837,160.197,158.496,159.207,19947599.41,5220
2024-08-06 09:00:00+00:00,158.837,160.197,158.496,159.207,19947599.41,5221
2024-08-06 10:00:00+00:00,158.837,160.197,158.496,159.207,19947599.41,5222
2024-08-06 11:00:00+00:00,158.837,160.197,158.496,159.207,19947599.41,5223
2024-08-06 12:00:00+00:00,158.837,160.197,158.496,159.207,19947599.41,5224
2024-08-06 13:00:00+00:00,159.297,159.337,156.406,156.947,8120400.43,5225
2024-08-06 14:00:00+00:00,156.947,159.567,156.527,159.306,18865200.04,5226
2024-08-06 15:00:00+00:00,159.316,159.527,158.506,159.397,14582400.32,5227
2024-08-06 16:00:00+00:00,159.407,160.047,158.977,159.847,10050000.19,5228
2024-08-06 17:00:00+00:00,159.856,160.097,158.986,159.376,9760800.36,5229
2024-08-06 18:00:00+00:00,159.396,160.557,158.816,159.677,11434800.15,5230
2024-08-06 19:00:00+00:00,159.666,159.707,158.076,158.267,19948799.13,5231
2024-08-06 20:00:00+00:00,159.666,159.707,158.076,158.267,19948799.13,5232
2024-08-06 21:00:00+00:00,159.666,159.707,158.076,158.267,19948799.13,5233
2024-08-06 22:00:00+00:00,159.666,159.707,158.076,158.267,19948799.13,5234
2024-08-06 23:00:00+00:00,159.666,159.707,158.076,158.267,19948799.13,5235
2024-08-07 00:00:00+00:00,159.666,159.707,158.076,158.267,19948799.13,5236
2024-08-07 01:00:00+00:00,159.666,159.707,158.076,158.267,19948799.13,5237
2024-08-07 02:00:00+00:00,159.666,159.707,158.076,158.267,19948799.13,5238
2024-08-07 03:00:00+00:00,159.666,159.707,158.076,158.267,19948799.13,5239
2024-08-07 04:00:00+00:00,159.666,159.707,158.076,158.267,19948799.13,5240
2024-08-07 05:00:00+00:00,159.666,159.707,158.076,158.267,19948799.13,5241
2024-08-07 06:00:00+00:00,159.666,159.707,158.076,158.267,19948799.13,5242
2024-08-07 07:00:00+00:00,159.666,159.707,158.076,158.267,19948799.13,5243
2024-08-07 08:00:00+00:00,159.666,159.707,158.076,158.267,19948799.13,5244
2024-08-07 09:00:00+00:00,159.666,159.707,158.076,158.267,19948799.13,5245
2024-08-07 10:00:00+00:00,159.666,159.707,158.076,158.267,19948799.13,5246
2024-08-07 11:00:00+00:00,159.666,159.707,158.076,158.267,19948799.13,5247
2024-08-07 12:00:00+00:00,159.666,159.707,158.076,158.267,19948799.13,5248
2024-08-07 13:00:00+00:00,161.247,162.146,160.436,161.477,8860799.79,5249
2024-08-07 14:00:00+00:00,161.487,162.957,161.087,162.126,12925200.46,5250
2024-08-07 15:00:00+00:00,162.127,162.167,160.047,161.006,9937199.59,5251
2024-08-07 16:00:00+00:00,161.027,161.166,160.006,160.007,11295599.94,5252
2024-08-07 17:00:00+00:00,159.997,160.137,158.726,158.927,11377200.13,5253
2024-08-07 18:00:00+00:00,158.916,159.396,158.466,159.306,12541199.68,5254
2024-08-07 19:00:00+00:00,159.297,160.067,158.527,158.906,13035599.71,5255
2024-08-07 20:00:00+00:00,159.297,160.067,158.527,158.906,13035599.71,5256
2024-08-07 21:00:00+00:00,159.297,160.067,158.527,158.906,13035599.71,5257
2024-08-07 22:00:00+00:00,159.297,160.067,158.527,158.906,13035599.71,5258
2024-08-07 23:00:00+00:00,159.297,160.067,158.527,158.906,13035599.71,5259
2024-08-08 00:00:00+00:00,159.297,160.067,158.527,158.906,13035599.71,5260
2024-08-08 01:00:00+00:00,159.297,160.067,158.527,158.906,13035599.71,5261
2024-08-08 02:00:00+00:00,159.297,160.067,158.527,158.906,13035599.71,5262
2024-08-08 03:00:00+00:00,159.297,160.067,158.527,158.906,13035599.71,5263
2024-08-08 04:00:00+00:00,159.297,160.067,158.527,158.906,13035599.71,5264
2024-08-08 05:00:00+00:00,159.297,160.067,158.527,158.906,13035599.71,5265
2024-08-08 06:00:00+00:00,159.297,160.067,158.527,158.906,13035599.71,5266
2024-08-08 07:00:00+00:00,159.297,160.067,158.527,158.906,13035599.71,5267
2024-08-08 08:00:00+00:00,159.297,160.067,158.527,158.906,13035599.71,5268
2024-08-08 09:00:00+00:00,159.297,160.067,158.527,158.906,13035599.71,5269
2024-08-08 10:00:00+00:00,159.297,160.067,158.527,158.906,13035599.71,5270
2024-08-08 11:00:00+00:00,159.297,160.067,158.527,158.906,13035599.71,5271
2024-08-08 12:00:00+00:00,159.297,160.067,158.527,158.906,13035599.71,5272
2024-08-08 13:00:00+00:00,160.556,161.326,160.157,161.187,8001600.27,5273
2024-08-08 14:00:00+00:00,161.196,163.037,161.006,162.656,15573599.82,5274
2024-08-08 15:00:00+00:00,162.667,163.036,162.096,162.956,10758000.37,5275
2024-08-08 16:00:00+00:00,162.957,163.677,162.726,163.087,7645199.78,5276
2024-08-08 17:00:00+00:00,163.096,163.517,162.726,163.136,6409200.19,5277
2024-08-08 18:00:00+00:00,163.127,163.507,162.747,163.017,5460000.04,5278
2024-08-08 19:00:00+00:00,163.006,163.497,161.666,162.067,12481200.22,5279
2024-08-08 20:00:00+00:00,163.006,163.497,161.666,162.067,12481200.22,5280
2024-08-08 21:00:00+00:00,163.006,163.497,161.666,162.067,12481200.22,5281
2024-08-08 22:00:00+00:00,163.006,163.497,161.666,162.067,12481200.22,5282
2024-08-08 23:00:00+00:00,163.006,163.497,161.666,162.067,12481200.22,5283
2024-08-09 00:00:00+00:00,163.006,163.497,161.666,162.067,12481200.22,5284
2024-08-09 01:00:00+00:00,163.006,163.497,161.666,162.067,12481200.22,5285
2024-08-09 02:00:00+00:00,163.006,163.497,161.666,162.067,12481200.22,5286
2024-08-09 03:00:00+00:00,163.006,163.497,161.666,162.067,12481200.22,5287
2024-08-09 04:00:00+00:00,163.006,163.497,161.666,162.067,12481200.22,5288
2024-08-09 05:00:00+00:00,163.006,163.497,161.666,162.067,12481200.22,5289
2024-08-09 06:00:00+00:00,163.006,163.497,161.666,162.067,12481200.22,5290
2024-08-09 07:00:00+00:00,163.006,163.497,161.666,162.067,12481200.22,5291
2024-08-09 08:00:00+00:00,163.006,163.497,161.666,162.067,12481200.22,5292
2024-08-09 09:00:00+00:00,163.006,163.497,161.666,162.067,12481200.22,5293
2024-08-09 10:00:00+00:00,163.006,163.497,161.666,162.067,12481200.22,5294
2024-08-09 11:00:00+00:00,163.006,163.497,161.666,162.067,12481200.22,5295
2024-08-09 12:00:00+00:00,163.006,163.497,161.666,162.067,12481200.22,5296
2024-08-09 13:00:00+00:00,159.876,161.017,159.046,160.147,6442800.05,5297
2024-08-09 14:00:00+00:00,160.186,160.557,159.066,160.127,11274000.17,5298
2024-08-09 15:00:00+00:00,160.117,160.267,159.547,159.767,5567999.84,5299
2024-08-09 16:00:00+00:00,159.796,159.957,159.306,159.926,3637799.98,5300
2024-08-09 17:00:00+00:00,159.937,161.477,159.856,161.217,4155300.14,5301
2024-08-09 18:00:00+00:00,161.227,161.937,161.147,161.717,3719700.1,5302
2024-08-09 19:00:00+00:00,161.706,163.757,161.606,163.576,5545800.21,5303
2024-08-09 20:00:00+00:00,161.706,163.757,161.606,163.576,5545800.21,5304
2024-08-09 21:00:00+00:00,161.706,163.757,161.606,163.576,5545800.21,5305
2024-08-09 22:00:00+00:00,161.706,163.757,161.606,163.576,5545800.21,5306
2024-08-09 23:00:00+00:00,161.706,163.757,161.606,163.576,5545800.21,5307
2024-08-10 00:00:00+00:00,161.706,163.757,161.606,163.576,5545800.21,5308
2024-08-10 01:00:00+00:00,161.706,163.757,161.606,163.576,5545800.21,5309
2024-08-10 02:00:00+00:00,161.706,163.757,161.606,163.576,5545800.21,5310
2024-08-10 03:00:00+00:00,161.706,163.757,161.606,163.576,5545800.21,5311
2024-08-10 04:00:00+00:00,161.706,163.757,161.606,163.576,5545800.21,5312
2024-08-10 05:00:00+00:00,161.706,163.757,161.606,163.576,5545800.21,5313
2024-08-10 06:00:00+00:00,161.706,163.757,161.606,163.576,5545800.21,5314
2024-08-10 07:00:00+00:00,161.706,163.757,161.606,163.576,5545800.21,5315
2024-08-10 08:00:00+00:00,161.706,163.757,161.606,163.576,5545800.21,5316
2024-08-10 09:00:00+00:00,161.706,163.757,161.606,163.576,5545800.21,5317
2024-08-10 10:00:00+00:00,161.706,163.757,161.606,163.576,5545800.21,5318
2024-08-10 11:00:00+00:00,161.706,163.757,161.606,163.576,5545800.21,5319
2024-08-10 12:00:00+00:00,161.706,163.757,161.606,163.576,5545800.21,5320
2024-08-10 13:00:00+00:00,161.706,163.757,161.606,163.576,5545800.21,5321
2024-08-10 14:00:00+00:00,161.706,163.757,161.606,163.576,5545800.21,5322
2024-08-10 15:00:00+00:00,161.706,163.757,161.606,163.576,5545800.21,5323
2024-08-10 16:00:00+00:00,161.706,163.757,161.606,163.576,5545800.21,5324
2024-08-10 17:00:00+00:00,161.706,163.757,161.606,163.576,5545800.21,5325
2024-08-10 18:00:00+00:00,161.706,163.757,161.606,163.576,5545800.21,5326
2024-08-10 19:00:00+00:00,161.706,163.757,161.606,163.576,5545800.21,5327
2024-08-10 20:00:00+00:00,161.706,163.757,161.606,163.576,5545800.21,5328
2024-08-10 21:00:00+00:00,161.706,163.757,161.606,163.576,5545800.21,5329
2024-08-10 22:00:00+00:00,161.706,163.757,161.606,163.576,5545800.21,5330
2024-08-10 23:00:00+00:00,161.706,163.757,161.606,163.576,5545800.21,5331
2024-08-11 00:00:00+00:00,161.706,163.757,161.606,163.576,5545800.21,5332
2024-08-11 01:00:00+00:00,161.706,163.757,161.606,163.576,5545800.21,5333
2024-08-11 02:00:00+00:00,161.706,163.757,161.606,163.576,5545800.21,5334
2024-08-11 03:00:00+00:00,161.706,163.757,161.606,163.576,5545800.21,5335
2024-08-11 04:00:00+00:00,161.706,163.757,161.606,163.576,5545800.21,5336
2024-08-11 05:00:00+00:00,161.706,163.757,161.606,163.576,5545800.21,5337
2024-08-11 06:00:00+00:00,161.706,163.757,161.606,163.576,5545800.21,5338
2024-08-11 07:00:00+00:00,161.706,163.757,161.606,163.576,5545800.21,5339
2024-08-11 08:00:00+00:00,161.706,163.757,161.606,163.576,5545800.21,5340
2024-08-11 09:00:00+00:00,161.706,163.757,161.606,163.576,5545800.21,5341
2024-08-11 10:00:00+00:00,161.706,163.757,161.606,163.576,5545800.21,5342
2024-08-11 11:00:00+00:00,161.706,163.757,161.606,163.576,5545800.21,5343
2024-08-11 12:00:00+00:00,161.706,163.757,161.606,163.576,5545800.21,5344
2024-08-11 13:00:00+00:00,161.706,163.757,161.606,163.576,5545800.21,5345
2024-08-11 14:00:00+00:00,161.706,163.757,161.606,163.576,5545800.21,5346
2024-08-11 15:00:00+00:00,161.706,163.757,161.606,163.576,5545800.21,5347
2024-08-11 16:00:00+00:00,161.706,163.757,161.606,163.576,5545800.21,5348
2024-08-11 17:00:00+00:00,161.706,163.757,161.606,163.576,5545800.21,5349
2024-08-11 18:00:00+00:00,161.706,163.757,161.606,163.576,5545800.21,5350
2024-08-11 19:00:00+00:00,161.706,163.757,161.606,163.576,5545800.21,5351
2024-08-11 20:00:00+00:00,161.706,163.757,161.606,163.576,5545800.21,5352
2024-08-11 21:00:00+00:00,161.706,163.757,161.606,163.576,5545800.21,5353
2024-08-11 22:00:00+00:00,161.706,163.757,161.606,163.576,5545800.21,5354
2024-08-11 23:00:00+00:00,161.706,163.757,161.606,163.576,5545800.21,5355
2024-08-12 00:00:00+00:00,161.706,163.757,161.606,163.576,5545800.21,5356
2024-08-12 01:00:00+00:00,161.706,163.757,161.606,163.576,5545800.21,5357
2024-08-12 02:00:00+00:00,161.706,163.757,161.606,163.576,5545800.21,5358
2024-08-12 03:00:00+00:00,161.706,163.757,161.606,163.576,5545800.21,5359
2024-08-12 04:00:00+00:00,161.706,163.757,161.606,163.576,5545800.21,5360
2024-08-12 05:00:00+00:00,161.706,163.757,161.606,163.576,5545800.21,5361
2024-08-12 06:00:00+00:00,161.706,163.757,161.606,163.576,5545800.21,5362
2024-08-12 07:00:00+00:00,161.706,163.757,161.606,163.576,5545800.21,5363
2024-08-12 08:00:00+00:00,161.706,163.757,161.606,163.576,5545800.21,5364
2024-08-12 09:00:00+00:00,161.706,163.757,161.606,163.576,5545800.21,5365
2024-08-12 10:00:00+00:00,161.706,163.757,161.606,163.576,5545800.21,5366
2024-08-12 11:00:00+00:00,161.706,163.757,161.606,163.576,5545800.21,5367
2024-08-12 12:00:00+00:00,161.706,163.757,161.606,163.576,5545800.21,5368
2024-08-12 13:00:00+00:00,163.976,164.867,163.096,163.347,4930799.96,5369
2024-08-12 14:00:00+00:00,163.376,163.867,163.076,163.846,6937200.07,5370
2024-08-12 15:00:00+00:00,163.847,163.937,162.097,163.397,8799599.65,5371
2024-08-12 16:00:00+00:00,163.397,163.586,162.656,162.667,5859600.07,5372
2024-08-12 17:00:00+00:00,162.666,163.196,162.306,162.587,5917200.09,5373
2024-08-12 18:00:00+00:00,162.596,162.867,162.496,162.816,4127999.78,5374
2024-08-12 19:00:00+00:00,162.817,162.857,161.806,162.266,5283599.85,5375
2024-08-12 20:00:00+00:00,162.817,162.857,161.806,162.266,5283599.85,5376
2024-08-12 21:00:00+00:00,162.817,162.857,161.806,162.266,5283599.85,5377
2024-08-12 22:00:00+00:00,162.817,162.857,161.806,162.266,5283599.85,5378
2024-08-12 23:00:00+00:00,162.817,162.857,161.806,162.266,5283599.85,5379
2024-08-13 00:00:00+00:00,162.817,162.857,161.806,162.266,5283599.85,5380
2024-08-13 01:00:00+00:00,162.817,162.857,161.806,162.266,5283599.85,5381
2024-08-13 02:00:00+00:00,162.817,162.857,161.806,162.266,5283599.85,5382
2024-08-13 03:00:00+00:00,162.817,162.857,161.806,162.266,5283599.85,5383
2024-08-13 04:00:00+00:00,162.817,162.857,161.806,162.266,5283599.85,5384
2024-08-13 05:00:00+00:00,162.817,162.857,161.806,162.266,5283599.85,5385
2024-08-13 06:00:00+00:00,162.817,162.857,161.806,162.266,5283599.85,5386
2024-08-13 07:00:00+00:00,162.817,162.857,161.806,162.266,5283599.85,5387
2024-08-13 08:00:00+00:00,162.817,162.857,161.806,162.266,5283599.85,5388
2024-08-13 09:00:00+00:00,162.817,162.857,161.806,162.266,5283599.85,5389
2024-08-13 10:00:00+00:00,162.817,162.857,161.806,162.266,5283599.85,5390
2024-08-13 11:00:00+00:00,162.817,162.857,161.806,162.266,5283599.85,5391
2024-08-13 12:00:00+00:00,162.817,162.857,161.806,162.266,5283599.85,5392
2024-08-13 13:00:00+00:00,163.426,164.706,163.016,163.017,4234799.86,5393
2024-08-13 14:00:00+00:00,163.056,163.727,162.957,163.496,6529200.08,5394
2024-08-13 15:00:00+00:00,163.496,164.036,163.496,163.817,3707999.94,5395
2024-08-13 16:00:00+00:00,163.807,164.276,163.457,164.266,2578799.96,5396
2024-08-13 17:00:00+00:00,164.336,164.577,163.596,163.946,4545599.94,5397
2024-08-13 18:00:00+00:00,163.957,164.337,163.546,164.236,2587199.93,5398
2024-08-13 19:00:00+00:00,164.237,164.347,163.826,164.166,4447199.82,5399
2024-08-13 20:00:00+00:00,164.237,164.347,163.826,164.166,4447199.82,5400
2024-08-13 21:00:00+00:00,164.237,164.347,163.826,164.166,4447199.82,5401
2024-08-13 22:00:00+00:00,164.237,164.347,163.826,164.166,4447199.82,5402
2024-08-13 23:00:00+00:00,164.237,164.347,163.826,164.166,4447199.82,5403
2024-08-14 00:00:00+00:00,164.237,164.347,163.826,164.166,4447199.82,5404
2024-08-14 01:00:00+00:00,164.237,164.347,163.826,164.166,4447199.82,5405
2024-08-14 02:00:00+00:00,164.237,164.347,163.826,164.166,4447199.82,5406
2024-08-14 03:00:00+00:00,164.237,164.347,163.826,164.166,4447199.82,5407
2024-08-14 04:00:00+00:00,164.237,164.347,163.826,164.166,4447199.82,5408
2024-08-14 05:00:00+00:00,164.237,164.347,163.826,164.166,4447199.82,5409
2024-08-14 06:00:00+00:00,164.237,164.347,163.826,164.166,4447199.82,5410
2024-08-14 07:00:00+00:00,164.237,164.347,163.826,164.166,4447199.82,5411
2024-08-14 08:00:00+00:00,164.237,164.347,163.826,164.166,4447199.82,5412
2024-08-14 09:00:00+00:00,164.237,164.347,163.826,164.166,4447199.82,5413
2024-08-14 10:00:00+00:00,164.237,164.347,163.826,164.166,4447199.82,5414
2024-08-14 11:00:00+00:00,164.237,164.347,163.826,164.166,4447199.82,5415
2024-08-14 12:00:00+00:00,164.237,164.347,163.826,164.166,4447199.82,5416
2024-08-14 13:00:00+00:00,162.386,163.187,159.366,159.366,6683100.22,5417
2024-08-14 14:00:00+00:00,159.356,159.377,157.696,158.437,10762206.08,5418
2024-08-14 15:00:00+00:00,158.437,159.997,158.057,159.986,6333600.04,5419
2024-08-14 16:00:00+00:00,159.976,160.107,158.976,159.427,5553599.83,5420
2024-08-14 17:00:00+00:00,159.427,159.487,158.866,158.927,3553200.01,5421
2024-08-14 18:00:00+00:00,158.926,159.247,158.697,158.876,2980799.91,5422
2024-08-14 19:00:00+00:00,158.887,160.587,158.466,160.297,5853600.03,5423
2024-08-14 20:00:00+00:00,158.887,160.587,158.466,160.297,5853600.03,5424
2024-08-14 21:00:00+00:00,158.887,160.587,158.466,160.297,5853600.03,5425
2024-08-14 22:00:00+00:00,158.887,160.587,158.466,160.297,5853600.03,5426
2024-08-14 23:00:00+00:00,158.887,160.587,158.466,160.297,5853600.03,5427
2024-08-15 00:00:00+00:00,158.887,160.587,158.466,160.297,5853600.03,5428
2024-08-15 01:00:00+00:00,158.887,160.587,158.466,160.297,5853600.03,5429
2024-08-15 02:00:00+00:00,158.887,160.587,158.466,160.297,5853600.03,5430
2024-08-15 03:00:00+00:00,158.887,160.587,158.466,160.297,5853600.03,5431
2024-08-15 04:00:00+00:00,158.887,160.587,158.466,160.297,5853600.03,5432
2024-08-15 05:00:00+00:00,158.887,160.587,158.466,160.297,5853600.03,5433
2024-08-15 06:00:00+00:00,158.887,160.587,158.466,160.297,5853600.03,5434
2024-08-15 07:00:00+00:00,158.887,160.587,158.466,160.297,5853600.03,5435
2024-08-15 08:00:00+00:00,158.887,160.587,158.466,160.297,5853600.03,5436
2024-08-15 09:00:00+00:00,158.887,160.587,158.466,160.297,5853600.03,5437
2024-08-15 10:00:00+00:00,158.887,160.587,158.466,160.297,5853600.03,5438
2024-08-15 11:00:00+00:00,158.887,160.587,158.466,160.297,5853600.03,5439
2024-08-15 12:00:00+00:00,158.887,160.587,158.466,160.297,5853600.03,5440
2024-08-15 13:00:00+00:00,160.386,161.256,159.626,160.506,5763599.87,5441
2024-08-15 14:00:00+00:00,160.507,160.936,159.736,159.897,6916800.02,5442
2024-08-15 15:00:00+00:00,159.907,160.956,159.676,160.897,4376399.99,5443
2024-08-15 16:00:00+00:00,160.896,161.576,160.816,161.056,3621599.91,5444
2024-08-15 17:00:00+00:00,161.056,161.546,160.906,161.546,2411999.94,5445
2024-08-15 18:00:00+00:00,161.546,161.627,161.076,161.256,2774400.0,5446
2024-08-15 19:00:00+00:00,161.256,161.417,160.806,161.276,5055600.17,5447
2024-08-15 20:00:00+00:00,161.256,161.417,160.806,161.276,5055600.17,5448
2024-08-15 21:00:00+00:00,161.256,161.417,160.806,161.276,5055600.17,5449
2024-08-15 22:00:00+00:00,161.256,161.417,160.806,161.276,5055600.17,5450
2024-08-15 23:00:00+00:00,161.256,161.417,160.806,161.276,5055600.17,5451
2024-08-16 00:00:00+00:00,161.256,161.417,160.806,161.276,5055600.17,5452
2024-08-16 01:00:00+00:00,161.256,161.417,160.806,161.276,5055600.17,5453
2024-08-16 02:00:00+00:00,161.256,161.417,160.806,161.276,5055600.17,5454
2024-08-16 03:00:00+00:00,161.256,161.417,160.806,161.276,5055600.17,5455
2024-08-16 04:00:00+00:00,161.256,161.417,160.806,161.276,5055600.17,5456
2024-08-16 05:00:00+00:00,161.256,161.417,160.806,161.276,5055600.17,5457
2024-08-16 06:00:00+00:00,161.256,161.417,160.806,161.276,5055600.17,5458
2024-08-16 07:00:00+00:00,161.256,161.417,160.806,161.276,5055600.17,5459
2024-08-16 08:00:00+00:00,161.256,161.417,160.806,161.276,5055600.17,5460
2024-08-16 09:00:00+00:00,161.256,161.417,160.806,161.276,5055600.17,5461
2024-08-16 10:00:00+00:00,161.256,161.417,160.806,161.276,5055600.17,5462
2024-08-16 11:00:00+00:00,161.256,161.417,160.806,161.276,5055600.17,5463
2024-08-16 12:00:00+00:00,161.256,161.417,160.806,161.276,5055600.17,5464
2024-08-16 13:00:00+00:00,161.296,162.866,161.047,162.786,5849999.9,5465
2024-08-16 14:00:00+00:00,162.746,165.036,162.746,164.056,10618800.16,5466
2024-08-16 15:00:00+00:00,164.037,164.106,163.336,163.887,5768400.19,5467
2024-08-16 16:00:00+00:00,163.906,164.197,163.436,163.817,3830399.99,5468
2024-08-16 17:00:00+00:00,163.876,163.957,163.347,163.516,2998800.04,5469
2024-08-16 18:00:00+00:00,163.506,163.707,163.267,163.677,3404400.11,5470
2024-08-16 19:00:00+00:00,163.656,163.756,162.767,162.957,5176799.77,5471
2024-08-16 20:00:00+00:00,163.656,163.756,162.767,162.957,5176799.77,5472
2024-08-16 21:00:00+00:00,163.656,163.756,162.767,162.957,5176799.77,5473
2024-08-16 22:00:00+00:00,163.656,163.756,162.767,162.957,5176799.77,5474
2024-08-16 23:00:00+00:00,163.656,163.756,162.767,162.957,5176799.77,5475
2024-08-17 00:00:00+00:00,163.656,163.756,162.767,162.957,5176799.77,5476
2024-08-17 01:00:00+00:00,163.656,163.756,162.767,162.957,5176799.77,5477
2024-08-17 02:00:00+00:00,163.656,163.756,162.767,162.957,5176799.77,5478
2024-08-17 03:00:00+00:00,163.656,163.756,162.767,162.957,5176799.77,5479
2024-08-17 04:00:00+00:00,163.656,163.756,162.767,162.957,5176799.77,5480
2024-08-17 05:00:00+00:00,163.656,163.756,162.767,162.957,5176799.77,5481
2024-08-17 06:00:00+00:00,163.656,163.756,162.767,162.957,5176799.77,5482
2024-08-17 07:00:00+00:00,163.656,163.756,162.767,162.957,5176799.77,5483
2024-08-17 08:00:00+00:00,163.656,163.756,162.767,162.957,5176799.77,5484
2024-08-17 09:00:00+00:00,163.656,163.756,162.767,162.957,5176799.77,5485
2024-08-17 10:00:00+00:00,163.656,163.756,162.767,162.957,5176799.77,5486
2024-08-17 11:00:00+00:00,163.656,163.756,162.767,162.957,5176799.77,5487
2024-08-17 12:00:00+00:00,163.656,163.756,162.767,162.957,5176799.77,5488
2024-08-17 13:00:00+00:00,163.656,163.756,162.767,162.957,5176799.77,5489
2024-08-17 14:00:00+00:00,163.656,163.756,162.767,162.957,5176799.77,5490
2024-08-17 15:00:00+00:00,163.656,163.756,162.767,162.957,5176799.77,5491
2024-08-17 16:00:00+00:00,163.656,163.756,162.767,162.957,5176799.77,5492
2024-08-17 17:00:00+00:00,163.656,163.756,162.767,162.957,5176799.77,5493
2024-08-17 18:00:00+00:00,163.656,163.756,162.767,162.957,5176799.77,5494
2024-08-17 19:00:00+00:00,163.656,163.756,162.767,162.957,5176799.77,5495
2024-08-17 20:00:00+00:00,163.656,163.756,162.767,162.957,5176799.77,5496
2024-08-17 21:00:00+00:00,163.656,163.756,162.767,162.957,5176799.77,5497
2024-08-17 22:00:00+00:00,163.656,163.756,162.767,162.957,5176799.77,5498
2024-08-17 23:00:00+00:00,163.656,163.756,162.767,162.957,5176799.77,5499
2024-08-18 00:00:00+00:00,163.656,163.756,162.767,162.957,5176799.77,5500
2024-08-18 01:00:00+00:00,163.656,163.756,162.767,162.957,5176799.77,5501
2024-08-18 02:00:00+00:00,163.656,163.756,162.767,162.957,5176799.77,5502
2024-08-18 03:00:00+00:00,163.656,163.756,162.767,162.957,5176799.77,5503
2024-08-18 04:00:00+00:00,163.656,163.756,162.767,162.957,5176799.77,5504
2024-08-18 05:00:00+00:00,163.656,163.756,162.767,162.957,5176799.77,5505
2024-08-18 06:00:00+00:00,163.656,163.756,162.767,162.957,5176799.77,5506
2024-08-18 07:00:00+00:00,163.656,163.756,162.767,162.957,5176799.77,5507
2024-08-18 08:00:00+00:00,163.656,163.756,162.767,162.957,5176799.77,5508
2024-08-18 09:00:00+00:00,163.656,163.756,162.767,162.957,5176799.77,5509
2024-08-18 10:00:00+00:00,163.656,163.756,162.767,162.957,5176799.77,5510
2024-08-18 11:00:00+00:00,163.656,163.756,162.767,162.957,5176799.77,5511
2024-08-18 12:00:00+00:00,163.656,163.756,162.767,162.957,5176799.77,5512
2024-08-18 13:00:00+00:00,163.656,163.756,162.767,162.957,5176799.77,5513
2024-08-18 14:00:00+00:00,163.656,163.756,162.767,162.957,5176799.77,5514
2024-08-18 15:00:00+00:00,163.656,163.756,162.767,162.957,5176799.77,5515
2024-08-18 16:00:00+00:00,163.656,163.756,162.767,162.957,5176799.77,5516
2024-08-18 17:00:00+00:00,163.656,163.756,162.767,162.957,5176799.77,5517
2024-08-18 18:00:00+00:00,163.656,163.756,162.767,162.957,5176799.77,5518
2024-08-18 19:00:00+00:00,163.656,163.756,162.767,162.957,5176799.77,5519
2024-08-18 20:00:00+00:00,163.656,163.756,162.767,162.957,5176799.77,5520
2024-08-18 21:00:00+00:00,163.656,163.756,162.767,162.957,5176799.77,5521
2024-08-18 22:00:00+00:00,163.656,163.756,162.767,162.957,5176799.77,5522
2024-08-18 23:00:00+00:00,163.656,163.756,162.767,162.957,5176799.77,5523
2024-08-19 00:00:00+00:00,163.656,163.756,162.767,162.957,5176799.77,5524
2024-08-19 01:00:00+00:00,163.656,163.756,162.767,162.957,5176799.77,5525
2024-08-19 02:00:00+00:00,163.656,163.756,162.767,162.957,5176799.77,5526
2024-08-19 03:00:00+00:00,163.656,163.756,162.767,162.957,5176799.77,5527
2024-08-19 04:00:00+00:00,163.656,163.756,162.767,162.957,5176799.77,5528
2024-08-19 05:00:00+00:00,163.656,163.756,162.767,162.957,5176799.77,5529
2024-08-19 06:00:00+00:00,163.656,163.756,162.767,162.957,5176799.77,5530
2024-08-19 07:00:00+00:00,163.656,163.756,162.767,162.957,5176799.77,5531
2024-08-19 08:00:00+00:00,163.656,163.756,162.767,162.957,5176799.77,5532
2024-08-19 09:00:00+00:00,163.656,163.756,162.767,162.957,5176799.77,5533
2024-08-19 10:00:00+00:00,163.656,163.756,162.767,162.957,5176799.77,5534
2024-08-19 11:00:00+00:00,163.656,163.756,162.767,162.957,5176799.77,5535
2024-08-19 12:00:00+00:00,163.656,163.756,162.767,162.957,5176799.77,5536
2024-08-19 13:00:00+00:00,165.177,165.817,164.706,165.037,5046000.0,5537
2024-08-19 14:00:00+00:00,165.056,165.607,164.267,165.106,7335599.9,5538
2024-08-19 15:00:00+00:00,165.096,165.557,164.776,164.976,4044000.15,5539
2024-08-19 16:00:00+00:00,165.007,165.797,164.906,165.737,2787600.04,5540
2024-08-19 17:00:00+00:00,165.736,165.846,165.467,165.736,2827199.94,5541
2024-08-19 18:00:00+00:00,165.736,165.977,165.527,165.846,1969200.02,5542
2024-08-19 19:00:00+00:00,165.837,166.677,165.626,166.627,4228799.82,5543
2024-08-19 20:00:00+00:00,165.837,166.677,165.626,166.627,4228799.82,5544
2024-08-19 21:00:00+00:00,165.837,166.677,165.626,166.627,4228799.82,5545
2024-08-19 22:00:00+00:00,165.837,166.677,165.626,166.627,4228799.82,5546
2024-08-19 23:00:00+00:00,165.837,166.677,165.626,166.627,4228799.82,5547
2024-08-20 00:00:00+00:00,165.837,166.677,165.626,166.627,4228799.82,5548
2024-08-20 01:00:00+00:00,165.837,166.677,165.626,166.627,4228799.82,5549
2024-08-20 02:00:00+00:00,165.837,166.677,165.626,166.627,4228799.82,5550
2024-08-20 03:00:00+00:00,165.837,166.677,165.626,166.627,4228799.82,5551
2024-08-20 04:00:00+00:00,165.837,166.677,165.626,166.627,4228799.82,5552
2024-08-20 05:00:00+00:00,165.837,166.677,165.626,166.627,4228799.82,5553
2024-08-20 06:00:00+00:00,165.837,166.677,165.626,166.627,4228799.82,5554
2024-08-20 07:00:00+00:00,165.837,166.677,165.626,166.627,4228799.82,5555
2024-08-20 08:00:00+00:00,165.837,166.677,165.626,166.627,4228799.82,5556
2024-08-20 09:00:00+00:00,165.837,166.677,165.626,166.627,4228799.82,5557
2024-08-20 10:00:00+00:00,165.837,166.677,165.626,166.627,4228799.82,5558
2024-08-20 11:00:00+00:00,165.837,166.677,165.626,166.627,4228799.82,5559
2024-08-20 12:00:00+00:00,165.837,166.677,165.626,166.627,4228799.82,5560
2024-08-20 13:00:00+00:00,166.857,168.627,166.806,168.497,3969599.96,5561
2024-08-20 14:00:00+00:00,168.517,168.517,167.016,167.336,7795199.87,5562
2024-08-20 15:00:00+00:00,167.357,167.897,167.006,167.866,4578000.07,5563
2024-08-20 16:00:00+00:00,167.877,167.986,167.567,167.576,3376800.06,5564
2024-08-20 17:00:00+00:00,167.566,168.016,167.396,167.996,3400799.99,5565
2024-08-20 18:00:00+00:00,167.987,168.407,167.836,167.977,2854799.99,5566
2024-08-20 19:00:00+00:00,167.976,168.097,167.067,167.187,4245600.22,5567
2024-08-20 20:00:00+00:00,167.976,168.097,167.067,167.187,4245600.22,5568
2024-08-20 21:00:00+00:00,167.976,168.097,167.067,167.187,4245600.22,5569
2024-08-20 22:00:00+00:00,167.976,168.097,167.067,167.187,4245600.22,5570
2024-08-20 23:00:00+00:00,167.976,168.097,167.067,167.187,4245600.22,5571
2024-08-21 00:00:00+00:00,167.976,168.097,167.067,167.187,4245600.22,5572
2024-08-21 01:00:00+00:00,167.976,168.097,167.067,167.187,4245600.22,5573
2024-08-21 02:00:00+00:00,167.976,168.097,167.067,167.187,4245600.22,5574
2024-08-21 03:00:00+00:00,167.976,168.097,167.067,167.187,4245600.22,5575
2024-08-21 04:00:00+00:00,167.976,168.097,167.067,167.187,4245600.22,5576
2024-08-21 05:00:00+00:00,167.976,168.097,167.067,167.187,4245600.22,5577
2024-08-21 06:00:00+00:00,167.976,168.097,167.067,167.187,4245600.22,5578
2024-08-21 07:00:00+00:00,167.976,168.097,167.067,167.187,4245600.22,5579
2024-08-21 08:00:00+00:00,167.976,168.097,167.067,167.187,4245600.22,5580
2024-08-21 09:00:00+00:00,167.976,168.097,167.067,167.187,4245600.22,5581
2024-08-21 10:00:00+00:00,167.976,168.097,167.067,167.187,4245600.22,5582
2024-08-21 11:00:00+00:00,167.976,168.097,167.067,167.187,4245600.22,5583
2024-08-21 12:00:00+00:00,167.976,168.097,167.067,167.187,4245600.22,5584
2024-08-21 13:00:00+00:00,165.116,166.457,164.666,166.347,4973999.98,5585
2024-08-21 14:00:00+00:00,166.366,166.846,165.347,165.787,10561200.14,5586
2024-08-21 15:00:00+00:00,165.787,166.166,165.236,165.416,5143199.92,5587
2024-08-21 16:00:00+00:00,165.416,165.796,165.046,165.576,3868799.92,5588
2024-08-21 17:00:00+00:00,165.587,166.007,165.297,165.977,3481199.98,5589
2024-08-21 18:00:00+00:00,165.997,166.337,165.706,165.856,5023200.04,5590
2024-08-21 19:00:00+00:00,165.826,165.877,165.326,165.807,5786399.84,5591
2024-08-21 20:00:00+00:00,165.826,165.877,165.326,165.807,5786399.84,5592
2024-08-21 21:00:00+00:00,165.826,165.877,165.326,165.807,5786399.84,5593
2024-08-21 22:00:00+00:00,165.826,165.877,165.326,165.807,5786399.84,5594
2024-08-21 23:00:00+00:00,165.826,165.877,165.326,165.807,5786399.84,5595
2024-08-22 00:00:00+00:00,165.826,165.877,165.326,165.807,5786399.84,5596
2024-08-22 01:00:00+00:00,165.826,165.877,165.326,165.807,5786399.84,5597
2024-08-22 02:00:00+00:00,165.826,165.877,165.326,165.807,5786399.84,5598
2024-08-22 03:00:00+00:00,165.826,165.877,165.326,165.807,5786399.84,5599
2024-08-22 04:00:00+00:00,165.826,165.877,165.326,165.807,5786399.84,5600
2024-08-22 05:00:00+00:00,165.826,165.877,165.326,165.807,5786399.84,5601
2024-08-22 06:00:00+00:00,165.826,165.877,165.326,165.807,5786399.84,5602
2024-08-22 07:00:00+00:00,165.826,165.877,165.326,165.807,5786399.84,5603
2024-08-22 08:00:00+00:00,165.826,165.877,165.326,165.807,5786399.84,5604
2024-08-22 09:00:00+00:00,165.826,165.877,165.326,165.807,5786399.84,5605
2024-08-22 10:00:00+00:00,165.826,165.877,165.326,165.807,5786399.84,5606
2024-08-22 11:00:00+00:00,165.826,165.877,165.326,165.807,5786399.84,5607
2024-08-22 12:00:00+00:00,165.826,165.877,165.326,165.807,5786399.84,5608
2024-08-22 13:00:00+00:00,167.127,167.546,166.386,166.776,5031600.0,5609
2024-08-22 14:00:00+00:00,166.787,166.947,165.556,165.826,10318799.97,5610
2024-08-22 15:00:00+00:00,165.806,166.147,164.706,165.016,10263600.35,5611
2024-08-22 16:00:00+00:00,165.017,165.997,164.936,165.097,7894800.19,5612
2024-08-22 17:00:00+00:00,165.106,165.106,163.976,164.087,9668399.81,5613
2024-08-22 18:00:00+00:00,164.096,164.827,163.986,164.386,8465999.6,5614
2024-08-22 19:00:00+00:00,164.387,164.677,163.306,163.797,11421600.34,5615
2024-08-22 20:00:00+00:00,164.387,164.677,163.306,163.797,11421600.34,5616
2024-08-22 21:00:00+00:00,164.387,164.677,163.306,163.797,11421600.34,5617
2024-08-22 22:00:00+00:00,164.387,164.677,163.306,163.797,11421600.34,5618
2024-08-22 23:00:00+00:00,164.387,164.677,163.306,163.797,11421600.34,5619
2024-08-23 00:00:00+00:00,164.387,164.677,163.306,163.797,11421600.34,5620
2024-08-23 01:00:00+00:00,164.387,164.677,163.306,163.797,11421600.34,5621
2024-08-23 02:00:00+00:00,164.387,164.677,163.306,163.797,11421600.34,5622
2024-08-23 03:00:00+00:00,164.387,164.677,163.306,163.797,11421600.34,5623
2024-08-23 04:00:00+00:00,164.387,164.677,163.306,163.797,11421600.34,5624
2024-08-23 05:00:00+00:00,164.387,164.677,163.306,163.797,11421600.34,5625
2024-08-23 06:00:00+00:00,164.387,164.677,163.306,163.797,11421600.34,5626
2024-08-23 07:00:00+00:00,164.387,164.677,163.306,163.797,11421600.34,5627
2024-08-23 08:00:00+00:00,164.387,164.677,163.306,163.797,11421600.34,5628
2024-08-23 09:00:00+00:00,164.387,164.677,163.306,163.797,11421600.34,5629
2024-08-23 10:00:00+00:00,164.387,164.677,163.306,163.797,11421600.34,5630
2024-08-23 11:00:00+00:00,164.387,164.677,163.306,163.797,11421600.34,5631
2024-08-23 12:00:00+00:00,164.387,164.677,163.306,163.797,11421600.34,5632
2024-08-23 13:00:00+00:00,164.656,165.366,164.276,164.847,3342000.01,5633
2024-08-23 14:00:00+00:00,164.846,166.167,164.127,164.847,15754799.84,5634
2024-08-23 15:00:00+00:00,164.856,165.567,164.347,164.786,10746000.29,5635
2024-08-23 16:00:00+00:00,164.816,164.837,163.826,164.507,8360400.2,5636
2024-08-23 17:00:00+00:00,164.516,165.257,164.376,164.856,4757999.9,5637
2024-08-23 18:00:00+00:00,164.857,165.147,164.676,165.016,3982800.01,5638
2024-08-23 19:00:00+00:00,165.016,165.826,164.806,165.586,6903600.22,5639
2024-08-23 20:00:00+00:00,165.016,165.826,164.806,165.586,6903600.22,5640
2024-08-23 21:00:00+00:00,165.016,165.826,164.806,165.586,6903600.22,5641
2024-08-23 22:00:00+00:00,165.016,165.826,164.806,165.586,6903600.22,5642
2024-08-23 23:00:00+00:00,165.016,165.826,164.806,165.586,6903600.22,5643
2024-08-24 00:00:00+00:00,165.016,165.826,164.806,165.586,6903600.22,5644
2024-08-24 01:00:00+00:00,165.016,165.826,164.806,165.586,6903600.22,5645
2024-08-24 02:00:00+00:00,165.016,165.826,164.806,165.586,6903600.22,5646
2024-08-24 03:00:00+00:00,165.016,165.826,164.806,165.586,6903600.22,5647
2024-08-24 04:00:00+00:00,165.016,165.826,164.806,165.586,6903600.22,5648
2024-08-24 05:00:00+00:00,165.016,165.826,164.806,165.586,6903600.22,5649
2024-08-24 06:00:00+00:00,165.016,165.826,164.806,165.586,6903600.22,5650
2024-08-24 07:00:00+00:00,165.016,165.826,164.806,165.586,6903600.22,5651
2024-08-24 08:00:00+00:00,165.016,165.826,164.806,165.586,6903600.22,5652
2024-08-24 09:00:00+00:00,165.016,165.826,164.806,165.586,6903600.22,5653
2024-08-24 10:00:00+00:00,165.016,165.826,164.806,165.586,6903600.22,5654
2024-08-24 11:00:00+00:00,165.016,165.826,164.806,165.586,6903600.22,5655
2024-08-24 12:00:00+00:00,165.016,165.826,164.806,165.586,6903600.22,5656
2024-08-24 13:00:00+00:00,165.016,165.826,164.806,165.586,6903600.22,5657
2024-08-24 14:00:00+00:00,165.016,165.826,164.806,165.586,6903600.22,5658
2024-08-24 15:00:00+00:00,165.016,165.826,164.806,165.586,6903600.22,5659
2024-08-24 16:00:00+00:00,165.016,165.826,164.806,165.586,6903600.22,5660
2024-08-24 17:00:00+00:00,165.016,165.826,164.806,165.586,6903600.22,5661
2024-08-24 18:00:00+00:00,165.016,165.826,164.806,165.586,6903600.22,5662
2024-08-24 19:00:00+00:00,165.016,165.826,164.806,165.586,6903600.22,5663
2024-08-24 20:00:00+00:00,165.016,165.826,164.806,165.586,6903600.22,5664
2024-08-24 21:00:00+00:00,165.016,165.826,164.806,165.586,6903600.22,5665
2024-08-24 22:00:00+00:00,165.016,165.826,164.806,165.586,6903600.22,5666
2024-08-24 23:00:00+00:00,165.016,165.826,164.806,165.586,6903600.22,5667
2024-08-25 00:00:00+00:00,165.016,165.826,164.806,165.586,6903600.22,5668
2024-08-25 01:00:00+00:00,165.016,165.826,164.806,165.586,6903600.22,5669
2024-08-25 02:00:00+00:00,165.016,165.826,164.806,165.586,6903600.22,5670
2024-08-25 03:00:00+00:00,165.016,165.826,164.806,165.586,6903600.22,5671
2024-08-25 04:00:00+00:00,165.016,165.826,164.806,165.586,6903600.22,5672
2024-08-25 05:00:00+00:00,165.016,165.826,164.806,165.586,6903600.22,5673
2024-08-25 06:00:00+00:00,165.016,165.826,164.806,165.586,6903600.22,5674
2024-08-25 07:00:00+00:00,165.016,165.826,164.806,165.586,6903600.22,5675
2024-08-25 08:00:00+00:00,165.016,165.826,164.806,165.586,6903600.22,5676
2024-08-25 09:00:00+00:00,165.016,165.826,164.806,165.586,6903600.22,5677
2024-08-25 10:00:00+00:00,165.016,165.826,164.806,165.586,6903600.22,5678
2024-08-25 11:00:00+00:00,165.016,165.826,164.806,165.586,6903600.22,5679
2024-08-25 12:00:00+00:00,165.016,165.826,164.806,165.586,6903600.22,5680
2024-08-25 13:00:00+00:00,165.016,165.826,164.806,165.586,6903600.22,5681
2024-08-25 14:00:00+00:00,165.016,165.826,164.806,165.586,6903600.22,5682
2024-08-25 15:00:00+00:00,165.016,165.826,164.806,165.586,6903600.22,5683
2024-08-25 16:00:00+00:00,165.016,165.826,164.806,165.586,6903600.22,5684
2024-08-25 17:00:00+00:00,165.016,165.826,164.806,165.586,6903600.22,5685
2024-08-25 18:00:00+00:00,165.016,165.826,164.806,165.586,6903600.22,5686
2024-08-25 19:00:00+00:00,165.016,165.826,164.806,165.586,6903600.22,5687
2024-08-25 20:00:00+00:00,165.016,165.826,164.806,165.586,6903600.22,5688
2024-08-25 21:00:00+00:00,165.016,165.826,164.806,165.586,6903600.22,5689
2024-08-25 22:00:00+00:00,165.016,165.826,164.806,165.586,6903600.22,5690
2024-08-25 23:00:00+00:00,165.016,165.826,164.806,165.586,6903600.22,5691
2024-08-26 00:00:00+00:00,165.016,165.826,164.806,165.586,6903600.22,5692
2024-08-26 01:00:00+00:00,165.016,165.826,164.806,165.586,6903600.22,5693
2024-08-26 02:00:00+00:00,165.016,165.826,164.806,165.586,6903600.22,5694
2024-08-26 03:00:00+00:00,165.016,165.826,164.806,165.586,6903600.22,5695
2024-08-26 04:00:00+00:00,165.016,165.826,164.806,165.586,6903600.22,5696
2024-08-26 05:00:00+00:00,165.016,165.826,164.806,165.586,6903600.22,5697
2024-08-26 06:00:00+00:00,165.016,165.826,164.806,165.586,6903600.22,5698
2024-08-26 07:00:00+00:00,165.016,165.826,164.806,165.586,6903600.22,5699
2024-08-26 08:00:00+00:00,165.016,165.826,164.806,165.586,6903600.22,5700
2024-08-26 09:00:00+00:00,165.016,165.826,164.806,165.586,6903600.22,5701
2024-08-26 10:00:00+00:00,165.016,165.826,164.806,165.586,6903600.22,5702
2024-08-26 11:00:00+00:00,165.016,165.826,164.806,165.586,6903600.22,5703
2024-08-26 12:00:00+00:00,165.016,165.826,164.806,165.586,6903600.22,5704
2024-08-26 13:00:00+00:00,166.337,167.516,165.606,166.127,5674799.92,5705
2024-08-26 14:00:00+00:00,166.176,166.186,164.437,165.536,10599599.84,5706
2024-08-26 15:00:00+00:00,165.537,165.967,165.306,165.527,7609200.0,5707
2024-08-26 16:00:00+00:00,165.537,166.097,165.346,165.997,5313600.06,5708
2024-08-26 17:00:00+00:00,165.997,166.286,165.616,165.776,5726399.9,5709
2024-08-26 18:00:00+00:00,165.766,166.467,165.666,166.207,5794799.8,5710
2024-08-26 19:00:00+00:00,166.196,166.277,165.807,166.186,6687600.14,5711
2024-08-26 20:00:00+00:00,166.196,166.277,165.807,166.186,6687600.14,5712
2024-08-26 21:00:00+00:00,166.196,166.277,165.807,166.186,6687600.14,5713
2024-08-26 22:00:00+00:00,166.196,166.277,165.807,166.186,6687600.14,5714
2024-08-26 23:00:00+00:00,166.196,166.277,165.807,166.186,6687600.14,5715
2024-08-27 00:00:00+00:00,166.196,166.277,165.807,166.186,6687600.14,5716
2024-08-27 01:00:00+00:00,166.196,166.277,165.807,166.186,6687600.14,5717
2024-08-27 02:00:00+00:00,166.196,166.277,165.807,166.186,6687600.14,5718
2024-08-27 03:00:00+00:00,166.196,166.277,165.807,166.186,6687600.14,5719
2024-08-27 04:00:00+00:00,166.196,166.277,165.807,166.186,6687600.14,5720
2024-08-27 05:00:00+00:00,166.196,166.277,165.807,166.186,6687600.14,5721
2024-08-27 06:00:00+00:00,166.196,166.277,165.807,166.186,6687600.14,5722
2024-08-27 07:00:00+00:00,166.196,166.277,165.807,166.186,6687600.14,5723
2024-08-27 08:00:00+00:00,166.196,166.277,165.807,166.186,6687600.14,5724
2024-08-27 09:00:00+00:00,166.196,166.277,165.807,166.186,6687600.14,5725
2024-08-27 10:00:00+00:00,166.196,166.277,165.807,166.186,6687600.14,5726
2024-08-27 11:00:00+00:00,166.196,166.277,165.807,166.186,6687600.14,5727
2024-08-27 12:00:00+00:00,166.196,166.277,165.807,166.186,6687600.14,5728
2024-08-27 13:00:00+00:00,165.757,166.266,164.856,165.656,6238800.05,5729
2024-08-27 14:00:00+00:00,165.676,166.407,165.597,166.166,12788399.7,5730
2024-08-27 15:00:00+00:00,166.177,166.437,165.597,165.757,10560000.42,5731
2024-08-27 16:00:00+00:00,165.747,166.346,165.686,165.946,5793600.08,5732
2024-08-27 17:00:00+00:00,165.936,166.127,165.736,166.106,5091599.94,5733
2024-08-27 18:00:00+00:00,166.096,166.127,165.346,165.446,5031600.0,5734
2024-08-27 19:00:00+00:00,165.456,165.487,164.446,164.647,7254000.19,5735
2024-08-27 20:00:00+00:00,165.456,165.487,164.446,164.647,7254000.19,5736
2024-08-27 21:00:00+00:00,165.456,165.487,164.446,164.647,7254000.19,5737
2024-08-27 22:00:00+00:00,165.456,165.487,164.446,164.647,7254000.19,5738
2024-08-27 23:00:00+00:00,165.456,165.487,164.446,164.647,7254000.19,5739
2024-08-28 00:00:00+00:00,165.456,165.487,164.446,164.647,7254000.19,5740
2024-08-28 01:00:00+00:00,165.456,165.487,164.446,164.647,7254000.19,5741
2024-08-28 02:00:00+00:00,165.456,165.487,164.446,164.647,7254000.19,5742
2024-08-28 03:00:00+00:00,165.456,165.487,164.446,164.647,7254000.19,5743
2024-08-28 04:00:00+00:00,165.456,165.487,164.446,164.647,7254000.19,5744
2024-08-28 05:00:00+00:00,165.456,165.487,164.446,164.647,7254000.19,5745
2024-08-28 06:00:00+00:00,165.456,165.487,164.446,164.647,7254000.19,5746
2024-08-28 07:00:00+00:00,165.456,165.487,164.446,164.647,7254000.19,5747
2024-08-28 08:00:00+00:00,165.456,165.487,164.446,164.647,7254000.19,5748
2024-08-28 09:00:00+00:00,165.456,165.487,164.446,164.647,7254000.19,5749
2024-08-28 10:00:00+00:00,165.456,165.487,164.446,164.647,7254000.19,5750
2024-08-28 11:00:00+00:00,165.456,165.487,164.446,164.647,7254000.19,5751
2024-08-28 12:00:00+00:00,165.456,165.487,164.446,164.647,7254000.19,5752
2024-08-28 13:00:00+00:00,164.987,165.556,162.916,163.337,4173600.2,5753
2024-08-28 14:00:00+00:00,163.356,163.356,162.246,162.466,7581600.19,5754
2024-08-28 15:00:00+00:00,162.446,162.607,161.506,162.446,8041199.68,5755
2024-08-28 16:00:00+00:00,162.416,162.857,162.176,162.767,4848000.05,5756
2024-08-28 17:00:00+00:00,162.756,162.887,161.936,161.976,4535999.77,5757
2024-08-28 18:00:00+00:00,161.967,162.917,161.806,162.897,4156799.79,5758
2024-08-28 19:00:00+00:00,162.877,163.337,162.586,162.836,6385200.02,5759
2024-08-28 20:00:00+00:00,162.877,163.337,162.586,162.836,6385200.02,5760
2024-08-28 21:00:00+00:00,162.877,163.337,162.586,162.836,6385200.02,5761
2024-08-28 22:00:00+00:00,162.877,163.337,162.586,162.836,6385200.02,5762
2024-08-28 23:00:00+00:00,162.877,163.337,162.586,162.836,6385200.02,5763
2024-08-29 00:00:00+00:00,162.877,163.337,162.586,162.836,6385200.02,5764
2024-08-29 01:00:00+00:00,162.877,163.337,162.586,162.836,6385200.02,5765
2024-08-29 02:00:00+00:00,162.877,163.337,162.586,162.836,6385200.02,5766
2024-08-29 03:00:00+00:00,162.877,163.337,162.586,162.836,6385200.02,5767
2024-08-29 04:00:00+00:00,162.877,163.337,162.586,162.836,6385200.02,5768
2024-08-29 05:00:00+00:00,162.877,163.337,162.586,162.836,6385200.02,5769
2024-08-29 06:00:00+00:00,162.877,163.337,162.586,162.836,6385200.02,5770
2024-08-29 07:00:00+00:00,162.877,163.337,162.586,162.836,6385200.02,5771
2024-08-29 08:00:00+00:00,162.877,163.337,162.586,162.836,6385200.02,5772
2024-08-29 09:00:00+00:00,162.877,163.337,162.586,162.836,6385200.02,5773
2024-08-29 10:00:00+00:00,162.877,163.337,162.586,162.836,6385200.02,5774
2024-08-29 11:00:00+00:00,162.877,163.337,162.586,162.836,6385200.02,5775
2024-08-29 12:00:00+00:00,162.877,163.337,162.586,162.836,6385200.02,5776
2024-08-29 13:00:00+00:00,164.257,165.866,163.906,165.726,5975999.83,5777
2024-08-29 14:00:00+00:00,165.747,165.946,164.716,165.167,9770400.05,5778
2024-08-29 15:00:00+00:00,165.186,165.537,164.676,164.987,5582399.85,5779
2024-08-29 16:00:00+00:00,164.967,165.337,164.326,164.506,3439199.92,5780
2024-08-29 17:00:00+00:00,164.477,164.636,162.246,163.196,5805600.17,5781
2024-08-29 18:00:00+00:00,163.196,163.196,160.606,161.016,9511199.95,5782
2024-08-29 19:00:00+00:00,161.007,161.967,160.236,161.776,11663999.56,5783
2024-08-29 20:00:00+00:00,161.007,161.967,160.236,161.776,11663999.56,5784
2024-08-29 21:00:00+00:00,161.007,161.967,160.236,161.776,11663999.56,5785
2024-08-29 22:00:00+00:00,161.007,161.967,160.236,161.776,11663999.56,5786
2024-08-29 23:00:00+00:00,161.007,161.967,160.236,161.776,11663999.56,5787
2024-08-30 00:00:00+00:00,161.007,161.967,160.236,161.776,11663999.56,5788
2024-08-30 01:00:00+00:00,161.007,161.967,160.236,161.776,11663999.56,5789
2024-08-30 02:00:00+00:00,161.007,161.967,160.236,161.776,11663999.56,5790
2024-08-30 03:00:00+00:00,161.007,161.967,160.236,161.776,11663999.56,5791
2024-08-30 04:00:00+00:00,161.007,161.967,160.236,161.776,11663999.56,5792
2024-08-30 05:00:00+00:00,161.007,161.967,160.236,161.776,11663999.56,5793
2024-08-30 06:00:00+00:00,161.007,161.967,160.236,161.776,11663999.56,5794
2024-08-30 07:00:00+00:00,161.007,161.967,160.236,161.776,11663999.56,5795
2024-08-30 08:00:00+00:00,161.007,161.967,160.236,161.776,11663999.56,5796
2024-08-30 09:00:00+00:00,161.007,161.967,160.236,161.776,11663999.56,5797
2024-08-30 10:00:00+00:00,161.007,161.967,160.236,161.776,11663999.56,5798
2024-08-30 11:00:00+00:00,161.007,161.967,160.236,161.776,11663999.56,5799
2024-08-30 12:00:00+00:00,161.007,161.967,160.236,161.776,11663999.56,5800
2024-08-30 13:00:00+00:00,162.566,163.196,162.136,163.077,6090000.15,5801
2024-08-30 14:00:00+00:00,163.057,163.146,161.896,161.897,11513999.94,5802
2024-08-30 15:00:00+00:00,161.907,162.507,161.686,162.426,10645199.78,5803
2024-08-30 16:00:00+00:00,162.416,162.486,161.766,162.397,8318400.38,5804
2024-08-30 17:00:00+00:00,162.376,162.627,162.236,162.286,4696800.23,5805
2024-08-30 18:00:00+00:00,162.296,162.617,162.176,162.436,5113200.19,5806
2024-08-30 19:00:00+00:00,162.417,163.587,162.367,163.286,8880000.11,5807
2024-08-30 20:00:00+00:00,162.417,163.587,162.367,163.286,8880000.11,5808
2024-08-30 21:00:00+00:00,162.417,163.587,162.367,163.286,8880000.11,5809
2024-08-30 22:00:00+00:00,162.417,163.587,162.367,163.286,8880000.11,5810
2024-08-30 23:00:00+00:00,162.417,163.587,162.367,163.286,8880000.11,5811
2024-08-31 00:00:00+00:00,162.417,163.587,162.367,163.286,8880000.11,5812
2024-08-31 01:00:00+00:00,162.417,163.587,162.367,163.286,8880000.11,5813
2024-08-31 02:00:00+00:00,162.417,163.587,162.367,163.286,8880000.11,5814
2024-08-31 03:00:00+00:00,162.417,163.587,162.367,163.286,8880000.11,5815
2024-08-31 04:00:00+00:00,162.417,163.587,162.367,163.286,8880000.11,5816
2024-08-31 05:00:00+00:00,162.417,163.587,162.367,163.286,8880000.11,5817
2024-08-31 06:00:00+00:00,162.417,163.587,162.367,163.286,8880000.11,5818
2024-08-31 07:00:00+00:00,162.417,163.587,162.367,163.286,8880000.11,5819
2024-08-31 08:00:00+00:00,162.417,163.587,162.367,163.286,8880000.11,5820
2024-08-31 09:00:00+00:00,162.417,163.587,162.367,163.286,8880000.11,5821
2024-08-31 10:00:00+00:00,162.417,163.587,162.367,163.286,8880000.11,5822
2024-08-31 11:00:00+00:00,162.417,163.587,162.367,163.286,8880000.11,5823
2024-08-31 12:00:00+00:00,162.417,163.587,162.367,163.286,8880000.11,5824
2024-08-31 13:00:00+00:00,162.417,163.587,162.367,163.286,8880000.11,5825
2024-08-31 14:00:00+00:00,162.417,163.587,162.367,163.286,8880000.11,5826
2024-08-31 15:00:00+00:00,162.417,163.587,162.367,163.286,8880000.11,5827
2024-08-31 16:00:00+00:00,162.417,163.587,162.367,163.286,8880000.11,5828
2024-08-31 17:00:00+00:00,162.417,163.587,162.367,163.286,8880000.11,5829
2024-08-31 18:00:00+00:00,162.417,163.587,162.367,163.286,8880000.11,5830
2024-08-31 19:00:00+00:00,162.417,163.587,162.367,163.286,8880000.11,5831
2024-08-31 20:00:00+00:00,162.417,163.587,162.367,163.286,8880000.11,5832
2024-08-31 21:00:00+00:00,162.417,163.587,162.367,163.286,8880000.11,5833
2024-08-31 22:00:00+00:00,162.417,163.587,162.367,163.286,8880000.11,5834
2024-08-31 23:00:00+00:00,162.417,163.587,162.367,163.286,8880000.11,5835
2024-09-01 00:00:00+00:00,162.417,163.587,162.367,163.286,8880000.11,5836
2024-09-01 01:00:00+00:00,162.417,163.587,162.367,163.286,8880000.11,5837
2024-09-01 02:00:00+00:00,162.417,163.587,162.367,163.286,8880000.11,5838
2024-09-01 03:00:00+00:00,162.417,163.587,162.367,163.286,8880000.11,5839
2024-09-01 04:00:00+00:00,162.417,163.587,162.367,163.286,8880000.11,5840
2024-09-01 05:00:00+00:00,162.417,163.587,162.367,163.286,8880000.11,5841
2024-09-01 06:00:00+00:00,162.417,163.587,162.367,163.286,8880000.11,5842
2024-09-01 07:00:00+00:00,162.417,163.587,162.367,163.286,8880000.11,5843
2024-09-01 08:00:00+00:00,162.417,163.587,162.367,163.286,8880000.11,5844
2024-09-01 09:00:00+00:00,162.417,163.587,162.367,163.286,8880000.11,5845
2024-09-01 10:00:00+00:00,162.417,163.587,162.367,163.286,8880000.11,5846
2024-09-01 11:00:00+00:00,162.417,163.587,162.367,163.286,8880000.11,5847
2024-09-01 12:00:00+00:00,162.417,163.587,162.367,163.286,8880000.11,5848
2024-09-01 13:00:00+00:00,162.417,163.587,162.367,163.286,8880000.11,5849
2024-09-01 14:00:00+00:00,162.417,163.587,162.367,163.286,8880000.11,5850
2024-09-01 15:00:00+00:00,162.417,163.587,162.367,163.286,8880000.11,5851
2024-09-01 16:00:00+00:00,162.417,163.587,162.367,163.286,8880000.11,5852
2024-09-01 17:00:00+00:00,162.417,163.587,162.367,163.286,8880000.11,5853
2024-09-01 18:00:00+00:00,162.417,163.587,162.367,163.286,8880000.11,5854
2024-09-01 19:00:00+00:00,162.417,163.587,162.367,163.286,8880000.11,5855
2024-09-01 20:00:00+00:00,162.417,163.587,162.367,163.286,8880000.11,5856
2024-09-01 21:00:00+00:00,162.417,163.587,162.367,163.286,8880000.11,5857
2024-09-01 22:00:00+00:00,162.417,163.587,162.367,163.286,8880000.11,5858
2024-09-01 23:00:00+00:00,162.417,163.587,162.367,163.286,8880000.11,5859
2024-09-02 00:00:00+00:00,162.417,163.587,162.367,163.286,8880000.11,5860
2024-09-02 01:00:00+00:00,162.417,163.587,162.367,163.286,8880000.11,5861
2024-09-02 02:00:00+00:00,162.417,163.587,162.367,163.286,8880000.11,5862
2024-09-02 03:00:00+00:00,162.417,163.587,162.367,163.286,8880000.11,5863
2024-09-02 04:00:00+00:00,162.417,163.587,162.367,163.286,8880000.11,5864
2024-09-02 05:00:00+00:00,162.417,163.587,162.367,163.286,8880000.11,5865
2024-09-02 06:00:00+00:00,162.417,163.587,162.367,163.286,8880000.11,5866
2024-09-02 07:00:00+00:00,162.417,163.587,162.367,163.286,8880000.11,5867
2024-09-02 08:00:00+00:00,162.417,163.587,162.367,163.286,8880000.11,5868
2024-09-02 09:00:00+00:00,162.417,163.587,162.367,163.286,8880000.11,5869
2024-09-02 10:00:00+00:00,162.417,163.587,162.367,163.286,8880000.11,5870
2024-09-02 11:00:00+00:00,162.417,163.587,162.367,163.286,8880000.11,5871
2024-09-02 12:00:00+00:00,162.417,163.587,162.367,163.286,8880000.11,5872
2024-09-02 13:00:00+00:00,162.417,163.587,162.367,163.286,8880000.11,5873
2024-09-02 14:00:00+00:00,162.417,163.587,162.367,163.286,8880000.11,5874
2024-09-02 15:00:00+00:00,162.417,163.587,162.367,163.286,8880000.11,5875
2024-09-02 16:00:00+00:00,162.417,163.587,162.367,163.286,8880000.11,5876
2024-09-02 17:00:00+00:00,162.417,163.587,162.367,163.286,8880000.11,5877
2024-09-02 18:00:00+00:00,162.417,163.587,162.367,163.286,8880000.11,5878
2024-09-02 19:00:00+00:00,162.417,163.587,162.367,163.286,8880000.11,5879
2024-09-02 20:00:00+00:00,162.417,163.587,162.367,163.286,8880000.11,5880
2024-09-02 21:00:00+00:00,162.417,163.587,162.367,163.286,8880000.11,5881
2024-09-02 22:00:00+00:00,162.417,163.587,162.367,163.286,8880000.11,5882
2024-09-02 23:00:00+00:00,162.417,163.587,162.367,163.286,8880000.11,5883
2024-09-03 00:00:00+00:00,162.417,163.587,162.367,163.286,8880000.11,5884
2024-09-03 01:00:00+00:00,162.417,163.587,162.367,163.286,8880000.11,5885
2024-09-03 02:00:00+00:00,162.417,163.587,162.367,163.286,8880000.11,5886
2024-09-03 03:00:00+00:00,162.417,163.587,162.367,163.286,8880000.11,5887
2024-09-03 04:00:00+00:00,162.417,163.587,162.367,163.286,8880000.11,5888
2024-09-03 05:00:00+00:00,162.417,163.587,162.367,163.286,8880000.11,5889
2024-09-03 06:00:00+00:00,162.417,163.587,162.367,163.286,8880000.11,5890
2024-09-03 07:00:00+00:00,162.417,163.587,162.367,163.286,8880000.11,5891
2024-09-03 08:00:00+00:00,162.417,163.587,162.367,163.286,8880000.11,5892
2024-09-03 09:00:00+00:00,162.417,163.587,162.367,163.286,8880000.11,5893
2024-09-03 10:00:00+00:00,162.417,163.587,162.367,163.286,8880000.11,5894
2024-09-03 11:00:00+00:00,162.417,163.587,162.367,163.286,8880000.11,5895
2024-09-03 12:00:00+00:00,162.417,163.587,162.367,163.286,8880000.11,5896
2024-09-03 13:00:00+00:00,161.626,161.797,159.646,160.467,5858399.87,5897
2024-09-03 14:00:00+00:00,160.497,160.567,158.736,158.967,12010800.36,5898
2024-09-03 15:00:00+00:00,158.966,159.386,158.796,158.937,7456799.98,5899
2024-09-03 16:00:00+00:00,158.937,159.347,158.676,158.946,5373600.01,5900
2024-09-03 17:00:00+00:00,158.946,159.197,158.336,158.407,5254799.84,5901
2024-09-03 18:00:00+00:00,158.416,158.447,157.466,157.586,7157999.99,5902
2024-09-03 19:00:00+00:00,157.587,157.636,156.476,157.357,9337200.16,5903
2024-09-03 20:00:00+00:00,157.587,157.636,156.476,157.357,9337200.16,5904
2024-09-03 21:00:00+00:00,157.587,157.636,156.476,157.357,9337200.16,5905
2024-09-03 22:00:00+00:00,157.587,157.636,156.476,157.357,9337200.16,5906
2024-09-03 23:00:00+00:00,157.587,157.636,156.476,157.357,9337200.16,5907
2024-09-04 00:00:00+00:00,157.587,157.636,156.476,157.357,9337200.16,5908
2024-09-04 01:00:00+00:00,157.587,157.636,156.476,157.357,9337200.16,5909
2024-09-04 02:00:00+00:00,157.587,157.636,156.476,157.357,9337200.16,5910
2024-09-04 03:00:00+00:00,157.587,157.636,156.476,157.357,9337200.16,5911
2024-09-04 04:00:00+00:00,157.587,157.636,156.476,157.357,9337200.16,5912
2024-09-04 05:00:00+00:00,157.587,157.636,156.476,157.357,9337200.16,5913
2024-09-04 06:00:00+00:00,157.587,157.636,156.476,157.357,9337200.16,5914
2024-09-04 07:00:00+00:00,157.587,157.636,156.476,157.357,9337200.16,5915
2024-09-04 08:00:00+00:00,157.587,157.636,156.476,157.357,9337200.16,5916
2024-09-04 09:00:00+00:00,157.587,157.636,156.476,157.357,9337200.16,5917
2024-09-04 10:00:00+00:00,157.587,157.636,156.476,157.357,9337200.16,5918
2024-09-04 11:00:00+00:00,157.587,157.636,156.476,157.357,9337200.16,5919
2024-09-04 12:00:00+00:00,157.587,157.636,156.476,157.357,9337200.16,5920
2024-09-04 13:00:00+00:00,156.627,158.977,156.387,157.767,6647999.76,5921
2024-09-04 14:00:00+00:00,157.727,158.197,156.967,158.167,13047599.79,5922
2024-09-04 15:00:00+00:00,158.176,158.387,156.856,157.077,7050000.19,5923
2024-09-04 16:00:00+00:00,157.087,157.557,156.776,157.217,5683199.88,5924
2024-09-04 17:00:00+00:00,157.226,157.227,155.966,156.216,5038799.76,5925
2024-09-04 18:00:00+00:00,156.217,156.867,156.107,156.426,5587200.16,5926
2024-09-04 19:00:00+00:00,156.417,156.937,156.246,156.407,8702400.21,5927
2024-09-04 20:00:00+00:00,156.417,156.937,156.246,156.407,8702400.21,5928
2024-09-04 21:00:00+00:00,156.417,156.937,156.246,156.407,8702400.21,5929
2024-09-04 22:00:00+00:00,156.417,156.937,156.246,156.407,8702400.21,5930
2024-09-04 23:00:00+00:00,156.417,156.937,156.246,156.407,8702400.21,5931
2024-09-05 00:00:00+00:00,156.417,156.937,156.246,156.407,8702400.21,5932
2024-09-05 01:00:00+00:00,156.417,156.937,156.246,156.407,8702400.21,5933
2024-09-05 02:00:00+00:00,156.417,156.937,156.246,156.407,8702400.21,5934
2024-09-05 03:00:00+00:00,156.417,156.937,156.246,156.407,8702400.21,5935
2024-09-05 04:00:00+00:00,156.417,156.937,156.246,156.407,8702400.21,5936
2024-09-05 05:00:00+00:00,156.417,156.937,156.246,156.407,8702400.21,5937
2024-09-05 06:00:00+00:00,156.417,156.937,156.246,156.407,8702400.21,5938
2024-09-05 07:00:00+00:00,156.417,156.937,156.246,156.407,8702400.21,5939
2024-09-05 08:00:00+00:00,156.417,156.937,156.246,156.407,8702400.21,5940
2024-09-05 09:00:00+00:00,156.417,156.937,156.246,156.407,8702400.21,5941
2024-09-05 10:00:00+00:00,156.417,156.937,156.246,156.407,8702400.21,5942
2024-09-05 11:00:00+00:00,156.417,156.937,156.246,156.407,8702400.21,5943
2024-09-05 12:00:00+00:00,156.417,156.937,156.246,156.407,8702400.21,5944
2024-09-05 13:00:00+00:00,156.086,159.416,155.966,158.367,7695600.03,5945
2024-09-05 14:00:00+00:00,158.387,159.237,157.766,157.997,13704000.47,5946
2024-09-05 15:00:00+00:00,158.006,158.077,156.757,156.827,11433600.43,5947
2024-09-05 16:00:00+00:00,156.817,157.197,156.536,156.707,8110799.79,5948
2024-09-05 17:00:00+00:00,156.707,157.587,156.496,157.587,7053599.83,5949
2024-09-05 18:00:00+00:00,157.587,157.746,157.106,157.246,6589200.02,5950
2024-09-05 19:00:00+00:00,157.237,157.327,156.547,157.236,8553600.31,5951
2024-09-05 20:00:00+00:00,157.237,157.327,156.547,157.236,8553600.31,5952
2024-09-05 21:00:00+00:00,157.237,157.327,156.547,157.236,8553600.31,5953
2024-09-05 22:00:00+00:00,157.237,157.327,156.547,157.236,8553600.31,5954
2024-09-05 23:00:00+00:00,157.237,157.327,156.547,157.236,8553600.31,5955
2024-09-06 00:00:00+00:00,157.237,157.327,156.547,157.236,8553600.31,5956
2024-09-06 01:00:00+00:00,157.237,157.327,156.547,157.236,8553600.31,5957
2024-09-06 02:00:00+00:00,157.237,157.327,156.547,157.236,8553600.31,5958
2024-09-06 03:00:00+00:00,157.237,157.327,156.547,157.236,8553600.31,5959
2024-09-06 04:00:00+00:00,157.237,157.327,156.547,157.236,8553600.31,5960
2024-09-06 05:00:00+00:00,157.237,157.327,156.547,157.236,8553600.31,5961
2024-09-06 06:00:00+00:00,157.237,157.327,156.547,157.236,8553600.31,5962
2024-09-06 07:00:00+00:00,157.237,157.327,156.547,157.236,8553600.31,5963
2024-09-06 08:00:00+00:00,157.237,157.327,156.547,157.236,8553600.31,5964
2024-09-06 09:00:00+00:00,157.237,157.327,156.547,157.236,8553600.31,5965
2024-09-06 10:00:00+00:00,157.237,157.327,156.547,157.236,8553600.31,5966
2024-09-06 11:00:00+00:00,157.237,157.327,156.547,157.236,8553600.31,5967
2024-09-06 12:00:00+00:00,157.237,157.327,156.547,157.236,8553600.31,5968
2024-09-06 13:00:00+00:00,157.247,157.817,154.687,154.816,9114000.32,5969
2024-09-06 14:00:00+00:00,154.837,155.157,152.946,153.316,18842399.6,5970
2024-09-06 15:00:00+00:00,153.316,153.987,151.886,151.996,18986099.24,5971
2024-09-06 16:00:00+00:00,151.986,152.087,151.326,151.546,8815500.26,5972
2024-09-06 17:00:00+00:00,151.557,151.997,151.536,151.626,8031600.0,5973
2024-09-06 18:00:00+00:00,151.616,152.017,151.266,151.796,6678899.77,5974
2024-09-06 19:00:00+00:00,151.827,151.967,150.567,150.907,10145443.92,5975
2024-09-06 20:00:00+00:00,151.827,151.967,150.567,150.907,10145443.92,5976
2024-09-06 21:00:00+00:00,151.827,151.967,150.567,150.907,10145443.92,5977
2024-09-06 22:00:00+00:00,151.827,151.967,150.567,150.907,10145443.92,5978
2024-09-06 23:00:00+00:00,151.827,151.967,150.567,150.907,10145443.92,5979
2024-09-07 00:00:00+00:00,151.827,151.967,150.567,150.907,10145443.92,5980
2024-09-07 01:00:00+00:00,151.827,151.967,150.567,150.907,10145443.92,5981
2024-09-07 02:00:00+00:00,151.827,151.967,150.567,150.907,10145443.92,5982
2024-09-07 03:00:00+00:00,151.827,151.967,150.567,150.907,10145443.92,5983
2024-09-07 04:00:00+00:00,151.827,151.967,150.567,150.907,10145443.92,5984
2024-09-07 05:00:00+00:00,151.827,151.967,150.567,150.907,10145443.92,5985
2024-09-07 06:00:00+00:00,151.827,151.967,150.567,150.907,10145443.92,5986
2024-09-07 07:00:00+00:00,151.827,151.967,150.567,150.907,10145443.92,5987
2024-09-07 08:00:00+00:00,151.827,151.967,150.567,150.907,10145443.92,5988
2024-09-07 09:00:00+00:00,151.827,151.967,150.567,150.907,10145443.92,5989
2024-09-07 10:00:00+00:00,151.827,151.967,150.567,150.907,10145443.92,5990
2024-09-07 11:00:00+00:00,151.827,151.967,150.567,150.907,10145443.92,5991
2024-09-07 12:00:00+00:00,151.827,151.967,150.567,150.907,10145443.92,5992
2024-09-07 13:00:00+00:00,151.827,151.967,150.567,150.907,10145443.92,5993
2024-09-07 14:00:00+00:00,151.827,151.967,150.567,150.907,10145443.92,5994
2024-09-07 15:00:00+00:00,151.827,151.967,150.567,150.907,10145443.92,5995
2024-09-07 16:00:00+00:00,151.827,151.967,150.567,150.907,10145443.92,5996
2024-09-07 17:00:00+00:00,151.827,151.967,150.567,150.907,10145443.92,5997
2024-09-07 18:00:00+00:00,151.827,151.967,150.567,150.907,10145443.92,5998
2024-09-07 19:00:00+00:00,151.827,151.967,150.567,150.907,10145443.92,5999
2024-09-07 20:00:00+00:00,151.827,151.967,150.567,150.907,10145443.92,6000
2024-09-07 21:00:00+00:00,151.827,151.967,150.567,150.907,10145443.92,6001
2024-09-07 22:00:00+00:00,151.827,151.967,150.567,150.907,10145443.92,6002
2024-09-07 23:00:00+00:00,151.827,151.967,150.567,150.907,10145443.92,6003
2024-09-08 00:00:00+00:00,151.827,151.967,150.567,150.907,10145443.92,6004
2024-09-08 01:00:00+00:00,151.827,151.967,150.567,150.907,10145443.92,6005
2024-09-08 02:00:00+00:00,151.827,151.967,150.567,150.907,10145443.92,6006
2024-09-08 03:00:00+00:00,151.827,151.967,150.567,150.907,10145443.92,6007
2024-09-08 04:00:00+00:00,151.827,151.967,150.567,150.907,10145443.92,6008
2024-09-08 05:00:00+00:00,151.827,151.967,150.567,150.907,10145443.92,6009
2024-09-08 06:00:00+00:00,151.827,151.967,150.567,150.907,10145443.92,6010
2024-09-08 07:00:00+00:00,151.827,151.967,150.567,150.907,10145443.92,6011
2024-09-08 08:00:00+00:00,151.827,151.967,150.567,150.907,10145443.92,6012
2024-09-08 09:00:00+00:00,151.827,151.967,150.567,150.907,10145443.92,6013
2024-09-08 10:00:00+00:00,151.827,151.967,150.567,150.907,10145443.92,6014
2024-09-08 11:00:00+00:00,151.827,151.967,150.567,150.907,10145443.92,6015
2024-09-08 12:00:00+00:00,151.827,151.967,150.567,150.907,10145443.92,6016
2024-09-08 13:00:00+00:00,151.827,151.967,150.567,150.907,10145443.92,6017
2024-09-08 14:00:00+00:00,151.827,151.967,150.567,150.907,10145443.92,6018
2024-09-08 15:00:00+00:00,151.827,151.967,150.567,150.907,10145443.92,6019
2024-09-08 16:00:00+00:00,151.827,151.967,150.567,150.907,10145443.92,6020
2024-09-08 17:00:00+00:00,151.827,151.967,150.567,150.907,10145443.92,6021
2024-09-08 18:00:00+00:00,151.827,151.967,150.567,150.907,10145443.92,6022
2024-09-08 19:00:00+00:00,151.827,151.967,150.567,150.907,10145443.92,6023
2024-09-08 20:00:00+00:00,151.827,151.967,150.567,150.907,10145443.92,6024
2024-09-08 21:00:00+00:00,151.827,151.967,150.567,150.907,10145443.92,6025
2024-09-08 22:00:00+00:00,151.827,151.967,150.567,150.907,10145443.92,6026
2024-09-08 23:00:00+00:00,151.827,151.967,150.567,150.907,10145443.92,6027
2024-09-09 00:00:00+00:00,151.827,151.967,150.567,150.907,10145443.92,6028
2024-09-09 01:00:00+00:00,151.827,151.967,150.567,150.907,10145443.92,6029
2024-09-09 02:00:00+00:00,151.827,151.967,150.567,150.907,10145443.92,6030
2024-09-09 03:00:00+00:00,151.827,151.967,150.567,150.907,10145443.92,6031
2024-09-09 04:00:00+00:00,151.827,151.967,150.567,150.907,10145443.92,6032
2024-09-09 05:00:00+00:00,151.827,151.967,150.567,150.907,10145443.92,6033
2024-09-09 06:00:00+00:00,151.827,151.967,150.567,150.907,10145443.92,6034
2024-09-09 07:00:00+00:00,151.827,151.967,150.567,150.907,10145443.92,6035
2024-09-09 08:00:00+00:00,151.827,151.967,150.567,150.907,10145443.92,6036
2024-09-09 09:00:00+00:00,151.827,151.967,150.567,150.907,10145443.92,6037
2024-09-09 10:00:00+00:00,151.827,151.967,150.567,150.907,10145443.92,6038
2024-09-09 11:00:00+00:00,151.827,151.967,150.567,150.907,10145443.92,6039
2024-09-09 12:00:00+00:00,151.827,151.967,150.567,150.907,10145443.92,6040
2024-09-09 13:00:00+00:00,152.397,153.387,152.046,152.577,6196800.23,6041
2024-09-09 14:00:00+00:00,152.587,152.597,148.956,148.957,14741999.63,6042
2024-09-09 15:00:00+00:00,148.957,149.286,147.996,149.276,11936400.41,6043
2024-09-09 16:00:00+00:00,149.277,149.897,148.596,149.526,7318799.97,6044
2024-09-09 17:00:00+00:00,149.526,149.627,148.996,149.227,7936800.0,6045
2024-09-09 18:00:00+00:00,149.217,149.276,147.996,148.167,8729999.54,6046
2024-09-09 19:00:00+00:00,148.166,148.786,147.206,148.716,11738400.46,6047
2024-09-09 20:00:00+00:00,148.166,148.786,147.206,148.716,11738400.46,6048
2024-09-09 21:00:00+00:00,148.166,148.786,147.206,148.716,11738400.46,6049
2024-09-09 22:00:00+00:00,148.166,148.786,147.206,148.716,11738400.46,6050
2024-09-09 23:00:00+00:00,148.166,148.786,147.206,148.716,11738400.46,6051
2024-09-10 00:00:00+00:00,148.166,148.786,147.206,148.716,11738400.46,6052
2024-09-10 01:00:00+00:00,148.166,148.786,147.206,148.716,11738400.46,6053
2024-09-10 02:00:00+00:00,148.166,148.786,147.206,148.716,11738400.46,6054
2024-09-10 03:00:00+00:00,148.166,148.786,147.206,148.716,11738400.46,6055
2024-09-10 04:00:00+00:00,148.166,148.786,147.206,148.716,11738400.46,6056
2024-09-10 05:00:00+00:00,148.166,148.786,147.206,148.716,11738400.46,6057
2024-09-10 06:00:00+00:00,148.166,148.786,147.206,148.716,11738400.46,6058
2024-09-10 07:00:00+00:00,148.166,148.786,147.206,148.716,11738400.46,6059
2024-09-10 08:00:00+00:00,148.166,148.786,147.206,148.716,11738400.46,6060
2024-09-10 09:00:00+00:00,148.166,148.786,147.206,148.716,11738400.46,6061
2024-09-10 10:00:00+00:00,148.166,148.786,147.206,148.716,11738400.46,6062
2024-09-10 11:00:00+00:00,148.166,148.786,147.206,148.716,11738400.46,6063
2024-09-10 12:00:00+00:00,148.166,148.786,147.206,148.716,11738400.46,6064
2024-09-10 13:00:00+00:00,150.486,151.216,149.506,150.066,6636000.16,6065
2024-09-10 14:00:00+00:00,150.076,150.266,148.796,149.147,15304499.63,6066
2024-09-10 15:00:00+00:00,149.136,149.837,148.506,148.516,10035934.45,6067
2024-09-10 16:00:00+00:00,148.516,149.437,148.306,149.277,10387200.36,6068
2024-09-10 17:00:00+00:00,149.287,149.687,149.167,149.496,8271599.77,6069
2024-09-10 18:00:00+00:00,149.497,150.417,149.496,150.087,7328400.14,6070
2024-09-10 19:00:00+00:00,150.086,150.217,148.597,148.636,8979599.95,6071
2024-09-10 20:00:00+00:00,150.086,150.217,148.597,148.636,8979599.95,6072
2024-09-10 21:00:00+00:00,150.086,150.217,148.597,148.636,8979599.95,6073
2024-09-10 22:00:00+00:00,150.086,150.217,148.597,148.636,8979599.95,6074
2024-09-10 23:00:00+00:00,150.086,150.217,148.597,148.636,8979599.95,6075
2024-09-11 00:00:00+00:00,150.086,150.217,148.597,148.636,8979599.95,6076
2024-09-11 01:00:00+00:00,150.086,150.217,148.597,148.636,8979599.95,6077
2024-09-11 02:00:00+00:00,150.086,150.217,148.597,148.636,8979599.95,6078
2024-09-11 03:00:00+00:00,150.086,150.217,148.597,148.636,8979599.95,6079
2024-09-11 04:00:00+00:00,150.086,150.217,148.597,148.636,8979599.95,6080
2024-09-11 05:00:00+00:00,150.086,150.217,148.597,148.636,8979599.95,6081
2024-09-11 06:00:00+00:00,150.086,150.217,148.597,148.636,8979599.95,6082
2024-09-11 07:00:00+00:00,150.086,150.217,148.597,148.636,8979599.95,6083
2024-09-11 08:00:00+00:00,150.086,150.217,148.597,148.636,8979599.95,6084
2024-09-11 09:00:00+00:00,150.086,150.217,148.597,148.636,8979599.95,6085
2024-09-11 10:00:00+00:00,150.086,150.217,148.597,148.636,8979599.95,6086
2024-09-11 11:00:00+00:00,150.086,150.217,148.597,148.636,8979599.95,6087
2024-09-11 12:00:00+00:00,150.086,150.217,148.597,148.636,8979599.95,6088
2024-09-11 13:00:00+00:00,149.796,150.527,149.036,149.666,7027200.22,6089
2024-09-11 14:00:00+00:00,149.687,149.917,147.507,147.927,17350799.56,6090
2024-09-11 15:00:00+00:00,147.916,149.277,147.706,148.626,12902400.02,6091
2024-09-11 16:00:00+00:00,148.636,149.667,148.536,149.567,11819999.69,6092
2024-09-11 17:00:00+00:00,149.576,150.737,149.456,150.226,9554400.44,6093
2024-09-11 18:00:00+00:00,150.236,150.457,149.827,150.066,10232399.94,6094
2024-09-11 19:00:00+00:00,150.077,151.487,149.986,151.087,10270799.64,6095
2024-09-11 20:00:00+00:00,150.077,151.487,149.986,151.087,10270799.64,6096
2024-09-11 21:00:00+00:00,150.077,151.487,149.986,151.087,10270799.64,6097
2024-09-11 22:00:00+00:00,150.077,151.487,149.986,151.087,10270799.64,6098
2024-09-11 23:00:00+00:00,150.077,151.487,149.986,151.087,10270799.64,6099
2024-09-12 00:00:00+00:00,150.077,151.487,149.986,151.087,10270799.64,6100
2024-09-12 01:00:00+00:00,150.077,151.487,149.986,151.087,10270799.64,6101
2024-09-12 02:00:00+00:00,150.077,151.487,149.986,151.087,10270799.64,6102
2024-09-12 03:00:00+00:00,150.077,151.487,149.986,151.087,10270799.64,6103
2024-09-12 04:00:00+00:00,150.077,151.487,149.986,151.087,10270799.64,6104
2024-09-12 05:00:00+00:00,150.077,151.487,149.986,151.087,10270799.64,6105
2024-09-12 06:00:00+00:00,150.077,151.487,149.986,151.087,10270799.64,6106
2024-09-12 07:00:00+00:00,150.077,151.487,149.986,151.087,10270799.64,6107
2024-09-12 08:00:00+00:00,150.077,151.487,149.986,151.087,10270799.64,6108
2024-09-12 09:00:00+00:00,150.077,151.487,149.986,151.087,10270799.64,6109
2024-09-12 10:00:00+00:00,150.077,151.487,149.986,151.087,10270799.64,6110
2024-09-12 11:00:00+00:00,150.077,151.487,149.986,151.087,10270799.64,6111
2024-09-12 12:00:00+00:00,150.077,151.487,149.986,151.087,10270799.64,6112
2024-09-12 13:00:00+00:00,153.706,154.397,152.956,153.366,8907600.4,6113
2024-09-12 14:00:00+00:00,153.387,153.807,152.637,153.447,17049600.6,6114
2024-09-12 15:00:00+00:00,153.426,154.116,153.066,153.137,14918399.81,6115
2024-09-12 16:00:00+00:00,153.127,154.156,152.896,154.096,9117600.44,6116
2024-09-12 17:00:00+00:00,154.107,154.446,153.886,154.366,7719600.2,6117
2024-09-12 18:00:00+00:00,154.386,154.546,153.476,154.257,10008000.37,6118
2024-09-12 19:00:00+00:00,154.257,154.807,153.946,154.696,10683600.43,6119
2024-09-12 20:00:00+00:00,154.257,154.807,153.946,154.696,10683600.43,6120
2024-09-12 21:00:00+00:00,154.257,154.807,153.946,154.696,10683600.43,6121
2024-09-12 22:00:00+00:00,154.257,154.807,153.946,154.696,10683600.43,6122
2024-09-12 23:00:00+00:00,154.257,154.807,153.946,154.696,10683600.43,6123
2024-09-13 00:00:00+00:00,154.257,154.807,153.946,154.696,10683600.43,6124
2024-09-13 01:00:00+00:00,154.257,154.807,153.946,154.696,10683600.43,6125
2024-09-13 02:00:00+00:00,154.257,154.807,153.946,154.696,10683600.43,6126
2024-09-13 03:00:00+00:00,154.257,154.807,153.946,154.696,10683600.43,6127
2024-09-13 04:00:00+00:00,154.257,154.807,153.946,154.696,10683600.43,6128
2024-09-13 05:00:00+00:00,154.257,154.807,153.946,154.696,10683600.43,6129
2024-09-13 06:00:00+00:00,154.257,154.807,153.946,154.696,10683600.43,6130
2024-09-13 07:00:00+00:00,154.257,154.807,153.946,154.696,10683600.43,6131
2024-09-13 08:00:00+00:00,154.257,154.807,153.946,154.696,10683600.43,6132
2024-09-13 09:00:00+00:00,154.257,154.807,153.946,154.696,10683600.43,6133
2024-09-13 10:00:00+00:00,154.257,154.807,153.946,154.696,10683600.43,6134
2024-09-13 11:00:00+00:00,154.257,154.807,153.946,154.696,10683600.43,6135
2024-09-13 12:00:00+00:00,154.257,154.807,153.946,154.696,10683600.43,6136
2024-09-13 13:00:00+00:00,155.367,156.656,155.196,155.867,7339200.02,6137
2024-09-13 14:00:00+00:00,155.887,158.366,155.656,157.556,12618000.03,6138
2024-09-13 15:00:00+00:00,157.557,157.627,156.606,157.096,7364399.91,6139
2024-09-13 16:00:00+00:00,157.086,157.277,156.626,157.256,7052400.11,6140
2024-09-13 17:00:00+00:00,157.256,157.517,156.936,157.387,5779200.08,6141
2024-09-13 18:00:00+00:00,157.386,157.497,156.956,157.337,6386400.22,6142
2024-09-13 19:00:00+00:00,157.337,157.927,157.257,157.436,6472799.78,6143
2024-09-13 20:00:00+00:00,157.337,157.927,157.257,157.436,6472799.78,6144
2024-09-13 21:00:00+00:00,157.337,157.927,157.257,157.436,6472799.78,6145
2024-09-13 22:00:00+00:00,157.337,157.927,157.257,157.436,6472799.78,6146
2024-09-13 23:00:00+00:00,157.337,157.927,157.257,157.436,6472799.78,6147
2024-09-14 00:00:00+00:00,157.337,157.927,157.257,157.436,6472799.78,6148
2024-09-14 01:00:00+00:00,157.337,157.927,157.257,157.436,6472799.78,6149
2024-09-14 02:00:00+00:00,157.337,157.927,157.257,157.436,6472799.78,6150
2024-09-14 03:00:00+00:00,157.337,157.927,157.257,157.436,6472799.78,6151
2024-09-14 04:00:00+00:00,157.337,157.927,157.257,157.436,6472799.78,6152
2024-09-14 05:00:00+00:00,157.337,157.927,157.257,157.436,6472799.78,6153
2024-09-14 06:00:00+00:00,157.337,157.927,157.257,157.436,6472799.78,6154
2024-09-14 07:00:00+00:00,157.337,157.927,157.257,157.436,6472799.78,6155
2024-09-14 08:00:00+00:00,157.337,157.927,157.257,157.436,6472799.78,6156
2024-09-14 09:00:00+00:00,157.337,157.927,157.257,157.436,6472799.78,6157
2024-09-14 10:00:00+00:00,157.337,157.927,157.257,157.436,6472799.78,6158
2024-09-14 11:00:00+00:00,157.337,157.927,157.257,157.436,6472799.78,6159
2024-09-14 12:00:00+00:00,157.337,157.927,157.257,157.436,6472799.78,6160
2024-09-14 13:00:00+00:00,157.337,157.927,157.257,157.436,6472799.78,6161
2024-09-14 14:00:00+00:00,157.337,157.927,157.257,157.436,6472799.78,6162
2024-09-14 15:00:00+00:00,157.337,157.927,157.257,157.436,6472799.78,6163
2024-09-14 16:00:00+00:00,157.337,157.927,157.257,157.436,6472799.78,6164
2024-09-14 17:00:00+00:00,157.337,157.927,157.257,157.436,6472799.78,6165
2024-09-14 18:00:00+00:00,157.337,157.927,157.257,157.436,6472799.78,6166
2024-09-14 19:00:00+00:00,157.337,157.927,157.257,157.436,6472799.78,6167
2024-09-14 20:00:00+00:00,157.337,157.927,157.257,157.436,6472799.78,6168
2024-09-14 21:00:00+00:00,157.337,157.927,157.257,157.436,6472799.78,6169
2024-09-14 22:00:00+00:00,157.337,157.927,157.257,157.436,6472799.78,6170
2024-09-14 23:00:00+00:00,157.337,157.927,157.257,157.436,6472799.78,6171
2024-09-15 00:00:00+00:00,157.337,157.927,157.257,157.436,6472799.78,6172
2024-09-15 01:00:00+00:00,157.337,157.927,157.257,157.436,6472799.78,6173
2024-09-15 02:00:00+00:00,157.337,157.927,157.257,157.436,6472799.78,6174
2024-09-15 03:00:00+00:00,157.337,157.927,157.257,157.436,6472799.78,6175
2024-09-15 04:00:00+00:00,157.337,157.927,157.257,157.436,6472799.78,6176
2024-09-15 05:00:00+00:00,157.337,157.927,157.257,157.436,6472799.78,6177
2024-09-15 06:00:00+00:00,157.337,157.927,157.257,157.436,6472799.78,6178
2024-09-15 07:00:00+00:00,157.337,157.927,157.257,157.436,6472799.78,6179
2024-09-15 08:00:00+00:00,157.337,157.927,157.257,157.436,6472799.78,6180
2024-09-15 09:00:00+00:00,157.337,157.927,157.257,157.436,6472799.78,6181
2024-09-15 10:00:00+00:00,157.337,157.927,157.257,157.436,6472799.78,6182
2024-09-15 11:00:00+00:00,157.337,157.927,157.257,157.436,6472799.78,6183
2024-09-15 12:00:00+00:00,157.337,157.927,157.257,157.436,6472799.78,6184
2024-09-15 13:00:00+00:00,157.337,157.927,157.257,157.436,6472799.78,6185
2024-09-15 14:00:00+00:00,157.337,157.927,157.257,157.436,6472799.78,6186
2024-09-15 15:00:00+00:00,157.337,157.927,157.257,157.436,6472799.78,6187
2024-09-15 16:00:00+00:00,157.337,157.927,157.257,157.436,6472799.78,6188
2024-09-15 17:00:00+00:00,157.337,157.927,157.257,157.436,6472799.78,6189
2024-09-15 18:00:00+00:00,157.337,157.927,157.257,157.436,6472799.78,6190
2024-09-15 19:00:00+00:00,157.337,157.927,157.257,157.436,6472799.78,6191
2024-09-15 20:00:00+00:00,157.337,157.927,157.257,157.436,6472799.78,6192
2024-09-15 21:00:00+00:00,157.337,157.927,157.257,157.436,6472799.78,6193
2024-09-15 22:00:00+00:00,157.337,157.927,157.257,157.436,6472799.78,6194
2024-09-15 23:00:00+00:00,157.337,157.927,157.257,157.436,6472799.78,6195
2024-09-16 00:00:00+00:00,157.337,157.927,157.257,157.436,6472799.78,6196
2024-09-16 01:00:00+00:00,157.337,157.927,157.257,157.436,6472799.78,6197
2024-09-16 02:00:00+00:00,157.337,157.927,157.257,157.436,6472799.78,6198
2024-09-16 03:00:00+00:00,157.337,157.927,157.257,157.436,6472799.78,6199
2024-09-16 04:00:00+00:00,157.337,157.927,157.257,157.436,6472799.78,6200
2024-09-16 05:00:00+00:00,157.337,157.927,157.257,157.436,6472799.78,6201
2024-09-16 06:00:00+00:00,157.337,157.927,157.257,157.436,6472799.78,6202
2024-09-16 07:00:00+00:00,157.337,157.927,157.257,157.436,6472799.78,6203
2024-09-16 08:00:00+00:00,157.337,157.927,157.257,157.436,6472799.78,6204
2024-09-16 09:00:00+00:00,157.337,157.927,157.257,157.436,6472799.78,6205
2024-09-16 10:00:00+00:00,157.337,157.927,157.257,157.436,6472799.78,6206
2024-09-16 11:00:00+00:00,157.337,157.927,157.257,157.436,6472799.78,6207
2024-09-16 12:00:00+00:00,157.337,157.927,157.257,157.436,6472799.78,6208
2024-09-16 13:00:00+00:00,157.237,158.036,156.577,157.887,6651599.88,6209
2024-09-16 14:00:00+00:00,157.876,158.247,157.066,157.866,14224800.11,6210
2024-09-16 15:00:00+00:00,157.857,158.227,157.396,157.697,9589200.02,6211
2024-09-16 16:00:00+00:00,157.696,157.917,157.396,157.756,7471199.99,6212
2024-09-16 17:00:00+00:00,157.757,158.047,157.456,157.946,5666399.96,6213
2024-09-16 18:00:00+00:00,157.946,158.077,157.516,157.786,6184800.15,6214
2024-09-16 19:00:00+00:00,157.777,158.157,157.646,158.016,8152799.61,6215
2024-09-16 20:00:00+00:00,157.777,158.157,157.646,158.016,8152799.61,6216
2024-09-16 21:00:00+00:00,157.777,158.157,157.646,158.016,8152799.61,6217
2024-09-16 22:00:00+00:00,157.777,158.157,157.646,158.016,8152799.61,6218
2024-09-16 23:00:00+00:00,157.777,158.157,157.646,158.016,8152799.61,6219
2024-09-17 00:00:00+00:00,157.777,158.157,157.646,158.016,8152799.61,6220
2024-09-17 01:00:00+00:00,157.777,158.157,157.646,158.016,8152799.61,6221
2024-09-17 02:00:00+00:00,157.777,158.157,157.646,158.016,8152799.61,6222
2024-09-17 03:00:00+00:00,157.777,158.157,157.646,158.016,8152799.61,6223
2024-09-17 04:00:00+00:00,157.777,158.157,157.646,158.016,8152799.61,6224
2024-09-17 05:00:00+00:00,157.777,158.157,157.646,158.016,8152799.61,6225
2024-09-17 06:00:00+00:00,157.777,158.157,157.646,158.016,8152799.61,6226
2024-09-17 07:00:00+00:00,157.777,158.157,157.646,158.016,8152799.61,6227
2024-09-17 08:00:00+00:00,157.777,158.157,157.646,158.016,8152799.61,6228
2024-09-17 09:00:00+00:00,157.777,158.157,157.646,158.016,8152799.61,6229
2024-09-17 10:00:00+00:00,157.777,158.157,157.646,158.016,8152799.61,6230
2024-09-17 11:00:00+00:00,157.777,158.157,157.646,158.016,8152799.61,6231
2024-09-17 12:00:00+00:00,157.777,158.157,157.646,158.016,8152799.61,6232
2024-09-17 13:00:00+00:00,159.006,159.907,158.486,159.666,6671999.93,6233
2024-09-17 14:00:00+00:00,159.677,160.547,159.326,159.756,12643199.92,6234
2024-09-17 15:00:00+00:00,159.767,159.887,159.006,159.727,8523599.62,6235
2024-09-17 16:00:00+00:00,159.727,159.777,158.437,158.556,12227999.69,6236
2024-09-17 17:00:00+00:00,158.556,159.207,158.356,159.167,12344400.41,6237
2024-09-17 18:00:00+00:00,159.156,159.347,158.436,158.626,9904800.41,6238
2024-09-17 19:00:00+00:00,158.616,159.346,158.536,159.307,11710800.17,6239
2024-09-17 20:00:00+00:00,158.616,159.346,158.536,159.307,11710800.17,6240
2024-09-17 21:00:00+00:00,158.616,159.346,158.536,159.307,11710800.17,6241
2024-09-17 22:00:00+00:00,158.616,159.346,158.536,159.307,11710800.17,6242
2024-09-17 23:00:00+00:00,158.616,159.346,158.536,159.307,11710800.17,6243
2024-09-18 00:00:00+00:00,158.616,159.346,158.536,159.307,11710800.17,6244
2024-09-18 01:00:00+00:00,158.616,159.346,158.536,159.307,11710800.17,6245
2024-09-18 02:00:00+00:00,158.616,159.346,158.536,159.307,11710800.17,6246
2024-09-18 03:00:00+00:00,158.616,159.346,158.536,159.307,11710800.17,6247
2024-09-18 04:00:00+00:00,158.616,159.346,158.536,159.307,11710800.17,6248
2024-09-18 05:00:00+00:00,158.616,159.346,158.536,159.307,11710800.17,6249
2024-09-18 06:00:00+00:00,158.616,159.346,158.536,159.307,11710800.17,6250
2024-09-18 07:00:00+00:00,158.616,159.346,158.536,159.307,11710800.17,6251
2024-09-18 08:00:00+00:00,158.616,159.346,158.536,159.307,11710800.17,6252
2024-09-18 09:00:00+00:00,158.616,159.346,158.536,159.307,11710800.17,6253
2024-09-18 10:00:00+00:00,158.616,159.346,158.536,159.307,11710800.17,6254
2024-09-18 11:00:00+00:00,158.616,159.346,158.536,159.307,11710800.17,6255
2024-09-18 12:00:00+00:00,158.616,159.346,158.536,159.307,11710800.17,6256
2024-09-18 13:00:00+00:00,159.667,160.197,159.036,160.037,3907200.1,6257
2024-09-18 14:00:00+00:00,160.047,160.166,159.256,159.567,8264399.53,6258
2024-09-18 15:00:00+00:00,159.577,159.707,158.577,158.786,5495999.81,6259
2024-09-18 16:00:00+00:00,158.776,159.537,158.716,159.217,3481199.98,6260
2024-09-18 17:00:00+00:00,159.216,159.627,159.116,159.406,3700799.94,6261
2024-09-18 18:00:00+00:00,159.406,160.446,158.876,159.427,16834800.72,6262
2024-09-18 19:00:00+00:00,159.437,160.487,159.056,159.777,19526399.61,6263
2024-09-18 20:00:00+00:00,159.437,160.487,159.056,159.777,19526399.61,6264
2024-09-18 21:00:00+00:00,159.437,160.487,159.056,159.777,19526399.61,6265
2024-09-18 22:00:00+00:00,159.437,160.487,159.056,159.777,19526399.61,6266
2024-09-18 23:00:00+00:00,159.437,160.487,159.056,159.777,19526399.61,6267
2024-09-19 00:00:00+00:00,159.437,160.487,159.056,159.777,19526399.61,6268
2024-09-19 01:00:00+00:00,159.437,160.487,159.056,159.777,19526399.61,6269
2024-09-19 02:00:00+00:00,159.437,160.487,159.056,159.777,19526399.61,6270
2024-09-19 03:00:00+00:00,159.437,160.487,159.056,159.777,19526399.61,6271
2024-09-19 04:00:00+00:00,159.437,160.487,159.056,159.777,19526399.61,6272
2024-09-19 05:00:00+00:00,159.437,160.487,159.056,159.777,19526399.61,6273
2024-09-19 06:00:00+00:00,159.437,160.487,159.056,159.777,19526399.61,6274
2024-09-19 07:00:00+00:00,159.437,160.487,159.056,159.777,19526399.61,6275
2024-09-19 08:00:00+00:00,159.437,160.487,159.056,159.777,19526399.61,6276
2024-09-19 09:00:00+00:00,159.437,160.487,159.056,159.777,19526399.61,6277
2024-09-19 10:00:00+00:00,159.437,160.487,159.056,159.777,19526399.61,6278
2024-09-19 11:00:00+00:00,159.437,160.487,159.056,159.777,19526399.61,6279
2024-09-19 12:00:00+00:00,159.437,160.487,159.056,159.777,19526399.61,6280
2024-09-19 13:00:00+00:00,163.676,163.756,161.346,161.477,6576000.21,6281
2024-09-19 14:00:00+00:00,161.507,163.337,161.316,162.176,12560400.01,6282
2024-09-19 15:00:00+00:00,162.186,163.227,162.127,162.806,9555600.17,6283
2024-09-19 16:00:00+00:00,162.807,163.036,162.616,162.737,6764400.01,6284
2024-09-19 17:00:00+00:00,162.727,163.347,162.716,163.127,6391200.07,6285
2024-09-19 18:00:00+00:00,163.116,163.147,162.596,162.926,8506799.7,6286
2024-09-19 19:00:00+00:00,162.917,162.977,162.066,162.147,11895600.32,6287
2024-09-19 20:00:00+00:00,162.917,162.977,162.066,162.147,11895600.32,6288
2024-09-19 21:00:00+00:00,162.917,162.977,162.066,162.147,11895600.32,6289
2024-09-19 22:00:00+00:00,162.917,162.977,162.066,162.147,11895600.32,6290
2024-09-19 23:00:00+00:00,162.917,162.977,162.066,162.147,11895600.32,6291
2024-09-20 00:00:00+00:00,162.917,162.977,162.066,162.147,11895600.32,6292
2024-09-20 01:00:00+00:00,162.917,162.977,162.066,162.147,11895600.32,6293
2024-09-20 02:00:00+00:00,162.917,162.977,162.066,162.147,11895600.32,6294
2024-09-20 03:00:00+00:00,162.917,162.977,162.066,162.147,11895600.32,6295
2024-09-20 04:00:00+00:00,162.917,162.977,162.066,162.147,11895600.32,6296
2024-09-20 05:00:00+00:00,162.917,162.977,162.066,162.147,11895600.32,6297
2024-09-20 06:00:00+00:00,162.917,162.977,162.066,162.147,11895600.32,6298
2024-09-20 07:00:00+00:00,162.917,162.977,162.066,162.147,11895600.32,6299
2024-09-20 08:00:00+00:00,162.917,162.977,162.066,162.147,11895600.32,6300
2024-09-20 09:00:00+00:00,162.917,162.977,162.066,162.147,11895600.32,6301
2024-09-20 10:00:00+00:00,162.917,162.977,162.066,162.147,11895600.32,6302
2024-09-20 11:00:00+00:00,162.917,162.977,162.066,162.147,11895600.32,6303
2024-09-20 12:00:00+00:00,162.917,162.977,162.066,162.147,11895600.32,6304
2024-09-20 13:00:00+00:00,163.396,163.607,162.626,162.886,5441999.91,6305
2024-09-20 14:00:00+00:00,162.877,163.177,162.176,162.206,11367600.44,6306
2024-09-20 15:00:00+00:00,162.207,162.827,162.056,162.667,8210399.63,6307
2024-09-20 16:00:00+00:00,162.657,163.157,162.506,163.096,5254799.84,6308
2024-09-20 17:00:00+00:00,163.087,163.207,162.497,162.736,5739600.18,6309
2024-09-20 18:00:00+00:00,162.746,162.847,162.386,162.716,6481200.22,6310
2024-09-20 19:00:00+00:00,162.696,163.717,162.556,163.496,10496399.88,6311
2024-09-20 20:00:00+00:00,162.696,163.717,162.556,163.496,10496399.88,6312
2024-09-20 21:00:00+00:00,162.696,163.717,162.556,163.496,10496399.88,6313
2024-09-20 22:00:00+00:00,162.696,163.717,162.556,163.496,10496399.88,6314
2024-09-20 23:00:00+00:00,162.696,163.717,162.556,163.496,10496399.88,6315
2024-09-21 00:00:00+00:00,162.696,163.717,162.556,163.496,10496399.88,6316
2024-09-21 01:00:00+00:00,162.696,163.717,162.556,163.496,10496399.88,6317
2024-09-21 02:00:00+00:00,162.696,163.717,162.556,163.496,10496399.88,6318
2024-09-21 03:00:00+00:00,162.696,163.717,162.556,163.496,10496399.88,6319
2024-09-21 04:00:00+00:00,162.696,163.717,162.556,163.496,10496399.88,6320
2024-09-21 05:00:00+00:00,162.696,163.717,162.556,163.496,10496399.88,6321
2024-09-21 06:00:00+00:00,162.696,163.717,162.556,163.496,10496399.88,6322
2024-09-21 07:00:00+00:00,162.696,163.717,162.556,163.496,10496399.88,6323
2024-09-21 08:00:00+00:00,162.696,163.717,162.556,163.496,10496399.88,6324
2024-09-21 09:00:00+00:00,162.696,163.717,162.556,163.496,10496399.88,6325
2024-09-21 10:00:00+00:00,162.696,163.717,162.556,163.496,10496399.88,6326
2024-09-21 11:00:00+00:00,162.696,163.717,162.556,163.496,10496399.88,6327
2024-09-21 12:00:00+00:00,162.696,163.717,162.556,163.496,10496399.88,6328
2024-09-21 13:00:00+00:00,162.696,163.717,162.556,163.496,10496399.88,6329
2024-09-21 14:00:00+00:00,162.696,163.717,162.556,163.496,10496399.88,6330
2024-09-21 15:00:00+00:00,162.696,163.717,162.556,163.496,10496399.88,6331
2024-09-21 16:00:00+00:00,162.696,163.717,162.556,163.496,10496399.88,6332
2024-09-21 17:00:00+00:00,162.696,163.717,162.556,163.496,10496399.88,6333
2024-09-21 18:00:00+00:00,162.696,163.717,162.556,163.496,10496399.88,6334
2024-09-21 19:00:00+00:00,162.696,163.717,162.556,163.496,10496399.88,6335
2024-09-21 20:00:00+00:00,162.696,163.717,162.556,163.496,10496399.88,6336
2024-09-21 21:00:00+00:00,162.696,163.717,162.556,163.496,10496399.88,6337
2024-09-21 22:00:00+00:00,162.696,163.717,162.556,163.496,10496399.88,6338
2024-09-21 23:00:00+00:00,162.696,163.717,162.556,163.496,10496399.88,6339
2024-09-22 00:00:00+00:00,162.696,163.717,162.556,163.496,10496399.88,6340
2024-09-22 01:00:00+00:00,162.696,163.717,162.556,163.496,10496399.88,6341
2024-09-22 02:00:00+00:00,162.696,163.717,162.556,163.496,10496399.88,6342
2024-09-22 03:00:00+00:00,162.696,163.717,162.556,163.496,10496399.88,6343
2024-09-22 04:00:00+00:00,162.696,163.717,162.556,163.496,10496399.88,6344
2024-09-22 05:00:00+00:00,162.696,163.717,162.556,163.496,10496399.88,6345
2024-09-22 06:00:00+00:00,162.696,163.717,162.556,163.496,10496399.88,6346
2024-09-22 07:00:00+00:00,162.696,163.717,162.556,163.496,10496399.88,6347
2024-09-22 08:00:00+00:00,162.696,163.717,162.556,163.496,10496399.88,6348
2024-09-22 09:00:00+00:00,162.696,163.717,162.556,163.496,10496399.88,6349
2024-09-22 10:00:00+00:00,162.696,163.717,162.556,163.496,10496399.88,6350
2024-09-22 11:00:00+00:00,162.696,163.717,162.556,163.496,10496399.88,6351
2024-09-22 12:00:00+00:00,162.696,163.717,162.556,163.496,10496399.88,6352
2024-09-22 13:00:00+00:00,162.696,163.717,162.556,163.496,10496399.88,6353
2024-09-22 14:00:00+00:00,162.696,163.717,162.556,163.496,10496399.88,6354
2024-09-22 15:00:00+00:00,162.696,163.717,162.556,163.496,10496399.88,6355
2024-09-22 16:00:00+00:00,162.696,163.717,162.556,163.496,10496399.88,6356
2024-09-22 17:00:00+00:00,162.696,163.717,162.556,163.496,10496399.88,6357
2024-09-22 18:00:00+00:00,162.696,163.717,162.556,163.496,10496399.88,6358
2024-09-22 19:00:00+00:00,162.696,163.717,162.556,163.496,10496399.88,6359
2024-09-22 20:00:00+00:00,162.696,163.717,162.556,163.496,10496399.88,6360
2024-09-22 21:00:00+00:00,162.696,163.717,162.556,163.496,10496399.88,6361
2024-09-22 22:00:00+00:00,162.696,163.717,162.556,163.496,10496399.88,6362
2024-09-22 23:00:00+00:00,162.696,163.717,162.556,163.496,10496399.88,6363
2024-09-23 00:00:00+00:00,162.696,163.717,162.556,163.496,10496399.88,6364
2024-09-23 01:00:00+00:00,162.696,163.717,162.556,163.496,10496399.88,6365
2024-09-23 02:00:00+00:00,162.696,163.717,162.556,163.496,10496399.88,6366
2024-09-23 03:00:00+00:00,162.696,163.717,162.556,163.496,10496399.88,6367
2024-09-23 04:00:00+00:00,162.696,163.717,162.556,163.496,10496399.88,6368
2024-09-23 05:00:00+00:00,162.696,163.717,162.556,163.496,10496399.88,6369
2024-09-23 06:00:00+00:00,162.696,163.717,162.556,163.496,10496399.88,6370
2024-09-23 07:00:00+00:00,162.696,163.717,162.556,163.496,10496399.88,6371
2024-09-23 08:00:00+00:00,162.696,163.717,162.556,163.496,10496399.88,6372
2024-09-23 09:00:00+00:00,162.696,163.717,162.556,163.496,10496399.88,6373
2024-09-23 10:00:00+00:00,162.696,163.717,162.556,163.496,10496399.88,6374
2024-09-23 11:00:00+00:00,162.696,163.717,162.556,163.496,10496399.88,6375
2024-09-23 12:00:00+00:00,162.696,163.717,162.556,163.496,10496399.88,6376
2024-09-23 13:00:00+00:00,164.346,165.447,163.696,164.187,6677999.97,6377
2024-09-23 14:00:00+00:00,164.186,164.477,163.387,164.126,12412799.84,6378
2024-09-23 15:00:00+00:00,164.137,164.207,163.566,163.587,10159199.71,6379
2024-09-23 16:00:00+00:00,163.597,163.597,162.616,162.647,10520400.05,6380
2024-09-23 17:00:00+00:00,162.647,162.936,162.186,162.817,9779999.73,6381
2024-09-23 18:00:00+00:00,162.827,162.947,162.516,162.717,7612800.12,6382
2024-09-23 19:00:00+00:00,162.697,162.826,161.647,161.806,8383199.69,6383
2024-09-23 20:00:00+00:00,162.697,162.826,161.647,161.806,8383199.69,6384
2024-09-23 21:00:00+00:00,162.697,162.826,161.647,161.806,8383199.69,6385
2024-09-23 22:00:00+00:00,162.697,162.826,161.647,161.806,8383199.69,6386
2024-09-23 23:00:00+00:00,162.697,162.826,161.647,161.806,8383199.69,6387
2024-09-24 00:00:00+00:00,162.697,162.826,161.647,161.806,8383199.69,6388
2024-09-24 01:00:00+00:00,162.697,162.826,161.647,161.806,8383199.69,6389
2024-09-24 02:00:00+00:00,162.697,162.826,161.647,161.806,8383199.69,6390
2024-09-24 03:00:00+00:00,162.697,162.826,161.647,161.806,8383199.69,6391
2024-09-24 04:00:00+00:00,162.697,162.826,161.647,161.806,8383199.69,6392
2024-09-24 05:00:00+00:00,162.697,162.826,161.647,161.806,8383199.69,6393
2024-09-24 06:00:00+00:00,162.697,162.826,161.647,161.806,8383199.69,6394
2024-09-24 07:00:00+00:00,162.697,162.826,161.647,161.806,8383199.69,6395
2024-09-24 08:00:00+00:00,162.697,162.826,161.647,161.806,8383199.69,6396
2024-09-24 09:00:00+00:00,162.697,162.826,161.647,161.806,8383199.69,6397
2024-09-24 10:00:00+00:00,162.697,162.826,161.647,161.806,8383199.69,6398
2024-09-24 11:00:00+00:00,162.697,162.826,161.647,161.806,8383199.69,6399
2024-09-24 12:00:00+00:00,162.697,162.826,161.647,161.806,8383199.69,6400
2024-09-24 13:00:00+00:00,163.007,163.007,161.316,161.326,4324800.01,6401
2024-09-24 14:00:00+00:00,161.336,162.697,160.677,162.656,12309599.88,6402
2024-09-24 15:00:00+00:00,162.656,162.937,162.276,162.937,8842800.14,6403
2024-09-24 16:00:00+00:00,162.956,163.197,162.507,162.516,7801199.91,6404
2024-09-24 17:00:00+00:00,162.516,162.577,162.046,162.056,6869999.89,6405
2024-09-24 18:00:00+00:00,162.047,162.447,161.897,162.326,6962399.96,6406
2024-09-24 19:00:00+00:00,162.307,162.786,162.057,162.286,6206399.92,6407
2024-09-24 20:00:00+00:00,162.307,162.786,162.057,162.286,6206399.92,6408
2024-09-24 21:00:00+00:00,162.307,162.786,162.057,162.286,6206399.92,6409
2024-09-24 22:00:00+00:00,162.307,162.786,162.057,162.286,6206399.92,6410
2024-09-24 23:00:00+00:00,162.307,162.786,162.057,162.286,6206399.92,6411
2024-09-25 00:00:00+00:00,162.307,162.786,162.057,162.286,6206399.92,6412
2024-09-25 01:00:00+00:00,162.307,162.786,162.057,162.286,6206399.92,6413
2024-09-25 02:00:00+00:00,162.307,162.786,162.057,162.286,6206399.92,6414
2024-09-25 03:00:00+00:00,162.307,162.786,162.057,162.286,6206399.92,6415
2024-09-25 04:00:00+00:00,162.307,162.786,162.057,162.286,6206399.92,6416
2024-09-25 05:00:00+00:00,162.307,162.786,162.057,162.286,6206399.92,6417
2024-09-25 06:00:00+00:00,162.307,162.786,162.057,162.286,6206399.92,6418
2024-09-25 07:00:00+00:00,162.307,162.786,162.057,162.286,6206399.92,6419
2024-09-25 08:00:00+00:00,162.307,162.786,162.057,162.286,6206399.92,6420
2024-09-25 09:00:00+00:00,162.307,162.786,162.057,162.286,6206399.92,6421
2024-09-25 10:00:00+00:00,162.307,162.786,162.057,162.286,6206399.92,6422
2024-09-25 11:00:00+00:00,162.307,162.786,162.057,162.286,6206399.92,6423
2024-09-25 12:00:00+00:00,162.307,162.786,162.057,162.286,6206399.92,6424
2024-09-25 13:00:00+00:00,161.397,162.447,161.356,162.427,5278800.01,6425
2024-09-25 14:00:00+00:00,162.437,162.787,162.286,162.417,7183199.88,6426
2024-09-25 15:00:00+00:00,162.396,162.636,161.696,161.857,5962800.03,6427
2024-09-25 16:00:00+00:00,161.857,161.907,161.336,161.557,5223599.91,6428
2024-09-25 17:00:00+00:00,161.556,162.217,161.336,162.136,6647999.76,6429
2024-09-25 18:00:00+00:00,162.146,162.176,161.516,161.776,4789199.83,6430
2024-09-25 19:00:00+00:00,161.776,161.837,161.296,161.477,4591199.87,6431
2024-09-25 20:00:00+00:00,161.776,161.837,161.296,161.477,4591199.87,6432
2024-09-25 21:00:00+00:00,161.776,161.837,161.296,161.477,4591199.87,6433
2024-09-25 22:00:00+00:00,161.776,161.837,161.296,161.477,4591199.87,6434
2024-09-25 23:00:00+00:00,161.776,161.837,161.296,161.477,4591199.87,6435
2024-09-26 00:00:00+00:00,161.776,161.837,161.296,161.477,4591199.87,6436
2024-09-26 01:00:00+00:00,161.776,161.837,161.296,161.477,4591199.87,6437
2024-09-26 02:00:00+00:00,161.776,161.837,161.296,161.477,4591199.87,6438
2024-09-26 03:00:00+00:00,161.776,161.837,161.296,161.477,4591199.87,6439
2024-09-26 04:00:00+00:00,161.776,161.837,161.296,161.477,4591199.87,6440
2024-09-26 05:00:00+00:00,161.776,161.837,161.296,161.477,4591199.87,6441
2024-09-26 06:00:00+00:00,161.776,161.837,161.296,161.477,4591199.87,6442
2024-09-26 07:00:00+00:00,161.776,161.837,161.296,161.477,4591199.87,6443
2024-09-26 08:00:00+00:00,161.776,161.837,161.296,161.477,4591199.87,6444
2024-09-26 09:00:00+00:00,161.776,161.837,161.296,161.477,4591199.87,6445
2024-09-26 10:00:00+00:00,161.776,161.837,161.296,161.477,4591199.87,6446
2024-09-26 11:00:00+00:00,161.776,161.837,161.296,161.477,4591199.87,6447
2024-09-26 12:00:00+00:00,161.776,161.837,161.296,161.477,4591199.87,6448
2024-09-26 13:00:00+00:00,163.606,164.026,163.016,163.627,6521999.84,6449
2024-09-26 14:00:00+00:00,163.597,163.597,162.656,162.726,13735199.93,6450
2024-09-26 15:00:00+00:00,162.727,163.247,162.296,163.176,11387999.53,6451
2024-09-26 16:00:00+00:00,163.176,163.197,162.656,162.687,8854800.22,6452
2024-09-26 17:00:00+00:00,162.697,162.747,162.266,162.516,8244000.43,6453
2024-09-26 18:00:00+00:00,162.517,162.967,162.316,162.597,7963200.09,6454
2024-09-26 19:00:00+00:00,162.587,162.997,162.376,162.726,8786399.84,6455
2024-09-26 20:00:00+00:00,162.587,162.997,162.376,162.726,8786399.84,6456
2024-09-26 21:00:00+00:00,162.587,162.997,162.376,162.726,8786399.84,6457
2024-09-26 22:00:00+00:00,162.587,162.997,162.376,162.726,8786399.84,6458
2024-09-26 23:00:00+00:00,162.587,162.997,162.376,162.726,8786399.84,6459
2024-09-27 00:00:00+00:00,162.587,162.997,162.376,162.726,8786399.84,6460
2024-09-27 01:00:00+00:00,162.587,162.997,162.376,162.726,8786399.84,6461
2024-09-27 02:00:00+00:00,162.587,162.997,162.376,162.726,8786399.84,6462
2024-09-27 03:00:00+00:00,162.587,162.997,162.376,162.726,8786399.84,6463
2024-09-27 04:00:00+00:00,162.587,162.997,162.376,162.726,8786399.84,6464
2024-09-27 05:00:00+00:00,162.587,162.997,162.376,162.726,8786399.84,6465
2024-09-27 06:00:00+00:00,162.587,162.997,162.376,162.726,8786399.84,6466
2024-09-27 07:00:00+00:00,162.587,162.997,162.376,162.726,8786399.84,6467
2024-09-27 08:00:00+00:00,162.587,162.997,162.376,162.726,8786399.84,6468
2024-09-27 09:00:00+00:00,162.587,162.997,162.376,162.726,8786399.84,6469
2024-09-27 10:00:00+00:00,162.587,162.997,162.376,162.726,8786399.84,6470
2024-09-27 11:00:00+00:00,162.587,162.997,162.376,162.726,8786399.84,6471
2024-09-27 12:00:00+00:00,162.587,162.997,162.376,162.726,8786399.84,6472
2024-09-27 13:00:00+00:00,162.807,163.946,162.606,163.927,4978799.82,6473
2024-09-27 14:00:00+00:00,163.926,165.686,163.926,165.217,11745599.75,6474
2024-09-27 15:00:00+00:00,165.217,165.377,163.866,164.006,11169599.53,6475
2024-09-27 16:00:00+00:00,164.017,164.527,163.936,164.337,8733599.66,6476
2024-09-27 17:00:00+00:00,164.346,164.617,164.256,164.587,7217999.94,6477
2024-09-27 18:00:00+00:00,164.576,164.727,163.716,164.137,8497200.01,6478
2024-09-27 19:00:00+00:00,164.117,164.467,163.706,163.877,9722399.71,6479
2024-09-27 20:00:00+00:00,164.117,164.467,163.706,163.877,9722399.71,6480
2024-09-27 21:00:00+00:00,164.117,164.467,163.706,163.877,9722399.71,6481
2024-09-27 22:00:00+00:00,164.117,164.467,163.706,163.877,9722399.71,6482
2024-09-27 23:00:00+00:00,164.117,164.467,163.706,163.877,9722399.71,6483
2024-09-28 00:00:00+00:00,164.117,164.467,163.706,163.877,9722399.71,6484
2024-09-28 01:00:00+00:00,164.117,164.467,163.706,163.877,9722399.71,6485
2024-09-28 02:00:00+00:00,164.117,164.467,163.706,163.877,9722399.71,6486
2024-09-28 03:00:00+00:00,164.117,164.467,163.706,163.877,9722399.71,6487
2024-09-28 04:00:00+00:00,164.117,164.467,163.706,163.877,9722399.71,6488
2024-09-28 05:00:00+00:00,164.117,164.467,163.706,163.877,9722399.71,6489
2024-09-28 06:00:00+00:00,164.117,164.467,163.706,163.877,9722399.71,6490
2024-09-28 07:00:00+00:00,164.117,164.467,163.706,163.877,9722399.71,6491
2024-09-28 08:00:00+00:00,164.117,164.467,163.706,163.877,9722399.71,6492
2024-09-28 09:00:00+00:00,164.117,164.467,163.706,163.877,9722399.71,6493
2024-09-28 10:00:00+00:00,164.117,164.467,163.706,163.877,9722399.71,6494
2024-09-28 11:00:00+00:00,164.117,164.467,163.706,163.877,9722399.71,6495
2024-09-28 12:00:00+00:00,164.117,164.467,163.706,163.877,9722399.71,6496
2024-09-28 13:00:00+00:00,164.117,164.467,163.706,163.877,9722399.71,6497
2024-09-28 14:00:00+00:00,164.117,164.467,163.706,163.877,9722399.71,6498
2024-09-28 15:00:00+00:00,164.117,164.467,163.706,163.877,9722399.71,6499
2024-09-28 16:00:00+00:00,164.117,164.467,163.706,163.877,9722399.71,6500
2024-09-28 17:00:00+00:00,164.117,164.467,163.706,163.877,9722399.71,6501
2024-09-28 18:00:00+00:00,164.117,164.467,163.706,163.877,9722399.71,6502
2024-09-28 19:00:00+00:00,164.117,164.467,163.706,163.877,9722399.71,6503
2024-09-28 20:00:00+00:00,164.117,164.467,163.706,163.877,9722399.71,6504
2024-09-28 21:00:00+00:00,164.117,164.467,163.706,163.877,9722399.71,6505
2024-09-28 22:00:00+00:00,164.117,164.467,163.706,163.877,9722399.71,6506
2024-09-28 23:00:00+00:00,164.117,164.467,163.706,163.877,9722399.71,6507
2024-09-29 00:00:00+00:00,164.117,164.467,163.706,163.877,9722399.71,6508
2024-09-29 01:00:00+00:00,164.117,164.467,163.706,163.877,9722399.71,6509
2024-09-29 02:00:00+00:00,164.117,164.467,163.706,163.877,9722399.71,6510
2024-09-29 03:00:00+00:00,164.117,164.467,163.706,163.877,9722399.71,6511
2024-09-29 04:00:00+00:00,164.117,164.467,163.706,163.877,9722399.71,6512
2024-09-29 05:00:00+00:00,164.117,164.467,163.706,163.877,9722399.71,6513
2024-09-29 06:00:00+00:00,164.117,164.467,163.706,163.877,9722399.71,6514
2024-09-29 07:00:00+00:00,164.117,164.467,163.706,163.877,9722399.71,6515
2024-09-29 08:00:00+00:00,164.117,164.467,163.706,163.877,9722399.71,6516
2024-09-29 09:00:00+00:00,164.117,164.467,163.706,163.877,9722399.71,6517
2024-09-29 10:00:00+00:00,164.117,164.467,163.706,163.877,9722399.71,6518
2024-09-29 11:00:00+00:00,164.117,164.467,163.706,163.877,9722399.71,6519
2024-09-29 12:00:00+00:00,164.117,164.467,163.706,163.877,9722399.71,6520
2024-09-29 13:00:00+00:00,164.117,164.467,163.706,163.877,9722399.71,6521
2024-09-29 14:00:00+00:00,164.117,164.467,163.706,163.877,9722399.71,6522
2024-09-29 15:00:00+00:00,164.117,164.467,163.706,163.877,9722399.71,6523
2024-09-29 16:00:00+00:00,164.117,164.467,163.706,163.877,9722399.71,6524
2024-09-29 17:00:00+00:00,164.117,164.467,163.706,163.877,9722399.71,6525
2024-09-29 18:00:00+00:00,164.117,164.467,163.706,163.877,9722399.71,6526
2024-09-29 19:00:00+00:00,164.117,164.467,163.706,163.877,9722399.71,6527
2024-09-29 20:00:00+00:00,164.117,164.467,163.706,163.877,9722399.71,6528
2024-09-29 21:00:00+00:00,164.117,164.467,163.706,163.877,9722399.71,6529
2024-09-29 22:00:00+00:00,164.117,164.467,163.706,163.877,9722399.71,6530
2024-09-29 23:00:00+00:00,164.117,164.467,163.706,163.877,9722399.71,6531
2024-09-30 00:00:00+00:00,164.117,164.467,163.706,163.877,9722399.71,6532
2024-09-30 01:00:00+00:00,164.117,164.467,163.706,163.877,9722399.71,6533
2024-09-30 02:00:00+00:00,164.117,164.467,163.706,163.877,9722399.71,6534
2024-09-30 03:00:00+00:00,164.117,164.467,163.706,163.877,9722399.71,6535
2024-09-30 04:00:00+00:00,164.117,164.467,163.706,163.877,9722399.71,6536
2024-09-30 05:00:00+00:00,164.117,164.467,163.706,163.877,9722399.71,6537
2024-09-30 06:00:00+00:00,164.117,164.467,163.706,163.877,9722399.71,6538
2024-09-30 07:00:00+00:00,164.117,164.467,163.706,163.877,9722399.71,6539
2024-09-30 08:00:00+00:00,164.117,164.467,163.706,163.877,9722399.71,6540
2024-09-30 09:00:00+00:00,164.117,164.467,163.706,163.877,9722399.71,6541
2024-09-30 10:00:00+00:00,164.117,164.467,163.706,163.877,9722399.71,6542
2024-09-30 11:00:00+00:00,164.117,164.467,163.706,163.877,9722399.71,6543
2024-09-30 12:00:00+00:00,164.117,164.467,163.706,163.877,9722399.71,6544
2024-09-30 13:00:00+00:00,163.336,165.167,163.317,164.727,4286399.84,6545
2024-09-30 14:00:00+00:00,164.716,164.716,163.576,163.627,7753200.05,6546
2024-09-30 15:00:00+00:00,163.636,164.637,163.576,164.467,6494400.02,6547
2024-09-30 16:00:00+00:00,164.477,164.967,164.426,164.827,4539599.9,6548
2024-09-30 17:00:00+00:00,164.826,164.857,164.346,164.757,3919199.94,6549
2024-09-30 18:00:00+00:00,164.747,164.807,163.816,164.417,7754399.78,6550
2024-09-30 19:00:00+00:00,164.396,166.057,164.236,165.867,8036399.84,6551
2024-09-30 20:00:00+00:00,164.396,166.057,164.236,165.867,8036399.84,6552
2024-09-30 21:00:00+00:00,164.396,166.057,164.236,165.867,8036399.84,6553
2024-09-30 22:00:00+00:00,164.396,166.057,164.236,165.867,8036399.84,6554
2024-09-30 23:00:00+00:00,164.396,166.057,164.236,165.867,8036399.84,6555
2024-10-01 00:00:00+00:00,164.396,166.057,164.236,165.867,8036399.84,6556
2024-10-01 01:00:00+00:00,164.396,166.057,164.236,165.867,8036399.84,6557
2024-10-01 02:00:00+00:00,164.396,166.057,164.236,165.867,8036399.84,6558
2024-10-01 03:00:00+00:00,164.396,166.057,164.236,165.867,8036399.84,6559
2024-10-01 04:00:00+00:00,164.396,166.057,164.236,165.867,8036399.84,6560
2024-10-01 05:00:00+00:00,164.396,166.057,164.236,165.867,8036399.84,6561
2024-10-01 06:00:00+00:00,164.396,166.057,164.236,165.867,8036399.84,6562
2024-10-01 07:00:00+00:00,164.396,166.057,164.236,165.867,8036399.84,6563
2024-10-01 08:00:00+00:00,164.396,166.057,164.236,165.867,8036399.84,6564
2024-10-01 09:00:00+00:00,164.396,166.057,164.236,165.867,8036399.84,6565
2024-10-01 10:00:00+00:00,164.396,166.057,164.236,165.867,8036399.84,6566
2024-10-01 11:00:00+00:00,164.396,166.057,164.236,165.867,8036399.84,6567
2024-10-01 12:00:00+00:00,164.396,166.057,164.236,165.867,8036399.84,6568
2024-10-01 13:00:00+00:00,167.706,169.127,165.746,166.186,7636799.81,6569
2024-10-01 14:00:00+00:00,166.166,166.407,164.607,165.537,14487600.33,6570
2024-10-01 15:00:00+00:00,165.547,166.317,164.586,165.886,10389599.8,6571
2024-10-01 16:00:00+00:00,165.877,166.537,165.506,166.257,9883199.69,6572
2024-10-01 17:00:00+00:00,166.247,167.256,165.696,167.217,10160400.39,6573
2024-10-01 18:00:00+00:00,167.196,167.817,167.187,167.786,7590000.15,6574
2024-10-01 19:00:00+00:00,167.787,167.896,166.787,167.017,8024399.76,6575
2024-10-01 20:00:00+00:00,167.787,167.896,166.787,167.017,8024399.76,6576
2024-10-01 21:00:00+00:00,167.787,167.896,166.787,167.017,8024399.76,6577
2024-10-01 22:00:00+00:00,167.787,167.896,166.787,167.017,8024399.76,6578
2024-10-01 23:00:00+00:00,167.787,167.896,166.787,167.017,8024399.76,6579
2024-10-02 00:00:00+00:00,167.787,167.896,166.787,167.017,8024399.76,6580
2024-10-02 01:00:00+00:00,167.787,167.896,166.787,167.017,8024399.76,6581
2024-10-02 02:00:00+00:00,167.787,167.896,166.787,167.017,8024399.76,6582
2024-10-02 03:00:00+00:00,167.787,167.896,166.787,167.017,8024399.76,6583
2024-10-02 04:00:00+00:00,167.787,167.896,166.787,167.017,8024399.76,6584
2024-10-02 05:00:00+00:00,167.787,167.896,166.787,167.017,8024399.76,6585
2024-10-02 06:00:00+00:00,167.787,167.896,166.787,167.017,8024399.76,6586
2024-10-02 07:00:00+00:00,167.787,167.896,166.787,167.017,8024399.76,6587
2024-10-02 08:00:00+00:00,167.787,167.896,166.787,167.017,8024399.76,6588
2024-10-02 09:00:00+00:00,167.787,167.896,166.787,167.017,8024399.76,6589
2024-10-02 10:00:00+00:00,167.787,167.896,166.787,167.017,8024399.76,6590
2024-10-02 11:00:00+00:00,167.787,167.896,166.787,167.017,8024399.76,6591
2024-10-02 12:00:00+00:00,167.787,167.896,166.787,167.017,8024399.76,6592
2024-10-02 13:00:00+00:00,166.416,167.506,164.976,165.517,6653999.81,6593
2024-10-02 14:00:00+00:00,165.507,165.737,164.887,165.076,10424400.33,6594
2024-10-02 15:00:00+00:00,165.067,165.827,164.716,165.087,7022399.9,6595
2024-10-02 16:00:00+00:00,165.097,165.587,165.027,165.416,6047999.86,6596
2024-10-02 17:00:00+00:00,165.406,165.777,165.186,165.716,5544000.15,6597
2024-10-02 18:00:00+00:00,165.717,165.897,165.376,165.727,4126800.06,6598
2024-10-02 19:00:00+00:00,165.736,166.587,165.647,165.847,5300399.78,6599
2024-10-02 20:00:00+00:00,165.736,166.587,165.647,165.847,5300399.78,6600
2024-10-02 21:00:00+00:00,165.736,166.587,165.647,165.847,5300399.78,6601
2024-10-02 22:00:00+00:00,165.736,166.587,165.647,165.847,5300399.78,6602
2024-10-02 23:00:00+00:00,165.736,166.587,165.647,165.847,5300399.78,6603
2024-10-03 00:00:00+00:00,165.736,166.587,165.647,165.847,5300399.78,6604
2024-10-03 01:00:00+00:00,165.736,166.587,165.647,165.847,5300399.78,6605
2024-10-03 02:00:00+00:00,165.736,166.587,165.647,165.847,5300399.78,6606
2024-10-03 03:00:00+00:00,165.736,166.587,165.647,165.847,5300399.78,6607
2024-10-03 04:00:00+00:00,165.736,166.587,165.647,165.847,5300399.78,6608
2024-10-03 05:00:00+00:00,165.736,166.587,165.647,165.847,5300399.78,6609
2024-10-03 06:00:00+00:00,165.736,166.587,165.647,165.847,5300399.78,6610
2024-10-03 07:00:00+00:00,165.736,166.587,165.647,165.847,5300399.78,6611
2024-10-03 08:00:00+00:00,165.736,166.587,165.647,165.847,5300399.78,6612
2024-10-03 09:00:00+00:00,165.736,166.587,165.647,165.847,5300399.78,6613
2024-10-03 10:00:00+00:00,165.736,166.587,165.647,165.847,5300399.78,6614
2024-10-03 11:00:00+00:00,165.736,166.587,165.647,165.847,5300399.78,6615
2024-10-03 12:00:00+00:00,165.736,166.587,165.647,165.847,5300399.78,6616
2024-10-03 13:00:00+00:00,164.356,165.087,163.906,164.796,4464000.23,6617
2024-10-03 14:00:00+00:00,164.796,165.697,164.346,164.997,17122800.83,6618
2024-10-03 15:00:00+00:00,164.997,166.047,164.936,165.977,10591199.87,6619
2024-10-03 16:00:00+00:00,165.987,166.467,165.806,165.917,9082799.91,6620
2024-10-03 17:00:00+00:00,165.917,166.627,165.737,166.066,8765999.79,6621
2024-10-03 18:00:00+00:00,166.057,166.167,165.767,165.947,6052800.18,6622
2024-10-03 19:00:00+00:00,165.937,166.157,165.556,165.817,7015200.14,6623
2024-10-03 20:00:00+00:00,165.937,166.157,165.556,165.817,7015200.14,6624
2024-10-03 21:00:00+00:00,165.937,166.157,165.556,165.817,7015200.14,6625
2024-10-03 22:00:00+00:00,165.937,166.157,165.556,165.817,7015200.14,6626
2024-10-03 23:00:00+00:00,165.937,166.157,165.556,165.817,7015200.14,6627
2024-10-04 00:00:00+00:00,165.937,166.157,165.556,165.817,7015200.14,6628
2024-10-04 01:00:00+00:00,165.937,166.157,165.556,165.817,7015200.14,6629
2024-10-04 02:00:00+00:00,165.937,166.157,165.556,165.817,7015200.14,6630
2024-10-04 03:00:00+00:00,165.937,166.157,165.556,165.817,7015200.14,6631
2024-10-04 04:00:00+00:00,165.937,166.157,165.556,165.817,7015200.14,6632
2024-10-04 05:00:00+00:00,165.937,166.157,165.556,165.817,7015200.14,6633
2024-10-04 06:00:00+00:00,165.937,166.157,165.556,165.817,7015200.14,6634
2024-10-04 07:00:00+00:00,165.937,166.157,165.556,165.817,7015200.14,6635
2024-10-04 08:00:00+00:00,165.937,166.157,165.556,165.817,7015200.14,6636
2024-10-04 09:00:00+00:00,165.937,166.157,165.556,165.817,7015200.14,6637
2024-10-04 10:00:00+00:00,165.937,166.157,165.556,165.817,7015200.14,6638
2024-10-04 11:00:00+00:00,165.937,166.157,165.556,165.817,7015200.14,6639
2024-10-04 12:00:00+00:00,165.937,166.157,165.556,165.817,7015200.14,6640
2024-10-04 13:00:00+00:00,168.087,168.206,166.427,166.556,6190800.19,6641
2024-10-04 14:00:00+00:00,166.576,166.917,165.627,166.277,15189599.99,6642
2024-10-04 15:00:00+00:00,166.266,166.667,165.477,166.366,12730799.68,6643
2024-10-04 16:00:00+00:00,166.366,166.476,165.916,166.307,8563200.0,6644
2024-10-04 17:00:00+00:00,166.317,166.387,165.746,165.867,7664400.1,6645
2024-10-04 18:00:00+00:00,165.857,166.227,165.686,166.147,6980400.09,6646
2024-10-04 19:00:00+00:00,166.146,167.166,166.026,167.016,7450799.94,6647
2024-10-04 20:00:00+00:00,166.146,167.166,166.026,167.016,7450799.94,6648
2024-10-04 21:00:00+00:00,166.146,167.166,166.026,167.016,7450799.94,6649
2024-10-04 22:00:00+00:00,166.146,167.166,166.026,167.016,7450799.94,6650
2024-10-04 23:00:00+00:00,166.146,167.166,166.026,167.016,7450799.94,6651
2024-10-05 00:00:00+00:00,166.146,167.166,166.026,167.016,7450799.94,6652
2024-10-05 01:00:00+00:00,166.146,167.166,166.026,167.016,7450799.94,6653
2024-10-05 02:00:00+00:00,166.146,167.166,166.026,167.016,7450799.94,6654
2024-10-05 03:00:00+00:00,166.146,167.166,166.026,167.016,7450799.94,6655
2024-10-05 04:00:00+00:00,166.146,167.166,166.026,167.016,7450799.94,6656
2024-10-05 05:00:00+00:00,166.146,167.166,166.026,167.016,7450799.94,6657
2024-10-05 06:00:00+00:00,166.146,167.166,166.026,167.016,7450799.94,6658
2024-10-05 07:00:00+00:00,166.146,167.166,166.026,167.016,7450799.94,6659
2024-10-05 08:00:00+00:00,166.146,167.166,166.026,167.016,7450799.94,6660
2024-10-05 09:00:00+00:00,166.146,167.166,166.026,167.016,7450799.94,6661
2024-10-05 10:00:00+00:00,166.146,167.166,166.026,167.016,7450799.94,6662
2024-10-05 11:00:00+00:00,166.146,167.166,166.026,167.016,7450799.94,6663
2024-10-05 12:00:00+00:00,166.146,167.166,166.026,167.016,7450799.94,6664
2024-10-05 13:00:00+00:00,166.146,167.166,166.026,167.016,7450799.94,6665
2024-10-05 14:00:00+00:00,166.146,167.166,166.026,167.016,7450799.94,6666
2024-10-05 15:00:00+00:00,166.146,167.166,166.026,167.016,7450799.94,6667
2024-10-05 16:00:00+00:00,166.146,167.166,166.026,167.016,7450799.94,6668
2024-10-05 17:00:00+00:00,166.146,167.166,166.026,167.016,7450799.94,6669
2024-10-05 18:00:00+00:00,166.146,167.166,166.026,167.016,7450799.94,6670
2024-10-05 19:00:00+00:00,166.146,167.166,166.026,167.016,7450799.94,6671
2024-10-05 20:00:00+00:00,166.146,167.166,166.026,167.016,7450799.94,6672
2024-10-05 21:00:00+00:00,166.146,167.166,166.026,167.016,7450799.94,6673
2024-10-05 22:00:00+00:00,166.146,167.166,166.026,167.016,7450799.94,6674
2024-10-05 23:00:00+00:00,166.146,167.166,166.026,167.016,7450799.94,6675
2024-10-06 00:00:00+00:00,166.146,167.166,166.026,167.016,7450799.94,6676
2024-10-06 01:00:00+00:00,166.146,167.166,166.026,167.016,7450799.94,6677
2024-10-06 02:00:00+00:00,166.146,167.166,166.026,167.016,7450799.94,6678
2024-10-06 03:00:00+00:00,166.146,167.166,166.026,167.016,7450799.94,6679
2024-10-06 04:00:00+00:00,166.146,167.166,166.026,167.016,7450799.94,6680
2024-10-06 05:00:00+00:00,166.146,167.166,166.026,167.016,7450799.94,6681
2024-10-06 06:00:00+00:00,166.146,167.166,166.026,167.016,7450799.94,6682
2024-10-06 07:00:00+00:00,166.146,167.166,166.026,167.016,7450799.94,6683
2024-10-06 08:00:00+00:00,166.146,167.166,166.026,167.016,7450799.94,6684
2024-10-06 09:00:00+00:00,166.146,167.166,166.026,167.016,7450799.94,6685
2024-10-06 10:00:00+00:00,166.146,167.166,166.026,167.016,7450799.94,6686
2024-10-06 11:00:00+00:00,166.146,167.166,166.026,167.016,7450799.94,6687
2024-10-06 12:00:00+00:00,166.146,167.166,166.026,167.016,7450799.94,6688
2024-10-06 13:00:00+00:00,166.146,167.166,166.026,167.016,7450799.94,6689
2024-10-06 14:00:00+00:00,166.146,167.166,166.026,167.016,7450799.94,6690
2024-10-06 15:00:00+00:00,166.146,167.166,166.026,167.016,7450799.94,6691
2024-10-06 16:00:00+00:00,166.146,167.166,166.026,167.016,7450799.94,6692
2024-10-06 17:00:00+00:00,166.146,167.166,166.026,167.016,7450799.94,6693
2024-10-06 18:00:00+00:00,166.146,167.166,166.026,167.016,7450799.94,6694
2024-10-06 19:00:00+00:00,166.146,167.166,166.026,167.016,7450799.94,6695
2024-10-06 20:00:00+00:00,166.146,167.166,166.026,167.016,7450799.94,6696
2024-10-06 21:00:00+00:00,166.146,167.166,166.026,167.016,7450799.94,6697
2024-10-06 22:00:00+00:00,166.146,167.166,166.026,167.016,7450799.94,6698
2024-10-06 23:00:00+00:00,166.146,167.166,166.026,167.016,7450799.94,6699
2024-10-07 00:00:00+00:00,166.146,167.166,166.026,167.016,7450799.94,6700
2024-10-07 01:00:00+00:00,166.146,167.166,166.026,167.016,7450799.94,6701
2024-10-07 02:00:00+00:00,166.146,167.166,166.026,167.016,7450799.94,6702
2024-10-07 03:00:00+00:00,166.146,167.166,166.026,167.016,7450799.94,6703
2024-10-07 04:00:00+00:00,166.146,167.166,166.026,167.016,7450799.94,6704
2024-10-07 05:00:00+00:00,166.146,167.166,166.026,167.016,7450799.94,6705
2024-10-07 06:00:00+00:00,166.146,167.166,166.026,167.016,7450799.94,6706
2024-10-07 07:00:00+00:00,166.146,167.166,166.026,167.016,7450799.94,6707
2024-10-07 08:00:00+00:00,166.146,167.166,166.026,167.016,7450799.94,6708
2024-10-07 09:00:00+00:00,166.146,167.166,166.026,167.016,7450799.94,6709
2024-10-07 10:00:00+00:00,166.146,167.166,166.026,167.016,7450799.94,6710
2024-10-07 11:00:00+00:00,166.146,167.166,166.026,167.016,7450799.94,6711
2024-10-07 12:00:00+00:00,166.146,167.166,166.026,167.016,7450799.94,6712
2024-10-07 13:00:00+00:00,167.656,168.437,165.876,166.036,7048799.99,6713
2024-10-07 14:00:00+00:00,166.056,167.017,165.976,166.257,11680800.44,6714
2024-10-07 15:00:00+00:00,166.256,166.256,165.636,165.766,9081600.19,6715
2024-10-07 16:00:00+00:00,165.777,165.877,165.056,165.166,7942800.05,6716
2024-10-07 17:00:00+00:00,165.167,165.326,164.526,164.846,7156799.79,6717
2024-10-07 18:00:00+00:00,164.837,164.877,162.946,163.176,11041199.68,6718
2024-10-07 19:00:00+00:00,163.167,163.657,162.746,162.996,11433600.43,6719
2024-10-07 20:00:00+00:00,163.167,163.657,162.746,162.996,11433600.43,6720
2024-10-07 21:00:00+00:00,163.167,163.657,162.746,162.996,11433600.43,6721
2024-10-07 22:00:00+00:00,163.167,163.657,162.746,162.996,11433600.43,6722
2024-10-07 23:00:00+00:00,163.167,163.657,162.746,162.996,11433600.43,6723
2024-10-08 00:00:00+00:00,163.167,163.657,162.746,162.996,11433600.43,6724
2024-10-08 01:00:00+00:00,163.167,163.657,162.746,162.996,11433600.43,6725
2024-10-08 02:00:00+00:00,163.167,163.657,162.746,162.996,11433600.43,6726
2024-10-08 03:00:00+00:00,163.167,163.657,162.746,162.996,11433600.43,6727
2024-10-08 04:00:00+00:00,163.167,163.657,162.746,162.996,11433600.43,6728
2024-10-08 05:00:00+00:00,163.167,163.657,162.746,162.996,11433600.43,6729
2024-10-08 06:00:00+00:00,163.167,163.657,162.746,162.996,11433600.43,6730
2024-10-08 07:00:00+00:00,163.167,163.657,162.746,162.996,11433600.43,6731
2024-10-08 08:00:00+00:00,163.167,163.657,162.746,162.996,11433600.43,6732
2024-10-08 09:00:00+00:00,163.167,163.657,162.746,162.996,11433600.43,6733
2024-10-08 10:00:00+00:00,163.167,163.657,162.746,162.996,11433600.43,6734
2024-10-08 11:00:00+00:00,163.167,163.657,162.746,162.996,11433600.43,6735
2024-10-08 12:00:00+00:00,163.167,163.657,162.746,162.996,11433600.43,6736
2024-10-08 13:00:00+00:00,163.897,164.237,163.116,163.667,4001999.86,6737
2024-10-08 14:00:00+00:00,163.717,164.716,163.707,164.047,7768799.78,6738
2024-10-08 15:00:00+00:00,164.046,164.287,163.766,164.096,4889999.87,6739
2024-10-08 16:00:00+00:00,164.096,164.096,163.337,163.697,4642799.85,6740
2024-10-08 17:00:00+00:00,163.696,163.757,162.936,163.067,4185599.8,6741
2024-10-08 18:00:00+00:00,163.066,163.367,162.856,163.287,3010799.88,6742
2024-10-08 19:00:00+00:00,163.276,164.476,163.076,164.346,5205599.78,6743
2024-10-08 20:00:00+00:00,163.276,164.476,163.076,164.346,5205599.78,6744
2024-10-08 21:00:00+00:00,163.276,164.476,163.076,164.346,5205599.78,6745
2024-10-08 22:00:00+00:00,163.276,164.476,163.076,164.346,5205599.78,6746
2024-10-08 23:00:00+00:00,163.276,164.476,163.076,164.346,5205599.78,6747
2024-10-09 00:00:00+00:00,163.276,164.476,163.076,164.346,5205599.78,6748
2024-10-09 01:00:00+00:00,163.276,164.476,163.076,164.346,5205599.78,6749
2024-10-09 02:00:00+00:00,163.276,164.476,163.076,164.346,5205599.78,6750
2024-10-09 03:00:00+00:00,163.276,164.476,163.076,164.346,5205599.78,6751
2024-10-09 04:00:00+00:00,163.276,164.476,163.076,164.346,5205599.78,6752
2024-10-09 05:00:00+00:00,163.276,164.476,163.076,164.346,5205599.78,6753
2024-10-09 06:00:00+00:00,163.276,164.476,163.076,164.346,5205599.78,6754
2024-10-09 07:00:00+00:00,163.276,164.476,163.076,164.346,5205599.78,6755
2024-10-09 08:00:00+00:00,163.276,164.476,163.076,164.346,5205599.78,6756
2024-10-09 09:00:00+00:00,163.276,164.476,163.076,164.346,5205599.78,6757
2024-10-09 10:00:00+00:00,163.276,164.476,163.076,164.346,5205599.78,6758
2024-10-09 11:00:00+00:00,163.276,164.476,163.076,164.346,5205599.78,6759
2024-10-09 12:00:00+00:00,163.276,164.476,163.076,164.346,5205599.78,6760
2024-10-09 13:00:00+00:00,163.346,164.806,161.156,161.576,6970799.92,6761
2024-10-09 14:00:00+00:00,161.576,162.227,159.716,161.757,9598500.25,6762
2024-10-09 15:00:00+00:00,161.756,162.096,161.026,162.066,6179399.97,6763
2024-10-09 16:00:00+00:00,162.097,162.097,160.557,160.597,4761050.22,6764
2024-10-09 17:00:00+00:00,160.596,160.987,160.326,160.497,4843800.07,6765
2024-10-09 18:00:00+00:00,160.487,161.027,160.216,160.836,5036399.84,6766
2024-10-09 19:00:00+00:00,160.837,161.956,160.527,161.816,6441299.92,6767
2024-10-09 20:00:00+00:00,160.837,161.956,160.527,161.816,6441299.92,6768
2024-10-09 21:00:00+00:00,160.837,161.956,160.527,161.816,6441299.92,6769
2024-10-09 22:00:00+00:00,160.837,161.956,160.527,161.816,6441299.92,6770
2024-10-09 23:00:00+00:00,160.837,161.956,160.527,161.816,6441299.92,6771
2024-10-10 00:00:00+00:00,160.837,161.956,160.527,161.816,6441299.92,6772
2024-10-10 01:00:00+00:00,160.837,161.956,160.527,161.816,6441299.92,6773
2024-10-10 02:00:00+00:00,160.837,161.956,160.527,161.816,6441299.92,6774
2024-10-10 03:00:00+00:00,160.837,161.956,160.527,161.816,6441299.92,6775
2024-10-10 04:00:00+00:00,160.837,161.956,160.527,161.816,6441299.92,6776
2024-10-10 05:00:00+00:00,160.837,161.956,160.527,161.816,6441299.92,6777
2024-10-10 06:00:00+00:00,160.837,161.956,160.527,161.816,6441299.92,6778
2024-10-10 07:00:00+00:00,160.837,161.956,160.527,161.816,6441299.92,6779
2024-10-10 08:00:00+00:00,160.837,161.956,160.527,161.816,6441299.92,6780
2024-10-10 09:00:00+00:00,160.837,161.956,160.527,161.816,6441299.92,6781
2024-10-10 10:00:00+00:00,160.837,161.956,160.527,161.816,6441299.92,6782
2024-10-10 11:00:00+00:00,160.837,161.956,160.527,161.816,6441299.92,6783
2024-10-10 12:00:00+00:00,160.837,161.956,160.527,161.816,6441299.92,6784
2024-10-10 13:00:00+00:00,160.757,161.826,160.366,161.546,3587100.03,6785
2024-10-10 14:00:00+00:00,161.576,162.567,161.396,161.937,6795899.87,6786
2024-10-10 15:00:00+00:00,161.957,162.727,161.716,162.717,3502799.99,6787
2024-10-10 16:00:00+00:00,162.726,163.057,162.366,162.557,3396600.01,6788
2024-10-10 17:00:00+00:00,162.567,162.597,161.846,162.416,3307499.89,6789
2024-10-10 18:00:00+00:00,162.416,162.427,161.916,162.256,2656800.03,6790
2024-10-10 19:00:00+00:00,162.237,162.337,161.906,162.067,3651299.95,6791
2024-10-10 20:00:00+00:00,162.237,162.337,161.906,162.067,3651299.95,6792
2024-10-10 21:00:00+00:00,162.237,162.337,161.906,162.067,3651299.95,6793
2024-10-10 22:00:00+00:00,162.237,162.337,161.906,162.067,3651299.95,6794
2024-10-10 23:00:00+00:00,162.237,162.337,161.906,162.067,3651299.95,6795
2024-10-11 00:00:00+00:00,162.237,162.337,161.906,162.067,3651299.95,6796
2024-10-11 01:00:00+00:00,162.237,162.337,161.906,162.067,3651299.95,6797
2024-10-11 02:00:00+00:00,162.237,162.337,161.906,162.067,3651299.95,6798
2024-10-11 03:00:00+00:00,162.237,162.337,161.906,162.067,3651299.95,6799
2024-10-11 04:00:00+00:00,162.237,162.337,161.906,162.067,3651299.95,6800
2024-10-11 05:00:00+00:00,162.237,162.337,161.906,162.067,3651299.95,6801
2024-10-11 06:00:00+00:00,162.237,162.337,161.906,162.067,3651299.95,6802
2024-10-11 07:00:00+00:00,162.237,162.337,161.906,162.067,3651299.95,6803
2024-10-11 08:00:00+00:00,162.237,162.337,161.906,162.067,3651299.95,6804
2024-10-11 09:00:00+00:00,162.237,162.337,161.906,162.067,3651299.95,6805
2024-10-11 10:00:00+00:00,162.237,162.337,161.906,162.067,3651299.95,6806
2024-10-11 11:00:00+00:00,162.237,162.337,161.906,162.067,3651299.95,6807
2024-10-11 12:00:00+00:00,162.237,162.337,161.906,162.067,3651299.95,6808
2024-10-11 13:00:00+00:00,162.086,162.427,161.216,162.366,6170730.11,6809
2024-10-11 14:00:00+00:00,162.316,163.837,162.146,163.226,12751199.72,6810
2024-10-11 15:00:00+00:00,163.216,163.456,162.846,163.437,7570799.83,6811
2024-10-11 16:00:00+00:00,163.427,163.607,162.936,163.086,7573200.23,6812
2024-10-11 17:00:00+00:00,163.096,163.497,162.957,163.187,6842400.07,6813
2024-10-11 18:00:00+00:00,163.197,163.527,163.136,163.486,6255599.98,6814
2024-10-11 19:00:00+00:00,163.476,163.887,162.996,163.227,7912799.84,6815
2024-10-11 20:00:00+00:00,163.476,163.887,162.996,163.227,7912799.84,6816
2024-10-11 21:00:00+00:00,163.476,163.887,162.996,163.227,7912799.84,6817
2024-10-11 22:00:00+00:00,163.476,163.887,162.996,163.227,7912799.84,6818
2024-10-11 23:00:00+00:00,163.476,163.887,162.996,163.227,7912799.84,6819
2024-10-12 00:00:00+00:00,163.476,163.887,162.996,163.227,7912799.84,6820
2024-10-12 01:00:00+00:00,163.476,163.887,162.996,163.227,7912799.84,6821
2024-10-12 02:00:00+00:00,163.476,163.887,162.996,163.227,7912799.84,6822
2024-10-12 03:00:00+00:00,163.476,163.887,162.996,163.227,7912799.84,6823
2024-10-12 04:00:00+00:00,163.476,163.887,162.996,163.227,7912799.84,6824
2024-10-12 05:00:00+00:00,163.476,163.887,162.996,163.227,7912799.84,6825
2024-10-12 06:00:00+00:00,163.476,163.887,162.996,163.227,7912799.84,6826
2024-10-12 07:00:00+00:00,163.476,163.887,162.996,163.227,7912799.84,6827
2024-10-12 08:00:00+00:00,163.476,163.887,162.996,163.227,7912799.84,6828
2024-10-12 09:00:00+00:00,163.476,163.887,162.996,163.227,7912799.84,6829
2024-10-12 10:00:00+00:00,163.476,163.887,162.996,163.227,7912799.84,6830
2024-10-12 11:00:00+00:00,163.476,163.887,162.996,163.227,7912799.84,6831
2024-10-12 12:00:00+00:00,163.476,163.887,162.996,163.227,7912799.84,6832
2024-10-12 13:00:00+00:00,163.476,163.887,162.996,163.227,7912799.84,6833
2024-10-12 14:00:00+00:00,163.476,163.887,162.996,163.227,7912799.84,6834
2024-10-12 15:00:00+00:00,163.476,163.887,162.996,163.227,7912799.84,6835
2024-10-12 16:00:00+00:00,163.476,163.887,162.996,163.227,7912799.84,6836
2024-10-12 17:00:00+00:00,163.476,163.887,162.996,163.227,7912799.84,6837
2024-10-12 18:00:00+00:00,163.476,163.887,162.996,163.227,7912799.84,6838
2024-10-12 19:00:00+00:00,163.476,163.887,162.996,163.227,7912799.84,6839
2024-10-12 20:00:00+00:00,163.476,163.887,162.996,163.227,7912799.84,6840
2024-10-12 21:00:00+00:00,163.476,163.887,162.996,163.227,7912799.84,6841
2024-10-12 22:00:00+00:00,163.476,163.887,162.996,163.227,7912799.84,6842
2024-10-12 23:00:00+00:00,163.476,163.887,162.996,163.227,7912799.84,6843
2024-10-13 00:00:00+00:00,163.476,163.887,162.996,163.227,7912799.84,6844
2024-10-13 01:00:00+00:00,163.476,163.887,162.996,163.227,7912799.84,6845
2024-10-13 02:00:00+00:00,163.476,163.887,162.996,163.227,7912799.84,6846
2024-10-13 03:00:00+00:00,163.476,163.887,162.996,163.227,7912799.84,6847
2024-10-13 04:00:00+00:00,163.476,163.887,162.996,163.227,7912799.84,6848
2024-10-13 05:00:00+00:00,163.476,163.887,162.996,163.227,7912799.84,6849
2024-10-13 06:00:00+00:00,163.476,163.887,162.996,163.227,7912799.84,6850
2024-10-13 07:00:00+00:00,163.476,163.887,162.996,163.227,7912799.84,6851
2024-10-13 08:00:00+00:00,163.476,163.887,162.996,163.227,7912799.84,6852
2024-10-13 09:00:00+00:00,163.476,163.887,162.996,163.227,7912799.84,6853
2024-10-13 10:00:00+00:00,163.476,163.887,162.996,163.227,7912799.84,6854
2024-10-13 11:00:00+00:00,163.476,163.887,162.996,163.227,7912799.84,6855
2024-10-13 12:00:00+00:00,163.476,163.887,162.996,163.227,7912799.84,6856
2024-10-13 13:00:00+00:00,163.476,163.887,162.996,163.227,7912799.84,6857
2024-10-13 14:00:00+00:00,163.476,163.887,162.996,163.227,7912799.84,6858
2024-10-13 15:00:00+00:00,163.476,163.887,162.996,163.227,7912799.84,6859
2024-10-13 16:00:00+00:00,163.476,163.887,162.996,163.227,7912799.84,6860
2024-10-13 17:00:00+00:00,163.476,163.887,162.996,163.227,7912799.84,6861
2024-10-13 18:00:00+00:00,163.476,163.887,162.996,163.227,7912799.84,6862
2024-10-13 19:00:00+00:00,163.476,163.887,162.996,163.227,7912799.84,6863
2024-10-13 20:00:00+00:00,163.476,163.887,162.996,163.227,7912799.84,6864
2024-10-13 21:00:00+00:00,163.476,163.887,162.996,163.227,7912799.84,6865
2024-10-13 22:00:00+00:00,163.476,163.887,162.996,163.227,7912799.84,6866
2024-10-13 23:00:00+00:00,163.476,163.887,162.996,163.227,7912799.84,6867
2024-10-14 00:00:00+00:00,163.476,163.887,162.996,163.227,7912799.84,6868
2024-10-14 01:00:00+00:00,163.476,163.887,162.996,163.227,7912799.84,6869
2024-10-14 02:00:00+00:00,163.476,163.887,162.996,163.227,7912799.84,6870
2024-10-14 03:00:00+00:00,163.476,163.887,162.996,163.227,7912799.84,6871
2024-10-14 04:00:00+00:00,163.476,163.887,162.996,163.227,7912799.84,6872
2024-10-14 05:00:00+00:00,163.476,163.887,162.996,163.227,7912799.84,6873
2024-10-14 06:00:00+00:00,163.476,163.887,162.996,163.227,7912799.84,6874
2024-10-14 07:00:00+00:00,163.476,163.887,162.996,163.227,7912799.84,6875
2024-10-14 08:00:00+00:00,163.476,163.887,162.996,163.227,7912799.84,6876
2024-10-14 09:00:00+00:00,163.476,163.887,162.996,163.227,7912799.84,6877
2024-10-14 10:00:00+00:00,163.476,163.887,162.996,163.227,7912799.84,6878
2024-10-14 11:00:00+00:00,163.476,163.887,162.996,163.227,7912799.84,6879
2024-10-14 12:00:00+00:00,163.476,163.887,162.996,163.227,7912799.84,6880
2024-10-14 13:00:00+00:00,163.587,166.207,163.376,165.996,4763999.94,6881
2024-10-14 14:00:00+00:00,166.007,166.086,164.667,164.717,6692399.98,6882
2024-10-14 15:00:00+00:00,164.737,164.757,164.006,164.637,4596000.19,6883
2024-10-14 16:00:00+00:00,164.646,164.977,164.636,164.846,2421600.1,6884
2024-10-14 17:00:00+00:00,164.866,165.096,164.696,164.867,2154000.04,6885
2024-10-14 18:00:00+00:00,164.857,165.117,164.766,165.086,2181600.09,6886
2024-10-14 19:00:00+00:00,165.077,165.707,164.816,164.937,4829999.92,6887
2024-10-14 20:00:00+00:00,165.077,165.707,164.816,164.937,4829999.92,6888
2024-10-14 21:00:00+00:00,165.077,165.707,164.816,164.937,4829999.92,6889
2024-10-14 22:00:00+00:00,165.077,165.707,164.816,164.937,4829999.92,6890
2024-10-14 23:00:00+00:00,165.077,165.707,164.816,164.937,4829999.92,6891
2024-10-15 00:00:00+00:00,165.077,165.707,164.816,164.937,4829999.92,6892
2024-10-15 01:00:00+00:00,165.077,165.707,164.816,164.937,4829999.92,6893
2024-10-15 02:00:00+00:00,165.077,165.707,164.816,164.937,4829999.92,6894
2024-10-15 03:00:00+00:00,165.077,165.707,164.816,164.937,4829999.92,6895
2024-10-15 04:00:00+00:00,165.077,165.707,164.816,164.937,4829999.92,6896
2024-10-15 05:00:00+00:00,165.077,165.707,164.816,164.937,4829999.92,6897
2024-10-15 06:00:00+00:00,165.077,165.707,164.816,164.937,4829999.92,6898
2024-10-15 07:00:00+00:00,165.077,165.707,164.816,164.937,4829999.92,6899
2024-10-15 08:00:00+00:00,165.077,165.707,164.816,164.937,4829999.92,6900
2024-10-15 09:00:00+00:00,165.077,165.707,164.816,164.937,4829999.92,6901
2024-10-15 10:00:00+00:00,165.077,165.707,164.816,164.937,4829999.92,6902
2024-10-15 11:00:00+00:00,165.077,165.707,164.816,164.937,4829999.92,6903
2024-10-15 12:00:00+00:00,165.077,165.707,164.816,164.937,4829999.92,6904
2024-10-15 13:00:00+00:00,165.746,166.857,165.206,166.667,3859200.0,6905
2024-10-15 14:00:00+00:00,166.666,167.667,165.037,165.096,14135999.68,6906
2024-10-15 15:00:00+00:00,165.077,166.167,164.897,165.576,8482799.53,6907
2024-10-15 16:00:00+00:00,165.586,166.247,165.446,166.226,5541600.23,6908
2024-10-15 17:00:00+00:00,166.236,166.327,165.166,165.466,4982399.94,6909
2024-10-15 18:00:00+00:00,165.486,165.736,165.027,165.087,3892800.09,6910
2024-10-15 19:00:00+00:00,165.096,165.527,164.616,165.486,7454400.06,6911
2024-10-15 20:00:00+00:00,165.096,165.527,164.616,165.486,7454400.06,6912
2024-10-15 21:00:00+00:00,165.096,165.527,164.616,165.486,7454400.06,6913
2024-10-15 22:00:00+00:00,165.096,165.527,164.616,165.486,7454400.06,6914
2024-10-15 23:00:00+00:00,165.096,165.527,164.616,165.486,7454400.06,6915
2024-10-16 00:00:00+00:00,165.096,165.527,164.616,165.486,7454400.06,6916
2024-10-16 01:00:00+00:00,165.096,165.527,164.616,165.486,7454400.06,6917
2024-10-16 02:00:00+00:00,165.096,165.527,164.616,165.486,7454400.06,6918
2024-10-16 03:00:00+00:00,165.096,165.527,164.616,165.486,7454400.06,6919
2024-10-16 04:00:00+00:00,165.096,165.527,164.616,165.486,7454400.06,6920
2024-10-16 05:00:00+00:00,165.096,165.527,164.616,165.486,7454400.06,6921
2024-10-16 06:00:00+00:00,165.096,165.527,164.616,165.486,7454400.06,6922
2024-10-16 07:00:00+00:00,165.096,165.527,164.616,165.486,7454400.06,6923
2024-10-16 08:00:00+00:00,165.096,165.527,164.616,165.486,7454400.06,6924
2024-10-16 09:00:00+00:00,165.096,165.527,164.616,165.486,7454400.06,6925
2024-10-16 10:00:00+00:00,165.096,165.527,164.616,165.486,7454400.06,6926
2024-10-16 11:00:00+00:00,165.096,165.527,164.616,165.486,7454400.06,6927
2024-10-16 12:00:00+00:00,165.096,165.527,164.616,165.486,7454400.06,6928
2024-10-16 13:00:00+00:00,164.356,164.887,163.836,163.867,7263599.87,6929
2024-10-16 14:00:00+00:00,163.877,165.786,163.727,165.196,13845600.13,6930
2024-10-16 15:00:00+00:00,165.196,165.396,164.156,164.157,9104399.68,6931
2024-10-16 16:00:00+00:00,164.167,164.677,164.037,164.677,8057999.61,6932
2024-10-16 17:00:00+00:00,164.667,164.837,164.396,164.687,6781199.93,6933
2024-10-16 18:00:00+00:00,164.687,165.127,164.596,164.826,5908800.13,6934
2024-10-16 19:00:00+00:00,164.846,165.296,164.757,165.106,7547999.86,6935
2024-10-16 20:00:00+00:00,164.846,165.296,164.757,165.106,7547999.86,6936
2024-10-16 21:00:00+00:00,164.846,165.296,164.757,165.106,7547999.86,6937
2024-10-16 22:00:00+00:00,164.846,165.296,164.757,165.106,7547999.86,6938
2024-10-16 23:00:00+00:00,164.846,165.296,164.757,165.106,7547999.86,6939
2024-10-17 00:00:00+00:00,164.846,165.296,164.757,165.106,7547999.86,6940
2024-10-17 01:00:00+00:00,164.846,165.296,164.757,165.106,7547999.86,6941
2024-10-17 02:00:00+00:00,164.846,165.296,164.757,165.106,7547999.86,6942
2024-10-17 03:00:00+00:00,164.846,165.296,164.757,165.106,7547999.86,6943
2024-10-17 04:00:00+00:00,164.846,165.296,164.757,165.106,7547999.86,6944
2024-10-17 05:00:00+00:00,164.846,165.296,164.757,165.106,7547999.86,6945
2024-10-17 06:00:00+00:00,164.846,165.296,164.757,165.106,7547999.86,6946
2024-10-17 07:00:00+00:00,164.846,165.296,164.757,165.106,7547999.86,6947
2024-10-17 08:00:00+00:00,164.846,165.296,164.757,165.106,7547999.86,6948
2024-10-17 09:00:00+00:00,164.846,165.296,164.757,165.106,7547999.86,6949
2024-10-17 10:00:00+00:00,164.846,165.296,164.757,165.106,7547999.86,6950
2024-10-17 11:00:00+00:00,164.846,165.296,164.757,165.106,7547999.86,6951
2024-10-17 12:00:00+00:00,164.846,165.296,164.757,165.106,7547999.86,6952
2024-10-17 13:00:00+00:00,165.676,166.287,164.206,164.296,5668799.88,6953
2024-10-17 14:00:00+00:00,164.316,164.577,163.297,163.466,7935599.8,6954
2024-10-17 15:00:00+00:00,163.476,164.957,163.326,164.936,5198400.02,6955
2024-10-17 16:00:00+00:00,164.926,165.046,164.366,164.826,3128400.09,6956
2024-10-17 17:00:00+00:00,164.836,165.066,163.517,163.636,5454000.0,6957
2024-10-17 18:00:00+00:00,163.636,163.637,162.956,163.606,3914400.1,6958
2024-10-17 19:00:00+00:00,163.607,163.636,162.746,162.907,4261199.95,6959
2024-10-17 20:00:00+00:00,163.607,163.636,162.746,162.907,4261199.95,6960
2024-10-17 21:00:00+00:00,163.607,163.636,162.746,162.907,4261199.95,6961
2024-10-17 22:00:00+00:00,163.607,163.636,162.746,162.907,4261199.95,6962
2024-10-17 23:00:00+00:00,163.607,163.636,162.746,162.907,4261199.95,6963
2024-10-18 00:00:00+00:00,163.607,163.636,162.746,162.907,4261199.95,6964
2024-10-18 01:00:00+00:00,163.607,163.636,162.746,162.907,4261199.95,6965
2024-10-18 02:00:00+00:00,163.607,163.636,162.746,162.907,4261199.95,6966
2024-10-18 03:00:00+00:00,163.607,163.636,162.746,162.907,4261199.95,6967
2024-10-18 04:00:00+00:00,163.607,163.636,162.746,162.907,4261199.95,6968
2024-10-18 05:00:00+00:00,163.607,163.636,162.746,162.907,4261199.95,6969
2024-10-18 06:00:00+00:00,163.607,163.636,162.746,162.907,4261199.95,6970
2024-10-18 07:00:00+00:00,163.607,163.636,162.746,162.907,4261199.95,6971
2024-10-18 08:00:00+00:00,163.607,163.636,162.746,162.907,4261199.95,6972
2024-10-18 09:00:00+00:00,163.607,163.636,162.746,162.907,4261199.95,6973
2024-10-18 10:00:00+00:00,163.607,163.636,162.746,162.907,4261199.95,6974
2024-10-18 11:00:00+00:00,163.607,163.636,162.746,162.907,4261199.95,6975
2024-10-18 12:00:00+00:00,163.607,163.636,162.746,162.907,4261199.95,6976
2024-10-18 13:00:00+00:00,163.556,164.507,162.996,163.936,2596800.09,6977
2024-10-18 14:00:00+00:00,163.917,164.687,163.426,163.436,5360400.2,6978
2024-10-18 15:00:00+00:00,163.447,163.787,163.206,163.277,3874799.97,6979
2024-10-18 16:00:00+00:00,163.277,164.077,163.206,163.866,2841599.94,6980
2024-10-18 17:00:00+00:00,163.857,163.956,163.396,163.537,2810400.01,6981
2024-10-18 18:00:00+00:00,163.516,163.897,163.336,163.887,2947200.06,6982
2024-10-18 19:00:00+00:00,163.876,163.957,163.256,163.377,3687599.9,6983
2024-10-18 20:00:00+00:00,163.876,163.957,163.256,163.377,3687599.9,6984
2024-10-18 21:00:00+00:00,163.876,163.957,163.256,163.377,3687599.9,6985
2024-10-18 22:00:00+00:00,163.876,163.957,163.256,163.377,3687599.9,6986
2024-10-18 23:00:00+00:00,163.876,163.957,163.256,163.377,3687599.9,6987
2024-10-19 00:00:00+00:00,163.876,163.957,163.256,163.377,3687599.9,6988
2024-10-19 01:00:00+00:00,163.876,163.957,163.256,163.377,3687599.9,6989
2024-10-19 02:00:00+00:00,163.876,163.957,163.256,163.377,3687599.9,6990
2024-10-19 03:00:00+00:00,163.876,163.957,163.256,163.377,3687599.9,6991
2024-10-19 04:00:00+00:00,163.876,163.957,163.256,163.377,3687599.9,6992
2024-10-19 05:00:00+00:00,163.876,163.957,163.256,163.377,3687599.9,6993
2024-10-19 06:00:00+00:00,163.876,163.957,163.256,163.377,3687599.9,6994
2024-10-19 07:00:00+00:00,163.876,163.957,163.256,163.377,3687599.9,6995
2024-10-19 08:00:00+00:00,163.876,163.957,163.256,163.377,3687599.9,6996
2024-10-19 09:00:00+00:00,163.876,163.957,163.256,163.377,3687599.9,6997
2024-10-19 10:00:00+00:00,163.876,163.957,163.256,163.377,3687599.9,6998
2024-10-19 11:00:00+00:00,163.876,163.957,163.256,163.377,3687599.9,6999
2024-10-19 12:00:00+00:00,163.876,163.957,163.256,163.377,3687599.9,7000
2024-10-19 13:00:00+00:00,163.876,163.957,163.256,163.377,3687599.9,7001
2024-10-19 14:00:00+00:00,163.876,163.957,163.256,163.377,3687599.9,7002
2024-10-19 15:00:00+00:00,163.876,163.957,163.256,163.377,3687599.9,7003
2024-10-19 16:00:00+00:00,163.876,163.957,163.256,163.377,3687599.9,7004
2024-10-19 17:00:00+00:00,163.876,163.957,163.256,163.377,3687599.9,7005
2024-10-19 18:00:00+00:00,163.876,163.957,163.256,163.377,3687599.9,7006
2024-10-19 19:00:00+00:00,163.876,163.957,163.256,163.377,3687599.9,7007
2024-10-19 20:00:00+00:00,163.876,163.957,163.256,163.377,3687599.9,7008
2024-10-19 21:00:00+00:00,163.876,163.957,163.256,163.377,3687599.9,7009
2024-10-19 22:00:00+00:00,163.876,163.957,163.256,163.377,3687599.9,7010
2024-10-19 23:00:00+00:00,163.876,163.957,163.256,163.377,3687599.9,7011
2024-10-20 00:00:00+00:00,163.876,163.957,163.256,163.377,3687599.9,7012
2024-10-20 01:00:00+00:00,163.876,163.957,163.256,163.377,3687599.9,7013
2024-10-20 02:00:00+00:00,163.876,163.957,163.256,163.377,3687599.9,7014
2024-10-20 03:00:00+00:00,163.876,163.957,163.256,163.377,3687599.9,7015
2024-10-20 04:00:00+00:00,163.876,163.957,163.256,163.377,3687599.9,7016
2024-10-20 05:00:00+00:00,163.876,163.957,163.256,163.377,3687599.9,7017
2024-10-20 06:00:00+00:00,163.876,163.957,163.256,163.377,3687599.9,7018
2024-10-20 07:00:00+00:00,163.876,163.957,163.256,163.377,3687599.9,7019
2024-10-20 08:00:00+00:00,163.876,163.957,163.256,163.377,3687599.9,7020
2024-10-20 09:00:00+00:00,163.876,163.957,163.256,163.377,3687599.9,7021
2024-10-20 10:00:00+00:00,163.876,163.957,163.256,163.377,3687599.9,7022
2024-10-20 11:00:00+00:00,163.876,163.957,163.256,163.377,3687599.9,7023
2024-10-20 12:00:00+00:00,163.876,163.957,163.256,163.377,3687599.9,7024
2024-10-20 13:00:00+00:00,163.876,163.957,163.256,163.377,3687599.9,7025
2024-10-20 14:00:00+00:00,163.876,163.957,163.256,163.377,3687599.9,7026
2024-10-20 15:00:00+00:00,163.876,163.957,163.256,163.377,3687599.9,7027
2024-10-20 16:00:00+00:00,163.876,163.957,163.256,163.377,3687599.9,7028
2024-10-20 17:00:00+00:00,163.876,163.957,163.256,163.377,3687599.9,7029
2024-10-20 18:00:00+00:00,163.876,163.957,163.256,163.377,3687599.9,7030
2024-10-20 19:00:00+00:00,163.876,163.957,163.256,163.377,3687599.9,7031
2024-10-20 20:00:00+00:00,163.876,163.957,163.256,163.377,3687599.9,7032
2024-10-20 21:00:00+00:00,163.876,163.957,163.256,163.377,3687599.9,7033
2024-10-20 22:00:00+00:00,163.876,163.957,163.256,163.377,3687599.9,7034
2024-10-20 23:00:00+00:00,163.876,163.957,163.256,163.377,3687599.9,7035
2024-10-21 00:00:00+00:00,163.876,163.957,163.256,163.377,3687599.9,7036
2024-10-21 01:00:00+00:00,163.876,163.957,163.256,163.377,3687599.9,7037
2024-10-21 02:00:00+00:00,163.876,163.957,163.256,163.377,3687599.9,7038
2024-10-21 03:00:00+00:00,163.876,163.957,163.256,163.377,3687599.9,7039
2024-10-21 04:00:00+00:00,163.876,163.957,163.256,163.377,3687599.9,7040
2024-10-21 05:00:00+00:00,163.876,163.957,163.256,163.377,3687599.9,7041
2024-10-21 06:00:00+00:00,163.876,163.957,163.256,163.377,3687599.9,7042
2024-10-21 07:00:00+00:00,163.876,163.957,163.256,163.377,3687599.9,7043
2024-10-21 08:00:00+00:00,163.876,163.957,163.256,163.377,3687599.9,7044
2024-10-21 09:00:00+00:00,163.876,163.957,163.256,163.377,3687599.9,7045
2024-10-21 10:00:00+00:00,163.876,163.957,163.256,163.377,3687599.9,7046
2024-10-21 11:00:00+00:00,163.876,163.957,163.256,163.377,3687599.9,7047
2024-10-21 12:00:00+00:00,163.876,163.957,163.256,163.377,3687599.9,7048
2024-10-21 13:00:00+00:00,163.087,164.157,162.856,163.867,6002399.92,7049
2024-10-21 14:00:00+00:00,163.876,164.487,163.187,163.366,10949999.81,7050
2024-10-21 15:00:00+00:00,163.366,163.527,162.607,163.457,10093199.73,7051
2024-10-21 16:00:00+00:00,163.456,163.757,163.407,163.667,6339600.09,7052
2024-10-21 17:00:00+00:00,163.667,164.207,163.646,164.096,4888800.14,7053
2024-10-21 18:00:00+00:00,164.096,164.137,163.746,163.806,5223599.91,7054
2024-10-21 19:00:00+00:00,163.806,164.177,163.636,164.067,6843599.8,7055
2024-10-21 20:00:00+00:00,163.806,164.177,163.636,164.067,6843599.8,7056
2024-10-21 21:00:00+00:00,163.806,164.177,163.636,164.067,6843599.8,7057
2024-10-21 22:00:00+00:00,163.806,164.177,163.636,164.067,6843599.8,7058
2024-10-21 23:00:00+00:00,163.806,164.177,163.636,164.067,6843599.8,7059
2024-10-22 00:00:00+00:00,163.806,164.177,163.636,164.067,6843599.8,7060
2024-10-22 01:00:00+00:00,163.806,164.177,163.636,164.067,6843599.8,7061
2024-10-22 02:00:00+00:00,163.806,164.177,163.636,164.067,6843599.8,7062
2024-10-22 03:00:00+00:00,163.806,164.177,163.636,164.067,6843599.8,7063
2024-10-22 04:00:00+00:00,163.806,164.177,163.636,164.067,6843599.8,7064
2024-10-22 05:00:00+00:00,163.806,164.177,163.636,164.067,6843599.8,7065
2024-10-22 06:00:00+00:00,163.806,164.177,163.636,164.067,6843599.8,7066
2024-10-22 07:00:00+00:00,163.806,164.177,163.636,164.067,6843599.8,7067
2024-10-22 08:00:00+00:00,163.806,164.177,163.636,164.067,6843599.8,7068
2024-10-22 09:00:00+00:00,163.806,164.177,163.636,164.067,6843599.8,7069
2024-10-22 10:00:00+00:00,163.806,164.177,163.636,164.067,6843599.8,7070
2024-10-22 11:00:00+00:00,163.806,164.177,163.636,164.067,6843599.8,7071
2024-10-22 12:00:00+00:00,163.806,164.177,163.636,164.067,6843599.8,7072
2024-10-22 13:00:00+00:00,162.966,165.247,162.966,165.236,4854000.09,7073
2024-10-22 14:00:00+00:00,165.276,165.757,164.847,165.007,7415999.89,7074
2024-10-22 15:00:00+00:00,165.007,165.047,164.396,164.396,3440399.89,7075
2024-10-22 16:00:00+00:00,164.397,164.637,163.976,164.587,2951999.9,7076
2024-10-22 17:00:00+00:00,164.597,165.056,164.306,165.037,2773200.04,7077
2024-10-22 18:00:00+00:00,165.027,165.187,164.536,164.596,3055200.1,7078
2024-10-22 19:00:00+00:00,164.597,165.256,164.536,165.137,3061199.9,7079
2024-10-22 20:00:00+00:00,164.597,165.256,164.536,165.137,3061199.9,7080
2024-10-22 21:00:00+00:00,164.597,165.256,164.536,165.137,3061199.9,7081
2024-10-22 22:00:00+00:00,164.597,165.256,164.536,165.137,3061199.9,7082
2024-10-22 23:00:00+00:00,164.597,165.256,164.536,165.137,3061199.9,7083
2024-10-23 00:00:00+00:00,164.597,165.256,164.536,165.137,3061199.9,7084
2024-10-23 01:00:00+00:00,164.597,165.256,164.536,165.137,3061199.9,7085
2024-10-23 02:00:00+00:00,164.597,165.256,164.536,165.137,3061199.9,7086
2024-10-23 03:00:00+00:00,164.597,165.256,164.536,165.137,3061199.9,7087
2024-10-23 04:00:00+00:00,164.597,165.256,164.536,165.137,3061199.9,7088
2024-10-23 05:00:00+00:00,164.597,165.256,164.536,165.137,3061199.9,7089
2024-10-23 06:00:00+00:00,164.597,165.256,164.536,165.137,3061199.9,7090
2024-10-23 07:00:00+00:00,164.597,165.256,164.536,165.137,3061199.9,7091
2024-10-23 08:00:00+00:00,164.597,165.256,164.536,165.137,3061199.9,7092
2024-10-23 09:00:00+00:00,164.597,165.256,164.536,165.137,3061199.9,7093
2024-10-23 10:00:00+00:00,164.597,165.256,164.536,165.137,3061199.9,7094
2024-10-23 11:00:00+00:00,164.597,165.256,164.536,165.137,3061199.9,7095
2024-10-23 12:00:00+00:00,164.597,165.256,164.536,165.137,3061199.9,7096
2024-10-23 13:00:00+00:00,164.707,165.776,164.296,164.627,5122799.87,7097
2024-10-23 14:00:00+00:00,164.627,164.677,163.747,163.817,6835199.83,7098
2024-10-23 15:00:00+00:00,163.836,163.866,162.166,162.817,6164400.1,7099
2024-10-23 16:00:00+00:00,162.806,163.067,162.346,162.886,6085199.83,7100
2024-10-23 17:00:00+00:00,162.876,162.896,162.167,162.266,5295599.94,7101
2024-10-23 18:00:00+00:00,162.246,162.697,161.907,162.587,4474800.11,7102
2024-10-23 19:00:00+00:00,162.587,162.976,162.417,162.766,5212800.03,7103
2024-10-23 20:00:00+00:00,162.587,162.976,162.417,162.766,5212800.03,7104
2024-10-23 21:00:00+00:00,162.587,162.976,162.417,162.766,5212800.03,7105
2024-10-23 22:00:00+00:00,162.587,162.976,162.417,162.766,5212800.03,7106
2024-10-23 23:00:00+00:00,162.587,162.976,162.417,162.766,5212800.03,7107
2024-10-24 00:00:00+00:00,162.587,162.976,162.417,162.766,5212800.03,7108
2024-10-24 01:00:00+00:00,162.587,162.976,162.417,162.766,5212800.03,7109
2024-10-24 02:00:00+00:00,162.587,162.976,162.417,162.766,5212800.03,7110
2024-10-24 03:00:00+00:00,162.587,162.976,162.417,162.766,5212800.03,7111
2024-10-24 04:00:00+00:00,162.587,162.976,162.417,162.766,5212800.03,7112
2024-10-24 05:00:00+00:00,162.587,162.976,162.417,162.766,5212800.03,7113
2024-10-24 06:00:00+00:00,162.587,162.976,162.417,162.766,5212800.03,7114
2024-10-24 07:00:00+00:00,162.587,162.976,162.417,162.766,5212800.03,7115
2024-10-24 08:00:00+00:00,162.587,162.976,162.417,162.766,5212800.03,7116
2024-10-24 09:00:00+00:00,162.587,162.976,162.417,162.766,5212800.03,7117
2024-10-24 10:00:00+00:00,162.587,162.976,162.417,162.766,5212800.03,7118
2024-10-24 11:00:00+00:00,162.587,162.976,162.417,162.766,5212800.03,7119
2024-10-24 12:00:00+00:00,162.587,162.976,162.417,162.766,5212800.03,7120
2024-10-24 13:00:00+00:00,162.777,163.137,160.996,162.056,5316899.78,7121
2024-10-24 14:00:00+00:00,162.087,162.726,161.866,162.536,6115499.97,7122
2024-10-24 15:00:00+00:00,162.526,162.887,162.037,162.887,4078800.2,7123
2024-10-24 16:00:00+00:00,162.886,163.317,162.546,163.196,3438899.99,7124
2024-10-24 17:00:00+00:00,163.206,163.296,162.896,163.016,1907099.96,7125
2024-10-24 18:00:00+00:00,163.017,163.136,162.656,162.716,1817100.05,7126
2024-10-24 19:00:00+00:00,162.717,163.177,162.456,162.657,2994299.89,7127
2024-10-24 20:00:00+00:00,162.717,163.177,162.456,162.657,2994299.89,7128
2024-10-24 21:00:00+00:00,162.717,163.177,162.456,162.657,2994299.89,7129
2024-10-24 22:00:00+00:00,162.717,163.177,162.456,162.657,2994299.89,7130
2024-10-24 23:00:00+00:00,162.717,163.177,162.456,162.657,2994299.89,7131
2024-10-25 00:00:00+00:00,162.717,163.177,162.456,162.657,2994299.89,7132
2024-10-25 01:00:00+00:00,162.717,163.177,162.456,162.657,2994299.89,7133
2024-10-25 02:00:00+00:00,162.717,163.177,162.456,162.657,2994299.89,7134
2024-10-25 03:00:00+00:00,162.717,163.177,162.456,162.657,2994299.89,7135
2024-10-25 04:00:00+00:00,162.717,163.177,162.456,162.657,2994299.89,7136
2024-10-25 05:00:00+00:00,162.717,163.177,162.456,162.657,2994299.89,7137
2024-10-25 06:00:00+00:00,162.717,163.177,162.456,162.657,2994299.89,7138
2024-10-25 07:00:00+00:00,162.717,163.177,162.456,162.657,2994299.89,7139
2024-10-25 08:00:00+00:00,162.717,163.177,162.456,162.657,2994299.89,7140
2024-10-25 09:00:00+00:00,162.717,163.177,162.456,162.657,2994299.89,7141
2024-10-25 10:00:00+00:00,162.717,163.177,162.456,162.657,2994299.89,7142
2024-10-25 11:00:00+00:00,162.717,163.177,162.456,162.657,2994299.89,7143
2024-10-25 12:00:00+00:00,162.717,163.177,162.456,162.657,2994299.89,7144
2024-10-25 13:00:00+00:00,163.497,165.437,163.396,165.257,4056600.09,7145
2024-10-25 14:00:00+00:00,165.286,165.577,164.656,164.946,9999899.86,7146
2024-10-25 15:00:00+00:00,164.956,165.437,164.727,164.897,9302399.64,7147
2024-10-25 16:00:00+00:00,164.896,165.496,164.786,165.317,7209599.97,7148
2024-10-25 17:00:00+00:00,165.296,165.367,164.376,164.406,9969599.72,7149
2024-10-25 18:00:00+00:00,164.407,165.277,164.196,165.126,10701600.07,7150
2024-10-25 19:00:00+00:00,165.117,165.377,164.816,165.227,8986800.19,7151
2024-10-25 20:00:00+00:00,165.117,165.377,164.816,165.227,8986800.19,7152
2024-10-25 21:00:00+00:00,165.117,165.377,164.816,165.227,8986800.19,7153
2024-10-25 22:00:00+00:00,165.117,165.377,164.816,165.227,8986800.19,7154
2024-10-25 23:00:00+00:00,165.117,165.377,164.816,165.227,8986800.19,7155
2024-10-26 00:00:00+00:00,165.117,165.377,164.816,165.227,8986800.19,7156
2024-10-26 01:00:00+00:00,165.117,165.377,164.816,165.227,8986800.19,7157
2024-10-26 02:00:00+00:00,165.117,165.377,164.816,165.227,8986800.19,7158
2024-10-26 03:00:00+00:00,165.117,165.377,164.816,165.227,8986800.19,7159
2024-10-26 04:00:00+00:00,165.117,165.377,164.816,165.227,8986800.19,7160
2024-10-26 05:00:00+00:00,165.117,165.377,164.816,165.227,8986800.19,7161
2024-10-26 06:00:00+00:00,165.117,165.377,164.816,165.227,8986800.19,7162
2024-10-26 07:00:00+00:00,165.117,165.377,164.816,165.227,8986800.19,7163
2024-10-26 08:00:00+00:00,165.117,165.377,164.816,165.227,8986800.19,7164
2024-10-26 09:00:00+00:00,165.117,165.377,164.816,165.227,8986800.19,7165
2024-10-26 10:00:00+00:00,165.117,165.377,164.816,165.227,8986800.19,7166
2024-10-26 11:00:00+00:00,165.117,165.377,164.816,165.227,8986800.19,7167
2024-10-26 12:00:00+00:00,165.117,165.377,164.816,165.227,8986800.19,7168
2024-10-26 13:00:00+00:00,165.117,165.377,164.816,165.227,8986800.19,7169
2024-10-26 14:00:00+00:00,165.117,165.377,164.816,165.227,8986800.19,7170
2024-10-26 15:00:00+00:00,165.117,165.377,164.816,165.227,8986800.19,7171
2024-10-26 16:00:00+00:00,165.117,165.377,164.816,165.227,8986800.19,7172
2024-10-26 17:00:00+00:00,165.117,165.377,164.816,165.227,8986800.19,7173
2024-10-26 18:00:00+00:00,165.117,165.377,164.816,165.227,8986800.19,7174
2024-10-26 19:00:00+00:00,165.117,165.377,164.816,165.227,8986800.19,7175
2024-10-26 20:00:00+00:00,165.117,165.377,164.816,165.227,8986800.19,7176
2024-10-26 21:00:00+00:00,165.117,165.377,164.816,165.227,8986800.19,7177
2024-10-26 22:00:00+00:00,165.117,165.377,164.816,165.227,8986800.19,7178
2024-10-26 23:00:00+00:00,165.117,165.377,164.816,165.227,8986800.19,7179
2024-10-27 00:00:00+00:00,165.117,165.377,164.816,165.227,8986800.19,7180
2024-10-27 01:00:00+00:00,165.117,165.377,164.816,165.227,8986800.19,7181
2024-10-27 02:00:00+00:00,165.117,165.377,164.816,165.227,8986800.19,7182
2024-10-27 03:00:00+00:00,165.117,165.377,164.816,165.227,8986800.19,7183
2024-10-27 04:00:00+00:00,165.117,165.377,164.816,165.227,8986800.19,7184
2024-10-27 05:00:00+00:00,165.117,165.377,164.816,165.227,8986800.19,7185
2024-10-27 06:00:00+00:00,165.117,165.377,164.816,165.227,8986800.19,7186
2024-10-27 07:00:00+00:00,165.117,165.377,164.816,165.227,8986800.19,7187
2024-10-27 08:00:00+00:00,165.117,165.377,164.816,165.227,8986800.19,7188
2024-10-27 09:00:00+00:00,165.117,165.377,164.816,165.227,8986800.19,7189
2024-10-27 10:00:00+00:00,165.117,165.377,164.816,165.227,8986800.19,7190
2024-10-27 11:00:00+00:00,165.117,165.377,164.816,165.227,8986800.19,7191
2024-10-27 12:00:00+00:00,165.117,165.377,164.816,165.227,8986800.19,7192
2024-10-27 13:00:00+00:00,165.117,165.377,164.816,165.227,8986800.19,7193
2024-10-27 14:00:00+00:00,165.117,165.377,164.816,165.227,8986800.19,7194
2024-10-27 15:00:00+00:00,165.117,165.377,164.816,165.227,8986800.19,7195
2024-10-27 16:00:00+00:00,165.117,165.377,164.816,165.227,8986800.19,7196
2024-10-27 17:00:00+00:00,165.117,165.377,164.816,165.227,8986800.19,7197
2024-10-27 18:00:00+00:00,165.117,165.377,164.816,165.227,8986800.19,7198
2024-10-27 19:00:00+00:00,165.117,165.377,164.816,165.227,8986800.19,7199
2024-10-27 20:00:00+00:00,165.117,165.377,164.816,165.227,8986800.19,7200
2024-10-27 21:00:00+00:00,165.117,165.377,164.816,165.227,8986800.19,7201
2024-10-27 22:00:00+00:00,165.117,165.377,164.816,165.227,8986800.19,7202
2024-10-27 23:00:00+00:00,165.117,165.377,164.816,165.227,8986800.19,7203
2024-10-28 00:00:00+00:00,165.117,165.377,164.816,165.227,8986800.19,7204
2024-10-28 01:00:00+00:00,165.117,165.377,164.816,165.227,8986800.19,7205
2024-10-28 02:00:00+00:00,165.117,165.377,164.816,165.227,8986800.19,7206
2024-10-28 03:00:00+00:00,165.117,165.377,164.816,165.227,8986800.19,7207
2024-10-28 04:00:00+00:00,165.117,165.377,164.816,165.227,8986800.19,7208
2024-10-28 05:00:00+00:00,165.117,165.377,164.816,165.227,8986800.19,7209
2024-10-28 06:00:00+00:00,165.117,165.377,164.816,165.227,8986800.19,7210
2024-10-28 07:00:00+00:00,165.117,165.377,164.816,165.227,8986800.19,7211
2024-10-28 08:00:00+00:00,165.117,165.377,164.816,165.227,8986800.19,7212
2024-10-28 09:00:00+00:00,165.117,165.377,164.816,165.227,8986800.19,7213
2024-10-28 10:00:00+00:00,165.117,165.377,164.816,165.227,8986800.19,7214
2024-10-28 11:00:00+00:00,165.117,165.377,164.816,165.227,8986800.19,7215
2024-10-28 12:00:00+00:00,165.117,165.377,164.816,165.227,8986800.19,7216
2024-10-28 13:00:00+00:00,168.617,168.696,166.256,167.006,5828400.14,7217
2024-10-28 14:00:00+00:00,166.977,168.056,166.916,167.266,7090799.81,7218
2024-10-28 15:00:00+00:00,167.286,167.347,163.936,166.807,9730799.68,7219
2024-10-28 16:00:00+00:00,166.796,166.877,166.106,166.577,5532000.06,7220
2024-10-28 17:00:00+00:00,166.587,166.946,166.336,166.846,3634799.96,7221
2024-10-28 18:00:00+00:00,166.836,167.347,166.716,167.167,3998399.97,7222
2024-10-28 19:00:00+00:00,167.167,167.287,166.666,166.716,5118000.03,7223
2024-10-28 20:00:00+00:00,167.167,167.287,166.666,166.716,5118000.03,7224
2024-10-28 21:00:00+00:00,167.167,167.287,166.666,166.716,5118000.03,7225
2024-10-28 22:00:00+00:00,167.167,167.287,166.666,166.716,5118000.03,7226
2024-10-28 23:00:00+00:00,167.167,167.287,166.666,166.716,5118000.03,7227
2024-10-29 00:00:00+00:00,167.167,167.287,166.666,166.716,5118000.03,7228
2024-10-29 01:00:00+00:00,167.167,167.287,166.666,166.716,5118000.03,7229
2024-10-29 02:00:00+00:00,167.167,167.287,166.666,166.716,5118000.03,7230
2024-10-29 03:00:00+00:00,167.167,167.287,166.666,166.716,5118000.03,7231
2024-10-29 04:00:00+00:00,167.167,167.287,166.666,166.716,5118000.03,7232
2024-10-29 05:00:00+00:00,167.167,167.287,166.666,166.716,5118000.03,7233
2024-10-29 06:00:00+00:00,167.167,167.287,166.666,166.716,5118000.03,7234
2024-10-29 07:00:00+00:00,167.167,167.287,166.666,166.716,5118000.03,7235
2024-10-29 08:00:00+00:00,167.167,167.287,166.666,166.716,5118000.03,7236
2024-10-29 09:00:00+00:00,167.167,167.287,166.666,166.716,5118000.03,7237
2024-10-29 10:00:00+00:00,167.167,167.287,166.666,166.716,5118000.03,7238
2024-10-29 11:00:00+00:00,167.167,167.287,166.666,166.716,5118000.03,7239
2024-10-29 12:00:00+00:00,167.167,167.287,166.666,166.716,5118000.03,7240
2024-10-29 13:00:00+00:00,167.596,168.346,167.067,167.986,5887199.88,7241
2024-10-29 14:00:00+00:00,167.996,168.947,167.427,168.927,7372799.87,7242
2024-10-29 15:00:00+00:00,168.936,169.107,168.197,168.516,5142000.2,7243
2024-10-29 16:00:00+00:00,168.526,169.237,168.307,169.207,4342800.14,7244
2024-10-29 17:00:00+00:00,169.207,169.796,169.196,169.507,4442399.98,7245
2024-10-29 18:00:00+00:00,169.497,169.976,169.416,169.757,3532799.96,7246
2024-10-29 19:00:00+00:00,169.736,170.367,169.356,169.606,6110400.2,7247
2024-10-29 20:00:00+00:00,169.736,170.367,169.356,169.606,6110400.2,7248
2024-10-29 21:00:00+00:00,169.736,170.367,169.356,169.606,6110400.2,7249
2024-10-29 22:00:00+00:00,169.736,170.367,169.356,169.606,6110400.2,7250
2024-10-29 23:00:00+00:00,169.736,170.367,169.356,169.606,6110400.2,7251
2024-10-30 00:00:00+00:00,169.736,170.367,169.356,169.606,6110400.2,7252
2024-10-30 01:00:00+00:00,169.736,170.367,169.356,169.606,6110400.2,7253
2024-10-30 02:00:00+00:00,169.736,170.367,169.356,169.606,6110400.2,7254
2024-10-30 03:00:00+00:00,169.736,170.367,169.356,169.606,6110400.2,7255
2024-10-30 04:00:00+00:00,169.736,170.367,169.356,169.606,6110400.2,7256
2024-10-30 05:00:00+00:00,169.736,170.367,169.356,169.606,6110400.2,7257
2024-10-30 06:00:00+00:00,169.736,170.367,169.356,169.606,6110400.2,7258
2024-10-30 07:00:00+00:00,169.736,170.367,169.356,169.606,6110400.2,7259
2024-10-30 08:00:00+00:00,169.736,170.367,169.356,169.606,6110400.2,7260
2024-10-30 09:00:00+00:00,169.736,170.367,169.356,169.606,6110400.2,7261
2024-10-30 10:00:00+00:00,169.736,170.367,169.356,169.606,6110400.2,7262
2024-10-30 11:00:00+00:00,169.736,170.367,169.356,169.606,6110400.2,7263
2024-10-30 12:00:00+00:00,169.736,170.367,169.356,169.606,6110400.2,7264
2024-10-30 13:00:00+00:00,180.776,181.977,177.376,179.046,11427599.91,7265
2024-10-30 14:00:00+00:00,179.046,181.066,178.226,179.107,12494400.02,7266
2024-10-30 15:00:00+00:00,179.107,179.827,178.106,178.817,9796799.66,7267
2024-10-30 16:00:00+00:00,178.806,179.447,177.716,177.747,7201200.01,7268
2024-10-30 17:00:00+00:00,177.736,177.897,175.897,176.177,7675199.99,7269
2024-10-30 18:00:00+00:00,176.167,177.036,176.166,176.707,6130799.77,7270
2024-10-30 19:00:00+00:00,176.716,176.827,174.046,174.457,9411600.11,7271
2024-10-30 20:00:00+00:00,176.716,176.827,174.046,174.457,9411600.11,7272
2024-10-30 21:00:00+00:00,176.716,176.827,174.046,174.457,9411600.11,7273
2024-10-30 22:00:00+00:00,176.716,176.827,174.046,174.457,9411600.11,7274
2024-10-30 23:00:00+00:00,176.716,176.827,174.046,174.457,9411600.11,7275
2024-10-31 00:00:00+00:00,176.716,176.827,174.046,174.457,9411600.11,7276
2024-10-31 01:00:00+00:00,176.716,176.827,174.046,174.457,9411600.11,7277
2024-10-31 02:00:00+00:00,176.716,176.827,174.046,174.457,9411600.11,7278
2024-10-31 03:00:00+00:00,176.716,176.827,174.046,174.457,9411600.11,7279
2024-10-31 04:00:00+00:00,176.716,176.827,174.046,174.457,9411600.11,7280
2024-10-31 05:00:00+00:00,176.716,176.827,174.046,174.457,9411600.11,7281
2024-10-31 06:00:00+00:00,176.716,176.827,174.046,174.457,9411600.11,7282
2024-10-31 07:00:00+00:00,176.716,176.827,174.046,174.457,9411600.11,7283
2024-10-31 08:00:00+00:00,176.716,176.827,174.046,174.457,9411600.11,7284
2024-10-31 09:00:00+00:00,176.716,176.827,174.046,174.457,9411600.11,7285
2024-10-31 10:00:00+00:00,176.716,176.827,174.046,174.457,9411600.11,7286
2024-10-31 11:00:00+00:00,176.716,176.827,174.046,174.457,9411600.11,7287
2024-10-31 12:00:00+00:00,176.716,176.827,174.046,174.457,9411600.11,7288
2024-10-31 13:00:00+00:00,173.017,176.796,172.997,174.627,8722800.25,7289
2024-10-31 14:00:00+00:00,174.656,176.206,173.426,174.016,15016799.93,7290
2024-10-31 15:00:00+00:00,174.007,174.996,173.516,174.267,10741200.45,7291
2024-10-31 16:00:00+00:00,174.256,174.947,171.626,172.457,11708399.77,7292
2024-10-31 17:00:00+00:00,172.436,172.817,171.186,171.397,6961200.24,7293
2024-10-31 18:00:00+00:00,171.427,172.096,171.146,171.287,7199999.81,7294
2024-10-31 19:00:00+00:00,171.286,172.397,171.006,171.056,9899999.62,7295
2024-10-31 20:00:00+00:00,171.286,172.397,171.006,171.056,9899999.62,7296
2024-10-31 21:00:00+00:00,171.286,172.397,171.006,171.056,9899999.62,7297
2024-10-31 22:00:00+00:00,171.286,172.397,171.006,171.056,9899999.62,7298
2024-10-31 23:00:00+00:00,171.286,172.397,171.006,171.056,9899999.62,7299
2024-11-01 00:00:00+00:00,171.286,172.397,171.006,171.056,9899999.62,7300
2024-11-01 01:00:00+00:00,171.286,172.397,171.006,171.056,9899999.62,7301
2024-11-01 02:00:00+00:00,171.286,172.397,171.006,171.056,9899999.62,7302
2024-11-01 03:00:00+00:00,171.286,172.397,171.006,171.056,9899999.62,7303
2024-11-01 04:00:00+00:00,171.286,172.397,171.006,171.056,9899999.62,7304
2024-11-01 05:00:00+00:00,171.286,172.397,171.006,171.056,9899999.62,7305
2024-11-01 06:00:00+00:00,171.286,172.397,171.006,171.056,9899999.62,7306
2024-11-01 07:00:00+00:00,171.286,172.397,171.006,171.056,9899999.62,7307
2024-11-01 08:00:00+00:00,171.286,172.397,171.006,171.056,9899999.62,7308
2024-11-01 09:00:00+00:00,171.286,172.397,171.006,171.056,9899999.62,7309
2024-11-01 10:00:00+00:00,171.286,172.397,171.006,171.056,9899999.62,7310
2024-11-01 11:00:00+00:00,171.286,172.397,171.006,171.056,9899999.62,7311
2024-11-01 12:00:00+00:00,171.286,172.397,171.006,171.056,9899999.62,7312
2024-11-01 13:00:00+00:00,169.927,172.307,168.846,171.807,7394400.12,7313
2024-11-01 14:00:00+00:00,171.816,171.886,170.307,171.417,16347600.94,7314
2024-11-01 15:00:00+00:00,171.407,171.647,170.856,171.367,13000800.13,7315
2024-11-01 16:00:00+00:00,171.366,172.166,171.306,172.047,10898400.31,7316
2024-11-01 17:00:00+00:00,172.057,172.147,171.066,171.116,13380000.11,7317
2024-11-01 18:00:00+00:00,171.117,171.406,170.846,171.136,10331999.78,7318
2024-11-01 19:00:00+00:00,171.117,172.007,170.846,171.266,13509599.69,7319
2024-11-01 20:00:00+00:00,171.117,172.007,170.846,171.266,13509599.69,7320
2024-11-01 21:00:00+00:00,171.117,172.007,170.846,171.266,13509599.69,7321
2024-11-01 22:00:00+00:00,171.117,172.007,170.846,171.266,13509599.69,7322
2024-11-01 23:00:00+00:00,171.117,172.007,170.846,171.266,13509599.69,7323
2024-11-02 00:00:00+00:00,171.117,172.007,170.846,171.266,13509599.69,7324
2024-11-02 01:00:00+00:00,171.117,172.007,170.846,171.266,13509599.69,7325
2024-11-02 02:00:00+00:00,171.117,172.007,170.846,171.266,13509599.69,7326
2024-11-02 03:00:00+00:00,171.117,172.007,170.846,171.266,13509599.69,7327
2024-11-02 04:00:00+00:00,171.117,172.007,170.846,171.266,13509599.69,7328
2024-11-02 05:00:00+00:00,171.117,172.007,170.846,171.266,13509599.69,7329
2024-11-02 06:00:00+00:00,171.117,172.007,170.846,171.266,13509599.69,7330
2024-11-02 07:00:00+00:00,171.117,172.007,170.846,171.266,13509599.69,7331
2024-11-02 08:00:00+00:00,171.117,172.007,170.846,171.266,13509599.69,7332
2024-11-02 09:00:00+00:00,171.117,172.007,170.846,171.266,13509599.69,7333
2024-11-02 10:00:00+00:00,171.117,172.007,170.846,171.266,13509599.69,7334
2024-11-02 11:00:00+00:00,171.117,172.007,170.846,171.266,13509599.69,7335
2024-11-02 12:00:00+00:00,171.117,172.007,170.846,171.266,13509599.69,7336
2024-11-02 13:00:00+00:00,171.117,172.007,170.846,171.266,13509599.69,7337
2024-11-02 14:00:00+00:00,171.117,172.007,170.846,171.266,13509599.69,7338
2024-11-02 15:00:00+00:00,171.117,172.007,170.846,171.266,13509599.69,7339
2024-11-02 16:00:00+00:00,171.117,172.007,170.846,171.266,13509599.69,7340
2024-11-02 17:00:00+00:00,171.117,172.007,170.846,171.266,13509599.69,7341
2024-11-02 18:00:00+00:00,171.117,172.007,170.846,171.266,13509599.69,7342
2024-11-02 19:00:00+00:00,171.117,172.007,170.846,171.266,13509599.69,7343
2024-11-02 20:00:00+00:00,171.117,172.007,170.846,171.266,13509599.69,7344
2024-11-02 21:00:00+00:00,171.117,172.007,170.846,171.266,13509599.69,7345
2024-11-02 22:00:00+00:00,171.117,172.007,170.846,171.266,13509599.69,7346
2024-11-02 23:00:00+00:00,171.117,172.007,170.846,171.266,13509599.69,7347
2024-11-03 00:00:00+00:00,171.117,172.007,170.846,171.266,13509599.69,7348
2024-11-03 01:00:00+00:00,171.117,172.007,170.846,171.266,13509599.69,7349
2024-11-03 02:00:00+00:00,171.117,172.007,170.846,171.266,13509599.69,7350
2024-11-03 03:00:00+00:00,171.117,172.007,170.846,171.266,13509599.69,7351
2024-11-03 04:00:00+00:00,171.117,172.007,170.846,171.266,13509599.69,7352
2024-11-03 05:00:00+00:00,171.117,172.007,170.846,171.266,13509599.69,7353
2024-11-03 06:00:00+00:00,171.117,172.007,170.846,171.266,13509599.69,7354
2024-11-03 07:00:00+00:00,171.117,172.007,170.846,171.266,13509599.69,7355
2024-11-03 08:00:00+00:00,171.117,172.007,170.846,171.266,13509599.69,7356
2024-11-03 09:00:00+00:00,171.117,172.007,170.846,171.266,13509599.69,7357
2024-11-03 10:00:00+00:00,171.117,172.007,170.846,171.266,13509599.69,7358
2024-11-03 11:00:00+00:00,171.117,172.007,170.846,171.266,13509599.69,7359
2024-11-03 12:00:00+00:00,171.117,172.007,170.846,171.266,13509599.69,7360
2024-11-03 13:00:00+00:00,171.117,172.007,170.846,171.266,13509599.69,7361
2024-11-03 14:00:00+00:00,171.117,172.007,170.846,171.266,13509599.69,7362
2024-11-03 15:00:00+00:00,171.117,172.007,170.846,171.266,13509599.69,7363
2024-11-03 16:00:00+00:00,171.117,172.007,170.846,171.266,13509599.69,7364
2024-11-03 17:00:00+00:00,171.117,172.007,170.846,171.266,13509599.69,7365
2024-11-03 18:00:00+00:00,171.117,172.007,170.846,171.266,13509599.69,7366
2024-11-03 19:00:00+00:00,171.117,172.007,170.846,171.266,13509599.69,7367
2024-11-03 20:00:00+00:00,171.117,172.007,170.846,171.266,13509599.69,7368
2024-11-03 21:00:00+00:00,171.117,172.007,170.846,171.266,13509599.69,7369
2024-11-03 22:00:00+00:00,171.117,172.007,170.846,171.266,13509599.69,7370
2024-11-03 23:00:00+00:00,171.117,172.007,170.846,171.266,13509599.69,7371
2024-11-04 00:00:00+00:00,171.117,172.007,170.846,171.266,13509599.69,7372
2024-11-04 01:00:00+00:00,171.117,172.007,170.846,171.266,13509599.69,7373
2024-11-04 02:00:00+00:00,171.117,172.007,170.846,171.266,13509599.69,7374
2024-11-04 03:00:00+00:00,171.117,172.007,170.846,171.266,13509599.69,7375
2024-11-04 04:00:00+00:00,171.117,172.007,170.846,171.266,13509599.69,7376
2024-11-04 05:00:00+00:00,171.117,172.007,170.846,171.266,13509599.69,7377
2024-11-04 06:00:00+00:00,171.117,172.007,170.846,171.266,13509599.69,7378
2024-11-04 07:00:00+00:00,171.117,172.007,170.846,171.266,13509599.69,7379
2024-11-04 08:00:00+00:00,171.117,172.007,170.846,171.266,13509599.69,7380
2024-11-04 09:00:00+00:00,171.117,172.007,170.846,171.266,13509599.69,7381
2024-11-04 10:00:00+00:00,171.117,172.007,170.846,171.266,13509599.69,7382
2024-11-04 11:00:00+00:00,171.117,172.007,170.846,171.266,13509599.69,7383
2024-11-04 12:00:00+00:00,171.117,172.007,170.846,171.266,13509599.69,7384
2024-11-04 13:00:00+00:00,171.117,172.007,170.846,171.266,13509599.69,7385
2024-11-04 14:00:00+00:00,169.797,170.637,168.076,169.146,5553599.83,7386
2024-11-04 15:00:00+00:00,169.186,169.786,168.996,169.517,6393599.99,7387
2024-11-04 16:00:00+00:00,169.516,169.737,168.006,168.316,6007199.76,7388
2024-11-04 17:00:00+00:00,168.316,169.267,168.036,169.226,5096399.78,7389
2024-11-04 18:00:00+00:00,169.226,169.697,169.046,169.346,4697999.95,7390
2024-11-04 19:00:00+00:00,169.346,169.746,169.346,169.537,3354000.09,7391
2024-11-04 20:00:00+00:00,169.526,169.657,168.986,169.267,5953199.86,7392
2024-11-04 21:00:00+00:00,169.526,169.657,168.986,169.267,5953199.86,7393
2024-11-04 22:00:00+00:00,169.526,169.657,168.986,169.267,5953199.86,7394
2024-11-04 23:00:00+00:00,169.526,169.657,168.986,169.267,5953199.86,7395
2024-11-05 00:00:00+00:00,169.526,169.657,168.986,169.267,5953199.86,7396
2024-11-05 01:00:00+00:00,169.526,169.657,168.986,169.267,5953199.86,7397
2024-11-05 02:00:00+00:00,169.526,169.657,168.986,169.267,5953199.86,7398
2024-11-05 03:00:00+00:00,169.526,169.657,168.986,169.267,5953199.86,7399
2024-11-05 04:00:00+00:00,169.526,169.657,168.986,169.267,5953199.86,7400
2024-11-05 05:00:00+00:00,169.526,169.657,168.986,169.267,5953199.86,7401
2024-11-05 06:00:00+00:00,169.526,169.657,168.986,169.267,5953199.86,7402
2024-11-05 07:00:00+00:00,169.526,169.657,168.986,169.267,5953199.86,7403
2024-11-05 08:00:00+00:00,169.526,169.657,168.986,169.267,5953199.86,7404
2024-11-05 09:00:00+00:00,169.526,169.657,168.986,169.267,5953199.86,7405
2024-11-05 10:00:00+00:00,169.526,169.657,168.986,169.267,5953199.86,7406
2024-11-05 11:00:00+00:00,169.526,169.657,168.986,169.267,5953199.86,7407
2024-11-05 12:00:00+00:00,169.526,169.657,168.986,169.267,5953199.86,7408
2024-11-05 13:00:00+00:00,169.526,169.657,168.986,169.267,5953199.86,7409
2024-11-05 14:00:00+00:00,169.347,170.037,168.826,169.687,6073200.23,7410
2024-11-05 15:00:00+00:00,169.717,170.087,169.087,169.316,8024399.76,7411
2024-11-05 16:00:00+00:00,169.307,169.956,169.216,169.496,5740799.9,7412
2024-11-05 17:00:00+00:00,169.507,170.516,169.506,170.227,4867199.9,7413
2024-11-05 18:00:00+00:00,170.227,170.377,169.616,169.686,4421999.93,7414
2024-11-05 19:00:00+00:00,169.676,169.997,169.577,169.787,4308000.09,7415
2024-11-05 20:00:00+00:00,169.767,170.037,169.336,169.706,5641200.07,7416
2024-11-05 21:00:00+00:00,169.767,170.037,169.336,169.706,5641200.07,7417
2024-11-05 22:00:00+00:00,169.767,170.037,169.336,169.706,5641200.07,7418
2024-11-05 23:00:00+00:00,169.767,170.037,169.336,169.706,5641200.07,7419
2024-11-06 00:00:00+00:00,169.767,170.037,169.336,169.706,5641200.07,7420
2024-11-06 01:00:00+00:00,169.767,170.037,169.336,169.706,5641200.07,7421
2024-11-06 02:00:00+00:00,169.767,170.037,169.336,169.706,5641200.07,7422
2024-11-06 03:00:00+00:00,169.767,170.037,169.336,169.706,5641200.07,7423
2024-11-06 04:00:00+00:00,169.767,170.037,169.336,169.706,5641200.07,7424
2024-11-06 05:00:00+00:00,169.767,170.037,169.336,169.706,5641200.07,7425
2024-11-06 06:00:00+00:00,169.767,170.037,169.336,169.706,5641200.07,7426
2024-11-06 07:00:00+00:00,169.767,170.037,169.336,169.706,5641200.07,7427
2024-11-06 08:00:00+00:00,169.767,170.037,169.336,169.706,5641200.07,7428
2024-11-06 09:00:00+00:00,169.767,170.037,169.336,169.706,5641200.07,7429
2024-11-06 10:00:00+00:00,169.767,170.037,169.336,169.706,5641200.07,7430
2024-11-06 11:00:00+00:00,169.767,170.037,169.336,169.706,5641200.07,7431
2024-11-06 12:00:00+00:00,169.767,170.037,169.336,169.706,5641200.07,7432
2024-11-06 13:00:00+00:00,169.767,170.037,169.336,169.706,5641200.07,7433
2024-11-06 14:00:00+00:00,173.746,175.546,173.476,174.686,9835200.31,7434
2024-11-06 15:00:00+00:00,174.706,176.576,174.527,175.026,16660800.93,7435
2024-11-06 16:00:00+00:00,175.036,175.797,174.617,175.486,11946000.1,7436
2024-11-06 17:00:00+00:00,175.486,175.547,175.016,175.017,9290399.55,7437
2024-11-06 18:00:00+00:00,175.016,176.097,174.986,175.976,8609999.66,7438
2024-11-06 19:00:00+00:00,175.977,176.477,175.906,176.417,8044799.8,7439
2024-11-06 20:00:00+00:00,176.407,176.866,176.086,176.477,11938799.86,7440
2024-11-06 21:00:00+00:00,176.407,176.866,176.086,176.477,11938799.86,7441
2024-11-06 22:00:00+00:00,176.407,176.866,176.086,176.477,11938799.86,7442
2024-11-06 23:00:00+00:00,176.407,176.866,176.086,176.477,11938799.86,7443
2024-11-07 00:00:00+00:00,176.407,176.866,176.086,176.477,11938799.86,7444
2024-11-07 01:00:00+00:00,176.407,176.866,176.086,176.477,11938799.86,7445
2024-11-07 02:00:00+00:00,176.407,176.866,176.086,176.477,11938799.86,7446
2024-11-07 03:00:00+00:00,176.407,176.866,176.086,176.477,11938799.86,7447
2024-11-07 04:00:00+00:00,176.407,176.866,176.086,176.477,11938799.86,7448
2024-11-07 05:00:00+00:00,176.407,176.866,176.086,176.477,11938799.86,7449
2024-11-07 06:00:00+00:00,176.407,176.866,176.086,176.477,11938799.86,7450
2024-11-07 07:00:00+00:00,176.407,176.866,176.086,176.477,11938799.86,7451
2024-11-07 08:00:00+00:00,176.407,176.866,176.086,176.477,11938799.86,7452
2024-11-07 09:00:00+00:00,176.407,176.866,176.086,176.477,11938799.86,7453
2024-11-07 10:00:00+00:00,176.407,176.866,176.086,176.477,11938799.86,7454
2024-11-07 11:00:00+00:00,176.407,176.866,176.086,176.477,11938799.86,7455
2024-11-07 12:00:00+00:00,176.407,176.866,176.086,176.477,11938799.86,7456
2024-11-07 13:00:00+00:00,176.407,176.866,176.086,176.477,11938799.86,7457
2024-11-07 14:00:00+00:00,177.346,179.257,177.166,178.366,5175600.05,7458
2024-11-07 15:00:00+00:00,178.367,178.766,177.617,178.756,8055600.17,7459
2024-11-07 16:00:00+00:00,178.767,179.946,178.647,179.927,4826399.8,7460
2024-11-07 17:00:00+00:00,179.927,179.956,179.156,179.556,4472400.19,7461
2024-11-07 18:00:00+00:00,179.577,179.746,179.246,179.717,4210800.17,7462
2024-11-07 19:00:00+00:00,179.716,180.827,179.597,180.806,5929200.17,7463
2024-11-07 20:00:00+00:00,180.807,181.067,180.417,180.737,7271999.84,7464
2024-11-07 21:00:00+00:00,180.807,181.067,180.417,180.737,7271999.84,7465
2024-11-07 22:00:00+00:00,180.807,181.067,180.417,180.737,7271999.84,7466
2024-11-07 23:00:00+00:00,180.807,181.067,180.417,180.737,7271999.84,7467
2024-11-08 00:00:00+00:00,180.807,181.067,180.417,180.737,7271999.84,7468
2024-11-08 01:00:00+00:00,180.807,181.067,180.417,180.737,7271999.84,7469
2024-11-08 02:00:00+00:00,180.807,181.067,180.417,180.737,7271999.84,7470
2024-11-08 03:00:00+00:00,180.807,181.067,180.417,180.737,7271999.84,7471
2024-11-08 04:00:00+00:00,180.807,181.067,180.417,180.737,7271999.84,7472
2024-11-08 05:00:00+00:00,180.807,181.067,180.417,180.737,7271999.84,7473
2024-11-08 06:00:00+00:00,180.807,181.067,180.417,180.737,7271999.84,7474
2024-11-08 07:00:00+00:00,180.807,181.067,180.417,180.737,7271999.84,7475
2024-11-08 08:00:00+00:00,180.807,181.067,180.417,180.737,7271999.84,7476
2024-11-08 09:00:00+00:00,180.807,181.067,180.417,180.737,7271999.84,7477
2024-11-08 10:00:00+00:00,180.807,181.067,180.417,180.737,7271999.84,7478
2024-11-08 11:00:00+00:00,180.807,181.067,180.417,180.737,7271999.84,7479
2024-11-08 12:00:00+00:00,180.807,181.067,180.417,180.737,7271999.84,7480
2024-11-08 13:00:00+00:00,180.807,181.067,180.417,180.737,7271999.84,7481
2024-11-08 14:00:00+00:00,180.526,180.837,178.937,179.267,4170000.08,7482
2024-11-08 15:00:00+00:00,179.277,179.836,178.246,178.307,5919600.01,7483
2024-11-08 16:00:00+00:00,178.317,179.077,178.066,179.036,3852000.0,7484
2024-11-08 17:00:00+00:00,179.047,179.096,178.696,178.896,2752799.99,7485
2024-11-08 18:00:00+00:00,178.907,178.947,178.276,178.897,2564399.96,7486
2024-11-08 19:00:00+00:00,178.886,179.267,178.567,179.207,2036400.08,7487
2024-11-08 20:00:00+00:00,179.197,179.227,178.176,178.296,4940400.12,7488
2024-11-08 21:00:00+00:00,179.197,179.227,178.176,178.296,4940400.12,7489
2024-11-08 22:00:00+00:00,179.197,179.227,178.176,178.296,4940400.12,7490
2024-11-08 23:00:00+00:00,179.197,179.227,178.176,178.296,4940400.12,7491
2024-11-09 00:00:00+00:00,179.197,179.227,178.176,178.296,4940400.12,7492
2024-11-09 01:00:00+00:00,179.197,179.227,178.176,178.296,4940400.12,7493
2024-11-09 02:00:00+00:00,179.197,179.227,178.176,178.296,4940400.12,7494
2024-11-09 03:00:00+00:00,179.197,179.227,178.176,178.296,4940400.12,7495
2024-11-09 04:00:00+00:00,179.197,179.227,178.176,178.296,4940400.12,7496
2024-11-09 05:00:00+00:00,179.197,179.227,178.176,178.296,4940400.12,7497
2024-11-09 06:00:00+00:00,179.197,179.227,178.176,178.296,4940400.12,7498
2024-11-09 07:00:00+00:00,179.197,179.227,178.176,178.296,4940400.12,7499
2024-11-09 08:00:00+00:00,179.197,179.227,178.176,178.296,4940400.12,7500
2024-11-09 09:00:00+00:00,179.197,179.227,178.176,178.296,4940400.12,7501
2024-11-09 10:00:00+00:00,179.197,179.227,178.176,178.296,4940400.12,7502
2024-11-09 11:00:00+00:00,179.197,179.227,178.176,178.296,4940400.12,7503
2024-11-09 12:00:00+00:00,179.197,179.227,178.176,178.296,4940400.12,7504
2024-11-09 13:00:00+00:00,179.197,179.227,178.176,178.296,4940400.12,7505
2024-11-09 14:00:00+00:00,179.197,179.227,178.176,178.296,4940400.12,7506
2024-11-09 15:00:00+00:00,179.197,179.227,178.176,178.296,4940400.12,7507
2024-11-09 16:00:00+00:00,179.197,179.227,178.176,178.296,4940400.12,7508
2024-11-09 17:00:00+00:00,179.197,179.227,178.176,178.296,4940400.12,7509
2024-11-09 18:00:00+00:00,179.197,179.227,178.176,178.296,4940400.12,7510
2024-11-09 19:00:00+00:00,179.197,179.227,178.176,178.296,4940400.12,7511
2024-11-09 20:00:00+00:00,179.197,179.227,178.176,178.296,4940400.12,7512
2024-11-09 21:00:00+00:00,179.197,179.227,178.176,178.296,4940400.12,7513
2024-11-09 22:00:00+00:00,179.197,179.227,178.176,178.296,4940400.12,7514
2024-11-09 23:00:00+00:00,179.197,179.227,178.176,178.296,4940400.12,7515
2024-11-10 00:00:00+00:00,179.197,179.227,178.176,178.296,4940400.12,7516
2024-11-10 01:00:00+00:00,179.197,179.227,178.176,178.296,4940400.12,7517
2024-11-10 02:00:00+00:00,179.197,179.227,178.176,178.296,4940400.12,7518
2024-11-10 03:00:00+00:00,179.197,179.227,178.176,178.296,4940400.12,7519
2024-11-10 04:00:00+00:00,179.197,179.227,178.176,178.296,4940400.12,7520
2024-11-10 05:00:00+00:00,179.197,179.227,178.176,178.296,4940400.12,7521
2024-11-10 06:00:00+00:00,179.197,179.227,178.176,178.296,4940400.12,7522
2024-11-10 07:00:00+00:00,179.197,179.227,178.176,178.296,4940400.12,7523
2024-11-10 08:00:00+00:00,179.197,179.227,178.176,178.296,4940400.12,7524
2024-11-10 09:00:00+00:00,179.197,179.227,178.176,178.296,4940400.12,7525
2024-11-10 10:00:00+00:00,179.197,179.227,178.176,178.296,4940400.12,7526
2024-11-10 11:00:00+00:00,179.197,179.227,178.176,178.296,4940400.12,7527
2024-11-10 12:00:00+00:00,179.197,179.227,178.176,178.296,4940400.12,7528
2024-11-10 13:00:00+00:00,179.197,179.227,178.176,178.296,4940400.12,7529
2024-11-10 14:00:00+00:00,179.197,179.227,178.176,178.296,4940400.12,7530
2024-11-10 15:00:00+00:00,179.197,179.227,178.176,178.296,4940400.12,7531
2024-11-10 16:00:00+00:00,179.197,179.227,178.176,178.296,4940400.12,7532
2024-11-10 17:00:00+00:00,179.197,179.227,178.176,178.296,4940400.12,7533
2024-11-10 18:00:00+00:00,179.197,179.227,178.176,178.296,4940400.12,7534
2024-11-10 19:00:00+00:00,179.197,179.227,178.176,178.296,4940400.12,7535
2024-11-10 20:00:00+00:00,179.197,179.227,178.176,178.296,4940400.12,7536
2024-11-10 21:00:00+00:00,179.197,179.227,178.176,178.296,4940400.12,7537
2024-11-10 22:00:00+00:00,179.197,179.227,178.176,178.296,4940400.12,7538
2024-11-10 23:00:00+00:00,179.197,179.227,178.176,178.296,4940400.12,7539
2024-11-11 00:00:00+00:00,179.197,179.227,178.176,178.296,4940400.12,7540
2024-11-11 01:00:00+00:00,179.197,179.227,178.176,178.296,4940400.12,7541
2024-11-11 02:00:00+00:00,179.197,179.227,178.176,178.296,4940400.12,7542
2024-11-11 03:00:00+00:00,179.197,179.227,178.176,178.296,4940400.12,7543
2024-11-11 04:00:00+00:00,179.197,179.227,178.176,178.296,4940400.12,7544
2024-11-11 05:00:00+00:00,179.197,179.227,178.176,178.296,4940400.12,7545
2024-11-11 06:00:00+00:00,179.197,179.227,178.176,178.296,4940400.12,7546
2024-11-11 07:00:00+00:00,179.197,179.227,178.176,178.296,4940400.12,7547
2024-11-11 08:00:00+00:00,179.197,179.227,178.176,178.296,4940400.12,7548
2024-11-11 09:00:00+00:00,179.197,179.227,178.176,178.296,4940400.12,7549
2024-11-11 10:00:00+00:00,179.197,179.227,178.176,178.296,4940400.12,7550
2024-11-11 11:00:00+00:00,179.197,179.227,178.176,178.296,4940400.12,7551
2024-11-11 12:00:00+00:00,179.197,179.227,178.176,178.296,4940400.12,7552
2024-11-11 13:00:00+00:00,179.197,179.227,178.176,178.296,4940400.12,7553
2024-11-11 14:00:00+00:00,178.577,179.707,178.456,179.506,6727200.03,7554
2024-11-11 15:00:00+00:00,179.507,180.207,179.357,179.686,11522399.9,7555
2024-11-11 16:00:00+00:00,179.696,180.106,179.307,179.916,8179200.17,7556
2024-11-11 17:00:00+00:00,179.906,180.256,179.757,179.886,8057999.61,7557
2024-11-11 18:00:00+00:00,179.856,180.267,179.377,180.266,7513199.81,7558
2024-11-11 19:00:00+00:00,180.246,180.536,180.156,180.257,6973199.84,7559
2024-11-11 20:00:00+00:00,180.267,180.427,179.976,180.357,8716799.74,7560
2024-11-11 21:00:00+00:00,180.267,180.427,179.976,180.357,8716799.74,7561
2024-11-11 22:00:00+00:00,180.267,180.427,179.976,180.357,8716799.74,7562
2024-11-11 23:00:00+00:00,180.267,180.427,179.976,180.357,8716799.74,7563
2024-11-12 00:00:00+00:00,180.267,180.427,179.976,180.357,8716799.74,7564
2024-11-12 01:00:00+00:00,180.267,180.427,179.976,180.357,8716799.74,7565
2024-11-12 02:00:00+00:00,180.267,180.427,179.976,180.357,8716799.74,7566
2024-11-12 03:00:00+00:00,180.267,180.427,179.976,180.357,8716799.74,7567
2024-11-12 04:00:00+00:00,180.267,180.427,179.976,180.357,8716799.74,7568
2024-11-12 05:00:00+00:00,180.267,180.427,179.976,180.357,8716799.74,7569
2024-11-12 06:00:00+00:00,180.267,180.427,179.976,180.357,8716799.74,7570
2024-11-12 07:00:00+00:00,180.267,180.427,179.976,180.357,8716799.74,7571
2024-11-12 08:00:00+00:00,180.267,180.427,179.976,180.357,8716799.74,7572
2024-11-12 09:00:00+00:00,180.267,180.427,179.976,180.357,8716799.74,7573
2024-11-12 10:00:00+00:00,180.267,180.427,179.976,180.357,8716799.74,7574
2024-11-12 11:00:00+00:00,180.267,180.427,179.976,180.357,8716799.74,7575
2024-11-12 12:00:00+00:00,180.267,180.427,179.976,180.357,8716799.74,7576
2024-11-12 13:00:00+00:00,180.267,180.427,179.976,180.357,8716799.74,7577
2024-11-12 14:00:00+00:00,179.706,181.807,179.316,181.757,6109200.0,7578
2024-11-12 15:00:00+00:00,181.757,181.846,179.526,179.717,12421199.8,7579
2024-11-12 16:00:00+00:00,179.727,180.196,179.446,180.057,10331999.78,7580
2024-11-12 17:00:00+00:00,180.047,181.157,179.896,180.477,9304800.03,7581
2024-11-12 18:00:00+00:00,180.476,181.347,180.366,181.267,10447199.82,7582
2024-11-12 19:00:00+00:00,181.257,182.207,181.236,182.007,8444399.83,7583
2024-11-12 20:00:00+00:00,181.996,182.477,181.156,181.657,10421999.93,7584
2024-11-12 21:00:00+00:00,181.996,182.477,181.156,181.657,10421999.93,7585
2024-11-12 22:00:00+00:00,181.996,182.477,181.156,181.657,10421999.93,7586
2024-11-12 23:00:00+00:00,181.996,182.477,181.156,181.657,10421999.93,7587
2024-11-13 00:00:00+00:00,181.996,182.477,181.156,181.657,10421999.93,7588
2024-11-13 01:00:00+00:00,181.996,182.477,181.156,181.657,10421999.93,7589
2024-11-13 02:00:00+00:00,181.996,182.477,181.156,181.657,10421999.93,7590
2024-11-13 03:00:00+00:00,181.996,182.477,181.156,181.657,10421999.93,7591
2024-11-13 04:00:00+00:00,181.996,182.477,181.156,181.657,10421999.93,7592
2024-11-13 05:00:00+00:00,181.996,182.477,181.156,181.657,10421999.93,7593
2024-11-13 06:00:00+00:00,181.996,182.477,181.156,181.657,10421999.93,7594
2024-11-13 07:00:00+00:00,181.996,182.477,181.156,181.657,10421999.93,7595
2024-11-13 08:00:00+00:00,181.996,182.477,181.156,181.657,10421999.93,7596
2024-11-13 09:00:00+00:00,181.996,182.477,181.156,181.657,10421999.93,7597
2024-11-13 10:00:00+00:00,181.996,182.477,181.156,181.657,10421999.93,7598
2024-11-13 11:00:00+00:00,181.996,182.477,181.156,181.657,10421999.93,7599
2024-11-13 12:00:00+00:00,181.996,182.477,181.156,181.657,10421999.93,7600
2024-11-13 13:00:00+00:00,181.996,182.477,181.156,181.657,10421999.93,7601
2024-11-13 14:00:00+00:00,180.397,180.837,179.106,179.477,4495200.16,7602
2024-11-13 15:00:00+00:00,179.476,179.647,178.766,179.246,6619200.23,7603
2024-11-13 16:00:00+00:00,179.256,179.776,179.107,179.427,4380000.11,7604
2024-11-13 17:00:00+00:00,179.416,180.127,179.167,179.337,4141200.07,7605
2024-11-13 18:00:00+00:00,179.336,179.967,179.006,179.866,2808000.09,7606
2024-11-13 19:00:00+00:00,179.857,179.916,179.126,179.167,4916399.96,7607
2024-11-13 20:00:00+00:00,179.166,179.387,178.556,178.876,6986400.13,7608
2024-11-13 21:00:00+00:00,179.166,179.387,178.556,178.876,6986400.13,7609
2024-11-13 22:00:00+00:00,179.166,179.387,178.556,178.876,6986400.13,7610
2024-11-13 23:00:00+00:00,179.166,179.387,178.556,178.876,6986400.13,7611
2024-11-14 00:00:00+00:00,179.166,179.387,178.556,178.876,6986400.13,7612
2024-11-14 01:00:00+00:00,179.166,179.387,178.556,178.876,6986400.13,7613
2024-11-14 02:00:00+00:00,179.166,179.387,178.556,178.876,6986400.13,7614
2024-11-14 03:00:00+00:00,179.166,179.387,178.556,178.876,6986400.13,7615
2024-11-14 04:00:00+00:00,179.166,179.387,178.556,178.876,6986400.13,7616
2024-11-14 05:00:00+00:00,179.166,179.387,178.556,178.876,6986400.13,7617
2024-11-14 06:00:00+00:00,179.166,179.387,178.556,178.876,6986400.13,7618
2024-11-14 07:00:00+00:00,179.166,179.387,178.556,178.876,6986400.13,7619
2024-11-14 08:00:00+00:00,179.166,179.387,178.556,178.876,6986400.13,7620
2024-11-14 09:00:00+00:00,179.166,179.387,178.556,178.876,6986400.13,7621
2024-11-14 10:00:00+00:00,179.166,179.387,178.556,178.876,6986400.13,7622
2024-11-14 11:00:00+00:00,179.166,179.387,178.556,178.876,6986400.13,7623
2024-11-14 12:00:00+00:00,179.166,179.387,178.556,178.876,6986400.13,7624
2024-11-14 13:00:00+00:00,179.166,179.387,178.556,178.876,6986400.13,7625
2024-11-14 14:00:00+00:00,178.216,178.756,176.206,176.406,6133200.17,7626
2024-11-14 15:00:00+00:00,176.397,177.037,175.716,175.846,12960000.04,7627
2024-11-14 16:00:00+00:00,175.847,175.886,174.356,174.576,11020799.64,7628
2024-11-14 17:00:00+00:00,174.576,175.176,174.316,175.117,11624400.14,7629
2024-11-14 18:00:00+00:00,175.107,175.487,174.746,174.786,10048800.47,7630
2024-11-14 19:00:00+00:00,174.787,175.617,174.766,175.417,9711600.3,7631
2024-11-14 20:00:00+00:00,175.406,175.977,175.106,175.566,17591999.05,7632
2024-11-14 21:00:00+00:00,175.406,175.977,175.106,175.566,17591999.05,7633
2024-11-14 22:00:00+00:00,175.406,175.977,175.106,175.566,17591999.05,7634
2024-11-14 23:00:00+00:00,175.406,175.977,175.106,175.566,17591999.05,7635
2024-11-15 00:00:00+00:00,175.406,175.977,175.106,175.566,17591999.05,7636
2024-11-15 01:00:00+00:00,175.406,175.977,175.106,175.566,17591999.05,7637
2024-11-15 02:00:00+00:00,175.406,175.977,175.106,175.566,17591999.05,7638
2024-11-15 03:00:00+00:00,175.406,175.977,175.106,175.566,17591999.05,7639
2024-11-15 04:00:00+00:00,175.406,175.977,175.106,175.566,17591999.05,7640
2024-11-15 05:00:00+00:00,175.406,175.977,175.106,175.566,17591999.05,7641
2024-11-15 06:00:00+00:00,175.406,175.977,175.106,175.566,17591999.05,7642
2024-11-15 07:00:00+00:00,175.406,175.977,175.106,175.566,17591999.05,7643
2024-11-15 08:00:00+00:00,175.406,175.977,175.106,175.566,17591999.05,7644
2024-11-15 09:00:00+00:00,175.406,175.977,175.106,175.566,17591999.05,7645
2024-11-15 10:00:00+00:00,175.406,175.977,175.106,175.566,17591999.05,7646
2024-11-15 11:00:00+00:00,175.406,175.977,175.106,175.566,17591999.05,7647
2024-11-15 12:00:00+00:00,175.406,175.977,175.106,175.566,17591999.05,7648
2024-11-15 13:00:00+00:00,175.406,175.977,175.106,175.566,17591999.05,7649
2024-11-15 14:00:00+00:00,173.767,174.086,172.907,173.436,5943600.18,7650
2024-11-15 15:00:00+00:00,173.416,173.707,171.486,171.617,13512000.08,7651
2024-11-15 16:00:00+00:00,171.607,172.306,171.327,172.016,9627599.72,7652
2024-11-15 17:00:00+00:00,172.006,172.247,171.507,171.896,8287199.97,7653
2024-11-15 18:00:00+00:00,171.886,172.167,171.196,171.497,7137599.95,7654
2024-11-15 19:00:00+00:00,171.506,172.267,171.487,171.986,6315599.92,7655
2024-11-15 20:00:00+00:00,171.976,172.686,171.626,172.467,9279600.14,7656
2024-11-15 21:00:00+00:00,171.976,172.686,171.626,172.467,9279600.14,7657
2024-11-15 22:00:00+00:00,171.976,172.686,171.626,172.467,9279600.14,7658
2024-11-15 23:00:00+00:00,171.976,172.686,171.626,172.467,9279600.14,7659
2024-11-16 00:00:00+00:00,171.976,172.686,171.626,172.467,9279600.14,7660
2024-11-16 01:00:00+00:00,171.976,172.686,171.626,172.467,9279600.14,7661
2024-11-16 02:00:00+00:00,171.976,172.686,171.626,172.467,9279600.14,7662
2024-11-16 03:00:00+00:00,171.976,172.686,171.626,172.467,9279600.14,7663
2024-11-16 04:00:00+00:00,171.976,172.686,171.626,172.467,9279600.14,7664
2024-11-16 05:00:00+00:00,171.976,172.686,171.626,172.467,9279600.14,7665
2024-11-16 06:00:00+00:00,171.976,172.686,171.626,172.467,9279600.14,7666
2024-11-16 07:00:00+00:00,171.976,172.686,171.626,172.467,9279600.14,7667
2024-11-16 08:00:00+00:00,171.976,172.686,171.626,172.467,9279600.14,7668
2024-11-16 09:00:00+00:00,171.976,172.686,171.626,172.467,9279600.14,7669
2024-11-16 10:00:00+00:00,171.976,172.686,171.626,172.467,9279600.14,7670
2024-11-16 11:00:00+00:00,171.976,172.686,171.626,172.467,9279600.14,7671
2024-11-16 12:00:00+00:00,171.976,172.686,171.626,172.467,9279600.14,7672
2024-11-16 13:00:00+00:00,171.976,172.686,171.626,172.467,9279600.14,7673
2024-11-16 14:00:00+00:00,171.976,172.686,171.626,172.467,9279600.14,7674
2024-11-16 15:00:00+00:00,171.976,172.686,171.626,172.467,9279600.14,7675
2024-11-16 16:00:00+00:00,171.976,172.686,171.626,172.467,9279600.14,7676
2024-11-16 17:00:00+00:00,171.976,172.686,171.626,172.467,9279600.14,7677
2024-11-16 18:00:00+00:00,171.976,172.686,171.626,172.467,9279600.14,7678
2024-11-16 19:00:00+00:00,171.976,172.686,171.626,172.467,9279600.14,7679
2024-11-16 20:00:00+00:00,171.976,172.686,171.626,172.467,9279600.14,7680
2024-11-16 21:00:00+00:00,171.976,172.686,171.626,172.467,9279600.14,7681
2024-11-16 22:00:00+00:00,171.976,172.686,171.626,172.467,9279600.14,7682
2024-11-16 23:00:00+00:00,171.976,172.686,171.626,172.467,9279600.14,7683
2024-11-17 00:00:00+00:00,171.976,172.686,171.626,172.467,9279600.14,7684
2024-11-17 01:00:00+00:00,171.976,172.686,171.626,172.467,9279600.14,7685
2024-11-17 02:00:00+00:00,171.976,172.686,171.626,172.467,9279600.14,7686
2024-11-17 03:00:00+00:00,171.976,172.686,171.626,172.467,9279600.14,7687
2024-11-17 04:00:00+00:00,171.976,172.686,171.626,172.467,9279600.14,7688
2024-11-17 05:00:00+00:00,171.976,172.686,171.626,172.467,9279600.14,7689
2024-11-17 06:00:00+00:00,171.976,172.686,171.626,172.467,9279600.14,7690
2024-11-17 07:00:00+00:00,171.976,172.686,171.626,172.467,9279600.14,7691
2024-11-17 08:00:00+00:00,171.976,172.686,171.626,172.467,9279600.14,7692
2024-11-17 09:00:00+00:00,171.976,172.686,171.626,172.467,9279600.14,7693
2024-11-17 10:00:00+00:00,171.976,172.686,171.626,172.467,9279600.14,7694
2024-11-17 11:00:00+00:00,171.976,172.686,171.626,172.467,9279600.14,7695
2024-11-17 12:00:00+00:00,171.976,172.686,171.626,172.467,9279600.14,7696
2024-11-17 13:00:00+00:00,171.976,172.686,171.626,172.467,9279600.14,7697
2024-11-17 14:00:00+00:00,171.976,172.686,171.626,172.467,9279600.14,7698
2024-11-17 15:00:00+00:00,171.976,172.686,171.626,172.467,9279600.14,7699
2024-11-17 16:00:00+00:00,171.976,172.686,171.626,172.467,9279600.14,7700
2024-11-17 17:00:00+00:00,171.976,172.686,171.626,172.467,9279600.14,7701
2024-11-17 18:00:00+00:00,171.976,172.686,171.626,172.467,9279600.14,7702
2024-11-17 19:00:00+00:00,171.976,172.686,171.626,172.467,9279600.14,7703
2024-11-17 20:00:00+00:00,171.976,172.686,171.626,172.467,9279600.14,7704
2024-11-17 21:00:00+00:00,171.976,172.686,171.626,172.467,9279600.14,7705
2024-11-17 22:00:00+00:00,171.976,172.686,171.626,172.467,9279600.14,7706
2024-11-17 23:00:00+00:00,171.976,172.686,171.626,172.467,9279600.14,7707
2024-11-18 00:00:00+00:00,171.976,172.686,171.626,172.467,9279600.14,7708
2024-11-18 01:00:00+00:00,171.976,172.686,171.626,172.467,9279600.14,7709
2024-11-18 02:00:00+00:00,171.976,172.686,171.626,172.467,9279600.14,7710
2024-11-18 03:00:00+00:00,171.976,172.686,171.626,172.467,9279600.14,7711
2024-11-18 04:00:00+00:00,171.976,172.686,171.626,172.467,9279600.14,7712
2024-11-18 05:00:00+00:00,171.976,172.686,171.626,172.467,9279600.14,7713
2024-11-18 06:00:00+00:00,171.976,172.686,171.626,172.467,9279600.14,7714
2024-11-18 07:00:00+00:00,171.976,172.686,171.626,172.467,9279600.14,7715
2024-11-18 08:00:00+00:00,171.976,172.686,171.626,172.467,9279600.14,7716
2024-11-18 09:00:00+00:00,171.976,172.686,171.626,172.467,9279600.14,7717
2024-11-18 10:00:00+00:00,171.976,172.686,171.626,172.467,9279600.14,7718
2024-11-18 11:00:00+00:00,171.976,172.686,171.626,172.467,9279600.14,7719
2024-11-18 12:00:00+00:00,171.976,172.686,171.626,172.467,9279600.14,7720
2024-11-18 13:00:00+00:00,171.976,172.686,171.626,172.467,9279600.14,7721
2024-11-18 14:00:00+00:00,173.457,173.867,172.876,173.247,3875999.93,7722
2024-11-18 15:00:00+00:00,173.246,174.167,172.896,174.076,6386400.22,7723
2024-11-18 16:00:00+00:00,174.116,174.587,173.916,174.397,5215199.95,7724
2024-11-18 17:00:00+00:00,174.396,174.407,173.406,173.937,4952400.21,7725
2024-11-18 18:00:00+00:00,173.936,175.317,173.906,174.757,4360799.79,7726
2024-11-18 19:00:00+00:00,174.737,175.237,174.456,175.206,4273200.04,7727
2024-11-18 20:00:00+00:00,175.216,175.417,175.006,175.286,6201600.07,7728
2024-11-18 21:00:00+00:00,175.216,175.417,175.006,175.286,6201600.07,7729
2024-11-18 22:00:00+00:00,175.216,175.417,175.006,175.286,6201600.07,7730
2024-11-18 23:00:00+00:00,175.216,175.417,175.006,175.286,6201600.07,7731
2024-11-19 00:00:00+00:00,175.216,175.417,175.006,175.286,6201600.07,7732
2024-11-19 01:00:00+00:00,175.216,175.417,175.006,175.286,6201600.07,7733
2024-11-19 02:00:00+00:00,175.216,175.417,175.006,175.286,6201600.07,7734
2024-11-19 03:00:00+00:00,175.216,175.417,175.006,175.286,6201600.07,7735
2024-11-19 04:00:00+00:00,175.216,175.417,175.006,175.286,6201600.07,7736
2024-11-19 05:00:00+00:00,175.216,175.417,175.006,175.286,6201600.07,7737
2024-11-19 06:00:00+00:00,175.216,175.417,175.006,175.286,6201600.07,7738
2024-11-19 07:00:00+00:00,175.216,175.417,175.006,175.286,6201600.07,7739
2024-11-19 08:00:00+00:00,175.216,175.417,175.006,175.286,6201600.07,7740
2024-11-19 09:00:00+00:00,175.216,175.417,175.006,175.286,6201600.07,7741
2024-11-19 10:00:00+00:00,175.216,175.417,175.006,175.286,6201600.07,7742
2024-11-19 11:00:00+00:00,175.216,175.417,175.006,175.286,6201600.07,7743
2024-11-19 12:00:00+00:00,175.216,175.417,175.006,175.286,6201600.07,7744
2024-11-19 13:00:00+00:00,175.216,175.417,175.006,175.286,6201600.07,7745
2024-11-19 14:00:00+00:00,173.637,177.077,173.547,175.946,5738399.98,7746
2024-11-19 15:00:00+00:00,175.936,176.077,174.636,175.896,7441199.78,7747
2024-11-19 16:00:00+00:00,175.896,177.146,175.876,176.837,4122000.22,7748
2024-11-19 17:00:00+00:00,176.866,177.207,176.356,177.147,3796799.9,7749
2024-11-19 18:00:00+00:00,177.167,178.366,177.026,178.006,3057600.02,7750
2024-11-19 19:00:00+00:00,178.017,178.387,177.436,177.857,3519599.91,7751
2024-11-19 20:00:00+00:00,177.867,178.856,177.546,178.097,4992000.1,7752
2024-11-19 21:00:00+00:00,177.867,178.856,177.546,178.097,4992000.1,7753
2024-11-19 22:00:00+00:00,177.867,178.856,177.546,178.097,4992000.1,7754
2024-11-19 23:00:00+00:00,177.867,178.856,177.546,178.097,4992000.1,7755
2024-11-20 00:00:00+00:00,177.867,178.856,177.546,178.097,4992000.1,7756
2024-11-20 01:00:00+00:00,177.867,178.856,177.546,178.097,4992000.1,7757
2024-11-20 02:00:00+00:00,177.867,178.856,177.546,178.097,4992000.1,7758
2024-11-20 03:00:00+00:00,177.867,178.856,177.546,178.097,4992000.1,7759
2024-11-20 04:00:00+00:00,177.867,178.856,177.546,178.097,4992000.1,7760
2024-11-20 05:00:00+00:00,177.867,178.856,177.546,178.097,4992000.1,7761
2024-11-20 06:00:00+00:00,177.867,178.856,177.546,178.097,4992000.1,7762
2024-11-20 07:00:00+00:00,177.867,178.856,177.546,178.097,4992000.1,7763
2024-11-20 08:00:00+00:00,177.867,178.856,177.546,178.097,4992000.1,7764
2024-11-20 09:00:00+00:00,177.867,178.856,177.546,178.097,4992000.1,7765
2024-11-20 10:00:00+00:00,177.867,178.856,177.546,178.097,4992000.1,7766
2024-11-20 11:00:00+00:00,177.867,178.856,177.546,178.097,4992000.1,7767
2024-11-20 12:00:00+00:00,177.867,178.856,177.546,178.097,4992000.1,7768
2024-11-20 13:00:00+00:00,177.867,178.856,177.546,178.097,4992000.1,7769
2024-11-20 14:00:00+00:00,177.257,177.597,175.176,175.206,4719600.2,7770
2024-11-20 15:00:00+00:00,175.226,175.567,173.757,174.967,10184399.6,7771
2024-11-20 16:00:00+00:00,174.947,175.577,174.307,175.396,7277999.88,7772
2024-11-20 17:00:00+00:00,175.396,175.606,174.586,174.746,6140399.93,7773
2024-11-20 18:00:00+00:00,174.767,175.167,174.456,174.766,4765200.14,7774
2024-11-20 19:00:00+00:00,174.736,175.047,174.496,174.637,4483200.07,7775
2024-11-20 20:00:00+00:00,174.636,175.996,174.446,175.936,7336800.1,7776
2024-11-20 21:00:00+00:00,174.636,175.996,174.446,175.936,7336800.1,7777
2024-11-20 22:00:00+00:00,174.636,175.996,174.446,175.936,7336800.1,7778
2024-11-20 23:00:00+00:00,174.636,175.996,174.446,175.936,7336800.1,7779
2024-11-21 00:00:00+00:00,174.636,175.996,174.446,175.936,7336800.1,7780
2024-11-21 01:00:00+00:00,174.636,175.996,174.446,175.936,7336800.1,7781
2024-11-21 02:00:00+00:00,174.636,175.996,174.446,175.936,7336800.1,7782
2024-11-21 03:00:00+00:00,174.636,175.996,174.446,175.936,7336800.1,7783
2024-11-21 04:00:00+00:00,174.636,175.996,174.446,175.936,7336800.1,7784
2024-11-21 05:00:00+00:00,174.636,175.996,174.446,175.936,7336800.1,7785
2024-11-21 06:00:00+00:00,174.636,175.996,174.446,175.936,7336800.1,7786
2024-11-21 07:00:00+00:00,174.636,175.996,174.446,175.936,7336800.1,7787
2024-11-21 08:00:00+00:00,174.636,175.996,174.446,175.936,7336800.1,7788
2024-11-21 09:00:00+00:00,174.636,175.996,174.446,175.936,7336800.1,7789
2024-11-21 10:00:00+00:00,174.636,175.996,174.446,175.936,7336800.1,7790
2024-11-21 11:00:00+00:00,174.636,175.996,174.446,175.936,7336800.1,7791
2024-11-21 12:00:00+00:00,174.636,175.996,174.446,175.936,7336800.1,7792
2024-11-21 13:00:00+00:00,174.636,175.996,174.446,175.936,7336800.1,7793
2024-11-21 14:00:00+00:00,173.846,174.017,166.846,167.366,9951600.07,7794
2024-11-21 15:00:00+00:00,167.366,167.477,163.687,165.276,14802000.05,7795
2024-11-21 16:00:00+00:00,165.287,165.456,163.946,164.626,11655599.59,7796
2024-11-21 17:00:00+00:00,164.637,166.787,164.616,166.346,8792400.36,7797
2024-11-21 18:00:00+00:00,166.336,167.046,165.557,165.996,6721199.99,7798
2024-11-21 19:00:00+00:00,165.996,166.586,165.396,166.396,6142799.85,7799
2024-11-21 20:00:00+00:00,166.396,168.067,166.316,167.616,7834799.77,7800
2024-11-21 21:00:00+00:00,166.396,168.067,166.316,167.616,7834799.77,7801
2024-11-21 22:00:00+00:00,166.396,168.067,166.316,167.616,7834799.77,7802
2024-11-21 23:00:00+00:00,166.396,168.067,166.316,167.616,7834799.77,7803
2024-11-22 00:00:00+00:00,166.396,168.067,166.316,167.616,7834799.77,7804
2024-11-22 01:00:00+00:00,166.396,168.067,166.316,167.616,7834799.77,7805
2024-11-22 02:00:00+00:00,166.396,168.067,166.316,167.616,7834799.77,7806
2024-11-22 03:00:00+00:00,166.396,168.067,166.316,167.616,7834799.77,7807
2024-11-22 04:00:00+00:00,166.396,168.067,166.316,167.616,7834799.77,7808
2024-11-22 05:00:00+00:00,166.396,168.067,166.316,167.616,7834799.77,7809
2024-11-22 06:00:00+00:00,166.396,168.067,166.316,167.616,7834799.77,7810
2024-11-22 07:00:00+00:00,166.396,168.067,166.316,167.616,7834799.77,7811
2024-11-22 08:00:00+00:00,166.396,168.067,166.316,167.616,7834799.77,7812
2024-11-22 09:00:00+00:00,166.396,168.067,166.316,167.616,7834799.77,7813
2024-11-22 10:00:00+00:00,166.396,168.067,166.316,167.616,7834799.77,7814
2024-11-22 11:00:00+00:00,166.396,168.067,166.316,167.616,7834799.77,7815
2024-11-22 12:00:00+00:00,166.396,168.067,166.316,167.616,7834799.77,7816
2024-11-22 13:00:00+00:00,166.396,168.067,166.316,167.616,7834799.77,7817
2024-11-22 14:00:00+00:00,165.297,166.436,163.877,165.917,8312399.86,7818
2024-11-22 15:00:00+00:00,165.927,166.067,164.706,165.486,11995200.16,7819
2024-11-22 16:00:00+00:00,165.486,165.517,164.316,164.427,9004799.84,7820
2024-11-22 17:00:00+00:00,164.437,165.306,164.346,165.096,5707200.05,7821
2024-11-22 18:00:00+00:00,165.087,165.566,164.706,164.886,4852799.89,7822
2024-11-22 19:00:00+00:00,164.916,165.217,164.706,165.136,4320000.17,7823
2024-11-22 20:00:00+00:00,165.127,165.367,164.676,164.706,5859600.07,7824
2024-11-22 21:00:00+00:00,165.127,165.367,164.676,164.706,5859600.07,7825
2024-11-22 22:00:00+00:00,165.127,165.367,164.676,164.706,5859600.07,7826
2024-11-22 23:00:00+00:00,165.127,165.367,164.676,164.706,5859600.07,7827
2024-11-23 00:00:00+00:00,165.127,165.367,164.676,164.706,5859600.07,7828
2024-11-23 01:00:00+00:00,165.127,165.367,164.676,164.706,5859600.07,7829
2024-11-23 02:00:00+00:00,165.127,165.367,164.676,164.706,5859600.07,7830
2024-11-23 03:00:00+00:00,165.127,165.367,164.676,164.706,5859600.07,7831
2024-11-23 04:00:00+00:00,165.127,165.367,164.676,164.706,5859600.07,7832
2024-11-23 05:00:00+00:00,165.127,165.367,164.676,164.706,5859600.07,7833
2024-11-23 06:00:00+00:00,165.127,165.367,164.676,164.706,5859600.07,7834
2024-11-23 07:00:00+00:00,165.127,165.367,164.676,164.706,5859600.07,7835
2024-11-23 08:00:00+00:00,165.127,165.367,164.676,164.706,5859600.07,7836
2024-11-23 09:00:00+00:00,165.127,165.367,164.676,164.706,5859600.07,7837
2024-11-23 10:00:00+00:00,165.127,165.367,164.676,164.706,5859600.07,7838
2024-11-23 11:00:00+00:00,165.127,165.367,164.676,164.706,5859600.07,7839
2024-11-23 12:00:00+00:00,165.127,165.367,164.676,164.706,5859600.07,7840
2024-11-23 13:00:00+00:00,165.127,165.367,164.676,164.706,5859600.07,7841
2024-11-23 14:00:00+00:00,165.127,165.367,164.676,164.706,5859600.07,7842
2024-11-23 15:00:00+00:00,165.127,165.367,164.676,164.706,5859600.07,7843
2024-11-23 16:00:00+00:00,165.127,165.367,164.676,164.706,5859600.07,7844
2024-11-23 17:00:00+00:00,165.127,165.367,164.676,164.706,5859600.07,7845
2024-11-23 18:00:00+00:00,165.127,165.367,164.676,164.706,5859600.07,7846
2024-11-23 19:00:00+00:00,165.127,165.367,164.676,164.706,5859600.07,7847
2024-11-23 20:00:00+00:00,165.127,165.367,164.676,164.706,5859600.07,7848
2024-11-23 21:00:00+00:00,165.127,165.367,164.676,164.706,5859600.07,7849
2024-11-23 22:00:00+00:00,165.127,165.367,164.676,164.706,5859600.07,7850
2024-11-23 23:00:00+00:00,165.127,165.367,164.676,164.706,5859600.07,7851
2024-11-24 00:00:00+00:00,165.127,165.367,164.676,164.706,5859600.07,7852
2024-11-24 01:00:00+00:00,165.127,165.367,164.676,164.706,5859600.07,7853
2024-11-24 02:00:00+00:00,165.127,165.367,164.676,164.706,5859600.07,7854
2024-11-24 03:00:00+00:00,165.127,165.367,164.676,164.706,5859600.07,7855
2024-11-24 04:00:00+00:00,165.127,165.367,164.676,164.706,5859600.07,7856
2024-11-24 05:00:00+00:00,165.127,165.367,164.676,164.706,5859600.07,7857
2024-11-24 06:00:00+00:00,165.127,165.367,164.676,164.706,5859600.07,7858
2024-11-24 07:00:00+00:00,165.127,165.367,164.676,164.706,5859600.07,7859
2024-11-24 08:00:00+00:00,165.127,165.367,164.676,164.706,5859600.07,7860
2024-11-24 09:00:00+00:00,165.127,165.367,164.676,164.706,5859600.07,7861
2024-11-24 10:00:00+00:00,165.127,165.367,164.676,164.706,5859600.07,7862
2024-11-24 11:00:00+00:00,165.127,165.367,164.676,164.706,5859600.07,7863
2024-11-24 12:00:00+00:00,165.127,165.367,164.676,164.706,5859600.07,7864
2024-11-24 13:00:00+00:00,165.127,165.367,164.676,164.706,5859600.07,7865
2024-11-24 14:00:00+00:00,165.127,165.367,164.676,164.706,5859600.07,7866
2024-11-24 15:00:00+00:00,165.127,165.367,164.676,164.706,5859600.07,7867
2024-11-24 16:00:00+00:00,165.127,165.367,164.676,164.706,5859600.07,7868
2024-11-24 17:00:00+00:00,165.127,165.367,164.676,164.706,5859600.07,7869
2024-11-24 18:00:00+00:00,165.127,165.367,164.676,164.706,5859600.07,7870
2024-11-24 19:00:00+00:00,165.127,165.367,164.676,164.706,5859600.07,7871
2024-11-24 20:00:00+00:00,165.127,165.367,164.676,164.706,5859600.07,7872
2024-11-24 21:00:00+00:00,165.127,165.367,164.676,164.706,5859600.07,7873
2024-11-24 22:00:00+00:00,165.127,165.367,164.676,164.706,5859600.07,7874
2024-11-24 23:00:00+00:00,165.127,165.367,164.676,164.706,5859600.07,7875
2024-11-25 00:00:00+00:00,165.127,165.367,164.676,164.706,5859600.07,7876
2024-11-25 01:00:00+00:00,165.127,165.367,164.676,164.706,5859600.07,7877
2024-11-25 02:00:00+00:00,165.127,165.367,164.676,164.706,5859600.07,7878
2024-11-25 03:00:00+00:00,165.127,165.367,164.676,164.706,5859600.07,7879
2024-11-25 04:00:00+00:00,165.127,165.367,164.676,164.706,5859600.07,7880
2024-11-25 05:00:00+00:00,165.127,165.367,164.676,164.706,5859600.07,7881
2024-11-25 06:00:00+00:00,165.127,165.367,164.676,164.706,5859600.07,7882
2024-11-25 07:00:00+00:00,165.127,165.367,164.676,164.706,5859600.07,7883
2024-11-25 08:00:00+00:00,165.127,165.367,164.676,164.706,5859600.07,7884
2024-11-25 09:00:00+00:00,165.127,165.367,164.676,164.706,5859600.07,7885
2024-11-25 10:00:00+00:00,165.127,165.367,164.676,164.706,5859600.07,7886
2024-11-25 11:00:00+00:00,165.127,165.367,164.676,164.706,5859600.07,7887
2024-11-25 12:00:00+00:00,165.127,165.367,164.676,164.706,5859600.07,7888
2024-11-25 13:00:00+00:00,165.127,165.367,164.676,164.706,5859600.07,7889
2024-11-25 14:00:00+00:00,165.927,168.597,165.596,167.747,7450799.94,7890
2024-11-25 15:00:00+00:00,167.746,168.406,167.146,167.507,8632800.1,7891
2024-11-25 16:00:00+00:00,167.526,168.207,167.386,167.547,5689199.92,7892
2024-11-25 17:00:00+00:00,167.557,167.597,166.177,166.707,6979199.89,7893
2024-11-25 18:00:00+00:00,166.716,167.727,166.646,167.406,4105199.81,7894
2024-11-25 19:00:00+00:00,167.407,167.507,167.017,167.467,3459599.97,7895
2024-11-25 20:00:00+00:00,167.466,167.977,167.076,167.606,5912399.77,7896
2024-11-25 21:00:00+00:00,167.466,167.977,167.076,167.606,5912399.77,7897
2024-11-25 22:00:00+00:00,167.466,167.977,167.076,167.606,5912399.77,7898
2024-11-25 23:00:00+00:00,167.466,167.977,167.076,167.606,5912399.77,7899
2024-11-26 00:00:00+00:00,167.466,167.977,167.076,167.606,5912399.77,7900
2024-11-26 01:00:00+00:00,167.466,167.977,167.076,167.606,5912399.77,7901
2024-11-26 02:00:00+00:00,167.466,167.977,167.076,167.606,5912399.77,7902
2024-11-26 03:00:00+00:00,167.466,167.977,167.076,167.606,5912399.77,7903
2024-11-26 04:00:00+00:00,167.466,167.977,167.076,167.606,5912399.77,7904
2024-11-26 05:00:00+00:00,167.466,167.977,167.076,167.606,5912399.77,7905
2024-11-26 06:00:00+00:00,167.466,167.977,167.076,167.606,5912399.77,7906
2024-11-26 07:00:00+00:00,167.466,167.977,167.076,167.606,5912399.77,7907
2024-11-26 08:00:00+00:00,167.466,167.977,167.076,167.606,5912399.77,7908
2024-11-26 09:00:00+00:00,167.466,167.977,167.076,167.606,5912399.77,7909
2024-11-26 10:00:00+00:00,167.466,167.977,167.076,167.606,5912399.77,7910
2024-11-26 11:00:00+00:00,167.466,167.977,167.076,167.606,5912399.77,7911
2024-11-26 12:00:00+00:00,167.466,167.977,167.076,167.606,5912399.77,7912
2024-11-26 13:00:00+00:00,167.466,167.977,167.076,167.606,5912399.77,7913
2024-11-26 14:00:00+00:00,167.557,169.087,167.557,168.906,5323400.02,7914
2024-11-26 15:00:00+00:00,168.887,168.996,167.676,168.297,6754000.19,7915
2024-11-26 16:00:00+00:00,168.306,169.137,168.297,169.057,4701000.21,7916
2024-11-26 17:00:00+00:00,169.057,169.527,168.826,169.497,3121000.05,7917
2024-11-26 18:00:00+00:00,169.497,169.807,169.276,169.586,2450000.05,7918
2024-11-26 19:00:00+00:00,169.556,169.727,169.106,169.467,3599999.9,7919
2024-11-26 20:00:00+00:00,169.467,169.577,169.027,169.037,5087999.82,7920
2024-11-26 21:00:00+00:00,169.467,169.577,169.027,169.037,5087999.82,7921
2024-11-26 22:00:00+00:00,169.467,169.577,169.027,169.037,5087999.82,7922
2024-11-26 23:00:00+00:00,169.467,169.577,169.027,169.037,5087999.82,7923
2024-11-27 00:00:00+00:00,169.467,169.577,169.027,169.037,5087999.82,7924
2024-11-27 01:00:00+00:00,169.467,169.577,169.027,169.037,5087999.82,7925
2024-11-27 02:00:00+00:00,169.467,169.577,169.027,169.037,5087999.82,7926
2024-11-27 03:00:00+00:00,169.467,169.577,169.027,169.037,5087999.82,7927
2024-11-27 04:00:00+00:00,169.467,169.577,169.027,169.037,5087999.82,7928
2024-11-27 05:00:00+00:00,169.467,169.577,169.027,169.037,5087999.82,7929
2024-11-27 06:00:00+00:00,169.467,169.577,169.027,169.037,5087999.82,7930
2024-11-27 07:00:00+00:00,169.467,169.577,169.027,169.037,5087999.82,7931
2024-11-27 08:00:00+00:00,169.467,169.577,169.027,169.037,5087999.82,7932
2024-11-27 09:00:00+00:00,169.467,169.577,169.027,169.037,5087999.82,7933
2024-11-27 10:00:00+00:00,169.467,169.577,169.027,169.037,5087999.82,7934
2024-11-27 11:00:00+00:00,169.467,169.577,169.027,169.037,5087999.82,7935
2024-11-27 12:00:00+00:00,169.467,169.577,169.027,169.037,5087999.82,7936
2024-11-27 13:00:00+00:00,169.467,169.577,169.027,169.037,5087999.82,7937
2024-11-27 14:00:00+00:00,169.037,169.437,167.996,168.977,3875999.93,7938
2024-11-27 15:00:00+00:00,168.967,169.177,168.507,168.897,8237000.47,7939
2024-11-27 16:00:00+00:00,168.896,169.267,168.556,168.826,6502999.78,7940
2024-11-27 17:00:00+00:00,168.836,169.077,168.436,168.936,4743000.03,7941
2024-11-27 18:00:00+00:00,168.916,169.467,168.886,169.156,3575000.05,7942
2024-11-27 19:00:00+00:00,169.147,169.316,168.996,168.996,3094000.1,7943
2024-11-27 20:00:00+00:00,168.997,169.407,168.997,169.207,3782000.06,7944
2024-11-27 21:00:00+00:00,168.997,169.407,168.997,169.207,3782000.06,7945
2024-11-27 22:00:00+00:00,168.997,169.407,168.997,169.207,3782000.06,7946
2024-11-27 23:00:00+00:00,168.997,169.407,168.997,169.207,3782000.06,7947
2024-11-28 00:00:00+00:00,168.997,169.407,168.997,169.207,3782000.06,7948
2024-11-28 01:00:00+00:00,168.997,169.407,168.997,169.207,3782000.06,7949
2024-11-28 02:00:00+00:00,168.997,169.407,168.997,169.207,3782000.06,7950
2024-11-28 03:00:00+00:00,168.997,169.407,168.997,169.207,3782000.06,7951
2024-11-28 04:00:00+00:00,168.997,169.407,168.997,169.207,3782000.06,7952
2024-11-28 05:00:00+00:00,168.997,169.407,168.997,169.207,3782000.06,7953
2024-11-28 06:00:00+00:00,168.997,169.407,168.997,169.207,3782000.06,7954
2024-11-28 07:00:00+00:00,168.997,169.407,168.997,169.207,3782000.06,7955
2024-11-28 08:00:00+00:00,168.997,169.407,168.997,169.207,3782000.06,7956
2024-11-28 09:00:00+00:00,168.997,169.407,168.997,169.207,3782000.06,7957
2024-11-28 10:00:00+00:00,168.997,169.407,168.997,169.207,3782000.06,7958
2024-11-28 11:00:00+00:00,168.997,169.407,168.997,169.207,3782000.06,7959
2024-11-28 12:00:00+00:00,168.997,169.407,168.997,169.207,3782000.06,7960
2024-11-28 13:00:00+00:00,168.997,169.407,168.997,169.207,3782000.06,7961
2024-11-28 14:00:00+00:00,168.997,169.407,168.997,169.207,3782000.06,7962
2024-11-28 15:00:00+00:00,168.997,169.407,168.997,169.207,3782000.06,7963
2024-11-28 16:00:00+00:00,168.997,169.407,168.997,169.207,3782000.06,7964
2024-11-28 17:00:00+00:00,168.997,169.407,168.997,169.207,3782000.06,7965
2024-11-28 18:00:00+00:00,168.997,169.407,168.997,169.207,3782000.06,7966
2024-11-28 19:00:00+00:00,168.997,169.407,168.997,169.207,3782000.06,7967
2024-11-28 20:00:00+00:00,168.997,169.407,168.997,169.207,3782000.06,7968
2024-11-28 21:00:00+00:00,168.997,169.407,168.997,169.207,3782000.06,7969
2024-11-28 22:00:00+00:00,168.997,169.407,168.997,169.207,3782000.06,7970
2024-11-28 23:00:00+00:00,168.997,169.407,168.997,169.207,3782000.06,7971
2024-11-29 00:00:00+00:00,168.997,169.407,168.997,169.207,3782000.06,7972
2024-11-29 01:00:00+00:00,168.997,169.407,168.997,169.207,3782000.06,7973
2024-11-29 02:00:00+00:00,168.997,169.407,168.997,169.207,3782000.06,7974
2024-11-29 03:00:00+00:00,168.997,169.407,168.997,169.207,3782000.06,7975
2024-11-29 04:00:00+00:00,168.997,169.407,168.997,169.207,3782000.06,7976
2024-11-29 05:00:00+00:00,168.997,169.407,168.997,169.207,3782000.06,7977
2024-11-29 06:00:00+00:00,168.997,169.407,168.997,169.207,3782000.06,7978
2024-11-29 07:00:00+00:00,168.997,169.407,168.997,169.207,3782000.06,7979
2024-11-29 08:00:00+00:00,168.997,169.407,168.997,169.207,3782000.06,7980
2024-11-29 09:00:00+00:00,168.997,169.407,168.997,169.207,3782000.06,7981
2024-11-29 10:00:00+00:00,168.997,169.407,168.997,169.207,3782000.06,7982
2024-11-29 11:00:00+00:00,168.997,169.407,168.997,169.207,3782000.06,7983
2024-11-29 12:00:00+00:00,168.997,169.407,168.997,169.207,3782000.06,7984
2024-11-29 13:00:00+00:00,168.997,169.407,168.997,169.207,3782000.06,7985
2024-11-29 14:00:00+00:00,168.536,168.807,167.156,168.386,3403000.12,7986
2024-11-29 15:00:00+00:00,168.377,168.787,167.866,168.266,5310999.87,7987
2024-11-29 16:00:00+00:00,168.266,169.137,168.256,168.997,3716000.08,7988
2024-11-29 17:00:00+00:00,168.996,169.306,168.426,168.937,4644000.05,7989
2024-11-29 18:00:00+00:00,168.996,169.306,168.426,168.937,4644000.05,7990
2024-11-29 19:00:00+00:00,168.996,169.306,168.426,168.937,4644000.05,7991
2024-11-29 20:00:00+00:00,168.996,169.306,168.426,168.937,4644000.05,7992
2024-11-29 21:00:00+00:00,168.996,169.306,168.426,168.937,4644000.05,7993
2024-11-29 22:00:00+00:00,168.996,169.306,168.426,168.937,4644000.05,7994
2024-11-29 23:00:00+00:00,168.996,169.306,168.426,168.937,4644000.05,7995
2024-11-30 00:00:00+00:00,168.996,169.306,168.426,168.937,4644000.05,7996
2024-11-30 01:00:00+00:00,168.996,169.306,168.426,168.937,4644000.05,7997
2024-11-30 02:00:00+00:00,168.996,169.306,168.426,168.937,4644000.05,7998
2024-11-30 03:00:00+00:00,168.996,169.306,168.426,168.937,4644000.05,7999
2024-11-30 04:00:00+00:00,168.996,169.306,168.426,168.937,4644000.05,8000
2024-11-30 05:00:00+00:00,168.996,169.306,168.426,168.937,4644000.05,8001
2024-11-30 06:00:00+00:00,168.996,169.306,168.426,168.937,4644000.05,8002
2024-11-30 07:00:00+00:00,168.996,169.306,168.426,168.937,4644000.05,8003
2024-11-30 08:00:00+00:00,168.996,169.306,168.426,168.937,4644000.05,8004
2024-11-30 09:00:00+00:00,168.996,169.306,168.426,168.937,4644000.05,8005
2024-11-30 10:00:00+00:00,168.996,169.306,168.426,168.937,4644000.05,8006
2024-11-30 11:00:00+00:00,168.996,169.306,168.426,168.937,4644000.05,8007
2024-11-30 12:00:00+00:00,168.996,169.306,168.426,168.937,4644000.05,8008
2024-11-30 13:00:00+00:00,168.996,169.306,168.426,168.937,4644000.05,8009
2024-11-30 14:00:00+00:00,168.996,169.306,168.426,168.937,4644000.05,8010
2024-11-30 15:00:00+00:00,168.996,169.306,168.426,168.937,4644000.05,8011
2024-11-30 16:00:00+00:00,168.996,169.306,168.426,168.937,4644000.05,8012
2024-11-30 17:00:00+00:00,168.996,169.306,168.426,168.937,4644000.05,8013
2024-11-30 18:00:00+00:00,168.996,169.306,168.426,168.937,4644000.05,8014
2024-11-30 19:00:00+00:00,168.996,169.306,168.426,168.937,4644000.05,8015
2024-11-30 20:00:00+00:00,168.996,169.306,168.426,168.937,4644000.05,8016
2024-11-30 21:00:00+00:00,168.996,169.306,168.426,168.937,4644000.05,8017
2024-11-30 22:00:00+00:00,168.996,169.306,168.426,168.937,4644000.05,8018
2024-11-30 23:00:00+00:00,168.996,169.306,168.426,168.937,4644000.05,8019
2024-12-01 00:00:00+00:00,168.996,169.306,168.426,168.937,4644000.05,8020
2024-12-01 01:00:00+00:00,168.996,169.306,168.426,168.937,4644000.05,8021
2024-12-01 02:00:00+00:00,168.996,169.306,168.426,168.937,4644000.05,8022
2024-12-01 03:00:00+00:00,168.996,169.306,168.426,168.937,4644000.05,8023
2024-12-01 04:00:00+00:00,168.996,169.306,168.426,168.937,4644000.05,8024
2024-12-01 05:00:00+00:00,168.996,169.306,168.426,168.937,4644000.05,8025
2024-12-01 06:00:00+00:00,168.996,169.306,168.426,168.937,4644000.05,8026
2024-12-01 07:00:00+00:00,168.996,169.306,168.426,168.937,4644000.05,8027
2024-12-01 08:00:00+00:00,168.996,169.306,168.426,168.937,4644000.05,8028
2024-12-01 09:00:00+00:00,168.996,169.306,168.426,168.937,4644000.05,8029
2024-12-01 10:00:00+00:00,168.996,169.306,168.426,168.937,4644000.05,8030
2024-12-01 11:00:00+00:00,168.996,169.306,168.426,168.937,4644000.05,8031
2024-12-01 12:00:00+00:00,168.996,169.306,168.426,168.937,4644000.05,8032
2024-12-01 13:00:00+00:00,168.996,169.306,168.426,168.937,4644000.05,8033
2024-12-01 14:00:00+00:00,168.996,169.306,168.426,168.937,4644000.05,8034
2024-12-01 15:00:00+00:00,168.996,169.306,168.426,168.937,4644000.05,8035
2024-12-01 16:00:00+00:00,168.996,169.306,168.426,168.937,4644000.05,8036
2024-12-01 17:00:00+00:00,168.996,169.306,168.426,168.937,4644000.05,8037
2024-12-01 18:00:00+00:00,168.996,169.306,168.426,168.937,4644000.05,8038
2024-12-01 19:00:00+00:00,168.996,169.306,168.426,168.937,4644000.05,8039
2024-12-01 20:00:00+00:00,168.996,169.306,168.426,168.937,4644000.05,8040
2024-12-01 21:00:00+00:00,168.996,169.306,168.426,168.937,4644000.05,8041
2024-12-01 22:00:00+00:00,168.996,169.306,168.426,168.937,4644000.05,8042
2024-12-01 23:00:00+00:00,168.996,169.306,168.426,168.937,4644000.05,8043
2024-12-02 00:00:00+00:00,168.996,169.306,168.426,168.937,4644000.05,8044
2024-12-02 01:00:00+00:00,168.996,169.306,168.426,168.937,4644000.05,8045
2024-12-02 02:00:00+00:00,168.996,169.306,168.426,168.937,4644000.05,8046
2024-12-02 03:00:00+00:00,168.996,169.306,168.426,168.937,4644000.05,8047
2024-12-02 04:00:00+00:00,168.996,169.306,168.426,168.937,4644000.05,8048
2024-12-02 05:00:00+00:00,168.996,169.306,168.426,168.937,4644000.05,8049
2024-12-02 06:00:00+00:00,168.996,169.306,168.426,168.937,4644000.05,8050
2024-12-02 07:00:00+00:00,168.996,169.306,168.426,168.937,4644000.05,8051
2024-12-02 08:00:00+00:00,168.996,169.306,168.426,168.937,4644000.05,8052
2024-12-02 09:00:00+00:00,168.996,169.306,168.426,168.937,4644000.05,8053
2024-12-02 10:00:00+00:00,168.996,169.306,168.426,168.937,4644000.05,8054
2024-12-02 11:00:00+00:00,168.996,169.306,168.426,168.937,4644000.05,8055
2024-12-02 12:00:00+00:00,168.996,169.306,168.426,168.937,4644000.05,8056
2024-12-02 13:00:00+00:00,168.996,169.306,168.426,168.937,4644000.05,8057
2024-12-02 14:00:00+00:00,168.826,171.206,168.506,171.126,4315999.98,8058
2024-12-02 15:00:00+00:00,171.147,171.966,170.796,170.967,6172999.86,8059
2024-12-02 16:00:00+00:00,170.976,171.767,170.667,171.747,3601000.07,8060
2024-12-02 17:00:00+00:00,171.747,171.957,171.366,171.416,2536000.01,8061
2024-12-02 18:00:00+00:00,171.407,171.496,171.016,171.416,1963999.99,8062
2024-12-02 19:00:00+00:00,171.386,171.537,171.166,171.356,2117000.1,8063
2024-12-02 20:00:00+00:00,171.346,172.057,171.006,171.437,3796999.93,8064
2024-12-02 21:00:00+00:00,171.346,172.057,171.006,171.437,3796999.93,8065
2024-12-02 22:00:00+00:00,171.346,172.057,171.006,171.437,3796999.93,8066
2024-12-02 23:00:00+00:00,171.346,172.057,171.006,171.437,3796999.93,8067
2024-12-03 00:00:00+00:00,171.346,172.057,171.006,171.437,3796999.93,8068
2024-12-03 01:00:00+00:00,171.346,172.057,171.006,171.437,3796999.93,8069
2024-12-03 02:00:00+00:00,171.346,172.057,171.006,171.437,3796999.93,8070
2024-12-03 03:00:00+00:00,171.346,172.057,171.006,171.437,3796999.93,8071
2024-12-03 04:00:00+00:00,171.346,172.057,171.006,171.437,3796999.93,8072
2024-12-03 05:00:00+00:00,171.346,172.057,171.006,171.437,3796999.93,8073
2024-12-03 06:00:00+00:00,171.346,172.057,171.006,171.437,3796999.93,8074
2024-12-03 07:00:00+00:00,171.346,172.057,171.006,171.437,3796999.93,8075
2024-12-03 08:00:00+00:00,171.346,172.057,171.006,171.437,3796999.93,8076
2024-12-03 09:00:00+00:00,171.346,172.057,171.006,171.437,3796999.93,8077
2024-12-03 10:00:00+00:00,171.346,172.057,171.006,171.437,3796999.93,8078
2024-12-03 11:00:00+00:00,171.346,172.057,171.006,171.437,3796999.93,8079
2024-12-03 12:00:00+00:00,171.346,172.057,171.006,171.437,3796999.93,8080
2024-12-03 13:00:00+00:00,171.346,172.057,171.006,171.437,3796999.93,8081
2024-12-03 14:00:00+00:00,171.447,172.626,171.066,171.606,3171999.93,8082
2024-12-03 15:00:00+00:00,171.607,172.197,170.876,171.676,5236999.99,8083
2024-12-03 16:00:00+00:00,171.667,172.157,171.546,171.597,3371999.98,8084
2024-12-03 17:00:00+00:00,171.596,171.677,171.056,171.377,2046999.93,8085
2024-12-03 18:00:00+00:00,171.366,171.497,171.037,171.207,1597000.0,8086
2024-12-03 19:00:00+00:00,171.206,171.436,171.097,171.377,1498999.95,8087
2024-12-03 20:00:00+00:00,171.376,171.407,170.846,171.257,3516999.96,8088
2024-12-03 21:00:00+00:00,171.376,171.407,170.846,171.257,3516999.96,8089
2024-12-03 22:00:00+00:00,171.376,171.407,170.846,171.257,3516999.96,8090
2024-12-03 23:00:00+00:00,171.376,171.407,170.846,171.257,3516999.96,8091
2024-12-04 00:00:00+00:00,171.376,171.407,170.846,171.257,3516999.96,8092
2024-12-04 01:00:00+00:00,171.376,171.407,170.846,171.257,3516999.96,8093
2024-12-04 02:00:00+00:00,171.376,171.407,170.846,171.257,3516999.96,8094
2024-12-04 03:00:00+00:00,171.376,171.407,170.846,171.257,3516999.96,8095
2024-12-04 04:00:00+00:00,171.376,171.407,170.846,171.257,3516999.96,8096
2024-12-04 05:00:00+00:00,171.376,171.407,170.846,171.257,3516999.96,8097
2024-12-04 06:00:00+00:00,171.376,171.407,170.846,171.257,3516999.96,8098
2024-12-04 07:00:00+00:00,171.376,171.407,170.846,171.257,3516999.96,8099
2024-12-04 08:00:00+00:00,171.376,171.407,170.846,171.257,3516999.96,8100
2024-12-04 09:00:00+00:00,171.376,171.407,170.846,171.257,3516999.96,8101
2024-12-04 10:00:00+00:00,171.376,171.407,170.846,171.257,3516999.96,8102
2024-12-04 11:00:00+00:00,171.376,171.407,170.846,171.257,3516999.96,8103
2024-12-04 12:00:00+00:00,171.376,171.407,170.846,171.257,3516999.96,8104
2024-12-04 13:00:00+00:00,171.376,171.407,170.846,171.257,3516999.96,8105
2024-12-04 14:00:00+00:00,171.046,173.246,171.046,173.067,3986000.06,8106
2024-12-04 15:00:00+00:00,173.077,174.096,172.216,173.957,9373000.15,8107
2024-12-04 16:00:00+00:00,173.957,174.047,173.316,173.527,4689000.13,8108
2024-12-04 17:00:00+00:00,173.556,174.037,172.826,173.986,4190999.98,8109
2024-12-04 18:00:00+00:00,173.997,174.597,173.956,174.367,4333000.18,8110
2024-12-04 19:00:00+00:00,174.356,174.676,174.206,174.666,3977999.93,8111
2024-12-04 20:00:00+00:00,174.637,174.877,174.166,174.347,5090000.15,8112
2024-12-04 21:00:00+00:00,174.637,174.877,174.166,174.347,5090000.15,8113
2024-12-04 22:00:00+00:00,174.637,174.877,174.166,174.347,5090000.15,8114
2024-12-04 23:00:00+00:00,174.637,174.877,174.166,174.347,5090000.15,8115
2024-12-05 00:00:00+00:00,174.637,174.877,174.166,174.347,5090000.15,8116
2024-12-05 01:00:00+00:00,174.637,174.877,174.166,174.347,5090000.15,8117
2024-12-05 02:00:00+00:00,174.637,174.877,174.166,174.347,5090000.15,8118
2024-12-05 03:00:00+00:00,174.637,174.877,174.166,174.347,5090000.15,8119
2024-12-05 04:00:00+00:00,174.637,174.877,174.166,174.347,5090000.15,8120
2024-12-05 05:00:00+00:00,174.637,174.877,174.166,174.347,5090000.15,8121
2024-12-05 06:00:00+00:00,174.637,174.877,174.166,174.347,5090000.15,8122
2024-12-05 07:00:00+00:00,174.637,174.877,174.166,174.347,5090000.15,8123
2024-12-05 08:00:00+00:00,174.637,174.877,174.166,174.347,5090000.15,8124
2024-12-05 09:00:00+00:00,174.637,174.877,174.166,174.347,5090000.15,8125
2024-12-05 10:00:00+00:00,174.637,174.877,174.166,174.347,5090000.15,8126
2024-12-05 11:00:00+00:00,174.637,174.877,174.166,174.347,5090000.15,8127
2024-12-05 12:00:00+00:00,174.637,174.877,174.166,174.347,5090000.15,8128
2024-12-05 13:00:00+00:00,174.637,174.877,174.166,174.347,5090000.15,8129
2024-12-05 14:00:00+00:00,175.436,175.977,173.866,174.306,3160000.09,8130
2024-12-05 15:00:00+00:00,174.347,174.867,173.406,173.697,4710999.97,8131
2024-12-05 16:00:00+00:00,173.717,174.117,173.456,173.667,3095999.96,8132
2024-12-05 17:00:00+00:00,173.626,174.057,173.326,173.367,2250000.0,8133
2024-12-05 18:00:00+00:00,173.367,173.827,173.166,173.607,2477000.0,8134
2024-12-05 19:00:00+00:00,173.607,173.687,173.216,173.306,1957000.02,8135
2024-12-05 20:00:00+00:00,173.287,173.406,172.317,172.637,4098000.05,8136
2024-12-05 21:00:00+00:00,173.287,173.406,172.317,172.637,4098000.05,8137
2024-12-05 22:00:00+00:00,173.287,173.406,172.317,172.637,4098000.05,8138
2024-12-05 23:00:00+00:00,173.287,173.406,172.317,172.637,4098000.05,8139
2024-12-06 00:00:00+00:00,173.287,173.406,172.317,172.637,4098000.05,8140
2024-12-06 01:00:00+00:00,173.287,173.406,172.317,172.637,4098000.05,8141
2024-12-06 02:00:00+00:00,173.287,173.406,172.317,172.637,4098000.05,8142
2024-12-06 03:00:00+00:00,173.287,173.406,172.317,172.637,4098000.05,8143
2024-12-06 04:00:00+00:00,173.287,173.406,172.317,172.637,4098000.05,8144
2024-12-06 05:00:00+00:00,173.287,173.406,172.317,172.637,4098000.05,8145
2024-12-06 06:00:00+00:00,173.287,173.406,172.317,172.637,4098000.05,8146
2024-12-06 07:00:00+00:00,173.287,173.406,172.317,172.637,4098000.05,8147
2024-12-06 08:00:00+00:00,173.287,173.406,172.317,172.637,4098000.05,8148
2024-12-06 09:00:00+00:00,173.287,173.406,172.317,172.637,4098000.05,8149
2024-12-06 10:00:00+00:00,173.287,173.406,172.317,172.637,4098000.05,8150
2024-12-06 11:00:00+00:00,173.287,173.406,172.317,172.637,4098000.05,8151
2024-12-06 12:00:00+00:00,173.287,173.406,172.317,172.637,4098000.05,8152
2024-12-06 13:00:00+00:00,173.287,173.406,172.317,172.637,4098000.05,8153
2024-12-06 14:00:00+00:00,172.096,174.107,171.606,173.797,3177000.05,8154
2024-12-06 15:00:00+00:00,173.816,174.607,173.586,174.097,4322999.95,8155
2024-12-06 16:00:00+00:00,174.096,175.076,174.056,174.686,3153000.12,8156
2024-12-06 17:00:00+00:00,174.707,174.777,174.276,174.597,2227999.93,8157
2024-12-06 18:00:00+00:00,174.577,175.017,174.496,174.757,2105000.02,8158
2024-12-06 19:00:00+00:00,174.756,174.836,174.246,174.486,1968999.98,8159
2024-12-06 20:00:00+00:00,174.457,174.867,174.276,174.697,3016999.96,8160
2024-12-06 21:00:00+00:00,174.457,174.867,174.276,174.697,3016999.96,8161
2024-12-06 22:00:00+00:00,174.457,174.867,174.276,174.697,3016999.96,8162
2024-12-06 23:00:00+00:00,174.457,174.867,174.276,174.697,3016999.96,8163
2024-12-07 00:00:00+00:00,174.457,174.867,174.276,174.697,3016999.96,8164
2024-12-07 01:00:00+00:00,174.457,174.867,174.276,174.697,3016999.96,8165
2024-12-07 02:00:00+00:00,174.457,174.867,174.276,174.697,3016999.96,8166
2024-12-07 03:00:00+00:00,174.457,174.867,174.276,174.697,3016999.96,8167
2024-12-07 04:00:00+00:00,174.457,174.867,174.276,174.697,3016999.96,8168
2024-12-07 05:00:00+00:00,174.457,174.867,174.276,174.697,3016999.96,8169
2024-12-07 06:00:00+00:00,174.457,174.867,174.276,174.697,3016999.96,8170
2024-12-07 07:00:00+00:00,174.457,174.867,174.276,174.697,3016999.96,8171
2024-12-07 08:00:00+00:00,174.457,174.867,174.276,174.697,3016999.96,8172
2024-12-07 09:00:00+00:00,174.457,174.867,174.276,174.697,3016999.96,8173
2024-12-07 10:00:00+00:00,174.457,174.867,174.276,174.697,3016999.96,8174
2024-12-07 11:00:00+00:00,174.457,174.867,174.276,174.697,3016999.96,8175
2024-12-07 12:00:00+00:00,174.457,174.867,174.276,174.697,3016999.96,8176
2024-12-07 13:00:00+00:00,174.457,174.867,174.276,174.697,3016999.96,8177
2024-12-07 14:00:00+00:00,174.457,174.867,174.276,174.697,3016999.96,8178
2024-12-07 15:00:00+00:00,174.457,174.867,174.276,174.697,3016999.96,8179
2024-12-07 16:00:00+00:00,174.457,174.867,174.276,174.697,3016999.96,8180
2024-12-07 17:00:00+00:00,174.457,174.867,174.276,174.697,3016999.96,8181
2024-12-07 18:00:00+00:00,174.457,174.867,174.276,174.697,3016999.96,8182
2024-12-07 19:00:00+00:00,174.457,174.867,174.276,174.697,3016999.96,8183
2024-12-07 20:00:00+00:00,174.457,174.867,174.276,174.697,3016999.96,8184
2024-12-07 21:00:00+00:00,174.457,174.867,174.276,174.697,3016999.96,8185
2024-12-07 22:00:00+00:00,174.457,174.867,174.276,174.697,3016999.96,8186
2024-12-07 23:00:00+00:00,174.457,174.867,174.276,174.697,3016999.96,8187
2024-12-08 00:00:00+00:00,174.457,174.867,174.276,174.697,3016999.96,8188
2024-12-08 01:00:00+00:00,174.457,174.867,174.276,174.697,3016999.96,8189
2024-12-08 02:00:00+00:00,174.457,174.867,174.276,174.697,3016999.96,8190
2024-12-08 03:00:00+00:00,174.457,174.867,174.276,174.697,3016999.96,8191
2024-12-08 04:00:00+00:00,174.457,174.867,174.276,174.697,3016999.96,8192
2024-12-08 05:00:00+00:00,174.457,174.867,174.276,174.697,3016999.96,8193
2024-12-08 06:00:00+00:00,174.457,174.867,174.276,174.697,3016999.96,8194
2024-12-08 07:00:00+00:00,174.457,174.867,174.276,174.697,3016999.96,8195
2024-12-08 08:00:00+00:00,174.457,174.867,174.276,174.697,3016999.96,8196
2024-12-08 09:00:00+00:00,174.457,174.867,174.276,174.697,3016999.96,8197
2024-12-08 10:00:00+00:00,174.457,174.867,174.276,174.697,3016999.96,8198
2024-12-08 11:00:00+00:00,174.457,174.867,174.276,174.697,3016999.96,8199
2024-12-08 12:00:00+00:00,174.457,174.867,174.276,174.697,3016999.96,8200
2024-12-08 13:00:00+00:00,174.457,174.867,174.276,174.697,3016999.96,8201
2024-12-08 14:00:00+00:00,174.457,174.867,174.276,174.697,3016999.96,8202
2024-12-08 15:00:00+00:00,174.457,174.867,174.276,174.697,3016999.96,8203
2024-12-08 16:00:00+00:00,174.457,174.867,174.276,174.697,3016999.96,8204
2024-12-08 17:00:00+00:00,174.457,174.867,174.276,174.697,3016999.96,8205
2024-12-08 18:00:00+00:00,174.457,174.867,174.276,174.697,3016999.96,8206
2024-12-08 19:00:00+00:00,174.457,174.867,174.276,174.697,3016999.96,8207
2024-12-08 20:00:00+00:00,174.457,174.867,174.276,174.697,3016999.96,8208
2024-12-08 21:00:00+00:00,174.457,174.867,174.276,174.697,3016999.96,8209
2024-12-08 22:00:00+00:00,174.457,174.867,174.276,174.697,3016999.96,8210
2024-12-08 23:00:00+00:00,174.457,174.867,174.276,174.697,3016999.96,8211
2024-12-09 00:00:00+00:00,174.457,174.867,174.276,174.697,3016999.96,8212
2024-12-09 01:00:00+00:00,174.457,174.867,174.276,174.697,3016999.96,8213
2024-12-09 02:00:00+00:00,174.457,174.867,174.276,174.697,3016999.96,8214
2024-12-09 03:00:00+00:00,174.457,174.867,174.276,174.697,3016999.96,8215
2024-12-09 04:00:00+00:00,174.457,174.867,174.276,174.697,3016999.96,8216
2024-12-09 05:00:00+00:00,174.457,174.867,174.276,174.697,3016999.96,8217
2024-12-09 06:00:00+00:00,174.457,174.867,174.276,174.697,3016999.96,8218
2024-12-09 07:00:00+00:00,174.457,174.867,174.276,174.697,3016999.96,8219
2024-12-09 08:00:00+00:00,174.457,174.867,174.276,174.697,3016999.96,8220
2024-12-09 09:00:00+00:00,174.457,174.867,174.276,174.697,3016999.96,8221
2024-12-09 10:00:00+00:00,174.457,174.867,174.276,174.697,3016999.96,8222
2024-12-09 11:00:00+00:00,174.457,174.867,174.276,174.697,3016999.96,8223
2024-12-09 12:00:00+00:00,174.457,174.867,174.276,174.697,3016999.96,8224
2024-12-09 13:00:00+00:00,174.457,174.867,174.276,174.697,3016999.96,8225
2024-12-09 14:00:00+00:00,173.896,175.317,173.567,174.706,2700000.05,8226
2024-12-09 15:00:00+00:00,174.717,175.006,173.926,174.276,5521999.84,8227
2024-12-09 16:00:00+00:00,174.307,176.037,174.176,175.827,4903999.81,8228
2024-12-09 17:00:00+00:00,175.827,176.257,175.627,175.946,2989000.08,8229
2024-12-09 18:00:00+00:00,175.947,176.136,175.636,175.786,2575000.05,8230
2024-12-09 19:00:00+00:00,175.787,175.836,174.846,175.246,2997999.91,8231
2024-12-09 20:00:00+00:00,175.246,175.567,174.917,175.397,5034999.85,8232
2024-12-09 21:00:00+00:00,175.246,175.567,174.917,175.397,5034999.85,8233
2024-12-09 22:00:00+00:00,175.246,175.567,174.917,175.397,5034999.85,8234
2024-12-09 23:00:00+00:00,175.246,175.567,174.917,175.397,5034999.85,8235
2024-12-10 00:00:00+00:00,175.246,175.567,174.917,175.397,5034999.85,8236
2024-12-10 01:00:00+00:00,175.246,175.567,174.917,175.397,5034999.85,8237
2024-12-10 02:00:00+00:00,175.246,175.567,174.917,175.397,5034999.85,8238
2024-12-10 03:00:00+00:00,175.246,175.567,174.917,175.397,5034999.85,8239
2024-12-10 04:00:00+00:00,175.246,175.567,174.917,175.397,5034999.85,8240
2024-12-10 05:00:00+00:00,175.246,175.567,174.917,175.397,5034999.85,8241
2024-12-10 06:00:00+00:00,175.246,175.567,174.917,175.397,5034999.85,8242
2024-12-10 07:00:00+00:00,175.246,175.567,174.917,175.397,5034999.85,8243
2024-12-10 08:00:00+00:00,175.246,175.567,174.917,175.397,5034999.85,8244
2024-12-10 09:00:00+00:00,175.246,175.567,174.917,175.397,5034999.85,8245
2024-12-10 10:00:00+00:00,175.246,175.567,174.917,175.397,5034999.85,8246
2024-12-10 11:00:00+00:00,175.246,175.567,174.917,175.397,5034999.85,8247
2024-12-10 12:00:00+00:00,175.246,175.567,174.917,175.397,5034999.85,8248
2024-12-10 13:00:00+00:00,175.246,175.567,174.917,175.397,5034999.85,8249
2024-12-10 14:00:00+00:00,182.777,186.296,181.556,184.107,8798999.79,8250
2024-12-10 15:00:00+00:00,184.117,185.457,181.846,181.997,9479000.09,8251
2024-12-10 16:00:00+00:00,181.997,183.227,181.016,183.137,7050000.19,8252
2024-12-10 17:00:00+00:00,183.147,184.047,182.876,183.567,5215000.15,8253
2024-12-10 18:00:00+00:00,183.556,184.846,183.516,184.536,4196000.1,8254
2024-12-10 19:00:00+00:00,184.547,184.997,183.676,184.326,4443999.77,8255
2024-12-10 20:00:00+00:00,184.326,185.397,183.766,185.206,6183000.09,8256
2024-12-10 21:00:00+00:00,184.326,185.397,183.766,185.206,6183000.09,8257
2024-12-10 22:00:00+00:00,184.326,185.397,183.766,185.206,6183000.09,8258
2024-12-10 23:00:00+00:00,184.326,185.397,183.766,185.206,6183000.09,8259
2024-12-11 00:00:00+00:00,184.326,185.397,183.766,185.206,6183000.09,8260
2024-12-11 01:00:00+00:00,184.326,185.397,183.766,185.206,6183000.09,8261
2024-12-11 02:00:00+00:00,184.326,185.397,183.766,185.206,6183000.09,8262
2024-12-11 03:00:00+00:00,184.326,185.397,183.766,185.206,6183000.09,8263
2024-12-11 04:00:00+00:00,184.326,185.397,183.766,185.206,6183000.09,8264
2024-12-11 05:00:00+00:00,184.326,185.397,183.766,185.206,6183000.09,8265
2024-12-11 06:00:00+00:00,184.326,185.397,183.766,185.206,6183000.09,8266
2024-12-11 07:00:00+00:00,184.326,185.397,183.766,185.206,6183000.09,8267
2024-12-11 08:00:00+00:00,184.326,185.397,183.766,185.206,6183000.09,8268
2024-12-11 09:00:00+00:00,184.326,185.397,183.766,185.206,6183000.09,8269
2024-12-11 10:00:00+00:00,184.326,185.397,183.766,185.206,6183000.09,8270
2024-12-11 11:00:00+00:00,184.326,185.397,183.766,185.206,6183000.09,8271
2024-12-11 12:00:00+00:00,184.326,185.397,183.766,185.206,6183000.09,8272
2024-12-11 13:00:00+00:00,184.326,185.397,183.766,185.206,6183000.09,8273
2024-12-11 14:00:00+00:00,185.316,192.967,184.827,192.956,7743999.96,8274
2024-12-11 15:00:00+00:00,192.946,193.657,191.566,193.087,12289600.37,8275
2024-12-11 16:00:00+00:00,193.067,193.096,191.096,192.626,8631600.38,8276
2024-12-11 17:00:00+00:00,192.636,195.407,192.566,194.877,8852399.83,8277
2024-12-11 18:00:00+00:00,194.836,194.916,193.217,193.477,6175199.99,8278
2024-12-11 19:00:00+00:00,193.477,193.826,192.407,193.047,5095200.06,8279
2024-12-11 20:00:00+00:00,193.027,195.577,193.007,195.387,8000399.59,8280
2024-12-11 21:00:00+00:00,193.027,195.577,193.007,195.387,8000399.59,8281
2024-12-11 22:00:00+00:00,193.027,195.577,193.007,195.387,8000399.59,8282
2024-12-11 23:00:00+00:00,193.027,195.577,193.007,195.387,8000399.59,8283
2024-12-12 00:00:00+00:00,193.027,195.577,193.007,195.387,8000399.59,8284
2024-12-12 01:00:00+00:00,193.027,195.577,193.007,195.387,8000399.59,8285
2024-12-12 02:00:00+00:00,193.027,195.577,193.007,195.387,8000399.59,8286
2024-12-12 03:00:00+00:00,193.027,195.577,193.007,195.387,8000399.59,8287
2024-12-12 04:00:00+00:00,193.027,195.577,193.007,195.387,8000399.59,8288
2024-12-12 05:00:00+00:00,193.027,195.577,193.007,195.387,8000399.59,8289
2024-12-12 06:00:00+00:00,193.027,195.577,193.007,195.387,8000399.59,8290
2024-12-12 07:00:00+00:00,193.027,195.577,193.007,195.387,8000399.59,8291
2024-12-12 08:00:00+00:00,193.027,195.577,193.007,195.387,8000399.59,8292
2024-12-12 09:00:00+00:00,193.027,195.577,193.007,195.387,8000399.59,8293
2024-12-12 10:00:00+00:00,193.027,195.577,193.007,195.387,8000399.59,8294
2024-12-12 11:00:00+00:00,193.027,195.577,193.007,195.387,8000399.59,8295
2024-12-12 12:00:00+00:00,193.027,195.577,193.007,195.387,8000399.59,8296
2024-12-12 13:00:00+00:00,193.027,195.577,193.007,195.387,8000399.59,8297
2024-12-12 14:00:00+00:00,194.667,195.157,193.336,194.157,5774400.23,8298
2024-12-12 15:00:00+00:00,194.157,194.897,192.446,193.707,7722000.12,8299
2024-12-12 16:00:00+00:00,193.716,194.976,193.556,194.227,5495999.81,8300
2024-12-12 17:00:00+00:00,194.226,195.076,194.106,194.677,3979199.89,8301
2024-12-12 18:00:00+00:00,194.697,194.737,193.776,194.277,3082799.91,8302
2024-12-12 19:00:00+00:00,194.307,194.486,193.037,193.426,3322799.92,8303
2024-12-12 20:00:00+00:00,193.427,193.776,191.696,191.877,6212399.96,8304
2024-12-12 21:00:00+00:00,193.427,193.776,191.696,191.877,6212399.96,8305
2024-12-12 22:00:00+00:00,193.427,193.776,191.696,191.877,6212399.96,8306
2024-12-12 23:00:00+00:00,193.427,193.776,191.696,191.877,6212399.96,8307
2024-12-13 00:00:00+00:00,193.427,193.776,191.696,191.877,6212399.96,8308
2024-12-13 01:00:00+00:00,193.427,193.776,191.696,191.877,6212399.96,8309
2024-12-13 02:00:00+00:00,193.427,193.776,191.696,191.877,6212399.96,8310
2024-12-13 03:00:00+00:00,193.427,193.776,191.696,191.877,6212399.96,8311
2024-12-13 04:00:00+00:00,193.427,193.776,191.696,191.877,6212399.96,8312
2024-12-13 05:00:00+00:00,193.427,193.776,191.696,191.877,6212399.96,8313
2024-12-13 06:00:00+00:00,193.427,193.776,191.696,191.877,6212399.96,8314
2024-12-13 07:00:00+00:00,193.427,193.776,191.696,191.877,6212399.96,8315
2024-12-13 08:00:00+00:00,193.427,193.776,191.696,191.877,6212399.96,8316
2024-12-13 09:00:00+00:00,193.427,193.776,191.696,191.877,6212399.96,8317
2024-12-13 10:00:00+00:00,193.427,193.776,191.696,191.877,6212399.96,8318
2024-12-13 11:00:00+00:00,193.427,193.776,191.696,191.877,6212399.96,8319
2024-12-13 12:00:00+00:00,193.427,193.776,191.696,191.877,6212399.96,8320
2024-12-13 13:00:00+00:00,193.427,193.776,191.696,191.877,6212399.96,8321
2024-12-13 14:00:00+00:00,191.097,192.697,190.876,191.846,5013599.87,8322
2024-12-13 15:00:00+00:00,191.876,191.977,190.596,190.727,10206000.33,8323
2024-12-13 16:00:00+00:00,190.706,191.487,190.096,191.116,8822400.09,8324
2024-12-13 17:00:00+00:00,191.097,191.706,190.896,190.987,6432000.16,8325
2024-12-13 18:00:00+00:00,190.997,191.467,190.796,191.446,5083199.98,8326
2024-12-13 19:00:00+00:00,191.456,191.657,190.916,191.037,4306799.89,8327
2024-12-13 20:00:00+00:00,191.026,191.127,189.616,189.777,6292799.95,8328
2024-12-13 21:00:00+00:00,191.026,191.127,189.616,189.777,6292799.95,8329
2024-12-13 22:00:00+00:00,191.026,191.127,189.616,189.777,6292799.95,8330
2024-12-13 23:00:00+00:00,191.026,191.127,189.616,189.777,6292799.95,8331
2024-12-14 00:00:00+00:00,191.026,191.127,189.616,189.777,6292799.95,8332
2024-12-14 01:00:00+00:00,191.026,191.127,189.616,189.777,6292799.95,8333
2024-12-14 02:00:00+00:00,191.026,191.127,189.616,189.777,6292799.95,8334
2024-12-14 03:00:00+00:00,191.026,191.127,189.616,189.777,6292799.95,8335
2024-12-14 04:00:00+00:00,191.026,191.127,189.616,189.777,6292799.95,8336
2024-12-14 05:00:00+00:00,191.026,191.127,189.616,189.777,6292799.95,8337
2024-12-14 06:00:00+00:00,191.026,191.127,189.616,189.777,6292799.95,8338
2024-12-14 07:00:00+00:00,191.026,191.127,189.616,189.777,6292799.95,8339
2024-12-14 08:00:00+00:00,191.026,191.127,189.616,189.777,6292799.95,8340
2024-12-14 09:00:00+00:00,191.026,191.127,189.616,189.777,6292799.95,8341
2024-12-14 10:00:00+00:00,191.026,191.127,189.616,189.777,6292799.95,8342
2024-12-14 11:00:00+00:00,191.026,191.127,189.616,189.777,6292799.95,8343
2024-12-14 12:00:00+00:00,191.026,191.127,189.616,189.777,6292799.95,8344
2024-12-14 13:00:00+00:00,191.026,191.127,189.616,189.777,6292799.95,8345
2024-12-14 14:00:00+00:00,191.026,191.127,189.616,189.777,6292799.95,8346
2024-12-14 15:00:00+00:00,191.026,191.127,189.616,189.777,6292799.95,8347
2024-12-14 16:00:00+00:00,191.026,191.127,189.616,189.777,6292799.95,8348
2024-12-14 17:00:00+00:00,191.026,191.127,189.616,189.777,6292799.95,8349
2024-12-14 18:00:00+00:00,191.026,191.127,189.616,189.777,6292799.95,8350
2024-12-14 19:00:00+00:00,191.026,191.127,189.616,189.777,6292799.95,8351
2024-12-14 20:00:00+00:00,191.026,191.127,189.616,189.777,6292799.95,8352
2024-12-14 21:00:00+00:00,191.026,191.127,189.616,189.777,6292799.95,8353
2024-12-14 22:00:00+00:00,191.026,191.127,189.616,189.777,6292799.95,8354
2024-12-14 23:00:00+00:00,191.026,191.127,189.616,189.777,6292799.95,8355
2024-12-15 00:00:00+00:00,191.026,191.127,189.616,189.777,6292799.95,8356
2024-12-15 01:00:00+00:00,191.026,191.127,189.616,189.777,6292799.95,8357
2024-12-15 02:00:00+00:00,191.026,191.127,189.616,189.777,6292799.95,8358
2024-12-15 03:00:00+00:00,191.026,191.127,189.616,189.777,6292799.95,8359
2024-12-15 04:00:00+00:00,191.026,191.127,189.616,189.777,6292799.95,8360
2024-12-15 05:00:00+00:00,191.026,191.127,189.616,189.777,6292799.95,8361
2024-12-15 06:00:00+00:00,191.026,191.127,189.616,189.777,6292799.95,8362
2024-12-15 07:00:00+00:00,191.026,191.127,189.616,189.777,6292799.95,8363
2024-12-15 08:00:00+00:00,191.026,191.127,189.616,189.777,6292799.95,8364
2024-12-15 09:00:00+00:00,191.026,191.127,189.616,189.777,6292799.95,8365
2024-12-15 10:00:00+00:00,191.026,191.127,189.616,189.777,6292799.95,8366
2024-12-15 11:00:00+00:00,191.026,191.127,189.616,189.777,6292799.95,8367
2024-12-15 12:00:00+00:00,191.026,191.127,189.616,189.777,6292799.95,8368
2024-12-15 13:00:00+00:00,191.026,191.127,189.616,189.777,6292799.95,8369
2024-12-15 14:00:00+00:00,191.026,191.127,189.616,189.777,6292799.95,8370
2024-12-15 15:00:00+00:00,191.026,191.127,189.616,189.777,6292799.95,8371
2024-12-15 16:00:00+00:00,191.026,191.127,189.616,189.777,6292799.95,8372
2024-12-15 17:00:00+00:00,191.026,191.127,189.616,189.777,6292799.95,8373
2024-12-15 18:00:00+00:00,191.026,191.127,189.616,189.777,6292799.95,8374
2024-12-15 19:00:00+00:00,191.026,191.127,189.616,189.777,6292799.95,8375
2024-12-15 20:00:00+00:00,191.026,191.127,189.616,189.777,6292799.95,8376
2024-12-15 21:00:00+00:00,191.026,191.127,189.616,189.777,6292799.95,8377
2024-12-15 22:00:00+00:00,191.026,191.127,189.616,189.777,6292799.95,8378
2024-12-15 23:00:00+00:00,191.026,191.127,189.616,189.777,6292799.95,8379
2024-12-16 00:00:00+00:00,191.026,191.127,189.616,189.777,6292799.95,8380
2024-12-16 01:00:00+00:00,191.026,191.127,189.616,189.777,6292799.95,8381
2024-12-16 02:00:00+00:00,191.026,191.127,189.616,189.777,6292799.95,8382
2024-12-16 03:00:00+00:00,191.026,191.127,189.616,189.777,6292799.95,8383
2024-12-16 04:00:00+00:00,191.026,191.127,189.616,189.777,6292799.95,8384
2024-12-16 05:00:00+00:00,191.026,191.127,189.616,189.777,6292799.95,8385
2024-12-16 06:00:00+00:00,191.026,191.127,189.616,189.777,6292799.95,8386
2024-12-16 07:00:00+00:00,191.026,191.127,189.616,189.777,6292799.95,8387
2024-12-16 08:00:00+00:00,191.026,191.127,189.616,189.777,6292799.95,8388
2024-12-16 09:00:00+00:00,191.026,191.127,189.616,189.777,6292799.95,8389
2024-12-16 10:00:00+00:00,191.026,191.127,189.616,189.777,6292799.95,8390
2024-12-16 11:00:00+00:00,191.026,191.127,189.616,189.777,6292799.95,8391
2024-12-16 12:00:00+00:00,191.026,191.127,189.616,189.777,6292799.95,8392
2024-12-16 13:00:00+00:00,191.026,191.127,189.616,189.777,6292799.95,8393
2024-12-16 14:00:00+00:00,192.806,196.106,192.596,194.386,6015600.2,8394
2024-12-16 15:00:00+00:00,194.386,197.586,192.796,196.627,8758799.55,8395
2024-12-16 16:00:00+00:00,196.607,197.936,196.456,197.076,5954400.06,8396
2024-12-16 17:00:00+00:00,197.136,198.246,196.996,198.027,4868400.1,8397
2024-12-16 18:00:00+00:00,198.006,198.967,197.656,198.877,4816800.12,8398
2024-12-16 19:00:00+00:00,198.816,198.856,197.237,197.407,3447599.89,8399
2024-12-16 20:00:00+00:00,197.406,198.357,196.066,196.627,7088399.89,8400
2024-12-16 21:00:00+00:00,197.406,198.357,196.066,196.627,7088399.89,8401
2024-12-16 22:00:00+00:00,197.406,198.357,196.066,196.627,7088399.89,8402
2024-12-16 23:00:00+00:00,197.406,198.357,196.066,196.627,7088399.89,8403
2024-12-17 00:00:00+00:00,197.406,198.357,196.066,196.627,7088399.89,8404
2024-12-17 01:00:00+00:00,197.406,198.357,196.066,196.627,7088399.89,8405
2024-12-17 02:00:00+00:00,197.406,198.357,196.066,196.627,7088399.89,8406
2024-12-17 03:00:00+00:00,197.406,198.357,196.066,196.627,7088399.89,8407
2024-12-17 04:00:00+00:00,197.406,198.357,196.066,196.627,7088399.89,8408
2024-12-17 05:00:00+00:00,197.406,198.357,196.066,196.627,7088399.89,8409
2024-12-17 06:00:00+00:00,197.406,198.357,196.066,196.627,7088399.89,8410
2024-12-17 07:00:00+00:00,197.406,198.357,196.066,196.627,7088399.89,8411
2024-12-17 08:00:00+00:00,197.406,198.357,196.066,196.627,7088399.89,8412
2024-12-17 09:00:00+00:00,197.406,198.357,196.066,196.627,7088399.89,8413
2024-12-17 10:00:00+00:00,197.406,198.357,196.066,196.627,7088399.89,8414
2024-12-17 11:00:00+00:00,197.406,198.357,196.066,196.627,7088399.89,8415
2024-12-17 12:00:00+00:00,197.406,198.357,196.066,196.627,7088399.89,8416
2024-12-17 13:00:00+00:00,197.406,198.357,196.066,196.627,7088399.89,8417
2024-12-17 14:00:00+00:00,197.076,201.407,196.947,199.837,8365200.04,8418
2024-12-17 15:00:00+00:00,199.847,200.237,195.746,197.087,12635999.68,8419
2024-12-17 16:00:00+00:00,197.087,198.187,196.616,196.886,8406000.14,8420
2024-12-17 17:00:00+00:00,196.877,197.167,195.916,197.106,6883200.17,8421
2024-12-17 18:00:00+00:00,197.067,197.977,196.687,197.296,6028800.01,8422
2024-12-17 19:00:00+00:00,197.296,197.307,195.896,195.907,5144400.12,8423
2024-12-17 20:00:00+00:00,195.897,196.127,194.976,195.336,8764800.07,8424
2024-12-17 21:00:00+00:00,195.897,196.127,194.976,195.336,8764800.07,8425
2024-12-17 22:00:00+00:00,195.897,196.127,194.976,195.336,8764800.07,8426
2024-12-17 23:00:00+00:00,195.897,196.127,194.976,195.336,8764800.07,8427
2024-12-18 00:00:00+00:00,195.897,196.127,194.976,195.336,8764800.07,8428
2024-12-18 01:00:00+00:00,195.897,196.127,194.976,195.336,8764800.07,8429
2024-12-18 02:00:00+00:00,195.897,196.127,194.976,195.336,8764800.07,8430
2024-12-18 03:00:00+00:00,195.897,196.127,194.976,195.336,8764800.07,8431
2024-12-18 04:00:00+00:00,195.897,196.127,194.976,195.336,8764800.07,8432
2024-12-18 05:00:00+00:00,195.897,196.127,194.976,195.336,8764800.07,8433
2024-12-18 06:00:00+00:00,195.897,196.127,194.976,195.336,8764800.07,8434
2024-12-18 07:00:00+00:00,195.897,196.127,194.976,195.336,8764800.07,8435
2024-12-18 08:00:00+00:00,195.897,196.127,194.976,195.336,8764800.07,8436
2024-12-18 09:00:00+00:00,195.897,196.127,194.976,195.336,8764800.07,8437
2024-12-18 10:00:00+00:00,195.897,196.127,194.976,195.336,8764800.07,8438
2024-12-18 11:00:00+00:00,195.897,196.127,194.976,195.336,8764800.07,8439
2024-12-18 12:00:00+00:00,195.897,196.127,194.976,195.336,8764800.07,8440
2024-12-18 13:00:00+00:00,195.897,196.127,194.976,195.336,8764800.07,8441
2024-12-18 14:00:00+00:00,195.097,196.947,193.246,194.957,5000400.07,8442
2024-12-18 15:00:00+00:00,194.956,196.126,194.096,195.446,5529600.14,8443
2024-12-18 16:00:00+00:00,195.446,195.946,194.907,195.547,4889999.87,8444
2024-12-18 17:00:00+00:00,195.526,195.927,195.296,195.547,3720000.03,8445
2024-12-18 18:00:00+00:00,195.547,195.687,195.196,195.207,3110399.96,8446
2024-12-18 19:00:00+00:00,195.217,195.217,192.026,192.166,10093199.73,8447
2024-12-18 20:00:00+00:00,192.167,192.447,187.676,188.247,18788400.65,8448
2024-12-18 21:00:00+00:00,192.167,192.447,187.676,188.247,18788400.65,8449
2024-12-18 22:00:00+00:00,192.167,192.447,187.676,188.247,18788400.65,8450
2024-12-18 23:00:00+00:00,192.167,192.447,187.676,188.247,18788400.65,8451
2024-12-19 00:00:00+00:00,192.167,192.447,187.676,188.247,18788400.65,8452
2024-12-19 01:00:00+00:00,192.167,192.447,187.676,188.247,18788400.65,8453
2024-12-19 02:00:00+00:00,192.167,192.447,187.676,188.247,18788400.65,8454
2024-12-19 03:00:00+00:00,192.167,192.447,187.676,188.247,18788400.65,8455
2024-12-19 04:00:00+00:00,192.167,192.447,187.676,188.247,18788400.65,8456
2024-12-19 05:00:00+00:00,192.167,192.447,187.676,188.247,18788400.65,8457
2024-12-19 06:00:00+00:00,192.167,192.447,187.676,188.247,18788400.65,8458
2024-12-19 07:00:00+00:00,192.167,192.447,187.676,188.247,18788400.65,8459
2024-12-19 08:00:00+00:00,192.167,192.447,187.676,188.247,18788400.65,8460
2024-12-19 09:00:00+00:00,192.167,192.447,187.676,188.247,18788400.65,8461
2024-12-19 10:00:00+00:00,192.167,192.447,187.676,188.247,18788400.65,8462
2024-12-19 11:00:00+00:00,192.167,192.447,187.676,188.247,18788400.65,8463
2024-12-19 12:00:00+00:00,192.167,192.447,187.676,188.247,18788400.65,8464
2024-12-19 13:00:00+00:00,192.167,192.447,187.676,188.247,18788400.65,8465
2024-12-19 14:00:00+00:00,191.577,192.977,190.296,191.387,9106800.08,8466
2024-12-19 15:00:00+00:00,191.396,192.177,189.297,190.936,15510000.23,8467
2024-12-19 16:00:00+00:00,190.926,191.556,189.866,191.226,12881999.97,8468
2024-12-19 17:00:00+00:00,191.237,191.336,189.806,190.917,12062399.86,8469
2024-12-19 18:00:00+00:00,190.916,190.966,190.146,190.947,10472399.71,8470
2024-12-19 19:00:00+00:00,190.947,191.007,189.747,189.837,9901200.29,8471
2024-12-19 20:00:00+00:00,189.826,190.076,188.366,188.506,16376399.99,8472
2024-12-19 21:00:00+00:00,189.826,190.076,188.366,188.506,16376399.99,8473
2024-12-19 22:00:00+00:00,189.826,190.076,188.366,188.506,16376399.99,8474
2024-12-19 23:00:00+00:00,189.826,190.076,188.366,188.506,16376399.99,8475
2024-12-20 00:00:00+00:00,189.826,190.076,188.366,188.506,16376399.99,8476
2024-12-20 01:00:00+00:00,189.826,190.076,188.366,188.506,16376399.99,8477
2024-12-20 02:00:00+00:00,189.826,190.076,188.366,188.506,16376399.99,8478
2024-12-20 03:00:00+00:00,189.826,190.076,188.366,188.506,16376399.99,8479
2024-12-20 04:00:00+00:00,189.826,190.076,188.366,188.506,16376399.99,8480
2024-12-20 05:00:00+00:00,189.826,190.076,188.366,188.506,16376399.99,8481
2024-12-20 06:00:00+00:00,189.826,190.076,188.366,188.506,16376399.99,8482
2024-12-20 07:00:00+00:00,189.826,190.076,188.366,188.506,16376399.99,8483
2024-12-20 08:00:00+00:00,189.826,190.076,188.366,188.506,16376399.99,8484
2024-12-20 09:00:00+00:00,189.826,190.076,188.366,188.506,16376399.99,8485
2024-12-20 10:00:00+00:00,189.826,190.076,188.366,188.506,16376399.99,8486
2024-12-20 11:00:00+00:00,189.826,190.076,188.366,188.506,16376399.99,8487
2024-12-20 12:00:00+00:00,189.826,190.076,188.366,188.506,16376399.99,8488
2024-12-20 13:00:00+00:00,189.826,190.076,188.366,188.506,16376399.99,8489
2024-12-20 14:00:00+00:00,185.767,186.986,185.196,185.857,7360799.79,8490
2024-12-20 15:00:00+00:00,185.856,189.577,185.786,188.967,13264800.07,8491
2024-12-20 16:00:00+00:00,188.987,192.227,188.896,192.027,10498399.73,8492
2024-12-20 17:00:00+00:00,192.056,192.377,191.647,192.106,7011000.16,8493
2024-12-20 18:00:00+00:00,192.107,192.217,190.706,191.646,7074999.81,8494
2024-12-20 19:00:00+00:00,191.657,192.877,191.226,192.356,5915999.89,8495
2024-12-20 20:00:00+00:00,192.357,192.587,190.736,191.476,11109000.21,8496
2024-12-20 21:00:00+00:00,192.357,192.587,190.736,191.476,11109000.21,8497
2024-12-20 22:00:00+00:00,192.357,192.587,190.736,191.476,11109000.21,8498
2024-12-20 23:00:00+00:00,192.357,192.587,190.736,191.476,11109000.21,8499
2024-12-21 00:00:00+00:00,192.357,192.587,190.736,191.476,11109000.21,8500
2024-12-21 01:00:00+00:00,192.357,192.587,190.736,191.476,11109000.21,8501
2024-12-21 02:00:00+00:00,192.357,192.587,190.736,191.476,11109000.21,8502
2024-12-21 03:00:00+00:00,192.357,192.587,190.736,191.476,11109000.21,8503
2024-12-21 04:00:00+00:00,192.357,192.587,190.736,191.476,11109000.21,8504
2024-12-21 05:00:00+00:00,192.357,192.587,190.736,191.476,11109000.21,8505
2024-12-21 06:00:00+00:00,192.357,192.587,190.736,191.476,11109000.21,8506
2024-12-21 07:00:00+00:00,192.357,192.587,190.736,191.476,11109000.21,8507
2024-12-21 08:00:00+00:00,192.357,192.587,190.736,191.476,11109000.21,8508
2024-12-21 09:00:00+00:00,192.357,192.587,190.736,191.476,11109000.21,8509
2024-12-21 10:00:00+00:00,192.357,192.587,190.736,191.476,11109000.21,8510
2024-12-21 11:00:00+00:00,192.357,192.587,190.736,191.476,11109000.21,8511
2024-12-21 12:00:00+00:00,192.357,192.587,190.736,191.476,11109000.21,8512
2024-12-21 13:00:00+00:00,192.357,192.587,190.736,191.476,11109000.21,8513
2024-12-21 14:00:00+00:00,192.357,192.587,190.736,191.476,11109000.21,8514
2024-12-21 15:00:00+00:00,192.357,192.587,190.736,191.476,11109000.21,8515
2024-12-21 16:00:00+00:00,192.357,192.587,190.736,191.476,11109000.21,8516
2024-12-21 17:00:00+00:00,192.357,192.587,190.736,191.476,11109000.21,8517
2024-12-21 18:00:00+00:00,192.357,192.587,190.736,191.476,11109000.21,8518
2024-12-21 19:00:00+00:00,192.357,192.587,190.736,191.476,11109000.21,8519
2024-12-21 20:00:00+00:00,192.357,192.587,190.736,191.476,11109000.21,8520
2024-12-21 21:00:00+00:00,192.357,192.587,190.736,191.476,11109000.21,8521
2024-12-21 22:00:00+00:00,192.357,192.587,190.736,191.476,11109000.21,8522
2024-12-21 23:00:00+00:00,192.357,192.587,190.736,191.476,11109000.21,8523
2024-12-22 00:00:00+00:00,192.357,192.587,190.736,191.476,11109000.21,8524
2024-12-22 01:00:00+00:00,192.357,192.587,190.736,191.476,11109000.21,8525
2024-12-22 02:00:00+00:00,192.357,192.587,190.736,191.476,11109000.21,8526
2024-12-22 03:00:00+00:00,192.357,192.587,190.736,191.476,11109000.21,8527
2024-12-22 04:00:00+00:00,192.357,192.587,190.736,191.476,11109000.21,8528
2024-12-22 05:00:00+00:00,192.357,192.587,190.736,191.476,11109000.21,8529
2024-12-22 06:00:00+00:00,192.357,192.587,190.736,191.476,11109000.21,8530
2024-12-22 07:00:00+00:00,192.357,192.587,190.736,191.476,11109000.21,8531
2024-12-22 08:00:00+00:00,192.357,192.587,190.736,191.476,11109000.21,8532
2024-12-22 09:00:00+00:00,192.357,192.587,190.736,191.476,11109000.21,8533
2024-12-22 10:00:00+00:00,192.357,192.587,190.736,191.476,11109000.21,8534
2024-12-22 11:00:00+00:00,192.357,192.587,190.736,191.476,11109000.21,8535
2024-12-22 12:00:00+00:00,192.357,192.587,190.736,191.476,11109000.21,8536
2024-12-22 13:00:00+00:00,192.357,192.587,190.736,191.476,11109000.21,8537
2024-12-22 14:00:00+00:00,192.357,192.587,190.736,191.476,11109000.21,8538
2024-12-22 15:00:00+00:00,192.357,192.587,190.736,191.476,11109000.21,8539
2024-12-22 16:00:00+00:00,192.357,192.587,190.736,191.476,11109000.21,8540
2024-12-22 17:00:00+00:00,192.357,192.587,190.736,191.476,11109000.21,8541
2024-12-22 18:00:00+00:00,192.357,192.587,190.736,191.476,11109000.21,8542
2024-12-22 19:00:00+00:00,192.357,192.587,190.736,191.476,11109000.21,8543
2024-12-22 20:00:00+00:00,192.357,192.587,190.736,191.476,11109000.21,8544
2024-12-22 21:00:00+00:00,192.357,192.587,190.736,191.476,11109000.21,8545
2024-12-22 22:00:00+00:00,192.357,192.587,190.736,191.476,11109000.21,8546
2024-12-22 23:00:00+00:00,192.357,192.587,190.736,191.476,11109000.21,8547
2024-12-23 00:00:00+00:00,192.357,192.587,190.736,191.476,11109000.21,8548
2024-12-23 01:00:00+00:00,192.357,192.587,190.736,191.476,11109000.21,8549
2024-12-23 02:00:00+00:00,192.357,192.587,190.736,191.476,11109000.21,8550
2024-12-23 03:00:00+00:00,192.357,192.587,190.736,191.476,11109000.21,8551
2024-12-23 04:00:00+00:00,192.357,192.587,190.736,191.476,11109000.21,8552
2024-12-23 05:00:00+00:00,192.357,192.587,190.736,191.476,11109000.21,8553
2024-12-23 06:00:00+00:00,192.357,192.587,190.736,191.476,11109000.21,8554
2024-12-23 07:00:00+00:00,192.357,192.587,190.736,191.476,11109000.21,8555
2024-12-23 08:00:00+00:00,192.357,192.587,190.736,191.476,11109000.21,8556
2024-12-23 09:00:00+00:00,192.357,192.587,190.736,191.476,11109000.21,8557
2024-12-23 10:00:00+00:00,192.357,192.587,190.736,191.476,11109000.21,8558
2024-12-23 11:00:00+00:00,192.357,192.587,190.736,191.476,11109000.21,8559
2024-12-23 12:00:00+00:00,192.357,192.587,190.736,191.476,11109000.21,8560
2024-12-23 13:00:00+00:00,192.357,192.587,190.736,191.476,11109000.21,8561
2024-12-23 14:00:00+00:00,192.586,193.917,191.196,192.077,5400000.1,8562
2024-12-23 15:00:00+00:00,192.037,192.107,190.126,191.326,8279000.28,8563
2024-12-23 16:00:00+00:00,191.287,194.047,191.277,193.797,5889999.87,8564
2024-12-23 17:00:00+00:00,193.796,194.126,193.196,193.487,5140999.79,8565
2024-12-23 18:00:00+00:00,193.507,194.406,193.396,194.117,4111999.99,8566
2024-12-23 19:00:00+00:00,194.087,194.786,194.036,194.146,3542000.06,8567
2024-12-23 20:00:00+00:00,194.156,195.076,193.696,194.537,7341000.08,8568
2024-12-23 21:00:00+00:00,194.156,195.076,193.696,194.537,7341000.08,8569
2024-12-23 22:00:00+00:00,194.156,195.076,193.696,194.537,7341000.08,8570
2024-12-23 23:00:00+00:00,194.156,195.076,193.696,194.537,7341000.08,8571
2024-12-24 00:00:00+00:00,194.156,195.076,193.696,194.537,7341000.08,8572
2024-12-24 01:00:00+00:00,194.156,195.076,193.696,194.537,7341000.08,8573
2024-12-24 02:00:00+00:00,194.156,195.076,193.696,194.537,7341000.08,8574
2024-12-24 03:00:00+00:00,194.156,195.076,193.696,194.537,7341000.08,8575
2024-12-24 04:00:00+00:00,194.156,195.076,193.696,194.537,7341000.08,8576
2024-12-24 05:00:00+00:00,194.156,195.076,193.696,194.537,7341000.08,8577
2024-12-24 06:00:00+00:00,194.156,195.076,193.696,194.537,7341000.08,8578
2024-12-24 07:00:00+00:00,194.156,195.076,193.696,194.537,7341000.08,8579
2024-12-24 08:00:00+00:00,194.156,195.076,193.696,194.537,7341000.08,8580
2024-12-24 09:00:00+00:00,194.156,195.076,193.696,194.537,7341000.08,8581
2024-12-24 10:00:00+00:00,194.156,195.076,193.696,194.537,7341000.08,8582
2024-12-24 11:00:00+00:00,194.156,195.076,193.696,194.537,7341000.08,8583
2024-12-24 12:00:00+00:00,194.156,195.076,193.696,194.537,7341000.08,8584
2024-12-24 13:00:00+00:00,194.156,195.076,193.696,194.537,7341000.08,8585
2024-12-24 14:00:00+00:00,194.977,195.506,193.746,195.346,3844000.1,8586
2024-12-24 15:00:00+00:00,195.347,195.837,194.706,195.586,7132999.9,8587
2024-12-24 16:00:00+00:00,195.577,195.787,195.186,195.357,5238999.84,8588
2024-12-24 17:00:00+00:00,195.356,195.987,195.046,195.957,7144000.05,8589
2024-12-24 18:00:00+00:00,195.356,195.987,195.046,195.957,7144000.05,8590
2024-12-24 19:00:00+00:00,195.356,195.987,195.046,195.957,7144000.05,8591
2024-12-24 20:00:00+00:00,195.356,195.987,195.046,195.957,7144000.05,8592
2024-12-24 21:00:00+00:00,195.356,195.987,195.046,195.957,7144000.05,8593
2024-12-24 22:00:00+00:00,195.356,195.987,195.046,195.957,7144000.05,8594
2024-12-24 23:00:00+00:00,195.356,195.987,195.046,195.957,7144000.05,8595
2024-12-25 00:00:00+00:00,195.356,195.987,195.046,195.957,7144000.05,8596
2024-12-25 01:00:00+00:00,195.356,195.987,195.046,195.957,7144000.05,8597
2024-12-25 02:00:00+00:00,195.356,195.987,195.046,195.957,7144000.05,8598
2024-12-25 03:00:00+00:00,195.356,195.987,195.046,195.957,7144000.05,8599
2024-12-25 04:00:00+00:00,195.356,195.987,195.046,195.957,7144000.05,8600
2024-12-25 05:00:00+00:00,195.356,195.987,195.046,195.957,7144000.05,8601
2024-12-25 06:00:00+00:00,195.356,195.987,195.046,195.957,7144000.05,8602
2024-12-25 07:00:00+00:00,195.356,195.987,195.046,195.957,7144000.05,8603
2024-12-25 08:00:00+00:00,195.356,195.987,195.046,195.957,7144000.05,8604
2024-12-25 09:00:00+00:00,195.356,195.987,195.046,195.957,7144000.05,8605
2024-12-25 10:00:00+00:00,195.356,195.987,195.046,195.957,7144000.05,8606
2024-12-25 11:00:00+00:00,195.356,195.987,195.046,195.957,7144000.05,8607
2024-12-25 12:00:00+00:00,195.356,195.987,195.046,195.957,7144000.05,8608
2024-12-25 13:00:00+00:00,195.356,195.987,195.046,195.957,7144000.05,8609
2024-12-25 14:00:00+00:00,195.356,195.987,195.046,195.957,7144000.05,8610
2024-12-25 15:00:00+00:00,195.356,195.987,195.046,195.957,7144000.05,8611
2024-12-25 16:00:00+00:00,195.356,195.987,195.046,195.957,7144000.05,8612
2024-12-25 17:00:00+00:00,195.356,195.987,195.046,195.957,7144000.05,8613
2024-12-25 18:00:00+00:00,195.356,195.987,195.046,195.957,7144000.05,8614
2024-12-25 19:00:00+00:00,195.356,195.987,195.046,195.957,7144000.05,8615
2024-12-25 20:00:00+00:00,195.356,195.987,195.046,195.957,7144000.05,8616
2024-12-25 21:00:00+00:00,195.356,195.987,195.046,195.957,7144000.05,8617
2024-12-25 22:00:00+00:00,195.356,195.987,195.046,195.957,7144000.05,8618
2024-12-25 23:00:00+00:00,195.356,195.987,195.046,195.957,7144000.05,8619
2024-12-26 00:00:00+00:00,195.356,195.987,195.046,195.957,7144000.05,8620
2024-12-26 01:00:00+00:00,195.356,195.987,195.046,195.957,7144000.05,8621
2024-12-26 02:00:00+00:00,195.356,195.987,195.046,195.957,7144000.05,8622
2024-12-26 03:00:00+00:00,195.356,195.987,195.046,195.957,7144000.05,8623
2024-12-26 04:00:00+00:00,195.356,195.987,195.046,195.957,7144000.05,8624
2024-12-26 05:00:00+00:00,195.356,195.987,195.046,195.957,7144000.05,8625
2024-12-26 06:00:00+00:00,195.356,195.987,195.046,195.957,7144000.05,8626
2024-12-26 07:00:00+00:00,195.356,195.987,195.046,195.957,7144000.05,8627
2024-12-26 08:00:00+00:00,195.356,195.987,195.046,195.957,7144000.05,8628
2024-12-26 09:00:00+00:00,195.356,195.987,195.046,195.957,7144000.05,8629
2024-12-26 10:00:00+00:00,195.356,195.987,195.046,195.957,7144000.05,8630
2024-12-26 11:00:00+00:00,195.356,195.987,195.046,195.957,7144000.05,8631
2024-12-26 12:00:00+00:00,195.356,195.987,195.046,195.957,7144000.05,8632
2024-12-26 13:00:00+00:00,195.356,195.987,195.046,195.957,7144000.05,8633
2024-12-26 14:00:00+00:00,195.196,195.807,194.326,195.097,3204999.92,8634
2024-12-26 15:00:00+00:00,195.136,196.637,194.977,196.526,5000000.0,8635
2024-12-26 16:00:00+00:00,196.556,196.717,195.626,195.956,4224999.9,8636
2024-12-26 17:00:00+00:00,195.957,196.137,195.337,195.746,3812999.96,8637
2024-12-26 18:00:00+00:00,195.747,196.247,195.726,195.927,4151999.95,8638
2024-12-26 19:00:00+00:00,195.926,196.376,195.726,196.286,4690000.06,8639
2024-12-26 20:00:00+00:00,196.286,196.506,195.486,195.567,6298999.79,8640
2024-12-26 21:00:00+00:00,196.286,196.506,195.486,195.567,6298999.79,8641
2024-12-26 22:00:00+00:00,196.286,196.506,195.486,195.567,6298999.79,8642
2024-12-26 23:00:00+00:00,196.286,196.506,195.486,195.567,6298999.79,8643
2024-12-27 00:00:00+00:00,196.286,196.506,195.486,195.567,6298999.79,8644
2024-12-27 01:00:00+00:00,196.286,196.506,195.486,195.567,6298999.79,8645
2024-12-27 02:00:00+00:00,196.286,196.506,195.486,195.567,6298999.79,8646
2024-12-27 03:00:00+00:00,196.286,196.506,195.486,195.567,6298999.79,8647
2024-12-27 04:00:00+00:00,196.286,196.506,195.486,195.567,6298999.79,8648
2024-12-27 05:00:00+00:00,196.286,196.506,195.486,195.567,6298999.79,8649
2024-12-27 06:00:00+00:00,196.286,196.506,195.486,195.567,6298999.79,8650
2024-12-27 07:00:00+00:00,196.286,196.506,195.486,195.567,6298999.79,8651
2024-12-27 08:00:00+00:00,196.286,196.506,195.486,195.567,6298999.79,8652
2024-12-27 09:00:00+00:00,196.286,196.506,195.486,195.567,6298999.79,8653
2024-12-27 10:00:00+00:00,196.286,196.506,195.486,195.567,6298999.79,8654
2024-12-27 11:00:00+00:00,196.286,196.506,195.486,195.567,6298999.79,8655
2024-12-27 12:00:00+00:00,196.286,196.506,195.486,195.567,6298999.79,8656
2024-12-27 13:00:00+00:00,196.286,196.506,195.486,195.567,6298999.79,8657
2024-12-27 14:00:00+00:00,194.887,195.167,192.386,193.067,4817999.84,8658
2024-12-27 15:00:00+00:00,193.066,193.167,190.656,191.706,11074999.81,8659
2024-12-27 16:00:00+00:00,191.697,192.187,190.856,191.056,9836999.89,8660
2024-12-27 17:00:00+00:00,191.037,191.327,190.627,191.106,7869999.89,8661
2024-12-27 18:00:00+00:00,191.087,192.797,191.056,192.707,6666999.82,8662
2024-12-27 19:00:00+00:00,192.687,193.236,192.366,193.016,6297999.86,8663
2024-12-27 20:00:00+00:00,193.007,193.257,192.046,192.696,10324999.81,8664
2024-12-27 21:00:00+00:00,193.007,193.257,192.046,192.696,10324999.81,8665
2024-12-27 22:00:00+00:00,193.007,193.257,192.046,192.696,10324999.81,8666
2024-12-27 23:00:00+00:00,193.007,193.257,192.046,192.696,10324999.81,8667
2024-12-28 00:00:00+00:00,193.007,193.257,192.046,192.696,10324999.81,8668
2024-12-28 01:00:00+00:00,193.007,193.257,192.046,192.696,10324999.81,8669
2024-12-28 02:00:00+00:00,193.007,193.257,192.046,192.696,10324999.81,8670
2024-12-28 03:00:00+00:00,193.007,193.257,192.046,192.696,10324999.81,8671
2024-12-28 04:00:00+00:00,193.007,193.257,192.046,192.696,10324999.81,8672
2024-12-28 05:00:00+00:00,193.007,193.257,192.046,192.696,10324999.81,8673
2024-12-28 06:00:00+00:00,193.007,193.257,192.046,192.696,10324999.81,8674
2024-12-28 07:00:00+00:00,193.007,193.257,192.046,192.696,10324999.81,8675
2024-12-28 08:00:00+00:00,193.007,193.257,192.046,192.696,10324999.81,8676
2024-12-28 09:00:00+00:00,193.007,193.257,192.046,192.696,10324999.81,8677
2024-12-28 10:00:00+00:00,193.007,193.257,192.046,192.696,10324999.81,8678
2024-12-28 11:00:00+00:00,193.007,193.257,192.046,192.696,10324999.81,8679
2024-12-28 12:00:00+00:00,193.007,193.257,192.046,192.696,10324999.81,8680
2024-12-28 13:00:00+00:00,193.007,193.257,192.046,192.696,10324999.81,8681
2024-12-28 14:00:00+00:00,193.007,193.257,192.046,192.696,10324999.81,8682
2024-12-28 15:00:00+00:00,193.007,193.257,192.046,192.696,10324999.81,8683
2024-12-28 16:00:00+00:00,193.007,193.257,192.046,192.696,10324999.81,8684
2024-12-28 17:00:00+00:00,193.007,193.257,192.046,192.696,10324999.81,8685
2024-12-28 18:00:00+00:00,193.007,193.257,192.046,192.696,10324999.81,8686
2024-12-28 19:00:00+00:00,193.007,193.257,192.046,192.696,10324999.81,8687
2024-12-28 20:00:00+00:00,193.007,193.257,192.046,192.696,10324999.81,8688
2024-12-28 21:00:00+00:00,193.007,193.257,192.046,192.696,10324999.81,8689
2024-12-28 22:00:00+00:00,193.007,193.257,192.046,192.696,10324999.81,8690
2024-12-28 23:00:00+00:00,193.007,193.257,192.046,192.696,10324999.81,8691
2024-12-29 00:00:00+00:00,193.007,193.257,192.046,192.696,10324999.81,8692
2024-12-29 01:00:00+00:00,193.007,193.257,192.046,192.696,10324999.81,8693
2024-12-29 02:00:00+00:00,193.007,193.257,192.046,192.696,10324999.81,8694
2024-12-29 03:00:00+00:00,193.007,193.257,192.046,192.696,10324999.81,8695
2024-12-29 04:00:00+00:00,193.007,193.257,192.046,192.696,10324999.81,8696
2024-12-29 05:00:00+00:00,193.007,193.257,192.046,192.696,10324999.81,8697
2024-12-29 06:00:00+00:00,193.007,193.257,192.046,192.696,10324999.81,8698
2024-12-29 07:00:00+00:00,193.007,193.257,192.046,192.696,10324999.81,8699
2024-12-29 08:00:00+00:00,193.007,193.257,192.046,192.696,10324999.81,8700
2024-12-29 09:00:00+00:00,193.007,193.257,192.046,192.696,10324999.81,8701
2024-12-29 10:00:00+00:00,193.007,193.257,192.046,192.696,10324999.81,8702
2024-12-29 11:00:00+00:00,193.007,193.257,192.046,192.696,10324999.81,8703
2024-12-29 12:00:00+00:00,193.007,193.257,192.046,192.696,10324999.81,8704
2024-12-29 13:00:00+00:00,193.007,193.257,192.046,192.696,10324999.81,8705
2024-12-29 14:00:00+00:00,193.007,193.257,192.046,192.696,10324999.81,8706
2024-12-29 15:00:00+00:00,193.007,193.257,192.046,192.696,10324999.81,8707
2024-12-29 16:00:00+00:00,193.007,193.257,192.046,192.696,10324999.81,8708
2024-12-29 17:00:00+00:00,193.007,193.257,192.046,192.696,10324999.81,8709
2024-12-29 18:00:00+00:00,193.007,193.257,192.046,192.696,10324999.81,8710
2024-12-29 19:00:00+00:00,193.007,193.257,192.046,192.696,10324999.81,8711
2024-12-29 20:00:00+00:00,193.007,193.257,192.046,192.696,10324999.81,8712
2024-12-29 21:00:00+00:00,193.007,193.257,192.046,192.696,10324999.81,8713
2024-12-29 22:00:00+00:00,193.007,193.257,192.046,192.696,10324999.81,8714
2024-12-29 23:00:00+00:00,193.007,193.257,192.046,192.696,10324999.81,8715
2024-12-30 00:00:00+00:00,193.007,193.257,192.046,192.696,10324999.81,8716
2024-12-30 01:00:00+00:00,193.007,193.257,192.046,192.696,10324999.81,8717
2024-12-30 02:00:00+00:00,193.007,193.257,192.046,192.696,10324999.81,8718
2024-12-30 03:00:00+00:00,193.007,193.257,192.046,192.696,10324999.81,8719
2024-12-30 04:00:00+00:00,193.007,193.257,192.046,192.696,10324999.81,8720
2024-12-30 05:00:00+00:00,193.007,193.257,192.046,192.696,10324999.81,8721
2024-12-30 06:00:00+00:00,193.007,193.257,192.046,192.696,10324999.81,8722
2024-12-30 07:00:00+00:00,193.007,193.257,192.046,192.696,10324999.81,8723
2024-12-30 08:00:00+00:00,193.007,193.257,192.046,192.696,10324999.81,8724
2024-12-30 09:00:00+00:00,193.007,193.257,192.046,192.696,10324999.81,8725
2024-12-30 10:00:00+00:00,193.007,193.257,192.046,192.696,10324999.81,8726
2024-12-30 11:00:00+00:00,193.007,193.257,192.046,192.696,10324999.81,8727
2024-12-30 12:00:00+00:00,193.007,193.257,192.046,192.696,10324999.81,8728
2024-12-30 13:00:00+00:00,193.007,193.257,192.046,192.696,10324999.81,8729
2024-12-30 14:00:00+00:00,189.506,190.767,189.006,190.026,4741000.18,8730
2024-12-30 15:00:00+00:00,189.997,191.596,189.706,190.996,11315999.98,8731
2024-12-30 16:00:00+00:00,190.976,191.787,190.676,191.497,9307000.16,8732
2024-12-30 17:00:00+00:00,191.476,192.517,191.366,192.397,8331000.33,8733
2024-12-30 18:00:00+00:00,192.386,192.527,191.726,192.277,8637999.53,8734
2024-12-30 19:00:00+00:00,192.266,192.407,191.646,192.297,8272999.76,8735
2024-12-30 20:00:00+00:00,192.307,192.407,191.186,191.197,10659999.85,8736
2024-12-30 21:00:00+00:00,192.307,192.407,191.186,191.197,10659999.85,8737
2024-12-30 22:00:00+00:00,192.307,192.407,191.186,191.197,10659999.85,8738
2024-12-30 23:00:00+00:00,192.307,192.407,191.186,191.197,10659999.85,8739
2024-12-31 00:00:00+00:00,192.307,192.407,191.186,191.197,10659999.85,8740
2024-12-31 01:00:00+00:00,192.307,192.407,191.186,191.197,10659999.85,8741
2024-12-31 02:00:00+00:00,192.307,192.407,191.186,191.197,10659999.85,8742
2024-12-31 03:00:00+00:00,192.307,192.407,191.186,191.197,10659999.85,8743
2024-12-31 04:00:00+00:00,192.307,192.407,191.186,191.197,10659999.85,8744
2024-12-31 05:00:00+00:00,192.307,192.407,191.186,191.197,10659999.85,8745
2024-12-31 06:00:00+00:00,192.307,192.407,191.186,191.197,10659999.85,8746
2024-12-31 07:00:00+00:00,192.307,192.407,191.186,191.197,10659999.85,8747
2024-12-31 08:00:00+00:00,192.307,192.407,191.186,191.197,10659999.85,8748
2024-12-31 09:00:00+00:00,192.307,192.407,191.186,191.197,10659999.85,8749
2024-12-31 10:00:00+00:00,192.307,192.407,191.186,191.197,10659999.85,8750
2024-12-31 11:00:00+00:00,192.307,192.407,191.186,191.197,10659999.85,8751
2024-12-31 12:00:00+00:00,192.307,192.407,191.186,191.197,10659999.85,8752
2024-12-31 13:00:00+00:00,192.307,192.407,191.186,191.197,10659999.85,8753
2024-12-31 14:00:00+00:00,190.957,191.907,190.616,191.707,4770999.91,8754
2024-12-31 15:00:00+00:00,191.706,191.926,190.776,191.346,9241000.18,8755
2024-12-31 16:00:00+00:00,191.366,191.386,190.497,190.737,8522000.31,8756
2024-12-31 17:00:00+00:00,190.747,190.867,189.696,190.447,8385999.68,8757
2024-12-31 18:00:00+00:00,190.446,190.566,189.427,189.556,9107999.8,8758
2024-12-31 19:00:00+00:00,189.547,190.337,189.476,190.016,8491999.63,8759
2024-12-31 20:00:00+00:00,189.996,190.457,188.496,189.087,12321999.55,8760
