date,open,high,low,close,volume
2023-01-02 14:00:00,247.187,248.357,246.196,247.806,15399600.029
2023-01-02 15:00:00,246.136,247.357,245.607,247.246,27958799.3622
2023-01-02 16:00:00,247.177,247.286,245.786,246.146,18099599.8383
2023-01-02 17:00:00,246.896,247.297,246.696,247.177,20587200.1648
2023-01-02 18:00:00,247.027,247.737,246.787,246.896,16485599.5178
2023-01-02 19:00:00,252.146,253.067,245.437,247.026,38488800.0488
2023-01-02 20:00:00,252.636,255.147,252.006,252.187,37571998.5962
2023-01-03 14:00:00,249.406,250.867,247.746,250.867,16575599.6704
2023-01-03 15:00:00,248.346,249.797,247.246,249.516,30889200.2106
2023-01-03 16:00:00,248.387,248.627,246.526,248.317,26914800.6439
2023-01-03 17:00:00,247.777,248.587,247.686,248.406,23774400.7111
2023-01-03 18:00:00,247.116,247.887,246.916,247.776,19625999.4507
2023-01-03 19:00:00,246.466,247.156,246.296,247.126,19147199.6307
2023-01-03 20:00:00,246.277,246.887,245.767,246.466,21790800.0946
2023-01-05 13:00:00,307.647,308.576,306.487,306.607,8079299.9268
2023-01-05 14:00:00,307.086,307.627,305.746,307.616,17513999.939
2023-01-05 15:00:00,307.037,307.526,306.036,307.076,14715900.4211
2023-01-05 16:00:00,307.856,307.996,306.807,307.046,11079000.473
2023-01-05 17:00:00,307.217,308.036,307.096,307.867,10494000.4349
2023-01-05 18:00:00,306.326,307.436,305.767,307.186,11511899.9481
2023-01-05 19:00:00,305.357,306.357,305.126,306.266,12469499.588
2023-01-06 13:00:00,327.867,328.416,324.676,326.077,6853499.8894
2023-01-06 14:00:00,328.387,328.977,326.346,327.867,15268500.3281
2023-01-06 15:00:00,330.147,330.186,327.996,328.407,14501700.4013
2023-01-06 16:00:00,330.907,331.337,330.157,330.157,12078000.0687
2023-01-06 17:00:00,331.676,331.697,330.396,330.907,10388699.5316
2023-01-06 18:00:00,333.007,333.317,331.407,331.686,10609199.5239
2023-01-06 19:00:00,332.627,333.507,331.226,333.006,14900400.1617
2023-01-08 13:00:00,334.167,335.596,333.686,335.027,4977000.2365
2023-01-08 14:00:00,336.967,337.806,333.786,334.267,10938599.5865
2023-01-08 15:00:00,337.937,338.307,336.496,336.977,8217000.0076
2023-01-08 16:00:00,337.746,337.967,336.627,337.937,6374700.0694
2023-01-08 17:00:00,337.696,338.507,336.537,337.746,5851799.9649
2023-01-08 18:00:00,337.297,338.057,336.996,337.706,5771699.9054
2023-01-08 19:00:00,336.347,337.596,336.287,337.296,6624000.0725
2023-01-09 13:00:00,328.926,331.797,327.396,331.257,8548199.6536
2023-01-09 14:00:00,328.057,330.067,327.756,328.906,16880399.704
2023-01-09 15:00:00,327.576,328.977,327.576,328.056,12357000.351
2023-01-09 16:00:00,328.016,328.297,327.446,327.577,9320400.238
2023-01-09 17:00:00,327.547,328.287,326.717,328.006,8252099.9908
2023-01-09 18:00:00,327.756,327.896,326.877,327.577,6780600.071
2023-01-09 19:00:00,328.666,328.707,327.546,327.767,6474599.8383
2023-01-11 13:00:00,343.337,344.047,339.596,339.667,10810799.5987
2023-01-11 14:00:00,345.636,346.476,342.646,343.347,17650800.705
2023-01-11 15:00:00,345.086,346.186,344.306,345.637,12825599.6704
2023-01-11 16:00:00,343.656,345.126,343.247,345.086,10451999.6643
2023-01-11 17:00:00,343.986,344.357,343.426,343.626,9192000.3891
2023-01-11 18:00:00,345.146,345.797,342.997,344.036,23059200.2869
2023-01-11 19:00:00,345.977,347.347,345.146,345.146,19666799.5453
2023-01-12 14:00:00,375.336,378.046,375.276,376.757,8093999.8627
2023-01-12 15:00:00,372.367,376.416,371.297,375.307,15626399.9939
2023-01-12 16:00:00,373.066,373.346,371.496,372.297,16195199.9664
2023-01-12 17:00:00,374.626,375.286,372.236,373.106,12178799.6292
2023-01-12 18:00:00,373.076,374.817,372.806,374.627,11359199.5239
2023-01-12 19:00:00,375.117,375.267,372.796,373.076,9590399.7421
2023-01-12 20:00:00,374.226,375.566,373.696,375.117,11167200.0885
2023-02-02 14:00:00,258.086,260.577,258.036,259.107,20314800.2625
2023-02-02 15:00:00,260.126,260.777,257.217,258.087,37399200.4395
2023-02-02 16:00:00,261.387,263.097,259.836,260.156,31305599.2126
2023-02-02 17:00:00,261.587,261.847,260.607,261.377,25513200.7599
2023-02-02 18:00:00,264.317,264.537,261.267,261.586,22902000.4272
2023-02-02 19:00:00,261.437,264.667,260.896,264.327,32833198.5474
2023-02-02 20:00:00,264.597,264.606,260.856,261.447,36333599.0906
2023-02-03 14:00:00,246.627,247.566,245.596,246.417,16003200.531
2023-02-03 15:00:00,247.616,247.796,246.506,246.606,29235599.5178
2023-02-03 16:00:00,247.387,247.877,246.596,247.616,22172399.5209
2023-02-03 17:00:00,247.316,247.646,246.846,247.386,17106000.9003
2023-02-03 18:00:00,249.387,249.387,246.836,247.316,18681600.5707
2023-02-03 19:00:00,250.007,250.806,249.357,249.387,22966800.6897
2023-02-03 20:00:00,250.956,251.387,249.796,250.017,23315999.9847
2023-02-05 13:00:00,308.076,308.837,306.196,307.867,8026200.2945
2023-02-05 14:00:00,305.186,309.136,305.026,308.077,18451799.3927
2023-02-05 15:00:00,304.117,305.447,303.896,305.186,15457500.4578
2023-02-05 16:00:00,305.046,305.467,303.976,304.126,9495900.1541
2023-02-05 17:00:00,306.167,306.617,304.927,305.046,9669599.5331
2023-02-05 18:00:00,305.816,306.636,305.166,306.167,12364199.6384
2023-02-05 19:00:00,305.366,306.197,305.126,305.786,13361399.6506
2023-02-06 13:00:00,333.266,337.467,333.226,334.127,9470700.264
2023-02-06 14:00:00,334.757,334.957,332.516,333.307,19200599.6704
2023-02-06 15:00:00,334.877,335.227,334.056,334.747,13271400.4517
2023-02-06 16:00:00,334.446,334.967,333.436,334.877,10290599.823
2023-02-06 17:00:00,334.617,334.687,333.807,334.446,7972199.9168
2023-02-06 18:00:00,336.106,336.717,334.137,334.637,10535400.3906
2023-02-06 19:00:00,335.277,336.736,335.047,336.117,12474900.2457
2023-02-08 13:00:00,331.396,333.247,331.046,333.237,6529500.0076
2023-02-08 14:00:00,329.136,331.607,328.956,331.427,12897000.3128
2023-02-08 15:00:00,328.037,330.457,328.037,329.126,11123999.5956
2023-02-08 16:00:00,328.067,328.376,326.346,328.017,10405799.8657
2023-02-08 17:00:00,328.027,328.667,327.546,328.067,9012599.9451
2023-02-08 18:00:00,328.407,329.027,327.816,328.037,9459899.9023
2023-02-08 19:00:00,327.496,328.557,326.616,328.417,12456000.3281
2023-02-10 13:00:00,316.986,318.687,315.127,316.126,8058600.4257
2023-02-10 14:00:00,317.667,318.997,316.666,316.986,16737300.8728
2023-02-10 15:00:00,318.566,321.376,317.616,317.686,16636499.4049
2023-02-10 16:00:00,318.186,319.077,317.816,318.546,14636699.6765
2023-02-10 17:00:00,318.536,319.246,317.577,318.197,11422800.0641
2023-02-10 18:00:00,318.917,320.166,318.256,318.546,14552100.1816
2023-02-10 19:00:00,321.766,321.856,318.517,318.927,18097799.3011
2023-02-11 13:00:00,346.387,347.647,344.696,347.197,11125200.2716
2023-02-11 14:00:00,348.496,348.757,345.247,346.397,16290000.9155
2023-02-11 15:00:00,347.307,348.777,346.616,348.537,12436800.0031
2023-02-11 16:00:00,347.706,348.246,346.407,347.316,11064000.1297
2023-02-11 17:00:00,347.656,348.157,347.296,347.696,8668800.354
2023-02-11 18:00:00,347.467,348.006,347.236,347.657,7778399.9443
2023-02-11 19:00:00,348.287,348.756,346.886,347.457,9367199.8978
2023-03-01 16:00:00,238.156,239.827,237.496,239.586,11917200.0885
2023-03-01 17:00:00,238.137,238.967,237.596,238.126,8774399.7574
2023-03-01 18:00:00,238.517,238.757,237.396,238.057,9483599.6628
2023-03-01 19:00:00,239.387,239.946,237.886,238.517,11290800.0946
2023-03-01 20:00:00,239.547,240.347,239.126,239.427,12171600.3418
2023-03-02 14:00:00,261.796,262.136,259.287,259.527,19364400.8636
2023-03-02 15:00:00,261.756,264.177,260.566,261.726,35516399.3835
2023-03-02 16:00:00,261.377,263.767,261.197,261.756,28860000.6104
2023-03-02 17:00:00,260.407,262.797,260.126,261.376,27297599.7925
2023-03-02 18:00:00,258.677,260.406,258.156,260.386,31689599.9908
2023-03-02 19:00:00,257.697,258.907,257.416,258.686,27118799.2096
2023-03-02 20:00:00,258.266,259.007,257.076,257.707,27955200.1953
2023-03-03 14:00:00,254.356,254.447,251.366,252.206,14173199.6536
2023-03-03 15:00:00,254.087,255.237,253.187,254.367,26489999.7711
2023-03-03 16:00:00,253.856,254.157,253.246,254.086,21148799.8962
2023-03-03 17:00:00,254.926,254.957,253.576,253.867,16467599.8688
2023-03-03 18:00:00,254.877,255.397,254.696,254.936,15122400.2838
2023-03-03 19:00:00,254.776,255.597,254.616,254.906,14578800.2014
2023-03-03 20:00:00,255.366,255.407,254.396,254.777,18272399.9023
2023-03-04 13:00:00,287.026,287.957,285.186,286.067,10125900.2686
2023-03-04 14:00:00,285.767,288.247,285.737,287.046,18218700.4089
2023-03-04 15:00:00,285.187,286.147,284.696,285.776,13782600.4028
2023-03-04 16:00:00,284.397,285.467,284.206,285.206,10686599.7314
2023-03-04 17:00:00,284.897,285.157,283.957,284.407,10359000.206
2023-03-04 18:00:00,286.156,286.446,284.057,284.896,9830699.9207
2023-03-04 19:00:00,287.107,287.567,286.127,286.176,12235500.3357
2023-03-05 13:00:00,305.117,306.837,304.536,306.837,4530600.071
2023-03-05 14:00:00,305.657,306.347,304.236,305.286,13107600.2121
2023-03-05 15:00:00,306.856,306.947,304.897,305.647,12811499.5956
2023-03-05 16:00:00,306.886,306.906,305.286,306.866,9449999.8093
2023-03-05 17:00:00,306.896,307.517,306.426,306.887,10320300.1022
2023-03-05 18:00:00,307.146,308.536,305.077,306.866,25284599.3042
2023-03-05 19:00:00,304.237,307.927,304.056,307.086,24971399.3073
2023-03-07 13:00:00,339.556,340.876,338.047,339.006,7675199.9855
2023-03-07 14:00:00,336.946,340.286,336.916,339.676,16756200.7904
2023-03-07 15:00:00,336.896,337.456,336.546,336.947,12482999.8016
2023-03-07 16:00:00,338.287,338.307,336.746,336.917,9638099.6704
2023-03-08 13:00:00,328.327,328.607,325.966,325.967,5928299.9039
2023-03-08 14:00:00,328.447,329.087,326.497,328.406,10169099.8077
2023-03-08 15:00:00,328.106,329.827,327.996,328.476,7739999.7711
2023-03-08 16:00:00,329.086,329.367,327.846,328.096,5324399.9481
2023-03-08 17:00:00,327.727,329.457,327.626,329.086,6102000.2365
2023-03-08 18:00:00,328.177,328.257,327.016,327.726,7638299.942
2023-03-08 19:00:00,326.606,328.237,326.496,328.237,8747099.8764
2023-03-10 13:00:00,320.587,321.307,319.106,320.816,8256600.3799
2023-03-10 14:00:00,314.346,320.706,314.177,320.597,18624599.4568
2023-03-10 15:00:00,314.277,314.717,313.027,314.317,12024000.1678
2023-03-10 16:00:00,313.687,314.527,313.137,314.266,12509099.9603
2023-03-10 17:00:00,312.457,314.196,312.356,313.676,11514599.8001
2023-03-10 18:00:00,312.706,313.107,311.936,312.477,10285200.119
2023-03-10 19:00:00,313.316,313.467,311.206,312.707,12852899.5514
2023-03-11 13:00:00,350.027,350.557,347.296,349.566,9701999.6643
2023-03-11 14:00:00,350.767,351.836,349.616,350.026,17469600.6775
2023-03-11 15:00:00,351.277,351.717,349.996,350.827,12935999.8703
2023-03-11 16:00:00,353.276,353.377,351.126,351.297,10384799.9573
2023-03-11 17:00:00,353.847,354.027,353.046,353.266,9517200.47
2023-03-11 18:00:00,353.696,354.367,353.217,353.836,8047200.2029
2023-03-11 19:00:00,352.787,354.327,352.567,353.707,11130000.1144
2023-04-01 14:00:00,228.987,232.577,228.276,232.546,13767600.0595
2023-04-01 15:00:00,227.516,229.436,225.956,228.956,22190399.1699
2023-04-01 16:00:00,228.826,229.777,226.696,227.527,17355600.3571
2023-04-01 17:00:00,227.966,229.746,227.956,228.857,11296799.6597
2023-04-01 18:00:00,228.397,229.187,227.376,227.957,10996800.4227
2023-04-01 19:00:00,228.087,229.346,225.947,228.526,22594800.9491
2023-04-01 20:00:00,228.987,229.317,226.526,228.106,21712799.0723
2023-04-04 13:00:00,288.637,289.597,286.306,286.947,11241000.1755
2023-04-04 14:00:00,289.096,290.426,288.296,288.677,22974300.3845
2023-04-04 15:00:00,289.047,289.597,287.746,289.117,17972999.5728
2023-04-04 16:00:00,288.046,289.147,287.816,289.077,15921899.7955
2023-04-04 17:00:00,287.847,288.427,287.596,288.027,12133799.5529
2023-04-04 18:00:00,286.156,288.047,286.126,287.846,11944800.3769
2023-04-04 19:00:00,287.177,287.236,285.677,286.146,15232500.0763
2023-04-05 13:00:00,303.926,306.446,303.766,306.327,10749600.4105
2023-04-05 14:00:00,305.386,305.807,303.386,303.916,22382999.4202
2023-04-05 15:00:00,305.566,306.897,305.016,305.357,18846900.9399
2023-04-05 16:00:00,306.857,306.916,304.996,305.567,14521499.6338
2023-04-05 17:00:00,306.956,307.737,306.527,306.856,16353900.9094
2023-04-05 18:00:00,306.127,307.086,305.666,306.956,15091199.8749
2023-04-05 19:00:00,305.386,307.176,305.097,306.116,17024400.7111
2023-04-08 13:00:00,330.396,335.066,329.746,331.876,7092899.7993
2023-04-08 14:00:00,331.647,332.397,328.886,330.466,11955599.7849
2023-04-08 15:00:00,332.837,333.517,331.497,331.636,8240400.3143
2023-04-08 16:00:00,333.787,334.277,332.586,332.836,5837399.9596
2023-04-08 17:00:00,331.806,333.947,331.506,333.816,6014699.9359
2023-04-08 18:00:00,328.997,331.826,328.747,331.796,8575200.0809
2023-04-08 19:00:00,327.776,329.327,327.167,328.986,11159999.8474
2023-04-10 13:00:00,316.737,317.857,314.016,314.016,8378100.3952
2023-04-10 14:00:00,316.847,318.306,315.096,316.667,16829099.6552
2023-04-10 15:00:00,319.067,319.206,316.587,316.846,14941800.1175
2023-04-10 16:00:00,318.117,319.127,317.736,319.026,11464200.0198
2023-04-10 17:00:00,316.407,318.207,316.266,318.126,11481300.354
2023-04-10 18:00:00,317.837,317.986,316.116,316.416,11529000.2823
2023-04-10 19:00:00,318.656,320.006,317.696,317.847,16021799.0875
2023-04-12 14:00:00,364.987,369.237,363.676,369.037,13081199.646
2023-04-12 15:00:00,364.376,366.357,362.847,364.996,21395999.9084
2023-04-12 16:00:00,367.727,367.967,363.896,364.376,14625599.8611
2023-04-12 17:00:00,369.156,369.247,367.137,367.707,14155200.0046
2023-04-12 18:00:00,368.277,369.447,368.226,369.177,12736800.1938
2023-04-12 19:00:00,367.887,368.676,367.316,368.286,11722800.2548
2023-04-12 20:00:00,369.177,369.497,367.486,367.847,14894399.6429
2023-05-01 14:00:00,225.056,227.496,223.656,227.087,11320799.8276
2023-05-01 15:00:00,224.147,226.156,223.826,225.096,16511999.1302
2023-05-01 16:00:00,223.077,224.757,223.076,224.146,10911600.1129
2023-05-01 17:00:00,222.227,223.647,222.226,223.076,8902799.6063
2023-05-01 18:00:00,223.566,223.717,221.756,222.247,11487600.3265
2023-05-01 19:00:00,224.267,224.657,222.996,223.557,11179200.1724
2023-05-01 20:00:00,222.246,224.277,221.806,224.266,18104400.6348
2023-05-04 13:00:00,285.566,287.117,284.817,285.837,11991600.0366
2023-05-04 14:00:00,283.546,286.266,283.266,285.626,22775400.1617
2023-05-04 15:00:00,284.147,284.317,283.296,283.557,16191900.2533
2023-05-04 16:00:00,283.436,284.266,282.936,284.156,13187700.2716
2023-05-04 17:00:00,283.886,283.947,283.056,283.437,11814299.5834
2023-05-04 18:00:00,284.167,284.567,283.746,283.886,10884599.6857
2023-05-04 19:00:00,284.317,284.756,283.646,284.157,13965299.6063
2023-05-05 13:00:00,306.966,307.127,304.207,305.427,7739099.9794
2023-05-05 14:00:00,308.827,309.387,306.836,307.036,14227199.5544
2023-05-05 15:00:00,308.997,309.567,308.196,308.846,11775600.4333
2023-05-05 16:00:00,309.456,309.537,308.486,309.006,10107899.6658
2023-05-05 17:00:00,309.897,310.337,309.406,309.466,9402299.881
2023-05-05 18:00:00,311.527,311.886,309.686,309.917,9973799.7055
2023-05-05 19:00:00,310.477,311.847,309.996,311.526,12250800.1328
2023-05-06 13:00:00,335.227,337.327,334.616,335.187,5480999.9466
2023-05-06 14:00:00,337.326,337.787,335.206,335.206,13673700.3326
2023-05-06 15:00:00,337.966,338.537,336.726,337.337,10390500.0687
2023-05-06 16:00:00,338.337,338.377,337.406,337.967,8647199.6307
2023-05-06 17:00:00,337.637,338.377,336.976,338.347,9901800.1556
2023-05-06 18:00:00,337.137,337.756,335.756,337.636,12194100.3799
2023-05-06 19:00:00,335.947,337.587,335.726,337.146,14136300.087
2023-05-07 13:00:00,338.627,340.336,334.707,335.077,8597999.5728
2023-05-07 14:00:00,340.906,341.637,338.497,338.626,15358499.527
2023-05-07 15:00:00,338.846,340.957,338.596,340.917,13211999.8932
2023-05-07 16:00:00,338.696,339.346,338.136,338.817,9494999.8856
2023-05-07 17:00:00,338.336,339.067,338.127,338.697,7748099.8039
2023-05-07 18:00:00,338.397,338.787,337.606,338.346,11840399.7421
2023-05-07 19:00:00,338.146,338.737,337.636,338.396,10846799.8505
2023-05-09 13:00:00,329.016,330.816,328.696,329.056,7403399.9443
2023-05-09 14:00:00,331.796,331.986,328.557,329.057,11829600.3342
2023-05-09 15:00:00,332.836,334.817,331.827,331.827,8516699.791
2023-05-09 16:00:00,333.367,334.097,332.736,332.787,5603400.2304
2023-05-09 17:00:00,333.666,334.046,332.737,333.366,5337900.1617
2023-05-09 18:00:00,334.157,334.187,333.206,333.606,4762800.2167
2023-05-09 19:00:00,333.517,334.287,333.226,334.156,7776899.8146
2023-05-10 13:00:00,317.376,319.887,316.536,319.336,8137800.2167
2023-05-10 14:00:00,315.327,317.527,314.867,317.427,16063199.9969
2023-05-10 15:00:00,316.507,317.297,314.996,315.327,14760899.5438
2023-05-10 16:00:00,316.737,317.446,316.396,316.507,11909700.3937
2023-05-10 17:00:00,317.617,317.807,316.046,316.746,11227499.9619
2023-05-10 18:00:00,318.967,319.037,317.477,317.626,10854900.3601
2023-05-10 19:00:00,319.326,319.896,318.276,318.976,13421699.5239
2023-05-12 14:00:00,369.676,370.046,365.596,366.417,11118000.0305
2023-05-12 15:00:00,371.766,373.057,369.206,369.597,25372800.827
2023-05-12 16:00:00,370.647,373.056,369.316,371.776,22155599.5941
2023-05-12 17:00:00,371.726,372.036,370.467,370.626,18808799.7437
2023-05-12 18:00:00,371.717,372.917,371.037,371.717,17938800.8118
2023-05-12 19:00:00,372.216,372.237,370.786,371.706,13405200.0046
2023-05-12 20:00:00,372.557,372.577,371.776,372.217,13544400.2151
2023-06-01 14:00:00,220.017,223.607,219.346,223.157,16669200.8972
2023-06-01 15:00:00,222.827,223.146,219.966,220.047,30378000.2594
2023-06-01 16:00:00,222.886,223.446,221.836,222.847,22216800.6897
2023-06-01 17:00:00,222.296,223.047,221.896,222.877,16023599.6246
2023-06-01 18:00:00,224.026,224.127,222.276,222.316,14686800.0031
2023-06-01 19:00:00,225.417,225.716,223.936,224.037,17285999.2981
2023-06-01 20:00:00,224.716,225.747,224.566,225.427,18142799.3774
2023-06-02 14:00:00,256.606,257.717,255.656,256.726,11320799.8276
2023-06-02 15:00:00,257.106,257.897,254.766,256.657,21860399.2462
2023-06-02 16:00:00,256.947,258.266,256.747,257.106,17570400.238
2023-06-02 17:00:00,256.756,257.317,256.476,256.936,16395599.3652
2023-06-02 18:00:00,256.176,257.057,255.666,256.746,14744400.0244
2023-06-02 19:00:00,256.997,257.247,256.166,256.176,15317999.8398
2023-06-02 20:00:00,256.727,257.196,256.027,256.996,18682800.293
2023-06-03 14:00:00,257.467,257.946,255.886,256.357,15402000.4272
2023-06-03 15:00:00,259.277,259.867,257.096,257.536,26229600.9064
2023-06-03 16:00:00,259.376,260.077,258.896,259.296,19861200.3326
2023-06-03 17:00:00,258.437,259.387,257.526,259.387,19957199.0967
2023-06-03 18:00:00,257.967,258.676,257.736,258.437,19629600.5249
2023-06-03 19:00:00,257.656,258.507,257.526,257.966,19046400.0702
2023-06-03 20:00:00,256.867,257.807,256.646,257.656,22633199.6918
2023-06-04 13:00:00,283.507,283.687,282.016,282.496,9608400.3448
2023-06-04 14:00:00,283.326,284.657,282.837,283.526,18344699.8596
2023-06-04 15:00:00,286.377,286.437,283.166,283.326,12298500.061
2023-06-04 16:00:00,287.947,288.526,286.376,286.376,11777400.0168
2023-06-04 17:00:00,290.326,290.617,287.727,287.966,10148400.3067
2023-06-04 18:00:00,290.536,291.046,290.256,290.347,10248299.5987
2023-06-04 19:00:00,291.467,292.067,290.506,290.547,10643400.1923
2023-06-06 13:00:00,333.746,335.327,332.756,334.996,8372699.7375
2023-06-06 14:00:00,333.847,334.857,333.217,333.766,13993200.3021
2023-06-06 15:00:00,334.386,334.467,332.146,333.856,9999899.8642
2023-06-06 16:00:00,332.696,334.597,332.566,334.397,11118599.8917
2023-06-06 17:00:00,332.967,333.837,332.407,332.707,10870200.1572
2023-06-06 18:00:00,333.856,333.957,332.846,332.967,9296999.9313
2023-06-06 19:00:00,333.617,334.307,333.147,333.866,10822500.2289
2023-06-07 13:00:00,338.526,340.337,335.486,337.377,8484299.6597
2023-06-07 14:00:00,338.687,341.107,336.676,338.626,13046400.0702
2023-06-07 15:00:00,339.636,339.947,338.016,338.687,10530900.0015
2023-06-07 16:00:00,341.617,342.456,339.606,339.656,9988200.1877
2023-06-07 17:00:00,342.346,342.966,341.406,341.606,8522999.7635
2023-06-07 18:00:00,341.327,342.387,340.796,342.366,7106400.013
2023-06-07 19:00:00,341.156,341.637,340.456,341.297,10916099.5483
2023-06-09 13:00:00,333.617,334.416,331.896,333.246,5819399.8337
2023-06-09 14:00:00,331.307,333.607,331.196,333.607,13014900.2075
2023-06-09 15:00:00,331.756,332.377,330.996,331.306,7547399.9977
2023-06-09 16:00:00,330.737,332.146,330.106,331.747,6608699.7986
2023-06-09 17:00:00,331.187,331.537,330.256,330.737,5787899.971
2023-06-09 18:00:00,331.916,332.247,331.066,331.206,5769000.0534
2023-06-09 19:00:00,332.796,333.236,331.226,331.907,8514900.2075
2023-06-10 13:00:00,319.117,320.037,317.077,317.456,10270799.6368
2023-06-10 14:00:00,322.016,322.476,317.757,319.127,17828100.2045
2023-06-10 15:00:00,325.287,325.466,321.906,322.026,14102999.6872
2023-06-10 16:00:00,325.336,325.646,324.146,325.276,9445500.3738
2023-06-10 17:00:00,326.927,327.056,325.196,325.336,8063099.8611
2023-06-10 18:00:00,327.937,328.086,326.467,326.916,7246799.9458
2023-06-10 19:00:00,327.227,329.176,327.066,327.947,10853099.823
2023-06-11 14:00:00,356.037,356.726,353.196,353.436,9295200.3479
2023-06-11 15:00:00,356.996,357.386,355.466,356.037,14907600.4028
2023-06-11 16:00:00,356.816,357.497,356.216,356.996,11175600.0519
2023-06-11 17:00:00,355.526,356.836,355.236,356.836,11240400.3143
2023-06-11 18:00:00,355.877,355.887,353.786,355.516,12796799.6597
2023-06-11 19:00:00,355.726,355.967,354.706,355.906,13633199.6918
2023-06-11 20:00:00,356.616,356.636,355.007,355.756,16886400.2228
2023-06-12 14:00:00,371.766,374.046,371.426,373.796,8836799.6216
2023-06-12 15:00:00,371.387,371.907,368.516,371.716,15274800.3006
2023-06-12 16:00:00,369.727,371.536,368.776,371.416,11336400.032
2023-06-12 17:00:00,368.706,369.867,368.676,369.696,10905599.5941
2023-06-12 18:00:00,369.896,370.027,368.056,368.697,11077199.9359
2023-06-12 19:00:00,369.756,370.517,369.286,369.906,10800000.1907
2023-06-12 20:00:00,368.767,369.947,368.346,369.727,11402400.0168
2023-07-02 14:00:00,260.757,263.427,260.046,260.406,14057999.6109
2023-07-02 15:00:00,262.516,263.647,260.536,260.746,22803600.3113
2023-07-02 16:00:00,264.117,264.597,261.947,262.547,18446399.6887
2023-07-02 17:00:00,267.266,268.267,262.836,264.117,15842399.5972
2023-07-02 18:00:00,262.447,267.847,261.396,267.217,26509199.1425
2023-07-02 19:00:00,266.566,267.307,262.366,262.466,27259199.1425
2023-07-02 20:00:00,267.507,268.747,266.076,266.576,22601999.2828
2023-07-03 14:00:00,256.867,257.667,255.986,256.126,12297599.7925
2023-07-03 15:00:00,254.707,256.877,254.067,256.877,33925201.416
2023-07-03 16:00:00,254.697,255.707,254.496,254.696,31699199.6765
2023-07-03 17:00:00,255.387,256.336,254.586,254.696,26689199.4476
2023-07-03 18:00:00,254.376,255.526,254.056,255.387,22551599.5026
2023-07-03 19:00:00,253.467,254.707,253.406,254.376,22161600.1129
2023-07-03 20:00:00,254.166,254.367,253.366,253.476,21651599.884
2023-07-06 13:00:00,330.636,334.426,330.436,331.567,8666999.8169
2023-07-06 14:00:00,326.776,330.676,325.717,330.626,18979200.3632
2023-07-06 15:00:00,325.076,327.557,324.997,326.786,15068699.8367
2023-07-06 16:00:00,324.157,325.726,323.876,325.077,12844799.9954
2023-07-06 17:00:00,323.846,324.657,323.446,324.167,12968999.8627
2023-07-06 18:00:00,324.456,324.806,323.466,323.836,11271599.7696
2023-07-06 19:00:00,323.417,324.536,322.496,324.457,14777999.8779
2023-07-07 13:00:00,340.837,341.176,338.906,339.986,6610499.8589
2023-07-07 14:00:00,338.897,340.887,337.556,340.837,10139399.5285
2023-07-07 15:00:00,339.507,339.597,338.616,338.897,8598600.3876
2023-07-07 16:00:00,341.306,341.517,339.506,339.507,7356599.8077
2023-07-07 17:00:00,340.807,341.767,340.606,341.316,6115499.9733
2023-07-07 18:00:00,339.687,340.817,339.357,340.807,5882400.0359
2023-07-07 19:00:00,337.086,339.726,336.996,339.657,9610199.9283
2023-07-08 13:00:00,329.687,331.087,328.546,328.836,5351399.8985
2023-07-08 14:00:00,329.176,330.836,328.767,329.636,9877499.5804
2023-07-08 15:00:00,329.236,329.497,327.496,329.166,9949500.0839
2023-07-08 16:00:00,328.977,329.617,328.217,329.246,8733599.6628
2023-07-08 17:00:00,329.256,329.466,328.636,328.976,7577099.8001
2023-07-08 18:00:00,329.556,329.967,329.226,329.246,7128900.0511
2023-07-08 19:00:00,330.107,330.247,329.296,329.527,8726400.3754
2023-07-09 13:00:00,331.067,331.976,330.006,331.287,8197199.8215
2023-07-09 14:00:00,331.627,333.056,330.386,331.066,12502799.9878
2023-07-09 15:00:00,330.436,332.367,330.417,331.687,9637200.3555
2023-07-09 16:00:00,330.447,332.087,330.386,330.447,6950699.8062
2023-07-09 17:00:00,330.276,331.076,330.096,330.447,6342299.9382
2023-07-09 18:00:00,330.236,330.597,329.006,330.206,5967899.7993
2023-07-09 19:00:00,329.896,330.946,329.417,330.216,7412399.7688
2023-07-11 14:00:00,359.227,359.647,357.596,359.367,9545999.527
2023-07-11 15:00:00,361.387,362.027,358.676,359.237,14176799.7742
2023-07-11 16:00:00,361.707,362.357,360.896,361.396,11365200.0427
2023-07-11 17:00:00,361.557,361.937,360.706,361.707,10182000.1602
2023-07-11 18:00:00,362.236,362.447,361.436,361.567,8638799.6674
2023-07-11 19:00:00,361.447,362.417,361.337,362.246,7792799.9496
2023-07-11 20:00:00,360.517,361.867,359.897,361.447,11744400.0244
2023-07-12 14:00:00,366.916,370.397,366.256,368.167,9050399.7803
2023-07-12 15:00:00,368.646,370.076,366.757,366.917,13309200.2869
2023-07-12 16:00:00,370.556,370.566,367.616,368.666,11869199.7528
2023-07-12 17:00:00,370.416,371.207,369.806,370.586,10335599.8993
2023-07-12 18:00:00,370.327,370.876,369.756,370.426,10480799.675
2023-07-12 19:00:00,370.226,371.187,370.177,370.327,8944800.3769
2023-07-12 20:00:00,370.806,371.437,370.187,370.267,9092399.5972
2023-08-02 14:00:00,272.627,276.736,270.996,272.757,17366399.765
2023-08-02 15:00:00,270.286,274.317,270.046,272.627,25423200.6073
2023-08-02 16:00:00,269.616,270.507,267.556,270.286,23676000.5951
2023-08-02 17:00:00,269.666,270.226,268.506,269.616,17649599.0753
2023-08-02 18:00:00,268.807,270.526,268.047,269.677,16656000.1373
2023-08-02 19:00:00,267.446,269.557,266.656,268.807,19268400.1923
2023-08-02 20:00:00,266.746,267.747,266.216,267.457,23045999.527
2023-08-03 14:00:00,252.256,254.537,252.166,254.047,15790800.0946
2023-08-03 15:00:00,252.317,252.997,250.776,252.226,36125999.4507
2023-08-03 16:00:00,253.706,253.826,251.546,252.326,26698799.1333
2023-08-03 17:00:00,252.606,253.877,251.796,253.707,22669200.8972
2023-08-03 18:00:00,251.796,252.787,251.436,252.596,22393199.9207
2023-08-03 19:00:00,252.557,253.317,251.656,251.806,18305999.7559
2023-08-03 20:00:00,253.697,253.947,251.997,252.556,18073200.2258
2023-08-05 13:00:00,308.356,310.157,308.206,309.957,8573399.5438
2023-08-05 14:00:00,307.446,308.736,307.056,308.397,16382699.9664
2023-08-05 15:00:00,307.457,307.997,306.996,307.457,11990699.7681
2023-08-05 16:00:00,307.347,307.677,306.646,307.466,9827099.8001
2023-08-05 17:00:00,307.367,307.737,307.016,307.347,8184599.8764
2023-08-05 18:00:00,308.756,308.777,306.066,307.377,11152799.6063
2023-08-05 19:00:00,308.547,308.837,307.996,308.756,10135800.3616
2023-08-06 13:00:00,324.226,325.187,323.326,323.956,10835100.174
2023-08-06 14:00:00,325.786,326.017,323.496,324.237,14874300.0031
2023-08-06 15:00:00,326.117,326.506,325.587,325.796,10146599.7696
2023-08-06 16:00:00,324.897,326.606,324.646,326.117,9427499.7711
2023-08-06 17:00:00,323.956,325.027,323.476,324.906,8805600.1663
2023-08-06 18:00:00,325.127,325.227,323.796,323.987,7428599.8344
2023-08-06 19:00:00,325.187,325.946,324.936,325.126,9690299.9878
2023-08-08 13:00:00,325.736,328.677,325.516,327.066,6218999.8627
2023-08-08 14:00:00,323.296,326.216,323.056,325.626,12254400.2533
2023-08-08 15:00:00,323.296,324.627,322.986,323.307,10498499.8703
2023-08-08 16:00:00,324.116,324.587,323.186,323.297,7846199.9893
2023-08-08 17:00:00,324.407,324.867,323.846,324.127,8564399.7192
2023-08-08 18:00:00,324.957,325.256,323.966,324.406,8898300.1709
2023-08-08 19:00:00,326.067,326.377,324.486,324.956,10456199.646
2023-08-09 13:00:00,333.446,334.516,329.417,329.857,6778800.0107
2023-08-09 14:00:00,333.917,335.927,333.157,333.446,11162699.6994
2023-08-09 15:00:00,335.267,336.127,333.557,333.916,7302599.9069
2023-08-09 16:00:00,334.787,335.487,333.866,335.217,6180300.2357
2023-08-09 17:00:00,335.247,335.377,334.246,334.747,5832900.0473
2023-08-09 18:00:00,333.706,336.027,333.677,335.237,6993899.8222
2023-08-09 19:00:00,334.186,334.437,333.097,333.676,7579800.1289
2023-08-11 14:00:00,362.496,363.847,361.396,361.707,8726400.3754
2023-08-11 15:00:00,361.567,362.596,360.526,362.507,15321599.9603
2023-08-11 16:00:00,362.297,362.917,361.486,361.627,11169599.5331
2023-08-11 17:00:00,362.246,362.586,361.217,362.307,10983599.6628
2023-08-11 18:00:00,362.776,363.197,362.016,362.247,9680399.8947
2023-08-11 19:00:00,361.936,363.297,361.856,362.756,8272800.4456
2023-08-11 20:00:00,363.137,363.327,361.346,361.936,11601599.6933
2023-08-12 14:00:00,370.406,370.906,368.196,368.997,9600000.3815
2023-08-12 15:00:00,373.126,373.297,370.366,370.416,15643199.9207
2023-08-12 16:00:00,372.047,373.366,370.996,373.186,11991600.0366
2023-08-12 17:00:00,372.856,373.017,371.276,372.106,10028400.4211
2023-08-12 18:00:00,373.187,373.266,372.576,372.876,9754799.8428
2023-08-12 19:00:00,373.567,373.937,373.106,373.186,8781599.9985
2023-08-12 20:00:00,374.087,374.377,373.176,373.576,9481200.2182
2023-09-01 14:00:00,228.927,228.987,226.367,226.866,9405599.5941
2023-09-01 15:00:00,229.456,230.217,228.136,228.906,12716400.1465
2023-09-01 16:00:00,230.297,231.207,229.426,229.466,9475199.6994
2023-09-01 17:00:00,230.726,230.887,230.007,230.297,8439599.9908
2023-09-01 18:00:00,229.147,230.926,228.666,230.716,9675600.0519
2023-09-01 19:00:00,227.906,229.957,227.716,229.147,11745599.7467
2023-09-01 20:00:00,227.057,228.177,226.746,227.907,15420000.0763
2023-09-02 14:00:00,271.446,273.857,269.616,273.817,14274000.1678
2023-09-02 15:00:00,270.827,272.667,269.496,271.496,25844400.4059
2023-09-02 16:00:00,268.776,270.827,268.436,270.827,20383199.6918
2023-09-02 17:00:00,267.716,269.857,266.976,268.766,17943599.7009
2023-09-02 18:00:00,265.676,267.726,265.506,267.677,17954399.1089
2023-09-02 19:00:00,265.457,266.147,265.046,265.616,15975600.2426
2023-09-02 20:00:00,263.387,265.627,262.766,265.477,21212400.4364
2023-09-03 14:00:00,257.977,258.297,255.386,255.866,13968000.412
2023-09-03 15:00:00,258.476,259.536,257.756,257.966,26137199.4019
2023-09-03 16:00:00,258.177,258.977,257.666,258.476,21024000.1678
2023-09-03 17:00:00,256.606,258.277,256.126,258.186,17852399.826
2023-09-03 18:00:00,254.037,256.857,253.756,256.607,18409200.6683
2023-09-03 19:00:00,253.567,254.437,252.896,254.046,17988000.8698
2023-09-03 20:00:00,252.287,253.747,251.556,253.566,23749200.8209
2023-09-05 13:00:00,308.937,309.996,307.596,307.826,7056000.2327
2023-09-05 14:00:00,308.056,309.327,307.927,308.977,12696299.5529
2023-09-05 15:00:00,307.246,308.387,307.036,308.037,10024200.4395
2023-09-05 16:00:00,307.707,307.807,306.596,307.216,8274600.029
2023-09-05 17:00:00,308.056,308.267,307.636,307.716,7168499.9466
2023-09-05 18:00:00,306.837,308.287,306.646,308.066,7350299.8352
2023-09-05 19:00:00,306.887,307.226,306.316,306.847,10283399.5819
2023-09-06 13:00:00,329.497,329.956,324.416,324.497,9155699.7299
2023-09-06 14:00:00,327.396,329.737,326.746,329.496,17603099.823
2023-09-06 15:00:00,325.487,328.607,325.246,327.407,14651100.1587
2023-09-06 16:00:00,326.776,326.846,324.996,325.517,13829400.0626
2023-09-06 17:00:00,328.397,328.446,326.607,326.766,9301500.3204
2023-09-06 18:00:00,327.966,328.457,327.297,328.396,9622799.8734
2023-09-06 19:00:00,326.766,328.067,326.236,327.966,12605400.0854
2023-09-08 13:00:00,324.736,327.056,324.416,326.476,5552999.9733
2023-09-08 14:00:00,322.896,325.497,322.896,324.737,11347200.3937
2023-09-08 15:00:00,322.436,323.637,321.006,322.896,10834199.9054
2023-09-08 16:00:00,323.167,323.887,322.376,322.436,8156700.1343
2023-09-08 17:00:00,324.266,324.506,322.797,323.166,8304300.3082
2023-09-08 18:00:00,324.647,325.427,324.056,324.236,8316900.2533
2023-09-08 19:00:00,322.236,324.906,322.077,324.647,13076100.3494
2023-09-10 13:00:00,326.967,327.317,323.226,324.616,7471799.8505
2023-09-10 14:00:00,326.097,327.897,325.567,326.977,10239299.7742
2023-09-10 15:00:00,327.447,327.577,325.287,326.096,8757900.238
2023-09-10 16:00:00,327.856,328.447,327.186,327.447,5665500.164
2023-09-10 17:00:00,330.177,330.187,327.796,327.866,7459199.9054
2023-09-10 18:00:00,329.776,330.267,328.997,330.186,8610300.0641
2023-09-10 19:00:00,329.837,330.037,329.186,329.777,10033200.264
2023-09-11 14:00:00,363.317,363.587,361.606,362.076,8597999.5728
2023-09-11 15:00:00,362.497,363.516,361.267,363.317,14169599.5331
2023-09-11 16:00:00,364.187,364.767,362.476,362.486,10715999.6033
2023-09-11 17:00:00,363.426,364.207,363.066,364.187,9872400.2838
2023-09-11 18:00:00,362.866,363.586,361.086,363.426,16574399.9481
2023-09-11 19:00:00,361.186,362.867,361.076,362.867,17628000.2594
2023-09-11 20:00:00,360.696,361.827,360.346,361.167,15635999.6796
2023-10-01 14:00:00,229.846,230.657,227.606,227.787,13791600.2274
2023-10-01 15:00:00,228.706,231.287,227.326,229.816,30318000.7935
2023-10-01 16:00:00,228.226,229.496,227.627,228.707,27428400.0397
2023-10-01 17:00:00,228.257,228.877,227.426,228.177,21740400.3143
2023-10-01 18:00:00,228.697,229.086,227.996,228.237,18000000.0
2023-10-01 19:00:00,228.047,228.967,227.866,228.716,17242799.7589
2023-10-01 20:00:00,228.846,228.857,227.446,228.036,19207199.0967
2023-10-02 14:00:00,262.086,263.287,260.956,261.847,12090000.1526
2023-10-02 15:00:00,262.397,264.047,261.117,262.166,25090799.3317
2023-10-02 16:00:00,261.336,263.257,261.117,262.377,21420000.0763
2023-10-02 17:00:00,261.646,261.657,260.617,261.347,20861999.5117
2023-10-02 18:00:00,261.677,262.737,261.186,261.646,13758000.3738
2023-10-02 19:00:00,261.806,262.207,261.006,261.706,13661999.7025
2023-10-02 20:00:00,262.967,263.496,261.326,261.847,18378000.2594
2023-10-03 14:00:00,248.667,251.787,247.766,251.007,21535200.119
2023-10-03 15:00:00,252.116,252.356,248.666,248.666,40592399.5972
2023-10-03 16:00:00,250.756,252.777,250.496,252.106,35193599.7009
2023-10-03 17:00:00,249.796,251.407,249.727,250.776,31123199.4629
2023-10-03 18:00:00,247.797,250.427,247.776,249.797,26308799.7437
2023-10-03 19:00:00,249.556,250.037,247.746,247.777,29293199.5392
2023-10-03 20:00:00,248.507,249.836,247.576,249.556,36079200.7446
2023-10-04 13:00:00,285.417,289.157,285.086,289.046,12825900.0778
2023-10-04 14:00:00,286.306,287.107,284.796,285.417,18144899.3683
2023-10-04 15:00:00,286.917,287.917,286.267,286.307,13007699.9664
2023-10-04 16:00:00,288.257,288.567,285.907,286.916,13979700.0885
2023-10-04 17:00:00,288.337,288.897,288.056,288.256,12816900.2533
2023-10-04 18:00:00,289.446,289.457,288.166,288.337,11567700.386
2023-10-04 19:00:00,289.266,289.587,288.417,289.436,12627900.1236
2023-10-05 13:00:00,309.906,310.307,307.646,308.886,8810999.8703
2023-10-05 14:00:00,309.827,311.547,308.597,309.917,19586700.4395
2023-10-05 15:00:00,311.057,311.327,309.446,309.826,13619700.4318
2023-10-05 16:00:00,310.576,311.167,309.996,311.097,11689200.4013
2023-10-05 17:00:00,310.646,310.987,309.167,310.577,14173199.6536
2023-10-05 18:00:00,311.797,312.006,310.496,310.647,14070599.556
2023-10-05 19:00:00,312.157,312.987,311.567,311.807,13823100.09
2023-10-07 13:00:00,329.686,335.197,329.196,334.626,9206100.4639
2023-10-07 14:00:00,330.387,332.846,329.566,329.567,13925700.1877
2023-10-07 15:00:00,328.876,331.107,328.806,330.386,12735899.9252
2023-10-07 16:00:00,330.156,330.347,327.556,328.896,11925900.4593
2023-10-07 17:00:00,330.046,331.196,329.566,330.167,9820799.8276
2023-10-07 18:00:00,331.246,331.667,329.456,330.066,10737899.7803
2023-10-07 19:00:00,331.806,331.856,330.206,331.247,10928700.4471
2023-10-08 13:00:00,327.166,327.226,325.046,326.007,5464799.881
2023-10-08 14:00:00,324.667,328.227,324.196,327.207,10393199.9207
2023-10-08 15:00:00,322.947,325.007,322.046,324.676,9638999.939
2023-10-08 16:00:00,322.867,324.407,322.357,322.916,6809400.0816
2023-10-08 17:00:00,321.437,323.407,321.116,322.967,7533899.7841
2023-10-08 18:00:00,323.766,323.947,321.416,321.436,7831799.984
2023-10-08 19:00:00,322.926,323.806,322.346,323.777,9989100.4562
2023-10-10 13:00:00,329.117,331.006,327.996,330.816,7344900.1312
2023-10-10 14:00:00,329.587,330.287,328.507,329.127,10569600.1053
2023-10-10 15:00:00,330.536,330.966,329.196,329.616,8529299.736
2023-10-10 16:00:00,330.036,330.656,329.787,330.507,6323400.0206
2023-10-10 17:00:00,328.487,330.017,327.626,330.017,10395000.4578
2023-10-10 18:00:00,328.696,328.987,327.996,328.487,8283599.8535
2023-10-10 19:00:00,328.426,329.557,328.206,328.707,12837300.3006
2023-10-11 14:00:00,363.887,364.287,361.006,361.476,9963600.1587
2023-10-11 15:00:00,365.156,365.197,363.036,363.877,17683200.8362
2023-10-11 16:00:00,366.947,367.356,365.146,365.197,14467200.2792
2023-10-11 17:00:00,368.186,368.727,366.816,366.957,13850399.971
2023-10-11 18:00:00,369.126,369.357,367.496,368.206,12250800.1328
2023-10-11 19:00:00,368.816,369.517,368.786,369.127,9996000.2899
2023-10-11 20:00:00,369.687,370.067,368.626,368.807,13713600.1587
2023-11-01 14:00:00,231.936,233.837,230.996,231.546,9836400.032
2023-11-01 15:00:00,232.476,233.657,231.446,231.976,13414799.6902
2023-11-01 16:00:00,233.767,233.967,232.476,232.537,8619600.296
2023-11-01 17:00:00,233.786,234.276,233.456,233.786,6859200.0008
2023-11-01 18:00:00,233.976,234.426,233.056,233.797,7189199.9245
2023-11-01 19:00:00,234.367,234.436,233.667,233.977,5986800.1938
2023-11-01 20:00:00,235.607,235.786,234.016,234.367,8830800.0565
2023-11-04 13:00:00,283.946,285.817,282.926,285.497,10551600.4562
2023-11-04 14:00:00,282.747,284.097,282.417,283.956,16047000.885
2023-11-04 15:00:00,282.756,283.097,281.636,282.747,12784500.1221
2023-11-04 16:00:00,283.616,283.807,282.756,282.757,10705499.649
2023-11-04 17:00:00,283.576,283.777,282.646,283.627,10046699.5239
2023-11-04 18:00:00,284.087,284.156,283.116,283.576,8015399.9329
2023-11-04 19:00:00,282.836,284.116,282.356,284.096,11002499.5804
2023-11-05 13:00:00,307.487,310.167,306.256,310.056,10841400.1465
2023-11-05 14:00:00,309.717,309.717,307.016,307.486,17053199.7681
2023-11-05 15:00:00,309.537,310.297,309.007,309.717,12576600.0748
2023-11-05 16:00:00,309.656,310.067,308.857,309.546,10183500.2899
2023-11-05 17:00:00,309.667,309.977,308.766,309.666,11342700.0046
2023-11-05 18:00:00,310.486,311.087,309.436,309.656,10325699.8062
2023-11-05 19:00:00,309.927,310.717,309.647,310.477,11753100.3952
2023-11-07 13:00:00,328.636,331.437,328.276,331.007,7292699.8138
2023-11-07 14:00:00,329.846,330.197,326.996,328.637,14414400.1007
2023-11-07 15:00:00,332.307,332.317,329.306,329.846,13229999.5422
2023-11-07 16:00:00,331.157,332.847,330.056,332.317,9772199.6307
2023-11-07 17:00:00,331.916,332.006,330.396,331.146,10170000.0763
2023-11-07 18:00:00,331.596,332.007,330.106,331.917,9784799.5758
2023-11-07 19:00:00,332.397,332.707,330.796,331.596,10486800.1938
2023-11-08 13:00:00,319.726,321.086,319.426,320.116,7571700.0961
2023-11-08 14:00:00,320.847,322.297,319.536,319.726,16193700.7904
2023-11-08 15:00:00,320.167,321.477,319.206,320.847,12819600.1053
2023-11-08 16:00:00,320.276,321.517,319.716,320.206,11191499.7101
2023-11-08 17:00:00,321.006,321.297,320.076,320.276,11002499.5804
2023-11-08 18:00:00,322.126,322.387,320.886,321.047,11501999.855
2023-11-08 19:00:00,320.946,322.207,320.606,322.126,13078800.2014
2023-11-09 13:00:00,336.517,338.006,335.846,337.157,7365600.1091
2023-11-09 14:00:00,336.116,337.207,335.396,336.597,11261699.6765
2023-11-09 15:00:00,336.446,337.486,335.867,336.116,7606800.0793
2023-11-09 16:00:00,336.377,337.076,335.877,336.457,6344999.7902
2023-11-09 17:00:00,337.856,337.867,336.236,336.397,5837399.9596
2023-11-09 18:00:00,337.756,338.387,337.416,337.867,5360400.1999
2023-11-09 19:00:00,337.947,338.157,337.096,337.756,6960599.8993
2023-11-10 13:00:00,331.447,332.497,330.646,331.136,10714799.881
2023-11-10 14:00:00,331.417,331.647,329.747,331.456,16440000.5341
2023-11-10 15:00:00,330.706,332.106,330.366,331.427,12202799.7971
2023-11-10 16:00:00,330.426,330.777,329.606,330.697,10573200.2258
2023-11-10 17:00:00,330.076,330.557,329.126,330.427,9052800.1785
2023-11-10 18:00:00,331.366,331.977,330.047,330.047,13084799.7665
2023-11-10 19:00:00,332.446,332.787,330.946,331.366,13167599.678
2023-11-12 14:00:00,368.666,369.517,366.066,368.427,9284399.9863
2023-11-12 15:00:00,369.757,370.537,368.036,368.837,11860799.7894
2023-11-12 16:00:00,368.476,370.246,367.807,369.737,10742400.1694
2023-11-12 17:00:00,368.987,369.066,368.026,368.467,8565600.3952
2023-11-12 18:00:00,369.396,370.137,368.916,368.996,8100000.3815
2023-11-12 19:00:00,369.746,370.367,369.246,369.396,8140800.4761
2023-11-12 20:00:00,371.297,371.587,369.667,369.766,9778800.0107
2023-12-01 14:00:00,234.596,237.237,233.546,235.517,10435199.7375
2023-12-01 15:00:00,237.236,239.127,234.596,234.697,19369199.7528
2023-12-01 16:00:00,238.747,238.926,236.636,237.246,13690799.7131
2023-12-01 17:00:00,239.226,239.616,237.947,238.757,8428799.6292
2023-12-01 18:00:00,239.616,239.886,237.586,239.267,10234800.3387
2023-12-01 19:00:00,238.276,239.836,237.906,239.676,10500000.0
2023-12-01 20:00:00,238.357,238.727,237.376,238.276,12211199.7604
2023-12-04 13:00:00,283.356,285.977,281.916,284.667,12076199.5316
2023-12-04 14:00:00,283.266,286.046,283.226,283.337,22347000.1221
2023-12-04 15:00:00,285.046,285.227,283.006,283.227,17511299.1333
2023-12-04 16:00:00,285.916,286.017,284.916,285.056,12840299.6063
2023-12-04 17:00:00,286.357,286.986,285.346,285.927,12428999.9008
2023-12-04 18:00:00,284.726,286.796,284.216,286.336,18649799.3469
2023-12-04 19:00:00,283.417,285.017,282.966,284.736,18087299.3469
2023-12-05 13:00:00,308.197,310.426,307.576,310.236,6818399.9062
2023-12-05 14:00:00,308.046,308.556,306.956,308.176,12908699.9893
2023-12-05 15:00:00,308.527,308.777,307.196,308.046,12517200.47
2023-12-05 16:00:00,307.007,308.567,306.846,308.527,11442600.2502
2023-12-05 17:00:00,307.147,308.386,306.946,307.007,9988200.1877
2023-12-05 18:00:00,307.567,307.796,306.576,307.147,8625599.8611
2023-12-05 19:00:00,308.947,309.147,307.396,307.576,11082599.6399
2023-12-06 13:00:00,326.826,328.977,326.516,328.237,7833600.0443
2023-12-06 14:00:00,325.976,327.407,325.146,326.796,17548200.6073
2023-12-06 15:00:00,328.047,328.137,325.517,325.966,11701800.3464
2023-12-06 16:00:00,327.626,328.056,327.196,328.056,9529199.6002
2023-12-06 17:00:00,329.717,329.757,327.546,327.617,8633700.3708
2023-12-06 18:00:00,330.636,330.737,329.146,329.707,9488699.913
2023-12-06 19:00:00,331.877,332.077,330.416,330.647,13398300.1709
2023-12-07 13:00:00,339.186,339.956,335.556,336.566,9994500.1602
2023-12-07 14:00:00,339.697,341.636,338.826,339.186,18919799.8047
2023-12-07 15:00:00,336.417,339.736,335.637,339.686,18537300.1099
2023-12-07 16:00:00,337.546,338.106,336.306,336.406,15115500.4501
2023-12-07 17:00:00,338.086,338.546,337.077,337.557,11147399.9023
2023-12-07 18:00:00,337.676,338.677,337.256,338.087,11119500.1602
2023-12-07 19:00:00,337.376,338.157,336.836,337.666,13895099.6399
2023-12-09 13:00:00,335.796,336.697,335.056,335.657,6461999.8932
2023-12-09 14:00:00,333.407,335.867,333.236,335.757,11117699.6231
2023-12-09 15:00:00,333.106,333.947,332.196,333.406,7938000.2022
2023-12-09 16:00:00,333.246,334.047,332.926,333.126,5995800.0183
2023-12-09 17:00:00,332.326,334.137,332.296,333.266,7706699.8482
2023-12-09 18:00:00,332.086,332.757,331.776,332.296,8279999.733
2023-12-09 19:00:00,331.707,332.896,331.447,332.087,8561699.8672
2023-12-10 13:00:00,331.817,332.106,329.546,330.607,11163599.968
2023-12-10 14:00:00,332.726,333.467,331.157,331.816,21184799.1943
2023-12-10 15:00:00,332.167,333.587,331.686,332.686,18697200.7751
2023-12-10 16:00:00,332.427,332.917,331.836,332.206,13284000.3967
2023-12-10 17:00:00,329.757,332.536,329.707,332.427,20643600.4639
2023-12-10 18:00:00,329.876,330.156,328.656,329.766,18753599.1669
2023-12-10 19:00:00,331.157,331.637,329.826,329.876,19192800.5219
2023-12-12 14:00:00,371.617,372.367,370.506,370.846,8390399.9329
2023-12-12 15:00:00,371.936,372.146,370.416,371.637,10315199.852
2023-12-12 16:00:00,371.986,373.137,371.606,371.946,7495200.1572
2023-12-12 17:00:00,372.287,372.397,371.196,371.997,8032799.7208
2023-12-12 18:00:00,372.506,372.907,372.076,372.286,6884399.8909
2023-12-12 19:00:00,372.547,372.727,372.187,372.516,6153600.2159
2023-12-12 20:00:00,374.307,374.346,372.506,372.566,7615200.0427
2024-01-02 14:00:00,405.877,406.207,401.746,401.907,7170000.0763
2024-01-02 15:00:00,403.666,407.936,403.286,405.926,11989199.6384
2024-01-02 16:00:00,403.737,404.407,402.556,403.617,9026399.6124
2024-01-02 17:00:00,403.896,405.077,402.607,403.777,7638000.0114
2024-01-02 18:00:00,403.636,404.656,402.966,403.927,7995600.2235
2024-01-02 19:00:00,404.577,405.087,403.636,403.636,6935999.8703
2024-01-02 20:00:00,403.716,404.766,402.906,404.596,8760000.2289
2024-01-03 14:00:00,412.176,414.927,410.797,411.107,6145199.7757
2024-01-03 15:00:00,412.187,413.097,411.656,412.266,10755599.9756
2024-01-03 16:00:00,412.706,413.447,411.936,412.207,8294400.2151
2024-01-03 17:00:00,414.086,414.117,412.426,412.726,6979199.8863
2024-01-03 18:00:00,415.046,415.217,413.847,414.087,5912399.7688
2024-01-03 19:00:00,415.257,415.716,414.456,415.047,7408800.1251
2024-01-03 20:00:00,415.286,415.846,414.606,415.246,9184800.148
2024-01-04 13:00:00,424.197,427.817,422.416,423.877,4380300.045
2024-01-04 14:00:00,424.016,426.027,423.706,424.156,6129899.9786
2024-01-04 15:00:00,423.166,424.797,422.586,424.006,4534200.1915
2024-01-04 16:00:00,423.187,424.587,423.066,423.187,3965399.9805
2024-01-04 17:00:00,422.636,423.577,422.206,423.206,3798000.0973
2024-01-04 18:00:00,423.056,423.227,422.386,422.637,3325500.0114
2024-01-04 19:00:00,424.446,425.047,422.856,423.056,5151599.884
2024-01-05 13:00:00,391.936,394.206,390.346,392.346,3559499.979
2024-01-05 14:00:00,394.596,395.197,391.266,391.936,7225200.1762
2024-01-05 15:00:00,393.136,395.557,393.136,394.557,5902200.222
2024-01-05 16:00:00,394.417,394.507,392.547,393.136,4722300.0526
2024-01-05 17:00:00,394.517,395.247,394.086,394.426,3621599.9126
2024-01-05 18:00:00,400.306,400.587,394.357,394.536,11501099.5865
2024-01-05 19:00:00,394.807,401.647,394.796,400.416,11859299.6597
2024-01-07 13:00:00,447.847,449.357,445.616,448.477,4844699.8596
2024-01-07 14:00:00,450.986,452.236,447.877,447.877,7962299.8238
2024-01-07 15:00:00,452.767,452.797,450.156,450.987,4842000.0076
2024-01-07 16:00:00,454.367,454.717,452.586,452.756,4026599.884
2024-01-07 17:00:00,453.677,454.617,452.916,454.366,3740400.0759
2024-01-07 18:00:00,453.797,454.327,452.536,453.696,3648600.1015
2024-01-07 19:00:00,456.476,457.307,453.356,453.796,5616000.1755
2024-01-08 13:00:00,426.937,427.227,418.107,420.577,5545199.8711
2024-01-08 14:00:00,423.666,427.357,422.486,426.947,8895600.3189
2024-01-08 15:00:00,417.586,423.967,416.616,423.686,8640000.3433
2024-01-08 16:00:00,417.586,421.007,417.217,417.597,8127599.7162
2024-01-08 17:00:00,415.677,418.237,413.086,417.586,7967999.9352
2024-01-08 18:00:00,414.707,416.006,413.576,415.677,8042400.3601
2024-01-08 19:00:00,416.936,418.056,414.226,414.666,10240799.9039
2024-01-10 13:00:00,422.287,428.267,421.156,428.267,5262000.0839
2024-01-10 14:00:00,421.396,422.856,420.346,422.277,9405599.5941
2024-01-10 15:00:00,421.386,422.166,418.796,421.417,7112400.0549
2024-01-10 16:00:00,421.226,422.337,419.526,421.367,7409999.8474
2024-01-10 17:00:00,422.887,422.927,419.746,421.207,7590000.1526
2024-01-10 18:00:00,423.027,423.666,422.646,422.856,5810400.0092
2024-01-10 19:00:00,420.636,423.057,420.267,423.047,7803599.8344
2024-01-11 13:00:00,410.377,411.626,407.406,408.686,4251599.7887
2024-01-11 14:00:00,413.327,413.356,409.546,410.377,6763199.8062
2024-01-11 15:00:00,414.037,415.447,413.266,413.317,5639999.8665
2024-01-11 16:00:00,413.656,414.897,413.077,413.996,5002799.9878
2024-01-11 17:00:00,412.657,414.517,412.116,413.656,5443200.1114
2024-01-11 18:00:00,412.097,413.037,411.346,412.616,5092800.1404
2024-01-11 19:00:00,410.186,412.827,409.816,412.096,7837200.1648
2024-02-01 14:00:00,367.667,375.867,366.776,373.707,9517200.47
2024-02-01 15:00:00,368.257,369.017,366.986,367.586,14113200.1877
2024-02-01 16:00:00,370.876,371.097,368.226,368.246,12537599.5636
2024-02-01 17:00:00,369.347,371.347,369.226,370.887,10343999.8627
2024-02-01 18:00:00,369.477,370.187,369.126,369.366,9453599.9298
2024-02-01 19:00:00,368.296,369.716,368.296,369.466,10624799.7284
2024-02-01 20:00:00,370.887,371.177,368.266,368.317,13677599.9069
2024-02-02 14:00:00,407.526,409.526,403.767,403.767,7762800.2167
2024-02-02 15:00:00,407.996,409.897,406.696,407.526,12421199.7986
2024-02-02 16:00:00,409.797,410.277,407.297,408.037,9596400.2609
2024-02-02 17:00:00,411.627,411.727,409.606,409.797,10590000.1526
2024-02-02 18:00:00,411.907,412.256,410.606,411.647,9796799.6597
2024-02-02 19:00:00,411.446,412.397,411.266,411.886,9106800.0793
2024-02-02 20:00:00,411.046,412.617,410.616,411.446,11677200.3174
2024-02-04 13:00:00,419.316,421.537,419.106,420.006,4424399.8528
2024-02-04 14:00:00,419.976,420.166,417.826,419.416,6195600.0328
2024-02-04 15:00:00,420.536,420.647,419.517,419.987,1024199.9626
2024-02-04 16:00:00,421.396,421.407,420.256,420.997,3401999.9504
2024-02-04 17:00:00,421.747,422.337,421.356,421.437,3357899.9043
2024-02-04 18:00:00,421.207,422.106,420.937,421.746,3207600.1167
2024-02-04 19:00:00,421.417,422.167,420.996,421.187,5881499.7673
2024-02-05 13:00:00,397.717,398.627,395.397,398.476,3466799.9744
2024-02-05 14:00:00,396.397,398.127,394.846,397.727,6792300.2243
2024-02-05 15:00:00,396.996,397.577,395.856,396.396,5551199.913
2024-02-05 16:00:00,395.367,397.207,394.596,397.037,5387400.1503
2024-02-05 17:00:00,396.436,397.327,395.367,395.376,4421700.0008
2024-02-05 18:00:00,398.417,398.626,396.326,396.426,4310100.0786
2024-02-05 19:00:00,397.836,398.677,397.087,398.467,6613200.1877
2024-02-07 13:00:00,455.676,456.736,453.206,453.606,4216499.8055
2024-02-07 14:00:00,456.946,457.887,455.416,455.757,6468299.8657
2024-02-07 15:00:00,455.566,457.027,455.536,456.976,4197599.8878
2024-02-07 16:00:00,456.447,456.497,454.827,455.547,2825999.9752
2024-02-07 17:00:00,458.806,459.137,456.366,456.447,2331000.0896
2024-02-07 18:00:00,458.677,459.067,458.006,458.776,2042999.9828
2024-02-07 19:00:00,459.287,459.506,458.406,458.657,3272399.9023
2024-02-08 13:00:00,407.396,414.827,406.156,412.826,4802400.1122
2024-02-08 14:00:00,406.006,408.327,404.396,407.587,9121199.6078
2024-02-08 15:00:00,406.757,407.967,404.646,406.067,8554800.0336
2024-02-08 16:00:00,405.396,408.576,404.946,406.756,8642399.7879
2024-02-08 17:00:00,405.897,406.696,404.976,405.416,7028399.9443
2024-02-08 18:00:00,405.537,407.817,404.646,405.886,6866399.765
2024-02-08 19:00:00,408.427,408.996,405.417,405.607,7980000.0191
2024-02-10 13:00:00,418.476,422.537,416.706,422.537,4331999.7787
2024-02-10 14:00:00,418.036,419.177,417.557,418.457,6835199.8329
2024-02-10 15:00:00,418.446,419.326,417.666,418.057,4270800.1137
2024-02-10 16:00:00,417.046,419.366,417.017,418.467,3634799.9573
2024-02-10 17:00:00,418.237,418.567,417.006,417.037,3205199.9569
2024-02-10 18:00:00,418.216,418.647,417.176,418.226,2628000.021
2024-02-10 19:00:00,417.117,418.937,417.006,418.246,4293600.0824
2024-02-12 14:00:00,426.037,426.526,421.386,421.536,3478800.0584
2024-02-12 15:00:00,431.136,432.667,425.946,426.036,5964000.2251
2024-02-12 16:00:00,431.296,431.807,429.697,431.107,3225600.0042
2024-02-12 17:00:00,430.997,431.747,430.546,431.267,2447999.9542
2024-02-12 18:00:00,431.267,431.306,430.227,430.937,2105999.9466
2024-02-12 19:00:00,431.237,431.796,430.996,431.307,2402400.0168
2024-02-12 20:00:00,430.726,431.817,430.657,431.237,3792000.0553
2024-03-01 14:00:00,372.027,373.246,368.506,369.006,10167599.678
2024-03-01 15:00:00,372.256,373.217,371.036,371.927,14500800.1328
2024-03-01 16:00:00,370.766,372.786,370.506,372.276,12008399.9634
2024-03-01 17:00:00,372.357,372.417,370.716,370.777,10161600.1129
2024-03-01 18:00:00,371.467,372.627,370.996,372.337,9049200.058
2024-03-01 19:00:00,371.666,372.256,370.357,371.437,15019200.325
2024-03-01 20:00:00,370.587,371.836,369.806,371.697,15278400.4211
2024-03-04 13:00:00,419.886,420.167,419.006,419.927,3105900.0492
2024-03-04 14:00:00,422.967,422.997,419.847,419.896,5873400.2113
2024-03-04 15:00:00,422.467,423.246,422.286,422.976,3858299.9706
2024-03-04 16:00:00,422.176,422.817,421.236,422.466,4900499.8207
2024-03-04 17:00:00,422.456,422.627,421.836,422.177,3624300.0031
2024-03-04 18:00:00,421.966,422.956,421.846,422.447,3484800.1003
2024-03-04 19:00:00,420.487,422.086,419.756,421.967,7918200.016
2024-03-05 13:00:00,405.377,406.057,401.806,402.316,4212900.1617
2024-03-05 14:00:00,405.396,406.527,403.716,405.607,8545499.8016
2024-03-05 15:00:00,406.006,406.626,404.716,405.397,6110099.7925
2024-03-05 16:00:00,405.797,406.557,405.526,406.047,4407299.9954
2024-03-05 17:00:00,405.957,406.267,405.466,405.806,3495599.9851
2024-03-05 18:00:00,406.166,406.527,405.896,405.946,3437099.9336
2024-03-05 19:00:00,406.597,407.027,405.996,406.166,5660099.9832
2024-03-06 13:00:00,413.107,416.347,412.946,415.537,4702499.8665
2024-03-06 14:00:00,412.547,415.006,412.196,413.106,7476299.7627
2024-03-06 15:00:00,412.067,412.857,411.226,412.547,5389200.2106
2024-03-06 16:00:00,409.897,412.377,408.896,412.067,6909299.8505
2024-03-06 17:00:00,411.907,412.357,409.197,409.897,4882500.1717
2024-03-06 18:00:00,410.946,412.176,410.606,411.897,5264999.8665
2024-03-06 19:00:00,413.646,413.646,410.826,410.927,5570099.8306
2024-03-07 13:00:00,458.997,460.387,457.806,458.177,2703599.9298
2024-03-07 14:00:00,458.656,459.447,457.936,458.997,3916800.0221
2024-03-07 15:00:00,459.306,460.707,458.487,458.757,3310199.976
2024-03-07 16:00:00,459.997,460.997,459.116,459.316,3635099.8878
2024-03-09 13:00:00,418.097,419.797,415.246,417.876,3956399.9176
2024-03-09 14:00:00,413.427,418.376,413.036,418.017,6094799.9954
2024-03-09 15:00:00,411.577,414.106,411.506,413.426,4741199.9702
2024-03-09 16:00:00,411.176,413.177,410.847,411.507,4440000.0572
2024-03-09 17:00:00,410.937,412.007,410.816,411.187,4127999.7826
2024-03-09 18:00:00,410.006,411.056,408.857,410.946,5206799.984
2024-03-09 19:00:00,409.386,410.546,407.016,410.007,8255999.5651
2024-03-10 13:00:00,418.136,418.306,415.717,417.727,3525599.9565
2024-03-10 14:00:00,416.186,419.476,415.857,418.137,7147200.1076
2024-03-10 15:00:00,417.747,417.967,416.076,416.236,4440000.0572
2024-03-10 16:00:00,415.046,417.917,414.566,417.746,3904799.9382
2024-03-10 17:00:00,416.457,416.457,414.266,415.026,4801199.913
2024-03-10 18:00:00,415.836,417.006,415.686,416.456,2432399.9882
2024-03-10 19:00:00,416.367,417.017,414.997,415.777,4960800.1709
2024-03-12 14:00:00,431.306,431.306,428.717,429.587,2874000.0725
2024-03-12 15:00:00,430.686,432.386,429.446,431.197,3447599.8878
2024-03-12 16:00:00,430.527,431.887,430.106,430.686,2513999.939
2024-03-12 17:00:00,430.316,430.826,429.576,430.546,1801200.0322
2024-03-12 18:00:00,430.037,430.617,429.546,430.306,1634400.0101
2024-03-12 19:00:00,430.117,430.416,428.256,430.047,1922399.9977
2024-03-12 20:00:00,431.066,431.387,430.026,430.157,3144000.0534
2024-04-01 14:00:00,371.466,372.597,370.456,370.686,7157999.9924
2024-04-01 15:00:00,371.727,372.437,371.006,371.477,12433199.8825
2024-04-01 16:00:00,370.997,373.076,370.987,371.757,10731599.8077
2024-04-01 17:00:00,370.316,371.387,369.926,370.997,10436400.4135
2024-04-01 18:00:00,370.237,370.726,370.116,370.316,8625599.8611
2024-04-01 19:00:00,369.246,370.727,369.107,370.246,8989199.6384
2024-04-01 20:00:00,367.916,369.306,367.116,369.266,11892000.1984
2024-04-03 14:00:00,416.027,416.216,412.286,413.597,5757599.8306
2024-04-03 15:00:00,415.876,417.286,414.256,416.026,10414799.6902
2024-04-03 16:00:00,416.007,416.116,414.866,415.886,10107600.2121
2024-04-03 17:00:00,415.916,416.526,415.636,416.037,7782000.0648
2024-04-03 18:00:00,415.596,416.036,414.866,415.917,7618800.1633
2024-04-03 19:00:00,415.107,415.637,414.576,415.606,7750800.1328
2024-04-03 20:00:00,414.856,415.776,414.546,415.126,11093999.8627
2024-04-04 13:00:00,426.427,427.516,423.246,425.237,3779099.9413
2024-04-04 14:00:00,425.746,426.866,425.126,426.427,4248899.9367
2024-04-04 15:00:00,427.016,427.037,425.837,425.847,3391200.0656
2024-04-04 16:00:00,428.096,428.637,426.947,427.037,3141000.0324
2024-04-04 17:00:00,426.736,428.087,426.496,428.087,3384000.0629
2024-04-04 18:00:00,421.407,426.736,421.006,426.736,10723500.2518
2024-04-04 19:00:00,417.816,421.747,417.546,421.347,12146400.4517
2024-04-06 13:00:00,411.306,412.466,409.596,412.396,3414599.8955
2024-04-06 14:00:00,412.196,413.386,410.936,411.307,7347599.9832
2024-04-06 15:00:00,412.147,413.006,411.456,412.236,4558499.8131
2024-04-06 16:00:00,412.857,413.357,411.976,412.156,4264200.2106
2024-04-06 17:00:00,413.407,413.796,412.206,412.857,4467599.8688
2024-04-06 18:00:00,414.486,415.336,412.897,413.386,5280300.1404
2024-04-06 19:00:00,415.966,416.417,412.886,414.466,7532100.2007
2024-04-09 13:00:00,406.836,407.786,404.316,405.756,3531599.9985
2024-04-09 14:00:00,410.506,410.567,404.556,406.797,6690000.0572
2024-04-09 15:00:00,409.436,411.217,408.616,410.507,3681600.0938
2024-04-09 16:00:00,409.317,410.636,408.607,409.436,3909600.0195
2024-04-09 17:00:00,408.716,409.296,407.936,409.286,3560400.0092
2024-04-09 18:00:00,408.877,409.637,408.406,408.727,3618000.0305
2024-04-09 19:00:00,408.877,410.837,408.317,408.916,5608799.9344
2024-04-10 13:00:00,416.096,419.687,416.087,418.156,3130800.0088
2024-04-10 14:00:00,417.406,417.586,415.006,416.186,6702000.1411
2024-04-10 15:00:00,417.787,418.116,415.816,417.417,5551199.913
2024-04-10 16:00:00,418.407,418.937,416.686,417.797,4231200.2182
2024-04-10 17:00:00,417.386,418.666,416.816,418.386,4000800.1328
2024-04-10 18:00:00,418.096,418.117,416.776,417.437,3486000.061
2024-04-10 19:00:00,415.997,418.147,415.996,418.097,5763599.8726
2024-04-11 14:00:00,409.017,410.167,405.516,409.776,3633599.9966
2024-04-11 15:00:00,409.637,410.377,408.526,409.027,5159999.8474
2024-04-11 16:00:00,406.597,409.796,406.096,409.637,4845600.1282
2024-04-11 17:00:00,407.096,407.446,405.876,406.607,4294799.8047
2024-04-11 18:00:00,407.726,408.146,406.536,407.097,4161600.1129
2024-04-11 19:00:00,408.116,408.357,407.726,407.737,2838000.0591
2024-04-11 20:00:00,408.407,408.807,406.896,408.107,5715600.0137
2024-04-12 14:00:00,437.947,439.487,432.627,432.637,4048799.9916
2024-04-12 15:00:00,438.956,438.987,436.026,437.886,5667600.1549
2024-04-12 16:00:00,436.926,439.597,436.396,438.897,3439199.9245
2024-04-12 17:00:00,437.016,437.667,436.247,436.926,2521199.9416
2024-04-12 18:00:00,437.017,437.596,436.036,436.996,2298000.0973
2024-04-12 19:00:00,438.126,438.227,436.516,436.976,2710799.9325
2024-04-12 20:00:00,437.217,438.577,436.826,438.066,4036799.9077
2024-05-01 14:00:00,369.587,370.506,368.747,369.126,7530000.2098
2024-05-01 15:00:00,371.666,371.717,369.497,369.617,12561599.7314
2024-05-01 16:00:00,370.717,372.027,370.196,371.647,9767999.649
2024-05-01 17:00:00,368.916,370.706,368.786,370.706,10644000.0534
2024-05-01 18:00:00,368.377,369.106,367.986,368.917,10609199.5239
2024-05-01 19:00:00,367.177,368.807,366.936,368.317,10435199.7375
2024-05-01 20:00:00,367.617,367.966,366.487,367.146,11465999.6033
2024-05-02 14:00:00,408.267,411.067,407.296,409.837,6869999.8856
2024-05-02 15:00:00,404.556,408.447,404.196,408.257,13453200.3403
2024-05-02 16:00:00,406.207,406.476,403.996,404.566,9345600.1282
2024-05-02 17:00:00,405.816,406.777,405.567,406.216,8293199.5392
2024-05-02 18:00:00,405.156,406.066,404.796,405.816,7924799.9191
2024-05-02 19:00:00,405.696,406.027,404.796,405.156,7900800.2281
2024-05-02 20:00:00,405.317,406.226,404.596,405.696,10536000.2518
2024-05-03 14:00:00,406.967,414.146,406.256,413.546,8298000.3357
2024-05-03 15:00:00,403.416,407.377,402.106,406.966,14464799.881
2024-05-03 16:00:00,404.116,405.166,402.877,403.417,10679189.682
2024-05-03 17:00:00,403.356,404.687,403.316,404.116,9753600.1205
2024-05-03 18:00:00,401.506,403.446,401.226,403.357,10983599.6628
2024-05-03 19:00:00,401.296,402.576,400.626,401.526,11347200.3937
2024-05-03 20:00:00,402.657,402.797,400.606,401.307,14031599.9985
2024-05-04 13:00:00,422.187,422.496,418.316,420.146,4657499.7902
2024-05-04 14:00:00,423.996,424.016,420.866,422.246,7227000.2365
2024-05-04 15:00:00,425.617,426.277,422.856,424.007,6830100.0595
2024-05-04 16:00:00,426.247,426.297,424.996,425.616,5085000.0381
2024-05-04 17:00:00,424.117,426.466,423.766,426.246,5280300.1404
2024-05-04 18:00:00,424.296,425.486,423.326,424.047,8407799.7208
2024-05-04 19:00:00,425.236,426.437,424.066,424.297,6766200.0656
2024-05-06 13:00:00,418.227,418.626,416.286,417.817,3932100.0576
2024-05-06 14:00:00,419.616,419.887,416.697,418.236,6827400.2075
2024-05-06 15:00:00,420.617,421.067,419.547,419.627,4086900.2342
2024-05-06 16:00:00,422.347,422.726,420.207,420.596,3131099.9393
2024-05-06 17:00:00,422.887,423.317,422.146,422.347,3733200.0732
2024-05-06 18:00:00,423.466,423.587,422.346,422.907,3321000.0992
2024-05-06 19:00:00,424.037,424.037,422.116,423.466,5757299.9001
2024-05-07 13:00:00,465.846,465.977,458.946,459.567,2720700.0256
2024-05-07 14:00:00,464.616,466.997,464.547,465.897,4717800.1404
2024-05-07 15:00:00,466.396,466.727,464.156,464.646,3260699.9874
2024-05-07 16:00:00,466.416,466.977,466.166,466.457,2521800.0412
2024-05-07 17:00:00,466.996,468.307,466.386,466.417,2645100.1167
2024-05-07 18:00:00,467.116,467.466,466.717,466.996,2173500.061
2024-05-07 19:00:00,467.207,467.957,466.946,467.116,3396600.008
2024-05-08 13:00:00,393.526,396.966,386.006,388.517,6538799.7627
2024-05-08 14:00:00,396.457,399.397,392.757,393.327,12118800.1633
2024-05-08 15:00:00,398.717,400.657,394.896,396.397,10289999.9619
2024-05-08 16:00:00,396.946,400.977,396.346,398.717,9789600.3723
2024-05-08 17:00:00,396.486,398.617,396.296,396.927,10370400.4288
2024-05-08 18:00:00,393.717,396.656,393.046,396.487,10150799.7513
2024-05-08 19:00:00,395.257,396.026,393.236,393.776,12115200.0427
2024-05-09 13:00:00,411.296,413.016,407.676,408.197,3543600.0824
2024-05-09 14:00:00,409.397,413.066,409.286,411.346,6398399.8299
2024-05-09 15:00:00,406.976,409.997,406.796,409.436,5020800.1137
2024-05-09 16:00:00,406.976,407.637,406.106,406.947,4724400.0435
2024-05-09 17:00:00,409.137,409.137,406.206,406.976,4846799.8505
2024-05-09 18:00:00,407.806,409.386,407.706,409.146,4622399.807
2024-05-09 19:00:00,408.327,408.607,406.336,407.767,6397200.1076
2024-05-11 14:00:00,412.817,412.817,408.077,408.226,2865600.1091
2024-05-11 15:00:00,411.716,413.486,411.496,412.796,4970399.8566
2024-05-11 16:00:00,414.406,414.517,411.326,411.727,4642799.8543
2024-05-11 17:00:00,413.337,414.866,413.156,414.406,3420000.0763
2024-05-11 18:00:00,411.667,413.717,411.096,413.307,3985199.9283
2024-05-11 19:00:00,411.246,412.327,410.946,411.677,3779999.9714
2024-05-11 20:00:00,410.786,412.317,410.786,411.247,4444799.9001
2024-05-12 14:00:00,437.127,439.877,436.256,438.106,2950799.942
2024-05-12 15:00:00,438.626,439.157,436.146,437.197,4861199.8558
2024-05-12 16:00:00,441.337,441.507,438.236,438.637,3741600.0366
2024-05-12 17:00:00,443.927,444.046,441.196,441.336,3856800.0793
2024-05-12 18:00:00,442.787,444.607,442.696,443.906,4294799.8047
2024-05-12 19:00:00,442.997,443.497,442.337,442.796,3225600.0042
2024-05-12 20:00:00,442.627,443.707,441.986,442.986,5854800.2243
2024-06-02 14:00:00,405.026,407.897,405.017,405.866,6382800.1022
2024-06-02 15:00:00,404.696,405.297,403.517,404.947,10803600.3113
2024-06-02 16:00:00,403.906,405.126,403.897,404.697,8259599.6857
2024-06-02 17:00:00,403.556,404.447,403.546,403.916,8077199.9359
2024-06-02 18:00:00,404.766,404.786,403.546,403.556,7690800.19
2024-06-02 19:00:00,403.777,404.806,402.896,404.746,8302800.1785
2024-06-02 20:00:00,405.477,405.576,403.696,403.777,8786399.8413
2024-06-03 14:00:00,401.386,404.357,401.107,402.916,6872399.807
2024-06-03 15:00:00,402.296,402.856,398.386,401.316,12919199.9435
2024-06-03 16:00:00,404.556,404.856,401.886,402.377,9885600.09
2024-06-03 17:00:00,403.797,405.136,403.556,404.567,9211199.7604
2024-06-03 18:00:00,403.036,404.487,401.956,403.796,12283200.264
2024-06-03 19:00:00,401.476,403.167,401.066,403.036,16168800.354
2024-06-03 20:00:00,401.996,402.777,400.386,401.476,16040399.5514
2024-06-05 13:00:00,407.326,409.357,406.256,408.637,2908799.8867
2024-06-05 14:00:00,409.107,409.287,406.496,407.326,4389299.8695
2024-06-05 15:00:00,409.887,410.156,408.787,409.127,3809700.0122
2024-06-05 16:00:00,410.386,410.777,409.327,409.896,3178800.106
2024-06-05 17:00:00,411.487,411.657,409.616,410.406,3388499.9752
2024-06-05 18:00:00,412.396,412.536,411.386,411.517,3081599.9508
2024-06-05 19:00:00,413.567,413.897,411.786,412.397,5006700.0389
2024-06-06 13:00:00,423.297,425.187,422.626,423.897,3908699.9893
2024-06-06 14:00:00,422.787,424.067,422.566,423.286,5499000.0725
2024-06-06 15:00:00,421.597,423.126,420.557,422.786,4087800.0259
2024-06-06 16:00:00,423.397,423.397,421.556,421.556,4938300.1328
2024-06-06 17:00:00,423.126,423.506,422.766,423.347,3878099.9184
2024-06-06 18:00:00,423.306,423.567,421.996,423.127,5758200.1686
2024-06-06 19:00:00,424.396,424.667,423.006,423.287,5647500.0381
2024-06-08 13:00:00,400.397,402.457,398.587,399.986,6070799.8276
2024-06-08 14:00:00,403.876,404.547,399.567,400.397,11077199.9359
2024-06-08 15:00:00,404.696,404.907,401.036,403.756,9845999.7177
2024-06-08 16:00:00,404.787,405.607,403.146,404.706,7774799.8238
2024-06-08 17:00:00,403.607,405.167,403.156,404.807,6096000.1945
2024-06-08 18:00:00,402.447,404.747,402.406,403.636,5701200.0084
2024-06-08 19:00:00,399.406,402.797,399.086,402.446,12812399.8642
2024-06-09 13:00:00,407.486,410.507,407.046,409.507,5211599.8268
2024-06-09 14:00:00,402.657,408.287,401.946,407.486,9815999.9847
2024-06-09 15:00:00,401.697,405.136,401.697,402.647,9391200.0656
2024-06-09 16:00:00,402.417,402.997,401.447,401.697,5788799.7627
2024-06-09 17:00:00,401.646,403.837,401.066,402.437,4903200.1495
2024-06-09 18:00:00,401.337,401.777,400.766,401.616,4277999.8779
2024-06-09 19:00:00,401.746,402.637,400.947,401.346,6621600.1511
2024-06-11 14:00:00,417.447,417.836,410.506,412.856,6963600.1587
2024-06-11 15:00:00,416.236,420.327,416.067,417.486,9682800.293
2024-06-11 16:00:00,416.106,417.447,415.246,416.206,6561600.2083
2024-06-11 17:00:00,416.066,416.837,414.776,416.076,4814400.1961
2024-06-11 18:00:00,418.257,418.676,416.016,416.077,3971999.8837
2024-06-11 19:00:00,419.547,419.627,417.926,418.296,4078800.2014
2024-06-11 20:00:00,419.986,420.337,419.026,419.466,6499199.8672
2024-06-12 14:00:00,445.307,445.997,442.007,442.156,2824800.0145
2024-06-12 15:00:00,443.296,445.556,442.796,445.306,3878400.0874
2024-06-12 16:00:00,442.736,444.586,442.616,443.306,2789999.9619
2024-06-12 17:00:00,442.367,443.587,441.787,442.747,2604000.0916
2024-06-12 18:00:00,443.507,443.797,442.197,442.367,2223599.9107
2024-06-12 19:00:00,443.727,444.046,442.876,443.527,1518000.0067
2024-06-12 20:00:00,443.657,444.737,443.196,443.727,3460799.9325
2024-07-02 14:00:00,409.087,409.907,407.337,407.337,6758399.9634
2024-07-02 15:00:00,411.187,412.407,409.036,409.036,11230799.675
2024-07-02 16:00:00,411.696,411.986,410.696,411.237,9991200.4471
2024-07-02 17:00:00,411.967,412.377,411.116,411.707,7961999.8932
2024-07-02 18:00:00,413.046,413.146,411.367,411.967,8384400.3677
2024-07-02 19:00:00,412.897,413.086,412.396,413.026,7540800.0946
2024-07-02 20:00:00,414.027,414.277,412.576,412.837,9256799.6979
2024-07-03 14:00:00,404.237,406.487,402.226,406.347,7105199.8138
2024-07-03 15:00:00,407.507,408.196,403.866,404.236,10790399.5514
2024-07-03 16:00:00,407.977,408.567,406.827,407.507,8450400.3525
2024-07-03 17:00:00,408.127,408.787,407.736,407.976,7474800.1099
2024-07-03 18:00:00,409.206,409.757,407.656,408.126,7205999.8512
2024-07-03 19:00:00,408.496,409.597,408.317,409.206,7214399.8146
2024-07-03 20:00:00,409.007,409.357,407.577,408.476,11538000.1068
2024-07-05 13:00:00,412.217,414.457,411.496,414.057,3224699.9741
2024-07-05 14:00:00,412.636,413.627,411.676,412.217,4389299.8695
2024-07-05 15:00:00,412.706,413.127,412.106,412.636,3305700.0637
2024-07-05 16:00:00,411.847,412.877,411.416,412.706,2936700.1057
2024-07-05 17:00:00,410.997,412.417,410.776,411.836,3215699.9111
2024-07-05 18:00:00,410.406,411.727,410.266,411.006,4181399.8222
2024-07-05 19:00:00,409.116,410.567,409.036,410.407,4887000.0839
2024-07-06 13:00:00,424.996,425.986,423.746,425.436,4043700.2182
2024-07-06 14:00:00,425.027,425.866,423.706,424.997,5096700.1915
2024-07-06 15:00:00,425.176,425.517,423.576,425.026,4278600.2159
2024-07-06 16:00:00,425.937,426.107,424.496,425.177,3338999.9866
2024-07-06 17:00:00,425.796,426.246,425.346,425.937,3667500.0191
2024-07-06 18:00:00,424.817,425.797,423.696,425.776,5507100.1053
2024-07-06 19:00:00,423.827,425.006,422.996,424.826,6902999.8779
2024-07-08 13:00:00,408.847,409.086,406.837,408.676,5176799.7742
2024-07-08 14:00:00,408.376,410.007,407.356,408.896,9887999.5346
2024-07-08 15:00:00,405.666,408.607,404.546,408.376,8485199.9283
2024-07-08 16:00:00,401.787,405.697,401.256,405.667,8224800.1099
2024-07-08 17:00:00,400.307,402.397,399.837,401.787,9347999.5728
2024-07-08 18:00:00,398.806,400.587,398.226,400.286,11017200.47
2024-07-08 19:00:00,398.327,400.997,397.206,398.806,11653200.1495
2024-07-10 13:00:00,414.586,417.037,414.167,415.927,3712800.0259
2024-07-10 14:00:00,415.647,416.316,414.636,414.646,4196400.1656
2024-07-10 15:00:00,415.017,415.847,414.676,415.627,3650399.9233
2024-07-10 16:00:00,413.217,415.007,413.066,415.007,3484800.1003
2024-07-10 17:00:00,413.246,414.007,412.646,413.227,3321599.9603
2024-07-10 18:00:00,409.366,413.327,409.166,413.226,5335199.8329
2024-07-10 19:00:00,409.177,410.507,408.996,409.346,6859200.0008
2024-07-11 14:00:00,421.837,422.367,419.866,420.846,3189599.9908
2024-07-11 15:00:00,423.646,424.407,421.567,421.846,5097599.9832
2024-07-11 16:00:00,425.527,426.387,423.616,423.687,4051199.913
2024-07-11 17:00:00,424.316,425.537,423.746,425.476,2757600.069
2024-07-11 18:00:00,424.447,424.847,423.776,424.317,2593199.9683
2024-07-11 19:00:00,426.267,426.287,424.107,424.447,4464000.2251
2024-07-11 20:00:00,425.066,426.817,424.596,426.187,6103199.9588
2024-08-01 14:00:00,370.537,370.946,368.996,369.397,6602399.826
2024-08-01 15:00:00,370.246,370.906,369.726,370.536,8702400.2075
2024-08-01 16:00:00,371.187,371.376,369.936,370.236,7969200.1343
2024-08-01 17:00:00,371.826,372.017,370.686,371.177,7903200.1495
2024-08-01 18:00:00,372.446,372.447,371.566,371.826,5552400.1122
2024-08-01 19:00:00,374.516,374.756,372.126,372.447,7000800.1328
2024-08-01 20:00:00,374.387,375.196,373.996,374.527,10087200.1648
2024-08-02 14:00:00,413.897,415.537,413.316,414.126,5570400.238
2024-08-02 15:00:00,414.537,414.876,413.086,414.027,7957200.0504
2024-08-02 16:00:00,413.356,414.536,412.586,414.536,6331200.1228
2024-08-02 17:00:00,413.267,413.437,412.746,413.356,6237599.8497
2024-08-02 18:00:00,413.546,414.127,413.116,413.287,7177199.8405
2024-08-02 19:00:00,413.417,413.627,412.516,413.557,7039199.8291
2024-08-02 20:00:00,414.147,414.186,413.236,413.386,8425200.4623
2024-08-03 14:00:00,409.007,409.136,406.606,407.787,7843200.2068
2024-08-03 15:00:00,408.816,410.407,408.347,409.006,12884400.3677
2024-08-03 16:00:00,407.266,408.876,406.516,408.787,14281200.4089
2024-08-03 17:00:00,404.987,408.276,404.506,407.256,13846799.8505
2024-08-03 18:00:00,405.186,406.337,404.296,404.966,12115200.0427
2024-08-03 19:00:00,407.047,407.367,405.026,405.217,11203200.3403
2024-08-03 20:00:00,406.057,407.697,405.377,407.026,14073599.8154
2024-08-04 13:00:00,425.587,425.847,423.237,424.897,3505500.0782
2024-08-04 14:00:00,426.326,427.246,424.916,425.587,5640299.7971
2024-08-04 15:00:00,424.737,426.487,424.146,426.326,4753799.9153
2024-08-04 16:00:00,424.916,424.916,423.316,424.716,4304699.8978
2024-08-04 17:00:00,424.326,424.937,423.606,424.926,3385799.8848
2024-08-04 18:00:00,425.477,425.527,423.996,424.357,3430799.9611
2024-08-04 19:00:00,424.627,426.187,424.446,425.527,4880700.1114
2024-08-05 13:00:00,408.307,409.037,406.686,407.716,2656800.0317
2024-08-05 14:00:00,411.667,411.996,408.206,408.346,4211100.1015
2024-08-05 15:00:00,411.577,412.197,411.116,411.666,3698100.09
2024-08-05 16:00:00,411.096,412.077,410.757,411.566,2783699.9893
2024-08-05 17:00:00,411.807,411.866,410.496,411.107,2897099.9718
2024-08-05 18:00:00,411.236,411.947,410.896,411.806,2457900.0473
2024-08-05 19:00:00,410.426,411.177,409.856,411.176,3645900.0111
2024-08-07 13:00:00,466.447,467.647,464.797,466.496,2479500.0553
2024-08-07 14:00:00,465.507,466.607,464.457,466.567,4164299.9649
2024-08-07 15:00:00,466.297,466.827,465.076,465.487,2990700.0065
2024-08-07 16:00:00,465.507,466.377,465.156,466.307,2521800.0412
2024-08-07 17:00:00,465.276,465.677,464.846,465.506,2006099.9393
2024-08-07 18:00:00,465.557,465.937,464.946,465.147,1925099.9689
2024-08-07 19:00:00,466.146,466.487,464.746,465.586,3526200.0561
2024-08-08 13:00:00,402.576,402.907,399.876,402.377,3637200.1171
2024-08-08 14:00:00,404.337,405.817,401.987,402.607,8652000.4272
2024-08-08 15:00:00,403.486,404.347,402.077,404.337,6873600.0061
2024-08-08 16:00:00,402.537,404.686,401.116,403.506,5776800.1556
2024-08-08 17:00:00,404.446,404.477,401.326,402.536,5217599.8688
2024-08-08 18:00:00,402.576,405.527,402.246,404.396,5847599.9832
2024-08-08 19:00:00,402.796,403.276,400.196,402.506,9650400.1617
2024-08-10 13:00:00,413.246,413.947,408.117,410.627,4483200.0732
2024-08-10 14:00:00,413.637,414.767,412.146,413.247,5762400.1503
2024-08-10 15:00:00,414.466,414.606,412.906,413.626,3500400.0664
2024-08-10 16:00:00,413.566,414.677,413.236,414.426,2787600.0404
2024-08-10 17:00:00,412.956,413.656,412.206,413.506,3094799.9954
2024-08-10 18:00:00,413.957,414.066,412.896,412.977,2080800.0565
2024-08-10 19:00:00,414.686,415.626,413.746,413.947,4707600.1167
2024-08-11 14:00:00,426.086,426.376,424.326,425.217,2868000.0305
2024-08-11 15:00:00,423.817,426.427,423.096,426.086,5122799.8734
2024-08-11 16:00:00,423.806,424.336,423.046,423.827,3884399.8909
2024-08-11 17:00:00,422.277,423.807,422.126,423.807,3045599.9374
2024-08-11 18:00:00,423.397,423.556,421.856,422.257,3106800.0793
2024-08-11 19:00:00,423.006,424.056,422.996,423.397,2674799.9191
2024-08-11 20:00:00,422.447,423.437,421.776,423.017,5402400.0168
2024-09-01 14:00:00,371.887,373.156,371.376,372.006,6459599.9718
2024-09-01 15:00:00,373.556,374.487,371.186,371.887,10170000.0763
2024-09-01 16:00:00,375.656,375.687,373.407,373.566,8134799.9573
2024-09-01 17:00:00,375.577,375.736,375.007,375.657,8240400.3143
2024-09-01 18:00:00,375.186,375.977,374.306,375.577,8991600.0366
2024-09-01 19:00:00,375.276,375.597,374.816,375.186,8905200.0046
2024-09-01 20:00:00,375.717,375.776,374.276,375.276,12352800.3693
2024-09-02 14:00:00,417.317,417.397,415.256,415.676,5588399.8871
2024-09-02 15:00:00,418.857,419.486,416.807,417.346,9583200.4547
2024-09-02 16:00:00,419.496,420.347,418.596,418.856,7346399.7841
2024-09-02 17:00:00,419.737,419.987,418.876,419.497,5412000.1793
2024-09-02 18:00:00,419.486,419.827,419.237,419.747,5125199.7948
2024-09-02 19:00:00,420.136,420.376,419.446,419.496,5164800.1671
2024-09-02 20:00:00,420.356,420.697,419.776,420.146,7590000.1526
2024-09-04 13:00:00,426.016,427.677,424.496,426.357,3262500.0477
2024-09-04 14:00:00,422.977,426.696,421.596,425.886,8801099.7772
2024-09-04 15:00:00,423.776,424.126,422.646,422.876,6637499.8093
2024-09-04 16:00:00,423.656,424.647,423.326,423.756,5913899.8985
2024-09-04 17:00:00,423.717,424.756,423.416,423.667,6317100.0481
2024-09-04 18:00:00,423.046,424.436,422.976,423.716,6074999.8093
2024-09-04 19:00:00,426.217,426.407,422.436,423.036,8955900.1923
2024-09-05 13:00:00,410.326,411.226,409.096,410.466,3086999.8932
2024-09-05 14:00:00,412.116,412.196,409.507,410.327,4916699.8863
2024-09-05 15:00:00,411.186,412.687,411.076,412.117,4585499.7635
2024-09-05 16:00:00,411.476,411.627,410.676,411.186,2816099.8821
2024-09-05 17:00:00,411.647,412.097,411.126,411.516,3851999.9981
2024-09-05 18:00:00,412.326,412.467,411.256,411.646,3484800.1003
2024-09-05 19:00:00,412.277,412.576,411.766,412.326,4992300.0336
2024-09-07 13:00:00,464.606,466.997,463.796,466.987,3206700.0866
2024-09-07 14:00:00,463.496,464.837,463.396,464.597,3799799.9191
2024-09-07 15:00:00,461.706,464.017,461.436,463.527,2934900.0454
2024-09-07 16:00:00,459.986,462.107,459.276,461.716,2898900.032
2024-09-07 17:00:00,460.257,460.366,459.316,459.996,2987999.9161
2024-09-07 18:00:00,459.337,460.427,458.896,460.256,2467799.902
2024-09-07 19:00:00,459.396,460.007,457.996,459.386,3983400.1064
2024-09-08 13:00:00,403.326,405.936,403.296,403.966,5188799.8581
2024-09-08 14:00:00,405.046,405.917,402.176,403.426,9932399.7498
2024-09-08 15:00:00,404.037,406.106,403.846,405.046,6611999.9886
2024-09-08 16:00:00,404.936,405.097,403.396,404.037,4365600.1091
2024-09-08 17:00:00,406.576,407.956,404.617,404.857,5320799.8276
2024-09-08 18:00:00,406.617,407.026,405.867,406.586,5926799.7742
2024-09-08 19:00:00,405.957,407.137,405.666,406.626,6928800.106
2024-09-09 13:00:00,406.697,408.507,405.676,407.247,3806400.0607
2024-09-09 14:00:00,402.287,406.717,402.257,406.706,6166800.0221
2024-09-09 15:00:00,404.567,404.567,402.136,402.316,4195199.9664
2024-09-09 16:00:00,404.856,405.917,404.347,404.567,2612400.0549
2024-09-09 17:00:00,404.087,405.537,403.926,404.886,3567600.0118
2024-09-09 18:00:00,403.406,404.116,402.976,404.026,4129199.9817
2024-09-09 19:00:00,405.677,405.807,402.796,403.407,5093999.8627
2024-09-10 13:00:00,415.417,416.697,414.316,415.926,3334800.005
2024-09-10 14:00:00,418.136,418.137,415.396,415.437,4914000.0343
2024-09-10 15:00:00,419.756,420.317,418.056,418.097,4209599.9718
2024-09-10 16:00:00,417.886,419.817,417.756,419.767,3519599.9146
2024-09-10 17:00:00,417.286,418.507,416.526,417.897,3265199.8997
2024-09-10 18:00:00,417.327,417.957,416.866,417.326,3355200.0523
2024-09-10 19:00:00,417.366,418.167,416.796,417.336,5070000.1717
2024-09-12 14:00:00,442.256,444.906,440.396,442.567,2498399.9729
2024-09-12 15:00:00,445.057,446.727,441.696,442.246,4696800.2319
2024-09-12 16:00:00,446.697,448.247,444.876,445.007,4383600.235
2024-09-12 17:00:00,446.256,447.517,446.086,446.597,2775599.9565
2024-09-12 18:00:00,446.557,447.157,445.716,446.266,2140799.9992
2024-09-12 19:00:00,446.077,446.536,445.016,446.536,2477999.9256
2024-09-12 20:00:00,446.126,446.457,444.826,446.017,4965600.0137
2024-10-01 14:00:00,379.857,380.416,376.377,376.397,7592400.074
2024-10-01 15:00:00,381.436,382.247,379.066,379.896,10466400.1465
2024-10-01 16:00:00,381.056,381.846,380.446,381.446,8402400.0168
2024-10-01 17:00:00,382.377,382.427,380.746,381.056,6448800.087
2024-10-01 18:00:00,382.506,382.796,381.587,382.386,7717199.8024
2024-10-01 19:00:00,384.116,384.117,382.456,382.537,6889200.2106
2024-10-01 20:00:00,382.616,384.147,381.256,384.096,11235600.4715
2024-10-04 13:00:00,421.436,423.747,420.267,422.346,5347799.778
2024-10-04 14:00:00,420.537,422.427,420.066,421.437,8803799.6292
2024-10-04 15:00:00,420.366,421.117,419.677,420.537,5830200.1953
2024-10-04 16:00:00,421.687,421.897,419.896,420.366,3924900.0549
2024-10-04 17:00:00,421.577,422.837,419.926,421.727,7875000.0
2024-10-04 18:00:00,421.117,422.597,421.056,421.657,7367400.1694
2024-10-04 19:00:00,423.237,423.766,420.996,421.117,7538400.1732
2024-10-05 13:00:00,414.076,415.317,411.946,412.797,3389400.0053
2024-10-05 14:00:00,413.147,414.067,412.686,414.067,6789599.8955
2024-10-05 15:00:00,413.707,413.936,412.616,413.177,4854599.9527
2024-10-05 16:00:00,414.357,414.626,413.296,413.706,3919500.1125
2024-10-05 17:00:00,414.356,414.516,413.566,414.346,3430799.9611
2024-10-05 18:00:00,414.816,414.817,413.996,414.357,2918699.9798
2024-10-05 19:00:00,414.546,415.116,414.296,414.837,4102200.0313
2024-10-06 13:00:00,426.806,427.797,423.896,424.846,3560400.0092
2024-10-06 14:00:00,426.567,427.317,425.597,426.807,4642199.9931
2024-10-06 15:00:00,426.846,427.617,426.216,426.547,3523499.9657
2024-10-06 16:00:00,425.866,427.357,425.776,426.847,3043800.1156
2024-10-06 17:00:00,426.666,426.907,425.436,425.856,3441600.0843
2024-10-06 18:00:00,427.386,427.386,426.026,426.667,5195700.1686
2024-10-06 19:00:00,427.966,427.997,426.476,427.377,5841000.0801
2024-10-07 13:00:00,462.397,462.397,458.767,461.166,2771100.0443
2024-10-07 14:00:00,460.737,463.557,459.586,462.397,3716099.9775
2024-10-07 15:00:00,460.546,461.807,459.616,460.757,3015899.8966
2024-10-07 16:00:00,463.986,464.047,459.866,460.467,2911499.9771
2024-10-07 17:00:00,463.907,465.016,462.676,463.986,2558700.0847
2024-10-07 18:00:00,464.906,465.206,463.636,463.907,2519099.9508
2024-10-07 19:00:00,465.947,466.437,463.736,464.906,4298399.9252
2024-10-09 13:00:00,414.207,415.297,407.596,408.356,4166399.9557
2024-10-09 14:00:00,412.687,416.197,412.277,414.266,6576000.2136
2024-10-09 15:00:00,409.596,414.017,409.526,412.636,4904399.8718
2024-10-09 16:00:00,410.577,411.297,408.746,409.606,5512800.2167
2024-10-09 17:00:00,412.017,412.517,410.416,410.576,3860399.9615
2024-10-09 18:00:00,412.217,412.757,411.757,412.037,3093600.0347
2024-10-09 19:00:00,414.137,414.697,411.846,412.206,5505599.9756
2024-10-10 13:00:00,414.866,416.097,413.096,415.216,3465600.0137
2024-10-10 14:00:00,414.267,415.726,413.887,414.866,5170800.209
2024-10-10 15:00:00,416.836,416.937,414.076,414.376,3607199.9073
2024-10-10 16:00:00,415.847,417.316,415.626,416.827,3668400.0492
2024-10-10 17:00:00,415.837,416.317,414.646,415.846,3613199.9493
2024-10-10 18:00:00,415.306,415.827,414.646,415.827,3290400.0282
2024-10-10 19:00:00,415.787,416.237,414.706,415.306,4629600.0481
2024-10-12 14:00:00,448.116,448.297,443.596,444.067,3029999.9714
2024-10-12 15:00:00,447.887,449.537,447.426,448.116,4485599.9947
2024-10-12 16:00:00,446.336,447.897,445.506,447.886,4322400.0931
2024-10-12 17:00:00,445.847,447.647,445.496,446.336,2446799.9935
2024-10-12 18:00:00,444.627,446.006,444.116,445.857,2016000.0324
2024-10-12 19:00:00,442.366,444.767,441.546,444.626,3626399.9939
2024-10-12 20:00:00,443.357,443.537,441.656,442.396,5388000.0114
2024-11-01 14:00:00,386.987,390.606,385.146,385.987,8596799.8505
2024-11-01 15:00:00,382.906,387.176,382.696,387.076,14920800.209
2024-11-01 16:00:00,380.886,383.056,380.316,382.886,12469200.1343
2024-11-01 17:00:00,382.146,382.807,380.606,380.916,9385199.5468
2024-11-01 18:00:00,384.646,384.647,381.976,382.096,9880800.2472
2024-11-01 19:00:00,385.246,385.497,384.056,384.657,9676799.7742
2024-11-01 20:00:00,384.567,385.337,384.086,385.267,11949600.2197
2024-11-03 13:00:00,401.907,404.297,401.726,403.636,8089200.0198
2024-11-03 14:00:00,403.747,404.567,401.226,401.907,11859600.0671
2024-11-03 15:00:00,403.847,404.097,402.086,403.706,11005200.386
2024-11-03 16:00:00,404.056,404.247,402.666,403.846,9314399.7192
2024-11-03 17:00:00,404.416,404.966,403.266,404.067,10644000.0534
2024-11-03 18:00:00,405.167,405.627,404.126,404.486,8653200.1495
2024-11-03 19:00:00,404.486,405.377,404.007,405.126,9996000.2899
2024-11-04 13:00:00,424.367,426.606,424.006,425.897,3955499.8875
2024-11-04 14:00:00,423.817,424.537,422.327,424.376,6426899.91
2024-11-04 15:00:00,425.947,426.026,423.666,423.816,4855500.2213
2024-11-04 16:00:00,424.937,426.416,424.886,425.966,3969000.1011
2024-11-04 17:00:00,428.016,428.196,424.556,424.966,5192999.8398
2024-11-04 18:00:00,428.796,429.327,428.016,428.056,4281300.0679
2024-11-04 19:00:00,427.797,429.276,427.797,428.787,5300099.8497
2024-11-06 13:00:00,426.406,427.256,425.246,425.536,2996099.9489
2024-11-06 14:00:00,428.086,428.207,425.457,426.486,5215499.8779
2024-11-06 15:00:00,428.327,428.746,427.436,428.066,4607100.0099
2024-11-06 16:00:00,427.777,428.367,427.186,428.317,3315599.9184
2024-11-06 17:00:00,429.106,429.127,427.677,427.796,3557699.9187
2024-11-06 18:00:00,431.027,431.067,429.017,429.067,3941999.9123
2024-11-06 19:00:00,432.636,432.717,430.756,431.046,5336999.8932
2024-11-07 13:00:00,461.126,464.627,460.866,463.466,2605499.9828
2024-11-07 14:00:00,454.937,461.846,453.246,461.007,6495299.8161
2024-11-07 15:00:00,453.206,455.427,451.527,454.937,6021900.177
2024-11-07 16:00:00,454.477,456.246,452.776,453.206,5170499.8016
2024-11-07 17:00:00,452.847,455.536,452.446,454.477,3791699.8863
2024-11-07 18:00:00,454.306,455.047,452.837,452.856,3201299.9058
2024-11-07 19:00:00,454.717,455.857,454.067,454.316,5634900.0931
2024-11-09 13:00:00,415.187,416.877,414.236,414.796,4574399.9481
2024-11-09 14:00:00,410.366,415.257,409.676,415.236,9067199.707
2024-11-09 15:00:00,413.767,413.977,409.527,410.286,6621600.1511
2024-11-09 16:00:00,415.916,416.486,413.566,413.787,6554399.9672
2024-11-09 17:00:00,418.346,419.456,415.736,415.926,5861999.9886
2024-11-09 18:00:00,420.587,420.967,418.156,418.346,6292799.9496
2024-11-09 19:00:00,422.737,423.937,420.126,420.617,7754399.7765
2024-11-10 13:00:00,414.927,415.967,413.226,415.676,3086400.032
2024-11-10 14:00:00,415.357,417.087,414.496,414.927,5509200.0961
2024-11-10 15:00:00,415.456,415.937,414.906,415.367,5024400.2342
2024-11-10 16:00:00,414.317,415.477,413.306,415.456,3441600.0843
2024-11-10 17:00:00,414.427,414.947,414.156,414.327,2653199.9111
2024-11-10 18:00:00,415.716,415.716,414.406,414.417,2877599.9546
2024-11-10 19:00:00,416.207,416.487,415.626,415.707,4432799.8161
2024-11-11 14:00:00,422.826,424.726,421.856,422.586,3745199.9187
2024-11-11 15:00:00,419.297,423.116,419.296,422.956,5893199.9207
2024-11-11 16:00:00,418.676,419.347,415.997,419.306,4496399.8795
2024-11-11 17:00:00,417.327,419.107,417.217,418.676,3040800.0946
2024-11-11 18:00:00,419.337,419.856,416.676,417.266,3937200.0694
2024-11-11 19:00:00,419.197,419.587,418.876,419.287,2592000.0076
2024-11-11 20:00:00,418.077,419.607,417.116,419.167,4207200.0504
2024-11-12 14:00:00,446.017,446.366,443.996,444.476,2851200.1038
2024-11-12 15:00:00,448.377,449.347,445.397,446.036,4844399.929
2024-11-12 16:00:00,449.217,450.276,448.357,448.387,3119999.8856
2024-11-12 17:00:00,449.397,449.936,448.926,449.236,2014800.0717
2024-11-12 18:00:00,449.196,449.867,448.676,449.396,1834800.005
2024-11-12 19:00:00,448.376,449.497,447.846,449.197,1692000.0315
2024-11-12 20:00:00,448.837,449.647,448.387,448.387,3177599.9069
2024-12-01 14:00:00,385.216,387.156,384.856,385.537,6423600.1968
2024-12-01 15:00:00,386.976,386.996,384.627,385.226,12488400.4593
2024-12-01 16:00:00,386.406,388.457,386.276,386.947,8804400.444
2024-12-01 17:00:00,387.227,387.466,386.077,386.406,7007999.897
2024-12-01 18:00:00,388.287,388.366,387.226,387.247,6068399.9062
2024-12-01 19:00:00,387.916,388.666,387.547,388.286,7396800.0412
2024-12-01 20:00:00,388.407,388.657,387.187,387.906,8361599.9222
2024-12-02 14:00:00,417.116,420.577,417.096,420.447,5426400.1846
2024-12-02 15:00:00,419.046,419.206,416.746,417.097,8186400.4135
2024-12-02 16:00:00,419.126,419.666,417.997,419.067,8586000.4425
2024-12-02 17:00:00,419.077,419.347,418.227,419.127,8467200.2792
2024-12-02 18:00:00,417.187,419.156,416.496,419.077,9765600.2045
2024-12-02 19:00:00,414.967,417.266,414.777,417.186,13258799.5529
2024-12-02 20:00:00,415.246,416.147,414.727,414.947,10052399.6353
2024-12-03 13:00:00,409.597,409.617,406.776,407.717,7254000.1869
2024-12-03 14:00:00,413.227,414.426,409.496,409.596,12982799.53
2024-12-03 15:00:00,413.187,414.136,412.567,413.226,10051199.913
2024-12-03 16:00:00,412.456,413.677,411.747,413.187,6687600.1358
2024-12-03 17:00:00,414.066,414.857,411.517,412.416,5816400.0511
2024-12-03 18:00:00,414.807,415.467,413.896,414.066,4498799.8009
2024-12-03 19:00:00,415.197,415.526,414.366,414.806,7264800.0717
2024-12-04 13:00:00,424.747,425.106,422.496,424.117,4229100.2274
2024-12-04 14:00:00,420.967,424.847,420.706,424.797,7111800.1938
2024-12-04 15:00:00,423.817,424.437,420.876,420.976,4642199.9931
2024-12-04 16:00:00,421.056,424.226,421.056,423.817,5196599.9603
2024-12-04 17:00:00,420.687,421.667,419.746,421.066,5523300.1709
2024-12-04 18:00:00,421.087,422.206,420.386,420.627,6131700.0389
2024-12-04 19:00:00,421.786,422.226,420.787,421.086,6872399.807
2024-12-06 13:00:00,437.966,438.467,433.216,435.146,4292099.9527
2024-12-06 14:00:00,437.947,438.346,436.166,437.997,5261400.2228
2024-12-06 15:00:00,438.796,439.526,437.346,437.976,4119299.8886
2024-12-06 16:00:00,439.246,439.277,438.036,438.777,2926800.0126
2024-12-06 17:00:00,439.566,440.376,438.666,439.256,3123899.9367
2024-12-06 18:00:00,440.666,440.696,438.416,439.567,8200799.942
2024-12-06 19:00:00,440.976,443.377,439.596,440.667,9794699.6689
2024-12-07 13:00:00,453.356,454.057,450.587,454.057,3326400.0416
2024-12-07 14:00:00,454.077,454.797,452.346,453.336,4026599.884
2024-12-07 15:00:00,453.627,454.936,453.566,454.006,2791800.0221
2024-12-07 16:00:00,453.667,454.117,452.706,453.577,3047399.9977
2024-12-07 17:00:00,455.697,456.326,453.576,453.666,2610899.9252
2024-12-07 18:00:00,455.787,455.846,454.906,455.706,2465100.05
2024-12-07 19:00:00,453.487,456.286,452.056,455.786,5202000.1411
2024-12-08 13:00:00,404.657,408.267,404.396,407.007,4778399.9443
2024-12-08 14:00:00,407.067,407.067,404.187,404.657,7054800.0336
2024-12-08 15:00:00,408.297,408.306,404.347,407.096,8149200.4395
2024-12-08 16:00:00,405.806,408.756,405.786,408.287,5632800.1022
2024-12-08 17:00:00,405.996,407.787,405.226,405.797,6092400.074
2024-12-08 18:00:00,406.277,406.477,405.476,406.017,4682400.2266
2024-12-08 19:00:00,406.857,406.936,405.087,406.267,7458000.1831
2024-12-09 13:00:00,420.967,423.986,420.126,423.237,4435200.2144
2024-12-09 14:00:00,420.156,422.916,419.946,421.006,7895999.9084
2024-12-09 15:00:00,419.986,421.827,419.727,420.156,6298799.9916
2024-12-09 16:00:00,422.716,422.937,419.776,419.946,4436399.9367
2024-12-09 17:00:00,425.946,425.946,422.426,422.686,4238399.9825
2024-12-09 18:00:00,426.327,427.317,424.096,425.917,5085599.8993
2024-12-09 19:00:00,427.017,427.057,425.396,426.326,6673200.1305
2024-12-11 14:00:00,418.617,420.457,417.067,417.496,3109200.0008
2024-12-11 15:00:00,418.937,420.266,417.696,418.727,5601600.1701
2024-12-11 16:00:00,419.897,420.347,418.937,418.937,4426799.7742
2024-12-11 17:00:00,419.686,421.687,419.676,419.897,4167600.1549
2024-12-11 18:00:00,422.817,423.117,419.576,419.687,4512000.0839
2024-12-11 19:00:00,423.686,423.816,422.716,422.796,4490399.8375
2024-12-11 20:00:00,423.156,424.397,422.566,423.686,6929999.8283
2024-12-12 14:00:00,452.086,453.497,449.267,449.856,4012800.2167
2024-12-12 15:00:00,455.287,455.706,450.467,452.086,5744400.0244
2024-12-12 16:00:00,453.297,456.116,452.806,455.277,3538800.0011
2024-12-12 17:00:00,454.396,455.167,453.296,453.296,2631599.9031
2024-12-12 18:00:00,453.107,454.636,453.016,454.347,2227200.0313
2024-12-12 19:00:00,451.807,453.496,451.716,453.136,2250000.0
2024-12-12 20:00:00,449.437,452.107,449.106,451.747,4174799.9191
2025-01-04 13:00:00,378.227,378.646,373.196,374.167,2791199.9226
2025-01-04 14:00:00,380.277,380.476,375.596,378.197,5234399.7955
2025-01-04 15:00:00,381.116,381.856,380.007,380.266,4901999.9504
2025-01-04 16:00:00,380.986,382.317,379.576,381.117,4300799.8466
2025-01-04 17:00:00,379.797,381.347,379.766,380.927,3932399.9882
2025-01-04 18:00:00,380.416,380.427,378.236,379.837,4268400.1923
2025-01-04 19:00:00,382.067,382.796,379.926,380.417,7366799.8314
2025-01-05 13:00:00,430.526,436.387,430.076,431.336,5167200.0885
2025-01-05 14:00:00,431.936,432.547,428.506,430.506,7809599.8764
2025-01-05 15:00:00,429.046,433.487,428.096,431.897,5131199.8367
2025-01-05 16:00:00,427.697,430.707,427.616,429.077,5245200.1572
2025-01-05 17:00:00,429.596,429.986,427.596,427.657,4006800.1747
2025-01-05 18:00:00,430.666,431.866,429.237,429.607,3767999.8875
2025-01-05 19:00:00,425.087,430.936,424.697,430.667,6210000.0381
2025-02-01 14:00:00,425.217,425.807,422.636,425.337,2716799.9744
2025-02-01 15:00:00,421.716,425.807,420.486,425.296,4895999.9084
2025-02-01 16:00:00,421.507,422.307,420.276,421.757,3186000.1087
2025-02-01 17:00:00,416.007,421.847,414.806,421.506,4759200.0961
2025-02-01 18:00:00,415.677,416.716,414.846,416.007,3737999.9161
2025-02-01 19:00:00,416.356,417.797,415.366,415.726,3214799.881
2025-02-01 20:00:00,418.407,418.887,416.416,416.416,5594399.929
2025-02-04 13:00:00,381.367,382.357,376.566,378.006,2138400.0778
2025-02-04 14:00:00,381.706,382.377,379.177,381.336,4176000.1183
2025-02-04 15:00:00,381.237,382.616,380.186,381.687,4233600.1396
2025-02-04 16:00:00,384.027,384.266,381.106,381.236,3981600.0462
2025-02-04 17:00:00,382.107,384.987,381.596,384.067,3820800.066
2025-02-04 18:00:00,380.387,382.087,380.216,382.076,5007599.8306
2025-02-04 19:00:00,382.117,383.996,380.377,380.377,8635199.5468
2025-02-05 13:00:00,436.617,437.347,429.806,432.007,4081200.1228
2025-02-05 14:00:00,435.066,439.396,434.397,436.707,7330800.0565
2025-02-05 15:00:00,436.016,436.167,433.797,435.027,4638000.0114
2025-02-05 16:00:00,437.606,438.107,435.486,436.017,4528800.0107
2025-02-05 17:00:00,436.547,437.986,435.607,437.656,3486000.061
2025-02-05 18:00:00,435.537,437.267,434.726,436.497,3633599.9966
2025-02-05 19:00:00,434.937,435.947,434.566,435.557,6355199.8138
2025-02-06 13:00:00,460.766,461.067,456.886,457.516,2846400.0004000003
2025-02-06 14:00:00,460.917,460.947,458.347,460.616,4374000.0181
2025-02-06 15:00:00,461.277,461.447,459.996,460.856,3622800.0055
2025-02-06 16:00:00,461.357,461.447,460.536,461.256,3001200.0001000003
2025-02-06 17:00:00,460.506,462.037,460.216,461.377,2892000.0177
2025-02-06 18:00:00,461.476,461.647,460.146,460.507,3204000.003699999
2025-02-06 19:00:00,462.016,462.016,460.857,461.467,5758800.022300002
2025-03-01 14:00:00,422.226,422.697,420.496,420.997,2408400.0587
2025-03-01 15:00:00,421.247,423.666,420.136,422.336,4051199.913
2025-03-01 16:00:00,421.516,422.617,419.536,421.247,2636399.9844
2025-03-01 17:00:00,421.966,422.187,420.876,421.526,1896000.0277
2025-03-01 18:00:00,422.856,423.836,421.496,421.966,1965600.0137
2025-03-01 19:00:00,423.196,424.007,422.266,422.767,1874400.0196
2025-03-01 20:00:00,423.447,423.807,421.586,423.177,5512800.2167
2025-03-02 14:00:00,411.357,414.637,409.096,411.426,4178400.0397
2025-03-02 15:00:00,412.976,413.537,408.656,411.326,8066399.5743
2025-03-02 16:00:00,411.046,413.587,410.296,412.897,5138400.0778
2025-03-02 17:00:00,411.907,412.497,410.527,411.077,4406400.2037
2025-03-02 18:00:00,414.857,414.906,411.316,411.907,4188000.2022
2025-03-02 19:00:00,414.057,415.367,413.906,414.817,3356400.013
2025-03-02 20:00:00,410.946,414.227,410.706,414.076,6847199.9168
2025-03-03 14:00:00,393.007,397.616,393.006,397.477,2794800.0431
2025-03-03 15:00:00,394.037,395.267,392.086,393.197,5312399.8642
2025-03-03 16:00:00,394.667,395.777,393.046,394.057,6189599.9908
2025-03-03 17:00:00,395.167,395.926,394.246,394.667,5095200.0618
2025-03-03 18:00:00,393.577,395.336,392.146,395.126,5995200.1572
2025-03-03 19:00:00,392.336,395.017,391.456,393.536,5592000.0076
2025-03-03 20:00:00,388.507,392.367,386.116,392.367,9864000.3204
2025-03-04 13:00:00,372.816,375.836,369.266,375.526,4275599.9565
2025-03-04 14:00:00,371.537,375.107,371.196,372.717,6228000.164
2025-03-04 15:00:00,374.916,375.697,371.126,371.537,6677999.9733
2025-03-04 16:00:00,376.277,377.347,374.836,374.896,6078000.0687
2025-03-04 17:00:00,376.396,377.407,375.496,376.326,5906400.2037
2025-03-04 18:00:00,375.517,376.767,374.996,376.356,5997600.0786
2025-03-04 19:00:00,373.156,375.857,372.596,375.516,10065600.3952
2025-03-06 13:00:00,462.336,463.797,461.216,461.897,2781600.0167999994
2025-03-06 14:00:00,461.886,463.146,460.836,462.376,3754800.0178
2025-03-06 15:00:00,462.536,462.817,461.887,461.887,3088800.0112
2025-03-06 16:00:00,462.697,463.057,461.996,462.587,2107200.0113000004
2025-03-06 17:00:00,462.456,463.377,462.226,462.677,2457599.9990000003
2025-03-06 18:00:00,463.316,463.537,461.756,462.546,3693599.979800001
2025-03-06 19:00:00,463.017,463.606,462.526,463.316,7195200.010899999
2025-04-02 14:00:00,411.216,412.136,409.837,412.136,3342000.0076
2025-04-02 15:00:00,413.166,413.857,411.196,411.267,4444799.9001
2025-04-02 16:00:00,412.517,413.606,412.156,413.167,2713200.0923
2025-04-02 17:00:00,411.707,412.976,410.627,412.527,3575999.9752
2025-04-02 18:00:00,411.567,411.867,410.796,411.656,2335200.0713
2025-04-02 19:00:00,412.527,412.857,411.326,411.527,2719199.8959
2025-04-02 20:00:00,412.216,412.846,411.346,412.517,5065199.852
2025-04-03 14:00:00,383.916,387.436,380.996,382.996,4437600.1358
2025-04-03 15:00:00,384.836,385.576,381.506,383.897,8399999.6185
2025-04-03 16:00:00,384.837,385.967,383.496,384.887,4797599.7925
2025-04-03 17:00:00,384.697,385.977,384.196,384.836,4639200.2106
2025-04-03 18:00:00,387.307,387.707,384.227,384.627,5199600.2197
2025-04-03 19:00:00,390.317,391.107,387.216,387.306,5381999.9695
2025-04-03 20:00:00,388.497,392.506,387.046,390.316,7808400.1541
2025-04-04 13:00:00,372.316,372.677,364.117,365.497,5061600.2083
2025-04-04 14:00:00,367.886,374.386,365.506,372.306,11555999.7559
2025-04-04 15:00:00,367.006,372.717,366.326,367.886,9802800.1785
2025-04-04 16:00:00,364.427,369.197,362.996,367.056,7458000.1831
2025-04-04 17:00:00,365.476,366.196,362.746,364.416,7258800.0298
2025-04-04 18:00:00,360.856,366.466,360.017,365.517,8020799.6368
2025-04-04 19:00:00,359.787,365.857,359.447,360.837,10772399.9023
2025-04-06 13:00:00,465.386,465.547,462.996,463.536,3356400.0128000006
2025-04-06 14:00:00,464.757,465.496,463.726,465.176,5603999.983200001
2025-04-06 15:00:00,464.726,465.107,464.346,464.756,3500400.0084
2025-04-06 16:00:00,464.147,464.836,463.616,464.746,3196800.0123000005
2025-04-06 17:00:00,464.737,464.886,464.066,464.127,2776800.0071
2025-04-06 18:00:00,464.406,465.067,464.097,464.747,2849999.991199999
2025-04-06 19:00:00,463.896,464.497,463.307,464.337,6141600.012399999
2025-05-02 14:00:00,410.686,413.646,410.597,411.727,3665999.8894
2025-05-02 15:00:00,411.437,411.886,410.376,410.936,4645199.7757
2025-05-02 16:00:00,413.226,413.476,411.226,411.427,3032399.8928
2025-05-02 17:00:00,412.846,413.777,412.237,413.227,2033999.9199
2025-05-02 18:00:00,412.507,413.167,411.756,412.876,2016000.0324
2025-05-02 19:00:00,412.826,413.477,412.416,412.466,1914000.0343
2025-05-02 20:00:00,413.066,413.297,411.977,412.826,4402800.0832
2025-05-03 14:00:00,389.106,391.817,388.786,388.797,2767199.9931
2025-05-03 15:00:00,392.426,393.237,389.126,389.126,4669199.9435
2025-05-03 16:00:00,392.067,392.646,390.007,392.387,4707600.1167
2025-05-03 17:00:00,396.866,396.887,391.896,392.066,6409200.1915
2025-05-03 18:00:00,396.667,397.117,394.096,396.867,6035999.7749
2025-05-03 19:00:00,399.797,399.977,396.226,396.696,5892000.1984
2025-05-03 20:00:00,400.607,401.627,398.796,399.797,8461199.7604
2025-05-05 13:00:00,436.187,436.446,432.546,432.797,2324399.9481
2025-05-05 14:00:00,437.346,437.347,434.466,436.186,4596000.1945
2025-05-05 15:00:00,437.437,437.986,436.056,437.347,3142800.0927
2025-05-05 16:00:00,438.967,439.467,437.146,437.446,2997600.0786
2025-05-05 17:00:00,437.886,439.327,437.886,438.967,2968800.0679
2025-05-05 18:00:00,438.087,438.647,437.676,437.886,2276400.0893
2025-05-05 19:00:00,436.176,438.157,435.037,438.086,4960800.1709
2025-05-06 13:00:00,464.657,467.327,464.016,466.027,3100799.9965
2025-05-06 14:00:00,466.567,467.366,464.396,464.776,5023200.0571
2025-05-06 15:00:00,467.917,468.276,466.466,466.566,3697200.0151
2025-05-06 16:00:00,466.547,468.677,466.396,467.926,4605600.0126
2025-05-06 17:00:00,467.666,467.926,466.166,466.526,4227600.007899999
2025-05-06 18:00:00,469.306,469.517,466.486,467.696,5528400.029999998
2025-05-06 19:00:00,467.606,469.617,466.707,469.337,12148799.993399996
2025-06-01 14:00:00,430.887,431.867,426.796,428.006,3553200.0065
2025-06-01 15:00:00,432.167,434.226,430.416,430.886,4930799.9611
2025-06-01 16:00:00,431.187,432.276,430.897,432.127,2581199.8844
2025-06-01 17:00:00,428.686,431.967,428.546,431.187,2643599.987
2025-06-01 18:00:00,425.997,428.747,425.776,428.686,3337199.9264
2025-06-01 19:00:00,425.986,427.127,425.426,425.997,2680799.9611
2025-06-01 20:00:00,427.887,428.006,425.786,425.987,5486400.1274
2025-06-02 14:00:00,417.166,418.017,414.046,414.047,3307199.955
2025-06-02 15:00:00,416.957,417.806,416.176,417.167,3243599.8917
2025-06-02 16:00:00,416.636,418.167,416.296,417.016,2417999.9828
2025-06-02 17:00:00,416.676,417.187,415.896,416.636,2098799.9439
2025-06-02 18:00:00,415.496,416.887,415.376,416.676,2287199.9741
2025-06-02 19:00:00,415.016,416.326,414.606,415.477,3183599.9489
2025-06-02 20:00:00,415.837,415.927,414.066,414.996,5235599.9947
2025-06-03 14:00:00,397.096,397.987,393.256,393.747,2840399.9805
2025-06-03 15:00:00,400.147,401.967,396.796,397.096,6090000.1526
2025-06-03 16:00:00,396.596,401.817,396.596,400.146,5456399.9176
2025-06-03 17:00:00,397.427,397.756,395.096,396.597,5312399.8642
2025-06-03 18:00:00,396.757,398.147,395.836,397.327,6169199.9435
2025-06-03 19:00:00,394.956,397.047,394.177,396.756,6909599.781
2025-06-03 20:00:00,396.866,397.846,394.307,394.847,9041999.8169
2025-06-05 13:00:00,433.467,435.026,432.106,432.106,2318399.9062
2025-06-05 14:00:00,435.626,436.157,432.706,433.466,3746400.1179
2025-06-05 15:00:00,435.796,436.687,435.336,435.627,2859600.0671
2025-06-05 16:00:00,435.646,437.577,435.016,435.817,3849600.0767
2025-06-05 17:00:00,434.576,436.717,434.356,435.677,3088799.9535
2025-06-05 18:00:00,435.646,435.957,434.346,434.506,3273600.1015
2025-06-05 19:00:00,433.237,435.707,433.186,435.586,5324399.9481
2025-06-06 13:00:00,472.116,472.627,469.076,470.486,4226400.006599999
2025-06-06 14:00:00,471.057,473.277,471.046,472.116,5192400.0173
2025-06-06 15:00:00,470.677,471.846,469.496,471.047,4395600.0207
2025-06-06 16:00:00,469.417,470.987,468.726,470.667,3886800.0132
2025-06-06 17:00:00,470.897,471.227,469.316,469.476,3564000.019500001
2025-06-06 18:00:00,471.046,471.757,470.866,470.907,3142800.006699999
2025-06-06 19:00:00,470.086,471.377,470.066,471.017,7110000.018199998
2025-07-01 14:00:00,430.296,430.487,427.667,427.837,1276800.0364
2025-07-01 15:00:00,426.896,430.247,425.496,430.157,4150800.2281
2025-07-01 16:00:00,424.487,427.147,424.337,426.956,3331199.8844
2025-07-01 17:00:00,423.726,424.887,422.706,424.486,2422800.0641
2025-07-01 18:00:00,423.326,424.457,422.896,423.646,2003999.9485
2025-07-01 19:00:00,423.666,424.567,423.117,423.337,1401600.0032
2025-07-01 20:00:00,422.377,423.807,420.796,423.667,5280000.2098
2025-07-02 14:00:00,416.997,418.577,415.386,415.966,3068399.9062
2025-07-02 15:00:00,411.927,416.797,410.576,416.796,7971600.0557
2025-07-02 16:00:00,410.527,412.427,410.256,412.046,6857999.8016
2025-07-02 17:00:00,410.306,411.286,409.516,410.526,5274000.1678
2025-07-02 18:00:00,409.007,411.236,408.906,410.337,3547199.9645
2025-07-02 19:00:00,408.716,409.227,408.076,408.966,4178400.0397
2025-07-02 20:00:00,409.707,410.337,408.306,408.706,6403200.1495
2025-07-03 14:00:00,392.427,394.716,390.746,391.646,3065999.9847
2025-07-03 15:00:00,390.617,393.817,388.346,392.296,7633200.1686
2025-07-03 16:00:00,386.476,390.606,385.747,390.606,7590000.1526
2025-07-03 17:00:00,388.287,390.447,385.496,386.517,7106400.013
2025-07-03 18:00:00,391.636,391.716,388.186,388.287,6410399.9138
2025-07-03 19:00:00,393.056,394.197,391.297,391.637,5901599.884
2025-07-03 20:00:00,393.286,394.217,390.246,392.976,7574399.9481
2025-07-04 13:00:00,353.267,354.147,344.726,354.147,4984799.8619
2025-07-04 14:00:00,360.296,370.476,349.676,353.197,7817999.8398
2025-07-04 15:00:00,355.767,361.877,350.286,360.297,7221600.0557
2025-07-04 16:00:00,352.397,357.426,352.086,355.777,6515999.794
2025-07-04 17:00:00,360.307,360.656,352.376,352.397,6344399.929
2025-07-04 18:00:00,357.167,361.446,356.876,360.306,7089600.0862
2025-07-04 19:00:00,357.726,358.977,354.706,357.117,7483200.0732
2025-07-05 13:00:00,434.497,434.987,432.296,433.606,2683199.8825
2025-07-05 14:00:00,431.947,435.577,431.056,434.547,4132800.1022
2025-07-05 15:00:00,433.676,434.476,431.226,431.947,4269599.9146
2025-07-05 16:00:00,435.856,436.046,433.256,433.667,2912400.0072
2025-07-05 17:00:00,434.647,436.137,433.846,435.847,3152400.0168
2025-07-05 18:00:00,436.056,436.157,432.067,434.507,6333600.0443
2025-07-05 19:00:00,433.146,438.056,432.987,436.027,8240400.3143
2025-08-01 14:00:00,425.507,425.766,422.696,423.567,2338799.9535
2025-08-01 15:00:00,426.036,426.786,424.547,425.506,3456000.0896
2025-08-01 16:00:00,424.747,426.277,424.346,426.036,2213999.9866
2025-08-01 17:00:00,422.526,424.877,421.506,424.756,2791199.9226
2025-08-01 18:00:00,423.617,424.487,422.477,422.527,2181600.0938
2025-08-01 19:00:00,423.456,425.226,422.946,423.617,2205600.0233
2025-08-01 20:00:00,424.296,425.117,423.046,423.466,4387199.8787
2025-08-04 13:00:00,371.757,371.906,366.896,367.997,3554399.9672
2025-08-04 14:00:00,369.337,373.537,368.917,371.756,7039199.8291
2025-08-04 15:00:00,366.797,369.977,365.636,369.327,5177999.9733
2025-08-04 16:00:00,360.797,366.797,360.006,366.797,5672399.9977
2025-08-04 17:00:00,361.046,362.627,358.076,360.696,7032000.0648
2025-08-04 18:00:00,358.797,361.556,357.366,361.027,5732399.9405
2025-08-04 19:00:00,355.166,359.036,350.276,358.797,9612000.4654
2025-08-05 13:00:00,437.896,440.927,436.656,437.797,2750400.0664
2025-08-05 14:00:00,436.906,438.637,435.596,437.966,4779600.1434
2025-08-05 15:00:00,441.737,443.426,436.047,436.727,5793600.0824
2025-08-05 16:00:00,443.036,443.407,441.676,441.676,3931200.0275
2025-08-05 17:00:00,441.987,443.626,441.766,442.996,3456000.0896
2025-08-05 18:00:00,442.047,443.337,441.866,441.996,3732000.1125
2025-08-05 19:00:00,438.296,442.667,437.646,442.077,7481999.8741
2025-09-04 13:00:00,360.726,361.697,353.757,354.976,3017999.8875
2025-09-04 14:00:00,357.626,362.837,357.296,360.726,6700799.942
2025-09-04 15:00:00,360.967,362.796,357.496,357.617,5583600.0443
2025-09-04 16:00:00,365.887,366.387,360.216,360.907,5168399.8108
2025-09-04 17:00:00,383.847,386.867,362.677,365.887,5356800.0793
2025-09-04 18:00:00,382.807,385.847,381.277,383.846,6768000.1259
2025-09-04 19:00:00,390.417,393.137,382.017,382.716,10130399.704
2025-09-05 13:00:00,439.027,440.156,437.757,439.697,1941599.9651
2025-09-05 14:00:00,437.316,439.186,436.196,438.987,4287600.0404
2025-09-05 15:00:00,437.677,437.897,436.396,437.356,3058799.9821
2025-09-05 16:00:00,436.706,437.667,435.846,437.647,2343600.0347
2025-09-05 17:00:00,437.896,437.937,436.066,436.717,2613600.0156
2025-09-05 18:00:00,438.737,439.067,437.307,437.866,2590800.0469
2025-09-05 19:00:00,438.527,439.646,438.406,438.767,4971600.0557
2025-09-06 13:00:00,469.337,471.127,468.576,469.696,2234400.0153999995
2025-09-06 14:00:00,470.017,471.077,469.426,469.426,4730399.9810000025
2025-09-06 15:00:00,470.597,471.147,469.696,470.036,3464400.0079
2025-09-06 16:00:00,471.816,472.427,469.996,470.627,3462000.0103
2025-09-06 17:00:00,472.557,472.877,471.666,471.817,2443199.9906
2025-09-06 18:00:00,473.306,473.397,472.366,472.527,2748000.0220000003
2025-09-06 19:00:00,472.496,473.407,472.186,473.316,6296400.014499998
2025-10-01 14:00:00,419.577,424.557,418.616,424.527,3211199.9989
2025-10-01 15:00:00,417.896,419.837,414.996,419.386,5328000.0687
2025-10-01 16:00:00,416.416,418.197,416.126,417.957,3080399.9901
2025-10-01 17:00:00,419.826,420.287,416.117,416.487,2218800.0679
2025-10-01 18:00:00,423.056,423.196,419.327,419.797,2653199.9111
2025-10-01 19:00:00,421.067,423.127,420.316,423.056,2349600.0767
2025-10-01 20:00:00,418.907,421.617,418.736,420.906,5284800.0526
2025-10-02 14:00:00,412.247,414.097,411.696,413.166,2598000.0496
2025-10-02 15:00:00,414.857,414.937,412.246,412.276,3742799.9973
2025-10-02 16:00:00,414.257,415.427,413.916,414.867,2240400.0759
2025-10-02 17:00:00,412.616,414.247,411.847,414.207,2282399.8928
2025-10-02 18:00:00,412.436,413.057,412.196,412.646,1740000.0095
2025-10-02 19:00:00,411.726,412.456,411.466,412.387,2090399.9805
2025-10-02 20:00:00,412.106,412.286,410.896,411.726,4905600.071
2025-10-03 13:00:00,385.147,386.257,383.246,385.457,3184799.9096
2025-10-03 14:00:00,379.627,386.246,379.196,385.087,8024399.7574
2025-10-03 15:00:00,380.806,382.147,378.796,379.676,7392000.1984
2025-10-03 16:00:00,380.877,382.587,380.086,380.807,5242800.2357
2025-10-03 17:00:00,379.416,381.257,378.856,380.877,7268400.1923
2025-10-03 18:00:00,378.646,380.167,378.226,379.416,7047599.7925
2025-10-03 19:00:00,379.736,380.757,377.196,378.577,9933600.4257
2025-10-04 13:00:00,380.357,383.816,379.206,382.507,2993999.958
2025-10-04 14:00:00,379.357,381.147,377.596,380.356,5995200.1572
2025-10-04 15:00:00,374.246,381.107,374.006,379.317,4679999.8283
2025-10-04 16:00:00,374.247,374.686,367.777,374.246,5914800.1671
2025-10-04 17:00:00,375.997,377.437,368.996,374.247,5008800.0298
2025-10-04 18:00:00,379.096,380.666,373.516,376.206,5782800.1976
2025-10-04 19:00:00,381.107,383.337,377.376,379.136,7558800.2205
2025-10-06 13:00:00,470.026,472.717,468.316,471.177,2612400.0212
2025-10-06 14:00:00,468.976,470.867,468.946,470.106,3758399.9967
2025-10-06 15:00:00,468.497,469.296,466.897,469.007,4185600.008899999
2025-10-06 16:00:00,469.746,469.866,468.456,468.487,2859600.0018
2025-10-06 17:00:00,468.746,470.137,468.706,469.767,2804399.9983999985
2025-10-06 18:00:00,469.867,470.256,467.826,468.747,3546000.0241
2025-10-06 19:00:00,470.916,470.997,469.636,469.877,5818800.024699999
2025-11-02 14:00:00,410.937,410.996,409.266,409.296,2558399.9157
2025-11-02 15:00:00,411.597,412.426,410.606,411.007,3305999.9943
2025-11-02 16:00:00,410.336,411.776,410.266,411.666,2431200.0275
2025-11-02 17:00:00,410.036,410.557,409.506,410.326,2665199.995
2025-11-02 18:00:00,410.216,410.697,409.536,410.026,2101200.1038
2025-11-02 19:00:00,410.906,411.197,410.076,410.217,2322000.0267
2025-11-02 20:00:00,411.496,411.857,410.897,410.906,5929200.1724
2025-11-03 13:00:00,381.416,382.567,378.896,379.096,3569999.9332
2025-11-03 14:00:00,381.976,384.276,380.176,381.396,8093999.8627
2025-11-03 15:00:00,381.836,385.886,381.667,381.967,6700799.942
2025-11-03 16:00:00,379.346,381.867,378.756,381.817,6953999.9962
2025-11-03 17:00:00,378.987,379.707,376.866,379.326,7153200.1495
2025-11-03 18:00:00,383.906,384.506,378.926,379.036,8018400.1923
2025-11-03 19:00:00,380.256,385.216,380.126,383.906,9314399.7192
2025-11-04 13:00:00,384.757,385.886,380.716,380.856,2950799.942
2025-11-04 14:00:00,382.497,384.847,378.786,384.847,4766399.8604
2025-11-04 15:00:00,385.886,386.236,380.576,382.446,3579600.0957
2025-11-04 16:00:00,387.017,388.017,385.456,386.026,3314399.9577
2025-11-04 17:00:00,388.587,389.907,384.826,386.997,4446000.0992
2025-11-04 18:00:00,388.017,389.586,387.076,388.656,4135200.0237
2025-11-04 19:00:00,387.867,389.197,387.396,387.896,6022799.9687
2025-11-06 13:00:00,472.996,473.467,469.646,469.827,3265199.9742999994
2025-11-06 14:00:00,474.946,475.446,472.496,472.917,5776799.995199999
2025-11-06 15:00:00,473.766,475.296,473.636,474.906,4450799.998400001
2025-11-06 16:00:00,474.516,474.696,473.186,473.867,4162800.0066
2025-11-06 17:00:00,473.107,475.167,472.887,474.516,3583200.005500001
2025-11-06 18:00:00,471.997,473.257,470.886,473.106,5959200.000100001
2025-11-06 19:00:00,472.766,472.937,471.516,471.976,8096400.033400001
2025-12-02 14:00:00,408.206,408.786,404.337,407.206,3484800.1003
2025-12-02 15:00:00,408.196,409.846,406.966,408.246,6481200.2182
2025-12-02 16:00:00,409.286,409.377,407.196,408.207,4402800.0832
2025-12-02 17:00:00,410.556,410.676,408.717,409.287,3268800.0202
2025-12-02 18:00:00,410.016,410.716,409.706,410.556,2396399.9748
2025-12-02 19:00:00,409.597,410.386,409.306,410.036,2419199.9435
2025-12-02 20:00:00,408.916,409.647,408.006,409.616,4567200.1839
2025-12-03 13:00:00,380.996,384.717,379.376,382.746,3910799.9802
2025-12-03 14:00:00,379.647,381.607,379.286,380.906,5965199.9474
2025-12-03 15:00:00,383.046,383.217,378.946,379.677,6567599.7734
2025-12-03 16:00:00,383.386,385.147,382.636,383.116,5968800.0679
2025-12-03 17:00:00,381.537,384.317,381.537,383.407,5993999.958
2025-12-03 18:00:00,384.496,384.927,381.406,381.557,5535600.1854
2025-12-03 19:00:00,383.207,384.407,380.566,384.407,6976799.9649
2025-12-05 13:00:00,440.957,445.837,440.146,445.417,3586800.0984
2025-12-05 14:00:00,443.827,444.516,439.777,440.957,5816400.0511
2025-12-05 15:00:00,443.287,444.257,442.396,443.827,3944400.0721
2025-12-05 16:00:00,445.596,445.777,442.646,443.286,3335999.9657
2025-12-05 17:00:00,446.937,447.316,445.457,445.597,3508800.0298
2025-12-05 18:00:00,447.147,448.377,446.316,446.967,4048799.9916
2025-12-05 19:00:00,449.086,449.147,445.826,447.146,6680399.8947
2025-12-06 13:00:00,474.956,476.036,473.506,474.836,3151200.011299999
2025-12-06 14:00:00,476.606,476.957,474.706,474.997,5756399.981300001
2025-12-06 15:00:00,477.707,478.056,476.287,476.606,6110400.0209
2025-12-06 16:00:00,478.637,479.196,477.406,477.706,6253200.005699998
2025-12-06 17:00:00,479.367,479.947,478.466,478.597,5029200.002499998
2025-12-06 18:00:00,479.817,480.107,478.946,479.377,5126399.993600001
2025-12-06 19:00:00,479.006,480.377,477.986,479.816,6645600.043299999
