date,open,high,low,close,volume
2020-01-04 13:00:00,154.918,156.227,152.497,152.998,10169699.6689
2020-01-04 14:00:00,156.318,156.548,154.518,154.928,16953601.8372
2020-01-04 15:00:00,155.057,157.747,154.607,156.318,14766486.1679
2020-01-04 16:00:00,152.808,155.128,152.787,155.058,13703576.088
2020-01-04 17:00:00,153.647,153.878,152.667,152.798,13852370.2621
2020-01-04 18:00:00,151.378,154.208,151.297,153.648,13252958.2977
2020-01-04 19:00:00,151.938,152.988,150.797,151.388,18060985.5652
2020-01-05 13:00:00,177.568,177.788,175.607,175.608,5832530.0217
2020-01-05 14:00:00,178.097,178.618,176.797,177.588,12913410.1868
2020-01-05 15:00:00,176.268,178.108,176.138,178.107,9660889.6255
2020-01-05 16:00:00,175.128,176.308,174.888,176.267,9902569.7708
2020-01-05 17:00:00,174.687,175.488,174.408,175.147,8883709.9075
2020-01-05 18:00:00,175.298,175.378,174.397,174.708,12285140.0375
2020-01-05 19:00:00,174.448,176.108,173.998,175.297,14009079.9332
2020-01-06 13:00:00,182.438,182.768,181.438,182.297,13002249.7177
2020-01-06 14:00:00,182.297,182.888,181.747,182.478,25931749.3439
2020-01-06 15:00:00,182.338,182.408,181.778,182.307,22674499.5117
2020-01-06 16:00:00,182.697,182.988,182.067,182.337,15446749.6872
2020-01-06 17:00:00,182.438,182.988,182.288,182.697,14574000.3586
2020-01-06 18:00:00,182.458,182.638,182.177,182.447,14747249.6033
2020-01-06 19:00:00,182.757,182.828,181.787,182.457,20532249.4507
2020-01-07 13:00:00,202.697,203.748,201.747,202.988,22885499.9542
2020-01-07 14:00:00,204.497,204.497,202.567,202.747,36424999.2371
2020-01-07 15:00:00,204.898,205.308,204.267,204.488,24540000.9155
2020-01-07 16:00:00,204.747,205.318,204.497,204.907,19216850.2808
2020-01-07 17:00:00,205.297,205.398,203.997,204.748,24063999.176
2020-01-07 18:00:00,205.587,205.948,205.098,205.297,27655750.2747
2020-01-07 19:00:00,204.608,206.338,204.507,205.588,30813499.4507
2020-01-09 13:00:00,225.957,226.478,224.407,225.607,66630000000.0
2020-01-09 14:00:00,226.068,226.928,225.817,225.957,119457500000.0
2020-01-09 15:00:00,226.087,226.808,225.277,226.068,109757500000.0
2020-01-09 16:00:00,224.948,226.438,224.848,226.118,72267500000.0
2020-01-09 17:00:00,225.598,226.158,224.597,224.948,91415000000.0
2020-01-09 18:00:00,226.597,226.648,225.417,225.587,69227500000.0
2020-01-09 19:00:00,227.227,227.418,226.007,226.607,105142500000.0
2020-01-10 13:00:00,212.497,213.958,211.938,213.077,75490265625.0
2020-01-10 14:00:00,212.168,212.977,211.797,212.497,203880468750.0
2020-01-10 15:00:00,212.377,213.108,211.317,212.157,189560453125.0
2020-01-10 16:00:00,212.317,212.598,211.717,212.378,138750406250.0
2020-01-10 17:00:00,212.307,212.978,211.828,212.327,128160382812.5
2020-01-10 18:00:00,213.348,213.457,211.577,212.338,178770437500.0
2020-01-10 19:00:00,212.348,213.528,211.957,213.338,168080375000.0
2020-01-12 14:00:00,213.667,215.058,213.338,214.498,96472500000.0
2020-01-12 15:00:00,213.897,214.277,213.397,213.668,163570000000.0
2020-01-12 16:00:00,214.667,214.698,213.637,213.907,140902500000.0
2020-01-12 17:00:00,215.438,215.868,214.607,214.667,113607500000.0
2020-01-12 18:00:00,216.657,216.958,215.397,215.437,86562500000.0
2020-01-12 19:00:00,216.797,217.288,216.457,216.657,96900000000.0
2020-01-12 20:00:00,216.088,216.818,215.508,216.807,148980000000.0
2020-02-01 16:00:00,159.358,159.618,159.097,159.458,8434111.5952
2020-02-01 17:00:00,159.688,159.788,159.287,159.357,6867607.1167
2020-02-01 18:00:00,159.737,159.758,159.437,159.687,4926870.8229
2020-02-01 19:00:00,160.008,160.028,159.687,159.738,5684091.0912
2020-02-01 20:00:00,160.648,160.648,159.887,160.007,7994703.7697
2020-02-03 14:00:00,165.187,166.518,163.707,164.047,17689750.6714
2020-02-03 15:00:00,164.747,165.878,162.297,165.188,31468750.0
2020-02-03 16:00:00,168.488,168.488,164.378,164.757,35861251.8311
2020-02-03 17:00:00,168.597,168.758,166.797,168.508,29097499.8474
2020-02-03 18:00:00,167.128,168.737,166.407,168.587,26369499.2065
2020-02-03 19:00:00,165.547,167.578,164.117,167.128,29995500.5646
2020-02-03 20:00:00,172.767,172.798,165.497,165.548,38104499.8169
2020-02-04 13:00:00,151.638,155.098,150.298,151.798,5811550.1404
2020-02-04 14:00:00,153.388,154.527,151.337,151.647,12042497.6349
2020-02-04 15:00:00,154.857,154.998,152.827,153.368,10318353.653
2020-02-04 16:00:00,154.237,155.438,153.708,154.818,9579635.6201
2020-02-04 17:00:00,152.928,154.908,151.807,154.257,9443845.7489
2020-02-04 18:00:00,153.028,153.068,151.297,152.928,11948699.9512
2020-02-04 19:00:00,155.308,155.378,152.507,153.027,14734487.5336
2020-02-06 13:00:00,182.478,184.207,182.297,183.998,13009750.3662
2020-02-06 14:00:00,182.298,183.438,181.898,182.468,25968750.0
2020-02-06 15:00:00,181.957,182.308,181.338,182.297,27497249.6033
2020-02-06 16:00:00,182.458,182.558,181.907,181.958,18205999.3744
2020-02-06 17:00:00,183.398,183.408,182.397,182.457,15177249.9084
2020-02-06 18:00:00,183.547,183.658,183.107,183.407,18533000.946
2020-02-06 19:00:00,184.927,184.988,183.187,183.548,24103250.5035
2020-02-07 13:00:00,207.397,207.708,204.997,205.157,23169250.4883
2020-02-07 14:00:00,207.687,207.968,206.357,207.397,45884750.3662
2020-02-07 15:00:00,207.017,207.688,206.047,207.687,42040000.9155
2020-02-07 16:00:00,207.867,207.887,206.647,207.017,33351249.6948
2020-02-07 17:00:00,207.607,207.988,207.497,207.867,25416999.8169
2020-02-07 18:00:00,207.718,207.888,207.307,207.607,26220249.176
2020-02-07 19:00:00,206.128,207.808,205.847,207.718,35409248.3521
2020-02-09 13:00:00,230.617,231.108,227.367,227.507,82300000000.0
2020-02-09 14:00:00,230.348,231.938,229.377,230.678,109197500000.0
2020-02-09 15:00:00,228.977,230.767,228.257,230.348,82082500000.0
2020-02-09 16:00:00,230.868,231.108,228.587,228.977,57430000000.0
2020-02-09 17:00:00,231.867,232.647,230.427,230.847,78975000000.0
2020-02-09 18:00:00,231.347,232.307,231.107,231.898,94017500000.0
2020-02-09 19:00:00,231.307,232.847,231.268,231.357,139780000000.0
2020-02-10 13:00:00,209.548,209.948,207.897,208.017,92180265625.0
2020-02-10 14:00:00,209.597,210.977,208.747,209.517,184920484375.0
2020-02-10 15:00:00,206.828,209.707,206.677,209.597,195940421875.0
2020-02-10 16:00:00,207.398,207.998,205.538,206.827,213440515625.0
2020-02-10 17:00:00,207.208,207.738,206.457,207.377,184047984375.0
2020-02-10 18:00:00,207.608,208.257,206.767,207.198,178537953125.0
2020-02-10 19:00:00,206.137,207.978,206.027,207.617,188790468750.0
2020-02-11 14:00:00,204.398,205.258,203.597,204.247,99050000000.0
2020-02-11 15:00:00,203.068,204.768,202.797,204.318,176100000000.0
2020-02-11 16:00:00,201.837,203.298,201.717,203.058,199987500000.0
2020-02-11 17:00:00,201.258,202.017,200.707,201.828,155760015625.0
2020-02-11 18:00:00,200.198,201.378,200.117,201.248,153280000000.0
2020-02-11 19:00:00,201.298,201.608,200.108,200.197,151280000000.0
2020-02-11 20:00:00,202.198,202.337,200.618,201.298,179230000000.0
2020-02-12 14:00:00,213.817,214.997,212.777,214.997,112140000000.0
2020-02-12 15:00:00,214.107,214.648,213.107,213.817,158435000000.0
2020-02-12 16:00:00,214.717,214.828,213.747,214.098,111170000000.0
2020-02-12 17:00:00,213.937,214.737,213.857,214.707,94265000000.0
2020-02-12 18:00:00,214.318,214.497,213.747,213.948,79195000000.0
2020-02-12 19:00:00,215.118,215.118,214.218,214.317,95587500000.0
2020-02-12 20:00:00,215.367,215.408,214.687,215.127,109167500000.0
2020-03-01 14:00:00,159.658,159.918,158.098,158.098,7757792.9497
2020-03-01 15:00:00,159.298,159.688,159.168,159.657,14541786.1938
2020-03-01 16:00:00,159.588,159.588,159.077,159.297,7064936.161
2020-03-01 17:00:00,159.697,159.938,159.447,159.587,8677636.1465
2020-03-01 18:00:00,159.368,159.768,159.138,159.698,10043730.7358
2020-03-01 19:00:00,159.547,159.588,159.097,159.368,7738138.1989
2020-03-01 20:00:00,158.737,159.678,158.658,159.548,12001485.8246
2020-03-02 14:00:00,172.208,172.208,169.897,169.897,7222873.2109
2020-03-02 15:00:00,172.558,173.108,171.937,172.218,15389378.5477
2020-03-02 16:00:00,172.558,172.938,172.068,172.567,11918864.2502
2020-03-02 17:00:00,173.858,173.988,172.397,172.557,9807140.3503
2020-03-02 18:00:00,173.808,173.907,173.287,173.858,9421804.4281
2020-03-02 19:00:00,174.267,174.348,173.418,173.808,7543227.1957
2020-03-02 20:00:00,174.367,174.488,173.767,174.268,10699632.6447
2020-03-03 14:00:00,168.788,173.798,167.987,173.748,14971750.2594
2020-03-03 15:00:00,171.608,174.858,168.637,168.788,24963750.8392
2020-03-03 16:00:00,169.867,171.827,167.007,171.588,19599500.6561
2020-03-03 17:00:00,168.068,170.427,167.497,169.867,16703500.7477
2020-03-03 18:00:00,164.037,168.068,163.947,168.068,21054000.8545
2020-03-03 19:00:00,164.778,165.428,162.198,164.048,23236499.7864
2020-03-03 20:00:00,164.137,167.307,163.497,164.778,32854999.5422
2020-03-04 13:00:00,156.258,156.868,154.418,154.998,5761394.0239
2020-03-04 14:00:00,156.037,157.348,155.057,156.347,12474419.5938
2020-03-04 15:00:00,154.777,156.458,154.467,156.078,9271776.1993
2020-03-04 16:00:00,153.527,154.977,153.007,154.768,8455337.5244
2020-03-04 17:00:00,152.557,154.188,152.347,153.537,7780896.1868
2020-03-04 18:00:00,153.548,153.738,152.178,152.537,8488637.9242
2020-03-04 19:00:00,153.808,154.748,152.597,153.548,12830116.272
2020-03-06 13:00:00,184.548,185.048,183.597,184.798,13044500.351
2020-03-06 14:00:00,184.127,184.708,183.618,184.568,25149250.0305
2020-03-06 15:00:00,184.358,184.488,183.927,184.128,23174999.2371
2020-03-06 16:00:00,184.127,184.438,183.567,184.357,18541999.8169
2020-03-06 17:00:00,184.508,184.808,184.058,184.128,16170749.6643
2020-03-06 18:00:00,184.987,185.128,184.457,184.507,16569250.1068
2020-03-06 19:00:00,185.208,185.788,184.808,184.988,22035249.7101
2020-03-08 13:00:00,212.918,215.138,210.438,211.548,18629499.4354
2020-03-08 14:00:00,212.438,213.998,211.377,212.965,31056999.2065
2020-03-08 15:00:00,214.097,214.108,212.257,212.437,21262750.6256
2020-03-08 16:00:00,213.708,214.268,213.168,214.098,18710750.5798
2020-03-08 17:00:00,214.958,215.058,213.537,213.717,18321750.6409
2020-03-08 18:00:00,216.237,217.608,214.677,214.957,20222000.1221
2020-03-08 19:00:00,216.588,217.235,214.178,216.247,28421249.3896
2020-03-09 13:00:00,226.577,229.238,225.998,228.998,71542500000.0
2020-03-09 14:00:00,222.977,226.768,221.788,226.537,169867500000.0
2020-03-09 15:00:00,220.078,223.097,218.347,222.958,168050000000.0
2020-03-09 16:00:00,218.218,220.747,217.997,220.047,136105000000.0
2020-03-09 17:00:00,217.938,219.668,217.017,218.217,141875000000.0
2020-03-09 18:00:00,216.308,218.888,216.308,217.938,136320000000.0
2020-03-09 19:00:00,217.307,218.367,214.947,216.317,219312500000.0
2020-03-11 14:00:00,205.348,205.377,203.087,203.408,55070011718.75
2020-03-11 15:00:00,207.867,207.938,205.128,205.347,165457718750.0
2020-03-11 16:00:00,207.428,208.107,207.047,207.868,152120203125.0
2020-03-11 17:00:00,207.008,207.628,206.628,207.438,113650140625.0
2020-03-11 18:00:00,205.257,207.447,205.097,207.017,133230171875.0
2020-03-11 19:00:00,206.427,206.528,205.137,205.268,129870164062.5
2020-03-11 20:00:00,206.068,207.978,205.678,206.427,165150171875.0
2020-03-12 14:00:00,214.917,215.177,214.307,214.518,79812500000.0
2020-03-12 15:00:00,214.558,216.368,214.497,214.918,147122500000.0
2020-03-12 16:00:00,214.658,214.948,213.938,214.548,109527500000.0
2020-03-12 17:00:00,214.468,214.977,214.267,214.678,101545000000.0
2020-03-12 18:00:00,214.068,214.578,213.997,214.448,83730000000.0
2020-03-12 19:00:00,214.877,214.968,214.007,214.067,69645000000.0
2020-03-12 20:00:00,214.218,215.348,213.647,214.888,148590000000.0
2020-04-02 14:00:00,177.598,177.658,176.267,176.985,8372035.0266
2020-04-02 15:00:00,179.057,179.768,177.457,177.608,12998818.3975
2020-04-02 16:00:00,180.057,180.628,179.038,179.058,8270401.001
2020-04-02 17:00:00,179.828,180.258,179.777,180.057,6122337.8181
2020-04-02 18:00:00,179.298,179.877,178.998,179.827,4767784.1187
2020-04-02 19:00:00,179.488,179.638,179.267,179.308,5226893.9018
2020-04-02 20:00:00,180.118,180.167,179.327,179.477,7899550.9148
2020-04-03 14:00:00,167.098,169.267,165.957,168.428,18191999.4354
2020-04-03 15:00:00,166.847,168.878,166.407,166.947,35488750.4578
2020-04-03 16:00:00,165.988,167.627,165.597,166.837,37472751.6174
2020-04-03 17:00:00,168.018,168.018,165.997,165.997,33624500.2747
2020-04-03 18:00:00,167.927,168.778,167.587,168.018,29395000.4578
2020-04-03 19:00:00,167.847,168.627,167.297,167.928,29112249.3744
2020-04-03 20:00:00,170.427,170.687,167.567,167.847,35794498.4436
2020-04-05 13:00:00,176.138,176.208,173.788,174.118,7450990.2
2020-04-05 14:00:00,177.037,177.508,176.108,176.108,15664480.2094
2020-04-05 15:00:00,177.718,178.068,176.887,177.038,17724449.1577
2020-04-05 16:00:00,176.927,177.958,176.617,177.728,15426790.2374
2020-04-05 17:00:00,177.738,177.768,176.358,176.927,12131449.6994
2020-04-05 18:00:00,178.117,178.228,177.007,177.728,14314579.9637
2020-04-05 19:00:00,178.617,178.978,177.978,178.118,17000030.5176
2020-04-06 13:00:00,185.297,185.828,184.027,184.338,13461750.0305
2020-04-06 14:00:00,184.347,185.338,184.237,185.297,33794250.4883
2020-04-06 15:00:00,183.797,184.468,183.297,184.347,36522750.8545
2020-04-06 16:00:00,182.918,183.888,182.877,183.797,30725250.2441
2020-04-06 17:00:00,183.547,183.748,182.897,182.928,27934749.6033
2020-04-06 18:00:00,182.757,184.098,182.738,183.547,26991500.8545
2020-04-06 19:00:00,182.908,183.207,182.297,182.748,36989250.1831
2020-04-08 13:00:00,212.918,214.728,212.128,213.998,14133500.0992
2020-04-08 14:00:00,211.908,214.158,211.357,212.938,25741500.8545
2020-04-08 15:00:00,211.407,212.078,210.307,211.917,23952249.527
2020-04-08 16:00:00,212.118,212.178,210.938,211.397,18548749.9237
2020-04-08 17:00:00,212.977,213.138,211.747,212.118,15977499.9619
2020-04-08 18:00:00,211.958,213.188,211.127,212.978,15983750.3433
2020-04-08 19:00:00,213.247,213.308,211.257,211.957,19794250.4883
2020-04-09 13:00:00,213.287,218.218,211.068,215.098,80602500000.0
2020-04-09 14:00:00,208.147,214.397,205.127,213.287,168170000000.0
2020-04-09 15:00:00,211.608,211.637,206.887,208.147,132167500000.0
2020-04-09 16:00:00,211.097,212.687,209.877,211.557,112080000000.0
2020-04-09 17:00:00,211.177,211.577,208.897,211.088,88952500000.0
2020-04-09 18:00:00,215.957,215.958,210.098,211.147,107612500000.0
2020-04-09 19:00:00,214.048,218.318,214.017,215.967,170287500000.0
2020-04-11 14:00:00,213.638,215.117,212.407,213.598,110610125000.0
2020-04-11 15:00:00,216.457,216.527,213.517,213.678,237700234375.0
2020-04-11 16:00:00,217.257,217.388,215.717,216.477,196200203125.0
2020-04-11 17:00:00,217.577,218.298,216.618,217.267,171630171875.0
2020-04-11 18:00:00,217.178,217.988,216.517,217.588,187150187500.0
2020-04-11 19:00:00,216.957,217.658,216.087,217.177,180277671875.0
2020-04-11 20:00:00,216.168,217.428,215.997,216.978,208460187500.0
2020-04-12 14:00:00,214.777,215.297,213.897,214.097,87030000000.0
2020-04-12 15:00:00,214.887,215.368,214.057,214.778,139532500000.0
2020-04-12 16:00:00,214.057,214.998,213.997,214.898,102290000000.0
2020-04-12 17:00:00,214.137,214.358,213.917,214.057,74365000000.0
2020-04-12 18:00:00,213.507,214.278,213.507,214.147,54382500000.0
2020-04-12 19:00:00,213.588,213.698,213.167,213.507,61215000000.0
2020-04-12 20:00:00,214.347,214.368,213.207,213.598,95015000000.0
2020-05-02 14:00:00,181.438,184.188,181.048,184.005,8436765.6708
2020-05-02 15:00:00,180.348,182.308,179.927,181.448,16270763.3972
2020-05-02 16:00:00,179.157,180.358,178.407,180.357,11427993.7744
2020-05-02 17:00:00,179.388,180.078,179.067,179.158,6902458.1909
2020-05-02 18:00:00,179.007,179.398,178.807,179.398,6191300.869
2020-05-02 19:00:00,180.308,180.588,178.768,179.008,5797045.2309
2020-05-02 20:00:00,179.888,180.968,179.358,180.318,9608647.3465
2020-05-03 14:00:00,167.018,167.807,165.677,165.937,22057249.0692
2020-05-03 15:00:00,169.047,169.638,166.397,167.048,36577751.1597
2020-05-03 16:00:00,168.338,170.857,167.918,169.058,36035499.5728
2020-05-03 17:00:00,166.778,168.748,166.127,168.347,35597000.1221
2020-05-03 18:00:00,167.768,168.478,166.447,166.777,39507251.7395
2020-05-03 19:00:00,167.148,167.958,166.587,167.768,38077751.1597
2020-05-03 20:00:00,166.307,167.568,165.677,167.167,48883750.9155
2020-05-05 13:00:00,181.388,181.738,179.997,180.698,8613209.7244
2020-05-05 14:00:00,181.508,181.838,181.007,181.397,14631500.2441
2020-05-05 15:00:00,182.298,182.318,181.207,181.508,11218390.4648
2020-05-05 16:00:00,182.408,182.737,182.028,182.298,9914979.9347
2020-05-05 17:00:00,183.148,183.148,182.317,182.407,10532010.0784
2020-05-05 18:00:00,183.568,183.618,182.768,183.127,10411170.0058
2020-05-05 19:00:00,180.668,183.638,179.888,183.567,16979480.7434
2020-05-06 13:00:00,185.017,185.238,182.007,182.297,21579500.1984
2020-05-06 14:00:00,185.047,185.378,183.847,185.037,38627250.6714
2020-05-06 15:00:00,185.768,185.988,184.957,185.048,28963750.8392
2020-05-06 16:00:00,186.378,186.488,185.657,185.767,26929750.4425
2020-05-06 17:00:00,186.098,186.768,185.878,186.367,23423500.061
2020-05-06 18:00:00,186.838,186.988,185.977,186.108,27484750.7477
2020-05-06 19:00:00,186.967,187.718,186.218,186.837,34297000.885
2020-05-08 13:00:00,214.147,214.908,212.057,214.828,13560000.4196
2020-05-08 14:00:00,213.077,214.387,212.827,214.197,23188749.3134
2020-05-08 15:00:00,212.387,213.878,212.267,213.088,19052749.6338
2020-05-08 16:00:00,213.027,213.058,212.298,212.397,14672499.6567
2020-05-08 17:00:00,213.228,213.508,212.967,213.028,12139499.6643
2020-05-08 18:00:00,212.888,213.388,212.677,213.238,10056750.2975
2020-05-08 19:00:00,212.867,212.998,211.557,212.878,15107999.8016
2020-05-10 13:00:00,207.778,208.068,206.997,207.218,77160257812.5
2020-05-10 14:00:00,208.637,209.228,207.808,207.808,133377953125.0
2020-05-10 15:00:00,208.858,209.208,208.307,208.638,118960460937.5
2020-05-10 16:00:00,209.247,209.307,208.617,208.868,72000312500.0
2020-05-10 17:00:00,208.537,209.428,208.327,209.258,79320328125.0
2020-05-10 18:00:00,209.427,209.468,208.317,208.537,85870351562.5
2020-05-10 19:00:00,209.978,210.398,209.267,209.417,116337890625.0
2020-05-11 14:00:00,222.817,223.588,221.007,221.297,91350109375.0
2020-05-11 15:00:00,223.217,223.978,221.497,222.838,206840281250.0
2020-05-11 16:00:00,221.978,223.328,221.797,223.208,167330218750.0
2020-05-11 17:00:00,222.738,222.938,221.508,221.987,141865171875.0
2020-05-11 18:00:00,223.257,223.467,222.667,222.747,103000132812.5
2020-05-11 19:00:00,224.007,224.097,223.137,223.278,130710156250.0
2020-05-11 20:00:00,223.028,224.058,221.997,224.007,187300187500.0
2020-06-01 14:00:00,158.248,158.268,156.497,156.498,8219797.1344
2020-06-01 15:00:00,158.598,158.918,157.977,158.247,14161791.8015
2020-06-01 16:00:00,158.228,158.808,158.218,158.597,10615488.0524
2020-06-01 17:00:00,158.288,158.338,157.967,158.227,7509334.0874
2020-06-01 18:00:00,158.358,158.528,158.217,158.287,6361836.9102
2020-06-01 19:00:00,158.488,158.688,158.257,158.357,7056407.9285
2020-06-01 20:00:00,158.978,159.088,158.257,158.487,10082450.8667
2020-06-02 14:00:00,181.938,181.938,180.037,180.928,13558924.675
2020-06-02 15:00:00,181.998,182.388,181.197,181.938,23851499.5575
2020-06-02 16:00:00,182.207,182.947,181.907,182.008,18021999.3591
2020-06-02 17:00:00,183.587,183.598,182.177,182.207,12268250.4654
2020-06-02 18:00:00,183.087,183.807,182.947,183.597,10743249.8932
2020-06-02 19:00:00,182.638,183.328,182.267,183.077,11029500.0076
2020-06-02 20:00:00,183.618,183.658,182.467,182.647,13661499.9771
2020-06-03 14:00:00,160.567,163.087,159.667,162.477,24952499.3896
2020-06-03 15:00:00,161.348,162.417,159.077,160.567,43529251.0986
2020-06-03 16:00:00,160.338,161.977,160.098,161.348,39226249.6948
2020-06-03 17:00:00,159.557,160.568,158.998,160.337,34212749.4812
2020-06-03 18:00:00,158.887,160.768,158.747,159.557,31204000.473
2020-06-03 19:00:00,157.037,158.968,156.537,158.907,34842998.5046
2020-06-03 20:00:00,161.407,163.007,155.997,157.027,46066501.6174
2020-06-04 13:00:00,160.357,160.958,157.577,160.098,11009187.6984
2020-06-04 14:00:00,160.268,161.008,159.558,160.348,18192037.5824
2020-06-04 15:00:00,161.248,161.458,160.147,160.297,14940425.8728
2020-06-04 16:00:00,162.018,162.058,161.087,161.268,14429010.3912
2020-06-04 17:00:00,161.977,162.038,160.847,162.017,12655699.7299
2020-06-04 18:00:00,161.978,161.988,161.197,161.978,13108923.912
2020-06-04 19:00:00,164.978,166.487,161.507,161.977,18085166.9312
2020-06-05 13:00:00,182.658,183.838,181.747,181.997,6971660.1372
2020-06-05 14:00:00,183.537,183.888,181.647,182.678,12299090.3854
2020-06-05 15:00:00,183.268,183.878,182.628,183.537,12781740.1886
2020-06-05 16:00:00,183.697,183.918,182.907,183.267,11218799.5911
2020-06-05 17:00:00,183.598,184.178,183.217,183.698,10218070.0302
2020-06-05 18:00:00,183.377,183.938,183.207,183.598,11751839.6378
2020-06-05 19:00:00,182.468,183.758,181.948,183.377,14915900.2304
2020-06-07 13:00:00,208.998,209.328,208.077,208.497,22396749.4965
2020-06-07 14:00:00,209.928,210.048,208.737,209.017,41026500.7019
2020-06-07 15:00:00,210.568,211.117,209.808,209.928,30514499.6643
2020-06-07 16:00:00,210.908,211.067,209.607,210.567,27363500.5951
2020-06-07 17:00:00,210.757,211.108,210.028,210.917,27108249.6643
2020-06-07 18:00:00,210.528,210.808,209.717,210.767,31864749.9084
2020-06-07 19:00:00,210.297,211.048,209.648,210.507,35609500.885
2020-06-08 13:00:00,212.788,212.888,211.538,212.498,12756500.2441
2020-06-08 14:00:00,212.868,213.937,212.057,212.808,25684749.6033
2020-06-08 15:00:00,213.057,214.517,212.667,212.867,23323249.8169
2020-06-08 16:00:00,213.958,213.978,212.788,213.048,15627249.7177
2020-06-08 17:00:00,214.338,214.748,213.507,213.958,15083250.0458
2020-06-08 18:00:00,215.348,215.517,214.297,214.347,16853000.6409
2020-06-08 19:00:00,216.318,216.368,215.068,215.358,25232749.939
2020-06-10 13:00:00,208.757,209.457,208.437,208.898,76420328125.0
2020-06-10 14:00:00,208.847,210.168,208.717,208.758,142410500000.0
2020-06-10 15:00:00,207.658,209.088,207.187,208.847,159290531250.0
2020-06-10 16:00:00,208.208,208.428,207.587,207.667,106570429687.5
2020-06-10 17:00:00,208.618,208.758,207.967,208.217,102560398437.5
2020-06-10 18:00:00,206.588,209.748,205.287,208.637,131280468750.0
2020-06-10 19:00:00,205.847,206.917,204.808,206.607,244730656250.0
2020-06-11 14:00:00,218.547,222.218,218.017,222.047,61810101562.5
2020-06-11 15:00:00,220.528,221.397,218.068,218.538,157722718750.0
2020-06-11 16:00:00,222.597,223.098,220.357,220.547,143600203125.0
2020-06-11 17:00:00,222.967,223.328,222.207,222.608,123340179687.5
2020-06-11 18:00:00,223.837,224.078,222.927,222.978,91120132812.5
2020-06-11 19:00:00,223.497,224.158,223.058,223.837,99810140625.0
2020-06-11 20:00:00,223.568,224.278,222.707,223.498,164080171875.0
2020-07-01 14:00:00,158.867,159.658,158.448,158.937,8318244.9341
2020-07-01 15:00:00,158.888,159.118,158.417,158.938,16166864.3951
2020-07-01 16:00:00,158.648,159.118,158.478,158.887,9280743.5989
2020-07-01 17:00:00,158.387,158.778,158.337,158.647,7366306.7818
2020-07-01 18:00:00,158.357,158.718,158.287,158.388,5882678.9856
2020-07-01 19:00:00,158.028,158.368,157.837,158.358,7178479.1946
2020-07-01 20:00:00,157.578,158.298,157.317,158.037,8546142.5781
2020-07-02 14:00:00,183.898,184.767,182.477,182.817,15933750.1526
2020-07-02 15:00:00,184.828,185.348,183.397,183.917,21772499.0845
2020-07-02 16:00:00,185.407,185.618,184.648,184.827,14279500.0076
2020-07-02 17:00:00,185.147,185.447,184.897,185.407,10749750.1373
2020-07-02 18:00:00,184.127,185.148,183.947,185.147,11172750.473
2020-07-02 19:00:00,183.997,184.158,182.817,184.127,16372499.4659
2020-07-02 20:00:00,183.878,184.218,183.547,183.997,16484750.7477
2020-07-04 13:00:00,167.688,169.888,166.797,169.558,10176877.9755
2020-07-04 14:00:00,165.498,168.048,164.047,167.618,17968574.5239
2020-07-04 15:00:00,166.128,167.208,164.397,165.497,15154051.7807
2020-07-04 16:00:00,167.198,167.988,166.007,166.128,14458499.9084
2020-07-04 17:00:00,166.378,167.858,166.197,167.237,12685153.9612
2020-07-04 18:00:00,164.388,166.548,164.057,166.377,13556765.5563
2020-07-04 19:00:00,163.438,166.708,163.248,164.387,18997104.6448
2020-07-05 13:00:00,184.258,184.528,182.998,184.098,7428020.0005
2020-07-05 14:00:00,182.928,184.497,182.587,184.248,13242639.5416
2020-07-05 15:00:00,183.798,184.037,182.938,182.938,10925450.325
2020-07-05 16:00:00,183.807,183.988,183.448,183.797,10091159.8206
2020-07-05 17:00:00,183.918,184.188,183.707,183.818,8817210.1974
2020-07-05 18:00:00,183.638,183.987,183.158,183.917,10154829.9789
2020-07-05 19:00:00,183.568,183.958,182.777,183.618,14240989.6851
2020-07-07 13:00:00,211.877,212.318,210.287,210.358,19632749.5575
2020-07-07 14:00:00,214.148,214.648,211.597,211.877,38089000.7019
2020-07-07 15:00:00,212.967,214.378,212.837,214.158,28358999.2523
2020-07-07 16:00:00,212.957,213.217,211.827,212.967,28752250.6714
2020-07-07 17:00:00,211.898,212.958,211.497,212.957,29612499.2371
2020-07-07 18:00:00,211.367,212.178,210.867,211.898,31329250.3357
2020-07-07 19:00:00,208.137,211.377,208.107,211.367,39314250.946
2020-07-08 13:00:00,214.848,215.668,213.937,214.807,10825750.351
2020-07-08 14:00:00,215.128,215.188,214.247,214.898,20744249.3439
2020-07-08 15:00:00,213.488,215.178,213.447,215.028,20232749.939
2020-07-08 16:00:00,212.448,213.698,212.448,213.498,23845249.176
2020-07-08 17:00:00,211.397,212.458,210.948,212.448,24598249.4354
2020-07-08 18:00:00,211.728,212.028,210.907,211.407,26840000.1526
2020-07-08 19:00:00,212.358,212.898,211.447,211.728,27943250.6561
2020-07-10 13:00:00,207.878,208.158,207.077,207.097,81170265625.0
2020-07-10 14:00:00,207.648,207.968,206.698,207.888,167630531250.0
2020-07-10 15:00:00,208.137,208.497,207.538,207.658,112735656250.0
2020-07-10 16:00:00,208.767,208.808,207.307,208.147,124183203125.0
2020-07-10 17:00:00,209.368,209.868,208.758,208.768,96053039062.5
2020-07-10 18:00:00,209.738,209.977,209.157,209.378,113983156250.0
2020-07-10 19:00:00,209.488,209.937,209.018,209.737,129148117187.5
2020-07-12 14:00:00,215.057,215.488,214.107,214.397,89602500000.0
2020-07-12 15:00:00,213.788,215.277,213.757,215.038,122152500000.0
2020-07-12 16:00:00,213.808,214.277,213.707,213.777,93190000000.0
2020-07-12 17:00:00,213.667,214.068,213.397,213.808,72382500000.0
2020-07-12 18:00:00,213.358,213.757,212.987,213.667,74102500000.0
2020-07-12 19:00:00,213.587,213.728,213.057,213.347,67817500000.0
2020-07-12 20:00:00,214.277,214.308,213.048,213.587,98940000000.0
2020-08-01 14:00:00,158.597,158.908,157.937,158.468,6924183.8455
2020-08-01 15:00:00,159.177,159.278,158.498,158.598,13715782.1655
2020-08-01 16:00:00,159.828,160.168,158.867,159.178,13347126.9608
2020-08-01 17:00:00,159.887,160.038,159.767,159.827,9465930.9387
2020-08-01 18:00:00,159.808,159.968,159.467,159.888,6373385.9062
2020-08-01 19:00:00,160.338,160.348,159.787,159.807,6751324.1768
2020-08-01 20:00:00,160.078,160.768,159.847,160.337,11188001.6327
2020-08-04 13:00:00,164.358,166.648,164.127,165.708,11641371.727
2020-08-04 14:00:00,165.088,165.198,163.697,164.367,19719236.3739
2020-08-04 15:00:00,165.318,165.988,164.368,165.108,18879983.902
2020-08-04 16:00:00,165.178,165.788,164.557,165.317,16436809.5398
2020-08-04 17:00:00,163.997,165.688,163.798,165.188,15314676.2848
2020-08-04 18:00:00,165.818,165.918,163.797,164.008,15675802.2308
2020-08-04 19:00:00,165.018,165.968,163.947,165.817,20252273.5596
2020-08-05 13:00:00,183.697,184.958,183.357,184.498,7381480.217
2020-08-05 14:00:00,184.388,184.638,183.347,183.697,11534370.4224
2020-08-05 15:00:00,184.517,184.737,183.888,184.387,8837149.6201
2020-08-05 16:00:00,184.918,184.928,184.267,184.518,6968210.2203
2020-08-05 17:00:00,183.957,184.948,183.797,184.908,8104269.9814
2020-08-05 18:00:00,184.098,184.318,183.587,183.958,8342729.5685
2020-08-05 19:00:00,184.538,184.778,183.977,184.098,11992520.3323
2020-08-06 13:00:00,185.108,186.268,184.597,185.547,24649499.8932
2020-08-06 14:00:00,185.327,185.668,184.427,185.118,35565498.3521
2020-08-06 15:00:00,186.347,186.428,185.317,185.317,26749500.2747
2020-08-06 16:00:00,186.877,187.188,186.187,186.348,23044000.6256
2020-08-06 17:00:00,187.738,187.828,186.427,186.887,18340000.1526
2020-08-06 18:00:00,188.027,188.257,187.657,187.737,16024999.6185
2020-08-06 19:00:00,188.338,188.498,187.397,188.027,24445499.4202
2020-08-07 13:00:00,212.428,212.648,209.558,210.138,19063499.4507
2020-08-07 14:00:00,211.077,212.497,210.197,212.428,32004501.3428
2020-08-07 15:00:00,210.918,211.148,208.687,211.077,36368251.8005
2020-08-07 16:00:00,211.657,211.688,210.627,210.928,30030000.6866
2020-08-07 17:00:00,210.758,211.868,210.477,211.667,27846250.5341
2020-08-07 18:00:00,212.427,212.528,210.377,210.748,30811750.412
2020-08-07 19:00:00,212.808,213.247,211.917,212.438,35498500.824
2020-08-09 13:00:00,207.898,208.767,205.027,206.098,89822500000.0
2020-08-09 14:00:00,207.597,209.958,207.017,207.897,147997546875.0
2020-08-09 15:00:00,206.338,208.377,205.297,207.597,134180031250.0
2020-08-09 16:00:00,206.538,207.138,205.407,206.337,108990000000.0
2020-08-09 17:00:00,206.697,207.258,205.707,206.537,95425000000.0
2020-08-09 18:00:00,204.228,207.088,203.297,206.748,117795000000.0
2020-08-09 19:00:00,202.878,205.258,202.217,204.227,158142500000.0
2020-08-10 13:00:00,209.618,210.818,209.197,210.398,81692976562.5
2020-08-10 14:00:00,209.488,209.848,208.297,209.598,168683437500.0
2020-08-10 15:00:00,210.058,210.747,209.377,209.488,155295812500.0
2020-08-10 16:00:00,210.798,211.187,210.027,210.048,115230601562.5
2020-08-10 17:00:00,209.858,210.857,209.847,210.807,96487992187.5
2020-08-10 18:00:00,210.117,210.598,209.788,209.867,88632937500.0
2020-08-10 19:00:00,210.557,210.658,209.787,210.117,112738000000.0
2020-08-12 14:00:00,213.518,214.948,212.877,213.697,93580000000.0
2020-08-12 15:00:00,214.788,214.957,213.247,213.507,138627500000.0
2020-08-12 16:00:00,215.948,215.978,214.457,214.797,104860000000.0
2020-08-12 17:00:00,216.147,216.347,215.797,215.947,76990000000.0
2020-08-12 18:00:00,216.557,216.937,216.088,216.167,72817500000.0
2020-08-12 19:00:00,216.398,216.708,216.077,216.538,74275000000.0
2020-08-12 20:00:00,215.947,216.608,215.797,216.397,100200000000.0
2020-09-01 14:00:00,161.628,162.208,161.317,161.738,7789083.9577
2020-09-01 15:00:00,161.697,161.758,161.357,161.627,11622632.0267
2020-09-01 16:00:00,162.108,162.168,161.607,161.698,9358965.8737
2020-09-01 17:00:00,161.658,162.188,161.017,162.117,10386303.9017
2020-09-01 18:00:00,161.838,161.988,161.548,161.668,9116737.3657
2020-09-01 19:00:00,161.828,162.028,161.597,161.828,8253891.9449
2020-09-01 20:00:00,162.027,162.088,161.358,161.827,9583110.8093
2020-09-03 13:00:00,155.058,156.877,149.987,150.097,9318499.5651
2020-09-03 14:00:00,154.327,157.717,153.467,155.057,40845500.946
2020-09-03 15:00:00,156.487,157.398,153.547,153.558,34480251.3123
2020-09-03 16:00:00,154.928,157.287,154.357,156.487,31319999.6948
2020-09-03 17:00:00,152.487,155.658,152.017,154.958,30453250.885
2020-09-03 18:00:00,153.038,153.928,151.297,152.488,41589500.4272
2020-09-03 19:00:00,150.687,154.908,150.658,153.047,49517501.8311
2020-09-04 13:00:00,166.437,167.317,164.877,166.358,9712612.1521
2020-09-04 14:00:00,165.098,166.498,163.327,166.438,20021722.7936
2020-09-04 15:00:00,164.868,165.628,163.777,165.098,18187395.0958
2020-09-04 16:00:00,165.197,165.438,164.298,164.907,13619564.0564
2020-09-04 17:00:00,164.748,165.347,164.497,165.197,13744139.6713
2020-09-04 18:00:00,164.428,164.938,163.848,164.747,18133018.4937
2020-09-04 19:00:00,165.118,165.428,163.858,164.488,20179241.1804
2020-09-06 13:00:00,187.658,188.818,187.597,187.607,20955249.7864
2020-09-06 14:00:00,189.557,189.597,187.247,187.637,34796749.115
2020-09-06 15:00:00,188.697,189.688,188.547,189.557,32119499.2065
2020-09-06 16:00:00,189.418,189.598,188.687,188.698,24123500.824
2020-09-06 17:00:00,190.378,190.398,189.247,189.417,21223749.1608
2020-09-06 18:00:00,190.217,190.688,189.717,190.377,28453500.7477
2020-09-06 19:00:00,189.787,190.468,189.398,190.238,30031749.7253
2020-09-07 13:00:00,215.607,216.337,214.377,216.247,20243000.0305
2020-09-07 14:00:00,212.027,215.707,211.917,215.628,42711750.0305
2020-09-07 15:00:00,212.768,213.088,211.448,212.018,42512748.7183
2020-09-07 16:00:00,213.627,214.158,212.518,212.768,29997499.4659
2020-09-07 17:00:00,213.197,214.337,212.957,213.607,24688999.176
2020-09-07 18:00:00,214.127,214.278,212.988,213.198,25741500.8545
2020-09-07 19:00:00,214.248,214.628,212.927,214.127,37294250.4883
2020-09-09 13:00:00,209.727,209.868,206.657,206.778,90925000000.0
2020-09-09 14:00:00,211.068,212.008,209.387,209.797,138000031250.0
2020-09-09 15:00:00,211.838,211.838,209.817,211.068,100287562500.0
2020-09-09 16:00:00,213.347,213.458,211.768,211.837,93380078125.0
2020-09-09 17:00:00,212.487,213.897,212.177,213.328,114860093750.0
2020-09-09 18:00:00,213.207,213.617,211.998,212.507,114890093750.0
2020-09-09 19:00:00,211.078,214.818,210.918,213.228,153170109375.0
2020-09-10 13:00:00,212.357,212.848,211.147,211.187,73185476562.5
2020-09-10 14:00:00,213.537,213.818,212.277,212.368,137410796875.0
2020-09-10 15:00:00,214.237,214.658,213.397,213.547,122118156250.0
2020-09-10 16:00:00,214.888,215.128,213.787,214.228,113220671875.0
2020-09-10 17:00:00,215.078,215.427,214.357,214.877,90470554687.5
2020-09-10 18:00:00,214.717,215.428,214.317,215.078,96383085937.5
2020-09-10 19:00:00,215.767,215.848,214.567,214.707,116430554687.5
2020-09-11 14:00:00,224.838,226.478,223.287,223.697,108760187500.0
2020-09-11 15:00:00,224.658,228.108,223.778,224.727,249400359375.0
2020-09-11 16:00:00,224.908,226.078,223.438,224.657,228780281250.0
2020-09-11 17:00:00,224.737,225.558,223.797,224.888,201407750000.0
2020-09-11 18:00:00,222.887,225.118,222.307,224.768,144370218750.0
2020-09-11 19:00:00,221.978,223.068,220.767,222.887,188320218750.0
2020-09-11 20:00:00,218.367,222.648,217.848,221.987,206880250000.0
2020-09-12 14:00:00,214.188,215.218,214.087,215.218,88102500000.0
2020-09-12 15:00:00,214.578,214.688,213.177,214.178,160977500000.0
2020-09-12 16:00:00,214.257,214.698,213.908,214.578,140757500000.0
2020-09-12 17:00:00,213.368,214.258,213.057,214.238,121247500000.0
2020-09-12 18:00:00,212.247,213.608,212.177,213.358,202562500000.0
2020-09-12 19:00:00,212.308,213.018,211.818,212.237,196867500000.0
2020-09-12 20:00:00,211.387,212.588,211.207,212.307,179750000000.0
2020-10-01 14:00:00,162.618,162.888,162.117,162.668,7858188.1523
2020-10-01 15:00:00,162.798,163.208,162.527,162.618,13106946.9452
2020-10-01 16:00:00,162.478,162.938,162.297,162.808,10745924.9496
2020-10-01 17:00:00,162.178,162.498,161.808,162.478,10830592.1555
2020-10-01 18:00:00,162.337,162.348,162.047,162.177,6494057.1785
2020-10-01 19:00:00,162.148,162.368,161.887,162.348,7607288.8374
2020-10-01 20:00:00,161.277,162.168,161.177,162.147,11898016.9296
2020-10-02 14:00:00,184.778,184.838,183.228,183.498,14336250.3052
2020-10-02 15:00:00,186.028,187.288,184.567,184.777,23295249.939
2020-10-02 16:00:00,187.127,187.238,186.027,186.027,11024860.3821
2020-10-02 17:00:00,186.368,187.128,186.187,187.127,6276919.8418
2020-10-02 18:00:00,186.817,187.277,186.368,186.368,5496325.016
2020-10-02 19:00:00,187.328,187.348,186.657,186.818,4551479.8164
2020-10-02 20:00:00,188.687,188.827,187.317,187.327,8668014.5264
2020-10-03 13:00:00,156.837,158.248,155.337,157.997,23433000.5646
2020-10-03 14:00:00,154.758,158.987,154.758,156.837,42817001.3428
2020-10-03 15:00:00,153.907,156.118,152.557,154.777,43308750.1526
2020-10-03 16:00:00,155.678,156.898,153.897,153.897,42918998.7183
2020-10-03 17:00:00,154.537,157.027,154.007,155.677,40710250.8545
2020-10-03 18:00:00,157.168,158.037,153.328,154.567,44154499.054
2020-10-03 19:00:00,160.828,160.978,156.777,157.178,49556999.2065
2020-10-06 13:00:00,192.698,192.788,190.998,191.058,23217205.0476
2020-10-06 14:00:00,193.417,193.948,192.197,192.697,23570415.4968
2020-10-06 15:00:00,193.048,193.958,192.978,193.418,18375122.0703
2020-10-06 16:00:00,194.988,195.257,192.797,193.058,13656146.0495
2020-10-06 17:00:00,195.587,196.368,194.877,194.987,13291213.9893
2020-10-06 18:00:00,196.977,197.948,194.727,195.558,18648508.0719
2020-10-06 19:00:00,196.517,198.508,196.218,196.977,20158185.9589
2020-10-07 13:00:00,212.127,214.037,211.177,213.298,24022750.8545
2020-10-07 14:00:00,212.587,212.788,211.067,212.127,41842498.7793
2020-10-07 15:00:00,212.897,213.468,211.977,212.567,34815498.3521
2020-10-07 16:00:00,213.008,213.328,212.317,212.888,30660749.4354
2020-10-07 17:00:00,213.067,213.538,212.887,213.007,20291477.2034
2020-10-07 18:00:00,213.668,213.668,212.857,213.068,14269634.2468
2020-10-07 19:00:00,213.798,213.878,212.907,213.658,18429794.3115
2020-10-08 13:00:00,208.888,211.368,208.597,211.348,16964750.2899
2020-10-08 14:00:00,206.788,209.058,206.778,208.888,36234001.1597
2020-10-08 15:00:00,206.998,208.117,206.338,206.778,33059249.8779
2020-10-08 16:00:00,207.767,208.188,206.747,207.007,25587499.6185
2020-10-08 17:00:00,207.778,208.568,207.637,207.778,23754249.5728
2020-10-08 18:00:00,207.308,208.118,206.777,207.777,23116750.7172
2020-10-08 19:00:00,208.227,208.288,207.137,207.308,26379499.4354
2020-10-09 13:00:00,212.058,214.578,210.747,213.27,51680054687.5
2020-10-09 14:00:00,209.607,213.168,209.137,212.057,79577593750.0
2020-10-09 15:00:00,210.178,211.588,208.997,209.707,65240078125.0
2020-10-09 16:00:00,209.197,210.708,207.827,210.177,62520074218.75
2020-10-09 17:00:00,208.188,209.867,207.957,209.198,54470062500.0
2020-10-09 18:00:00,206.528,208.648,205.047,208.188,93300093750.0
2020-10-09 19:00:00,205.257,206.748,204.097,206.528,122480125000.0
2020-10-11 14:00:00,213.808,216.507,212.858,214.398,118700375000.0
2020-10-11 15:00:00,211.197,214.567,210.278,213.917,253211171875.0
2020-10-11 16:00:00,211.068,213.198,210.737,211.197,226518500000.0
2020-10-11 17:00:00,212.407,213.178,211.037,211.077,213220890625.0
2020-10-11 18:00:00,211.698,212.938,210.307,212.407,192790796875.0
2020-10-11 19:00:00,210.098,212.288,209.837,211.678,225168406250.0
2020-10-11 20:00:00,210.977,211.258,209.718,210.097,236890921875.0
2020-10-12 14:00:00,212.528,213.058,210.327,211.077,118060000000.0
2020-10-12 15:00:00,212.598,213.018,211.937,212.538,180912500000.0
2020-10-12 16:00:00,211.168,212.637,211.067,212.588,151387500000.0
2020-10-12 17:00:00,210.908,211.477,210.717,211.168,128190000000.0
2020-10-12 18:00:00,211.217,211.717,210.837,210.928,124200000000.0
2020-10-12 19:00:00,210.477,211.338,210.367,211.228,128910000000.0
2020-10-12 20:00:00,210.467,211.567,210.357,210.477,132082500000.0
2020-11-02 14:00:00,187.258,190.658,187.087,190.567,9472760.2005
2020-11-02 15:00:00,188.487,189.238,187.248,187.248,12149840.3549
2020-11-02 16:00:00,187.058,188.918,186.848,188.488,11372884.7504
2020-11-02 17:00:00,186.988,187.288,186.277,187.068,8381079.6738
2020-11-02 18:00:00,186.177,187.548,186.117,186.988,6742125.0343
2020-11-02 19:00:00,184.738,186.368,184.637,186.178,10678529.7394
2020-11-02 20:00:00,184.398,185.038,183.488,184.738,14477575.3021
2020-11-03 13:00:00,156.637,157.648,154.997,156.368,20756250.3815
2020-11-03 14:00:00,155.037,157.208,154.547,156.637,35495998.3826
2020-11-03 15:00:00,154.798,155.657,153.907,155.058,32162498.4741
2020-11-03 16:00:00,153.998,156.688,153.647,154.838,34011001.5869
2020-11-03 17:00:00,154.167,154.448,152.897,153.998,35848999.0234
2020-11-03 18:00:00,152.697,154.548,152.297,154.167,41029750.824
2020-11-03 19:00:00,153.518,155.638,151.128,152.717,53338001.2512
2020-11-05 13:00:00,184.508,185.088,182.837,182.977,6666429.9965
2020-11-05 14:00:00,185.008,185.468,184.438,184.508,11309329.9866
2020-11-05 15:00:00,185.437,185.567,184.947,185.018,9552840.2328
2020-11-05 16:00:00,185.747,185.788,185.207,185.438,5906270.0272
2020-11-05 17:00:00,186.948,187.118,185.648,185.748,7372590.065
2020-11-05 18:00:00,187.217,187.328,186.567,186.947,8783679.9622
2020-11-05 19:00:00,186.627,187.498,186.627,187.218,12737119.6747
2020-11-06 13:00:00,194.898,194.998,192.007,192.998,14211132.0496
2020-11-06 14:00:00,193.248,195.738,193.027,194.898,24206340.7898
2020-11-06 15:00:00,192.628,193.838,192.097,193.248,25877244.9493
2020-11-06 16:00:00,188.638,192.698,188.167,192.628,27660970.6879
2020-11-06 17:00:00,189.608,190.618,188.397,188.638,26832540.5121
2020-11-06 18:00:00,188.127,189.607,187.498,189.607,27451700.2106
2020-11-06 19:00:00,186.248,188.988,186.108,188.127,31163024.9023
2020-11-08 13:00:00,205.278,207.418,203.747,207.038,13020500.1831
2020-11-08 14:00:00,205.478,205.687,203.877,205.267,18365999.2218
2020-11-08 15:00:00,206.378,206.928,205.477,205.487,13175000.1907
2020-11-08 16:00:00,207.278,207.618,206.247,206.388,13265749.9313
2020-11-08 17:00:00,206.728,207.368,206.387,207.298,12930999.7559
2020-11-08 18:00:00,206.498,206.998,205.727,206.748,17966249.4659
2020-11-08 19:00:00,203.307,206.658,203.127,206.498,26613000.8698
2020-11-09 13:00:00,205.527,208.507,205.248,207.238,58690066406.25
2020-11-09 14:00:00,207.418,208.198,204.767,205.487,112780125000.0
2020-11-09 15:00:00,205.058,208.528,205.007,207.418,97570085937.5
2020-11-09 16:00:00,202.927,205.718,202.897,205.097,97810093750.0
2020-11-09 17:00:00,201.498,203.358,201.208,202.927,116010101562.5
2020-11-09 18:00:00,203.258,204.107,201.327,201.507,102350093750.0
2020-11-09 19:00:00,204.007,205.108,202.018,203.258,121910117187.5
2020-11-11 14:00:00,215.368,215.677,212.137,212.348,99680671875.0
2020-11-11 15:00:00,215.618,216.647,214.717,215.367,201968562500.0
2020-11-11 16:00:00,216.907,216.908,215.137,215.617,127093171875.0
2020-11-11 17:00:00,216.968,217.398,216.367,216.908,106110546875.0
2020-11-11 18:00:00,217.257,217.508,216.427,216.987,97790507812.5
2020-11-11 19:00:00,216.298,218.037,216.178,217.258,132160625000.0
2020-11-11 20:00:00,216.378,217.138,216.027,216.297,150078125000.0
2020-11-12 14:00:00,210.587,210.758,209.097,210.007,108115000000.0
2020-11-12 15:00:00,211.048,212.098,210.037,210.547,159502500000.0
2020-11-12 16:00:00,210.858,211.758,210.208,211.057,124162500000.0
2020-11-12 17:00:00,211.528,211.748,210.828,210.857,122317500000.0
2020-11-12 18:00:00,212.428,212.928,211.487,211.538,91860000000.0
2020-11-12 19:00:00,212.358,212.587,211.877,212.438,118040000000.0
2020-11-12 20:00:00,213.228,213.308,212.127,212.337,119420000000.0
2020-12-02 14:00:00,182.808,185.708,181.847,185.298,9273035.0494
2020-12-02 15:00:00,182.528,183.707,182.048,182.818,14368445.3964
2020-12-02 16:00:00,184.237,184.928,182.537,182.538,9624469.7571
2020-12-02 17:00:00,184.798,185.237,183.967,184.238,5967689.991
2020-12-02 18:00:00,183.998,184.978,183.777,184.797,5545609.951
2020-12-02 19:00:00,183.847,184.068,183.538,183.987,4757894.9928
2020-12-02 20:00:00,184.648,184.868,183.578,183.848,7226739.8834
2020-12-03 13:00:00,147.217,149.727,141.587,145.258,8112500.1907
2020-12-03 14:00:00,146.608,147.487,143.508,147.217,42425998.6877
2020-12-03 15:00:00,143.177,146.587,141.717,146.528,38660999.2981
2020-12-03 16:00:00,147.997,149.897,141.048,143.177,38593250.2747
2020-12-03 17:00:00,147.187,153.358,143.897,147.997,23872499.4659
2020-12-03 18:00:00,143.178,147.817,142.897,147.187,23275249.4812
2020-12-03 19:00:00,138.738,145.138,138.497,143.188,37650001.5259
2020-12-05 13:00:00,185.838,186.988,185.087,186.707,8519220.3522
2020-12-05 14:00:00,186.407,186.538,185.227,185.848,14662819.8624
2020-12-05 15:00:00,186.458,186.918,186.018,186.408,10788709.6405
2020-12-05 16:00:00,186.787,186.927,186.418,186.487,10086640.358
2020-12-05 17:00:00,186.138,186.798,185.497,186.788,11554109.5734
2020-12-05 18:00:00,185.928,186.148,185.187,186.148,11009790.4205
2020-12-05 19:00:00,182.298,186.027,182.298,185.928,16600070.9534
2020-12-06 13:00:00,190.887,191.708,189.848,190.308,15753416.0614
2020-12-06 14:00:00,188.038,191.257,187.958,190.927,31792303.0853
2020-12-06 15:00:00,189.818,189.968,186.958,188.037,32961769.104
2020-12-06 16:00:00,188.908,190.178,188.037,189.818,32572559.3567
2020-12-06 17:00:00,185.277,189.038,185.227,188.918,54111251.8311
2020-12-06 18:00:00,187.108,187.447,185.167,185.278,56966251.3733
2020-12-06 19:00:00,187.448,188.358,186.127,187.107,55401000.9766
2020-12-08 13:00:00,207.067,207.128,204.747,204.898,12107999.8016
2020-12-08 14:00:00,208.668,209.108,206.657,207.087,25309499.7406
2020-12-08 15:00:00,209.498,209.658,208.258,208.687,24979000.0916
2020-12-08 16:00:00,208.797,209.798,208.657,209.497,18947250.3662
2020-12-08 17:00:00,210.048,210.118,208.548,208.797,18807249.0692
2020-12-08 18:00:00,209.398,210.248,209.077,210.047,19687500.0
2020-12-08 19:00:00,209.058,209.918,208.608,209.417,25516000.7477
2020-12-10 13:00:00,217.388,220.218,217.097,218.558,90655632812.5
2020-12-10 14:00:00,219.537,219.578,216.797,217.407,147336015625.0
2020-12-10 15:00:00,220.158,220.558,219.417,219.538,134715843750.0
2020-12-10 16:00:00,222.627,223.468,220.098,220.158,148193375000.0
2020-12-10 17:00:00,222.648,223.788,222.187,222.647,148913406250.0
2020-12-10 18:00:00,222.907,223.847,222.658,222.658,155700859375.0
2020-12-10 19:00:00,221.317,223.208,221.147,222.917,191113421875.0
2020-12-11 14:00:00,218.538,219.007,216.107,216.798,104700617187.5
2020-12-11 15:00:00,217.767,219.088,217.667,218.528,196081000000.0
2020-12-11 16:00:00,216.988,218.278,216.197,217.767,179200843750.0
2020-12-11 17:00:00,215.698,217.388,215.247,216.978,173685812500.0
2020-12-11 18:00:00,216.567,216.588,215.097,215.698,206530843750.0
2020-12-11 19:00:00,215.498,216.857,215.287,216.567,199910921875.0
2020-12-11 20:00:00,215.317,215.838,214.448,215.497,220430796875.0
2021-01-02 14:00:00,233.637,235.598,232.437,235.068,788722717.2852
2021-01-02 15:00:00,236.707,237.598,232.997,233.637,1452013793.9453
2021-01-02 16:00:00,239.857,240.258,235.927,236.718,1358476684.5703
2021-01-02 17:00:00,241.227,242.478,239.857,239.857,1170164916.9922
2021-01-02 18:00:00,241.208,241.798,240.547,241.248,948610229.4922
2021-01-02 19:00:00,240.717,241.658,240.217,241.218,906806518.5547
2021-01-02 20:00:00,239.357,241.378,239.357,240.728,1260107666.0156
2021-01-03 14:00:00,235.528,236.197,233.117,235.598,1061090698.2422
2021-01-03 15:00:00,236.548,236.658,234.797,235.567,1477818481.4453
2021-01-03 16:00:00,236.928,237.238,236.137,236.547,867237731.9336
2021-01-03 17:00:00,236.247,237.128,236.127,236.937,651951477.0508
2021-01-03 18:00:00,236.558,236.748,236.047,236.287,725023498.5352
2021-01-03 19:00:00,236.957,237.157,236.377,236.557,654124023.4375
2021-01-03 20:00:00,236.317,237.447,236.257,236.977,1024916748.0469
2021-01-04 13:00:00,241.408,241.408,238.037,238.347,849116027.832
2021-01-04 14:00:00,241.818,242.048,240.538,241.397,1289877319.3359
2021-01-04 15:00:00,241.447,241.957,240.747,241.807,1059735107.4219
2021-01-04 16:00:00,241.608,241.658,240.807,241.437,761494750.9766
2021-01-04 17:00:00,241.718,241.917,241.198,241.618,645876342.7734
2021-01-04 18:00:00,241.877,242.098,241.597,241.727,493161682.1289
2021-01-04 19:00:00,242.318,242.628,241.207,241.858,795179199.2188
2021-01-06 13:00:00,249.987,251.227,249.416,251.227,731185974.1211
2021-01-06 14:00:00,247.926,250.046,247.676,249.997,1528662963.8672
2021-01-06 15:00:00,248.317,248.617,247.647,247.926,863342834.4727
2021-01-06 16:00:00,248.026,248.376,247.817,248.327,604012756.3477
2021-01-06 17:00:00,248.256,248.267,247.686,248.017,542291503.9063
2021-01-06 18:00:00,248.417,248.457,247.996,248.246,464086181.6406
2021-01-06 19:00:00,247.377,248.427,246.957,248.427,546489990.2344
2021-01-07 13:00:00,270.816,270.856,269.546,269.546,562070922.8516
2021-01-07 14:00:00,270.517,271.126,270.196,270.807,883802185.0586
2021-01-07 15:00:00,270.526,270.586,269.926,270.526,722013671.875
2021-01-07 16:00:00,270.346,270.657,270.146,270.526,488439392.0898
2021-01-07 17:00:00,270.596,270.827,270.087,270.347,447938995.3613
2021-01-07 18:00:00,270.986,271.067,270.476,270.597,426525115.9668
2021-01-07 19:00:00,271.657,271.787,270.636,270.967,542641296.3867
2021-01-09 13:00:00,304.547,305.037,302.607,302.796,852887329.1016
2021-01-09 14:00:00,303.556,305.167,303.296,304.547,1038770141.6016
2021-01-09 15:00:00,303.347,304.017,303.246,303.566,637331115.7227
2021-01-09 16:00:00,302.717,303.616,302.716,303.347,521487548.8281
2021-01-09 17:00:00,303.237,303.407,302.596,302.716,376840911.8652
2021-01-09 18:00:00,302.756,303.357,302.446,303.236,554179870.6055
2021-01-09 19:00:00,301.887,302.837,301.457,302.747,753431213.3789
2021-01-10 13:00:00,283.617,284.096,281.306,281.996,1203379638.6719
2021-01-10 14:00:00,284.957,284.977,282.537,283.616,2155273681.6406
2021-01-10 15:00:00,286.306,286.827,284.387,284.956,1747606079.1016
2021-01-10 16:00:00,286.086,286.807,285.786,286.317,1594890014.6484
2021-01-10 17:00:00,287.056,287.457,285.737,286.107,1226699829.1016
2021-01-10 18:00:00,288.306,288.397,286.916,287.067,760637329.1016
2021-01-10 19:00:00,289.017,289.957,287.996,288.306,871726684.5703
2021-01-11 13:00:00,327.546,331.437,327.137,331.157,1091474731.4453
2021-01-11 14:00:00,326.517,327.967,326.357,327.537,1429045166.0156
2021-01-11 15:00:00,328.196,328.237,326.506,326.507,907609985.3516
2021-01-11 16:00:00,327.687,328.667,327.636,328.206,578396423.3398
2021-01-11 17:00:00,328.167,328.327,327.316,327.687,662719299.3164
2021-01-11 18:00:00,328.706,328.727,327.806,328.166,740336853.0273
2021-01-11 19:00:00,329.276,330.146,328.376,328.716,704177551.2695
2021-01-12 14:00:00,335.766,336.756,334.196,334.596,784545898.4375
2021-01-12 15:00:00,335.566,336.087,333.856,335.766,1526392211.9141
2021-01-12 16:00:00,337.317,338.517,334.926,335.586,1291707641.6016
2021-01-12 17:00:00,335.816,339.267,335.686,337.286,1298906738.2813
2021-01-12 18:00:00,335.707,337.077,334.196,335.856,1737128173.8281
2021-01-12 19:00:00,334.607,335.927,333.796,335.707,1798816772.4609
2021-01-12 20:00:00,329.646,334.866,329.526,334.607,2027861450.1953
2021-02-02 14:00:00,240.648,242.308,239.657,241.077,596239440.918
2021-02-02 15:00:00,240.107,241.258,239.168,240.668,962992187.5
2021-02-02 16:00:00,240.438,240.478,238.687,240.108,976016540.5273
2021-02-02 17:00:00,240.197,240.458,239.658,240.458,689524230.957
2021-02-02 18:00:00,240.798,240.818,239.417,240.208,581302246.0938
2021-02-02 19:00:00,241.278,241.458,240.178,240.798,554078918.457
2021-02-02 20:00:00,239.378,241.298,239.298,241.278,1031255493.1641
2021-02-03 14:00:00,234.847,237.178,234.138,236.998,1182725708.0078
2021-02-03 15:00:00,234.298,235.898,233.627,234.848,1897985961.9141
2021-02-03 16:00:00,234.218,234.567,233.437,234.317,1635145996.0938
2021-02-03 17:00:00,234.787,235.218,233.917,234.228,1064897460.9375
2021-02-03 18:00:00,235.218,235.747,234.757,234.788,905567260.7422
2021-02-03 19:00:00,235.608,235.868,234.777,235.218,1210347045.8984
2021-02-03 20:00:00,233.868,236.138,233.497,235.617,1502986450.1953
2021-02-06 13:00:00,248.466,248.896,247.207,248.027,592726135.2539
2021-02-06 14:00:00,248.656,249.247,247.936,248.466,903761779.7852
2021-02-06 15:00:00,248.117,248.887,248.066,248.646,567097778.3203
2021-02-06 16:00:00,247.287,248.276,247.126,248.126,555206420.8984
2021-02-06 17:00:00,246.287,247.327,245.967,247.297,591893249.5117
2021-02-06 18:00:00,246.456,246.467,245.826,246.277,599096008.3008
2021-02-06 19:00:00,247.306,247.407,246.236,246.437,617096496.582
2021-02-07 13:00:00,274.726,275.157,272.416,272.697,595890380.8594
2021-02-07 14:00:00,275.076,275.287,274.407,274.736,794753723.1445
2021-02-07 15:00:00,276.137,276.416,274.986,275.057,564285583.4961
2021-02-07 16:00:00,276.806,276.837,276.087,276.147,506274780.2734
2021-02-07 17:00:00,277.087,277.137,276.477,276.797,418645019.5313
2021-02-07 18:00:00,277.056,277.107,276.796,277.086,347706359.8633
2021-02-07 19:00:00,277.476,277.977,277.036,277.047,550724243.1641
2021-02-08 13:00:00,284.786,286.757,283.706,286.296,884452331.543
2021-02-08 14:00:00,285.126,285.787,284.066,284.776,1260484497.0703
2021-02-08 15:00:00,285.726,286.427,284.706,285.146,879359436.0352
2021-02-08 16:00:00,285.497,285.937,285.116,285.727,1014737976.0742
2021-02-08 17:00:00,285.726,286.127,285.436,285.507,638085510.2539
2021-02-08 18:00:00,285.786,285.897,285.446,285.726,701276733.3984
2021-02-08 19:00:00,284.797,285.877,284.607,285.796,864613403.3203
2021-02-09 13:00:00,302.797,303.347,302.077,302.086,724377502.4414
2021-02-09 14:00:00,301.737,302.967,301.726,302.796,1071887695.3125
2021-02-09 15:00:00,301.096,301.836,301.066,301.746,561827270.5078
2021-02-09 16:00:00,300.786,301.117,300.546,301.097,492499267.5781
2021-02-09 17:00:00,300.556,301.027,300.396,300.796,568602905.2734
2021-02-09 18:00:00,301.077,301.137,300.176,300.566,705735290.5273
2021-02-09 19:00:00,301.167,301.227,300.446,301.075,717244995.1172
2021-02-11 13:00:00,332.066,332.946,329.496,329.496,1078815185.5469
2021-02-11 14:00:00,332.166,332.456,331.007,332.086,1358863403.3203
2021-02-11 15:00:00,332.817,333.247,331.756,332.177,1077075927.7344
2021-02-11 16:00:00,332.556,332.967,332.046,332.817,760361816.4063
2021-02-11 17:00:00,332.627,333.076,332.156,332.576,596525512.6953
2021-02-11 18:00:00,333.047,333.097,332.026,332.627,753812133.7891
2021-02-11 19:00:00,333.207,333.427,332.786,333.067,751929870.6055
2021-02-12 14:00:00,332.166,333.436,328.506,330.126,1234646606.4453
2021-02-12 15:00:00,329.556,332.606,327.806,332.166,2488221435.5469
2021-02-12 16:00:00,329.826,331.137,328.537,329.557,2216133789.0625
2021-02-12 17:00:00,330.907,331.737,329.566,329.817,1605678955.0781
2021-02-12 18:00:00,330.306,331.667,329.506,330.937,1699460449.2188
2021-02-12 19:00:00,329.776,330.737,329.007,330.307,1478350097.6563
2021-02-12 20:00:00,329.506,331.396,328.546,329.777,1667524169.9219
2021-03-02 14:00:00,242.508,242.538,239.267,239.407,567284790.0391
2021-03-02 15:00:00,241.527,242.928,240.147,242.528,916517395.0195
2021-03-02 16:00:00,243.097,243.388,241.487,241.537,1009312438.9648
2021-03-02 17:00:00,243.477,243.638,242.847,243.117,644546264.6484
2021-03-02 18:00:00,243.918,243.948,242.847,243.478,566719055.1758
2021-03-02 19:00:00,243.688,245.068,243.678,243.917,604510864.2578
2021-03-02 20:00:00,242.937,244.188,242.937,243.688,1079986938.4766
2021-03-03 14:00:00,230.708,233.488,230.517,232.218,1152394775.3906
2021-03-03 15:00:00,230.738,231.108,229.417,230.688,2414506835.9375
2021-03-03 16:00:00,230.618,231.557,230.518,230.718,1794972778.3203
2021-03-03 17:00:00,229.298,230.638,229.297,230.638,1484000000.0
2021-03-03 18:00:00,228.867,229.948,228.477,229.288,1494475463.8672
2021-03-03 19:00:00,228.298,228.997,227.397,228.878,1986401489.2578
2021-03-03 20:00:00,227.457,228.787,227.277,228.287,2089314208.9844
2021-03-05 13:00:00,253.166,253.647,251.786,253.226,688856506.3477
2021-03-05 14:00:00,252.666,254.337,252.556,253.167,1306761718.75
2021-03-05 15:00:00,252.687,252.886,251.796,252.667,1262078613.2813
2021-03-05 16:00:00,252.037,252.696,251.806,252.676,951632629.3945
2021-03-05 17:00:00,251.437,252.307,251.106,252.036,766603759.7656
2021-03-05 18:00:00,251.586,251.817,251.376,251.436,652887634.2773
2021-03-05 19:00:00,251.837,251.976,251.316,251.596,999508728.0273
2021-03-06 13:00:00,243.766,245.517,243.596,245.166,850935363.7695
2021-03-06 14:00:00,245.397,245.397,242.997,243.757,1262429809.5703
2021-03-06 15:00:00,245.447,246.327,244.907,245.406,1024076293.9453
2021-03-06 16:00:00,245.626,245.797,244.946,245.466,689916625.9766
2021-03-06 17:00:00,245.307,245.747,245.036,245.626,698901733.3984
2021-03-06 18:00:00,244.906,245.377,244.856,245.297,665103698.7305
2021-03-06 19:00:00,245.657,245.997,244.896,244.907,700899536.1328
2021-03-08 13:00:00,284.867,286.877,284.517,285.267,968674072.2656
2021-03-08 14:00:00,285.096,285.817,284.196,284.897,1780677246.0938
2021-03-08 15:00:00,286.666,286.816,284.207,285.097,1559278076.1719
2021-03-08 16:00:00,286.937,287.047,286.327,286.686,770547790.5273
2021-03-08 17:00:00,286.307,287.066,286.146,286.936,661718750.0
2021-03-08 18:00:00,286.697,287.067,286.047,286.317,705416076.6602
2021-03-08 19:00:00,287.076,287.217,286.296,286.706,770198486.3281
2021-03-09 13:00:00,301.656,301.807,300.226,300.786,980272888.1836
2021-03-09 14:00:00,301.736,302.396,301.176,301.687,1204654541.0156
2021-03-09 15:00:00,301.876,302.577,301.476,301.727,658525634.7656
2021-03-09 16:00:00,301.646,302.147,301.486,301.876,441728698.7305
2021-03-09 17:00:00,302.086,302.367,301.636,301.647,400786346.4355
2021-03-09 18:00:00,301.716,302.107,301.556,302.076,402275451.6602
2021-03-09 19:00:00,301.097,301.997,300.857,301.726,533311645.5078
2021-03-11 13:00:00,332.816,334.006,331.346,334.006,568166564.9414
2021-03-11 14:00:00,331.457,332.947,330.766,332.866,905321044.9219
2021-03-11 15:00:00,331.967,332.006,330.736,331.456,590974060.0586
2021-03-11 16:00:00,331.737,332.047,331.156,331.966,489229705.8105
2021-03-11 17:00:00,332.026,332.527,331.416,331.746,345285858.1543
2021-03-11 18:00:00,333.956,334.716,331.727,332.057,1120048706.0547
2021-03-11 19:00:00,333.866,334.877,333.736,333.987,915963317.8711
2021-03-12 14:00:00,327.327,332.676,327.096,331.507,1315525146.4844
2021-03-12 15:00:00,321.926,327.607,321.206,327.377,2723591064.4531
2021-03-12 16:00:00,319.917,323.316,319.496,321.946,2508193115.2344
2021-03-12 17:00:00,320.217,321.357,319.426,319.917,1981287475.5859
2021-03-12 18:00:00,318.697,320.586,318.326,320.216,1725148681.6406
2021-03-12 19:00:00,319.896,320.737,318.026,318.696,2093546630.8594
2021-03-12 20:00:00,323.027,323.386,319.367,319.886,2054196289.0625
2021-04-01 14:00:00,219.757,222.437,219.267,222.297,98827500000.0
2021-04-01 15:00:00,218.908,220.928,218.847,219.778,189512500000.0
2021-04-01 16:00:00,216.247,219.207,216.128,218.908,219835000000.0
2021-04-01 17:00:00,215.578,216.557,214.817,216.248,206912500000.0
2021-04-01 18:00:00,216.948,217.067,215.257,215.567,126455000000.0
2021-04-01 19:00:00,217.227,217.297,216.187,216.958,157035000000.0
2021-04-01 20:00:00,217.747,218.208,216.708,217.217,178907500000.0
2021-04-02 14:00:00,242.258,243.178,241.057,242.498,539487731.9336
2021-04-02 15:00:00,240.948,242.618,240.527,242.277,1220942626.9531
2021-04-02 16:00:00,240.947,241.428,240.347,240.948,851554321.2891
2021-04-02 17:00:00,240.577,241.177,240.407,240.958,524675048.8281
2021-04-02 18:00:00,240.517,241.228,240.398,240.577,461150268.5547
2021-04-02 19:00:00,241.228,241.457,240.487,240.507,460527648.9258
2021-04-02 20:00:00,241.777,242.117,240.807,241.237,729079833.9844
2021-04-03 14:00:00,226.858,229.187,226.037,226.787,1129134033.2031
2021-04-03 15:00:00,230.848,231.437,226.047,226.857,2891702636.7188
2021-04-03 16:00:00,231.078,232.478,230.037,230.828,2053600585.9375
2021-04-03 17:00:00,226.658,231.617,226.207,231.107,2884355712.8906
2021-04-03 18:00:00,224.318,227.438,224.247,226.657,2897732910.1563
2021-04-03 19:00:00,227.158,227.797,224.277,224.328,2579676269.5313
2021-04-03 20:00:00,226.827,227.388,225.217,227.158,2630210937.5
2021-04-05 13:00:00,249.126,251.156,248.887,250.607,821766845.7031
2021-04-05 14:00:00,247.946,249.397,247.746,249.127,1777239990.2344
2021-04-05 15:00:00,246.107,247.997,245.756,247.946,1510387817.3828
2021-04-05 16:00:00,245.907,246.747,245.776,246.106,1044395019.5313
2021-04-05 17:00:00,246.026,247.077,245.817,245.877,984873474.1211
2021-04-05 18:00:00,246.776,246.977,245.906,246.026,924178283.6914
2021-04-05 19:00:00,247.637,247.846,246.357,246.757,1360995117.1875
2021-04-06 13:00:00,248.927,249.537,247.496,247.547,720225952.1484
2021-04-06 14:00:00,250.376,250.687,248.946,248.946,938361694.3359
2021-04-06 15:00:00,251.206,251.637,250.196,250.377,597405212.4023
2021-04-06 16:00:00,250.806,251.297,250.756,251.207,399070861.8164
2021-04-06 17:00:00,250.977,251.007,250.587,250.816,309059509.2773
2021-04-06 18:00:00,251.157,251.397,250.927,250.977,367359680.1758
2021-04-06 19:00:00,250.757,251.207,250.546,251.156,535070495.6055
2021-04-08 13:00:00,286.777,287.176,285.547,285.597,926954223.6328
2021-04-08 14:00:00,284.997,286.857,284.626,286.786,1641439208.9844
2021-04-08 15:00:00,286.427,286.467,284.956,284.997,1062768798.8281
2021-04-08 16:00:00,286.477,286.717,286.096,286.417,717405395.5078
2021-04-08 17:00:00,286.387,287.027,286.316,286.486,579771911.6211
2021-04-08 18:00:00,286.947,287.577,286.376,286.397,710698364.2578
2021-04-08 19:00:00,286.296,287.207,286.296,286.956,821200439.4531
2021-04-10 13:00:00,284.146,287.677,283.526,287.216,1100853759.7656
2021-04-10 14:00:00,281.217,284.237,280.397,284.106,2138106445.3125
2021-04-10 15:00:00,282.276,282.537,280.737,281.197,1926737915.0391
2021-04-10 16:00:00,280.896,282.597,280.456,282.286,1373376342.7734
2021-04-10 17:00:00,281.076,281.716,280.227,280.886,1342062866.2109
2021-04-10 18:00:00,282.597,282.886,281.056,281.066,1627009521.4844
2021-04-10 19:00:00,283.236,283.456,281.687,282.607,1791011840.8203
2021-04-11 13:00:00,333.437,333.597,329.557,332.656,719038818.3594
2021-04-11 14:00:00,334.936,336.096,333.147,333.447,975792053.2227
2021-04-11 15:00:00,335.426,335.507,334.206,334.957,894068908.6914
2021-04-11 16:00:00,335.487,335.656,334.796,335.407,623453247.0703
2021-04-11 17:00:00,336.227,336.387,334.997,335.496,479594543.457
2021-04-11 18:00:00,335.736,336.247,335.296,336.226,599732177.7344
2021-04-11 19:00:00,336.427,336.487,335.296,335.726,899726928.7109
2021-05-01 14:00:00,217.677,218.518,215.728,217.338,81847500000.0
2021-05-01 15:00:00,216.758,218.068,216.197,217.768,134660000000.0
2021-05-01 16:00:00,217.358,217.718,215.957,216.757,109005000000.0
2021-05-01 17:00:00,216.437,217.478,216.057,217.357,84395000000.0
2021-05-01 18:00:00,216.798,216.908,216.087,216.438,59135000000.0
2021-05-01 19:00:00,217.637,218.058,216.807,216.818,81905000000.0
2021-05-01 20:00:00,217.798,218.238,216.977,217.647,98572500000.0
2021-05-02 14:00:00,240.717,243.248,240.407,241.997,444749877.9297
2021-05-02 15:00:00,241.607,242.018,240.517,240.718,786445556.6406
2021-05-02 16:00:00,240.967,241.878,240.767,241.598,747414550.7813
2021-05-02 17:00:00,242.488,242.497,240.887,240.967,565938110.3516
2021-05-02 18:00:00,241.788,242.638,241.717,242.498,518864929.1992
2021-05-02 19:00:00,241.528,242.128,241.407,241.768,567670715.332
2021-05-02 20:00:00,242.198,242.227,241.177,241.538,927147460.9375
2021-05-03 14:00:00,228.088,229.848,227.397,228.908,1277197998.0469
2021-05-03 15:00:00,226.717,229.568,226.637,228.097,2709168701.1719
2021-05-03 16:00:00,228.598,228.717,226.438,226.777,2552483154.2969
2021-05-03 17:00:00,232.278,232.408,228.177,228.588,2869116210.9375
2021-05-03 18:00:00,232.247,232.908,230.747,232.248,2850993896.4844
2021-05-03 19:00:00,233.007,233.158,230.777,232.258,2530534912.1094
2021-05-03 20:00:00,231.507,233.257,231.478,233.008,2597775634.7656
2021-05-04 13:00:00,247.258,247.288,242.207,242.208,986817138.6719
2021-05-04 14:00:00,248.897,249.737,246.717,247.248,1361490234.375
2021-05-04 15:00:00,248.847,249.488,248.017,248.877,998635437.0117
2021-05-04 16:00:00,249.097,249.518,248.847,248.847,798117309.5703
2021-05-04 17:00:00,249.337,249.948,248.947,249.107,732997985.8398
2021-05-04 18:00:00,249.197,249.557,248.947,249.337,530868225.0977
2021-05-04 19:00:00,249.008,249.508,247.807,249.208,1188700927.7344
2021-05-05 13:00:00,248.656,249.477,248.356,248.997,707366577.1484
2021-05-05 14:00:00,248.356,248.737,247.376,248.677,1318072509.7656
2021-05-05 15:00:00,248.586,248.746,247.766,248.356,809761108.3984
2021-05-05 16:00:00,247.656,248.887,247.597,248.586,657921447.7539
2021-05-05 17:00:00,247.477,248.027,247.197,247.656,701019958.4961
2021-05-05 18:00:00,246.856,247.566,246.766,247.476,693821838.3789
2021-05-05 19:00:00,246.477,247.047,245.797,246.857,1361896850.5859
2021-05-08 13:00:00,287.677,287.807,286.076,286.757,850744079.5898
2021-05-08 14:00:00,288.447,288.597,287.546,287.697,973392211.9141
2021-05-08 15:00:00,288.186,288.797,287.996,288.446,683696777.3438
2021-05-08 16:00:00,288.107,288.457,287.926,288.197,527660400.3906
2021-05-08 17:00:00,288.587,288.707,288.016,288.087,416929626.4648
2021-05-08 18:00:00,288.937,289.047,288.576,288.597,423833038.3301
2021-05-08 19:00:00,289.497,289.607,288.636,288.947,539440979.0039
2021-05-10 13:00:00,285.757,286.027,283.996,283.996,1227942138.6719
2021-05-10 14:00:00,287.877,288.047,285.597,285.786,1657526000.9766
2021-05-10 15:00:00,289.167,289.197,287.666,287.877,1228912109.375
2021-05-10 16:00:00,289.786,289.967,288.796,289.166,1115885131.8359
2021-05-10 17:00:00,290.156,290.377,289.526,289.807,924608398.4375
2021-05-10 18:00:00,289.816,290.227,289.316,290.136,879895080.5664
2021-05-10 19:00:00,288.747,290.136,288.466,289.827,1032066406.25
2021-05-11 13:00:00,337.406,338.767,335.896,338.237,660128662.1094
2021-05-11 14:00:00,336.987,337.757,336.756,337.427,894262207.0313
2021-05-11 15:00:00,337.076,337.517,336.126,337.007,642659729.0039
2021-05-11 16:00:00,336.226,337.187,336.046,337.056,667743835.4492
2021-05-11 17:00:00,334.877,336.387,334.366,336.256,936751892.0898
2021-05-11 18:00:00,335.826,335.877,334.806,334.896,659473632.8125
2021-05-11 19:00:00,335.997,336.986,335.266,335.836,845575439.4531
2021-06-01 14:00:00,213.218,214.338,211.997,212.208,120397500000.0
2021-06-01 15:00:00,215.097,216.128,212.808,213.238,173425000000.0
2021-06-01 16:00:00,215.488,216.468,214.847,215.108,128390000000.0
2021-06-01 17:00:00,215.738,216.408,215.497,215.497,111812500000.0
2021-06-01 18:00:00,215.547,216.268,215.007,215.747,110202500000.0
2021-06-01 19:00:00,214.208,215.688,213.857,215.538,213347500000.0
2021-06-01 20:00:00,212.128,214.478,211.948,214.208,234835000000.0
2021-06-04 13:00:00,248.258,248.467,246.857,247.087,941908935.5469
2021-06-04 14:00:00,248.498,248.978,247.367,248.257,1575362060.5469
2021-06-04 15:00:00,249.347,249.378,248.238,248.498,909797058.1055
2021-06-04 16:00:00,248.798,249.388,248.688,249.348,763588562.0117
2021-06-04 17:00:00,248.527,248.858,247.917,248.787,904689086.9141
2021-06-04 18:00:00,248.818,249.048,248.447,248.538,781474060.0586
2021-06-04 19:00:00,247.848,248.908,247.277,248.827,1120002319.3359
2021-06-05 13:00:00,245.407,246.607,244.696,246.357,960910644.5313
2021-06-05 14:00:00,246.387,246.907,244.886,245.406,1621127441.4063
2021-06-05 15:00:00,247.807,248.466,245.696,246.397,1193755004.8828
2021-06-05 16:00:00,247.817,248.327,247.516,247.826,836170715.332
2021-06-05 17:00:00,247.077,248.076,246.846,247.816,899444702.1484
2021-06-05 18:00:00,246.627,247.926,246.596,247.076,1258703613.2813
2021-06-05 19:00:00,249.647,249.827,246.636,246.636,1304290771.4844
2021-06-07 13:00:00,278.166,279.197,277.597,277.846,785920959.4727
2021-06-07 14:00:00,278.776,279.347,278.016,278.176,1323159667.9688
2021-06-07 15:00:00,277.396,279.026,277.026,278.786,1188203125.0
2021-06-07 16:00:00,276.497,277.557,274.247,277.387,1275754150.3906
2021-06-07 17:00:00,276.156,276.857,275.906,276.477,697214904.7852
2021-06-07 18:00:00,276.596,276.867,276.116,276.166,535263916.0156
2021-06-07 19:00:00,277.537,277.717,276.466,276.595,623870422.3633
2021-06-08 13:00:00,288.516,289.477,288.116,288.146,1072958618.1641
2021-06-08 14:00:00,287.897,288.907,287.606,288.516,1176783691.4063
2021-06-08 15:00:00,288.406,288.447,287.667,287.906,889418762.207
2021-06-08 16:00:00,288.326,288.507,287.946,288.406,551744079.5898
2021-06-08 17:00:00,288.257,288.467,288.076,288.326,485528045.6543
2021-06-08 18:00:00,288.136,288.467,288.016,288.256,486123565.6738
2021-06-08 19:00:00,289.346,289.477,288.046,288.127,545534057.6172
2021-06-10 13:00:00,286.906,288.457,285.456,285.767,1001195434.5703
2021-06-10 14:00:00,289.827,290.836,285.877,286.906,1991764404.2969
2021-06-10 15:00:00,289.797,290.067,288.516,289.826,1468843750.0
2021-06-10 16:00:00,289.106,289.816,288.556,289.796,1150434692.3828
2021-06-10 17:00:00,291.707,291.967,288.506,289.127,1063996337.8906
2021-06-10 18:00:00,291.886,292.827,291.067,291.707,1192613037.1094
2021-06-10 19:00:00,292.896,293.617,291.446,291.876,1182430908.2031
2021-06-12 14:00:00,320.366,324.766,319.196,323.597,15022000.3128
2021-06-12 15:00:00,322.417,323.477,319.226,320.356,27743000.0305
2021-06-12 16:00:00,322.137,323.157,321.516,322.446,22981000.9003
2021-06-12 17:00:00,323.937,324.066,321.837,322.136,15579000.473
2021-06-12 18:00:00,325.306,325.607,323.717,323.946,13760999.6796
2021-06-12 19:00:00,325.387,327.336,324.406,325.316,14836000.4425
2021-06-12 20:00:00,326.376,327.247,325.366,325.387,17642000.1984
2021-07-01 14:00:00,216.798,217.168,213.667,213.928,83867500000.0
2021-07-01 15:00:00,218.087,218.118,216.727,216.878,138710000000.0
2021-07-01 16:00:00,218.297,218.768,217.377,218.087,109472500000.0
2021-07-01 17:00:00,218.148,218.448,217.747,218.298,13834599609.375
2021-07-01 18:00:00,218.558,218.628,217.637,218.148,861025024.4141
2021-07-01 19:00:00,218.688,218.708,217.827,218.567,843775024.4141
2021-07-01 20:00:00,218.168,219.328,218.147,218.687,1113699951.1719
2021-07-04 13:00:00,248.678,249.068,247.137,247.787,624480346.6797
2021-07-04 14:00:00,250.497,250.817,248.497,248.687,1228742675.7813
2021-07-04 15:00:00,250.047,250.917,249.588,250.507,1140623535.1563
2021-07-04 16:00:00,249.818,250.418,249.687,250.058,990986694.3359
2021-07-04 17:00:00,249.947,250.078,249.398,249.818,796570922.8516
2021-07-04 18:00:00,250.077,250.718,249.878,249.937,794971984.8633
2021-07-04 19:00:00,249.908,250.238,248.907,250.088,1093391357.4219
2021-07-05 13:00:00,252.466,253.157,251.096,252.006,911788940.4297
2021-07-05 14:00:00,253.346,253.816,251.866,252.466,1169249023.4375
2021-07-05 15:00:00,254.216,254.277,253.196,253.336,1004589172.3633
2021-07-05 16:00:00,252.966,254.257,252.627,254.227,711746582.0313
2021-07-05 17:00:00,252.157,253.007,252.156,252.967,904047180.1758
2021-07-05 18:00:00,253.156,253.246,251.886,252.136,826545349.1211
2021-07-05 19:00:00,252.377,253.457,252.296,253.166,1153661987.3047
2021-07-06 13:00:00,252.096,252.207,249.686,249.686,767042846.6797
2021-07-06 14:00:00,252.936,252.937,251.936,252.117,1077310302.7344
2021-07-06 15:00:00,252.376,253.206,252.206,252.947,1022842224.1211
2021-07-06 16:00:00,252.277,252.807,252.217,252.377,518334350.5859
2021-07-06 17:00:00,252.267,252.446,252.026,252.287,481209014.8926
2021-07-06 18:00:00,252.707,252.777,252.096,252.276,380504699.707
2021-07-06 19:00:00,253.797,254.067,252.496,252.706,617151550.293
2021-07-07 13:00:00,279.066,279.907,278.096,279.356,669005859.375
2021-07-07 14:00:00,279.226,280.497,278.497,279.077,1334141113.2813
2021-07-07 15:00:00,279.686,279.967,278.096,279.226,969799255.3711
2021-07-07 16:00:00,279.976,280.226,279.507,279.687,615201965.332
2021-07-07 17:00:00,279.866,280.127,279.356,279.956,581899291.9922
2021-07-07 18:00:00,280.277,280.687,279.746,279.866,775850219.7266
2021-07-07 19:00:00,279.987,280.487,279.686,280.276,662587219.2383
2021-07-09 13:00:00,299.316,301.016,298.307,300.727,970288879.3945
2021-07-09 14:00:00,300.256,300.387,298.187,299.316,1254736328.125
2021-07-09 15:00:00,300.396,300.607,299.606,300.256,830864440.918
2021-07-09 16:00:00,300.407,300.687,300.197,300.367,626705200.1953
2021-07-09 17:00:00,300.347,300.887,300.237,300.417,421753326.416
2021-07-09 18:00:00,300.127,300.377,299.816,300.356,481867950.4395
2021-07-09 19:00:00,300.136,300.336,299.716,300.127,598175964.3555
2021-07-10 13:00:00,295.377,296.296,293.907,294.997,913958801.2695
2021-07-10 14:00:00,296.347,296.507,295.126,295.387,1060482055.6641
2021-07-10 15:00:00,296.356,296.636,295.396,296.366,691472717.2852
2021-07-10 16:00:00,296.487,296.547,295.737,296.357,582406433.1055
2021-07-10 17:00:00,295.497,296.507,295.326,296.497,532806701.6602
2021-07-10 18:00:00,294.957,295.597,294.606,295.507,778444030.7617
2021-07-10 19:00:00,294.876,295.916,294.496,294.956,1022910217.2852
2021-07-12 14:00:00,332.506,332.737,330.076,331.567,1005089172.3633
2021-07-12 15:00:00,335.266,335.567,332.076,332.456,1410136474.6094
2021-07-12 16:00:00,334.996,335.797,334.686,335.287,1105553222.6563
2021-07-12 17:00:00,335.456,335.767,334.666,334.997,777125183.1055
2021-07-12 18:00:00,335.206,335.606,334.626,335.456,750165954.5898
2021-07-12 19:00:00,333.877,335.247,333.546,335.216,819825134.2773
2021-07-12 20:00:00,334.436,334.977,332.546,333.876,1381935180.6641
2021-08-01 14:00:00,218.847,220.558,218.107,218.558,937599975.5859
2021-08-01 15:00:00,218.808,219.928,217.918,218.878,1689699951.1719
2021-08-01 16:00:00,218.237,219.387,217.507,218.807,1376550048.8281
2021-08-01 17:00:00,218.137,218.918,217.768,218.238,1086400024.4141
2021-08-01 18:00:00,217.948,218.307,217.017,218.147,1618275024.4141
2021-08-01 19:00:00,219.157,219.308,217.868,217.937,1343525024.4141
2021-08-01 20:00:00,219.518,220.147,219.087,219.158,1342650024.4141
2021-08-02 14:00:00,243.158,243.588,241.747,243.198,430119995.1172
2021-08-02 15:00:00,242.288,243.268,241.927,243.117,682706909.1797
2021-08-02 16:00:00,241.437,242.358,240.797,242.318,868130187.9883
2021-08-02 17:00:00,241.508,241.938,241.327,241.478,593564941.4063
2021-08-02 18:00:00,241.518,242.168,241.327,241.508,514562622.0703
2021-08-02 19:00:00,241.148,241.738,240.997,241.518,467844268.7988
2021-08-02 20:00:00,242.408,242.538,241.007,241.137,619253906.25
2021-08-03 14:00:00,230.117,232.257,229.348,231.117,1287359985.3516
2021-08-03 15:00:00,231.637,233.358,229.457,230.118,2919739990.2344
2021-08-03 16:00:00,230.238,232.457,230.188,231.647,2830443603.5156
2021-08-03 17:00:00,230.307,231.398,229.537,230.248,2503215332.0313
2021-08-03 18:00:00,229.138,231.278,229.048,230.318,2161128417.9688
2021-08-03 19:00:00,229.417,230.158,228.817,229.127,2281885986.3281
2021-08-03 20:00:00,227.408,229.567,227.077,229.408,2582277587.8906
2021-08-04 13:00:00,253.897,254.127,251.948,252.418,847509460.4492
2021-08-04 14:00:00,252.848,253.957,252.647,253.917,1145854248.0469
2021-08-04 15:00:00,252.917,253.178,252.117,252.838,727195678.7109
2021-08-04 16:00:00,252.428,253.218,252.127,252.928,613981506.3477
2021-08-04 17:00:00,253.227,253.228,252.117,252.437,572370849.6094
2021-08-04 18:00:00,253.107,253.447,253.027,253.227,506253875.7324
2021-08-04 19:00:00,253.237,253.428,252.828,253.108,668263488.7695
2021-08-06 13:00:00,254.786,255.996,254.286,255.237,752780029.2969
2021-08-06 14:00:00,254.166,255.296,253.916,254.766,1196358520.5078
2021-08-06 15:00:00,252.946,254.277,252.857,254.177,1147421752.9297
2021-08-06 16:00:00,253.297,253.407,252.686,252.936,631044860.8398
2021-08-06 17:00:00,252.747,253.317,252.556,253.287,504797393.7988
2021-08-06 18:00:00,253.417,253.477,252.536,252.737,478810150.1465
2021-08-06 19:00:00,252.477,253.767,252.477,253.436,659821716.3086
2021-08-07 13:00:00,277.626,278.707,276.426,276.506,940562988.2813
2021-08-07 14:00:00,275.377,277.897,275.256,277.627,1718804565.4297
2021-08-07 15:00:00,277.366,277.466,274.846,275.377,1225507812.5
2021-08-07 16:00:00,277.506,277.726,276.897,277.376,803126464.8438
2021-08-07 17:00:00,278.006,278.207,277.257,277.507,765920043.9453
2021-08-07 18:00:00,277.557,278.116,277.227,278.016,883032287.5977
2021-08-07 19:00:00,277.627,277.787,276.636,277.527,1127273803.7109
2021-08-09 13:00:00,298.966,300.577,298.526,299.787,812979736.3281
2021-08-09 14:00:00,297.757,299.547,297.446,298.987,1566233520.5078
2021-08-09 15:00:00,298.166,298.867,297.726,297.757,1349661621.0938
2021-08-09 16:00:00,298.667,299.167,297.936,298.167,1020005432.1289
2021-08-09 17:00:00,298.696,299.206,298.527,298.667,746084594.7266
2021-08-09 18:00:00,298.806,299.177,298.577,298.707,699889770.5078
2021-08-09 19:00:00,300.207,300.217,298.666,298.807,598058715.8203
2021-08-10 13:00:00,295.107,296.617,294.556,296.057,1005614746.0938
2021-08-10 14:00:00,295.466,296.507,294.856,295.097,1385053588.8672
2021-08-10 15:00:00,294.797,296.107,294.517,295.457,975169921.875
2021-08-10 16:00:00,294.807,295.437,294.496,294.806,795990600.5859
2021-08-10 17:00:00,294.767,294.937,293.746,294.796,771788208.0078
2021-08-10 18:00:00,295.267,295.527,294.677,294.747,766064758.3008
2021-08-10 19:00:00,294.746,295.627,294.066,295.256,1043952270.5078
2021-08-11 14:00:00,335.797,337.607,335.346,337.216,777342529.2969
2021-08-11 15:00:00,335.306,335.947,334.657,335.806,1139560791.0156
2021-08-11 16:00:00,334.907,335.506,334.676,335.317,771931274.4141
2021-08-11 17:00:00,335.207,335.317,334.426,334.907,667695922.8516
2021-08-11 18:00:00,336.327,336.497,335.096,335.206,620905395.5078
2021-08-11 19:00:00,337.417,337.436,336.186,336.326,502466705.3223
2021-08-11 20:00:00,336.887,337.406,336.216,337.406,722440856.9336
2021-08-12 14:00:00,332.747,335.437,332.267,335.217,1004735595.7031
2021-08-12 15:00:00,331.687,333.497,331.456,332.747,1725241821.2891
2021-08-12 16:00:00,331.637,332.267,330.786,331.697,1327329956.0547
2021-08-12 17:00:00,331.556,331.877,330.956,331.626,1001256164.5508
2021-08-12 18:00:00,332.597,332.897,331.316,331.556,759972961.4258
2021-08-12 19:00:00,333.086,333.097,332.097,332.596,835296386.7188
2021-08-12 20:00:00,334.847,335.297,332.626,333.096,1058326538.0859
2021-09-02 14:00:00,243.757,244.157,241.358,241.788,467945220.9473
2021-09-02 15:00:00,244.308,244.747,243.637,243.787,752228942.8711
2021-09-02 16:00:00,243.217,244.368,243.087,244.307,143239425.6592
2021-09-02 17:00:00,242.978,243.318,242.568,243.218,534834472.6563
2021-09-02 18:00:00,243.318,243.437,242.848,242.957,428230163.5742
2021-09-02 19:00:00,244.408,244.448,243.247,243.298,394613616.9434
2021-09-02 20:00:00,243.667,244.527,243.317,244.417,656436279.2969
2021-09-03 14:00:00,233.718,234.077,231.748,232.438,967542236.3281
2021-09-03 15:00:00,233.467,234.648,233.327,233.718,2492449462.8906
2021-09-03 16:00:00,232.897,233.918,232.557,233.447,1793071777.3438
2021-09-03 17:00:00,233.818,234.418,232.828,232.927,1105154296.875
2021-09-03 18:00:00,234.828,235.098,233.818,233.818,1089853759.7656
2021-09-03 19:00:00,234.497,234.858,234.078,234.827,1082835449.2188
2021-09-03 20:00:00,233.678,235.378,233.177,234.498,1500363769.5313
2021-09-04 13:00:00,254.138,254.238,252.267,252.267,757895751.9531
2021-09-04 14:00:00,254.128,254.818,253.907,254.138,1315227172.8516
2021-09-04 15:00:00,254.798,254.857,253.697,254.128,1099594116.2109
2021-09-04 16:00:00,254.408,255.057,254.237,254.798,529660644.5313
2021-09-04 17:00:00,254.647,254.907,254.327,254.407,413747192.3828
2021-09-04 18:00:00,254.297,254.808,254.077,254.658,509558990.4785
2021-09-04 19:00:00,255.757,255.957,254.047,254.288,782077270.5078
2021-09-06 13:00:00,254.726,255.507,253.417,253.656,784375305.1758
2021-09-06 14:00:00,253.876,254.877,253.196,254.716,1110533203.125
2021-09-06 15:00:00,254.187,254.917,253.816,253.876,703958496.0938
2021-09-06 16:00:00,255.097,255.117,254.146,254.177,400690734.8633
2021-09-06 17:00:00,254.816,255.327,254.726,255.106,388699584.9609
2021-09-06 18:00:00,254.076,255.037,253.976,254.826,412988403.3203
2021-09-06 19:00:00,253.626,254.177,253.366,254.077,608305053.7109
2021-09-07 13:00:00,276.437,276.897,275.286,275.426,724802307.1289
2021-09-07 14:00:00,277.387,277.397,275.316,276.436,998687255.8594
2021-09-07 15:00:00,277.236,277.676,276.716,277.386,694022155.7617
2021-09-07 16:00:00,277.576,277.867,277.216,277.256,393732543.9453
2021-09-07 17:00:00,277.356,277.606,277.066,277.577,351017486.5723
2021-09-07 18:00:00,277.367,277.497,276.966,277.367,344508666.9922
2021-09-07 19:00:00,277.786,277.967,277.206,277.357,568223693.8477
2021-09-08 13:00:00,289.297,291.527,288.766,289.746,852439697.2656
2021-09-08 14:00:00,288.796,289.637,288.526,289.307,1062058715.8203
2021-09-08 15:00:00,288.446,289.017,288.196,288.776,785297973.6328
2021-09-08 16:00:00,287.907,288.597,287.796,288.446,497431854.248
2021-09-08 17:00:00,288.137,288.227,287.906,287.907,385091156.0059
2021-09-08 18:00:00,288.376,288.567,288.016,288.116,375292785.6445
2021-09-08 19:00:00,288.327,288.567,288.106,288.377,423689666.748
2021-09-09 13:00:00,301.377,302.107,299.656,300.677,868127929.6875
2021-09-09 14:00:00,300.137,301.907,299.996,301.376,1041112792.9688
2021-09-09 15:00:00,299.336,300.246,298.696,300.147,778221435.5469
2021-09-09 16:00:00,298.806,299.407,298.796,299.336,611808715.8203
2021-09-09 17:00:00,297.516,299.167,297.426,298.817,1068201660.1563
2021-09-09 18:00:00,298.066,298.117,297.226,297.527,886653076.1719
2021-09-09 19:00:00,297.157,298.187,296.986,298.066,876681823.7305
2021-09-11 14:00:00,336.786,338.396,336.606,336.607,695443847.6563
2021-09-11 15:00:00,337.007,337.796,336.026,336.896,1458308471.6797
2021-09-11 16:00:00,336.577,337.227,336.107,336.987,1080190185.5469
2021-09-11 17:00:00,336.067,336.797,335.757,336.557,1069424926.7578
2021-09-11 18:00:00,334.676,336.247,334.507,336.067,828868164.0625
2021-09-11 19:00:00,335.937,336.007,334.607,334.686,677987304.6875
2021-09-11 20:00:00,335.826,336.497,335.446,335.926,805503112.793
2021-09-12 14:00:00,334.587,336.447,333.936,334.387,911401550.293
2021-09-12 15:00:00,333.907,334.986,333.146,334.597,1512014648.4375
2021-09-12 16:00:00,334.326,335.307,333.326,333.906,1128837280.2734
2021-09-12 17:00:00,334.757,334.837,333.476,334.316,1084662109.375
2021-09-12 18:00:00,334.286,334.967,333.276,334.767,1216207519.5313
2021-09-12 19:00:00,333.836,334.827,333.556,334.286,1242604980.4688
2021-09-12 20:00:00,333.166,334.157,332.106,333.846,1697748291.0156
2021-10-02 14:00:00,244.497,245.898,244.247,244.297,436631469.7266
2021-10-02 15:00:00,241.868,245.547,241.287,244.518,1768646728.5156
2021-10-02 16:00:00,241.248,242.118,241.057,241.868,1334880004.8828
2021-10-02 17:00:00,241.667,241.868,240.897,241.248,1032098510.7422
2021-10-02 18:00:00,241.868,242.587,241.527,241.667,661163208.0078
2021-10-02 19:00:00,243.298,243.358,241.827,241.878,881909973.1445
2021-10-02 20:00:00,242.808,243.758,242.148,243.308,1167352783.2031
2021-10-03 14:00:00,235.138,236.998,234.967,236.998,1127007202.1484
2021-10-03 15:00:00,234.517,236.018,233.788,235.198,2830080566.4063
2021-10-03 16:00:00,235.107,235.578,234.057,234.517,2490627441.4063
2021-10-03 17:00:00,235.048,235.138,234.077,235.077,2127804687.5
2021-10-03 18:00:00,232.808,235.088,232.208,235.048,2646593750.0
2021-10-03 19:00:00,233.268,233.488,232.168,232.817,1922907714.8438
2021-10-03 20:00:00,232.387,233.528,232.027,233.278,1937571044.9219
2021-10-05 13:00:00,251.337,251.537,249.326,250.617,734744873.0469
2021-10-05 14:00:00,250.306,251.707,250.006,251.367,1459976074.2188
2021-10-05 15:00:00,250.326,250.716,249.826,250.317,957383239.7461
2021-10-05 16:00:00,249.946,251.056,249.897,250.336,668120300.293
2021-10-05 17:00:00,249.786,250.287,249.546,249.946,666737670.8984
2021-10-05 18:00:00,247.817,249.867,247.416,249.817,1141017089.8438
2021-10-05 19:00:00,247.217,248.607,247.066,247.827,1127891235.3516
2021-10-06 13:00:00,255.837,256.327,253.547,254.176,643455078.125
2021-10-06 14:00:00,255.207,256.416,254.566,255.836,1075016479.4922
2021-10-06 15:00:00,256.757,256.887,254.966,255.186,895910827.6367
2021-10-06 16:00:00,257.427,257.437,256.567,256.746,752875610.3516
2021-10-06 17:00:00,256.977,257.447,256.267,257.417,509320831.2988
2021-10-06 18:00:00,256.837,257.027,256.246,256.997,472017883.3008
2021-10-06 19:00:00,257.207,257.427,256.336,256.837,711444091.7969
2021-10-08 13:00:00,288.906,289.186,288.016,288.756,757412597.6563
2021-10-08 14:00:00,286.347,289.217,285.847,288.917,1392032226.5625
2021-10-08 15:00:00,285.827,286.377,285.196,286.346,995033447.2656
2021-10-08 16:00:00,285.937,286.517,285.806,285.806,605664733.8867
2021-10-08 17:00:00,285.896,286.127,285.476,285.946,580428649.9023
2021-10-08 18:00:00,286.267,286.267,285.396,285.896,539434631.3477
2021-10-08 19:00:00,286.476,286.477,285.676,286.266,596130065.918
2021-10-09 13:00:00,297.767,299.027,297.546,298.516,703477600.0977
2021-10-09 14:00:00,297.317,297.787,296.376,297.766,1327969360.3516
2021-10-09 15:00:00,297.906,298.097,296.626,297.336,1488033569.3359
2021-10-09 16:00:00,299.536,299.907,297.776,297.917,650227172.8516
2021-10-09 17:00:00,298.826,299.617,298.716,299.537,540951660.1563
2021-10-09 18:00:00,297.906,298.867,297.876,298.837,510312683.1055
2021-10-09 19:00:00,295.807,297.937,295.366,297.906,1052491699.2188
2021-10-11 14:00:00,332.797,334.577,331.076,334.277,832097167.9688
2021-10-11 15:00:00,333.056,333.947,332.516,332.847,1063928100.5859
2021-10-11 16:00:00,332.427,333.687,331.606,333.046,787709106.4453
2021-10-11 17:00:00,332.777,332.837,332.106,332.416,613116394.043
2021-10-11 18:00:00,330.377,332.817,329.897,332.776,1108147216.7969
2021-10-11 19:00:00,330.856,331.627,329.896,330.336,1063075927.7344
2021-10-11 20:00:00,330.697,331.577,330.416,330.877,1010792053.2227
2021-10-12 14:00:00,338.167,338.417,334.576,334.577,1109864746.0938
2021-10-12 15:00:00,340.937,342.666,338.076,338.336,1813913574.2188
2021-10-12 16:00:00,339.936,340.937,338.356,340.936,1473526123.0469
2021-10-12 17:00:00,340.247,340.277,338.236,339.957,1028615722.6563
2021-10-12 18:00:00,340.467,340.917,339.916,340.247,791816101.0742
2021-10-12 19:00:00,339.937,341.076,339.576,340.496,771500732.4219
2021-10-12 20:00:00,342.367,342.957,339.766,339.937,916065490.7227
2021-11-01 14:00:00,217.397,218.637,216.707,218.275,1187386962.8906
2021-11-01 15:00:00,218.337,218.888,216.998,217.408,1656750000.0
2021-11-01 16:00:00,218.098,218.558,217.417,218.348,1161650024.4141
2021-11-01 17:00:00,218.268,218.538,217.867,218.097,847000000.0
2021-11-01 18:00:00,217.788,218.528,217.497,218.287,878750976.5625
2021-11-01 19:00:00,217.938,218.038,217.197,217.777,1182349975.5859
2021-11-01 20:00:00,217.578,218.068,217.107,217.938,1629074951.1719
2021-11-02 14:00:00,242.597,245.108,242.597,244.527,456737792.9688
2021-11-02 15:00:00,243.138,243.818,242.577,242.608,887756225.5859
2021-11-02 16:00:00,243.447,243.808,242.847,243.147,649582458.4961
2021-11-02 17:00:00,242.847,243.688,242.168,243.458,1130469726.5625
2021-11-02 18:00:00,243.068,243.467,242.537,242.848,625963562.0117
2021-11-02 19:00:00,243.398,243.427,242.247,243.077,790199157.7148
2021-11-02 20:00:00,244.398,244.728,243.257,243.387,807073730.4688
2021-11-03 14:00:00,235.148,236.728,234.357,234.732,1003487731.9336
2021-11-03 15:00:00,237.478,237.598,234.718,235.148,2021215698.2422
2021-11-03 16:00:00,238.657,238.858,236.997,237.477,1421861206.0547
2021-11-03 17:00:00,238.227,238.977,237.747,238.688,1263667724.6094
2021-11-03 18:00:00,238.218,239.148,237.887,238.228,1483025512.6953
2021-11-03 19:00:00,238.087,238.478,237.887,238.187,1233895019.5313
2021-11-03 20:00:00,237.117,238.278,236.528,238.117,1332878295.8984
2021-11-05 13:00:00,244.796,244.947,242.556,244.267,868903747.5586
2021-11-05 14:00:00,245.136,245.767,243.856,244.806,1768256958.0078
2021-11-05 15:00:00,245.927,246.577,244.176,245.146,1497401977.5391
2021-11-05 16:00:00,245.027,246.457,244.646,245.937,1344928588.8672
2021-11-05 17:00:00,245.147,245.917,244.857,245.037,980200988.7695
2021-11-05 18:00:00,245.677,246.126,244.686,245.147,1406432739.2578
2021-11-05 19:00:00,246.216,246.466,244.806,245.676,1590859497.0703
2021-11-06 13:00:00,257.676,258.227,256.796,257.796,694060852.0508
2021-11-06 14:00:00,257.947,258.477,257.666,257.686,869411926.2695
2021-11-06 15:00:00,257.427,258.167,257.336,257.956,629844848.6328
2021-11-06 16:00:00,256.916,257.567,256.596,257.417,494616638.1836
2021-11-06 17:00:00,257.107,257.147,256.596,256.896,333173126.2207
2021-11-06 18:00:00,257.587,257.607,257.096,257.116,313576141.3574
2021-11-06 19:00:00,257.727,257.886,257.266,257.587,466401367.1875
2021-11-08 13:00:00,287.427,288.627,287.016,287.017,821536499.0234
2021-11-08 14:00:00,286.336,288.046,286.327,287.446,1088397827.1484
2021-11-08 15:00:00,286.307,286.457,285.836,286.347,1160977294.9219
2021-11-08 16:00:00,286.857,287.167,286.256,286.306,616467468.2617
2021-11-08 17:00:00,286.676,287.216,286.466,286.866,607869995.1172
2021-11-08 18:00:00,286.867,286.947,286.407,286.667,494327911.377
2021-11-08 19:00:00,286.967,287.097,286.586,286.876,627455261.2305
2021-11-10 13:00:00,296.207,296.497,292.746,292.897,786356933.5938
2021-11-10 14:00:00,297.116,297.407,296.066,296.217,1024601074.2188
2021-11-10 15:00:00,296.716,297.957,296.676,297.126,862476989.7461
2021-11-10 16:00:00,296.637,296.757,295.596,296.697,867961914.0625
2021-11-10 17:00:00,295.817,296.707,295.256,296.637,1076370483.3984
2021-11-10 18:00:00,296.187,296.417,295.697,295.817,991275085.4492
2021-11-10 19:00:00,294.137,296.337,293.997,296.167,1258644287.1094
2021-11-11 14:00:00,333.047,333.117,330.796,331.376,533239868.1641
2021-11-11 15:00:00,332.526,333.387,332.206,333.047,947318725.5859
2021-11-11 16:00:00,333.347,333.766,332.306,332.527,612641113.2813
2021-11-11 17:00:00,333.037,333.527,332.597,333.377,653740661.6211
2021-11-11 18:00:00,333.216,333.466,332.596,333.036,578412475.5859
2021-11-11 19:00:00,332.446,333.417,332.376,333.236,477478515.625
2021-11-11 20:00:00,332.487,332.907,331.986,332.457,802479736.3281
2021-12-01 14:00:00,214.997,217.067,214.347,216.548,862000000.0
2021-12-01 15:00:00,214.788,215.738,214.377,214.997,1438724975.5859
2021-12-01 16:00:00,214.638,215.537,214.547,214.777,1198400024.4141
2021-12-01 17:00:00,214.408,214.688,213.297,214.617,1308550048.8281
2021-12-01 18:00:00,215.148,215.357,214.317,214.407,890224975.5859
2021-12-01 19:00:00,215.037,215.648,214.747,215.157,948849975.5859
2021-12-01 20:00:00,214.828,215.338,214.757,215.047,1071200805.6641
2021-12-02 14:00:00,243.588,244.848,242.878,243.977,386120391.8457
2021-12-02 15:00:00,243.298,243.838,242.718,243.588,693004455.5664
2021-12-02 16:00:00,243.788,244.327,243.257,243.298,626868957.5195
2021-12-02 17:00:00,243.807,244.048,243.597,243.798,488926361.084
2021-12-02 18:00:00,243.617,244.148,243.197,243.808,444835021.9727
2021-12-02 19:00:00,244.197,244.518,243.558,243.618,433029541.0156
2021-12-02 20:00:00,244.987,245.258,243.947,244.207,618926391.6016
2021-12-03 14:00:00,235.398,235.427,233.358,233.747,934026977.5391
2021-12-03 15:00:00,233.627,235.407,233.357,235.407,2197636718.75
2021-12-03 16:00:00,234.588,234.938,233.217,233.637,1906570800.7813
2021-12-03 17:00:00,234.697,235.527,234.377,234.587,1339665283.2031
2021-12-03 18:00:00,235.018,235.348,234.298,234.688,1206591796.875
2021-12-03 19:00:00,235.147,235.528,234.218,235.018,1169246215.8203
2021-12-03 20:00:00,235.768,235.768,234.868,235.158,1123644531.25
2021-12-04 13:00:00,254.987,256.948,254.598,254.598,610871520.9961
2021-12-04 14:00:00,255.957,256.218,254.647,254.988,1505293579.1016
2021-12-04 15:00:00,256.838,257.238,255.957,255.968,1242469482.4219
2021-12-04 16:00:00,257.358,257.568,256.587,256.847,899942199.707
2021-12-04 17:00:00,256.758,257.658,256.727,257.368,671800964.3555
2021-12-04 18:00:00,256.047,257.027,255.827,256.767,666200805.6641
2021-12-04 19:00:00,255.877,256.797,255.267,256.057,947821411.1328
2021-12-05 13:00:00,242.307,244.367,242.106,242.197,986287048.3398
2021-12-05 14:00:00,240.017,242.317,239.656,242.317,1776635498.0469
2021-12-05 15:00:00,239.477,240.877,239.367,240.016,1353644409.1797
2021-12-05 16:00:00,239.776,239.867,238.766,239.487,1352849853.5156
2021-12-05 17:00:00,239.236,240.367,238.746,239.777,1219235107.4219
2021-12-05 18:00:00,239.397,240.317,239.086,239.236,1353045166.0156
2021-12-05 19:00:00,238.987,239.717,238.057,239.376,1724187988.2813
2021-12-07 13:00:00,277.897,279.687,277.567,278.896,807687744.1406
2021-12-07 14:00:00,277.707,277.926,276.816,277.896,1109861694.3359
2021-12-07 15:00:00,277.216,277.946,276.756,277.706,649186462.4023
2021-12-07 16:00:00,277.246,277.447,276.576,277.217,497740936.2793
2021-12-07 17:00:00,277.336,277.397,277.047,277.237,436710754.3945
2021-12-07 18:00:00,277.417,277.927,277.296,277.347,450226562.5
2021-12-07 19:00:00,277.247,277.717,276.956,277.426,565342224.1211
2021-12-08 13:00:00,287.646,288.067,286.296,286.296,823629760.7422
2021-12-08 14:00:00,289.516,289.717,286.936,287.647,1089096679.6875
2021-12-08 15:00:00,289.046,289.597,289.036,289.476,618385375.9766
2021-12-08 16:00:00,288.926,289.136,288.716,289.036,558475036.6211
2021-12-08 17:00:00,289.457,289.587,288.756,288.927,462632080.0781
2021-12-08 18:00:00,289.706,289.807,289.406,289.466,391315307.6172
2021-12-08 19:00:00,289.617,289.957,289.426,289.717,450405456.543
2021-12-10 13:00:00,292.967,295.347,292.666,295.296,1046603759.7656
2021-12-10 14:00:00,292.897,294.157,292.766,292.957,1703313476.5625
2021-12-10 15:00:00,294.216,294.217,292.886,292.886,1268182739.2578
2021-12-10 16:00:00,293.906,294.866,293.746,294.227,954257141.1133
2021-12-10 17:00:00,293.636,294.137,293.456,293.906,802234130.8594
2021-12-10 18:00:00,293.706,294.907,293.527,293.627,806245971.6797
2021-12-10 19:00:00,292.856,293.827,292.316,293.717,1173247070.3125
2021-12-11 14:00:00,334.286,335.596,333.766,333.797,716241943.3594
2021-12-11 15:00:00,335.366,335.436,334.126,334.286,896117431.6406
2021-12-11 16:00:00,336.656,336.947,335.097,335.367,817940734.8633
2021-12-11 17:00:00,336.656,336.956,336.376,336.666,591148254.3945
2021-12-11 18:00:00,336.726,336.847,336.206,336.666,386051544.1895
2021-12-11 19:00:00,336.265,336.817,336.127,336.736,440096618.6523
2021-12-11 20:00:00,336.657,337.186,336.166,336.262,661641662.5977
2022-01-02 14:00:00,307.056,310.567,306.106,310.526,1186777465.8203
2022-01-02 15:00:00,307.066,307.776,305.306,307.077,2500765136.7188
2022-01-02 16:00:00,308.336,308.677,306.586,307.047,2278270996.0938
2022-01-02 17:00:00,306.686,308.526,305.866,308.347,2144273193.3594
2022-01-02 18:00:00,306.116,306.787,305.696,306.677,1700157714.8438
2022-01-02 19:00:00,306.077,306.477,305.116,306.127,2014391601.5625
2022-01-02 20:00:00,308.807,309.226,305.876,306.077,2086259765.625
2022-01-03 14:00:00,298.367,298.857,295.496,295.747,1234646850.5859
2022-01-03 15:00:00,297.497,299.937,297.206,298.467,3055341796.875
2022-01-03 16:00:00,295.146,298.587,294.747,297.496,2886388427.7344
2022-01-03 17:00:00,296.487,297.186,294.576,295.156,2605535400.3906
2022-01-03 18:00:00,294.787,297.157,294.226,296.476,2693690429.6875
2022-01-03 19:00:00,294.217,295.887,294.116,294.786,2638920166.0156
2022-01-03 20:00:00,295.217,296.327,292.107,294.227,2919519287.1094
2022-01-04 13:00:00,306.907,310.092,306.786,309.227,1268688598.6328
2022-01-04 14:00:00,308.706,309.436,306.236,306.916,2110584228.5156
2022-01-04 15:00:00,305.827,308.967,305.576,308.727,1662618896.4844
2022-01-04 16:00:00,306.037,306.777,305.517,305.827,1259318969.7266
2022-01-04 17:00:00,306.916,307.327,306.007,306.037,1436594116.2109
2022-01-04 18:00:00,307.487,308.446,306.616,306.916,1635448364.2578
2022-01-04 19:00:00,309.206,309.587,305.836,307.496,2214134277.3438
2022-01-06 13:00:00,277.236,277.656,275.056,275.067,1258185058.5938
2022-01-06 14:00:00,273.496,277.487,271.606,277.246,2706383056.6406
2022-01-06 15:00:00,271.246,273.497,270.906,273.496,2202992431.6406
2022-01-06 16:00:00,270.776,271.367,269.996,271.257,2061019531.25
2022-01-06 17:00:00,271.637,272.047,270.226,270.797,2010336791.9922
2022-01-06 18:00:00,273.587,274.437,271.506,271.637,2125436279.2969
2022-01-06 19:00:00,272.287,274.757,272.017,273.587,2351078613.2813
2022-01-07 13:00:00,257.737,258.337,254.537,255.997,1412107347.4883003
2022-01-07 14:00:00,256.017,258.907,254.926,257.747,3068087440.490899
2022-01-07 15:00:00,255.996,257.457,255.526,256.006,2783440185.5465994
2022-01-07 16:00:00,256.007,257.077,255.436,255.996,2159706705.0937
2022-01-07 17:00:00,257.546,257.706,255.836,255.996,1832867449.7607007
2022-01-07 18:00:00,258.697,258.837,256.937,257.566,1665339452.7434998
2022-01-07 19:00:00,259.307,259.706,258.166,258.697,1923093692.7798
2022-01-08 13:00:00,278.606,278.977,276.707,277.817,1253111938.4766
2022-01-08 14:00:00,281.087,281.187,277.676,278.497,2273313964.8438
2022-01-08 15:00:00,280.276,281.257,279.807,281.107,1791762207.0313
2022-01-08 16:00:00,278.747,280.467,278.216,280.297,1654770751.9531
2022-01-08 17:00:00,277.117,278.767,275.806,278.747,1743421386.7188
2022-01-08 18:00:00,278.216,278.287,276.556,277.127,1780915893.5547
2022-01-08 19:00:00,277.936,278.957,277.536,278.216,1741494018.5547
2022-01-09 13:00:00,259.396,259.557,257.896,259.337,13830000.042900003
2022-01-09 14:00:00,255.666,259.797,255.666,259.397,28052400.0233
2022-01-09 15:00:00,255.786,256.947,255.396,255.666,26832000.106500003
2022-01-09 16:00:00,255.816,256.917,255.496,255.766,23026799.9919
2022-01-09 17:00:00,256.416,257.487,255.686,255.816,22568400.0701
2022-01-09 18:00:00,258.097,258.556,256.036,256.437,28023599.8929
2022-01-09 19:00:00,260.566,260.776,257.946,258.097,26985600.024000008
2022-01-11 13:00:00,230.596,235.676,230.296,234.886,18894000.1131
2022-01-11 14:00:00,228.747,230.897,228.066,230.596,40735199.92869999
2022-01-11 15:00:00,229.436,230.557,228.596,228.756,28983600.0803
2022-01-11 16:00:00,228.447,230.187,227.286,229.447,28468800.0974
2022-01-11 17:00:00,228.247,228.567,227.337,228.446,21524399.995600004
2022-01-11 18:00:00,228.656,228.917,228.046,228.247,17623200.0293
2022-01-11 19:00:00,228.207,229.107,228.006,228.656,21557999.953499995
2022-01-12 14:00:00,254.716,256.036,253.146,254.306,8374799.7284
2022-01-12 15:00:00,253.896,255.016,250.867,254.816,14166000.3662
2022-01-12 16:00:00,253.177,254.067,252.576,253.967,12616800.3082
2022-01-12 17:00:00,254.247,254.366,252.306,253.176,9868800.1633
2022-01-12 18:00:00,254.396,255.057,253.606,254.247,7823999.8817
2022-01-12 19:00:00,255.816,255.937,254.056,254.417,11176799.7742
2022-01-12 20:00:00,254.706,256.087,254.566,255.816,11394000.0534
2022-02-02 14:00:00,313.347,313.686,308.877,309.456,1257460693.3594
2022-02-02 15:00:00,312.326,315.067,311.656,313.317,2568681152.3438
2022-02-02 16:00:00,311.096,312.617,309.526,312.326,2465719482.4219
2022-02-02 17:00:00,312.627,312.697,310.496,311.097,1893768920.8984
2022-02-02 18:00:00,311.667,312.677,310.836,312.627,1830099365.2344
2022-02-02 19:00:00,312.646,313.237,311.277,311.676,2079437988.2813
2022-02-02 20:00:00,313.217,314.057,312.236,312.637,2425987304.6875
2022-02-03 14:00:00,296.237,298.366,294.477,295.497,1560118774.4141
2022-02-03 15:00:00,296.287,297.887,293.657,296.236,3310391845.7031
2022-02-03 16:00:00,298.266,299.547,295.286,296.277,2634819091.7969
2022-02-03 17:00:00,299.026,299.616,297.996,298.266,1984367553.7109
2022-02-03 18:00:00,299.657,300.666,298.917,299.036,1769215209.9609
2022-02-03 19:00:00,300.606,301.037,299.417,299.646,1812723510.7422
2022-02-03 20:00:00,300.287,301.386,299.426,300.567,2265926757.8125
2022-02-05 13:00:00,279.867,280.447,276.206,277.667,1886670166.0156
2022-02-05 14:00:00,279.947,282.447,277.036,279.767,3839604492.1875
2022-02-05 15:00:00,280.757,280.767,277.716,279.946,3293095703.125
2022-02-05 16:00:00,280.256,282.277,279.677,280.757,2798663330.0781
2022-02-05 17:00:00,279.316,280.737,278.596,280.247,2364862792.9688
2022-02-05 18:00:00,278.296,280.206,277.417,279.307,2734212646.4844
2022-02-05 19:00:00,284.137,284.797,278.056,278.296,3232408447.2656
2022-02-06 13:00:00,266.167,267.456,261.557,264.386,1703514892.5781
2022-02-06 14:00:00,266.276,267.737,264.506,266.117,3264911865.2344
2022-02-06 15:00:00,268.006,269.017,266.046,266.277,2465536621.0938
2022-02-06 16:00:00,270.637,270.827,267.836,268.007,1950666503.9063
2022-02-06 17:00:00,272.346,272.366,270.366,270.657,1972069580.0781
2022-02-06 18:00:00,272.367,273.397,272.056,272.337,1726605102.5391
2022-02-06 19:00:00,274.496,274.616,272.256,272.357,2074391601.5625
2022-02-08 13:00:00,273.787,276.317,272.916,275.627,1459979248.0469
2022-02-08 14:00:00,274.916,275.737,272.336,273.827,2802261230.4688
2022-02-08 15:00:00,274.817,275.556,274.147,274.886,2056389404.2969
2022-02-08 16:00:00,277.247,277.867,274.766,274.826,1645901123.0469
2022-02-08 17:00:00,274.016,277.276,273.426,277.206,2148178222.6563
2022-02-08 18:00:00,274.946,275.327,273.866,274.016,2005305297.8516
2022-02-08 19:00:00,274.727,275.606,274.126,274.957,2115846679.6875
2022-02-09 13:00:00,261.666,262.867,260.526,261.786,14.580001215003644
2022-02-09 14:00:00,263.256,264.717,260.776,261.707,27.03960225329524
2022-02-09 15:00:00,263.416,264.017,263.006,263.246,25.59840213319645
2022-02-09 16:00:00,259.427,263.437,258.686,263.377,32.69640272469047
2022-02-09 17:00:00,255.867,259.447,255.856,259.447,34.437602869789
2022-02-09 18:00:00,256.166,256.997,255.566,255.876,30.064802505392688
2022-02-09 19:00:00,255.476,256.986,254.466,256.166,28.548002378993967
2022-02-11 13:00:00,226.447,229.246,226.396,229.137,15951599.9851
2022-02-11 14:00:00,226.376,227.106,226.006,226.447,27694799.89989999
2022-02-11 15:00:00,224.986,226.667,224.666,226.396,20590800.0474
2022-02-11 16:00:00,225.556,225.757,224.476,225.017,18148800.120100003
2022-02-11 17:00:00,226.616,227.147,225.166,225.567,12656400.054899996
2022-02-11 18:00:00,225.006,231.247,224.197,226.617,47543999.9103
2022-02-11 19:00:00,220.007,226.436,220.006,225.007,41033999.9496
2022-02-12 14:00:00,250.667,251.467,249.706,249.916,16823999.4049
2022-02-12 15:00:00,251.587,252.757,250.096,250.666,24378000.2594
2022-02-12 16:00:00,252.786,253.777,250.856,251.577,19519199.3713
2022-02-12 17:00:00,252.967,253.947,252.387,252.796,13984800.3387
2022-02-12 18:00:00,253.447,253.767,252.246,253.007,11782799.7208
2022-02-12 19:00:00,254.386,254.477,252.927,253.446,12248399.7345
2022-02-12 20:00:00,254.747,256.046,253.826,254.376,17576400.7568
2022-03-01 14:00:00,330.246,337.696,329.716,335.106,1118973999.0234
2022-03-01 15:00:00,332.147,332.737,329.846,330.296,1819846435.5469
2022-03-01 16:00:00,331.686,332.696,331.076,332.156,1344925903.3203
2022-03-01 17:00:00,332.206,332.947,331.326,331.697,828183776.8555
2022-03-01 18:00:00,333.516,333.877,331.766,332.216,561971923.8281
2022-03-01 19:00:00,333.506,334.286,333.336,333.517,549002319.3359
2022-03-01 20:00:00,334.627,334.727,333.176,333.507,880249877.9297
2022-03-02 14:00:00,308.857,310.706,307.577,309.376,1137305175.7813
2022-03-02 15:00:00,309.227,311.187,308.396,308.856,2539246826.1719
2022-03-02 16:00:00,307.707,309.477,307.496,309.227,2234373779.2969
2022-03-02 17:00:00,306.496,307.967,305.996,307.697,2184675537.1094
2022-03-02 18:00:00,305.446,306.717,305.176,306.506,2050010009.7656
2022-03-02 19:00:00,303.627,305.847,302.707,305.427,2087292968.75
2022-03-02 20:00:00,301.257,304.727,300.746,303.636,2382454833.9844
2022-03-03 14:00:00,300.876,302.906,300.496,302.626,1352419921.875
2022-03-03 15:00:00,296.436,301.307,296.417,300.886,2531821533.2031
2022-03-03 16:00:00,297.207,297.657,296.006,296.436,2332163574.2188
2022-03-03 17:00:00,297.716,299.297,295.697,297.217,2564535156.25
2022-03-03 18:00:00,297.827,298.507,296.746,297.707,2039718750.0
2022-03-03 19:00:00,295.896,298.287,295.216,297.826,1980510864.2578
2022-03-03 20:00:00,295.936,295.966,294.026,295.886,2559551757.8125
2022-03-05 13:00:00,283.276,283.977,281.287,282.996,790862182.6172
2022-03-05 14:00:00,281.226,284.077,280.256,283.277,1307084228.5156
2022-03-05 15:00:00,282.456,283.536,280.726,281.216,1345075561.5234
2022-03-05 16:00:00,281.746,283.687,280.807,282.446,2923450439.4531
2022-03-05 17:00:00,282.476,283.467,281.517,281.767,2352696777.3438
2022-03-05 18:00:00,282.317,282.557,280.097,282.486,2708991699.2188
2022-03-05 19:00:00,281.586,282.947,280.246,282.317,3089503173.8281
2022-03-06 13:00:00,272.086,272.797,269.496,269.747,1715859375.0
2022-03-06 14:00:00,270.746,273.397,270.447,272.077,3244381835.9375
2022-03-06 15:00:00,269.317,270.807,268.366,270.746,2406177734.375
2022-03-06 16:00:00,270.666,270.856,268.877,269.316,2257041748.0469
2022-03-06 17:00:00,269.726,271.487,269.146,270.667,2287277587.8906
2022-03-06 18:00:00,270.167,270.777,269.496,269.737,2017112426.7578
2022-03-06 19:00:00,269.907,270.387,268.466,270.177,2357162353.5156
2022-03-08 13:00:00,278.786,279.156,276.376,276.757,788167602.5391
2022-03-08 14:00:00,278.756,280.277,278.006,278.727,1652801025.3906
2022-03-08 15:00:00,281.237,281.406,278.526,278.836,1271745971.6797
2022-03-08 16:00:00,282.326,282.826,280.566,281.236,1118308837.8906
2022-03-08 17:00:00,283.046,283.467,282.266,282.276,877390930.1758
2022-03-08 18:00:00,282.646,283.047,282.286,283.047,817824035.6445
2022-03-08 19:00:00,282.456,283.207,282.226,282.647,904207641.6016
2022-03-10 13:00:00,234.886,237.116,234.646,235.636,10813199.9969
2022-03-10 14:00:00,237.426,238.146,234.887,234.887,33419998.1689
2022-03-10 15:00:00,237.216,238.117,236.726,237.407,30331199.646
2022-03-10 16:00:00,237.777,237.997,236.866,237.217,29259599.6857
2022-03-10 17:00:00,239.447,239.637,237.746,237.777,23600400.9247
2022-03-10 18:00:00,241.316,241.587,239.416,239.467,20062799.4537
2022-03-10 19:00:00,240.607,241.467,240.306,241.317,17953199.3866
2022-03-11 13:00:00,216.567,220.357,216.446,219.996,17704799.890499998
2022-03-11 14:00:00,217.867,218.787,216.066,216.577,33772800.08780001
2022-03-11 15:00:00,216.137,218.546,215.936,217.877,31892399.96689999
2022-03-11 16:00:00,218.196,218.477,215.896,216.156,29701200.0676
2022-03-11 17:00:00,216.606,218.277,216.256,218.196,19596000.0758
2022-03-11 18:00:00,216.566,216.897,215.936,216.616,14458799.913699998
2022-03-11 19:00:00,214.197,216.606,213.986,216.526,18392400.0407
2022-04-01 14:00:00,333.996,334.767,332.397,334.277,878164001.4648
2022-04-01 15:00:00,329.956,334.337,329.296,333.906,1724605834.9609
2022-04-01 16:00:00,327.977,330.036,327.546,329.977,1696720703.125
2022-04-01 17:00:00,327.317,328.217,326.556,327.976,1184325927.7344
2022-04-01 18:00:00,326.577,328.366,326.507,327.317,1188541625.9766
2022-04-01 19:00:00,327.666,327.977,326.106,326.587,1154468872.0703
2022-04-01 20:00:00,329.057,330.256,327.666,327.677,1198398071.2891
2022-04-02 14:00:00,304.156,304.587,299.956,300.126,1287684692.3828
2022-04-02 15:00:00,303.367,306.386,302.496,304.197,2755103271.4844
2022-04-02 16:00:00,305.096,306.037,302.806,303.366,2556708984.375
2022-04-02 17:00:00,306.357,306.986,304.576,305.116,2490381591.7969
2022-04-02 18:00:00,307.587,308.097,306.387,306.397,1995962158.2031
2022-04-02 19:00:00,307.466,307.887,306.267,307.576,2126156005.8594
2022-04-02 20:00:00,306.267,308.776,305.936,307.477,2320126220.7031
2022-04-03 14:00:00,292.117,295.616,289.636,294.297,1541198242.1875
2022-04-03 15:00:00,289.516,292.777,289.196,292.106,2785380859.375
2022-04-03 16:00:00,288.877,289.717,287.136,289.537,2525716064.4531
2022-04-03 17:00:00,290.797,291.907,288.616,288.887,2110645996.0938
2022-04-03 18:00:00,289.156,292.527,289.017,290.807,1728634521.4844
2022-04-03 19:00:00,287.896,290.306,287.706,289.187,1951462280.2734
2022-04-03 20:00:00,288.647,289.196,287.676,287.896,1492372314.4531
2022-04-04 13:00:00,313.956,314.307,309.676,310.037,1269834472.6563
2022-04-04 14:00:00,312.477,314.297,312.086,313.996,2024043212.8906
2022-04-04 15:00:00,313.296,314.007,312.446,312.477,1161587524.4141
2022-04-04 16:00:00,313.276,314.067,313.046,313.306,904788818.3594
2022-04-04 17:00:00,313.817,313.896,312.696,313.276,885941040.0391
2022-04-04 18:00:00,314.126,314.457,313.086,313.807,908448791.5039
2022-04-04 19:00:00,314.937,315.077,313.886,314.127,1167130737.3047
2022-04-05 13:00:00,280.567,284.197,280.496,281.807,1480845336.9141
2022-04-05 14:00:00,278.017,281.386,277.716,280.526,2834278076.1719
2022-04-05 15:00:00,279.307,279.587,276.687,278.007,2264265625.0
2022-04-05 16:00:00,282.117,282.137,279.047,279.317,1943854736.3281
2022-04-05 17:00:00,283.246,283.797,281.456,282.116,1803399169.9219
2022-04-05 18:00:00,285.577,286.177,278.197,283.257,3631995117.1875
2022-04-05 19:00:00,289.866,290.836,284.736,285.576,2974846191.4063
2022-04-08 13:00:00,282.707,283.396,281.106,281.776,1174692138.6719
2022-04-08 14:00:00,281.676,283.337,280.156,282.707,2312960205.0781
2022-04-08 15:00:00,282.736,282.916,280.496,281.707,1727890014.6484
2022-04-08 16:00:00,281.306,283.727,281.306,282.756,1451500976.5625
2022-04-08 17:00:00,282.637,282.997,281.296,281.347,1098911621.0938
2022-04-08 18:00:00,283.026,283.246,282.077,282.636,1216181884.7656
2022-04-08 19:00:00,283.527,283.707,282.636,283.056,1218366088.8672
2022-04-10 13:00:00,249.127,249.197,244.816,244.896,16209600.4486
2022-04-10 14:00:00,249.567,250.277,248.606,249.107,31079999.9237
2022-04-10 15:00:00,248.507,249.887,248.206,249.566,23591999.054
2022-04-10 16:00:00,248.026,249.177,247.726,248.516,23562000.2747
2022-04-10 17:00:00,248.066,248.297,246.616,248.026,25423200.6073
2022-04-10 18:00:00,248.806,249.097,247.396,248.076,24477600.0977
2022-04-10 19:00:00,248.887,248.997,247.516,248.837,31208400.7263
2022-04-11 13:00:00,216.376,218.166,213.416,218.096,20037600.04
2022-04-11 14:00:00,218.537,219.957,215.526,216.386,35403600.0372
2022-04-11 15:00:00,215.667,218.847,215.447,218.556,31653600.2452
2022-04-11 16:00:00,217.556,218.587,215.086,215.707,32762399.822600007
2022-04-11 17:00:00,216.957,217.787,216.096,217.557,28288800.0008
2022-04-11 18:00:00,218.917,219.107,216.327,216.957,27532800.018700004
2022-04-11 19:00:00,221.387,221.527,218.496,218.917,27862799.971999995
2022-05-01 14:00:00,322.806,325.796,320.827,325.736,1256834838.8672
2022-05-01 15:00:00,322.717,323.547,321.586,322.806,1655559570.3125
2022-05-01 16:00:00,321.796,323.206,321.746,322.716,1076906005.8594
2022-05-01 17:00:00,320.536,322.387,320.136,321.807,1023356994.6289
2022-05-01 18:00:00,321.087,321.577,320.317,320.536,844114746.0938
2022-05-01 19:00:00,318.946,322.657,318.467,321.146,1490535278.3203
2022-05-01 20:00:00,316.476,319.247,316.106,318.976,1757867065.4297
2022-05-04 13:00:00,313.057,314.836,312.606,313.116,1345439453.125
2022-05-04 14:00:00,312.987,314.136,311.646,313.056,2520876464.8438
2022-05-04 15:00:00,311.846,313.177,311.516,312.977,1976602661.1328
2022-05-04 16:00:00,311.757,312.156,310.536,311.846,1831475952.1484
2022-05-04 17:00:00,311.557,312.717,311.026,311.756,1407772827.1484
2022-05-04 18:00:00,311.876,312.516,311.286,311.516,1436027954.1016
2022-05-04 19:00:00,310.766,312.156,309.866,311.897,1873951171.875
2022-05-05 13:00:00,282.357,286.246,282.126,285.536,1693141723.6328
2022-05-05 14:00:00,277.597,282.476,275.837,282.357,3559573974.6094
2022-05-05 15:00:00,276.217,278.687,275.516,277.576,3351277832.0313
2022-05-05 16:00:00,276.896,278.336,275.247,276.206,3550108642.5781
2022-05-05 17:00:00,276.086,278.187,275.656,276.927,3223026123.0469
2022-05-05 18:00:00,276.427,277.277,275.267,276.086,3160155517.5781
2022-05-05 19:00:00,277.057,278.037,274.306,276.426,3358051757.8125
2022-05-07 13:00:00,256.136,256.837,254.706,255.596,1598020650.8638
2022-05-07 14:00:00,257.207,258.767,255.486,256.126,2794909097.6717005
2022-05-07 15:00:00,257.326,258.067,255.916,257.176,2234352382.659701
2022-05-07 16:00:00,257.536,258.536,256.527,257.346,2150094144.8208995
2022-05-07 17:00:00,259.636,260.287,257.486,257.557,1896065546.0356
2022-05-07 18:00:00,262.087,262.247,259.036,259.646,1761770397.186
2022-05-07 19:00:00,262.936,262.936,260.976,262.096,2069317663.1926
2022-05-08 13:00:00,281.456,281.887,278.546,279.062,1018535095.2148
2022-05-08 14:00:00,282.097,283.617,281.036,281.467,2096098876.9531
2022-05-08 15:00:00,280.107,282.166,279.396,282.127,1881393676.7578
2022-05-08 16:00:00,281.457,281.587,279.996,280.126,1537803344.7266
2022-05-08 17:00:00,282.017,282.677,281.286,281.476,1278979248.0469
2022-05-08 18:00:00,281.727,282.387,281.266,282.027,1252052001.9531
2022-05-08 19:00:00,282.797,283.127,281.406,281.727,1441217407.2266
2022-05-10 13:00:00,246.107,247.246,245.196,246.097,16297199.2493
2022-05-10 14:00:00,244.336,246.087,244.096,246.087,37506000.5188
2022-05-10 15:00:00,245.597,245.917,244.256,244.317,33145198.822
2022-05-10 16:00:00,247.616,248.256,244.937,245.596,31775999.0692
2022-05-10 17:00:00,247.567,248.917,247.506,247.626,26440799.7131
2022-05-10 18:00:00,249.527,249.577,247.406,247.547,24939599.9908
2022-05-10 19:00:00,248.987,250.567,248.637,249.526,29798400.8789
2022-05-12 14:00:00,252.566,253.797,251.576,251.596,14512800.2167
2022-05-12 15:00:00,252.756,252.847,251.146,252.536,26277599.3347
2022-05-12 16:00:00,250.877,253.367,250.446,252.747,18663600.9216
2022-05-12 17:00:00,249.166,250.977,249.156,250.876,14567999.8398
2022-05-12 18:00:00,248.726,249.907,248.716,249.177,13595999.7177
2022-05-12 19:00:00,248.747,249.146,248.037,248.707,14479200.3632
2022-05-12 20:00:00,250.117,250.466,248.456,248.746,16603200.9125
2022-06-01 14:00:00,314.547,317.457,311.406,312.996,1389588867.1875
2022-06-01 15:00:00,317.947,318.667,312.596,314.557,2699835449.2188
2022-06-01 16:00:00,316.127,318.446,314.576,318.007,2148395019.5313
2022-06-01 17:00:00,315.957,317.807,314.856,316.137,1629027343.75
2022-06-01 18:00:00,315.366,316.507,314.517,315.997,1339559814.4531
2022-06-01 19:00:00,314.896,316.167,314.347,315.367,1331539794.9219
2022-06-01 20:00:00,313.866,316.206,313.026,314.886,1719126953.125
2022-06-04 13:00:00,302.986,306.947,302.237,305.187,1609648071.2891
2022-06-04 14:00:00,301.627,303.187,301.187,302.997,2516368652.3438
2022-06-04 15:00:00,299.556,301.866,299.496,301.617,2254062744.1406
2022-06-04 16:00:00,297.936,300.037,297.796,299.537,1807084838.8672
2022-06-04 17:00:00,298.967,299.657,297.116,297.937,1510745483.3984
2022-06-04 18:00:00,301.847,301.867,296.696,298.987,3541509765.625
2022-06-04 19:00:00,299.046,302.907,298.716,301.856,3035779052.7344
2022-06-05 13:00:00,272.107,276.017,271.347,274.546,825716003.418
2022-06-05 14:00:00,277.767,278.707,271.696,272.097,1883877197.2656
2022-06-05 15:00:00,275.807,279.217,275.336,277.767,3396980957.0313
2022-06-05 16:00:00,278.097,278.266,275.377,275.807,3438770019.5313
2022-06-05 17:00:00,274.256,278.706,274.126,278.087,3295248779.2969
2022-06-05 18:00:00,273.396,275.256,272.806,274.236,3278615722.6563
2022-06-05 19:00:00,274.926,275.517,271.256,273.396,3187695556.6406
2022-06-06 13:00:00,273.227,273.836,271.306,272.097,1477568969.7266
2022-06-06 14:00:00,273.646,274.167,272.526,273.227,2444077392.5781
2022-06-06 15:00:00,270.416,273.927,269.797,273.627,2304633544.9219
2022-06-06 16:00:00,269.547,270.467,268.156,270.436,2207797363.2813
2022-06-06 17:00:00,270.116,270.187,268.436,269.527,1943279174.8047
2022-06-06 18:00:00,268.676,270.237,267.836,270.126,2069231689.4531
2022-06-06 19:00:00,268.526,269.197,267.196,268.677,2232298095.7031
2022-06-07 13:00:00,265.126,265.296,262.376,263.466,1110228502.2735
2022-06-07 14:00:00,264.917,266.147,263.556,265.177,2070113709.9265
2022-06-07 15:00:00,264.137,265.027,262.776,264.916,1793852993.9652998
2022-06-07 16:00:00,264.566,264.717,263.856,264.157,1545090642.9294
2022-06-07 17:00:00,264.946,265.326,264.526,264.597,1167719757.7951996
2022-06-07 18:00:00,267.296,267.296,264.166,264.946,1919658145.9046
2022-06-07 19:00:00,266.227,267.967,265.176,267.287,1724800799.3696997
2022-06-09 14:00:00,256.436,256.857,252.646,255.476,33.15960276329008
2022-06-09 16:00:00,254.277,256.167,253.446,256.067,26.619602218295597
2022-06-09 18:00:00,253.406,254.127,252.836,252.916,25.398002116496624
2022-06-10 13:00:00,248.367,250.316,247.896,248.567,17733600.6165
2022-06-10 14:00:00,249.247,249.317,246.086,248.337,42339599.6094
2022-06-10 15:00:00,248.456,249.987,247.996,249.257,36994800.5676
2022-06-10 16:00:00,248.287,248.917,247.796,248.406,30028799.057
2022-06-10 17:00:00,248.187,248.547,247.497,248.287,23386800.766
2022-06-10 18:00:00,247.297,248.237,246.466,248.177,29200799.942
2022-06-10 19:00:00,246.656,247.887,246.406,247.296,34703998.5657
2022-06-12 14:00:00,248.226,251.826,248.196,250.757,8780400.2762
2022-06-12 15:00:00,247.076,248.276,246.376,248.196,16628400.8026
2022-06-12 16:00:00,246.426,247.256,246.196,247.076,15416399.9557
2022-06-12 17:00:00,245.337,246.737,245.176,246.437,12001199.7223
2022-06-12 18:00:00,245.256,245.657,244.366,245.337,10754400.2533
2022-06-12 19:00:00,244.406,245.317,243.947,245.257,10958399.7726
2022-06-12 20:00:00,245.056,245.917,243.746,244.426,16327199.9359
2022-07-01 14:00:00,315.597,316.466,312.296,313.997,1330143676.7578
2022-07-01 15:00:00,310.897,316.097,310.077,315.667,1975007324.2188
2022-07-01 16:00:00,313.557,314.427,310.797,310.907,1766076538.0859
2022-07-01 17:00:00,313.756,313.837,312.356,313.556,1289363403.3203
2022-07-01 18:00:00,313.756,314.497,313.407,313.757,1186364501.9531
2022-07-01 19:00:00,314.926,315.237,313.307,313.767,1225890991.2109
2022-07-01 20:00:00,313.997,315.667,313.876,314.936,1491766357.4219
2022-07-02 14:00:00,305.336,307.786,304.996,305.937,1633790283.2031
2022-07-02 15:00:00,305.287,306.746,304.676,305.327,2605814208.9844
2022-07-02 16:00:00,303.127,305.506,302.296,305.296,1948309692.3828
2022-07-02 17:00:00,302.046,303.417,301.806,303.126,2014243896.4844
2022-07-02 18:00:00,303.497,303.767,301.947,302.036,1687292846.6797
2022-07-02 19:00:00,303.786,304.387,302.837,303.507,1615493408.2031
2022-07-02 20:00:00,300.986,304.886,299.876,303.787,2354299072.2656
2022-07-03 14:00:00,283.617,289.656,283.506,288.286,1638390380.8594
2022-07-03 15:00:00,280.207,283.717,278.977,283.617,2663120117.1875
2022-07-03 16:00:00,282.696,284.416,280.076,280.206,2140321044.9219
2022-07-03 17:00:00,281.627,282.907,280.886,282.706,2147288818.3594
2022-07-03 18:00:00,283.156,284.127,281.186,281.626,2163352294.9219
2022-07-03 19:00:00,281.686,284.337,281.166,283.177,2014565795.8984
2022-07-03 20:00:00,278.537,281.996,278.506,281.696,2336756591.7969
2022-07-04 13:00:00,301.347,301.706,296.216,296.217,1599752563.4766
2022-07-04 14:00:00,301.537,302.617,299.906,301.337,2968582763.6719
2022-07-04 15:00:00,299.166,302.267,298.796,301.547,2437493652.3438
2022-07-04 16:00:00,299.277,300.287,298.646,299.177,1883369995.1172
2022-07-04 17:00:00,301.067,301.287,299.176,299.246,1974036987.3047
2022-07-04 18:00:00,302.367,302.447,300.146,301.066,2106059814.4531
2022-07-04 19:00:00,301.246,303.627,300.877,302.347,2153109375.0
2022-07-06 13:00:00,268.386,269.427,265.696,266.086,1351071289.0625
2022-07-06 14:00:00,270.897,271.987,267.576,268.416,2474111328.125
2022-07-06 15:00:00,270.677,271.557,269.797,270.907,2230678710.9375
2022-07-06 16:00:00,270.716,271.017,269.557,270.676,2060591064.4531
2022-07-06 17:00:00,270.737,271.206,270.436,270.727,1620418334.9609
2022-07-06 18:00:00,271.627,272.057,270.606,270.757,1502718383.7891
2022-07-06 19:00:00,272.377,273.057,271.576,271.636,1506866943.3594
2022-07-07 13:00:00,267.696,268.137,265.016,265.036,1075474895.4772
2022-07-07 14:00:00,268.056,269.046,266.826,267.697,2415999242.782
2022-07-07 15:00:00,268.006,268.537,267.036,268.056,1666856249.8094995
2022-07-07 16:00:00,267.686,268.067,267.356,268.017,1285947206.497501
2022-07-07 17:00:00,268.017,268.077,267.246,267.647,1022195954.3229
2022-07-07 18:00:00,267.807,268.357,267.607,268.036,828833648.2049001
2022-07-07 19:00:00,268.006,268.947,267.706,267.817,1079836943.1495998
2022-07-09 13:00:00,255.037,255.887,254.116,254.176,13538399.890199997
2022-07-09 14:00:00,254.167,255.246,253.206,255.017,28555200.070200007
2022-07-09 15:00:00,255.216,255.727,253.836,254.137,22417200.1033
2022-07-09 16:00:00,256.086,256.437,254.616,255.206,19645199.9544
2022-07-09 17:00:00,256.957,257.027,255.236,256.087,18244799.9417
2022-07-09 18:00:00,258.266,258.546,256.836,256.927,19684800.0735
2022-07-09 19:00:00,257.907,258.807,257.877,258.277,19882800.1018
2022-07-10 13:00:00,237.266,240.587,236.806,240.447,20506799.6979
2022-07-10 14:00:00,235.927,237.307,235.127,237.247,39245998.3826
2022-07-10 15:00:00,235.986,236.687,235.456,235.927,33735599.5178
2022-07-10 16:00:00,234.777,236.267,234.556,235.946,25163999.5575
2022-07-10 17:00:00,234.377,235.146,234.326,234.797,24297599.7925
2022-07-10 18:00:00,234.777,234.797,233.896,234.376,22573200.2258
2022-07-10 19:00:00,234.227,235.087,233.156,234.776,24880800.2472
2022-07-11 15:00:00,226.417,226.437,223.896,223.966,32.80200273349038
2022-07-11 17:00:00,224.326,224.337,222.856,223.366,22.72080189339888
2022-07-11 19:00:00,227.797,228.387,226.247,226.266,16.158001346504417
2022-07-12 14:00:00,242.897,245.607,242.686,243.756,11032799.7208
2022-07-12 15:00:00,245.617,245.867,242.156,242.896,26432399.7498
2022-07-12 16:00:00,244.106,246.126,243.256,245.626,21908399.5819
2022-07-12 17:00:00,244.997,245.097,243.536,244.106,18705600.7385
2022-07-12 18:00:00,244.706,245.926,244.597,244.996,15598799.7055
2022-07-12 19:00:00,244.237,245.187,244.046,244.707,15501600.2655
2022-07-12 20:00:00,243.996,244.867,243.756,244.226,18090000.1526
2022-08-02 14:00:00,300.357,303.067,300.106,301.036,1627885498.0469
2022-08-02 15:00:00,302.316,303.056,299.946,300.336,2864274902.3438
2022-08-02 16:00:00,304.386,305.107,302.276,302.317,2237429443.3594
2022-08-02 17:00:00,304.606,305.517,303.606,304.396,1768226074.2188
2022-08-02 18:00:00,304.697,304.737,303.356,304.617,1825392333.9844
2022-08-02 19:00:00,303.456,305.067,303.116,304.706,2053174560.5469
2022-08-02 20:00:00,304.506,305.547,302.786,303.467,2618167968.75
2022-08-03 14:00:00,275.276,280.237,275.096,278.016,1738117065.4297
2022-08-03 15:00:00,275.157,275.627,270.636,275.297,3504094238.2813
2022-08-03 16:00:00,272.927,275.587,269.987,275.186,3358888427.7344
2022-08-03 17:00:00,282.867,283.137,272.917,272.927,3501147949.2188
2022-08-03 18:00:00,277.037,283.927,277.006,282.877,3212704345.7031
2022-08-03 19:00:00,278.897,280.446,275.687,277.046,3310605957.0313
2022-08-03 20:00:00,276.207,280.857,275.496,278.897,3287092041.0156
2022-08-04 13:00:00,296.847,300.587,296.746,300.41,1673558471.6797
2022-08-04 14:00:00,300.106,300.147,296.717,296.847,2592969238.2813
2022-08-04 15:00:00,300.337,300.686,299.106,300.127,2071980712.8906
2022-08-04 16:00:00,300.566,301.106,299.736,300.346,1905373291.0156
2022-08-04 17:00:00,298.827,300.577,298.797,300.577,1414438842.7734
2022-08-04 18:00:00,298.277,299.107,296.756,298.816,1624052001.9531
2022-08-04 19:00:00,297.077,298.546,296.266,298.256,1873591918.9453
2022-08-06 13:00:00,272.137,272.896,270.626,270.996,1376488037.1094
2022-08-06 14:00:00,271.287,272.976,271.066,272.156,2598060791.0156
2022-08-06 15:00:00,271.997,272.607,270.937,271.297,1820286621.0938
2022-08-06 16:00:00,271.186,272.327,270.596,271.997,1832560180.6641
2022-08-06 17:00:00,270.676,271.207,269.796,271.187,1871674804.6875
2022-08-06 18:00:00,270.776,271.026,269.596,270.686,1931778442.3828
2022-08-06 19:00:00,270.357,271.467,269.766,270.797,2028428344.7266
2022-08-07 13:00:00,263.896,266.207,263.637,264.586,1745848056.7933
2022-08-07 14:00:00,265.727,265.797,263.266,263.887,2705764902.1145005
2022-08-07 15:00:00,267.976,267.976,265.687,265.737,1935045051.574401
2022-08-07 16:00:00,265.336,267.997,265.156,267.987,1979179254.532
2022-08-07 17:00:00,266.596,266.947,265.006,265.337,1423617458.3433003
2022-08-07 18:00:00,267.727,267.867,266.236,266.626,1425843298.9124994
2022-08-07 19:00:00,267.516,268.066,267.016,267.726,1650984346.3900006
2022-08-08 13:00:00,285.187,285.866,282.406,283.016,541909057.6172
2022-08-08 14:00:00,283.466,285.906,283.057,285.276,914057983.3984
2022-08-08 15:00:00,282.496,284.127,281.096,283.466,1495270874.0234
2022-08-08 16:00:00,281.207,282.557,280.247,282.497,1631225830.0781
2022-08-08 17:00:00,280.716,281.496,279.996,281.167,1275858276.3672
2022-08-08 18:00:00,279.937,280.736,279.286,280.736,1557523925.7813
2022-08-08 19:00:00,280.267,280.726,279.457,279.947,1690042114.2578
2022-08-09 14:00:00,259.667,259.686,256.356,257.836,28.351202362594133
2022-08-09 16:00:00,256.256,258.987,254.766,258.837,28.68840239069385
2022-08-09 18:00:00,256.696,257.797,256.267,256.786,23.68440197369807
2022-08-11 14:00:00,229.687,230.387,227.506,228.906,12220800.012200002
2022-08-11 15:00:00,229.346,230.717,228.636,229.637,28672800.24299999
2022-08-11 16:00:00,230.996,231.516,228.436,229.387,21259199.9989
2022-08-11 17:00:00,230.796,231.626,230.356,231.017,18711600.0206
2022-08-11 18:00:00,227.317,231.277,227.026,230.796,25377600.193000004
2022-08-11 19:00:00,227.657,228.187,225.836,227.267,31382400.244300008
2022-08-11 20:00:00,228.756,230.487,227.616,227.636,30502799.898399998
2022-08-12 14:00:00,245.886,245.966,243.036,244.867,14822400.0931
2022-08-12 15:00:00,246.906,247.277,245.656,245.906,26711999.8932
2022-08-12 16:00:00,247.266,247.737,245.817,246.917,23159999.8474
2022-08-12 17:00:00,247.517,247.647,246.676,247.276,20204399.1089
2022-08-12 18:00:00,248.146,248.716,247.217,247.517,18403200.1495
2022-08-12 19:00:00,246.777,248.146,246.067,248.146,22167600.6317
2022-08-12 20:00:00,247.207,247.906,246.066,246.777,20391599.6552
2022-09-02 14:00:00,309.237,311.897,308.696,309.476,1480944580.0781
2022-09-02 15:00:00,308.606,309.876,307.386,309.286,2386903564.4531
2022-09-02 16:00:00,307.877,309.067,307.486,308.616,1934488037.1094
2022-09-02 17:00:00,308.906,308.956,307.666,307.886,1674726684.5703
2022-09-02 18:00:00,308.586,309.007,308.176,308.906,1362715209.9609
2022-09-02 19:00:00,309.446,310.176,308.577,308.596,1171032592.7734
2022-09-02 20:00:00,311.037,311.197,308.506,309.437,2013689331.0547
2022-09-03 14:00:00,283.697,283.956,280.747,282.997,1525230102.5391
2022-09-03 15:00:00,286.476,286.937,282.786,283.646,2318692138.6719
2022-09-03 16:00:00,284.987,286.597,284.486,286.496,2041098510.7422
2022-09-03 17:00:00,286.807,287.557,284.727,284.997,1726827270.5078
2022-09-03 18:00:00,286.427,286.977,285.527,286.836,1719819702.1484
2022-09-03 19:00:00,287.487,288.457,286.326,286.416,1748233276.3672
2022-09-03 20:00:00,288.006,289.577,287.116,287.516,2117173583.9844
2022-09-05 13:00:00,268.096,272.306,267.556,269.496,2080698974.6094
2022-09-05 14:00:00,265.917,268.577,264.526,268.157,3680466552.7344
2022-09-05 15:00:00,267.046,267.827,264.956,265.916,3132604736.3281
2022-09-05 16:00:00,266.826,269.217,265.996,267.047,3000116210.9375
2022-09-05 17:00:00,265.667,267.457,265.256,266.827,2855694824.2188
2022-09-05 18:00:00,266.586,266.986,264.746,265.647,2372060058.5938
2022-09-05 19:00:00,264.537,267.467,263.296,266.617,3202035400.3906
2022-09-06 13:00:00,271.957,272.066,266.997,267.827,1447173217.7734
2022-09-06 14:00:00,271.266,272.677,270.756,271.927,2736086181.6406
2022-09-06 15:00:00,271.217,272.237,270.106,271.256,2390242675.7813
2022-09-06 16:00:00,271.647,271.907,270.236,271.207,2063217529.2969
2022-09-06 17:00:00,270.856,271.996,270.096,271.646,1702377929.6875
2022-09-06 18:00:00,268.306,270.867,268.296,270.836,1927284301.7578
2022-09-06 19:00:00,264.677,268.357,264.456,268.306,2026682861.3281
2022-09-08 13:00:00,277.836,280.286,277.576,279.086,1062057250.9766
2022-09-08 14:00:00,280.627,281.327,277.787,277.857,1888679443.3594
2022-09-08 15:00:00,280.937,281.906,279.596,280.627,1800870483.3984
2022-09-08 16:00:00,280.186,281.137,279.856,280.966,1471453369.1406
2022-09-08 17:00:00,282.197,282.587,279.806,280.207,1298143554.6875
2022-09-08 18:00:00,282.236,282.606,280.897,282.196,1147335449.2188
2022-09-08 19:00:00,282.207,283.066,281.886,282.275,1414384765.625
2022-09-09 13:00:00,262.377,262.916,260.996,261.267,12369599.968299996
2022-09-09 14:00:00,264.796,265.137,262.197,262.416,22891199.97599999
2022-09-09 15:00:00,263.796,265.027,263.227,264.787,18836400.0321
2022-09-09 16:00:00,263.957,264.017,262.696,263.807,20114400.103799995
2022-09-09 17:00:00,264.257,264.436,263.526,263.957,10809599.9807
2022-09-09 18:00:00,264.386,264.576,263.976,264.246,11386800.043
2022-09-09 19:00:00,264.337,265.167,264.077,264.356,13283999.927500002
2022-09-11 14:00:00,227.136,228.507,226.496,227.036,15.195601266304037
2022-09-11 16:00:00,227.167,228.266,225.826,225.867,30.184802515392587
2022-09-11 18:00:00,225.206,226.947,224.756,226.557,27.90360232529451
2022-09-11 20:00:00,224.476,225.576,224.316,224.437,24.884402073697057
2022-09-12 14:00:00,245.416,246.557,244.496,246.367,15698399.5438
2022-09-12 15:00:00,247.737,247.747,244.116,245.376,28807199.4781
2022-09-12 16:00:00,247.386,248.286,246.416,247.737,20271600.7233
2022-09-12 17:00:00,247.377,247.897,246.846,247.397,16416000.3662
2022-09-12 18:00:00,246.946,247.376,246.307,247.376,15557999.6109
2022-09-12 19:00:00,246.867,247.166,246.166,246.926,14559599.8764
2022-09-12 20:00:00,245.297,247.486,245.177,246.846,18246000.2899
2022-10-01 14:00:00,306.977,309.947,306.576,309.377,1359096923.8281
2022-10-01 15:00:00,306.437,307.106,304.686,306.866,2206497070.3125
2022-10-01 16:00:00,307.867,308.907,306.257,306.437,1959638549.8047
2022-10-01 17:00:00,307.237,308.487,305.606,307.867,1529627075.1953
2022-10-01 18:00:00,310.226,310.747,307.186,307.226,1564399291.9922
2022-10-01 19:00:00,311.937,312.867,310.017,310.236,1670202026.3672
2022-10-01 20:00:00,314.066,314.646,310.436,311.916,1839570312.5
2022-10-02 14:00:00,307.327,307.717,303.266,303.586,1671380004.8828
2022-10-02 15:00:00,306.206,309.086,305.816,307.316,3016880859.375
2022-10-02 16:00:00,305.837,306.617,304.047,306.207,2627625000.0
2022-10-02 17:00:00,304.277,307.036,303.026,305.837,2387634033.2031
2022-10-02 18:00:00,303.126,304.767,301.496,304.276,2744172851.5625
2022-10-02 19:00:00,302.196,303.517,301.566,303.116,2577916259.7656
2022-10-02 20:00:00,302.216,303.266,300.676,302.227,2858297607.4219
2022-10-03 14:00:00,284.227,285.077,282.356,282.726,1527395019.5313
2022-10-03 15:00:00,282.156,284.967,281.826,284.197,2662557617.1875
2022-10-03 16:00:00,281.577,282.157,280.596,282.157,2018097290.0391
2022-10-03 17:00:00,282.307,282.986,281.386,281.587,1763779052.7344
2022-10-03 18:00:00,284.607,285.067,282.227,282.316,1971416748.0469
2022-10-03 19:00:00,286.166,286.566,284.306,284.607,2148730957.0313
2022-10-03 20:00:00,285.446,286.497,284.596,286.186,2459980224.6094
2022-10-05 13:00:00,271.826,272.847,269.057,271.097,1790584106.4453
2022-10-05 14:00:00,267.487,273.517,267.376,271.847,3612835449.2188
2022-10-05 15:00:00,268.017,268.707,265.066,267.467,3528896240.2344
2022-10-05 16:00:00,267.606,269.296,266.856,268.016,3404633544.9219
2022-10-05 17:00:00,273.617,273.707,267.226,267.607,3174050048.8281
2022-10-05 18:00:00,271.627,273.687,270.896,273.637,3190114746.0938
2022-10-05 19:00:00,269.316,272.597,268.706,271.656,3222244384.7656
2022-10-06 13:00:00,256.256,260.487,255.627,260.007,1578920410.1563
2022-10-06 14:00:00,254.026,256.117,253.946,256.076,2902677978.5156
2022-10-06 15:00:00,255.167,255.477,254.006,254.056,2144536132.8125
2022-10-06 16:00:00,254.367,255.546,254.116,255.186,1941553710.9375
2022-10-06 17:00:00,255.027,255.616,253.886,254.366,1872763061.5234
2022-10-06 18:00:00,255.897,256.127,254.476,255.046,1876049926.7578
2022-10-06 19:00:00,252.877,256.466,252.806,255.857,2518189697.2656
2022-10-08 13:00:00,288.557,289.216,286.967,288.077,986887939.4531
2022-10-08 14:00:00,288.367,289.226,287.016,288.607,1450806152.3438
2022-10-08 15:00:00,288.637,289.597,288.326,288.377,978659301.7578
2022-10-08 16:00:00,288.156,288.746,287.616,288.636,857487182.6172
2022-10-08 17:00:00,288.456,288.957,287.756,288.167,628959350.5859
2022-10-08 18:00:00,288.136,288.907,288.086,288.466,665636352.5391
2022-10-08 19:00:00,288.987,289.697,287.907,288.137,991261840.8203
2022-10-10 13:00:00,230.967,234.516,230.566,233.297,19909200.6683
2022-10-10 14:00:00,229.007,231.577,228.336,230.966,38101200.1038
2022-10-10 15:00:00,229.177,230.227,228.407,229.007,35428798.6755
2022-10-10 16:00:00,227.407,229.207,227.396,229.196,24086399.0784
2022-10-10 17:00:00,229.987,230.686,226.706,227.407,28581600.1892
2022-10-10 18:00:00,229.656,230.766,228.926,229.987,28783199.3103
2022-10-10 19:00:00,229.046,230.717,228.856,229.646,33382801.0559
2022-10-11 14:00:00,239.856,239.957,234.937,236.447,19174799.978599995
2022-10-11 15:00:00,238.706,240.267,237.287,239.857,33289200.0078
2022-10-11 16:00:00,239.946,239.987,237.516,238.717,27556800.112000003
2022-10-11 17:00:00,239.007,240.737,238.886,239.927,24713999.86750001
2022-10-11 18:00:00,239.577,240.047,238.646,239.056,25203600.004299995
2022-10-11 19:00:00,239.627,239.857,238.716,239.576,20337599.977500003
2022-10-11 20:00:00,242.836,243.317,239.147,239.606,23788799.9862
2022-11-01 14:00:00,312.186,313.402,309.866,313.006,1301730102.5391
2022-11-01 15:00:00,311.616,313.827,310.436,312.166,2437873291.0156
2022-11-01 16:00:00,316.367,316.567,311.506,311.656,2002777709.9609
2022-11-01 17:00:00,314.776,316.487,314.296,316.367,1361103027.3438
2022-11-01 18:00:00,314.906,315.597,313.927,314.787,1124378540.0391
2022-11-01 19:00:00,315.206,315.806,313.996,314.907,1175882934.5703
2022-11-01 20:00:00,314.836,316.167,313.266,315.216,1418302490.2344
2022-11-02 14:00:00,301.437,304.267,300.966,303.096,1423847412.1094
2022-11-02 15:00:00,300.157,302.886,299.026,301.436,2971804443.3594
2022-11-02 16:00:00,300.386,301.306,299.207,300.156,2637839355.4688
2022-11-02 17:00:00,299.446,301.247,299.236,300.386,2033579833.9844
2022-11-02 18:00:00,295.977,300.347,295.187,299.436,2572356445.3125
2022-11-02 19:00:00,296.157,298.237,295.056,295.947,3400492675.7813
2022-11-02 20:00:00,294.896,297.577,294.237,296.187,3093445556.6406
2022-11-03 14:00:00,286.717,288.887,286.057,288.026,1451748168.9453
2022-11-03 15:00:00,287.267,288.037,284.906,286.717,2203189453.125
2022-11-03 16:00:00,284.457,287.276,283.816,287.256,1896392456.0547
2022-11-03 17:00:00,284.226,285.176,283.246,284.456,1734847534.1797
2022-11-03 18:00:00,284.456,286.287,284.006,284.236,1659998535.1563
2022-11-03 19:00:00,283.806,285.407,283.176,284.467,1723656127.9297
2022-11-03 20:00:00,279.566,283.857,279.416,283.796,2159056884.7656
2022-11-04 13:00:00,287.737,292.597,287.617,291.267,1777842163.0859
2022-11-04 14:00:00,286.446,288.466,285.396,287.727,2869531738.2813
2022-11-04 15:00:00,286.036,286.777,285.316,286.417,1799017089.8438
2022-11-04 16:00:00,286.877,286.896,285.547,286.017,1262424560.5469
2022-11-04 17:00:00,286.956,287.627,286.536,286.896,1619934692.3828
2022-11-04 18:00:00,287.097,287.757,286.257,286.957,1616034179.6875
2022-11-04 19:00:00,285.417,287.787,284.996,287.107,1847931396.4844
2022-11-05 13:00:00,269.297,271.306,263.726,265.467,1411250854.4922
2022-11-05 14:00:00,265.776,269.547,264.886,269.306,3833354248.0469
2022-11-05 15:00:00,265.426,267.477,263.766,265.736,3746419921.875
2022-11-05 16:00:00,263.277,266.277,263.277,265.427,2841542236.3281
2022-11-05 17:00:00,261.376,264.037,261.266,263.277,3337050781.25
2022-11-05 18:00:00,261.506,264.397,261.106,261.397,3550402099.6094
2022-11-05 19:00:00,260.517,262.367,259.287,261.507,3178515136.7188
2022-11-07 13:00:00,262.516,265.766,262.096,264.996,1510058647.1558
2022-11-07 14:00:00,263.996,265.127,262.236,262.516,2879915149.6885986
2022-11-07 15:00:00,264.716,264.987,263.846,263.996,2105232404.7086
2022-11-07 16:00:00,264.807,265.357,264.347,264.716,1475536253.9290998
2022-11-07 17:00:00,266.007,266.507,264.786,264.806,1426680642.1283
2022-11-07 18:00:00,264.676,266.086,264.676,266.027,1631724358.5589004
2022-11-07 19:00:00,264.577,264.916,263.876,264.626,1797399549.4845
2022-11-08 13:00:00,288.907,291.086,288.496,290.247,617424743.6523
2022-11-08 14:00:00,288.356,290.416,287.846,288.917,1169376098.6328
2022-11-08 15:00:00,288.486,288.717,287.016,288.356,1410693359.375
2022-11-08 16:00:00,288.567,289.047,287.846,288.536,955795043.9453
2022-11-08 17:00:00,288.307,289.176,288.146,288.596,811860717.7734
2022-11-08 18:00:00,287.136,288.317,286.496,288.317,1136715698.2422
2022-11-08 19:00:00,287.187,287.567,286.527,287.136,1222465942.3828
2022-11-10 13:00:00,225.407,227.846,225.196,227.097,17415599.823
2022-11-10 14:00:00,225.817,227.117,224.896,225.406,37815601.3489
2022-11-10 15:00:00,228.066,228.997,225.516,225.816,35818801.8799
2022-11-10 16:00:00,228.247,229.067,227.176,228.087,28431600.5707
2022-11-10 17:00:00,228.247,228.407,227.136,228.246,29437200.5463
2022-11-10 18:00:00,224.987,228.487,224.796,228.277,32998798.3704
2022-11-10 19:00:00,225.427,225.946,224.096,224.987,37311599.7314
2022-11-11 14:00:00,243.617,244.916,242.286,243.766,16.730401394203934
2022-11-11 17:00:00,246.446,247.057,243.856,244.477,26.016002167996103
2022-11-11 18:00:00,247.536,247.967,246.416,246.446,21.126001760500227
2022-11-11 20:00:00,246.907,247.867,245.917,247.167,24.696002057997216
2022-12-01 14:00:00,321.847,321.917,318.147,319.627,1163206298.8281
2022-12-01 15:00:00,318.856,323.386,318.527,321.867,2102009277.3438
2022-12-01 16:00:00,319.506,320.157,317.796,318.866,1827341430.6641
2022-12-01 17:00:00,319.806,320.207,318.246,319.506,1337109863.2813
2022-12-01 18:00:00,318.566,319.957,318.406,319.816,1385100708.0078
2022-12-01 19:00:00,318.107,319.136,318.006,318.576,1316591552.7344
2022-12-01 20:00:00,318.227,318.707,317.066,318.106,1705886596.6797
2022-12-04 13:00:00,290.217,290.616,286.627,289.037,1617274658.2031
2022-12-04 14:00:00,286.396,290.696,286.066,290.246,2854429443.3594
2022-12-04 15:00:00,286.356,287.947,285.916,286.367,2094828369.1406
2022-12-04 16:00:00,285.146,286.507,284.496,286.366,2180195800.7813
2022-12-04 17:00:00,283.847,286.217,283.626,285.106,2075285644.5313
2022-12-04 18:00:00,282.357,284.517,280.477,283.856,2117715820.3125
2022-12-04 19:00:00,282.077,282.547,280.496,282.336,2171097656.25
2022-12-05 13:00:00,254.736,258.486,252.987,257.507,1932212402.3438
2022-12-05 14:00:00,258.306,258.836,253.566,254.726,3836362792.9688
2022-12-05 15:00:00,254.796,259.847,254.786,258.346,3420974121.0938
2022-12-05 16:00:00,254.587,256.367,253.726,254.816,3389582031.25
2022-12-05 17:00:00,250.626,255.107,250.276,254.566,3234921875.0
2022-12-05 18:00:00,250.857,251.687,250.016,250.596,3166208984.375
2022-12-05 19:00:00,255.606,255.657,250.696,250.867,3559154785.1563
2022-12-07 13:00:00,258.726,265.746,258.696,265.576,1455792846.6795003
2022-12-07 14:00:00,257.256,258.727,255.926,258.727,3030754890.4419
2022-12-07 15:00:00,256.996,258.047,256.566,257.277,2333727705.0019
2022-12-07 16:00:00,257.667,257.957,256.786,256.967,1703383542.0607004
2022-12-07 17:00:00,256.576,258.237,256.406,257.677,1489600149.1544995
2022-12-07 18:00:00,254.756,256.617,254.696,256.577,1044209702.4917996
2022-12-07 19:00:00,253.667,254.737,252.006,254.736,2105245149.6126995
2022-12-08 13:00:00,287.956,288.947,287.126,288.442,751287170.4102
2022-12-08 14:00:00,288.497,289.037,286.907,287.786,1586046997.0703
2022-12-08 15:00:00,288.776,289.657,288.086,288.496,1071592041.0156
2022-12-08 16:00:00,289.076,289.477,288.726,288.797,648057983.3984
2022-12-08 17:00:00,289.896,290.136,288.806,289.066,509605346.6797
2022-12-08 18:00:00,290.666,290.756,289.776,289.917,460063415.5273
2022-12-08 19:00:00,291.676,291.857,290.536,290.677,939780700.6836
2022-12-09 13:00:00,266.897,267.317,265.106,265.507,11.12040092670144
2022-12-09 14:00:00,266.667,267.407,266.296,266.927,23.14800192899852
2022-12-09 16:00:00,266.137,266.377,265.166,265.596,20.94600174550038
2022-12-09 19:00:00,266.607,266.776,265.797,266.456,17.343601445303417
2022-12-10 13:00:00,226.337,226.826,224.256,225.066,15969599.7238
2022-12-10 14:00:00,224.296,226.576,223.946,226.297,34407600.4028
2022-12-10 15:00:00,225.827,226.157,224.296,224.307,33788398.7427
2022-12-10 16:00:00,225.486,226.377,224.536,225.836,25612800.5981
2022-12-10 17:00:00,226.327,226.957,225.476,225.487,16868400.5737
2022-12-10 18:00:00,226.126,227.846,225.726,226.327,34432800.293
2022-12-10 19:00:00,225.566,226.877,225.536,226.097,29467199.3256
2022-12-12 14:00:00,251.126,252.126,247.086,247.596,13140000.3433
2022-12-12 15:00:00,249.737,251.276,248.757,251.196,15678000.4501
2022-12-12 16:00:00,250.327,250.897,249.587,249.746,13395600.3189
2022-12-12 17:00:00,250.227,250.407,249.686,250.336,10026000.0229
2022-12-12 18:00:00,250.337,250.867,249.697,250.227,11814000.1297
2022-12-12 19:00:00,250.987,251.136,249.716,250.346,9972000.1221
2022-12-12 20:00:00,252.377,252.517,250.746,251.007,15980400.0854
2023-01-02 14:00:00,247.187,248.357,246.196,247.806,15399600.029
2023-01-02 15:00:00,246.136,247.357,245.607,247.246,27958799.3622
2023-01-02 16:00:00,247.177,247.286,245.786,246.146,18099599.8383
2023-01-02 17:00:00,246.896,247.297,246.696,247.177,20587200.1648
2023-01-02 18:00:00,247.027,247.737,246.787,246.896,16485599.5178
2023-01-02 19:00:00,252.146,253.067,245.437,247.026,38488800.0488
2023-01-02 20:00:00,252.636,255.147,252.006,252.187,37571998.5962
2023-01-03 14:00:00,249.406,250.867,247.746,250.867,16575600.028
2023-01-03 15:00:00,248.346,249.797,247.246,249.516,30889200.0016
2023-01-03 16:00:00,248.387,248.627,246.526,248.317,26914800.167200007
2023-01-03 17:00:00,247.777,248.587,247.686,248.406,23774399.9957
2023-01-03 18:00:00,247.116,247.887,246.916,247.776,19626000.0173
2023-01-03 19:00:00,246.466,247.156,246.296,247.126,19147200.0478
2023-01-03 20:00:00,246.277,246.887,245.767,246.466,21790800.019800007
2023-01-05 13:00:00,307.647,308.576,306.487,306.607,8079299.971300001
2023-01-05 14:00:00,307.086,307.627,305.746,307.616,17514000.028500006
2023-01-05 15:00:00,307.037,307.526,306.036,307.076,14715900.0636
2023-01-05 16:00:00,307.856,307.996,306.807,307.046,11079000.040699998
2023-01-05 17:00:00,307.217,308.036,307.096,307.867,10494000.039700003
2023-01-05 18:00:00,306.326,307.436,305.767,307.186,11511899.978199994
2023-01-05 19:00:00,305.357,306.357,305.126,306.266,12469499.960399998
2023-01-06 13:00:00,327.867,328.416,324.676,326.077,6853499.8894
2023-01-06 14:00:00,328.387,328.977,326.346,327.867,15268500.3281
2023-01-06 15:00:00,330.147,330.186,327.996,328.407,14501700.4013
2023-01-06 16:00:00,330.907,331.337,330.157,330.157,12078000.0687
2023-01-06 17:00:00,331.676,331.697,330.396,330.907,10388699.5316
2023-01-06 18:00:00,333.007,333.317,331.407,331.686,10609199.5239
2023-01-06 19:00:00,332.627,333.507,331.226,333.006,14900400.1617
2023-01-08 13:00:00,334.167,335.596,333.686,335.027,4977000.2365
2023-01-08 14:00:00,336.967,337.806,333.786,334.267,10938599.5865
2023-01-08 15:00:00,337.937,338.307,336.496,336.977,8217000.0076
2023-01-08 16:00:00,337.746,337.967,336.627,337.937,6374700.0694
2023-01-08 17:00:00,337.696,338.507,336.537,337.746,5851799.9649
2023-01-08 18:00:00,337.297,338.057,336.996,337.706,5771699.9054
2023-01-08 19:00:00,336.347,337.596,336.287,337.296,6624000.0725
2023-01-09 13:00:00,328.926,331.797,327.396,331.257,8548199.9665
2023-01-09 14:00:00,328.057,330.067,327.756,328.906,16880400.031999998
2023-01-09 15:00:00,327.576,328.977,327.576,328.056,12357000.0831
2023-01-09 16:00:00,328.016,328.297,327.446,327.577,9320399.9622
2023-01-09 17:00:00,327.547,328.287,326.717,328.006,8252100.020799997
2023-01-09 18:00:00,327.756,327.896,326.877,327.577,6780599.996499999
2023-01-09 19:00:00,328.666,328.707,327.546,327.767,6474600.0322
2023-01-11 13:00:00,343.337,344.047,339.596,339.667,10810799.986400004
2023-01-11 14:00:00,345.636,346.476,342.646,343.347,17650799.9897
2023-01-11 15:00:00,345.086,346.186,344.306,345.637,12825599.998299995
2023-01-11 16:00:00,343.656,345.126,343.247,345.086,10452000.044599997
2023-01-11 17:00:00,343.986,344.357,343.426,343.626,9192000.0241
2023-01-11 18:00:00,345.146,345.797,342.997,344.036,23059199.929600008
2023-01-11 19:00:00,345.977,347.347,345.146,345.146,19666800.0222
2023-01-12 14:00:00,375.336,378.046,375.276,376.757,8093999.8627
2023-01-12 15:00:00,372.367,376.416,371.297,375.307,15626399.9939
2023-01-12 16:00:00,373.066,373.346,371.496,372.297,16195199.9664
2023-01-12 17:00:00,374.626,375.286,372.236,373.106,12178799.6292
2023-01-12 18:00:00,373.076,374.817,372.806,374.627,11359199.5239
2023-01-12 19:00:00,375.117,375.267,372.796,373.076,9590399.7421
2023-01-12 20:00:00,374.226,375.566,373.696,375.117,11167200.0885
2023-02-02 14:00:00,258.086,260.577,258.036,259.107,20314800.2625
2023-02-02 15:00:00,260.126,260.777,257.217,258.087,37399200.4395
2023-02-02 16:00:00,261.387,263.097,259.836,260.156,31305599.2126
2023-02-02 17:00:00,261.587,261.847,260.607,261.377,25513200.7599
2023-02-02 18:00:00,264.317,264.537,261.267,261.586,22902000.4272
2023-02-02 19:00:00,261.437,264.667,260.896,264.327,32833198.5474
2023-02-02 20:00:00,264.597,264.606,260.856,261.447,36333599.0906
2023-02-03 14:00:00,246.627,247.566,245.596,246.417,16003199.905500002
2023-02-03 15:00:00,247.616,247.796,246.506,246.606,29235599.77880001
2023-02-03 16:00:00,247.387,247.877,246.596,247.616,22172399.967900004
2023-02-03 17:00:00,247.316,247.646,246.846,247.386,17105999.99129999
2023-02-03 18:00:00,249.387,249.387,246.836,247.316,18681600.049
2023-02-03 19:00:00,250.007,250.806,249.357,249.387,22966799.974499997
2023-02-03 20:00:00,250.956,251.387,249.796,250.017,23315999.9848
2023-02-05 13:00:00,308.076,308.837,306.196,307.867,8026199.981400001
2023-02-05 14:00:00,305.186,309.136,305.026,308.077,18451799.95890001
2023-02-05 15:00:00,304.117,305.447,303.896,305.186,15457500.025799995
2023-02-05 16:00:00,305.046,305.467,303.976,304.126,9495899.997900004
2023-02-05 17:00:00,306.167,306.617,304.927,305.046,9669600.025099998
2023-02-05 18:00:00,305.816,306.636,305.166,306.167,12364199.981000002
2023-02-05 19:00:00,305.366,306.197,305.126,305.786,13361400.008099996
2023-02-06 13:00:00,333.266,337.467,333.226,334.127,9470700.264
2023-02-06 14:00:00,334.757,334.957,332.516,333.307,19200599.6704
2023-02-06 15:00:00,334.877,335.227,334.056,334.747,13271400.4517
2023-02-06 16:00:00,334.446,334.967,333.436,334.877,10290599.823
2023-02-06 17:00:00,334.617,334.687,333.807,334.446,7972199.9168
2023-02-06 18:00:00,336.106,336.717,334.137,334.637,10535400.3906
2023-02-06 19:00:00,335.277,336.736,335.047,336.117,12474900.2457
2023-02-08 13:00:00,331.396,333.247,331.046,333.237,6529500.0076
2023-02-08 14:00:00,329.136,331.607,328.956,331.427,12897000.3128
2023-02-08 15:00:00,328.037,330.457,328.037,329.126,11123999.5956
2023-02-08 16:00:00,328.067,328.376,326.346,328.017,10405799.8657
2023-02-08 17:00:00,328.027,328.667,327.546,328.067,9012599.9451
2023-02-08 18:00:00,328.407,329.027,327.816,328.037,9459899.9023
2023-02-08 19:00:00,327.496,328.557,326.616,328.417,12456000.3281
2023-02-10 13:00:00,316.986,318.687,315.127,316.126,8058600.4257
2023-02-10 14:00:00,317.667,318.997,316.666,316.986,16737300.8728
2023-02-10 15:00:00,318.566,321.376,317.616,317.686,16636499.4049
2023-02-10 16:00:00,318.186,319.077,317.816,318.546,14636699.6765
2023-02-10 17:00:00,318.536,319.246,317.577,318.197,11422800.0641
2023-02-10 18:00:00,318.917,320.166,318.256,318.546,14552100.1816
2023-02-10 19:00:00,321.766,321.856,318.517,318.927,18097799.3011
2023-02-11 13:00:00,346.387,347.647,344.696,347.197,11125200.003100002
2023-02-11 14:00:00,348.496,348.757,345.247,346.397,16290000.066799996
2023-02-11 15:00:00,347.307,348.777,346.616,348.537,12436800.0401
2023-02-11 16:00:00,347.706,348.246,346.407,347.316,11064000.062799998
2023-02-11 17:00:00,347.656,348.157,347.296,347.696,8668800.010899998
2023-02-11 18:00:00,347.467,348.006,347.236,347.657,7778400.0484
2023-02-11 19:00:00,348.287,348.756,346.886,347.457,9367200.031699998
2023-03-01 14:00:00,241.206,245.716,241.197,243.037,16880399.942500003
2023-03-01 15:00:00,239.566,241.797,238.216,241.206,20614800.066000007
2023-03-01 16:00:00,238.156,239.827,237.496,239.586,11917199.991400002
2023-03-01 17:00:00,238.137,238.967,237.596,238.126,8774400.048
2023-03-01 18:00:00,238.517,238.757,237.396,238.057,9483600.035399998
2023-03-01 19:00:00,239.387,239.946,237.886,238.517,11290800.0501
2023-03-01 20:00:00,239.547,240.347,239.126,239.427,12171600.036299998
2023-03-02 14:00:00,261.796,262.136,259.287,259.527,19364400.8636
2023-03-02 15:00:00,261.756,264.177,260.566,261.726,35516399.3835
2023-03-02 16:00:00,261.377,263.767,261.197,261.756,28860000.6104
2023-03-02 17:00:00,260.407,262.797,260.126,261.376,27297599.7925
2023-03-02 18:00:00,258.677,260.406,258.156,260.386,31689599.9908
2023-03-02 19:00:00,257.697,258.907,257.416,258.686,27118799.2096
2023-03-02 20:00:00,258.266,259.007,257.076,257.707,27955200.1953
2023-03-03 14:00:00,254.356,254.447,251.366,252.206,14.173201181103384
2023-03-03 16:00:00,253.856,254.157,253.246,254.086,21.148801762400208
2023-03-03 18:00:00,254.877,255.397,254.696,254.936,15.12240126020399
2023-03-03 20:00:00,255.366,255.407,254.396,254.777,18.272401522702637
2023-03-04 13:00:00,287.026,287.957,285.186,286.067,10125900.2686
2023-03-04 14:00:00,285.767,288.247,285.737,287.046,18218700.4089
2023-03-04 15:00:00,285.187,286.147,284.696,285.776,13782600.4028
2023-03-04 16:00:00,284.397,285.467,284.206,285.206,10686599.7314
2023-03-04 17:00:00,284.897,285.157,283.957,284.407,10359000.206
2023-03-04 18:00:00,286.156,286.446,284.057,284.896,9830699.9207
2023-03-04 19:00:00,287.107,287.567,286.127,286.176,12235500.3357
2023-03-05 13:00:00,305.117,306.837,304.536,306.837,4530599.996300002
2023-03-05 14:00:00,305.657,306.347,304.236,305.286,13107599.9885
2023-03-05 15:00:00,306.856,306.947,304.897,305.647,12811500.027500002
2023-03-05 16:00:00,306.886,306.906,305.286,306.866,9449999.9959
2023-03-05 17:00:00,306.896,307.517,306.426,306.887,10320299.9754
2023-03-05 18:00:00,307.146,308.536,305.077,306.866,25284600.094
2023-03-05 19:00:00,304.237,307.927,304.056,307.086,24971400.0525
2023-03-07 14:00:00,336.946,340.286,336.916,339.676,16.756199999997115
2023-03-07 16:00:00,338.287,338.307,336.746,336.917,9.638099999998165
2023-03-08 13:00:00,328.327,328.607,325.966,325.967,5928299.9039
2023-03-08 14:00:00,328.447,329.087,326.497,328.406,10169099.8077
2023-03-08 15:00:00,328.106,329.827,327.996,328.476,7739999.7711
2023-03-08 16:00:00,329.086,329.367,327.846,328.096,5324399.9481
2023-03-08 17:00:00,327.727,329.457,327.626,329.086,6102000.2365
2023-03-08 18:00:00,328.177,328.257,327.016,327.726,7638299.942
2023-03-08 19:00:00,326.606,328.237,326.496,328.237,8747099.8764
2023-03-10 13:00:00,320.587,321.307,319.106,320.816,8256600.3799
2023-03-10 14:00:00,314.346,320.706,314.177,320.597,18624599.4568
2023-03-10 15:00:00,314.277,314.717,313.027,314.317,12024000.1678
2023-03-10 16:00:00,313.687,314.527,313.137,314.266,12509099.9603
2023-03-10 17:00:00,312.457,314.196,312.356,313.676,11514599.8001
2023-03-10 18:00:00,312.706,313.107,311.936,312.477,10285200.119
2023-03-10 19:00:00,313.316,313.467,311.206,312.707,12852899.5514
2023-03-11 13:00:00,350.027,350.557,347.296,349.566,9702000.0218
2023-03-11 14:00:00,350.767,351.836,349.616,350.026,17469600.036900003
2023-03-11 15:00:00,351.277,351.717,349.996,350.827,12936000.078800002
2023-03-11 16:00:00,353.276,353.377,351.126,351.297,10384799.979300003
2023-03-11 17:00:00,353.847,354.027,353.046,353.266,9517200.0307
2023-03-11 18:00:00,353.696,354.367,353.217,353.836,8047199.9945
2023-03-11 19:00:00,352.787,354.327,352.567,353.707,11129999.965600004
2023-04-01 14:00:00,228.987,232.577,228.276,232.546,13.767601147303129
2023-04-01 16:00:00,228.826,229.777,226.696,227.527,17.355601446303407
2023-04-01 18:00:00,228.397,229.187,227.376,227.957,10.996800916401362
2023-04-01 20:00:00,228.987,229.317,226.526,228.106,21.71280180939973
2023-04-04 13:00:00,288.637,289.597,286.306,286.947,11241000.1755
2023-04-04 14:00:00,289.096,290.426,288.296,288.677,22974300.3845
2023-04-04 15:00:00,289.047,289.597,287.746,289.117,17972999.5728
2023-04-04 16:00:00,288.046,289.147,287.816,289.077,15921899.7955
2023-04-04 17:00:00,287.847,288.427,287.596,288.027,12133799.5529
2023-04-04 18:00:00,286.156,288.047,286.126,287.846,11944800.3769
2023-04-04 19:00:00,287.177,287.236,285.677,286.146,15232500.0763
2023-04-05 13:00:00,303.926,306.446,303.766,306.327,10749600.022899998
2023-04-05 14:00:00,305.386,305.807,303.386,303.916,22382999.9865
2023-04-05 15:00:00,305.566,306.897,305.016,305.357,18846900.0752
2023-04-05 16:00:00,306.857,306.916,304.996,305.567,14521500.051000005
2023-04-05 17:00:00,306.956,307.737,306.527,306.856,16353899.881099992
2023-04-05 18:00:00,306.127,307.086,305.666,306.956,15091200.024
2023-04-05 19:00:00,305.386,307.176,305.097,306.116,17024400.100100003
2023-04-08 13:00:00,330.396,335.066,329.746,331.876,7092899.7993
2023-04-08 14:00:00,331.647,332.397,328.886,330.466,11955599.7849
2023-04-08 15:00:00,332.837,333.517,331.497,331.636,8240400.3143
2023-04-08 16:00:00,333.787,334.277,332.586,332.836,5837399.9596
2023-04-08 17:00:00,331.806,333.947,331.506,333.816,6014699.9359
2023-04-08 18:00:00,328.997,331.826,328.747,331.796,8575200.0809
2023-04-08 19:00:00,327.776,329.327,327.167,328.986,11159999.8474
2023-04-10 13:00:00,316.737,317.857,314.016,314.016,8378100.3952
2023-04-10 14:00:00,316.847,318.306,315.096,316.667,16829099.6552
2023-04-10 15:00:00,319.067,319.206,316.587,316.846,14941800.1175
2023-04-10 16:00:00,318.117,319.127,317.736,319.026,11464200.0198
2023-04-10 17:00:00,316.407,318.207,316.266,318.126,11481300.354
2023-04-10 18:00:00,317.837,317.986,316.116,316.416,11529000.2823
2023-04-10 19:00:00,318.656,320.006,317.696,317.847,16021799.0875
2023-04-12 14:00:00,364.987,369.237,363.676,369.037,13081199.646
2023-04-12 15:00:00,364.376,366.357,362.847,364.996,21395999.9084
2023-04-12 16:00:00,367.727,367.967,363.896,364.376,14625599.8611
2023-04-12 17:00:00,369.156,369.247,367.137,367.707,14155200.0046
2023-04-12 18:00:00,368.277,369.447,368.226,369.177,12736800.1938
2023-04-12 19:00:00,367.887,368.676,367.316,368.286,11722800.2548
2023-04-12 20:00:00,369.177,369.497,367.486,367.847,14894399.6429
2023-05-01 14:00:00,225.056,227.496,223.656,227.087,11320799.8723
2023-05-01 15:00:00,224.147,226.156,223.826,225.096,16511999.904800002
2023-05-01 16:00:00,223.077,224.757,223.076,224.146,10911600.0386
2023-05-01 17:00:00,222.227,223.647,222.226,223.076,8902800.060700001
2023-05-01 18:00:00,223.566,223.717,221.756,222.247,11487600.014099997
2023-05-01 19:00:00,224.267,224.657,222.996,223.557,11179200.0083
2023-05-01 20:00:00,222.246,224.277,221.806,224.266,18104400.054
2023-05-04 13:00:00,285.566,287.117,284.817,285.837,11991600.0366
2023-05-04 14:00:00,283.546,286.266,283.266,285.626,22775400.1617
2023-05-04 15:00:00,284.147,284.317,283.296,283.557,16191900.2533
2023-05-04 16:00:00,283.436,284.266,282.936,284.156,13187700.2716
2023-05-04 17:00:00,283.886,283.947,283.056,283.437,11814299.5834
2023-05-04 18:00:00,284.167,284.567,283.746,283.886,10884599.6857
2023-05-04 19:00:00,284.317,284.756,283.646,284.157,13965299.6063
2023-05-05 13:00:00,306.966,307.127,304.207,305.427,7739099.9793
2023-05-05 14:00:00,308.827,309.387,306.836,307.036,14227200.0463
2023-05-05 15:00:00,308.997,309.567,308.196,308.846,11775600.076099996
2023-05-05 16:00:00,309.456,309.537,308.486,309.006,10107900.0383
2023-05-05 17:00:00,309.897,310.337,309.406,309.466,9402300.0375
2023-05-05 18:00:00,311.527,311.886,309.686,309.917,9973800.041000005
2023-05-05 19:00:00,310.477,311.847,309.996,311.526,12250800.058599995
2023-05-06 13:00:00,335.227,337.327,334.616,335.187,5480999.9466
2023-05-06 14:00:00,337.326,337.787,335.206,335.206,13673700.3326
2023-05-06 15:00:00,337.966,338.537,336.726,337.337,10390500.0687
2023-05-06 16:00:00,338.337,338.377,337.406,337.967,8647199.6307
2023-05-06 17:00:00,337.637,338.377,336.976,338.347,9901800.1556
2023-05-06 18:00:00,337.137,337.756,335.756,337.636,12194100.3799
2023-05-06 19:00:00,335.947,337.587,335.726,337.146,14136300.087
2023-05-07 14:00:00,340.906,341.637,338.497,338.626,15.358499999996122
2023-05-07 16:00:00,338.696,339.346,338.136,338.817,9.494999999998214
2023-05-07 18:00:00,338.397,338.787,337.606,338.346,11.840399999997375
2023-05-09 13:00:00,329.016,330.816,328.696,329.056,7403400.048800001
2023-05-09 14:00:00,331.796,331.986,328.557,329.057,11829600.066100003
2023-05-09 15:00:00,332.836,334.817,331.827,331.827,8516700.059300002
2023-05-09 16:00:00,333.367,334.097,332.736,332.787,5603400.0291
2023-05-09 17:00:00,333.666,334.046,332.737,333.366,5337899.979200002
2023-05-09 18:00:00,334.157,334.187,333.206,333.606,4762800.008
2023-05-09 19:00:00,333.517,334.287,333.226,334.156,7776899.9973
2023-05-10 13:00:00,317.376,319.887,316.536,319.336,8137800.2167
2023-05-10 14:00:00,315.327,317.527,314.867,317.427,16063199.9969
2023-05-10 15:00:00,316.507,317.297,314.996,315.327,14760899.5438
2023-05-10 16:00:00,316.737,317.446,316.396,316.507,11909700.3937
2023-05-10 17:00:00,317.617,317.807,316.046,316.746,11227499.9619
2023-05-10 18:00:00,318.967,319.037,317.477,317.626,10854900.3601
2023-05-10 19:00:00,319.326,319.896,318.276,318.976,13421699.5239
2023-05-12 14:00:00,369.676,370.046,365.596,366.417,11118000.0305
2023-05-12 15:00:00,371.766,373.057,369.206,369.597,25372800.827
2023-05-12 16:00:00,370.647,373.056,369.316,371.776,22155599.5941
2023-05-12 17:00:00,371.726,372.036,370.467,370.626,18808799.7437
2023-05-12 18:00:00,371.717,372.917,371.037,371.717,17938800.8118
2023-05-12 19:00:00,372.216,372.237,370.786,371.706,13405200.0046
2023-05-12 20:00:00,372.557,372.577,371.776,372.217,13544400.2151
2023-06-01 15:00:00,222.827,223.146,219.966,220.047,30.378002531492424
2023-06-01 16:00:00,222.886,223.446,221.836,222.847,22.216801851399307
2023-06-01 19:00:00,225.417,225.716,223.936,224.037,17.286001440503465
2023-06-02 14:00:00,256.606,257.717,255.656,256.726,11320799.8276
2023-06-02 15:00:00,257.106,257.897,254.766,256.657,21860399.2462
2023-06-02 16:00:00,256.947,258.266,256.747,257.106,17570400.238
2023-06-02 17:00:00,256.756,257.317,256.476,256.936,16395599.3652
2023-06-02 18:00:00,256.176,257.057,255.666,256.746,14744400.0244
2023-06-02 19:00:00,256.997,257.247,256.166,256.176,15317999.8398
2023-06-02 20:00:00,256.727,257.196,256.027,256.996,18682800.293
2023-06-03 14:00:00,257.467,257.946,255.886,256.357,15401999.9577
2023-06-03 15:00:00,259.277,259.867,257.096,257.536,26229600.213299997
2023-06-03 16:00:00,259.376,260.077,258.896,259.296,19861200.0496
2023-06-03 17:00:00,258.437,259.387,257.526,259.387,19957199.946
2023-06-03 18:00:00,257.967,258.676,257.736,258.437,19629599.972099997
2023-06-03 19:00:00,257.656,258.507,257.526,257.966,19046399.9211
2023-06-03 20:00:00,256.867,257.807,256.646,257.656,22633200.0419
2023-06-04 13:00:00,283.507,283.687,282.016,282.496,9608400.3448
2023-06-04 14:00:00,283.326,284.657,282.837,283.526,18344699.8596
2023-06-04 15:00:00,286.377,286.437,283.166,283.326,12298500.061
2023-06-04 16:00:00,287.947,288.526,286.376,286.376,11777400.0168
2023-06-04 17:00:00,290.326,290.617,287.727,287.966,10148400.3067
2023-06-04 18:00:00,290.536,291.046,290.256,290.347,10248299.5987
2023-06-04 19:00:00,291.467,292.067,290.506,290.547,10643400.1923
2023-06-06 13:00:00,333.746,335.327,332.756,334.996,8372699.7375
2023-06-06 14:00:00,333.847,334.857,333.217,333.766,13993200.3021
2023-06-06 15:00:00,334.386,334.467,332.146,333.856,9999899.8642
2023-06-06 16:00:00,332.696,334.597,332.566,334.397,11118599.8917
2023-06-06 17:00:00,332.967,333.837,332.407,332.707,10870200.1572
2023-06-06 18:00:00,333.856,333.957,332.846,332.967,9296999.9313
2023-06-06 19:00:00,333.617,334.307,333.147,333.866,10822500.2289
2023-06-07 13:00:00,338.526,340.337,335.486,337.377,8484300.069600001
2023-06-07 14:00:00,338.687,341.107,336.676,338.626,13046399.950699998
2023-06-07 15:00:00,339.636,339.947,338.016,338.687,10530899.949599998
2023-06-07 16:00:00,341.617,342.456,339.606,339.656,9988199.9711
2023-06-07 17:00:00,342.346,342.966,341.406,341.606,8523000.009300003
2023-06-07 18:00:00,341.327,342.387,340.796,342.366,7106399.9987
2023-06-07 19:00:00,341.156,341.637,340.456,341.297,10916100.003000002
2023-06-09 13:00:00,333.617,334.416,331.896,333.246,5.819399999999525
2023-06-09 15:00:00,331.756,332.377,330.996,331.306,7.547399999998908
2023-06-09 17:00:00,331.187,331.537,330.256,330.737,5.787899999999536
2023-06-09 19:00:00,332.796,333.236,331.226,331.907,8.514899999998564
2023-06-10 13:00:00,319.117,320.037,317.077,317.456,10270799.6368
2023-06-10 14:00:00,322.016,322.476,317.757,319.127,17828100.2045
2023-06-10 15:00:00,325.287,325.466,321.906,322.026,14102999.6872
2023-06-10 16:00:00,325.336,325.646,324.146,325.276,9445500.3738
2023-06-10 17:00:00,326.927,327.056,325.196,325.336,8063099.8611
2023-06-10 18:00:00,327.937,328.086,326.467,326.916,7246799.9458
2023-06-10 19:00:00,327.227,329.176,327.066,327.947,10853099.823
2023-06-11 14:00:00,356.037,356.726,353.196,353.436,9.295200774600278
2023-06-11 16:00:00,356.816,357.497,356.216,356.996,11.175600931301476
2023-06-11 18:00:00,355.877,355.887,353.786,355.516,12.796801066402509
2023-06-11 20:00:00,356.616,356.636,355.007,355.756,16.886401407203802
2023-06-12 14:00:00,371.766,374.046,371.426,373.796,8836799.6216
2023-06-12 15:00:00,371.387,371.907,368.516,371.716,15274800.3006
2023-06-12 16:00:00,369.727,371.536,368.776,371.416,11336400.032
2023-06-12 17:00:00,368.706,369.867,368.676,369.696,10905599.5941
2023-06-12 18:00:00,369.896,370.027,368.056,368.697,11077199.9359
2023-06-12 19:00:00,369.756,370.517,369.286,369.906,10800000.1907
2023-06-12 20:00:00,368.767,369.947,368.346,369.727,11402400.0168
2023-07-02 14:00:00,260.757,263.427,260.046,260.406,14057999.6109
2023-07-02 15:00:00,262.516,263.647,260.536,260.746,22803600.3113
2023-07-02 16:00:00,264.117,264.597,261.947,262.547,18446399.6887
2023-07-02 17:00:00,267.266,268.267,262.836,264.117,15842399.5972
2023-07-02 18:00:00,262.447,267.847,261.396,267.217,26509199.1425
2023-07-02 19:00:00,266.566,267.307,262.366,262.466,27259199.1425
2023-07-02 20:00:00,267.507,268.747,266.076,266.576,22601999.2828
2023-07-03 14:00:00,256.867,257.667,255.986,256.126,12297599.9118
2023-07-03 15:00:00,254.707,256.877,254.067,256.877,33925199.96350001
2023-07-03 16:00:00,254.697,255.707,254.496,254.696,31699200.064000003
2023-07-03 17:00:00,255.387,256.336,254.586,254.696,26689200.006400004
2023-07-03 18:00:00,254.376,255.526,254.056,255.387,22551600.009099998
2023-07-03 19:00:00,253.467,254.707,253.406,254.376,22161599.978600003
2023-07-03 20:00:00,254.166,254.367,253.366,253.476,21651600.107600007
2023-07-06 13:00:00,330.636,334.426,330.436,331.567,8666999.8169
2023-07-06 14:00:00,326.776,330.676,325.717,330.626,18979200.3632
2023-07-06 15:00:00,325.076,327.557,324.997,326.786,15068699.8367
2023-07-06 16:00:00,324.157,325.726,323.876,325.077,12844799.9954
2023-07-06 17:00:00,323.846,324.657,323.446,324.167,12968999.8627
2023-07-06 18:00:00,324.456,324.806,323.466,323.836,11271599.7696
2023-07-06 19:00:00,323.417,324.536,322.496,324.457,14777999.8779
2023-07-07 14:00:00,338.897,340.887,337.556,340.837,10.139399999997984
2023-07-07 16:00:00,341.306,341.517,339.506,339.507,7.356599999998976
2023-07-07 18:00:00,339.687,340.817,339.357,340.807,5.882399999999502
2023-07-08 13:00:00,329.687,331.087,328.546,328.836,5351399.8985
2023-07-08 14:00:00,329.176,330.836,328.767,329.636,9877499.5804
2023-07-08 15:00:00,329.236,329.497,327.496,329.166,9949500.0839
2023-07-08 16:00:00,328.977,329.617,328.217,329.246,8733599.6628
2023-07-08 17:00:00,329.256,329.466,328.636,328.976,7577099.8001
2023-07-08 18:00:00,329.556,329.967,329.226,329.246,7128900.0511
2023-07-08 19:00:00,330.107,330.247,329.296,329.527,8726400.3754
2023-07-09 13:00:00,331.067,331.976,330.006,331.287,8197200.149199999
2023-07-09 14:00:00,331.627,333.056,330.386,331.066,12502800.091999998
2023-07-09 15:00:00,330.436,332.367,330.417,331.687,9637200.064800004
2023-07-09 16:00:00,330.447,332.087,330.386,330.447,6950700.030100002
2023-07-09 17:00:00,330.276,331.076,330.096,330.447,6342299.975599999
2023-07-09 18:00:00,330.236,330.597,329.006,330.206,5967900.030499999
2023-07-09 19:00:00,329.896,330.946,329.417,330.216,7412400.007700002
2023-07-11 14:00:00,359.227,359.647,357.596,359.367,9546000.0187
2023-07-11 15:00:00,361.387,362.027,358.676,359.237,14176800.042500004
2023-07-11 16:00:00,361.707,362.357,360.896,361.396,11365200.0274
2023-07-11 17:00:00,361.557,361.937,360.706,361.707,10182000.0336
2023-07-11 18:00:00,362.236,362.447,361.436,361.567,8638799.9877
2023-07-11 19:00:00,361.447,362.417,361.337,362.246,7792800.024399999
2023-07-11 20:00:00,360.517,361.867,359.897,361.447,11744399.9499
2023-07-12 14:00:00,366.916,370.397,366.256,368.167,9050399.7803
2023-07-12 15:00:00,368.646,370.076,366.757,366.917,13309200.2869
2023-07-12 16:00:00,370.556,370.566,367.616,368.666,11869199.7528
2023-07-12 17:00:00,370.416,371.207,369.806,370.586,10335599.8993
2023-07-12 18:00:00,370.327,370.876,369.756,370.426,10480799.675
2023-07-12 19:00:00,370.226,371.187,370.177,370.327,8944800.3769
2023-07-12 20:00:00,370.806,371.437,370.187,370.267,9092399.5972
2023-08-02 14:00:00,272.627,276.736,270.996,272.757,17366399.765
2023-08-02 15:00:00,270.286,274.317,270.046,272.627,25423200.6073
2023-08-02 16:00:00,269.616,270.507,267.556,270.286,23676000.5951
2023-08-02 17:00:00,269.666,270.226,268.506,269.616,17649599.0753
2023-08-02 18:00:00,268.807,270.526,268.047,269.677,16656000.1373
2023-08-02 19:00:00,267.446,269.557,266.656,268.807,19268400.1923
2023-08-02 20:00:00,266.746,267.747,266.216,267.457,23045999.527
2023-08-03 14:00:00,252.256,254.537,252.166,254.047,15790800.065
2023-08-03 15:00:00,252.317,252.997,250.776,252.226,36126000.10589999
2023-08-03 16:00:00,253.706,253.826,251.546,252.326,26698799.90810001
2023-08-03 17:00:00,252.606,253.877,251.796,253.707,22669199.9729
2023-08-03 18:00:00,251.796,252.787,251.436,252.596,22393199.950399995
2023-08-03 19:00:00,252.557,253.317,251.656,251.806,18306000.038900003
2023-08-03 20:00:00,253.697,253.947,251.997,252.556,18073199.942800004
2023-08-05 13:00:00,308.356,310.157,308.206,309.957,8573399.961
2023-08-05 14:00:00,307.446,308.736,307.056,308.397,16382699.951800002
2023-08-05 15:00:00,307.457,307.997,306.996,307.457,11990699.9769
2023-08-05 16:00:00,307.347,307.677,306.646,307.466,9827100.0309
2023-08-05 17:00:00,307.367,307.737,307.016,307.347,8184600.0705
2023-08-05 18:00:00,308.756,308.777,306.066,307.377,11152799.9939
2023-08-05 19:00:00,308.547,308.837,307.996,308.756,10135800.0488
2023-08-06 13:00:00,324.226,325.187,323.326,323.956,10835100.174
2023-08-06 14:00:00,325.786,326.017,323.496,324.237,14874300.0031
2023-08-06 15:00:00,326.117,326.506,325.587,325.796,10146599.7696
2023-08-06 16:00:00,324.897,326.606,324.646,326.117,9427499.7711
2023-08-06 17:00:00,323.956,325.027,323.476,324.906,8805600.1663
2023-08-06 18:00:00,325.127,325.227,323.796,323.987,7428599.8344
2023-08-06 19:00:00,325.187,325.946,324.936,325.126,9690299.9878
2023-08-08 13:00:00,325.736,328.677,325.516,327.066,6218999.8627
2023-08-08 14:00:00,323.296,326.216,323.056,325.626,12254400.2533
2023-08-08 15:00:00,323.296,324.627,322.986,323.307,10498499.8703
2023-08-08 16:00:00,324.116,324.587,323.186,323.297,7846199.9893
2023-08-08 17:00:00,324.407,324.867,323.846,324.127,8564399.7192
2023-08-08 18:00:00,324.957,325.256,323.966,324.406,8898300.1709
2023-08-08 19:00:00,326.067,326.377,324.486,324.956,10456199.646
2023-08-09 14:00:00,333.917,335.927,333.157,333.446,11.16269999999762
2023-08-09 16:00:00,334.787,335.487,333.866,335.217,6.180299999999396
2023-08-09 18:00:00,333.706,336.027,333.677,335.237,6.993899999999106
2023-08-11 14:00:00,362.496,363.847,361.396,361.707,8.726400727199916
2023-08-11 17:00:00,362.246,362.586,361.217,362.307,10.983600915301354
2023-08-11 19:00:00,361.936,363.297,361.856,362.756,8.272800689399627
2023-08-11 20:00:00,363.137,363.327,361.346,361.936,11.601600966801747
2023-08-12 14:00:00,370.406,370.906,368.196,368.997,9600000.3815
2023-08-12 15:00:00,373.126,373.297,370.366,370.416,15643199.9207
2023-08-12 16:00:00,372.047,373.366,370.996,373.186,11991600.0366
2023-08-12 17:00:00,372.856,373.017,371.276,372.106,10028400.4211
2023-08-12 18:00:00,373.187,373.266,372.576,372.876,9754799.8428
2023-08-12 19:00:00,373.567,373.937,373.106,373.186,8781599.9985
2023-08-12 20:00:00,374.087,374.377,373.176,373.576,9481200.2182
2023-09-01 14:00:00,228.927,228.987,226.367,226.866,9405599.9963
2023-09-01 15:00:00,229.456,230.217,228.136,228.906,12716399.952800002
2023-09-01 16:00:00,230.297,231.207,229.426,229.466,9475200.0422
2023-09-01 17:00:00,230.726,230.887,230.007,230.297,8439600.0577
2023-09-01 18:00:00,229.147,230.926,228.666,230.716,9675599.97
2023-09-01 19:00:00,227.906,229.957,227.716,229.147,11745599.992400004
2023-09-01 20:00:00,227.057,228.177,226.746,227.907,15419999.971799996
2023-09-02 14:00:00,271.446,273.857,269.616,273.817,14274000.1678
2023-09-02 15:00:00,270.827,272.667,269.496,271.496,25844400.4059
2023-09-02 16:00:00,268.776,270.827,268.436,270.827,20383199.6918
2023-09-02 17:00:00,267.716,269.857,266.976,268.766,17943599.7009
2023-09-02 18:00:00,265.676,267.726,265.506,267.677,17954399.1089
2023-09-02 19:00:00,265.457,266.147,265.046,265.616,15975600.2426
2023-09-02 20:00:00,263.387,265.627,262.766,265.477,21212400.4364
2023-09-03 14:00:00,257.977,258.297,255.386,255.866,13968000.054599997
2023-09-03 15:00:00,258.476,259.536,257.756,257.966,26137199.98299999
2023-09-03 16:00:00,258.177,258.977,257.666,258.476,21023999.899099994
2023-09-03 17:00:00,256.606,258.277,256.126,258.186,17852400.10930001
2023-09-03 18:00:00,254.037,256.857,253.756,256.607,18409200.0572
2023-09-03 19:00:00,253.567,254.437,252.896,254.046,17987999.990999997
2023-09-03 20:00:00,252.287,253.747,251.556,253.566,23749199.95700001
2023-09-05 14:00:00,308.056,309.327,307.927,308.977,12.696299999997072
2023-09-05 16:00:00,307.707,307.807,306.596,307.216,8.27459999999865
2023-09-05 18:00:00,306.837,308.287,306.646,308.066,7.350299999998978
2023-09-06 13:00:00,329.497,329.956,324.416,324.497,9155699.7299
2023-09-06 14:00:00,327.396,329.737,326.746,329.496,17603099.823
2023-09-06 15:00:00,325.487,328.607,325.246,327.407,14651100.1587
2023-09-06 16:00:00,326.776,326.846,324.996,325.517,13829400.0626
2023-09-06 17:00:00,328.397,328.446,326.607,326.766,9301500.3204
2023-09-06 18:00:00,327.966,328.457,327.297,328.396,9622799.8734
2023-09-06 19:00:00,326.766,328.067,326.236,327.966,12605400.0854
2023-09-08 13:00:00,324.736,327.056,324.416,326.476,5552999.9733
2023-09-08 14:00:00,322.896,325.497,322.896,324.737,11347200.3937
2023-09-08 15:00:00,322.436,323.637,321.006,322.896,10834199.9054
2023-09-08 16:00:00,323.167,323.887,322.376,322.436,8156700.1343
2023-09-08 17:00:00,324.266,324.506,322.797,323.166,8304300.3082
2023-09-08 18:00:00,324.647,325.427,324.056,324.236,8316900.2533
2023-09-08 19:00:00,322.236,324.906,322.077,324.647,13076100.3494
2023-09-10 13:00:00,326.967,327.317,323.226,324.616,7471799.8505
2023-09-10 14:00:00,326.097,327.897,325.567,326.977,10239299.7742
2023-09-10 15:00:00,327.447,327.577,325.287,326.096,8757900.238
2023-09-10 16:00:00,327.856,328.447,327.186,327.447,5665500.164
2023-09-10 17:00:00,330.177,330.187,327.796,327.866,7459199.9054
2023-09-10 18:00:00,329.776,330.267,328.997,330.186,8610300.0641
2023-09-10 19:00:00,329.837,330.037,329.186,329.777,10033200.264
2023-09-11 14:00:00,363.317,363.587,361.606,362.076,8598000.019699998
2023-09-11 15:00:00,362.497,363.516,361.267,363.317,14169600.047300002
2023-09-11 16:00:00,364.187,364.767,362.476,362.486,10716000.028100004
2023-09-11 17:00:00,363.426,364.207,363.066,364.187,9872400.060500002
2023-09-11 18:00:00,362.866,363.586,361.086,363.426,16574399.992800005
2023-09-11 19:00:00,361.186,362.867,361.076,362.867,17627999.976
2023-09-11 20:00:00,360.696,361.827,360.346,361.167,15635999.962699998
2023-10-01 15:00:00,228.706,231.287,227.326,229.816,30.318002526492474
2023-10-01 17:00:00,228.257,228.877,227.426,228.177,21.74040181169971
2023-10-01 19:00:00,228.047,228.967,227.866,228.716,17.242801436903502
2023-10-02 14:00:00,262.086,263.287,260.956,261.847,12090000.1526
2023-10-02 15:00:00,262.397,264.047,261.117,262.166,25090799.3317
2023-10-02 16:00:00,261.336,263.257,261.117,262.377,21420000.0763
2023-10-02 17:00:00,261.646,261.657,260.617,261.347,20861999.5117
2023-10-02 18:00:00,261.677,262.737,261.186,261.646,13758000.3738
2023-10-02 19:00:00,261.806,262.207,261.006,261.706,13661999.7025
2023-10-02 20:00:00,262.967,263.496,261.326,261.847,18378000.2594
2023-10-03 15:00:00,252.116,252.356,248.666,248.666,40.59240338268381
2023-10-03 17:00:00,249.796,251.407,249.727,250.776,31.123202593591795
2023-10-03 19:00:00,249.556,250.037,247.746,247.777,29.29320244109334
2023-10-04 13:00:00,285.417,289.157,285.086,289.046,12825900.0778
2023-10-04 14:00:00,286.306,287.107,284.796,285.417,18144899.3683
2023-10-04 15:00:00,286.917,287.917,286.267,286.307,13007699.9664
2023-10-04 16:00:00,288.257,288.567,285.907,286.916,13979700.0885
2023-10-04 17:00:00,288.337,288.897,288.056,288.256,12816900.2533
2023-10-04 18:00:00,289.446,289.457,288.166,288.337,11567700.386
2023-10-04 19:00:00,289.266,289.587,288.417,289.436,12627900.1236
2023-10-05 13:00:00,309.906,310.307,307.646,308.886,8811000.093799999
2023-10-05 14:00:00,309.827,311.547,308.597,309.917,19586700.052400008
2023-10-05 15:00:00,311.057,311.327,309.446,309.826,13619699.999400008
2023-10-05 16:00:00,310.576,311.167,309.996,311.097,11689200.073599998
2023-10-05 17:00:00,310.646,310.987,309.167,310.577,14173200.0557
2023-10-05 18:00:00,311.797,312.006,310.496,310.647,14070600.077599997
2023-10-05 19:00:00,312.157,312.987,311.567,311.807,13823100.1202
2023-10-07 13:00:00,329.686,335.197,329.196,334.626,9206100.0169
2023-10-07 14:00:00,330.387,332.846,329.566,329.567,13925700.053999996
2023-10-07 15:00:00,328.876,331.107,328.806,330.386,12735900.1041
2023-10-07 16:00:00,330.156,330.347,327.556,328.896,11925899.967800004
2023-10-07 17:00:00,330.046,331.196,329.566,330.167,9820800.013599996
2023-10-07 18:00:00,331.246,331.667,329.456,330.066,10737900.048300002
2023-10-07 19:00:00,331.806,331.856,330.206,331.247,10928700.014999997
2023-10-08 13:00:00,327.166,327.226,325.046,326.007,5464799.881
2023-10-08 14:00:00,324.667,328.227,324.196,327.207,10393199.9207
2023-10-08 15:00:00,322.947,325.007,322.046,324.676,9638999.939
2023-10-08 16:00:00,322.867,324.407,322.357,322.916,6809400.0816
2023-10-08 17:00:00,321.437,323.407,321.116,322.967,7533899.7841
2023-10-08 18:00:00,323.766,323.947,321.416,321.436,7831799.984
2023-10-08 19:00:00,322.926,323.806,322.346,323.777,9989100.4562
2023-10-10 13:00:00,329.117,331.006,327.996,330.816,7344900.1312
2023-10-10 14:00:00,329.587,330.287,328.507,329.127,10569600.1053
2023-10-10 15:00:00,330.536,330.966,329.196,329.616,8529299.736
2023-10-10 16:00:00,330.036,330.656,329.787,330.507,6323400.0206
2023-10-10 17:00:00,328.487,330.017,327.626,330.017,10395000.4578
2023-10-10 18:00:00,328.696,328.987,327.996,328.487,8283599.8535
2023-10-10 19:00:00,328.426,329.557,328.206,328.707,12837300.3006
2023-10-11 14:00:00,363.887,364.287,361.006,361.476,9.963600830300704
2023-10-11 15:00:00,365.156,365.197,363.036,363.877,17.68320147360313
2023-10-11 20:00:00,369.687,370.067,368.626,368.807,13.713601142803093
2023-11-01 14:00:00,231.936,233.837,230.996,231.546,9836399.987599997
2023-11-01 15:00:00,232.476,233.657,231.446,231.976,13414799.9957
2023-11-01 16:00:00,233.767,233.967,232.476,232.537,8619600.012800002
2023-11-01 17:00:00,233.786,234.276,233.456,233.786,6859199.993499996
2023-11-01 18:00:00,233.976,234.426,233.056,233.797,7189200.006200002
2023-11-01 19:00:00,234.367,234.436,233.667,233.977,5986800.018299999
2023-11-01 20:00:00,235.607,235.786,234.016,234.367,8830799.9892
2023-11-04 13:00:00,283.946,285.817,282.926,285.497,10551600.4562
2023-11-04 14:00:00,282.747,284.097,282.417,283.956,16047000.885
2023-11-04 15:00:00,282.756,283.097,281.636,282.747,12784500.1221
2023-11-04 16:00:00,283.616,283.807,282.756,282.757,10705499.649
2023-11-04 17:00:00,283.576,283.777,282.646,283.627,10046699.5239
2023-11-04 18:00:00,284.087,284.156,283.116,283.576,8015399.9329
2023-11-04 19:00:00,282.836,284.116,282.356,284.096,11002499.5804
2023-11-05 15:00:00,309.537,310.297,309.007,309.717,12.576599999997114
2023-11-05 16:00:00,309.656,310.067,308.857,309.546,10.183499999997968
2023-11-05 19:00:00,309.927,310.717,309.647,310.477,11.753099999997408
2023-11-07 14:00:00,329.846,330.197,326.996,328.637,14.414399999996458
2023-11-07 16:00:00,331.157,332.847,330.056,332.317,9.772199999998117
2023-11-07 18:00:00,331.596,332.007,330.106,331.917,9.78479999999811
2023-11-08 13:00:00,319.726,321.086,319.426,320.116,7571700.0961
2023-11-08 14:00:00,320.847,322.297,319.536,319.726,16193700.7904
2023-11-08 15:00:00,320.167,321.477,319.206,320.847,12819600.1053
2023-11-08 16:00:00,320.276,321.517,319.716,320.206,11191499.7101
2023-11-08 17:00:00,321.006,321.297,320.076,320.276,11002499.5804
2023-11-08 18:00:00,322.126,322.387,320.886,321.047,11501999.855
2023-11-08 19:00:00,320.946,322.207,320.606,322.126,13078800.2014
2023-11-09 13:00:00,336.517,338.006,335.846,337.157,7365600.0496
2023-11-09 14:00:00,336.116,337.207,335.396,336.597,11261699.966899998
2023-11-09 15:00:00,336.446,337.486,335.867,336.116,7606800.072500003
2023-11-09 16:00:00,336.377,337.076,335.877,336.457,6344999.9615
2023-11-09 17:00:00,337.856,337.867,336.236,336.397,5837399.978300001
2023-11-09 18:00:00,337.756,338.387,337.416,337.867,5360400.002900001
2023-11-09 19:00:00,337.947,338.157,337.096,337.756,6960599.9849000005
2023-11-10 13:00:00,331.447,332.497,330.646,331.136,10714799.881
2023-11-10 14:00:00,331.417,331.647,329.747,331.456,16440000.5341
2023-11-10 15:00:00,330.706,332.106,330.366,331.427,12202799.7971
2023-11-10 16:00:00,330.426,330.777,329.606,330.697,10573200.2258
2023-11-10 17:00:00,330.076,330.557,329.126,330.427,9052800.1785
2023-11-10 18:00:00,331.366,331.977,330.047,330.047,13084799.7665
2023-11-10 19:00:00,332.446,332.787,330.946,331.366,13167599.678
2023-11-12 14:00:00,368.666,369.517,366.066,368.427,9284399.9863
2023-11-12 15:00:00,369.757,370.537,368.036,368.837,11860799.7894
2023-11-12 16:00:00,368.476,370.246,367.807,369.737,10742400.1694
2023-11-12 17:00:00,368.987,369.066,368.026,368.467,8565600.3952
2023-11-12 18:00:00,369.396,370.137,368.916,368.996,8100000.3815
2023-11-12 19:00:00,369.746,370.367,369.246,369.396,8140800.4761
2023-11-12 20:00:00,371.297,371.587,369.667,369.766,9778800.0107
2023-12-01 14:00:00,234.596,237.237,233.546,235.517,10.435200869601005
2023-12-01 16:00:00,238.747,238.926,236.636,237.246,13.690801140903078
2023-12-01 18:00:00,239.616,239.886,237.586,239.267,10.234800852900875
2023-12-01 20:00:00,238.357,238.727,237.376,238.276,12.211201017602136
2023-12-04 13:00:00,283.356,285.977,281.916,284.667,12076199.5316
2023-12-04 14:00:00,283.266,286.046,283.226,283.337,22347000.1221
2023-12-04 15:00:00,285.046,285.227,283.006,283.227,17511299.1333
2023-12-04 16:00:00,285.916,286.017,284.916,285.056,12840299.6063
2023-12-04 17:00:00,286.357,286.986,285.346,285.927,12428999.9008
2023-12-04 18:00:00,284.726,286.796,284.216,286.336,18649799.3469
2023-12-04 19:00:00,283.417,285.017,282.966,284.736,18087299.3469
2023-12-05 13:00:00,308.197,310.426,307.576,310.236,6818400.0027
2023-12-05 14:00:00,308.046,308.556,306.956,308.176,12908700.0488
2023-12-05 15:00:00,308.527,308.777,307.196,308.046,12517199.993099997
2023-12-05 16:00:00,307.007,308.567,306.846,308.527,11442600.0117
2023-12-05 17:00:00,307.147,308.386,306.946,307.007,9988199.9864
2023-12-05 18:00:00,307.567,307.796,306.576,307.147,8625600.010299997
2023-12-05 19:00:00,308.947,309.147,307.396,307.576,11082600.0124
2023-12-06 13:00:00,326.826,328.977,326.516,328.237,7833600.0443
2023-12-06 14:00:00,325.976,327.407,325.146,326.796,17548200.6073
2023-12-06 15:00:00,328.047,328.137,325.517,325.966,11701800.3464
2023-12-06 16:00:00,327.626,328.056,327.196,328.056,9529199.6002
2023-12-06 17:00:00,329.717,329.757,327.546,327.617,8633700.3708
2023-12-06 18:00:00,330.636,330.737,329.146,329.707,9488699.913
2023-12-06 19:00:00,331.877,332.077,330.416,330.647,13398300.1709
2023-12-07 13:00:00,339.186,339.956,335.556,336.566,9994500.041099995
2023-12-07 14:00:00,339.697,341.636,338.826,339.186,18919800.162600003
2023-12-07 15:00:00,336.417,339.736,335.637,339.686,18537299.946199995
2023-12-07 16:00:00,337.546,338.106,336.306,336.406,15115500.002900004
2023-12-07 17:00:00,338.086,338.546,337.077,337.557,11147400.036200002
2023-12-07 18:00:00,337.676,338.677,337.256,338.087,11119500.0115
2023-12-07 19:00:00,337.376,338.157,336.836,337.666,13895100.0273
2023-12-09 13:00:00,335.796,336.697,335.056,335.657,6.461999999999295
2023-12-09 15:00:00,333.106,333.947,332.196,333.406,7.937999999998769
2023-12-09 17:00:00,332.326,334.137,332.296,333.266,7.706699999998851
2023-12-09 19:00:00,331.707,332.896,331.447,332.087,8.561699999998547
2023-12-10 13:00:00,331.817,332.106,329.546,330.607,11163599.968
2023-12-10 14:00:00,332.726,333.467,331.157,331.816,21184799.1943
2023-12-10 15:00:00,332.167,333.587,331.686,332.686,18697200.7751
2023-12-10 16:00:00,332.427,332.917,331.836,332.206,13284000.3967
2023-12-10 17:00:00,329.757,332.536,329.707,332.427,20643600.4639
2023-12-10 18:00:00,329.876,330.156,328.656,329.766,18753599.1669
2023-12-10 19:00:00,331.157,331.637,329.826,329.876,19192800.5219
2023-12-12 14:00:00,371.617,372.367,370.506,370.846,8390399.9329
2023-12-12 15:00:00,371.936,372.146,370.416,371.637,10315199.852
2023-12-12 16:00:00,371.986,373.137,371.606,371.946,7495200.1572
2023-12-12 17:00:00,372.287,372.397,371.196,371.997,8032799.7208
2023-12-12 18:00:00,372.506,372.907,372.076,372.286,6884399.8909
2023-12-12 19:00:00,372.547,372.727,372.187,372.516,6153600.2159
2023-12-12 20:00:00,374.307,374.346,372.506,372.566,7615200.0427
2024-01-02 14:00:00,405.877,406.207,401.746,401.907,7170000.0763
2024-01-02 15:00:00,403.666,407.936,403.286,405.926,11989199.6384
2024-01-02 16:00:00,403.737,404.407,402.556,403.617,9026399.6124
2024-01-02 17:00:00,403.896,405.077,402.607,403.777,7638000.0114
2024-01-02 18:00:00,403.636,404.656,402.966,403.927,7995600.2235
2024-01-02 19:00:00,404.577,405.087,403.636,403.636,6935999.8703
2024-01-02 20:00:00,403.716,404.766,402.906,404.596,8760000.2289
2024-01-03 14:00:00,412.176,414.927,410.797,411.107,6145199.7757
2024-01-03 15:00:00,412.187,413.097,411.656,412.266,10755599.9756
2024-01-03 16:00:00,412.706,413.447,411.936,412.207,8294400.2151
2024-01-03 17:00:00,414.086,414.117,412.426,412.726,6979199.8863
2024-01-03 18:00:00,415.046,415.217,413.847,414.087,5912399.7688
2024-01-03 19:00:00,415.257,415.716,414.456,415.047,7408800.1251
2024-01-03 20:00:00,415.286,415.846,414.606,415.246,9184800.148
2024-01-04 13:00:00,424.197,427.817,422.416,423.877,4380300.045
2024-01-04 14:00:00,424.016,426.027,423.706,424.156,6129899.9786
2024-01-04 15:00:00,423.166,424.797,422.586,424.006,4534200.1915
2024-01-04 16:00:00,423.187,424.587,423.066,423.187,3965399.9805
2024-01-04 17:00:00,422.636,423.577,422.206,423.206,3798000.0973
2024-01-04 18:00:00,423.056,423.227,422.386,422.637,3325500.0114
2024-01-04 19:00:00,424.446,425.047,422.856,423.056,5151599.884
2024-01-05 13:00:00,391.936,394.206,390.346,392.346,3559499.979
2024-01-05 14:00:00,394.596,395.197,391.266,391.936,7225200.1762
2024-01-05 15:00:00,393.136,395.557,393.136,394.557,5902200.222
2024-01-05 16:00:00,394.417,394.507,392.547,393.136,4722300.0526
2024-01-05 17:00:00,394.517,395.247,394.086,394.426,3621599.9126
2024-01-05 18:00:00,400.306,400.587,394.357,394.536,11501099.5865
2024-01-05 19:00:00,394.807,401.647,394.796,400.416,11859299.6597
2024-01-07 13:00:00,447.847,449.357,445.616,448.477,4844699.8596
2024-01-07 14:00:00,450.986,452.236,447.877,447.877,7962299.8238
2024-01-07 15:00:00,452.767,452.797,450.156,450.987,4842000.0076
2024-01-07 16:00:00,454.367,454.717,452.586,452.756,4026599.884
2024-01-07 17:00:00,453.677,454.617,452.916,454.366,3740400.0759
2024-01-07 18:00:00,453.797,454.327,452.536,453.696,3648600.1015
2024-01-07 19:00:00,456.476,457.307,453.356,453.796,5616000.1755
2024-01-08 13:00:00,426.937,427.227,418.107,420.577,5545199.8711
2024-01-08 14:00:00,423.666,427.357,422.486,426.947,8895600.3189
2024-01-08 15:00:00,417.586,423.967,416.616,423.686,8640000.3433
2024-01-08 16:00:00,417.586,421.007,417.217,417.597,8127599.7162
2024-01-08 17:00:00,415.677,418.237,413.086,417.586,7967999.9352
2024-01-08 18:00:00,414.707,416.006,413.576,415.677,8042400.3601
2024-01-08 19:00:00,416.936,418.056,414.226,414.666,10240799.9039
2024-01-10 13:00:00,422.287,428.267,421.156,428.267,5262000.0839
2024-01-10 14:00:00,421.396,422.856,420.346,422.277,9405599.5941
2024-01-10 15:00:00,421.386,422.166,418.796,421.417,7112400.0549
2024-01-10 16:00:00,421.226,422.337,419.526,421.367,7409999.8474
2024-01-10 17:00:00,422.887,422.927,419.746,421.207,7590000.1526
2024-01-10 18:00:00,423.027,423.666,422.646,422.856,5810400.0092
2024-01-10 19:00:00,420.636,423.057,420.267,423.047,7803599.8344
2024-01-11 13:00:00,410.377,411.626,407.406,408.686,4251599.7887
2024-01-11 14:00:00,413.327,413.356,409.546,410.377,6763199.8062
2024-01-11 15:00:00,414.037,415.447,413.266,413.317,5639999.8665
2024-01-11 16:00:00,413.656,414.897,413.077,413.996,5002799.9878
2024-01-11 17:00:00,412.657,414.517,412.116,413.656,5443200.1114
2024-01-11 18:00:00,412.097,413.037,411.346,412.616,5092800.1404
2024-01-11 19:00:00,410.186,412.827,409.816,412.096,7837200.1648
2024-02-01 14:00:00,367.667,375.867,366.776,373.707,9517200.47
2024-02-01 15:00:00,368.257,369.017,366.986,367.586,14113200.1877
2024-02-01 16:00:00,370.876,371.097,368.226,368.246,12537599.5636
2024-02-01 17:00:00,369.347,371.347,369.226,370.887,10343999.8627
2024-02-01 18:00:00,369.477,370.187,369.126,369.366,9453599.9298
2024-02-01 19:00:00,368.296,369.716,368.296,369.466,10624799.7284
2024-02-01 20:00:00,370.887,371.177,368.266,368.317,13677599.9069
2024-02-02 14:00:00,407.526,409.526,403.767,403.767,7762800.2167
2024-02-02 15:00:00,407.996,409.897,406.696,407.526,12421199.7986
2024-02-02 16:00:00,409.797,410.277,407.297,408.037,9596400.2609
2024-02-02 17:00:00,411.627,411.727,409.606,409.797,10590000.1526
2024-02-02 18:00:00,411.907,412.256,410.606,411.647,9796799.6597
2024-02-02 19:00:00,411.446,412.397,411.266,411.886,9106800.0793
2024-02-02 20:00:00,411.046,412.617,410.616,411.446,11677200.3174
2024-02-04 13:00:00,419.316,421.537,419.106,420.006,4424399.8528
2024-02-04 14:00:00,419.976,420.166,417.826,419.416,6195600.0328
2024-02-04 15:00:00,420.536,420.647,419.517,419.987,1024199.9626
2024-02-04 16:00:00,421.396,421.407,420.256,420.997,3401999.9504
2024-02-04 17:00:00,421.747,422.337,421.356,421.437,3357899.9043
2024-02-04 18:00:00,421.207,422.106,420.937,421.746,3207600.1167
2024-02-04 19:00:00,421.417,422.167,420.996,421.187,5881499.7673
2024-02-05 13:00:00,397.717,398.627,395.397,398.476,3466799.9744
2024-02-05 14:00:00,396.397,398.127,394.846,397.727,6792300.2243
2024-02-05 15:00:00,396.996,397.577,395.856,396.396,5551199.913
2024-02-05 16:00:00,395.367,397.207,394.596,397.037,5387400.1503
2024-02-05 17:00:00,396.436,397.327,395.367,395.376,4421700.0008
2024-02-05 18:00:00,398.417,398.626,396.326,396.426,4310100.0786
2024-02-05 19:00:00,397.836,398.677,397.087,398.467,6613200.1877
2024-02-07 13:00:00,455.676,456.736,453.206,453.606,4216499.8055
2024-02-07 14:00:00,456.946,457.887,455.416,455.757,6468299.8657
2024-02-07 15:00:00,455.566,457.027,455.536,456.976,4197599.8878
2024-02-07 16:00:00,456.447,456.497,454.827,455.547,2825999.9752
2024-02-07 17:00:00,458.806,459.137,456.366,456.447,2331000.0896
2024-02-07 18:00:00,458.677,459.067,458.006,458.776,2042999.9828
2024-02-07 19:00:00,459.287,459.506,458.406,458.657,3272399.9023
2024-02-08 13:00:00,407.396,414.827,406.156,412.826,4802400.1122
2024-02-08 14:00:00,406.006,408.327,404.396,407.587,9121199.6078
2024-02-08 15:00:00,406.757,407.967,404.646,406.067,8554800.0336
2024-02-08 16:00:00,405.396,408.576,404.946,406.756,8642399.7879
2024-02-08 17:00:00,405.897,406.696,404.976,405.416,7028399.9443
2024-02-08 18:00:00,405.537,407.817,404.646,405.886,6866399.765
2024-02-08 19:00:00,408.427,408.996,405.417,405.607,7980000.0191
2024-02-10 13:00:00,418.476,422.537,416.706,422.537,4331999.7787
2024-02-10 14:00:00,418.036,419.177,417.557,418.457,6835199.8329
2024-02-10 15:00:00,418.446,419.326,417.666,418.057,4270800.1137
2024-02-10 16:00:00,417.046,419.366,417.017,418.467,3634799.9573
2024-02-10 17:00:00,418.237,418.567,417.006,417.037,3205199.9569
2024-02-10 18:00:00,418.216,418.647,417.176,418.226,2628000.021
2024-02-10 19:00:00,417.117,418.937,417.006,418.246,4293600.0824
2024-02-12 14:00:00,426.037,426.526,421.386,421.536,3478800.0584
2024-02-12 15:00:00,431.136,432.667,425.946,426.036,5964000.2251
2024-02-12 16:00:00,431.296,431.807,429.697,431.107,3225600.0042
2024-02-12 17:00:00,430.997,431.747,430.546,431.267,2447999.9542
2024-02-12 18:00:00,431.267,431.306,430.227,430.937,2105999.9466
2024-02-12 19:00:00,431.237,431.796,430.996,431.307,2402400.0168
2024-02-12 20:00:00,430.726,431.817,430.657,431.237,3792000.0553
2024-03-01 14:00:00,372.027,373.246,368.506,369.006,10167599.678
2024-03-01 15:00:00,372.256,373.217,371.036,371.927,14500800.1328
2024-03-01 16:00:00,370.766,372.786,370.506,372.276,12008399.9634
2024-03-01 17:00:00,372.357,372.417,370.716,370.777,10161600.1129
2024-03-01 18:00:00,371.467,372.627,370.996,372.337,9049200.058
2024-03-01 19:00:00,371.666,372.256,370.357,371.437,15019200.325
2024-03-01 20:00:00,370.587,371.836,369.806,371.697,15278400.4211
2024-03-04 13:00:00,419.886,420.167,419.006,419.927,3105900.0492
2024-03-04 14:00:00,422.967,422.997,419.847,419.896,5873400.2113
2024-03-04 15:00:00,422.467,423.246,422.286,422.976,3858299.9706
2024-03-04 16:00:00,422.176,422.817,421.236,422.466,4900499.8207
2024-03-04 17:00:00,422.456,422.627,421.836,422.177,3624300.0031
2024-03-04 18:00:00,421.966,422.956,421.846,422.447,3484800.1003
2024-03-04 19:00:00,420.487,422.086,419.756,421.967,7918200.016
2024-03-05 13:00:00,405.377,406.057,401.806,402.316,4212900.1617
2024-03-05 14:00:00,405.396,406.527,403.716,405.607,8545499.8016
2024-03-05 15:00:00,406.006,406.626,404.716,405.397,6110099.7925
2024-03-05 16:00:00,405.797,406.557,405.526,406.047,4407299.9954
2024-03-05 17:00:00,405.957,406.267,405.466,405.806,3495599.9851
2024-03-05 18:00:00,406.166,406.527,405.896,405.946,3437099.9336
2024-03-05 19:00:00,406.597,407.027,405.996,406.166,5660099.9832
2024-03-06 13:00:00,413.107,416.347,412.946,415.537,4702499.8665
2024-03-06 14:00:00,412.547,415.006,412.196,413.106,7476299.7627
2024-03-06 15:00:00,412.067,412.857,411.226,412.547,5389200.2106
2024-03-06 16:00:00,409.897,412.377,408.896,412.067,6909299.8505
2024-03-06 17:00:00,411.907,412.357,409.197,409.897,4882500.1717
2024-03-06 18:00:00,410.946,412.176,410.606,411.897,5264999.8665
2024-03-06 19:00:00,413.646,413.646,410.826,410.927,5570099.8306
2024-03-07 13:00:00,458.997,460.387,457.806,458.177,2703599.9298
2024-03-07 14:00:00,458.656,459.447,457.936,458.997,3916800.0221
2024-03-07 15:00:00,459.306,460.707,458.487,458.757,3310199.976
2024-03-07 16:00:00,459.997,460.997,459.116,459.316,3635099.8878
2024-03-09 13:00:00,418.097,419.797,415.246,417.876,3956399.9176
2024-03-09 14:00:00,413.427,418.376,413.036,418.017,6094799.9954
2024-03-09 15:00:00,411.577,414.106,411.506,413.426,4741199.9702
2024-03-09 16:00:00,411.176,413.177,410.847,411.507,4440000.0572
2024-03-09 17:00:00,410.937,412.007,410.816,411.187,4127999.7826
2024-03-09 18:00:00,410.006,411.056,408.857,410.946,5206799.984
2024-03-09 19:00:00,409.386,410.546,407.016,410.007,8255999.5651
2024-03-10 13:00:00,418.136,418.306,415.717,417.727,3525599.9565
2024-03-10 14:00:00,416.186,419.476,415.857,418.137,7147200.1076
2024-03-10 15:00:00,417.747,417.967,416.076,416.236,4440000.0572
2024-03-10 16:00:00,415.046,417.917,414.566,417.746,3904799.9382
2024-03-10 17:00:00,416.457,416.457,414.266,415.026,4801199.913
2024-03-10 18:00:00,415.836,417.006,415.686,416.456,2432399.9882
2024-03-10 19:00:00,416.367,417.017,414.997,415.777,4960800.1709
2024-03-12 14:00:00,431.306,431.306,428.717,429.587,2874000.0725
2024-03-12 15:00:00,430.686,432.386,429.446,431.197,3447599.8878
2024-03-12 16:00:00,430.527,431.887,430.106,430.686,2513999.939
2024-03-12 17:00:00,430.316,430.826,429.576,430.546,1801200.0322
2024-03-12 18:00:00,430.037,430.617,429.546,430.306,1634400.0101
2024-03-12 19:00:00,430.117,430.416,428.256,430.047,1922399.9977
2024-03-12 20:00:00,431.066,431.387,430.026,430.157,3144000.0534
2024-04-01 14:00:00,371.466,372.597,370.456,370.686,7157999.9924
2024-04-01 15:00:00,371.727,372.437,371.006,371.477,12433199.8825
2024-04-01 16:00:00,370.997,373.076,370.987,371.757,10731599.8077
2024-04-01 17:00:00,370.316,371.387,369.926,370.997,10436400.4135
2024-04-01 18:00:00,370.237,370.726,370.116,370.316,8625599.8611
2024-04-01 19:00:00,369.246,370.727,369.107,370.246,8989199.6384
2024-04-01 20:00:00,367.916,369.306,367.116,369.266,11892000.1984
2024-04-03 14:00:00,416.027,416.216,412.286,413.597,5757599.8306
2024-04-03 15:00:00,415.876,417.286,414.256,416.026,10414799.6902
2024-04-03 16:00:00,416.007,416.116,414.866,415.886,10107600.2121
2024-04-03 17:00:00,415.916,416.526,415.636,416.037,7782000.0648
2024-04-03 18:00:00,415.596,416.036,414.866,415.917,7618800.1633
2024-04-03 19:00:00,415.107,415.637,414.576,415.606,7750800.1328
2024-04-03 20:00:00,414.856,415.776,414.546,415.126,11093999.8627
2024-04-04 13:00:00,426.427,427.516,423.246,425.237,3779099.9413
2024-04-04 14:00:00,425.746,426.866,425.126,426.427,4248899.9367
2024-04-04 15:00:00,427.016,427.037,425.837,425.847,3391200.0656
2024-04-04 16:00:00,428.096,428.637,426.947,427.037,3141000.0324
2024-04-04 17:00:00,426.736,428.087,426.496,428.087,3384000.0629
2024-04-04 18:00:00,421.407,426.736,421.006,426.736,10723500.2518
2024-04-04 19:00:00,417.816,421.747,417.546,421.347,12146400.4517
2024-04-06 13:00:00,411.306,412.466,409.596,412.396,3414599.8955
2024-04-06 14:00:00,412.196,413.386,410.936,411.307,7347599.9832
2024-04-06 15:00:00,412.147,413.006,411.456,412.236,4558499.8131
2024-04-06 16:00:00,412.857,413.357,411.976,412.156,4264200.2106
2024-04-06 17:00:00,413.407,413.796,412.206,412.857,4467599.8688
2024-04-06 18:00:00,414.486,415.336,412.897,413.386,5280300.1404
2024-04-06 19:00:00,415.966,416.417,412.886,414.466,7532100.2007
2024-04-09 13:00:00,406.836,407.786,404.316,405.756,3531599.9985
2024-04-09 14:00:00,410.506,410.567,404.556,406.797,6690000.0572
2024-04-09 15:00:00,409.436,411.217,408.616,410.507,3681600.0938
2024-04-09 16:00:00,409.317,410.636,408.607,409.436,3909600.0195
2024-04-09 17:00:00,408.716,409.296,407.936,409.286,3560400.0092
2024-04-09 18:00:00,408.877,409.637,408.406,408.727,3618000.0305
2024-04-09 19:00:00,408.877,410.837,408.317,408.916,5608799.9344
2024-04-10 13:00:00,416.096,419.687,416.087,418.156,3130800.0088
2024-04-10 14:00:00,417.406,417.586,415.006,416.186,6702000.1411
2024-04-10 15:00:00,417.787,418.116,415.816,417.417,5551199.913
2024-04-10 16:00:00,418.407,418.937,416.686,417.797,4231200.2182
2024-04-10 17:00:00,417.386,418.666,416.816,418.386,4000800.1328
2024-04-10 18:00:00,418.096,418.117,416.776,417.437,3486000.061
2024-04-10 19:00:00,415.997,418.147,415.996,418.097,5763599.8726
2024-04-11 14:00:00,409.017,410.167,405.516,409.776,3633599.9966
2024-04-11 15:00:00,409.637,410.377,408.526,409.027,5159999.8474
2024-04-11 16:00:00,406.597,409.796,406.096,409.637,4845600.1282
2024-04-11 17:00:00,407.096,407.446,405.876,406.607,4294799.8047
2024-04-11 18:00:00,407.726,408.146,406.536,407.097,4161600.1129
2024-04-11 19:00:00,408.116,408.357,407.726,407.737,2838000.0591
2024-04-11 20:00:00,408.407,408.807,406.896,408.107,5715600.0137
2024-04-12 14:00:00,437.947,439.487,432.627,432.637,4048799.9916
2024-04-12 15:00:00,438.956,438.987,436.026,437.886,5667600.1549
2024-04-12 16:00:00,436.926,439.597,436.396,438.897,3439199.9245
2024-04-12 17:00:00,437.016,437.667,436.247,436.926,2521199.9416
2024-04-12 18:00:00,437.017,437.596,436.036,436.996,2298000.0973
2024-04-12 19:00:00,438.126,438.227,436.516,436.976,2710799.9325
2024-04-12 20:00:00,437.217,438.577,436.826,438.066,4036799.9077
2024-05-01 14:00:00,369.587,370.506,368.747,369.126,7530000.2098
2024-05-01 15:00:00,371.666,371.717,369.497,369.617,12561599.7314
2024-05-01 16:00:00,370.717,372.027,370.196,371.647,9767999.649
2024-05-01 17:00:00,368.916,370.706,368.786,370.706,10644000.0534
2024-05-01 18:00:00,368.377,369.106,367.986,368.917,10609199.5239
2024-05-01 19:00:00,367.177,368.807,366.936,368.317,10435199.7375
2024-05-01 20:00:00,367.617,367.966,366.487,367.146,11465999.6033
2024-05-02 14:00:00,408.267,411.067,407.296,409.837,6869999.8856
2024-05-02 15:00:00,404.556,408.447,404.196,408.257,13453200.3403
2024-05-02 16:00:00,406.207,406.476,403.996,404.566,9345600.1282
2024-05-02 17:00:00,405.816,406.777,405.567,406.216,8293199.5392
2024-05-02 18:00:00,405.156,406.066,404.796,405.816,7924799.9191
2024-05-02 19:00:00,405.696,406.027,404.796,405.156,7900800.2281
2024-05-02 20:00:00,405.317,406.226,404.596,405.696,10536000.2518
2024-05-03 14:00:00,406.967,414.146,406.256,413.546,8298000.3357
2024-05-03 15:00:00,403.416,407.377,402.106,406.966,14464799.881
2024-05-03 16:00:00,404.116,405.166,402.877,403.417,10679189.682
2024-05-03 17:00:00,403.356,404.687,403.316,404.116,9753600.1205
2024-05-03 18:00:00,401.506,403.446,401.226,403.357,10983599.6628
2024-05-03 19:00:00,401.296,402.576,400.626,401.526,11347200.3937
2024-05-03 20:00:00,402.657,402.797,400.606,401.307,14031599.9985
2024-05-04 13:00:00,422.187,422.496,418.316,420.146,4657499.7902
2024-05-04 14:00:00,423.996,424.016,420.866,422.246,7227000.2365
2024-05-04 15:00:00,425.617,426.277,422.856,424.007,6830100.0595
2024-05-04 16:00:00,426.247,426.297,424.996,425.616,5085000.0381
2024-05-04 17:00:00,424.117,426.466,423.766,426.246,5280300.1404
2024-05-04 18:00:00,424.296,425.486,423.326,424.047,8407799.7208
2024-05-04 19:00:00,425.236,426.437,424.066,424.297,6766200.0656
2024-05-06 13:00:00,418.227,418.626,416.286,417.817,3932100.0576
2024-05-06 14:00:00,419.616,419.887,416.697,418.236,6827400.2075
2024-05-06 15:00:00,420.617,421.067,419.547,419.627,4086900.2342
2024-05-06 16:00:00,422.347,422.726,420.207,420.596,3131099.9393
2024-05-06 17:00:00,422.887,423.317,422.146,422.347,3733200.0732
2024-05-06 18:00:00,423.466,423.587,422.346,422.907,3321000.0992
2024-05-06 19:00:00,424.037,424.037,422.116,423.466,5757299.9001
2024-05-07 13:00:00,465.846,465.977,458.946,459.567,2720700.0256
2024-05-07 14:00:00,464.616,466.997,464.547,465.897,4717800.1404
2024-05-07 15:00:00,466.396,466.727,464.156,464.646,3260699.9874
2024-05-07 16:00:00,466.416,466.977,466.166,466.457,2521800.0412
2024-05-07 17:00:00,466.996,468.307,466.386,466.417,2645100.1167
2024-05-07 18:00:00,467.116,467.466,466.717,466.996,2173500.061
2024-05-07 19:00:00,467.207,467.957,466.946,467.116,3396600.008
2024-05-08 13:00:00,393.526,396.966,386.006,388.517,6538799.7627
2024-05-08 14:00:00,396.457,399.397,392.757,393.327,12118800.1633
2024-05-08 15:00:00,398.717,400.657,394.896,396.397,10289999.9619
2024-05-08 16:00:00,396.946,400.977,396.346,398.717,9789600.3723
2024-05-08 17:00:00,396.486,398.617,396.296,396.927,10370400.4288
2024-05-08 18:00:00,393.717,396.656,393.046,396.487,10150799.7513
2024-05-08 19:00:00,395.257,396.026,393.236,393.776,12115200.0427
2024-05-09 13:00:00,411.296,413.016,407.676,408.197,3543600.0824
2024-05-09 14:00:00,409.397,413.066,409.286,411.346,6398399.8299
2024-05-09 15:00:00,406.976,409.997,406.796,409.436,5020800.1137
2024-05-09 16:00:00,406.976,407.637,406.106,406.947,4724400.0435
2024-05-09 17:00:00,409.137,409.137,406.206,406.976,4846799.8505
2024-05-09 18:00:00,407.806,409.386,407.706,409.146,4622399.807
2024-05-09 19:00:00,408.327,408.607,406.336,407.767,6397200.1076
2024-05-11 14:00:00,412.817,412.817,408.077,408.226,2865600.1091
2024-05-11 15:00:00,411.716,413.486,411.496,412.796,4970399.8566
2024-05-11 16:00:00,414.406,414.517,411.326,411.727,4642799.8543
2024-05-11 17:00:00,413.337,414.866,413.156,414.406,3420000.0763
2024-05-11 18:00:00,411.667,413.717,411.096,413.307,3985199.9283
2024-05-11 19:00:00,411.246,412.327,410.946,411.677,3779999.9714
2024-05-11 20:00:00,410.786,412.317,410.786,411.247,4444799.9001
2024-05-12 14:00:00,437.127,439.877,436.256,438.106,2950799.942
2024-05-12 15:00:00,438.626,439.157,436.146,437.197,4861199.8558
2024-05-12 16:00:00,441.337,441.507,438.236,438.637,3741600.0366
2024-05-12 17:00:00,443.927,444.046,441.196,441.336,3856800.0793
2024-05-12 18:00:00,442.787,444.607,442.696,443.906,4294799.8047
2024-05-12 19:00:00,442.997,443.497,442.337,442.796,3225600.0042
2024-05-12 20:00:00,442.627,443.707,441.986,442.986,5854800.2243
2024-06-02 14:00:00,405.026,407.897,405.017,405.866,6382800.1022
2024-06-02 15:00:00,404.696,405.297,403.517,404.947,10803600.3113
2024-06-02 16:00:00,403.906,405.126,403.897,404.697,8259599.6857
2024-06-02 17:00:00,403.556,404.447,403.546,403.916,8077199.9359
2024-06-02 18:00:00,404.766,404.786,403.546,403.556,7690800.19
2024-06-02 19:00:00,403.777,404.806,402.896,404.746,8302800.1785
2024-06-02 20:00:00,405.477,405.576,403.696,403.777,8786399.8413
2024-06-03 14:00:00,401.386,404.357,401.107,402.916,6872399.807
2024-06-03 15:00:00,402.296,402.856,398.386,401.316,12919199.9435
2024-06-03 16:00:00,404.556,404.856,401.886,402.377,9885600.09
2024-06-03 17:00:00,403.797,405.136,403.556,404.567,9211199.7604
2024-06-03 18:00:00,403.036,404.487,401.956,403.796,12283200.264
2024-06-03 19:00:00,401.476,403.167,401.066,403.036,16168800.354
2024-06-03 20:00:00,401.996,402.777,400.386,401.476,16040399.5514
2024-06-05 13:00:00,407.326,409.357,406.256,408.637,2908799.8867
2024-06-05 14:00:00,409.107,409.287,406.496,407.326,4389299.8695
2024-06-05 15:00:00,409.887,410.156,408.787,409.127,3809700.0122
2024-06-05 16:00:00,410.386,410.777,409.327,409.896,3178800.106
2024-06-05 17:00:00,411.487,411.657,409.616,410.406,3388499.9752
2024-06-05 18:00:00,412.396,412.536,411.386,411.517,3081599.9508
2024-06-05 19:00:00,413.567,413.897,411.786,412.397,5006700.0389
2024-06-06 13:00:00,423.297,425.187,422.626,423.897,3908699.9893
2024-06-06 14:00:00,422.787,424.067,422.566,423.286,5499000.0725
2024-06-06 15:00:00,421.597,423.126,420.557,422.786,4087800.0259
2024-06-06 16:00:00,423.397,423.397,421.556,421.556,4938300.1328
2024-06-06 17:00:00,423.126,423.506,422.766,423.347,3878099.9184
2024-06-06 18:00:00,423.306,423.567,421.996,423.127,5758200.1686
2024-06-06 19:00:00,424.396,424.667,423.006,423.287,5647500.0381
2024-06-08 13:00:00,400.397,402.457,398.587,399.986,6070799.8276
2024-06-08 14:00:00,403.876,404.547,399.567,400.397,11077199.9359
2024-06-08 15:00:00,404.696,404.907,401.036,403.756,9845999.7177
2024-06-08 16:00:00,404.787,405.607,403.146,404.706,7774799.8238
2024-06-08 17:00:00,403.607,405.167,403.156,404.807,6096000.1945
2024-06-08 18:00:00,402.447,404.747,402.406,403.636,5701200.0084
2024-06-08 19:00:00,399.406,402.797,399.086,402.446,12812399.8642
2024-06-09 13:00:00,407.486,410.507,407.046,409.507,5211599.8268
2024-06-09 14:00:00,402.657,408.287,401.946,407.486,9815999.9847
2024-06-09 15:00:00,401.697,405.136,401.697,402.647,9391200.0656
2024-06-09 16:00:00,402.417,402.997,401.447,401.697,5788799.7627
2024-06-09 17:00:00,401.646,403.837,401.066,402.437,4903200.1495
2024-06-09 18:00:00,401.337,401.777,400.766,401.616,4277999.8779
2024-06-09 19:00:00,401.746,402.637,400.947,401.346,6621600.1511
2024-06-11 14:00:00,417.447,417.836,410.506,412.856,6963600.1587
2024-06-11 15:00:00,416.236,420.327,416.067,417.486,9682800.293
2024-06-11 16:00:00,416.106,417.447,415.246,416.206,6561600.2083
2024-06-11 17:00:00,416.066,416.837,414.776,416.076,4814400.1961
2024-06-11 18:00:00,418.257,418.676,416.016,416.077,3971999.8837
2024-06-11 19:00:00,419.547,419.627,417.926,418.296,4078800.2014
2024-06-11 20:00:00,419.986,420.337,419.026,419.466,6499199.8672
2024-06-12 14:00:00,445.307,445.997,442.007,442.156,2824800.0145
2024-06-12 15:00:00,443.296,445.556,442.796,445.306,3878400.0874
2024-06-12 16:00:00,442.736,444.586,442.616,443.306,2789999.9619
2024-06-12 17:00:00,442.367,443.587,441.787,442.747,2604000.0916
2024-06-12 18:00:00,443.507,443.797,442.197,442.367,2223599.9107
2024-06-12 19:00:00,443.727,444.046,442.876,443.527,1518000.0067
2024-06-12 20:00:00,443.657,444.737,443.196,443.727,3460799.9325
2024-07-02 14:00:00,409.087,409.907,407.337,407.337,6758399.9634
2024-07-02 15:00:00,411.187,412.407,409.036,409.036,11230799.675
2024-07-02 16:00:00,411.696,411.986,410.696,411.237,9991200.4471
2024-07-02 17:00:00,411.967,412.377,411.116,411.707,7961999.8932
2024-07-02 18:00:00,413.046,413.146,411.367,411.967,8384400.3677
2024-07-02 19:00:00,412.897,413.086,412.396,413.026,7540800.0946
2024-07-02 20:00:00,414.027,414.277,412.576,412.837,9256799.6979
2024-07-03 14:00:00,404.237,406.487,402.226,406.347,7105199.8138
2024-07-03 15:00:00,407.507,408.196,403.866,404.236,10790399.5514
2024-07-03 16:00:00,407.977,408.567,406.827,407.507,8450400.3525
2024-07-03 17:00:00,408.127,408.787,407.736,407.976,7474800.1099
2024-07-03 18:00:00,409.206,409.757,407.656,408.126,7205999.8512
2024-07-03 19:00:00,408.496,409.597,408.317,409.206,7214399.8146
2024-07-03 20:00:00,409.007,409.357,407.577,408.476,11538000.1068
2024-07-05 13:00:00,412.217,414.457,411.496,414.057,3224699.9741
2024-07-05 14:00:00,412.636,413.627,411.676,412.217,4389299.8695
2024-07-05 15:00:00,412.706,413.127,412.106,412.636,3305700.0637
2024-07-05 16:00:00,411.847,412.877,411.416,412.706,2936700.1057
2024-07-05 17:00:00,410.997,412.417,410.776,411.836,3215699.9111
2024-07-05 18:00:00,410.406,411.727,410.266,411.006,4181399.8222
2024-07-05 19:00:00,409.116,410.567,409.036,410.407,4887000.0839
2024-07-06 13:00:00,424.996,425.986,423.746,425.436,4043700.2182
2024-07-06 14:00:00,425.027,425.866,423.706,424.997,5096700.1915
2024-07-06 15:00:00,425.176,425.517,423.576,425.026,4278600.2159
2024-07-06 16:00:00,425.937,426.107,424.496,425.177,3338999.9866
2024-07-06 17:00:00,425.796,426.246,425.346,425.937,3667500.0191
2024-07-06 18:00:00,424.817,425.797,423.696,425.776,5507100.1053
2024-07-06 19:00:00,423.827,425.006,422.996,424.826,6902999.8779
2024-07-08 13:00:00,408.847,409.086,406.837,408.676,5176799.7742
2024-07-08 14:00:00,408.376,410.007,407.356,408.896,9887999.5346
2024-07-08 15:00:00,405.666,408.607,404.546,408.376,8485199.9283
2024-07-08 16:00:00,401.787,405.697,401.256,405.667,8224800.1099
2024-07-08 17:00:00,400.307,402.397,399.837,401.787,9347999.5728
2024-07-08 18:00:00,398.806,400.587,398.226,400.286,11017200.47
2024-07-08 19:00:00,398.327,400.997,397.206,398.806,11653200.1495
2024-07-10 13:00:00,414.586,417.037,414.167,415.927,3712800.0259
2024-07-10 14:00:00,415.647,416.316,414.636,414.646,4196400.1656
2024-07-10 15:00:00,415.017,415.847,414.676,415.627,3650399.9233
2024-07-10 16:00:00,413.217,415.007,413.066,415.007,3484800.1003
2024-07-10 17:00:00,413.246,414.007,412.646,413.227,3321599.9603
2024-07-10 18:00:00,409.366,413.327,409.166,413.226,5335199.8329
2024-07-10 19:00:00,409.177,410.507,408.996,409.346,6859200.0008
2024-07-11 14:00:00,421.837,422.367,419.866,420.846,3189599.9908
2024-07-11 15:00:00,423.646,424.407,421.567,421.846,5097599.9832
2024-07-11 16:00:00,425.527,426.387,423.616,423.687,4051199.913
2024-07-11 17:00:00,424.316,425.537,423.746,425.476,2757600.069
2024-07-11 18:00:00,424.447,424.847,423.776,424.317,2593199.9683
2024-07-11 19:00:00,426.267,426.287,424.107,424.447,4464000.2251
2024-07-11 20:00:00,425.066,426.817,424.596,426.187,6103199.9588
2024-08-01 14:00:00,370.537,370.946,368.996,369.397,6602399.826
2024-08-01 15:00:00,370.246,370.906,369.726,370.536,8702400.2075
2024-08-01 16:00:00,371.187,371.376,369.936,370.236,7969200.1343
2024-08-01 17:00:00,371.826,372.017,370.686,371.177,7903200.1495
2024-08-01 18:00:00,372.446,372.447,371.566,371.826,5552400.1122
2024-08-01 19:00:00,374.516,374.756,372.126,372.447,7000800.1328
2024-08-01 20:00:00,374.387,375.196,373.996,374.527,10087200.1648
2024-08-02 14:00:00,413.897,415.537,413.316,414.126,5570400.238
2024-08-02 15:00:00,414.537,414.876,413.086,414.027,7957200.0504
2024-08-02 16:00:00,413.356,414.536,412.586,414.536,6331200.1228
2024-08-02 17:00:00,413.267,413.437,412.746,413.356,6237599.8497
2024-08-02 18:00:00,413.546,414.127,413.116,413.287,7177199.8405
2024-08-02 19:00:00,413.417,413.627,412.516,413.557,7039199.8291
2024-08-02 20:00:00,414.147,414.186,413.236,413.386,8425200.4623
2024-08-03 14:00:00,409.007,409.136,406.606,407.787,7843200.2068
2024-08-03 15:00:00,408.816,410.407,408.347,409.006,12884400.3677
2024-08-03 16:00:00,407.266,408.876,406.516,408.787,14281200.4089
2024-08-03 17:00:00,404.987,408.276,404.506,407.256,13846799.8505
2024-08-03 18:00:00,405.186,406.337,404.296,404.966,12115200.0427
2024-08-03 19:00:00,407.047,407.367,405.026,405.217,11203200.3403
2024-08-03 20:00:00,406.057,407.697,405.377,407.026,14073599.8154
2024-08-04 13:00:00,425.587,425.847,423.237,424.897,3505500.0782
2024-08-04 14:00:00,426.326,427.246,424.916,425.587,5640299.7971
2024-08-04 15:00:00,424.737,426.487,424.146,426.326,4753799.9153
2024-08-04 16:00:00,424.916,424.916,423.316,424.716,4304699.8978
2024-08-04 17:00:00,424.326,424.937,423.606,424.926,3385799.8848
2024-08-04 18:00:00,425.477,425.527,423.996,424.357,3430799.9611
2024-08-04 19:00:00,424.627,426.187,424.446,425.527,4880700.1114
2024-08-05 13:00:00,408.307,409.037,406.686,407.716,2656800.0317
2024-08-05 14:00:00,411.667,411.996,408.206,408.346,4211100.1015
2024-08-05 15:00:00,411.577,412.197,411.116,411.666,3698100.09
2024-08-05 16:00:00,411.096,412.077,410.757,411.566,2783699.9893
2024-08-05 17:00:00,411.807,411.866,410.496,411.107,2897099.9718
2024-08-05 18:00:00,411.236,411.947,410.896,411.806,2457900.0473
2024-08-05 19:00:00,410.426,411.177,409.856,411.176,3645900.0111
2024-08-07 13:00:00,466.447,467.647,464.797,466.496,2479500.0553
2024-08-07 14:00:00,465.507,466.607,464.457,466.567,4164299.9649
2024-08-07 15:00:00,466.297,466.827,465.076,465.487,2990700.0065
2024-08-07 16:00:00,465.507,466.377,465.156,466.307,2521800.0412
2024-08-07 17:00:00,465.276,465.677,464.846,465.506,2006099.9393
2024-08-07 18:00:00,465.557,465.937,464.946,465.147,1925099.9689
2024-08-07 19:00:00,466.146,466.487,464.746,465.586,3526200.0561
2024-08-08 13:00:00,402.576,402.907,399.876,402.377,3637200.1171
2024-08-08 14:00:00,404.337,405.817,401.987,402.607,8652000.4272
2024-08-08 15:00:00,403.486,404.347,402.077,404.337,6873600.0061
2024-08-08 16:00:00,402.537,404.686,401.116,403.506,5776800.1556
2024-08-08 17:00:00,404.446,404.477,401.326,402.536,5217599.8688
2024-08-08 18:00:00,402.576,405.527,402.246,404.396,5847599.9832
2024-08-08 19:00:00,402.796,403.276,400.196,402.506,9650400.1617
2024-08-10 13:00:00,413.246,413.947,408.117,410.627,4483200.0732
2024-08-10 14:00:00,413.637,414.767,412.146,413.247,5762400.1503
2024-08-10 15:00:00,414.466,414.606,412.906,413.626,3500400.0664
2024-08-10 16:00:00,413.566,414.677,413.236,414.426,2787600.0404
2024-08-10 17:00:00,412.956,413.656,412.206,413.506,3094799.9954
2024-08-10 18:00:00,413.957,414.066,412.896,412.977,2080800.0565
2024-08-10 19:00:00,414.686,415.626,413.746,413.947,4707600.1167
2024-08-11 14:00:00,426.086,426.376,424.326,425.217,2868000.0305
2024-08-11 15:00:00,423.817,426.427,423.096,426.086,5122799.8734
2024-08-11 16:00:00,423.806,424.336,423.046,423.827,3884399.8909
2024-08-11 17:00:00,422.277,423.807,422.126,423.807,3045599.9374
2024-08-11 18:00:00,423.397,423.556,421.856,422.257,3106800.0793
2024-08-11 19:00:00,423.006,424.056,422.996,423.397,2674799.9191
2024-08-11 20:00:00,422.447,423.437,421.776,423.017,5402400.0168
2024-09-01 14:00:00,371.887,373.156,371.376,372.006,6459599.9718
2024-09-01 15:00:00,373.556,374.487,371.186,371.887,10170000.0763
2024-09-01 16:00:00,375.656,375.687,373.407,373.566,8134799.9573
2024-09-01 17:00:00,375.577,375.736,375.007,375.657,8240400.3143
2024-09-01 18:00:00,375.186,375.977,374.306,375.577,8991600.0366
2024-09-01 19:00:00,375.276,375.597,374.816,375.186,8905200.0046
2024-09-01 20:00:00,375.717,375.776,374.276,375.276,12352800.3693
2024-09-02 14:00:00,417.317,417.397,415.256,415.676,5588399.8871
2024-09-02 15:00:00,418.857,419.486,416.807,417.346,9583200.4547
2024-09-02 16:00:00,419.496,420.347,418.596,418.856,7346399.7841
2024-09-02 17:00:00,419.737,419.987,418.876,419.497,5412000.1793
2024-09-02 18:00:00,419.486,419.827,419.237,419.747,5125199.7948
2024-09-02 19:00:00,420.136,420.376,419.446,419.496,5164800.1671
2024-09-02 20:00:00,420.356,420.697,419.776,420.146,7590000.1526
2024-09-04 13:00:00,426.016,427.677,424.496,426.357,3262500.0477
2024-09-04 14:00:00,422.977,426.696,421.596,425.886,8801099.7772
2024-09-04 15:00:00,423.776,424.126,422.646,422.876,6637499.8093
2024-09-04 16:00:00,423.656,424.647,423.326,423.756,5913899.8985
2024-09-04 17:00:00,423.717,424.756,423.416,423.667,6317100.0481
2024-09-04 18:00:00,423.046,424.436,422.976,423.716,6074999.8093
2024-09-04 19:00:00,426.217,426.407,422.436,423.036,8955900.1923
2024-09-05 13:00:00,410.326,411.226,409.096,410.466,3086999.8932
2024-09-05 14:00:00,412.116,412.196,409.507,410.327,4916699.8863
2024-09-05 15:00:00,411.186,412.687,411.076,412.117,4585499.7635
2024-09-05 16:00:00,411.476,411.627,410.676,411.186,2816099.8821
2024-09-05 17:00:00,411.647,412.097,411.126,411.516,3851999.9981
2024-09-05 18:00:00,412.326,412.467,411.256,411.646,3484800.1003
2024-09-05 19:00:00,412.277,412.576,411.766,412.326,4992300.0336
2024-09-07 13:00:00,464.606,466.997,463.796,466.987,3206700.0866
2024-09-07 14:00:00,463.496,464.837,463.396,464.597,3799799.9191
2024-09-07 15:00:00,461.706,464.017,461.436,463.527,2934900.0454
2024-09-07 16:00:00,459.986,462.107,459.276,461.716,2898900.032
2024-09-07 17:00:00,460.257,460.366,459.316,459.996,2987999.9161
2024-09-07 18:00:00,459.337,460.427,458.896,460.256,2467799.902
2024-09-07 19:00:00,459.396,460.007,457.996,459.386,3983400.1064
2024-09-08 13:00:00,403.326,405.936,403.296,403.966,5188799.8581
2024-09-08 14:00:00,405.046,405.917,402.176,403.426,9932399.7498
2024-09-08 15:00:00,404.037,406.106,403.846,405.046,6611999.9886
2024-09-08 16:00:00,404.936,405.097,403.396,404.037,4365600.1091
2024-09-08 17:00:00,406.576,407.956,404.617,404.857,5320799.8276
2024-09-08 18:00:00,406.617,407.026,405.867,406.586,5926799.7742
2024-09-08 19:00:00,405.957,407.137,405.666,406.626,6928800.106
2024-09-09 13:00:00,406.697,408.507,405.676,407.247,3806400.0607
2024-09-09 14:00:00,402.287,406.717,402.257,406.706,6166800.0221
2024-09-09 15:00:00,404.567,404.567,402.136,402.316,4195199.9664
2024-09-09 16:00:00,404.856,405.917,404.347,404.567,2612400.0549
2024-09-09 17:00:00,404.087,405.537,403.926,404.886,3567600.0118
2024-09-09 18:00:00,403.406,404.116,402.976,404.026,4129199.9817
2024-09-09 19:00:00,405.677,405.807,402.796,403.407,5093999.8627
2024-09-10 13:00:00,415.417,416.697,414.316,415.926,3334800.005
2024-09-10 14:00:00,418.136,418.137,415.396,415.437,4914000.0343
2024-09-10 15:00:00,419.756,420.317,418.056,418.097,4209599.9718
2024-09-10 16:00:00,417.886,419.817,417.756,419.767,3519599.9146
2024-09-10 17:00:00,417.286,418.507,416.526,417.897,3265199.8997
2024-09-10 18:00:00,417.327,417.957,416.866,417.326,3355200.0523
2024-09-10 19:00:00,417.366,418.167,416.796,417.336,5070000.1717
2024-09-12 14:00:00,442.256,444.906,440.396,442.567,2498399.9729
2024-09-12 15:00:00,445.057,446.727,441.696,442.246,4696800.2319
2024-09-12 16:00:00,446.697,448.247,444.876,445.007,4383600.235
2024-09-12 17:00:00,446.256,447.517,446.086,446.597,2775599.9565
2024-09-12 18:00:00,446.557,447.157,445.716,446.266,2140799.9992
2024-09-12 19:00:00,446.077,446.536,445.016,446.536,2477999.9256
2024-09-12 20:00:00,446.126,446.457,444.826,446.017,4965600.0137
2024-10-01 14:00:00,379.857,380.416,376.377,376.397,7592400.074
2024-10-01 15:00:00,381.436,382.247,379.066,379.896,10466400.1465
2024-10-01 16:00:00,381.056,381.846,380.446,381.446,8402400.0168
2024-10-01 17:00:00,382.377,382.427,380.746,381.056,6448800.087
2024-10-01 18:00:00,382.506,382.796,381.587,382.386,7717199.8024
2024-10-01 19:00:00,384.116,384.117,382.456,382.537,6889200.2106
2024-10-01 20:00:00,382.616,384.147,381.256,384.096,11235600.4715
2024-10-04 13:00:00,421.436,423.747,420.267,422.346,5347799.778
2024-10-04 14:00:00,420.537,422.427,420.066,421.437,8803799.6292
2024-10-04 15:00:00,420.366,421.117,419.677,420.537,5830200.1953
2024-10-04 16:00:00,421.687,421.897,419.896,420.366,3924900.0549
2024-10-04 17:00:00,421.577,422.837,419.926,421.727,7875000.0
2024-10-04 18:00:00,421.117,422.597,421.056,421.657,7367400.1694
2024-10-04 19:00:00,423.237,423.766,420.996,421.117,7538400.1732
2024-10-05 13:00:00,414.076,415.317,411.946,412.797,3389400.0053
2024-10-05 14:00:00,413.147,414.067,412.686,414.067,6789599.8955
2024-10-05 15:00:00,413.707,413.936,412.616,413.177,4854599.9527
2024-10-05 16:00:00,414.357,414.626,413.296,413.706,3919500.1125
2024-10-05 17:00:00,414.356,414.516,413.566,414.346,3430799.9611
2024-10-05 18:00:00,414.816,414.817,413.996,414.357,2918699.9798
2024-10-05 19:00:00,414.546,415.116,414.296,414.837,4102200.0313
2024-10-06 13:00:00,426.806,427.797,423.896,424.846,3560400.0092
2024-10-06 14:00:00,426.567,427.317,425.597,426.807,4642199.9931
2024-10-06 15:00:00,426.846,427.617,426.216,426.547,3523499.9657
2024-10-06 16:00:00,425.866,427.357,425.776,426.847,3043800.1156
2024-10-06 17:00:00,426.666,426.907,425.436,425.856,3441600.0843
2024-10-06 18:00:00,427.386,427.386,426.026,426.667,5195700.1686
2024-10-06 19:00:00,427.966,427.997,426.476,427.377,5841000.0801
2024-10-07 13:00:00,462.397,462.397,458.767,461.166,2771100.0443
2024-10-07 14:00:00,460.737,463.557,459.586,462.397,3716099.9775
2024-10-07 15:00:00,460.546,461.807,459.616,460.757,3015899.8966
2024-10-07 16:00:00,463.986,464.047,459.866,460.467,2911499.9771
2024-10-07 17:00:00,463.907,465.016,462.676,463.986,2558700.0847
2024-10-07 18:00:00,464.906,465.206,463.636,463.907,2519099.9508
2024-10-07 19:00:00,465.947,466.437,463.736,464.906,4298399.9252
2024-10-09 13:00:00,414.207,415.297,407.596,408.356,4166399.9557
2024-10-09 14:00:00,412.687,416.197,412.277,414.266,6576000.2136
2024-10-09 15:00:00,409.596,414.017,409.526,412.636,4904399.8718
2024-10-09 16:00:00,410.577,411.297,408.746,409.606,5512800.2167
2024-10-09 17:00:00,412.017,412.517,410.416,410.576,3860399.9615
2024-10-09 18:00:00,412.217,412.757,411.757,412.037,3093600.0347
2024-10-09 19:00:00,414.137,414.697,411.846,412.206,5505599.9756
2024-10-10 13:00:00,414.866,416.097,413.096,415.216,3465600.0137
2024-10-10 14:00:00,414.267,415.726,413.887,414.866,5170800.209
2024-10-10 15:00:00,416.836,416.937,414.076,414.376,3607199.9073
2024-10-10 16:00:00,415.847,417.316,415.626,416.827,3668400.0492
2024-10-10 17:00:00,415.837,416.317,414.646,415.846,3613199.9493
2024-10-10 18:00:00,415.306,415.827,414.646,415.827,3290400.0282
2024-10-10 19:00:00,415.787,416.237,414.706,415.306,4629600.0481
2024-10-12 14:00:00,448.116,448.297,443.596,444.067,3029999.9714
2024-10-12 15:00:00,447.887,449.537,447.426,448.116,4485599.9947
2024-10-12 16:00:00,446.336,447.897,445.506,447.886,4322400.0931
2024-10-12 17:00:00,445.847,447.647,445.496,446.336,2446799.9935
2024-10-12 18:00:00,444.627,446.006,444.116,445.857,2016000.0324
2024-10-12 19:00:00,442.366,444.767,441.546,444.626,3626399.9939
2024-10-12 20:00:00,443.357,443.537,441.656,442.396,5388000.0114
2024-11-01 14:00:00,386.987,390.606,385.146,385.987,8596799.8505
2024-11-01 15:00:00,382.906,387.176,382.696,387.076,14920800.209
2024-11-01 16:00:00,380.886,383.056,380.316,382.886,12469200.1343
2024-11-01 17:00:00,382.146,382.807,380.606,380.916,9385199.5468
2024-11-01 18:00:00,384.646,384.647,381.976,382.096,9880800.2472
2024-11-01 19:00:00,385.246,385.497,384.056,384.657,9676799.7742
2024-11-01 20:00:00,384.567,385.337,384.086,385.267,11949600.2197
2024-11-03 13:00:00,401.907,404.297,401.726,403.636,8089200.0198
2024-11-03 14:00:00,403.747,404.567,401.226,401.907,11859600.0671
2024-11-03 15:00:00,403.847,404.097,402.086,403.706,11005200.386
2024-11-03 16:00:00,404.056,404.247,402.666,403.846,9314399.7192
2024-11-03 17:00:00,404.416,404.966,403.266,404.067,10644000.0534
2024-11-03 18:00:00,405.167,405.627,404.126,404.486,8653200.1495
2024-11-03 19:00:00,404.486,405.377,404.007,405.126,9996000.2899
2024-11-04 13:00:00,424.367,426.606,424.006,425.897,3955499.8875
2024-11-04 14:00:00,423.817,424.537,422.327,424.376,6426899.91
2024-11-04 15:00:00,425.947,426.026,423.666,423.816,4855500.2213
2024-11-04 16:00:00,424.937,426.416,424.886,425.966,3969000.1011
2024-11-04 17:00:00,428.016,428.196,424.556,424.966,5192999.8398
2024-11-04 18:00:00,428.796,429.327,428.016,428.056,4281300.0679
2024-11-04 19:00:00,427.797,429.276,427.797,428.787,5300099.8497
2024-11-06 13:00:00,426.406,427.256,425.246,425.536,2996099.9489
2024-11-06 14:00:00,428.086,428.207,425.457,426.486,5215499.8779
2024-11-06 15:00:00,428.327,428.746,427.436,428.066,4607100.0099
2024-11-06 16:00:00,427.777,428.367,427.186,428.317,3315599.9184
2024-11-06 17:00:00,429.106,429.127,427.677,427.796,3557699.9187
2024-11-06 18:00:00,431.027,431.067,429.017,429.067,3941999.9123
2024-11-06 19:00:00,432.636,432.717,430.756,431.046,5336999.8932
2024-11-07 13:00:00,461.126,464.627,460.866,463.466,2605499.9828
2024-11-07 14:00:00,454.937,461.846,453.246,461.007,6495299.8161
2024-11-07 15:00:00,453.206,455.427,451.527,454.937,6021900.177
2024-11-07 16:00:00,454.477,456.246,452.776,453.206,5170499.8016
2024-11-07 17:00:00,452.847,455.536,452.446,454.477,3791699.8863
2024-11-07 18:00:00,454.306,455.047,452.837,452.856,3201299.9058
2024-11-07 19:00:00,454.717,455.857,454.067,454.316,5634900.0931
2024-11-09 13:00:00,415.187,416.877,414.236,414.796,4574399.9481
2024-11-09 14:00:00,410.366,415.257,409.676,415.236,9067199.707
2024-11-09 15:00:00,413.767,413.977,409.527,410.286,6621600.1511
2024-11-09 16:00:00,415.916,416.486,413.566,413.787,6554399.9672
2024-11-09 17:00:00,418.346,419.456,415.736,415.926,5861999.9886
2024-11-09 18:00:00,420.587,420.967,418.156,418.346,6292799.9496
2024-11-09 19:00:00,422.737,423.937,420.126,420.617,7754399.7765
2024-11-10 13:00:00,414.927,415.967,413.226,415.676,3086400.032
2024-11-10 14:00:00,415.357,417.087,414.496,414.927,5509200.0961
2024-11-10 15:00:00,415.456,415.937,414.906,415.367,5024400.2342
2024-11-10 16:00:00,414.317,415.477,413.306,415.456,3441600.0843
2024-11-10 17:00:00,414.427,414.947,414.156,414.327,2653199.9111
2024-11-10 18:00:00,415.716,415.716,414.406,414.417,2877599.9546
2024-11-10 19:00:00,416.207,416.487,415.626,415.707,4432799.8161
2024-11-11 14:00:00,422.826,424.726,421.856,422.586,3745199.9187
2024-11-11 15:00:00,419.297,423.116,419.296,422.956,5893199.9207
2024-11-11 16:00:00,418.676,419.347,415.997,419.306,4496399.8795
2024-11-11 17:00:00,417.327,419.107,417.217,418.676,3040800.0946
2024-11-11 18:00:00,419.337,419.856,416.676,417.266,3937200.0694
2024-11-11 19:00:00,419.197,419.587,418.876,419.287,2592000.0076
2024-11-11 20:00:00,418.077,419.607,417.116,419.167,4207200.0504
2024-11-12 14:00:00,446.017,446.366,443.996,444.476,2851200.1038
2024-11-12 15:00:00,448.377,449.347,445.397,446.036,4844399.929
2024-11-12 16:00:00,449.217,450.276,448.357,448.387,3119999.8856
2024-11-12 17:00:00,449.397,449.936,448.926,449.236,2014800.0717
2024-11-12 18:00:00,449.196,449.867,448.676,449.396,1834800.005
2024-11-12 19:00:00,448.376,449.497,447.846,449.197,1692000.0315
2024-11-12 20:00:00,448.837,449.647,448.387,448.387,3177599.9069
2024-12-01 14:00:00,385.216,387.156,384.856,385.537,6423600.1968
2024-12-01 15:00:00,386.976,386.996,384.627,385.226,12488400.4593
2024-12-01 16:00:00,386.406,388.457,386.276,386.947,8804400.444
2024-12-01 17:00:00,387.227,387.466,386.077,386.406,7007999.897
2024-12-01 18:00:00,388.287,388.366,387.226,387.247,6068399.9062
2024-12-01 19:00:00,387.916,388.666,387.547,388.286,7396800.0412
2024-12-01 20:00:00,388.407,388.657,387.187,387.906,8361599.9222
2024-12-02 14:00:00,417.116,420.577,417.096,420.447,5426400.1846
2024-12-02 15:00:00,419.046,419.206,416.746,417.097,8186400.4135
2024-12-02 16:00:00,419.126,419.666,417.997,419.067,8586000.4425
2024-12-02 17:00:00,419.077,419.347,418.227,419.127,8467200.2792
2024-12-02 18:00:00,417.187,419.156,416.496,419.077,9765600.2045
2024-12-02 19:00:00,414.967,417.266,414.777,417.186,13258799.5529
2024-12-02 20:00:00,415.246,416.147,414.727,414.947,10052399.6353
2024-12-03 13:00:00,409.597,409.617,406.776,407.717,7254000.1869
2024-12-03 14:00:00,413.227,414.426,409.496,409.596,12982799.53
2024-12-03 15:00:00,413.187,414.136,412.567,413.226,10051199.913
2024-12-03 16:00:00,412.456,413.677,411.747,413.187,6687600.1358
2024-12-03 17:00:00,414.066,414.857,411.517,412.416,5816400.0511
2024-12-03 18:00:00,414.807,415.467,413.896,414.066,4498799.8009
2024-12-03 19:00:00,415.197,415.526,414.366,414.806,7264800.0717
2024-12-04 13:00:00,424.747,425.106,422.496,424.117,4229100.2274
2024-12-04 14:00:00,420.967,424.847,420.706,424.797,7111800.1938
2024-12-04 15:00:00,423.817,424.437,420.876,420.976,4642199.9931
2024-12-04 16:00:00,421.056,424.226,421.056,423.817,5196599.9603
2024-12-04 17:00:00,420.687,421.667,419.746,421.066,5523300.1709
2024-12-04 18:00:00,421.087,422.206,420.386,420.627,6131700.0389
2024-12-04 19:00:00,421.786,422.226,420.787,421.086,6872399.807
2024-12-06 13:00:00,437.966,438.467,433.216,435.146,4292099.9527
2024-12-06 14:00:00,437.947,438.346,436.166,437.997,5261400.2228
2024-12-06 15:00:00,438.796,439.526,437.346,437.976,4119299.8886
2024-12-06 16:00:00,439.246,439.277,438.036,438.777,2926800.0126
2024-12-06 17:00:00,439.566,440.376,438.666,439.256,3123899.9367
2024-12-06 18:00:00,440.666,440.696,438.416,439.567,8200799.942
2024-12-06 19:00:00,440.976,443.377,439.596,440.667,9794699.6689
2024-12-07 13:00:00,453.356,454.057,450.587,454.057,3326400.0416
2024-12-07 14:00:00,454.077,454.797,452.346,453.336,4026599.884
2024-12-07 15:00:00,453.627,454.936,453.566,454.006,2791800.0221
2024-12-07 16:00:00,453.667,454.117,452.706,453.577,3047399.9977
2024-12-07 17:00:00,455.697,456.326,453.576,453.666,2610899.9252
2024-12-07 18:00:00,455.787,455.846,454.906,455.706,2465100.05
2024-12-07 19:00:00,453.487,456.286,452.056,455.786,5202000.1411
2024-12-08 13:00:00,404.657,408.267,404.396,407.007,4778399.9443
2024-12-08 14:00:00,407.067,407.067,404.187,404.657,7054800.0336
2024-12-08 15:00:00,408.297,408.306,404.347,407.096,8149200.4395
2024-12-08 16:00:00,405.806,408.756,405.786,408.287,5632800.1022
2024-12-08 17:00:00,405.996,407.787,405.226,405.797,6092400.074
2024-12-08 18:00:00,406.277,406.477,405.476,406.017,4682400.2266
2024-12-08 19:00:00,406.857,406.936,405.087,406.267,7458000.1831
2024-12-09 13:00:00,420.967,423.986,420.126,423.237,4435200.2144
2024-12-09 14:00:00,420.156,422.916,419.946,421.006,7895999.9084
2024-12-09 15:00:00,419.986,421.827,419.727,420.156,6298799.9916
2024-12-09 16:00:00,422.716,422.937,419.776,419.946,4436399.9367
2024-12-09 17:00:00,425.946,425.946,422.426,422.686,4238399.9825
2024-12-09 18:00:00,426.327,427.317,424.096,425.917,5085599.8993
2024-12-09 19:00:00,427.017,427.057,425.396,426.326,6673200.1305
2024-12-11 14:00:00,418.617,420.457,417.067,417.496,3109200.0008
2024-12-11 15:00:00,418.937,420.266,417.696,418.727,5601600.1701
2024-12-11 16:00:00,419.897,420.347,418.937,418.937,4426799.7742
2024-12-11 17:00:00,419.686,421.687,419.676,419.897,4167600.1549
2024-12-11 18:00:00,422.817,423.117,419.576,419.687,4512000.0839
2024-12-11 19:00:00,423.686,423.816,422.716,422.796,4490399.8375
2024-12-11 20:00:00,423.156,424.397,422.566,423.686,6929999.8283
2024-12-12 14:00:00,452.086,453.497,449.267,449.856,4012800.2167
2024-12-12 15:00:00,455.287,455.706,450.467,452.086,5744400.0244
2024-12-12 16:00:00,453.297,456.116,452.806,455.277,3538800.0011
2024-12-12 17:00:00,454.396,455.167,453.296,453.296,2631599.9031
2024-12-12 18:00:00,453.107,454.636,453.016,454.347,2227200.0313
2024-12-12 19:00:00,451.807,453.496,451.716,453.136,2250000.0
2024-12-12 20:00:00,449.437,452.107,449.106,451.747,4174799.9191
