date,open,high,low,close,volume
2020-01-04 13:00:00,248.877,249.868,247.607,247.918,31127750.3967
2020-01-04 14:00:00,250.218,250.708,248.177,248.877,52655250.5493
2020-01-04 15:00:00,248.718,251.428,248.257,250.197,48175998.6877
2020-01-04 16:00:00,246.228,248.748,245.807,248.728,46445251.4648
2020-01-04 17:00:00,247.897,248.138,245.947,246.228,47276248.9319
2020-01-04 18:00:00,245.768,248.707,245.727,247.898,45606998.4436
2020-01-04 19:00:00,246.147,247.228,243.877,245.778,50555999.7559
2020-01-05 13:00:00,285.057,286.018,284.427,285.277,27413749.6948
2020-01-05 14:00:00,285.068,285.948,284.157,285.068,50594001.77
2020-01-05 15:00:00,282.708,285.078,282.407,285.067,44082748.4131
2020-01-05 16:00:00,282.287,283.017,281.597,282.707,45396251.6785
2020-01-05 17:00:00,281.957,282.757,281.527,282.287,39580501.5564
2020-01-05 18:00:00,282.537,282.827,281.567,281.948,39917251.5869
2020-01-05 19:00:00,282.697,283.388,281.627,282.538,44525001.5259
2020-01-06 13:00:00,304.197,304.698,303.047,303.557,26858499.527
2020-01-06 14:00:00,305.047,305.277,303.938,304.237,43388500.2136
2020-01-06 15:00:00,304.987,305.128,304.247,305.037,37698501.5869
2020-01-06 16:00:00,305.487,305.658,304.697,304.977,27026750.5646
2020-01-06 17:00:00,305.897,306.198,305.467,305.488,26295749.6643
2020-01-06 18:00:00,305.978,306.018,305.467,305.897,26528999.3286
2020-01-06 19:00:00,305.548,306.127,305.298,305.977,32520500.1831
2020-01-07 13:00:00,309.788,310.898,309.288,309.528,16828296.6614
2020-01-07 14:00:00,310.588,311.238,309.747,309.878,28838125.2289
2020-01-07 15:00:00,310.248,310.688,309.058,310.598,25684326.1719
2020-01-07 16:00:00,310.778,311.428,310.097,310.247,20102140.4266
2020-01-07 17:00:00,310.728,311.048,310.277,310.798,17323328.0182
2020-01-07 18:00:00,310.887,311.257,310.297,310.727,19641536.7126
2020-01-07 19:00:00,310.537,311.878,310.427,310.888,20847749.7101
2020-01-09 13:00:00,350.467,350.568,349.228,350.198,112288002.0142
2020-01-09 14:00:00,350.647,351.388,350.158,350.477,170850494.3848
2020-01-09 15:00:00,350.757,351.207,350.387,350.657,138192001.3428
2020-01-09 16:00:00,351.187,351.198,350.687,350.757,67001251.2207
2020-01-09 17:00:00,351.307,351.478,350.837,351.198,55979999.5422
2020-01-09 18:00:00,351.827,351.897,351.237,351.317,36514499.6643
2020-01-09 19:00:00,352.577,352.677,351.387,351.828,77550498.9624
2020-01-10 13:00:00,336.737,338.697,336.637,337.657,129609497.0703
2020-01-10 14:00:00,336.658,337.398,335.558,336.728,226688751.2207
2020-01-10 15:00:00,337.188,337.617,335.777,336.648,221799255.3711
2020-01-10 16:00:00,337.138,337.378,336.227,337.197,150357757.5684
2020-01-10 17:00:00,336.248,337.648,335.868,337.137,147721755.9814
2020-01-10 18:00:00,336.957,337.157,335.007,336.227,211706756.5918
2020-01-10 19:00:00,337.017,337.388,335.798,336.937,180648742.6758
2020-01-12 14:00:00,366.138,366.378,364.927,365.518,105810997.0093
2020-01-12 15:00:00,366.288,367.438,365.827,366.137,183563751.2207
2020-01-12 16:00:00,366.257,367.048,366.038,366.307,144470504.7607
2020-01-12 17:00:00,366.398,366.897,366.128,366.247,108298248.291
2020-01-12 18:00:00,367.108,367.218,366.408,366.408,80560501.0986
2020-01-12 19:00:00,366.767,367.648,366.667,367.108,106320747.3755
2020-01-12 20:00:00,365.847,366.808,365.447,366.758,156380004.8828
2020-02-01 16:00:00,323.048,323.348,322.528,323.248,16576250.0763
2020-02-01 17:00:00,323.357,323.438,322.917,323.047,13754249.5728
2020-02-01 18:00:00,323.157,323.358,322.957,323.358,11327750.206
2020-02-01 19:00:00,323.768,323.867,323.127,323.158,12853500.3662
2020-02-01 20:00:00,324.788,324.788,323.728,323.777,15271750.4501
2020-02-03 14:00:00,296.468,299.088,295.867,298.217,30408250.8087
2020-02-03 15:00:00,298.497,300.037,294.457,296.478,54207248.6877
2020-02-03 16:00:00,303.598,303.858,298.157,298.498,48046501.1597
2020-02-03 17:00:00,303.618,304.058,301.468,303.588,36890998.8403
2020-02-03 18:00:00,302.537,303.978,300.787,303.618,37668750.7629
2020-02-03 19:00:00,300.048,303.407,298.958,302.528,39996498.1079
2020-02-03 20:00:00,309.087,309.087,299.938,300.037,42734500.885
2020-02-04 13:00:00,246.508,247.927,244.587,245.187,33889251.709
2020-02-04 14:00:00,250.847,252.648,246.138,246.497,63698749.5422
2020-02-04 15:00:00,250.788,251.327,248.657,250.848,58301498.4131
2020-02-04 16:00:00,250.968,251.938,250.197,250.808,50963748.9319
2020-02-04 17:00:00,248.237,251.698,247.518,250.988,51852001.1902
2020-02-04 18:00:00,249.278,249.337,245.918,248.248,56352500.9155
2020-02-04 19:00:00,251.897,252.218,248.358,249.287,60265499.115
2020-02-06 13:00:00,306.267,306.578,305.507,306.508,24047250.7477
2020-02-06 14:00:00,306.368,307.248,305.817,306.257,38323249.8169
2020-02-06 15:00:00,305.838,306.408,305.078,306.357,42270999.9084
2020-02-06 16:00:00,306.397,306.538,305.737,305.837,26334749.2218
2020-02-06 17:00:00,307.047,307.128,306.357,306.398,22794250.4883
2020-02-06 18:00:00,306.777,307.178,306.147,307.047,27765249.2523
2020-02-06 19:00:00,308.108,308.118,306.017,306.778,34796501.1597
2020-02-07 13:00:00,315.378,315.468,314.138,314.228,14952360.1532
2020-02-07 14:00:00,312.898,315.687,312.777,315.368,29586746.2158
2020-02-07 15:00:00,313.598,313.838,312.028,312.888,30374004.364
2020-02-07 16:00:00,313.698,313.788,312.848,313.598,30906000.1373
2020-02-07 17:00:00,313.748,314.188,313.358,313.697,24885499.9542
2020-02-07 18:00:00,314.068,314.388,313.498,313.748,26130500.7935
2020-02-07 19:00:00,312.198,314.198,311.507,314.078,32434749.6033
2020-02-09 13:00:00,353.738,354.678,353.528,354.667,123332496.6431
2020-02-09 14:00:00,354.868,355.278,353.407,353.748,215565246.582
2020-02-09 15:00:00,354.778,355.077,353.648,354.877,213321502.6855
2020-02-09 16:00:00,355.567,355.768,354.567,354.757,134703750.6104
2020-02-09 17:00:00,356.427,356.728,355.397,355.558,99688751.2207
2020-02-09 18:00:00,356.738,356.918,355.797,356.417,101271247.8638
2020-02-09 19:00:00,357.678,358.677,356.657,356.738,127157501.2207
2020-02-10 13:00:00,334.028,334.368,331.157,331.688,159159744.2627
2020-02-10 14:00:00,334.517,335.338,333.597,334.027,248889999.3896
2020-02-10 15:00:00,332.777,335.327,332.687,334.497,227389755.249
2020-02-10 16:00:00,335.407,335.898,331.948,332.788,267582763.6719
2020-02-10 17:00:00,334.498,335.818,333.827,335.398,231608505.249
2020-02-10 18:00:00,335.188,335.668,334.447,334.467,211231750.4883
2020-02-10 19:00:00,333.878,335.547,333.657,335.198,231550994.873
2020-02-11 14:00:00,330.768,330.988,328.957,330.187,152740005.4932
2020-02-11 15:00:00,330.217,332.358,330.037,330.777,264579986.5723
2020-02-11 16:00:00,330.518,331.067,329.397,330.208,225839996.3379
2020-02-11 17:00:00,329.297,330.817,328.747,330.527,202269744.873
2020-02-11 18:00:00,327.387,329.467,327.227,329.288,213728500.3662
2020-02-11 19:00:00,329.428,329.988,327.228,327.377,200128753.6621
2020-02-11 20:00:00,330.158,330.408,328.568,329.438,240787994.3848
2020-02-12 14:00:00,365.408,365.498,364.197,364.767,130102996.8262
2020-02-12 15:00:00,365.677,365.888,364.967,365.398,157940750.1221
2020-02-12 16:00:00,366.228,366.388,365.678,365.678,106874000.5493
2020-02-12 17:00:00,366.068,366.447,365.907,366.218,86806747.4365
2020-02-12 18:00:00,365.688,366.348,365.637,366.057,79753250.1221
2020-02-12 19:00:00,366.747,366.837,365.478,365.698,111339996.3379
2020-02-12 20:00:00,366.737,366.938,366.217,366.748,109567001.3428
2020-03-01 14:00:00,322.727,322.938,321.057,321.107,18315500.2594
2020-03-01 15:00:00,322.487,323.077,322.027,322.717,28556999.2065
2020-03-01 16:00:00,323.128,323.218,322.157,322.498,12787500.3815
2020-03-01 17:00:00,323.398,323.638,323.107,323.127,15259249.6872
2020-03-01 18:00:00,322.917,323.538,322.318,323.408,18638999.939
2020-03-01 19:00:00,323.238,323.308,322.557,322.918,16722499.8474
2020-03-01 20:00:00,322.578,323.528,322.437,323.237,19743249.8932
2020-03-02 14:00:00,325.138,325.218,323.217,323.347,17436500.5493
2020-03-02 15:00:00,325.168,326.148,324.897,325.138,32248001.0986
2020-03-02 16:00:00,324.258,325.518,323.707,325.177,29037250.5188
2020-03-02 17:00:00,324.838,324.928,323.907,324.248,22127750.3967
2020-03-02 18:00:00,324.608,324.908,324.038,324.848,22715499.8779
2020-03-02 19:00:00,324.518,324.728,323.958,324.607,19595500.946
2020-03-02 20:00:00,324.158,324.998,323.897,324.508,22004999.1608
2020-03-03 14:00:00,305.928,309.488,304.887,309.468,28733749.3896
2020-03-03 15:00:00,310.398,313.787,305.808,305.938,56850498.1995
2020-03-03 16:00:00,307.317,310.638,302.518,310.398,54562000.2747
2020-03-03 17:00:00,305.157,308.228,304.567,307.318,47771751.4038
2020-03-03 18:00:00,300.218,305.128,300.017,305.128,50543251.0376
2020-03-03 19:00:00,301.337,301.858,297.567,300.188,56586498.2605
2020-03-03 20:00:00,300.078,304.228,299.308,301.328,56002998.3521
2020-03-04 13:00:00,251.787,253.308,250.478,250.737,32287250.5188
2020-03-04 14:00:00,249.617,252.728,248.777,251.798,58387748.7183
2020-03-04 15:00:00,248.208,250.277,247.387,249.618,50886501.3123
2020-03-04 16:00:00,247.577,248.488,246.338,248.197,47084999.0845
2020-03-04 17:00:00,246.077,248.158,245.657,247.567,43424751.2817
2020-03-04 18:00:00,247.698,247.748,245.218,246.068,31881080.6274
2020-03-04 19:00:00,248.118,249.137,245.857,247.698,31587100.9827
2020-03-06 13:00:00,310.557,310.847,309.937,310.198,25150249.4812
2020-03-06 14:00:00,310.998,311.347,310.447,310.567,40833248.1384
2020-03-06 15:00:00,311.708,312.048,310.967,310.998,37932998.6572
2020-03-06 16:00:00,311.208,311.728,311.187,311.707,31519250.8698
2020-03-06 17:00:00,311.348,311.648,311.137,311.207,27168750.7629
2020-03-06 18:00:00,312.118,312.368,311.297,311.347,28579500.1984
2020-03-06 19:00:00,312.197,313.188,311.917,312.118,34505500.7935
2020-03-08 13:00:00,328.338,328.418,327.717,328.287,20093999.8627
2020-03-08 14:00:00,328.208,329.268,327.898,328.337,35727748.8708
2020-03-08 15:00:00,329.048,329.368,328.128,328.218,27682500.8392
2020-03-08 16:00:00,328.898,329.168,328.717,329.038,24681999.2065
2020-03-08 17:00:00,329.068,329.248,328.798,328.897,22736249.9237
2020-03-08 18:00:00,329.457,329.608,328.887,329.077,21814750.6714
2020-03-08 19:00:00,328.798,329.548,328.387,329.458,29812500.0
2020-03-09 13:00:00,355.778,356.368,355.157,355.837,143876251.2207
2020-03-09 14:00:00,351.318,355.917,350.337,355.777,309935241.6992
2020-03-09 15:00:00,348.058,351.468,345.028,351.327,380918243.4082
2020-03-09 16:00:00,345.637,348.827,345.467,348.047,339244506.8359
2020-03-09 17:00:00,345.577,346.977,344.247,345.648,340526489.2578
2020-03-09 18:00:00,343.967,346.908,343.967,345.558,304166992.1875
2020-03-09 19:00:00,345.547,345.908,342.597,343.977,345085998.5352
2020-03-11 14:00:00,335.357,335.548,333.167,333.697,140080505.3711
2020-03-11 15:00:00,337.868,338.028,335.217,335.378,245842742.9199
2020-03-11 16:00:00,336.898,338.238,336.787,337.867,215404998.7793
2020-03-11 17:00:00,336.258,337.218,336.097,336.908,156190750.1221
2020-03-11 18:00:00,335.017,336.638,334.837,336.278,182647506.7139
2020-03-11 19:00:00,336.337,336.727,334.877,335.007,175500503.54
2020-03-11 20:00:00,335.978,338.078,335.367,336.337,238052505.4932
2020-03-12 14:00:00,366.907,367.268,366.617,366.658,89506500.2441
2020-03-12 15:00:00,367.497,367.977,366.907,366.978,132833755.4932
2020-03-12 16:00:00,367.607,367.858,366.897,367.497,102527496.3379
2020-03-12 17:00:00,367.437,367.878,367.047,367.617,106252746.582
2020-03-12 18:00:00,366.498,367.487,366.387,367.427,94976501.4648
2020-03-12 19:00:00,367.568,367.618,366.457,366.507,75672752.3804
2020-03-12 20:00:00,366.588,368.168,365.497,367.568,158350494.3848
2020-04-02 14:00:00,328.727,328.938,327.708,328.068,19991750.7172
2020-04-02 15:00:00,328.968,329.348,328.268,328.728,29442750.9308
2020-04-02 16:00:00,329.578,329.848,328.847,328.947,20317750.9308
2020-04-02 17:00:00,329.728,329.868,329.468,329.587,16739749.9084
2020-04-02 18:00:00,329.627,329.808,329.097,329.737,12390250.206
2020-04-02 19:00:00,329.708,329.998,329.497,329.638,14346500.3967
2020-04-02 20:00:00,329.068,329.858,328.877,329.698,20043500.9003
2020-04-03 14:00:00,304.138,307.248,303.328,306.037,27120000.8392
2020-04-03 15:00:00,304.717,307.297,303.457,304.177,50051998.1384
2020-04-03 16:00:00,304.968,306.387,304.058,304.708,46985248.5657
2020-04-03 17:00:00,307.877,307.928,304.957,304.957,38057250.9766
2020-04-03 18:00:00,308.978,309.437,307.758,307.878,36028751.3733
2020-04-03 19:00:00,309.357,309.988,308.188,308.977,37079250.3357
2020-04-03 20:00:00,312.828,313.078,309.187,309.348,40823749.5422
2020-04-05 13:00:00,280.557,280.948,279.138,280.658,27556249.6185
2020-04-05 14:00:00,280.688,282.087,280.428,280.568,50700748.4436
2020-04-05 15:00:00,281.417,281.867,280.527,280.688,45044998.1689
2020-04-05 16:00:00,281.077,282.028,280.898,281.418,38805999.7559
2020-04-05 17:00:00,281.438,281.478,280.208,281.077,32523250.5798
2020-04-05 18:00:00,282.467,282.587,281.097,281.438,32515998.8403
2020-04-05 19:00:00,283.658,283.888,282.257,282.458,37108249.6643
2020-04-06 13:00:00,312.067,312.228,310.957,311.067,25069999.6948
2020-04-06 14:00:00,312.757,312.988,311.887,312.088,43851501.4648
2020-04-06 15:00:00,311.528,312.878,311.078,312.757,45119251.2512
2020-04-06 16:00:00,310.477,311.728,310.468,311.527,38803749.0845
2020-04-06 17:00:00,311.498,311.668,310.377,310.488,33266998.291
2020-04-06 18:00:00,310.127,311.678,310.127,311.497,34201000.2136
2020-04-06 19:00:00,311.297,311.328,309.067,310.127,45562500.0
2020-04-08 13:00:00,328.628,328.758,327.798,327.817,18313999.176
2020-04-08 14:00:00,329.358,329.628,328.537,328.638,30431749.3439
2020-04-08 15:00:00,329.408,329.638,329.147,329.368,26877000.8087
2020-04-08 16:00:00,328.897,329.508,328.747,329.417,21072000.5035
2020-04-08 17:00:00,329.318,329.408,328.637,328.898,19039749.1455
2020-04-08 18:00:00,328.988,329.458,327.947,329.317,22486999.5117
2020-04-08 19:00:00,330.028,330.028,328.807,328.977,25676750.1831
2020-04-09 13:00:00,343.547,347.808,343.037,346.118,185850753.7842
2020-04-09 14:00:00,338.397,344.708,334.858,343.538,407248504.6387
2020-04-09 15:00:00,339.207,339.537,335.338,338.397,383332489.0137
2020-04-09 16:00:00,340.888,341.588,338.028,339.207,334658752.4414
2020-04-09 17:00:00,340.337,340.898,338.447,340.898,297194488.5254
2020-04-09 18:00:00,344.518,344.628,339.687,340.327,306065002.4414
2020-04-09 19:00:00,342.627,345.388,342.278,344.547,338020507.8125
2020-04-11 14:00:00,342.488,342.488,339.588,340.817,195082748.4131
2020-04-11 15:00:00,345.797,346.468,342.297,342.468,322021759.0332
2020-04-11 16:00:00,346.668,346.997,344.337,345.798,267404510.498
2020-04-11 17:00:00,346.748,347.908,346.297,346.647,234634994.5068
2020-04-11 18:00:00,345.848,347.157,345.457,346.758,236574493.4082
2020-04-11 19:00:00,345.307,346.487,344.798,345.838,226340499.8779
2020-04-11 20:00:00,343.418,345.678,343.158,345.307,259105743.4082
2020-04-12 14:00:00,368.227,368.408,367.207,367.248,85978500.3662
2020-04-12 15:00:00,369.038,369.258,368.087,368.228,120750251.77
2020-04-12 16:00:00,369.028,369.248,368.717,369.027,82321746.8262
2020-04-12 17:00:00,368.997,369.178,368.857,369.038,49830749.5117
2020-04-12 18:00:00,368.718,369.178,368.707,368.988,48810749.054
2020-04-12 19:00:00,369.187,369.268,368.537,368.727,69298248.291
2020-04-12 20:00:00,369.788,369.788,368.657,369.187,101950752.2583
2020-05-02 14:00:00,331.957,332.408,331.247,332.248,19490249.6338
2020-05-02 15:00:00,331.557,332.328,330.658,331.967,38754749.2981
2020-05-02 16:00:00,331.978,331.988,331.127,331.558,26795749.6643
2020-05-02 17:00:00,331.907,332.238,331.858,331.968,16984750.7477
2020-05-02 18:00:00,332.087,332.258,331.608,331.908,16412500.3815
2020-05-02 19:00:00,332.658,332.728,331.748,332.088,16072750.0916
2020-05-02 20:00:00,332.808,333.077,332.188,332.657,21594999.3134
2020-05-03 14:00:00,304.568,306.408,303.818,304.958,27375749.588
2020-05-03 15:00:00,306.008,306.978,304.027,304.598,47429248.8098
2020-05-03 16:00:00,305.737,308.448,305.268,306.017,44432750.7019
2020-05-03 17:00:00,302.488,306.078,302.048,305.738,40286251.0681
2020-05-03 18:00:00,303.478,304.167,301.468,302.497,43366249.0845
2020-05-03 19:00:00,302.318,303.487,301.088,303.487,42871250.1526
2020-05-03 20:00:00,302.518,303.178,300.008,302.328,48781501.77
2020-05-05 13:00:00,288.128,288.138,286.248,286.588,23934000.0153
2020-05-05 14:00:00,287.958,288.448,287.348,288.128,43318248.7488
2020-05-05 15:00:00,288.857,288.948,287.817,287.957,36129249.5728
2020-05-05 16:00:00,288.388,289.218,288.297,288.858,29864250.1831
2020-05-05 17:00:00,288.738,288.928,287.987,288.398,31750499.7253
2020-05-05 18:00:00,289.217,289.238,288.457,288.727,30041999.8169
2020-05-05 19:00:00,286.158,289.228,285.737,289.228,46176498.4131
2020-05-06 13:00:00,317.627,318.638,317.148,317.257,29067750.9308
2020-05-06 14:00:00,319.147,319.177,317.497,317.638,48043251.0376
2020-05-06 15:00:00,320.308,321.267,319.057,319.147,41502250.6714
2020-05-06 16:00:00,320.118,320.437,319.217,320.307,36703250.885
2020-05-06 17:00:00,320.068,320.728,319.677,320.118,33267250.061
2020-05-06 18:00:00,319.687,320.597,319.197,320.058,38479499.8169
2020-05-06 19:00:00,319.268,320.128,318.357,319.687,44134250.6409
2020-05-08 13:00:00,331.867,331.918,331.198,331.468,18240499.4965
2020-05-08 14:00:00,331.838,332.148,331.607,331.878,27504499.4354
2020-05-08 15:00:00,331.628,332.388,331.608,331.837,26166500.0916
2020-05-08 16:00:00,331.798,331.928,331.417,331.618,20469499.588
2020-05-08 17:00:00,331.878,331.998,331.647,331.808,16997499.4659
2020-05-08 18:00:00,331.868,332.168,331.707,331.877,14450750.351
2020-05-08 19:00:00,332.088,332.318,331.177,331.867,19361000.061
2020-05-10 13:00:00,336.557,337.218,336.008,336.008,110686500.5493
2020-05-10 14:00:00,338.237,338.557,336.587,336.587,137951507.5684
2020-05-10 15:00:00,338.418,338.847,338.148,338.247,120921249.3896
2020-05-10 16:00:00,338.608,338.678,338.238,338.417,78857246.3989
2020-05-10 17:00:00,337.827,338.737,337.708,338.608,84095497.1313
2020-05-10 18:00:00,339.148,339.177,337.517,337.828,93096496.582
2020-05-10 19:00:00,339.677,339.938,338.927,339.138,120433250.4272
2020-05-11 14:00:00,349.837,350.688,348.867,349.238,145450744.6289
2020-05-11 15:00:00,351.657,352.178,349.797,349.828,262088745.1172
2020-05-11 16:00:00,350.267,351.908,350.178,351.647,210227996.8262
2020-05-11 17:00:00,350.488,350.758,348.857,350.278,185020248.4131
2020-05-11 18:00:00,351.127,351.358,350.457,350.497,136763244.6289
2020-05-11 19:00:00,351.697,352.048,350.847,351.108,186079254.1504
2020-05-11 20:00:00,350.198,351.778,349.447,351.687,224502243.042
2020-06-01 14:00:00,321.577,321.738,320.357,320.457,18672750.473
2020-06-01 15:00:00,322.218,322.478,321.467,321.578,26822250.3662
2020-06-01 16:00:00,322.268,322.548,322.077,322.217,20114250.1831
2020-06-01 17:00:00,322.397,322.488,322.137,322.267,14819999.6948
2020-06-01 18:00:00,322.738,322.868,322.338,322.388,11718500.1373
2020-06-01 19:00:00,322.978,323.198,322.588,322.738,13917249.6796
2020-06-01 20:00:00,323.588,323.728,322.887,322.988,17780500.412
2020-06-02 14:00:00,333.718,334.058,332.788,333.908,20150999.0692
2020-06-02 15:00:00,333.488,333.938,332.927,333.728,33631000.5188
2020-06-02 16:00:00,333.458,334.048,333.327,333.487,28218750.0
2020-06-02 17:00:00,334.047,334.118,333.407,333.457,18465000.1526
2020-06-02 18:00:00,333.867,334.178,333.508,334.057,15350500.1068
2020-06-02 19:00:00,333.767,334.098,333.708,333.868,15262749.6719
2020-06-02 20:00:00,333.918,334.088,333.477,333.768,17972499.8474
2020-06-03 14:00:00,293.338,294.727,291.528,293.138,29210750.5798
2020-06-03 15:00:00,297.068,297.948,292.598,293.318,55320999.1455
2020-06-03 16:00:00,294.928,297.467,294.108,297.078,50691001.8921
2020-06-03 17:00:00,294.537,296.068,292.977,294.927,44821250.9155
2020-06-03 18:00:00,293.628,296.698,293.357,294.537,41466251.3733
2020-06-03 19:00:00,291.008,293.958,290.568,293.637,44944751.7395
2020-06-03 20:00:00,297.308,298.768,290.228,290.978,56248249.054
2020-06-04 13:00:00,259.768,259.978,256.708,257.828,16509902.9541
2020-06-04 14:00:00,259.328,260.798,258.717,259.778,28407510.7574
2020-06-04 15:00:00,260.858,261.228,258.897,259.327,24958614.3494
2020-06-04 16:00:00,262.378,262.488,260.647,260.867,23670564.6515
2020-06-04 17:00:00,262.808,262.947,261.578,262.378,20686048.5077
2020-06-04 18:00:00,262.427,262.818,261.268,262.797,22359268.1885
2020-06-04 19:00:00,264.988,266.958,261.737,262.428,30698986.0535
2020-06-05 13:00:00,286.327,288.438,285.827,288.017,26591749.1913
2020-06-05 14:00:00,287.158,287.837,285.057,286.327,48261249.5422
2020-06-05 15:00:00,286.098,287.568,285.527,287.148,46104251.8616
2020-06-05 16:00:00,286.628,287.047,285.847,286.098,41303749.0845
2020-06-05 17:00:00,286.998,287.408,285.958,286.647,37876499.176
2020-06-05 18:00:00,286.248,286.998,285.718,286.987,39592998.5046
2020-06-05 19:00:00,284.297,286.568,283.997,286.237,45301750.1831
2020-06-07 13:00:00,316.728,316.868,315.858,316.368,20492500.3052
2020-06-07 14:00:00,316.897,317.427,315.547,316.728,36923248.291
2020-06-07 15:00:00,316.438,317.218,316.428,316.898,29305999.7559
2020-06-07 16:00:00,316.477,316.568,315.997,316.437,25464500.4272
2020-06-07 17:00:00,316.608,316.668,316.008,316.478,25772750.8545
2020-06-07 18:00:00,315.978,316.628,315.557,316.618,30461999.8932
2020-06-07 19:00:00,316.978,317.138,315.627,315.977,33875999.4507
2020-06-08 13:00:00,332.278,332.288,331.367,331.458,18849750.5188
2020-06-08 14:00:00,331.737,332.628,331.127,332.288,30401500.7019
2020-06-08 15:00:00,331.668,332.018,331.267,331.738,29142250.061
2020-06-08 16:00:00,332.418,332.438,331.597,331.648,23242500.3052
2020-06-08 17:00:00,332.798,332.887,332.257,332.417,20999250.412
2020-06-08 18:00:00,333.988,334.147,332.758,332.808,21623750.6866
2020-06-08 19:00:00,334.288,334.448,333.567,333.997,26551250.4578
2020-06-10 13:00:00,339.398,340.247,339.047,339.897,112929000.8545
2020-06-10 14:00:00,339.917,340.548,339.068,339.387,178080993.6523
2020-06-10 15:00:00,338.918,340.167,338.647,339.908,176717498.7793
2020-06-10 16:00:00,340.307,340.378,338.878,338.908,123758499.1455
2020-06-10 17:00:00,340.447,340.978,340.188,340.317,115581497.1924
2020-06-10 18:00:00,337.047,342.148,335.707,340.458,173497253.418
2020-06-10 19:00:00,334.978,337.118,334.378,337.057,356096740.7227
2020-06-11 14:00:00,348.248,350.278,347.637,349.848,137009750.3662
2020-06-11 15:00:00,348.868,350.498,348.017,348.248,227773742.6758
2020-06-11 16:00:00,350.358,350.878,348.638,348.877,221760757.4463
2020-06-11 17:00:00,350.098,350.768,349.467,350.378,173829254.1504
2020-06-11 18:00:00,350.467,350.808,350.047,350.087,117460502.6245
2020-06-11 19:00:00,349.968,350.768,349.767,350.468,129929992.6758
2020-06-11 20:00:00,350.177,351.468,349.207,349.967,195173751.8311
2020-07-01 14:00:00,322.558,323.278,322.228,322.988,18228250.5035
2020-07-01 15:00:00,323.248,323.358,322.447,322.567,31533250.8087
2020-07-01 16:00:00,322.837,323.528,322.717,323.258,19831750.8698
2020-07-01 17:00:00,322.887,323.048,322.697,322.837,15476249.6948
2020-07-01 18:00:00,323.137,323.138,322.877,322.888,11847000.1221
2020-07-01 19:00:00,322.977,323.158,322.628,323.138,16291250.2289
2020-07-01 20:00:00,322.787,323.348,322.637,322.978,17528249.7406
2020-07-02 14:00:00,332.288,332.987,331.947,332.818,20377500.5341
2020-07-02 15:00:00,332.818,333.178,331.908,332.278,28810499.1913
2020-07-02 16:00:00,333.178,333.597,332.587,332.818,20548250.1984
2020-07-02 17:00:00,333.198,333.488,333.017,333.177,15688750.267
2020-07-02 18:00:00,332.267,333.188,332.267,333.187,14925000.1907
2020-07-02 19:00:00,332.338,332.398,331.598,332.268,22349000.9308
2020-07-02 20:00:00,332.178,332.618,331.828,332.338,20736749.649
2020-07-04 13:00:00,273.738,274.978,271.818,274.177,18294023.5138
2020-07-04 14:00:00,269.008,273.967,268.017,273.737,36530494.6899
2020-07-04 15:00:00,271.467,272.518,268.287,269.008,33482582.0923
2020-07-04 16:00:00,272.647,273.908,271.427,271.477,29641235.3516
2020-07-04 17:00:00,270.778,273.198,270.537,272.637,28913181.3049
2020-07-04 18:00:00,266.708,270.898,266.137,270.768,31778905.8685
2020-07-04 19:00:00,265.077,269.817,264.907,266.717,45408203.125
2020-07-05 13:00:00,288.617,288.947,287.568,287.717,26518499.3744
2020-07-05 14:00:00,287.617,288.718,287.207,288.618,46740501.4038
2020-07-05 15:00:00,289.418,289.698,287.568,287.607,39084751.1292
2020-07-05 16:00:00,289.238,289.758,288.767,289.427,36936500.5493
2020-07-05 17:00:00,288.807,289.558,288.497,289.237,32095249.176
2020-07-05 18:00:00,288.058,288.988,287.617,288.807,36201999.6643
2020-07-05 19:00:00,287.678,288.438,287.137,288.048,43665248.8708
2020-07-07 13:00:00,315.977,316.228,314.888,315.348,19910999.2981
2020-07-07 14:00:00,316.828,317.028,315.827,315.968,34831501.0071
2020-07-07 15:00:00,316.717,317.498,316.568,316.818,28441749.5728
2020-07-07 16:00:00,316.358,316.968,315.917,316.728,27180500.0305
2020-07-07 17:00:00,316.188,316.547,315.707,316.357,27392499.9237
2020-07-07 18:00:00,315.507,316.288,315.037,316.197,27213499.0692
2020-07-07 19:00:00,313.668,315.518,313.367,315.508,34714748.3826
2020-07-08 13:00:00,333.908,334.068,332.838,333.247,18818500.5188
2020-07-08 14:00:00,334.367,334.578,333.047,333.917,31003250.1221
2020-07-08 15:00:00,333.537,334.618,333.508,334.368,27636999.1302
2020-07-08 16:00:00,333.847,334.558,333.367,333.538,29303499.2218
2020-07-08 17:00:00,333.018,334.048,332.887,333.848,33693500.5188
2020-07-08 18:00:00,333.287,333.568,332.297,333.017,35812000.2747
2020-07-08 19:00:00,334.538,334.718,332.837,333.288,34037250.5188
2020-07-10 13:00:00,338.988,339.498,338.087,338.108,118779251.0986
2020-07-10 14:00:00,339.468,339.758,338.357,338.977,202484252.9297
2020-07-10 15:00:00,339.377,339.868,339.147,339.458,145306747.4365
2020-07-10 16:00:00,339.557,339.628,338.507,339.397,136111251.8311
2020-07-10 17:00:00,340.367,340.828,339.557,339.567,94858497.6196
2020-07-10 18:00:00,341.227,341.378,340.237,340.368,116239753.7231
2020-07-10 19:00:00,340.717,341.628,340.717,341.228,131872497.5586
2020-07-12 14:00:00,369.358,369.358,368.827,368.998,91257247.9248
2020-07-12 15:00:00,369.327,369.578,369.047,369.368,110558998.1079
2020-07-12 16:00:00,369.408,369.607,369.007,369.318,99535247.8027
2020-07-12 17:00:00,368.858,369.468,368.847,369.407,65776748.6572
2020-07-12 18:00:00,368.397,368.908,368.048,368.867,88979499.8169
2020-07-12 19:00:00,368.387,368.728,367.887,368.407,89499000.5493
2020-07-12 20:00:00,369.088,369.198,367.718,368.408,126174751.2817
2020-08-01 14:00:00,323.717,323.838,322.657,322.928,17621500.0153
2020-08-01 15:00:00,323.308,323.968,322.877,323.718,25976499.5575
2020-08-01 16:00:00,324.788,325.208,323.087,323.297,27966749.1913
2020-08-01 17:00:00,324.878,325.068,324.697,324.798,21153249.7406
2020-08-01 18:00:00,324.608,324.958,324.557,324.877,14664750.0992
2020-08-01 19:00:00,325.248,325.248,324.608,324.608,13881250.3815
2020-08-01 20:00:00,324.367,325.768,324.227,325.248,20623750.6866
2020-08-04 13:00:00,266.457,268.988,266.237,267.878,31825250.6256
2020-08-04 14:00:00,268.908,268.988,265.548,266.457,54491500.8545
2020-08-04 15:00:00,270.787,271.698,268.307,268.927,52338748.9319
2020-08-04 16:00:00,271.458,272.337,270.227,270.787,46210998.5352
2020-08-04 17:00:00,270.288,272.127,270.057,271.488,43737751.0071
2020-08-04 18:00:00,273.757,273.798,270.167,270.288,45664501.1902
2020-08-04 19:00:00,274.178,275.388,272.138,273.758,52617000.5798
2020-08-05 13:00:00,290.788,291.358,289.847,291.048,25135250.0916
2020-08-05 14:00:00,290.827,291.507,290.537,290.787,42483001.709
2020-08-05 15:00:00,291.718,291.838,290.428,290.827,33861751.5564
2020-08-05 16:00:00,291.938,291.988,291.487,291.727,25629999.1608
2020-08-05 17:00:00,291.098,292.037,290.757,291.927,27542749.4049
2020-08-05 18:00:00,291.658,291.738,290.778,291.108,29601499.5575
2020-08-05 19:00:00,292.468,292.838,291.477,291.657,32901500.7019
2020-08-06 13:00:00,320.778,321.198,320.147,320.217,24586999.8932
2020-08-06 14:00:00,320.727,320.917,319.617,320.777,42361000.061
2020-08-06 15:00:00,320.838,321.358,320.598,320.728,34518501.2817
2020-08-06 16:00:00,320.828,321.107,320.467,320.838,29562999.7253
2020-08-06 17:00:00,321.757,321.888,320.737,320.827,24822750.0916
2020-08-06 18:00:00,322.047,322.147,321.617,321.758,24573999.4049
2020-08-06 19:00:00,323.247,323.387,321.667,322.048,32295749.6643
2020-08-07 13:00:00,316.078,316.168,314.197,314.568,19328750.6104
2020-08-07 14:00:00,315.378,316.288,315.018,316.077,33131500.2441
2020-08-07 15:00:00,314.127,315.458,312.697,315.378,35340248.1079
2020-08-07 16:00:00,314.908,314.928,313.987,314.128,27555250.1678
2020-08-07 17:00:00,313.847,314.938,313.558,314.907,25557249.0692
2020-08-07 18:00:00,314.557,314.677,313.597,313.848,30700000.7629
2020-08-07 19:00:00,316.118,316.158,314.508,314.558,31492500.3052
2020-08-09 13:00:00,336.688,336.968,333.837,336.657,195108245.8496
2020-08-09 14:00:00,335.838,338.038,334.787,336.678,376226501.4648
2020-08-09 15:00:00,335.468,337.348,334.387,335.887,358979248.0469
2020-08-09 16:00:00,336.757,336.968,335.288,335.477,275387237.5488
2020-08-09 17:00:00,337.178,337.728,336.017,336.748,218228500.3662
2020-08-09 18:00:00,334.477,337.538,333.017,337.188,236309005.7373
2020-08-09 19:00:00,333.248,335.498,332.868,334.488,303663238.5254
2020-08-10 13:00:00,343.138,343.188,342.297,342.807,111711997.9858
2020-08-10 14:00:00,342.997,343.558,342.287,343.148,185049255.3711
2020-08-10 15:00:00,342.428,343.488,341.857,342.978,177949005.127
2020-08-10 16:00:00,343.318,343.468,342.377,342.418,104159751.8921
2020-08-10 17:00:00,342.897,343.378,342.857,343.327,96287246.7041
2020-08-10 18:00:00,343.497,343.657,342.777,342.898,80520248.4131
2020-08-10 19:00:00,343.717,343.838,343.007,343.497,123261253.3569
2020-08-12 14:00:00,368.477,368.528,367.637,367.688,103823249.8169
2020-08-12 15:00:00,369.018,369.027,367.727,368.467,132397003.1738
2020-08-12 16:00:00,369.617,369.778,369.007,369.028,95290496.8262
2020-08-12 17:00:00,370.008,370.297,369.517,369.598,71638496.3989
2020-08-12 18:00:00,370.058,370.348,369.928,370.008,64281250.0
2020-08-12 19:00:00,370.228,370.768,369.917,370.068,72238250.7324
2020-08-12 20:00:00,370.148,370.378,369.927,370.237,94429252.6245
2020-09-01 14:00:00,325.997,326.468,325.647,326.147,17184000.0153
2020-09-01 15:00:00,326.457,326.548,325.697,325.987,22776750.5646
2020-09-01 16:00:00,326.518,326.588,326.078,326.458,18072000.5035
2020-09-01 17:00:00,326.038,326.598,325.507,326.517,19997999.1913
2020-09-01 18:00:00,326.187,326.368,325.738,326.048,18084249.4965
2020-09-01 19:00:00,326.487,326.728,326.157,326.188,15858249.6643
2020-09-01 20:00:00,326.598,326.668,326.107,326.488,17509500.5035
2020-09-03 13:00:00,279.758,281.598,273.497,275.21,10086999.8932
2020-09-03 14:00:00,278.637,282.568,278.347,279.758,47459381.1035
2020-09-03 15:00:00,282.668,284.068,278.017,278.628,49169498.4436
2020-09-03 16:00:00,279.698,284.128,279.008,282.678,47173751.8311
2020-09-03 17:00:00,275.827,280.698,275.327,279.687,42660499.5728
2020-09-03 18:00:00,276.588,277.618,273.457,275.817,50747501.3733
2020-09-03 19:00:00,274.418,279.288,274.418,276.597,55907001.4954
2020-09-04 13:00:00,280.488,280.588,276.848,277.538,31735500.3357
2020-09-04 14:00:00,279.368,280.548,277.047,280.488,59466999.054
2020-09-04 15:00:00,279.417,279.758,277.107,279.337,55628250.1221
2020-09-04 16:00:00,280.577,280.928,279.117,279.417,45304248.8098
2020-09-04 17:00:00,279.867,281.188,278.877,280.577,44923000.3357
2020-09-04 18:00:00,276.587,279.968,275.467,279.867,53755500.7935
2020-09-04 19:00:00,278.138,278.928,275.988,276.577,56377540.5884
2020-09-06 13:00:00,319.758,320.738,319.647,320.258,25799749.3744
2020-09-06 14:00:00,321.358,321.678,319.357,319.757,44282501.2207
2020-09-06 15:00:00,320.608,321.737,320.457,321.357,40693248.7488
2020-09-06 16:00:00,321.397,321.438,320.167,320.617,29794750.2136
2020-09-06 17:00:00,321.958,322.208,321.257,321.397,26901750.5646
2020-09-06 18:00:00,321.698,322.068,320.947,321.957,33417751.3123
2020-09-06 19:00:00,320.737,322.357,320.467,321.697,37274250.0305
2020-09-07 13:00:00,316.088,317.088,315.327,316.798,20969749.4507
2020-09-07 14:00:00,311.938,316.388,311.817,316.078,40616500.8545
2020-09-07 15:00:00,312.228,312.578,310.658,311.927,43644500.7324
2020-09-07 16:00:00,313.477,313.608,312.068,312.238,32135749.8169
2020-09-07 17:00:00,313.378,314.388,313.208,313.478,28100999.8322
2020-09-07 18:00:00,314.867,314.898,313.168,313.368,27715250.0153
2020-09-07 19:00:00,314.407,315.518,313.267,314.868,35458000.1831
2020-09-09 13:00:00,338.128,338.138,336.607,337.537,162418502.8076
2020-09-09 14:00:00,339.358,339.857,338.097,338.167,261675262.4512
2020-09-09 15:00:00,340.258,340.548,338.897,339.357,201926742.5537
2020-09-09 16:00:00,341.138,341.378,340.107,340.268,137787750.2441
2020-09-09 17:00:00,341.147,342.218,341.028,341.147,149126998.9014
2020-09-09 18:00:00,341.658,341.978,340.698,341.148,157018753.0518
2020-09-09 19:00:00,339.748,342.458,339.617,341.647,202106002.8076
2020-09-10 13:00:00,345.538,346.078,345.107,345.557,90989501.9531
2020-09-10 14:00:00,345.548,345.678,344.877,345.557,128373001.0986
2020-09-10 15:00:00,346.967,347.178,345.547,345.567,116544998.1689
2020-09-10 16:00:00,346.667,347.338,346.517,346.957,120222000.1221
2020-09-10 17:00:00,346.897,346.898,346.387,346.658,83898246.7651
2020-09-10 18:00:00,346.348,346.908,345.947,346.897,88765502.9297
2020-09-10 19:00:00,346.828,346.978,346.117,346.337,117338249.2065
2020-09-11 14:00:00,360.537,364.327,360.377,363.908,193326507.5684
2020-09-11 15:00:00,360.338,362.967,358.998,360.527,350216491.6992
2020-09-11 16:00:00,359.647,360.617,358.658,360.357,315888000.4883
2020-09-11 17:00:00,361.508,361.688,359.407,359.658,265608489.9902
2020-09-11 18:00:00,361.127,362.127,360.697,361.498,203564498.9014
2020-09-11 19:00:00,359.637,361.288,358.867,361.118,236513504.0283
2020-09-11 20:00:00,354.528,360.347,354.057,359.628,275332489.0137
2020-09-12 14:00:00,370.808,371.038,370.387,370.837,86140998.8403
2020-09-12 15:00:00,369.928,370.818,369.397,370.797,161145492.5537
2020-09-12 16:00:00,369.707,369.948,369.007,369.928,155684997.5586
2020-09-12 17:00:00,368.518,369.728,367.737,369.728,148731506.3477
2020-09-12 18:00:00,366.037,368.567,365.967,368.507,241370742.7979
2020-09-12 19:00:00,366.818,367.538,366.028,366.028,231097000.1221
2020-09-12 20:00:00,366.988,367.978,365.938,366.797,201423248.291
2020-10-01 14:00:00,327.148,327.428,326.567,327.278,16079500.1984
2020-10-01 15:00:00,327.198,327.448,326.907,327.148,23925750.7324
2020-10-01 16:00:00,326.567,327.298,326.407,327.198,19276750.5646
2020-10-01 17:00:00,326.488,326.618,325.918,326.578,19803249.3591
2020-10-01 18:00:00,326.747,326.878,326.448,326.497,11893250.4654
2020-10-01 19:00:00,326.277,326.788,326.037,326.757,14947999.9542
2020-10-01 20:00:00,325.668,326.308,325.197,326.268,21078750.6104
2020-10-02 14:00:00,332.768,332.788,331.188,331.198,16354499.8169
2020-10-02 15:00:00,333.318,333.688,332.727,332.768,27265750.885
2020-10-02 16:00:00,333.367,333.698,333.117,333.317,19786500.9308
2020-10-02 17:00:00,333.038,333.368,332.877,333.368,16553249.3591
2020-10-02 18:00:00,333.188,333.358,332.997,333.037,13707750.3204
2020-10-02 19:00:00,333.788,333.798,333.007,333.187,13496000.2899
2020-10-02 20:00:00,334.667,334.668,333.767,333.787,18010499.9542
2020-10-03 13:00:00,282.628,285.148,280.898,284.488,23413249.9695
2020-10-03 14:00:00,278.588,284.748,278.538,282.628,42283500.6714
2020-10-03 15:00:00,275.447,280.308,273.487,278.558,45972198.4863
2020-10-03 16:00:00,278.348,280.267,275.448,275.448,45633750.9155
2020-10-03 17:00:00,277.168,280.878,276.467,278.347,40952999.115
2020-10-03 18:00:00,282.468,283.668,276.098,277.177,42914249.4202
2020-10-03 19:00:00,288.308,288.338,282.018,282.468,44562751.77
2020-10-06 13:00:00,320.287,321.778,319.597,321.398,25552999.4965
2020-10-06 14:00:00,318.688,320.578,318.217,320.278,46522998.8098
2020-10-06 15:00:00,319.738,320.148,318.547,318.687,41354000.0916
2020-10-06 16:00:00,320.227,320.498,319.368,319.737,30655500.412
2020-10-06 17:00:00,319.847,320.498,319.787,320.217,29404249.1913
2020-10-06 18:00:00,319.928,322.378,318.937,319.847,53204750.061
2020-10-06 19:00:00,318.907,321.467,318.878,319.928,49650249.4812
2020-10-07 13:00:00,313.977,315.068,313.448,314.198,23407749.176
2020-10-07 14:00:00,315.078,315.588,312.757,313.968,39848751.0681
2020-10-07 15:00:00,315.838,315.908,314.487,315.077,30503499.9847
2020-10-07 16:00:00,315.818,316.108,314.898,315.828,25461000.4425
2020-10-07 17:00:00,316.498,316.658,315.618,315.818,21680250.1678
2020-10-07 18:00:00,316.908,316.938,316.177,316.508,20547000.885
2020-10-07 19:00:00,317.668,317.858,316.507,316.898,26646499.6338
2020-10-08 13:00:00,335.108,335.578,334.967,335.038,17750999.4507
2020-10-08 14:00:00,333.178,335.388,333.157,335.107,34535751.3428
2020-10-08 15:00:00,334.908,335.008,332.947,333.178,32370250.7019
2020-10-08 16:00:00,335.128,335.258,334.337,334.917,26261499.4049
2020-10-08 17:00:00,335.077,335.428,334.898,335.127,24121999.7406
2020-10-08 18:00:00,335.478,335.498,334.777,335.087,23489000.3204
2020-10-08 19:00:00,335.557,335.758,334.848,335.477,27774999.6185
2020-10-09 13:00:00,341.608,342.418,341.187,341.778,151253997.8027
2020-10-09 14:00:00,338.788,342.507,338.617,341.597,261461486.8164
2020-10-09 15:00:00,339.417,340.808,338.108,338.788,279829986.5723
2020-10-09 16:00:00,338.498,339.948,337.327,339.448,266341003.418
2020-10-09 17:00:00,337.747,339.587,337.568,338.497,221872497.5586
2020-10-09 18:00:00,336.018,338.498,334.097,337.728,308356506.3477
2020-10-09 19:00:00,333.867,336.098,332.848,336.018,322693237.3047
2020-10-11 14:00:00,353.568,354.397,351.898,353.438,172205001.8311
2020-10-11 15:00:00,351.678,354.547,350.577,353.558,315069763.1836
2020-10-11 16:00:00,353.547,354.247,351.557,351.668,262299499.5117
2020-10-11 17:00:00,354.247,355.168,353.468,353.557,240967742.9199
2020-10-11 18:00:00,354.058,354.688,352.217,354.248,221490005.4932
2020-10-11 19:00:00,353.967,354.607,352.857,354.037,273998748.7793
2020-10-11 20:00:00,354.088,354.798,353.238,353.977,263380249.0234
2020-10-12 14:00:00,367.168,367.368,364.417,365.318,140171752.9297
2020-10-12 15:00:00,367.448,367.698,366.547,367.178,201953994.751
2020-10-12 16:00:00,366.368,367.838,366.187,367.438,163072250.3662
2020-10-12 17:00:00,366.487,367.238,366.208,366.358,141003005.9814
2020-10-12 18:00:00,366.578,367.368,366.347,366.488,133244995.1172
2020-10-12 19:00:00,366.007,366.787,365.737,366.588,150373992.9199
2020-10-12 20:00:00,366.697,367.468,365.947,366.007,143731246.9482
2020-11-02 14:00:00,336.008,336.288,335.487,336.148,14770000.4578
2020-11-02 15:00:00,336.538,337.008,336.007,336.007,21371250.1526
2020-11-02 16:00:00,335.837,336.708,335.617,336.527,24185749.054
2020-11-02 17:00:00,336.278,336.288,335.757,335.838,18541000.3662
2020-11-02 18:00:00,335.858,336.468,335.607,336.287,15748999.5956
2020-11-02 19:00:00,335.487,335.918,335.277,335.857,22091999.054
2020-11-02 20:00:00,335.278,335.668,334.737,335.497,25603000.6409
2020-11-03 13:00:00,280.458,281.907,279.078,280.647,27101749.4202
2020-11-03 14:00:00,278.338,281.468,277.228,280.447,44724750.5188
2020-11-03 15:00:00,277.938,279.408,276.177,278.338,43047000.885
2020-11-03 16:00:00,276.507,280.718,275.548,277.958,41696250.9155
2020-11-03 17:00:00,275.957,277.018,274.697,276.488,39460651.3977
2020-11-03 18:00:00,273.668,276.418,273.337,275.947,41780998.23
2020-11-03 19:00:00,274.387,276.308,270.888,273.677,54063251.4954
2020-11-05 13:00:00,290.448,291.208,289.868,290.308,24128499.9847
2020-11-05 14:00:00,290.867,291.387,290.367,290.437,42328498.8403
2020-11-05 15:00:00,291.928,291.988,290.817,290.867,36695251.4648
2020-11-05 16:00:00,292.987,293.068,291.698,291.928,29707750.3204
2020-11-05 17:00:00,293.337,293.988,292.757,292.967,31867500.3052
2020-11-05 18:00:00,293.488,293.728,292.697,293.348,34144248.9624
2020-11-05 19:00:00,292.538,293.988,292.528,293.488,38140251.1597
2020-11-06 13:00:00,311.648,312.107,310.007,311.447,30194749.8322
2020-11-06 14:00:00,309.078,311.938,308.917,311.647,52243251.8005
2020-11-06 15:00:00,307.997,309.547,307.157,309.087,52640499.115
2020-11-06 16:00:00,304.197,307.998,303.747,307.987,55318500.5188
2020-11-06 17:00:00,304.718,305.848,303.768,304.198,52150749.2065
2020-11-06 18:00:00,301.767,304.758,301.057,304.708,54269500.7324
2020-11-06 19:00:00,300.427,302.868,299.998,301.757,61201000.2136
2020-11-08 13:00:00,336.377,337.258,336.248,336.837,21572500.2289
2020-11-08 14:00:00,336.638,336.818,335.538,336.388,36172248.8403
2020-11-08 15:00:00,336.618,337.198,336.407,336.637,29154249.1913
2020-11-08 16:00:00,336.977,337.178,336.237,336.618,24605749.1302
2020-11-08 17:00:00,337.218,337.528,336.797,336.978,23450000.7629
2020-11-08 18:00:00,336.288,337.368,335.737,337.227,30214250.5646
2020-11-08 19:00:00,332.817,336.368,331.998,336.288,44074748.9929
2020-11-09 13:00:00,334.158,336.508,333.927,335.778,176674255.3711
2020-11-09 14:00:00,335.608,336.588,333.707,334.138,311206512.4512
2020-11-09 15:00:00,334.778,336.958,334.697,335.627,246350250.2441
2020-11-09 16:00:00,333.128,335.847,333.047,334.798,247354248.0469
2020-11-09 17:00:00,331.467,333.517,330.997,333.138,275420989.9902
2020-11-09 18:00:00,333.598,334.308,331.108,331.487,252246994.0186
2020-11-09 19:00:00,334.047,335.338,332.337,333.597,269576751.709
2020-11-11 14:00:00,355.278,356.578,355.107,356.368,150365005.4932
2020-11-11 15:00:00,355.978,356.298,355.117,355.277,265885742.1875
2020-11-11 16:00:00,356.898,356.928,355.767,355.977,158328002.9297
2020-11-11 17:00:00,357.087,357.348,356.708,356.897,119470252.9907
2020-11-11 18:00:00,356.688,357.557,356.617,357.098,114835502.6245
2020-11-11 19:00:00,355.718,357.268,355.057,356.697,160738006.5918
2020-11-11 20:00:00,356.647,356.877,355.297,355.718,180692245.4834
2020-11-12 14:00:00,365.077,365.328,364.267,364.867,127585998.5352
2020-11-12 15:00:00,364.977,365.907,364.647,365.057,191466506.958
2020-11-12 16:00:00,364.318,365.318,363.748,364.977,150640747.0703
2020-11-12 17:00:00,364.227,364.518,363.247,364.327,141972503.6621
2020-11-12 18:00:00,365.657,365.937,364.137,364.227,107969497.6807
2020-11-12 19:00:00,365.668,366.188,365.388,365.677,140280746.46
2020-11-12 20:00:00,366.288,366.548,365.438,365.668,134629501.3428
2020-12-02 14:00:00,336.978,337.268,336.607,336.807,17839250.5646
2020-12-02 15:00:00,336.568,337.188,336.418,336.988,30843500.1373
2020-12-02 16:00:00,336.988,337.188,336.567,336.568,20365749.3591
2020-12-02 17:00:00,336.988,337.218,336.797,336.987,15683250.4272
2020-12-02 18:00:00,336.977,337.038,336.518,336.998,13362000.4654
2020-12-02 19:00:00,337.188,337.308,336.928,336.978,13674249.649
2020-12-02 20:00:00,337.408,337.638,336.907,337.187,17445249.5575
2020-12-03 13:00:00,258.568,259.078,249.647,255.898,12581749.9161
2020-12-03 14:00:00,257.747,258.767,253.237,258.588,57804748.5352
2020-12-03 15:00:00,252.787,257.788,251.138,257.738,52515499.115
2020-12-03 16:00:00,259.898,261.908,250.347,252.798,52896251.6785
2020-12-03 17:00:00,257.108,266.638,253.188,259.957,57715499.8779
2020-12-03 18:00:00,252.058,257.967,251.868,257.107,51274749.7559
2020-12-03 19:00:00,247.938,255.138,247.868,252.087,53542499.5422
2020-12-05 13:00:00,292.267,294.217,291.537,293.767,25937999.7253
2020-12-05 14:00:00,292.517,292.748,291.597,292.257,46348251.3428
2020-12-05 15:00:00,292.497,293.098,291.947,292.527,39820751.1902
2020-12-05 16:00:00,292.498,292.628,291.987,292.507,34230251.3123
2020-12-05 17:00:00,291.457,292.548,290.487,292.488,37701499.939
2020-12-05 18:00:00,291.038,291.548,290.227,291.458,38983001.709
2020-12-05 19:00:00,286.558,291.117,286.547,291.037,46646999.3591
2020-12-06 13:00:00,307.608,309.058,307.048,308.187,30253000.2594
2020-12-06 14:00:00,302.677,308.408,302.658,307.608,58393501.2817
2020-12-06 15:00:00,305.218,305.268,300.477,302.667,62009998.3215
2020-12-06 16:00:00,303.787,305.877,302.577,305.207,43851501.4648
2020-12-06 17:00:00,298.837,304.008,298.737,303.807,57276748.6572
2020-12-06 18:00:00,302.078,302.627,298.587,298.857,61143249.5117
2020-12-06 19:00:00,304.158,305.048,301.048,302.088,61170249.939
2020-12-08 13:00:00,336.388,336.458,335.377,335.418,19781000.1373
2020-12-08 14:00:00,337.258,337.478,336.108,336.368,33845001.2207
2020-12-08 15:00:00,337.228,337.628,336.888,337.257,28724000.9308
2020-12-08 16:00:00,337.068,337.808,337.007,337.217,21426000.5951
2020-12-08 17:00:00,337.878,337.898,336.538,337.058,21782749.176
2020-12-08 18:00:00,337.858,337.958,337.537,337.878,19913499.8322
2020-12-08 19:00:00,337.418,338.268,337.237,337.857,26055000.3052
2020-12-10 13:00:00,349.408,349.807,349.047,349.538,99870002.7466
2020-12-10 14:00:00,350.708,350.928,349.217,349.417,139186752.3193
2020-12-10 15:00:00,351.717,352.098,350.707,350.707,114514747.6196
2020-12-10 16:00:00,352.818,353.297,351.647,351.718,123831748.9624
2020-12-10 17:00:00,353.297,353.778,352.557,352.827,124222251.8921
2020-12-10 18:00:00,353.487,354.008,353.257,353.297,132601257.3242
2020-12-10 19:00:00,352.408,353.748,352.087,353.507,177688995.3613
2020-12-11 14:00:00,355.328,355.838,354.667,355.558,143965255.7373
2020-12-11 15:00:00,355.997,356.378,354.948,355.327,215462997.4365
2020-12-11 16:00:00,355.238,356.408,354.697,355.998,176878250.1221
2020-12-11 17:00:00,353.248,355.618,352.497,355.228,187511001.5869
2020-12-11 18:00:00,353.448,353.488,351.957,353.258,223566253.6621
2020-12-11 19:00:00,352.008,353.868,351.817,353.448,211753005.9814
2020-12-11 20:00:00,353.257,353.308,351.248,352.028,242293243.4082
2021-01-02 14:00:00,372.558,374.377,371.417,373.717,163340255.7373
2021-01-02 15:00:00,372.828,373.977,371.658,372.557,286578002.9297
2021-01-02 16:00:00,375.108,375.788,372.237,372.828,205080001.8311
2021-01-02 17:00:00,376.447,376.477,375.118,375.118,157221496.582
2021-01-02 18:00:00,376.418,376.698,375.807,376.448,131414505.0049
2021-01-02 19:00:00,376.877,377.327,376.047,376.427,106613746.6431
2021-01-02 20:00:00,376.087,377.277,376.087,376.887,167485244.751
2021-01-03 14:00:00,386.928,387.028,385.537,385.537,148866256.7139
2021-01-03 15:00:00,388.977,389.128,386.468,387.047,229460494.9951
2021-01-03 16:00:00,389.368,389.488,388.397,388.978,142809249.8779
2021-01-03 17:00:00,388.907,389.667,388.747,389.378,114301750.1831
2021-01-03 18:00:00,389.508,389.667,388.248,388.927,89238502.5024
2021-01-03 19:00:00,390.518,390.908,389.397,389.538,103941253.6621
2021-01-03 20:00:00,389.508,390.708,388.987,390.517,131993255.6152
2021-01-04 13:00:00,398.397,398.758,398.107,398.368,56492248.5352
2021-01-04 14:00:00,399.298,399.307,398.237,398.438,88920753.479
2021-01-04 15:00:00,399.168,399.577,399.048,399.278,84519752.5024
2021-01-04 16:00:00,399.717,399.838,399.137,399.178,51739498.1384
2021-01-04 17:00:00,399.647,399.848,399.317,399.717,35890499.115
2021-01-04 18:00:00,399.927,399.988,399.597,399.638,32371498.1079
2021-01-04 19:00:00,400.527,400.658,399.408,399.907,55700248.7183
2021-01-06 13:00:00,421.297,422.706,420.977,422.557,82325500.4883
2021-01-06 14:00:00,419.817,421.507,419.437,421.287,204854507.4463
2021-01-06 15:00:00,420.286,420.467,419.547,419.807,116371246.3379
2021-01-06 16:00:00,419.816,420.357,419.676,420.297,95217002.8687
2021-01-06 17:00:00,419.596,419.826,419.196,419.807,89827247.6196
2021-01-06 18:00:00,420.316,420.367,419.456,419.577,64244499.2065
2021-01-06 19:00:00,419.616,420.347,419.446,420.327,83855751.0376
2021-01-07 13:00:00,429.316,429.476,428.786,428.837,77835250.8545
2021-01-07 14:00:00,429.467,429.727,429.096,429.327,90982246.3989
2021-01-07 15:00:00,429.526,429.706,428.856,429.476,94629501.3428
2021-01-07 16:00:00,429.486,429.647,429.396,429.537,55473999.0234
2021-01-07 17:00:00,429.906,430.197,429.416,429.476,53538249.9695
2021-01-07 18:00:00,430.376,430.397,429.807,429.907,46060249.3286
2021-01-07 19:00:00,430.457,430.587,430.036,430.386,52555500.0305
2021-01-09 13:00:00,451.987,452.667,451.807,452.547,101102302.5513
2021-01-09 14:00:00,452.586,452.617,451.966,451.987,138646362.3047
2021-01-09 15:00:00,452.367,452.657,452.106,452.577,78739738.4644
2021-01-09 16:00:00,452.966,452.986,452.336,452.357,46289848.3276
2021-01-09 17:00:00,453.027,453.107,452.846,452.956,32747634.8877
2021-01-09 18:00:00,452.326,453.046,452.226,453.026,44815528.8696
2021-01-09 19:00:00,451.846,452.457,451.537,452.337,97803794.8608
2021-01-10 13:00:00,429.386,431.607,428.796,430.976,179586471.5576
2021-01-10 14:00:00,429.177,430.307,427.216,429.386,334063110.3516
2021-01-10 15:00:00,431.436,432.087,428.267,429.106,290861114.502
2021-01-10 16:00:00,431.417,431.937,430.736,431.427,231620330.8105
2021-01-10 17:00:00,433.287,433.877,430.976,431.427,190325881.958
2021-01-10 18:00:00,434.737,434.926,433.296,433.297,145886642.4561
2021-01-10 19:00:00,434.217,436.027,433.567,434.746,175895477.2949
2021-01-11 13:00:00,459.257,460.696,459.136,460.276,122013313.2935
2021-01-11 14:00:00,458.566,459.387,458.196,459.256,236635559.082
2021-01-11 15:00:00,459.477,459.507,458.506,458.566,126282562.2559
2021-01-11 16:00:00,459.956,459.987,459.366,459.487,76506706.2378
2021-01-11 17:00:00,458.817,460.006,458.666,459.967,105735641.4795
2021-01-11 18:00:00,459.197,459.307,458.196,458.797,120740242.0044
2021-01-11 19:00:00,460.066,460.206,458.946,459.186,105362579.3457
2021-01-12 14:00:00,461.446,461.817,460.227,461.577,131005065.918
2021-01-12 15:00:00,463.377,463.536,461.206,461.456,273106658.9355
2021-01-12 16:00:00,462.676,464.657,462.226,463.386,254276519.7754
2021-01-12 17:00:00,460.386,463.797,460.256,462.667,266604370.1172
2021-01-12 18:00:00,459.096,461.177,457.376,460.396,241638214.1113
2021-01-12 19:00:00,457.477,459.357,456.846,459.107,257293090.8203
2021-01-12 20:00:00,450.446,457.817,450.436,457.477,291193206.7871
2021-02-02 14:00:00,380.878,381.198,379.568,379.597,133595001.2207
2021-02-02 15:00:00,382.058,382.527,380.867,380.877,220652496.3379
2021-02-02 16:00:00,383.017,383.088,381.927,382.068,137665252.6855
2021-02-02 17:00:00,382.977,383.207,382.507,383.027,97018997.1924
2021-02-02 18:00:00,382.617,383.067,382.217,382.997,80499496.46
2021-02-02 19:00:00,383.098,383.128,382.457,382.618,76280502.3193
2021-02-02 20:00:00,381.417,383.108,381.358,383.098,137241500.8545
2021-02-03 14:00:00,389.287,390.058,388.188,389.788,131664001.4648
2021-02-03 15:00:00,388.127,389.718,387.067,389.278,298588989.2578
2021-02-03 16:00:00,387.517,388.387,386.577,388.107,287546508.7891
2021-02-03 17:00:00,388.628,389.068,387.207,387.508,172101501.4648
2021-02-03 18:00:00,389.227,389.728,388.637,388.638,150871505.7373
2021-02-03 19:00:00,389.028,389.528,388.138,389.217,180428497.3145
2021-02-03 20:00:00,386.537,389.348,386.287,389.018,212503005.9814
2021-02-06 13:00:00,420.387,420.677,419.536,420.357,92439498.9014
2021-02-06 14:00:00,420.686,420.967,420.226,420.397,153090255.7373
2021-02-06 15:00:00,420.837,421.216,420.497,420.677,107242248.5352
2021-02-06 16:00:00,420.426,420.897,420.126,420.836,85264251.709
2021-02-06 17:00:00,419.776,420.517,419.556,420.417,97049751.2817
2021-02-06 18:00:00,419.887,420.027,419.286,419.777,108340499.8779
2021-02-06 19:00:00,420.297,420.447,419.576,419.867,108970497.1313
2021-02-07 13:00:00,431.806,431.917,431.316,431.646,71139503.479
2021-02-07 14:00:00,431.886,431.957,431.596,431.797,87524246.2158
2021-02-07 15:00:00,432.436,432.607,431.836,431.876,54180500.0305
2021-02-07 16:00:00,433.256,433.287,432.326,432.437,43916000.3662
2021-02-07 17:00:00,433.296,433.477,433.016,433.257,43065750.1221
2021-02-07 18:00:00,433.246,433.547,433.176,433.297,36130748.7488
2021-02-07 19:00:00,433.746,434.087,433.186,433.246,54381500.2441
2021-02-08 13:00:00,440.216,440.916,440.056,440.306,114676475.5249
2021-02-08 14:00:00,439.976,440.747,439.667,440.176,185183486.9385
2021-02-08 15:00:00,438.837,440.387,438.767,439.987,142100738.5254
2021-02-08 16:00:00,438.807,439.147,438.186,438.846,159524734.4971
2021-02-08 17:00:00,438.556,439.206,438.175,438.817,109453636.1694
2021-02-08 18:00:00,438.777,438.956,438.386,438.547,113358741.7603
2021-02-08 19:00:00,437.576,438.887,437.296,438.776,127668533.3252
2021-02-09 13:00:00,453.386,454.037,453.237,453.316,78222427.3682
2021-02-09 14:00:00,453.456,453.707,453.046,453.396,128647827.1484
2021-02-09 15:00:00,453.466,453.756,453.256,453.467,69379402.1606
2021-02-09 16:00:00,453.377,453.516,453.066,453.456,68124549.8657
2021-02-09 17:00:00,452.356,453.437,452.237,453.366,82712173.4619
2021-02-09 18:00:00,452.707,452.787,451.896,452.347,121785186.7676
2021-02-09 19:00:00,453.187,453.206,452.096,452.707,116910667.4194
2021-02-11 13:00:00,461.146,461.276,460.076,460.176,104787193.2983
2021-02-11 14:00:00,461.587,461.717,460.726,461.157,165310516.3574
2021-02-11 15:00:00,461.397,462.207,461.246,461.606,126062141.4185
2021-02-11 16:00:00,461.937,462.086,461.056,461.406,101906990.0513
2021-02-11 17:00:00,461.636,462.057,461.296,461.936,84813392.6392
2021-02-11 18:00:00,461.906,461.917,461.216,461.637,91898101.8066
2021-02-11 19:00:00,461.866,462.036,461.366,461.896,98773086.5479
2021-02-12 14:00:00,455.867,455.877,450.306,450.676,176786499.0234
2021-02-12 15:00:00,454.896,456.326,451.936,455.836,334533996.582
2021-02-12 16:00:00,456.687,457.026,454.167,454.846,289867004.3945
2021-02-12 17:00:00,457.586,458.347,456.276,456.657,241160751.3428
2021-02-12 18:00:00,458.257,458.337,456.127,457.586,215646255.4932
2021-02-12 19:00:00,457.746,458.697,457.076,458.266,191005752.5635
2021-02-12 20:00:00,457.416,459.047,456.226,457.757,233052749.6338
2021-03-02 14:00:00,382.878,382.908,381.768,382.397,141942001.3428
2021-03-02 15:00:00,381.647,383.037,380.477,382.898,253543746.9482
2021-03-02 16:00:00,382.677,382.758,381.417,381.657,172748992.9199
2021-03-02 17:00:00,382.867,382.968,382.187,382.677,101758247.3755
2021-03-02 18:00:00,383.298,383.358,382.628,382.868,91374000.5493
2021-03-02 19:00:00,383.007,383.687,383.007,383.297,93327247.6196
2021-03-02 20:00:00,381.837,383.178,381.827,383.007,159485244.751
2021-03-03 14:00:00,384.507,386.828,384.327,385.747,160295257.5684
2021-03-03 15:00:00,385.138,385.428,383.137,384.448,314803497.3145
2021-03-03 16:00:00,385.407,386.447,384.768,385.128,224975753.7842
2021-03-03 17:00:00,384.578,385.608,384.527,385.438,191861251.8311
2021-03-03 18:00:00,384.128,385.818,383.777,384.567,200366256.7139
2021-03-03 19:00:00,384.028,384.307,382.228,384.117,254565994.2627
2021-03-03 20:00:00,381.427,384.348,381.298,384.037,254807495.1172
2021-03-05 13:00:00,419.466,419.836,418.606,419.427,73799247.7417
2021-03-05 14:00:00,418.787,419.737,418.586,419.467,138746246.3379
2021-03-05 15:00:00,418.806,418.957,418.136,418.777,111056251.5259
2021-03-05 16:00:00,418.456,418.806,418.176,418.796,80539497.3755
2021-03-05 17:00:00,418.567,418.697,418.257,418.466,63539249.4202
2021-03-05 18:00:00,419.107,419.257,418.556,418.556,53577751.1597
2021-03-05 19:00:00,418.126,419.127,417.656,419.116,63857250.2136
2021-03-06 13:00:00,417.156,418.207,416.267,417.846,121830497.7417
2021-03-06 14:00:00,419.316,419.347,417.016,417.127,242287246.7041
2021-03-06 15:00:00,419.416,419.977,419.066,419.326,163416503.9063
2021-03-06 16:00:00,419.566,419.737,418.927,419.437,122635498.0469
2021-03-06 17:00:00,419.516,419.887,418.877,419.557,125660751.3428
2021-03-06 18:00:00,418.757,419.597,418.727,419.517,107976997.3755
2021-03-06 19:00:00,418.787,419.437,418.736,418.746,114919998.1689
2021-03-08 13:00:00,436.396,438.666,436.306,438.406,132485671.9971
2021-03-08 14:00:00,437.457,438.127,436.096,436.396,250989929.1992
2021-03-08 15:00:00,439.737,439.827,437.036,437.446,208949554.4434
2021-03-08 16:00:00,439.787,439.827,439.047,439.747,102833030.7007
2021-03-08 17:00:00,440.187,440.277,439.786,439.786,83735885.6201
2021-03-08 18:00:00,440.457,440.627,439.847,440.196,98794761.6577
2021-03-08 19:00:00,441.126,441.257,440.447,440.447,98651504.5166
2021-03-09 13:00:00,452.407,452.796,451.546,451.936,129669540.4053
2021-03-09 14:00:00,452.546,452.987,452.116,452.426,182461441.04
2021-03-09 15:00:00,452.576,453.037,452.376,452.537,114491111.7554
2021-03-09 16:00:00,452.707,452.877,452.477,452.587,68070426.9409
2021-03-09 17:00:00,453.396,453.457,452.697,452.706,47984859.4666
2021-03-09 18:00:00,453.367,453.457,453.196,453.396,56850086.2122
2021-03-09 19:00:00,453.056,453.626,452.847,453.367,48851867.6758
2021-03-11 13:00:00,461.376,461.567,460.827,461.266,110067283.6304
2021-03-11 14:00:00,461.446,461.557,460.816,461.376,162328643.7988
2021-03-11 15:00:00,461.416,461.496,461.026,461.426,107911811.8286
2021-03-11 16:00:00,461.297,461.527,461.186,461.406,69533027.6489
2021-03-11 17:00:00,461.117,461.397,460.946,461.287,56839527.1301
2021-03-11 18:00:00,463.916,464.207,460.867,461.127,209312789.917
2021-03-11 19:00:00,464.716,465.127,463.716,463.917,168403076.1719
2021-03-12 14:00:00,455.417,460.287,455.116,459.117,208943496.7041
2021-03-12 15:00:00,451.957,456.126,451.616,455.386,351228485.1074
2021-03-12 16:00:00,450.496,453.606,450.406,451.977,326644744.873
2021-03-12 17:00:00,451.786,453.227,450.117,450.526,282786499.0234
2021-03-12 18:00:00,450.517,453.126,450.306,451.747,261916259.7656
2021-03-12 19:00:00,449.636,451.487,449.426,450.486,268865264.8926
2021-03-12 20:00:00,453.437,453.647,448.916,449.636,287278747.5586
2021-04-01 14:00:00,373.497,375.208,373.097,375.147,129637252.8076
2021-04-01 15:00:00,369.978,373.728,369.787,373.498,252167755.127
2021-04-01 16:00:00,366.947,370.428,366.677,369.988,290305511.4746
2021-04-01 17:00:00,366.268,367.257,364.798,366.938,279047760.0098
2021-04-01 18:00:00,368.587,368.628,366.048,366.278,178096252.4414
2021-04-01 19:00:00,367.967,368.618,366.568,368.578,204290756.2256
2021-04-01 20:00:00,368.828,369.438,367.047,367.928,236150497.4365
2021-04-02 14:00:00,383.898,383.898,382.767,382.918,126501998.9014
2021-04-02 15:00:00,384.257,384.418,383.547,383.908,185361755.3711
2021-04-02 16:00:00,384.578,384.748,384.167,384.248,122217750.5493
2021-04-02 17:00:00,384.737,384.997,384.557,384.577,77129501.3428
2021-04-02 18:00:00,385.187,385.338,384.697,384.728,60756999.9695
2021-04-02 19:00:00,385.318,385.448,385.067,385.198,62014999.3896
2021-04-02 20:00:00,386.158,386.218,384.957,385.317,96330497.7417
2021-04-03 14:00:00,380.868,383.368,380.147,381.188,164143997.1924
2021-04-03 15:00:00,381.838,382.418,378.567,380.858,309121002.1973
2021-04-03 16:00:00,382.957,383.647,381.227,381.848,271848999.0234
2021-04-03 17:00:00,376.997,383.988,376.347,382.968,373090240.4785
2021-04-03 18:00:00,371.938,377.907,371.868,376.978,409535736.084
2021-04-03 19:00:00,377.227,377.457,371.917,371.918,356324005.127
2021-04-03 20:00:00,376.707,377.468,374.348,377.187,354982757.5684
2021-04-05 13:00:00,413.857,416.586,413.746,416.067,108188247.6807
2021-04-05 14:00:00,413.267,414.577,413.147,413.866,193569000.2441
2021-04-05 15:00:00,412.107,413.737,411.666,413.257,173937744.1406
2021-04-05 16:00:00,412.787,413.506,411.977,412.116,131218505.8594
2021-04-05 17:00:00,413.496,413.967,412.597,412.766,123710250.8545
2021-04-05 18:00:00,414.066,414.387,413.176,413.487,112808998.1079
2021-04-05 19:00:00,415.637,415.637,413.476,414.056,139051498.4131
2021-04-06 13:00:00,421.237,421.487,420.646,420.747,89099998.4741
2021-04-06 14:00:00,421.707,421.857,421.227,421.247,120726997.3755
2021-04-06 15:00:00,421.577,422.007,421.456,421.707,74927749.6338
2021-04-06 16:00:00,421.866,421.887,421.456,421.587,51046249.3896
2021-04-06 17:00:00,422.146,422.187,421.756,421.867,43366249.0845
2021-04-06 18:00:00,422.486,422.637,422.137,422.156,48682750.7019
2021-04-06 19:00:00,422.556,422.907,422.326,422.496,53269248.9624
2021-04-08 13:00:00,439.906,440.186,439.456,439.757,106239402.771
2021-04-08 14:00:00,439.417,440.387,439.026,439.957,198607742.3096
2021-04-08 15:00:00,439.406,439.907,438.716,439.407,156258346.5576
2021-04-08 16:00:00,439.566,439.707,439.186,439.387,108257759.0942
2021-04-08 17:00:00,439.826,440.097,439.546,439.566,75660583.4961
2021-04-08 18:00:00,439.687,440.267,439.586,439.836,73679580.6885
2021-04-08 19:00:00,439.007,439.876,438.967,439.697,89475646.9727
2021-04-10 13:00:00,432.707,433.937,432.156,432.976,163041305.542
2021-04-10 14:00:00,428.016,433.157,427.066,432.697,319993835.4492
2021-04-10 15:00:00,428.387,428.807,426.347,428.016,269839538.5742
2021-04-10 16:00:00,427.226,428.577,426.656,428.366,210379776.001
2021-04-10 17:00:00,427.326,428.237,426.496,427.196,247096832.2754
2021-04-10 18:00:00,428.207,428.567,427.226,427.326,261112457.2754
2021-04-10 19:00:00,428.677,429.207,427.306,428.217,244908828.7354
2021-04-11 13:00:00,466.337,466.537,464.986,465.327,95866050.7202
2021-04-11 14:00:00,466.486,466.987,466.206,466.356,153177658.0811
2021-04-11 15:00:00,466.217,466.487,465.166,466.487,164353851.3184
2021-04-11 16:00:00,465.917,466.477,465.686,466.236,126215721.1304
2021-04-11 17:00:00,466.306,466.397,465.496,465.927,110278953.5522
2021-04-11 18:00:00,465.766,466.347,465.586,466.296,123159400.9399
2021-04-11 19:00:00,466.877,466.897,465.536,465.757,152628662.1094
2021-05-01 14:00:00,370.117,370.738,368.027,368.027,137645751.9531
2021-05-01 15:00:00,368.797,370.908,368.417,370.128,234484497.0703
2021-05-01 16:00:00,369.738,370.078,368.297,368.808,176826248.1689
2021-05-01 17:00:00,370.498,370.528,369.638,369.748,137318496.7041
2021-05-01 18:00:00,370.857,370.878,370.327,370.497,91798248.291
2021-05-01 19:00:00,371.418,372.467,370.868,370.868,118343750.0
2021-05-01 20:00:00,371.298,372.088,370.837,371.427,152215499.8779
2021-05-02 14:00:00,387.128,388.258,387.037,388.197,112863250.7324
2021-05-02 15:00:00,387.677,387.968,386.478,387.137,166012496.9482
2021-05-02 16:00:00,387.297,387.838,387.097,387.697,118865753.1738
2021-05-02 17:00:00,388.417,388.448,387.177,387.308,95838500.9766
2021-05-02 18:00:00,387.578,388.457,387.557,388.428,84722999.5728
2021-05-02 19:00:00,387.507,388.018,387.307,387.578,102625503.54
2021-05-02 20:00:00,387.658,387.798,387.167,387.508,134662506.1035
2021-05-03 14:00:00,377.297,380.557,375.787,380.387,201621994.0186
2021-05-03 15:00:00,375.358,379.198,374.908,377.338,400781250.0
2021-05-03 16:00:00,375.888,376.057,372.657,375.388,370143249.5117
2021-05-03 17:00:00,379.138,379.518,375.427,375.848,346390991.2109
2021-05-03 18:00:00,381.338,381.858,377.888,379.108,323721008.3008
2021-05-03 19:00:00,383.068,383.228,379.917,381.347,310992736.8164
2021-05-03 20:00:00,383.588,384.738,382.487,383.087,308554748.5352
2021-05-04 13:00:00,404.538,404.597,403.358,403.457,54312000.2747
2021-05-04 14:00:00,405.617,406.018,404.207,404.577,80430747.9858
2021-05-04 15:00:00,406.207,406.488,405.477,405.617,55655998.23
2021-05-04 16:00:00,406.347,406.927,406.157,406.208,49118251.8005
2021-05-04 17:00:00,406.578,406.598,406.077,406.357,42600749.9695
2021-05-04 18:00:00,406.107,406.817,406.097,406.558,53454750.061
2021-05-04 19:00:00,406.217,406.778,405.737,406.097,91613998.4131
2021-05-05 13:00:00,416.567,417.437,416.246,417.377,97808998.1079
2021-05-05 14:00:00,416.396,416.657,414.926,416.587,164177993.7744
2021-05-05 15:00:00,417.547,417.557,416.126,416.396,90155250.5493
2021-05-05 16:00:00,416.636,417.617,416.576,417.547,55779750.824
2021-05-05 17:00:00,416.866,417.117,416.326,416.647,66393753.0518
2021-05-05 18:00:00,416.697,417.207,416.427,416.896,83180252.0752
2021-05-05 19:00:00,415.727,416.817,415.136,416.706,155054244.9951
2021-05-08 13:00:00,440.786,440.797,439.857,440.197,97439247.1313
2021-05-08 14:00:00,440.966,441.066,440.327,440.787,128812561.0352
2021-05-08 15:00:00,440.877,441.107,440.766,440.967,85362289.4287
2021-05-08 16:00:00,440.447,441.007,440.436,440.887,58456161.499
2021-05-08 17:00:00,440.976,440.976,440.406,440.436,39392402.6489
2021-05-08 18:00:00,440.736,441.117,440.676,440.966,49744049.0723
2021-05-08 19:00:00,441.736,441.846,440.637,440.746,59104526.5198
2021-05-10 13:00:00,431.226,431.727,429.376,430.237,176573486.3281
2021-05-10 14:00:00,434.466,434.487,431.166,431.247,272931762.6953
2021-05-10 15:00:00,434.526,435.157,433.767,434.447,209597778.3203
2021-05-10 16:00:00,434.507,435.157,433.846,434.546,185496978.7598
2021-05-10 17:00:00,434.997,435.247,434.066,434.496,150229995.7275
2021-05-10 18:00:00,434.956,435.477,434.646,434.987,145149002.0752
2021-05-10 19:00:00,433.046,435.327,432.846,434.966,185915573.1201
2021-05-11 13:00:00,470.237,470.377,468.996,469.276,134002838.1348
2021-05-11 14:00:00,470.117,470.647,469.796,470.247,169644744.873
2021-05-11 15:00:00,469.306,470.307,469.306,470.127,124171905.5176
2021-05-11 16:00:00,468.917,469.657,468.756,469.316,118638305.6641
2021-05-11 17:00:00,468.176,469.097,466.906,468.917,181637542.7246
2021-05-11 18:00:00,468.667,468.787,467.966,468.167,142290054.3213
2021-05-11 19:00:00,468.506,469.147,467.967,468.677,161492172.2412
2021-06-01 14:00:00,372.208,372.398,369.117,369.698,155313995.3613
2021-06-01 15:00:00,375.088,375.737,371.917,372.207,226934005.7373
2021-06-01 16:00:00,375.398,376.148,375.017,375.098,173608505.249
2021-06-01 17:00:00,376.428,376.568,375.367,375.407,147981994.6289
2021-06-01 18:00:00,376.478,376.968,376.077,376.437,141703247.0703
2021-06-01 19:00:00,374.457,376.888,373.007,376.507,278915252.6855
2021-06-01 20:00:00,373.508,375.158,372.817,374.437,323695739.7461
2021-06-04 13:00:00,406.758,406.878,405.497,405.757,67505996.7041
2021-06-04 14:00:00,406.808,407.188,406.547,406.767,84855003.3569
2021-06-04 15:00:00,407.168,407.208,406.497,406.797,60066001.8921
2021-06-04 16:00:00,406.807,407.198,406.647,407.178,43046249.3896
2021-06-04 17:00:00,406.618,406.837,405.868,406.798,65344497.6807
2021-06-04 18:00:00,406.567,406.828,406.287,406.627,43870498.6572
2021-06-04 19:00:00,406.037,406.687,405.418,406.567,91160247.8027
2021-06-05 13:00:00,414.776,416.297,414.756,415.827,115283248.9014
2021-06-05 14:00:00,415.127,415.356,413.657,414.767,199656005.8594
2021-06-05 15:00:00,416.887,417.566,414.227,415.126,135119247.4365
2021-06-05 16:00:00,416.946,417.557,416.576,416.887,103602752.6855
2021-06-05 17:00:00,416.216,417.237,416.186,416.937,112045501.709
2021-06-05 18:00:00,416.157,416.776,415.646,416.216,134310745.2393
2021-06-05 19:00:00,419.076,419.206,416.016,416.166,118019996.6431
2021-06-07 13:00:00,432.966,433.996,432.847,433.756,71003501.8921
2021-06-07 14:00:00,431.007,433.037,430.996,432.946,167811492.9199
2021-06-07 15:00:00,431.136,431.467,430.446,430.997,124672996.521
2021-06-07 16:00:00,431.017,431.136,429.996,431.127,128798751.8311
2021-06-07 17:00:00,431.736,431.797,430.916,431.026,43509998.3215
2021-06-07 18:00:00,432.097,432.437,431.656,431.726,47513999.939
2021-06-07 19:00:00,432.886,433.187,432.056,432.107,70386001.5869
2021-06-08 13:00:00,442.027,442.916,441.836,442.077,116138862.6099
2021-06-08 14:00:00,442.096,442.627,441.786,442.036,159490692.1387
2021-06-08 15:00:00,442.547,442.556,441.846,442.097,129547988.8916
2021-06-08 16:00:00,442.746,442.776,442.316,442.536,78728233.3374
2021-06-08 17:00:00,442.646,442.817,442.496,442.757,52415588.3789
2021-06-08 18:00:00,442.056,442.707,442.056,442.636,58301509.8572
2021-06-08 19:00:00,442.507,442.657,441.936,442.046,59500957.489
2021-06-10 13:00:00,428.866,431.297,428.636,429.247,185372344.9707
2021-06-10 14:00:00,430.947,431.506,427.536,428.857,323577697.7539
2021-06-10 15:00:00,431.066,431.417,429.066,430.946,232859741.2109
2021-06-10 16:00:00,429.997,431.177,429.097,431.036,188576751.709
2021-06-10 17:00:00,432.546,432.796,429.177,430.026,162793014.5264
2021-06-10 18:00:00,433.256,434.517,432.017,432.557,184791580.2002
2021-06-10 19:00:00,434.907,435.106,433.036,433.257,166127166.748
2021-06-12 14:00:00,456.237,456.697,453.546,456.097,18783000.946
2021-06-12 15:00:00,458.296,458.387,454.847,456.217,30989999.7711
2021-06-12 16:00:00,457.357,458.456,456.516,458.316,26650999.0692
2021-06-12 17:00:00,459.627,459.627,457.246,457.357,22811000.824
2021-06-12 18:00:00,460.336,460.607,459.286,459.616,19903999.3286
2021-06-12 19:00:00,458.867,460.777,458.756,460.347,16871000.2899
2021-06-12 20:00:00,458.716,459.607,458.327,458.856,18659000.3967
2021-07-01 14:00:00,377.858,377.918,375.897,376.067,109737251.2817
2021-07-01 15:00:00,379.467,379.518,377.737,377.868,165005004.8828
2021-07-01 16:00:00,378.788,379.847,378.628,379.467,127982749.939
2021-07-01 17:00:00,378.907,378.988,378.307,378.798,107317749.0234
2021-07-01 18:00:00,378.957,379.158,378.428,378.898,114781997.6807
2021-07-01 19:00:00,379.287,379.288,378.667,378.968,96026000.9766
2021-07-01 20:00:00,378.978,379.888,378.828,379.288,113072502.1362
2021-07-04 13:00:00,406.287,406.608,405.898,405.927,48970500.946
2021-07-04 14:00:00,406.667,406.948,406.047,406.278,64630500.7935
2021-07-04 15:00:00,406.068,406.918,405.607,406.658,68414253.2349
2021-07-04 16:00:00,406.067,406.298,405.447,406.068,82808998.1079
2021-07-04 17:00:00,406.377,406.477,405.868,406.058,58258499.1455
2021-07-04 18:00:00,406.418,406.898,406.317,406.368,72389251.709
2021-07-04 19:00:00,406.587,406.748,405.757,406.437,80830497.7417
2021-07-05 13:00:00,420.946,421.457,419.166,419.887,112988250.7324
2021-07-05 14:00:00,422.176,422.647,420.876,420.937,130044006.3477
2021-07-05 15:00:00,422.516,422.806,422.036,422.167,93325500.4883
2021-07-05 16:00:00,422.097,422.557,421.636,422.526,73434753.418
2021-07-05 17:00:00,421.687,422.137,421.446,422.106,74890502.9297
2021-07-05 18:00:00,422.136,422.277,421.216,421.686,84790496.8262
2021-07-05 19:00:00,422.067,422.787,421.967,422.146,100245002.7466
2021-07-06 13:00:00,422.177,422.767,421.926,422.566,77915000.9155
2021-07-06 14:00:00,421.716,422.197,421.286,422.187,130523498.5352
2021-07-06 15:00:00,421.506,421.897,421.226,421.727,105859252.9297
2021-07-06 16:00:00,421.666,421.807,421.427,421.506,51226501.4648
2021-07-06 17:00:00,421.226,421.777,421.187,421.667,64002502.4414
2021-07-06 18:00:00,421.816,421.957,421.196,421.227,41738998.4131
2021-07-06 19:00:00,422.226,422.386,421.796,421.806,62067001.3428
2021-07-07 13:00:00,433.717,434.187,433.377,433.657,83303497.3145
2021-07-07 14:00:00,432.637,433.827,431.496,433.736,189253753.6621
2021-07-07 15:00:00,433.776,434.157,432.266,432.637,166461502.0752
2021-07-07 16:00:00,434.037,434.436,433.766,433.766,99258003.2349
2021-07-07 17:00:00,433.866,434.217,433.597,434.026,89439247.1313
2021-07-07 18:00:00,434.466,434.727,433.726,433.867,143746505.7373
2021-07-07 19:00:00,434.406,434.747,434.086,434.476,94770751.9531
2021-07-09 13:00:00,451.736,452.797,451.297,452.676,106732879.6387
2021-07-09 14:00:00,451.677,451.797,450.736,451.737,165816619.873
2021-07-09 15:00:00,451.277,451.707,450.796,451.677,121531059.2651
2021-07-09 16:00:00,452.176,452.227,451.216,451.267,101632339.4775
2021-07-09 17:00:00,452.336,452.417,452.027,452.176,47632167.8162
2021-07-09 18:00:00,452.096,452.347,451.727,452.336,67146675.1099
2021-07-09 19:00:00,451.507,452.267,451.416,452.097,82654861.4502
2021-07-10 13:00:00,440.656,440.667,438.226,438.377,165541473.3887
2021-07-10 14:00:00,441.327,441.657,440.506,440.687,210278762.8174
2021-07-10 15:00:00,441.376,441.397,440.456,441.336,138636718.75
2021-07-10 16:00:00,441.146,441.537,440.696,441.377,109112556.4575
2021-07-10 17:00:00,440.556,441.217,440.476,441.157,92512481.6895
2021-07-10 18:00:00,439.136,440.617,439.006,440.546,150076599.1211
2021-07-10 19:00:00,438.626,439.987,438.186,439.136,183582855.2246
2021-07-12 14:00:00,467.226,467.236,464.326,464.377,165494506.8359
2021-07-12 15:00:00,468.457,468.757,466.956,467.237,224203247.0703
2021-07-12 16:00:00,468.107,468.857,468.017,468.467,186695251.4648
2021-07-12 17:00:00,468.596,468.637,467.927,468.106,117294250.4883
2021-07-12 18:00:00,468.446,468.757,467.776,468.597,92096000.6714
2021-07-12 19:00:00,468.167,468.516,467.807,468.456,103205497.7417
2021-07-12 20:00:00,468.246,468.517,466.237,468.146,183989746.0938
2021-08-01 14:00:00,380.507,381.207,380.068,380.567,138917251.5869
2021-08-01 15:00:00,380.537,381.028,378.837,380.527,217979507.4463
2021-08-01 16:00:00,380.227,380.828,379.558,380.538,188147750.8545
2021-08-01 17:00:00,379.748,380.658,379.597,380.237,140688247.6807
2021-08-01 18:00:00,378.238,379.868,377.087,379.758,218641998.291
2021-08-01 19:00:00,379.987,380.058,378.167,378.218,196345748.9014
2021-08-01 20:00:00,381.228,381.448,379.937,379.977,162963745.1172
2021-08-02 14:00:00,389.627,389.818,389.088,389.248,102585502.6245
2021-08-02 15:00:00,389.528,389.938,389.217,389.617,124794998.1689
2021-08-02 16:00:00,388.887,389.628,388.337,389.538,125525749.2065
2021-08-02 17:00:00,389.008,389.368,388.897,388.898,71574996.9482
2021-08-02 18:00:00,388.798,389.298,388.578,389.017,71815750.1221
2021-08-02 19:00:00,389.318,389.338,388.757,388.797,66920997.6196
2021-08-02 20:00:00,390.508,390.527,389.237,389.327,73029502.8687
2021-08-03 14:00:00,383.968,386.008,382.827,384.617,183899993.8965
2021-08-03 15:00:00,386.597,387.378,383.327,383.958,334741241.4551
2021-08-03 16:00:00,385.227,387.358,385.197,386.567,287526489.2578
2021-08-03 17:00:00,386.737,387.608,385.107,385.237,242634994.5068
2021-08-03 18:00:00,384.337,387.668,384.188,386.727,209184249.8779
2021-08-03 19:00:00,384.748,386.077,383.898,384.328,210130004.8828
2021-08-03 20:00:00,381.738,384.728,381.418,384.717,216183746.3379
2021-08-04 13:00:00,407.728,408.038,407.157,407.898,61032749.176
2021-08-04 14:00:00,407.578,407.928,406.927,407.738,94216499.3286
2021-08-04 15:00:00,407.877,408.068,407.437,407.597,60032249.4507
2021-08-04 16:00:00,407.998,408.377,407.787,407.877,39651000.9766
2021-08-04 17:00:00,408.058,408.268,407.827,407.987,38501251.2207
2021-08-04 18:00:00,408.448,408.498,407.987,408.058,30598499.2981
2021-08-04 19:00:00,408.488,408.568,408.047,408.447,38943000.7935
2021-08-06 13:00:00,421.756,423.186,421.646,423.097,90428001.4038
2021-08-06 14:00:00,421.876,422.246,421.536,421.736,169167755.127
2021-08-06 15:00:00,422.016,422.186,420.317,421.896,181294754.0283
2021-08-06 16:00:00,422.567,422.637,421.907,422.007,94949249.2676
2021-08-06 17:00:00,422.216,422.647,422.166,422.557,73012748.7183
2021-08-06 18:00:00,422.737,422.787,422.156,422.226,64298248.291
2021-08-06 19:00:00,422.237,422.927,422.237,422.747,79913002.0142
2021-08-07 13:00:00,429.436,429.586,427.606,428.777,164767242.4316
2021-08-07 14:00:00,428.117,429.447,427.516,429.447,323752990.7227
2021-08-07 15:00:00,430.916,431.097,427.977,428.137,225155502.3193
2021-08-07 16:00:00,431.547,431.716,430.636,430.906,153934494.0186
2021-08-07 17:00:00,430.976,431.627,430.846,431.536,147748245.2393
2021-08-07 18:00:00,430.247,431.037,429.806,430.986,153731246.9482
2021-08-07 19:00:00,430.917,430.917,429.137,430.257,197507003.7842
2021-08-09 13:00:00,451.227,451.427,450.346,450.856,110239692.688
2021-08-09 14:00:00,449.436,451.657,448.856,451.236,233588821.4111
2021-08-09 15:00:00,449.366,450.367,449.146,449.416,206229690.5518
2021-08-09 16:00:00,450.247,450.846,449.146,449.367,152838287.3535
2021-08-09 17:00:00,450.317,450.746,450.056,450.257,122225196.8384
2021-08-09 18:00:00,450.746,451.037,450.297,450.317,116295272.8271
2021-08-09 19:00:00,450.937,451.117,450.377,450.757,87750434.8755
2021-08-10 13:00:00,438.347,439.867,437.956,439.456,185437347.4121
2021-08-10 14:00:00,438.737,439.657,438.036,438.356,231112777.71
2021-08-10 15:00:00,438.326,439.397,438.196,438.746,160680389.4043
2021-08-10 16:00:00,438.196,438.657,437.766,438.336,134545013.4277
2021-08-10 17:00:00,438.046,438.407,437.177,438.187,149626281.7383
2021-08-10 18:00:00,438.726,439.296,437.966,438.037,132770294.1895
2021-08-10 19:00:00,437.816,439.136,437.466,438.727,155253402.71
2021-08-11 14:00:00,469.436,470.207,469.026,469.667,138117004.3945
2021-08-11 15:00:00,469.046,469.767,468.656,469.436,200576095.5811
2021-08-11 16:00:00,468.636,469.337,468.506,469.057,157849594.1162
2021-08-11 17:00:00,468.597,468.786,468.197,468.636,124547279.3579
2021-08-11 18:00:00,469.037,469.117,468.436,468.596,107012817.3828
2021-08-11 19:00:00,469.467,469.467,468.886,469.036,90007217.4072
2021-08-11 20:00:00,468.957,469.466,468.526,469.457,114293792.7246
2021-08-12 14:00:00,468.126,469.276,467.497,468.667,162605743.4082
2021-08-12 15:00:00,467.076,468.776,466.956,468.116,261778015.1367
2021-08-12 16:00:00,468.106,468.287,466.826,467.076,203344757.0801
2021-08-12 17:00:00,468.256,468.497,467.456,468.107,159316497.8027
2021-08-12 18:00:00,468.636,468.987,468.136,468.247,114400001.5259
2021-08-12 19:00:00,469.106,469.157,468.206,468.636,128746002.1973
2021-08-12 20:00:00,469.537,469.987,468.887,469.097,142168746.9482
2021-09-02 14:00:00,390.117,390.268,389.167,389.577,101874496.46
2021-09-02 15:00:00,390.037,390.448,389.817,390.107,129503250.1221
2021-09-02 16:00:00,390.048,390.288,389.967,390.028,18880750.6561
2021-09-02 17:00:00,390.687,390.798,389.997,390.058,65469749.4507
2021-09-02 18:00:00,390.357,390.737,390.168,390.678,59371498.1079
2021-09-02 19:00:00,390.788,390.858,390.357,390.367,43407501.2207
2021-09-02 20:00:00,390.228,390.878,389.887,390.768,61804748.5352
2021-09-03 14:00:00,387.247,387.527,385.297,385.818,109782752.9907
2021-09-03 15:00:00,388.418,388.707,387.047,387.248,201296249.3896
2021-09-03 16:00:00,388.897,388.978,388.088,388.407,148540496.8262
2021-09-03 17:00:00,389.037,389.738,388.777,388.908,95583747.8638
2021-09-03 18:00:00,389.758,389.888,389.068,389.068,106139999.3896
2021-09-03 19:00:00,389.057,389.898,388.897,389.767,90414749.1455
2021-09-03 20:00:00,387.098,389.638,386.838,389.048,127563003.54
2021-09-04 13:00:00,409.058,409.088,408.257,408.388,47683498.3826
2021-09-04 14:00:00,408.638,409.238,408.418,409.057,73013999.939
2021-09-04 15:00:00,409.367,409.448,408.557,408.628,71917503.3569
2021-09-04 16:00:00,409.458,409.518,409.137,409.368,37953750.6104
2021-09-04 17:00:00,409.798,409.968,409.297,409.457,27843750.0
2021-09-04 18:00:00,409.708,409.938,409.587,409.828,39822750.0916
2021-09-04 19:00:00,411.447,411.647,409.487,409.698,58520248.4131
2021-09-06 13:00:00,422.816,423.227,422.416,423.156,103835998.5352
2021-09-06 14:00:00,422.826,423.057,422.316,422.867,139160247.8027
2021-09-06 15:00:00,422.466,423.107,422.206,422.816,84152496.3379
2021-09-06 16:00:00,422.726,422.787,422.386,422.457,60856250.7629
2021-09-06 17:00:00,422.636,422.957,422.516,422.747,52734001.1597
2021-09-06 18:00:00,422.427,422.876,422.356,422.646,56141750.3357
2021-09-06 19:00:00,421.616,422.427,421.397,422.396,85334251.4038
2021-09-07 13:00:00,433.576,433.627,432.306,432.526,103149497.9858
2021-09-07 14:00:00,434.077,434.426,433.597,433.597,104347747.8027
2021-09-07 15:00:00,434.706,435.217,434.086,434.086,66082000.7324
2021-09-07 16:00:00,434.827,435.077,434.586,434.706,56257999.4202
2021-09-07 17:00:00,434.947,434.997,434.596,434.817,50855251.3123
2021-09-07 18:00:00,435.566,435.646,434.946,434.946,37333751.6785
2021-09-07 19:00:00,435.457,435.797,435.286,435.576,65936752.3193
2021-09-08 13:00:00,441.747,442.786,441.286,442.437,99133407.5928
2021-09-08 14:00:00,441.817,442.267,441.447,441.737,130055389.4043
2021-09-08 15:00:00,442.337,442.347,441.716,441.827,84447677.6123
2021-09-08 16:00:00,442.177,442.357,442.026,442.336,50370697.0215
2021-09-08 17:00:00,442.236,442.317,442.056,442.166,43385906.2195
2021-09-08 18:00:00,442.477,442.757,442.226,442.237,43825729.3701
2021-09-08 19:00:00,442.136,442.637,441.986,442.467,54748905.1819
2021-09-09 13:00:00,451.786,452.006,450.466,450.666,96845375.061
2021-09-09 14:00:00,451.856,452.547,451.596,451.787,145269638.0615
2021-09-09 15:00:00,451.206,451.967,450.736,451.857,137448150.6348
2021-09-09 16:00:00,450.566,451.237,450.446,451.216,105229095.459
2021-09-09 17:00:00,449.306,451.047,448.966,450.576,176475006.1035
2021-09-09 18:00:00,449.807,449.907,448.706,449.306,164439941.4063
2021-09-09 19:00:00,448.877,450.137,448.746,449.796,147579727.1729
2021-09-11 14:00:00,466.927,469.556,466.456,469.336,139998321.5332
2021-09-11 15:00:00,467.247,467.966,466.136,466.946,268841186.5234
2021-09-11 16:00:00,466.566,467.626,466.297,467.246,206835342.4072
2021-09-11 17:00:00,466.657,467.177,465.867,466.557,218395416.2598
2021-09-11 18:00:00,466.167,467.117,465.936,466.647,184538375.8545
2021-09-11 19:00:00,467.136,467.147,466.046,466.157,150951950.0732
2021-09-11 20:00:00,467.366,467.487,466.516,467.126,170743530.2734
2021-09-12 14:00:00,468.246,469.057,467.807,468.116,150274749.7559
2021-09-12 15:00:00,468.206,468.806,467.047,468.257,241486999.5117
2021-09-12 16:00:00,467.956,468.847,467.556,468.217,188012252.8076
2021-09-12 17:00:00,468.937,468.977,467.646,467.956,146856994.6289
2021-09-12 18:00:00,468.437,469.107,467.887,468.917,167178756.7139
2021-09-12 19:00:00,467.437,468.697,467.166,468.426,171818252.5635
2021-09-12 20:00:00,466.306,467.987,466.127,467.446,226043502.8076
2021-10-02 14:00:00,391.527,392.248,391.367,392.088,106728752.1362
2021-10-02 15:00:00,389.677,391.918,387.497,391.538,286824249.2676
2021-10-02 16:00:00,389.488,390.098,388.847,389.678,252136001.5869
2021-10-02 17:00:00,389.537,389.798,388.657,389.478,202548248.291
2021-10-02 18:00:00,389.638,390.097,389.377,389.538,141740493.7744
2021-10-02 19:00:00,390.787,390.847,389.437,389.637,167385757.4463
2021-10-02 20:00:00,390.078,391.048,389.367,390.787,168235000.6104
2021-10-03 14:00:00,390.298,390.897,389.227,389.638,117896247.8638
2021-10-03 15:00:00,389.338,390.808,388.168,390.328,205588500.9766
2021-10-03 16:00:00,390.108,390.548,389.048,389.348,179883743.2861
2021-10-03 17:00:00,390.227,390.308,389.028,390.107,142196243.2861
2021-10-03 18:00:00,389.857,390.708,388.888,390.248,193787246.7041
2021-10-03 19:00:00,390.808,391.387,389.477,389.858,143046508.7891
2021-10-03 20:00:00,389.497,391.128,389.367,390.817,142390808.1055
2021-10-05 13:00:00,422.096,422.707,421.666,422.496,87005249.0234
2021-10-05 14:00:00,421.576,422.426,421.036,422.127,163370254.5166
2021-10-05 15:00:00,422.357,422.467,421.346,421.566,113462249.7559
2021-10-05 16:00:00,421.797,422.647,421.756,422.366,63048751.8311
2021-10-05 17:00:00,421.427,421.997,421.376,421.806,71378250.1221
2021-10-05 18:00:00,419.346,421.506,418.756,421.427,144856506.3477
2021-10-05 19:00:00,417.927,419.796,417.806,419.336,137405242.9199
2021-10-06 13:00:00,424.237,424.517,422.927,422.956,101481750.4883
2021-10-06 14:00:00,422.456,424.607,421.547,424.237,168146743.7744
2021-10-06 15:00:00,423.456,423.507,422.116,422.446,140692001.3428
2021-10-06 16:00:00,423.897,423.907,423.087,423.466,110205497.7417
2021-10-06 17:00:00,424.066,424.077,423.517,423.896,81364250.1831
2021-10-06 18:00:00,423.787,424.087,423.376,424.066,77891250.6104
2021-10-06 19:00:00,423.577,423.827,423.167,423.777,110239753.7231
2021-10-08 13:00:00,442.886,443.017,442.216,442.576,79706665.0391
2021-10-08 14:00:00,442.326,443.427,441.867,442.887,163803054.8096
2021-10-08 15:00:00,443.027,443.037,441.896,442.316,131298309.3262
2021-10-08 16:00:00,442.886,443.297,442.746,443.037,69379249.5728
2021-10-08 17:00:00,442.956,442.987,442.497,442.896,76628547.6685
2021-10-08 18:00:00,442.837,443.057,442.396,442.946,75648452.7588
2021-10-08 19:00:00,442.646,442.877,442.206,442.846,71555137.6343
2021-10-09 13:00:00,449.686,451.477,449.486,451.027,111747398.3765
2021-10-09 14:00:00,448.187,449.707,447.417,449.697,246404769.8975
2021-10-09 15:00:00,447.906,448.357,447.326,448.196,233511260.9863
2021-10-09 16:00:00,449.106,449.307,447.707,447.907,106413330.0781
2021-10-09 17:00:00,448.627,449.367,448.416,449.107,92622886.6577
2021-10-09 18:00:00,447.886,448.767,447.826,448.627,93778427.124
2021-10-09 19:00:00,445.507,447.907,445.306,447.897,169684478.7598
2021-10-11 14:00:00,467.067,467.197,465.297,465.556,158884750.3662
2021-10-11 15:00:00,466.737,467.367,466.646,467.066,206383682.251
2021-10-11 16:00:00,466.806,467.287,466.217,466.736,164220626.8311
2021-10-11 17:00:00,466.016,466.937,465.526,466.796,132276992.7979
2021-10-11 18:00:00,464.226,466.106,463.926,466.016,233916946.4111
2021-10-11 19:00:00,462.756,464.266,462.036,464.216,210288208.0078
2021-10-11 20:00:00,463.657,464.267,462.426,462.756,217383041.3818
2021-10-12 14:00:00,468.377,470.067,468.136,469.227,172158752.4414
2021-10-12 15:00:00,467.996,469.537,467.356,468.377,254787002.5635
2021-10-12 16:00:00,468.696,468.936,466.507,467.987,224494506.8359
2021-10-12 17:00:00,468.867,468.987,467.936,468.716,178649749.7559
2021-10-12 18:00:00,469.236,469.397,468.666,468.847,147121002.1973
2021-10-12 19:00:00,468.637,469.566,468.506,469.227,140524749.7559
2021-10-12 20:00:00,470.706,470.887,468.376,468.636,151216506.958
2021-11-01 14:00:00,379.087,379.258,377.708,377.858,162938995.3613
2021-11-01 15:00:00,379.517,379.888,378.837,379.085,198210250.8545
2021-11-01 16:00:00,379.798,379.958,378.577,379.508,151796005.249
2021-11-01 17:00:00,380.228,380.558,379.697,379.807,114412750.2441
2021-11-01 18:00:00,379.228,380.468,378.778,380.238,121155998.23
2021-11-01 19:00:00,379.518,379.588,378.307,379.227,162057495.1172
2021-11-01 20:00:00,378.827,379.628,378.117,379.527,206477493.2861
2021-11-02 14:00:00,390.418,391.678,390.338,391.238,123350997.9248
2021-11-02 15:00:00,390.607,391.358,390.317,390.427,177425750.7324
2021-11-02 16:00:00,390.507,390.937,390.137,390.627,120774246.2158
2021-11-02 17:00:00,389.328,390.698,388.107,390.507,195981002.8076
2021-11-02 18:00:00,389.498,389.978,388.798,389.328,133466247.5586
2021-11-02 19:00:00,389.777,389.828,388.778,389.488,150389999.3896
2021-11-02 20:00:00,390.708,390.967,389.637,389.778,112265998.8403
2021-11-03 14:00:00,392.937,392.978,391.728,392.178,102346351.6235
2021-11-03 15:00:00,394.038,394.117,391.967,392.937,141466247.5586
2021-11-03 16:00:00,394.818,395.238,394.037,394.037,89377029.4189
2021-11-03 17:00:00,394.908,395.398,394.528,394.817,80446144.104
2021-11-03 18:00:00,394.558,395.637,394.377,394.907,109014892.5781
2021-11-03 19:00:00,394.058,395.128,394.047,394.548,100123497.0093
2021-11-03 20:00:00,393.467,394.247,393.268,394.058,99010498.0469
2021-11-05 13:00:00,414.876,414.887,412.247,413.097,122062500.0
2021-11-05 14:00:00,411.807,415.267,410.067,414.906,259774505.6152
2021-11-05 15:00:00,414.027,414.356,410.766,411.817,218450256.3477
2021-11-05 16:00:00,412.517,414.417,412.026,414.007,182734497.0703
2021-11-05 17:00:00,414.216,414.717,412.336,412.526,148901245.1172
2021-11-05 18:00:00,414.087,414.767,413.126,414.216,179102249.1455
2021-11-05 19:00:00,414.246,415.026,412.656,414.076,204288757.3242
2021-11-06 13:00:00,423.967,424.407,423.776,424.166,100238502.5024
2021-11-06 14:00:00,423.356,424.246,423.216,423.896,132887496.9482
2021-11-06 15:00:00,423.356,423.607,423.016,423.347,78328002.9297
2021-11-06 16:00:00,423.176,423.447,422.806,423.347,68442001.3428
2021-11-06 17:00:00,423.476,423.527,423.007,423.167,42173999.7864
2021-11-06 18:00:00,423.767,423.847,423.487,423.487,45331249.2371
2021-11-06 19:00:00,424.297,424.397,423.406,423.747,57186500.5493
2021-11-08 13:00:00,443.546,443.877,443.226,443.796,102629806.5186
2021-11-08 14:00:00,443.347,443.787,443.266,443.547,129132492.0654
2021-11-08 15:00:00,442.777,443.376,442.617,443.347,141902114.8682
2021-11-08 16:00:00,443.237,443.247,442.737,442.767,67981300.354
2021-11-08 17:00:00,443.367,443.476,443.127,443.226,67596870.4224
2021-11-08 18:00:00,443.386,443.477,443.107,443.376,43516441.3452
2021-11-08 19:00:00,443.706,443.757,443.356,443.376,46575271.6064
2021-11-10 13:00:00,439.387,439.396,436.886,437.146,154385482.7881
2021-11-10 14:00:00,439.637,440.247,439.347,439.427,153310363.7695
2021-11-10 15:00:00,439.587,440.117,439.126,439.626,117527633.667
2021-11-10 16:00:00,438.057,439.677,437.706,439.566,123721542.3584
2021-11-10 17:00:00,436.466,438.057,435.926,438.056,159350936.8896
2021-11-10 18:00:00,436.816,437.307,436.196,436.466,132763839.7217
2021-11-10 19:00:00,434.646,437.036,434.617,436.806,173614791.8701
2021-11-11 14:00:00,465.006,465.267,464.217,465.167,103521911.6211
2021-11-11 15:00:00,464.527,465.047,463.926,465.016,177101043.7012
2021-11-11 16:00:00,464.677,465.087,464.236,464.537,106822906.4941
2021-11-11 17:00:00,464.426,464.826,463.836,464.666,118131317.1387
2021-11-11 18:00:00,464.387,464.507,463.896,464.417,99387092.5903
2021-11-11 19:00:00,464.256,464.837,464.176,464.386,87120765.686
2021-11-11 20:00:00,463.826,464.437,463.737,464.247,117293861.3892
2021-12-01 14:00:00,378.797,379.277,377.738,378.848,125650253.2959
2021-12-01 15:00:00,379.128,379.718,378.268,378.818,195421997.0703
2021-12-01 16:00:00,378.278,379.838,377.837,379.138,162889007.5684
2021-12-01 17:00:00,377.997,378.327,376.358,378.287,196065246.582
2021-12-01 18:00:00,378.867,379.148,377.768,378.007,131251495.3613
2021-12-01 19:00:00,378.727,379.448,378.137,378.877,140863754.2725
2021-12-01 20:00:00,378.748,379.448,378.567,378.728,143795501.709
2021-12-02 14:00:00,390.327,390.628,389.767,389.807,110961746.2158
2021-12-02 15:00:00,391.268,391.467,390.037,390.318,160654495.2393
2021-12-02 16:00:00,391.358,391.618,391.018,391.268,121719497.6807
2021-12-02 17:00:00,391.167,391.608,390.958,391.357,103162498.4741
2021-12-02 18:00:00,390.838,391.248,390.497,391.178,78866249.0845
2021-12-02 19:00:00,391.087,391.168,390.537,390.848,96267997.7417
2021-12-02 20:00:00,392.698,392.878,391.017,391.097,95499496.46
2021-12-03 14:00:00,392.867,392.887,391.277,392.068,108458251.9531
2021-12-03 15:00:00,391.847,393.087,391.267,392.857,201143997.1924
2021-12-03 16:00:00,392.428,392.707,391.187,391.828,173220748.9014
2021-12-03 17:00:00,392.547,393.258,392.058,392.438,130106994.6289
2021-12-03 18:00:00,392.727,393.168,392.247,392.538,120575996.3989
2021-12-03 19:00:00,393.367,393.488,392.627,392.737,105878997.8027
2021-12-03 20:00:00,394.067,394.197,392.798,393.377,94490249.6338
2021-12-04 13:00:00,410.867,411.487,410.437,410.838,61642501.8311
2021-12-04 14:00:00,410.738,411.198,410.197,410.868,97364250.1831
2021-12-04 15:00:00,411.148,411.178,410.597,410.758,71396247.8638
2021-12-04 16:00:00,411.647,411.778,410.807,411.148,58755748.7488
2021-12-04 17:00:00,410.728,411.738,410.607,411.658,40704750.061
2021-12-04 18:00:00,410.828,411.118,410.627,410.718,68730751.0376
2021-12-04 19:00:00,411.618,411.918,410.517,410.827,72365249.6338
2021-12-05 13:00:00,411.106,412.576,410.936,411.197,145455749.5117
2021-12-05 14:00:00,409.416,411.497,408.726,411.107,248130752.5635
2021-12-05 15:00:00,407.787,410.127,407.556,409.427,192413253.7842
2021-12-05 16:00:00,407.776,408.167,406.716,407.777,200536499.0234
2021-12-05 17:00:00,407.267,408.597,406.847,407.747,189359252.9297
2021-12-05 18:00:00,407.437,408.237,406.316,407.256,202459503.1738
2021-12-05 19:00:00,405.417,407.586,404.787,407.446,244359008.7891
2021-12-07 13:00:00,435.917,435.917,434.956,435.416,104957496.6431
2021-12-07 14:00:00,436.606,436.727,435.616,435.937,135108245.8496
2021-12-07 15:00:00,436.576,436.647,436.056,436.617,88875251.77
2021-12-07 16:00:00,436.517,436.717,436.376,436.577,55469749.4507
2021-12-07 17:00:00,436.547,436.777,436.406,436.517,49140750.885
2021-12-07 18:00:00,436.867,437.086,436.516,436.547,38900749.2065
2021-12-07 19:00:00,437.087,437.316,436.747,436.856,55228748.3215
2021-12-08 13:00:00,443.126,443.607,442.876,443.586,83138641.3574
2021-12-08 14:00:00,443.747,443.757,442.656,443.126,129131393.4326
2021-12-08 15:00:00,443.867,444.097,443.366,443.747,80312515.2588
2021-12-08 16:00:00,444.327,444.437,443.866,443.876,59431434.6313
2021-12-08 17:00:00,444.347,444.487,444.116,444.317,46992591.8579
2021-12-08 18:00:00,444.846,444.887,444.256,444.357,37687389.3738
2021-12-08 19:00:00,445.087,445.247,444.836,444.836,43934150.6958
2021-12-10 13:00:00,434.117,436.077,433.506,435.646,167047653.1982
2021-12-10 14:00:00,434.076,435.247,433.566,434.106,257301055.9082
2021-12-10 15:00:00,435.316,435.477,434.076,434.076,183669754.0283
2021-12-10 16:00:00,434.166,436.057,433.977,435.326,137878860.4736
2021-12-10 17:00:00,434.197,434.877,433.736,434.156,125977302.5513
2021-12-10 18:00:00,434.267,435.547,434.066,434.176,112380889.8926
2021-12-10 19:00:00,433.617,434.357,432.776,434.276,151595886.2305
2021-12-11 14:00:00,464.297,465.176,464.096,465.106,127864982.605
2021-12-11 15:00:00,465.346,465.366,464.137,464.267,188046691.8945
2021-12-11 16:00:00,467.116,467.266,465.346,465.377,162856155.3955
2021-12-11 17:00:00,466.797,467.357,466.666,467.116,109485954.2847
2021-12-11 18:00:00,466.946,466.987,466.376,466.806,80070823.6694
2021-12-11 19:00:00,466.656,466.986,466.246,466.957,78993049.6216
2021-12-11 20:00:00,467.257,467.857,466.596,466.657,78938430.7861
2022-01-02 14:00:00,449.717,451.007,448.616,450.677,200254196.167
2022-01-02 15:00:00,450.006,450.027,446.996,449.726,404036407.4707
2022-01-02 16:00:00,450.677,451.007,448.976,449.987,375051910.4004
2022-01-02 17:00:00,450.437,450.897,448.966,450.686,363123291.0156
2022-01-02 18:00:00,450.417,450.687,449.517,450.427,287358306.8848
2022-01-02 19:00:00,450.416,450.866,449.497,450.427,333644714.3555
2022-01-02 20:00:00,453.256,453.625,450.236,450.416,308372406.0059
2022-01-03 14:00:00,434.837,437.156,434.386,435.016,210674606.3232
2022-01-03 15:00:00,432.677,436.187,432.306,434.847,435298797.6074
2022-01-03 16:00:00,429.747,434.107,429.216,432.676,403184997.5586
2022-01-03 17:00:00,431.336,431.627,428.506,429.757,370873016.3574
2022-01-03 18:00:00,429.107,431.986,428.146,431.326,378407806.3965
2022-01-03 19:00:00,429.726,431.377,427.916,429.096,376072692.8711
2022-01-03 20:00:00,430.076,432.236,426.996,429.726,402775817.8711
2022-01-04 13:00:00,452.257,453.446,451.656,453.297,191176773.0713
2022-01-04 14:00:00,451.966,452.797,450.796,452.256,315352905.2734
2022-01-04 15:00:00,450.327,452.417,450.106,451.976,242209747.3145
2022-01-04 16:00:00,449.927,450.487,449.346,450.307,212298522.9492
2022-01-04 17:00:00,450.526,450.877,449.127,449.926,241167816.1621
2022-01-04 18:00:00,451.796,452.757,450.456,450.537,234385192.8711
2022-01-04 19:00:00,452.926,453.167,450.286,451.787,297123229.9805
2022-01-06 13:00:00,414.636,416.227,413.927,415.117,224373474.1211
2022-01-06 14:00:00,410.736,415.176,409.086,414.636,396280670.166
2022-01-06 15:00:00,407.637,410.727,407.356,410.727,396556640.625
2022-01-06 16:00:00,407.996,408.547,406.926,407.606,349971588.1348
2022-01-06 17:00:00,409.817,410.406,407.756,407.987,345696044.9219
2022-01-06 18:00:00,411.107,412.297,409.676,409.806,369176605.2246
2022-01-06 19:00:00,409.636,412.517,409.526,411.107,386943603.5156
2022-01-07 13:00:00,378.566,379.697,375.746,376.496,238721710.2051
2022-01-07 14:00:00,375.396,379.976,373.796,378.667,451762512.207
2022-01-07 15:00:00,375.417,377.497,374.666,375.386,391408447.2656
2022-01-07 16:00:00,375.656,377.117,374.896,375.397,305925292.9688
2022-01-07 17:00:00,378.206,378.307,375.456,375.646,288039276.123
2022-01-07 18:00:00,379.877,380.147,377.286,378.217,261837066.6504
2022-01-07 19:00:00,380.816,381.667,378.916,379.916,276988372.8027
2022-01-08 13:00:00,411.157,411.747,408.396,409.117,179719390.8691
2022-01-08 14:00:00,413.037,413.387,410.017,410.977,307734893.7988
2022-01-08 15:00:00,412.697,413.386,411.516,413.057,243121490.4785
2022-01-08 16:00:00,411.856,412.827,411.276,412.706,225102218.6279
2022-01-08 17:00:00,410.007,411.867,409.056,411.847,237852310.1807
2022-01-08 18:00:00,411.376,411.687,409.226,410.016,230899780.2734
2022-01-08 19:00:00,410.697,411.826,410.446,411.376,211149307.251
2022-01-09 13:00:00,392.717,393.427,391.927,392.847,204005508.4229
2022-01-09 14:00:00,390.327,393.207,390.116,392.786,368875366.2109
2022-01-09 15:00:00,391.166,392.607,390.036,390.306,322831359.8633
2022-01-09 16:00:00,390.727,392.297,390.266,391.146,259686492.9199
2022-01-09 17:00:00,392.116,393.137,390.496,390.726,244518356.3232
2022-01-09 18:00:00,394.246,394.986,391.816,392.136,304392059.3262
2022-01-09 19:00:00,396.397,396.757,393.606,394.207,300409149.1699
2022-01-11 13:00:00,388.036,390.366,387.716,390.126,208279800.415
2022-01-11 14:00:00,383.996,388.326,383.566,388.036,424012786.8652
2022-01-11 15:00:00,384.516,384.807,383.286,383.986,343917602.5391
2022-01-11 16:00:00,384.726,385.996,383.956,384.516,322327209.4727
2022-01-11 17:00:00,385.066,385.427,384.266,384.736,232391998.291
2022-01-11 18:00:00,385.366,385.527,384.256,385.067,206185501.0986
2022-01-11 19:00:00,384.546,385.787,384.476,385.376,228672302.2461
2022-01-12 14:00:00,409.096,409.697,408.147,408.796,180842102.0508
2022-01-12 15:00:00,407.576,409.957,404.727,409.097,370329010.0098
2022-01-12 16:00:00,406.816,407.627,405.886,407.596,315529510.498
2022-01-12 17:00:00,407.276,407.627,405.496,406.817,282149414.0625
2022-01-12 18:00:00,407.076,408.017,406.276,407.276,222684295.6543
2022-01-12 19:00:00,407.927,408.147,406.366,407.087,205166702.2705
2022-01-12 20:00:00,407.356,408.457,407.056,407.927,219201293.9453
2022-02-02 14:00:00,454.257,456.387,453.976,455.426,199581604.0039
2022-02-02 15:00:00,455.086,456.066,453.387,454.246,406419891.3574
2022-02-02 16:00:00,454.757,455.307,453.036,455.077,394780212.4023
2022-02-02 17:00:00,456.817,456.836,454.286,454.746,289567504.8828
2022-02-02 18:00:00,456.266,456.857,455.226,456.807,292185913.0859
2022-02-02 19:00:00,456.976,457.716,455.486,456.267,321016510.0098
2022-02-02 20:00:00,457.296,458.116,456.577,456.987,363207000.7324
2022-02-03 14:00:00,433.557,434.746,431.887,432.366,227740753.1738
2022-02-03 15:00:00,434.487,435.626,431.566,433.537,434119354.248
2022-02-03 16:00:00,437.067,438.277,433.587,434.486,399398712.1582
2022-02-03 17:00:00,437.766,438.067,436.506,437.057,299705993.6523
2022-02-03 18:00:00,438.737,439.307,437.767,437.776,264850097.6563
2022-02-03 19:00:00,437.976,439.426,437.626,438.747,277193511.9629
2022-02-03 20:00:00,437.877,439.547,437.666,437.976,319512481.6895
2022-02-05 13:00:00,412.517,413.337,409.217,412.006,251120223.999
2022-02-05 14:00:00,412.416,415.906,410.337,412.467,502247009.2773
2022-02-05 15:00:00,411.716,412.606,409.786,412.417,475449554.4434
2022-02-05 16:00:00,409.016,412.557,408.677,411.707,424651733.3984
2022-02-05 17:00:00,407.636,410.067,406.916,408.987,390303161.6211
2022-02-05 18:00:00,406.456,408.797,405.006,407.626,416715240.4785
2022-02-05 19:00:00,414.336,414.627,406.297,406.426,463201690.6738
2022-02-06 13:00:00,408.167,409.607,407.296,409.416,231012054.4434
2022-02-06 14:00:00,409.737,410.537,407.026,408.167,450500579.834
2022-02-06 15:00:00,412.297,413.347,409.566,409.757,357748718.2617
2022-02-06 16:00:00,414.287,414.657,412.056,412.307,253481887.8174
2022-02-06 17:00:00,415.016,415.216,413.607,414.297,246244750.9766
2022-02-06 18:00:00,414.677,415.787,414.606,415.006,220493759.1553
2022-02-06 19:00:00,417.226,417.427,414.586,414.686,289123016.3574
2022-02-08 13:00:00,408.576,409.737,407.666,409.107,200139617.9199
2022-02-08 14:00:00,410.477,411.377,406.796,408.577,350187530.5176
2022-02-08 15:00:00,410.667,411.057,409.467,410.466,273386840.8203
2022-02-08 16:00:00,412.617,412.976,410.527,410.676,217686203.0029
2022-02-08 17:00:00,409.457,412.636,408.836,412.626,264464538.5742
2022-02-08 18:00:00,409.467,410.807,409.106,409.477,267171844.4824
2022-02-08 19:00:00,408.097,409.957,407.916,409.476,269887420.6543
2022-02-09 13:00:00,397.997,400.417,397.627,400.276,212455917.3584
2022-02-09 14:00:00,400.367,401.547,396.997,397.996,335724273.6816
2022-02-09 15:00:00,401.137,401.377,400.057,400.367,286747497.5586
2022-02-09 16:00:00,396.527,401.387,395.806,401.157,338000610.3516
2022-02-09 17:00:00,392.366,396.556,392.216,396.556,376982971.1914
2022-02-09 18:00:00,392.567,394.007,392.246,392.357,323139038.0859
2022-02-09 19:00:00,391.517,394.016,390.317,392.557,320679901.123
2022-02-11 13:00:00,382.436,384.027,382.396,383.856,192735595.7031
2022-02-11 14:00:00,382.727,383.117,382.096,382.416,276168609.6191
2022-02-11 15:00:00,382.697,383.097,382.257,382.747,234065704.3457
2022-02-11 16:00:00,382.477,382.877,381.386,382.697,171470703.125
2022-02-11 17:00:00,383.276,383.916,381.986,382.477,156686096.1914
2022-02-11 18:00:00,380.637,388.586,378.956,383.297,530169921.875
2022-02-11 19:00:00,374.827,383.106,374.827,380.626,444362701.416
2022-02-12 14:00:00,403.076,404.076,402.197,402.197,215990997.3145
2022-02-12 15:00:00,404.047,405.117,402.607,403.066,325259704.5898
2022-02-12 16:00:00,405.397,406.167,403.576,404.037,273244201.6602
2022-02-12 17:00:00,404.737,406.276,404.646,405.406,212841903.6865
2022-02-12 18:00:00,405.207,405.437,404.326,404.766,174320999.1455
2022-02-12 19:00:00,406.537,406.617,404.466,405.197,161087997.4365
2022-02-12 20:00:00,406.847,407.837,405.796,406.527,227320800.7813
2022-03-01 14:00:00,474.916,477.707,473.836,476.296,161471496.582
2022-03-01 15:00:00,476.147,476.767,474.757,474.927,280252990.7227
2022-03-01 16:00:00,475.356,476.237,474.437,476.157,212912750.2441
2022-03-01 17:00:00,475.577,475.987,475.016,475.356,153961746.2158
2022-03-01 18:00:00,476.726,476.757,475.326,475.586,126818748.4741
2022-03-01 19:00:00,477.207,477.677,476.596,476.727,113649749.7559
2022-03-01 20:00:00,477.756,477.827,476.627,477.207,162864242.5537
2022-03-02 14:00:00,450.277,452.286,449.997,450.937,190052993.7744
2022-03-02 15:00:00,451.947,452.897,450.046,450.296,404764801.0254
2022-03-02 16:00:00,450.256,452.966,450.206,451.936,386338500.9766
2022-03-02 17:00:00,449.896,450.617,449.146,450.247,372132293.7012
2022-03-02 18:00:00,449.956,450.697,449.037,449.896,351714599.6094
2022-03-02 19:00:00,448.226,450.587,447.686,449.956,345409210.2051
2022-03-02 20:00:00,446.457,449.356,445.976,448.217,372433197.0215
2022-03-03 14:00:00,439.677,441.097,438.946,440.406,207148162.8418
2022-03-03 15:00:00,434.887,440.307,434.856,439.697,386719909.668
2022-03-03 16:00:00,436.286,436.847,433.836,434.897,352577239.9902
2022-03-03 17:00:00,437.816,439.246,435.377,436.296,389817901.6113
2022-03-03 18:00:00,437.997,438.987,437.326,437.816,296888061.5234
2022-03-03 19:00:00,436.267,439.257,435.856,437.986,323297943.1152
2022-03-03 20:00:00,435.676,436.486,433.907,436.256,379239196.7773
2022-03-05 13:00:00,415.397,415.707,413.356,415.006,249895599.3652
2022-03-05 14:00:00,415.227,416.687,413.776,415.397,435322570.8008
2022-03-05 15:00:00,417.897,418.917,414.717,415.237,343704162.5977
2022-03-05 16:00:00,416.966,418.737,415.956,417.886,375786834.7168
2022-03-05 17:00:00,417.537,418.687,416.887,416.986,363100006.1035
2022-03-05 18:00:00,417.296,417.557,414.096,417.487,367390655.5176
2022-03-05 19:00:00,416.197,417.966,414.776,417.296,417231018.0664
2022-03-06 13:00:00,413.136,413.957,411.346,412.307,235883880.6152
2022-03-06 14:00:00,411.267,414.016,410.706,412.967,443475555.4199
2022-03-06 15:00:00,410.456,411.337,409.506,411.267,348639251.709
2022-03-06 16:00:00,412.137,412.227,409.706,410.447,314898895.2637
2022-03-06 17:00:00,410.746,413.247,410.357,412.147,311840026.8555
2022-03-06 18:00:00,411.546,412.107,410.286,410.756,300168914.7949
2022-03-06 19:00:00,410.456,411.767,409.706,411.566,349720458.9844
2022-03-08 13:00:00,411.437,411.716,409.996,410.296,183310989.3799
2022-03-08 14:00:00,411.567,412.436,410.157,411.287,356230682.373
2022-03-08 15:00:00,413.327,413.447,411.386,411.586,276664703.3691
2022-03-08 16:00:00,414.317,414.617,412.666,413.327,222012680.0537
2022-03-08 17:00:00,414.546,414.796,413.936,414.316,167101150.5127
2022-03-08 18:00:00,414.797,415.207,414.236,414.556,175034210.2051
2022-03-08 19:00:00,414.396,415.667,414.186,414.777,185303787.2314
2022-03-10 13:00:00,360.517,361.607,359.196,361.076,206870407.1045
2022-03-10 14:00:00,364.316,364.937,360.547,360.547,393499786.377
2022-03-10 15:00:00,363.757,365.427,363.446,364.296,277568389.8926
2022-03-10 16:00:00,364.277,364.947,363.396,363.767,253701004.0283
2022-03-10 17:00:00,365.657,366.157,364.156,364.277,210472503.6621
2022-03-10 18:00:00,368.097,368.537,365.646,365.657,212440505.9814
2022-03-10 19:00:00,366.597,368.357,366.076,368.127,231992996.2158
2022-03-11 13:00:00,369.137,372.226,369.056,371.447,228919494.6289
2022-03-11 14:00:00,373.467,373.576,368.786,369.156,417011688.2324
2022-03-11 15:00:00,371.727,373.676,371.006,373.477,357254699.707
2022-03-11 16:00:00,373.857,374.186,371.376,371.726,314016906.7383
2022-03-11 17:00:00,372.247,374.037,372.226,373.856,229437301.6357
2022-03-11 18:00:00,373.526,373.647,371.866,372.246,209587493.8965
2022-03-11 19:00:00,370.966,373.606,370.916,373.517,241412094.1162
2022-04-01 14:00:00,479.676,479.966,479.046,479.186,131703750.6104
2022-04-01 15:00:00,477.607,479.737,477.497,479.667,267653747.5586
2022-04-01 16:00:00,477.467,477.967,476.416,477.597,258503509.5215
2022-04-01 17:00:00,476.816,477.946,476.697,477.446,186092498.7793
2022-04-01 18:00:00,475.716,477.317,475.586,476.807,197431243.8965
2022-04-01 19:00:00,477.406,477.557,475.676,475.697,165996994.0186
2022-04-01 20:00:00,477.506,478.957,477.366,477.406,181790252.6855
2022-04-02 14:00:00,447.067,448.286,445.057,446.337,208086593.6279
2022-04-02 15:00:00,444.667,448.726,444.226,447.107,434553009.0332
2022-04-02 16:00:00,446.786,447.837,443.846,444.676,414171905.5176
2022-04-02 17:00:00,448.556,448.616,446.437,446.797,388506896.9727
2022-04-02 18:00:00,450.637,450.816,448.546,448.557,347891998.291
2022-04-02 19:00:00,451.026,451.097,449.317,450.627,345780609.1309
2022-04-02 20:00:00,449.186,452.757,449.067,451.037,357476104.7363
2022-04-03 14:00:00,431.786,432.477,429.357,431.697,225803237.915
2022-04-03 15:00:00,428.487,432.416,428.376,431.776,419302001.9531
2022-04-03 16:00:00,429.207,430.007,427.866,428.497,354419097.9004
2022-04-03 17:00:00,431.916,432.346,428.716,429.216,348275360.1074
2022-04-03 18:00:00,430.467,433.357,430.296,431.926,323103393.5547
2022-04-03 19:00:00,429.256,431.847,429.187,430.467,333344909.668
2022-04-03 20:00:00,430.516,430.956,429.227,429.277,208801895.1416
2022-04-04 13:00:00,454.496,454.677,452.256,453.107,201856903.0762
2022-04-04 14:00:00,454.467,454.946,453.466,454.486,293230957.0313
2022-04-04 15:00:00,455.496,455.697,454.327,454.446,204247833.252
2022-04-04 16:00:00,454.907,455.677,454.836,455.497,163829742.4316
2022-04-04 17:00:00,455.706,455.757,454.667,454.896,157135299.6826
2022-04-04 18:00:00,456.037,456.247,454.986,455.707,154337768.5547
2022-04-04 19:00:00,456.656,456.817,455.727,456.037,191880126.9531
2022-04-05 13:00:00,416.027,417.407,416.016,417.067,220111785.8887
2022-04-05 14:00:00,415.047,416.147,414.227,415.997,400718963.623
2022-04-05 15:00:00,415.217,415.736,413.696,415.036,342544128.418
2022-04-05 16:00:00,418.037,418.047,414.906,415.196,319089324.9512
2022-04-05 17:00:00,418.096,418.896,416.896,418.036,300742156.9824
2022-04-05 18:00:00,423.656,424.237,414.106,418.116,511381256.1035
2022-04-05 19:00:00,428.777,429.627,423.087,423.687,421162109.375
2022-04-08 13:00:00,414.447,415.037,413.407,414.297,209407333.374
2022-04-08 14:00:00,413.987,415.077,412.426,414.457,369235656.7383
2022-04-08 15:00:00,414.296,414.427,412.746,413.977,295577423.0957
2022-04-08 16:00:00,413.157,414.637,413.046,414.286,229033752.4414
2022-04-08 17:00:00,414.157,414.656,413.116,413.157,187190811.1572
2022-04-08 18:00:00,414.197,414.507,413.586,414.167,182902038.5742
2022-04-08 19:00:00,414.156,414.986,413.586,414.206,184538375.8545
2022-04-10 13:00:00,375.987,376.037,372.277,372.356,197239196.7773
2022-04-10 14:00:00,377.207,377.376,375.887,376.036,347491210.9375
2022-04-10 15:00:00,377.007,377.647,376.397,377.216,250745407.1045
2022-04-10 16:00:00,376.146,377.577,375.846,377.016,245976303.1006
2022-04-10 17:00:00,376.277,376.757,374.086,376.156,267615600.5859
2022-04-10 18:00:00,377.086,377.397,375.456,376.297,254964004.5166
2022-04-10 19:00:00,377.957,377.957,375.457,377.076,295278289.7949
2022-04-11 13:00:00,375.077,377.337,372.207,376.966,240350692.749
2022-04-11 14:00:00,376.796,378.857,374.686,375.076,417690612.793
2022-04-11 15:00:00,370.947,377.407,370.776,376.807,394445709.2285
2022-04-11 16:00:00,371.247,372.977,370.056,370.937,373144805.9082
2022-04-11 17:00:00,370.737,372.056,370.116,371.276,354228607.1777
2022-04-11 18:00:00,373.957,374.187,369.996,370.766,315656097.4121
2022-04-11 19:00:00,376.327,376.447,373.586,373.967,315222290.0391
2022-05-01 14:00:00,477.207,477.647,476.126,477.147,194536743.1641
2022-05-01 15:00:00,477.296,477.967,476.737,477.206,287310760.498
2022-05-01 16:00:00,476.546,477.387,476.296,477.296,193881744.3848
2022-05-01 17:00:00,475.946,477.247,475.867,476.536,174026992.7979
2022-05-01 18:00:00,475.836,476.117,475.296,475.936,153470748.9014
2022-05-01 19:00:00,471.687,476.886,471.096,475.827,329920989.9902
2022-05-01 20:00:00,468.426,471.707,468.276,471.707,328697753.9063
2022-05-04 13:00:00,456.906,457.157,454.996,455.217,172340637.207
2022-05-04 14:00:00,455.076,457.817,453.797,456.906,372463409.4238
2022-05-04 15:00:00,453.497,455.257,453.476,455.087,313974975.5859
2022-05-04 16:00:00,453.556,453.907,452.666,453.497,252298095.7031
2022-05-04 17:00:00,453.016,454.667,452.497,453.547,188131286.6211
2022-05-04 18:00:00,452.487,453.456,452.366,453.006,196468582.1533
2022-05-04 19:00:00,451.207,452.757,449.817,452.497,255544952.3926
2022-05-05 13:00:00,421.556,424.617,421.106,424.487,240657836.9141
2022-05-05 14:00:00,416.756,421.617,415.217,421.557,470052581.7871
2022-05-05 15:00:00,412.337,417.126,412.266,416.756,448853973.3887
2022-05-05 16:00:00,414.496,414.917,410.996,412.327,468893524.1699
2022-05-05 17:00:00,413.407,416.367,412.817,414.507,434207336.4258
2022-05-05 18:00:00,412.766,415.166,411.586,413.417,419903533.9355
2022-05-05 19:00:00,413.346,414.306,409.436,412.766,445376373.291
2022-05-07 13:00:00,373.826,376.267,373.276,375.837,236991241.4551
2022-05-07 14:00:00,374.126,376.257,372.897,373.827,445300201.416
2022-05-07 15:00:00,375.227,375.737,373.046,374.096,392979034.4238
2022-05-07 16:00:00,375.397,377.106,374.856,375.227,340007507.3242
2022-05-07 17:00:00,377.457,378.047,375.316,375.406,294665466.3086
2022-05-07 18:00:00,379.866,380.477,377.206,377.467,289937561.0352
2022-05-07 19:00:00,381.957,381.957,379.267,379.866,300803405.7617
2022-05-08 13:00:00,412.026,412.216,409.586,409.646,206657943.7256
2022-05-08 14:00:00,413.026,414.127,411.806,412.027,325091033.9355
2022-05-08 15:00:00,410.646,413.077,410.076,413.037,273876281.7383
2022-05-08 16:00:00,412.477,412.576,410.617,410.656,242525070.1904
2022-05-08 17:00:00,412.497,413.467,412.216,412.467,217591201.7822
2022-05-08 18:00:00,411.997,412.657,411.416,412.507,204354522.7051
2022-05-08 19:00:00,413.427,413.687,411.797,412.006,208417160.0342
2022-05-10 13:00:00,374.267,375.146,373.286,373.346,216650100.708
2022-05-10 14:00:00,371.326,374.256,370.936,374.107,408813598.6328
2022-05-10 15:00:00,373.017,373.417,371.186,371.317,309071685.791
2022-05-10 16:00:00,375.236,375.997,372.216,373.046,281738708.4961
2022-05-10 17:00:00,375.807,377.526,375.116,375.246,255314697.2656
2022-05-10 18:00:00,377.657,377.727,375.666,375.807,277639801.0254
2022-05-10 19:00:00,376.956,379.446,376.466,377.666,312821990.9668
2022-05-12 14:00:00,403.276,404.917,403.266,403.927,179787292.4805
2022-05-12 15:00:00,403.327,403.657,401.607,403.276,323288696.2891
2022-05-12 16:00:00,400.927,403.967,400.866,403.346,236315399.1699
2022-05-12 17:00:00,400.347,401.807,400.236,400.937,192405899.0479
2022-05-12 18:00:00,399.177,400.926,399.106,400.357,184188598.6328
2022-05-12 19:00:00,398.917,399.687,398.166,399.146,190919692.9932
2022-05-12 20:00:00,399.587,399.937,398.606,398.917,212788497.9248
2022-06-01 14:00:00,467.006,470.387,466.796,467.877,197906250.0
2022-06-01 15:00:00,468.716,469.716,465.416,467.007,395393493.6523
2022-06-01 16:00:00,469.217,469.977,468.026,468.737,346295745.8496
2022-06-01 17:00:00,469.556,470.806,468.676,469.226,277364501.9531
2022-06-01 18:00:00,469.066,469.967,468.387,469.546,254828750.6104
2022-06-01 19:00:00,469.397,469.677,468.266,469.057,255759750.3662
2022-06-01 20:00:00,467.946,470.166,467.107,469.396,279892242.4316
2022-06-04 13:00:00,445.556,447.577,445.426,446.877,190385452.2705
2022-06-04 14:00:00,444.967,445.846,444.496,445.567,345669952.3926
2022-06-04 15:00:00,445.907,446.417,444.646,444.957,337105468.75
2022-06-04 16:00:00,445.257,446.086,444.606,445.897,275064117.4316
2022-06-04 17:00:00,446.046,446.866,444.917,445.256,224522399.9023
2022-06-04 18:00:00,447.966,448.506,443.466,446.067,464713134.7656
2022-06-04 19:00:00,446.616,448.927,445.317,447.966,403405975.3418
2022-06-05 13:00:00,406.487,411.766,405.717,411.027,257358459.4727
2022-06-05 14:00:00,412.747,413.466,405.746,406.466,516250183.1055
2022-06-05 15:00:00,409.867,414.786,409.526,412.726,483328735.3516
2022-06-05 16:00:00,413.766,413.956,409.516,409.876,464694580.0781
2022-06-05 17:00:00,410.097,414.276,409.776,413.777,438035064.6973
2022-06-05 18:00:00,408.916,410.737,407.787,410.096,436698089.5996
2022-06-05 19:00:00,411.526,412.947,407.356,408.896,450112365.7227
2022-06-06 13:00:00,415.146,415.477,413.647,414.767,223120498.6572
2022-06-06 14:00:00,416.076,416.587,415.006,415.157,375079864.502
2022-06-06 15:00:00,413.706,416.467,412.746,416.076,355279907.2266
2022-06-06 16:00:00,412.386,413.776,410.826,413.736,327216979.9805
2022-06-06 17:00:00,413.757,413.807,411.306,412.386,307549072.2656
2022-06-06 18:00:00,411.817,413.807,410.826,413.767,322268218.9941
2022-06-06 19:00:00,411.766,412.367,410.536,411.847,352890991.2109
2022-06-07 13:00:00,382.076,383.627,380.807,382.096,232654754.6387
2022-06-07 14:00:00,381.576,383.447,380.617,382.076,450109954.834
2022-06-07 15:00:00,380.696,381.686,379.586,381.576,334226043.7012
2022-06-07 16:00:00,380.937,381.057,379.927,380.686,256519805.9082
2022-06-07 17:00:00,381.867,382.087,380.916,380.947,196272506.7139
2022-06-07 18:00:00,384.526,385.047,380.666,381.886,380175109.8633
2022-06-07 19:00:00,383.297,385.857,382.496,384.537,298321746.8262
2022-06-09 13:00:00,391.636,394.116,390.496,393.066,199807479.8584
2022-06-09 14:00:00,393.097,393.707,388.396,391.397,413868835.4492
2022-06-09 15:00:00,393.346,394.026,391.796,393.107,382820831.2988
2022-06-09 16:00:00,391.616,393.707,390.406,393.336,314374084.4727
2022-06-09 17:00:00,390.356,391.657,389.117,391.627,296805206.2988
2022-06-09 18:00:00,390.397,391.727,389.926,390.347,316342041.0156
2022-06-09 19:00:00,390.767,391.787,389.686,390.416,337518005.3711
2022-06-10 13:00:00,376.187,378.687,375.327,375.616,219641998.291
2022-06-10 14:00:00,376.417,376.477,373.416,376.197,425151611.3281
2022-06-10 15:00:00,374.686,376.907,374.566,376.417,361460113.5254
2022-06-10 16:00:00,375.447,376.297,373.966,374.677,315336608.8867
2022-06-10 17:00:00,375.386,375.937,374.696,375.446,251578506.4697
2022-06-10 18:00:00,373.437,375.437,372.726,375.426,263803497.3145
2022-06-10 19:00:00,373.197,374.577,372.686,373.426,300693298.3398
2022-06-12 14:00:00,397.177,399.976,397.136,399.416,199397399.9023
2022-06-12 15:00:00,395.437,397.477,394.806,397.156,335902496.3379
2022-06-12 16:00:00,395.066,395.876,394.596,395.427,297094787.5977
2022-06-12 17:00:00,394.047,395.617,393.836,395.076,246882598.877
2022-06-12 18:00:00,393.296,394.327,392.607,394.057,238184402.4658
2022-06-12 19:00:00,392.487,393.417,391.626,393.286,227020797.7295
2022-06-12 20:00:00,393.857,394.226,391.976,392.486,232572601.3184
2022-07-01 14:00:00,468.627,469.187,466.726,467.906,198714004.5166
2022-07-01 15:00:00,465.247,468.757,464.656,468.637,293864013.6719
2022-07-01 16:00:00,467.637,468.077,464.676,465.247,301957244.873
2022-07-01 17:00:00,467.237,467.797,466.457,467.647,232909255.9814
2022-07-01 18:00:00,466.887,467.667,466.576,467.236,217345001.2207
2022-07-01 19:00:00,467.446,467.727,466.086,466.886,215205245.9717
2022-07-01 20:00:00,466.097,467.967,465.916,467.457,210635498.0469
2022-07-02 14:00:00,449.917,450.406,448.197,449.476,251977203.3691
2022-07-02 15:00:00,449.777,450.837,448.467,449.926,434549713.1348
2022-07-02 16:00:00,448.176,450.077,447.097,449.787,336638397.2168
2022-07-02 17:00:00,447.627,448.227,446.726,448.166,352778411.8652
2022-07-02 18:00:00,449.397,449.596,447.436,447.617,298068603.5156
2022-07-02 19:00:00,449.906,450.447,448.827,449.416,285756011.9629
2022-07-02 20:00:00,447.226,450.986,445.847,449.906,382601989.7461
2022-07-03 14:00:00,427.906,431.817,427.897,431.546,235449966.4307
2022-07-03 15:00:00,425.546,428.696,425.047,427.906,411281738.2813
2022-07-03 16:00:00,424.156,427.207,424.046,425.546,358387084.9609
2022-07-03 17:00:00,422.997,424.427,422.187,424.146,357372589.1113
2022-07-03 18:00:00,422.657,424.327,422.046,422.986,364679931.6406
2022-07-03 19:00:00,421.707,423.896,421.306,422.657,334391723.6328
2022-07-03 20:00:00,419.576,422.037,419.346,421.717,373979309.082
2022-07-04 13:00:00,446.986,447.657,445.296,445.556,214963317.8711
2022-07-04 14:00:00,445.227,447.736,444.416,446.987,390342407.2266
2022-07-04 15:00:00,444.316,446.076,443.856,445.227,319140899.6582
2022-07-04 16:00:00,444.267,445.166,443.527,444.307,235109359.7412
2022-07-04 17:00:00,447.466,447.677,444.136,444.266,259553588.8672
2022-07-04 18:00:00,449.286,449.437,446.856,447.467,283631286.6211
2022-07-04 19:00:00,448.646,450.656,448.436,449.297,283658508.3008
2022-07-06 13:00:00,409.697,410.527,407.596,408.056,215506332.3975
2022-07-06 14:00:00,413.026,413.626,408.947,409.696,363053253.1738
2022-07-06 15:00:00,411.767,413.367,410.847,413.026,294823669.4336
2022-07-06 16:00:00,412.477,412.657,410.646,411.766,257758209.2285
2022-07-06 17:00:00,413.096,413.577,412.226,412.487,210924499.5117
2022-07-06 18:00:00,414.097,414.896,412.897,413.097,194819076.5381
2022-07-06 19:00:00,415.696,416.197,413.966,414.096,199567886.3525
2022-07-07 13:00:00,387.357,387.586,385.076,385.117,188960037.2314
2022-07-07 14:00:00,387.366,387.817,386.046,387.377,337327606.2012
2022-07-07 15:00:00,387.867,388.037,386.966,387.357,234815093.9941
2022-07-07 16:00:00,388.027,388.396,387.637,387.876,163444885.2539
2022-07-07 17:00:00,388.406,388.467,387.336,388.037,142825256.3477
2022-07-07 18:00:00,388.856,388.957,388.316,388.406,133255203.2471
2022-07-07 19:00:00,388.937,389.806,388.566,388.877,178678863.5254
2022-07-09 13:00:00,391.716,392.737,390.196,390.377,208796981.8115
2022-07-09 14:00:00,392.787,393.377,390.787,391.706,367781524.6582
2022-07-09 15:00:00,393.957,394.487,392.346,392.767,285706939.6973
2022-07-09 16:00:00,394.697,395.126,392.846,393.946,257311187.7441
2022-07-09 17:00:00,396.437,396.567,394.527,394.666,235043624.8779
2022-07-09 18:00:00,397.767,397.877,396.157,396.437,227719772.3389
2022-07-09 19:00:00,397.807,398.567,397.416,397.776,231704635.6201
2022-07-10 13:00:00,365.507,369.317,365.337,368.937,235994995.1172
2022-07-10 14:00:00,366.426,367.127,364.746,365.507,405504913.3301
2022-07-10 15:00:00,365.276,367.096,364.857,366.447,343310699.4629
2022-07-10 16:00:00,363.787,365.807,363.436,365.267,264201293.9453
2022-07-10 17:00:00,363.407,364.356,363.097,363.806,229204193.1152
2022-07-10 18:00:00,362.757,363.807,362.256,363.407,255292205.8105
2022-07-10 19:00:00,362.776,363.487,360.916,362.767,297033905.0293
2022-07-11 14:00:00,376.096,378.317,375.527,377.686,225885604.8584
2022-07-11 15:00:00,377.617,378.366,376.006,376.087,386360992.4316
2022-07-11 16:00:00,376.207,378.126,376.206,377.626,311646301.2695
2022-07-11 17:00:00,376.996,377.357,375.796,376.197,247653305.0537
2022-07-11 18:00:00,377.897,377.976,376.946,376.986,198677093.5059
2022-07-11 19:00:00,379.326,379.987,377.907,377.907,193434005.7373
2022-07-11 20:00:00,379.927,380.547,379.316,379.317,217291793.8232
2022-07-12 14:00:00,392.787,395.296,392.316,392.896,198322494.5068
2022-07-12 15:00:00,395.046,395.436,391.966,392.796,410813995.3613
2022-07-12 16:00:00,393.366,395.627,392.296,395.046,320858398.4375
2022-07-12 17:00:00,393.706,394.067,392.666,393.377,268111785.8887
2022-07-12 18:00:00,393.026,394.576,392.846,393.696,244146896.3623
2022-07-12 19:00:00,392.896,393.717,392.316,393.026,213860107.4219
2022-07-12 20:00:00,393.116,393.467,392.086,392.907,225465896.6064
2022-08-02 14:00:00,446.406,447.457,446.057,446.687,245897994.9951
2022-08-02 15:00:00,447.917,448.297,445.206,446.416,420915313.7207
2022-08-02 16:00:00,450.057,450.227,447.856,447.917,328337402.3438
2022-08-02 17:00:00,450.586,451.257,449.467,450.066,250061706.543
2022-08-02 18:00:00,450.337,450.636,449.616,450.587,270907501.2207
2022-08-02 19:00:00,448.696,450.817,448.176,450.336,305512786.8652
2022-08-02 20:00:00,450.877,451.907,448.086,448.707,387462310.791
2022-08-03 14:00:00,418.666,421.107,417.726,419.597,231142944.3359
2022-08-03 15:00:00,419.336,419.487,415.366,418.707,449587432.8613
2022-08-03 16:00:00,417.956,419.757,415.106,419.327,447577667.2363
2022-08-03 17:00:00,425.146,425.547,417.676,417.956,458693237.3047
2022-08-03 18:00:00,419.517,427.177,419.366,425.147,414499511.7188
2022-08-03 19:00:00,421.437,422.727,417.786,419.517,437061737.0605
2022-08-03 20:00:00,416.776,423.526,416.246,421.436,435994506.8359
2022-08-04 13:00:00,446.107,448.187,445.967,447.946,213697311.4014
2022-08-04 14:00:00,449.796,449.796,445.947,446.087,345132995.6055
2022-08-04 15:00:00,449.567,450.246,448.826,449.786,268123748.7793
2022-08-04 16:00:00,450.176,450.607,449.066,449.556,257142333.9844
2022-08-04 17:00:00,448.836,450.207,448.586,450.167,214438949.585
2022-08-04 18:00:00,448.606,449.337,447.636,448.826,224352706.9092
2022-08-04 19:00:00,447.507,449.366,446.677,448.596,286959533.6914
2022-08-06 13:00:00,415.267,415.786,412.656,413.907,205867889.4043
2022-08-06 14:00:00,414.117,415.427,413.267,415.277,354209320.0684
2022-08-06 15:00:00,414.786,415.677,413.647,414.147,277662628.1738
2022-08-06 16:00:00,412.706,415.367,411.556,414.796,266298553.4668
2022-08-06 17:00:00,411.507,412.717,410.647,412.697,254129562.3779
2022-08-06 18:00:00,411.217,412.016,410.396,411.517,250970977.7832
2022-08-06 19:00:00,411.287,412.476,410.376,411.247,259419952.3926
2022-08-07 13:00:00,386.276,388.517,385.857,387.197,228822799.6826
2022-08-07 14:00:00,389.487,389.807,385.646,386.316,350316345.2148
2022-08-07 15:00:00,389.937,390.626,389.037,389.497,244056457.5195
2022-08-07 16:00:00,387.156,389.986,387.016,389.957,270073883.0566
2022-08-07 17:00:00,388.466,389.047,386.636,387.167,194937805.1758
2022-08-07 18:00:00,390.006,390.217,388.076,388.476,163431854.248
2022-08-07 19:00:00,388.687,390.326,388.416,390.017,226975540.1611
2022-08-08 13:00:00,417.156,417.587,414.867,415.197,169264892.5781
2022-08-08 14:00:00,416.476,417.597,416.236,417.167,315535339.3555
2022-08-08 15:00:00,414.846,417.087,413.526,416.496,276699615.4785
2022-08-08 16:00:00,413.317,415.007,412.357,414.836,281071563.7207
2022-08-08 17:00:00,413.887,414.197,412.887,413.297,218066848.7549
2022-08-08 18:00:00,412.477,413.917,411.807,413.896,262709075.9277
2022-08-08 19:00:00,413.007,413.377,412.056,412.496,247448471.0693
2022-08-09 13:00:00,397.316,397.656,394.106,395.256,223412979.126
2022-08-09 14:00:00,399.876,399.967,395.726,397.326,356525634.7656
2022-08-09 15:00:00,399.486,400.846,399.177,399.876,245075332.6416
2022-08-09 16:00:00,397.877,399.677,394.997,399.496,342649871.8262
2022-08-09 17:00:00,398.937,399.847,397.096,397.886,280635406.4941
2022-08-09 18:00:00,398.566,400.037,398.327,398.946,265705047.6074
2022-08-09 19:00:00,400.376,400.476,397.837,398.546,252162994.3848
2022-08-11 14:00:00,380.606,381.207,379.517,381.097,183446395.874
2022-08-11 15:00:00,383.047,383.297,380.307,380.466,305613891.6016
2022-08-11 16:00:00,384.516,385.097,382.506,383.056,213156600.9521
2022-08-11 17:00:00,384.456,384.767,383.916,384.516,187353607.1777
2022-08-11 18:00:00,380.746,384.987,380.446,384.477,274681793.2129
2022-08-11 19:00:00,380.587,381.297,377.706,380.746,336996887.207
2022-08-11 20:00:00,381.986,384.037,380.506,380.577,294751495.3613
2022-08-12 14:00:00,396.156,396.236,393.437,395.127,201411895.752
2022-08-12 15:00:00,396.607,397.357,396.046,396.187,310688110.3516
2022-08-12 16:00:00,396.126,396.887,394.996,396.606,261981903.0762
2022-08-12 17:00:00,395.837,396.347,395.057,396.116,232978500.3662
2022-08-12 18:00:00,396.466,397.257,395.626,395.847,192283798.2178
2022-08-12 19:00:00,395.537,396.467,394.486,396.447,241174804.6875
2022-08-12 20:00:00,396.216,396.557,394.877,395.537,232594802.8564
2022-09-02 14:00:00,455.336,456.357,454.996,455.196,213594604.4922
2022-09-02 15:00:00,456.757,456.777,455.126,455.367,349845611.5723
2022-09-02 16:00:00,455.866,457.017,455.516,456.757,291029693.6035
2022-09-02 17:00:00,456.646,456.677,455.367,455.866,254348403.9307
2022-09-02 18:00:00,456.747,456.847,456.086,456.636,204025497.4365
2022-09-02 19:00:00,456.646,457.577,456.596,456.756,133312500.0
2022-09-02 20:00:00,457.486,457.787,455.747,456.656,245577301.0254
2022-09-03 14:00:00,424.137,425.676,422.817,425.137,227774398.8037
2022-09-03 15:00:00,426.577,426.946,423.926,424.136,367592071.5332
2022-09-03 16:00:00,427.357,427.506,424.716,426.597,318352325.4395
2022-09-03 17:00:00,428.347,428.727,426.776,427.377,268596618.6523
2022-09-03 18:00:00,426.697,428.377,426.277,428.357,275724151.6113
2022-09-03 19:00:00,427.287,428.097,426.566,426.707,278783935.5469
2022-09-03 20:00:00,427.097,429.506,426.616,427.296,301181060.791
2022-09-05 13:00:00,405.006,406.397,403.256,405.036,255727584.8389
2022-09-05 14:00:00,400.956,405.416,400.806,405.046,459139617.9199
2022-09-05 15:00:00,401.897,402.487,399.317,400.947,417902984.6191
2022-09-05 16:00:00,400.696,404.047,400.636,401.896,398263092.041
2022-09-05 17:00:00,400.517,401.947,399.396,400.706,378901580.8105
2022-09-05 18:00:00,401.227,401.596,399.096,400.506,390602508.5449
2022-09-05 19:00:00,398.057,402.567,396.536,401.257,423975280.7617
2022-09-06 13:00:00,411.636,411.666,408.396,409.287,230736831.665
2022-09-06 14:00:00,409.336,411.717,408.607,411.647,384474487.3047
2022-09-06 15:00:00,409.417,410.327,408.106,409.337,315983428.9551
2022-09-06 16:00:00,410.316,410.507,408.296,409.417,271988098.1445
2022-09-06 17:00:00,409.427,410.916,408.276,410.327,245482345.5811
2022-09-06 18:00:00,406.596,409.436,406.586,409.436,243858642.5781
2022-09-06 19:00:00,401.437,406.687,401.437,406.596,310620483.3984
2022-09-08 13:00:00,411.117,412.707,410.897,412.197,207832809.4482
2022-09-08 14:00:00,411.326,412.126,410.727,411.107,297991210.9375
2022-09-08 15:00:00,411.316,412.317,410.346,411.317,252557968.1396
2022-09-08 16:00:00,410.897,411.567,410.436,411.327,213116622.9248
2022-09-08 17:00:00,411.266,411.487,410.306,410.886,190012054.4434
2022-09-08 18:00:00,411.007,411.537,410.206,411.276,187389602.6611
2022-09-08 19:00:00,411.336,411.727,410.756,411.017,182807449.3408
2022-09-09 13:00:00,404.247,404.277,402.437,402.726,198506439.209
2022-09-09 14:00:00,405.947,406.177,404.096,404.267,294592437.7441
2022-09-09 15:00:00,405.637,406.167,404.806,405.966,238819107.0557
2022-09-09 16:00:00,405.957,405.987,404.326,405.637,235525772.0947
2022-09-09 17:00:00,406.536,406.797,405.457,405.956,139441192.627
2022-09-09 18:00:00,406.716,406.917,405.956,406.526,160788894.6533
2022-09-09 19:00:00,406.537,407.487,406.476,406.727,183914398.1934
2022-09-11 14:00:00,378.706,380.067,377.997,379.836,209728500.3662
2022-09-11 15:00:00,378.226,381.116,377.046,378.697,396839996.3379
2022-09-11 16:00:00,379.046,380.207,378.176,378.237,338802307.1289
2022-09-11 17:00:00,378.506,379.287,377.877,379.046,257587799.0723
2022-09-11 18:00:00,376.116,378.767,375.456,378.527,298856414.7949
2022-09-11 19:00:00,374.816,376.827,374.546,376.127,266512786.8652
2022-09-11 20:00:00,374.067,376.176,373.616,374.817,282196197.5098
2022-09-12 14:00:00,395.706,396.876,394.106,394.937,206798706.0547
2022-09-12 15:00:00,397.097,397.127,394.657,395.686,379409088.1348
2022-09-12 16:00:00,397.346,397.607,396.196,397.106,262225799.5605
2022-09-12 17:00:00,396.536,397.457,396.326,397.347,205194900.5127
2022-09-12 18:00:00,395.967,396.536,395.346,396.536,197766906.7383
2022-09-12 19:00:00,395.807,396.087,395.016,395.966,169065307.6172
2022-09-12 20:00:00,393.267,396.277,393.146,395.797,210148803.7109
2022-10-01 14:00:00,459.346,463.006,459.026,462.656,200596252.4414
2022-10-01 15:00:00,457.767,459.567,456.577,459.337,299842987.0605
2022-10-01 16:00:00,459.467,460.166,457.076,457.757,254681243.8965
2022-10-01 17:00:00,459.216,460.166,457.947,459.446,204523498.5352
2022-10-01 18:00:00,461.866,462.167,459.076,459.236,218595993.042
2022-10-01 19:00:00,462.956,463.837,461.706,461.866,260842987.0605
2022-10-01 20:00:00,465.466,465.717,461.566,462.937,305698242.1875
2022-10-02 14:00:00,455.146,455.536,451.286,451.317,224726394.6533
2022-10-02 15:00:00,455.496,457.687,455.016,455.156,392315093.9941
2022-10-02 16:00:00,456.196,456.326,454.266,455.497,337290893.5547
2022-10-02 17:00:00,453.677,456.526,452.746,456.187,307845611.5723
2022-10-02 18:00:00,452.067,454.347,450.026,453.656,365448608.3984
2022-10-02 19:00:00,449.846,452.187,449.436,452.057,358121093.75
2022-10-02 20:00:00,449.347,451.137,447.187,449.846,392483703.6133
2022-10-03 14:00:00,424.537,424.987,422.016,422.476,229774490.3564
2022-10-03 15:00:00,421.777,425.266,421.536,424.546,397300659.1797
2022-10-03 16:00:00,421.907,422.005,420.436,421.777,316215301.5137
2022-10-03 17:00:00,421.487,423.176,421.146,421.896,262715362.5488
2022-10-03 18:00:00,423.466,423.857,421.086,421.476,287307739.2578
2022-10-03 19:00:00,425.647,426.076,423.336,423.476,317403228.7598
2022-10-03 20:00:00,425.466,426.406,424.066,425.636,340329406.7383
2022-10-05 13:00:00,404.057,406.066,401.836,404.427,244582061.7676
2022-10-05 14:00:00,398.956,405.017,398.307,404.066,472038116.4551
2022-10-05 15:00:00,397.407,399.847,395.777,398.927,488361175.5371
2022-10-05 16:00:00,395.926,398.496,394.826,397.396,470149505.6152
2022-10-05 17:00:00,403.056,403.117,395.617,395.947,452106506.3477
2022-10-05 18:00:00,401.286,403.237,399.886,403.056,466225524.9023
2022-10-05 19:00:00,399.106,402.767,398.066,401.306,453590423.584
2022-10-06 13:00:00,393.377,395.747,392.887,394.887,235945022.583
2022-10-06 14:00:00,390.796,393.236,390.177,393.107,396051055.9082
2022-10-06 15:00:00,391.047,391.596,389.856,390.806,303219390.8691
2022-10-06 16:00:00,390.556,391.877,390.036,391.027,243156845.0928
2022-10-06 17:00:00,391.587,392.797,389.916,390.546,235677108.7646
2022-10-06 18:00:00,393.106,393.437,390.856,391.597,260543884.2773
2022-10-06 19:00:00,389.807,394.237,389.746,393.087,327047637.9395
2022-10-08 13:00:00,418.176,418.837,417.187,418.756,210399597.168
2022-10-08 14:00:00,418.757,418.827,416.696,418.196,310691650.3906
2022-10-08 15:00:00,419.576,420.027,418.766,418.766,219370681.7627
2022-10-08 16:00:00,419.056,419.777,418.316,419.586,169356765.7471
2022-10-08 17:00:00,419.416,419.786,418.686,419.066,142864227.2949
2022-10-08 18:00:00,418.487,419.616,418.446,419.426,154680526.7334
2022-10-08 19:00:00,419.937,420.127,418.346,418.467,173079864.502
2022-10-10 13:00:00,361.616,364.196,361.526,363.957,225560699.4629
2022-10-10 14:00:00,360.196,362.976,359.646,361.616,385445404.0527
2022-10-10 15:00:00,360.776,361.436,359.306,360.187,327023406.9824
2022-10-10 16:00:00,358.357,360.977,358.326,360.787,270790191.6504
2022-10-10 17:00:00,361.477,362.346,357.676,358.347,291572387.6953
2022-10-10 18:00:00,360.527,361.687,359.926,361.466,282959991.4551
2022-10-10 19:00:00,360.066,361.956,360.016,360.536,313797607.4219
2022-10-11 14:00:00,389.776,389.776,385.626,387.986,235748992.9199
2022-10-11 15:00:00,390.427,390.666,387.907,389.786,408245391.8457
2022-10-11 16:00:00,391.867,392.007,389.416,390.416,287173797.6074
2022-10-11 17:00:00,389.067,391.837,388.976,391.836,223862396.2402
2022-10-11 18:00:00,391.276,391.537,389.077,389.087,229313400.2686
2022-10-11 19:00:00,392.246,392.337,390.926,391.267,182484893.7988
2022-10-11 20:00:00,394.477,395.027,391.976,392.246,236498992.9199
2022-11-01 14:00:00,462.837,465.416,462.036,465.167,182972503.6621
2022-11-01 15:00:00,463.426,464.957,462.347,462.847,343083740.2344
2022-11-01 16:00:00,467.536,468.036,463.317,463.456,331414489.7461
2022-11-01 17:00:00,467.746,467.946,466.666,467.536,224018997.1924
2022-11-01 18:00:00,468.447,468.547,466.966,467.747,184038497.9248
2022-11-01 19:00:00,468.867,469.367,467.676,468.447,171472747.8027
2022-11-01 20:00:00,469.756,469.836,468.526,468.877,174070007.3242
2022-11-02 14:00:00,449.176,451.587,448.756,449.367,230198699.9512
2022-11-02 15:00:00,449.007,450.807,448.286,449.167,481338012.6953
2022-11-02 16:00:00,447.906,450.137,446.816,449.006,420720886.2305
2022-11-02 17:00:00,446.667,448.647,446.366,447.906,354417602.5391
2022-11-02 18:00:00,441.757,447.686,440.996,446.677,382558502.1973
2022-11-02 19:00:00,440.916,443.896,439.427,441.756,486082794.1895
2022-11-02 20:00:00,440.467,442.746,438.946,440.957,455011199.9512
2022-11-03 14:00:00,427.117,428.737,426.557,428.147,222236770.6299
2022-11-03 15:00:00,426.947,427.127,424.827,427.096,367407043.457
2022-11-03 16:00:00,424.367,427.017,423.726,426.956,330494659.4238
2022-11-03 17:00:00,423.987,424.807,422.996,424.376,276233978.2715
2022-11-03 18:00:00,423.687,425.497,423.637,423.976,242349258.4229
2022-11-03 19:00:00,423.096,424.777,422.597,423.676,255744598.3887
2022-11-03 20:00:00,419.707,423.167,419.536,423.096,296201049.8047
2022-11-04 13:00:00,444.096,444.986,442.886,444.067,235203598.0225
2022-11-04 14:00:00,442.326,444.477,441.966,444.097,386861816.4063
2022-11-04 15:00:00,442.146,442.737,441.596,442.326,310020324.707
2022-11-04 16:00:00,441.846,442.327,441.346,442.137,237485107.4219
2022-11-04 17:00:00,442.176,442.557,441.416,441.837,235176025.3906
2022-11-04 18:00:00,442.426,442.777,441.166,442.186,267898773.1934
2022-11-04 19:00:00,439.877,442.987,439.386,442.436,268914672.8516
2022-11-05 13:00:00,402.167,403.157,396.187,397.997,263899017.334
2022-11-05 14:00:00,401.457,404.007,399.596,402.157,509320617.6758
2022-11-05 15:00:00,401.367,403.787,399.556,401.446,456667297.3633
2022-11-05 16:00:00,396.987,401.656,396.816,401.366,420088134.7656
2022-11-05 17:00:00,393.476,397.087,393.246,396.986,435696441.6504
2022-11-05 18:00:00,395.306,398.137,393.436,393.507,455044769.2871
2022-11-05 19:00:00,392.637,395.736,391.946,395.306,418730163.5742
2022-11-07 13:00:00,384.626,386.867,383.676,385.787,219794006.3477
2022-11-07 14:00:00,384.086,385.527,383.647,384.607,369918365.4785
2022-11-07 15:00:00,384.567,385.356,384.016,384.096,285570617.6758
2022-11-07 16:00:00,385.006,385.237,384.226,384.577,197565902.71
2022-11-07 17:00:00,386.397,386.807,384.896,385.016,197948516.8457
2022-11-07 18:00:00,384.586,386.457,384.586,386.396,200813171.3867
2022-11-07 19:00:00,384.267,384.756,383.506,384.576,227819015.5029
2022-11-08 13:00:00,423.296,423.507,422.226,422.957,175074172.9736
2022-11-08 14:00:00,423.576,424.927,423.206,423.306,235582382.2021
2022-11-08 15:00:00,421.597,423.657,421.086,423.577,282139160.1563
2022-11-08 16:00:00,422.387,422.487,421.126,421.607,211797454.834
2022-11-08 17:00:00,421.936,422.986,421.727,422.396,194740890.5029
2022-11-08 18:00:00,420.127,421.946,419.517,421.946,209867477.417
2022-11-08 19:00:00,420.037,420.337,419.196,420.126,220201385.498
2022-11-10 13:00:00,356.587,358.876,356.486,358.236,223178100.5859
2022-11-10 14:00:00,357.507,358.617,355.796,356.577,405915893.5547
2022-11-10 15:00:00,360.737,361.476,357.426,357.516,355896606.4453
2022-11-10 16:00:00,362.137,363.007,359.467,360.746,301955413.8184
2022-11-10 17:00:00,361.867,362.357,360.877,362.146,306986389.1602
2022-11-10 18:00:00,357.286,362.117,357.156,361.867,339448486.3281
2022-11-10 19:00:00,357.727,358.207,355.716,357.277,400924804.6875
2022-11-11 14:00:00,395.147,396.137,393.596,395.647,218605194.0918
2022-11-11 15:00:00,396.307,397.547,393.647,395.147,382631988.5254
2022-11-11 16:00:00,395.167,397.097,394.026,396.316,360143402.0996
2022-11-11 17:00:00,396.146,396.616,394.626,395.177,289421112.0605
2022-11-11 18:00:00,398.157,398.307,396.117,396.147,230708099.3652
2022-11-11 19:00:00,399.197,399.326,397.647,398.167,224127593.9941
2022-11-11 20:00:00,398.506,399.346,397.306,399.197,259511688.2324
2022-12-01 14:00:00,472.606,472.657,470.877,471.527,179420257.5684
2022-12-01 15:00:00,470.726,473.186,470.116,472.626,302637756.3477
2022-12-01 16:00:00,470.966,471.507,468.926,470.726,260588745.1172
2022-12-01 17:00:00,471.696,471.847,470.236,470.977,186729995.7275
2022-12-01 18:00:00,470.356,471.757,470.156,471.706,209772506.7139
2022-12-01 19:00:00,470.907,471.176,469.757,470.347,174133499.1455
2022-12-01 20:00:00,471.086,471.656,470.116,470.916,214218994.1406
2022-12-04 13:00:00,445.016,445.727,442.357,443.077,217577072.1436
2022-12-04 14:00:00,442.616,445.286,442.206,445.027,395078430.1758
2022-12-04 15:00:00,443.677,444.487,442.206,442.607,335232360.8398
2022-12-04 16:00:00,442.017,443.737,441.216,443.677,331893096.9238
2022-12-04 17:00:00,439.576,442.667,439.366,441.996,276031829.834
2022-12-04 18:00:00,438.817,440.326,437.966,439.576,287947540.2832
2022-12-04 19:00:00,438.316,439.007,436.637,438.806,336287078.8574
2022-12-05 13:00:00,388.586,391.236,386.926,389.326,258629150.3906
2022-12-05 14:00:00,393.996,394.216,387.346,388.577,504578277.5879
2022-12-05 15:00:00,388.687,395.756,388.647,393.996,446708496.0938
2022-12-05 16:00:00,390.456,392.346,388.156,388.677,444937683.1055
2022-12-05 17:00:00,387.056,391.076,386.316,390.456,418749389.6484
2022-12-05 18:00:00,385.726,387.937,385.146,387.037,406290832.5195
2022-12-05 19:00:00,392.456,392.486,385.356,385.747,465395935.0586
2022-12-07 13:00:00,383.737,386.147,383.587,383.637,218473983.7646
2022-12-07 14:00:00,384.037,384.246,382.506,383.727,407922454.834
2022-12-07 15:00:00,384.307,385.337,383.486,384.046,307178710.9375
2022-12-07 16:00:00,384.817,385.206,383.906,384.286,241653854.3701
2022-12-07 17:00:00,384.387,385.347,383.647,384.816,218565811.1572
2022-12-07 18:00:00,382.487,384.497,382.476,384.396,175468780.5176
2022-12-07 19:00:00,380.836,382.497,378.976,382.497,289581817.627
2022-12-08 13:00:00,422.576,422.886,421.437,421.987,187560256.958
2022-12-08 14:00:00,422.437,422.887,421.026,422.377,319746612.5488
2022-12-08 15:00:00,423.406,423.817,422.296,422.437,206769653.3203
2022-12-08 16:00:00,424.167,424.327,423.366,423.416,126167213.4399
2022-12-08 17:00:00,424.806,425.017,424.046,424.167,87227073.6694
2022-12-08 18:00:00,425.706,425.797,424.696,424.797,87579277.0386
2022-12-08 19:00:00,427.036,427.197,425.576,425.707,139195632.9346
2022-12-09 13:00:00,410.997,411.017,408.446,408.757,173436599.7314
2022-12-09 14:00:00,410.446,411.707,410.287,411.016,281635192.8711
2022-12-09 15:00:00,409.196,411.217,408.626,410.517,246163803.1006
2022-12-09 16:00:00,410.236,410.267,408.457,409.186,246296707.1533
2022-12-09 17:00:00,410.906,411.077,409.476,410.246,188326507.5684
2022-12-09 18:00:00,410.276,410.957,409.436,410.897,208688995.3613
2022-12-09 19:00:00,410.887,410.987,409.777,410.297,202236297.6074
2022-12-10 13:00:00,358.797,359.786,356.276,358.117,228162902.832
2022-12-10 14:00:00,357.816,359.447,356.987,358.827,425831085.2051
2022-12-10 15:00:00,359.187,359.437,357.726,357.847,353643005.3711
2022-12-10 16:00:00,358.566,359.787,357.597,359.186,268527008.0566
2022-12-10 17:00:00,357.607,358.806,357.306,358.567,229785903.9307
2022-12-10 18:00:00,357.667,359.367,357.107,357.606,403586090.0879
2022-12-10 19:00:00,356.537,358.286,356.497,357.676,269703887.9395
2022-12-12 14:00:00,394.617,394.747,393.396,394.106,184724700.9277
2022-12-12 15:00:00,394.517,394.836,393.796,394.616,289412689.209
2022-12-12 16:00:00,395.407,395.667,394.316,394.527,210055206.2988
2022-12-12 17:00:00,395.716,395.906,395.116,395.426,163688995.3613
2022-12-12 18:00:00,395.847,396.237,395.076,395.717,184526092.5293
2022-12-12 19:00:00,396.727,396.867,395.366,395.886,157764007.5684
2022-12-12 20:00:00,398.906,398.917,396.716,396.716,194597106.9336
2023-01-02 14:00:00,406.167,406.406,404.806,405.217,185377807.6172
2023-01-02 15:00:00,404.127,406.317,403.946,406.257,314976287.8418
2023-01-02 16:00:00,404.556,405.516,403.927,404.146,203030105.5908
2023-01-02 17:00:00,404.117,404.647,403.746,404.566,207413406.3721
2023-01-02 18:00:00,404.667,405.397,403.956,404.126,173724304.1992
2023-01-02 19:00:00,409.106,410.257,402.336,404.667,492507598.877
2023-01-02 20:00:00,410.746,413.657,409.106,409.117,407755493.1641
2023-01-03 14:00:00,396.047,396.667,395.156,395.377,164002807.6172
2023-01-03 15:00:00,395.837,396.457,394.036,396.077,299790588.3789
2023-01-03 16:00:00,395.717,396.106,393.377,395.806,267189605.7129
2023-01-03 17:00:00,395.606,396.427,395.427,395.737,216172805.7861
2023-01-03 18:00:00,394.787,395.637,394.296,395.607,150582901.001
2023-01-03 19:00:00,394.056,394.936,393.626,394.786,154860900.8789
2023-01-03 20:00:00,394.657,395.167,393.966,394.067,201569702.1484
2023-01-05 13:00:00,416.346,416.717,415.427,415.427,135078598.0225
2023-01-05 14:00:00,416.946,417.047,415.737,416.366,231262893.6768
2023-01-05 15:00:00,416.336,417.137,415.566,416.957,188498703.0029
2023-01-05 16:00:00,417.177,417.607,416.296,416.326,134944305.4199
2023-01-05 17:00:00,417.026,417.317,416.606,417.177,116449996.9482
2023-01-05 18:00:00,416.076,417.117,415.416,417.017,143553100.5859
2023-01-05 19:00:00,415.527,416.206,415.256,416.067,157163894.6533
2023-01-06 13:00:00,417.177,418.257,416.786,418.076,167884902.9541
2023-01-06 14:00:00,419.366,419.736,417.215,417.247,296354400.6348
2023-01-06 15:00:00,421.046,421.087,419.166,419.377,194923202.5146
2023-01-06 16:00:00,421.656,421.837,421.056,421.056,140522506.7139
2023-01-06 17:00:00,422.067,422.067,421.256,421.676,133740905.7617
2023-01-06 18:00:00,422.416,422.486,421.726,422.066,112795501.709
2023-01-06 19:00:00,421.826,422.907,420.857,422.426,166681503.2959
2023-01-08 13:00:00,456.777,456.937,456.046,456.266,121427696.228
2023-01-08 14:00:00,456.326,457.237,455.526,456.766,212657699.585
2023-01-08 15:00:00,456.137,456.467,455.786,456.336,122874198.9136
2023-01-08 16:00:00,456.306,456.337,455.477,456.126,70340400.6958
2023-01-08 17:00:00,456.426,456.486,455.966,456.336,57989799.4995
2023-01-08 18:00:00,456.706,456.947,456.406,456.437,68600799.5605
2023-01-08 19:00:00,456.476,456.977,456.186,456.717,78112197.876
2023-01-09 13:00:00,452.227,453.657,451.156,453.167,164599105.835
2023-01-09 14:00:00,450.947,453.026,450.676,452.257,289286010.7422
2023-01-09 15:00:00,449.876,451.237,449.677,450.957,202894699.0967
2023-01-09 16:00:00,450.746,450.997,449.686,449.867,136183700.5615
2023-01-09 17:00:00,450.637,450.887,450.166,450.737,109058403.0151
2023-01-09 18:00:00,450.537,450.777,449.876,450.636,102382003.7842
2023-01-09 19:00:00,451.236,451.286,450.377,450.526,117542098.999
2023-01-11 13:00:00,419.417,419.876,418.627,419.197,146704406.7383
2023-01-11 14:00:00,421.246,421.887,419.166,419.456,255995605.4688
2023-01-11 15:00:00,420.716,421.607,420.216,421.227,173642105.1025
2023-01-11 16:00:00,419.747,420.726,419.296,420.717,151885696.4111
2023-01-11 17:00:00,420.017,420.397,419.366,419.736,125120300.293
2023-01-11 18:00:00,421.347,421.727,419.096,420.076,322189392.0898
2023-01-11 19:00:00,422.706,423.487,421.326,421.326,254770095.8252
2023-01-12 14:00:00,456.017,456.206,455.176,455.777,119443397.522
2023-01-12 15:00:00,456.316,457.126,455.326,456.106,233374404.9072
2023-01-12 16:00:00,458.326,458.737,455.396,456.337,251772506.7139
2023-01-12 17:00:00,459.407,459.637,458.146,458.336,134991592.4072
2023-01-12 18:00:00,458.307,459.477,458.186,459.397,101620796.2036
2023-01-12 19:00:00,459.066,459.077,458.187,458.326,82170898.4375
2023-01-12 20:00:00,459.017,459.306,458.376,459.057,102836303.7109
2023-02-02 14:00:00,413.546,415.036,413.306,414.787,235599304.1992
2023-02-02 15:00:00,416.626,417.127,412.876,413.556,380213989.2578
2023-02-02 16:00:00,415.856,417.037,415.816,416.626,282664794.9219
2023-02-02 17:00:00,416.656,416.937,415.597,415.867,208625106.8115
2023-02-02 18:00:00,418.046,418.057,416.376,416.696,183211196.8994
2023-02-02 19:00:00,413.797,418.286,413.666,418.046,302616607.666
2023-02-02 20:00:00,416.736,416.787,413.216,413.816,342487213.1348
2023-02-03 14:00:00,393.276,393.566,392.316,392.657,187196395.874
2023-02-03 15:00:00,394.267,394.457,392.796,393.277,307971893.3105
2023-02-03 16:00:00,393.897,394.647,393.456,394.276,226916107.1777
2023-02-03 17:00:00,394.397,394.566,393.446,393.906,183153305.0537
2023-02-03 18:00:00,396.126,396.157,394.006,394.386,182348098.7549
2023-02-03 19:00:00,396.797,397.157,396.026,396.126,221046295.166
2023-02-03 20:00:00,397.777,398.677,396.426,396.786,235701293.9453
2023-02-05 13:00:00,413.837,414.787,413.637,414.736,145897903.4424
2023-02-05 14:00:00,409.076,414.087,408.966,413.866,336896301.2695
2023-02-05 15:00:00,408.696,409.417,407.806,409.067,281760803.2227
2023-02-05 16:00:00,409.656,409.837,408.416,408.687,170577392.5781
2023-02-05 17:00:00,410.816,411.277,409.466,409.646,126263198.8525
2023-02-05 18:00:00,411.076,411.167,409.776,410.846,153736297.6074
2023-02-05 19:00:00,410.866,411.567,410.456,411.067,183393295.2881
2023-02-06 13:00:00,424.347,426.357,424.296,424.456,183384597.7783
2023-02-06 14:00:00,426.827,426.837,423.936,424.357,290681396.4844
2023-02-06 15:00:00,427.426,427.667,426.746,426.837,197561401.3672
2023-02-06 16:00:00,428.026,428.126,426.926,427.436,158463592.5293
2023-02-06 17:00:00,428.126,428.367,427.657,428.016,138603897.0947
2023-02-06 18:00:00,428.326,428.437,427.466,428.147,145146606.4453
2023-02-06 19:00:00,427.886,428.727,427.706,428.336,157269897.4609
2023-02-08 13:00:00,452.976,453.517,452.336,453.226,131028503.418
2023-02-08 14:00:00,450.627,453.076,450.456,452.987,198096298.2178
2023-02-08 15:00:00,450.296,451.657,450.276,450.616,159619903.5645
2023-02-08 16:00:00,450.836,451.087,449.976,450.286,127008598.3276
2023-02-08 17:00:00,450.567,451.426,450.446,450.817,128980804.4434
2023-02-08 18:00:00,450.607,451.057,450.256,450.577,124610000.6104
2023-02-08 19:00:00,450.137,450.887,449.336,450.617,147646697.998
2023-02-10 13:00:00,426.727,427.747,426.176,426.576,158945602.417
2023-02-10 14:00:00,426.357,428.086,425.907,426.727,334271209.7168
2023-02-10 15:00:00,425.796,428.587,425.486,426.376,294422790.5273
2023-02-10 16:00:00,424.797,426.057,424.467,425.806,225941604.6143
2023-02-10 17:00:00,425.477,425.986,424.566,424.807,187548400.8789
2023-02-10 18:00:00,425.117,426.766,424.536,425.486,217619796.7529
2023-02-10 19:00:00,427.337,427.347,424.506,425.117,219916595.459
2023-02-11 13:00:00,427.487,428.017,426.566,426.576,125150100.708
2023-02-11 14:00:00,429.297,429.307,426.746,427.496,181400100.708
2023-02-11 15:00:00,428.777,429.327,428.077,429.307,155877304.0771
2023-02-11 16:00:00,429.107,429.547,428.427,428.766,137668304.4434
2023-02-11 17:00:00,430.267,430.436,428.916,429.117,91371597.29
2023-02-11 18:00:00,430.247,430.447,429.527,430.276,86952400.2075
2023-02-11 19:00:00,430.747,430.906,430.077,430.236,96286300.6592
2023-03-01 14:00:00,381.696,386.417,381.656,384.366,214621414.1846
2023-03-01 15:00:00,382.036,382.557,380.087,381.756,325424713.1348
2023-03-01 16:00:00,379.076,382.307,378.646,382.026,295355072.0215
2023-03-01 17:00:00,378.606,380.006,377.836,379.076,228945220.9473
2023-03-01 18:00:00,379.827,379.967,378.336,378.607,224615829.4678
2023-03-01 19:00:00,380.006,380.737,378.066,379.857,249367889.4043
2023-03-01 20:00:00,380.826,381.197,379.806,380.017,251505508.4229
2023-03-02 14:00:00,413.647,414.426,411.436,411.576,235817993.1641
2023-03-02 15:00:00,415.636,416.696,412.407,413.556,429823486.3281
2023-03-02 16:00:00,414.766,416.946,414.606,415.647,294923400.8789
2023-03-02 17:00:00,414.106,416.507,413.906,414.757,270912292.4805
2023-03-02 18:00:00,412.946,414.247,411.666,414.107,357439514.1602
2023-03-02 19:00:00,411.796,413.217,411.546,412.946,326463592.5293
2023-03-02 20:00:00,412.316,412.996,411.077,411.827,307552185.0586
2023-03-03 14:00:00,400.526,400.897,399.156,399.706,157358703.6133
2023-03-03 15:00:00,400.697,401.487,399.026,400.507,303744903.5645
2023-03-03 16:00:00,401.917,402.136,400.507,400.686,226004699.707
2023-03-03 17:00:00,402.936,402.987,401.836,401.917,159662994.3848
2023-03-03 18:00:00,402.866,403.237,402.646,402.937,116417396.5454
2023-03-03 19:00:00,403.836,403.876,402.576,402.886,113399101.2573
2023-03-03 20:00:00,404.186,404.446,403.476,403.837,167242797.8516
2023-03-04 13:00:00,410.107,410.686,408.816,408.837,147743804.9316
2023-03-04 14:00:00,408.997,411.357,408.967,410.106,270614685.0586
2023-03-04 15:00:00,409.477,409.487,408.416,408.987,207463806.1523
2023-03-04 16:00:00,409.277,409.877,409.216,409.477,142236602.7832
2023-03-04 17:00:00,409.217,409.757,408.896,409.267,116467201.2329
2023-03-04 18:00:00,410.367,410.447,409.087,409.227,105084602.356
2023-03-04 19:00:00,410.917,411.177,410.296,410.376,141345001.2207
2023-03-05 13:00:00,412.187,412.646,411.237,411.317,159103393.5547
2023-03-05 14:00:00,410.866,412.476,410.506,412.177,247277801.5137
2023-03-05 15:00:00,411.487,411.537,410.296,410.856,191452804.5654
2023-03-05 16:00:00,412.137,412.137,411.067,411.486,110138198.8525
2023-03-05 17:00:00,412.037,412.567,411.896,412.146,101928703.3081
2023-03-05 18:00:00,412.196,413.826,410.296,412.036,406510406.4941
2023-03-05 19:00:00,407.957,413.047,407.697,412.187,438298797.6074
2023-03-07 13:00:00,443.437,443.537,442.616,442.916,106804298.4009
2023-03-07 14:00:00,443.196,443.666,443.016,443.437,152069000.2441
2023-03-07 15:00:00,443.607,443.697,443.146,443.196,83814598.0835
2023-03-07 16:00:00,444.037,444.067,443.537,443.617,62950000.7629
2023-03-08 13:00:00,448.526,448.987,447.626,448.037,151158401.4893
2023-03-08 14:00:00,448.476,449.297,447.357,448.527,255575393.6768
2023-03-08 15:00:00,449.276,449.867,448.376,448.476,170019500.7324
2023-03-08 16:00:00,450.546,450.737,449.126,449.266,105085601.8066
2023-03-08 17:00:00,449.507,450.777,449.426,450.536,109413497.9248
2023-03-08 18:00:00,449.977,450.107,449.236,449.476,116811798.0957
2023-03-08 19:00:00,448.937,450.027,448.766,449.986,134400405.8838
2023-03-10 13:00:00,426.286,426.647,424.826,425.047,166485305.7861
2023-03-10 14:00:00,421.756,426.327,421.446,426.276,324207611.084
2023-03-10 15:00:00,421.166,422.127,420.756,421.757,238635299.6826
2023-03-10 16:00:00,422.196,422.567,421.097,421.176,232250106.8115
2023-03-10 17:00:00,420.876,422.807,420.736,422.177,192115493.7744
2023-03-10 18:00:00,421.136,421.537,420.166,420.886,193264404.2969
2023-03-10 19:00:00,421.707,421.717,420.286,421.147,228116195.6787
2023-03-11 13:00:00,434.627,434.976,433.007,433.116,132423797.6074
2023-03-11 14:00:00,434.146,435.456,433.206,434.626,261398895.2637
2023-03-11 15:00:00,434.967,435.177,433.526,434.166,181732192.9932
2023-03-11 16:00:00,435.737,435.837,434.846,434.976,133333206.1768
2023-03-11 17:00:00,435.636,435.896,434.836,435.727,122300796.5088
2023-03-11 18:00:00,436.087,436.166,435.006,435.636,126928596.4966
2023-03-11 19:00:00,434.697,436.277,434.656,436.097,129386795.0439
2023-04-01 14:00:00,383.207,384.137,381.876,383.176,217571105.957
2023-04-01 15:00:00,382.937,384.167,379.987,383.216,402797943.1152
2023-04-01 16:00:00,385.476,385.867,382.307,382.957,288826812.7441
2023-04-01 17:00:00,384.326,385.727,384.317,385.486,196298706.0547
2023-04-01 18:00:00,384.386,385.307,383.646,384.326,188281799.3164
2023-04-01 19:00:00,383.226,385.517,381.127,384.346,400798675.5371
2023-04-01 20:00:00,383.756,384.067,381.196,383.226,318938781.7383
2023-04-04 13:00:00,411.007,411.667,410.446,411.617,160007400.5127
2023-04-04 14:00:00,409.706,411.907,409.536,411.016,328709411.6211
2023-04-04 15:00:00,408.286,409.706,408.206,409.696,267623992.9199
2023-04-04 16:00:00,408.316,408.527,407.227,408.266,219678298.9502
2023-04-04 17:00:00,408.686,409.287,408.106,408.326,173804092.4072
2023-04-04 18:00:00,407.837,408.957,407.676,408.687,164032501.2207
2023-04-04 19:00:00,408.686,408.686,407.466,407.846,205632904.0527
2023-04-05 13:00:00,405.597,407.257,404.877,406.917,202794403.0762
2023-04-05 14:00:00,404.857,405.957,403.846,405.586,384017303.4668
2023-04-05 15:00:00,404.356,406.507,404.197,404.856,308408203.125
2023-04-05 16:00:00,405.816,405.837,403.726,404.327,207333801.2695
2023-04-05 17:00:00,406.136,407.147,405.566,405.836,230698104.8584
2023-04-05 18:00:00,405.236,406.247,404.616,406.176,199416305.542
2023-04-05 19:00:00,405.167,406.267,404.576,405.227,205044906.6162
2023-04-08 13:00:00,450.286,451.866,450.146,450.717,161161407.4707
2023-04-08 14:00:00,451.296,451.427,448.757,450.277,254830703.7354
2023-04-08 15:00:00,451.816,451.917,451.126,451.306,135092407.2266
2023-04-08 16:00:00,452.716,452.887,451.516,451.826,106454902.6489
2023-04-08 17:00:00,450.747,452.777,450.616,452.726,110470497.1313
2023-04-08 18:00:00,447.096,450.747,446.776,450.747,241346405.0293
2023-04-08 19:00:00,446.756,447.707,446.266,447.056,176339599.6094
2023-04-10 13:00:00,422.497,423.366,421.906,422.046,149889404.2969
2023-04-10 14:00:00,421.047,422.867,420.546,422.356,311934204.1016
2023-04-10 15:00:00,423.946,423.957,420.677,421.026,263411407.4707
2023-04-10 16:00:00,423.616,424.347,423.236,423.927,207303207.3975
2023-04-10 17:00:00,422.166,423.716,422.036,423.626,186867904.6631
2023-04-10 18:00:00,423.177,423.317,421.647,422.166,196680206.2988
2023-04-10 19:00:00,424.676,425.416,423.037,423.186,201635299.6826
2023-04-12 14:00:00,455.966,456.817,455.506,455.586,116607101.4404
2023-04-12 15:00:00,454.546,456.306,454.366,455.976,191100296.0205
2023-04-12 16:00:00,455.936,456.017,454.407,454.536,107717399.5972
2023-04-12 17:00:00,456.657,456.736,455.747,455.957,89645698.5474
2023-04-12 18:00:00,455.877,456.686,455.756,456.666,75996101.3794
2023-04-12 19:00:00,455.977,456.186,455.486,455.886,75613502.5024
2023-04-12 20:00:00,456.636,456.927,455.656,455.966,102760696.4111
2023-05-01 14:00:00,380.097,381.737,378.876,381.687,206978164.6729
2023-05-01 15:00:00,379.376,381.807,379.257,380.106,331114288.3301
2023-05-01 16:00:00,379.267,380.326,378.766,379.376,232372131.3477
2023-05-01 17:00:00,379.406,380.437,379.076,379.256,196973403.9307
2023-05-01 18:00:00,380.556,381.457,379.026,379.416,239451263.4277
2023-05-01 19:00:00,380.797,381.677,380.037,380.587,213368072.5098
2023-05-01 20:00:00,379.357,380.807,378.897,380.797,218343139.6484
2023-05-04 13:00:00,408.357,408.617,407.756,407.886,170667892.4561
2023-05-04 14:00:00,406.337,408.647,406.236,408.356,289640106.2012
2023-05-04 15:00:00,407.046,407.397,406.146,406.326,188464492.7979
2023-05-04 16:00:00,406.147,407.117,405.866,407.056,163143005.3711
2023-05-04 17:00:00,407.147,407.216,405.976,406.156,146478897.0947
2023-05-04 18:00:00,407.496,407.757,407.036,407.156,142068603.5156
2023-05-04 19:00:00,407.647,407.847,406.836,407.487,153143096.9238
2023-05-05 13:00:00,410.096,410.317,408.636,408.916,154060592.6514
2023-05-05 14:00:00,411.036,411.627,410.046,410.117,216697692.8711
2023-05-05 15:00:00,411.007,411.456,410.646,411.057,156836105.3467
2023-05-05 16:00:00,411.077,411.107,410.187,410.997,132156799.3164
2023-05-05 17:00:00,411.846,411.937,411.066,411.087,107067901.6113
2023-05-05 18:00:00,413.247,413.707,411.786,411.847,112647697.4487
2023-05-05 19:00:00,412.627,413.497,412.167,413.257,148056304.9316
2023-05-06 13:00:00,428.266,429.127,427.886,428.227,100742698.6694
2023-05-06 14:00:00,428.566,429.426,427.626,428.277,293961914.0625
2023-05-06 15:00:00,428.926,429.147,428.366,428.567,183253799.4385
2023-05-06 16:00:00,429.557,429.557,428.506,428.936,142450195.3125
2023-05-06 17:00:00,428.487,429.607,428.036,429.547,154610107.4219
2023-05-06 18:00:00,427.646,428.546,426.296,428.506,215006698.6084
2023-05-06 19:00:00,427.096,427.766,426.357,427.636,213931503.2959
2023-05-07 13:00:00,443.217,443.307,441.897,441.897,119259498.5962
2023-05-07 14:00:00,443.786,443.817,442.946,443.206,143415405.2734
2023-05-07 15:00:00,443.287,443.876,443.156,443.797,87271202.0874
2023-05-07 16:00:00,443.147,443.366,442.707,443.276,73948699.9512
2023-05-07 17:00:00,443.276,443.376,442.977,443.156,45558998.1079
2023-05-07 18:00:00,443.496,443.596,442.307,443.277,126005699.1577
2023-05-07 19:00:00,443.117,443.747,443.077,443.487,86390800.4761
2023-05-09 13:00:00,449.566,450.917,449.366,450.727,152599594.1162
2023-05-09 14:00:00,450.097,450.417,449.167,449.577,239406204.2236
2023-05-09 15:00:00,450.206,451.047,449.866,450.107,139308898.9258
2023-05-09 16:00:00,450.296,450.717,450.167,450.216,89833702.0874
2023-05-09 17:00:00,450.007,450.327,449.487,450.297,79974098.2056
2023-05-09 18:00:00,450.606,450.627,449.686,450.017,62162101.7456
2023-05-09 19:00:00,449.297,450.617,449.166,450.616,102200996.3989
2023-05-10 13:00:00,424.116,425.246,423.306,424.346,163661895.752
2023-05-10 14:00:00,421.957,424.136,421.626,424.127,271409606.9336
2023-05-10 15:00:00,422.016,422.577,421.166,421.967,250839599.6094
2023-05-10 16:00:00,422.617,423.437,421.836,422.026,183816192.627
2023-05-10 17:00:00,424.077,424.187,421.856,422.617,173087707.5195
2023-05-10 18:00:00,425.027,425.346,423.886,424.067,155649002.0752
2023-05-10 19:00:00,424.516,425.167,424.167,425.036,171716705.3223
2023-05-12 14:00:00,455.457,455.777,454.876,455.237,129458496.0938
2023-05-12 15:00:00,457.377,457.407,455.356,455.356,242437896.7285
2023-05-12 16:00:00,456.046,457.577,455.346,457.387,189434494.0186
2023-05-12 17:00:00,456.226,456.427,455.236,456.057,180088104.248
2023-05-12 18:00:00,456.186,456.557,455.876,456.227,133411605.835
2023-05-12 19:00:00,456.637,456.687,455.896,456.196,109160301.2085
2023-05-12 20:00:00,456.576,456.777,456.086,456.626,101897598.2666
2023-06-01 14:00:00,380.717,383.937,379.437,382.486,223121414.1846
2023-06-01 15:00:00,385.266,385.537,380.726,380.726,398619293.2129
2023-06-01 16:00:00,386.246,386.707,384.997,385.286,259396545.4102
2023-06-01 17:00:00,385.426,386.497,385.056,386.246,192222412.1094
2023-06-01 18:00:00,386.717,386.836,385.206,385.447,163036712.6465
2023-06-01 19:00:00,388.507,388.777,386.726,386.726,181014633.1787
2023-06-01 20:00:00,388.057,389.236,387.726,388.506,192037399.292
2023-06-02 14:00:00,410.276,410.886,409.357,409.756,206625305.1758
2023-06-02 15:00:00,410.257,410.677,408.087,410.316,348376190.1855
2023-06-02 16:00:00,409.706,411.286,409.586,410.276,261727813.7207
2023-06-02 17:00:00,409.936,410.466,409.326,409.696,235596298.2178
2023-06-02 18:00:00,409.956,410.316,409.186,409.926,229854003.9063
2023-06-02 19:00:00,410.257,411.047,409.697,409.956,195256195.0684
2023-06-02 20:00:00,409.917,410.327,408.716,410.236,232098007.2021
2023-06-03 14:00:00,405.757,405.837,404.746,405.016,156449096.6797
2023-06-03 15:00:00,406.636,407.337,405.226,405.746,251699401.8555
2023-06-03 16:00:00,406.766,407.436,406.226,406.637,186900894.165
2023-06-03 17:00:00,405.836,407.377,405.576,406.776,178578292.8467
2023-06-03 18:00:00,404.856,405.907,404.607,405.846,177011093.1396
2023-06-03 19:00:00,404.716,405.327,404.556,404.856,186538192.749
2023-06-03 20:00:00,404.437,405.007,404.017,404.717,202662902.832
2023-06-04 13:00:00,406.136,406.887,405.676,406.737,152605804.4434
2023-06-04 14:00:00,406.426,407.276,406.047,406.127,257835296.6309
2023-06-04 15:00:00,408.106,408.126,406.226,406.437,186413101.1963
2023-06-04 16:00:00,408.587,409.137,408.096,408.097,150690307.6172
2023-06-04 17:00:00,408.856,409.206,408.416,408.597,134060699.4629
2023-06-04 18:00:00,408.916,409.467,408.746,408.866,125000701.9043
2023-06-04 19:00:00,409.117,409.247,408.457,408.917,134433898.9258
2023-06-06 13:00:00,426.586,426.797,425.976,426.647,142345504.7607
2023-06-06 14:00:00,428.067,428.437,426.506,426.607,215554794.3115
2023-06-06 15:00:00,428.136,428.267,426.846,428.077,168366592.4072
2023-06-06 16:00:00,426.906,428.436,426.726,428.157,162952194.2139
2023-06-06 17:00:00,426.857,427.847,426.556,426.926,152438995.3613
2023-06-06 18:00:00,427.686,427.746,426.556,426.867,125613296.5088
2023-06-06 19:00:00,428.017,428.567,427.496,427.687,134310897.8271
2023-06-07 13:00:00,438.436,439.606,438.027,439.396,153512695.3125
2023-06-07 14:00:00,437.186,438.456,437.126,438.456,216675903.3203
2023-06-07 15:00:00,438.106,438.167,437.056,437.187,142125198.3643
2023-06-07 16:00:00,439.176,439.227,438.097,438.106,105901000.9766
2023-06-07 17:00:00,439.707,439.727,438.986,439.187,81037597.6563
2023-06-07 18:00:00,440.037,440.066,439.236,439.707,71520599.3652
2023-06-07 19:00:00,439.676,440.067,439.456,440.027,96567001.3428
2023-06-09 13:00:00,447.847,448.487,447.426,448.397,111687202.4536
2023-06-09 14:00:00,445.666,447.806,445.606,447.806,264372894.2871
2023-06-09 15:00:00,445.536,445.987,445.166,445.666,137028503.418
2023-06-09 16:00:00,444.247,445.737,443.996,445.526,119096702.5757
2023-06-09 17:00:00,445.297,445.547,443.806,444.236,131832504.2725
2023-06-09 18:00:00,445.936,446.167,445.156,445.307,111516799.9268
2023-06-09 19:00:00,446.186,446.387,445.326,445.927,123186500.5493
2023-06-10 13:00:00,421.906,422.977,421.006,421.957,186123992.9199
2023-06-10 14:00:00,423.806,424.316,420.596,421.917,315822998.0469
2023-06-10 15:00:00,428.867,428.887,423.776,423.797,237911193.8477
2023-06-10 16:00:00,428.256,429.257,427.636,428.857,174132202.1484
2023-06-10 17:00:00,429.726,429.847,428.067,428.267,128925506.5918
2023-06-10 18:00:00,430.686,431.117,429.337,429.726,120283302.3071
2023-06-10 19:00:00,429.577,430.937,429.376,430.676,144932998.6572
2023-06-11 14:00:00,435.436,436.137,435.016,435.457,126534103.3936
2023-06-11 15:00:00,435.416,435.867,434.746,435.447,187947494.5068
2023-06-11 16:00:00,435.556,435.797,435.036,435.426,118137397.7661
2023-06-11 17:00:00,434.976,435.627,434.466,435.546,95175903.3203
2023-06-11 18:00:00,434.287,434.987,433.666,434.966,108796798.7061
2023-06-11 19:00:00,435.076,435.167,433.697,434.286,110954200.7446
2023-06-11 20:00:00,435.657,435.707,434.686,435.086,123178001.4038
2023-06-12 14:00:00,457.996,458.827,457.807,458.806,116015403.7476
2023-06-12 15:00:00,457.187,458.387,456.746,458.007,206046707.1533
2023-06-12 16:00:00,456.756,457.457,455.996,457.176,168524093.6279
2023-06-12 17:00:00,455.857,456.856,455.796,456.747,142708694.458
2023-06-12 18:00:00,456.457,456.577,455.596,455.846,130997894.2871
2023-06-12 19:00:00,455.816,456.537,455.807,456.467,107675498.9624
2023-06-12 20:00:00,454.707,455.896,454.307,455.827,116555397.0337
2023-07-02 14:00:00,408.997,409.566,408.526,408.837,201214797.9736
2023-07-02 15:00:00,408.727,409.397,408.346,408.986,283897796.6309
2023-07-02 16:00:00,410.227,410.687,408.736,408.737,221022003.1738
2023-07-02 17:00:00,414.326,415.147,409.727,410.227,295048187.2559
2023-07-02 18:00:00,408.917,414.946,407.556,414.316,481380004.8828
2023-07-02 19:00:00,413.536,413.706,408.847,408.906,371891113.2813
2023-07-02 20:00:00,415.166,416.487,412.676,413.586,269128204.3457
2023-07-03 14:00:00,404.336,404.667,404.076,404.406,158293502.8076
2023-07-03 15:00:00,400.406,404.336,400.336,404.336,418861785.8887
2023-07-03 16:00:00,399.877,401.307,399.767,400.407,353103912.3535
2023-07-03 17:00:00,400.306,401.997,399.776,399.897,305376892.0898
2023-07-03 18:00:00,398.347,400.377,398.146,400.317,247826995.8496
2023-07-03 19:00:00,397.736,398.927,397.616,398.346,183362701.416
2023-07-03 20:00:00,398.297,399.157,397.686,397.746,199053894.043
2023-07-06 13:00:00,429.287,429.607,428.326,428.407,156612304.6875
2023-07-06 14:00:00,427.656,429.377,427.017,429.276,303892791.748
2023-07-06 15:00:00,426.887,428.196,426.797,427.647,230350204.4678
2023-07-06 16:00:00,426.876,427.537,426.646,426.906,187074905.3955
2023-07-06 17:00:00,426.697,427.197,426.096,426.886,187121994.0186
2023-07-06 18:00:00,426.956,427.387,426.266,426.706,157796096.8018
2023-07-06 19:00:00,426.577,427.246,426.116,426.947,195134094.2383
2023-07-07 13:00:00,440.157,440.177,438.467,438.617,169505401.6113
2023-07-07 14:00:00,439.856,440.227,438.806,440.136,217644805.9082
2023-07-07 15:00:00,440.366,440.387,439.676,439.847,103599700.9277
2023-07-07 16:00:00,442.247,442.276,440.356,440.377,88327796.936
2023-07-07 17:00:00,441.786,442.637,441.496,442.257,75848899.8413
2023-07-07 18:00:00,441.176,441.857,441.056,441.797,77351699.8291
2023-07-07 19:00:00,438.537,441.247,438.286,441.187,160236801.1475
2023-07-08 13:00:00,448.486,449.647,448.246,448.716,161741500.8545
2023-07-08 14:00:00,449.066,449.887,447.976,448.467,216314300.5371
2023-07-08 15:00:00,449.496,449.617,448.246,449.076,181952301.0254
2023-07-08 16:00:00,449.647,449.797,448.946,449.506,110711402.8931
2023-07-08 17:00:00,450.206,450.207,449.477,449.646,107540603.6377
2023-07-08 18:00:00,450.086,450.496,449.466,450.196,97249801.6357
2023-07-08 19:00:00,450.707,450.856,449.616,450.096,101860099.7925
2023-07-09 13:00:00,443.417,444.396,442.796,443.077,145511093.1396
2023-07-09 14:00:00,444.027,444.647,442.746,443.427,249171005.249
2023-07-09 15:00:00,443.986,444.997,443.846,444.026,199484100.3418
2023-07-09 16:00:00,444.477,445.227,443.897,443.987,146874496.46
2023-07-09 17:00:00,445.066,445.217,444.296,444.456,122444198.6084
2023-07-09 18:00:00,444.967,445.327,444.086,445.057,121330902.0996
2023-07-09 19:00:00,444.856,445.477,444.267,444.967,132487197.876
2023-07-11 14:00:00,435.547,435.726,434.506,435.686,113841697.6929
2023-07-11 15:00:00,437.156,437.426,435.386,435.536,169710098.2666
2023-07-11 16:00:00,436.877,437.497,436.617,437.156,119066703.7964
2023-07-11 17:00:00,436.676,436.887,435.857,436.887,125303596.4966
2023-07-11 18:00:00,437.206,437.457,436.546,436.686,87446502.6855
2023-07-11 19:00:00,436.887,437.447,436.797,437.217,77680603.0273
2023-07-11 20:00:00,436.886,437.577,436.206,436.876,92752502.4414
2023-07-12 14:00:00,456.436,457.217,456.286,456.906,123969902.0386
2023-07-12 15:00:00,457.867,458.136,456.396,456.446,202463500.9766
2023-07-12 16:00:00,458.087,458.107,456.507,457.876,149807495.1172
2023-07-12 17:00:00,458.117,458.436,457.636,458.096,118360801.6968
2023-07-12 18:00:00,458.286,458.537,457.936,458.126,90880699.1577
2023-07-12 19:00:00,458.017,458.886,457.977,458.296,82392997.7417
2023-07-12 20:00:00,458.206,458.497,457.927,458.027,91727302.5513
2023-08-02 14:00:00,414.086,414.407,412.766,413.126,211979705.8105
2023-08-02 15:00:00,412.437,414.507,412.016,414.056,353281188.9648
2023-08-02 16:00:00,411.426,412.507,410.136,412.426,301752593.9941
2023-08-02 17:00:00,411.867,411.976,410.546,411.396,252076797.4854
2023-08-02 18:00:00,411.387,412.577,410.917,411.866,278899505.6152
2023-08-02 19:00:00,411.337,412.127,410.466,411.386,248302795.4102
2023-08-02 20:00:00,410.616,411.417,409.926,411.337,279242401.123
2023-08-03 14:00:00,398.737,399.086,397.926,398.376,193527893.0664
2023-08-03 15:00:00,398.347,399.676,396.856,398.727,421616699.2188
2023-08-03 16:00:00,399.306,399.697,397.716,398.347,255146102.9053
2023-08-03 17:00:00,397.947,399.486,397.217,399.317,219152404.7852
2023-08-03 18:00:00,396.996,398.147,396.586,397.956,226831802.3682
2023-08-03 19:00:00,397.317,397.997,396.916,397.007,171796493.5303
2023-08-03 20:00:00,398.907,399.147,396.936,397.326,179654693.6035
2023-08-05 13:00:00,412.197,413.096,411.876,412.916,146863006.5918
2023-08-05 14:00:00,412.376,412.557,411.666,412.217,236237106.3232
2023-08-05 15:00:00,412.637,412.846,411.836,412.396,138848007.2021
2023-08-05 16:00:00,412.267,412.767,411.986,412.636,118848503.1128
2023-08-05 17:00:00,412.757,412.927,412.076,412.307,89400199.8901
2023-08-05 18:00:00,413.107,413.227,411.266,412.756,143291107.1777
2023-08-05 19:00:00,412.776,413.167,412.406,413.117,125106101.9897
2023-08-06 13:00:00,426.486,427.106,425.817,426.587,177505493.1641
2023-08-06 14:00:00,427.957,428.017,426.297,426.486,246803405.7617
2023-08-06 15:00:00,427.997,428.337,427.776,427.977,178727706.9092
2023-08-06 16:00:00,428.606,429.186,427.707,427.987,153780303.9551
2023-08-06 17:00:00,428.196,428.817,427.696,428.617,143392807.0068
2023-08-06 18:00:00,428.937,429.067,427.977,428.206,117563400.2686
2023-08-06 19:00:00,429.127,429.577,428.796,428.947,115371597.29
2023-08-08 13:00:00,446.576,448.136,446.076,448.066,141514602.6611
2023-08-08 14:00:00,445.526,446.867,445.396,446.536,237819702.1484
2023-08-08 15:00:00,445.687,446.277,445.266,445.537,177255004.8828
2023-08-08 16:00:00,446.586,446.937,445.607,445.676,119748199.4629
2023-08-08 17:00:00,447.236,447.397,446.526,446.587,122813102.7222
2023-08-08 18:00:00,448.327,448.557,446.926,447.247,133220703.125
2023-08-08 19:00:00,448.927,449.216,448.146,448.317,140099105.835
2023-08-09 13:00:00,445.807,446.087,444.786,444.886,121422798.1567
2023-08-09 14:00:00,445.897,447.097,445.726,445.826,212577194.2139
2023-08-09 15:00:00,446.166,446.887,445.766,445.867,167149993.8965
2023-08-09 16:00:00,446.097,446.767,445.596,446.166,141893707.2754
2023-08-09 17:00:00,445.867,446.177,445.516,446.067,136460601.8066
2023-08-09 18:00:00,444.907,446.217,444.866,445.877,157565795.8984
2023-08-09 19:00:00,445.486,445.597,444.516,444.897,143878402.71
2023-08-11 14:00:00,437.706,438.077,437.377,437.516,99199302.6733
2023-08-11 15:00:00,436.576,437.807,436.496,437.717,200141494.751
2023-08-11 16:00:00,436.057,437.147,436.026,436.587,159768402.0996
2023-08-11 17:00:00,435.806,436.136,434.877,436.056,145658401.4893
2023-08-11 18:00:00,436.557,436.686,435.606,435.816,131321701.0498
2023-08-11 19:00:00,436.506,437.197,436.426,436.547,100296997.0703
2023-08-11 20:00:00,437.267,437.777,436.486,436.517,105229896.5454
2023-08-12 14:00:00,458.197,458.717,457.196,457.456,141735595.7031
2023-08-12 15:00:00,460.006,460.406,458.207,458.207,233758193.9697
2023-08-12 16:00:00,458.236,460.087,457.826,460.016,166854507.4463
2023-08-12 17:00:00,459.037,459.127,457.527,458.247,134772399.9023
2023-08-12 18:00:00,459.487,459.577,458.886,459.036,82498596.1914
2023-08-12 19:00:00,460.366,460.457,459.426,459.486,58377601.6235
2023-08-12 20:00:00,460.137,460.727,459.896,460.377,80230201.7212
2023-09-01 14:00:00,391.577,391.647,389.346,390.366,202027770.9961
2023-09-01 15:00:00,392.586,393.237,391.196,391.596,287948120.1172
2023-09-01 16:00:00,393.367,393.687,392.596,392.596,200906829.834
2023-09-01 17:00:00,392.306,393.367,391.846,393.366,180328567.5049
2023-09-01 18:00:00,390.476,392.436,389.856,392.317,209896026.6113
2023-09-01 19:00:00,388.906,391.107,388.766,390.456,221103790.2832
2023-09-01 20:00:00,387.866,389.207,387.656,388.936,261125183.1055
2023-09-02 14:00:00,413.336,414.527,412.957,414.407,198662994.3848
2023-09-02 15:00:00,412.997,414.017,412.076,413.336,352177185.0586
2023-09-02 16:00:00,411.396,413.017,410.917,412.997,311792694.0918
2023-09-02 17:00:00,410.126,412.117,409.286,411.396,255036300.6592
2023-09-02 18:00:00,409.327,410.486,409.017,410.126,274772399.9023
2023-09-02 19:00:00,408.436,409.607,408.156,409.327,248367294.3115
2023-09-02 20:00:00,407.107,408.457,405.806,408.436,281142913.8184
2023-09-03 14:00:00,400.767,401.467,399.356,399.747,187656005.8594
2023-09-03 15:00:00,399.956,401.266,399.406,400.756,289994689.9414
2023-09-03 16:00:00,399.077,400.047,399.036,399.937,249173095.7031
2023-09-03 17:00:00,397.917,399.287,397.716,399.087,245627105.7129
2023-09-03 18:00:00,395.146,398.227,394.776,397.927,267976501.4648
2023-09-03 19:00:00,393.426,395.416,393.366,395.167,267209686.2793
2023-09-03 20:00:00,391.527,393.706,390.506,393.417,333071105.957
2023-09-05 13:00:00,411.617,411.666,410.676,411.117,138967300.415
2023-09-05 14:00:00,411.356,411.827,410.846,411.627,204534805.2979
2023-09-05 15:00:00,411.026,411.717,410.966,411.366,141965393.0664
2023-09-05 16:00:00,411.346,411.386,410.816,411.016,106874298.0957
2023-09-05 17:00:00,411.837,411.917,411.196,411.337,89824501.0376
2023-09-05 18:00:00,411.446,412.057,411.097,411.856,92970199.585
2023-09-05 19:00:00,410.937,411.796,410.796,411.456,126370201.1108
2023-09-06 13:00:00,430.926,431.287,429.926,429.936,147878402.71
2023-09-06 14:00:00,431.087,431.967,430.486,430.937,244911605.835
2023-09-06 15:00:00,429.436,431.617,429.286,431.106,229639205.9326
2023-09-06 16:00:00,429.787,429.907,428.866,429.446,201600601.1963
2023-09-06 17:00:00,430.566,430.607,429.636,429.796,132780303.9551
2023-09-06 18:00:00,430.247,430.767,429.866,430.577,142769699.0967
2023-09-06 19:00:00,429.936,430.487,429.596,430.256,163067398.0713
2023-09-08 13:00:00,448.336,449.187,448.027,449.016,136381698.6084
2023-09-08 14:00:00,447.386,448.796,447.257,448.347,206244293.2129
2023-09-08 15:00:00,445.387,447.687,444.967,447.396,196059097.29
2023-09-08 16:00:00,446.246,446.636,445.246,445.366,139607894.8975
2023-09-08 17:00:00,447.517,447.857,446.036,446.226,123401603.6987
2023-09-08 18:00:00,448.197,448.876,447.356,447.497,117013000.4883
2023-09-08 19:00:00,445.747,448.266,445.407,448.207,183733505.249
2023-09-10 13:00:00,428.837,429.077,427.346,427.536,144969192.5049
2023-09-10 14:00:00,427.356,429.117,427.007,428.836,216709304.8096
2023-09-10 15:00:00,429.026,429.077,427.267,427.347,138354995.7275
2023-09-10 16:00:00,428.926,429.967,428.526,429.036,109499496.46
2023-09-10 17:00:00,432.096,432.117,428.826,428.937,134485397.3389
2023-09-10 18:00:00,432.526,432.857,431.686,432.107,152797302.2461
2023-09-10 19:00:00,432.267,432.666,431.556,432.547,140378097.5342
2023-09-11 14:00:00,437.866,438.457,436.976,438.426,111329902.6489
2023-09-11 15:00:00,436.966,438.156,436.076,437.896,216009002.6855
2023-09-11 16:00:00,437.787,438.067,436.946,436.957,132815704.3457
2023-09-11 17:00:00,437.587,437.877,437.086,437.796,112594596.8628
2023-09-11 18:00:00,435.447,437.667,435.136,437.597,256706512.4512
2023-09-11 19:00:00,433.826,435.447,433.636,435.446,244548995.9717
2023-09-11 20:00:00,433.837,434.316,433.396,433.826,178405395.5078
2023-10-01 14:00:00,388.407,389.217,387.006,387.206,227688339.2334
2023-10-01 15:00:00,388.376,389.976,386.256,388.416,394974243.1641
2023-10-01 16:00:00,388.107,388.776,387.356,388.387,293809570.3125
2023-10-01 17:00:00,388.767,389.177,387.176,388.116,221500000.0
2023-10-01 18:00:00,389.506,389.597,388.517,388.766,183140151.9775
2023-10-01 19:00:00,389.477,390.217,389.227,389.507,178216461.1816
2023-10-01 20:00:00,390.597,390.646,388.757,389.487,201369445.8008
2023-10-02 14:00:00,406.407,406.977,405.446,405.857,205220397.9492
2023-10-02 15:00:00,406.616,408.057,405.006,406.427,390078887.9395
2023-10-02 16:00:00,406.237,407.467,406.087,406.596,299134796.1426
2023-10-02 17:00:00,406.887,406.897,405.247,406.247,262751708.9844
2023-10-02 18:00:00,406.727,408.127,406.686,406.876,215179199.2188
2023-10-02 19:00:00,407.396,407.466,406.186,406.717,210569702.1484
2023-10-02 20:00:00,408.027,408.427,406.716,407.417,230771697.998
2023-10-03 14:00:00,389.156,391.187,387.467,390.957,244731292.7246
2023-10-03 15:00:00,391.046,391.057,388.397,389.186,459992401.123
2023-10-03 16:00:00,389.826,393.146,389.686,391.056,397582489.0137
2023-10-03 17:00:00,387.826,390.297,387.696,389.857,355125885.0098
2023-10-03 18:00:00,384.907,388.406,384.316,387.827,303143402.0996
2023-10-03 19:00:00,387.507,388.407,384.847,384.896,396359100.3418
2023-10-03 20:00:00,385.866,387.946,384.677,387.516,392445892.334
2023-10-04 13:00:00,406.197,406.827,405.947,406.566,163768905.6396
2023-10-04 14:00:00,406.696,407.377,406.007,406.187,192086395.2637
2023-10-04 15:00:00,407.006,407.777,406.696,406.706,151027206.4209
2023-10-04 16:00:00,408.296,408.327,406.276,407.007,156042602.5391
2023-10-04 17:00:00,408.607,408.867,408.177,408.307,134157592.7734
2023-10-04 18:00:00,409.056,409.117,408.356,408.626,130100692.749
2023-10-04 19:00:00,409.656,409.677,408.636,409.066,149407501.2207
2023-10-05 13:00:00,412.477,414.527,411.497,413.877,171415405.2734
2023-10-05 14:00:00,410.896,413.717,410.176,412.486,306934692.3828
2023-10-05 15:00:00,411.656,412.416,410.856,410.916,209307205.2002
2023-10-05 16:00:00,410.636,411.707,410.416,411.667,198783203.125
2023-10-05 17:00:00,410.086,410.726,408.856,410.626,235179199.2188
2023-10-05 18:00:00,412.006,412.187,410.067,410.086,199354507.4463
2023-10-05 19:00:00,412.756,413.757,411.806,411.996,189449798.584
2023-10-07 13:00:00,439.087,439.337,438.046,438.166,167421707.1533
2023-10-07 14:00:00,438.617,439.837,438.366,439.036,221341506.958
2023-10-07 15:00:00,438.416,439.067,437.996,438.627,185939407.3486
2023-10-07 16:00:00,438.867,438.967,437.586,438.427,132250000.0
2023-10-07 17:00:00,438.956,439.386,438.766,438.887,95241996.7651
2023-10-07 18:00:00,439.256,439.426,438.516,438.977,91298400.8789
2023-10-07 19:00:00,439.637,439.656,438.606,439.267,91631599.4263
2023-10-08 13:00:00,451.206,451.217,447.977,448.186,161633193.9697
2023-10-08 14:00:00,449.527,451.677,448.716,451.197,271495697.0215
2023-10-08 15:00:00,447.616,449.637,446.856,449.526,287276794.4336
2023-10-08 16:00:00,446.297,447.946,445.927,447.607,248438293.457
2023-10-08 17:00:00,444.857,446.826,444.696,446.286,246403900.1465
2023-10-08 18:00:00,447.426,447.467,444.806,444.866,264935791.0156
2023-10-08 19:00:00,445.907,447.467,445.026,447.436,262172210.6934
2023-10-10 13:00:00,433.626,433.627,432.537,432.957,131063095.0928
2023-10-10 14:00:00,435.317,435.687,433.666,433.676,187440505.9814
2023-10-10 15:00:00,436.976,437.087,435.136,435.327,149529006.958
2023-10-10 16:00:00,436.816,437.197,436.566,436.977,106474502.5635
2023-10-10 17:00:00,435.416,436.826,434.646,436.826,197502105.7129
2023-10-10 18:00:00,434.596,435.717,434.286,435.427,162901199.3408
2023-10-10 19:00:00,434.476,435.157,434.316,434.616,135618194.5801
2023-10-11 14:00:00,435.796,436.217,434.867,435.977,116553100.5859
2023-10-11 15:00:00,435.377,435.787,434.417,435.787,231012893.6768
2023-10-11 16:00:00,436.756,436.887,435.346,435.387,156784606.9336
2023-10-11 17:00:00,438.776,439.026,436.706,436.766,112857803.3447
2023-10-11 18:00:00,439.517,439.756,438.197,438.787,96103302.002
2023-10-11 19:00:00,439.647,439.947,439.407,439.526,66227203.3691
2023-10-11 20:00:00,440.627,440.917,439.606,439.656,94638999.939
2023-11-01 14:00:00,392.286,393.147,391.786,392.257,193341766.3574
2023-11-01 15:00:00,391.577,393.067,391.367,392.287,281425659.1797
2023-11-01 16:00:00,392.747,393.037,391.506,391.586,190043075.5615
2023-11-01 17:00:00,393.166,393.617,392.746,392.757,162454696.6553
2023-11-01 18:00:00,393.636,394.237,392.936,393.186,169597290.0391
2023-11-01 19:00:00,394.286,394.537,393.166,393.647,136780303.9551
2023-11-01 20:00:00,395.487,395.577,394.016,394.296,151300308.2275
2023-11-04 13:00:00,409.507,410.267,409.406,410.246,130000198.3643
2023-11-04 14:00:00,409.366,410.017,408.917,409.516,228556793.2129
2023-11-04 15:00:00,410.027,410.107,409.336,409.377,165941101.0742
2023-11-04 16:00:00,410.407,410.527,409.826,410.037,128009994.5068
2023-11-04 17:00:00,410.807,410.867,410.127,410.417,111019203.186
2023-11-04 18:00:00,410.927,411.107,410.537,410.806,88299301.1475
2023-11-04 19:00:00,409.697,411.147,409.226,410.947,124968902.5879
2023-11-05 13:00:00,410.307,412.066,410.157,411.916,162086196.8994
2023-11-05 14:00:00,411.327,411.397,409.966,410.327,288158508.3008
2023-11-05 15:00:00,411.846,411.997,410.956,411.356,200035705.5664
2023-11-05 16:00:00,411.996,412.237,411.276,411.866,164072692.8711
2023-11-05 17:00:00,411.317,412.077,410.256,412.007,181166702.2705
2023-11-05 18:00:00,412.236,412.407,410.926,411.317,151851501.4648
2023-11-05 19:00:00,412.157,412.307,411.456,412.216,152672393.7988
2023-11-07 13:00:00,440.366,441.037,439.636,440.447,129574401.8555
2023-11-07 14:00:00,440.607,440.766,439.426,440.376,178743606.5674
2023-11-07 15:00:00,441.437,441.467,440.366,440.617,122971702.5757
2023-11-07 16:00:00,441.136,441.687,440.446,441.447,107382301.3306
2023-11-07 17:00:00,440.996,441.317,440.516,441.126,92850502.0142
2023-11-07 18:00:00,441.377,441.427,440.266,440.986,94068099.9756
2023-11-07 19:00:00,442.457,442.956,441.086,441.387,97570701.5991
2023-11-08 13:00:00,444.086,444.617,443.337,443.956,161990493.7744
2023-11-08 14:00:00,445.267,446.697,444.086,444.176,302558502.1973
2023-11-08 15:00:00,445.286,445.626,444.306,445.276,219267807.0068
2023-11-08 16:00:00,444.696,445.907,444.476,445.306,188318099.9756
2023-11-08 17:00:00,444.937,445.556,444.436,444.707,156531494.1406
2023-11-08 18:00:00,446.046,446.226,444.827,444.957,161631103.5156
2023-11-08 19:00:00,445.596,446.146,444.977,446.036,175900405.8838
2023-11-09 13:00:00,446.956,448.747,446.917,448.246,137876007.0801
2023-11-09 14:00:00,446.877,447.847,446.706,446.966,207021606.4453
2023-11-09 15:00:00,446.886,447.477,446.447,446.877,154305206.2988
2023-11-09 16:00:00,447.706,447.767,446.857,446.897,119100898.7427
2023-11-09 17:00:00,448.366,448.457,447.497,447.716,101476402.2827
2023-11-09 18:00:00,448.426,448.556,448.036,448.377,78175697.3267
2023-11-09 19:00:00,448.466,448.696,448.016,448.436,89073898.3154
2023-11-10 13:00:00,435.507,436.437,435.296,435.657,131866806.0303
2023-11-10 14:00:00,435.496,435.607,434.496,435.507,199771606.4453
2023-11-10 15:00:00,434.457,435.817,434.227,435.506,156441299.4385
2023-11-10 16:00:00,434.126,434.547,433.547,434.456,132701095.5811
2023-11-10 17:00:00,433.786,434.357,433.167,434.137,116611099.2432
2023-11-10 18:00:00,435.046,435.297,433.766,433.787,167863494.873
2023-11-10 19:00:00,436.297,436.567,434.926,435.046,145076599.1211
2023-11-12 14:00:00,460.396,460.406,459.466,459.677,131686904.9072
2023-11-12 15:00:00,460.786,461.147,459.936,460.386,133440994.2627
2023-11-12 16:00:00,460.517,461.047,459.896,460.776,133303894.043
2023-11-12 17:00:00,460.947,461.007,460.297,460.517,83368698.1201
2023-11-12 18:00:00,461.626,461.737,460.637,460.957,68670600.8911
2023-11-12 19:00:00,461.537,461.837,461.436,461.636,53285099.0295
2023-11-12 20:00:00,461.967,462.156,461.326,461.547,67938697.8149
2023-12-01 14:00:00,393.696,396.946,392.406,396.666,230037246.7041
2023-12-01 15:00:00,395.466,396.966,393.637,393.697,409879180.9082
2023-12-01 16:00:00,396.337,396.537,394.346,395.476,350793884.2773
2023-12-01 17:00:00,397.746,398.107,396.117,396.346,205303436.2793
2023-12-01 18:00:00,398.237,398.427,395.536,397.757,253496231.0791
2023-12-01 19:00:00,397.376,398.467,396.706,398.247,243874755.8594
2023-12-01 20:00:00,396.936,397.537,395.856,397.387,237274276.7334
2023-12-04 13:00:00,410.726,412.147,410.126,411.826,190698898.3154
2023-12-04 14:00:00,409.167,411.827,409.086,410.717,302949005.127
2023-12-04 15:00:00,410.326,410.457,408.216,409.176,240036697.3877
2023-12-04 16:00:00,410.846,410.947,410.226,410.356,181904403.6865
2023-12-04 17:00:00,410.866,411.467,410.446,410.866,158173797.6074
2023-12-04 18:00:00,409.006,411.456,408.536,410.857,272340301.5137
2023-12-04 19:00:00,408.047,409.406,407.426,409.017,267699310.3027
2023-12-05 13:00:00,412.956,413.627,412.506,413.406,126227798.4619
2023-12-05 14:00:00,411.497,412.936,411.216,412.906,237184005.7373
2023-12-05 15:00:00,411.466,412.007,410.667,411.496,179419006.3477
2023-12-05 16:00:00,409.566,411.567,409.447,411.487,153705505.3711
2023-12-05 17:00:00,409.306,410.687,409.186,409.557,143716293.335
2023-12-05 18:00:00,409.897,409.997,409.066,409.316,135671203.6133
2023-12-05 19:00:00,411.607,411.656,409.646,409.916,146233200.0732
2023-12-06 13:00:00,430.967,431.067,430.276,430.917,174576705.9326
2023-12-06 14:00:00,430.496,430.997,430.176,430.957,253719894.4092
2023-12-06 15:00:00,431.096,431.197,430.346,430.496,173634902.9541
2023-12-06 16:00:00,431.447,431.527,430.986,431.086,85529098.5107
2023-12-06 17:00:00,431.796,431.817,431.157,431.437,84276603.6987
2023-12-06 18:00:00,432.507,432.557,431.576,431.777,103548301.6968
2023-12-06 19:00:00,433.776,433.836,432.406,432.516,169704895.0195
2023-12-07 13:00:00,446.916,447.057,445.826,446.407,150613906.8604
2023-12-07 14:00:00,446.976,447.467,446.507,446.937,179525299.0723
2023-12-07 15:00:00,445.157,447.117,444.976,446.987,169046493.5303
2023-12-07 16:00:00,445.826,446.187,444.906,445.166,153378906.25
2023-12-07 17:00:00,446.326,446.437,445.637,445.836,89830101.0132
2023-12-07 18:00:00,446.256,446.737,445.986,446.346,72074600.2197
2023-12-07 19:00:00,445.997,446.377,445.137,446.266,152833999.6338
2023-12-09 13:00:00,447.647,447.807,446.776,446.906,130102203.3691
2023-12-09 14:00:00,446.227,447.667,446.206,447.646,198245895.3857
2023-12-09 15:00:00,447.057,447.197,446.086,446.226,129409194.9463
2023-12-09 16:00:00,447.256,447.527,446.956,447.046,105915603.6377
2023-12-09 17:00:00,447.026,448.487,446.877,447.266,127220802.3071
2023-12-09 18:00:00,446.056,447.107,445.926,447.007,167703002.9297
2023-12-09 19:00:00,445.956,446.197,445.386,446.066,130437301.6357
2023-12-10 13:00:00,435.427,436.967,435.076,436.957,137513504.0283
2023-12-10 14:00:00,436.127,436.687,434.966,435.416,223603393.5547
2023-12-10 15:00:00,436.526,436.886,435.617,436.137,179174194.3359
2023-12-10 16:00:00,436.526,437.317,436.246,436.547,149175598.1445
2023-12-10 17:00:00,432.427,436.536,432.346,436.536,237347000.1221
2023-12-10 18:00:00,432.966,433.357,431.227,432.436,200450195.3125
2023-12-10 19:00:00,433.707,434.277,432.916,432.967,187925094.6045
2023-12-12 14:00:00,461.487,461.677,460.596,461.616,121507003.7842
2023-12-12 15:00:00,462.656,462.676,461.306,461.497,135068496.7041
2023-12-12 16:00:00,462.587,462.827,462.377,462.647,90324996.9482
2023-12-12 17:00:00,462.607,463.106,462.236,462.576,72591598.5107
2023-12-12 18:00:00,463.197,463.267,462.496,462.606,70950500.4883
2023-12-12 19:00:00,463.557,463.597,463.027,463.186,42960201.2634
2023-12-12 20:00:00,464.167,464.187,463.496,463.567,78675697.3267
2024-01-02 14:00:00,485.017,485.676,484.556,484.576,125670700.0732
2024-01-02 15:00:00,484.077,486.206,484.056,484.267,232855804.4434
2024-01-02 16:00:00,485.666,485.787,483.796,484.067,199515396.1182
2024-01-02 17:00:00,487.376,488.237,485.656,485.676,179113693.2373
2024-01-02 18:00:00,487.227,487.587,486.206,487.377,203256698.6084
2024-01-02 19:00:00,488.516,488.557,487.076,487.246,165972305.2979
2024-01-02 20:00:00,489.197,489.206,488.096,488.517,133166900.6348
2024-01-03 14:00:00,509.047,509.546,508.556,508.947,119274108.8867
2024-01-03 15:00:00,510.647,510.827,508.656,509.086,212221221.9238
2024-01-03 16:00:00,511.137,511.367,510.137,510.707,135165283.2031
2024-01-03 17:00:00,511.807,512.047,510.696,511.147,102405166.626
2024-01-03 18:00:00,512.606,512.687,511.667,511.817,86254981.9946
2024-01-03 19:00:00,513.087,513.276,512.546,512.606,104412117.0044
2024-01-03 20:00:00,512.816,513.127,512.317,513.066,122251358.0322
2024-01-04 13:00:00,524.077,524.367,523.446,523.817,84323997.4976
2024-01-04 14:00:00,522.307,524.167,522.087,524.037,173268005.3711
2024-01-04 15:00:00,521.096,522.407,521.066,522.317,128160003.6621
2024-01-04 16:00:00,521.897,522.217,520.966,521.106,88463996.8872
2024-01-04 17:00:00,521.726,521.907,521.056,521.906,81900001.5259
2024-01-04 18:00:00,521.857,522.137,521.456,521.717,68015998.8403
2024-01-04 19:00:00,522.176,522.777,521.606,521.846,97416000.3662
2024-01-05 13:00:00,500.807,501.807,500.396,501.346,146843994.1406
2024-01-05 14:00:00,501.336,501.576,500.057,500.806,277847991.9434
2024-01-05 15:00:00,500.247,501.477,500.046,501.326,202511993.4082
2024-01-05 16:00:00,500.417,501.136,499.846,500.237,196860000.6104
2024-01-05 17:00:00,500.837,501.387,499.916,500.406,162912002.5635
2024-01-05 18:00:00,507.296,507.396,500.736,500.877,376044006.3477
2024-01-05 19:00:00,500.207,508.156,500.097,507.327,387312011.7188
2024-01-07 13:00:00,544.767,545.847,544.086,545.627,122099998.4741
2024-01-07 14:00:00,543.337,545.436,542.516,544.777,286223999.0234
2024-01-07 15:00:00,544.467,544.477,542.856,543.326,165408004.7607
2024-01-07 16:00:00,545.016,545.367,543.937,544.446,112692001.3428
2024-01-07 17:00:00,544.907,545.247,544.596,545.017,106332000.7324
2024-01-07 18:00:00,544.726,545.657,544.447,544.906,119400001.5259
2024-01-07 19:00:00,545.217,545.856,543.796,544.726,122412002.5635
2024-01-08 13:00:00,553.946,554.846,552.326,552.586,163223999.0234
2024-01-08 14:00:00,547.456,554.307,547.237,553.877,336167999.2676
2024-01-08 15:00:00,544.686,547.667,544.166,547.436,307859985.3516
2024-01-08 16:00:00,543.716,546.396,543.126,544.706,281040008.5449
2024-01-08 17:00:00,542.546,543.927,540.457,543.736,276971984.8633
2024-01-08 18:00:00,539.967,542.846,539.416,542.536,285720001.2207
2024-01-08 19:00:00,542.977,543.457,539.696,539.946,329399993.8965
2024-01-10 13:00:00,569.507,573.436,568.567,573.367,173555999.7559
2024-01-10 14:00:00,568.026,570.287,566.586,569.506,291899993.8965
2024-01-10 15:00:00,568.357,569.437,565.997,568.016,210072006.2256
2024-01-10 16:00:00,568.377,569.577,566.557,568.317,201516006.4697
2024-01-10 17:00:00,569.337,569.347,566.256,568.386,199296005.249
2024-01-10 18:00:00,570.376,570.907,569.266,569.316,183983993.5303
2024-01-10 19:00:00,568.617,570.467,568.396,570.376,170735992.4316
2024-01-11 13:00:00,573.057,573.347,570.716,571.247,113772003.1738
2024-01-11 14:00:00,574.416,575.537,572.616,573.077,214979995.7275
2024-01-11 15:00:00,573.627,575.287,573.346,574.387,169548004.1504
2024-01-11 16:00:00,572.966,574.287,572.646,573.627,151667999.2676
2024-01-11 17:00:00,571.627,573.857,571.587,572.977,160416000.3662
2024-01-11 18:00:00,572.157,572.447,571.116,571.626,150119995.1172
2024-01-11 19:00:00,571.037,572.927,570.606,572.157,169679992.6758
2024-02-01 14:00:00,472.266,472.787,471.357,472.157,133774902.3438
2024-02-01 15:00:00,471.666,472.697,471.276,472.257,218431396.4844
2024-02-01 16:00:00,473.177,473.266,471.626,471.667,129537200.9277
2024-02-01 17:00:00,472.636,473.656,472.577,473.187,118577400.2075
2024-02-01 18:00:00,472.137,472.956,471.996,472.626,107348602.2949
2024-02-01 19:00:00,470.916,472.247,470.916,472.136,118856796.2646
2024-02-01 20:00:00,472.627,472.637,470.477,470.926,132066192.627
2024-02-02 14:00:00,490.457,490.936,489.287,489.636,149807693.4814
2024-02-02 15:00:00,492.177,492.406,489.977,490.457,282567291.2598
2024-02-02 16:00:00,493.557,494.037,491.636,492.166,194241500.8545
2024-02-02 17:00:00,493.637,494.647,492.236,493.576,174518905.6396
2024-02-02 18:00:00,494.287,494.537,493.307,493.636,240360504.1504
2024-02-02 19:00:00,495.667,495.736,494.297,494.297,187007507.3242
2024-02-02 20:00:00,494.256,496.046,494.256,495.677,186637100.2197
2024-02-04 13:00:00,517.486,518.447,516.856,518.227,113795997.6196
2024-02-04 14:00:00,516.957,517.996,516.486,517.547,183000000.0
2024-02-04 15:00:00,517.417,517.566,516.846,516.946,29700000.7629
2024-02-04 16:00:00,517.966,517.987,516.896,517.116,79919998.1689
2024-02-04 17:00:00,517.747,518.117,517.346,517.977,76835998.5352
2024-02-04 18:00:00,517.786,518.127,517.626,517.757,66071998.5962
2024-02-04 19:00:00,518.837,518.967,517.726,517.776,105636001.5869
2024-02-05 13:00:00,501.936,504.667,501.647,504.146,156755996.7041
2024-02-05 14:00:00,502.436,502.617,499.546,501.916,306048004.1504
2024-02-05 15:00:00,502.756,503.116,501.376,502.416,211619995.1172
2024-02-05 16:00:00,502.287,502.847,501.316,502.757,187343994.1406
2024-02-05 17:00:00,503.846,504.356,502.296,502.316,156647994.9951
2024-02-05 18:00:00,505.427,505.626,503.657,503.837,190212005.6152
2024-02-05 19:00:00,504.986,505.867,503.846,505.437,229356002.8076
2024-02-07 13:00:00,545.026,545.647,543.626,543.677,147072006.2256
2024-02-07 14:00:00,545.737,545.956,544.456,545.117,237744003.2959
2024-02-07 15:00:00,545.627,546.486,545.436,545.746,129647994.9951
2024-02-07 16:00:00,545.976,545.996,545.106,545.616,127884002.6855
2024-02-07 17:00:00,547.266,547.467,545.876,545.967,113136001.5869
2024-02-07 18:00:00,547.627,547.967,547.236,547.266,83220001.2207
2024-02-07 19:00:00,548.967,548.967,547.466,547.616,102683998.1079
2024-02-08 13:00:00,534.106,536.957,533.886,535.737,206304000.8545
2024-02-08 14:00:00,529.247,534.927,529.016,534.187,384287994.3848
2024-02-08 15:00:00,532.156,532.797,528.596,529.277,341843994.1406
2024-02-08 16:00:00,531.226,533.497,530.557,532.147,305052001.9531
2024-02-08 17:00:00,530.216,532.006,529.646,531.227,246167999.2676
2024-02-08 18:00:00,530.887,532.407,529.526,530.227,224460006.7139
2024-02-08 19:00:00,532.917,533.146,530.506,530.896,279359985.3516
2024-02-10 13:00:00,567.026,567.667,565.247,567.667,147240005.4932
2024-02-10 14:00:00,568.296,569.667,566.886,567.067,237936004.6387
2024-02-10 15:00:00,569.506,569.896,568.096,568.306,167759994.5068
2024-02-10 16:00:00,567.856,569.786,567.816,569.496,146244003.2959
2024-02-10 17:00:00,569.047,569.127,567.567,567.846,152951995.8496
2024-02-10 18:00:00,568.887,569.356,567.717,569.047,118608001.709
2024-02-10 19:00:00,568.776,569.437,568.687,568.887,111372001.6479
2024-02-12 14:00:00,602.836,603.647,602.436,602.976,90610000.6104
2024-02-12 15:00:00,602.686,603.547,602.447,602.926,135820007.3242
2024-02-12 16:00:00,603.647,603.837,602.467,602.677,92629997.2534
2024-02-12 17:00:00,603.547,603.947,603.366,603.636,59840000.1526
2024-02-12 18:00:00,603.776,603.867,603.376,603.556,63009998.3215
2024-02-12 19:00:00,603.926,603.977,603.056,603.767,60369998.9319
2024-02-12 20:00:00,603.587,604.287,603.446,603.906,76139999.3896
2024-03-01 14:00:00,469.916,470.517,469.646,470.457,110547302.2461
2024-03-01 15:00:00,469.376,470.947,468.706,469.776,214942993.1641
2024-03-01 16:00:00,469.246,469.917,469.116,469.376,181663101.1963
2024-03-01 17:00:00,470.297,470.367,468.966,469.256,107993598.938
2024-03-01 18:00:00,470.076,470.757,469.846,470.286,88777496.3379
2024-03-01 19:00:00,470.216,471.167,468.956,470.057,239417602.5391
2024-03-01 20:00:00,468.746,470.286,468.146,470.216,173220306.3965
2024-03-04 13:00:00,518.386,518.616,517.657,517.706,103680000.3052
2024-03-04 14:00:00,520.666,520.827,518.387,518.387,169500000.0
2024-03-04 15:00:00,520.187,520.937,520.087,520.687,83388000.4883
2024-03-04 16:00:00,520.297,520.837,519.386,520.206,161940002.4414
2024-03-04 17:00:00,520.557,520.786,520.286,520.347,88248001.0986
2024-03-04 18:00:00,519.956,520.787,519.836,520.547,58032001.4954
2024-03-04 19:00:00,519.396,520.016,517.756,519.946,163511993.4082
2024-03-05 13:00:00,511.447,511.967,509.596,511.147,161220001.2207
2024-03-05 14:00:00,509.147,512.186,508.637,512.186,378899993.8965
2024-03-05 15:00:00,510.476,510.897,508.556,509.147,233255996.7041
2024-03-05 16:00:00,510.687,511.377,510.406,510.496,147744003.2959
2024-03-05 17:00:00,511.286,511.597,510.596,510.687,125879997.2534
2024-03-05 18:00:00,511.527,511.977,511.236,511.276,111515998.8403
2024-03-05 19:00:00,511.286,511.837,511.126,511.537,115596000.6714
2024-03-06 13:00:00,527.907,529.146,527.336,529.037,114587997.4365
2024-03-06 14:00:00,526.007,529.016,525.696,527.907,261347991.9434
2024-03-06 15:00:00,526.066,526.676,525.386,526.017,154619995.1172
2024-03-06 16:00:00,523.777,526.417,523.196,526.077,193128005.9814
2024-03-06 17:00:00,525.197,525.557,522.597,523.767,180287994.3848
2024-03-06 18:00:00,525.746,526.117,524.647,525.206,185016006.4697
2024-03-06 19:00:00,527.777,527.777,525.596,525.736,165203994.751
2024-03-07 13:00:00,549.557,549.617,548.636,548.656,83819999.6948
2024-03-07 14:00:00,549.797,550.027,548.856,549.586,174863998.4131
2024-03-07 15:00:00,550.366,550.467,549.457,549.807,103152000.4272
2024-03-07 16:00:00,551.386,551.816,550.316,550.376,85583999.6338
2024-03-09 13:00:00,559.077,560.797,558.126,560.467,159815994.2627
2024-03-09 14:00:00,555.337,558.947,555.097,558.947,263855987.5488
2024-03-09 15:00:00,555.597,556.966,555.136,555.337,183587997.4365
2024-03-09 16:00:00,554.896,556.446,554.746,555.587,151835998.5352
2024-03-09 17:00:00,554.297,555.846,554.237,554.877,141348007.2021
2024-03-09 18:00:00,552.626,554.377,552.447,554.307,160764007.5684
2024-03-09 19:00:00,552.136,553.027,549.506,552.626,218472000.1221
2024-03-10 13:00:00,567.757,568.267,566.797,567.376,120636001.5869
2024-03-10 14:00:00,566.627,569.796,566.217,567.757,265403991.6992
2024-03-10 15:00:00,568.437,568.957,566.237,566.647,165600006.1035
2024-03-10 16:00:00,566.366,569.127,565.847,568.456,144539993.2861
2024-03-10 17:00:00,567.067,567.417,565.487,566.366,147179992.6758
2024-03-10 18:00:00,566.746,567.406,566.447,567.057,96132003.7842
2024-03-10 19:00:00,567.787,568.257,566.036,566.757,125975997.9248
2024-03-12 14:00:00,603.346,603.707,602.756,603.377,82900001.5259
2024-03-12 15:00:00,602.856,603.587,602.336,603.337,128919998.1689
2024-03-12 16:00:00,602.547,603.487,602.337,602.877,98940002.4414
2024-03-12 17:00:00,603.707,603.707,602.516,602.556,64419998.1689
2024-03-12 18:00:00,603.426,603.836,603.266,603.706,53150001.5259
2024-03-12 19:00:00,604.017,604.137,603.146,603.427,56979999.5422
2024-03-12 20:00:00,603.817,604.127,603.486,604.017,60459999.0845
2024-04-01 14:00:00,468.896,469.246,468.126,468.297,141066696.167
2024-04-01 15:00:00,469.847,470.227,468.676,468.836,185950103.7598
2024-04-01 16:00:00,469.707,470.956,469.456,469.857,146433105.4688
2024-04-01 17:00:00,469.127,469.827,468.647,469.707,132960403.4424
2024-04-01 18:00:00,469.067,469.457,468.956,469.117,110151199.3408
2024-04-01 19:00:00,468.676,469.317,468.166,469.067,116435699.4629
2024-04-01 20:00:00,467.337,469.027,467.046,468.676,128786895.752
2024-04-03 14:00:00,512.486,512.606,511.996,512.026,92805252.0752
2024-04-03 15:00:00,512.657,512.867,512.067,512.486,105953948.9746
2024-04-03 16:00:00,512.716,512.807,512.156,512.666,89945968.6279
2024-04-03 17:00:00,512.947,513.167,512.476,512.706,77181510.9253
2024-04-03 18:00:00,512.756,513.067,512.336,512.946,72413452.1484
2024-04-03 19:00:00,513.797,514.116,512.586,512.747,79775756.8359
2024-04-03 20:00:00,512.246,514.177,512.186,513.796,126533477.7832
2024-04-04 13:00:00,522.826,523.677,522.566,523.517,87132003.7842
2024-04-04 14:00:00,522.716,523.037,522.456,522.827,112512001.0376
2024-04-04 15:00:00,523.257,523.306,522.347,522.717,82931999.2065
2024-04-04 16:00:00,523.426,523.857,523.167,523.277,68459999.0845
2024-04-04 17:00:00,521.856,523.447,521.696,523.427,74975997.9248
2024-04-04 18:00:00,515.897,521.847,515.496,521.847,331932006.8359
2024-04-04 19:00:00,513.107,516.037,512.746,515.877,348720001.2207
2024-04-06 13:00:00,526.416,526.787,525.767,526.487,119351997.3755
2024-04-06 14:00:00,525.927,527.726,525.736,526.436,282683990.4785
2024-04-06 15:00:00,525.247,526.606,525.136,525.937,183695999.1455
2024-04-06 16:00:00,526.467,526.927,524.936,525.257,150516006.4697
2024-04-06 17:00:00,526.816,527.106,525.687,526.457,152748001.0986
2024-04-06 18:00:00,528.366,529.147,526.696,526.817,159287994.3848
2024-04-06 19:00:00,528.317,528.587,526.596,528.346,200856002.8076
2024-04-09 13:00:00,552.486,552.517,550.007,550.196,162264007.5684
2024-04-09 14:00:00,553.947,553.987,550.016,552.477,308291992.1875
2024-04-09 15:00:00,551.827,554.387,551.307,553.966,218111999.5117
2024-04-09 16:00:00,552.326,553.077,551.056,551.816,172044006.3477
2024-04-09 17:00:00,550.937,552.327,550.676,552.317,151979995.7275
2024-04-09 18:00:00,550.046,551.727,550.006,550.956,157307998.6572
2024-04-09 19:00:00,550.856,551.937,549.456,550.046,206615997.3145
2024-04-10 13:00:00,570.116,572.687,569.866,572.337,137927993.7744
2024-04-10 14:00:00,570.027,571.137,568.147,570.116,246276000.9766
2024-04-10 15:00:00,570.446,570.717,568.276,570.016,206940002.4414
2024-04-10 16:00:00,571.037,571.477,569.406,570.467,147623992.9199
2024-04-10 17:00:00,570.206,571.557,569.547,570.996,107928001.4038
2024-04-10 18:00:00,571.486,571.556,569.687,570.236,88344001.77
2024-04-10 19:00:00,572.906,573.347,571.126,571.467,93347999.5728
2024-04-11 14:00:00,571.487,571.526,569.256,571.137,127524002.0752
2024-04-11 15:00:00,571.617,572.487,571.186,571.467,179759994.5068
2024-04-11 16:00:00,568.836,572.177,568.247,571.616,154811996.46
2024-04-11 17:00:00,570.446,570.847,567.867,568.836,135324005.127
2024-04-11 18:00:00,570.657,571.246,569.217,570.427,119388000.4883
2024-04-11 19:00:00,570.506,571.196,570.087,570.657,84863998.4131
2024-04-11 20:00:00,569.726,570.677,569.156,570.497,126984001.1597
2024-04-12 14:00:00,605.856,606.187,605.496,605.617,74099998.4741
2024-04-12 15:00:00,606.217,606.287,604.936,605.866,112489997.8638
2024-04-12 16:00:00,606.347,606.466,606.037,606.216,72589996.3379
2024-04-12 17:00:00,606.387,606.507,605.906,606.337,52330001.8311
2024-04-12 18:00:00,606.077,606.507,605.176,606.397,61849998.4741
2024-04-12 19:00:00,606.896,607.107,605.737,606.036,61729999.5422
2024-04-12 20:00:00,607.577,607.877,606.807,606.897,62680000.3052
2024-05-01 14:00:00,468.107,468.576,467.126,467.476,140229507.4463
2024-05-01 15:00:00,470.127,470.407,468.166,468.167,228829498.291
2024-05-01 16:00:00,468.767,470.417,468.586,470.137,165182205.2002
2024-05-01 17:00:00,467.527,468.827,467.126,468.766,156247894.2871
2024-05-01 18:00:00,468.346,468.676,466.666,467.506,151498001.0986
2024-05-01 19:00:00,466.807,468.977,466.646,468.356,174076797.4854
2024-05-01 20:00:00,467.927,468.277,466.446,466.797,158411804.1992
2024-05-02 14:00:00,493.416,493.686,492.866,493.686,125521202.0874
2024-05-02 15:00:00,490.846,493.436,490.236,493.436,260221405.0293
2024-05-02 16:00:00,492.127,492.157,490.686,490.856,158889007.5684
2024-05-02 17:00:00,493.017,493.367,492.026,492.137,125960998.5352
2024-05-02 18:00:00,493.127,493.487,492.566,493.026,140426895.1416
2024-05-02 19:00:00,493.976,494.167,492.846,493.126,128701797.4854
2024-05-02 20:00:00,492.537,494.016,492.506,493.977,169803405.7617
2024-05-03 14:00:00,509.656,510.307,509.307,510.216,117681671.1426
2024-05-03 15:00:00,508.106,510.697,507.506,509.696,234380554.1992
2024-05-03 16:00:00,507.667,508.397,506.956,508.117,158395614.624
2024-05-03 17:00:00,507.996,508.506,507.527,507.677,127649909.9731
2024-05-03 18:00:00,506.757,508.147,506.666,508.007,140719436.6455
2024-05-03 19:00:00,505.707,507.366,505.566,506.746,148271957.3975
2024-05-03 20:00:00,507.087,507.357,504.897,505.697,174577774.0479
2024-05-04 13:00:00,515.907,516.397,513.997,514.456,169800003.0518
2024-05-04 14:00:00,518.046,518.077,514.876,515.917,277631988.5254
2024-05-04 15:00:00,519.417,519.697,516.426,518.027,228996002.1973
2024-05-04 16:00:00,520.326,520.427,519.086,519.426,115667999.2676
2024-05-04 17:00:00,517.786,520.427,517.427,520.297,169104003.9063
2024-05-04 18:00:00,517.857,519.277,516.966,517.796,294179992.6758
2024-05-04 19:00:00,518.447,519.267,517.676,517.856,190427993.7744
2024-05-06 13:00:00,529.986,530.797,529.506,530.717,112319999.6948
2024-05-06 14:00:00,530.947,531.107,528.976,530.076,204768005.3711
2024-05-06 15:00:00,532.016,532.426,530.947,530.947,97811996.46
2024-05-06 16:00:00,532.646,532.807,531.726,532.007,62868000.0305
2024-05-06 17:00:00,533.247,533.287,532.136,532.636,75120002.7466
2024-05-06 18:00:00,533.836,533.987,533.006,533.246,70043998.7183
2024-05-06 19:00:00,534.647,534.667,533.226,533.826,99311996.46
2024-05-07 13:00:00,552.527,552.527,551.366,551.747,110496002.1973
2024-05-07 14:00:00,552.347,552.837,551.097,552.537,160800003.0518
2024-05-07 15:00:00,553.516,553.707,552.076,552.336,97788002.0142
2024-05-07 16:00:00,553.496,553.737,553.076,553.526,68891998.291
2024-05-07 17:00:00,554.267,554.507,553.266,553.487,73452003.479
2024-05-07 18:00:00,554.346,554.417,553.837,554.276,68832000.7324
2024-05-07 19:00:00,554.686,555.036,554.236,554.336,72288002.0142
2024-05-08 13:00:00,515.206,517.987,510.277,511.187,238979995.7275
2024-05-08 14:00:00,516.426,520.887,514.607,518.297,428712005.6152
2024-05-08 15:00:00,520.396,521.916,515.327,516.397,342071990.9668
2024-05-08 16:00:00,518.876,523.556,518.447,520.366,280704010.0098
2024-05-08 17:00:00,519.027,520.847,518.236,518.896,276204010.0098
2024-05-08 18:00:00,515.707,519.357,515.606,519.026,299376007.0801
2024-05-08 19:00:00,517.497,517.526,514.896,515.757,314040008.5449
2024-05-09 13:00:00,551.907,552.246,550.636,550.896,147395996.0938
2024-05-09 14:00:00,550.347,553.776,550.316,552.047,273779998.7793
2024-05-09 15:00:00,547.477,550.527,547.346,550.357,252156005.8594
2024-05-09 16:00:00,548.686,549.266,547.096,547.467,173604003.9063
2024-05-09 17:00:00,550.656,550.667,547.716,548.706,157391998.291
2024-05-09 18:00:00,550.127,551.137,549.836,550.667,134352005.0049
2024-05-09 19:00:00,549.537,550.247,548.046,550.127,194363998.4131
2024-05-11 14:00:00,573.946,573.987,570.517,570.736,117384002.6855
2024-05-11 15:00:00,573.987,575.196,573.486,573.937,197940002.4414
2024-05-11 16:00:00,575.436,575.587,573.527,573.976,148055999.7559
2024-05-11 17:00:00,576.017,576.426,575.126,575.427,120515998.8403
2024-05-11 18:00:00,575.226,576.367,574.576,576.036,124596000.6714
2024-05-11 19:00:00,574.986,575.857,574.676,575.207,130175994.873
2024-05-11 20:00:00,576.617,576.687,574.746,574.977,147983993.5303
2024-05-12 14:00:00,607.757,607.827,607.356,607.626,63479999.5422
2024-05-12 15:00:00,606.946,608.187,606.786,607.777,106610000.6104
2024-05-12 16:00:00,607.737,607.757,606.826,606.947,64930000.3052
2024-05-12 17:00:00,608.386,608.466,607.616,607.736,52610000.6104
2024-05-12 18:00:00,607.356,608.396,606.846,608.396,87569999.6948
2024-05-12 19:00:00,607.176,607.647,606.896,607.367,79430000.3052
2024-05-12 20:00:00,606.607,607.397,606.296,607.176,94930000.3052
2024-06-02 14:00:00,492.997,494.307,492.966,493.516,130957992.5537
2024-06-02 15:00:00,492.796,493.167,492.046,493.016,258270294.1895
2024-06-02 16:00:00,492.346,493.416,492.246,492.807,224535507.2021
2024-06-02 17:00:00,492.567,492.947,492.096,492.336,195300903.3203
2024-06-02 18:00:00,493.506,493.537,492.446,492.577,145439407.3486
2024-06-02 19:00:00,493.146,493.557,492.086,493.497,167771301.2695
2024-06-02 20:00:00,493.966,494.017,492.616,493.146,149431701.6602
2024-06-03 14:00:00,509.896,510.847,509.617,510.567,102327468.8721
2024-06-03 15:00:00,510.447,510.567,508.407,509.896,233028823.8525
2024-06-03 16:00:00,511.206,511.637,510.466,510.467,148978607.1777
2024-06-03 17:00:00,511.316,512.057,511.037,511.216,127647560.1196
2024-06-03 18:00:00,510.146,511.937,509.146,511.316,203186492.9199
2024-06-03 19:00:00,509.247,510.407,508.506,510.146,285174957.2754
2024-06-03 20:00:00,509.847,510.267,508.566,509.227,241957916.2598
2024-06-05 13:00:00,514.197,514.346,513.296,513.756,97547996.521
2024-06-05 14:00:00,514.286,514.627,514.036,514.216,129000000.0
2024-06-05 15:00:00,514.346,514.517,513.846,514.277,94512001.0376
2024-06-05 16:00:00,514.666,514.717,513.696,514.346,90996002.1973
2024-06-05 17:00:00,514.877,515.027,514.236,514.676,80664001.4648
2024-06-05 18:00:00,515.397,515.727,514.816,514.866,63888000.4883
2024-06-05 19:00:00,516.577,516.597,514.876,515.397,90047996.521
2024-06-06 13:00:00,534.326,535.406,534.306,534.966,125519996.6431
2024-06-06 14:00:00,534.436,535.186,534.337,534.337,180947998.0469
2024-06-06 15:00:00,534.117,534.757,534.047,534.426,138203994.751
2024-06-06 16:00:00,533.436,534.266,533.227,534.126,115944000.2441
2024-06-06 17:00:00,534.177,534.437,533.287,533.437,99263999.939
2024-06-06 18:00:00,534.387,534.557,532.676,534.177,140111999.5117
2024-06-06 19:00:00,534.646,534.646,533.977,534.376,138360000.6104
2024-06-08 13:00:00,521.856,522.417,517.856,519.207,210815994.2627
2024-06-08 14:00:00,525.367,526.497,521.136,521.856,368436004.6387
2024-06-08 15:00:00,525.877,525.997,522.356,525.367,323208007.8125
2024-06-08 16:00:00,527.596,528.027,525.476,525.927,244488006.5918
2024-06-08 17:00:00,527.886,528.426,527.027,527.597,224496002.1973
2024-06-08 18:00:00,527.467,529.707,526.876,527.877,245712005.6152
2024-06-08 19:00:00,522.156,527.637,521.956,527.456,361295989.9902
2024-06-09 13:00:00,547.877,551.576,547.807,549.916,198048004.1504
2024-06-09 14:00:00,542.226,548.237,541.556,547.907,317675994.873
2024-06-09 15:00:00,540.567,545.486,540.247,542.207,318276000.9766
2024-06-09 16:00:00,540.117,541.157,539.656,540.556,193500000.0
2024-06-09 17:00:00,540.616,541.977,539.896,540.106,186815994.2627
2024-06-09 18:00:00,540.427,540.827,539.466,540.607,153563995.3613
2024-06-09 19:00:00,540.447,541.857,539.636,540.426,201408004.7607
2024-06-11 14:00:00,586.107,589.397,585.377,589.216,176880004.8828
2024-06-11 15:00:00,586.967,589.047,586.116,586.116,270528015.1367
2024-06-11 16:00:00,588.766,588.837,586.276,586.987,186371994.0186
2024-06-11 17:00:00,589.256,589.447,588.296,588.737,120552001.9531
2024-06-11 18:00:00,590.267,590.696,589.116,589.257,102767997.7417
2024-06-11 19:00:00,590.526,590.827,589.766,590.267,104351997.3755
2024-06-11 20:00:00,590.987,591.907,590.426,590.517,143688003.54
2024-06-12 14:00:00,608.887,609.027,607.326,607.417,79599998.4741
2024-06-12 15:00:00,608.687,609.046,608.216,608.897,109510002.1362
2024-06-12 16:00:00,607.787,608.736,607.546,608.697,91819999.6948
2024-06-12 17:00:00,607.337,607.836,607.056,607.797,72199996.9482
2024-06-12 18:00:00,608.026,608.367,607.277,607.346,58590000.1526
2024-06-12 19:00:00,607.306,608.056,606.996,608.027,64110000.6104
2024-06-12 20:00:00,607.797,608.107,607.116,607.306,53770000.4578
2024-07-02 14:00:00,495.877,496.427,495.356,496.286,118517898.5596
2024-07-02 15:00:00,497.246,498.027,495.496,495.866,196876205.4443
2024-07-02 16:00:00,497.577,497.847,496.817,497.237,190204803.4668
2024-07-02 17:00:00,497.547,497.847,496.776,497.586,159892700.1953
2024-07-02 18:00:00,498.067,498.417,497.066,497.567,162926193.2373
2024-07-02 19:00:00,498.317,498.337,497.776,498.066,113960800.1709
2024-07-02 20:00:00,498.046,498.517,497.597,498.277,107382896.4233
2024-07-03 14:00:00,513.407,513.627,512.176,513.127,119065719.6045
2024-07-03 15:00:00,514.346,514.856,512.996,513.407,183205551.1475
2024-07-03 16:00:00,514.607,514.716,513.747,514.346,131743164.0625
2024-07-03 17:00:00,514.536,514.947,514.017,514.607,91620658.8745
2024-07-03 18:00:00,515.696,515.876,514.236,514.546,81592422.4854
2024-07-03 19:00:00,514.897,515.857,514.746,515.707,83306030.2734
2024-07-03 20:00:00,514.876,515.637,514.057,514.886,139141098.0225
2024-07-05 13:00:00,517.177,517.917,517.156,517.547,113748001.0986
2024-07-05 14:00:00,518.117,518.237,516.936,517.177,157667999.2676
2024-07-05 15:00:00,518.077,518.277,517.686,518.116,100896003.7231
2024-07-05 16:00:00,517.887,518.277,517.566,518.087,83760002.1362
2024-07-05 17:00:00,516.976,518.557,516.786,517.876,106704002.3804
2024-07-05 18:00:00,517.007,517.427,516.446,516.986,133500000.0
2024-07-05 19:00:00,517.197,517.846,516.676,517.016,117564002.9907
2024-07-06 13:00:00,534.016,534.307,532.516,533.586,153408004.7607
2024-07-06 14:00:00,535.286,536.387,533.856,534.037,186419998.1689
2024-07-06 15:00:00,535.177,535.416,533.937,535.307,174576004.0283
2024-07-06 16:00:00,536.327,536.396,534.806,535.167,142524002.0752
2024-07-06 17:00:00,535.867,536.887,535.746,536.337,137820007.3242
2024-07-06 18:00:00,535.077,535.887,533.476,535.866,212927993.7744
2024-07-06 19:00:00,534.017,535.397,533.716,535.076,207503997.8027
2024-07-08 13:00:00,530.996,531.156,527.987,528.457,195744003.2959
2024-07-08 14:00:00,530.427,531.577,528.226,531.006,325799987.793
2024-07-08 15:00:00,528.006,531.126,527.066,530.437,272760009.7656
2024-07-08 16:00:00,525.056,528.057,524.637,528.037,245699996.9482
2024-07-08 17:00:00,522.026,525.357,521.467,525.037,273359985.3516
2024-07-08 18:00:00,519.467,522.187,518.816,522.026,292920013.4277
2024-07-08 19:00:00,518.657,522.056,518.046,519.457,310884002.6855
2024-07-10 13:00:00,570.706,571.626,570.496,571.296,140927993.7744
2024-07-10 14:00:00,571.276,571.936,570.636,570.737,204072006.2256
2024-07-10 15:00:00,571.117,571.767,570.586,571.256,138912002.5635
2024-07-10 16:00:00,570.606,571.157,570.097,571.107,121680000.3052
2024-07-10 17:00:00,570.416,570.957,569.816,570.596,111611999.5117
2024-07-10 18:00:00,566.816,570.457,566.596,570.407,188520004.2725
2024-07-10 19:00:00,567.776,568.657,566.666,566.796,186707992.5537
2024-07-11 14:00:00,593.976,594.027,592.976,593.017,101195999.1455
2024-07-11 15:00:00,594.797,594.966,593.776,593.976,151511993.4082
2024-07-11 16:00:00,595.127,595.267,594.076,594.797,123828002.9297
2024-07-11 17:00:00,595.377,595.546,594.736,595.127,95807998.6572
2024-07-11 18:00:00,594.737,595.427,594.186,595.386,106068000.7935
2024-07-11 19:00:00,596.006,596.007,593.916,594.736,145751998.9014
2024-07-11 20:00:00,595.547,596.627,595.176,596.017,143891998.291
2024-08-01 14:00:00,469.716,469.767,468.296,468.417,119312896.7285
2024-08-01 15:00:00,470.347,470.737,469.346,469.716,144610702.5146
2024-08-01 16:00:00,470.867,470.897,469.966,470.367,130511703.4912
2024-08-01 17:00:00,471.466,471.627,470.547,470.857,92269401.5503
2024-08-01 18:00:00,472.016,472.067,471.246,471.457,74246299.7437
2024-08-01 19:00:00,473.746,473.987,471.897,472.026,86410598.7549
2024-08-01 20:00:00,474.537,474.737,473.367,473.736,121931098.938
2024-08-02 14:00:00,497.987,498.307,497.647,498.087,94247703.5522
2024-08-02 15:00:00,498.156,498.217,497.326,497.997,133093505.8594
2024-08-02 16:00:00,497.806,498.197,497.246,498.166,116415298.4619
2024-08-02 17:00:00,497.576,498.127,497.406,497.796,103279602.0508
2024-08-02 18:00:00,498.127,498.337,497.516,497.587,121815597.5342
2024-08-02 19:00:00,498.246,498.317,497.576,498.147,112194198.6084
2024-08-02 20:00:00,498.397,498.687,497.856,498.236,90164901.7334
2024-08-03 14:00:00,517.747,517.796,515.297,515.457,154028640.7471
2024-08-03 15:00:00,517.556,518.217,516.926,517.756,247404190.0635
2024-08-03 16:00:00,514.016,517.617,513.936,517.537,312824554.4434
2024-08-03 17:00:00,512.527,514.896,512.297,514.006,287637725.8301
2024-08-03 18:00:00,511.696,513.246,511.126,512.536,249839553.833
2024-08-03 19:00:00,513.827,514.427,511.626,511.717,200945312.5
2024-08-03 20:00:00,511.737,514.377,511.717,513.816,243074218.75
2024-08-04 13:00:00,518.826,519.377,517.976,519.146,150119995.1172
2024-08-04 14:00:00,519.976,520.167,518.196,518.806,218712005.6152
2024-08-04 15:00:00,518.717,520.127,518.277,519.986,187955993.6523
2024-08-04 16:00:00,519.427,519.437,517.876,518.727,157139999.3896
2024-08-04 17:00:00,519.286,519.447,518.636,519.417,114227996.8262
2024-08-04 18:00:00,519.247,519.477,518.656,519.297,112236000.061
2024-08-04 19:00:00,518.647,519.686,518.226,519.246,138707992.5537
2024-08-05 13:00:00,516.497,516.507,515.136,515.257,113136001.5869
2024-08-05 14:00:00,517.386,517.707,516.036,516.497,156251998.9014
2024-08-05 15:00:00,516.786,517.667,516.636,517.386,132408004.7607
2024-08-05 16:00:00,516.616,517.107,516.256,516.786,100847999.5728
2024-08-05 17:00:00,517.066,517.097,516.097,516.617,112164001.4648
2024-08-05 18:00:00,516.997,517.407,516.887,517.057,74940002.4414
2024-08-05 19:00:00,517.177,517.677,516.556,516.987,90384002.6855
2024-08-07 13:00:00,555.996,556.237,555.286,555.407,88452003.479
2024-08-07 14:00:00,555.187,556.026,554.906,556.017,133835998.5352
2024-08-07 15:00:00,555.067,555.517,554.716,555.207,83940002.4414
2024-08-07 16:00:00,554.797,555.087,554.286,555.076,74027999.8779
2024-08-07 17:00:00,555.217,555.357,554.457,554.797,54276000.9766
2024-08-07 18:00:00,554.936,555.277,554.177,555.207,60599998.4741
2024-08-07 19:00:00,555.217,555.537,554.507,554.946,77664001.4648
2024-08-08 13:00:00,525.036,525.037,521.816,523.876,215039993.2861
2024-08-08 14:00:00,528.167,528.427,524.637,525.056,335615997.3145
2024-08-08 15:00:00,527.666,528.447,526.386,528.167,278544006.3477
2024-08-08 16:00:00,527.806,528.996,526.656,527.677,221292007.4463
2024-08-08 17:00:00,530.206,530.486,526.716,527.816,195167999.2676
2024-08-08 18:00:00,530.106,531.287,529.496,530.197,186167999.2676
2024-08-08 19:00:00,530.627,531.017,528.186,530.097,265200012.207
2024-08-10 13:00:00,570.737,570.827,569.506,570.377,126720001.2207
2024-08-10 14:00:00,571.787,572.527,570.366,570.737,189360000.6104
2024-08-10 15:00:00,572.266,572.317,571.247,571.776,129311996.46
2024-08-10 16:00:00,571.856,572.316,571.386,572.257,84648002.6245
2024-08-10 17:00:00,571.726,571.956,570.517,571.847,117323997.4976
2024-08-10 18:00:00,572.706,572.877,571.696,571.746,93036003.1128
2024-08-10 19:00:00,573.137,573.737,572.346,572.696,102564002.9907
2024-08-11 14:00:00,597.156,597.217,596.156,596.157,90599998.4741
2024-08-11 15:00:00,597.776,597.977,596.556,597.186,146363998.4131
2024-08-11 16:00:00,597.906,598.187,597.326,597.776,101472000.1221
2024-08-11 17:00:00,598.067,598.327,597.416,597.906,85860000.6104
2024-08-11 18:00:00,598.987,599.186,597.946,598.077,75120002.7466
2024-08-11 19:00:00,598.897,599.606,598.666,598.977,75288002.0142
2024-08-11 20:00:00,597.987,598.956,597.626,598.896,126755996.7041
2024-09-01 14:00:00,472.157,472.187,471.346,471.867,123975502.0142
2024-09-01 15:00:00,472.217,472.947,471.557,472.146,174785202.0264
2024-09-01 16:00:00,474.217,474.217,472.196,472.197,121636299.1333
2024-09-01 17:00:00,474.336,474.457,473.826,474.216,95114303.5889
2024-09-01 18:00:00,474.276,474.917,473.136,474.346,158976898.1934
2024-09-01 19:00:00,473.777,474.537,473.337,474.287,141651199.3408
2024-09-01 20:00:00,473.866,474.237,472.967,473.797,176643096.9238
2024-09-02 14:00:00,499.487,499.547,498.486,498.837,117524803.1616
2024-09-02 15:00:00,499.957,500.007,499.126,499.496,143396697.998
2024-09-02 16:00:00,499.576,500.197,499.316,499.956,102883201.5991
2024-09-02 17:00:00,500.457,500.477,499.366,499.587,84239700.3174
2024-09-02 18:00:00,500.706,500.927,500.296,500.467,69935897.8271
2024-09-02 19:00:00,501.277,501.637,500.656,500.687,56689498.9014
2024-09-02 20:00:00,501.167,501.327,500.706,501.286,90672302.2461
2024-09-04 13:00:00,518.876,520.736,518.756,520.477,140111999.5117
2024-09-04 14:00:00,515.507,519.267,514.336,518.896,281052001.9531
2024-09-04 15:00:00,516.816,517.116,515.186,515.517,237000000.0
2024-09-04 16:00:00,516.777,517.767,516.566,516.816,154511993.4082
2024-09-04 17:00:00,516.666,517.637,516.596,516.797,159660003.6621
2024-09-04 18:00:00,516.517,517.286,516.217,516.676,160488006.5918
2024-09-04 19:00:00,519.307,519.437,515.696,516.506,225264007.5684
2024-09-05 13:00:00,517.567,517.767,516.686,517.387,128783996.582
2024-09-05 14:00:00,519.146,519.267,517.507,517.587,158279998.7793
2024-09-05 15:00:00,518.477,519.496,518.327,519.136,105587997.4365
2024-09-05 16:00:00,519.207,519.357,518.356,518.486,85944000.2441
2024-09-05 17:00:00,519.197,519.617,518.786,519.197,119832000.7324
2024-09-05 18:00:00,519.886,520.037,518.916,519.186,78456001.2817
2024-09-05 19:00:00,520.116,520.196,519.556,519.907,88716003.418
2024-09-07 13:00:00,556.657,556.807,556.096,556.236,78599998.4741
2024-09-07 14:00:00,556.347,556.896,555.656,556.666,182783996.582
2024-09-07 15:00:00,556.516,556.537,555.707,556.317,122496002.1973
2024-09-07 16:00:00,556.696,556.797,556.106,556.507,96564002.9907
2024-09-07 17:00:00,556.116,557.176,555.726,556.686,119580001.8311
2024-09-07 18:00:00,555.887,556.157,555.607,556.106,82356002.8076
2024-09-07 19:00:00,555.777,556.067,555.516,555.886,85884002.6855
2024-09-08 13:00:00,529.227,531.106,528.546,529.767,199703994.751
2024-09-08 14:00:00,531.487,532.136,528.787,529.217,362268005.3711
2024-09-08 15:00:00,530.286,532.626,530.107,531.477,278388000.4883
2024-09-08 16:00:00,531.437,531.437,529.796,530.336,185843994.1406
2024-09-08 17:00:00,532.587,534.486,531.296,531.427,200867996.2158
2024-09-08 18:00:00,532.396,532.977,531.466,532.596,208164001.4648
2024-09-08 19:00:00,532.887,533.397,531.847,532.377,220296005.249
2024-09-09 13:00:00,545.257,545.477,544.086,544.666,131723999.0234
2024-09-09 14:00:00,543.306,546.366,543.306,545.276,239807998.6572
2024-09-09 15:00:00,545.977,545.977,542.666,543.306,192000000.0
2024-09-09 16:00:00,547.477,547.646,545.757,545.976,128628005.9814
2024-09-09 17:00:00,545.737,547.687,545.556,547.476,143904006.958
2024-09-09 18:00:00,545.086,545.817,544.157,545.737,171095993.042
2024-09-09 19:00:00,546.446,546.467,544.436,545.047,167460006.7139
2024-09-10 13:00:00,573.516,573.757,572.536,573.146,106332000.7324
2024-09-10 14:00:00,574.877,574.957,573.426,573.526,150707992.5537
2024-09-10 15:00:00,576.876,577.037,574.896,574.897,109463996.8872
2024-09-10 16:00:00,575.866,576.897,575.526,576.877,120816001.8921
2024-09-10 17:00:00,575.716,576.607,574.967,575.877,96683998.1079
2024-09-10 18:00:00,576.217,576.527,575.457,575.766,115344001.77
2024-09-10 19:00:00,577.086,577.687,575.727,576.227,124884002.6855
2024-09-12 14:00:00,607.466,607.847,607.186,607.686,65410003.6621
2024-09-12 15:00:00,605.357,607.557,605.246,607.457,115970001.2207
2024-09-12 16:00:00,606.017,606.116,604.596,605.357,103309997.5586
2024-09-12 17:00:00,605.326,606.057,605.256,606.007,76739997.8638
2024-09-12 18:00:00,605.987,606.427,605.007,605.317,69440002.4414
2024-09-12 19:00:00,604.986,605.997,604.506,605.987,72940002.4414
2024-09-12 20:00:00,604.726,605.047,604.076,604.986,81230003.3569
2024-10-01 14:00:00,474.697,475.327,474.137,474.147,112846199.0356
2024-10-01 15:00:00,475.207,475.247,473.856,474.687,179346893.3105
2024-10-01 16:00:00,474.916,475.267,474.416,475.226,116066398.6206
2024-10-01 17:00:00,475.377,475.467,474.596,474.926,82532997.1313
2024-10-01 18:00:00,475.746,475.917,474.836,475.386,132743606.5674
2024-10-01 19:00:00,477.247,477.277,475.666,475.747,99581596.3745
2024-10-01 20:00:00,476.537,477.436,475.166,477.236,170309799.1943
2024-10-04 13:00:00,513.986,514.466,512.657,513.436,208283996.582
2024-10-04 14:00:00,514.456,516.157,513.406,513.976,337152008.0566
2024-10-04 15:00:00,513.336,514.526,512.996,514.466,237587997.4365
2024-10-04 16:00:00,514.157,514.366,512.976,513.326,161472000.1221
2024-10-04 17:00:00,513.757,515.117,512.086,514.176,274920013.4277
2024-10-04 18:00:00,512.626,514.667,512.557,513.747,268403991.6992
2024-10-04 19:00:00,514.216,515.057,512.437,512.617,257220001.2207
2024-10-05 13:00:00,522.406,522.627,521.346,521.806,95748001.0986
2024-10-05 14:00:00,520.467,522.377,519.997,522.377,214307998.6572
2024-10-05 15:00:00,520.367,520.647,519.576,520.476,147936004.6387
2024-10-05 16:00:00,520.526,520.757,519.817,520.357,110459999.0845
2024-10-05 17:00:00,520.787,520.826,519.897,520.527,97260002.1362
2024-10-05 18:00:00,520.926,520.937,520.106,520.776,85500000.0
2024-10-05 19:00:00,520.816,521.337,520.606,520.916,88944000.2441
2024-10-06 13:00:00,533.086,533.257,532.556,533.187,116279998.7793
2024-10-06 14:00:00,533.727,533.886,533.006,533.087,124199996.9482
2024-10-06 15:00:00,534.596,535.037,533.706,533.726,79295997.6196
2024-10-06 16:00:00,534.836,535.127,534.536,534.607,83580001.8311
2024-10-06 17:00:00,535.287,535.697,534.206,534.837,121704002.3804
2024-10-06 18:00:00,534.986,535.557,534.267,535.296,150192001.3428
2024-10-06 19:00:00,535.627,535.967,534.686,534.997,128123992.9199
2024-10-07 13:00:00,557.266,557.356,556.776,557.057,65760002.1362
2024-10-07 14:00:00,557.017,557.737,556.906,557.267,106428001.4038
2024-10-07 15:00:00,557.887,558.026,556.766,557.006,69335998.5352
2024-10-07 16:00:00,559.326,559.337,557.857,557.876,73907997.1313
2024-10-07 17:00:00,559.787,559.836,559.106,559.306,64524002.0752
2024-10-07 18:00:00,560.076,560.217,559.417,559.797,55007999.4202
2024-10-07 19:00:00,561.276,561.656,559.736,560.046,84671997.0703
2024-10-09 13:00:00,547.857,548.647,547.636,548.357,139884002.6855
2024-10-09 14:00:00,546.506,548.077,545.537,547.866,259727996.8262
2024-10-09 15:00:00,544.146,547.697,544.107,546.497,197772003.1738
2024-10-09 16:00:00,545.126,545.807,543.366,544.157,169427993.7744
2024-10-09 17:00:00,546.967,547.167,545.016,545.117,145740005.4932
2024-10-09 18:00:00,548.196,548.346,546.976,546.976,125676002.5024
2024-10-09 19:00:00,548.757,549.127,547.976,548.147,125891998.291
2024-10-10 13:00:00,575.366,576.307,574.536,575.736,136332000.7324
2024-10-10 14:00:00,575.416,576.637,575.106,575.396,214440002.4414
2024-10-10 15:00:00,576.936,576.977,575.127,575.426,161472000.1221
2024-10-10 16:00:00,576.196,577.557,575.766,576.947,172464004.5166
2024-10-10 17:00:00,576.207,576.657,574.766,576.196,193895996.0938
2024-10-10 18:00:00,575.297,576.216,574.486,576.187,165768005.3711
2024-10-10 19:00:00,576.076,576.527,574.816,575.246,147768005.3711
2024-10-12 14:00:00,605.056,605.317,604.266,605.297,82779998.7793
2024-10-12 15:00:00,604.996,605.677,604.847,605.056,124739997.8638
2024-10-12 16:00:00,604.547,605.267,604.296,604.976,112019996.6431
2024-10-12 17:00:00,604.306,605.006,604.166,604.546,83550003.0518
2024-10-12 18:00:00,604.036,604.607,604.016,604.296,57900001.5259
2024-10-12 19:00:00,603.646,604.087,603.527,604.026,73019996.6431
2024-10-12 20:00:00,602.867,603.647,602.126,603.627,94220001.2207
2024-11-01 14:00:00,476.297,478.097,475.707,477.577,165468002.3193
2024-11-01 15:00:00,473.976,476.357,473.566,476.316,299832794.1895
2024-11-01 16:00:00,472.606,474.267,472.256,473.996,240535797.1191
2024-11-01 17:00:00,473.946,474.347,472.536,472.627,183570205.6885
2024-11-01 18:00:00,475.746,475.807,473.856,473.936,166451095.5811
2024-11-01 19:00:00,476.807,476.967,475.327,475.757,158044296.2646
2024-11-01 20:00:00,476.326,476.897,475.456,476.806,177048095.7031
2024-11-03 13:00:00,509.416,510.936,509.416,510.467,175101715.0879
2024-11-03 14:00:00,510.577,510.716,508.506,509.436,260499694.8242
2024-11-03 15:00:00,510.827,510.886,509.186,510.586,217615493.7744
2024-11-03 16:00:00,510.986,511.146,509.967,510.837,168658523.5596
2024-11-03 17:00:00,511.036,511.537,510.196,510.987,159097045.8984
2024-11-03 18:00:00,511.597,511.847,510.686,511.046,143503234.8633
2024-11-03 19:00:00,511.247,511.607,510.477,511.596,159291244.5068
2024-11-04 13:00:00,514.606,515.856,514.086,515.636,185304000.8545
2024-11-04 14:00:00,513.206,514.687,512.076,514.636,311795989.9902
2024-11-04 15:00:00,515.317,515.437,513.146,513.206,236003997.8027
2024-11-04 16:00:00,515.287,515.627,514.716,515.327,167412002.5635
2024-11-04 17:00:00,517.976,518.127,514.876,515.276,204912002.5635
2024-11-04 18:00:00,518.677,519.477,517.906,517.986,171912002.5635
2024-11-04 19:00:00,517.977,519.346,517.967,518.697,159287994.3848
2024-11-06 13:00:00,532.757,534.096,532.017,534.086,109991996.7651
2024-11-06 14:00:00,534.686,534.697,532.576,532.737,176027999.8779
2024-11-06 15:00:00,533.806,534.757,533.657,534.687,138947998.0469
2024-11-06 16:00:00,534.097,534.257,533.536,533.827,88991996.7651
2024-11-06 17:00:00,535.186,535.217,533.706,534.096,92664001.4648
2024-11-06 18:00:00,536.186,536.626,534.926,535.197,107879997.2534
2024-11-06 19:00:00,536.896,536.997,535.596,536.197,133367996.2158
2024-11-07 13:00:00,561.936,561.947,561.207,561.436,130031997.6807
2024-11-07 14:00:00,558.456,562.307,558.387,561.936,237731994.6289
2024-11-07 15:00:00,556.727,559.227,556.396,558.466,246408004.7607
2024-11-07 16:00:00,556.326,557.757,555.996,556.726,215460006.7139
2024-11-07 17:00:00,555.917,557.107,555.806,556.326,210671997.0703
2024-11-07 18:00:00,557.147,557.297,555.806,555.937,145811996.46
2024-11-07 19:00:00,556.417,557.547,556.417,557.156,181128005.9814
2024-11-09 13:00:00,544.677,548.627,544.497,548.597,176123992.9199
2024-11-09 14:00:00,541.126,544.747,539.926,544.696,306515991.2109
2024-11-09 15:00:00,544.466,545.137,540.546,541.127,234011993.4082
2024-11-09 16:00:00,547.287,547.527,544.266,544.437,223979995.7275
2024-11-09 17:00:00,549.976,550.786,547.297,547.307,186972000.1221
2024-11-09 18:00:00,551.666,552.646,549.687,549.946,191723999.0234
2024-11-09 19:00:00,554.307,555.337,551.227,551.656,200604003.9063
2024-11-10 13:00:00,577.347,577.507,575.897,576.037,119615997.3145
2024-11-10 14:00:00,579.076,580.087,576.986,577.286,189395996.0938
2024-11-10 15:00:00,579.637,579.767,578.977,579.056,112272003.1738
2024-11-10 16:00:00,578.847,579.627,578.056,579.616,117120002.7466
2024-11-10 17:00:00,579.116,579.357,578.366,578.846,92772003.1738
2024-11-10 18:00:00,579.697,579.887,578.766,579.087,69251998.9014
2024-11-10 19:00:00,579.507,580.307,579.486,579.687,97823997.4976
2024-11-11 14:00:00,599.157,600.136,598.857,599.837,103103996.2769
2024-11-11 15:00:00,599.667,599.936,598.506,599.177,131447998.0469
2024-11-11 16:00:00,599.427,599.936,598.927,599.657,103991996.7651
2024-11-11 17:00:00,598.197,599.546,598.196,599.416,79835998.5352
2024-11-11 18:00:00,598.226,598.617,596.996,598.197,98783996.582
2024-11-11 19:00:00,598.276,598.397,597.986,598.226,63647998.8098
2024-11-11 20:00:00,598.717,598.817,597.966,598.257,76403999.3286
2024-11-12 14:00:00,606.586,606.627,605.466,605.716,71669998.1689
2024-11-12 15:00:00,606.747,607.227,606.297,606.596,109910003.6621
2024-11-12 16:00:00,607.736,607.847,606.496,606.766,69300003.0518
2024-11-12 17:00:00,608.107,608.177,607.586,607.747,47860000.6104
2024-11-12 18:00:00,607.797,608.416,607.716,608.107,49439998.6267
2024-11-12 19:00:00,607.926,608.207,607.547,607.816,45439998.6267
2024-11-12 20:00:00,607.547,608.077,607.297,607.926,47750000.0
2024-12-01 14:00:00,477.126,478.586,477.066,477.807,123583999.6338
2024-12-01 15:00:00,475.797,477.477,475.216,477.137,298412994.3848
2024-12-01 16:00:00,475.666,476.807,475.396,475.787,211281997.6807
2024-12-01 17:00:00,476.117,476.477,475.356,475.676,174137603.7598
2024-12-01 18:00:00,476.926,477.007,476.117,476.127,112613197.3267
2024-12-01 19:00:00,476.246,477.336,476.137,476.916,125607597.3511
2024-12-01 20:00:00,476.656,476.897,475.746,476.236,145676193.2373
2024-12-02 14:00:00,501.417,501.456,501.146,501.147,74750602.7222
2024-12-02 15:00:00,502.066,502.117,501.007,501.426,101022697.4487
2024-12-02 16:00:00,503.287,503.487,501.857,502.076,110146400.4517
2024-12-02 17:00:00,503.187,503.436,502.647,503.287,96622200.0122
2024-12-02 18:00:00,502.087,503.426,501.666,503.206,137974395.752
2024-12-02 19:00:00,500.576,502.157,500.236,502.067,203518798.8281
2024-12-02 20:00:00,500.976,501.227,500.506,500.556,142080596.9238
2024-12-03 13:00:00,513.437,513.776,510.847,513.417,167539184.5703
2024-12-03 14:00:00,515.926,516.477,512.996,513.426,220404342.6514
2024-12-03 15:00:00,515.866,516.527,515.167,515.947,175004440.3076
2024-12-03 16:00:00,514.387,515.947,513.536,515.857,170623596.1914
2024-12-03 17:00:00,515.596,515.787,513.626,514.407,167107391.3574
2024-12-03 18:00:00,516.737,516.976,515.497,515.607,133481140.1367
2024-12-03 19:00:00,516.806,517.367,516.406,516.747,127856040.9546
2024-12-04 13:00:00,515.287,515.797,514.056,514.367,141876007.0801
2024-12-04 14:00:00,512.307,515.407,512.017,515.287,245220001.2207
2024-12-04 15:00:00,513.376,514.017,512.186,512.296,175332000.7324
2024-12-04 16:00:00,510.557,513.517,510.486,513.387,194304000.8545
2024-12-04 17:00:00,510.476,511.226,509.317,510.577,224231994.6289
2024-12-04 18:00:00,509.597,511.407,509.556,510.487,244475997.9248
2024-12-04 19:00:00,510.746,510.867,509.076,509.607,214416000.3662
2024-12-06 13:00:00,542.676,542.947,541.196,541.616,113183998.1079
2024-12-06 14:00:00,543.086,543.947,542.526,542.666,156179992.6758
2024-12-06 15:00:00,542.977,543.386,542.516,543.096,134712005.6152
2024-12-06 16:00:00,542.797,543.116,542.407,542.967,110568000.7935
2024-12-06 17:00:00,542.526,543.356,542.157,542.806,84120002.7466
2024-12-06 18:00:00,542.486,543.056,541.137,542.526,310391998.291
2024-12-06 19:00:00,541.276,544.066,540.287,542.466,279204010.0098
2024-12-07 13:00:00,558.847,559.047,557.206,557.626,109164001.4648
2024-12-07 14:00:00,561.176,561.347,558.606,558.846,170363998.4131
2024-12-07 15:00:00,560.766,561.747,560.706,561.156,97559997.5586
2024-12-07 16:00:00,561.637,561.647,560.127,560.737,126491996.7651
2024-12-07 17:00:00,563.007,563.656,561.487,561.617,88152000.4272
2024-12-07 18:00:00,563.227,563.397,562.596,563.026,87767997.7417
2024-12-07 19:00:00,559.677,563.287,558.947,563.216,175811996.46
2024-12-08 13:00:00,531.386,534.457,530.936,534.177,161843994.1406
2024-12-08 14:00:00,535.206,535.287,531.196,531.406,249611999.5117
2024-12-08 15:00:00,534.827,535.706,531.856,535.216,264204010.0098
2024-12-08 16:00:00,532.746,535.127,532.726,534.827,195863998.4131
2024-12-08 17:00:00,532.366,534.216,531.766,532.766,199511993.4082
2024-12-08 18:00:00,533.177,533.237,532.176,532.397,161904006.958
2024-12-08 19:00:00,533.186,533.257,531.746,533.186,172919998.1689
2024-12-09 13:00:00,553.746,555.346,552.736,555.006,171179992.6758
2024-12-09 14:00:00,554.417,556.267,553.287,553.766,273575988.7695
2024-12-09 15:00:00,554.487,556.617,554.056,554.416,250416000.3662
2024-12-09 16:00:00,557.106,557.197,554.337,554.496,162839996.3379
2024-12-09 17:00:00,559.127,559.357,556.966,557.086,136955993.6523
2024-12-09 18:00:00,558.656,559.376,556.526,559.147,169871994.0186
2024-12-09 19:00:00,559.017,559.197,558.087,558.667,165671997.0703
2024-12-11 14:00:00,598.937,599.277,598.367,598.696,105263999.939
2024-12-11 15:00:00,597.217,599.007,597.186,598.927,183936004.6387
2024-12-11 16:00:00,596.427,597.567,596.307,597.206,151608001.709
2024-12-11 17:00:00,594.667,596.707,594.557,596.406,142343994.1406
2024-12-11 18:00:00,597.407,597.767,594.356,594.677,145151992.7979
2024-12-11 19:00:00,597.997,598.387,597.316,597.397,103463996.8872
2024-12-11 20:00:00,596.866,598.186,596.506,597.987,129552001.9531
2024-12-12 14:00:00,606.167,606.587,605.716,606.587,86919998.1689
2024-12-12 15:00:00,606.776,606.956,605.117,606.177,148929992.6758
2024-12-12 16:00:00,605.776,607.137,605.756,606.766,99339996.3379
2024-12-12 17:00:00,606.776,606.867,605.756,605.787,78870002.7466
2024-12-12 18:00:00,605.737,606.927,605.706,606.786,75889999.3896
2024-12-12 19:00:00,605.096,606.117,604.816,605.747,78330001.8311
2024-12-12 20:00:00,604.377,605.317,604.336,605.077,84440002.4414
