index,open,high,low,close,volume,date
2024-01-01 20:00:00+00:00,475.556,475.877,474.466,475.077,134816101.07,0
2024-01-01 21:00:00+00:00,475.556,475.877,474.466,475.077,134816101.07,1
2024-01-01 22:00:00+00:00,475.556,475.877,474.466,475.077,134816101.07,2
2024-01-01 23:00:00+00:00,475.556,475.877,474.466,475.077,134816101.07,3
2024-01-02 00:00:00+00:00,475.556,475.877,474.466,475.077,134816101.07,4
2024-01-02 01:00:00+00:00,475.556,475.877,474.466,475.077,134816101.07,5
2024-01-02 02:00:00+00:00,475.556,475.877,474.466,475.077,134816101.07,6
2024-01-02 03:00:00+00:00,475.556,475.877,474.466,475.077,134816101.07,7
2024-01-02 04:00:00+00:00,475.556,475.877,474.466,475.077,134816101.07,8
2024-01-02 05:00:00+00:00,475.556,475.877,474.466,475.077,134816101.07,9
2024-01-02 06:00:00+00:00,475.556,475.877,474.466,475.077,134816101.07,10
2024-01-02 07:00:00+00:00,475.556,475.877,474.466,475.077,134816101.07,11
2024-01-02 08:00:00+00:00,475.556,475.877,474.466,475.077,134816101.07,12
2024-01-02 09:00:00+00:00,475.556,475.877,474.466,475.077,134816101.07,13
2024-01-02 10:00:00+00:00,475.556,475.877,474.466,475.077,134816101.07,14
2024-01-02 11:00:00+00:00,475.556,475.877,474.466,475.077,134816101.07,15
2024-01-02 12:00:00+00:00,475.556,475.877,474.466,475.077,134816101.07,16
2024-01-02 13:00:00+00:00,475.556,475.877,474.466,475.077,134816101.07,17
2024-01-02 14:00:00+00:00,472.157,472.787,471.357,472.266,133774902.34,18
2024-01-02 15:00:00+00:00,472.257,472.697,471.276,471.666,218431396.48,19
2024-01-02 16:00:00+00:00,471.667,473.266,471.626,473.177,129537200.93,20
2024-01-02 17:00:00+00:00,473.187,473.656,472.577,472.636,118577400.21,21
2024-01-02 18:00:00+00:00,472.626,472.956,471.996,472.137,107348602.29,22
2024-01-02 19:00:00+00:00,472.136,472.247,470.916,470.916,118856796.26,23
2024-01-02 20:00:00+00:00,470.926,472.637,470.477,472.627,132066192.63,24
2024-01-02 21:00:00+00:00,470.926,472.637,470.477,472.627,132066192.63,25
2024-01-02 22:00:00+00:00,470.926,472.637,470.477,472.627,132066192.63,26
2024-01-02 23:00:00+00:00,470.926,472.637,470.477,472.627,132066192.63,27
2024-01-03 00:00:00+00:00,470.926,472.637,470.477,472.627,132066192.63,28
2024-01-03 01:00:00+00:00,470.926,472.637,470.477,472.627,132066192.63,29
2024-01-03 02:00:00+00:00,470.926,472.637,470.477,472.627,132066192.63,30
2024-01-03 03:00:00+00:00,470.926,472.637,470.477,472.627,132066192.63,31
2024-01-03 04:00:00+00:00,470.926,472.637,470.477,472.627,132066192.63,32
2024-01-03 05:00:00+00:00,470.926,472.637,470.477,472.627,132066192.63,33
2024-01-03 06:00:00+00:00,470.926,472.637,470.477,472.627,132066192.63,34
2024-01-03 07:00:00+00:00,470.926,472.637,470.477,472.627,132066192.63,35
2024-01-03 08:00:00+00:00,470.926,472.637,470.477,472.627,132066192.63,36
2024-01-03 09:00:00+00:00,470.926,472.637,470.477,472.627,132066192.63,37
2024-01-03 10:00:00+00:00,470.926,472.637,470.477,472.627,132066192.63,38
2024-01-03 11:00:00+00:00,470.926,472.637,470.477,472.627,132066192.63,39
2024-01-03 12:00:00+00:00,470.926,472.637,470.477,472.627,132066192.63,40
2024-01-03 13:00:00+00:00,470.926,472.637,470.477,472.627,132066192.63,41
2024-01-03 14:00:00+00:00,470.457,470.517,469.646,469.916,110547302.25,42
2024-01-03 15:00:00+00:00,469.776,470.947,468.706,469.376,214942993.16,43
2024-01-03 16:00:00+00:00,469.376,469.917,469.116,469.246,181663101.2,44
2024-01-03 17:00:00+00:00,469.256,470.367,468.966,470.297,107993598.94,45
2024-01-03 18:00:00+00:00,470.286,470.757,469.846,470.076,88777496.34,46
2024-01-03 19:00:00+00:00,470.057,471.167,468.956,470.216,239417602.54,47
2024-01-03 20:00:00+00:00,470.216,470.286,468.146,468.746,173220306.4,48
2024-01-03 21:00:00+00:00,470.216,470.286,468.146,468.746,173220306.4,49
2024-01-03 22:00:00+00:00,470.216,470.286,468.146,468.746,173220306.4,50
2024-01-03 23:00:00+00:00,470.216,470.286,468.146,468.746,173220306.4,51
2024-01-04 00:00:00+00:00,470.216,470.286,468.146,468.746,173220306.4,52
2024-01-04 01:00:00+00:00,470.216,470.286,468.146,468.746,173220306.4,53
2024-01-04 02:00:00+00:00,470.216,470.286,468.146,468.746,173220306.4,54
2024-01-04 03:00:00+00:00,470.216,470.286,468.146,468.746,173220306.4,55
2024-01-04 04:00:00+00:00,470.216,470.286,468.146,468.746,173220306.4,56
2024-01-04 05:00:00+00:00,470.216,470.286,468.146,468.746,173220306.4,57
2024-01-04 06:00:00+00:00,470.216,470.286,468.146,468.746,173220306.4,58
2024-01-04 07:00:00+00:00,470.216,470.286,468.146,468.746,173220306.4,59
2024-01-04 08:00:00+00:00,470.216,470.286,468.146,468.746,173220306.4,60
2024-01-04 09:00:00+00:00,470.216,470.286,468.146,468.746,173220306.4,61
2024-01-04 10:00:00+00:00,470.216,470.286,468.146,468.746,173220306.4,62
2024-01-04 11:00:00+00:00,470.216,470.286,468.146,468.746,173220306.4,63
2024-01-04 12:00:00+00:00,470.216,470.286,468.146,468.746,173220306.4,64
2024-01-04 13:00:00+00:00,470.216,470.286,468.146,468.746,173220306.4,65
2024-01-04 14:00:00+00:00,468.297,469.246,468.126,468.896,141066696.17,66
2024-01-04 15:00:00+00:00,468.836,470.227,468.676,469.847,185950103.76,67
2024-01-04 16:00:00+00:00,469.857,470.956,469.456,469.707,146433105.47,68
2024-01-04 17:00:00+00:00,469.707,469.827,468.647,469.127,132960403.44,69
2024-01-04 18:00:00+00:00,469.117,469.457,468.956,469.067,110151199.34,70
2024-01-04 19:00:00+00:00,469.067,469.317,468.166,468.676,116435699.46,71
2024-01-04 20:00:00+00:00,468.676,469.027,467.046,467.337,128786895.75,72
2024-01-04 21:00:00+00:00,468.676,469.027,467.046,467.337,128786895.75,73
2024-01-04 22:00:00+00:00,468.676,469.027,467.046,467.337,128786895.75,74
2024-01-04 23:00:00+00:00,468.676,469.027,467.046,467.337,128786895.75,75
2024-01-05 00:00:00+00:00,468.676,469.027,467.046,467.337,128786895.75,76
2024-01-05 01:00:00+00:00,468.676,469.027,467.046,467.337,128786895.75,77
2024-01-05 02:00:00+00:00,468.676,469.027,467.046,467.337,128786895.75,78
2024-01-05 03:00:00+00:00,468.676,469.027,467.046,467.337,128786895.75,79
2024-01-05 04:00:00+00:00,468.676,469.027,467.046,467.337,128786895.75,80
2024-01-05 05:00:00+00:00,468.676,469.027,467.046,467.337,128786895.75,81
2024-01-05 06:00:00+00:00,468.676,469.027,467.046,467.337,128786895.75,82
2024-01-05 07:00:00+00:00,468.676,469.027,467.046,467.337,128786895.75,83
2024-01-05 08:00:00+00:00,468.676,469.027,467.046,467.337,128786895.75,84
2024-01-05 09:00:00+00:00,468.676,469.027,467.046,467.337,128786895.75,85
2024-01-05 10:00:00+00:00,468.676,469.027,467.046,467.337,128786895.75,86
2024-01-05 11:00:00+00:00,468.676,469.027,467.046,467.337,128786895.75,87
2024-01-05 12:00:00+00:00,468.676,469.027,467.046,467.337,128786895.75,88
2024-01-05 13:00:00+00:00,468.676,469.027,467.046,467.337,128786895.75,89
2024-01-05 14:00:00+00:00,467.476,468.576,467.126,468.107,140229507.45,90
2024-01-05 15:00:00+00:00,468.167,470.407,468.166,470.127,228829498.29,91
2024-01-05 16:00:00+00:00,470.137,470.417,468.586,468.767,165182205.2,92
2024-01-05 17:00:00+00:00,468.766,468.827,467.126,467.527,156247894.29,93
2024-01-05 18:00:00+00:00,467.506,468.676,466.666,468.346,151498001.1,94
2024-01-05 19:00:00+00:00,468.356,468.977,466.646,466.807,174076797.49,95
2024-01-05 20:00:00+00:00,466.797,468.277,466.446,467.927,158411804.2,96
2024-01-05 21:00:00+00:00,466.797,468.277,466.446,467.927,158411804.2,97
2024-01-05 22:00:00+00:00,466.797,468.277,466.446,467.927,158411804.2,98
2024-01-05 23:00:00+00:00,466.797,468.277,466.446,467.927,158411804.2,99
2024-01-06 00:00:00+00:00,466.797,468.277,466.446,467.927,158411804.2,100
2024-01-06 01:00:00+00:00,466.797,468.277,466.446,467.927,158411804.2,101
2024-01-06 02:00:00+00:00,466.797,468.277,466.446,467.927,158411804.2,102
2024-01-06 03:00:00+00:00,466.797,468.277,466.446,467.927,158411804.2,103
2024-01-06 04:00:00+00:00,466.797,468.277,466.446,467.927,158411804.2,104
2024-01-06 05:00:00+00:00,466.797,468.277,466.446,467.927,158411804.2,105
2024-01-06 06:00:00+00:00,466.797,468.277,466.446,467.927,158411804.2,106
2024-01-06 07:00:00+00:00,466.797,468.277,466.446,467.927,158411804.2,107
2024-01-06 08:00:00+00:00,466.797,468.277,466.446,467.927,158411804.2,108
2024-01-06 09:00:00+00:00,466.797,468.277,466.446,467.927,158411804.2,109
2024-01-06 10:00:00+00:00,466.797,468.277,466.446,467.927,158411804.2,110
2024-01-06 11:00:00+00:00,466.797,468.277,466.446,467.927,158411804.2,111
2024-01-06 12:00:00+00:00,466.797,468.277,466.446,467.927,158411804.2,112
2024-01-06 13:00:00+00:00,466.797,468.277,466.446,467.927,158411804.2,113
2024-01-06 14:00:00+00:00,466.797,468.277,466.446,467.927,158411804.2,114
2024-01-06 15:00:00+00:00,466.797,468.277,466.446,467.927,158411804.2,115
2024-01-06 16:00:00+00:00,466.797,468.277,466.446,467.927,158411804.2,116
2024-01-06 17:00:00+00:00,466.797,468.277,466.446,467.927,158411804.2,117
2024-01-06 18:00:00+00:00,466.797,468.277,466.446,467.927,158411804.2,118
2024-01-06 19:00:00+00:00,466.797,468.277,466.446,467.927,158411804.2,119
2024-01-06 20:00:00+00:00,466.797,468.277,466.446,467.927,158411804.2,120
2024-01-06 21:00:00+00:00,466.797,468.277,466.446,467.927,158411804.2,121
2024-01-06 22:00:00+00:00,466.797,468.277,466.446,467.927,158411804.2,122
2024-01-06 23:00:00+00:00,466.797,468.277,466.446,467.927,158411804.2,123
2024-01-07 00:00:00+00:00,466.797,468.277,466.446,467.927,158411804.2,124
2024-01-07 01:00:00+00:00,466.797,468.277,466.446,467.927,158411804.2,125
2024-01-07 02:00:00+00:00,466.797,468.277,466.446,467.927,158411804.2,126
2024-01-07 03:00:00+00:00,466.797,468.277,466.446,467.927,158411804.2,127
2024-01-07 04:00:00+00:00,466.797,468.277,466.446,467.927,158411804.2,128
2024-01-07 05:00:00+00:00,466.797,468.277,466.446,467.927,158411804.2,129
2024-01-07 06:00:00+00:00,466.797,468.277,466.446,467.927,158411804.2,130
2024-01-07 07:00:00+00:00,466.797,468.277,466.446,467.927,158411804.2,131
2024-01-07 08:00:00+00:00,466.797,468.277,466.446,467.927,158411804.2,132
2024-01-07 09:00:00+00:00,466.797,468.277,466.446,467.927,158411804.2,133
2024-01-07 10:00:00+00:00,466.797,468.277,466.446,467.927,158411804.2,134
2024-01-07 11:00:00+00:00,466.797,468.277,466.446,467.927,158411804.2,135
2024-01-07 12:00:00+00:00,466.797,468.277,466.446,467.927,158411804.2,136
2024-01-07 13:00:00+00:00,466.797,468.277,466.446,467.927,158411804.2,137
2024-01-07 14:00:00+00:00,466.797,468.277,466.446,467.927,158411804.2,138
2024-01-07 15:00:00+00:00,466.797,468.277,466.446,467.927,158411804.2,139
2024-01-07 16:00:00+00:00,466.797,468.277,466.446,467.927,158411804.2,140
2024-01-07 17:00:00+00:00,466.797,468.277,466.446,467.927,158411804.2,141
2024-01-07 18:00:00+00:00,466.797,468.277,466.446,467.927,158411804.2,142
2024-01-07 19:00:00+00:00,466.797,468.277,466.446,467.927,158411804.2,143
2024-01-07 20:00:00+00:00,466.797,468.277,466.446,467.927,158411804.2,144
2024-01-07 21:00:00+00:00,466.797,468.277,466.446,467.927,158411804.2,145
2024-01-07 22:00:00+00:00,466.797,468.277,466.446,467.927,158411804.2,146
2024-01-07 23:00:00+00:00,466.797,468.277,466.446,467.927,158411804.2,147
2024-01-08 00:00:00+00:00,466.797,468.277,466.446,467.927,158411804.2,148
2024-01-08 01:00:00+00:00,466.797,468.277,466.446,467.927,158411804.2,149
2024-01-08 02:00:00+00:00,466.797,468.277,466.446,467.927,158411804.2,150
2024-01-08 03:00:00+00:00,466.797,468.277,466.446,467.927,158411804.2,151
2024-01-08 04:00:00+00:00,466.797,468.277,466.446,467.927,158411804.2,152
2024-01-08 05:00:00+00:00,466.797,468.277,466.446,467.927,158411804.2,153
2024-01-08 06:00:00+00:00,466.797,468.277,466.446,467.927,158411804.2,154
2024-01-08 07:00:00+00:00,466.797,468.277,466.446,467.927,158411804.2,155
2024-01-08 08:00:00+00:00,466.797,468.277,466.446,467.927,158411804.2,156
2024-01-08 09:00:00+00:00,466.797,468.277,466.446,467.927,158411804.2,157
2024-01-08 10:00:00+00:00,466.797,468.277,466.446,467.927,158411804.2,158
2024-01-08 11:00:00+00:00,466.797,468.277,466.446,467.927,158411804.2,159
2024-01-08 12:00:00+00:00,466.797,468.277,466.446,467.927,158411804.2,160
2024-01-08 13:00:00+00:00,466.797,468.277,466.446,467.927,158411804.2,161
2024-01-08 14:00:00+00:00,468.417,469.767,468.296,469.716,119312896.73,162
2024-01-08 15:00:00+00:00,469.716,470.737,469.346,470.347,144610702.51,163
2024-01-08 16:00:00+00:00,470.367,470.897,469.966,470.867,130511703.49,164
2024-01-08 17:00:00+00:00,470.857,471.627,470.547,471.466,92269401.55,165
2024-01-08 18:00:00+00:00,471.457,472.067,471.246,472.016,74246299.74,166
2024-01-08 19:00:00+00:00,472.026,473.987,471.897,473.746,86410598.75,167
2024-01-08 20:00:00+00:00,473.736,474.737,473.367,474.537,121931098.94,168
2024-01-08 21:00:00+00:00,473.736,474.737,473.367,474.537,121931098.94,169
2024-01-08 22:00:00+00:00,473.736,474.737,473.367,474.537,121931098.94,170
2024-01-08 23:00:00+00:00,473.736,474.737,473.367,474.537,121931098.94,171
2024-01-09 00:00:00+00:00,473.736,474.737,473.367,474.537,121931098.94,172
2024-01-09 01:00:00+00:00,473.736,474.737,473.367,474.537,121931098.94,173
2024-01-09 02:00:00+00:00,473.736,474.737,473.367,474.537,121931098.94,174
2024-01-09 03:00:00+00:00,473.736,474.737,473.367,474.537,121931098.94,175
2024-01-09 04:00:00+00:00,473.736,474.737,473.367,474.537,121931098.94,176
2024-01-09 05:00:00+00:00,473.736,474.737,473.367,474.537,121931098.94,177
2024-01-09 06:00:00+00:00,473.736,474.737,473.367,474.537,121931098.94,178
2024-01-09 07:00:00+00:00,473.736,474.737,473.367,474.537,121931098.94,179
2024-01-09 08:00:00+00:00,473.736,474.737,473.367,474.537,121931098.94,180
2024-01-09 09:00:00+00:00,473.736,474.737,473.367,474.537,121931098.94,181
2024-01-09 10:00:00+00:00,473.736,474.737,473.367,474.537,121931098.94,182
2024-01-09 11:00:00+00:00,473.736,474.737,473.367,474.537,121931098.94,183
2024-01-09 12:00:00+00:00,473.736,474.737,473.367,474.537,121931098.94,184
2024-01-09 13:00:00+00:00,473.736,474.737,473.367,474.537,121931098.94,185
2024-01-09 14:00:00+00:00,471.867,472.187,471.346,472.157,123975502.01,186
2024-01-09 15:00:00+00:00,472.146,472.947,471.557,472.217,174785202.03,187
2024-01-09 16:00:00+00:00,472.197,474.217,472.196,474.217,121636299.13,188
2024-01-09 17:00:00+00:00,474.216,474.457,473.826,474.336,95114303.59,189
2024-01-09 18:00:00+00:00,474.346,474.917,473.136,474.276,158976898.19,190
2024-01-09 19:00:00+00:00,474.287,474.537,473.337,473.777,141651199.34,191
2024-01-09 20:00:00+00:00,473.797,474.237,472.967,473.866,176643096.92,192
2024-01-09 21:00:00+00:00,473.797,474.237,472.967,473.866,176643096.92,193
2024-01-09 22:00:00+00:00,473.797,474.237,472.967,473.866,176643096.92,194
2024-01-09 23:00:00+00:00,473.797,474.237,472.967,473.866,176643096.92,195
2024-01-10 00:00:00+00:00,473.797,474.237,472.967,473.866,176643096.92,196
2024-01-10 01:00:00+00:00,473.797,474.237,472.967,473.866,176643096.92,197
2024-01-10 02:00:00+00:00,473.797,474.237,472.967,473.866,176643096.92,198
2024-01-10 03:00:00+00:00,473.797,474.237,472.967,473.866,176643096.92,199
2024-01-10 04:00:00+00:00,473.797,474.237,472.967,473.866,176643096.92,200
2024-01-10 05:00:00+00:00,473.797,474.237,472.967,473.866,176643096.92,201
2024-01-10 06:00:00+00:00,473.797,474.237,472.967,473.866,176643096.92,202
2024-01-10 07:00:00+00:00,473.797,474.237,472.967,473.866,176643096.92,203
2024-01-10 08:00:00+00:00,473.797,474.237,472.967,473.866,176643096.92,204
2024-01-10 09:00:00+00:00,473.797,474.237,472.967,473.866,176643096.92,205
2024-01-10 10:00:00+00:00,473.797,474.237,472.967,473.866,176643096.92,206
2024-01-10 11:00:00+00:00,473.797,474.237,472.967,473.866,176643096.92,207
2024-01-10 12:00:00+00:00,473.797,474.237,472.967,473.866,176643096.92,208
2024-01-10 13:00:00+00:00,473.797,474.237,472.967,473.866,176643096.92,209
2024-01-10 14:00:00+00:00,474.147,475.327,474.137,474.697,112846199.04,210
2024-01-10 15:00:00+00:00,474.687,475.247,473.856,475.207,179346893.31,211
2024-01-10 16:00:00+00:00,475.226,475.267,474.416,474.916,116066398.62,212
2024-01-10 17:00:00+00:00,474.926,475.467,474.596,475.377,82532997.13,213
2024-01-10 18:00:00+00:00,475.386,475.917,474.836,475.746,132743606.57,214
2024-01-10 19:00:00+00:00,475.747,477.277,475.666,477.247,99581596.37,215
2024-01-10 20:00:00+00:00,477.236,477.436,475.166,476.537,170309799.19,216
2024-01-10 21:00:00+00:00,477.236,477.436,475.166,476.537,170309799.19,217
2024-01-10 22:00:00+00:00,477.236,477.436,475.166,476.537,170309799.19,218
2024-01-10 23:00:00+00:00,477.236,477.436,475.166,476.537,170309799.19,219
2024-01-11 00:00:00+00:00,477.236,477.436,475.166,476.537,170309799.19,220
2024-01-11 01:00:00+00:00,477.236,477.436,475.166,476.537,170309799.19,221
2024-01-11 02:00:00+00:00,477.236,477.436,475.166,476.537,170309799.19,222
2024-01-11 03:00:00+00:00,477.236,477.436,475.166,476.537,170309799.19,223
2024-01-11 04:00:00+00:00,477.236,477.436,475.166,476.537,170309799.19,224
2024-01-11 05:00:00+00:00,477.236,477.436,475.166,476.537,170309799.19,225
2024-01-11 06:00:00+00:00,477.236,477.436,475.166,476.537,170309799.19,226
2024-01-11 07:00:00+00:00,477.236,477.436,475.166,476.537,170309799.19,227
2024-01-11 08:00:00+00:00,477.236,477.436,475.166,476.537,170309799.19,228
2024-01-11 09:00:00+00:00,477.236,477.436,475.166,476.537,170309799.19,229
2024-01-11 10:00:00+00:00,477.236,477.436,475.166,476.537,170309799.19,230
2024-01-11 11:00:00+00:00,477.236,477.436,475.166,476.537,170309799.19,231
2024-01-11 12:00:00+00:00,477.236,477.436,475.166,476.537,170309799.19,232
2024-01-11 13:00:00+00:00,477.236,477.436,475.166,476.537,170309799.19,233
2024-01-11 14:00:00+00:00,477.577,478.097,475.707,476.297,165468002.32,234
2024-01-11 15:00:00+00:00,476.316,476.357,473.566,473.976,299832794.19,235
2024-01-11 16:00:00+00:00,473.996,474.267,472.256,472.606,240535797.12,236
2024-01-11 17:00:00+00:00,472.627,474.347,472.536,473.946,183570205.69,237
2024-01-11 18:00:00+00:00,473.936,475.807,473.856,475.746,166451095.58,238
2024-01-11 19:00:00+00:00,475.757,476.967,475.327,476.807,158044296.26,239
2024-01-11 20:00:00+00:00,476.806,476.897,475.456,476.326,177048095.7,240
2024-01-11 21:00:00+00:00,476.806,476.897,475.456,476.326,177048095.7,241
2024-01-11 22:00:00+00:00,476.806,476.897,475.456,476.326,177048095.7,242
2024-01-11 23:00:00+00:00,476.806,476.897,475.456,476.326,177048095.7,243
2024-01-12 00:00:00+00:00,476.806,476.897,475.456,476.326,177048095.7,244
2024-01-12 01:00:00+00:00,476.806,476.897,475.456,476.326,177048095.7,245
2024-01-12 02:00:00+00:00,476.806,476.897,475.456,476.326,177048095.7,246
2024-01-12 03:00:00+00:00,476.806,476.897,475.456,476.326,177048095.7,247
2024-01-12 04:00:00+00:00,476.806,476.897,475.456,476.326,177048095.7,248
2024-01-12 05:00:00+00:00,476.806,476.897,475.456,476.326,177048095.7,249
2024-01-12 06:00:00+00:00,476.806,476.897,475.456,476.326,177048095.7,250
2024-01-12 07:00:00+00:00,476.806,476.897,475.456,476.326,177048095.7,251
2024-01-12 08:00:00+00:00,476.806,476.897,475.456,476.326,177048095.7,252
2024-01-12 09:00:00+00:00,476.806,476.897,475.456,476.326,177048095.7,253
2024-01-12 10:00:00+00:00,476.806,476.897,475.456,476.326,177048095.7,254
2024-01-12 11:00:00+00:00,476.806,476.897,475.456,476.326,177048095.7,255
2024-01-12 12:00:00+00:00,476.806,476.897,475.456,476.326,177048095.7,256
2024-01-12 13:00:00+00:00,476.806,476.897,475.456,476.326,177048095.7,257
2024-01-12 14:00:00+00:00,477.807,478.586,477.066,477.126,123583999.63,258
2024-01-12 15:00:00+00:00,477.137,477.477,475.216,475.797,298412994.38,259
2024-01-12 16:00:00+00:00,475.787,476.807,475.396,475.666,211281997.68,260
2024-01-12 17:00:00+00:00,475.676,476.477,475.356,476.117,174137603.76,261
2024-01-12 18:00:00+00:00,476.127,477.007,476.117,476.926,112613197.33,262
2024-01-12 19:00:00+00:00,476.916,477.336,476.137,476.246,125607597.35,263
2024-01-12 20:00:00+00:00,476.236,476.897,475.746,476.656,145676193.24,264
2024-01-12 21:00:00+00:00,476.236,476.897,475.746,476.656,145676193.24,265
2024-01-12 22:00:00+00:00,476.236,476.897,475.746,476.656,145676193.24,266
2024-01-12 23:00:00+00:00,476.236,476.897,475.746,476.656,145676193.24,267
2024-01-13 00:00:00+00:00,476.236,476.897,475.746,476.656,145676193.24,268
2024-01-13 01:00:00+00:00,476.236,476.897,475.746,476.656,145676193.24,269
2024-01-13 02:00:00+00:00,476.236,476.897,475.746,476.656,145676193.24,270
2024-01-13 03:00:00+00:00,476.236,476.897,475.746,476.656,145676193.24,271
2024-01-13 04:00:00+00:00,476.236,476.897,475.746,476.656,145676193.24,272
2024-01-13 05:00:00+00:00,476.236,476.897,475.746,476.656,145676193.24,273
2024-01-13 06:00:00+00:00,476.236,476.897,475.746,476.656,145676193.24,274
2024-01-13 07:00:00+00:00,476.236,476.897,475.746,476.656,145676193.24,275
2024-01-13 08:00:00+00:00,476.236,476.897,475.746,476.656,145676193.24,276
2024-01-13 09:00:00+00:00,476.236,476.897,475.746,476.656,145676193.24,277
2024-01-13 10:00:00+00:00,476.236,476.897,475.746,476.656,145676193.24,278
2024-01-13 11:00:00+00:00,476.236,476.897,475.746,476.656,145676193.24,279
2024-01-13 12:00:00+00:00,476.236,476.897,475.746,476.656,145676193.24,280
2024-01-13 13:00:00+00:00,476.236,476.897,475.746,476.656,145676193.24,281
2024-01-13 14:00:00+00:00,476.236,476.897,475.746,476.656,145676193.24,282
2024-01-13 15:00:00+00:00,476.236,476.897,475.746,476.656,145676193.24,283
2024-01-13 16:00:00+00:00,476.236,476.897,475.746,476.656,145676193.24,284
2024-01-13 17:00:00+00:00,476.236,476.897,475.746,476.656,145676193.24,285
2024-01-13 18:00:00+00:00,476.236,476.897,475.746,476.656,145676193.24,286
2024-01-13 19:00:00+00:00,476.236,476.897,475.746,476.656,145676193.24,287
2024-01-13 20:00:00+00:00,476.236,476.897,475.746,476.656,145676193.24,288
2024-01-13 21:00:00+00:00,476.236,476.897,475.746,476.656,145676193.24,289
2024-01-13 22:00:00+00:00,476.236,476.897,475.746,476.656,145676193.24,290
2024-01-13 23:00:00+00:00,476.236,476.897,475.746,476.656,145676193.24,291
2024-01-14 00:00:00+00:00,476.236,476.897,475.746,476.656,145676193.24,292
2024-01-14 01:00:00+00:00,476.236,476.897,475.746,476.656,145676193.24,293
2024-01-14 02:00:00+00:00,476.236,476.897,475.746,476.656,145676193.24,294
2024-01-14 03:00:00+00:00,476.236,476.897,475.746,476.656,145676193.24,295
2024-01-14 04:00:00+00:00,476.236,476.897,475.746,476.656,145676193.24,296
2024-01-14 05:00:00+00:00,476.236,476.897,475.746,476.656,145676193.24,297
2024-01-14 06:00:00+00:00,476.236,476.897,475.746,476.656,145676193.24,298
2024-01-14 07:00:00+00:00,476.236,476.897,475.746,476.656,145676193.24,299
2024-01-14 08:00:00+00:00,476.236,476.897,475.746,476.656,145676193.24,300
2024-01-14 09:00:00+00:00,476.236,476.897,475.746,476.656,145676193.24,301
2024-01-14 10:00:00+00:00,476.236,476.897,475.746,476.656,145676193.24,302
2024-01-14 11:00:00+00:00,476.236,476.897,475.746,476.656,145676193.24,303
2024-01-14 12:00:00+00:00,476.236,476.897,475.746,476.656,145676193.24,304
2024-01-14 13:00:00+00:00,476.236,476.897,475.746,476.656,145676193.24,305
2024-01-14 14:00:00+00:00,476.236,476.897,475.746,476.656,145676193.24,306
2024-01-14 15:00:00+00:00,476.236,476.897,475.746,476.656,145676193.24,307
2024-01-14 16:00:00+00:00,476.236,476.897,475.746,476.656,145676193.24,308
2024-01-14 17:00:00+00:00,476.236,476.897,475.746,476.656,145676193.24,309
2024-01-14 18:00:00+00:00,476.236,476.897,475.746,476.656,145676193.24,310
2024-01-14 19:00:00+00:00,476.236,476.897,475.746,476.656,145676193.24,311
2024-01-14 20:00:00+00:00,476.236,476.897,475.746,476.656,145676193.24,312
2024-01-14 21:00:00+00:00,476.236,476.897,475.746,476.656,145676193.24,313
2024-01-14 22:00:00+00:00,476.236,476.897,475.746,476.656,145676193.24,314
2024-01-14 23:00:00+00:00,476.236,476.897,475.746,476.656,145676193.24,315
2024-01-15 00:00:00+00:00,476.236,476.897,475.746,476.656,145676193.24,316
2024-01-15 01:00:00+00:00,476.236,476.897,475.746,476.656,145676193.24,317
2024-01-15 02:00:00+00:00,476.236,476.897,475.746,476.656,145676193.24,318
2024-01-15 03:00:00+00:00,476.236,476.897,475.746,476.656,145676193.24,319
2024-01-15 04:00:00+00:00,476.236,476.897,475.746,476.656,145676193.24,320
2024-01-15 05:00:00+00:00,476.236,476.897,475.746,476.656,145676193.24,321
2024-01-15 06:00:00+00:00,476.236,476.897,475.746,476.656,145676193.24,322
2024-01-15 07:00:00+00:00,476.236,476.897,475.746,476.656,145676193.24,323
2024-01-15 08:00:00+00:00,476.236,476.897,475.746,476.656,145676193.24,324
2024-01-15 09:00:00+00:00,476.236,476.897,475.746,476.656,145676193.24,325
2024-01-15 10:00:00+00:00,476.236,476.897,475.746,476.656,145676193.24,326
2024-01-15 11:00:00+00:00,476.236,476.897,475.746,476.656,145676193.24,327
2024-01-15 12:00:00+00:00,476.236,476.897,475.746,476.656,145676193.24,328
2024-01-15 13:00:00+00:00,476.236,476.897,475.746,476.656,145676193.24,329
2024-01-15 14:00:00+00:00,476.236,476.897,475.746,476.656,145676193.24,330
2024-01-15 15:00:00+00:00,476.236,476.897,475.746,476.656,145676193.24,331
2024-01-15 16:00:00+00:00,476.236,476.897,475.746,476.656,145676193.24,332
2024-01-15 17:00:00+00:00,476.236,476.897,475.746,476.656,145676193.24,333
2024-01-15 18:00:00+00:00,476.236,476.897,475.746,476.656,145676193.24,334
2024-01-15 19:00:00+00:00,476.236,476.897,475.746,476.656,145676193.24,335
2024-01-15 20:00:00+00:00,476.236,476.897,475.746,476.656,145676193.24,336
2024-01-15 21:00:00+00:00,476.236,476.897,475.746,476.656,145676193.24,337
2024-01-15 22:00:00+00:00,476.236,476.897,475.746,476.656,145676193.24,338
2024-01-15 23:00:00+00:00,476.236,476.897,475.746,476.656,145676193.24,339
2024-01-16 00:00:00+00:00,476.236,476.897,475.746,476.656,145676193.24,340
2024-01-16 01:00:00+00:00,476.236,476.897,475.746,476.656,145676193.24,341
2024-01-16 02:00:00+00:00,476.236,476.897,475.746,476.656,145676193.24,342
2024-01-16 03:00:00+00:00,476.236,476.897,475.746,476.656,145676193.24,343
2024-01-16 04:00:00+00:00,476.236,476.897,475.746,476.656,145676193.24,344
2024-01-16 05:00:00+00:00,476.236,476.897,475.746,476.656,145676193.24,345
2024-01-16 06:00:00+00:00,476.236,476.897,475.746,476.656,145676193.24,346
2024-01-16 07:00:00+00:00,476.236,476.897,475.746,476.656,145676193.24,347
2024-01-16 08:00:00+00:00,476.236,476.897,475.746,476.656,145676193.24,348
2024-01-16 09:00:00+00:00,476.236,476.897,475.746,476.656,145676193.24,349
2024-01-16 10:00:00+00:00,476.236,476.897,475.746,476.656,145676193.24,350
2024-01-16 11:00:00+00:00,476.236,476.897,475.746,476.656,145676193.24,351
2024-01-16 12:00:00+00:00,476.236,476.897,475.746,476.656,145676193.24,352
2024-01-16 13:00:00+00:00,476.236,476.897,475.746,476.656,145676193.24,353
2024-01-16 14:00:00+00:00,475.267,475.587,473.466,474.496,140097900.39,354
2024-01-16 15:00:00+00:00,474.487,476.566,474.136,476.176,195897995.0,355
2024-01-16 16:00:00+00:00,476.176,476.596,474.636,475.226,290145904.54,356
2024-01-16 17:00:00+00:00,475.216,475.387,473.906,473.936,209279403.69,357
2024-01-16 18:00:00+00:00,473.947,475.196,473.766,474.056,173847595.21,358
2024-01-16 19:00:00+00:00,474.087,474.357,473.056,474.287,140588104.25,359
2024-01-16 20:00:00+00:00,474.287,475.046,473.777,474.927,118116203.31,360
2024-01-16 21:00:00+00:00,474.287,475.046,473.777,474.927,118116203.31,361
2024-01-16 22:00:00+00:00,474.287,475.046,473.777,474.927,118116203.31,362
2024-01-16 23:00:00+00:00,474.287,475.046,473.777,474.927,118116203.31,363
2024-01-17 00:00:00+00:00,474.287,475.046,473.777,474.927,118116203.31,364
2024-01-17 01:00:00+00:00,474.287,475.046,473.777,474.927,118116203.31,365
2024-01-17 02:00:00+00:00,474.287,475.046,473.777,474.927,118116203.31,366
2024-01-17 03:00:00+00:00,474.287,475.046,473.777,474.927,118116203.31,367
2024-01-17 04:00:00+00:00,474.287,475.046,473.777,474.927,118116203.31,368
2024-01-17 05:00:00+00:00,474.287,475.046,473.777,474.927,118116203.31,369
2024-01-17 06:00:00+00:00,474.287,475.046,473.777,474.927,118116203.31,370
2024-01-17 07:00:00+00:00,474.287,475.046,473.777,474.927,118116203.31,371
2024-01-17 08:00:00+00:00,474.287,475.046,473.777,474.927,118116203.31,372
2024-01-17 09:00:00+00:00,474.287,475.046,473.777,474.927,118116203.31,373
2024-01-17 10:00:00+00:00,474.287,475.046,473.777,474.927,118116203.31,374
2024-01-17 11:00:00+00:00,474.287,475.046,473.777,474.927,118116203.31,375
2024-01-17 12:00:00+00:00,474.287,475.046,473.777,474.927,118116203.31,376
2024-01-17 13:00:00+00:00,474.287,475.046,473.777,474.927,118116203.31,377
2024-01-17 14:00:00+00:00,471.797,471.927,471.066,471.316,117424896.24,378
2024-01-17 15:00:00+00:00,471.306,472.347,471.046,472.006,252131805.42,379
2024-01-17 16:00:00+00:00,472.006,472.777,471.996,472.166,148740005.49,380
2024-01-17 17:00:00+00:00,472.167,472.287,471.107,471.667,140828094.48,381
2024-01-17 18:00:00+00:00,471.657,472.027,469.856,470.657,153516799.93,382
2024-01-17 19:00:00+00:00,470.647,471.756,470.517,471.457,113348602.29,383
2024-01-17 20:00:00+00:00,471.467,472.597,470.666,472.296,124679100.04,384
2024-01-17 21:00:00+00:00,471.467,472.597,470.666,472.296,124679100.04,385
2024-01-17 22:00:00+00:00,471.467,472.597,470.666,472.296,124679100.04,386
2024-01-17 23:00:00+00:00,471.467,472.597,470.666,472.296,124679100.04,387
2024-01-18 00:00:00+00:00,471.467,472.597,470.666,472.296,124679100.04,388
2024-01-18 01:00:00+00:00,471.467,472.597,470.666,472.296,124679100.04,389
2024-01-18 02:00:00+00:00,471.467,472.597,470.666,472.296,124679100.04,390
2024-01-18 03:00:00+00:00,471.467,472.597,470.666,472.296,124679100.04,391
2024-01-18 04:00:00+00:00,471.467,472.597,470.666,472.296,124679100.04,392
2024-01-18 05:00:00+00:00,471.467,472.597,470.666,472.296,124679100.04,393
2024-01-18 06:00:00+00:00,471.467,472.597,470.666,472.296,124679100.04,394
2024-01-18 07:00:00+00:00,471.467,472.597,470.666,472.296,124679100.04,395
2024-01-18 08:00:00+00:00,471.467,472.597,470.666,472.296,124679100.04,396
2024-01-18 09:00:00+00:00,471.467,472.597,470.666,472.296,124679100.04,397
2024-01-18 10:00:00+00:00,471.467,472.597,470.666,472.296,124679100.04,398
2024-01-18 11:00:00+00:00,471.467,472.597,470.666,472.296,124679100.04,399
2024-01-18 12:00:00+00:00,471.467,472.597,470.666,472.296,124679100.04,400
2024-01-18 13:00:00+00:00,471.467,472.597,470.666,472.296,124679100.04,401
2024-01-18 14:00:00+00:00,473.776,474.457,473.386,473.867,140780593.87,402
2024-01-18 15:00:00+00:00,473.876,474.877,473.387,474.266,229838699.34,403
2024-01-18 16:00:00+00:00,474.267,475.007,473.656,474.456,169373001.1,404
2024-01-18 17:00:00+00:00,474.487,474.547,472.996,473.176,181554000.85,405
2024-01-18 18:00:00+00:00,473.197,474.117,472.416,473.967,183148406.98,406
2024-01-18 19:00:00+00:00,473.976,475.936,473.967,475.737,155651504.52,407
2024-01-18 20:00:00+00:00,475.746,477.037,475.576,476.466,148376495.36,408
2024-01-18 21:00:00+00:00,475.746,477.037,475.576,476.466,148376495.36,409
2024-01-18 22:00:00+00:00,475.746,477.037,475.576,476.466,148376495.36,410
2024-01-18 23:00:00+00:00,475.746,477.037,475.576,476.466,148376495.36,411
2024-01-19 00:00:00+00:00,475.746,477.037,475.576,476.466,148376495.36,412
2024-01-19 01:00:00+00:00,475.746,477.037,475.576,476.466,148376495.36,413
2024-01-19 02:00:00+00:00,475.746,477.037,475.576,476.466,148376495.36,414
2024-01-19 03:00:00+00:00,475.746,477.037,475.576,476.466,148376495.36,415
2024-01-19 04:00:00+00:00,475.746,477.037,475.576,476.466,148376495.36,416
2024-01-19 05:00:00+00:00,475.746,477.037,475.576,476.466,148376495.36,417
2024-01-19 06:00:00+00:00,475.746,477.037,475.576,476.466,148376495.36,418
2024-01-19 07:00:00+00:00,475.746,477.037,475.576,476.466,148376495.36,419
2024-01-19 08:00:00+00:00,475.746,477.037,475.576,476.466,148376495.36,420
2024-01-19 09:00:00+00:00,475.746,477.037,475.576,476.466,148376495.36,421
2024-01-19 10:00:00+00:00,475.746,477.037,475.576,476.466,148376495.36,422
2024-01-19 11:00:00+00:00,475.746,477.037,475.576,476.466,148376495.36,423
2024-01-19 12:00:00+00:00,475.746,477.037,475.576,476.466,148376495.36,424
2024-01-19 13:00:00+00:00,475.746,477.037,475.576,476.466,148376495.36,425
2024-01-19 14:00:00+00:00,477.635,477.947,476.957,477.877,120961799.62,426
2024-01-19 15:00:00+00:00,477.866,478.527,476.977,478.277,259483520.51,427
2024-01-19 16:00:00+00:00,478.286,479.197,477.996,478.867,165673492.43,428
2024-01-19 17:00:00+00:00,478.876,480.187,478.276,480.186,150891006.47,429
2024-01-19 18:00:00+00:00,480.186,481.687,479.726,481.657,125837097.17,430
2024-01-19 19:00:00+00:00,481.656,482.657,481.316,482.197,154093795.78,431
2024-01-19 20:00:00+00:00,482.197,482.527,481.776,482.416,156533203.13,432
2024-01-19 21:00:00+00:00,482.197,482.527,481.776,482.416,156533203.13,433
2024-01-19 22:00:00+00:00,482.197,482.527,481.776,482.416,156533203.13,434
2024-01-19 23:00:00+00:00,482.197,482.527,481.776,482.416,156533203.13,435
2024-01-20 00:00:00+00:00,482.197,482.527,481.776,482.416,156533203.13,436
2024-01-20 01:00:00+00:00,482.197,482.527,481.776,482.416,156533203.13,437
2024-01-20 02:00:00+00:00,482.197,482.527,481.776,482.416,156533203.13,438
2024-01-20 03:00:00+00:00,482.197,482.527,481.776,482.416,156533203.13,439
2024-01-20 04:00:00+00:00,482.197,482.527,481.776,482.416,156533203.13,440
2024-01-20 05:00:00+00:00,482.197,482.527,481.776,482.416,156533203.13,441
2024-01-20 06:00:00+00:00,482.197,482.527,481.776,482.416,156533203.13,442
2024-01-20 07:00:00+00:00,482.197,482.527,481.776,482.416,156533203.13,443
2024-01-20 08:00:00+00:00,482.197,482.527,481.776,482.416,156533203.13,444
2024-01-20 09:00:00+00:00,482.197,482.527,481.776,482.416,156533203.13,445
2024-01-20 10:00:00+00:00,482.197,482.527,481.776,482.416,156533203.13,446
2024-01-20 11:00:00+00:00,482.197,482.527,481.776,482.416,156533203.13,447
2024-01-20 12:00:00+00:00,482.197,482.527,481.776,482.416,156533203.13,448
2024-01-20 13:00:00+00:00,482.197,482.527,481.776,482.416,156533203.13,449
2024-01-20 14:00:00+00:00,482.197,482.527,481.776,482.416,156533203.13,450
2024-01-20 15:00:00+00:00,482.197,482.527,481.776,482.416,156533203.13,451
2024-01-20 16:00:00+00:00,482.197,482.527,481.776,482.416,156533203.13,452
2024-01-20 17:00:00+00:00,482.197,482.527,481.776,482.416,156533203.13,453
2024-01-20 18:00:00+00:00,482.197,482.527,481.776,482.416,156533203.13,454
2024-01-20 19:00:00+00:00,482.197,482.527,481.776,482.416,156533203.13,455
2024-01-20 20:00:00+00:00,482.197,482.527,481.776,482.416,156533203.13,456
2024-01-20 21:00:00+00:00,482.197,482.527,481.776,482.416,156533203.13,457
2024-01-20 22:00:00+00:00,482.197,482.527,481.776,482.416,156533203.13,458
2024-01-20 23:00:00+00:00,482.197,482.527,481.776,482.416,156533203.13,459
2024-01-21 00:00:00+00:00,482.197,482.527,481.776,482.416,156533203.13,460
2024-01-21 01:00:00+00:00,482.197,482.527,481.776,482.416,156533203.13,461
2024-01-21 02:00:00+00:00,482.197,482.527,481.776,482.416,156533203.13,462
2024-01-21 03:00:00+00:00,482.197,482.527,481.776,482.416,156533203.13,463
2024-01-21 04:00:00+00:00,482.197,482.527,481.776,482.416,156533203.13,464
2024-01-21 05:00:00+00:00,482.197,482.527,481.776,482.416,156533203.13,465
2024-01-21 06:00:00+00:00,482.197,482.527,481.776,482.416,156533203.13,466
2024-01-21 07:00:00+00:00,482.197,482.527,481.776,482.416,156533203.13,467
2024-01-21 08:00:00+00:00,482.197,482.527,481.776,482.416,156533203.13,468
2024-01-21 09:00:00+00:00,482.197,482.527,481.776,482.416,156533203.13,469
2024-01-21 10:00:00+00:00,482.197,482.527,481.776,482.416,156533203.13,470
2024-01-21 11:00:00+00:00,482.197,482.527,481.776,482.416,156533203.13,471
2024-01-21 12:00:00+00:00,482.197,482.527,481.776,482.416,156533203.13,472
2024-01-21 13:00:00+00:00,482.197,482.527,481.776,482.416,156533203.13,473
2024-01-21 14:00:00+00:00,482.197,482.527,481.776,482.416,156533203.13,474
2024-01-21 15:00:00+00:00,482.197,482.527,481.776,482.416,156533203.13,475
2024-01-21 16:00:00+00:00,482.197,482.527,481.776,482.416,156533203.13,476
2024-01-21 17:00:00+00:00,482.197,482.527,481.776,482.416,156533203.13,477
2024-01-21 18:00:00+00:00,482.197,482.527,481.776,482.416,156533203.13,478
2024-01-21 19:00:00+00:00,482.197,482.527,481.776,482.416,156533203.13,479
2024-01-21 20:00:00+00:00,482.197,482.527,481.776,482.416,156533203.13,480
2024-01-21 21:00:00+00:00,482.197,482.527,481.776,482.416,156533203.13,481
2024-01-21 22:00:00+00:00,482.197,482.527,481.776,482.416,156533203.13,482
2024-01-21 23:00:00+00:00,482.197,482.527,481.776,482.416,156533203.13,483
2024-01-22 00:00:00+00:00,482.197,482.527,481.776,482.416,156533203.13,484
2024-01-22 01:00:00+00:00,482.197,482.527,481.776,482.416,156533203.13,485
2024-01-22 02:00:00+00:00,482.197,482.527,481.776,482.416,156533203.13,486
2024-01-22 03:00:00+00:00,482.197,482.527,481.776,482.416,156533203.13,487
2024-01-22 04:00:00+00:00,482.197,482.527,481.776,482.416,156533203.13,488
2024-01-22 05:00:00+00:00,482.197,482.527,481.776,482.416,156533203.13,489
2024-01-22 06:00:00+00:00,482.197,482.527,481.776,482.416,156533203.13,490
2024-01-22 07:00:00+00:00,482.197,482.527,481.776,482.416,156533203.13,491
2024-01-22 08:00:00+00:00,482.197,482.527,481.776,482.416,156533203.13,492
2024-01-22 09:00:00+00:00,482.197,482.527,481.776,482.416,156533203.13,493
2024-01-22 10:00:00+00:00,482.197,482.527,481.776,482.416,156533203.13,494
2024-01-22 11:00:00+00:00,482.197,482.527,481.776,482.416,156533203.13,495
2024-01-22 12:00:00+00:00,482.197,482.527,481.776,482.416,156533203.13,496
2024-01-22 13:00:00+00:00,482.197,482.527,481.776,482.416,156533203.13,497
2024-01-22 14:00:00+00:00,483.997,485.187,483.916,484.996,109819396.97,498
2024-01-22 15:00:00+00:00,485.006,485.207,483.346,483.547,235530593.87,499
2024-01-22 16:00:00+00:00,483.557,484.197,483.006,484.047,172207504.27,500
2024-01-22 17:00:00+00:00,484.056,484.147,483.247,483.747,145943695.07,501
2024-01-22 18:00:00+00:00,483.737,483.967,482.776,483.827,140308593.75,502
2024-01-22 19:00:00+00:00,483.847,484.006,483.017,483.626,142818695.07,503
2024-01-22 20:00:00+00:00,483.657,484.187,483.316,483.476,139392395.02,504
2024-01-22 21:00:00+00:00,483.657,484.187,483.316,483.476,139392395.02,505
2024-01-22 22:00:00+00:00,483.657,484.187,483.316,483.476,139392395.02,506
2024-01-22 23:00:00+00:00,483.657,484.187,483.316,483.476,139392395.02,507
2024-01-23 00:00:00+00:00,483.657,484.187,483.316,483.476,139392395.02,508
2024-01-23 01:00:00+00:00,483.657,484.187,483.316,483.476,139392395.02,509
2024-01-23 02:00:00+00:00,483.657,484.187,483.316,483.476,139392395.02,510
2024-01-23 03:00:00+00:00,483.657,484.187,483.316,483.476,139392395.02,511
2024-01-23 04:00:00+00:00,483.657,484.187,483.316,483.476,139392395.02,512
2024-01-23 05:00:00+00:00,483.657,484.187,483.316,483.476,139392395.02,513
2024-01-23 06:00:00+00:00,483.657,484.187,483.316,483.476,139392395.02,514
2024-01-23 07:00:00+00:00,483.657,484.187,483.316,483.476,139392395.02,515
2024-01-23 08:00:00+00:00,483.657,484.187,483.316,483.476,139392395.02,516
2024-01-23 09:00:00+00:00,483.657,484.187,483.316,483.476,139392395.02,517
2024-01-23 10:00:00+00:00,483.657,484.187,483.316,483.476,139392395.02,518
2024-01-23 11:00:00+00:00,483.657,484.187,483.316,483.476,139392395.02,519
2024-01-23 12:00:00+00:00,483.657,484.187,483.316,483.476,139392395.02,520
2024-01-23 13:00:00+00:00,483.657,484.187,483.316,483.476,139392395.02,521
2024-01-23 14:00:00+00:00,484.007,484.366,483.527,483.946,129692993.16,522
2024-01-23 15:00:00+00:00,483.976,484.217,483.056,483.256,193821594.24,523
2024-01-23 16:00:00+00:00,483.257,483.677,482.886,483.486,144205596.92,524
2024-01-23 17:00:00+00:00,483.496,483.967,483.066,483.887,101452796.94,525
2024-01-23 18:00:00+00:00,483.907,484.017,483.556,483.956,85329399.11,526
2024-01-23 19:00:00+00:00,483.967,484.467,483.616,484.317,80818496.7,527
2024-01-23 20:00:00+00:00,484.326,485.087,484.186,484.876,118286003.11,528
2024-01-23 21:00:00+00:00,484.326,485.087,484.186,484.876,118286003.11,529
2024-01-23 22:00:00+00:00,484.326,485.087,484.186,484.876,118286003.11,530
2024-01-23 23:00:00+00:00,484.326,485.087,484.186,484.876,118286003.11,531
2024-01-24 00:00:00+00:00,484.326,485.087,484.186,484.876,118286003.11,532
2024-01-24 01:00:00+00:00,484.326,485.087,484.186,484.876,118286003.11,533
2024-01-24 02:00:00+00:00,484.326,485.087,484.186,484.876,118286003.11,534
2024-01-24 03:00:00+00:00,484.326,485.087,484.186,484.876,118286003.11,535
2024-01-24 04:00:00+00:00,484.326,485.087,484.186,484.876,118286003.11,536
2024-01-24 05:00:00+00:00,484.326,485.087,484.186,484.876,118286003.11,537
2024-01-24 06:00:00+00:00,484.326,485.087,484.186,484.876,118286003.11,538
2024-01-24 07:00:00+00:00,484.326,485.087,484.186,484.876,118286003.11,539
2024-01-24 08:00:00+00:00,484.326,485.087,484.186,484.876,118286003.11,540
2024-01-24 09:00:00+00:00,484.326,485.087,484.186,484.876,118286003.11,541
2024-01-24 10:00:00+00:00,484.326,485.087,484.186,484.876,118286003.11,542
2024-01-24 11:00:00+00:00,484.326,485.087,484.186,484.876,118286003.11,543
2024-01-24 12:00:00+00:00,484.326,485.087,484.186,484.876,118286003.11,544
2024-01-24 13:00:00+00:00,484.326,485.087,484.186,484.876,118286003.11,545
2024-01-24 14:00:00+00:00,487.807,487.816,486.897,487.067,131376998.9,546
2024-01-24 15:00:00+00:00,487.076,488.596,486.396,487.946,203871200.56,547
2024-01-24 16:00:00+00:00,487.957,488.387,487.486,488.296,182717193.6,548
2024-01-24 17:00:00+00:00,488.307,488.757,487.797,488.707,122124298.1,549
2024-01-24 18:00:00+00:00,488.707,488.727,486.917,487.307,187563201.9,550
2024-01-24 19:00:00+00:00,487.317,487.367,485.967,486.546,181830093.38,551
2024-01-24 20:00:00+00:00,486.536,486.876,484.996,485.356,184360000.61,552
2024-01-24 21:00:00+00:00,486.536,486.876,484.996,485.356,184360000.61,553
2024-01-24 22:00:00+00:00,486.536,486.876,484.996,485.356,184360000.61,554
2024-01-24 23:00:00+00:00,486.536,486.876,484.996,485.356,184360000.61,555
2024-01-25 00:00:00+00:00,486.536,486.876,484.996,485.356,184360000.61,556
2024-01-25 01:00:00+00:00,486.536,486.876,484.996,485.356,184360000.61,557
2024-01-25 02:00:00+00:00,486.536,486.876,484.996,485.356,184360000.61,558
2024-01-25 03:00:00+00:00,486.536,486.876,484.996,485.356,184360000.61,559
2024-01-25 04:00:00+00:00,486.536,486.876,484.996,485.356,184360000.61,560
2024-01-25 05:00:00+00:00,486.536,486.876,484.996,485.356,184360000.61,561
2024-01-25 06:00:00+00:00,486.536,486.876,484.996,485.356,184360000.61,562
2024-01-25 07:00:00+00:00,486.536,486.876,484.996,485.356,184360000.61,563
2024-01-25 08:00:00+00:00,486.536,486.876,484.996,485.356,184360000.61,564
2024-01-25 09:00:00+00:00,486.536,486.876,484.996,485.356,184360000.61,565
2024-01-25 10:00:00+00:00,486.536,486.876,484.996,485.356,184360000.61,566
2024-01-25 11:00:00+00:00,486.536,486.876,484.996,485.356,184360000.61,567
2024-01-25 12:00:00+00:00,486.536,486.876,484.996,485.356,184360000.61,568
2024-01-25 13:00:00+00:00,486.536,486.876,484.996,485.356,184360000.61,569
2024-01-25 14:00:00+00:00,487.556,487.687,486.756,487.317,141814102.17,570
2024-01-25 15:00:00+00:00,487.367,488.287,486.856,487.166,217955505.37,571
2024-01-25 16:00:00+00:00,487.157,488.096,486.816,487.606,167867599.49,572
2024-01-25 17:00:00+00:00,487.596,487.737,486.156,486.577,169457595.83,573
2024-01-25 18:00:00+00:00,486.577,487.296,485.786,485.957,179786300.66,574
2024-01-25 19:00:00+00:00,485.946,486.657,485.386,486.657,155709503.17,575
2024-01-25 20:00:00+00:00,486.626,488.026,486.286,487.996,134744293.21,576
2024-01-25 21:00:00+00:00,486.626,488.026,486.286,487.996,134744293.21,577
2024-01-25 22:00:00+00:00,486.626,488.026,486.286,487.996,134744293.21,578
2024-01-25 23:00:00+00:00,486.626,488.026,486.286,487.996,134744293.21,579
2024-01-26 00:00:00+00:00,486.626,488.026,486.286,487.996,134744293.21,580
2024-01-26 01:00:00+00:00,486.626,488.026,486.286,487.996,134744293.21,581
2024-01-26 02:00:00+00:00,486.626,488.026,486.286,487.996,134744293.21,582
2024-01-26 03:00:00+00:00,486.626,488.026,486.286,487.996,134744293.21,583
2024-01-26 04:00:00+00:00,486.626,488.026,486.286,487.996,134744293.21,584
2024-01-26 05:00:00+00:00,486.626,488.026,486.286,487.996,134744293.21,585
2024-01-26 06:00:00+00:00,486.626,488.026,486.286,487.996,134744293.21,586
2024-01-26 07:00:00+00:00,486.626,488.026,486.286,487.996,134744293.21,587
2024-01-26 08:00:00+00:00,486.626,488.026,486.286,487.996,134744293.21,588
2024-01-26 09:00:00+00:00,486.626,488.026,486.286,487.996,134744293.21,589
2024-01-26 10:00:00+00:00,486.626,488.026,486.286,487.996,134744293.21,590
2024-01-26 11:00:00+00:00,486.626,488.026,486.286,487.996,134744293.21,591
2024-01-26 12:00:00+00:00,486.626,488.026,486.286,487.996,134744293.21,592
2024-01-26 13:00:00+00:00,486.626,488.026,486.286,487.996,134744293.21,593
2024-01-26 14:00:00+00:00,487.577,488.257,487.226,487.697,138591506.96,594
2024-01-26 15:00:00+00:00,487.647,489.027,487.026,489.016,178607299.8,595
2024-01-26 16:00:00+00:00,488.996,489.107,488.096,488.726,121853897.09,596
2024-01-26 17:00:00+00:00,488.727,488.867,486.697,487.007,139919906.62,597
2024-01-26 18:00:00+00:00,487.007,487.517,486.536,486.967,125983299.26,598
2024-01-26 19:00:00+00:00,486.966,488.137,486.926,487.966,118373100.28,599
2024-01-26 20:00:00+00:00,487.977,488.046,487.026,487.466,107728599.55,600
2024-01-26 21:00:00+00:00,487.977,488.046,487.026,487.466,107728599.55,601
2024-01-26 22:00:00+00:00,487.977,488.046,487.026,487.466,107728599.55,602
2024-01-26 23:00:00+00:00,487.977,488.046,487.026,487.466,107728599.55,603
2024-01-27 00:00:00+00:00,487.977,488.046,487.026,487.466,107728599.55,604
2024-01-27 01:00:00+00:00,487.977,488.046,487.026,487.466,107728599.55,605
2024-01-27 02:00:00+00:00,487.977,488.046,487.026,487.466,107728599.55,606
2024-01-27 03:00:00+00:00,487.977,488.046,487.026,487.466,107728599.55,607
2024-01-27 04:00:00+00:00,487.977,488.046,487.026,487.466,107728599.55,608
2024-01-27 05:00:00+00:00,487.977,488.046,487.026,487.466,107728599.55,609
2024-01-27 06:00:00+00:00,487.977,488.046,487.026,487.466,107728599.55,610
2024-01-27 07:00:00+00:00,487.977,488.046,487.026,487.466,107728599.55,611
2024-01-27 08:00:00+00:00,487.977,488.046,487.026,487.466,107728599.55,612
2024-01-27 09:00:00+00:00,487.977,488.046,487.026,487.466,107728599.55,613
2024-01-27 10:00:00+00:00,487.977,488.046,487.026,487.466,107728599.55,614
2024-01-27 11:00:00+00:00,487.977,488.046,487.026,487.466,107728599.55,615
2024-01-27 12:00:00+00:00,487.977,488.046,487.026,487.466,107728599.55,616
2024-01-27 13:00:00+00:00,487.977,488.046,487.026,487.466,107728599.55,617
2024-01-27 14:00:00+00:00,487.977,488.046,487.026,487.466,107728599.55,618
2024-01-27 15:00:00+00:00,487.977,488.046,487.026,487.466,107728599.55,619
2024-01-27 16:00:00+00:00,487.977,488.046,487.026,487.466,107728599.55,620
2024-01-27 17:00:00+00:00,487.977,488.046,487.026,487.466,107728599.55,621
2024-01-27 18:00:00+00:00,487.977,488.046,487.026,487.466,107728599.55,622
2024-01-27 19:00:00+00:00,487.977,488.046,487.026,487.466,107728599.55,623
2024-01-27 20:00:00+00:00,487.977,488.046,487.026,487.466,107728599.55,624
2024-01-27 21:00:00+00:00,487.977,488.046,487.026,487.466,107728599.55,625
2024-01-27 22:00:00+00:00,487.977,488.046,487.026,487.466,107728599.55,626
2024-01-27 23:00:00+00:00,487.977,488.046,487.026,487.466,107728599.55,627
2024-01-28 00:00:00+00:00,487.977,488.046,487.026,487.466,107728599.55,628
2024-01-28 01:00:00+00:00,487.977,488.046,487.026,487.466,107728599.55,629
2024-01-28 02:00:00+00:00,487.977,488.046,487.026,487.466,107728599.55,630
2024-01-28 03:00:00+00:00,487.977,488.046,487.026,487.466,107728599.55,631
2024-01-28 04:00:00+00:00,487.977,488.046,487.026,487.466,107728599.55,632
2024-01-28 05:00:00+00:00,487.977,488.046,487.026,487.466,107728599.55,633
2024-01-28 06:00:00+00:00,487.977,488.046,487.026,487.466,107728599.55,634
2024-01-28 07:00:00+00:00,487.977,488.046,487.026,487.466,107728599.55,635
2024-01-28 08:00:00+00:00,487.977,488.046,487.026,487.466,107728599.55,636
2024-01-28 09:00:00+00:00,487.977,488.046,487.026,487.466,107728599.55,637
2024-01-28 10:00:00+00:00,487.977,488.046,487.026,487.466,107728599.55,638
2024-01-28 11:00:00+00:00,487.977,488.046,487.026,487.466,107728599.55,639
2024-01-28 12:00:00+00:00,487.977,488.046,487.026,487.466,107728599.55,640
2024-01-28 13:00:00+00:00,487.977,488.046,487.026,487.466,107728599.55,641
2024-01-28 14:00:00+00:00,487.977,488.046,487.026,487.466,107728599.55,642
2024-01-28 15:00:00+00:00,487.977,488.046,487.026,487.466,107728599.55,643
2024-01-28 16:00:00+00:00,487.977,488.046,487.026,487.466,107728599.55,644
2024-01-28 17:00:00+00:00,487.977,488.046,487.026,487.466,107728599.55,645
2024-01-28 18:00:00+00:00,487.977,488.046,487.026,487.466,107728599.55,646
2024-01-28 19:00:00+00:00,487.977,488.046,487.026,487.466,107728599.55,647
2024-01-28 20:00:00+00:00,487.977,488.046,487.026,487.466,107728599.55,648
2024-01-28 21:00:00+00:00,487.977,488.046,487.026,487.466,107728599.55,649
2024-01-28 22:00:00+00:00,487.977,488.046,487.026,487.466,107728599.55,650
2024-01-28 23:00:00+00:00,487.977,488.046,487.026,487.466,107728599.55,651
2024-01-29 00:00:00+00:00,487.977,488.046,487.026,487.466,107728599.55,652
2024-01-29 01:00:00+00:00,487.977,488.046,487.026,487.466,107728599.55,653
2024-01-29 02:00:00+00:00,487.977,488.046,487.026,487.466,107728599.55,654
2024-01-29 03:00:00+00:00,487.977,488.046,487.026,487.466,107728599.55,655
2024-01-29 04:00:00+00:00,487.977,488.046,487.026,487.466,107728599.55,656
2024-01-29 05:00:00+00:00,487.977,488.046,487.026,487.466,107728599.55,657
2024-01-29 06:00:00+00:00,487.977,488.046,487.026,487.466,107728599.55,658
2024-01-29 07:00:00+00:00,487.977,488.046,487.026,487.466,107728599.55,659
2024-01-29 08:00:00+00:00,487.977,488.046,487.026,487.466,107728599.55,660
2024-01-29 09:00:00+00:00,487.977,488.046,487.026,487.466,107728599.55,661
2024-01-29 10:00:00+00:00,487.977,488.046,487.026,487.466,107728599.55,662
2024-01-29 11:00:00+00:00,487.977,488.046,487.026,487.466,107728599.55,663
2024-01-29 12:00:00+00:00,487.977,488.046,487.026,487.466,107728599.55,664
2024-01-29 13:00:00+00:00,487.977,488.046,487.026,487.466,107728599.55,665
2024-01-29 14:00:00+00:00,487.706,488.137,487.447,488.007,92517700.2,666
2024-01-29 15:00:00+00:00,488.016,488.257,487.176,487.306,145434204.1,667
2024-01-29 16:00:00+00:00,487.317,488.167,487.156,488.117,107635498.05,668
2024-01-29 17:00:00+00:00,488.127,488.566,487.877,488.166,78661598.21,669
2024-01-29 18:00:00+00:00,488.177,488.527,487.836,488.196,69503303.53,670
2024-01-29 19:00:00+00:00,488.206,489.086,488.086,488.877,62210899.35,671
2024-01-29 20:00:00+00:00,488.897,491.406,488.897,491.267,153453903.2,672
2024-01-29 21:00:00+00:00,488.897,491.406,488.897,491.267,153453903.2,673
2024-01-29 22:00:00+00:00,488.897,491.406,488.897,491.267,153453903.2,674
2024-01-29 23:00:00+00:00,488.897,491.406,488.897,491.267,153453903.2,675
2024-01-30 00:00:00+00:00,488.897,491.406,488.897,491.267,153453903.2,676
2024-01-30 01:00:00+00:00,488.897,491.406,488.897,491.267,153453903.2,677
2024-01-30 02:00:00+00:00,488.897,491.406,488.897,491.267,153453903.2,678
2024-01-30 03:00:00+00:00,488.897,491.406,488.897,491.267,153453903.2,679
2024-01-30 04:00:00+00:00,488.897,491.406,488.897,491.267,153453903.2,680
2024-01-30 05:00:00+00:00,488.897,491.406,488.897,491.267,153453903.2,681
2024-01-30 06:00:00+00:00,488.897,491.406,488.897,491.267,153453903.2,682
2024-01-30 07:00:00+00:00,488.897,491.406,488.897,491.267,153453903.2,683
2024-01-30 08:00:00+00:00,488.897,491.406,488.897,491.267,153453903.2,684
2024-01-30 09:00:00+00:00,488.897,491.406,488.897,491.267,153453903.2,685
2024-01-30 10:00:00+00:00,488.897,491.406,488.897,491.267,153453903.2,686
2024-01-30 11:00:00+00:00,488.897,491.406,488.897,491.267,153453903.2,687
2024-01-30 12:00:00+00:00,488.897,491.406,488.897,491.267,153453903.2,688
2024-01-30 13:00:00+00:00,488.897,491.406,488.897,491.267,153453903.2,689
2024-01-30 14:00:00+00:00,490.537,491.257,490.536,491.247,69571899.41,690
2024-01-30 15:00:00+00:00,491.266,491.306,490.326,490.627,185518402.1,691
2024-01-30 16:00:00+00:00,490.616,491.467,490.456,491.317,109388603.21,692
2024-01-30 17:00:00+00:00,491.326,491.446,490.097,490.376,109015296.94,693
2024-01-30 18:00:00+00:00,490.386,491.037,490.116,490.727,85490699.77,694
2024-01-30 19:00:00+00:00,490.737,491.477,490.446,491.367,93435096.74,695
2024-01-30 20:00:00+00:00,491.367,491.607,490.707,490.897,113658096.31,696
2024-01-30 21:00:00+00:00,491.367,491.607,490.707,490.897,113658096.31,697
2024-01-30 22:00:00+00:00,491.367,491.607,490.707,490.897,113658096.31,698
2024-01-30 23:00:00+00:00,491.367,491.607,490.707,490.897,113658096.31,699
2024-01-31 00:00:00+00:00,491.367,491.607,490.707,490.897,113658096.31,700
2024-01-31 01:00:00+00:00,491.367,491.607,490.707,490.897,113658096.31,701
2024-01-31 02:00:00+00:00,491.367,491.607,490.707,490.897,113658096.31,702
2024-01-31 03:00:00+00:00,491.367,491.607,490.707,490.897,113658096.31,703
2024-01-31 04:00:00+00:00,491.367,491.607,490.707,490.897,113658096.31,704
2024-01-31 05:00:00+00:00,491.367,491.607,490.707,490.897,113658096.31,705
2024-01-31 06:00:00+00:00,491.367,491.607,490.707,490.897,113658096.31,706
2024-01-31 07:00:00+00:00,491.367,491.607,490.707,490.897,113658096.31,707
2024-01-31 08:00:00+00:00,491.367,491.607,490.707,490.897,113658096.31,708
2024-01-31 09:00:00+00:00,491.367,491.607,490.707,490.897,113658096.31,709
2024-01-31 10:00:00+00:00,491.367,491.607,490.707,490.897,113658096.31,710
2024-01-31 11:00:00+00:00,491.367,491.607,490.707,490.897,113658096.31,711
2024-01-31 12:00:00+00:00,491.367,491.607,490.707,490.897,113658096.31,712
2024-01-31 13:00:00+00:00,491.367,491.607,490.707,490.897,113658096.31,713
2024-01-31 14:00:00+00:00,488.596,489.076,487.516,487.746,135044403.08,714
2024-01-31 15:00:00+00:00,487.747,487.817,486.386,486.726,206328399.66,715
2024-01-31 16:00:00+00:00,486.736,487.477,486.336,486.827,153494903.56,716
2024-01-31 17:00:00+00:00,486.837,487.396,486.556,487.336,110495300.29,717
2024-01-31 18:00:00+00:00,487.327,487.697,487.016,487.386,97003799.44,718
2024-01-31 19:00:00+00:00,487.387,488.977,485.636,486.476,356912292.48,719
2024-01-31 20:00:00+00:00,486.506,486.597,482.886,482.886,308657287.6,720
2024-01-31 21:00:00+00:00,486.506,486.597,482.886,482.886,308657287.6,721
2024-01-31 22:00:00+00:00,486.506,486.597,482.886,482.886,308657287.6,722
2024-01-31 23:00:00+00:00,486.506,486.597,482.886,482.886,308657287.6,723
2024-02-01 00:00:00+00:00,486.506,486.597,482.886,482.886,308657287.6,724
2024-02-01 01:00:00+00:00,486.506,486.597,482.886,482.886,308657287.6,725
2024-02-01 02:00:00+00:00,486.506,486.597,482.886,482.886,308657287.6,726
2024-02-01 03:00:00+00:00,486.506,486.597,482.886,482.886,308657287.6,727
2024-02-01 04:00:00+00:00,486.506,486.597,482.886,482.886,308657287.6,728
2024-02-01 05:00:00+00:00,486.506,486.597,482.886,482.886,308657287.6,729
2024-02-01 06:00:00+00:00,486.506,486.597,482.886,482.886,308657287.6,730
2024-02-01 07:00:00+00:00,486.506,486.597,482.886,482.886,308657287.6,731
2024-02-01 08:00:00+00:00,486.506,486.597,482.886,482.886,308657287.6,732
2024-02-01 09:00:00+00:00,486.506,486.597,482.886,482.886,308657287.6,733
2024-02-01 10:00:00+00:00,486.506,486.597,482.886,482.886,308657287.6,734
2024-02-01 11:00:00+00:00,486.506,486.597,482.886,482.886,308657287.6,735
2024-02-01 12:00:00+00:00,486.506,486.597,482.886,482.886,308657287.6,736
2024-02-01 13:00:00+00:00,486.506,486.597,482.886,482.886,308657287.6,737
2024-02-01 14:00:00+00:00,484.576,485.676,484.556,485.017,125670700.07,738
2024-02-01 15:00:00+00:00,484.267,486.206,484.056,484.077,232855804.44,739
2024-02-01 16:00:00+00:00,484.067,485.787,483.796,485.666,199515396.12,740
2024-02-01 17:00:00+00:00,485.676,488.237,485.656,487.376,179113693.24,741
2024-02-01 18:00:00+00:00,487.377,487.587,486.206,487.227,203256698.61,742
2024-02-01 19:00:00+00:00,487.246,488.557,487.076,488.516,165972305.3,743
2024-02-01 20:00:00+00:00,488.517,489.206,488.096,489.197,133166900.63,744
2024-02-01 21:00:00+00:00,488.517,489.206,488.096,489.197,133166900.63,745
2024-02-01 22:00:00+00:00,488.517,489.206,488.096,489.197,133166900.63,746
2024-02-01 23:00:00+00:00,488.517,489.206,488.096,489.197,133166900.63,747
2024-02-02 00:00:00+00:00,488.517,489.206,488.096,489.197,133166900.63,748
2024-02-02 01:00:00+00:00,488.517,489.206,488.096,489.197,133166900.63,749
2024-02-02 02:00:00+00:00,488.517,489.206,488.096,489.197,133166900.63,750
2024-02-02 03:00:00+00:00,488.517,489.206,488.096,489.197,133166900.63,751
2024-02-02 04:00:00+00:00,488.517,489.206,488.096,489.197,133166900.63,752
2024-02-02 05:00:00+00:00,488.517,489.206,488.096,489.197,133166900.63,753
2024-02-02 06:00:00+00:00,488.517,489.206,488.096,489.197,133166900.63,754
2024-02-02 07:00:00+00:00,488.517,489.206,488.096,489.197,133166900.63,755
2024-02-02 08:00:00+00:00,488.517,489.206,488.096,489.197,133166900.63,756
2024-02-02 09:00:00+00:00,488.517,489.206,488.096,489.197,133166900.63,757
2024-02-02 10:00:00+00:00,488.517,489.206,488.096,489.197,133166900.63,758
2024-02-02 11:00:00+00:00,488.517,489.206,488.096,489.197,133166900.63,759
2024-02-02 12:00:00+00:00,488.517,489.206,488.096,489.197,133166900.63,760
2024-02-02 13:00:00+00:00,488.517,489.206,488.096,489.197,133166900.63,761
2024-02-02 14:00:00+00:00,489.636,490.936,489.287,490.457,149807693.48,762
2024-02-02 15:00:00+00:00,490.457,492.406,489.977,492.177,282567291.26,763
2024-02-02 16:00:00+00:00,492.166,494.037,491.636,493.557,194241500.85,764
2024-02-02 17:00:00+00:00,493.576,494.647,492.236,493.637,174518905.64,765
2024-02-02 18:00:00+00:00,493.636,494.537,493.307,494.287,240360504.15,766
2024-02-02 19:00:00+00:00,494.297,495.736,494.297,495.667,187007507.32,767
2024-02-02 20:00:00+00:00,495.677,496.046,494.256,494.256,186637100.22,768
2024-02-02 21:00:00+00:00,495.677,496.046,494.256,494.256,186637100.22,769
2024-02-02 22:00:00+00:00,495.677,496.046,494.256,494.256,186637100.22,770
2024-02-02 23:00:00+00:00,495.677,496.046,494.256,494.256,186637100.22,771
2024-02-03 00:00:00+00:00,495.677,496.046,494.256,494.256,186637100.22,772
2024-02-03 01:00:00+00:00,495.677,496.046,494.256,494.256,186637100.22,773
2024-02-03 02:00:00+00:00,495.677,496.046,494.256,494.256,186637100.22,774
2024-02-03 03:00:00+00:00,495.677,496.046,494.256,494.256,186637100.22,775
2024-02-03 04:00:00+00:00,495.677,496.046,494.256,494.256,186637100.22,776
2024-02-03 05:00:00+00:00,495.677,496.046,494.256,494.256,186637100.22,777
2024-02-03 06:00:00+00:00,495.677,496.046,494.256,494.256,186637100.22,778
2024-02-03 07:00:00+00:00,495.677,496.046,494.256,494.256,186637100.22,779
2024-02-03 08:00:00+00:00,495.677,496.046,494.256,494.256,186637100.22,780
2024-02-03 09:00:00+00:00,495.677,496.046,494.256,494.256,186637100.22,781
2024-02-03 10:00:00+00:00,495.677,496.046,494.256,494.256,186637100.22,782
2024-02-03 11:00:00+00:00,495.677,496.046,494.256,494.256,186637100.22,783
2024-02-03 12:00:00+00:00,495.677,496.046,494.256,494.256,186637100.22,784
2024-02-03 13:00:00+00:00,495.677,496.046,494.256,494.256,186637100.22,785
2024-02-03 14:00:00+00:00,495.677,496.046,494.256,494.256,186637100.22,786
2024-02-03 15:00:00+00:00,495.677,496.046,494.256,494.256,186637100.22,787
2024-02-03 16:00:00+00:00,495.677,496.046,494.256,494.256,186637100.22,788
2024-02-03 17:00:00+00:00,495.677,496.046,494.256,494.256,186637100.22,789
2024-02-03 18:00:00+00:00,495.677,496.046,494.256,494.256,186637100.22,790
2024-02-03 19:00:00+00:00,495.677,496.046,494.256,494.256,186637100.22,791
2024-02-03 20:00:00+00:00,495.677,496.046,494.256,494.256,186637100.22,792
2024-02-03 21:00:00+00:00,495.677,496.046,494.256,494.256,186637100.22,793
2024-02-03 22:00:00+00:00,495.677,496.046,494.256,494.256,186637100.22,794
2024-02-03 23:00:00+00:00,495.677,496.046,494.256,494.256,186637100.22,795
2024-02-04 00:00:00+00:00,495.677,496.046,494.256,494.256,186637100.22,796
2024-02-04 01:00:00+00:00,495.677,496.046,494.256,494.256,186637100.22,797
2024-02-04 02:00:00+00:00,495.677,496.046,494.256,494.256,186637100.22,798
2024-02-04 03:00:00+00:00,495.677,496.046,494.256,494.256,186637100.22,799
2024-02-04 04:00:00+00:00,495.677,496.046,494.256,494.256,186637100.22,800
2024-02-04 05:00:00+00:00,495.677,496.046,494.256,494.256,186637100.22,801
2024-02-04 06:00:00+00:00,495.677,496.046,494.256,494.256,186637100.22,802
2024-02-04 07:00:00+00:00,495.677,496.046,494.256,494.256,186637100.22,803
2024-02-04 08:00:00+00:00,495.677,496.046,494.256,494.256,186637100.22,804
2024-02-04 09:00:00+00:00,495.677,496.046,494.256,494.256,186637100.22,805
2024-02-04 10:00:00+00:00,495.677,496.046,494.256,494.256,186637100.22,806
2024-02-04 11:00:00+00:00,495.677,496.046,494.256,494.256,186637100.22,807
2024-02-04 12:00:00+00:00,495.677,496.046,494.256,494.256,186637100.22,808
2024-02-04 13:00:00+00:00,495.677,496.046,494.256,494.256,186637100.22,809
2024-02-04 14:00:00+00:00,495.677,496.046,494.256,494.256,186637100.22,810
2024-02-04 15:00:00+00:00,495.677,496.046,494.256,494.256,186637100.22,811
2024-02-04 16:00:00+00:00,495.677,496.046,494.256,494.256,186637100.22,812
2024-02-04 17:00:00+00:00,495.677,496.046,494.256,494.256,186637100.22,813
2024-02-04 18:00:00+00:00,495.677,496.046,494.256,494.256,186637100.22,814
2024-02-04 19:00:00+00:00,495.677,496.046,494.256,494.256,186637100.22,815
2024-02-04 20:00:00+00:00,495.677,496.046,494.256,494.256,186637100.22,816
2024-02-04 21:00:00+00:00,495.677,496.046,494.256,494.256,186637100.22,817
2024-02-04 22:00:00+00:00,495.677,496.046,494.256,494.256,186637100.22,818
2024-02-04 23:00:00+00:00,495.677,496.046,494.256,494.256,186637100.22,819
2024-02-05 00:00:00+00:00,495.677,496.046,494.256,494.256,186637100.22,820
2024-02-05 01:00:00+00:00,495.677,496.046,494.256,494.256,186637100.22,821
2024-02-05 02:00:00+00:00,495.677,496.046,494.256,494.256,186637100.22,822
2024-02-05 03:00:00+00:00,495.677,496.046,494.256,494.256,186637100.22,823
2024-02-05 04:00:00+00:00,495.677,496.046,494.256,494.256,186637100.22,824
2024-02-05 05:00:00+00:00,495.677,496.046,494.256,494.256,186637100.22,825
2024-02-05 06:00:00+00:00,495.677,496.046,494.256,494.256,186637100.22,826
2024-02-05 07:00:00+00:00,495.677,496.046,494.256,494.256,186637100.22,827
2024-02-05 08:00:00+00:00,495.677,496.046,494.256,494.256,186637100.22,828
2024-02-05 09:00:00+00:00,495.677,496.046,494.256,494.256,186637100.22,829
2024-02-05 10:00:00+00:00,495.677,496.046,494.256,494.256,186637100.22,830
2024-02-05 11:00:00+00:00,495.677,496.046,494.256,494.256,186637100.22,831
2024-02-05 12:00:00+00:00,495.677,496.046,494.256,494.256,186637100.22,832
2024-02-05 13:00:00+00:00,495.677,496.046,494.256,494.256,186637100.22,833
2024-02-05 14:00:00+00:00,493.686,493.686,492.866,493.416,125521202.09,834
2024-02-05 15:00:00+00:00,493.436,493.436,490.236,490.846,260221405.03,835
2024-02-05 16:00:00+00:00,490.856,492.157,490.686,492.127,158889007.57,836
2024-02-05 17:00:00+00:00,492.137,493.367,492.026,493.017,125960998.54,837
2024-02-05 18:00:00+00:00,493.026,493.487,492.566,493.127,140426895.14,838
2024-02-05 19:00:00+00:00,493.126,494.167,492.846,493.976,128701797.49,839
2024-02-05 20:00:00+00:00,493.977,494.016,492.506,492.537,169803405.76,840
2024-02-05 21:00:00+00:00,493.977,494.016,492.506,492.537,169803405.76,841
2024-02-05 22:00:00+00:00,493.977,494.016,492.506,492.537,169803405.76,842
2024-02-05 23:00:00+00:00,493.977,494.016,492.506,492.537,169803405.76,843
2024-02-06 00:00:00+00:00,493.977,494.016,492.506,492.537,169803405.76,844
2024-02-06 01:00:00+00:00,493.977,494.016,492.506,492.537,169803405.76,845
2024-02-06 02:00:00+00:00,493.977,494.016,492.506,492.537,169803405.76,846
2024-02-06 03:00:00+00:00,493.977,494.016,492.506,492.537,169803405.76,847
2024-02-06 04:00:00+00:00,493.977,494.016,492.506,492.537,169803405.76,848
2024-02-06 05:00:00+00:00,493.977,494.016,492.506,492.537,169803405.76,849
2024-02-06 06:00:00+00:00,493.977,494.016,492.506,492.537,169803405.76,850
2024-02-06 07:00:00+00:00,493.977,494.016,492.506,492.537,169803405.76,851
2024-02-06 08:00:00+00:00,493.977,494.016,492.506,492.537,169803405.76,852
2024-02-06 09:00:00+00:00,493.977,494.016,492.506,492.537,169803405.76,853
2024-02-06 10:00:00+00:00,493.977,494.016,492.506,492.537,169803405.76,854
2024-02-06 11:00:00+00:00,493.977,494.016,492.506,492.537,169803405.76,855
2024-02-06 12:00:00+00:00,493.977,494.016,492.506,492.537,169803405.76,856
2024-02-06 13:00:00+00:00,493.977,494.016,492.506,492.537,169803405.76,857
2024-02-06 14:00:00+00:00,493.516,494.307,492.966,492.997,130957992.55,858
2024-02-06 15:00:00+00:00,493.016,493.167,492.046,492.796,258270294.19,859
2024-02-06 16:00:00+00:00,492.807,493.416,492.246,492.346,224535507.2,860
2024-02-06 17:00:00+00:00,492.336,492.947,492.096,492.567,195300903.32,861
2024-02-06 18:00:00+00:00,492.577,493.537,492.446,493.506,145439407.35,862
2024-02-06 19:00:00+00:00,493.497,493.557,492.086,493.146,167771301.27,863
2024-02-06 20:00:00+00:00,493.146,494.017,492.616,493.966,149431701.66,864
2024-02-06 21:00:00+00:00,493.146,494.017,492.616,493.966,149431701.66,865
2024-02-06 22:00:00+00:00,493.146,494.017,492.616,493.966,149431701.66,866
2024-02-06 23:00:00+00:00,493.146,494.017,492.616,493.966,149431701.66,867
2024-02-07 00:00:00+00:00,493.146,494.017,492.616,493.966,149431701.66,868
2024-02-07 01:00:00+00:00,493.146,494.017,492.616,493.966,149431701.66,869
2024-02-07 02:00:00+00:00,493.146,494.017,492.616,493.966,149431701.66,870
2024-02-07 03:00:00+00:00,493.146,494.017,492.616,493.966,149431701.66,871
2024-02-07 04:00:00+00:00,493.146,494.017,492.616,493.966,149431701.66,872
2024-02-07 05:00:00+00:00,493.146,494.017,492.616,493.966,149431701.66,873
2024-02-07 06:00:00+00:00,493.146,494.017,492.616,493.966,149431701.66,874
2024-02-07 07:00:00+00:00,493.146,494.017,492.616,493.966,149431701.66,875
2024-02-07 08:00:00+00:00,493.146,494.017,492.616,493.966,149431701.66,876
2024-02-07 09:00:00+00:00,493.146,494.017,492.616,493.966,149431701.66,877
2024-02-07 10:00:00+00:00,493.146,494.017,492.616,493.966,149431701.66,878
2024-02-07 11:00:00+00:00,493.146,494.017,492.616,493.966,149431701.66,879
2024-02-07 12:00:00+00:00,493.146,494.017,492.616,493.966,149431701.66,880
2024-02-07 13:00:00+00:00,493.146,494.017,492.616,493.966,149431701.66,881
2024-02-07 14:00:00+00:00,496.286,496.427,495.356,495.877,118517898.56,882
2024-02-07 15:00:00+00:00,495.866,498.027,495.496,497.246,196876205.44,883
2024-02-07 16:00:00+00:00,497.237,497.847,496.817,497.577,190204803.47,884
2024-02-07 17:00:00+00:00,497.586,497.847,496.776,497.547,159892700.2,885
2024-02-07 18:00:00+00:00,497.567,498.417,497.066,498.067,162926193.24,886
2024-02-07 19:00:00+00:00,498.066,498.337,497.776,498.317,113960800.17,887
2024-02-07 20:00:00+00:00,498.277,498.517,497.597,498.046,107382896.42,888
2024-02-07 21:00:00+00:00,498.277,498.517,497.597,498.046,107382896.42,889
2024-02-07 22:00:00+00:00,498.277,498.517,497.597,498.046,107382896.42,890
2024-02-07 23:00:00+00:00,498.277,498.517,497.597,498.046,107382896.42,891
2024-02-08 00:00:00+00:00,498.277,498.517,497.597,498.046,107382896.42,892
2024-02-08 01:00:00+00:00,498.277,498.517,497.597,498.046,107382896.42,893
2024-02-08 02:00:00+00:00,498.277,498.517,497.597,498.046,107382896.42,894
2024-02-08 03:00:00+00:00,498.277,498.517,497.597,498.046,107382896.42,895
2024-02-08 04:00:00+00:00,498.277,498.517,497.597,498.046,107382896.42,896
2024-02-08 05:00:00+00:00,498.277,498.517,497.597,498.046,107382896.42,897
2024-02-08 06:00:00+00:00,498.277,498.517,497.597,498.046,107382896.42,898
2024-02-08 07:00:00+00:00,498.277,498.517,497.597,498.046,107382896.42,899
2024-02-08 08:00:00+00:00,498.277,498.517,497.597,498.046,107382896.42,900
2024-02-08 09:00:00+00:00,498.277,498.517,497.597,498.046,107382896.42,901
2024-02-08 10:00:00+00:00,498.277,498.517,497.597,498.046,107382896.42,902
2024-02-08 11:00:00+00:00,498.277,498.517,497.597,498.046,107382896.42,903
2024-02-08 12:00:00+00:00,498.277,498.517,497.597,498.046,107382896.42,904
2024-02-08 13:00:00+00:00,498.277,498.517,497.597,498.046,107382896.42,905
2024-02-08 14:00:00+00:00,498.087,498.307,497.647,497.987,94247703.55,906
2024-02-08 15:00:00+00:00,497.997,498.217,497.326,498.156,133093505.86,907
2024-02-08 16:00:00+00:00,498.166,498.197,497.246,497.806,116415298.46,908
2024-02-08 17:00:00+00:00,497.796,498.127,497.406,497.576,103279602.05,909
2024-02-08 18:00:00+00:00,497.587,498.337,497.516,498.127,121815597.53,910
2024-02-08 19:00:00+00:00,498.147,498.317,497.576,498.246,112194198.61,911
2024-02-08 20:00:00+00:00,498.236,498.687,497.856,498.397,90164901.73,912
2024-02-08 21:00:00+00:00,498.236,498.687,497.856,498.397,90164901.73,913
2024-02-08 22:00:00+00:00,498.236,498.687,497.856,498.397,90164901.73,914
2024-02-08 23:00:00+00:00,498.236,498.687,497.856,498.397,90164901.73,915
2024-02-09 00:00:00+00:00,498.236,498.687,497.856,498.397,90164901.73,916
2024-02-09 01:00:00+00:00,498.236,498.687,497.856,498.397,90164901.73,917
2024-02-09 02:00:00+00:00,498.236,498.687,497.856,498.397,90164901.73,918
2024-02-09 03:00:00+00:00,498.236,498.687,497.856,498.397,90164901.73,919
2024-02-09 04:00:00+00:00,498.236,498.687,497.856,498.397,90164901.73,920
2024-02-09 05:00:00+00:00,498.236,498.687,497.856,498.397,90164901.73,921
2024-02-09 06:00:00+00:00,498.236,498.687,497.856,498.397,90164901.73,922
2024-02-09 07:00:00+00:00,498.236,498.687,497.856,498.397,90164901.73,923
2024-02-09 08:00:00+00:00,498.236,498.687,497.856,498.397,90164901.73,924
2024-02-09 09:00:00+00:00,498.236,498.687,497.856,498.397,90164901.73,925
2024-02-09 10:00:00+00:00,498.236,498.687,497.856,498.397,90164901.73,926
2024-02-09 11:00:00+00:00,498.236,498.687,497.856,498.397,90164901.73,927
2024-02-09 12:00:00+00:00,498.236,498.687,497.856,498.397,90164901.73,928
2024-02-09 13:00:00+00:00,498.236,498.687,497.856,498.397,90164901.73,929
2024-02-09 14:00:00+00:00,498.837,499.547,498.486,499.487,117524803.16,930
2024-02-09 15:00:00+00:00,499.496,500.007,499.126,499.957,143396698.0,931
2024-02-09 16:00:00+00:00,499.956,500.197,499.316,499.576,102883201.6,932
2024-02-09 17:00:00+00:00,499.587,500.477,499.366,500.457,84239700.32,933
2024-02-09 18:00:00+00:00,500.467,500.927,500.296,500.706,69935897.83,934
2024-02-09 19:00:00+00:00,500.687,501.637,500.656,501.277,56689498.9,935
2024-02-09 20:00:00+00:00,501.286,501.327,500.706,501.167,90672302.25,936
2024-02-09 21:00:00+00:00,501.286,501.327,500.706,501.167,90672302.25,937
2024-02-09 22:00:00+00:00,501.286,501.327,500.706,501.167,90672302.25,938
2024-02-09 23:00:00+00:00,501.286,501.327,500.706,501.167,90672302.25,939
2024-02-10 00:00:00+00:00,501.286,501.327,500.706,501.167,90672302.25,940
2024-02-10 01:00:00+00:00,501.286,501.327,500.706,501.167,90672302.25,941
2024-02-10 02:00:00+00:00,501.286,501.327,500.706,501.167,90672302.25,942
2024-02-10 03:00:00+00:00,501.286,501.327,500.706,501.167,90672302.25,943
2024-02-10 04:00:00+00:00,501.286,501.327,500.706,501.167,90672302.25,944
2024-02-10 05:00:00+00:00,501.286,501.327,500.706,501.167,90672302.25,945
2024-02-10 06:00:00+00:00,501.286,501.327,500.706,501.167,90672302.25,946
2024-02-10 07:00:00+00:00,501.286,501.327,500.706,501.167,90672302.25,947
2024-02-10 08:00:00+00:00,501.286,501.327,500.706,501.167,90672302.25,948
2024-02-10 09:00:00+00:00,501.286,501.327,500.706,501.167,90672302.25,949
2024-02-10 10:00:00+00:00,501.286,501.327,500.706,501.167,90672302.25,950
2024-02-10 11:00:00+00:00,501.286,501.327,500.706,501.167,90672302.25,951
2024-02-10 12:00:00+00:00,501.286,501.327,500.706,501.167,90672302.25,952
2024-02-10 13:00:00+00:00,501.286,501.327,500.706,501.167,90672302.25,953
2024-02-10 14:00:00+00:00,501.286,501.327,500.706,501.167,90672302.25,954
2024-02-10 15:00:00+00:00,501.286,501.327,500.706,501.167,90672302.25,955
2024-02-10 16:00:00+00:00,501.286,501.327,500.706,501.167,90672302.25,956
2024-02-10 17:00:00+00:00,501.286,501.327,500.706,501.167,90672302.25,957
2024-02-10 18:00:00+00:00,501.286,501.327,500.706,501.167,90672302.25,958
2024-02-10 19:00:00+00:00,501.286,501.327,500.706,501.167,90672302.25,959
2024-02-10 20:00:00+00:00,501.286,501.327,500.706,501.167,90672302.25,960
2024-02-10 21:00:00+00:00,501.286,501.327,500.706,501.167,90672302.25,961
2024-02-10 22:00:00+00:00,501.286,501.327,500.706,501.167,90672302.25,962
2024-02-10 23:00:00+00:00,501.286,501.327,500.706,501.167,90672302.25,963
2024-02-11 00:00:00+00:00,501.286,501.327,500.706,501.167,90672302.25,964
2024-02-11 01:00:00+00:00,501.286,501.327,500.706,501.167,90672302.25,965
2024-02-11 02:00:00+00:00,501.286,501.327,500.706,501.167,90672302.25,966
2024-02-11 03:00:00+00:00,501.286,501.327,500.706,501.167,90672302.25,967
2024-02-11 04:00:00+00:00,501.286,501.327,500.706,501.167,90672302.25,968
2024-02-11 05:00:00+00:00,501.286,501.327,500.706,501.167,90672302.25,969
2024-02-11 06:00:00+00:00,501.286,501.327,500.706,501.167,90672302.25,970
2024-02-11 07:00:00+00:00,501.286,501.327,500.706,501.167,90672302.25,971
2024-02-11 08:00:00+00:00,501.286,501.327,500.706,501.167,90672302.25,972
2024-02-11 09:00:00+00:00,501.286,501.327,500.706,501.167,90672302.25,973
2024-02-11 10:00:00+00:00,501.286,501.327,500.706,501.167,90672302.25,974
2024-02-11 11:00:00+00:00,501.286,501.327,500.706,501.167,90672302.25,975
2024-02-11 12:00:00+00:00,501.286,501.327,500.706,501.167,90672302.25,976
2024-02-11 13:00:00+00:00,501.286,501.327,500.706,501.167,90672302.25,977
2024-02-11 14:00:00+00:00,501.286,501.327,500.706,501.167,90672302.25,978
2024-02-11 15:00:00+00:00,501.286,501.327,500.706,501.167,90672302.25,979
2024-02-11 16:00:00+00:00,501.286,501.327,500.706,501.167,90672302.25,980
2024-02-11 17:00:00+00:00,501.286,501.327,500.706,501.167,90672302.25,981
2024-02-11 18:00:00+00:00,501.286,501.327,500.706,501.167,90672302.25,982
2024-02-11 19:00:00+00:00,501.286,501.327,500.706,501.167,90672302.25,983
2024-02-11 20:00:00+00:00,501.286,501.327,500.706,501.167,90672302.25,984
2024-02-11 21:00:00+00:00,501.286,501.327,500.706,501.167,90672302.25,985
2024-02-11 22:00:00+00:00,501.286,501.327,500.706,501.167,90672302.25,986
2024-02-11 23:00:00+00:00,501.286,501.327,500.706,501.167,90672302.25,987
2024-02-12 00:00:00+00:00,501.286,501.327,500.706,501.167,90672302.25,988
2024-02-12 01:00:00+00:00,501.286,501.327,500.706,501.167,90672302.25,989
2024-02-12 02:00:00+00:00,501.286,501.327,500.706,501.167,90672302.25,990
2024-02-12 03:00:00+00:00,501.286,501.327,500.706,501.167,90672302.25,991
2024-02-12 04:00:00+00:00,501.286,501.327,500.706,501.167,90672302.25,992
2024-02-12 05:00:00+00:00,501.286,501.327,500.706,501.167,90672302.25,993
2024-02-12 06:00:00+00:00,501.286,501.327,500.706,501.167,90672302.25,994
2024-02-12 07:00:00+00:00,501.286,501.327,500.706,501.167,90672302.25,995
2024-02-12 08:00:00+00:00,501.286,501.327,500.706,501.167,90672302.25,996
2024-02-12 09:00:00+00:00,501.286,501.327,500.706,501.167,90672302.25,997
2024-02-12 10:00:00+00:00,501.286,501.327,500.706,501.167,90672302.25,998
2024-02-12 11:00:00+00:00,501.286,501.327,500.706,501.167,90672302.25,999
2024-02-12 12:00:00+00:00,501.286,501.327,500.706,501.167,90672302.25,1000
2024-02-12 13:00:00+00:00,501.286,501.327,500.706,501.167,90672302.25,1001
2024-02-12 14:00:00+00:00,501.147,501.456,501.146,501.417,74750602.72,1002
2024-02-12 15:00:00+00:00,501.426,502.117,501.007,502.066,101022697.45,1003
2024-02-12 16:00:00+00:00,502.076,503.487,501.857,503.287,110146400.45,1004
2024-02-12 17:00:00+00:00,503.287,503.436,502.647,503.187,96622200.01,1005
2024-02-12 18:00:00+00:00,503.206,503.426,501.666,502.087,137974395.75,1006
2024-02-12 19:00:00+00:00,502.067,502.157,500.236,500.576,203518798.83,1007
2024-02-12 20:00:00+00:00,500.556,501.227,500.506,500.976,142080596.92,1008
2024-02-12 21:00:00+00:00,500.556,501.227,500.506,500.976,142080596.92,1009
2024-02-12 22:00:00+00:00,500.556,501.227,500.506,500.976,142080596.92,1010
2024-02-12 23:00:00+00:00,500.556,501.227,500.506,500.976,142080596.92,1011
2024-02-13 00:00:00+00:00,500.556,501.227,500.506,500.976,142080596.92,1012
2024-02-13 01:00:00+00:00,500.556,501.227,500.506,500.976,142080596.92,1013
2024-02-13 02:00:00+00:00,500.556,501.227,500.506,500.976,142080596.92,1014
2024-02-13 03:00:00+00:00,500.556,501.227,500.506,500.976,142080596.92,1015
2024-02-13 04:00:00+00:00,500.556,501.227,500.506,500.976,142080596.92,1016
2024-02-13 05:00:00+00:00,500.556,501.227,500.506,500.976,142080596.92,1017
2024-02-13 06:00:00+00:00,500.556,501.227,500.506,500.976,142080596.92,1018
2024-02-13 07:00:00+00:00,500.556,501.227,500.506,500.976,142080596.92,1019
2024-02-13 08:00:00+00:00,500.556,501.227,500.506,500.976,142080596.92,1020
2024-02-13 09:00:00+00:00,500.556,501.227,500.506,500.976,142080596.92,1021
2024-02-13 10:00:00+00:00,500.556,501.227,500.506,500.976,142080596.92,1022
2024-02-13 11:00:00+00:00,500.556,501.227,500.506,500.976,142080596.92,1023
2024-02-13 12:00:00+00:00,500.556,501.227,500.506,500.976,142080596.92,1024
2024-02-13 13:00:00+00:00,500.556,501.227,500.506,500.976,142080596.92,1025
2024-02-13 14:00:00+00:00,494.506,495.186,493.626,493.816,155051193.24,1026
2024-02-13 15:00:00+00:00,493.806,495.306,493.206,494.547,238782302.86,1027
2024-02-13 16:00:00+00:00,494.567,495.837,494.556,495.077,175529098.51,1028
2024-02-13 17:00:00+00:00,495.086,495.306,494.146,494.317,149158401.49,1029
2024-02-13 18:00:00+00:00,494.286,494.467,493.347,493.566,130626495.36,1030
2024-02-13 19:00:00+00:00,493.576,493.576,491.086,491.377,184894897.46,1031
2024-02-13 20:00:00+00:00,491.356,494.196,490.697,494.127,188812805.18,1032
2024-02-13 21:00:00+00:00,491.356,494.196,490.697,494.127,188812805.18,1033
2024-02-13 22:00:00+00:00,491.356,494.196,490.697,494.127,188812805.18,1034
2024-02-13 23:00:00+00:00,491.356,494.196,490.697,494.127,188812805.18,1035
2024-02-14 00:00:00+00:00,491.356,494.196,490.697,494.127,188812805.18,1036
2024-02-14 01:00:00+00:00,491.356,494.196,490.697,494.127,188812805.18,1037
2024-02-14 02:00:00+00:00,491.356,494.196,490.697,494.127,188812805.18,1038
2024-02-14 03:00:00+00:00,491.356,494.196,490.697,494.127,188812805.18,1039
2024-02-14 04:00:00+00:00,491.356,494.196,490.697,494.127,188812805.18,1040
2024-02-14 05:00:00+00:00,491.356,494.196,490.697,494.127,188812805.18,1041
2024-02-14 06:00:00+00:00,491.356,494.196,490.697,494.127,188812805.18,1042
2024-02-14 07:00:00+00:00,491.356,494.196,490.697,494.127,188812805.18,1043
2024-02-14 08:00:00+00:00,491.356,494.196,490.697,494.127,188812805.18,1044
2024-02-14 09:00:00+00:00,491.356,494.196,490.697,494.127,188812805.18,1045
2024-02-14 10:00:00+00:00,491.356,494.196,490.697,494.127,188812805.18,1046
2024-02-14 11:00:00+00:00,491.356,494.196,490.697,494.127,188812805.18,1047
2024-02-14 12:00:00+00:00,491.356,494.196,490.697,494.127,188812805.18,1048
2024-02-14 13:00:00+00:00,491.356,494.196,490.697,494.127,188812805.18,1049
2024-02-14 14:00:00+00:00,496.766,497.287,495.766,496.876,143763702.39,1050
2024-02-14 15:00:00+00:00,496.887,497.977,495.936,495.947,220270706.18,1051
2024-02-14 16:00:00+00:00,495.946,496.317,495.146,495.317,221342498.78,1052
2024-02-14 17:00:00+00:00,495.316,496.317,494.387,496.197,173229293.82,1053
2024-02-14 18:00:00+00:00,496.206,497.117,495.407,496.567,180992492.68,1054
2024-02-14 19:00:00+00:00,496.587,497.087,495.217,496.907,169025802.61,1055
2024-02-14 20:00:00+00:00,496.926,499.057,496.606,498.617,167161193.85,1056
2024-02-14 21:00:00+00:00,496.926,499.057,496.606,498.617,167161193.85,1057
2024-02-14 22:00:00+00:00,496.926,499.057,496.606,498.617,167161193.85,1058
2024-02-14 23:00:00+00:00,496.926,499.057,496.606,498.617,167161193.85,1059
2024-02-15 00:00:00+00:00,496.926,499.057,496.606,498.617,167161193.85,1060
2024-02-15 01:00:00+00:00,496.926,499.057,496.606,498.617,167161193.85,1061
2024-02-15 02:00:00+00:00,496.926,499.057,496.606,498.617,167161193.85,1062
2024-02-15 03:00:00+00:00,496.926,499.057,496.606,498.617,167161193.85,1063
2024-02-15 04:00:00+00:00,496.926,499.057,496.606,498.617,167161193.85,1064
2024-02-15 05:00:00+00:00,496.926,499.057,496.606,498.617,167161193.85,1065
2024-02-15 06:00:00+00:00,496.926,499.057,496.606,498.617,167161193.85,1066
2024-02-15 07:00:00+00:00,496.926,499.057,496.606,498.617,167161193.85,1067
2024-02-15 08:00:00+00:00,496.926,499.057,496.606,498.617,167161193.85,1068
2024-02-15 09:00:00+00:00,496.926,499.057,496.606,498.617,167161193.85,1069
2024-02-15 10:00:00+00:00,496.926,499.057,496.606,498.617,167161193.85,1070
2024-02-15 11:00:00+00:00,496.926,499.057,496.606,498.617,167161193.85,1071
2024-02-15 12:00:00+00:00,496.926,499.057,496.606,498.617,167161193.85,1072
2024-02-15 13:00:00+00:00,496.926,499.057,496.606,498.617,167161193.85,1073
2024-02-15 14:00:00+00:00,499.297,500.377,499.247,499.636,108994300.84,1074
2024-02-15 15:00:00+00:00,499.656,500.566,499.297,499.807,221911300.66,1075
2024-02-15 16:00:00+00:00,499.827,500.146,498.786,499.797,186745895.39,1076
2024-02-15 17:00:00+00:00,499.807,500.576,499.656,500.036,121326400.76,1077
2024-02-15 18:00:00+00:00,500.037,501.667,499.936,501.377,135941894.53,1078
2024-02-15 19:00:00+00:00,501.386,502.187,500.976,501.827,125016296.39,1079
2024-02-15 20:00:00+00:00,501.846,502.037,501.146,501.946,141632095.34,1080
2024-02-15 21:00:00+00:00,501.846,502.037,501.146,501.946,141632095.34,1081
2024-02-15 22:00:00+00:00,501.846,502.037,501.146,501.946,141632095.34,1082
2024-02-15 23:00:00+00:00,501.846,502.037,501.146,501.946,141632095.34,1083
2024-02-16 00:00:00+00:00,501.846,502.037,501.146,501.946,141632095.34,1084
2024-02-16 01:00:00+00:00,501.846,502.037,501.146,501.946,141632095.34,1085
2024-02-16 02:00:00+00:00,501.846,502.037,501.146,501.946,141632095.34,1086
2024-02-16 03:00:00+00:00,501.846,502.037,501.146,501.946,141632095.34,1087
2024-02-16 04:00:00+00:00,501.846,502.037,501.146,501.946,141632095.34,1088
2024-02-16 05:00:00+00:00,501.846,502.037,501.146,501.946,141632095.34,1089
2024-02-16 06:00:00+00:00,501.846,502.037,501.146,501.946,141632095.34,1090
2024-02-16 07:00:00+00:00,501.846,502.037,501.146,501.946,141632095.34,1091
2024-02-16 08:00:00+00:00,501.846,502.037,501.146,501.946,141632095.34,1092
2024-02-16 09:00:00+00:00,501.846,502.037,501.146,501.946,141632095.34,1093
2024-02-16 10:00:00+00:00,501.846,502.037,501.146,501.946,141632095.34,1094
2024-02-16 11:00:00+00:00,501.846,502.037,501.146,501.946,141632095.34,1095
2024-02-16 12:00:00+00:00,501.846,502.037,501.146,501.946,141632095.34,1096
2024-02-16 13:00:00+00:00,501.846,502.037,501.146,501.946,141632095.34,1097
2024-02-16 14:00:00+00:00,501.686,501.906,499.286,499.647,146638397.22,1098
2024-02-16 15:00:00+00:00,499.587,501.147,498.746,500.916,236747802.73,1099
2024-02-16 16:00:00+00:00,500.927,502.446,500.896,502.207,147682403.56,1100
2024-02-16 17:00:00+00:00,502.197,502.347,501.646,501.816,141771896.36,1101
2024-02-16 18:00:00+00:00,501.827,502.357,500.726,502.357,146289306.64,1102
2024-02-16 19:00:00+00:00,502.377,502.847,499.927,500.557,150805496.22,1103
2024-02-16 20:00:00+00:00,500.566,500.746,498.966,499.476,181334198.0,1104
2024-02-16 21:00:00+00:00,500.566,500.746,498.966,499.476,181334198.0,1105
2024-02-16 22:00:00+00:00,500.566,500.746,498.966,499.476,181334198.0,1106
2024-02-16 23:00:00+00:00,500.566,500.746,498.966,499.476,181334198.0,1107
2024-02-17 00:00:00+00:00,500.566,500.746,498.966,499.476,181334198.0,1108
2024-02-17 01:00:00+00:00,500.566,500.746,498.966,499.476,181334198.0,1109
2024-02-17 02:00:00+00:00,500.566,500.746,498.966,499.476,181334198.0,1110
2024-02-17 03:00:00+00:00,500.566,500.746,498.966,499.476,181334198.0,1111
2024-02-17 04:00:00+00:00,500.566,500.746,498.966,499.476,181334198.0,1112
2024-02-17 05:00:00+00:00,500.566,500.746,498.966,499.476,181334198.0,1113
2024-02-17 06:00:00+00:00,500.566,500.746,498.966,499.476,181334198.0,1114
2024-02-17 07:00:00+00:00,500.566,500.746,498.966,499.476,181334198.0,1115
2024-02-17 08:00:00+00:00,500.566,500.746,498.966,499.476,181334198.0,1116
2024-02-17 09:00:00+00:00,500.566,500.746,498.966,499.476,181334198.0,1117
2024-02-17 10:00:00+00:00,500.566,500.746,498.966,499.476,181334198.0,1118
2024-02-17 11:00:00+00:00,500.566,500.746,498.966,499.476,181334198.0,1119
2024-02-17 12:00:00+00:00,500.566,500.746,498.966,499.476,181334198.0,1120
2024-02-17 13:00:00+00:00,500.566,500.746,498.966,499.476,181334198.0,1121
2024-02-17 14:00:00+00:00,500.566,500.746,498.966,499.476,181334198.0,1122
2024-02-17 15:00:00+00:00,500.566,500.746,498.966,499.476,181334198.0,1123
2024-02-17 16:00:00+00:00,500.566,500.746,498.966,499.476,181334198.0,1124
2024-02-17 17:00:00+00:00,500.566,500.746,498.966,499.476,181334198.0,1125
2024-02-17 18:00:00+00:00,500.566,500.746,498.966,499.476,181334198.0,1126
2024-02-17 19:00:00+00:00,500.566,500.746,498.966,499.476,181334198.0,1127
2024-02-17 20:00:00+00:00,500.566,500.746,498.966,499.476,181334198.0,1128
2024-02-17 21:00:00+00:00,500.566,500.746,498.966,499.476,181334198.0,1129
2024-02-17 22:00:00+00:00,500.566,500.746,498.966,499.476,181334198.0,1130
2024-02-17 23:00:00+00:00,500.566,500.746,498.966,499.476,181334198.0,1131
2024-02-18 00:00:00+00:00,500.566,500.746,498.966,499.476,181334198.0,1132
2024-02-18 01:00:00+00:00,500.566,500.746,498.966,499.476,181334198.0,1133
2024-02-18 02:00:00+00:00,500.566,500.746,498.966,499.476,181334198.0,1134
2024-02-18 03:00:00+00:00,500.566,500.746,498.966,499.476,181334198.0,1135
2024-02-18 04:00:00+00:00,500.566,500.746,498.966,499.476,181334198.0,1136
2024-02-18 05:00:00+00:00,500.566,500.746,498.966,499.476,181334198.0,1137
2024-02-18 06:00:00+00:00,500.566,500.746,498.966,499.476,181334198.0,1138
2024-02-18 07:00:00+00:00,500.566,500.746,498.966,499.476,181334198.0,1139
2024-02-18 08:00:00+00:00,500.566,500.746,498.966,499.476,181334198.0,1140
2024-02-18 09:00:00+00:00,500.566,500.746,498.966,499.476,181334198.0,1141
2024-02-18 10:00:00+00:00,500.566,500.746,498.966,499.476,181334198.0,1142
2024-02-18 11:00:00+00:00,500.566,500.746,498.966,499.476,181334198.0,1143
2024-02-18 12:00:00+00:00,500.566,500.746,498.966,499.476,181334198.0,1144
2024-02-18 13:00:00+00:00,500.566,500.746,498.966,499.476,181334198.0,1145
2024-02-18 14:00:00+00:00,500.566,500.746,498.966,499.476,181334198.0,1146
2024-02-18 15:00:00+00:00,500.566,500.746,498.966,499.476,181334198.0,1147
2024-02-18 16:00:00+00:00,500.566,500.746,498.966,499.476,181334198.0,1148
2024-02-18 17:00:00+00:00,500.566,500.746,498.966,499.476,181334198.0,1149
2024-02-18 18:00:00+00:00,500.566,500.746,498.966,499.476,181334198.0,1150
2024-02-18 19:00:00+00:00,500.566,500.746,498.966,499.476,181334198.0,1151
2024-02-18 20:00:00+00:00,500.566,500.746,498.966,499.476,181334198.0,1152
2024-02-18 21:00:00+00:00,500.566,500.746,498.966,499.476,181334198.0,1153
2024-02-18 22:00:00+00:00,500.566,500.746,498.966,499.476,181334198.0,1154
2024-02-18 23:00:00+00:00,500.566,500.746,498.966,499.476,181334198.0,1155
2024-02-19 00:00:00+00:00,500.566,500.746,498.966,499.476,181334198.0,1156
2024-02-19 01:00:00+00:00,500.566,500.746,498.966,499.476,181334198.0,1157
2024-02-19 02:00:00+00:00,500.566,500.746,498.966,499.476,181334198.0,1158
2024-02-19 03:00:00+00:00,500.566,500.746,498.966,499.476,181334198.0,1159
2024-02-19 04:00:00+00:00,500.566,500.746,498.966,499.476,181334198.0,1160
2024-02-19 05:00:00+00:00,500.566,500.746,498.966,499.476,181334198.0,1161
2024-02-19 06:00:00+00:00,500.566,500.746,498.966,499.476,181334198.0,1162
2024-02-19 07:00:00+00:00,500.566,500.746,498.966,499.476,181334198.0,1163
2024-02-19 08:00:00+00:00,500.566,500.746,498.966,499.476,181334198.0,1164
2024-02-19 09:00:00+00:00,500.566,500.746,498.966,499.476,181334198.0,1165
2024-02-19 10:00:00+00:00,500.566,500.746,498.966,499.476,181334198.0,1166
2024-02-19 11:00:00+00:00,500.566,500.746,498.966,499.476,181334198.0,1167
2024-02-19 12:00:00+00:00,500.566,500.746,498.966,499.476,181334198.0,1168
2024-02-19 13:00:00+00:00,500.566,500.746,498.966,499.476,181334198.0,1169
2024-02-19 14:00:00+00:00,500.566,500.746,498.966,499.476,181334198.0,1170
2024-02-19 15:00:00+00:00,500.566,500.746,498.966,499.476,181334198.0,1171
2024-02-19 16:00:00+00:00,500.566,500.746,498.966,499.476,181334198.0,1172
2024-02-19 17:00:00+00:00,500.566,500.746,498.966,499.476,181334198.0,1173
2024-02-19 18:00:00+00:00,500.566,500.746,498.966,499.476,181334198.0,1174
2024-02-19 19:00:00+00:00,500.566,500.746,498.966,499.476,181334198.0,1175
2024-02-19 20:00:00+00:00,500.566,500.746,498.966,499.476,181334198.0,1176
2024-02-19 21:00:00+00:00,500.566,500.746,498.966,499.476,181334198.0,1177
2024-02-19 22:00:00+00:00,500.566,500.746,498.966,499.476,181334198.0,1178
2024-02-19 23:00:00+00:00,500.566,500.746,498.966,499.476,181334198.0,1179
2024-02-20 00:00:00+00:00,500.566,500.746,498.966,499.476,181334198.0,1180
2024-02-20 01:00:00+00:00,500.566,500.746,498.966,499.476,181334198.0,1181
2024-02-20 02:00:00+00:00,500.566,500.746,498.966,499.476,181334198.0,1182
2024-02-20 03:00:00+00:00,500.566,500.746,498.966,499.476,181334198.0,1183
2024-02-20 04:00:00+00:00,500.566,500.746,498.966,499.476,181334198.0,1184
2024-02-20 05:00:00+00:00,500.566,500.746,498.966,499.476,181334198.0,1185
2024-02-20 06:00:00+00:00,500.566,500.746,498.966,499.476,181334198.0,1186
2024-02-20 07:00:00+00:00,500.566,500.746,498.966,499.476,181334198.0,1187
2024-02-20 08:00:00+00:00,500.566,500.746,498.966,499.476,181334198.0,1188
2024-02-20 09:00:00+00:00,500.566,500.746,498.966,499.476,181334198.0,1189
2024-02-20 10:00:00+00:00,500.566,500.746,498.966,499.476,181334198.0,1190
2024-02-20 11:00:00+00:00,500.566,500.746,498.966,499.476,181334198.0,1191
2024-02-20 12:00:00+00:00,500.566,500.746,498.966,499.476,181334198.0,1192
2024-02-20 13:00:00+00:00,500.566,500.746,498.966,499.476,181334198.0,1193
2024-02-20 14:00:00+00:00,497.706,498.366,496.157,496.677,143792099.0,1194
2024-02-20 15:00:00+00:00,496.657,497.017,495.736,497.006,251908905.03,1195
2024-02-20 16:00:00+00:00,497.027,497.286,495.676,495.736,186037902.83,1196
2024-02-20 17:00:00+00:00,495.746,495.756,494.477,495.476,162702285.77,1197
2024-02-20 18:00:00+00:00,495.466,495.957,494.747,495.886,160208831.79,1198
2024-02-20 19:00:00+00:00,495.887,496.786,495.206,496.696,171139694.21,1199
2024-02-20 20:00:00+00:00,496.707,496.866,495.096,496.727,184027465.82,1200
2024-02-20 21:00:00+00:00,496.707,496.866,495.096,496.727,184027465.82,1201
2024-02-20 22:00:00+00:00,496.707,496.866,495.096,496.727,184027465.82,1202
2024-02-20 23:00:00+00:00,496.707,496.866,495.096,496.727,184027465.82,1203
2024-02-21 00:00:00+00:00,496.707,496.866,495.096,496.727,184027465.82,1204
2024-02-21 01:00:00+00:00,496.707,496.866,495.096,496.727,184027465.82,1205
2024-02-21 02:00:00+00:00,496.707,496.866,495.096,496.727,184027465.82,1206
2024-02-21 03:00:00+00:00,496.707,496.866,495.096,496.727,184027465.82,1207
2024-02-21 04:00:00+00:00,496.707,496.866,495.096,496.727,184027465.82,1208
2024-02-21 05:00:00+00:00,496.707,496.866,495.096,496.727,184027465.82,1209
2024-02-21 06:00:00+00:00,496.707,496.866,495.096,496.727,184027465.82,1210
2024-02-21 07:00:00+00:00,496.707,496.866,495.096,496.727,184027465.82,1211
2024-02-21 08:00:00+00:00,496.707,496.866,495.096,496.727,184027465.82,1212
2024-02-21 09:00:00+00:00,496.707,496.866,495.096,496.727,184027465.82,1213
2024-02-21 10:00:00+00:00,496.707,496.866,495.096,496.727,184027465.82,1214
2024-02-21 11:00:00+00:00,496.707,496.866,495.096,496.727,184027465.82,1215
2024-02-21 12:00:00+00:00,496.707,496.866,495.096,496.727,184027465.82,1216
2024-02-21 13:00:00+00:00,496.707,496.866,495.096,496.727,184027465.82,1217
2024-02-21 14:00:00+00:00,495.417,495.676,494.906,495.257,126120910.64,1218
2024-02-21 15:00:00+00:00,495.247,496.056,495.037,495.277,201409530.64,1219
2024-02-21 16:00:00+00:00,495.287,496.296,495.266,495.966,152007553.1,1220
2024-02-21 17:00:00+00:00,495.997,496.037,494.606,495.546,141540939.33,1221
2024-02-21 18:00:00+00:00,495.547,495.737,494.416,495.317,147117935.18,1222
2024-02-21 19:00:00+00:00,495.266,496.056,493.896,494.576,211101364.14,1223
2024-02-21 20:00:00+00:00,494.577,497.357,493.566,497.206,195235504.15,1224
2024-02-21 21:00:00+00:00,494.577,497.357,493.566,497.206,195235504.15,1225
2024-02-21 22:00:00+00:00,494.577,497.357,493.566,497.206,195235504.15,1226
2024-02-21 23:00:00+00:00,494.577,497.357,493.566,497.206,195235504.15,1227
2024-02-22 00:00:00+00:00,494.577,497.357,493.566,497.206,195235504.15,1228
2024-02-22 01:00:00+00:00,494.577,497.357,493.566,497.206,195235504.15,1229
2024-02-22 02:00:00+00:00,494.577,497.357,493.566,497.206,195235504.15,1230
2024-02-22 03:00:00+00:00,494.577,497.357,493.566,497.206,195235504.15,1231
2024-02-22 04:00:00+00:00,494.577,497.357,493.566,497.206,195235504.15,1232
2024-02-22 05:00:00+00:00,494.577,497.357,493.566,497.206,195235504.15,1233
2024-02-22 06:00:00+00:00,494.577,497.357,493.566,497.206,195235504.15,1234
2024-02-22 07:00:00+00:00,494.577,497.357,493.566,497.206,195235504.15,1235
2024-02-22 08:00:00+00:00,494.577,497.357,493.566,497.206,195235504.15,1236
2024-02-22 09:00:00+00:00,494.577,497.357,493.566,497.206,195235504.15,1237
2024-02-22 10:00:00+00:00,494.577,497.357,493.566,497.206,195235504.15,1238
2024-02-22 11:00:00+00:00,494.577,497.357,493.566,497.206,195235504.15,1239
2024-02-22 12:00:00+00:00,494.577,497.357,493.566,497.206,195235504.15,1240
2024-02-22 13:00:00+00:00,494.577,497.357,493.566,497.206,195235504.15,1241
2024-02-22 14:00:00+00:00,503.987,505.417,503.016,504.967,112591659.55,1242
2024-02-22 15:00:00+00:00,504.977,505.687,504.506,504.736,205475341.8,1243
2024-02-22 16:00:00+00:00,504.746,505.877,504.536,505.236,148866699.22,1244
2024-02-22 17:00:00+00:00,505.246,506.486,504.906,506.437,105223960.88,1245
2024-02-22 18:00:00+00:00,506.436,507.257,506.066,507.246,84552520.75,1246
2024-02-22 19:00:00+00:00,507.236,508.467,506.886,507.177,113326766.97,1247
2024-02-22 20:00:00+00:00,507.157,508.307,507.056,507.507,135036575.32,1248
2024-02-22 21:00:00+00:00,507.157,508.307,507.056,507.507,135036575.32,1249
2024-02-22 22:00:00+00:00,507.157,508.307,507.056,507.507,135036575.32,1250
2024-02-22 23:00:00+00:00,507.157,508.307,507.056,507.507,135036575.32,1251
2024-02-23 00:00:00+00:00,507.157,508.307,507.056,507.507,135036575.32,1252
2024-02-23 01:00:00+00:00,507.157,508.307,507.056,507.507,135036575.32,1253
2024-02-23 02:00:00+00:00,507.157,508.307,507.056,507.507,135036575.32,1254
2024-02-23 03:00:00+00:00,507.157,508.307,507.056,507.507,135036575.32,1255
2024-02-23 04:00:00+00:00,507.157,508.307,507.056,507.507,135036575.32,1256
2024-02-23 05:00:00+00:00,507.157,508.307,507.056,507.507,135036575.32,1257
2024-02-23 06:00:00+00:00,507.157,508.307,507.056,507.507,135036575.32,1258
2024-02-23 07:00:00+00:00,507.157,508.307,507.056,507.507,135036575.32,1259
2024-02-23 08:00:00+00:00,507.157,508.307,507.056,507.507,135036575.32,1260
2024-02-23 09:00:00+00:00,507.157,508.307,507.056,507.507,135036575.32,1261
2024-02-23 10:00:00+00:00,507.157,508.307,507.056,507.507,135036575.32,1262
2024-02-23 11:00:00+00:00,507.157,508.307,507.056,507.507,135036575.32,1263
2024-02-23 12:00:00+00:00,507.157,508.307,507.056,507.507,135036575.32,1264
2024-02-23 13:00:00+00:00,507.157,508.307,507.056,507.507,135036575.32,1265
2024-02-23 14:00:00+00:00,509.237,510.117,509.106,509.727,92530349.73,1266
2024-02-23 15:00:00+00:00,509.757,509.927,508.416,508.686,220192184.45,1267
2024-02-23 16:00:00+00:00,508.707,508.787,507.096,508.496,189342254.64,1268
2024-02-23 17:00:00+00:00,508.487,508.986,507.776,508.627,164749053.96,1269
2024-02-23 18:00:00+00:00,508.626,509.047,508.326,508.527,127655036.93,1270
2024-02-23 19:00:00+00:00,508.546,508.587,507.626,508.327,153355636.6,1271
2024-02-23 20:00:00+00:00,508.327,508.746,507.697,507.847,139531387.33,1272
2024-02-23 21:00:00+00:00,508.327,508.746,507.697,507.847,139531387.33,1273
2024-02-23 22:00:00+00:00,508.327,508.746,507.697,507.847,139531387.33,1274
2024-02-23 23:00:00+00:00,508.327,508.746,507.697,507.847,139531387.33,1275
2024-02-24 00:00:00+00:00,508.327,508.746,507.697,507.847,139531387.33,1276
2024-02-24 01:00:00+00:00,508.327,508.746,507.697,507.847,139531387.33,1277
2024-02-24 02:00:00+00:00,508.327,508.746,507.697,507.847,139531387.33,1278
2024-02-24 03:00:00+00:00,508.327,508.746,507.697,507.847,139531387.33,1279
2024-02-24 04:00:00+00:00,508.327,508.746,507.697,507.847,139531387.33,1280
2024-02-24 05:00:00+00:00,508.327,508.746,507.697,507.847,139531387.33,1281
2024-02-24 06:00:00+00:00,508.327,508.746,507.697,507.847,139531387.33,1282
2024-02-24 07:00:00+00:00,508.327,508.746,507.697,507.847,139531387.33,1283
2024-02-24 08:00:00+00:00,508.327,508.746,507.697,507.847,139531387.33,1284
2024-02-24 09:00:00+00:00,508.327,508.746,507.697,507.847,139531387.33,1285
2024-02-24 10:00:00+00:00,508.327,508.746,507.697,507.847,139531387.33,1286
2024-02-24 11:00:00+00:00,508.327,508.746,507.697,507.847,139531387.33,1287
2024-02-24 12:00:00+00:00,508.327,508.746,507.697,507.847,139531387.33,1288
2024-02-24 13:00:00+00:00,508.327,508.746,507.697,507.847,139531387.33,1289
2024-02-24 14:00:00+00:00,508.327,508.746,507.697,507.847,139531387.33,1290
2024-02-24 15:00:00+00:00,508.327,508.746,507.697,507.847,139531387.33,1291
2024-02-24 16:00:00+00:00,508.327,508.746,507.697,507.847,139531387.33,1292
2024-02-24 17:00:00+00:00,508.327,508.746,507.697,507.847,139531387.33,1293
2024-02-24 18:00:00+00:00,508.327,508.746,507.697,507.847,139531387.33,1294
2024-02-24 19:00:00+00:00,508.327,508.746,507.697,507.847,139531387.33,1295
2024-02-24 20:00:00+00:00,508.327,508.746,507.697,507.847,139531387.33,1296
2024-02-24 21:00:00+00:00,508.327,508.746,507.697,507.847,139531387.33,1297
2024-02-24 22:00:00+00:00,508.327,508.746,507.697,507.847,139531387.33,1298
2024-02-24 23:00:00+00:00,508.327,508.746,507.697,507.847,139531387.33,1299
2024-02-25 00:00:00+00:00,508.327,508.746,507.697,507.847,139531387.33,1300
2024-02-25 01:00:00+00:00,508.327,508.746,507.697,507.847,139531387.33,1301
2024-02-25 02:00:00+00:00,508.327,508.746,507.697,507.847,139531387.33,1302
2024-02-25 03:00:00+00:00,508.327,508.746,507.697,507.847,139531387.33,1303
2024-02-25 04:00:00+00:00,508.327,508.746,507.697,507.847,139531387.33,1304
2024-02-25 05:00:00+00:00,508.327,508.746,507.697,507.847,139531387.33,1305
2024-02-25 06:00:00+00:00,508.327,508.746,507.697,507.847,139531387.33,1306
2024-02-25 07:00:00+00:00,508.327,508.746,507.697,507.847,139531387.33,1307
2024-02-25 08:00:00+00:00,508.327,508.746,507.697,507.847,139531387.33,1308
2024-02-25 09:00:00+00:00,508.327,508.746,507.697,507.847,139531387.33,1309
2024-02-25 10:00:00+00:00,508.327,508.746,507.697,507.847,139531387.33,1310
2024-02-25 11:00:00+00:00,508.327,508.746,507.697,507.847,139531387.33,1311
2024-02-25 12:00:00+00:00,508.327,508.746,507.697,507.847,139531387.33,1312
2024-02-25 13:00:00+00:00,508.327,508.746,507.697,507.847,139531387.33,1313
2024-02-25 14:00:00+00:00,508.327,508.746,507.697,507.847,139531387.33,1314
2024-02-25 15:00:00+00:00,508.327,508.746,507.697,507.847,139531387.33,1315
2024-02-25 16:00:00+00:00,508.327,508.746,507.697,507.847,139531387.33,1316
2024-02-25 17:00:00+00:00,508.327,508.746,507.697,507.847,139531387.33,1317
2024-02-25 18:00:00+00:00,508.327,508.746,507.697,507.847,139531387.33,1318
2024-02-25 19:00:00+00:00,508.327,508.746,507.697,507.847,139531387.33,1319
2024-02-25 20:00:00+00:00,508.327,508.746,507.697,507.847,139531387.33,1320
2024-02-25 21:00:00+00:00,508.327,508.746,507.697,507.847,139531387.33,1321
2024-02-25 22:00:00+00:00,508.327,508.746,507.697,507.847,139531387.33,1322
2024-02-25 23:00:00+00:00,508.327,508.746,507.697,507.847,139531387.33,1323
2024-02-26 00:00:00+00:00,508.327,508.746,507.697,507.847,139531387.33,1324
2024-02-26 01:00:00+00:00,508.327,508.746,507.697,507.847,139531387.33,1325
2024-02-26 02:00:00+00:00,508.327,508.746,507.697,507.847,139531387.33,1326
2024-02-26 03:00:00+00:00,508.327,508.746,507.697,507.847,139531387.33,1327
2024-02-26 04:00:00+00:00,508.327,508.746,507.697,507.847,139531387.33,1328
2024-02-26 05:00:00+00:00,508.327,508.746,507.697,507.847,139531387.33,1329
2024-02-26 06:00:00+00:00,508.327,508.746,507.697,507.847,139531387.33,1330
2024-02-26 07:00:00+00:00,508.327,508.746,507.697,507.847,139531387.33,1331
2024-02-26 08:00:00+00:00,508.327,508.746,507.697,507.847,139531387.33,1332
2024-02-26 09:00:00+00:00,508.327,508.746,507.697,507.847,139531387.33,1333
2024-02-26 10:00:00+00:00,508.327,508.746,507.697,507.847,139531387.33,1334
2024-02-26 11:00:00+00:00,508.327,508.746,507.697,507.847,139531387.33,1335
2024-02-26 12:00:00+00:00,508.327,508.746,507.697,507.847,139531387.33,1336
2024-02-26 13:00:00+00:00,508.327,508.746,507.697,507.847,139531387.33,1337
2024-02-26 14:00:00+00:00,508.287,508.737,507.726,508.207,108470878.6,1338
2024-02-26 15:00:00+00:00,508.216,508.506,507.417,507.497,183643539.43,1339
2024-02-26 16:00:00+00:00,507.507,507.867,507.016,507.716,123760437.01,1340
2024-02-26 17:00:00+00:00,507.726,507.887,507.146,507.296,93452812.19,1341
2024-02-26 18:00:00+00:00,507.306,507.587,506.016,506.876,127542449.95,1342
2024-02-26 19:00:00+00:00,506.877,507.376,506.506,506.757,114473831.18,1343
2024-02-26 20:00:00+00:00,506.766,507.297,505.856,506.007,142802856.45,1344
2024-02-26 21:00:00+00:00,506.766,507.297,505.856,506.007,142802856.45,1345
2024-02-26 22:00:00+00:00,506.766,507.297,505.856,506.007,142802856.45,1346
2024-02-26 23:00:00+00:00,506.766,507.297,505.856,506.007,142802856.45,1347
2024-02-27 00:00:00+00:00,506.766,507.297,505.856,506.007,142802856.45,1348
2024-02-27 01:00:00+00:00,506.766,507.297,505.856,506.007,142802856.45,1349
2024-02-27 02:00:00+00:00,506.766,507.297,505.856,506.007,142802856.45,1350
2024-02-27 03:00:00+00:00,506.766,507.297,505.856,506.007,142802856.45,1351
2024-02-27 04:00:00+00:00,506.766,507.297,505.856,506.007,142802856.45,1352
2024-02-27 05:00:00+00:00,506.766,507.297,505.856,506.007,142802856.45,1353
2024-02-27 06:00:00+00:00,506.766,507.297,505.856,506.007,142802856.45,1354
2024-02-27 07:00:00+00:00,506.766,507.297,505.856,506.007,142802856.45,1355
2024-02-27 08:00:00+00:00,506.766,507.297,505.856,506.007,142802856.45,1356
2024-02-27 09:00:00+00:00,506.766,507.297,505.856,506.007,142802856.45,1357
2024-02-27 10:00:00+00:00,506.766,507.297,505.856,506.007,142802856.45,1358
2024-02-27 11:00:00+00:00,506.766,507.297,505.856,506.007,142802856.45,1359
2024-02-27 12:00:00+00:00,506.766,507.297,505.856,506.007,142802856.45,1360
2024-02-27 13:00:00+00:00,506.766,507.297,505.856,506.007,142802856.45,1361
2024-02-27 14:00:00+00:00,506.687,506.727,505.526,506.097,109303901.67,1362
2024-02-27 15:00:00+00:00,506.097,506.557,505.587,506.126,172197616.58,1363
2024-02-27 16:00:00+00:00,506.146,506.157,505.466,505.897,131891555.79,1364
2024-02-27 17:00:00+00:00,505.896,505.996,504.986,505.046,92128837.59,1365
2024-02-27 18:00:00+00:00,505.026,505.876,504.737,505.766,116679283.14,1366
2024-02-27 19:00:00+00:00,505.787,506.697,505.717,506.646,99194168.09,1367
2024-02-27 20:00:00+00:00,506.647,507.147,506.216,506.896,96723609.92,1368
2024-02-27 21:00:00+00:00,506.647,507.147,506.216,506.896,96723609.92,1369
2024-02-27 22:00:00+00:00,506.647,507.147,506.216,506.896,96723609.92,1370
2024-02-27 23:00:00+00:00,506.647,507.147,506.216,506.896,96723609.92,1371
2024-02-28 00:00:00+00:00,506.647,507.147,506.216,506.896,96723609.92,1372
2024-02-28 01:00:00+00:00,506.647,507.147,506.216,506.896,96723609.92,1373
2024-02-28 02:00:00+00:00,506.647,507.147,506.216,506.896,96723609.92,1374
2024-02-28 03:00:00+00:00,506.647,507.147,506.216,506.896,96723609.92,1375
2024-02-28 04:00:00+00:00,506.647,507.147,506.216,506.896,96723609.92,1376
2024-02-28 05:00:00+00:00,506.647,507.147,506.216,506.896,96723609.92,1377
2024-02-28 06:00:00+00:00,506.647,507.147,506.216,506.896,96723609.92,1378
2024-02-28 07:00:00+00:00,506.647,507.147,506.216,506.896,96723609.92,1379
2024-02-28 08:00:00+00:00,506.647,507.147,506.216,506.896,96723609.92,1380
2024-02-28 09:00:00+00:00,506.647,507.147,506.216,506.896,96723609.92,1381
2024-02-28 10:00:00+00:00,506.647,507.147,506.216,506.896,96723609.92,1382
2024-02-28 11:00:00+00:00,506.647,507.147,506.216,506.896,96723609.92,1383
2024-02-28 12:00:00+00:00,506.647,507.147,506.216,506.896,96723609.92,1384
2024-02-28 13:00:00+00:00,506.647,507.147,506.216,506.896,96723609.92,1385
2024-02-28 14:00:00+00:00,505.306,505.816,504.957,505.317,114129302.98,1386
2024-02-28 15:00:00+00:00,505.316,506.506,505.226,506.467,159734634.4,1387
2024-02-28 16:00:00+00:00,506.486,506.847,506.156,506.556,110304420.47,1388
2024-02-28 17:00:00+00:00,506.556,506.667,505.436,505.867,109557716.37,1389
2024-02-28 18:00:00+00:00,505.866,506.767,505.486,506.617,85647697.45,1390
2024-02-28 19:00:00+00:00,506.636,506.687,505.157,505.827,125420562.74,1391
2024-02-28 20:00:00+00:00,505.837,506.256,505.336,506.216,106563133.24,1392
2024-02-28 21:00:00+00:00,505.837,506.256,505.336,506.216,106563133.24,1393
2024-02-28 22:00:00+00:00,505.837,506.256,505.336,506.216,106563133.24,1394
2024-02-28 23:00:00+00:00,505.837,506.256,505.336,506.216,106563133.24,1395
2024-02-29 00:00:00+00:00,505.837,506.256,505.336,506.216,106563133.24,1396
2024-02-29 01:00:00+00:00,505.837,506.256,505.336,506.216,106563133.24,1397
2024-02-29 02:00:00+00:00,505.837,506.256,505.336,506.216,106563133.24,1398
2024-02-29 03:00:00+00:00,505.837,506.256,505.336,506.216,106563133.24,1399
2024-02-29 04:00:00+00:00,505.837,506.256,505.336,506.216,106563133.24,1400
2024-02-29 05:00:00+00:00,505.837,506.256,505.336,506.216,106563133.24,1401
2024-02-29 06:00:00+00:00,505.837,506.256,505.336,506.216,106563133.24,1402
2024-02-29 07:00:00+00:00,505.837,506.256,505.336,506.216,106563133.24,1403
2024-02-29 08:00:00+00:00,505.837,506.256,505.336,506.216,106563133.24,1404
2024-02-29 09:00:00+00:00,505.837,506.256,505.336,506.216,106563133.24,1405
2024-02-29 10:00:00+00:00,505.837,506.256,505.336,506.216,106563133.24,1406
2024-02-29 11:00:00+00:00,505.837,506.256,505.336,506.216,106563133.24,1407
2024-02-29 12:00:00+00:00,505.837,506.256,505.336,506.216,106563133.24,1408
2024-02-29 13:00:00+00:00,505.837,506.256,505.336,506.216,106563133.24,1409
2024-02-29 14:00:00+00:00,508.056,508.837,508.056,508.496,93915176.39,1410
2024-02-29 15:00:00+00:00,508.487,508.737,506.796,507.437,201825912.48,1411
2024-02-29 16:00:00+00:00,507.447,507.717,505.337,506.647,199648956.3,1412
2024-02-29 17:00:00+00:00,506.637,507.427,506.496,507.356,150581466.67,1413
2024-02-29 18:00:00+00:00,507.357,507.887,507.347,507.797,88105850.22,1414
2024-02-29 19:00:00+00:00,507.796,508.287,507.156,507.737,102936233.52,1415
2024-02-29 20:00:00+00:00,507.736,509.726,507.636,508.297,115196411.13,1416
2024-02-29 21:00:00+00:00,507.736,509.726,507.636,508.297,115196411.13,1417
2024-02-29 22:00:00+00:00,507.736,509.726,507.636,508.297,115196411.13,1418
2024-02-29 23:00:00+00:00,507.736,509.726,507.636,508.297,115196411.13,1419
2024-03-01 00:00:00+00:00,507.736,509.726,507.636,508.297,115196411.13,1420
2024-03-01 01:00:00+00:00,507.736,509.726,507.636,508.297,115196411.13,1421
2024-03-01 02:00:00+00:00,507.736,509.726,507.636,508.297,115196411.13,1422
2024-03-01 03:00:00+00:00,507.736,509.726,507.636,508.297,115196411.13,1423
2024-03-01 04:00:00+00:00,507.736,509.726,507.636,508.297,115196411.13,1424
2024-03-01 05:00:00+00:00,507.736,509.726,507.636,508.297,115196411.13,1425
2024-03-01 06:00:00+00:00,507.736,509.726,507.636,508.297,115196411.13,1426
2024-03-01 07:00:00+00:00,507.736,509.726,507.636,508.297,115196411.13,1427
2024-03-01 08:00:00+00:00,507.736,509.726,507.636,508.297,115196411.13,1428
2024-03-01 09:00:00+00:00,507.736,509.726,507.636,508.297,115196411.13,1429
2024-03-01 10:00:00+00:00,507.736,509.726,507.636,508.297,115196411.13,1430
2024-03-01 11:00:00+00:00,507.736,509.726,507.636,508.297,115196411.13,1431
2024-03-01 12:00:00+00:00,507.736,509.726,507.636,508.297,115196411.13,1432
2024-03-01 13:00:00+00:00,507.736,509.726,507.636,508.297,115196411.13,1433
2024-03-01 14:00:00+00:00,508.947,509.546,508.556,509.047,119274108.89,1434
2024-03-01 15:00:00+00:00,509.086,510.827,508.656,510.647,212221221.92,1435
2024-03-01 16:00:00+00:00,510.707,511.367,510.137,511.137,135165283.2,1436
2024-03-01 17:00:00+00:00,511.147,512.047,510.696,511.807,102405166.63,1437
2024-03-01 18:00:00+00:00,511.817,512.687,511.667,512.606,86254981.99,1438
2024-03-01 19:00:00+00:00,512.606,513.276,512.546,513.087,104412117.0,1439
2024-03-01 20:00:00+00:00,513.066,513.127,512.317,512.816,122251358.03,1440
2024-03-01 21:00:00+00:00,513.066,513.127,512.317,512.816,122251358.03,1441
2024-03-01 22:00:00+00:00,513.066,513.127,512.317,512.816,122251358.03,1442
2024-03-01 23:00:00+00:00,513.066,513.127,512.317,512.816,122251358.03,1443
2024-03-02 00:00:00+00:00,513.066,513.127,512.317,512.816,122251358.03,1444
2024-03-02 01:00:00+00:00,513.066,513.127,512.317,512.816,122251358.03,1445
2024-03-02 02:00:00+00:00,513.066,513.127,512.317,512.816,122251358.03,1446
2024-03-02 03:00:00+00:00,513.066,513.127,512.317,512.816,122251358.03,1447
2024-03-02 04:00:00+00:00,513.066,513.127,512.317,512.816,122251358.03,1448
2024-03-02 05:00:00+00:00,513.066,513.127,512.317,512.816,122251358.03,1449
2024-03-02 06:00:00+00:00,513.066,513.127,512.317,512.816,122251358.03,1450
2024-03-02 07:00:00+00:00,513.066,513.127,512.317,512.816,122251358.03,1451
2024-03-02 08:00:00+00:00,513.066,513.127,512.317,512.816,122251358.03,1452
2024-03-02 09:00:00+00:00,513.066,513.127,512.317,512.816,122251358.03,1453
2024-03-02 10:00:00+00:00,513.066,513.127,512.317,512.816,122251358.03,1454
2024-03-02 11:00:00+00:00,513.066,513.127,512.317,512.816,122251358.03,1455
2024-03-02 12:00:00+00:00,513.066,513.127,512.317,512.816,122251358.03,1456
2024-03-02 13:00:00+00:00,513.066,513.127,512.317,512.816,122251358.03,1457
2024-03-02 14:00:00+00:00,513.066,513.127,512.317,512.816,122251358.03,1458
2024-03-02 15:00:00+00:00,513.066,513.127,512.317,512.816,122251358.03,1459
2024-03-02 16:00:00+00:00,513.066,513.127,512.317,512.816,122251358.03,1460
2024-03-02 17:00:00+00:00,513.066,513.127,512.317,512.816,122251358.03,1461
2024-03-02 18:00:00+00:00,513.066,513.127,512.317,512.816,122251358.03,1462
2024-03-02 19:00:00+00:00,513.066,513.127,512.317,512.816,122251358.03,1463
2024-03-02 20:00:00+00:00,513.066,513.127,512.317,512.816,122251358.03,1464
2024-03-02 21:00:00+00:00,513.066,513.127,512.317,512.816,122251358.03,1465
2024-03-02 22:00:00+00:00,513.066,513.127,512.317,512.816,122251358.03,1466
2024-03-02 23:00:00+00:00,513.066,513.127,512.317,512.816,122251358.03,1467
2024-03-03 00:00:00+00:00,513.066,513.127,512.317,512.816,122251358.03,1468
2024-03-03 01:00:00+00:00,513.066,513.127,512.317,512.816,122251358.03,1469
2024-03-03 02:00:00+00:00,513.066,513.127,512.317,512.816,122251358.03,1470
2024-03-03 03:00:00+00:00,513.066,513.127,512.317,512.816,122251358.03,1471
2024-03-03 04:00:00+00:00,513.066,513.127,512.317,512.816,122251358.03,1472
2024-03-03 05:00:00+00:00,513.066,513.127,512.317,512.816,122251358.03,1473
2024-03-03 06:00:00+00:00,513.066,513.127,512.317,512.816,122251358.03,1474
2024-03-03 07:00:00+00:00,513.066,513.127,512.317,512.816,122251358.03,1475
2024-03-03 08:00:00+00:00,513.066,513.127,512.317,512.816,122251358.03,1476
2024-03-03 09:00:00+00:00,513.066,513.127,512.317,512.816,122251358.03,1477
2024-03-03 10:00:00+00:00,513.066,513.127,512.317,512.816,122251358.03,1478
2024-03-03 11:00:00+00:00,513.066,513.127,512.317,512.816,122251358.03,1479
2024-03-03 12:00:00+00:00,513.066,513.127,512.317,512.816,122251358.03,1480
2024-03-03 13:00:00+00:00,513.066,513.127,512.317,512.816,122251358.03,1481
2024-03-03 14:00:00+00:00,513.066,513.127,512.317,512.816,122251358.03,1482
2024-03-03 15:00:00+00:00,513.066,513.127,512.317,512.816,122251358.03,1483
2024-03-03 16:00:00+00:00,513.066,513.127,512.317,512.816,122251358.03,1484
2024-03-03 17:00:00+00:00,513.066,513.127,512.317,512.816,122251358.03,1485
2024-03-03 18:00:00+00:00,513.066,513.127,512.317,512.816,122251358.03,1486
2024-03-03 19:00:00+00:00,513.066,513.127,512.317,512.816,122251358.03,1487
2024-03-03 20:00:00+00:00,513.066,513.127,512.317,512.816,122251358.03,1488
2024-03-03 21:00:00+00:00,513.066,513.127,512.317,512.816,122251358.03,1489
2024-03-03 22:00:00+00:00,513.066,513.127,512.317,512.816,122251358.03,1490
2024-03-03 23:00:00+00:00,513.066,513.127,512.317,512.816,122251358.03,1491
2024-03-04 00:00:00+00:00,513.066,513.127,512.317,512.816,122251358.03,1492
2024-03-04 01:00:00+00:00,513.066,513.127,512.317,512.816,122251358.03,1493
2024-03-04 02:00:00+00:00,513.066,513.127,512.317,512.816,122251358.03,1494
2024-03-04 03:00:00+00:00,513.066,513.127,512.317,512.816,122251358.03,1495
2024-03-04 04:00:00+00:00,513.066,513.127,512.317,512.816,122251358.03,1496
2024-03-04 05:00:00+00:00,513.066,513.127,512.317,512.816,122251358.03,1497
2024-03-04 06:00:00+00:00,513.066,513.127,512.317,512.816,122251358.03,1498
2024-03-04 07:00:00+00:00,513.066,513.127,512.317,512.816,122251358.03,1499
2024-03-04 08:00:00+00:00,513.066,513.127,512.317,512.816,122251358.03,1500
2024-03-04 09:00:00+00:00,513.066,513.127,512.317,512.816,122251358.03,1501
2024-03-04 10:00:00+00:00,513.066,513.127,512.317,512.816,122251358.03,1502
2024-03-04 11:00:00+00:00,513.066,513.127,512.317,512.816,122251358.03,1503
2024-03-04 12:00:00+00:00,513.066,513.127,512.317,512.816,122251358.03,1504
2024-03-04 13:00:00+00:00,513.066,513.127,512.317,512.816,122251358.03,1505
2024-03-04 14:00:00+00:00,512.026,512.606,511.996,512.486,92805252.08,1506
2024-03-04 15:00:00+00:00,512.486,512.867,512.067,512.657,105953948.97,1507
2024-03-04 16:00:00+00:00,512.666,512.807,512.156,512.716,89945968.63,1508
2024-03-04 17:00:00+00:00,512.706,513.167,512.476,512.947,77181510.93,1509
2024-03-04 18:00:00+00:00,512.946,513.067,512.336,512.756,72413452.15,1510
2024-03-04 19:00:00+00:00,512.747,514.116,512.586,513.797,79775756.84,1511
2024-03-04 20:00:00+00:00,513.796,514.177,512.186,512.246,126533477.78,1512
2024-03-04 21:00:00+00:00,513.796,514.177,512.186,512.246,126533477.78,1513
2024-03-04 22:00:00+00:00,513.796,514.177,512.186,512.246,126533477.78,1514
2024-03-04 23:00:00+00:00,513.796,514.177,512.186,512.246,126533477.78,1515
2024-03-05 00:00:00+00:00,513.796,514.177,512.186,512.246,126533477.78,1516
2024-03-05 01:00:00+00:00,513.796,514.177,512.186,512.246,126533477.78,1517
2024-03-05 02:00:00+00:00,513.796,514.177,512.186,512.246,126533477.78,1518
2024-03-05 03:00:00+00:00,513.796,514.177,512.186,512.246,126533477.78,1519
2024-03-05 04:00:00+00:00,513.796,514.177,512.186,512.246,126533477.78,1520
2024-03-05 05:00:00+00:00,513.796,514.177,512.186,512.246,126533477.78,1521
2024-03-05 06:00:00+00:00,513.796,514.177,512.186,512.246,126533477.78,1522
2024-03-05 07:00:00+00:00,513.796,514.177,512.186,512.246,126533477.78,1523
2024-03-05 08:00:00+00:00,513.796,514.177,512.186,512.246,126533477.78,1524
2024-03-05 09:00:00+00:00,513.796,514.177,512.186,512.246,126533477.78,1525
2024-03-05 10:00:00+00:00,513.796,514.177,512.186,512.246,126533477.78,1526
2024-03-05 11:00:00+00:00,513.796,514.177,512.186,512.246,126533477.78,1527
2024-03-05 12:00:00+00:00,513.796,514.177,512.186,512.246,126533477.78,1528
2024-03-05 13:00:00+00:00,513.796,514.177,512.186,512.246,126533477.78,1529
2024-03-05 14:00:00+00:00,510.216,510.307,509.307,509.656,117681671.14,1530
2024-03-05 15:00:00+00:00,509.696,510.697,507.506,508.106,234380554.2,1531
2024-03-05 16:00:00+00:00,508.117,508.397,506.956,507.667,158395614.62,1532
2024-03-05 17:00:00+00:00,507.677,508.506,507.527,507.996,127649909.97,1533
2024-03-05 18:00:00+00:00,508.007,508.147,506.666,506.757,140719436.65,1534
2024-03-05 19:00:00+00:00,506.746,507.366,505.566,505.707,148271957.4,1535
2024-03-05 20:00:00+00:00,505.697,507.357,504.897,507.087,174577774.05,1536
2024-03-05 21:00:00+00:00,505.697,507.357,504.897,507.087,174577774.05,1537
2024-03-05 22:00:00+00:00,505.697,507.357,504.897,507.087,174577774.05,1538
2024-03-05 23:00:00+00:00,505.697,507.357,504.897,507.087,174577774.05,1539
2024-03-06 00:00:00+00:00,505.697,507.357,504.897,507.087,174577774.05,1540
2024-03-06 01:00:00+00:00,505.697,507.357,504.897,507.087,174577774.05,1541
2024-03-06 02:00:00+00:00,505.697,507.357,504.897,507.087,174577774.05,1542
2024-03-06 03:00:00+00:00,505.697,507.357,504.897,507.087,174577774.05,1543
2024-03-06 04:00:00+00:00,505.697,507.357,504.897,507.087,174577774.05,1544
2024-03-06 05:00:00+00:00,505.697,507.357,504.897,507.087,174577774.05,1545
2024-03-06 06:00:00+00:00,505.697,507.357,504.897,507.087,174577774.05,1546
2024-03-06 07:00:00+00:00,505.697,507.357,504.897,507.087,174577774.05,1547
2024-03-06 08:00:00+00:00,505.697,507.357,504.897,507.087,174577774.05,1548
2024-03-06 09:00:00+00:00,505.697,507.357,504.897,507.087,174577774.05,1549
2024-03-06 10:00:00+00:00,505.697,507.357,504.897,507.087,174577774.05,1550
2024-03-06 11:00:00+00:00,505.697,507.357,504.897,507.087,174577774.05,1551
2024-03-06 12:00:00+00:00,505.697,507.357,504.897,507.087,174577774.05,1552
2024-03-06 13:00:00+00:00,505.697,507.357,504.897,507.087,174577774.05,1553
2024-03-06 14:00:00+00:00,510.567,510.847,509.617,509.896,102327468.87,1554
2024-03-06 15:00:00+00:00,509.896,510.567,508.407,510.447,233028823.85,1555
2024-03-06 16:00:00+00:00,510.467,511.637,510.466,511.206,148978607.18,1556
2024-03-06 17:00:00+00:00,511.216,512.057,511.037,511.316,127647560.12,1557
2024-03-06 18:00:00+00:00,511.316,511.937,509.146,510.146,203186492.92,1558
2024-03-06 19:00:00+00:00,510.146,510.407,508.506,509.247,285174957.28,1559
2024-03-06 20:00:00+00:00,509.227,510.267,508.566,509.847,241957916.26,1560
2024-03-06 21:00:00+00:00,509.227,510.267,508.566,509.847,241957916.26,1561
2024-03-06 22:00:00+00:00,509.227,510.267,508.566,509.847,241957916.26,1562
2024-03-06 23:00:00+00:00,509.227,510.267,508.566,509.847,241957916.26,1563
2024-03-07 00:00:00+00:00,509.227,510.267,508.566,509.847,241957916.26,1564
2024-03-07 01:00:00+00:00,509.227,510.267,508.566,509.847,241957916.26,1565
2024-03-07 02:00:00+00:00,509.227,510.267,508.566,509.847,241957916.26,1566
2024-03-07 03:00:00+00:00,509.227,510.267,508.566,509.847,241957916.26,1567
2024-03-07 04:00:00+00:00,509.227,510.267,508.566,509.847,241957916.26,1568
2024-03-07 05:00:00+00:00,509.227,510.267,508.566,509.847,241957916.26,1569
2024-03-07 06:00:00+00:00,509.227,510.267,508.566,509.847,241957916.26,1570
2024-03-07 07:00:00+00:00,509.227,510.267,508.566,509.847,241957916.26,1571
2024-03-07 08:00:00+00:00,509.227,510.267,508.566,509.847,241957916.26,1572
2024-03-07 09:00:00+00:00,509.227,510.267,508.566,509.847,241957916.26,1573
2024-03-07 10:00:00+00:00,509.227,510.267,508.566,509.847,241957916.26,1574
2024-03-07 11:00:00+00:00,509.227,510.267,508.566,509.847,241957916.26,1575
2024-03-07 12:00:00+00:00,509.227,510.267,508.566,509.847,241957916.26,1576
2024-03-07 13:00:00+00:00,509.227,510.267,508.566,509.847,241957916.26,1577
2024-03-07 14:00:00+00:00,513.127,513.627,512.176,513.407,119065719.6,1578
2024-03-07 15:00:00+00:00,513.407,514.856,512.996,514.346,183205551.15,1579
2024-03-07 16:00:00+00:00,514.346,514.716,513.747,514.607,131743164.06,1580
2024-03-07 17:00:00+00:00,514.607,514.947,514.017,514.536,91620658.87,1581
2024-03-07 18:00:00+00:00,514.546,515.876,514.236,515.696,81592422.49,1582
2024-03-07 19:00:00+00:00,515.707,515.857,514.746,514.897,83306030.27,1583
2024-03-07 20:00:00+00:00,514.886,515.637,514.057,514.876,139141098.02,1584
2024-03-07 21:00:00+00:00,514.886,515.637,514.057,514.876,139141098.02,1585
2024-03-07 22:00:00+00:00,514.886,515.637,514.057,514.876,139141098.02,1586
2024-03-07 23:00:00+00:00,514.886,515.637,514.057,514.876,139141098.02,1587
2024-03-08 00:00:00+00:00,514.886,515.637,514.057,514.876,139141098.02,1588
2024-03-08 01:00:00+00:00,514.886,515.637,514.057,514.876,139141098.02,1589
2024-03-08 02:00:00+00:00,514.886,515.637,514.057,514.876,139141098.02,1590
2024-03-08 03:00:00+00:00,514.886,515.637,514.057,514.876,139141098.02,1591
2024-03-08 04:00:00+00:00,514.886,515.637,514.057,514.876,139141098.02,1592
2024-03-08 05:00:00+00:00,514.886,515.637,514.057,514.876,139141098.02,1593
2024-03-08 06:00:00+00:00,514.886,515.637,514.057,514.876,139141098.02,1594
2024-03-08 07:00:00+00:00,514.886,515.637,514.057,514.876,139141098.02,1595
2024-03-08 08:00:00+00:00,514.886,515.637,514.057,514.876,139141098.02,1596
2024-03-08 09:00:00+00:00,514.886,515.637,514.057,514.876,139141098.02,1597
2024-03-08 10:00:00+00:00,514.886,515.637,514.057,514.876,139141098.02,1598
2024-03-08 11:00:00+00:00,514.886,515.637,514.057,514.876,139141098.02,1599
2024-03-08 12:00:00+00:00,514.886,515.637,514.057,514.876,139141098.02,1600
2024-03-08 13:00:00+00:00,514.886,515.637,514.057,514.876,139141098.02,1601
2024-03-08 14:00:00+00:00,515.457,517.796,515.297,517.747,154028640.75,1602
2024-03-08 15:00:00+00:00,517.756,518.217,516.926,517.556,247404190.06,1603
2024-03-08 16:00:00+00:00,517.537,517.617,513.936,514.016,312824554.44,1604
2024-03-08 17:00:00+00:00,514.006,514.896,512.297,512.527,287637725.83,1605
2024-03-08 18:00:00+00:00,512.536,513.246,511.126,511.696,249839553.83,1606
2024-03-08 19:00:00+00:00,511.717,514.427,511.626,513.827,200945312.5,1607
2024-03-08 20:00:00+00:00,513.816,514.377,511.717,511.737,243074218.75,1608
2024-03-08 21:00:00+00:00,513.816,514.377,511.717,511.737,243074218.75,1609
2024-03-08 22:00:00+00:00,513.816,514.377,511.717,511.737,243074218.75,1610
2024-03-08 23:00:00+00:00,513.816,514.377,511.717,511.737,243074218.75,1611
2024-03-09 00:00:00+00:00,513.816,514.377,511.717,511.737,243074218.75,1612
2024-03-09 01:00:00+00:00,513.816,514.377,511.717,511.737,243074218.75,1613
2024-03-09 02:00:00+00:00,513.816,514.377,511.717,511.737,243074218.75,1614
2024-03-09 03:00:00+00:00,513.816,514.377,511.717,511.737,243074218.75,1615
2024-03-09 04:00:00+00:00,513.816,514.377,511.717,511.737,243074218.75,1616
2024-03-09 05:00:00+00:00,513.816,514.377,511.717,511.737,243074218.75,1617
2024-03-09 06:00:00+00:00,513.816,514.377,511.717,511.737,243074218.75,1618
2024-03-09 07:00:00+00:00,513.816,514.377,511.717,511.737,243074218.75,1619
2024-03-09 08:00:00+00:00,513.816,514.377,511.717,511.737,243074218.75,1620
2024-03-09 09:00:00+00:00,513.816,514.377,511.717,511.737,243074218.75,1621
2024-03-09 10:00:00+00:00,513.816,514.377,511.717,511.737,243074218.75,1622
2024-03-09 11:00:00+00:00,513.816,514.377,511.717,511.737,243074218.75,1623
2024-03-09 12:00:00+00:00,513.816,514.377,511.717,511.737,243074218.75,1624
2024-03-09 13:00:00+00:00,513.816,514.377,511.717,511.737,243074218.75,1625
2024-03-09 14:00:00+00:00,513.816,514.377,511.717,511.737,243074218.75,1626
2024-03-09 15:00:00+00:00,513.816,514.377,511.717,511.737,243074218.75,1627
2024-03-09 16:00:00+00:00,513.816,514.377,511.717,511.737,243074218.75,1628
2024-03-09 17:00:00+00:00,513.816,514.377,511.717,511.737,243074218.75,1629
2024-03-09 18:00:00+00:00,513.816,514.377,511.717,511.737,243074218.75,1630
2024-03-09 19:00:00+00:00,513.816,514.377,511.717,511.737,243074218.75,1631
2024-03-09 20:00:00+00:00,513.816,514.377,511.717,511.737,243074218.75,1632
2024-03-09 21:00:00+00:00,513.816,514.377,511.717,511.737,243074218.75,1633
2024-03-09 22:00:00+00:00,513.816,514.377,511.717,511.737,243074218.75,1634
2024-03-09 23:00:00+00:00,513.816,514.377,511.717,511.737,243074218.75,1635
2024-03-10 00:00:00+00:00,513.816,514.377,511.717,511.737,243074218.75,1636
2024-03-10 01:00:00+00:00,513.816,514.377,511.717,511.737,243074218.75,1637
2024-03-10 02:00:00+00:00,513.816,514.377,511.717,511.737,243074218.75,1638
2024-03-10 03:00:00+00:00,513.816,514.377,511.717,511.737,243074218.75,1639
2024-03-10 04:00:00+00:00,513.816,514.377,511.717,511.737,243074218.75,1640
2024-03-10 05:00:00+00:00,513.816,514.377,511.717,511.737,243074218.75,1641
2024-03-10 06:00:00+00:00,513.816,514.377,511.717,511.737,243074218.75,1642
2024-03-10 07:00:00+00:00,513.816,514.377,511.717,511.737,243074218.75,1643
2024-03-10 08:00:00+00:00,513.816,514.377,511.717,511.737,243074218.75,1644
2024-03-10 09:00:00+00:00,513.816,514.377,511.717,511.737,243074218.75,1645
2024-03-10 10:00:00+00:00,513.816,514.377,511.717,511.737,243074218.75,1646
2024-03-10 11:00:00+00:00,513.816,514.377,511.717,511.737,243074218.75,1647
2024-03-10 12:00:00+00:00,513.816,514.377,511.717,511.737,243074218.75,1648
2024-03-10 13:00:00+00:00,513.816,514.377,511.717,511.737,243074218.75,1649
2024-03-10 14:00:00+00:00,513.816,514.377,511.717,511.737,243074218.75,1650
2024-03-10 15:00:00+00:00,513.816,514.377,511.717,511.737,243074218.75,1651
2024-03-10 16:00:00+00:00,513.816,514.377,511.717,511.737,243074218.75,1652
2024-03-10 17:00:00+00:00,513.816,514.377,511.717,511.737,243074218.75,1653
2024-03-10 18:00:00+00:00,513.816,514.377,511.717,511.737,243074218.75,1654
2024-03-10 19:00:00+00:00,513.816,514.377,511.717,511.737,243074218.75,1655
2024-03-10 20:00:00+00:00,513.816,514.377,511.717,511.737,243074218.75,1656
2024-03-10 21:00:00+00:00,513.816,514.377,511.717,511.737,243074218.75,1657
2024-03-10 22:00:00+00:00,513.816,514.377,511.717,511.737,243074218.75,1658
2024-03-10 23:00:00+00:00,513.816,514.377,511.717,511.737,243074218.75,1659
2024-03-11 00:00:00+00:00,513.816,514.377,511.717,511.737,243074218.75,1660
2024-03-11 01:00:00+00:00,513.816,514.377,511.717,511.737,243074218.75,1661
2024-03-11 02:00:00+00:00,513.816,514.377,511.717,511.737,243074218.75,1662
2024-03-11 03:00:00+00:00,513.816,514.377,511.717,511.737,243074218.75,1663
2024-03-11 04:00:00+00:00,513.816,514.377,511.717,511.737,243074218.75,1664
2024-03-11 05:00:00+00:00,513.816,514.377,511.717,511.737,243074218.75,1665
2024-03-11 06:00:00+00:00,513.816,514.377,511.717,511.737,243074218.75,1666
2024-03-11 07:00:00+00:00,513.816,514.377,511.717,511.737,243074218.75,1667
2024-03-11 08:00:00+00:00,513.816,514.377,511.717,511.737,243074218.75,1668
2024-03-11 09:00:00+00:00,513.816,514.377,511.717,511.737,243074218.75,1669
2024-03-11 10:00:00+00:00,513.816,514.377,511.717,511.737,243074218.75,1670
2024-03-11 11:00:00+00:00,513.816,514.377,511.717,511.737,243074218.75,1671
2024-03-11 12:00:00+00:00,513.816,514.377,511.717,511.737,243074218.75,1672
2024-03-11 13:00:00+00:00,510.467,510.936,509.416,509.416,175101715.09,1673
2024-03-11 14:00:00+00:00,509.436,510.716,508.506,510.577,260499694.82,1674
2024-03-11 15:00:00+00:00,510.586,510.886,509.186,510.827,217615493.77,1675
2024-03-11 16:00:00+00:00,510.837,511.146,509.967,510.986,168658523.56,1676
2024-03-11 17:00:00+00:00,510.987,511.537,510.196,511.036,159097045.9,1677
2024-03-11 18:00:00+00:00,511.046,511.847,510.686,511.597,143503234.86,1678
2024-03-11 19:00:00+00:00,511.596,511.607,510.477,511.247,159291244.51,1679
2024-03-11 20:00:00+00:00,511.596,511.607,510.477,511.247,159291244.51,1680
2024-03-11 21:00:00+00:00,511.596,511.607,510.477,511.247,159291244.51,1681
2024-03-11 22:00:00+00:00,511.596,511.607,510.477,511.247,159291244.51,1682
2024-03-11 23:00:00+00:00,511.596,511.607,510.477,511.247,159291244.51,1683
2024-03-12 00:00:00+00:00,511.596,511.607,510.477,511.247,159291244.51,1684
2024-03-12 01:00:00+00:00,511.596,511.607,510.477,511.247,159291244.51,1685
2024-03-12 02:00:00+00:00,511.596,511.607,510.477,511.247,159291244.51,1686
2024-03-12 03:00:00+00:00,511.596,511.607,510.477,511.247,159291244.51,1687
2024-03-12 04:00:00+00:00,511.596,511.607,510.477,511.247,159291244.51,1688
2024-03-12 05:00:00+00:00,511.596,511.607,510.477,511.247,159291244.51,1689
2024-03-12 06:00:00+00:00,511.596,511.607,510.477,511.247,159291244.51,1690
2024-03-12 07:00:00+00:00,511.596,511.607,510.477,511.247,159291244.51,1691
2024-03-12 08:00:00+00:00,511.596,511.607,510.477,511.247,159291244.51,1692
2024-03-12 09:00:00+00:00,511.596,511.607,510.477,511.247,159291244.51,1693
2024-03-12 10:00:00+00:00,511.596,511.607,510.477,511.247,159291244.51,1694
2024-03-12 11:00:00+00:00,511.596,511.607,510.477,511.247,159291244.51,1695
2024-03-12 12:00:00+00:00,511.596,511.607,510.477,511.247,159291244.51,1696
2024-03-12 13:00:00+00:00,513.417,513.776,510.847,513.437,167539184.57,1697
2024-03-12 14:00:00+00:00,513.426,516.477,512.996,515.926,220404342.65,1698
2024-03-12 15:00:00+00:00,515.947,516.527,515.167,515.866,175004440.31,1699
2024-03-12 16:00:00+00:00,515.857,515.947,513.536,514.387,170623596.19,1700
2024-03-12 17:00:00+00:00,514.407,515.787,513.626,515.596,167107391.36,1701
2024-03-12 18:00:00+00:00,515.607,516.976,515.497,516.737,133481140.14,1702
2024-03-12 19:00:00+00:00,516.747,517.367,516.406,516.806,127856040.95,1703
2024-03-12 20:00:00+00:00,516.747,517.367,516.406,516.806,127856040.95,1704
2024-03-12 21:00:00+00:00,516.747,517.367,516.406,516.806,127856040.95,1705
2024-03-12 22:00:00+00:00,516.747,517.367,516.406,516.806,127856040.95,1706
2024-03-12 23:00:00+00:00,516.747,517.367,516.406,516.806,127856040.95,1707
2024-03-13 00:00:00+00:00,516.747,517.367,516.406,516.806,127856040.95,1708
2024-03-13 01:00:00+00:00,516.747,517.367,516.406,516.806,127856040.95,1709
2024-03-13 02:00:00+00:00,516.747,517.367,516.406,516.806,127856040.95,1710
2024-03-13 03:00:00+00:00,516.747,517.367,516.406,516.806,127856040.95,1711
2024-03-13 04:00:00+00:00,516.747,517.367,516.406,516.806,127856040.95,1712
2024-03-13 05:00:00+00:00,516.747,517.367,516.406,516.806,127856040.95,1713
2024-03-13 06:00:00+00:00,516.747,517.367,516.406,516.806,127856040.95,1714
2024-03-13 07:00:00+00:00,516.747,517.367,516.406,516.806,127856040.95,1715
2024-03-13 08:00:00+00:00,516.747,517.367,516.406,516.806,127856040.95,1716
2024-03-13 09:00:00+00:00,516.747,517.367,516.406,516.806,127856040.95,1717
2024-03-13 10:00:00+00:00,516.747,517.367,516.406,516.806,127856040.95,1718
2024-03-13 11:00:00+00:00,516.747,517.367,516.406,516.806,127856040.95,1719
2024-03-13 12:00:00+00:00,516.747,517.367,516.406,516.806,127856040.95,1720
2024-03-13 13:00:00+00:00,517.087,517.097,515.967,516.066,110684913.64,1721
2024-03-13 14:00:00+00:00,516.097,516.767,515.687,516.197,170940719.6,1722
2024-03-13 15:00:00+00:00,516.207,516.707,515.836,516.417,130745407.1,1723
2024-03-13 16:00:00+00:00,516.426,516.657,516.066,516.436,89880126.95,1724
2024-03-13 17:00:00+00:00,516.447,517.277,516.337,517.077,120328933.72,1725
2024-03-13 18:00:00+00:00,517.046,517.177,516.396,516.486,99690567.02,1726
2024-03-13 19:00:00+00:00,516.476,516.677,514.477,515.986,176427703.86,1727
2024-03-13 20:00:00+00:00,516.476,516.677,514.477,515.986,176427703.86,1728
2024-03-13 21:00:00+00:00,516.476,516.677,514.477,515.986,176427703.86,1729
2024-03-13 22:00:00+00:00,516.476,516.677,514.477,515.986,176427703.86,1730
2024-03-13 23:00:00+00:00,516.476,516.677,514.477,515.986,176427703.86,1731
2024-03-14 00:00:00+00:00,516.476,516.677,514.477,515.986,176427703.86,1732
2024-03-14 01:00:00+00:00,516.476,516.677,514.477,515.986,176427703.86,1733
2024-03-14 02:00:00+00:00,516.476,516.677,514.477,515.986,176427703.86,1734
2024-03-14 03:00:00+00:00,516.476,516.677,514.477,515.986,176427703.86,1735
2024-03-14 04:00:00+00:00,516.476,516.677,514.477,515.986,176427703.86,1736
2024-03-14 05:00:00+00:00,516.476,516.677,514.477,515.986,176427703.86,1737
2024-03-14 06:00:00+00:00,516.476,516.677,514.477,515.986,176427703.86,1738
2024-03-14 07:00:00+00:00,516.476,516.677,514.477,515.986,176427703.86,1739
2024-03-14 08:00:00+00:00,516.476,516.677,514.477,515.986,176427703.86,1740
2024-03-14 09:00:00+00:00,516.476,516.677,514.477,515.986,176427703.86,1741
2024-03-14 10:00:00+00:00,516.476,516.677,514.477,515.986,176427703.86,1742
2024-03-14 11:00:00+00:00,516.476,516.677,514.477,515.986,176427703.86,1743
2024-03-14 12:00:00+00:00,516.476,516.677,514.477,515.986,176427703.86,1744
2024-03-14 13:00:00+00:00,516.956,517.117,513.936,513.966,148995697.02,1745
2024-03-14 14:00:00+00:00,513.977,515.596,513.366,514.627,253916152.95,1746
2024-03-14 15:00:00+00:00,514.626,515.397,514.046,514.976,224045593.26,1747
2024-03-14 16:00:00+00:00,514.987,515.136,513.836,513.887,185226806.64,1748
2024-03-14 17:00:00+00:00,513.917,514.586,512.746,514.527,171478958.13,1749
2024-03-14 18:00:00+00:00,514.516,515.186,513.826,513.886,158142395.02,1750
2024-03-14 19:00:00+00:00,513.877,514.946,511.816,514.946,231524337.77,1751
2024-03-14 20:00:00+00:00,513.877,514.946,511.816,514.946,231524337.77,1752
2024-03-14 21:00:00+00:00,513.877,514.946,511.816,514.946,231524337.77,1753
2024-03-14 22:00:00+00:00,513.877,514.946,511.816,514.946,231524337.77,1754
2024-03-14 23:00:00+00:00,513.877,514.946,511.816,514.946,231524337.77,1755
2024-03-15 00:00:00+00:00,513.877,514.946,511.816,514.946,231524337.77,1756
2024-03-15 01:00:00+00:00,513.877,514.946,511.816,514.946,231524337.77,1757
2024-03-15 02:00:00+00:00,513.877,514.946,511.816,514.946,231524337.77,1758
2024-03-15 03:00:00+00:00,513.877,514.946,511.816,514.946,231524337.77,1759
2024-03-15 04:00:00+00:00,513.877,514.946,511.816,514.946,231524337.77,1760
2024-03-15 05:00:00+00:00,513.877,514.946,511.816,514.946,231524337.77,1761
2024-03-15 06:00:00+00:00,513.877,514.946,511.816,514.946,231524337.77,1762
2024-03-15 07:00:00+00:00,513.877,514.946,511.816,514.946,231524337.77,1763
2024-03-15 08:00:00+00:00,513.877,514.946,511.816,514.946,231524337.77,1764
2024-03-15 09:00:00+00:00,513.877,514.946,511.816,514.946,231524337.77,1765
2024-03-15 10:00:00+00:00,513.877,514.946,511.816,514.946,231524337.77,1766
2024-03-15 11:00:00+00:00,513.877,514.946,511.816,514.946,231524337.77,1767
2024-03-15 12:00:00+00:00,513.877,514.946,511.816,514.946,231524337.77,1768
2024-03-15 13:00:00+00:00,510.087,511.316,509.617,509.786,150644073.49,1769
2024-03-15 14:00:00+00:00,509.787,511.687,508.866,511.067,288795288.09,1770
2024-03-15 15:00:00+00:00,511.077,511.176,509.546,509.696,192732192.99,1771
2024-03-15 16:00:00+00:00,509.706,509.877,508.346,508.456,156953796.39,1772
2024-03-15 17:00:00+00:00,508.447,509.937,508.416,509.907,149378158.57,1773
2024-03-15 18:00:00+00:00,509.906,510.536,509.166,510.187,155561981.2,1774
2024-03-15 19:00:00+00:00,510.177,510.517,509.216,509.736,152003997.8,1775
2024-03-15 20:00:00+00:00,510.177,510.517,509.216,509.736,152003997.8,1776
2024-03-15 21:00:00+00:00,510.177,510.517,509.216,509.736,152003997.8,1777
2024-03-15 22:00:00+00:00,510.177,510.517,509.216,509.736,152003997.8,1778
2024-03-15 23:00:00+00:00,510.177,510.517,509.216,509.736,152003997.8,1779
2024-03-16 00:00:00+00:00,510.177,510.517,509.216,509.736,152003997.8,1780
2024-03-16 01:00:00+00:00,510.177,510.517,509.216,509.736,152003997.8,1781
2024-03-16 02:00:00+00:00,510.177,510.517,509.216,509.736,152003997.8,1782
2024-03-16 03:00:00+00:00,510.177,510.517,509.216,509.736,152003997.8,1783
2024-03-16 04:00:00+00:00,510.177,510.517,509.216,509.736,152003997.8,1784
2024-03-16 05:00:00+00:00,510.177,510.517,509.216,509.736,152003997.8,1785
2024-03-16 06:00:00+00:00,510.177,510.517,509.216,509.736,152003997.8,1786
2024-03-16 07:00:00+00:00,510.177,510.517,509.216,509.736,152003997.8,1787
2024-03-16 08:00:00+00:00,510.177,510.517,509.216,509.736,152003997.8,1788
2024-03-16 09:00:00+00:00,510.177,510.517,509.216,509.736,152003997.8,1789
2024-03-16 10:00:00+00:00,510.177,510.517,509.216,509.736,152003997.8,1790
2024-03-16 11:00:00+00:00,510.177,510.517,509.216,509.736,152003997.8,1791
2024-03-16 12:00:00+00:00,510.177,510.517,509.216,509.736,152003997.8,1792
2024-03-16 13:00:00+00:00,510.177,510.517,509.216,509.736,152003997.8,1793
2024-03-16 14:00:00+00:00,510.177,510.517,509.216,509.736,152003997.8,1794
2024-03-16 15:00:00+00:00,510.177,510.517,509.216,509.736,152003997.8,1795
2024-03-16 16:00:00+00:00,510.177,510.517,509.216,509.736,152003997.8,1796
2024-03-16 17:00:00+00:00,510.177,510.517,509.216,509.736,152003997.8,1797
2024-03-16 18:00:00+00:00,510.177,510.517,509.216,509.736,152003997.8,1798
2024-03-16 19:00:00+00:00,510.177,510.517,509.216,509.736,152003997.8,1799
2024-03-16 20:00:00+00:00,510.177,510.517,509.216,509.736,152003997.8,1800
2024-03-16 21:00:00+00:00,510.177,510.517,509.216,509.736,152003997.8,1801
2024-03-16 22:00:00+00:00,510.177,510.517,509.216,509.736,152003997.8,1802
2024-03-16 23:00:00+00:00,510.177,510.517,509.216,509.736,152003997.8,1803
2024-03-17 00:00:00+00:00,510.177,510.517,509.216,509.736,152003997.8,1804
2024-03-17 01:00:00+00:00,510.177,510.517,509.216,509.736,152003997.8,1805
2024-03-17 02:00:00+00:00,510.177,510.517,509.216,509.736,152003997.8,1806
2024-03-17 03:00:00+00:00,510.177,510.517,509.216,509.736,152003997.8,1807
2024-03-17 04:00:00+00:00,510.177,510.517,509.216,509.736,152003997.8,1808
2024-03-17 05:00:00+00:00,510.177,510.517,509.216,509.736,152003997.8,1809
2024-03-17 06:00:00+00:00,510.177,510.517,509.216,509.736,152003997.8,1810
2024-03-17 07:00:00+00:00,510.177,510.517,509.216,509.736,152003997.8,1811
2024-03-17 08:00:00+00:00,510.177,510.517,509.216,509.736,152003997.8,1812
2024-03-17 09:00:00+00:00,510.177,510.517,509.216,509.736,152003997.8,1813
2024-03-17 10:00:00+00:00,510.177,510.517,509.216,509.736,152003997.8,1814
2024-03-17 11:00:00+00:00,510.177,510.517,509.216,509.736,152003997.8,1815
2024-03-17 12:00:00+00:00,510.177,510.517,509.216,509.736,152003997.8,1816
2024-03-17 13:00:00+00:00,510.177,510.517,509.216,509.736,152003997.8,1817
2024-03-17 14:00:00+00:00,510.177,510.517,509.216,509.736,152003997.8,1818
2024-03-17 15:00:00+00:00,510.177,510.517,509.216,509.736,152003997.8,1819
2024-03-17 16:00:00+00:00,510.177,510.517,509.216,509.736,152003997.8,1820
2024-03-17 17:00:00+00:00,510.177,510.517,509.216,509.736,152003997.8,1821
2024-03-17 18:00:00+00:00,510.177,510.517,509.216,509.736,152003997.8,1822
2024-03-17 19:00:00+00:00,510.177,510.517,509.216,509.736,152003997.8,1823
2024-03-17 20:00:00+00:00,510.177,510.517,509.216,509.736,152003997.8,1824
2024-03-17 21:00:00+00:00,510.177,510.517,509.216,509.736,152003997.8,1825
2024-03-17 22:00:00+00:00,510.177,510.517,509.216,509.736,152003997.8,1826
2024-03-17 23:00:00+00:00,510.177,510.517,509.216,509.736,152003997.8,1827
2024-03-18 00:00:00+00:00,510.177,510.517,509.216,509.736,152003997.8,1828
2024-03-18 01:00:00+00:00,510.177,510.517,509.216,509.736,152003997.8,1829
2024-03-18 02:00:00+00:00,510.177,510.517,509.216,509.736,152003997.8,1830
2024-03-18 03:00:00+00:00,510.177,510.517,509.216,509.736,152003997.8,1831
2024-03-18 04:00:00+00:00,510.177,510.517,509.216,509.736,152003997.8,1832
2024-03-18 05:00:00+00:00,510.177,510.517,509.216,509.736,152003997.8,1833
2024-03-18 06:00:00+00:00,510.177,510.517,509.216,509.736,152003997.8,1834
2024-03-18 07:00:00+00:00,510.177,510.517,509.216,509.736,152003997.8,1835
2024-03-18 08:00:00+00:00,510.177,510.517,509.216,509.736,152003997.8,1836
2024-03-18 09:00:00+00:00,510.177,510.517,509.216,509.736,152003997.8,1837
2024-03-18 10:00:00+00:00,510.177,510.517,509.216,509.736,152003997.8,1838
2024-03-18 11:00:00+00:00,510.177,510.517,509.216,509.736,152003997.8,1839
2024-03-18 12:00:00+00:00,510.177,510.517,509.216,509.736,152003997.8,1840
2024-03-18 13:00:00+00:00,513.986,514.827,513.747,513.817,114611999.51,1841
2024-03-18 14:00:00+00:00,513.826,515.466,513.806,515.127,165143997.19,1842
2024-03-18 15:00:00+00:00,515.126,515.207,513.896,514.217,142679992.68,1843
2024-03-18 16:00:00+00:00,514.216,514.507,513.466,513.507,134639999.39,1844
2024-03-18 17:00:00+00:00,513.517,514.236,513.287,513.797,109164001.46,1845
2024-03-18 18:00:00+00:00,513.807,514.387,513.206,513.777,115583999.63,1846
2024-03-18 19:00:00+00:00,513.776,514.136,512.446,512.856,108804000.85,1847
2024-03-18 20:00:00+00:00,513.776,514.136,512.446,512.856,108804000.85,1848
2024-03-18 21:00:00+00:00,513.776,514.136,512.446,512.856,108804000.85,1849
2024-03-18 22:00:00+00:00,513.776,514.136,512.446,512.856,108804000.85,1850
2024-03-18 23:00:00+00:00,513.776,514.136,512.446,512.856,108804000.85,1851
2024-03-19 00:00:00+00:00,513.776,514.136,512.446,512.856,108804000.85,1852
2024-03-19 01:00:00+00:00,513.776,514.136,512.446,512.856,108804000.85,1853
2024-03-19 02:00:00+00:00,513.776,514.136,512.446,512.856,108804000.85,1854
2024-03-19 03:00:00+00:00,513.776,514.136,512.446,512.856,108804000.85,1855
2024-03-19 04:00:00+00:00,513.776,514.136,512.446,512.856,108804000.85,1856
2024-03-19 05:00:00+00:00,513.776,514.136,512.446,512.856,108804000.85,1857
2024-03-19 06:00:00+00:00,513.776,514.136,512.446,512.856,108804000.85,1858
2024-03-19 07:00:00+00:00,513.776,514.136,512.446,512.856,108804000.85,1859
2024-03-19 08:00:00+00:00,513.776,514.136,512.446,512.856,108804000.85,1860
2024-03-19 09:00:00+00:00,513.776,514.136,512.446,512.856,108804000.85,1861
2024-03-19 10:00:00+00:00,513.776,514.136,512.446,512.856,108804000.85,1862
2024-03-19 11:00:00+00:00,513.776,514.136,512.446,512.856,108804000.85,1863
2024-03-19 12:00:00+00:00,513.776,514.136,512.446,512.856,108804000.85,1864
2024-03-19 13:00:00+00:00,512.147,512.147,511.116,511.667,144156005.86,1865
2024-03-19 14:00:00+00:00,511.677,512.597,511.207,512.216,181404006.96,1866
2024-03-19 15:00:00+00:00,512.227,513.417,512.147,513.176,121391998.29,1867
2024-03-19 16:00:00+00:00,513.167,515.117,512.986,514.667,109092002.87,1868
2024-03-19 17:00:00+00:00,514.676,515.417,514.356,514.987,128244003.3,1869
2024-03-19 18:00:00+00:00,514.987,515.337,514.497,514.876,105900001.53,1870
2024-03-19 19:00:00+00:00,514.877,515.977,514.216,515.747,151535995.48,1871
2024-03-19 20:00:00+00:00,514.877,515.977,514.216,515.747,151535995.48,1872
2024-03-19 21:00:00+00:00,514.877,515.977,514.216,515.747,151535995.48,1873
2024-03-19 22:00:00+00:00,514.877,515.977,514.216,515.747,151535995.48,1874
2024-03-19 23:00:00+00:00,514.877,515.977,514.216,515.747,151535995.48,1875
2024-03-20 00:00:00+00:00,514.877,515.977,514.216,515.747,151535995.48,1876
2024-03-20 01:00:00+00:00,514.877,515.977,514.216,515.747,151535995.48,1877
2024-03-20 02:00:00+00:00,514.877,515.977,514.216,515.747,151535995.48,1878
2024-03-20 03:00:00+00:00,514.877,515.977,514.216,515.747,151535995.48,1879
2024-03-20 04:00:00+00:00,514.877,515.977,514.216,515.747,151535995.48,1880
2024-03-20 05:00:00+00:00,514.877,515.977,514.216,515.747,151535995.48,1881
2024-03-20 06:00:00+00:00,514.877,515.977,514.216,515.747,151535995.48,1882
2024-03-20 07:00:00+00:00,514.877,515.977,514.216,515.747,151535995.48,1883
2024-03-20 08:00:00+00:00,514.877,515.977,514.216,515.747,151535995.48,1884
2024-03-20 09:00:00+00:00,514.877,515.977,514.216,515.747,151535995.48,1885
2024-03-20 10:00:00+00:00,514.877,515.977,514.216,515.747,151535995.48,1886
2024-03-20 11:00:00+00:00,514.877,515.977,514.216,515.747,151535995.48,1887
2024-03-20 12:00:00+00:00,514.877,515.977,514.216,515.747,151535995.48,1888
2024-03-20 13:00:00+00:00,515.767,515.987,515.197,515.417,101375999.45,1889
2024-03-20 14:00:00+00:00,515.437,516.436,515.336,515.866,119772003.17,1890
2024-03-20 15:00:00+00:00,515.876,516.326,515.567,515.906,79272003.17,1891
2024-03-20 16:00:00+00:00,515.897,516.146,515.386,516.137,73716003.42,1892
2024-03-20 17:00:00+00:00,516.137,516.137,515.077,515.417,72947998.05,1893
2024-03-20 18:00:00+00:00,515.417,519.537,515.417,518.917,354851989.75,1894
2024-03-20 19:00:00+00:00,518.946,520.607,518.836,520.466,257220001.22,1895
2024-03-20 20:00:00+00:00,518.946,520.607,518.836,520.466,257220001.22,1896
2024-03-20 21:00:00+00:00,518.946,520.607,518.836,520.466,257220001.22,1897
2024-03-20 22:00:00+00:00,518.946,520.607,518.836,520.466,257220001.22,1898
2024-03-20 23:00:00+00:00,518.946,520.607,518.836,520.466,257220001.22,1899
2024-03-21 00:00:00+00:00,518.946,520.607,518.836,520.466,257220001.22,1900
2024-03-21 01:00:00+00:00,518.946,520.607,518.836,520.466,257220001.22,1901
2024-03-21 02:00:00+00:00,518.946,520.607,518.836,520.466,257220001.22,1902
2024-03-21 03:00:00+00:00,518.946,520.607,518.836,520.466,257220001.22,1903
2024-03-21 04:00:00+00:00,518.946,520.607,518.836,520.466,257220001.22,1904
2024-03-21 05:00:00+00:00,518.946,520.607,518.836,520.466,257220001.22,1905
2024-03-21 06:00:00+00:00,518.946,520.607,518.836,520.466,257220001.22,1906
2024-03-21 07:00:00+00:00,518.946,520.607,518.836,520.466,257220001.22,1907
2024-03-21 08:00:00+00:00,518.946,520.607,518.836,520.466,257220001.22,1908
2024-03-21 09:00:00+00:00,518.946,520.607,518.836,520.466,257220001.22,1909
2024-03-21 10:00:00+00:00,518.946,520.607,518.836,520.466,257220001.22,1910
2024-03-21 11:00:00+00:00,518.946,520.607,518.836,520.466,257220001.22,1911
2024-03-21 12:00:00+00:00,518.946,520.607,518.836,520.466,257220001.22,1912
2024-03-21 13:00:00+00:00,523.396,523.997,522.766,523.427,118860000.61,1913
2024-03-21 14:00:00+00:00,523.376,523.967,523.146,523.586,168996002.2,1914
2024-03-21 15:00:00+00:00,523.586,523.917,523.006,523.746,119136001.59,1915
2024-03-21 16:00:00+00:00,523.736,524.097,523.426,523.737,79800003.05,1916
2024-03-21 17:00:00+00:00,523.737,523.746,522.727,522.807,98339996.34,1917
2024-03-21 18:00:00+00:00,522.797,523.107,522.026,522.316,115379997.25,1918
2024-03-21 19:00:00+00:00,522.306,523.136,521.906,522.087,119903999.33,1919
2024-03-21 20:00:00+00:00,522.306,523.136,521.906,522.087,119903999.33,1920
2024-03-21 21:00:00+00:00,522.306,523.136,521.906,522.087,119903999.33,1921
2024-03-21 22:00:00+00:00,522.306,523.136,521.906,522.087,119903999.33,1922
2024-03-21 23:00:00+00:00,522.306,523.136,521.906,522.087,119903999.33,1923
2024-03-22 00:00:00+00:00,522.306,523.136,521.906,522.087,119903999.33,1924
2024-03-22 01:00:00+00:00,522.306,523.136,521.906,522.087,119903999.33,1925
2024-03-22 02:00:00+00:00,522.306,523.136,521.906,522.087,119903999.33,1926
2024-03-22 03:00:00+00:00,522.306,523.136,521.906,522.087,119903999.33,1927
2024-03-22 04:00:00+00:00,522.306,523.136,521.906,522.087,119903999.33,1928
2024-03-22 05:00:00+00:00,522.306,523.136,521.906,522.087,119903999.33,1929
2024-03-22 06:00:00+00:00,522.306,523.136,521.906,522.087,119903999.33,1930
2024-03-22 07:00:00+00:00,522.306,523.136,521.906,522.087,119903999.33,1931
2024-03-22 08:00:00+00:00,522.306,523.136,521.906,522.087,119903999.33,1932
2024-03-22 09:00:00+00:00,522.306,523.136,521.906,522.087,119903999.33,1933
2024-03-22 10:00:00+00:00,522.306,523.136,521.906,522.087,119903999.33,1934
2024-03-22 11:00:00+00:00,522.306,523.136,521.906,522.087,119903999.33,1935
2024-03-22 12:00:00+00:00,522.306,523.136,521.906,522.087,119903999.33,1936
2024-03-22 13:00:00+00:00,522.077,522.427,521.416,521.766,129264007.57,1937
2024-03-22 14:00:00+00:00,521.787,522.297,521.016,521.056,155675994.87,1938
2024-03-22 15:00:00+00:00,521.046,521.827,521.027,521.667,91835998.54,1939
2024-03-22 16:00:00+00:00,521.676,521.856,520.976,521.827,78120002.75,1940
2024-03-22 17:00:00+00:00,521.836,522.567,521.746,522.536,76295997.62,1941
2024-03-22 18:00:00+00:00,522.527,522.597,521.946,522.157,90552001.95,1942
2024-03-22 19:00:00+00:00,522.166,522.347,521.117,521.237,118356002.81,1943
2024-03-22 20:00:00+00:00,522.166,522.347,521.117,521.237,118356002.81,1944
2024-03-22 21:00:00+00:00,522.166,522.347,521.117,521.237,118356002.81,1945
2024-03-22 22:00:00+00:00,522.166,522.347,521.117,521.237,118356002.81,1946
2024-03-22 23:00:00+00:00,522.166,522.347,521.117,521.237,118356002.81,1947
2024-03-23 00:00:00+00:00,522.166,522.347,521.117,521.237,118356002.81,1948
2024-03-23 01:00:00+00:00,522.166,522.347,521.117,521.237,118356002.81,1949
2024-03-23 02:00:00+00:00,522.166,522.347,521.117,521.237,118356002.81,1950
2024-03-23 03:00:00+00:00,522.166,522.347,521.117,521.237,118356002.81,1951
2024-03-23 04:00:00+00:00,522.166,522.347,521.117,521.237,118356002.81,1952
2024-03-23 05:00:00+00:00,522.166,522.347,521.117,521.237,118356002.81,1953
2024-03-23 06:00:00+00:00,522.166,522.347,521.117,521.237,118356002.81,1954
2024-03-23 07:00:00+00:00,522.166,522.347,521.117,521.237,118356002.81,1955
2024-03-23 08:00:00+00:00,522.166,522.347,521.117,521.237,118356002.81,1956
2024-03-23 09:00:00+00:00,522.166,522.347,521.117,521.237,118356002.81,1957
2024-03-23 10:00:00+00:00,522.166,522.347,521.117,521.237,118356002.81,1958
2024-03-23 11:00:00+00:00,522.166,522.347,521.117,521.237,118356002.81,1959
2024-03-23 12:00:00+00:00,522.166,522.347,521.117,521.237,118356002.81,1960
2024-03-23 13:00:00+00:00,522.166,522.347,521.117,521.237,118356002.81,1961
2024-03-23 14:00:00+00:00,522.166,522.347,521.117,521.237,118356002.81,1962
2024-03-23 15:00:00+00:00,522.166,522.347,521.117,521.237,118356002.81,1963
2024-03-23 16:00:00+00:00,522.166,522.347,521.117,521.237,118356002.81,1964
2024-03-23 17:00:00+00:00,522.166,522.347,521.117,521.237,118356002.81,1965
2024-03-23 18:00:00+00:00,522.166,522.347,521.117,521.237,118356002.81,1966
2024-03-23 19:00:00+00:00,522.166,522.347,521.117,521.237,118356002.81,1967
2024-03-23 20:00:00+00:00,522.166,522.347,521.117,521.237,118356002.81,1968
2024-03-23 21:00:00+00:00,522.166,522.347,521.117,521.237,118356002.81,1969
2024-03-23 22:00:00+00:00,522.166,522.347,521.117,521.237,118356002.81,1970
2024-03-23 23:00:00+00:00,522.166,522.347,521.117,521.237,118356002.81,1971
2024-03-24 00:00:00+00:00,522.166,522.347,521.117,521.237,118356002.81,1972
2024-03-24 01:00:00+00:00,522.166,522.347,521.117,521.237,118356002.81,1973
2024-03-24 02:00:00+00:00,522.166,522.347,521.117,521.237,118356002.81,1974
2024-03-24 03:00:00+00:00,522.166,522.347,521.117,521.237,118356002.81,1975
2024-03-24 04:00:00+00:00,522.166,522.347,521.117,521.237,118356002.81,1976
2024-03-24 05:00:00+00:00,522.166,522.347,521.117,521.237,118356002.81,1977
2024-03-24 06:00:00+00:00,522.166,522.347,521.117,521.237,118356002.81,1978
2024-03-24 07:00:00+00:00,522.166,522.347,521.117,521.237,118356002.81,1979
2024-03-24 08:00:00+00:00,522.166,522.347,521.117,521.237,118356002.81,1980
2024-03-24 09:00:00+00:00,522.166,522.347,521.117,521.237,118356002.81,1981
2024-03-24 10:00:00+00:00,522.166,522.347,521.117,521.237,118356002.81,1982
2024-03-24 11:00:00+00:00,522.166,522.347,521.117,521.237,118356002.81,1983
2024-03-24 12:00:00+00:00,522.166,522.347,521.117,521.237,118356002.81,1984
2024-03-24 13:00:00+00:00,522.166,522.347,521.117,521.237,118356002.81,1985
2024-03-24 14:00:00+00:00,522.166,522.347,521.117,521.237,118356002.81,1986
2024-03-24 15:00:00+00:00,522.166,522.347,521.117,521.237,118356002.81,1987
2024-03-24 16:00:00+00:00,522.166,522.347,521.117,521.237,118356002.81,1988
2024-03-24 17:00:00+00:00,522.166,522.347,521.117,521.237,118356002.81,1989
2024-03-24 18:00:00+00:00,522.166,522.347,521.117,521.237,118356002.81,1990
2024-03-24 19:00:00+00:00,522.166,522.347,521.117,521.237,118356002.81,1991
2024-03-24 20:00:00+00:00,522.166,522.347,521.117,521.237,118356002.81,1992
2024-03-24 21:00:00+00:00,522.166,522.347,521.117,521.237,118356002.81,1993
2024-03-24 22:00:00+00:00,522.166,522.347,521.117,521.237,118356002.81,1994
2024-03-24 23:00:00+00:00,522.166,522.347,521.117,521.237,118356002.81,1995
2024-03-25 00:00:00+00:00,522.166,522.347,521.117,521.237,118356002.81,1996
2024-03-25 01:00:00+00:00,522.166,522.347,521.117,521.237,118356002.81,1997
2024-03-25 02:00:00+00:00,522.166,522.347,521.117,521.237,118356002.81,1998
2024-03-25 03:00:00+00:00,522.166,522.347,521.117,521.237,118356002.81,1999
2024-03-25 04:00:00+00:00,522.166,522.347,521.117,521.237,118356002.81,2000
2024-03-25 05:00:00+00:00,522.166,522.347,521.117,521.237,118356002.81,2001
2024-03-25 06:00:00+00:00,522.166,522.347,521.117,521.237,118356002.81,2002
2024-03-25 07:00:00+00:00,522.166,522.347,521.117,521.237,118356002.81,2003
2024-03-25 08:00:00+00:00,522.166,522.347,521.117,521.237,118356002.81,2004
2024-03-25 09:00:00+00:00,522.166,522.347,521.117,521.237,118356002.81,2005
2024-03-25 10:00:00+00:00,522.166,522.347,521.117,521.237,118356002.81,2006
2024-03-25 11:00:00+00:00,522.166,522.347,521.117,521.237,118356002.81,2007
2024-03-25 12:00:00+00:00,522.166,522.347,521.117,521.237,118356002.81,2008
2024-03-25 13:00:00+00:00,519.747,520.377,519.596,520.277,101291999.82,2009
2024-03-25 14:00:00+00:00,520.246,520.877,520.046,520.627,132132003.78,2010
2024-03-25 15:00:00+00:00,520.637,520.847,520.366,520.587,108360000.61,2011
2024-03-25 16:00:00+00:00,520.587,520.687,520.226,520.427,87648002.62,2012
2024-03-25 17:00:00+00:00,520.447,520.697,520.107,520.646,71075996.4,2013
2024-03-25 18:00:00+00:00,520.656,520.946,520.556,520.807,54108001.71,2014
2024-03-25 19:00:00+00:00,520.807,520.817,519.666,519.807,90311996.46,2015
2024-03-25 20:00:00+00:00,520.807,520.817,519.666,519.807,90311996.46,2016
2024-03-25 21:00:00+00:00,520.807,520.817,519.666,519.807,90311996.46,2017
2024-03-25 22:00:00+00:00,520.807,520.817,519.666,519.807,90311996.46,2018
2024-03-25 23:00:00+00:00,520.807,520.817,519.666,519.807,90311996.46,2019
2024-03-26 00:00:00+00:00,520.807,520.817,519.666,519.807,90311996.46,2020
2024-03-26 01:00:00+00:00,520.807,520.817,519.666,519.807,90311996.46,2021
2024-03-26 02:00:00+00:00,520.807,520.817,519.666,519.807,90311996.46,2022
2024-03-26 03:00:00+00:00,520.807,520.817,519.666,519.807,90311996.46,2023
2024-03-26 04:00:00+00:00,520.807,520.817,519.666,519.807,90311996.46,2024
2024-03-26 05:00:00+00:00,520.807,520.817,519.666,519.807,90311996.46,2025
2024-03-26 06:00:00+00:00,520.807,520.817,519.666,519.807,90311996.46,2026
2024-03-26 07:00:00+00:00,520.807,520.817,519.666,519.807,90311996.46,2027
2024-03-26 08:00:00+00:00,520.807,520.817,519.666,519.807,90311996.46,2028
2024-03-26 09:00:00+00:00,520.807,520.817,519.666,519.807,90311996.46,2029
2024-03-26 10:00:00+00:00,520.807,520.817,519.666,519.807,90311996.46,2030
2024-03-26 11:00:00+00:00,520.807,520.817,519.666,519.807,90311996.46,2031
2024-03-26 12:00:00+00:00,520.807,520.817,519.666,519.807,90311996.46,2032
2024-03-26 13:00:00+00:00,521.216,521.427,520.827,521.216,88632003.78,2033
2024-03-26 14:00:00+00:00,521.226,521.546,520.656,521.286,146783996.58,2034
2024-03-26 15:00:00+00:00,521.287,521.446,521.056,521.387,91632003.78,2035
2024-03-26 16:00:00+00:00,521.377,521.457,520.737,520.867,66575996.4,2036
2024-03-26 17:00:00+00:00,520.857,521.007,520.477,520.647,64236000.06,2037
2024-03-26 18:00:00+00:00,520.626,521.037,520.626,520.847,53580001.83,2038
2024-03-26 19:00:00+00:00,520.857,520.897,518.386,518.717,123047996.52,2039
2024-03-26 20:00:00+00:00,520.857,520.897,518.386,518.717,123047996.52,2040
2024-03-26 21:00:00+00:00,520.857,520.897,518.386,518.717,123047996.52,2041
2024-03-26 22:00:00+00:00,520.857,520.897,518.386,518.717,123047996.52,2042
2024-03-26 23:00:00+00:00,520.857,520.897,518.386,518.717,123047996.52,2043
2024-03-27 00:00:00+00:00,520.857,520.897,518.386,518.717,123047996.52,2044
2024-03-27 01:00:00+00:00,520.857,520.897,518.386,518.717,123047996.52,2045
2024-03-27 02:00:00+00:00,520.857,520.897,518.386,518.717,123047996.52,2046
2024-03-27 03:00:00+00:00,520.857,520.897,518.386,518.717,123047996.52,2047
2024-03-27 04:00:00+00:00,520.857,520.897,518.386,518.717,123047996.52,2048
2024-03-27 05:00:00+00:00,520.857,520.897,518.386,518.717,123047996.52,2049
2024-03-27 06:00:00+00:00,520.857,520.897,518.386,518.717,123047996.52,2050
2024-03-27 07:00:00+00:00,520.857,520.897,518.386,518.717,123047996.52,2051
2024-03-27 08:00:00+00:00,520.857,520.897,518.386,518.717,123047996.52,2052
2024-03-27 09:00:00+00:00,520.857,520.897,518.386,518.717,123047996.52,2053
2024-03-27 10:00:00+00:00,520.857,520.897,518.386,518.717,123047996.52,2054
2024-03-27 11:00:00+00:00,520.857,520.897,518.386,518.717,123047996.52,2055
2024-03-27 12:00:00+00:00,520.857,520.897,518.386,518.717,123047996.52,2056
2024-03-27 13:00:00+00:00,521.717,521.767,520.726,520.877,94788002.01,2057
2024-03-27 14:00:00+00:00,520.886,520.937,519.617,519.837,149988006.59,2058
2024-03-27 15:00:00+00:00,519.817,520.147,519.516,519.537,101328002.93,2059
2024-03-27 16:00:00+00:00,519.526,520.457,519.476,520.297,82307998.66,2060
2024-03-27 17:00:00+00:00,520.297,520.467,519.716,520.177,77087997.44,2061
2024-03-27 18:00:00+00:00,520.167,520.967,520.016,520.256,67068000.79,2062
2024-03-27 19:00:00+00:00,520.266,523.187,519.836,523.166,144899993.9,2063
2024-03-27 20:00:00+00:00,520.266,523.187,519.836,523.166,144899993.9,2064
2024-03-27 21:00:00+00:00,520.266,523.187,519.836,523.166,144899993.9,2065
2024-03-27 22:00:00+00:00,520.266,523.187,519.836,523.166,144899993.9,2066
2024-03-27 23:00:00+00:00,520.266,523.187,519.836,523.166,144899993.9,2067
2024-03-28 00:00:00+00:00,520.266,523.187,519.836,523.166,144899993.9,2068
2024-03-28 01:00:00+00:00,520.266,523.187,519.836,523.166,144899993.9,2069
2024-03-28 02:00:00+00:00,520.266,523.187,519.836,523.166,144899993.9,2070
2024-03-28 03:00:00+00:00,520.266,523.187,519.836,523.166,144899993.9,2071
2024-03-28 04:00:00+00:00,520.266,523.187,519.836,523.166,144899993.9,2072
2024-03-28 05:00:00+00:00,520.266,523.187,519.836,523.166,144899993.9,2073
2024-03-28 06:00:00+00:00,520.266,523.187,519.836,523.166,144899993.9,2074
2024-03-28 07:00:00+00:00,520.266,523.187,519.836,523.166,144899993.9,2075
2024-03-28 08:00:00+00:00,520.266,523.187,519.836,523.166,144899993.9,2076
2024-03-28 09:00:00+00:00,520.266,523.187,519.836,523.166,144899993.9,2077
2024-03-28 10:00:00+00:00,520.266,523.187,519.836,523.166,144899993.9,2078
2024-03-28 11:00:00+00:00,520.266,523.187,519.836,523.166,144899993.9,2079
2024-03-28 12:00:00+00:00,520.266,523.187,519.836,523.166,144899993.9,2080
2024-03-28 13:00:00+00:00,523.207,523.666,522.776,523.207,84132003.78,2081
2024-03-28 14:00:00+00:00,523.237,523.697,522.916,523.426,113676002.5,2082
2024-03-28 15:00:00+00:00,523.417,523.717,523.156,523.586,69251998.9,2083
2024-03-28 16:00:00+00:00,523.577,523.587,523.067,523.346,63743999.48,2084
2024-03-28 17:00:00+00:00,523.336,523.476,522.917,523.347,54203998.57,2085
2024-03-28 18:00:00+00:00,523.347,524.276,523.016,524.126,55763999.94,2086
2024-03-28 19:00:00+00:00,524.126,524.597,523.576,523.926,129828002.93,2087
2024-03-28 20:00:00+00:00,524.126,524.597,523.576,523.926,129828002.93,2088
2024-03-28 21:00:00+00:00,524.126,524.597,523.576,523.926,129828002.93,2089
2024-03-28 22:00:00+00:00,524.126,524.597,523.576,523.926,129828002.93,2090
2024-03-28 23:00:00+00:00,524.126,524.597,523.576,523.926,129828002.93,2091
2024-03-29 00:00:00+00:00,524.126,524.597,523.576,523.926,129828002.93,2092
2024-03-29 01:00:00+00:00,524.126,524.597,523.576,523.926,129828002.93,2093
2024-03-29 02:00:00+00:00,524.126,524.597,523.576,523.926,129828002.93,2094
2024-03-29 03:00:00+00:00,524.126,524.597,523.576,523.926,129828002.93,2095
2024-03-29 04:00:00+00:00,524.126,524.597,523.576,523.926,129828002.93,2096
2024-03-29 05:00:00+00:00,524.126,524.597,523.576,523.926,129828002.93,2097
2024-03-29 06:00:00+00:00,524.126,524.597,523.576,523.926,129828002.93,2098
2024-03-29 07:00:00+00:00,524.126,524.597,523.576,523.926,129828002.93,2099
2024-03-29 08:00:00+00:00,524.126,524.597,523.576,523.926,129828002.93,2100
2024-03-29 09:00:00+00:00,524.126,524.597,523.576,523.926,129828002.93,2101
2024-03-29 10:00:00+00:00,524.126,524.597,523.576,523.926,129828002.93,2102
2024-03-29 11:00:00+00:00,524.126,524.597,523.576,523.926,129828002.93,2103
2024-03-29 12:00:00+00:00,524.126,524.597,523.576,523.926,129828002.93,2104
2024-03-29 13:00:00+00:00,524.126,524.597,523.576,523.926,129828002.93,2105
2024-03-29 14:00:00+00:00,524.126,524.597,523.576,523.926,129828002.93,2106
2024-03-29 15:00:00+00:00,524.126,524.597,523.576,523.926,129828002.93,2107
2024-03-29 16:00:00+00:00,524.126,524.597,523.576,523.926,129828002.93,2108
2024-03-29 17:00:00+00:00,524.126,524.597,523.576,523.926,129828002.93,2109
2024-03-29 18:00:00+00:00,524.126,524.597,523.576,523.926,129828002.93,2110
2024-03-29 19:00:00+00:00,524.126,524.597,523.576,523.926,129828002.93,2111
2024-03-29 20:00:00+00:00,524.126,524.597,523.576,523.926,129828002.93,2112
2024-03-29 21:00:00+00:00,524.126,524.597,523.576,523.926,129828002.93,2113
2024-03-29 22:00:00+00:00,524.126,524.597,523.576,523.926,129828002.93,2114
2024-03-29 23:00:00+00:00,524.126,524.597,523.576,523.926,129828002.93,2115
2024-03-30 00:00:00+00:00,524.126,524.597,523.576,523.926,129828002.93,2116
2024-03-30 01:00:00+00:00,524.126,524.597,523.576,523.926,129828002.93,2117
2024-03-30 02:00:00+00:00,524.126,524.597,523.576,523.926,129828002.93,2118
2024-03-30 03:00:00+00:00,524.126,524.597,523.576,523.926,129828002.93,2119
2024-03-30 04:00:00+00:00,524.126,524.597,523.576,523.926,129828002.93,2120
2024-03-30 05:00:00+00:00,524.126,524.597,523.576,523.926,129828002.93,2121
2024-03-30 06:00:00+00:00,524.126,524.597,523.576,523.926,129828002.93,2122
2024-03-30 07:00:00+00:00,524.126,524.597,523.576,523.926,129828002.93,2123
2024-03-30 08:00:00+00:00,524.126,524.597,523.576,523.926,129828002.93,2124
2024-03-30 09:00:00+00:00,524.126,524.597,523.576,523.926,129828002.93,2125
2024-03-30 10:00:00+00:00,524.126,524.597,523.576,523.926,129828002.93,2126
2024-03-30 11:00:00+00:00,524.126,524.597,523.576,523.926,129828002.93,2127
2024-03-30 12:00:00+00:00,524.126,524.597,523.576,523.926,129828002.93,2128
2024-03-30 13:00:00+00:00,524.126,524.597,523.576,523.926,129828002.93,2129
2024-03-30 14:00:00+00:00,524.126,524.597,523.576,523.926,129828002.93,2130
2024-03-30 15:00:00+00:00,524.126,524.597,523.576,523.926,129828002.93,2131
2024-03-30 16:00:00+00:00,524.126,524.597,523.576,523.926,129828002.93,2132
2024-03-30 17:00:00+00:00,524.126,524.597,523.576,523.926,129828002.93,2133
2024-03-30 18:00:00+00:00,524.126,524.597,523.576,523.926,129828002.93,2134
2024-03-30 19:00:00+00:00,524.126,524.597,523.576,523.926,129828002.93,2135
2024-03-30 20:00:00+00:00,524.126,524.597,523.576,523.926,129828002.93,2136
2024-03-30 21:00:00+00:00,524.126,524.597,523.576,523.926,129828002.93,2137
2024-03-30 22:00:00+00:00,524.126,524.597,523.576,523.926,129828002.93,2138
2024-03-30 23:00:00+00:00,524.126,524.597,523.576,523.926,129828002.93,2139
2024-03-31 00:00:00+00:00,524.126,524.597,523.576,523.926,129828002.93,2140
2024-03-31 01:00:00+00:00,524.126,524.597,523.576,523.926,129828002.93,2141
2024-03-31 02:00:00+00:00,524.126,524.597,523.576,523.926,129828002.93,2142
2024-03-31 03:00:00+00:00,524.126,524.597,523.576,523.926,129828002.93,2143
2024-03-31 04:00:00+00:00,524.126,524.597,523.576,523.926,129828002.93,2144
2024-03-31 05:00:00+00:00,524.126,524.597,523.576,523.926,129828002.93,2145
2024-03-31 06:00:00+00:00,524.126,524.597,523.576,523.926,129828002.93,2146
2024-03-31 07:00:00+00:00,524.126,524.597,523.576,523.926,129828002.93,2147
2024-03-31 08:00:00+00:00,524.126,524.597,523.576,523.926,129828002.93,2148
2024-03-31 09:00:00+00:00,524.126,524.597,523.576,523.926,129828002.93,2149
2024-03-31 10:00:00+00:00,524.126,524.597,523.576,523.926,129828002.93,2150
2024-03-31 11:00:00+00:00,524.126,524.597,523.576,523.926,129828002.93,2151
2024-03-31 12:00:00+00:00,524.126,524.597,523.576,523.926,129828002.93,2152
2024-03-31 13:00:00+00:00,524.126,524.597,523.576,523.926,129828002.93,2153
2024-03-31 14:00:00+00:00,524.126,524.597,523.576,523.926,129828002.93,2154
2024-03-31 15:00:00+00:00,524.126,524.597,523.576,523.926,129828002.93,2155
2024-03-31 16:00:00+00:00,524.126,524.597,523.576,523.926,129828002.93,2156
2024-03-31 17:00:00+00:00,524.126,524.597,523.576,523.926,129828002.93,2157
2024-03-31 18:00:00+00:00,524.126,524.597,523.576,523.926,129828002.93,2158
2024-03-31 19:00:00+00:00,524.126,524.597,523.576,523.926,129828002.93,2159
2024-03-31 20:00:00+00:00,524.126,524.597,523.576,523.926,129828002.93,2160
2024-03-31 21:00:00+00:00,524.126,524.597,523.576,523.926,129828002.93,2161
2024-03-31 22:00:00+00:00,524.126,524.597,523.576,523.926,129828002.93,2162
2024-03-31 23:00:00+00:00,524.126,524.597,523.576,523.926,129828002.93,2163
2024-04-01 00:00:00+00:00,524.126,524.597,523.576,523.926,129828002.93,2164
2024-04-01 01:00:00+00:00,524.126,524.597,523.576,523.926,129828002.93,2165
2024-04-01 02:00:00+00:00,524.126,524.597,523.576,523.926,129828002.93,2166
2024-04-01 03:00:00+00:00,524.126,524.597,523.576,523.926,129828002.93,2167
2024-04-01 04:00:00+00:00,524.126,524.597,523.576,523.926,129828002.93,2168
2024-04-01 05:00:00+00:00,524.126,524.597,523.576,523.926,129828002.93,2169
2024-04-01 06:00:00+00:00,524.126,524.597,523.576,523.926,129828002.93,2170
2024-04-01 07:00:00+00:00,524.126,524.597,523.576,523.926,129828002.93,2171
2024-04-01 08:00:00+00:00,524.126,524.597,523.576,523.926,129828002.93,2172
2024-04-01 09:00:00+00:00,524.126,524.597,523.576,523.926,129828002.93,2173
2024-04-01 10:00:00+00:00,524.126,524.597,523.576,523.926,129828002.93,2174
2024-04-01 11:00:00+00:00,524.126,524.597,523.576,523.926,129828002.93,2175
2024-04-01 12:00:00+00:00,524.126,524.597,523.576,523.926,129828002.93,2176
2024-04-01 13:00:00+00:00,523.817,524.367,523.446,524.077,84323997.5,2177
2024-04-01 14:00:00+00:00,524.037,524.167,522.087,522.307,173268005.37,2178
2024-04-01 15:00:00+00:00,522.317,522.407,521.066,521.096,128160003.66,2179
2024-04-01 16:00:00+00:00,521.106,522.217,520.966,521.897,88463996.89,2180
2024-04-01 17:00:00+00:00,521.906,521.907,521.056,521.726,81900001.53,2181
2024-04-01 18:00:00+00:00,521.717,522.137,521.456,521.857,68015998.84,2182
2024-04-01 19:00:00+00:00,521.846,522.777,521.606,522.176,97416000.37,2183
2024-04-01 20:00:00+00:00,521.846,522.777,521.606,522.176,97416000.37,2184
2024-04-01 21:00:00+00:00,521.846,522.777,521.606,522.176,97416000.37,2185
2024-04-01 22:00:00+00:00,521.846,522.777,521.606,522.176,97416000.37,2186
2024-04-01 23:00:00+00:00,521.846,522.777,521.606,522.176,97416000.37,2187
2024-04-02 00:00:00+00:00,521.846,522.777,521.606,522.176,97416000.37,2188
2024-04-02 01:00:00+00:00,521.846,522.777,521.606,522.176,97416000.37,2189
2024-04-02 02:00:00+00:00,521.846,522.777,521.606,522.176,97416000.37,2190
2024-04-02 03:00:00+00:00,521.846,522.777,521.606,522.176,97416000.37,2191
2024-04-02 04:00:00+00:00,521.846,522.777,521.606,522.176,97416000.37,2192
2024-04-02 05:00:00+00:00,521.846,522.777,521.606,522.176,97416000.37,2193
2024-04-02 06:00:00+00:00,521.846,522.777,521.606,522.176,97416000.37,2194
2024-04-02 07:00:00+00:00,521.846,522.777,521.606,522.176,97416000.37,2195
2024-04-02 08:00:00+00:00,521.846,522.777,521.606,522.176,97416000.37,2196
2024-04-02 09:00:00+00:00,521.846,522.777,521.606,522.176,97416000.37,2197
2024-04-02 10:00:00+00:00,521.846,522.777,521.606,522.176,97416000.37,2198
2024-04-02 11:00:00+00:00,521.846,522.777,521.606,522.176,97416000.37,2199
2024-04-02 12:00:00+00:00,521.846,522.777,521.606,522.176,97416000.37,2200
2024-04-02 13:00:00+00:00,518.227,518.447,516.856,517.486,113795997.62,2201
2024-04-02 14:00:00+00:00,517.547,517.996,516.486,516.957,183000000.0,2202
2024-04-02 15:00:00+00:00,516.946,517.566,516.846,517.417,29700000.76,2203
2024-04-02 16:00:00+00:00,517.116,517.987,516.896,517.966,79919998.17,2204
2024-04-02 17:00:00+00:00,517.977,518.117,517.346,517.747,76835998.54,2205
2024-04-02 18:00:00+00:00,517.757,518.127,517.626,517.786,66071998.6,2206
2024-04-02 19:00:00+00:00,517.776,518.967,517.726,518.837,105636001.59,2207
2024-04-02 20:00:00+00:00,517.776,518.967,517.726,518.837,105636001.59,2208
2024-04-02 21:00:00+00:00,517.776,518.967,517.726,518.837,105636001.59,2209
2024-04-02 22:00:00+00:00,517.776,518.967,517.726,518.837,105636001.59,2210
2024-04-02 23:00:00+00:00,517.776,518.967,517.726,518.837,105636001.59,2211
2024-04-03 00:00:00+00:00,517.776,518.967,517.726,518.837,105636001.59,2212
2024-04-03 01:00:00+00:00,517.776,518.967,517.726,518.837,105636001.59,2213
2024-04-03 02:00:00+00:00,517.776,518.967,517.726,518.837,105636001.59,2214
2024-04-03 03:00:00+00:00,517.776,518.967,517.726,518.837,105636001.59,2215
2024-04-03 04:00:00+00:00,517.776,518.967,517.726,518.837,105636001.59,2216
2024-04-03 05:00:00+00:00,517.776,518.967,517.726,518.837,105636001.59,2217
2024-04-03 06:00:00+00:00,517.776,518.967,517.726,518.837,105636001.59,2218
2024-04-03 07:00:00+00:00,517.776,518.967,517.726,518.837,105636001.59,2219
2024-04-03 08:00:00+00:00,517.776,518.967,517.726,518.837,105636001.59,2220
2024-04-03 09:00:00+00:00,517.776,518.967,517.726,518.837,105636001.59,2221
2024-04-03 10:00:00+00:00,517.776,518.967,517.726,518.837,105636001.59,2222
2024-04-03 11:00:00+00:00,517.776,518.967,517.726,518.837,105636001.59,2223
2024-04-03 12:00:00+00:00,517.776,518.967,517.726,518.837,105636001.59,2224
2024-04-03 13:00:00+00:00,517.706,518.616,517.657,518.386,103680000.31,2225
2024-04-03 14:00:00+00:00,518.387,520.827,518.387,520.666,169500000.0,2226
2024-04-03 15:00:00+00:00,520.687,520.937,520.087,520.187,83388000.49,2227
2024-04-03 16:00:00+00:00,520.206,520.837,519.386,520.297,161940002.44,2228
2024-04-03 17:00:00+00:00,520.347,520.786,520.286,520.557,88248001.1,2229
2024-04-03 18:00:00+00:00,520.547,520.787,519.836,519.956,58032001.5,2230
2024-04-03 19:00:00+00:00,519.946,520.016,517.756,519.396,163511993.41,2231
2024-04-03 20:00:00+00:00,519.946,520.016,517.756,519.396,163511993.41,2232
2024-04-03 21:00:00+00:00,519.946,520.016,517.756,519.396,163511993.41,2233
2024-04-03 22:00:00+00:00,519.946,520.016,517.756,519.396,163511993.41,2234
2024-04-03 23:00:00+00:00,519.946,520.016,517.756,519.396,163511993.41,2235
2024-04-04 00:00:00+00:00,519.946,520.016,517.756,519.396,163511993.41,2236
2024-04-04 01:00:00+00:00,519.946,520.016,517.756,519.396,163511993.41,2237
2024-04-04 02:00:00+00:00,519.946,520.016,517.756,519.396,163511993.41,2238
2024-04-04 03:00:00+00:00,519.946,520.016,517.756,519.396,163511993.41,2239
2024-04-04 04:00:00+00:00,519.946,520.016,517.756,519.396,163511993.41,2240
2024-04-04 05:00:00+00:00,519.946,520.016,517.756,519.396,163511993.41,2241
2024-04-04 06:00:00+00:00,519.946,520.016,517.756,519.396,163511993.41,2242
2024-04-04 07:00:00+00:00,519.946,520.016,517.756,519.396,163511993.41,2243
2024-04-04 08:00:00+00:00,519.946,520.016,517.756,519.396,163511993.41,2244
2024-04-04 09:00:00+00:00,519.946,520.016,517.756,519.396,163511993.41,2245
2024-04-04 10:00:00+00:00,519.946,520.016,517.756,519.396,163511993.41,2246
2024-04-04 11:00:00+00:00,519.946,520.016,517.756,519.396,163511993.41,2247
2024-04-04 12:00:00+00:00,519.946,520.016,517.756,519.396,163511993.41,2248
2024-04-04 13:00:00+00:00,523.517,523.677,522.566,522.826,87132003.78,2249
2024-04-04 14:00:00+00:00,522.827,523.037,522.456,522.716,112512001.04,2250
2024-04-04 15:00:00+00:00,522.717,523.306,522.347,523.257,82931999.21,2251
2024-04-04 16:00:00+00:00,523.277,523.857,523.167,523.426,68459999.08,2252
2024-04-04 17:00:00+00:00,523.427,523.447,521.696,521.856,74975997.92,2253
2024-04-04 18:00:00+00:00,521.847,521.847,515.496,515.897,331932006.84,2254
2024-04-04 19:00:00+00:00,515.877,516.037,512.746,513.107,348720001.22,2255
2024-04-04 20:00:00+00:00,515.877,516.037,512.746,513.107,348720001.22,2256
2024-04-04 21:00:00+00:00,515.877,516.037,512.746,513.107,348720001.22,2257
2024-04-04 22:00:00+00:00,515.877,516.037,512.746,513.107,348720001.22,2258
2024-04-04 23:00:00+00:00,515.877,516.037,512.746,513.107,348720001.22,2259
2024-04-05 00:00:00+00:00,515.877,516.037,512.746,513.107,348720001.22,2260
2024-04-05 01:00:00+00:00,515.877,516.037,512.746,513.107,348720001.22,2261
2024-04-05 02:00:00+00:00,515.877,516.037,512.746,513.107,348720001.22,2262
2024-04-05 03:00:00+00:00,515.877,516.037,512.746,513.107,348720001.22,2263
2024-04-05 04:00:00+00:00,515.877,516.037,512.746,513.107,348720001.22,2264
2024-04-05 05:00:00+00:00,515.877,516.037,512.746,513.107,348720001.22,2265
2024-04-05 06:00:00+00:00,515.877,516.037,512.746,513.107,348720001.22,2266
2024-04-05 07:00:00+00:00,515.877,516.037,512.746,513.107,348720001.22,2267
2024-04-05 08:00:00+00:00,515.877,516.037,512.746,513.107,348720001.22,2268
2024-04-05 09:00:00+00:00,515.877,516.037,512.746,513.107,348720001.22,2269
2024-04-05 10:00:00+00:00,515.877,516.037,512.746,513.107,348720001.22,2270
2024-04-05 11:00:00+00:00,515.877,516.037,512.746,513.107,348720001.22,2271
2024-04-05 12:00:00+00:00,515.877,516.037,512.746,513.107,348720001.22,2272
2024-04-05 13:00:00+00:00,514.456,516.397,513.997,515.907,169800003.05,2273
2024-04-05 14:00:00+00:00,515.917,518.077,514.876,518.046,277631988.53,2274
2024-04-05 15:00:00+00:00,518.027,519.697,516.426,519.417,228996002.2,2275
2024-04-05 16:00:00+00:00,519.426,520.427,519.086,520.326,115667999.27,2276
2024-04-05 17:00:00+00:00,520.297,520.427,517.427,517.786,169104003.91,2277
2024-04-05 18:00:00+00:00,517.796,519.277,516.966,517.857,294179992.68,2278
2024-04-05 19:00:00+00:00,517.856,519.267,517.676,518.447,190427993.77,2279
2024-04-05 20:00:00+00:00,517.856,519.267,517.676,518.447,190427993.77,2280
2024-04-05 21:00:00+00:00,517.856,519.267,517.676,518.447,190427993.77,2281
2024-04-05 22:00:00+00:00,517.856,519.267,517.676,518.447,190427993.77,2282
2024-04-05 23:00:00+00:00,517.856,519.267,517.676,518.447,190427993.77,2283
2024-04-06 00:00:00+00:00,517.856,519.267,517.676,518.447,190427993.77,2284
2024-04-06 01:00:00+00:00,517.856,519.267,517.676,518.447,190427993.77,2285
2024-04-06 02:00:00+00:00,517.856,519.267,517.676,518.447,190427993.77,2286
2024-04-06 03:00:00+00:00,517.856,519.267,517.676,518.447,190427993.77,2287
2024-04-06 04:00:00+00:00,517.856,519.267,517.676,518.447,190427993.77,2288
2024-04-06 05:00:00+00:00,517.856,519.267,517.676,518.447,190427993.77,2289
2024-04-06 06:00:00+00:00,517.856,519.267,517.676,518.447,190427993.77,2290
2024-04-06 07:00:00+00:00,517.856,519.267,517.676,518.447,190427993.77,2291
2024-04-06 08:00:00+00:00,517.856,519.267,517.676,518.447,190427993.77,2292
2024-04-06 09:00:00+00:00,517.856,519.267,517.676,518.447,190427993.77,2293
2024-04-06 10:00:00+00:00,517.856,519.267,517.676,518.447,190427993.77,2294
2024-04-06 11:00:00+00:00,517.856,519.267,517.676,518.447,190427993.77,2295
2024-04-06 12:00:00+00:00,517.856,519.267,517.676,518.447,190427993.77,2296
2024-04-06 13:00:00+00:00,517.856,519.267,517.676,518.447,190427993.77,2297
2024-04-06 14:00:00+00:00,517.856,519.267,517.676,518.447,190427993.77,2298
2024-04-06 15:00:00+00:00,517.856,519.267,517.676,518.447,190427993.77,2299
2024-04-06 16:00:00+00:00,517.856,519.267,517.676,518.447,190427993.77,2300
2024-04-06 17:00:00+00:00,517.856,519.267,517.676,518.447,190427993.77,2301
2024-04-06 18:00:00+00:00,517.856,519.267,517.676,518.447,190427993.77,2302
2024-04-06 19:00:00+00:00,517.856,519.267,517.676,518.447,190427993.77,2303
2024-04-06 20:00:00+00:00,517.856,519.267,517.676,518.447,190427993.77,2304
2024-04-06 21:00:00+00:00,517.856,519.267,517.676,518.447,190427993.77,2305
2024-04-06 22:00:00+00:00,517.856,519.267,517.676,518.447,190427993.77,2306
2024-04-06 23:00:00+00:00,517.856,519.267,517.676,518.447,190427993.77,2307
2024-04-07 00:00:00+00:00,517.856,519.267,517.676,518.447,190427993.77,2308
2024-04-07 01:00:00+00:00,517.856,519.267,517.676,518.447,190427993.77,2309
2024-04-07 02:00:00+00:00,517.856,519.267,517.676,518.447,190427993.77,2310
2024-04-07 03:00:00+00:00,517.856,519.267,517.676,518.447,190427993.77,2311
2024-04-07 04:00:00+00:00,517.856,519.267,517.676,518.447,190427993.77,2312
2024-04-07 05:00:00+00:00,517.856,519.267,517.676,518.447,190427993.77,2313
2024-04-07 06:00:00+00:00,517.856,519.267,517.676,518.447,190427993.77,2314
2024-04-07 07:00:00+00:00,517.856,519.267,517.676,518.447,190427993.77,2315
2024-04-07 08:00:00+00:00,517.856,519.267,517.676,518.447,190427993.77,2316
2024-04-07 09:00:00+00:00,517.856,519.267,517.676,518.447,190427993.77,2317
2024-04-07 10:00:00+00:00,517.856,519.267,517.676,518.447,190427993.77,2318
2024-04-07 11:00:00+00:00,517.856,519.267,517.676,518.447,190427993.77,2319
2024-04-07 12:00:00+00:00,517.856,519.267,517.676,518.447,190427993.77,2320
2024-04-07 13:00:00+00:00,517.856,519.267,517.676,518.447,190427993.77,2321
2024-04-07 14:00:00+00:00,517.856,519.267,517.676,518.447,190427993.77,2322
2024-04-07 15:00:00+00:00,517.856,519.267,517.676,518.447,190427993.77,2323
2024-04-07 16:00:00+00:00,517.856,519.267,517.676,518.447,190427993.77,2324
2024-04-07 17:00:00+00:00,517.856,519.267,517.676,518.447,190427993.77,2325
2024-04-07 18:00:00+00:00,517.856,519.267,517.676,518.447,190427993.77,2326
2024-04-07 19:00:00+00:00,517.856,519.267,517.676,518.447,190427993.77,2327
2024-04-07 20:00:00+00:00,517.856,519.267,517.676,518.447,190427993.77,2328
2024-04-07 21:00:00+00:00,517.856,519.267,517.676,518.447,190427993.77,2329
2024-04-07 22:00:00+00:00,517.856,519.267,517.676,518.447,190427993.77,2330
2024-04-07 23:00:00+00:00,517.856,519.267,517.676,518.447,190427993.77,2331
2024-04-08 00:00:00+00:00,517.856,519.267,517.676,518.447,190427993.77,2332
2024-04-08 01:00:00+00:00,517.856,519.267,517.676,518.447,190427993.77,2333
2024-04-08 02:00:00+00:00,517.856,519.267,517.676,518.447,190427993.77,2334
2024-04-08 03:00:00+00:00,517.856,519.267,517.676,518.447,190427993.77,2335
2024-04-08 04:00:00+00:00,517.856,519.267,517.676,518.447,190427993.77,2336
2024-04-08 05:00:00+00:00,517.856,519.267,517.676,518.447,190427993.77,2337
2024-04-08 06:00:00+00:00,517.856,519.267,517.676,518.447,190427993.77,2338
2024-04-08 07:00:00+00:00,517.856,519.267,517.676,518.447,190427993.77,2339
2024-04-08 08:00:00+00:00,517.856,519.267,517.676,518.447,190427993.77,2340
2024-04-08 09:00:00+00:00,517.856,519.267,517.676,518.447,190427993.77,2341
2024-04-08 10:00:00+00:00,517.856,519.267,517.676,518.447,190427993.77,2342
2024-04-08 11:00:00+00:00,517.856,519.267,517.676,518.447,190427993.77,2343
2024-04-08 12:00:00+00:00,517.856,519.267,517.676,518.447,190427993.77,2344
2024-04-08 13:00:00+00:00,519.146,519.377,517.976,518.826,150119995.12,2345
2024-04-08 14:00:00+00:00,518.806,520.167,518.196,519.976,218712005.62,2346
2024-04-08 15:00:00+00:00,519.986,520.127,518.277,518.717,187955993.65,2347
2024-04-08 16:00:00+00:00,518.727,519.437,517.876,519.427,157139999.39,2348
2024-04-08 17:00:00+00:00,519.417,519.447,518.636,519.286,114227996.83,2349
2024-04-08 18:00:00+00:00,519.297,519.477,518.656,519.247,112236000.06,2350
2024-04-08 19:00:00+00:00,519.246,519.686,518.226,518.647,138707992.55,2351
2024-04-08 20:00:00+00:00,519.246,519.686,518.226,518.647,138707992.55,2352
2024-04-08 21:00:00+00:00,519.246,519.686,518.226,518.647,138707992.55,2353
2024-04-08 22:00:00+00:00,519.246,519.686,518.226,518.647,138707992.55,2354
2024-04-08 23:00:00+00:00,519.246,519.686,518.226,518.647,138707992.55,2355
2024-04-09 00:00:00+00:00,519.246,519.686,518.226,518.647,138707992.55,2356
2024-04-09 01:00:00+00:00,519.246,519.686,518.226,518.647,138707992.55,2357
2024-04-09 02:00:00+00:00,519.246,519.686,518.226,518.647,138707992.55,2358
2024-04-09 03:00:00+00:00,519.246,519.686,518.226,518.647,138707992.55,2359
2024-04-09 04:00:00+00:00,519.246,519.686,518.226,518.647,138707992.55,2360
2024-04-09 05:00:00+00:00,519.246,519.686,518.226,518.647,138707992.55,2361
2024-04-09 06:00:00+00:00,519.246,519.686,518.226,518.647,138707992.55,2362
2024-04-09 07:00:00+00:00,519.246,519.686,518.226,518.647,138707992.55,2363
2024-04-09 08:00:00+00:00,519.246,519.686,518.226,518.647,138707992.55,2364
2024-04-09 09:00:00+00:00,519.246,519.686,518.226,518.647,138707992.55,2365
2024-04-09 10:00:00+00:00,519.246,519.686,518.226,518.647,138707992.55,2366
2024-04-09 11:00:00+00:00,519.246,519.686,518.226,518.647,138707992.55,2367
2024-04-09 12:00:00+00:00,519.246,519.686,518.226,518.647,138707992.55,2368
2024-04-09 13:00:00+00:00,520.477,520.736,518.756,518.876,140111999.51,2369
2024-04-09 14:00:00+00:00,518.896,519.267,514.336,515.507,281052001.95,2370
2024-04-09 15:00:00+00:00,515.517,517.116,515.186,516.816,237000000.0,2371
2024-04-09 16:00:00+00:00,516.816,517.767,516.566,516.777,154511993.41,2372
2024-04-09 17:00:00+00:00,516.797,517.637,516.596,516.666,159660003.66,2373
2024-04-09 18:00:00+00:00,516.676,517.286,516.217,516.517,160488006.59,2374
2024-04-09 19:00:00+00:00,516.506,519.437,515.696,519.307,225264007.57,2375
2024-04-09 20:00:00+00:00,516.506,519.437,515.696,519.307,225264007.57,2376
2024-04-09 21:00:00+00:00,516.506,519.437,515.696,519.307,225264007.57,2377
2024-04-09 22:00:00+00:00,516.506,519.437,515.696,519.307,225264007.57,2378
2024-04-09 23:00:00+00:00,516.506,519.437,515.696,519.307,225264007.57,2379
2024-04-10 00:00:00+00:00,516.506,519.437,515.696,519.307,225264007.57,2380
2024-04-10 01:00:00+00:00,516.506,519.437,515.696,519.307,225264007.57,2381
2024-04-10 02:00:00+00:00,516.506,519.437,515.696,519.307,225264007.57,2382
2024-04-10 03:00:00+00:00,516.506,519.437,515.696,519.307,225264007.57,2383
2024-04-10 04:00:00+00:00,516.506,519.437,515.696,519.307,225264007.57,2384
2024-04-10 05:00:00+00:00,516.506,519.437,515.696,519.307,225264007.57,2385
2024-04-10 06:00:00+00:00,516.506,519.437,515.696,519.307,225264007.57,2386
2024-04-10 07:00:00+00:00,516.506,519.437,515.696,519.307,225264007.57,2387
2024-04-10 08:00:00+00:00,516.506,519.437,515.696,519.307,225264007.57,2388
2024-04-10 09:00:00+00:00,516.506,519.437,515.696,519.307,225264007.57,2389
2024-04-10 10:00:00+00:00,516.506,519.437,515.696,519.307,225264007.57,2390
2024-04-10 11:00:00+00:00,516.506,519.437,515.696,519.307,225264007.57,2391
2024-04-10 12:00:00+00:00,516.506,519.437,515.696,519.307,225264007.57,2392
2024-04-10 13:00:00+00:00,513.436,514.466,512.657,513.986,208283996.58,2393
2024-04-10 14:00:00+00:00,513.976,516.157,513.406,514.456,337152008.06,2394
2024-04-10 15:00:00+00:00,514.466,514.526,512.996,513.336,237587997.44,2395
2024-04-10 16:00:00+00:00,513.326,514.366,512.976,514.157,161472000.12,2396
2024-04-10 17:00:00+00:00,514.176,515.117,512.086,513.757,274920013.43,2397
2024-04-10 18:00:00+00:00,513.747,514.667,512.557,512.626,268403991.7,2398
2024-04-10 19:00:00+00:00,512.617,515.057,512.437,514.216,257220001.22,2399
2024-04-10 20:00:00+00:00,512.617,515.057,512.437,514.216,257220001.22,2400
2024-04-10 21:00:00+00:00,512.617,515.057,512.437,514.216,257220001.22,2401
2024-04-10 22:00:00+00:00,512.617,515.057,512.437,514.216,257220001.22,2402
2024-04-10 23:00:00+00:00,512.617,515.057,512.437,514.216,257220001.22,2403
2024-04-11 00:00:00+00:00,512.617,515.057,512.437,514.216,257220001.22,2404
2024-04-11 01:00:00+00:00,512.617,515.057,512.437,514.216,257220001.22,2405
2024-04-11 02:00:00+00:00,512.617,515.057,512.437,514.216,257220001.22,2406
2024-04-11 03:00:00+00:00,512.617,515.057,512.437,514.216,257220001.22,2407
2024-04-11 04:00:00+00:00,512.617,515.057,512.437,514.216,257220001.22,2408
2024-04-11 05:00:00+00:00,512.617,515.057,512.437,514.216,257220001.22,2409
2024-04-11 06:00:00+00:00,512.617,515.057,512.437,514.216,257220001.22,2410
2024-04-11 07:00:00+00:00,512.617,515.057,512.437,514.216,257220001.22,2411
2024-04-11 08:00:00+00:00,512.617,515.057,512.437,514.216,257220001.22,2412
2024-04-11 09:00:00+00:00,512.617,515.057,512.437,514.216,257220001.22,2413
2024-04-11 10:00:00+00:00,512.617,515.057,512.437,514.216,257220001.22,2414
2024-04-11 11:00:00+00:00,512.617,515.057,512.437,514.216,257220001.22,2415
2024-04-11 12:00:00+00:00,512.617,515.057,512.437,514.216,257220001.22,2416
2024-04-11 13:00:00+00:00,515.636,515.856,514.086,514.606,185304000.85,2417
2024-04-11 14:00:00+00:00,514.636,514.687,512.076,513.206,311795989.99,2418
2024-04-11 15:00:00+00:00,513.206,515.437,513.146,515.317,236003997.8,2419
2024-04-11 16:00:00+00:00,515.327,515.627,514.716,515.287,167412002.56,2420
2024-04-11 17:00:00+00:00,515.276,518.127,514.876,517.976,204912002.56,2421
2024-04-11 18:00:00+00:00,517.986,519.477,517.906,518.677,171912002.56,2422
2024-04-11 19:00:00+00:00,518.697,519.346,517.967,517.977,159287994.38,2423
2024-04-11 20:00:00+00:00,518.697,519.346,517.967,517.977,159287994.38,2424
2024-04-11 21:00:00+00:00,518.697,519.346,517.967,517.977,159287994.38,2425
2024-04-11 22:00:00+00:00,518.697,519.346,517.967,517.977,159287994.38,2426
2024-04-11 23:00:00+00:00,518.697,519.346,517.967,517.977,159287994.38,2427
2024-04-12 00:00:00+00:00,518.697,519.346,517.967,517.977,159287994.38,2428
2024-04-12 01:00:00+00:00,518.697,519.346,517.967,517.977,159287994.38,2429
2024-04-12 02:00:00+00:00,518.697,519.346,517.967,517.977,159287994.38,2430
2024-04-12 03:00:00+00:00,518.697,519.346,517.967,517.977,159287994.38,2431
2024-04-12 04:00:00+00:00,518.697,519.346,517.967,517.977,159287994.38,2432
2024-04-12 05:00:00+00:00,518.697,519.346,517.967,517.977,159287994.38,2433
2024-04-12 06:00:00+00:00,518.697,519.346,517.967,517.977,159287994.38,2434
2024-04-12 07:00:00+00:00,518.697,519.346,517.967,517.977,159287994.38,2435
2024-04-12 08:00:00+00:00,518.697,519.346,517.967,517.977,159287994.38,2436
2024-04-12 09:00:00+00:00,518.697,519.346,517.967,517.977,159287994.38,2437
2024-04-12 10:00:00+00:00,518.697,519.346,517.967,517.977,159287994.38,2438
2024-04-12 11:00:00+00:00,518.697,519.346,517.967,517.977,159287994.38,2439
2024-04-12 12:00:00+00:00,518.697,519.346,517.967,517.977,159287994.38,2440
2024-04-12 13:00:00+00:00,514.367,515.797,514.056,515.287,141876007.08,2441
2024-04-12 14:00:00+00:00,515.287,515.407,512.017,512.307,245220001.22,2442
2024-04-12 15:00:00+00:00,512.296,514.017,512.186,513.376,175332000.73,2443
2024-04-12 16:00:00+00:00,513.387,513.517,510.486,510.557,194304000.85,2444
2024-04-12 17:00:00+00:00,510.577,511.226,509.317,510.476,224231994.63,2445
2024-04-12 18:00:00+00:00,510.487,511.407,509.556,509.597,244475997.92,2446
2024-04-12 19:00:00+00:00,509.607,510.867,509.076,510.746,214416000.37,2447
2024-04-12 20:00:00+00:00,509.607,510.867,509.076,510.746,214416000.37,2448
2024-04-12 21:00:00+00:00,509.607,510.867,509.076,510.746,214416000.37,2449
2024-04-12 22:00:00+00:00,509.607,510.867,509.076,510.746,214416000.37,2450
2024-04-12 23:00:00+00:00,509.607,510.867,509.076,510.746,214416000.37,2451
2024-04-13 00:00:00+00:00,509.607,510.867,509.076,510.746,214416000.37,2452
2024-04-13 01:00:00+00:00,509.607,510.867,509.076,510.746,214416000.37,2453
2024-04-13 02:00:00+00:00,509.607,510.867,509.076,510.746,214416000.37,2454
2024-04-13 03:00:00+00:00,509.607,510.867,509.076,510.746,214416000.37,2455
2024-04-13 04:00:00+00:00,509.607,510.867,509.076,510.746,214416000.37,2456
2024-04-13 05:00:00+00:00,509.607,510.867,509.076,510.746,214416000.37,2457
2024-04-13 06:00:00+00:00,509.607,510.867,509.076,510.746,214416000.37,2458
2024-04-13 07:00:00+00:00,509.607,510.867,509.076,510.746,214416000.37,2459
2024-04-13 08:00:00+00:00,509.607,510.867,509.076,510.746,214416000.37,2460
2024-04-13 09:00:00+00:00,509.607,510.867,509.076,510.746,214416000.37,2461
2024-04-13 10:00:00+00:00,509.607,510.867,509.076,510.746,214416000.37,2462
2024-04-13 11:00:00+00:00,509.607,510.867,509.076,510.746,214416000.37,2463
2024-04-13 12:00:00+00:00,509.607,510.867,509.076,510.746,214416000.37,2464
2024-04-13 13:00:00+00:00,509.607,510.867,509.076,510.746,214416000.37,2465
2024-04-13 14:00:00+00:00,509.607,510.867,509.076,510.746,214416000.37,2466
2024-04-13 15:00:00+00:00,509.607,510.867,509.076,510.746,214416000.37,2467
2024-04-13 16:00:00+00:00,509.607,510.867,509.076,510.746,214416000.37,2468
2024-04-13 17:00:00+00:00,509.607,510.867,509.076,510.746,214416000.37,2469
2024-04-13 18:00:00+00:00,509.607,510.867,509.076,510.746,214416000.37,2470
2024-04-13 19:00:00+00:00,509.607,510.867,509.076,510.746,214416000.37,2471
2024-04-13 20:00:00+00:00,509.607,510.867,509.076,510.746,214416000.37,2472
2024-04-13 21:00:00+00:00,509.607,510.867,509.076,510.746,214416000.37,2473
2024-04-13 22:00:00+00:00,509.607,510.867,509.076,510.746,214416000.37,2474
2024-04-13 23:00:00+00:00,509.607,510.867,509.076,510.746,214416000.37,2475
2024-04-14 00:00:00+00:00,509.607,510.867,509.076,510.746,214416000.37,2476
2024-04-14 01:00:00+00:00,509.607,510.867,509.076,510.746,214416000.37,2477
2024-04-14 02:00:00+00:00,509.607,510.867,509.076,510.746,214416000.37,2478
2024-04-14 03:00:00+00:00,509.607,510.867,509.076,510.746,214416000.37,2479
2024-04-14 04:00:00+00:00,509.607,510.867,509.076,510.746,214416000.37,2480
2024-04-14 05:00:00+00:00,509.607,510.867,509.076,510.746,214416000.37,2481
2024-04-14 06:00:00+00:00,509.607,510.867,509.076,510.746,214416000.37,2482
2024-04-14 07:00:00+00:00,509.607,510.867,509.076,510.746,214416000.37,2483
2024-04-14 08:00:00+00:00,509.607,510.867,509.076,510.746,214416000.37,2484
2024-04-14 09:00:00+00:00,509.607,510.867,509.076,510.746,214416000.37,2485
2024-04-14 10:00:00+00:00,509.607,510.867,509.076,510.746,214416000.37,2486
2024-04-14 11:00:00+00:00,509.607,510.867,509.076,510.746,214416000.37,2487
2024-04-14 12:00:00+00:00,509.607,510.867,509.076,510.746,214416000.37,2488
2024-04-14 13:00:00+00:00,509.607,510.867,509.076,510.746,214416000.37,2489
2024-04-14 14:00:00+00:00,509.607,510.867,509.076,510.746,214416000.37,2490
2024-04-14 15:00:00+00:00,509.607,510.867,509.076,510.746,214416000.37,2491
2024-04-14 16:00:00+00:00,509.607,510.867,509.076,510.746,214416000.37,2492
2024-04-14 17:00:00+00:00,509.607,510.867,509.076,510.746,214416000.37,2493
2024-04-14 18:00:00+00:00,509.607,510.867,509.076,510.746,214416000.37,2494
2024-04-14 19:00:00+00:00,509.607,510.867,509.076,510.746,214416000.37,2495
2024-04-14 20:00:00+00:00,509.607,510.867,509.076,510.746,214416000.37,2496
2024-04-14 21:00:00+00:00,509.607,510.867,509.076,510.746,214416000.37,2497
2024-04-14 22:00:00+00:00,509.607,510.867,509.076,510.746,214416000.37,2498
2024-04-14 23:00:00+00:00,509.607,510.867,509.076,510.746,214416000.37,2499
2024-04-15 00:00:00+00:00,509.607,510.867,509.076,510.746,214416000.37,2500
2024-04-15 01:00:00+00:00,509.607,510.867,509.076,510.746,214416000.37,2501
2024-04-15 02:00:00+00:00,509.607,510.867,509.076,510.746,214416000.37,2502
2024-04-15 03:00:00+00:00,509.607,510.867,509.076,510.746,214416000.37,2503
2024-04-15 04:00:00+00:00,509.607,510.867,509.076,510.746,214416000.37,2504
2024-04-15 05:00:00+00:00,509.607,510.867,509.076,510.746,214416000.37,2505
2024-04-15 06:00:00+00:00,509.607,510.867,509.076,510.746,214416000.37,2506
2024-04-15 07:00:00+00:00,509.607,510.867,509.076,510.746,214416000.37,2507
2024-04-15 08:00:00+00:00,509.607,510.867,509.076,510.746,214416000.37,2508
2024-04-15 09:00:00+00:00,509.607,510.867,509.076,510.746,214416000.37,2509
2024-04-15 10:00:00+00:00,509.607,510.867,509.076,510.746,214416000.37,2510
2024-04-15 11:00:00+00:00,509.607,510.867,509.076,510.746,214416000.37,2511
2024-04-15 12:00:00+00:00,509.607,510.867,509.076,510.746,214416000.37,2512
2024-04-15 13:00:00+00:00,515.136,515.276,514.186,514.887,131184005.74,2513
2024-04-15 14:00:00+00:00,514.876,514.997,511.056,511.096,294996002.2,2514
2024-04-15 15:00:00+00:00,511.087,512.596,510.796,512.307,232404006.96,2515
2024-04-15 16:00:00+00:00,512.306,512.606,509.496,510.046,207600006.1,2516
2024-04-15 17:00:00+00:00,510.047,510.557,504.997,506.366,278891998.29,2517
2024-04-15 18:00:00+00:00,506.356,506.486,504.416,505.127,259320007.32,2518
2024-04-15 19:00:00+00:00,505.106,505.257,503.577,504.506,260351989.75,2519
2024-04-15 20:00:00+00:00,505.106,505.257,503.577,504.506,260351989.75,2520
2024-04-15 21:00:00+00:00,505.106,505.257,503.577,504.506,260351989.75,2521
2024-04-15 22:00:00+00:00,505.106,505.257,503.577,504.506,260351989.75,2522
2024-04-15 23:00:00+00:00,505.106,505.257,503.577,504.506,260351989.75,2523
2024-04-16 00:00:00+00:00,505.106,505.257,503.577,504.506,260351989.75,2524
2024-04-16 01:00:00+00:00,505.106,505.257,503.577,504.506,260351989.75,2525
2024-04-16 02:00:00+00:00,505.106,505.257,503.577,504.506,260351989.75,2526
2024-04-16 03:00:00+00:00,505.106,505.257,503.577,504.506,260351989.75,2527
2024-04-16 04:00:00+00:00,505.106,505.257,503.577,504.506,260351989.75,2528
2024-04-16 05:00:00+00:00,505.106,505.257,503.577,504.506,260351989.75,2529
2024-04-16 06:00:00+00:00,505.106,505.257,503.577,504.506,260351989.75,2530
2024-04-16 07:00:00+00:00,505.106,505.257,503.577,504.506,260351989.75,2531
2024-04-16 08:00:00+00:00,505.106,505.257,503.577,504.506,260351989.75,2532
2024-04-16 09:00:00+00:00,505.106,505.257,503.577,504.506,260351989.75,2533
2024-04-16 10:00:00+00:00,505.106,505.257,503.577,504.506,260351989.75,2534
2024-04-16 11:00:00+00:00,505.106,505.257,503.577,504.506,260351989.75,2535
2024-04-16 12:00:00+00:00,505.106,505.257,503.577,504.506,260351989.75,2536
2024-04-16 13:00:00+00:00,504.916,505.186,502.946,504.426,183143997.19,2537
2024-04-16 14:00:00+00:00,504.436,505.267,502.416,503.096,266231994.63,2538
2024-04-16 15:00:00+00:00,503.097,505.357,502.866,504.237,222108001.71,2539
2024-04-16 16:00:00+00:00,504.226,505.087,503.496,504.527,220151992.8,2540
2024-04-16 17:00:00+00:00,504.537,505.027,502.186,503.917,262895996.09,2541
2024-04-16 18:00:00+00:00,503.917,506.476,502.597,505.786,247835998.54,2542
2024-04-16 19:00:00+00:00,505.796,505.847,503.286,503.496,229272003.17,2543
2024-04-16 20:00:00+00:00,505.796,505.847,503.286,503.496,229272003.17,2544
2024-04-16 21:00:00+00:00,505.796,505.847,503.286,503.496,229272003.17,2545
2024-04-16 22:00:00+00:00,505.796,505.847,503.286,503.496,229272003.17,2546
2024-04-16 23:00:00+00:00,505.796,505.847,503.286,503.496,229272003.17,2547
2024-04-17 00:00:00+00:00,505.796,505.847,503.286,503.496,229272003.17,2548
2024-04-17 01:00:00+00:00,505.796,505.847,503.286,503.496,229272003.17,2549
2024-04-17 02:00:00+00:00,505.796,505.847,503.286,503.496,229272003.17,2550
2024-04-17 03:00:00+00:00,505.796,505.847,503.286,503.496,229272003.17,2551
2024-04-17 04:00:00+00:00,505.796,505.847,503.286,503.496,229272003.17,2552
2024-04-17 05:00:00+00:00,505.796,505.847,503.286,503.496,229272003.17,2553
2024-04-17 06:00:00+00:00,505.796,505.847,503.286,503.496,229272003.17,2554
2024-04-17 07:00:00+00:00,505.796,505.847,503.286,503.496,229272003.17,2555
2024-04-17 08:00:00+00:00,505.796,505.847,503.286,503.496,229272003.17,2556
2024-04-17 09:00:00+00:00,505.796,505.847,503.286,503.496,229272003.17,2557
2024-04-17 10:00:00+00:00,505.796,505.847,503.286,503.496,229272003.17,2558
2024-04-17 11:00:00+00:00,505.796,505.847,503.286,503.496,229272003.17,2559
2024-04-17 12:00:00+00:00,505.796,505.847,503.286,503.496,229272003.17,2560
2024-04-17 13:00:00+00:00,506.057,506.196,505.006,505.287,154559997.56,2561
2024-04-17 14:00:00+00:00,505.297,505.347,502.177,502.886,299507995.61,2562
2024-04-17 15:00:00+00:00,502.907,503.997,500.996,501.716,271283996.58,2563
2024-04-17 16:00:00+00:00,501.707,501.776,499.106,499.897,259691986.08,2564
2024-04-17 17:00:00+00:00,499.907,502.556,499.676,502.376,243527999.88,2565
2024-04-17 18:00:00+00:00,502.387,504.027,501.297,501.596,265799987.79,2566
2024-04-17 19:00:00+00:00,501.587,501.807,500.357,500.457,284171997.07,2567
2024-04-17 20:00:00+00:00,501.587,501.807,500.357,500.457,284171997.07,2568
2024-04-17 21:00:00+00:00,501.587,501.807,500.357,500.457,284171997.07,2569
2024-04-17 22:00:00+00:00,501.587,501.807,500.357,500.457,284171997.07,2570
2024-04-17 23:00:00+00:00,501.587,501.807,500.357,500.457,284171997.07,2571
2024-04-18 00:00:00+00:00,501.587,501.807,500.357,500.457,284171997.07,2572
2024-04-18 01:00:00+00:00,501.587,501.807,500.357,500.457,284171997.07,2573
2024-04-18 02:00:00+00:00,501.587,501.807,500.357,500.457,284171997.07,2574
2024-04-18 03:00:00+00:00,501.587,501.807,500.357,500.457,284171997.07,2575
2024-04-18 04:00:00+00:00,501.587,501.807,500.357,500.457,284171997.07,2576
2024-04-18 05:00:00+00:00,501.587,501.807,500.357,500.457,284171997.07,2577
2024-04-18 06:00:00+00:00,501.587,501.807,500.357,500.457,284171997.07,2578
2024-04-18 07:00:00+00:00,501.587,501.807,500.357,500.457,284171997.07,2579
2024-04-18 08:00:00+00:00,501.587,501.807,500.357,500.457,284171997.07,2580
2024-04-18 09:00:00+00:00,501.587,501.807,500.357,500.457,284171997.07,2581
2024-04-18 10:00:00+00:00,501.587,501.807,500.357,500.457,284171997.07,2582
2024-04-18 11:00:00+00:00,501.587,501.807,500.357,500.457,284171997.07,2583
2024-04-18 12:00:00+00:00,501.587,501.807,500.357,500.457,284171997.07,2584
2024-04-18 13:00:00+00:00,501.937,502.076,499.717,501.176,161268005.37,2585
2024-04-18 14:00:00+00:00,501.167,503.796,500.326,503.376,277152008.06,2586
2024-04-18 15:00:00+00:00,503.377,504.117,502.617,502.876,198095993.04,2587
2024-04-18 16:00:00+00:00,502.866,503.337,500.606,500.777,192768005.37,2588
2024-04-18 17:00:00+00:00,500.776,501.137,498.857,499.637,224339996.34,2589
2024-04-18 18:00:00+00:00,499.616,500.427,498.556,498.966,220139999.39,2590
2024-04-18 19:00:00+00:00,498.937,500.817,498.927,499.496,223824005.13,2591
2024-04-18 20:00:00+00:00,498.937,500.817,498.927,499.496,223824005.13,2592
2024-04-18 21:00:00+00:00,498.937,500.817,498.927,499.496,223824005.13,2593
2024-04-18 22:00:00+00:00,498.937,500.817,498.927,499.496,223824005.13,2594
2024-04-18 23:00:00+00:00,498.937,500.817,498.927,499.496,223824005.13,2595
2024-04-19 00:00:00+00:00,498.937,500.817,498.927,499.496,223824005.13,2596
2024-04-19 01:00:00+00:00,498.937,500.817,498.927,499.496,223824005.13,2597
2024-04-19 02:00:00+00:00,498.937,500.817,498.927,499.496,223824005.13,2598
2024-04-19 03:00:00+00:00,498.937,500.817,498.927,499.496,223824005.13,2599
2024-04-19 04:00:00+00:00,498.937,500.817,498.927,499.496,223824005.13,2600
2024-04-19 05:00:00+00:00,498.937,500.817,498.927,499.496,223824005.13,2601
2024-04-19 06:00:00+00:00,498.937,500.817,498.927,499.496,223824005.13,2602
2024-04-19 07:00:00+00:00,498.937,500.817,498.927,499.496,223824005.13,2603
2024-04-19 08:00:00+00:00,498.937,500.817,498.927,499.496,223824005.13,2604
2024-04-19 09:00:00+00:00,498.937,500.817,498.927,499.496,223824005.13,2605
2024-04-19 10:00:00+00:00,498.937,500.817,498.927,499.496,223824005.13,2606
2024-04-19 11:00:00+00:00,498.937,500.817,498.927,499.496,223824005.13,2607
2024-04-19 12:00:00+00:00,498.937,500.817,498.927,499.496,223824005.13,2608
2024-04-19 13:00:00+00:00,499.386,500.437,498.676,499.617,182675994.87,2609
2024-04-19 14:00:00+00:00,499.626,500.137,497.556,498.527,342611999.51,2610
2024-04-19 15:00:00+00:00,498.527,498.946,496.966,497.117,270708007.81,2611
2024-04-19 16:00:00+00:00,497.097,497.767,495.077,497.086,254220001.22,2612
2024-04-19 17:00:00+00:00,497.076,498.447,496.446,497.277,260604003.91,2613
2024-04-19 18:00:00+00:00,497.286,497.317,494.006,494.917,313320007.32,2614
2024-04-19 19:00:00+00:00,494.896,495.706,493.847,495.176,293783996.58,2615
2024-04-19 20:00:00+00:00,494.896,495.706,493.847,495.176,293783996.58,2616
2024-04-19 21:00:00+00:00,494.896,495.706,493.847,495.176,293783996.58,2617
2024-04-19 22:00:00+00:00,494.896,495.706,493.847,495.176,293783996.58,2618
2024-04-19 23:00:00+00:00,494.896,495.706,493.847,495.176,293783996.58,2619
2024-04-20 00:00:00+00:00,494.896,495.706,493.847,495.176,293783996.58,2620
2024-04-20 01:00:00+00:00,494.896,495.706,493.847,495.176,293783996.58,2621
2024-04-20 02:00:00+00:00,494.896,495.706,493.847,495.176,293783996.58,2622
2024-04-20 03:00:00+00:00,494.896,495.706,493.847,495.176,293783996.58,2623
2024-04-20 04:00:00+00:00,494.896,495.706,493.847,495.176,293783996.58,2624
2024-04-20 05:00:00+00:00,494.896,495.706,493.847,495.176,293783996.58,2625
2024-04-20 06:00:00+00:00,494.896,495.706,493.847,495.176,293783996.58,2626
2024-04-20 07:00:00+00:00,494.896,495.706,493.847,495.176,293783996.58,2627
2024-04-20 08:00:00+00:00,494.896,495.706,493.847,495.176,293783996.58,2628
2024-04-20 09:00:00+00:00,494.896,495.706,493.847,495.176,293783996.58,2629
2024-04-20 10:00:00+00:00,494.896,495.706,493.847,495.176,293783996.58,2630
2024-04-20 11:00:00+00:00,494.896,495.706,493.847,495.176,293783996.58,2631
2024-04-20 12:00:00+00:00,494.896,495.706,493.847,495.176,293783996.58,2632
2024-04-20 13:00:00+00:00,494.896,495.706,493.847,495.176,293783996.58,2633
2024-04-20 14:00:00+00:00,494.896,495.706,493.847,495.176,293783996.58,2634
2024-04-20 15:00:00+00:00,494.896,495.706,493.847,495.176,293783996.58,2635
2024-04-20 16:00:00+00:00,494.896,495.706,493.847,495.176,293783996.58,2636
2024-04-20 17:00:00+00:00,494.896,495.706,493.847,495.176,293783996.58,2637
2024-04-20 18:00:00+00:00,494.896,495.706,493.847,495.176,293783996.58,2638
2024-04-20 19:00:00+00:00,494.896,495.706,493.847,495.176,293783996.58,2639
2024-04-20 20:00:00+00:00,494.896,495.706,493.847,495.176,293783996.58,2640
2024-04-20 21:00:00+00:00,494.896,495.706,493.847,495.176,293783996.58,2641
2024-04-20 22:00:00+00:00,494.896,495.706,493.847,495.176,293783996.58,2642
2024-04-20 23:00:00+00:00,494.896,495.706,493.847,495.176,293783996.58,2643
2024-04-21 00:00:00+00:00,494.896,495.706,493.847,495.176,293783996.58,2644
2024-04-21 01:00:00+00:00,494.896,495.706,493.847,495.176,293783996.58,2645
2024-04-21 02:00:00+00:00,494.896,495.706,493.847,495.176,293783996.58,2646
2024-04-21 03:00:00+00:00,494.896,495.706,493.847,495.176,293783996.58,2647
2024-04-21 04:00:00+00:00,494.896,495.706,493.847,495.176,293783996.58,2648
2024-04-21 05:00:00+00:00,494.896,495.706,493.847,495.176,293783996.58,2649
2024-04-21 06:00:00+00:00,494.896,495.706,493.847,495.176,293783996.58,2650
2024-04-21 07:00:00+00:00,494.896,495.706,493.847,495.176,293783996.58,2651
2024-04-21 08:00:00+00:00,494.896,495.706,493.847,495.176,293783996.58,2652
2024-04-21 09:00:00+00:00,494.896,495.706,493.847,495.176,293783996.58,2653
2024-04-21 10:00:00+00:00,494.896,495.706,493.847,495.176,293783996.58,2654
2024-04-21 11:00:00+00:00,494.896,495.706,493.847,495.176,293783996.58,2655
2024-04-21 12:00:00+00:00,494.896,495.706,493.847,495.176,293783996.58,2656
2024-04-21 13:00:00+00:00,494.896,495.706,493.847,495.176,293783996.58,2657
2024-04-21 14:00:00+00:00,494.896,495.706,493.847,495.176,293783996.58,2658
2024-04-21 15:00:00+00:00,494.896,495.706,493.847,495.176,293783996.58,2659
2024-04-21 16:00:00+00:00,494.896,495.706,493.847,495.176,293783996.58,2660
2024-04-21 17:00:00+00:00,494.896,495.706,493.847,495.176,293783996.58,2661
2024-04-21 18:00:00+00:00,494.896,495.706,493.847,495.176,293783996.58,2662
2024-04-21 19:00:00+00:00,494.896,495.706,493.847,495.176,293783996.58,2663
2024-04-21 20:00:00+00:00,494.896,495.706,493.847,495.176,293783996.58,2664
2024-04-21 21:00:00+00:00,494.896,495.706,493.847,495.176,293783996.58,2665
2024-04-21 22:00:00+00:00,494.896,495.706,493.847,495.176,293783996.58,2666
2024-04-21 23:00:00+00:00,494.896,495.706,493.847,495.176,293783996.58,2667
2024-04-22 00:00:00+00:00,494.896,495.706,493.847,495.176,293783996.58,2668
2024-04-22 01:00:00+00:00,494.896,495.706,493.847,495.176,293783996.58,2669
2024-04-22 02:00:00+00:00,494.896,495.706,493.847,495.176,293783996.58,2670
2024-04-22 03:00:00+00:00,494.896,495.706,493.847,495.176,293783996.58,2671
2024-04-22 04:00:00+00:00,494.896,495.706,493.847,495.176,293783996.58,2672
2024-04-22 05:00:00+00:00,494.896,495.706,493.847,495.176,293783996.58,2673
2024-04-22 06:00:00+00:00,494.896,495.706,493.847,495.176,293783996.58,2674
2024-04-22 07:00:00+00:00,494.896,495.706,493.847,495.176,293783996.58,2675
2024-04-22 08:00:00+00:00,494.896,495.706,493.847,495.176,293783996.58,2676
2024-04-22 09:00:00+00:00,494.896,495.706,493.847,495.176,293783996.58,2677
2024-04-22 10:00:00+00:00,494.896,495.706,493.847,495.176,293783996.58,2678
2024-04-22 11:00:00+00:00,494.896,495.706,493.847,495.176,293783996.58,2679
2024-04-22 12:00:00+00:00,494.896,495.706,493.847,495.176,293783996.58,2680
2024-04-22 13:00:00+00:00,497.816,498.047,496.727,497.576,148367996.22,2681
2024-04-22 14:00:00+00:00,497.587,498.196,495.937,496.196,269148010.25,2682
2024-04-22 15:00:00+00:00,496.157,497.396,495.426,497.386,191039993.29,2683
2024-04-22 16:00:00+00:00,497.386,498.496,497.266,498.406,156276000.98,2684
2024-04-22 17:00:00+00:00,498.427,501.897,498.216,501.416,150660003.66,2685
2024-04-22 18:00:00+00:00,501.446,502.367,500.616,501.326,178860000.61,2686
2024-04-22 19:00:00+00:00,501.306,501.347,498.897,499.656,205248001.1,2687
2024-04-22 20:00:00+00:00,501.306,501.347,498.897,499.656,205248001.1,2688
2024-04-22 21:00:00+00:00,501.306,501.347,498.897,499.656,205248001.1,2689
2024-04-22 22:00:00+00:00,501.306,501.347,498.897,499.656,205248001.1,2690
2024-04-22 23:00:00+00:00,501.306,501.347,498.897,499.656,205248001.1,2691
2024-04-23 00:00:00+00:00,501.306,501.347,498.897,499.656,205248001.1,2692
2024-04-23 01:00:00+00:00,501.306,501.347,498.897,499.656,205248001.1,2693
2024-04-23 02:00:00+00:00,501.306,501.347,498.897,499.656,205248001.1,2694
2024-04-23 03:00:00+00:00,501.306,501.347,498.897,499.656,205248001.1,2695
2024-04-23 04:00:00+00:00,501.306,501.347,498.897,499.656,205248001.1,2696
2024-04-23 05:00:00+00:00,501.306,501.347,498.897,499.656,205248001.1,2697
2024-04-23 06:00:00+00:00,501.306,501.347,498.897,499.656,205248001.1,2698
2024-04-23 07:00:00+00:00,501.306,501.347,498.897,499.656,205248001.1,2699
2024-04-23 08:00:00+00:00,501.306,501.347,498.897,499.656,205248001.1,2700
2024-04-23 09:00:00+00:00,501.306,501.347,498.897,499.656,205248001.1,2701
2024-04-23 10:00:00+00:00,501.306,501.347,498.897,499.656,205248001.1,2702
2024-04-23 11:00:00+00:00,501.306,501.347,498.897,499.656,205248001.1,2703
2024-04-23 12:00:00+00:00,501.306,501.347,498.897,499.656,205248001.1,2704
2024-04-23 13:00:00+00:00,501.787,503.667,501.207,503.057,147707992.55,2705
2024-04-23 14:00:00+00:00,503.097,505.316,502.677,505.196,240503997.8,2706
2024-04-23 15:00:00+00:00,505.206,505.327,504.036,504.317,184835998.54,2707
2024-04-23 16:00:00+00:00,504.316,505.557,504.227,505.187,125027999.88,2708
2024-04-23 17:00:00+00:00,505.177,506.057,504.566,505.966,139427993.77,2709
2024-04-23 18:00:00+00:00,505.937,506.076,505.246,505.717,108335998.54,2710
2024-04-23 19:00:00+00:00,505.707,505.777,504.957,505.606,154955993.65,2711
2024-04-23 20:00:00+00:00,505.707,505.777,504.957,505.606,154955993.65,2712
2024-04-23 21:00:00+00:00,505.707,505.777,504.957,505.606,154955993.65,2713
2024-04-23 22:00:00+00:00,505.707,505.777,504.957,505.606,154955993.65,2714
2024-04-23 23:00:00+00:00,505.707,505.777,504.957,505.606,154955993.65,2715
2024-04-24 00:00:00+00:00,505.707,505.777,504.957,505.606,154955993.65,2716
2024-04-24 01:00:00+00:00,505.707,505.777,504.957,505.606,154955993.65,2717
2024-04-24 02:00:00+00:00,505.707,505.777,504.957,505.606,154955993.65,2718
2024-04-24 03:00:00+00:00,505.707,505.777,504.957,505.606,154955993.65,2719
2024-04-24 04:00:00+00:00,505.707,505.777,504.957,505.606,154955993.65,2720
2024-04-24 05:00:00+00:00,505.707,505.777,504.957,505.606,154955993.65,2721
2024-04-24 06:00:00+00:00,505.707,505.777,504.957,505.606,154955993.65,2722
2024-04-24 07:00:00+00:00,505.707,505.777,504.957,505.606,154955993.65,2723
2024-04-24 08:00:00+00:00,505.707,505.777,504.957,505.606,154955993.65,2724
2024-04-24 09:00:00+00:00,505.707,505.777,504.957,505.606,154955993.65,2725
2024-04-24 10:00:00+00:00,505.707,505.777,504.957,505.606,154955993.65,2726
2024-04-24 11:00:00+00:00,505.707,505.777,504.957,505.606,154955993.65,2727
2024-04-24 12:00:00+00:00,505.707,505.777,504.957,505.606,154955993.65,2728
2024-04-24 13:00:00+00:00,506.516,507.356,505.916,506.236,149363998.41,2729
2024-04-24 14:00:00+00:00,506.246,507.126,504.966,505.227,249395996.09,2730
2024-04-24 15:00:00+00:00,505.206,505.377,503.596,503.727,201863998.41,2731
2024-04-24 16:00:00+00:00,503.707,504.387,503.116,504.306,181343994.14,2732
2024-04-24 17:00:00+00:00,504.306,506.536,504.037,506.417,128016006.47,2733
2024-04-24 18:00:00+00:00,506.426,506.496,504.397,504.446,181488006.59,2734
2024-04-24 19:00:00+00:00,504.437,506.177,504.226,505.456,160175994.87,2735
2024-04-24 20:00:00+00:00,504.437,506.177,504.226,505.456,160175994.87,2736
2024-04-24 21:00:00+00:00,504.437,506.177,504.226,505.456,160175994.87,2737
2024-04-24 22:00:00+00:00,504.437,506.177,504.226,505.456,160175994.87,2738
2024-04-24 23:00:00+00:00,504.437,506.177,504.226,505.456,160175994.87,2739
2024-04-25 00:00:00+00:00,504.437,506.177,504.226,505.456,160175994.87,2740
2024-04-25 01:00:00+00:00,504.437,506.177,504.226,505.456,160175994.87,2741
2024-04-25 02:00:00+00:00,504.437,506.177,504.226,505.456,160175994.87,2742
2024-04-25 03:00:00+00:00,504.437,506.177,504.226,505.456,160175994.87,2743
2024-04-25 04:00:00+00:00,504.437,506.177,504.226,505.456,160175994.87,2744
2024-04-25 05:00:00+00:00,504.437,506.177,504.226,505.456,160175994.87,2745
2024-04-25 06:00:00+00:00,504.437,506.177,504.226,505.456,160175994.87,2746
2024-04-25 07:00:00+00:00,504.437,506.177,504.226,505.456,160175994.87,2747
2024-04-25 08:00:00+00:00,504.437,506.177,504.226,505.456,160175994.87,2748
2024-04-25 09:00:00+00:00,504.437,506.177,504.226,505.456,160175994.87,2749
2024-04-25 10:00:00+00:00,504.437,506.177,504.226,505.456,160175994.87,2750
2024-04-25 11:00:00+00:00,504.437,506.177,504.226,505.456,160175994.87,2751
2024-04-25 12:00:00+00:00,504.437,506.177,504.226,505.456,160175994.87,2752
2024-04-25 13:00:00+00:00,499.077,499.337,497.846,498.177,172944000.24,2753
2024-04-25 14:00:00+00:00,498.167,499.807,497.486,498.397,307104003.91,2754
2024-04-25 15:00:00+00:00,498.406,500.376,498.346,500.247,246335998.54,2755
2024-04-25 16:00:00+00:00,500.236,502.027,499.896,501.757,210611999.51,2756
2024-04-25 17:00:00+00:00,501.767,503.797,500.966,503.477,224904006.96,2757
2024-04-25 18:00:00+00:00,503.506,503.707,501.686,502.467,211944000.24,2758
2024-04-25 19:00:00+00:00,502.476,504.257,502.427,503.377,216539993.29,2759
2024-04-25 20:00:00+00:00,502.476,504.257,502.427,503.377,216539993.29,2760
2024-04-25 21:00:00+00:00,502.476,504.257,502.427,503.377,216539993.29,2761
2024-04-25 22:00:00+00:00,502.476,504.257,502.427,503.377,216539993.29,2762
2024-04-25 23:00:00+00:00,502.476,504.257,502.427,503.377,216539993.29,2763
2024-04-26 00:00:00+00:00,502.476,504.257,502.427,503.377,216539993.29,2764
2024-04-26 01:00:00+00:00,502.476,504.257,502.427,503.377,216539993.29,2765
2024-04-26 02:00:00+00:00,502.476,504.257,502.427,503.377,216539993.29,2766
2024-04-26 03:00:00+00:00,502.476,504.257,502.427,503.377,216539993.29,2767
2024-04-26 04:00:00+00:00,502.476,504.257,502.427,503.377,216539993.29,2768
2024-04-26 05:00:00+00:00,502.476,504.257,502.427,503.377,216539993.29,2769
2024-04-26 06:00:00+00:00,502.476,504.257,502.427,503.377,216539993.29,2770
2024-04-26 07:00:00+00:00,502.476,504.257,502.427,503.377,216539993.29,2771
2024-04-26 08:00:00+00:00,502.476,504.257,502.427,503.377,216539993.29,2772
2024-04-26 09:00:00+00:00,502.476,504.257,502.427,503.377,216539993.29,2773
2024-04-26 10:00:00+00:00,502.476,504.257,502.427,503.377,216539993.29,2774
2024-04-26 11:00:00+00:00,502.476,504.257,502.427,503.377,216539993.29,2775
2024-04-26 12:00:00+00:00,502.476,504.257,502.427,503.377,216539993.29,2776
2024-04-26 13:00:00+00:00,506.347,508.227,505.696,507.796,155904006.96,2777
2024-04-26 14:00:00+00:00,507.836,508.996,507.626,508.787,266687988.28,2778
2024-04-26 15:00:00+00:00,508.797,509.537,507.716,508.606,201863998.41,2779
2024-04-26 16:00:00+00:00,508.617,509.547,508.136,509.546,124667999.27,2780
2024-04-26 17:00:00+00:00,509.556,509.867,509.086,509.416,107040000.92,2781
2024-04-26 18:00:00+00:00,509.417,509.477,508.566,509.387,137735992.43,2782
2024-04-26 19:00:00+00:00,509.396,509.637,508.156,508.237,110748001.1,2783
2024-04-26 20:00:00+00:00,509.396,509.637,508.156,508.237,110748001.1,2784
2024-04-26 21:00:00+00:00,509.396,509.637,508.156,508.237,110748001.1,2785
2024-04-26 22:00:00+00:00,509.396,509.637,508.156,508.237,110748001.1,2786
2024-04-26 23:00:00+00:00,509.396,509.637,508.156,508.237,110748001.1,2787
2024-04-27 00:00:00+00:00,509.396,509.637,508.156,508.237,110748001.1,2788
2024-04-27 01:00:00+00:00,509.396,509.637,508.156,508.237,110748001.1,2789
2024-04-27 02:00:00+00:00,509.396,509.637,508.156,508.237,110748001.1,2790
2024-04-27 03:00:00+00:00,509.396,509.637,508.156,508.237,110748001.1,2791
2024-04-27 04:00:00+00:00,509.396,509.637,508.156,508.237,110748001.1,2792
2024-04-27 05:00:00+00:00,509.396,509.637,508.156,508.237,110748001.1,2793
2024-04-27 06:00:00+00:00,509.396,509.637,508.156,508.237,110748001.1,2794
2024-04-27 07:00:00+00:00,509.396,509.637,508.156,508.237,110748001.1,2795
2024-04-27 08:00:00+00:00,509.396,509.637,508.156,508.237,110748001.1,2796
2024-04-27 09:00:00+00:00,509.396,509.637,508.156,508.237,110748001.1,2797
2024-04-27 10:00:00+00:00,509.396,509.637,508.156,508.237,110748001.1,2798
2024-04-27 11:00:00+00:00,509.396,509.637,508.156,508.237,110748001.1,2799
2024-04-27 12:00:00+00:00,509.396,509.637,508.156,508.237,110748001.1,2800
2024-04-27 13:00:00+00:00,509.396,509.637,508.156,508.237,110748001.1,2801
2024-04-27 14:00:00+00:00,509.396,509.637,508.156,508.237,110748001.1,2802
2024-04-27 15:00:00+00:00,509.396,509.637,508.156,508.237,110748001.1,2803
2024-04-27 16:00:00+00:00,509.396,509.637,508.156,508.237,110748001.1,2804
2024-04-27 17:00:00+00:00,509.396,509.637,508.156,508.237,110748001.1,2805
2024-04-27 18:00:00+00:00,509.396,509.637,508.156,508.237,110748001.1,2806
2024-04-27 19:00:00+00:00,509.396,509.637,508.156,508.237,110748001.1,2807
2024-04-27 20:00:00+00:00,509.396,509.637,508.156,508.237,110748001.1,2808
2024-04-27 21:00:00+00:00,509.396,509.637,508.156,508.237,110748001.1,2809
2024-04-27 22:00:00+00:00,509.396,509.637,508.156,508.237,110748001.1,2810
2024-04-27 23:00:00+00:00,509.396,509.637,508.156,508.237,110748001.1,2811
2024-04-28 00:00:00+00:00,509.396,509.637,508.156,508.237,110748001.1,2812
2024-04-28 01:00:00+00:00,509.396,509.637,508.156,508.237,110748001.1,2813
2024-04-28 02:00:00+00:00,509.396,509.637,508.156,508.237,110748001.1,2814
2024-04-28 03:00:00+00:00,509.396,509.637,508.156,508.237,110748001.1,2815
2024-04-28 04:00:00+00:00,509.396,509.637,508.156,508.237,110748001.1,2816
2024-04-28 05:00:00+00:00,509.396,509.637,508.156,508.237,110748001.1,2817
2024-04-28 06:00:00+00:00,509.396,509.637,508.156,508.237,110748001.1,2818
2024-04-28 07:00:00+00:00,509.396,509.637,508.156,508.237,110748001.1,2819
2024-04-28 08:00:00+00:00,509.396,509.637,508.156,508.237,110748001.1,2820
2024-04-28 09:00:00+00:00,509.396,509.637,508.156,508.237,110748001.1,2821
2024-04-28 10:00:00+00:00,509.396,509.637,508.156,508.237,110748001.1,2822
2024-04-28 11:00:00+00:00,509.396,509.637,508.156,508.237,110748001.1,2823
2024-04-28 12:00:00+00:00,509.396,509.637,508.156,508.237,110748001.1,2824
2024-04-28 13:00:00+00:00,509.396,509.637,508.156,508.237,110748001.1,2825
2024-04-28 14:00:00+00:00,509.396,509.637,508.156,508.237,110748001.1,2826
2024-04-28 15:00:00+00:00,509.396,509.637,508.156,508.237,110748001.1,2827
2024-04-28 16:00:00+00:00,509.396,509.637,508.156,508.237,110748001.1,2828
2024-04-28 17:00:00+00:00,509.396,509.637,508.156,508.237,110748001.1,2829
2024-04-28 18:00:00+00:00,509.396,509.637,508.156,508.237,110748001.1,2830
2024-04-28 19:00:00+00:00,509.396,509.637,508.156,508.237,110748001.1,2831
2024-04-28 20:00:00+00:00,509.396,509.637,508.156,508.237,110748001.1,2832
2024-04-28 21:00:00+00:00,509.396,509.637,508.156,508.237,110748001.1,2833
2024-04-28 22:00:00+00:00,509.396,509.637,508.156,508.237,110748001.1,2834
2024-04-28 23:00:00+00:00,509.396,509.637,508.156,508.237,110748001.1,2835
2024-04-29 00:00:00+00:00,509.396,509.637,508.156,508.237,110748001.1,2836
2024-04-29 01:00:00+00:00,509.396,509.637,508.156,508.237,110748001.1,2837
2024-04-29 02:00:00+00:00,509.396,509.637,508.156,508.237,110748001.1,2838
2024-04-29 03:00:00+00:00,509.396,509.637,508.156,508.237,110748001.1,2839
2024-04-29 04:00:00+00:00,509.396,509.637,508.156,508.237,110748001.1,2840
2024-04-29 05:00:00+00:00,509.396,509.637,508.156,508.237,110748001.1,2841
2024-04-29 06:00:00+00:00,509.396,509.637,508.156,508.237,110748001.1,2842
2024-04-29 07:00:00+00:00,509.396,509.637,508.156,508.237,110748001.1,2843
2024-04-29 08:00:00+00:00,509.396,509.637,508.156,508.237,110748001.1,2844
2024-04-29 09:00:00+00:00,509.396,509.637,508.156,508.237,110748001.1,2845
2024-04-29 10:00:00+00:00,509.396,509.637,508.156,508.237,110748001.1,2846
2024-04-29 11:00:00+00:00,509.396,509.637,508.156,508.237,110748001.1,2847
2024-04-29 12:00:00+00:00,509.396,509.637,508.156,508.237,110748001.1,2848
2024-04-29 13:00:00+00:00,510.076,510.737,509.006,509.557,149748001.1,2849
2024-04-29 14:00:00+00:00,509.566,510.616,509.526,509.867,221220001.22,2850
2024-04-29 15:00:00+00:00,509.877,509.937,508.996,509.697,153179992.68,2851
2024-04-29 16:00:00+00:00,509.686,510.317,509.537,509.926,104879997.25,2852
2024-04-29 17:00:00+00:00,509.936,510.497,509.566,510.167,93515998.84,2853
2024-04-29 18:00:00+00:00,510.167,510.167,508.587,509.546,141587997.44,2854
2024-04-29 19:00:00+00:00,509.537,510.177,507.246,510.047,228744003.3,2855
2024-04-29 20:00:00+00:00,509.537,510.177,507.246,510.047,228744003.3,2856
2024-04-29 21:00:00+00:00,509.537,510.177,507.246,510.047,228744003.3,2857
2024-04-29 22:00:00+00:00,509.537,510.177,507.246,510.047,228744003.3,2858
2024-04-29 23:00:00+00:00,509.537,510.177,507.246,510.047,228744003.3,2859
2024-04-30 00:00:00+00:00,509.537,510.177,507.246,510.047,228744003.3,2860
2024-04-30 01:00:00+00:00,509.537,510.177,507.246,510.047,228744003.3,2861
2024-04-30 02:00:00+00:00,509.537,510.177,507.246,510.047,228744003.3,2862
2024-04-30 03:00:00+00:00,509.537,510.177,507.246,510.047,228744003.3,2863
2024-04-30 04:00:00+00:00,509.537,510.177,507.246,510.047,228744003.3,2864
2024-04-30 05:00:00+00:00,509.537,510.177,507.246,510.047,228744003.3,2865
2024-04-30 06:00:00+00:00,509.537,510.177,507.246,510.047,228744003.3,2866
2024-04-30 07:00:00+00:00,509.537,510.177,507.246,510.047,228744003.3,2867
2024-04-30 08:00:00+00:00,509.537,510.177,507.246,510.047,228744003.3,2868
2024-04-30 09:00:00+00:00,509.537,510.177,507.246,510.047,228744003.3,2869
2024-04-30 10:00:00+00:00,509.537,510.177,507.246,510.047,228744003.3,2870
2024-04-30 11:00:00+00:00,509.537,510.177,507.246,510.047,228744003.3,2871
2024-04-30 12:00:00+00:00,509.537,510.177,507.246,510.047,228744003.3,2872
2024-04-30 13:00:00+00:00,508.517,509.507,508.176,509.087,128255996.7,2873
2024-04-30 14:00:00+00:00,509.086,509.547,508.106,508.636,241343994.14,2874
2024-04-30 15:00:00+00:00,508.646,508.647,506.026,506.597,211067993.16,2875
2024-04-30 16:00:00+00:00,506.617,507.017,504.797,505.297,179807998.66,2876
2024-04-30 17:00:00+00:00,505.277,506.257,504.697,506.097,171539993.29,2877
2024-04-30 18:00:00+00:00,506.136,506.527,504.387,504.787,191268005.37,2878
2024-04-30 19:00:00+00:00,504.767,505.276,502.027,502.037,204083999.63,2879
2024-04-30 20:00:00+00:00,504.767,505.276,502.027,502.037,204083999.63,2880
2024-04-30 21:00:00+00:00,504.767,505.276,502.027,502.037,204083999.63,2881
2024-04-30 22:00:00+00:00,504.767,505.276,502.027,502.037,204083999.63,2882
2024-04-30 23:00:00+00:00,504.767,505.276,502.027,502.037,204083999.63,2883
2024-05-01 00:00:00+00:00,504.767,505.276,502.027,502.037,204083999.63,2884
2024-05-01 01:00:00+00:00,504.767,505.276,502.027,502.037,204083999.63,2885
2024-05-01 02:00:00+00:00,504.767,505.276,502.027,502.037,204083999.63,2886
2024-05-01 03:00:00+00:00,504.767,505.276,502.027,502.037,204083999.63,2887
2024-05-01 04:00:00+00:00,504.767,505.276,502.027,502.037,204083999.63,2888
2024-05-01 05:00:00+00:00,504.767,505.276,502.027,502.037,204083999.63,2889
2024-05-01 06:00:00+00:00,504.767,505.276,502.027,502.037,204083999.63,2890
2024-05-01 07:00:00+00:00,504.767,505.276,502.027,502.037,204083999.63,2891
2024-05-01 08:00:00+00:00,504.767,505.276,502.027,502.037,204083999.63,2892
2024-05-01 09:00:00+00:00,504.767,505.276,502.027,502.037,204083999.63,2893
2024-05-01 10:00:00+00:00,504.767,505.276,502.027,502.037,204083999.63,2894
2024-05-01 11:00:00+00:00,504.767,505.276,502.027,502.037,204083999.63,2895
2024-05-01 12:00:00+00:00,504.767,505.276,502.027,502.037,204083999.63,2896
2024-05-01 13:00:00+00:00,501.346,501.807,500.396,500.807,146843994.14,2897
2024-05-01 14:00:00+00:00,500.806,501.576,500.057,501.336,277847991.94,2898
2024-05-01 15:00:00+00:00,501.326,501.477,500.046,500.247,202511993.41,2899
2024-05-01 16:00:00+00:00,500.237,501.136,499.846,500.417,196860000.61,2900
2024-05-01 17:00:00+00:00,500.406,501.387,499.916,500.837,162912002.56,2901
2024-05-01 18:00:00+00:00,500.877,507.396,500.736,507.296,376044006.35,2902
2024-05-01 19:00:00+00:00,507.327,508.156,500.097,500.207,387312011.72,2903
2024-05-01 20:00:00+00:00,507.327,508.156,500.097,500.207,387312011.72,2904
2024-05-01 21:00:00+00:00,507.327,508.156,500.097,500.207,387312011.72,2905
2024-05-01 22:00:00+00:00,507.327,508.156,500.097,500.207,387312011.72,2906
2024-05-01 23:00:00+00:00,507.327,508.156,500.097,500.207,387312011.72,2907
2024-05-02 00:00:00+00:00,507.327,508.156,500.097,500.207,387312011.72,2908
2024-05-02 01:00:00+00:00,507.327,508.156,500.097,500.207,387312011.72,2909
2024-05-02 02:00:00+00:00,507.327,508.156,500.097,500.207,387312011.72,2910
2024-05-02 03:00:00+00:00,507.327,508.156,500.097,500.207,387312011.72,2911
2024-05-02 04:00:00+00:00,507.327,508.156,500.097,500.207,387312011.72,2912
2024-05-02 05:00:00+00:00,507.327,508.156,500.097,500.207,387312011.72,2913
2024-05-02 06:00:00+00:00,507.327,508.156,500.097,500.207,387312011.72,2914
2024-05-02 07:00:00+00:00,507.327,508.156,500.097,500.207,387312011.72,2915
2024-05-02 08:00:00+00:00,507.327,508.156,500.097,500.207,387312011.72,2916
2024-05-02 09:00:00+00:00,507.327,508.156,500.097,500.207,387312011.72,2917
2024-05-02 10:00:00+00:00,507.327,508.156,500.097,500.207,387312011.72,2918
2024-05-02 11:00:00+00:00,507.327,508.156,500.097,500.207,387312011.72,2919
2024-05-02 12:00:00+00:00,507.327,508.156,500.097,500.207,387312011.72,2920
2024-05-02 13:00:00+00:00,504.146,504.667,501.647,501.936,156755996.7,2921
2024-05-02 14:00:00+00:00,501.916,502.617,499.546,502.436,306048004.15,2922
2024-05-02 15:00:00+00:00,502.416,503.116,501.376,502.756,211619995.12,2923
2024-05-02 16:00:00+00:00,502.757,502.847,501.316,502.287,187343994.14,2924
2024-05-02 17:00:00+00:00,502.316,504.356,502.296,503.846,156647995.0,2925
2024-05-02 18:00:00+00:00,503.837,505.626,503.657,505.427,190212005.62,2926
2024-05-02 19:00:00+00:00,505.437,505.867,503.846,504.986,229356002.81,2927
2024-05-02 20:00:00+00:00,505.437,505.867,503.846,504.986,229356002.81,2928
2024-05-02 21:00:00+00:00,505.437,505.867,503.846,504.986,229356002.81,2929
2024-05-02 22:00:00+00:00,505.437,505.867,503.846,504.986,229356002.81,2930
2024-05-02 23:00:00+00:00,505.437,505.867,503.846,504.986,229356002.81,2931
2024-05-03 00:00:00+00:00,505.437,505.867,503.846,504.986,229356002.81,2932
2024-05-03 01:00:00+00:00,505.437,505.867,503.846,504.986,229356002.81,2933
2024-05-03 02:00:00+00:00,505.437,505.867,503.846,504.986,229356002.81,2934
2024-05-03 03:00:00+00:00,505.437,505.867,503.846,504.986,229356002.81,2935
2024-05-03 04:00:00+00:00,505.437,505.867,503.846,504.986,229356002.81,2936
2024-05-03 05:00:00+00:00,505.437,505.867,503.846,504.986,229356002.81,2937
2024-05-03 06:00:00+00:00,505.437,505.867,503.846,504.986,229356002.81,2938
2024-05-03 07:00:00+00:00,505.437,505.867,503.846,504.986,229356002.81,2939
2024-05-03 08:00:00+00:00,505.437,505.867,503.846,504.986,229356002.81,2940
2024-05-03 09:00:00+00:00,505.437,505.867,503.846,504.986,229356002.81,2941
2024-05-03 10:00:00+00:00,505.437,505.867,503.846,504.986,229356002.81,2942
2024-05-03 11:00:00+00:00,505.437,505.867,503.846,504.986,229356002.81,2943
2024-05-03 12:00:00+00:00,505.437,505.867,503.846,504.986,229356002.81,2944
2024-05-03 13:00:00+00:00,511.147,511.967,509.596,511.447,161220001.22,2945
2024-05-03 14:00:00+00:00,512.186,512.186,508.637,509.147,378899993.9,2946
2024-05-03 15:00:00+00:00,509.147,510.897,508.556,510.476,233255996.7,2947
2024-05-03 16:00:00+00:00,510.496,511.377,510.406,510.687,147744003.3,2948
2024-05-03 17:00:00+00:00,510.687,511.597,510.596,511.286,125879997.25,2949
2024-05-03 18:00:00+00:00,511.276,511.977,511.236,511.527,111515998.84,2950
2024-05-03 19:00:00+00:00,511.537,511.837,511.126,511.286,115596000.67,2951
2024-05-03 20:00:00+00:00,511.537,511.837,511.126,511.286,115596000.67,2952
2024-05-03 21:00:00+00:00,511.537,511.837,511.126,511.286,115596000.67,2953
2024-05-03 22:00:00+00:00,511.537,511.837,511.126,511.286,115596000.67,2954
2024-05-03 23:00:00+00:00,511.537,511.837,511.126,511.286,115596000.67,2955
2024-05-04 00:00:00+00:00,511.537,511.837,511.126,511.286,115596000.67,2956
2024-05-04 01:00:00+00:00,511.537,511.837,511.126,511.286,115596000.67,2957
2024-05-04 02:00:00+00:00,511.537,511.837,511.126,511.286,115596000.67,2958
2024-05-04 03:00:00+00:00,511.537,511.837,511.126,511.286,115596000.67,2959
2024-05-04 04:00:00+00:00,511.537,511.837,511.126,511.286,115596000.67,2960
2024-05-04 05:00:00+00:00,511.537,511.837,511.126,511.286,115596000.67,2961
2024-05-04 06:00:00+00:00,511.537,511.837,511.126,511.286,115596000.67,2962
2024-05-04 07:00:00+00:00,511.537,511.837,511.126,511.286,115596000.67,2963
2024-05-04 08:00:00+00:00,511.537,511.837,511.126,511.286,115596000.67,2964
2024-05-04 09:00:00+00:00,511.537,511.837,511.126,511.286,115596000.67,2965
2024-05-04 10:00:00+00:00,511.537,511.837,511.126,511.286,115596000.67,2966
2024-05-04 11:00:00+00:00,511.537,511.837,511.126,511.286,115596000.67,2967
2024-05-04 12:00:00+00:00,511.537,511.837,511.126,511.286,115596000.67,2968
2024-05-04 13:00:00+00:00,511.537,511.837,511.126,511.286,115596000.67,2969
2024-05-04 14:00:00+00:00,511.537,511.837,511.126,511.286,115596000.67,2970
2024-05-04 15:00:00+00:00,511.537,511.837,511.126,511.286,115596000.67,2971
2024-05-04 16:00:00+00:00,511.537,511.837,511.126,511.286,115596000.67,2972
2024-05-04 17:00:00+00:00,511.537,511.837,511.126,511.286,115596000.67,2973
2024-05-04 18:00:00+00:00,511.537,511.837,511.126,511.286,115596000.67,2974
2024-05-04 19:00:00+00:00,511.537,511.837,511.126,511.286,115596000.67,2975
2024-05-04 20:00:00+00:00,511.537,511.837,511.126,511.286,115596000.67,2976
2024-05-04 21:00:00+00:00,511.537,511.837,511.126,511.286,115596000.67,2977
2024-05-04 22:00:00+00:00,511.537,511.837,511.126,511.286,115596000.67,2978
2024-05-04 23:00:00+00:00,511.537,511.837,511.126,511.286,115596000.67,2979
2024-05-05 00:00:00+00:00,511.537,511.837,511.126,511.286,115596000.67,2980
2024-05-05 01:00:00+00:00,511.537,511.837,511.126,511.286,115596000.67,2981
2024-05-05 02:00:00+00:00,511.537,511.837,511.126,511.286,115596000.67,2982
2024-05-05 03:00:00+00:00,511.537,511.837,511.126,511.286,115596000.67,2983
2024-05-05 04:00:00+00:00,511.537,511.837,511.126,511.286,115596000.67,2984
2024-05-05 05:00:00+00:00,511.537,511.837,511.126,511.286,115596000.67,2985
2024-05-05 06:00:00+00:00,511.537,511.837,511.126,511.286,115596000.67,2986
2024-05-05 07:00:00+00:00,511.537,511.837,511.126,511.286,115596000.67,2987
2024-05-05 08:00:00+00:00,511.537,511.837,511.126,511.286,115596000.67,2988
2024-05-05 09:00:00+00:00,511.537,511.837,511.126,511.286,115596000.67,2989
2024-05-05 10:00:00+00:00,511.537,511.837,511.126,511.286,115596000.67,2990
2024-05-05 11:00:00+00:00,511.537,511.837,511.126,511.286,115596000.67,2991
2024-05-05 12:00:00+00:00,511.537,511.837,511.126,511.286,115596000.67,2992
2024-05-05 13:00:00+00:00,511.537,511.837,511.126,511.286,115596000.67,2993
2024-05-05 14:00:00+00:00,511.537,511.837,511.126,511.286,115596000.67,2994
2024-05-05 15:00:00+00:00,511.537,511.837,511.126,511.286,115596000.67,2995
2024-05-05 16:00:00+00:00,511.537,511.837,511.126,511.286,115596000.67,2996
2024-05-05 17:00:00+00:00,511.537,511.837,511.126,511.286,115596000.67,2997
2024-05-05 18:00:00+00:00,511.537,511.837,511.126,511.286,115596000.67,2998
2024-05-05 19:00:00+00:00,511.537,511.837,511.126,511.286,115596000.67,2999
2024-05-05 20:00:00+00:00,511.537,511.837,511.126,511.286,115596000.67,3000
2024-05-05 21:00:00+00:00,511.537,511.837,511.126,511.286,115596000.67,3001
2024-05-05 22:00:00+00:00,511.537,511.837,511.126,511.286,115596000.67,3002
2024-05-05 23:00:00+00:00,511.537,511.837,511.126,511.286,115596000.67,3003
2024-05-06 00:00:00+00:00,511.537,511.837,511.126,511.286,115596000.67,3004
2024-05-06 01:00:00+00:00,511.537,511.837,511.126,511.286,115596000.67,3005
2024-05-06 02:00:00+00:00,511.537,511.837,511.126,511.286,115596000.67,3006
2024-05-06 03:00:00+00:00,511.537,511.837,511.126,511.286,115596000.67,3007
2024-05-06 04:00:00+00:00,511.537,511.837,511.126,511.286,115596000.67,3008
2024-05-06 05:00:00+00:00,511.537,511.837,511.126,511.286,115596000.67,3009
2024-05-06 06:00:00+00:00,511.537,511.837,511.126,511.286,115596000.67,3010
2024-05-06 07:00:00+00:00,511.537,511.837,511.126,511.286,115596000.67,3011
2024-05-06 08:00:00+00:00,511.537,511.837,511.126,511.286,115596000.67,3012
2024-05-06 09:00:00+00:00,511.537,511.837,511.126,511.286,115596000.67,3013
2024-05-06 10:00:00+00:00,511.537,511.837,511.126,511.286,115596000.67,3014
2024-05-06 11:00:00+00:00,511.537,511.837,511.126,511.286,115596000.67,3015
2024-05-06 12:00:00+00:00,511.537,511.837,511.126,511.286,115596000.67,3016
2024-05-06 13:00:00+00:00,513.756,514.346,513.296,514.197,97547996.52,3017
2024-05-06 14:00:00+00:00,514.216,514.627,514.036,514.286,129000000.0,3018
2024-05-06 15:00:00+00:00,514.277,514.517,513.846,514.346,94512001.04,3019
2024-05-06 16:00:00+00:00,514.346,514.717,513.696,514.666,90996002.2,3020
2024-05-06 17:00:00+00:00,514.676,515.027,514.236,514.877,80664001.46,3021
2024-05-06 18:00:00+00:00,514.866,515.727,514.816,515.397,63888000.49,3022
2024-05-06 19:00:00+00:00,515.397,516.597,514.876,516.577,90047996.52,3023
2024-05-06 20:00:00+00:00,515.397,516.597,514.876,516.577,90047996.52,3024
2024-05-06 21:00:00+00:00,515.397,516.597,514.876,516.577,90047996.52,3025
2024-05-06 22:00:00+00:00,515.397,516.597,514.876,516.577,90047996.52,3026
2024-05-06 23:00:00+00:00,515.397,516.597,514.876,516.577,90047996.52,3027
2024-05-07 00:00:00+00:00,515.397,516.597,514.876,516.577,90047996.52,3028
2024-05-07 01:00:00+00:00,515.397,516.597,514.876,516.577,90047996.52,3029
2024-05-07 02:00:00+00:00,515.397,516.597,514.876,516.577,90047996.52,3030
2024-05-07 03:00:00+00:00,515.397,516.597,514.876,516.577,90047996.52,3031
2024-05-07 04:00:00+00:00,515.397,516.597,514.876,516.577,90047996.52,3032
2024-05-07 05:00:00+00:00,515.397,516.597,514.876,516.577,90047996.52,3033
2024-05-07 06:00:00+00:00,515.397,516.597,514.876,516.577,90047996.52,3034
2024-05-07 07:00:00+00:00,515.397,516.597,514.876,516.577,90047996.52,3035
2024-05-07 08:00:00+00:00,515.397,516.597,514.876,516.577,90047996.52,3036
2024-05-07 09:00:00+00:00,515.397,516.597,514.876,516.577,90047996.52,3037
2024-05-07 10:00:00+00:00,515.397,516.597,514.876,516.577,90047996.52,3038
2024-05-07 11:00:00+00:00,515.397,516.597,514.876,516.577,90047996.52,3039
2024-05-07 12:00:00+00:00,515.397,516.597,514.876,516.577,90047996.52,3040
2024-05-07 13:00:00+00:00,517.547,517.917,517.156,517.177,113748001.1,3041
2024-05-07 14:00:00+00:00,517.177,518.237,516.936,518.117,157667999.27,3042
2024-05-07 15:00:00+00:00,518.116,518.277,517.686,518.077,100896003.72,3043
2024-05-07 16:00:00+00:00,518.087,518.277,517.566,517.887,83760002.14,3044
2024-05-07 17:00:00+00:00,517.876,518.557,516.786,516.976,106704002.38,3045
2024-05-07 18:00:00+00:00,516.986,517.427,516.446,517.007,133500000.0,3046
2024-05-07 19:00:00+00:00,517.016,517.846,516.676,517.197,117564002.99,3047
2024-05-07 20:00:00+00:00,517.016,517.846,516.676,517.197,117564002.99,3048
2024-05-07 21:00:00+00:00,517.016,517.846,516.676,517.197,117564002.99,3049
2024-05-07 22:00:00+00:00,517.016,517.846,516.676,517.197,117564002.99,3050
2024-05-07 23:00:00+00:00,517.016,517.846,516.676,517.197,117564002.99,3051
2024-05-08 00:00:00+00:00,517.016,517.846,516.676,517.197,117564002.99,3052
2024-05-08 01:00:00+00:00,517.016,517.846,516.676,517.197,117564002.99,3053
2024-05-08 02:00:00+00:00,517.016,517.846,516.676,517.197,117564002.99,3054
2024-05-08 03:00:00+00:00,517.016,517.846,516.676,517.197,117564002.99,3055
2024-05-08 04:00:00+00:00,517.016,517.846,516.676,517.197,117564002.99,3056
2024-05-08 05:00:00+00:00,517.016,517.846,516.676,517.197,117564002.99,3057
2024-05-08 06:00:00+00:00,517.016,517.846,516.676,517.197,117564002.99,3058
2024-05-08 07:00:00+00:00,517.016,517.846,516.676,517.197,117564002.99,3059
2024-05-08 08:00:00+00:00,517.016,517.846,516.676,517.197,117564002.99,3060
2024-05-08 09:00:00+00:00,517.016,517.846,516.676,517.197,117564002.99,3061
2024-05-08 10:00:00+00:00,517.016,517.846,516.676,517.197,117564002.99,3062
2024-05-08 11:00:00+00:00,517.016,517.846,516.676,517.197,117564002.99,3063
2024-05-08 12:00:00+00:00,517.016,517.846,516.676,517.197,117564002.99,3064
2024-05-08 13:00:00+00:00,515.257,516.507,515.136,516.497,113136001.59,3065
2024-05-08 14:00:00+00:00,516.497,517.707,516.036,517.386,156251998.9,3066
2024-05-08 15:00:00+00:00,517.386,517.667,516.636,516.786,132408004.76,3067
2024-05-08 16:00:00+00:00,516.786,517.107,516.256,516.616,100847999.57,3068
2024-05-08 17:00:00+00:00,516.617,517.097,516.097,517.066,112164001.46,3069
2024-05-08 18:00:00+00:00,517.057,517.407,516.887,516.997,74940002.44,3070
2024-05-08 19:00:00+00:00,516.987,517.677,516.556,517.177,90384002.69,3071
2024-05-08 20:00:00+00:00,516.987,517.677,516.556,517.177,90384002.69,3072
2024-05-08 21:00:00+00:00,516.987,517.677,516.556,517.177,90384002.69,3073
2024-05-08 22:00:00+00:00,516.987,517.677,516.556,517.177,90384002.69,3074
2024-05-08 23:00:00+00:00,516.987,517.677,516.556,517.177,90384002.69,3075
2024-05-09 00:00:00+00:00,516.987,517.677,516.556,517.177,90384002.69,3076
2024-05-09 01:00:00+00:00,516.987,517.677,516.556,517.177,90384002.69,3077
2024-05-09 02:00:00+00:00,516.987,517.677,516.556,517.177,90384002.69,3078
2024-05-09 03:00:00+00:00,516.987,517.677,516.556,517.177,90384002.69,3079
2024-05-09 04:00:00+00:00,516.987,517.677,516.556,517.177,90384002.69,3080
2024-05-09 05:00:00+00:00,516.987,517.677,516.556,517.177,90384002.69,3081
2024-05-09 06:00:00+00:00,516.987,517.677,516.556,517.177,90384002.69,3082
2024-05-09 07:00:00+00:00,516.987,517.677,516.556,517.177,90384002.69,3083
2024-05-09 08:00:00+00:00,516.987,517.677,516.556,517.177,90384002.69,3084
2024-05-09 09:00:00+00:00,516.987,517.677,516.556,517.177,90384002.69,3085
2024-05-09 10:00:00+00:00,516.987,517.677,516.556,517.177,90384002.69,3086
2024-05-09 11:00:00+00:00,516.987,517.677,516.556,517.177,90384002.69,3087
2024-05-09 12:00:00+00:00,516.987,517.677,516.556,517.177,90384002.69,3088
2024-05-09 13:00:00+00:00,517.387,517.767,516.686,517.567,128783996.58,3089
2024-05-09 14:00:00+00:00,517.587,519.267,517.507,519.146,158279998.78,3090
2024-05-09 15:00:00+00:00,519.136,519.496,518.327,518.477,105587997.44,3091
2024-05-09 16:00:00+00:00,518.486,519.357,518.356,519.207,85944000.24,3092
2024-05-09 17:00:00+00:00,519.197,519.617,518.786,519.197,119832000.73,3093
2024-05-09 18:00:00+00:00,519.186,520.037,518.916,519.886,78456001.28,3094
2024-05-09 19:00:00+00:00,519.907,520.196,519.556,520.116,88716003.42,3095
2024-05-09 20:00:00+00:00,519.907,520.196,519.556,520.116,88716003.42,3096
2024-05-09 21:00:00+00:00,519.907,520.196,519.556,520.116,88716003.42,3097
2024-05-09 22:00:00+00:00,519.907,520.196,519.556,520.116,88716003.42,3098
2024-05-09 23:00:00+00:00,519.907,520.196,519.556,520.116,88716003.42,3099
2024-05-10 00:00:00+00:00,519.907,520.196,519.556,520.116,88716003.42,3100
2024-05-10 01:00:00+00:00,519.907,520.196,519.556,520.116,88716003.42,3101
2024-05-10 02:00:00+00:00,519.907,520.196,519.556,520.116,88716003.42,3102
2024-05-10 03:00:00+00:00,519.907,520.196,519.556,520.116,88716003.42,3103
2024-05-10 04:00:00+00:00,519.907,520.196,519.556,520.116,88716003.42,3104
2024-05-10 05:00:00+00:00,519.907,520.196,519.556,520.116,88716003.42,3105
2024-05-10 06:00:00+00:00,519.907,520.196,519.556,520.116,88716003.42,3106
2024-05-10 07:00:00+00:00,519.907,520.196,519.556,520.116,88716003.42,3107
2024-05-10 08:00:00+00:00,519.907,520.196,519.556,520.116,88716003.42,3108
2024-05-10 09:00:00+00:00,519.907,520.196,519.556,520.116,88716003.42,3109
2024-05-10 10:00:00+00:00,519.907,520.196,519.556,520.116,88716003.42,3110
2024-05-10 11:00:00+00:00,519.907,520.196,519.556,520.116,88716003.42,3111
2024-05-10 12:00:00+00:00,519.907,520.196,519.556,520.116,88716003.42,3112
2024-05-10 13:00:00+00:00,521.806,522.627,521.346,522.406,95748001.1,3113
2024-05-10 14:00:00+00:00,522.377,522.377,519.997,520.467,214307998.66,3114
2024-05-10 15:00:00+00:00,520.476,520.647,519.576,520.367,147936004.64,3115
2024-05-10 16:00:00+00:00,520.357,520.757,519.817,520.526,110459999.08,3116
2024-05-10 17:00:00+00:00,520.527,520.826,519.897,520.787,97260002.14,3117
2024-05-10 18:00:00+00:00,520.776,520.937,520.106,520.926,85500000.0,3118
2024-05-10 19:00:00+00:00,520.916,521.337,520.606,520.816,88944000.24,3119
2024-05-10 20:00:00+00:00,520.916,521.337,520.606,520.816,88944000.24,3120
2024-05-10 21:00:00+00:00,520.916,521.337,520.606,520.816,88944000.24,3121
2024-05-10 22:00:00+00:00,520.916,521.337,520.606,520.816,88944000.24,3122
2024-05-10 23:00:00+00:00,520.916,521.337,520.606,520.816,88944000.24,3123
2024-05-11 00:00:00+00:00,520.916,521.337,520.606,520.816,88944000.24,3124
2024-05-11 01:00:00+00:00,520.916,521.337,520.606,520.816,88944000.24,3125
2024-05-11 02:00:00+00:00,520.916,521.337,520.606,520.816,88944000.24,3126
2024-05-11 03:00:00+00:00,520.916,521.337,520.606,520.816,88944000.24,3127
2024-05-11 04:00:00+00:00,520.916,521.337,520.606,520.816,88944000.24,3128
2024-05-11 05:00:00+00:00,520.916,521.337,520.606,520.816,88944000.24,3129
2024-05-11 06:00:00+00:00,520.916,521.337,520.606,520.816,88944000.24,3130
2024-05-11 07:00:00+00:00,520.916,521.337,520.606,520.816,88944000.24,3131
2024-05-11 08:00:00+00:00,520.916,521.337,520.606,520.816,88944000.24,3132
2024-05-11 09:00:00+00:00,520.916,521.337,520.606,520.816,88944000.24,3133
2024-05-11 10:00:00+00:00,520.916,521.337,520.606,520.816,88944000.24,3134
2024-05-11 11:00:00+00:00,520.916,521.337,520.606,520.816,88944000.24,3135
2024-05-11 12:00:00+00:00,520.916,521.337,520.606,520.816,88944000.24,3136
2024-05-11 13:00:00+00:00,520.916,521.337,520.606,520.816,88944000.24,3137
2024-05-11 14:00:00+00:00,520.916,521.337,520.606,520.816,88944000.24,3138
2024-05-11 15:00:00+00:00,520.916,521.337,520.606,520.816,88944000.24,3139
2024-05-11 16:00:00+00:00,520.916,521.337,520.606,520.816,88944000.24,3140
2024-05-11 17:00:00+00:00,520.916,521.337,520.606,520.816,88944000.24,3141
2024-05-11 18:00:00+00:00,520.916,521.337,520.606,520.816,88944000.24,3142
2024-05-11 19:00:00+00:00,520.916,521.337,520.606,520.816,88944000.24,3143
2024-05-11 20:00:00+00:00,520.916,521.337,520.606,520.816,88944000.24,3144
2024-05-11 21:00:00+00:00,520.916,521.337,520.606,520.816,88944000.24,3145
2024-05-11 22:00:00+00:00,520.916,521.337,520.606,520.816,88944000.24,3146
2024-05-11 23:00:00+00:00,520.916,521.337,520.606,520.816,88944000.24,3147
2024-05-12 00:00:00+00:00,520.916,521.337,520.606,520.816,88944000.24,3148
2024-05-12 01:00:00+00:00,520.916,521.337,520.606,520.816,88944000.24,3149
2024-05-12 02:00:00+00:00,520.916,521.337,520.606,520.816,88944000.24,3150
2024-05-12 03:00:00+00:00,520.916,521.337,520.606,520.816,88944000.24,3151
2024-05-12 04:00:00+00:00,520.916,521.337,520.606,520.816,88944000.24,3152
2024-05-12 05:00:00+00:00,520.916,521.337,520.606,520.816,88944000.24,3153
2024-05-12 06:00:00+00:00,520.916,521.337,520.606,520.816,88944000.24,3154
2024-05-12 07:00:00+00:00,520.916,521.337,520.606,520.816,88944000.24,3155
2024-05-12 08:00:00+00:00,520.916,521.337,520.606,520.816,88944000.24,3156
2024-05-12 09:00:00+00:00,520.916,521.337,520.606,520.816,88944000.24,3157
2024-05-12 10:00:00+00:00,520.916,521.337,520.606,520.816,88944000.24,3158
2024-05-12 11:00:00+00:00,520.916,521.337,520.606,520.816,88944000.24,3159
2024-05-12 12:00:00+00:00,520.916,521.337,520.606,520.816,88944000.24,3160
2024-05-12 13:00:00+00:00,520.916,521.337,520.606,520.816,88944000.24,3161
2024-05-12 14:00:00+00:00,520.916,521.337,520.606,520.816,88944000.24,3162
2024-05-12 15:00:00+00:00,520.916,521.337,520.606,520.816,88944000.24,3163
2024-05-12 16:00:00+00:00,520.916,521.337,520.606,520.816,88944000.24,3164
2024-05-12 17:00:00+00:00,520.916,521.337,520.606,520.816,88944000.24,3165
2024-05-12 18:00:00+00:00,520.916,521.337,520.606,520.816,88944000.24,3166
2024-05-12 19:00:00+00:00,520.916,521.337,520.606,520.816,88944000.24,3167
2024-05-12 20:00:00+00:00,520.916,521.337,520.606,520.816,88944000.24,3168
2024-05-12 21:00:00+00:00,520.916,521.337,520.606,520.816,88944000.24,3169
2024-05-12 22:00:00+00:00,520.916,521.337,520.606,520.816,88944000.24,3170
2024-05-12 23:00:00+00:00,520.916,521.337,520.606,520.816,88944000.24,3171
2024-05-13 00:00:00+00:00,520.916,521.337,520.606,520.816,88944000.24,3172
2024-05-13 01:00:00+00:00,520.916,521.337,520.606,520.816,88944000.24,3173
2024-05-13 02:00:00+00:00,520.916,521.337,520.606,520.816,88944000.24,3174
2024-05-13 03:00:00+00:00,520.916,521.337,520.606,520.816,88944000.24,3175
2024-05-13 04:00:00+00:00,520.916,521.337,520.606,520.816,88944000.24,3176
2024-05-13 05:00:00+00:00,520.916,521.337,520.606,520.816,88944000.24,3177
2024-05-13 06:00:00+00:00,520.916,521.337,520.606,520.816,88944000.24,3178
2024-05-13 07:00:00+00:00,520.916,521.337,520.606,520.816,88944000.24,3179
2024-05-13 08:00:00+00:00,520.916,521.337,520.606,520.816,88944000.24,3180
2024-05-13 09:00:00+00:00,520.916,521.337,520.606,520.816,88944000.24,3181
2024-05-13 10:00:00+00:00,520.916,521.337,520.606,520.816,88944000.24,3182
2024-05-13 11:00:00+00:00,520.916,521.337,520.606,520.816,88944000.24,3183
2024-05-13 12:00:00+00:00,520.916,521.337,520.606,520.816,88944000.24,3184
2024-05-13 13:00:00+00:00,522.597,522.637,521.096,521.666,118092002.87,3185
2024-05-13 14:00:00+00:00,521.676,521.836,521.116,521.257,124763999.94,3186
2024-05-13 15:00:00+00:00,521.257,521.457,520.386,521.037,119027999.88,3187
2024-05-13 16:00:00+00:00,521.017,521.366,521.006,521.017,65424003.6,3188
2024-05-13 17:00:00+00:00,521.006,521.006,519.726,520.677,126611999.51,3189
2024-05-13 18:00:00+00:00,520.666,520.977,520.297,520.897,74328002.93,3190
2024-05-13 19:00:00+00:00,520.887,521.127,520.446,520.897,81900001.53,3191
2024-05-13 20:00:00+00:00,520.887,521.127,520.446,520.897,81900001.53,3192
2024-05-13 21:00:00+00:00,520.887,521.127,520.446,520.897,81900001.53,3193
2024-05-13 22:00:00+00:00,520.887,521.127,520.446,520.897,81900001.53,3194
2024-05-13 23:00:00+00:00,520.887,521.127,520.446,520.897,81900001.53,3195
2024-05-14 00:00:00+00:00,520.887,521.127,520.446,520.897,81900001.53,3196
2024-05-14 01:00:00+00:00,520.887,521.127,520.446,520.897,81900001.53,3197
2024-05-14 02:00:00+00:00,520.887,521.127,520.446,520.897,81900001.53,3198
2024-05-14 03:00:00+00:00,520.887,521.127,520.446,520.897,81900001.53,3199
2024-05-14 04:00:00+00:00,520.887,521.127,520.446,520.897,81900001.53,3200
2024-05-14 05:00:00+00:00,520.887,521.127,520.446,520.897,81900001.53,3201
2024-05-14 06:00:00+00:00,520.887,521.127,520.446,520.897,81900001.53,3202
2024-05-14 07:00:00+00:00,520.887,521.127,520.446,520.897,81900001.53,3203
2024-05-14 08:00:00+00:00,520.887,521.127,520.446,520.897,81900001.53,3204
2024-05-14 09:00:00+00:00,520.887,521.127,520.446,520.897,81900001.53,3205
2024-05-14 10:00:00+00:00,520.887,521.127,520.446,520.897,81900001.53,3206
2024-05-14 11:00:00+00:00,520.887,521.127,520.446,520.897,81900001.53,3207
2024-05-14 12:00:00+00:00,520.887,521.127,520.446,520.897,81900001.53,3208
2024-05-14 13:00:00+00:00,521.116,521.667,520.876,521.257,118763999.94,3209
2024-05-14 14:00:00+00:00,521.267,522.397,520.636,521.757,236123992.92,3210
2024-05-14 15:00:00+00:00,521.766,522.126,520.957,521.087,150623992.92,3211
2024-05-14 16:00:00+00:00,521.067,521.287,520.676,520.967,103991996.77,3212
2024-05-14 17:00:00+00:00,520.976,521.477,520.546,521.276,83807998.66,3213
2024-05-14 18:00:00+00:00,521.257,523.517,521.226,523.247,93059997.56,3214
2024-05-14 19:00:00+00:00,523.246,523.817,522.976,523.277,83652000.43,3215
2024-05-14 20:00:00+00:00,523.246,523.817,522.976,523.277,83652000.43,3216
2024-05-14 21:00:00+00:00,523.246,523.817,522.976,523.277,83652000.43,3217
2024-05-14 22:00:00+00:00,523.246,523.817,522.976,523.277,83652000.43,3218
2024-05-14 23:00:00+00:00,523.246,523.817,522.976,523.277,83652000.43,3219
2024-05-15 00:00:00+00:00,523.246,523.817,522.976,523.277,83652000.43,3220
2024-05-15 01:00:00+00:00,523.246,523.817,522.976,523.277,83652000.43,3221
2024-05-15 02:00:00+00:00,523.246,523.817,522.976,523.277,83652000.43,3222
2024-05-15 03:00:00+00:00,523.246,523.817,522.976,523.277,83652000.43,3223
2024-05-15 04:00:00+00:00,523.246,523.817,522.976,523.277,83652000.43,3224
2024-05-15 05:00:00+00:00,523.246,523.817,522.976,523.277,83652000.43,3225
2024-05-15 06:00:00+00:00,523.246,523.817,522.976,523.277,83652000.43,3226
2024-05-15 07:00:00+00:00,523.246,523.817,522.976,523.277,83652000.43,3227
2024-05-15 08:00:00+00:00,523.246,523.817,522.976,523.277,83652000.43,3228
2024-05-15 09:00:00+00:00,523.246,523.817,522.976,523.277,83652000.43,3229
2024-05-15 10:00:00+00:00,523.246,523.817,522.976,523.277,83652000.43,3230
2024-05-15 11:00:00+00:00,523.246,523.817,522.976,523.277,83652000.43,3231
2024-05-15 12:00:00+00:00,523.246,523.817,522.976,523.277,83652000.43,3232
2024-05-15 13:00:00+00:00,525.867,526.777,525.166,525.656,152231994.63,3233
2024-05-15 14:00:00+00:00,525.657,527.237,525.626,527.147,174936004.64,3234
2024-05-15 15:00:00+00:00,527.166,528.157,527.136,527.877,103751998.9,3235
2024-05-15 16:00:00+00:00,527.887,528.586,527.406,528.526,80580001.83,3236
2024-05-15 17:00:00+00:00,528.537,528.987,528.337,528.956,70127998.35,3237
2024-05-15 18:00:00+00:00,528.947,529.417,528.586,528.987,86844001.77,3238
2024-05-15 19:00:00+00:00,528.976,530.066,528.696,529.787,95844001.77,3239
2024-05-15 20:00:00+00:00,528.976,530.066,528.696,529.787,95844001.77,3240
2024-05-15 21:00:00+00:00,528.976,530.066,528.696,529.787,95844001.77,3241
2024-05-15 22:00:00+00:00,528.976,530.066,528.696,529.787,95844001.77,3242
2024-05-15 23:00:00+00:00,528.976,530.066,528.696,529.787,95844001.77,3243
2024-05-16 00:00:00+00:00,528.976,530.066,528.696,529.787,95844001.77,3244
2024-05-16 01:00:00+00:00,528.976,530.066,528.696,529.787,95844001.77,3245
2024-05-16 02:00:00+00:00,528.976,530.066,528.696,529.787,95844001.77,3246
2024-05-16 03:00:00+00:00,528.976,530.066,528.696,529.787,95844001.77,3247
2024-05-16 04:00:00+00:00,528.976,530.066,528.696,529.787,95844001.77,3248
2024-05-16 05:00:00+00:00,528.976,530.066,528.696,529.787,95844001.77,3249
2024-05-16 06:00:00+00:00,528.976,530.066,528.696,529.787,95844001.77,3250
2024-05-16 07:00:00+00:00,528.976,530.066,528.696,529.787,95844001.77,3251
2024-05-16 08:00:00+00:00,528.976,530.066,528.696,529.787,95844001.77,3252
2024-05-16 09:00:00+00:00,528.976,530.066,528.696,529.787,95844001.77,3253
2024-05-16 10:00:00+00:00,528.976,530.066,528.696,529.787,95844001.77,3254
2024-05-16 11:00:00+00:00,528.976,530.066,528.696,529.787,95844001.77,3255
2024-05-16 12:00:00+00:00,528.976,530.066,528.696,529.787,95844001.77,3256
2024-05-16 13:00:00+00:00,529.867,530.317,529.866,530.216,104279998.78,3257
2024-05-16 14:00:00+00:00,530.206,531.467,529.546,531.366,138888000.49,3258
2024-05-16 15:00:00+00:00,531.376,531.517,530.507,530.906,116160003.66,3259
2024-05-16 16:00:00+00:00,530.897,530.897,530.187,530.707,111959999.08,3260
2024-05-16 17:00:00+00:00,530.716,530.837,529.326,530.037,143975997.92,3261
2024-05-16 18:00:00+00:00,530.046,530.117,529.007,530.087,120888000.49,3262
2024-05-16 19:00:00+00:00,530.107,530.196,528.536,528.677,136583999.63,3263
2024-05-16 20:00:00+00:00,530.107,530.196,528.536,528.677,136583999.63,3264
2024-05-16 21:00:00+00:00,530.107,530.196,528.536,528.677,136583999.63,3265
2024-05-16 22:00:00+00:00,530.107,530.196,528.536,528.677,136583999.63,3266
2024-05-16 23:00:00+00:00,530.107,530.196,528.536,528.677,136583999.63,3267
2024-05-17 00:00:00+00:00,530.107,530.196,528.536,528.677,136583999.63,3268
2024-05-17 01:00:00+00:00,530.107,530.196,528.536,528.677,136583999.63,3269
2024-05-17 02:00:00+00:00,530.107,530.196,528.536,528.677,136583999.63,3270
2024-05-17 03:00:00+00:00,530.107,530.196,528.536,528.677,136583999.63,3271
2024-05-17 04:00:00+00:00,530.107,530.196,528.536,528.677,136583999.63,3272
2024-05-17 05:00:00+00:00,530.107,530.196,528.536,528.677,136583999.63,3273
2024-05-17 06:00:00+00:00,530.107,530.196,528.536,528.677,136583999.63,3274
2024-05-17 07:00:00+00:00,530.107,530.196,528.536,528.677,136583999.63,3275
2024-05-17 08:00:00+00:00,530.107,530.196,528.536,528.677,136583999.63,3276
2024-05-17 09:00:00+00:00,530.107,530.196,528.536,528.677,136583999.63,3277
2024-05-17 10:00:00+00:00,530.107,530.196,528.536,528.677,136583999.63,3278
2024-05-17 11:00:00+00:00,530.107,530.196,528.536,528.677,136583999.63,3279
2024-05-17 12:00:00+00:00,530.107,530.196,528.536,528.677,136583999.63,3280
2024-05-17 13:00:00+00:00,528.807,529.186,528.347,528.737,108767997.74,3281
2024-05-17 14:00:00+00:00,528.747,529.287,528.336,529.096,132503997.8,3282
2024-05-17 15:00:00+00:00,529.107,529.116,528.256,528.817,122388000.49,3283
2024-05-17 16:00:00+00:00,528.807,529.017,528.036,528.777,94152000.43,3284
2024-05-17 17:00:00+00:00,528.766,528.887,528.466,528.717,85080001.83,3285
2024-05-17 18:00:00+00:00,528.706,528.927,527.306,528.796,126959999.08,3286
2024-05-17 19:00:00+00:00,528.796,529.497,528.606,529.426,89328002.93,3287
2024-05-17 20:00:00+00:00,528.796,529.497,528.606,529.426,89328002.93,3288
2024-05-17 21:00:00+00:00,528.796,529.497,528.606,529.426,89328002.93,3289
2024-05-17 22:00:00+00:00,528.796,529.497,528.606,529.426,89328002.93,3290
2024-05-17 23:00:00+00:00,528.796,529.497,528.606,529.426,89328002.93,3291
2024-05-18 00:00:00+00:00,528.796,529.497,528.606,529.426,89328002.93,3292
2024-05-18 01:00:00+00:00,528.796,529.497,528.606,529.426,89328002.93,3293
2024-05-18 02:00:00+00:00,528.796,529.497,528.606,529.426,89328002.93,3294
2024-05-18 03:00:00+00:00,528.796,529.497,528.606,529.426,89328002.93,3295
2024-05-18 04:00:00+00:00,528.796,529.497,528.606,529.426,89328002.93,3296
2024-05-18 05:00:00+00:00,528.796,529.497,528.606,529.426,89328002.93,3297
2024-05-18 06:00:00+00:00,528.796,529.497,528.606,529.426,89328002.93,3298
2024-05-18 07:00:00+00:00,528.796,529.497,528.606,529.426,89328002.93,3299
2024-05-18 08:00:00+00:00,528.796,529.497,528.606,529.426,89328002.93,3300
2024-05-18 09:00:00+00:00,528.796,529.497,528.606,529.426,89328002.93,3301
2024-05-18 10:00:00+00:00,528.796,529.497,528.606,529.426,89328002.93,3302
2024-05-18 11:00:00+00:00,528.796,529.497,528.606,529.426,89328002.93,3303
2024-05-18 12:00:00+00:00,528.796,529.497,528.606,529.426,89328002.93,3304
2024-05-18 13:00:00+00:00,528.796,529.497,528.606,529.426,89328002.93,3305
2024-05-18 14:00:00+00:00,528.796,529.497,528.606,529.426,89328002.93,3306
2024-05-18 15:00:00+00:00,528.796,529.497,528.606,529.426,89328002.93,3307
2024-05-18 16:00:00+00:00,528.796,529.497,528.606,529.426,89328002.93,3308
2024-05-18 17:00:00+00:00,528.796,529.497,528.606,529.426,89328002.93,3309
2024-05-18 18:00:00+00:00,528.796,529.497,528.606,529.426,89328002.93,3310
2024-05-18 19:00:00+00:00,528.796,529.497,528.606,529.426,89328002.93,3311
2024-05-18 20:00:00+00:00,528.796,529.497,528.606,529.426,89328002.93,3312
2024-05-18 21:00:00+00:00,528.796,529.497,528.606,529.426,89328002.93,3313
2024-05-18 22:00:00+00:00,528.796,529.497,528.606,529.426,89328002.93,3314
2024-05-18 23:00:00+00:00,528.796,529.497,528.606,529.426,89328002.93,3315
2024-05-19 00:00:00+00:00,528.796,529.497,528.606,529.426,89328002.93,3316
2024-05-19 01:00:00+00:00,528.796,529.497,528.606,529.426,89328002.93,3317
2024-05-19 02:00:00+00:00,528.796,529.497,528.606,529.426,89328002.93,3318
2024-05-19 03:00:00+00:00,528.796,529.497,528.606,529.426,89328002.93,3319
2024-05-19 04:00:00+00:00,528.796,529.497,528.606,529.426,89328002.93,3320
2024-05-19 05:00:00+00:00,528.796,529.497,528.606,529.426,89328002.93,3321
2024-05-19 06:00:00+00:00,528.796,529.497,528.606,529.426,89328002.93,3322
2024-05-19 07:00:00+00:00,528.796,529.497,528.606,529.426,89328002.93,3323
2024-05-19 08:00:00+00:00,528.796,529.497,528.606,529.426,89328002.93,3324
2024-05-19 09:00:00+00:00,528.796,529.497,528.606,529.426,89328002.93,3325
2024-05-19 10:00:00+00:00,528.796,529.497,528.606,529.426,89328002.93,3326
2024-05-19 11:00:00+00:00,528.796,529.497,528.606,529.426,89328002.93,3327
2024-05-19 12:00:00+00:00,528.796,529.497,528.606,529.426,89328002.93,3328
2024-05-19 13:00:00+00:00,528.796,529.497,528.606,529.426,89328002.93,3329
2024-05-19 14:00:00+00:00,528.796,529.497,528.606,529.426,89328002.93,3330
2024-05-19 15:00:00+00:00,528.796,529.497,528.606,529.426,89328002.93,3331
2024-05-19 16:00:00+00:00,528.796,529.497,528.606,529.426,89328002.93,3332
2024-05-19 17:00:00+00:00,528.796,529.497,528.606,529.426,89328002.93,3333
2024-05-19 18:00:00+00:00,528.796,529.497,528.606,529.426,89328002.93,3334
2024-05-19 19:00:00+00:00,528.796,529.497,528.606,529.426,89328002.93,3335
2024-05-19 20:00:00+00:00,528.796,529.497,528.606,529.426,89328002.93,3336
2024-05-19 21:00:00+00:00,528.796,529.497,528.606,529.426,89328002.93,3337
2024-05-19 22:00:00+00:00,528.796,529.497,528.606,529.426,89328002.93,3338
2024-05-19 23:00:00+00:00,528.796,529.497,528.606,529.426,89328002.93,3339
2024-05-20 00:00:00+00:00,528.796,529.497,528.606,529.426,89328002.93,3340
2024-05-20 01:00:00+00:00,528.796,529.497,528.606,529.426,89328002.93,3341
2024-05-20 02:00:00+00:00,528.796,529.497,528.606,529.426,89328002.93,3342
2024-05-20 03:00:00+00:00,528.796,529.497,528.606,529.426,89328002.93,3343
2024-05-20 04:00:00+00:00,528.796,529.497,528.606,529.426,89328002.93,3344
2024-05-20 05:00:00+00:00,528.796,529.497,528.606,529.426,89328002.93,3345
2024-05-20 06:00:00+00:00,528.796,529.497,528.606,529.426,89328002.93,3346
2024-05-20 07:00:00+00:00,528.796,529.497,528.606,529.426,89328002.93,3347
2024-05-20 08:00:00+00:00,528.796,529.497,528.606,529.426,89328002.93,3348
2024-05-20 09:00:00+00:00,528.796,529.497,528.606,529.426,89328002.93,3349
2024-05-20 10:00:00+00:00,528.796,529.497,528.606,529.426,89328002.93,3350
2024-05-20 11:00:00+00:00,528.796,529.497,528.606,529.426,89328002.93,3351
2024-05-20 12:00:00+00:00,528.796,529.497,528.606,529.426,89328002.93,3352
2024-05-20 13:00:00+00:00,529.577,531.217,529.456,531.146,83316001.89,3353
2024-05-20 14:00:00+00:00,531.147,531.467,530.696,531.217,88307998.66,3354
2024-05-20 15:00:00+00:00,531.226,531.547,530.797,530.987,63743999.48,3355
2024-05-20 16:00:00+00:00,530.976,531.207,530.626,531.197,56868000.03,3356
2024-05-20 17:00:00+00:00,531.197,531.267,530.046,530.236,81444000.24,3357
2024-05-20 18:00:00+00:00,530.226,530.426,529.156,529.887,91968002.32,3358
2024-05-20 19:00:00+00:00,529.876,530.387,529.496,529.996,86255996.7,3359
2024-05-20 20:00:00+00:00,529.876,530.387,529.496,529.996,86255996.7,3360
2024-05-20 21:00:00+00:00,529.876,530.387,529.496,529.996,86255996.7,3361
2024-05-20 22:00:00+00:00,529.876,530.387,529.496,529.996,86255996.7,3362
2024-05-20 23:00:00+00:00,529.876,530.387,529.496,529.996,86255996.7,3363
2024-05-21 00:00:00+00:00,529.876,530.387,529.496,529.996,86255996.7,3364
2024-05-21 01:00:00+00:00,529.876,530.387,529.496,529.996,86255996.7,3365
2024-05-21 02:00:00+00:00,529.876,530.387,529.496,529.996,86255996.7,3366
2024-05-21 03:00:00+00:00,529.876,530.387,529.496,529.996,86255996.7,3367
2024-05-21 04:00:00+00:00,529.876,530.387,529.496,529.996,86255996.7,3368
2024-05-21 05:00:00+00:00,529.876,530.387,529.496,529.996,86255996.7,3369
2024-05-21 06:00:00+00:00,529.876,530.387,529.496,529.996,86255996.7,3370
2024-05-21 07:00:00+00:00,529.876,530.387,529.496,529.996,86255996.7,3371
2024-05-21 08:00:00+00:00,529.876,530.387,529.496,529.996,86255996.7,3372
2024-05-21 09:00:00+00:00,529.876,530.387,529.496,529.996,86255996.7,3373
2024-05-21 10:00:00+00:00,529.876,530.387,529.496,529.996,86255996.7,3374
2024-05-21 11:00:00+00:00,529.876,530.387,529.496,529.996,86255996.7,3375
2024-05-21 12:00:00+00:00,529.876,530.387,529.496,529.996,86255996.7,3376
2024-05-21 13:00:00+00:00,529.266,529.696,529.066,529.516,98412002.56,3377
2024-05-21 14:00:00+00:00,529.526,530.577,529.516,530.347,98603996.28,3378
2024-05-21 15:00:00+00:00,530.336,530.707,529.827,529.967,64643997.19,3379
2024-05-21 16:00:00+00:00,529.967,530.296,529.796,529.946,49212001.8,3380
2024-05-21 17:00:00+00:00,529.927,530.757,529.617,530.757,58860000.61,3381
2024-05-21 18:00:00+00:00,530.757,530.777,530.146,530.396,44063999.18,3382
2024-05-21 19:00:00+00:00,530.376,531.497,530.226,531.306,68952003.48,3383
2024-05-21 20:00:00+00:00,530.376,531.497,530.226,531.306,68952003.48,3384
2024-05-21 21:00:00+00:00,530.376,531.497,530.226,531.306,68952003.48,3385
2024-05-21 22:00:00+00:00,530.376,531.497,530.226,531.306,68952003.48,3386
2024-05-21 23:00:00+00:00,530.376,531.497,530.226,531.306,68952003.48,3387
2024-05-22 00:00:00+00:00,530.376,531.497,530.226,531.306,68952003.48,3388
2024-05-22 01:00:00+00:00,530.376,531.497,530.226,531.306,68952003.48,3389
2024-05-22 02:00:00+00:00,530.376,531.497,530.226,531.306,68952003.48,3390
2024-05-22 03:00:00+00:00,530.376,531.497,530.226,531.306,68952003.48,3391
2024-05-22 04:00:00+00:00,530.376,531.497,530.226,531.306,68952003.48,3392
2024-05-22 05:00:00+00:00,530.376,531.497,530.226,531.306,68952003.48,3393
2024-05-22 06:00:00+00:00,530.376,531.497,530.226,531.306,68952003.48,3394
2024-05-22 07:00:00+00:00,530.376,531.497,530.226,531.306,68952003.48,3395
2024-05-22 08:00:00+00:00,530.376,531.497,530.226,531.306,68952003.48,3396
2024-05-22 09:00:00+00:00,530.376,531.497,530.226,531.306,68952003.48,3397
2024-05-22 10:00:00+00:00,530.376,531.497,530.226,531.306,68952003.48,3398
2024-05-22 11:00:00+00:00,530.376,531.497,530.226,531.306,68952003.48,3399
2024-05-22 12:00:00+00:00,530.376,531.497,530.226,531.306,68952003.48,3400
2024-05-22 13:00:00+00:00,530.667,531.177,530.606,531.127,66192001.34,3401
2024-05-22 14:00:00+00:00,531.137,531.267,530.787,531.117,100055999.76,3402
2024-05-22 15:00:00+00:00,531.117,531.376,530.136,530.686,87096000.67,3403
2024-05-22 16:00:00+00:00,530.676,531.157,530.616,530.846,79991996.77,3404
2024-05-22 17:00:00+00:00,530.836,531.227,529.427,529.976,108251998.9,3405
2024-05-22 18:00:00+00:00,529.976,529.976,527.586,528.557,215951995.85,3406
2024-05-22 19:00:00+00:00,528.537,529.817,527.776,529.767,183072006.23,3407
2024-05-22 20:00:00+00:00,528.537,529.817,527.776,529.767,183072006.23,3408
2024-05-22 21:00:00+00:00,528.537,529.817,527.776,529.767,183072006.23,3409
2024-05-22 22:00:00+00:00,528.537,529.817,527.776,529.767,183072006.23,3410
2024-05-22 23:00:00+00:00,528.537,529.817,527.776,529.767,183072006.23,3411
2024-05-23 00:00:00+00:00,528.537,529.817,527.776,529.767,183072006.23,3412
2024-05-23 01:00:00+00:00,528.537,529.817,527.776,529.767,183072006.23,3413
2024-05-23 02:00:00+00:00,528.537,529.817,527.776,529.767,183072006.23,3414
2024-05-23 03:00:00+00:00,528.537,529.817,527.776,529.767,183072006.23,3415
2024-05-23 04:00:00+00:00,528.537,529.817,527.776,529.767,183072006.23,3416
2024-05-23 05:00:00+00:00,528.537,529.817,527.776,529.767,183072006.23,3417
2024-05-23 06:00:00+00:00,528.537,529.817,527.776,529.767,183072006.23,3418
2024-05-23 07:00:00+00:00,528.537,529.817,527.776,529.767,183072006.23,3419
2024-05-23 08:00:00+00:00,528.537,529.817,527.776,529.767,183072006.23,3420
2024-05-23 09:00:00+00:00,528.537,529.817,527.776,529.767,183072006.23,3421
2024-05-23 10:00:00+00:00,528.537,529.817,527.776,529.767,183072006.23,3422
2024-05-23 11:00:00+00:00,528.537,529.817,527.776,529.767,183072006.23,3423
2024-05-23 12:00:00+00:00,528.537,529.817,527.776,529.767,183072006.23,3424
2024-05-23 13:00:00+00:00,532.906,533.027,529.526,529.917,130212005.62,3425
2024-05-23 14:00:00+00:00,529.906,530.977,528.996,529.046,207432006.84,3426
2024-05-23 15:00:00+00:00,529.066,531.477,528.976,531.066,122027999.88,3427
2024-05-23 16:00:00+00:00,531.057,531.417,529.536,529.547,116856002.81,3428
2024-05-23 17:00:00+00:00,529.546,529.827,526.566,526.706,187332000.73,3429
2024-05-23 18:00:00+00:00,526.707,526.837,524.836,524.936,243684005.74,3430
2024-05-23 19:00:00+00:00,524.897,526.227,524.706,525.917,203531997.68,3431
2024-05-23 20:00:00+00:00,524.897,526.227,524.706,525.917,203531997.68,3432
2024-05-23 21:00:00+00:00,524.897,526.227,524.706,525.917,203531997.68,3433
2024-05-23 22:00:00+00:00,524.897,526.227,524.706,525.917,203531997.68,3434
2024-05-23 23:00:00+00:00,524.897,526.227,524.706,525.917,203531997.68,3435
2024-05-24 00:00:00+00:00,524.897,526.227,524.706,525.917,203531997.68,3436
2024-05-24 01:00:00+00:00,524.897,526.227,524.706,525.917,203531997.68,3437
2024-05-24 02:00:00+00:00,524.897,526.227,524.706,525.917,203531997.68,3438
2024-05-24 03:00:00+00:00,524.897,526.227,524.706,525.917,203531997.68,3439
2024-05-24 04:00:00+00:00,524.897,526.227,524.706,525.917,203531997.68,3440
2024-05-24 05:00:00+00:00,524.897,526.227,524.706,525.917,203531997.68,3441
2024-05-24 06:00:00+00:00,524.897,526.227,524.706,525.917,203531997.68,3442
2024-05-24 07:00:00+00:00,524.897,526.227,524.706,525.917,203531997.68,3443
2024-05-24 08:00:00+00:00,524.897,526.227,524.706,525.917,203531997.68,3444
2024-05-24 09:00:00+00:00,524.897,526.227,524.706,525.917,203531997.68,3445
2024-05-24 10:00:00+00:00,524.897,526.227,524.706,525.917,203531997.68,3446
2024-05-24 11:00:00+00:00,524.897,526.227,524.706,525.917,203531997.68,3447
2024-05-24 12:00:00+00:00,524.897,526.227,524.706,525.917,203531997.68,3448
2024-05-24 13:00:00+00:00,527.856,528.087,526.867,527.196,94440002.44,3449
2024-05-24 14:00:00+00:00,527.197,529.097,527.197,529.007,134136001.59,3450
2024-05-24 15:00:00+00:00,529.026,530.266,528.866,529.436,103847999.57,3451
2024-05-24 16:00:00+00:00,529.427,529.997,529.226,529.237,69024002.08,3452
2024-05-24 17:00:00+00:00,529.257,529.847,529.046,529.557,59388000.49,3453
2024-05-24 18:00:00+00:00,529.557,530.087,529.046,529.076,66227996.83,3454
2024-05-24 19:00:00+00:00,529.067,529.517,528.266,529.326,93587997.44,3455
2024-05-24 20:00:00+00:00,529.067,529.517,528.266,529.326,93587997.44,3456
2024-05-24 21:00:00+00:00,529.067,529.517,528.266,529.326,93587997.44,3457
2024-05-24 22:00:00+00:00,529.067,529.517,528.266,529.326,93587997.44,3458
2024-05-24 23:00:00+00:00,529.067,529.517,528.266,529.326,93587997.44,3459
2024-05-25 00:00:00+00:00,529.067,529.517,528.266,529.326,93587997.44,3460
2024-05-25 01:00:00+00:00,529.067,529.517,528.266,529.326,93587997.44,3461
2024-05-25 02:00:00+00:00,529.067,529.517,528.266,529.326,93587997.44,3462
2024-05-25 03:00:00+00:00,529.067,529.517,528.266,529.326,93587997.44,3463
2024-05-25 04:00:00+00:00,529.067,529.517,528.266,529.326,93587997.44,3464
2024-05-25 05:00:00+00:00,529.067,529.517,528.266,529.326,93587997.44,3465
2024-05-25 06:00:00+00:00,529.067,529.517,528.266,529.326,93587997.44,3466
2024-05-25 07:00:00+00:00,529.067,529.517,528.266,529.326,93587997.44,3467
2024-05-25 08:00:00+00:00,529.067,529.517,528.266,529.326,93587997.44,3468
2024-05-25 09:00:00+00:00,529.067,529.517,528.266,529.326,93587997.44,3469
2024-05-25 10:00:00+00:00,529.067,529.517,528.266,529.326,93587997.44,3470
2024-05-25 11:00:00+00:00,529.067,529.517,528.266,529.326,93587997.44,3471
2024-05-25 12:00:00+00:00,529.067,529.517,528.266,529.326,93587997.44,3472
2024-05-25 13:00:00+00:00,529.067,529.517,528.266,529.326,93587997.44,3473
2024-05-25 14:00:00+00:00,529.067,529.517,528.266,529.326,93587997.44,3474
2024-05-25 15:00:00+00:00,529.067,529.517,528.266,529.326,93587997.44,3475
2024-05-25 16:00:00+00:00,529.067,529.517,528.266,529.326,93587997.44,3476
2024-05-25 17:00:00+00:00,529.067,529.517,528.266,529.326,93587997.44,3477
2024-05-25 18:00:00+00:00,529.067,529.517,528.266,529.326,93587997.44,3478
2024-05-25 19:00:00+00:00,529.067,529.517,528.266,529.326,93587997.44,3479
2024-05-25 20:00:00+00:00,529.067,529.517,528.266,529.326,93587997.44,3480
2024-05-25 21:00:00+00:00,529.067,529.517,528.266,529.326,93587997.44,3481
2024-05-25 22:00:00+00:00,529.067,529.517,528.266,529.326,93587997.44,3482
2024-05-25 23:00:00+00:00,529.067,529.517,528.266,529.326,93587997.44,3483
2024-05-26 00:00:00+00:00,529.067,529.517,528.266,529.326,93587997.44,3484
2024-05-26 01:00:00+00:00,529.067,529.517,528.266,529.326,93587997.44,3485
2024-05-26 02:00:00+00:00,529.067,529.517,528.266,529.326,93587997.44,3486
2024-05-26 03:00:00+00:00,529.067,529.517,528.266,529.326,93587997.44,3487
2024-05-26 04:00:00+00:00,529.067,529.517,528.266,529.326,93587997.44,3488
2024-05-26 05:00:00+00:00,529.067,529.517,528.266,529.326,93587997.44,3489
2024-05-26 06:00:00+00:00,529.067,529.517,528.266,529.326,93587997.44,3490
2024-05-26 07:00:00+00:00,529.067,529.517,528.266,529.326,93587997.44,3491
2024-05-26 08:00:00+00:00,529.067,529.517,528.266,529.326,93587997.44,3492
2024-05-26 09:00:00+00:00,529.067,529.517,528.266,529.326,93587997.44,3493
2024-05-26 10:00:00+00:00,529.067,529.517,528.266,529.326,93587997.44,3494
2024-05-26 11:00:00+00:00,529.067,529.517,528.266,529.326,93587997.44,3495
2024-05-26 12:00:00+00:00,529.067,529.517,528.266,529.326,93587997.44,3496
2024-05-26 13:00:00+00:00,529.067,529.517,528.266,529.326,93587997.44,3497
2024-05-26 14:00:00+00:00,529.067,529.517,528.266,529.326,93587997.44,3498
2024-05-26 15:00:00+00:00,529.067,529.517,528.266,529.326,93587997.44,3499
2024-05-26 16:00:00+00:00,529.067,529.517,528.266,529.326,93587997.44,3500
2024-05-26 17:00:00+00:00,529.067,529.517,528.266,529.326,93587997.44,3501
2024-05-26 18:00:00+00:00,529.067,529.517,528.266,529.326,93587997.44,3502
2024-05-26 19:00:00+00:00,529.067,529.517,528.266,529.326,93587997.44,3503
2024-05-26 20:00:00+00:00,529.067,529.517,528.266,529.326,93587997.44,3504
2024-05-26 21:00:00+00:00,529.067,529.517,528.266,529.326,93587997.44,3505
2024-05-26 22:00:00+00:00,529.067,529.517,528.266,529.326,93587997.44,3506
2024-05-26 23:00:00+00:00,529.067,529.517,528.266,529.326,93587997.44,3507
2024-05-27 00:00:00+00:00,529.067,529.517,528.266,529.326,93587997.44,3508
2024-05-27 01:00:00+00:00,529.067,529.517,528.266,529.326,93587997.44,3509
2024-05-27 02:00:00+00:00,529.067,529.517,528.266,529.326,93587997.44,3510
2024-05-27 03:00:00+00:00,529.067,529.517,528.266,529.326,93587997.44,3511
2024-05-27 04:00:00+00:00,529.067,529.517,528.266,529.326,93587997.44,3512
2024-05-27 05:00:00+00:00,529.067,529.517,528.266,529.326,93587997.44,3513
2024-05-27 06:00:00+00:00,529.067,529.517,528.266,529.326,93587997.44,3514
2024-05-27 07:00:00+00:00,529.067,529.517,528.266,529.326,93587997.44,3515
2024-05-27 08:00:00+00:00,529.067,529.517,528.266,529.326,93587997.44,3516
2024-05-27 09:00:00+00:00,529.067,529.517,528.266,529.326,93587997.44,3517
2024-05-27 10:00:00+00:00,529.067,529.517,528.266,529.326,93587997.44,3518
2024-05-27 11:00:00+00:00,529.067,529.517,528.266,529.326,93587997.44,3519
2024-05-27 12:00:00+00:00,529.067,529.517,528.266,529.326,93587997.44,3520
2024-05-27 13:00:00+00:00,529.067,529.517,528.266,529.326,93587997.44,3521
2024-05-27 14:00:00+00:00,529.067,529.517,528.266,529.326,93587997.44,3522
2024-05-27 15:00:00+00:00,529.067,529.517,528.266,529.326,93587997.44,3523
2024-05-27 16:00:00+00:00,529.067,529.517,528.266,529.326,93587997.44,3524
2024-05-27 17:00:00+00:00,529.067,529.517,528.266,529.326,93587997.44,3525
2024-05-27 18:00:00+00:00,529.067,529.517,528.266,529.326,93587997.44,3526
2024-05-27 19:00:00+00:00,529.067,529.517,528.266,529.326,93587997.44,3527
2024-05-27 20:00:00+00:00,529.067,529.517,528.266,529.326,93587997.44,3528
2024-05-27 21:00:00+00:00,529.067,529.517,528.266,529.326,93587997.44,3529
2024-05-27 22:00:00+00:00,529.067,529.517,528.266,529.326,93587997.44,3530
2024-05-27 23:00:00+00:00,529.067,529.517,528.266,529.326,93587997.44,3531
2024-05-28 00:00:00+00:00,529.067,529.517,528.266,529.326,93587997.44,3532
2024-05-28 01:00:00+00:00,529.067,529.517,528.266,529.326,93587997.44,3533
2024-05-28 02:00:00+00:00,529.067,529.517,528.266,529.326,93587997.44,3534
2024-05-28 03:00:00+00:00,529.067,529.517,528.266,529.326,93587997.44,3535
2024-05-28 04:00:00+00:00,529.067,529.517,528.266,529.326,93587997.44,3536
2024-05-28 05:00:00+00:00,529.067,529.517,528.266,529.326,93587997.44,3537
2024-05-28 06:00:00+00:00,529.067,529.517,528.266,529.326,93587997.44,3538
2024-05-28 07:00:00+00:00,529.067,529.517,528.266,529.326,93587997.44,3539
2024-05-28 08:00:00+00:00,529.067,529.517,528.266,529.326,93587997.44,3540
2024-05-28 09:00:00+00:00,529.067,529.517,528.266,529.326,93587997.44,3541
2024-05-28 10:00:00+00:00,529.067,529.517,528.266,529.326,93587997.44,3542
2024-05-28 11:00:00+00:00,529.067,529.517,528.266,529.326,93587997.44,3543
2024-05-28 12:00:00+00:00,529.067,529.517,528.266,529.326,93587997.44,3544
2024-05-28 13:00:00+00:00,530.277,530.487,529.126,529.326,108396003.72,3545
2024-05-28 14:00:00+00:00,529.346,530.137,528.996,529.907,150024002.08,3546
2024-05-28 15:00:00+00:00,529.917,530.057,529.346,530.006,97428001.4,3547
2024-05-28 16:00:00+00:00,529.996,530.287,529.626,529.737,85043998.72,3548
2024-05-28 17:00:00+00:00,529.736,529.907,528.487,528.756,123624000.55,3549
2024-05-28 18:00:00+00:00,528.766,529.337,527.087,528.276,143184005.74,3550
2024-05-28 19:00:00+00:00,528.266,529.877,528.057,529.827,123239997.86,3551
2024-05-28 20:00:00+00:00,528.266,529.877,528.057,529.827,123239997.86,3552
2024-05-28 21:00:00+00:00,528.266,529.877,528.057,529.827,123239997.86,3553
2024-05-28 22:00:00+00:00,528.266,529.877,528.057,529.827,123239997.86,3554
2024-05-28 23:00:00+00:00,528.266,529.877,528.057,529.827,123239997.86,3555
2024-05-29 00:00:00+00:00,528.266,529.877,528.057,529.827,123239997.86,3556
2024-05-29 01:00:00+00:00,528.266,529.877,528.057,529.827,123239997.86,3557
2024-05-29 02:00:00+00:00,528.266,529.877,528.057,529.827,123239997.86,3558
2024-05-29 03:00:00+00:00,528.266,529.877,528.057,529.827,123239997.86,3559
2024-05-29 04:00:00+00:00,528.266,529.877,528.057,529.827,123239997.86,3560
2024-05-29 05:00:00+00:00,528.266,529.877,528.057,529.827,123239997.86,3561
2024-05-29 06:00:00+00:00,528.266,529.877,528.057,529.827,123239997.86,3562
2024-05-29 07:00:00+00:00,528.266,529.877,528.057,529.827,123239997.86,3563
2024-05-29 08:00:00+00:00,528.266,529.877,528.057,529.827,123239997.86,3564
2024-05-29 09:00:00+00:00,528.266,529.877,528.057,529.827,123239997.86,3565
2024-05-29 10:00:00+00:00,528.266,529.877,528.057,529.827,123239997.86,3566
2024-05-29 11:00:00+00:00,528.266,529.877,528.057,529.827,123239997.86,3567
2024-05-29 12:00:00+00:00,528.266,529.877,528.057,529.827,123239997.86,3568
2024-05-29 13:00:00+00:00,525.646,526.407,525.366,526.186,105527999.88,3569
2024-05-29 14:00:00+00:00,526.177,527.296,525.857,527.006,172212005.62,3570
2024-05-29 15:00:00+00:00,527.007,527.047,526.026,526.587,134856002.81,3571
2024-05-29 16:00:00+00:00,526.567,527.287,525.956,527.097,95472000.12,3572
2024-05-29 17:00:00+00:00,527.086,527.187,526.147,526.996,117791999.82,3573
2024-05-29 18:00:00+00:00,526.996,527.137,526.026,526.157,111888000.49,3574
2024-05-29 19:00:00+00:00,526.136,527.176,525.556,525.837,106823997.5,3575
2024-05-29 20:00:00+00:00,526.136,527.176,525.556,525.837,106823997.5,3576
2024-05-29 21:00:00+00:00,526.136,527.176,525.556,525.837,106823997.5,3577
2024-05-29 22:00:00+00:00,526.136,527.176,525.556,525.837,106823997.5,3578
2024-05-29 23:00:00+00:00,526.136,527.176,525.556,525.837,106823997.5,3579
2024-05-30 00:00:00+00:00,526.136,527.176,525.556,525.837,106823997.5,3580
2024-05-30 01:00:00+00:00,526.136,527.176,525.556,525.837,106823997.5,3581
2024-05-30 02:00:00+00:00,526.136,527.176,525.556,525.837,106823997.5,3582
2024-05-30 03:00:00+00:00,526.136,527.176,525.556,525.837,106823997.5,3583
2024-05-30 04:00:00+00:00,526.136,527.176,525.556,525.837,106823997.5,3584
2024-05-30 05:00:00+00:00,526.136,527.176,525.556,525.837,106823997.5,3585
2024-05-30 06:00:00+00:00,526.136,527.176,525.556,525.837,106823997.5,3586
2024-05-30 07:00:00+00:00,526.136,527.176,525.556,525.837,106823997.5,3587
2024-05-30 08:00:00+00:00,526.136,527.176,525.556,525.837,106823997.5,3588
2024-05-30 09:00:00+00:00,526.136,527.176,525.556,525.837,106823997.5,3589
2024-05-30 10:00:00+00:00,526.136,527.176,525.556,525.837,106823997.5,3590
2024-05-30 11:00:00+00:00,526.136,527.176,525.556,525.837,106823997.5,3591
2024-05-30 12:00:00+00:00,526.136,527.176,525.556,525.837,106823997.5,3592
2024-05-30 13:00:00+00:00,524.466,524.967,523.906,524.577,109080001.83,3593
2024-05-30 14:00:00+00:00,524.606,524.816,523.056,523.397,196619995.12,3594
2024-05-30 15:00:00+00:00,523.386,524.366,522.866,523.686,119291999.82,3595
2024-05-30 16:00:00+00:00,523.696,524.706,523.686,524.646,78323997.5,3596
2024-05-30 17:00:00+00:00,524.656,525.187,524.487,524.777,66611999.51,3597
2024-05-30 18:00:00+00:00,524.766,524.817,523.597,524.067,110316001.89,3598
2024-05-30 19:00:00+00:00,524.057,524.207,521.317,522.606,177455993.65,3599
2024-05-30 20:00:00+00:00,524.057,524.207,521.317,522.606,177455993.65,3600
2024-05-30 21:00:00+00:00,524.057,524.207,521.317,522.606,177455993.65,3601
2024-05-30 22:00:00+00:00,524.057,524.207,521.317,522.606,177455993.65,3602
2024-05-30 23:00:00+00:00,524.057,524.207,521.317,522.606,177455993.65,3603
2024-05-31 00:00:00+00:00,524.057,524.207,521.317,522.606,177455993.65,3604
2024-05-31 01:00:00+00:00,524.057,524.207,521.317,522.606,177455993.65,3605
2024-05-31 02:00:00+00:00,524.057,524.207,521.317,522.606,177455993.65,3606
2024-05-31 03:00:00+00:00,524.057,524.207,521.317,522.606,177455993.65,3607
2024-05-31 04:00:00+00:00,524.057,524.207,521.317,522.606,177455993.65,3608
2024-05-31 05:00:00+00:00,524.057,524.207,521.317,522.606,177455993.65,3609
2024-05-31 06:00:00+00:00,524.057,524.207,521.317,522.606,177455993.65,3610
2024-05-31 07:00:00+00:00,524.057,524.207,521.317,522.606,177455993.65,3611
2024-05-31 08:00:00+00:00,524.057,524.207,521.317,522.606,177455993.65,3612
2024-05-31 09:00:00+00:00,524.057,524.207,521.317,522.606,177455993.65,3613
2024-05-31 10:00:00+00:00,524.057,524.207,521.317,522.606,177455993.65,3614
2024-05-31 11:00:00+00:00,524.057,524.207,521.317,522.606,177455993.65,3615
2024-05-31 12:00:00+00:00,524.057,524.207,521.317,522.606,177455993.65,3616
2024-05-31 13:00:00+00:00,523.556,524.796,522.936,523.147,129072006.23,3617
2024-05-31 14:00:00+00:00,523.136,523.197,520.236,520.856,237852005.0,3618
2024-05-31 15:00:00+00:00,520.866,520.927,519.566,519.677,155664001.46,3619
2024-05-31 16:00:00+00:00,519.667,519.777,518.337,519.527,141744003.3,3620
2024-05-31 17:00:00+00:00,519.516,521.027,519.497,520.846,114779998.78,3621
2024-05-31 18:00:00+00:00,520.856,521.796,520.556,521.457,110508003.23,3622
2024-05-31 19:00:00+00:00,521.447,527.437,521.017,527.337,177815994.26,3623
2024-05-31 20:00:00+00:00,521.447,527.437,521.017,527.337,177815994.26,3624
2024-05-31 21:00:00+00:00,521.447,527.437,521.017,527.337,177815994.26,3625
2024-05-31 22:00:00+00:00,521.447,527.437,521.017,527.337,177815994.26,3626
2024-05-31 23:00:00+00:00,521.447,527.437,521.017,527.337,177815994.26,3627
2024-06-01 00:00:00+00:00,521.447,527.437,521.017,527.337,177815994.26,3628
2024-06-01 01:00:00+00:00,521.447,527.437,521.017,527.337,177815994.26,3629
2024-06-01 02:00:00+00:00,521.447,527.437,521.017,527.337,177815994.26,3630
2024-06-01 03:00:00+00:00,521.447,527.437,521.017,527.337,177815994.26,3631
2024-06-01 04:00:00+00:00,521.447,527.437,521.017,527.337,177815994.26,3632
2024-06-01 05:00:00+00:00,521.447,527.437,521.017,527.337,177815994.26,3633
2024-06-01 06:00:00+00:00,521.447,527.437,521.017,527.337,177815994.26,3634
2024-06-01 07:00:00+00:00,521.447,527.437,521.017,527.337,177815994.26,3635
2024-06-01 08:00:00+00:00,521.447,527.437,521.017,527.337,177815994.26,3636
2024-06-01 09:00:00+00:00,521.447,527.437,521.017,527.337,177815994.26,3637
2024-06-01 10:00:00+00:00,521.447,527.437,521.017,527.337,177815994.26,3638
2024-06-01 11:00:00+00:00,521.447,527.437,521.017,527.337,177815994.26,3639
2024-06-01 12:00:00+00:00,521.447,527.437,521.017,527.337,177815994.26,3640
2024-06-01 13:00:00+00:00,521.447,527.437,521.017,527.337,177815994.26,3641
2024-06-01 14:00:00+00:00,521.447,527.437,521.017,527.337,177815994.26,3642
2024-06-01 15:00:00+00:00,521.447,527.437,521.017,527.337,177815994.26,3643
2024-06-01 16:00:00+00:00,521.447,527.437,521.017,527.337,177815994.26,3644
2024-06-01 17:00:00+00:00,521.447,527.437,521.017,527.337,177815994.26,3645
2024-06-01 18:00:00+00:00,521.447,527.437,521.017,527.337,177815994.26,3646
2024-06-01 19:00:00+00:00,521.447,527.437,521.017,527.337,177815994.26,3647
2024-06-01 20:00:00+00:00,521.447,527.437,521.017,527.337,177815994.26,3648
2024-06-01 21:00:00+00:00,521.447,527.437,521.017,527.337,177815994.26,3649
2024-06-01 22:00:00+00:00,521.447,527.437,521.017,527.337,177815994.26,3650
2024-06-01 23:00:00+00:00,521.447,527.437,521.017,527.337,177815994.26,3651
2024-06-02 00:00:00+00:00,521.447,527.437,521.017,527.337,177815994.26,3652
2024-06-02 01:00:00+00:00,521.447,527.437,521.017,527.337,177815994.26,3653
2024-06-02 02:00:00+00:00,521.447,527.437,521.017,527.337,177815994.26,3654
2024-06-02 03:00:00+00:00,521.447,527.437,521.017,527.337,177815994.26,3655
2024-06-02 04:00:00+00:00,521.447,527.437,521.017,527.337,177815994.26,3656
2024-06-02 05:00:00+00:00,521.447,527.437,521.017,527.337,177815994.26,3657
2024-06-02 06:00:00+00:00,521.447,527.437,521.017,527.337,177815994.26,3658
2024-06-02 07:00:00+00:00,521.447,527.437,521.017,527.337,177815994.26,3659
2024-06-02 08:00:00+00:00,521.447,527.437,521.017,527.337,177815994.26,3660
2024-06-02 09:00:00+00:00,521.447,527.437,521.017,527.337,177815994.26,3661
2024-06-02 10:00:00+00:00,521.447,527.437,521.017,527.337,177815994.26,3662
2024-06-02 11:00:00+00:00,521.447,527.437,521.017,527.337,177815994.26,3663
2024-06-02 12:00:00+00:00,521.447,527.437,521.017,527.337,177815994.26,3664
2024-06-02 13:00:00+00:00,521.447,527.437,521.017,527.337,177815994.26,3665
2024-06-02 14:00:00+00:00,521.447,527.437,521.017,527.337,177815994.26,3666
2024-06-02 15:00:00+00:00,521.447,527.437,521.017,527.337,177815994.26,3667
2024-06-02 16:00:00+00:00,521.447,527.437,521.017,527.337,177815994.26,3668
2024-06-02 17:00:00+00:00,521.447,527.437,521.017,527.337,177815994.26,3669
2024-06-02 18:00:00+00:00,521.447,527.437,521.017,527.337,177815994.26,3670
2024-06-02 19:00:00+00:00,521.447,527.437,521.017,527.337,177815994.26,3671
2024-06-02 20:00:00+00:00,521.447,527.437,521.017,527.337,177815994.26,3672
2024-06-02 21:00:00+00:00,521.447,527.437,521.017,527.337,177815994.26,3673
2024-06-02 22:00:00+00:00,521.447,527.437,521.017,527.337,177815994.26,3674
2024-06-02 23:00:00+00:00,521.447,527.437,521.017,527.337,177815994.26,3675
2024-06-03 00:00:00+00:00,521.447,527.437,521.017,527.337,177815994.26,3676
2024-06-03 01:00:00+00:00,521.447,527.437,521.017,527.337,177815994.26,3677
2024-06-03 02:00:00+00:00,521.447,527.437,521.017,527.337,177815994.26,3678
2024-06-03 03:00:00+00:00,521.447,527.437,521.017,527.337,177815994.26,3679
2024-06-03 04:00:00+00:00,521.447,527.437,521.017,527.337,177815994.26,3680
2024-06-03 05:00:00+00:00,521.447,527.437,521.017,527.337,177815994.26,3681
2024-06-03 06:00:00+00:00,521.447,527.437,521.017,527.337,177815994.26,3682
2024-06-03 07:00:00+00:00,521.447,527.437,521.017,527.337,177815994.26,3683
2024-06-03 08:00:00+00:00,521.447,527.437,521.017,527.337,177815994.26,3684
2024-06-03 09:00:00+00:00,521.447,527.437,521.017,527.337,177815994.26,3685
2024-06-03 10:00:00+00:00,521.447,527.437,521.017,527.337,177815994.26,3686
2024-06-03 11:00:00+00:00,521.447,527.437,521.017,527.337,177815994.26,3687
2024-06-03 12:00:00+00:00,521.447,527.437,521.017,527.337,177815994.26,3688
2024-06-03 13:00:00+00:00,529.037,529.146,527.336,527.907,114587997.44,3689
2024-06-03 14:00:00+00:00,527.907,529.016,525.696,526.007,261347991.94,3690
2024-06-03 15:00:00+00:00,526.017,526.676,525.386,526.066,154619995.12,3691
2024-06-03 16:00:00+00:00,526.077,526.417,523.196,523.777,193128005.98,3692
2024-06-03 17:00:00+00:00,523.767,525.557,522.597,525.197,180287994.38,3693
2024-06-03 18:00:00+00:00,525.206,526.117,524.647,525.746,185016006.47,3694
2024-06-03 19:00:00+00:00,525.736,527.777,525.596,527.777,165203994.75,3695
2024-06-03 20:00:00+00:00,525.736,527.777,525.596,527.777,165203994.75,3696
2024-06-03 21:00:00+00:00,525.736,527.777,525.596,527.777,165203994.75,3697
2024-06-03 22:00:00+00:00,525.736,527.777,525.596,527.777,165203994.75,3698
2024-06-03 23:00:00+00:00,525.736,527.777,525.596,527.777,165203994.75,3699
2024-06-04 00:00:00+00:00,525.736,527.777,525.596,527.777,165203994.75,3700
2024-06-04 01:00:00+00:00,525.736,527.777,525.596,527.777,165203994.75,3701
2024-06-04 02:00:00+00:00,525.736,527.777,525.596,527.777,165203994.75,3702
2024-06-04 03:00:00+00:00,525.736,527.777,525.596,527.777,165203994.75,3703
2024-06-04 04:00:00+00:00,525.736,527.777,525.596,527.777,165203994.75,3704
2024-06-04 05:00:00+00:00,525.736,527.777,525.596,527.777,165203994.75,3705
2024-06-04 06:00:00+00:00,525.736,527.777,525.596,527.777,165203994.75,3706
2024-06-04 07:00:00+00:00,525.736,527.777,525.596,527.777,165203994.75,3707
2024-06-04 08:00:00+00:00,525.736,527.777,525.596,527.777,165203994.75,3708
2024-06-04 09:00:00+00:00,525.736,527.777,525.596,527.777,165203994.75,3709
2024-06-04 10:00:00+00:00,525.736,527.777,525.596,527.777,165203994.75,3710
2024-06-04 11:00:00+00:00,525.736,527.777,525.596,527.777,165203994.75,3711
2024-06-04 12:00:00+00:00,525.736,527.777,525.596,527.777,165203994.75,3712
2024-06-04 13:00:00+00:00,526.487,526.787,525.767,526.416,119351997.38,3713
2024-06-04 14:00:00+00:00,526.436,527.726,525.736,525.927,282683990.48,3714
2024-06-04 15:00:00+00:00,525.937,526.606,525.136,525.247,183695999.15,3715
2024-06-04 16:00:00+00:00,525.257,526.927,524.936,526.467,150516006.47,3716
2024-06-04 17:00:00+00:00,526.457,527.106,525.687,526.816,152748001.1,3717
2024-06-04 18:00:00+00:00,526.817,529.147,526.696,528.366,159287994.38,3718
2024-06-04 19:00:00+00:00,528.346,528.587,526.596,528.317,200856002.81,3719
2024-06-04 20:00:00+00:00,528.346,528.587,526.596,528.317,200856002.81,3720
2024-06-04 21:00:00+00:00,528.346,528.587,526.596,528.317,200856002.81,3721
2024-06-04 22:00:00+00:00,528.346,528.587,526.596,528.317,200856002.81,3722
2024-06-04 23:00:00+00:00,528.346,528.587,526.596,528.317,200856002.81,3723
2024-06-05 00:00:00+00:00,528.346,528.587,526.596,528.317,200856002.81,3724
2024-06-05 01:00:00+00:00,528.346,528.587,526.596,528.317,200856002.81,3725
2024-06-05 02:00:00+00:00,528.346,528.587,526.596,528.317,200856002.81,3726
2024-06-05 03:00:00+00:00,528.346,528.587,526.596,528.317,200856002.81,3727
2024-06-05 04:00:00+00:00,528.346,528.587,526.596,528.317,200856002.81,3728
2024-06-05 05:00:00+00:00,528.346,528.587,526.596,528.317,200856002.81,3729
2024-06-05 06:00:00+00:00,528.346,528.587,526.596,528.317,200856002.81,3730
2024-06-05 07:00:00+00:00,528.346,528.587,526.596,528.317,200856002.81,3731
2024-06-05 08:00:00+00:00,528.346,528.587,526.596,528.317,200856002.81,3732
2024-06-05 09:00:00+00:00,528.346,528.587,526.596,528.317,200856002.81,3733
2024-06-05 10:00:00+00:00,528.346,528.587,526.596,528.317,200856002.81,3734
2024-06-05 11:00:00+00:00,528.346,528.587,526.596,528.317,200856002.81,3735
2024-06-05 12:00:00+00:00,528.346,528.587,526.596,528.317,200856002.81,3736
2024-06-05 13:00:00+00:00,530.717,530.797,529.506,529.986,112319999.69,3737
2024-06-05 14:00:00+00:00,530.076,531.107,528.976,530.947,204768005.37,3738
2024-06-05 15:00:00+00:00,530.947,532.426,530.947,532.016,97811996.46,3739
2024-06-05 16:00:00+00:00,532.007,532.807,531.726,532.646,62868000.03,3740
2024-06-05 17:00:00+00:00,532.636,533.287,532.136,533.247,75120002.75,3741
2024-06-05 18:00:00+00:00,533.246,533.987,533.006,533.836,70043998.72,3742
2024-06-05 19:00:00+00:00,533.826,534.667,533.226,534.647,99311996.46,3743
2024-06-05 20:00:00+00:00,533.826,534.667,533.226,534.647,99311996.46,3744
2024-06-05 21:00:00+00:00,533.826,534.667,533.226,534.647,99311996.46,3745
2024-06-05 22:00:00+00:00,533.826,534.667,533.226,534.647,99311996.46,3746
2024-06-05 23:00:00+00:00,533.826,534.667,533.226,534.647,99311996.46,3747
2024-06-06 00:00:00+00:00,533.826,534.667,533.226,534.647,99311996.46,3748
2024-06-06 01:00:00+00:00,533.826,534.667,533.226,534.647,99311996.46,3749
2024-06-06 02:00:00+00:00,533.826,534.667,533.226,534.647,99311996.46,3750
2024-06-06 03:00:00+00:00,533.826,534.667,533.226,534.647,99311996.46,3751
2024-06-06 04:00:00+00:00,533.826,534.667,533.226,534.647,99311996.46,3752
2024-06-06 05:00:00+00:00,533.826,534.667,533.226,534.647,99311996.46,3753
2024-06-06 06:00:00+00:00,533.826,534.667,533.226,534.647,99311996.46,3754
2024-06-06 07:00:00+00:00,533.826,534.667,533.226,534.647,99311996.46,3755
2024-06-06 08:00:00+00:00,533.826,534.667,533.226,534.647,99311996.46,3756
2024-06-06 09:00:00+00:00,533.826,534.667,533.226,534.647,99311996.46,3757
2024-06-06 10:00:00+00:00,533.826,534.667,533.226,534.647,99311996.46,3758
2024-06-06 11:00:00+00:00,533.826,534.667,533.226,534.647,99311996.46,3759
2024-06-06 12:00:00+00:00,533.826,534.667,533.226,534.647,99311996.46,3760
2024-06-06 13:00:00+00:00,534.966,535.406,534.306,534.326,125519996.64,3761
2024-06-06 14:00:00+00:00,534.337,535.186,534.337,534.436,180947998.05,3762
2024-06-06 15:00:00+00:00,534.426,534.757,534.047,534.117,138203994.75,3763
2024-06-06 16:00:00+00:00,534.126,534.266,533.227,533.436,115944000.24,3764
2024-06-06 17:00:00+00:00,533.437,534.437,533.287,534.177,99263999.94,3765
2024-06-06 18:00:00+00:00,534.177,534.557,532.676,534.387,140111999.51,3766
2024-06-06 19:00:00+00:00,534.376,534.646,533.977,534.646,138360000.61,3767
2024-06-06 20:00:00+00:00,534.376,534.646,533.977,534.646,138360000.61,3768
2024-06-06 21:00:00+00:00,534.376,534.646,533.977,534.646,138360000.61,3769
2024-06-06 22:00:00+00:00,534.376,534.646,533.977,534.646,138360000.61,3770
2024-06-06 23:00:00+00:00,534.376,534.646,533.977,534.646,138360000.61,3771
2024-06-07 00:00:00+00:00,534.376,534.646,533.977,534.646,138360000.61,3772
2024-06-07 01:00:00+00:00,534.376,534.646,533.977,534.646,138360000.61,3773
2024-06-07 02:00:00+00:00,534.376,534.646,533.977,534.646,138360000.61,3774
2024-06-07 03:00:00+00:00,534.376,534.646,533.977,534.646,138360000.61,3775
2024-06-07 04:00:00+00:00,534.376,534.646,533.977,534.646,138360000.61,3776
2024-06-07 05:00:00+00:00,534.376,534.646,533.977,534.646,138360000.61,3777
2024-06-07 06:00:00+00:00,534.376,534.646,533.977,534.646,138360000.61,3778
2024-06-07 07:00:00+00:00,534.376,534.646,533.977,534.646,138360000.61,3779
2024-06-07 08:00:00+00:00,534.376,534.646,533.977,534.646,138360000.61,3780
2024-06-07 09:00:00+00:00,534.376,534.646,533.977,534.646,138360000.61,3781
2024-06-07 10:00:00+00:00,534.376,534.646,533.977,534.646,138360000.61,3782
2024-06-07 11:00:00+00:00,534.376,534.646,533.977,534.646,138360000.61,3783
2024-06-07 12:00:00+00:00,534.376,534.646,533.977,534.646,138360000.61,3784
2024-06-07 13:00:00+00:00,533.586,534.307,532.516,534.016,153408004.76,3785
2024-06-07 14:00:00+00:00,534.037,536.387,533.856,535.286,186419998.17,3786
2024-06-07 15:00:00+00:00,535.307,535.416,533.937,535.177,174576004.03,3787
2024-06-07 16:00:00+00:00,535.167,536.396,534.806,536.327,142524002.08,3788
2024-06-07 17:00:00+00:00,536.337,536.887,535.746,535.867,137820007.32,3789
2024-06-07 18:00:00+00:00,535.866,535.887,533.476,535.077,212927993.77,3790
2024-06-07 19:00:00+00:00,535.076,535.397,533.716,534.017,207503997.8,3791
2024-06-07 20:00:00+00:00,535.076,535.397,533.716,534.017,207503997.8,3792
2024-06-07 21:00:00+00:00,535.076,535.397,533.716,534.017,207503997.8,3793
2024-06-07 22:00:00+00:00,535.076,535.397,533.716,534.017,207503997.8,3794
2024-06-07 23:00:00+00:00,535.076,535.397,533.716,534.017,207503997.8,3795
2024-06-08 00:00:00+00:00,535.076,535.397,533.716,534.017,207503997.8,3796
2024-06-08 01:00:00+00:00,535.076,535.397,533.716,534.017,207503997.8,3797
2024-06-08 02:00:00+00:00,535.076,535.397,533.716,534.017,207503997.8,3798
2024-06-08 03:00:00+00:00,535.076,535.397,533.716,534.017,207503997.8,3799
2024-06-08 04:00:00+00:00,535.076,535.397,533.716,534.017,207503997.8,3800
2024-06-08 05:00:00+00:00,535.076,535.397,533.716,534.017,207503997.8,3801
2024-06-08 06:00:00+00:00,535.076,535.397,533.716,534.017,207503997.8,3802
2024-06-08 07:00:00+00:00,535.076,535.397,533.716,534.017,207503997.8,3803
2024-06-08 08:00:00+00:00,535.076,535.397,533.716,534.017,207503997.8,3804
2024-06-08 09:00:00+00:00,535.076,535.397,533.716,534.017,207503997.8,3805
2024-06-08 10:00:00+00:00,535.076,535.397,533.716,534.017,207503997.8,3806
2024-06-08 11:00:00+00:00,535.076,535.397,533.716,534.017,207503997.8,3807
2024-06-08 12:00:00+00:00,535.076,535.397,533.716,534.017,207503997.8,3808
2024-06-08 13:00:00+00:00,535.076,535.397,533.716,534.017,207503997.8,3809
2024-06-08 14:00:00+00:00,535.076,535.397,533.716,534.017,207503997.8,3810
2024-06-08 15:00:00+00:00,535.076,535.397,533.716,534.017,207503997.8,3811
2024-06-08 16:00:00+00:00,535.076,535.397,533.716,534.017,207503997.8,3812
2024-06-08 17:00:00+00:00,535.076,535.397,533.716,534.017,207503997.8,3813
2024-06-08 18:00:00+00:00,535.076,535.397,533.716,534.017,207503997.8,3814
2024-06-08 19:00:00+00:00,535.076,535.397,533.716,534.017,207503997.8,3815
2024-06-08 20:00:00+00:00,535.076,535.397,533.716,534.017,207503997.8,3816
2024-06-08 21:00:00+00:00,535.076,535.397,533.716,534.017,207503997.8,3817
2024-06-08 22:00:00+00:00,535.076,535.397,533.716,534.017,207503997.8,3818
2024-06-08 23:00:00+00:00,535.076,535.397,533.716,534.017,207503997.8,3819
2024-06-09 00:00:00+00:00,535.076,535.397,533.716,534.017,207503997.8,3820
2024-06-09 01:00:00+00:00,535.076,535.397,533.716,534.017,207503997.8,3821
2024-06-09 02:00:00+00:00,535.076,535.397,533.716,534.017,207503997.8,3822
2024-06-09 03:00:00+00:00,535.076,535.397,533.716,534.017,207503997.8,3823
2024-06-09 04:00:00+00:00,535.076,535.397,533.716,534.017,207503997.8,3824
2024-06-09 05:00:00+00:00,535.076,535.397,533.716,534.017,207503997.8,3825
2024-06-09 06:00:00+00:00,535.076,535.397,533.716,534.017,207503997.8,3826
2024-06-09 07:00:00+00:00,535.076,535.397,533.716,534.017,207503997.8,3827
2024-06-09 08:00:00+00:00,535.076,535.397,533.716,534.017,207503997.8,3828
2024-06-09 09:00:00+00:00,535.076,535.397,533.716,534.017,207503997.8,3829
2024-06-09 10:00:00+00:00,535.076,535.397,533.716,534.017,207503997.8,3830
2024-06-09 11:00:00+00:00,535.076,535.397,533.716,534.017,207503997.8,3831
2024-06-09 12:00:00+00:00,535.076,535.397,533.716,534.017,207503997.8,3832
2024-06-09 13:00:00+00:00,535.076,535.397,533.716,534.017,207503997.8,3833
2024-06-09 14:00:00+00:00,535.076,535.397,533.716,534.017,207503997.8,3834
2024-06-09 15:00:00+00:00,535.076,535.397,533.716,534.017,207503997.8,3835
2024-06-09 16:00:00+00:00,535.076,535.397,533.716,534.017,207503997.8,3836
2024-06-09 17:00:00+00:00,535.076,535.397,533.716,534.017,207503997.8,3837
2024-06-09 18:00:00+00:00,535.076,535.397,533.716,534.017,207503997.8,3838
2024-06-09 19:00:00+00:00,535.076,535.397,533.716,534.017,207503997.8,3839
2024-06-09 20:00:00+00:00,535.076,535.397,533.716,534.017,207503997.8,3840
2024-06-09 21:00:00+00:00,535.076,535.397,533.716,534.017,207503997.8,3841
2024-06-09 22:00:00+00:00,535.076,535.397,533.716,534.017,207503997.8,3842
2024-06-09 23:00:00+00:00,535.076,535.397,533.716,534.017,207503997.8,3843
2024-06-10 00:00:00+00:00,535.076,535.397,533.716,534.017,207503997.8,3844
2024-06-10 01:00:00+00:00,535.076,535.397,533.716,534.017,207503997.8,3845
2024-06-10 02:00:00+00:00,535.076,535.397,533.716,534.017,207503997.8,3846
2024-06-10 03:00:00+00:00,535.076,535.397,533.716,534.017,207503997.8,3847
2024-06-10 04:00:00+00:00,535.076,535.397,533.716,534.017,207503997.8,3848
2024-06-10 05:00:00+00:00,535.076,535.397,533.716,534.017,207503997.8,3849
2024-06-10 06:00:00+00:00,535.076,535.397,533.716,534.017,207503997.8,3850
2024-06-10 07:00:00+00:00,535.076,535.397,533.716,534.017,207503997.8,3851
2024-06-10 08:00:00+00:00,535.076,535.397,533.716,534.017,207503997.8,3852
2024-06-10 09:00:00+00:00,535.076,535.397,533.716,534.017,207503997.8,3853
2024-06-10 10:00:00+00:00,535.076,535.397,533.716,534.017,207503997.8,3854
2024-06-10 11:00:00+00:00,535.076,535.397,533.716,534.017,207503997.8,3855
2024-06-10 12:00:00+00:00,535.076,535.397,533.716,534.017,207503997.8,3856
2024-06-10 13:00:00+00:00,533.187,533.257,532.556,533.086,116279998.78,3857
2024-06-10 14:00:00+00:00,533.087,533.886,533.006,533.727,124199996.95,3858
2024-06-10 15:00:00+00:00,533.726,535.037,533.706,534.596,79295997.62,3859
2024-06-10 16:00:00+00:00,534.607,535.127,534.536,534.836,83580001.83,3860
2024-06-10 17:00:00+00:00,534.837,535.697,534.206,535.287,121704002.38,3861
2024-06-10 18:00:00+00:00,535.296,535.557,534.267,534.986,150192001.34,3862
2024-06-10 19:00:00+00:00,534.997,535.967,534.686,535.627,128123992.92,3863
2024-06-10 20:00:00+00:00,534.997,535.967,534.686,535.627,128123992.92,3864
2024-06-10 21:00:00+00:00,534.997,535.967,534.686,535.627,128123992.92,3865
2024-06-10 22:00:00+00:00,534.997,535.967,534.686,535.627,128123992.92,3866
2024-06-10 23:00:00+00:00,534.997,535.967,534.686,535.627,128123992.92,3867
2024-06-11 00:00:00+00:00,534.997,535.967,534.686,535.627,128123992.92,3868
2024-06-11 01:00:00+00:00,534.997,535.967,534.686,535.627,128123992.92,3869
2024-06-11 02:00:00+00:00,534.997,535.967,534.686,535.627,128123992.92,3870
2024-06-11 03:00:00+00:00,534.997,535.967,534.686,535.627,128123992.92,3871
2024-06-11 04:00:00+00:00,534.997,535.967,534.686,535.627,128123992.92,3872
2024-06-11 05:00:00+00:00,534.997,535.967,534.686,535.627,128123992.92,3873
2024-06-11 06:00:00+00:00,534.997,535.967,534.686,535.627,128123992.92,3874
2024-06-11 07:00:00+00:00,534.997,535.967,534.686,535.627,128123992.92,3875
2024-06-11 08:00:00+00:00,534.997,535.967,534.686,535.627,128123992.92,3876
2024-06-11 09:00:00+00:00,534.997,535.967,534.686,535.627,128123992.92,3877
2024-06-11 10:00:00+00:00,534.997,535.967,534.686,535.627,128123992.92,3878
2024-06-11 11:00:00+00:00,534.997,535.967,534.686,535.627,128123992.92,3879
2024-06-11 12:00:00+00:00,534.997,535.967,534.686,535.627,128123992.92,3880
2024-06-11 13:00:00+00:00,534.086,534.096,532.017,532.757,109991996.77,3881
2024-06-11 14:00:00+00:00,532.737,534.697,532.576,534.686,176027999.88,3882
2024-06-11 15:00:00+00:00,534.687,534.757,533.657,533.806,138947998.05,3883
2024-06-11 16:00:00+00:00,533.827,534.257,533.536,534.097,88991996.77,3884
2024-06-11 17:00:00+00:00,534.096,535.217,533.706,535.186,92664001.46,3885
2024-06-11 18:00:00+00:00,535.197,536.626,534.926,536.186,107879997.25,3886
2024-06-11 19:00:00+00:00,536.197,536.997,535.596,536.896,133367996.22,3887
2024-06-11 20:00:00+00:00,536.197,536.997,535.596,536.896,133367996.22,3888
2024-06-11 21:00:00+00:00,536.197,536.997,535.596,536.896,133367996.22,3889
2024-06-11 22:00:00+00:00,536.197,536.997,535.596,536.896,133367996.22,3890
2024-06-11 23:00:00+00:00,536.197,536.997,535.596,536.896,133367996.22,3891
2024-06-12 00:00:00+00:00,536.197,536.997,535.596,536.896,133367996.22,3892
2024-06-12 01:00:00+00:00,536.197,536.997,535.596,536.896,133367996.22,3893
2024-06-12 02:00:00+00:00,536.197,536.997,535.596,536.896,133367996.22,3894
2024-06-12 03:00:00+00:00,536.197,536.997,535.596,536.896,133367996.22,3895
2024-06-12 04:00:00+00:00,536.197,536.997,535.596,536.896,133367996.22,3896
2024-06-12 05:00:00+00:00,536.197,536.997,535.596,536.896,133367996.22,3897
2024-06-12 06:00:00+00:00,536.197,536.997,535.596,536.896,133367996.22,3898
2024-06-12 07:00:00+00:00,536.197,536.997,535.596,536.896,133367996.22,3899
2024-06-12 08:00:00+00:00,536.197,536.997,535.596,536.896,133367996.22,3900
2024-06-12 09:00:00+00:00,536.197,536.997,535.596,536.896,133367996.22,3901
2024-06-12 10:00:00+00:00,536.197,536.997,535.596,536.896,133367996.22,3902
2024-06-12 11:00:00+00:00,536.197,536.997,535.596,536.896,133367996.22,3903
2024-06-12 12:00:00+00:00,536.197,536.997,535.596,536.896,133367996.22,3904
2024-06-12 13:00:00+00:00,541.616,542.947,541.196,542.676,113183998.11,3905
2024-06-12 14:00:00+00:00,542.666,543.947,542.526,543.086,156179992.68,3906
2024-06-12 15:00:00+00:00,543.096,543.386,542.516,542.977,134712005.62,3907
2024-06-12 16:00:00+00:00,542.967,543.116,542.407,542.797,110568000.79,3908
2024-06-12 17:00:00+00:00,542.806,543.356,542.157,542.526,84120002.75,3909
2024-06-12 18:00:00+00:00,542.526,543.056,541.137,542.486,310391998.29,3910
2024-06-12 19:00:00+00:00,542.466,544.066,540.287,541.276,279204010.01,3911
2024-06-12 20:00:00+00:00,542.466,544.066,540.287,541.276,279204010.01,3912
2024-06-12 21:00:00+00:00,542.466,544.066,540.287,541.276,279204010.01,3913
2024-06-12 22:00:00+00:00,542.466,544.066,540.287,541.276,279204010.01,3914
2024-06-12 23:00:00+00:00,542.466,544.066,540.287,541.276,279204010.01,3915
2024-06-13 00:00:00+00:00,542.466,544.066,540.287,541.276,279204010.01,3916
2024-06-13 01:00:00+00:00,542.466,544.066,540.287,541.276,279204010.01,3917
2024-06-13 02:00:00+00:00,542.466,544.066,540.287,541.276,279204010.01,3918
2024-06-13 03:00:00+00:00,542.466,544.066,540.287,541.276,279204010.01,3919
2024-06-13 04:00:00+00:00,542.466,544.066,540.287,541.276,279204010.01,3920
2024-06-13 05:00:00+00:00,542.466,544.066,540.287,541.276,279204010.01,3921
2024-06-13 06:00:00+00:00,542.466,544.066,540.287,541.276,279204010.01,3922
2024-06-13 07:00:00+00:00,542.466,544.066,540.287,541.276,279204010.01,3923
2024-06-13 08:00:00+00:00,542.466,544.066,540.287,541.276,279204010.01,3924
2024-06-13 09:00:00+00:00,542.466,544.066,540.287,541.276,279204010.01,3925
2024-06-13 10:00:00+00:00,542.466,544.066,540.287,541.276,279204010.01,3926
2024-06-13 11:00:00+00:00,542.466,544.066,540.287,541.276,279204010.01,3927
2024-06-13 12:00:00+00:00,542.466,544.066,540.287,541.276,279204010.01,3928
2024-06-13 13:00:00+00:00,543.136,543.166,541.727,541.987,120108001.71,3929
2024-06-13 14:00:00+00:00,541.986,542.277,540.407,540.536,228335998.54,3930
2024-06-13 15:00:00+00:00,540.546,541.636,540.236,541.186,150815994.26,3931
2024-06-13 16:00:00+00:00,541.196,541.196,539.577,540.727,171623992.92,3932
2024-06-13 17:00:00+00:00,540.717,541.957,540.567,541.657,117611999.51,3933
2024-06-13 18:00:00+00:00,541.676,542.567,541.237,542.476,109115997.31,3934
2024-06-13 19:00:00+00:00,542.446,543.316,542.186,542.417,144707992.55,3935
2024-06-13 20:00:00+00:00,542.446,543.316,542.186,542.417,144707992.55,3936
2024-06-13 21:00:00+00:00,542.446,543.316,542.186,542.417,144707992.55,3937
2024-06-13 22:00:00+00:00,542.446,543.316,542.186,542.417,144707992.55,3938
2024-06-13 23:00:00+00:00,542.446,543.316,542.186,542.417,144707992.55,3939
2024-06-14 00:00:00+00:00,542.446,543.316,542.186,542.417,144707992.55,3940
2024-06-14 01:00:00+00:00,542.446,543.316,542.186,542.417,144707992.55,3941
2024-06-14 02:00:00+00:00,542.446,543.316,542.186,542.417,144707992.55,3942
2024-06-14 03:00:00+00:00,542.446,543.316,542.186,542.417,144707992.55,3943
2024-06-14 04:00:00+00:00,542.446,543.316,542.186,542.417,144707992.55,3944
2024-06-14 05:00:00+00:00,542.446,543.316,542.186,542.417,144707992.55,3945
2024-06-14 06:00:00+00:00,542.446,543.316,542.186,542.417,144707992.55,3946
2024-06-14 07:00:00+00:00,542.446,543.316,542.186,542.417,144707992.55,3947
2024-06-14 08:00:00+00:00,542.446,543.316,542.186,542.417,144707992.55,3948
2024-06-14 09:00:00+00:00,542.446,543.316,542.186,542.417,144707992.55,3949
2024-06-14 10:00:00+00:00,542.446,543.316,542.186,542.417,144707992.55,3950
2024-06-14 11:00:00+00:00,542.446,543.316,542.186,542.417,144707992.55,3951
2024-06-14 12:00:00+00:00,542.446,543.316,542.186,542.417,144707992.55,3952
2024-06-14 13:00:00+00:00,540.876,541.617,540.647,541.487,104363998.41,3953
2024-06-14 14:00:00+00:00,541.487,541.487,539.846,541.207,221832000.73,3954
2024-06-14 15:00:00+00:00,541.207,541.787,540.257,541.386,156647995.0,3955
2024-06-14 16:00:00+00:00,541.396,541.887,540.916,541.796,118583999.63,3956
2024-06-14 17:00:00+00:00,541.796,542.416,541.527,541.746,115379997.25,3957
2024-06-14 18:00:00+00:00,541.757,542.317,541.146,542.077,159059997.56,3958
2024-06-14 19:00:00+00:00,542.066,542.797,541.856,542.727,127019996.64,3959
2024-06-14 20:00:00+00:00,542.066,542.797,541.856,542.727,127019996.64,3960
2024-06-14 21:00:00+00:00,542.066,542.797,541.856,542.727,127019996.64,3961
2024-06-14 22:00:00+00:00,542.066,542.797,541.856,542.727,127019996.64,3962
2024-06-14 23:00:00+00:00,542.066,542.797,541.856,542.727,127019996.64,3963
2024-06-15 00:00:00+00:00,542.066,542.797,541.856,542.727,127019996.64,3964
2024-06-15 01:00:00+00:00,542.066,542.797,541.856,542.727,127019996.64,3965
2024-06-15 02:00:00+00:00,542.066,542.797,541.856,542.727,127019996.64,3966
2024-06-15 03:00:00+00:00,542.066,542.797,541.856,542.727,127019996.64,3967
2024-06-15 04:00:00+00:00,542.066,542.797,541.856,542.727,127019996.64,3968
2024-06-15 05:00:00+00:00,542.066,542.797,541.856,542.727,127019996.64,3969
2024-06-15 06:00:00+00:00,542.066,542.797,541.856,542.727,127019996.64,3970
2024-06-15 07:00:00+00:00,542.066,542.797,541.856,542.727,127019996.64,3971
2024-06-15 08:00:00+00:00,542.066,542.797,541.856,542.727,127019996.64,3972
2024-06-15 09:00:00+00:00,542.066,542.797,541.856,542.727,127019996.64,3973
2024-06-15 10:00:00+00:00,542.066,542.797,541.856,542.727,127019996.64,3974
2024-06-15 11:00:00+00:00,542.066,542.797,541.856,542.727,127019996.64,3975
2024-06-15 12:00:00+00:00,542.066,542.797,541.856,542.727,127019996.64,3976
2024-06-15 13:00:00+00:00,542.066,542.797,541.856,542.727,127019996.64,3977
2024-06-15 14:00:00+00:00,542.066,542.797,541.856,542.727,127019996.64,3978
2024-06-15 15:00:00+00:00,542.066,542.797,541.856,542.727,127019996.64,3979
2024-06-15 16:00:00+00:00,542.066,542.797,541.856,542.727,127019996.64,3980
2024-06-15 17:00:00+00:00,542.066,542.797,541.856,542.727,127019996.64,3981
2024-06-15 18:00:00+00:00,542.066,542.797,541.856,542.727,127019996.64,3982
2024-06-15 19:00:00+00:00,542.066,542.797,541.856,542.727,127019996.64,3983
2024-06-15 20:00:00+00:00,542.066,542.797,541.856,542.727,127019996.64,3984
2024-06-15 21:00:00+00:00,542.066,542.797,541.856,542.727,127019996.64,3985
2024-06-15 22:00:00+00:00,542.066,542.797,541.856,542.727,127019996.64,3986
2024-06-15 23:00:00+00:00,542.066,542.797,541.856,542.727,127019996.64,3987
2024-06-16 00:00:00+00:00,542.066,542.797,541.856,542.727,127019996.64,3988
2024-06-16 01:00:00+00:00,542.066,542.797,541.856,542.727,127019996.64,3989
2024-06-16 02:00:00+00:00,542.066,542.797,541.856,542.727,127019996.64,3990
2024-06-16 03:00:00+00:00,542.066,542.797,541.856,542.727,127019996.64,3991
2024-06-16 04:00:00+00:00,542.066,542.797,541.856,542.727,127019996.64,3992
2024-06-16 05:00:00+00:00,542.066,542.797,541.856,542.727,127019996.64,3993
2024-06-16 06:00:00+00:00,542.066,542.797,541.856,542.727,127019996.64,3994
2024-06-16 07:00:00+00:00,542.066,542.797,541.856,542.727,127019996.64,3995
2024-06-16 08:00:00+00:00,542.066,542.797,541.856,542.727,127019996.64,3996
2024-06-16 09:00:00+00:00,542.066,542.797,541.856,542.727,127019996.64,3997
2024-06-16 10:00:00+00:00,542.066,542.797,541.856,542.727,127019996.64,3998
2024-06-16 11:00:00+00:00,542.066,542.797,541.856,542.727,127019996.64,3999
2024-06-16 12:00:00+00:00,542.066,542.797,541.856,542.727,127019996.64,4000
2024-06-16 13:00:00+00:00,542.066,542.797,541.856,542.727,127019996.64,4001
2024-06-16 14:00:00+00:00,542.066,542.797,541.856,542.727,127019996.64,4002
2024-06-16 15:00:00+00:00,542.066,542.797,541.856,542.727,127019996.64,4003
2024-06-16 16:00:00+00:00,542.066,542.797,541.856,542.727,127019996.64,4004
2024-06-16 17:00:00+00:00,542.066,542.797,541.856,542.727,127019996.64,4005
2024-06-16 18:00:00+00:00,542.066,542.797,541.856,542.727,127019996.64,4006
2024-06-16 19:00:00+00:00,542.066,542.797,541.856,542.727,127019996.64,4007
2024-06-16 20:00:00+00:00,542.066,542.797,541.856,542.727,127019996.64,4008
2024-06-16 21:00:00+00:00,542.066,542.797,541.856,542.727,127019996.64,4009
2024-06-16 22:00:00+00:00,542.066,542.797,541.856,542.727,127019996.64,4010
2024-06-16 23:00:00+00:00,542.066,542.797,541.856,542.727,127019996.64,4011
2024-06-17 00:00:00+00:00,542.066,542.797,541.856,542.727,127019996.64,4012
2024-06-17 01:00:00+00:00,542.066,542.797,541.856,542.727,127019996.64,4013
2024-06-17 02:00:00+00:00,542.066,542.797,541.856,542.727,127019996.64,4014
2024-06-17 03:00:00+00:00,542.066,542.797,541.856,542.727,127019996.64,4015
2024-06-17 04:00:00+00:00,542.066,542.797,541.856,542.727,127019996.64,4016
2024-06-17 05:00:00+00:00,542.066,542.797,541.856,542.727,127019996.64,4017
2024-06-17 06:00:00+00:00,542.066,542.797,541.856,542.727,127019996.64,4018
2024-06-17 07:00:00+00:00,542.066,542.797,541.856,542.727,127019996.64,4019
2024-06-17 08:00:00+00:00,542.066,542.797,541.856,542.727,127019996.64,4020
2024-06-17 09:00:00+00:00,542.066,542.797,541.856,542.727,127019996.64,4021
2024-06-17 10:00:00+00:00,542.066,542.797,541.856,542.727,127019996.64,4022
2024-06-17 11:00:00+00:00,542.066,542.797,541.856,542.727,127019996.64,4023
2024-06-17 12:00:00+00:00,542.066,542.797,541.856,542.727,127019996.64,4024
2024-06-17 13:00:00+00:00,542.056,542.457,541.577,542.096,97776000.98,4025
2024-06-17 14:00:00+00:00,542.106,542.977,541.877,542.917,136764007.57,4026
2024-06-17 15:00:00+00:00,542.926,544.006,542.926,543.686,76199996.95,4027
2024-06-17 16:00:00+00:00,543.676,545.897,543.656,545.386,94307998.66,4028
2024-06-17 17:00:00+00:00,545.396,547.507,545.396,547.387,104772003.17,4029
2024-06-17 18:00:00+00:00,547.396,548.416,547.297,547.757,143772003.17,4030
2024-06-17 19:00:00+00:00,547.736,548.377,546.726,547.026,132167999.27,4031
2024-06-17 20:00:00+00:00,547.736,548.377,546.726,547.026,132167999.27,4032
2024-06-17 21:00:00+00:00,547.736,548.377,546.726,547.026,132167999.27,4033
2024-06-17 22:00:00+00:00,547.736,548.377,546.726,547.026,132167999.27,4034
2024-06-17 23:00:00+00:00,547.736,548.377,546.726,547.026,132167999.27,4035
2024-06-18 00:00:00+00:00,547.736,548.377,546.726,547.026,132167999.27,4036
2024-06-18 01:00:00+00:00,547.736,548.377,546.726,547.026,132167999.27,4037
2024-06-18 02:00:00+00:00,547.736,548.377,546.726,547.026,132167999.27,4038
2024-06-18 03:00:00+00:00,547.736,548.377,546.726,547.026,132167999.27,4039
2024-06-18 04:00:00+00:00,547.736,548.377,546.726,547.026,132167999.27,4040
2024-06-18 05:00:00+00:00,547.736,548.377,546.726,547.026,132167999.27,4041
2024-06-18 06:00:00+00:00,547.736,548.377,546.726,547.026,132167999.27,4042
2024-06-18 07:00:00+00:00,547.736,548.377,546.726,547.026,132167999.27,4043
2024-06-18 08:00:00+00:00,547.736,548.377,546.726,547.026,132167999.27,4044
2024-06-18 09:00:00+00:00,547.736,548.377,546.726,547.026,132167999.27,4045
2024-06-18 10:00:00+00:00,547.736,548.377,546.726,547.026,132167999.27,4046
2024-06-18 11:00:00+00:00,547.736,548.377,546.726,547.026,132167999.27,4047
2024-06-18 12:00:00+00:00,547.736,548.377,546.726,547.026,132167999.27,4048
2024-06-18 13:00:00+00:00,547.147,548.197,547.106,547.537,100907997.13,4049
2024-06-18 14:00:00+00:00,547.556,547.956,546.947,547.096,147587997.44,4050
2024-06-18 15:00:00+00:00,547.107,547.817,546.716,547.797,113375999.45,4051
2024-06-18 16:00:00+00:00,547.797,548.057,547.206,547.836,82704002.38,4052
2024-06-18 17:00:00+00:00,547.837,548.606,547.447,548.106,93935997.01,4053
2024-06-18 18:00:00+00:00,548.096,548.137,547.076,548.017,125400001.53,4054
2024-06-18 19:00:00+00:00,548.026,548.477,547.406,548.466,102468002.32,4055
2024-06-18 20:00:00+00:00,548.026,548.477,547.406,548.466,102468002.32,4056
2024-06-18 21:00:00+00:00,548.026,548.477,547.406,548.466,102468002.32,4057
2024-06-18 22:00:00+00:00,548.026,548.477,547.406,548.466,102468002.32,4058
2024-06-18 23:00:00+00:00,548.026,548.477,547.406,548.466,102468002.32,4059
2024-06-19 00:00:00+00:00,548.026,548.477,547.406,548.466,102468002.32,4060
2024-06-19 01:00:00+00:00,548.026,548.477,547.406,548.466,102468002.32,4061
2024-06-19 02:00:00+00:00,548.026,548.477,547.406,548.466,102468002.32,4062
2024-06-19 03:00:00+00:00,548.026,548.477,547.406,548.466,102468002.32,4063
2024-06-19 04:00:00+00:00,548.026,548.477,547.406,548.466,102468002.32,4064
2024-06-19 05:00:00+00:00,548.026,548.477,547.406,548.466,102468002.32,4065
2024-06-19 06:00:00+00:00,548.026,548.477,547.406,548.466,102468002.32,4066
2024-06-19 07:00:00+00:00,548.026,548.477,547.406,548.466,102468002.32,4067
2024-06-19 08:00:00+00:00,548.026,548.477,547.406,548.466,102468002.32,4068
2024-06-19 09:00:00+00:00,548.026,548.477,547.406,548.466,102468002.32,4069
2024-06-19 10:00:00+00:00,548.026,548.477,547.406,548.466,102468002.32,4070
2024-06-19 11:00:00+00:00,548.026,548.477,547.406,548.466,102468002.32,4071
2024-06-19 12:00:00+00:00,548.026,548.477,547.406,548.466,102468002.32,4072
2024-06-19 13:00:00+00:00,548.026,548.477,547.406,548.466,102468002.32,4073
2024-06-19 14:00:00+00:00,548.026,548.477,547.406,548.466,102468002.32,4074
2024-06-19 15:00:00+00:00,548.026,548.477,547.406,548.466,102468002.32,4075
2024-06-19 16:00:00+00:00,548.026,548.477,547.406,548.466,102468002.32,4076
2024-06-19 17:00:00+00:00,548.026,548.477,547.406,548.466,102468002.32,4077
2024-06-19 18:00:00+00:00,548.026,548.477,547.406,548.466,102468002.32,4078
2024-06-19 19:00:00+00:00,548.026,548.477,547.406,548.466,102468002.32,4079
2024-06-19 20:00:00+00:00,548.026,548.477,547.406,548.466,102468002.32,4080
2024-06-19 21:00:00+00:00,548.026,548.477,547.406,548.466,102468002.32,4081
2024-06-19 22:00:00+00:00,548.026,548.477,547.406,548.466,102468002.32,4082
2024-06-19 23:00:00+00:00,548.026,548.477,547.406,548.466,102468002.32,4083
2024-06-20 00:00:00+00:00,548.026,548.477,547.406,548.466,102468002.32,4084
2024-06-20 01:00:00+00:00,548.026,548.477,547.406,548.466,102468002.32,4085
2024-06-20 02:00:00+00:00,548.026,548.477,547.406,548.466,102468002.32,4086
2024-06-20 03:00:00+00:00,548.026,548.477,547.406,548.466,102468002.32,4087
2024-06-20 04:00:00+00:00,548.026,548.477,547.406,548.466,102468002.32,4088
2024-06-20 05:00:00+00:00,548.026,548.477,547.406,548.466,102468002.32,4089
2024-06-20 06:00:00+00:00,548.026,548.477,547.406,548.466,102468002.32,4090
2024-06-20 07:00:00+00:00,548.026,548.477,547.406,548.466,102468002.32,4091
2024-06-20 08:00:00+00:00,548.026,548.477,547.406,548.466,102468002.32,4092
2024-06-20 09:00:00+00:00,548.026,548.477,547.406,548.466,102468002.32,4093
2024-06-20 10:00:00+00:00,548.026,548.477,547.406,548.466,102468002.32,4094
2024-06-20 11:00:00+00:00,548.026,548.477,547.406,548.466,102468002.32,4095
2024-06-20 12:00:00+00:00,548.026,548.477,547.406,548.466,102468002.32,4096
2024-06-20 13:00:00+00:00,549.397,550.097,548.796,549.597,98291999.82,4097
2024-06-20 14:00:00+00:00,549.596,549.797,548.396,549.216,149604003.91,4098
2024-06-20 15:00:00+00:00,549.226,549.517,548.316,548.336,121043998.72,4099
2024-06-20 16:00:00+00:00,548.327,548.637,545.976,547.267,192432006.84,4100
2024-06-20 17:00:00+00:00,547.266,547.266,545.176,546.996,201972000.12,4101
2024-06-20 18:00:00+00:00,547.006,548.177,546.927,547.157,176604003.91,4102
2024-06-20 19:00:00+00:00,547.177,547.746,545.757,546.966,195251998.9,4103
2024-06-20 20:00:00+00:00,547.177,547.746,545.757,546.966,195251998.9,4104
2024-06-20 21:00:00+00:00,547.177,547.746,545.757,546.966,195251998.9,4105
2024-06-20 22:00:00+00:00,547.177,547.746,545.757,546.966,195251998.9,4106
2024-06-20 23:00:00+00:00,547.177,547.746,545.757,546.966,195251998.9,4107
2024-06-21 00:00:00+00:00,547.177,547.746,545.757,546.966,195251998.9,4108
2024-06-21 01:00:00+00:00,547.177,547.746,545.757,546.966,195251998.9,4109
2024-06-21 02:00:00+00:00,547.177,547.746,545.757,546.966,195251998.9,4110
2024-06-21 03:00:00+00:00,547.177,547.746,545.757,546.966,195251998.9,4111
2024-06-21 04:00:00+00:00,547.177,547.746,545.757,546.966,195251998.9,4112
2024-06-21 05:00:00+00:00,547.177,547.746,545.757,546.966,195251998.9,4113
2024-06-21 06:00:00+00:00,547.177,547.746,545.757,546.966,195251998.9,4114
2024-06-21 07:00:00+00:00,547.177,547.746,545.757,546.966,195251998.9,4115
2024-06-21 08:00:00+00:00,547.177,547.746,545.757,546.966,195251998.9,4116
2024-06-21 09:00:00+00:00,547.177,547.746,545.757,546.966,195251998.9,4117
2024-06-21 10:00:00+00:00,547.177,547.746,545.757,546.966,195251998.9,4118
2024-06-21 11:00:00+00:00,547.177,547.746,545.757,546.966,195251998.9,4119
2024-06-21 12:00:00+00:00,547.177,547.746,545.757,546.966,195251998.9,4120
2024-06-21 13:00:00+00:00,544.296,544.837,543.007,543.847,146555999.76,4121
2024-06-21 14:00:00+00:00,543.847,544.866,543.776,544.796,226488006.59,4122
2024-06-21 15:00:00+00:00,544.786,545.496,543.996,545.496,145884002.69,4123
2024-06-21 16:00:00+00:00,545.507,545.637,544.446,544.536,108396003.72,4124
2024-06-21 17:00:00+00:00,544.537,544.827,543.536,543.946,105083999.63,4125
2024-06-21 18:00:00+00:00,543.937,544.747,543.736,544.276,86639999.39,4126
2024-06-21 19:00:00+00:00,544.287,545.207,544.066,544.117,100211997.99,4127
2024-06-21 20:00:00+00:00,544.287,545.207,544.066,544.117,100211997.99,4128
2024-06-21 21:00:00+00:00,544.287,545.207,544.066,544.117,100211997.99,4129
2024-06-21 22:00:00+00:00,544.287,545.207,544.066,544.117,100211997.99,4130
2024-06-21 23:00:00+00:00,544.287,545.207,544.066,544.117,100211997.99,4131
2024-06-22 00:00:00+00:00,544.287,545.207,544.066,544.117,100211997.99,4132
2024-06-22 01:00:00+00:00,544.287,545.207,544.066,544.117,100211997.99,4133
2024-06-22 02:00:00+00:00,544.287,545.207,544.066,544.117,100211997.99,4134
2024-06-22 03:00:00+00:00,544.287,545.207,544.066,544.117,100211997.99,4135
2024-06-22 04:00:00+00:00,544.287,545.207,544.066,544.117,100211997.99,4136
2024-06-22 05:00:00+00:00,544.287,545.207,544.066,544.117,100211997.99,4137
2024-06-22 06:00:00+00:00,544.287,545.207,544.066,544.117,100211997.99,4138
2024-06-22 07:00:00+00:00,544.287,545.207,544.066,544.117,100211997.99,4139
2024-06-22 08:00:00+00:00,544.287,545.207,544.066,544.117,100211997.99,4140
2024-06-22 09:00:00+00:00,544.287,545.207,544.066,544.117,100211997.99,4141
2024-06-22 10:00:00+00:00,544.287,545.207,544.066,544.117,100211997.99,4142
2024-06-22 11:00:00+00:00,544.287,545.207,544.066,544.117,100211997.99,4143
2024-06-22 12:00:00+00:00,544.287,545.207,544.066,544.117,100211997.99,4144
2024-06-22 13:00:00+00:00,544.287,545.207,544.066,544.117,100211997.99,4145
2024-06-22 14:00:00+00:00,544.287,545.207,544.066,544.117,100211997.99,4146
2024-06-22 15:00:00+00:00,544.287,545.207,544.066,544.117,100211997.99,4147
2024-06-22 16:00:00+00:00,544.287,545.207,544.066,544.117,100211997.99,4148
2024-06-22 17:00:00+00:00,544.287,545.207,544.066,544.117,100211997.99,4149
2024-06-22 18:00:00+00:00,544.287,545.207,544.066,544.117,100211997.99,4150
2024-06-22 19:00:00+00:00,544.287,545.207,544.066,544.117,100211997.99,4151
2024-06-22 20:00:00+00:00,544.287,545.207,544.066,544.117,100211997.99,4152
2024-06-22 21:00:00+00:00,544.287,545.207,544.066,544.117,100211997.99,4153
2024-06-22 22:00:00+00:00,544.287,545.207,544.066,544.117,100211997.99,4154
2024-06-22 23:00:00+00:00,544.287,545.207,544.066,544.117,100211997.99,4155
2024-06-23 00:00:00+00:00,544.287,545.207,544.066,544.117,100211997.99,4156
2024-06-23 01:00:00+00:00,544.287,545.207,544.066,544.117,100211997.99,4157
2024-06-23 02:00:00+00:00,544.287,545.207,544.066,544.117,100211997.99,4158
2024-06-23 03:00:00+00:00,544.287,545.207,544.066,544.117,100211997.99,4159
2024-06-23 04:00:00+00:00,544.287,545.207,544.066,544.117,100211997.99,4160
2024-06-23 05:00:00+00:00,544.287,545.207,544.066,544.117,100211997.99,4161
2024-06-23 06:00:00+00:00,544.287,545.207,544.066,544.117,100211997.99,4162
2024-06-23 07:00:00+00:00,544.287,545.207,544.066,544.117,100211997.99,4163
2024-06-23 08:00:00+00:00,544.287,545.207,544.066,544.117,100211997.99,4164
2024-06-23 09:00:00+00:00,544.287,545.207,544.066,544.117,100211997.99,4165
2024-06-23 10:00:00+00:00,544.287,545.207,544.066,544.117,100211997.99,4166
2024-06-23 11:00:00+00:00,544.287,545.207,544.066,544.117,100211997.99,4167
2024-06-23 12:00:00+00:00,544.287,545.207,544.066,544.117,100211997.99,4168
2024-06-23 13:00:00+00:00,544.287,545.207,544.066,544.117,100211997.99,4169
2024-06-23 14:00:00+00:00,544.287,545.207,544.066,544.117,100211997.99,4170
2024-06-23 15:00:00+00:00,544.287,545.207,544.066,544.117,100211997.99,4171
2024-06-23 16:00:00+00:00,544.287,545.207,544.066,544.117,100211997.99,4172
2024-06-23 17:00:00+00:00,544.287,545.207,544.066,544.117,100211997.99,4173
2024-06-23 18:00:00+00:00,544.287,545.207,544.066,544.117,100211997.99,4174
2024-06-23 19:00:00+00:00,544.287,545.207,544.066,544.117,100211997.99,4175
2024-06-23 20:00:00+00:00,544.287,545.207,544.066,544.117,100211997.99,4176
2024-06-23 21:00:00+00:00,544.287,545.207,544.066,544.117,100211997.99,4177
2024-06-23 22:00:00+00:00,544.287,545.207,544.066,544.117,100211997.99,4178
2024-06-23 23:00:00+00:00,544.287,545.207,544.066,544.117,100211997.99,4179
2024-06-24 00:00:00+00:00,544.287,545.207,544.066,544.117,100211997.99,4180
2024-06-24 01:00:00+00:00,544.287,545.207,544.066,544.117,100211997.99,4181
2024-06-24 02:00:00+00:00,544.287,545.207,544.066,544.117,100211997.99,4182
2024-06-24 03:00:00+00:00,544.287,545.207,544.066,544.117,100211997.99,4183
2024-06-24 04:00:00+00:00,544.287,545.207,544.066,544.117,100211997.99,4184
2024-06-24 05:00:00+00:00,544.287,545.207,544.066,544.117,100211997.99,4185
2024-06-24 06:00:00+00:00,544.287,545.207,544.066,544.117,100211997.99,4186
2024-06-24 07:00:00+00:00,544.287,545.207,544.066,544.117,100211997.99,4187
2024-06-24 08:00:00+00:00,544.287,545.207,544.066,544.117,100211997.99,4188
2024-06-24 09:00:00+00:00,544.287,545.207,544.066,544.117,100211997.99,4189
2024-06-24 10:00:00+00:00,544.287,545.207,544.066,544.117,100211997.99,4190
2024-06-24 11:00:00+00:00,544.287,545.207,544.066,544.117,100211997.99,4191
2024-06-24 12:00:00+00:00,544.287,545.207,544.066,544.117,100211997.99,4192
2024-06-24 13:00:00+00:00,544.326,545.796,543.746,545.626,127980003.36,4193
2024-06-24 14:00:00+00:00,545.637,546.927,544.646,545.957,229020004.27,4194
2024-06-24 15:00:00+00:00,545.956,546.327,545.517,546.166,164699996.95,4195
2024-06-24 16:00:00+00:00,546.157,546.216,544.826,545.066,120959999.08,4196
2024-06-24 17:00:00+00:00,545.086,545.277,543.596,543.967,141576004.03,4197
2024-06-24 18:00:00+00:00,543.976,544.607,543.416,544.216,118583999.63,4198
2024-06-24 19:00:00+00:00,544.206,544.637,542.627,542.697,149856002.81,4199
2024-06-24 20:00:00+00:00,544.206,544.637,542.627,542.697,149856002.81,4200
2024-06-24 21:00:00+00:00,544.206,544.637,542.627,542.697,149856002.81,4201
2024-06-24 22:00:00+00:00,544.206,544.637,542.627,542.697,149856002.81,4202
2024-06-24 23:00:00+00:00,544.206,544.637,542.627,542.697,149856002.81,4203
2024-06-25 00:00:00+00:00,544.206,544.637,542.627,542.697,149856002.81,4204
2024-06-25 01:00:00+00:00,544.206,544.637,542.627,542.697,149856002.81,4205
2024-06-25 02:00:00+00:00,544.206,544.637,542.627,542.697,149856002.81,4206
2024-06-25 03:00:00+00:00,544.206,544.637,542.627,542.697,149856002.81,4207
2024-06-25 04:00:00+00:00,544.206,544.637,542.627,542.697,149856002.81,4208
2024-06-25 05:00:00+00:00,544.206,544.637,542.627,542.697,149856002.81,4209
2024-06-25 06:00:00+00:00,544.206,544.637,542.627,542.697,149856002.81,4210
2024-06-25 07:00:00+00:00,544.206,544.637,542.627,542.697,149856002.81,4211
2024-06-25 08:00:00+00:00,544.206,544.637,542.627,542.697,149856002.81,4212
2024-06-25 09:00:00+00:00,544.206,544.637,542.627,542.697,149856002.81,4213
2024-06-25 10:00:00+00:00,544.206,544.637,542.627,542.697,149856002.81,4214
2024-06-25 11:00:00+00:00,544.206,544.637,542.627,542.697,149856002.81,4215
2024-06-25 12:00:00+00:00,544.206,544.637,542.627,542.697,149856002.81,4216
2024-06-25 13:00:00+00:00,543.996,544.067,543.006,543.096,111744003.3,4217
2024-06-25 14:00:00+00:00,543.117,544.247,543.006,543.657,165444000.24,4218
2024-06-25 15:00:00+00:00,543.667,544.467,543.516,544.337,113279998.78,4219
2024-06-25 16:00:00+00:00,544.336,544.336,542.516,542.946,128483993.53,4220
2024-06-25 17:00:00+00:00,542.936,544.137,542.446,543.966,111888000.49,4221
2024-06-25 18:00:00+00:00,543.976,544.857,543.796,544.417,100164001.46,4222
2024-06-25 19:00:00+00:00,544.406,545.186,544.176,544.886,118379997.25,4223
2024-06-25 20:00:00+00:00,544.406,545.186,544.176,544.886,118379997.25,4224
2024-06-25 21:00:00+00:00,544.406,545.186,544.176,544.886,118379997.25,4225
2024-06-25 22:00:00+00:00,544.406,545.186,544.176,544.886,118379997.25,4226
2024-06-25 23:00:00+00:00,544.406,545.186,544.176,544.886,118379997.25,4227
2024-06-26 00:00:00+00:00,544.406,545.186,544.176,544.886,118379997.25,4228
2024-06-26 01:00:00+00:00,544.406,545.186,544.176,544.886,118379997.25,4229
2024-06-26 02:00:00+00:00,544.406,545.186,544.176,544.886,118379997.25,4230
2024-06-26 03:00:00+00:00,544.406,545.186,544.176,544.886,118379997.25,4231
2024-06-26 04:00:00+00:00,544.406,545.186,544.176,544.886,118379997.25,4232
2024-06-26 05:00:00+00:00,544.406,545.186,544.176,544.886,118379997.25,4233
2024-06-26 06:00:00+00:00,544.406,545.186,544.176,544.886,118379997.25,4234
2024-06-26 07:00:00+00:00,544.406,545.186,544.176,544.886,118379997.25,4235
2024-06-26 08:00:00+00:00,544.406,545.186,544.176,544.886,118379997.25,4236
2024-06-26 09:00:00+00:00,544.406,545.186,544.176,544.886,118379997.25,4237
2024-06-26 10:00:00+00:00,544.406,545.186,544.176,544.886,118379997.25,4238
2024-06-26 11:00:00+00:00,544.406,545.186,544.176,544.886,118379997.25,4239
2024-06-26 12:00:00+00:00,544.406,545.186,544.176,544.886,118379997.25,4240
2024-06-26 13:00:00+00:00,543.627,544.377,543.166,544.086,90503997.8,4241
2024-06-26 14:00:00+00:00,544.066,544.787,543.606,544.197,159768005.37,4242
2024-06-26 15:00:00+00:00,544.186,545.457,543.016,545.307,165395996.09,4243
2024-06-26 16:00:00+00:00,545.287,545.407,544.256,544.746,140880004.88,4244
2024-06-26 17:00:00+00:00,544.746,544.997,543.996,544.856,130932006.84,4245
2024-06-26 18:00:00+00:00,544.847,545.106,544.296,544.536,107652000.43,4246
2024-06-26 19:00:00+00:00,544.537,546.217,544.126,545.596,133440002.44,4247
2024-06-26 20:00:00+00:00,544.537,546.217,544.126,545.596,133440002.44,4248
2024-06-26 21:00:00+00:00,544.537,546.217,544.126,545.596,133440002.44,4249
2024-06-26 22:00:00+00:00,544.537,546.217,544.126,545.596,133440002.44,4250
2024-06-26 23:00:00+00:00,544.537,546.217,544.126,545.596,133440002.44,4251
2024-06-27 00:00:00+00:00,544.537,546.217,544.126,545.596,133440002.44,4252
2024-06-27 01:00:00+00:00,544.537,546.217,544.126,545.596,133440002.44,4253
2024-06-27 02:00:00+00:00,544.537,546.217,544.126,545.596,133440002.44,4254
2024-06-27 03:00:00+00:00,544.537,546.217,544.126,545.596,133440002.44,4255
2024-06-27 04:00:00+00:00,544.537,546.217,544.126,545.596,133440002.44,4256
2024-06-27 05:00:00+00:00,544.537,546.217,544.126,545.596,133440002.44,4257
2024-06-27 06:00:00+00:00,544.537,546.217,544.126,545.596,133440002.44,4258
2024-06-27 07:00:00+00:00,544.537,546.217,544.126,545.596,133440002.44,4259
2024-06-27 08:00:00+00:00,544.537,546.217,544.126,545.596,133440002.44,4260
2024-06-27 09:00:00+00:00,544.537,546.217,544.126,545.596,133440002.44,4261
2024-06-27 10:00:00+00:00,544.537,546.217,544.126,545.596,133440002.44,4262
2024-06-27 11:00:00+00:00,544.537,546.217,544.126,545.596,133440002.44,4263
2024-06-27 12:00:00+00:00,544.537,546.217,544.126,545.596,133440002.44,4264
2024-06-27 13:00:00+00:00,545.346,546.827,545.136,546.096,123984001.16,4265
2024-06-27 14:00:00+00:00,546.086,546.936,545.606,545.966,188772003.17,4266
2024-06-27 15:00:00+00:00,545.967,546.027,544.667,545.227,177923995.97,4267
2024-06-27 16:00:00+00:00,545.217,546.087,545.067,545.636,102767997.74,4268
2024-06-27 17:00:00+00:00,545.626,546.416,545.626,545.766,79739997.86,4269
2024-06-27 18:00:00+00:00,545.767,545.796,544.617,545.377,109440002.44,4270
2024-06-27 19:00:00+00:00,545.386,546.337,545.156,546.286,87875999.45,4271
2024-06-27 20:00:00+00:00,545.386,546.337,545.156,546.286,87875999.45,4272
2024-06-27 21:00:00+00:00,545.386,546.337,545.156,546.286,87875999.45,4273
2024-06-27 22:00:00+00:00,545.386,546.337,545.156,546.286,87875999.45,4274
2024-06-27 23:00:00+00:00,545.386,546.337,545.156,546.286,87875999.45,4275
2024-06-28 00:00:00+00:00,545.386,546.337,545.156,546.286,87875999.45,4276
2024-06-28 01:00:00+00:00,545.386,546.337,545.156,546.286,87875999.45,4277
2024-06-28 02:00:00+00:00,545.386,546.337,545.156,546.286,87875999.45,4278
2024-06-28 03:00:00+00:00,545.386,546.337,545.156,546.286,87875999.45,4279
2024-06-28 04:00:00+00:00,545.386,546.337,545.156,546.286,87875999.45,4280
2024-06-28 05:00:00+00:00,545.386,546.337,545.156,546.286,87875999.45,4281
2024-06-28 06:00:00+00:00,545.386,546.337,545.156,546.286,87875999.45,4282
2024-06-28 07:00:00+00:00,545.386,546.337,545.156,546.286,87875999.45,4283
2024-06-28 08:00:00+00:00,545.386,546.337,545.156,546.286,87875999.45,4284
2024-06-28 09:00:00+00:00,545.386,546.337,545.156,546.286,87875999.45,4285
2024-06-28 10:00:00+00:00,545.386,546.337,545.156,546.286,87875999.45,4286
2024-06-28 11:00:00+00:00,545.386,546.337,545.156,546.286,87875999.45,4287
2024-06-28 12:00:00+00:00,545.386,546.337,545.156,546.286,87875999.45,4288
2024-06-28 13:00:00+00:00,547.157,548.246,546.656,548.027,84300003.05,4289
2024-06-28 14:00:00+00:00,548.037,550.257,548.037,548.626,202764007.57,4290
2024-06-28 15:00:00+00:00,548.617,548.617,547.246,547.696,192479995.73,4291
2024-06-28 16:00:00+00:00,547.706,547.826,545.466,546.317,175296005.25,4292
2024-06-28 17:00:00+00:00,546.307,546.977,545.827,546.016,113568000.79,4293
2024-06-28 18:00:00+00:00,546.007,546.566,544.936,545.087,116136001.59,4294
2024-06-28 19:00:00+00:00,545.097,545.457,542.936,543.987,192636001.59,4295
2024-06-28 20:00:00+00:00,545.097,545.457,542.936,543.987,192636001.59,4296
2024-06-28 21:00:00+00:00,545.097,545.457,542.936,543.987,192636001.59,4297
2024-06-28 22:00:00+00:00,545.097,545.457,542.936,543.987,192636001.59,4298
2024-06-28 23:00:00+00:00,545.097,545.457,542.936,543.987,192636001.59,4299
2024-06-29 00:00:00+00:00,545.097,545.457,542.936,543.987,192636001.59,4300
2024-06-29 01:00:00+00:00,545.097,545.457,542.936,543.987,192636001.59,4301
2024-06-29 02:00:00+00:00,545.097,545.457,542.936,543.987,192636001.59,4302
2024-06-29 03:00:00+00:00,545.097,545.457,542.936,543.987,192636001.59,4303
2024-06-29 04:00:00+00:00,545.097,545.457,542.936,543.987,192636001.59,4304
2024-06-29 05:00:00+00:00,545.097,545.457,542.936,543.987,192636001.59,4305
2024-06-29 06:00:00+00:00,545.097,545.457,542.936,543.987,192636001.59,4306
2024-06-29 07:00:00+00:00,545.097,545.457,542.936,543.987,192636001.59,4307
2024-06-29 08:00:00+00:00,545.097,545.457,542.936,543.987,192636001.59,4308
2024-06-29 09:00:00+00:00,545.097,545.457,542.936,543.987,192636001.59,4309
2024-06-29 10:00:00+00:00,545.097,545.457,542.936,543.987,192636001.59,4310
2024-06-29 11:00:00+00:00,545.097,545.457,542.936,543.987,192636001.59,4311
2024-06-29 12:00:00+00:00,545.097,545.457,542.936,543.987,192636001.59,4312
2024-06-29 13:00:00+00:00,545.097,545.457,542.936,543.987,192636001.59,4313
2024-06-29 14:00:00+00:00,545.097,545.457,542.936,543.987,192636001.59,4314
2024-06-29 15:00:00+00:00,545.097,545.457,542.936,543.987,192636001.59,4315
2024-06-29 16:00:00+00:00,545.097,545.457,542.936,543.987,192636001.59,4316
2024-06-29 17:00:00+00:00,545.097,545.457,542.936,543.987,192636001.59,4317
2024-06-29 18:00:00+00:00,545.097,545.457,542.936,543.987,192636001.59,4318
2024-06-29 19:00:00+00:00,545.097,545.457,542.936,543.987,192636001.59,4319
2024-06-29 20:00:00+00:00,545.097,545.457,542.936,543.987,192636001.59,4320
2024-06-29 21:00:00+00:00,545.097,545.457,542.936,543.987,192636001.59,4321
2024-06-29 22:00:00+00:00,545.097,545.457,542.936,543.987,192636001.59,4322
2024-06-29 23:00:00+00:00,545.097,545.457,542.936,543.987,192636001.59,4323
2024-06-30 00:00:00+00:00,545.097,545.457,542.936,543.987,192636001.59,4324
2024-06-30 01:00:00+00:00,545.097,545.457,542.936,543.987,192636001.59,4325
2024-06-30 02:00:00+00:00,545.097,545.457,542.936,543.987,192636001.59,4326
2024-06-30 03:00:00+00:00,545.097,545.457,542.936,543.987,192636001.59,4327
2024-06-30 04:00:00+00:00,545.097,545.457,542.936,543.987,192636001.59,4328
2024-06-30 05:00:00+00:00,545.097,545.457,542.936,543.987,192636001.59,4329
2024-06-30 06:00:00+00:00,545.097,545.457,542.936,543.987,192636001.59,4330
2024-06-30 07:00:00+00:00,545.097,545.457,542.936,543.987,192636001.59,4331
2024-06-30 08:00:00+00:00,545.097,545.457,542.936,543.987,192636001.59,4332
2024-06-30 09:00:00+00:00,545.097,545.457,542.936,543.987,192636001.59,4333
2024-06-30 10:00:00+00:00,545.097,545.457,542.936,543.987,192636001.59,4334
2024-06-30 11:00:00+00:00,545.097,545.457,542.936,543.987,192636001.59,4335
2024-06-30 12:00:00+00:00,545.097,545.457,542.936,543.987,192636001.59,4336
2024-06-30 13:00:00+00:00,545.097,545.457,542.936,543.987,192636001.59,4337
2024-06-30 14:00:00+00:00,545.097,545.457,542.936,543.987,192636001.59,4338
2024-06-30 15:00:00+00:00,545.097,545.457,542.936,543.987,192636001.59,4339
2024-06-30 16:00:00+00:00,545.097,545.457,542.936,543.987,192636001.59,4340
2024-06-30 17:00:00+00:00,545.097,545.457,542.936,543.987,192636001.59,4341
2024-06-30 18:00:00+00:00,545.097,545.457,542.936,543.987,192636001.59,4342
2024-06-30 19:00:00+00:00,545.097,545.457,542.936,543.987,192636001.59,4343
2024-06-30 20:00:00+00:00,545.097,545.457,542.936,543.987,192636001.59,4344
2024-06-30 21:00:00+00:00,545.097,545.457,542.936,543.987,192636001.59,4345
2024-06-30 22:00:00+00:00,545.097,545.457,542.936,543.987,192636001.59,4346
2024-06-30 23:00:00+00:00,545.097,545.457,542.936,543.987,192636001.59,4347
2024-07-01 00:00:00+00:00,545.097,545.457,542.936,543.987,192636001.59,4348
2024-07-01 01:00:00+00:00,545.097,545.457,542.936,543.987,192636001.59,4349
2024-07-01 02:00:00+00:00,545.097,545.457,542.936,543.987,192636001.59,4350
2024-07-01 03:00:00+00:00,545.097,545.457,542.936,543.987,192636001.59,4351
2024-07-01 04:00:00+00:00,545.097,545.457,542.936,543.987,192636001.59,4352
2024-07-01 05:00:00+00:00,545.097,545.457,542.936,543.987,192636001.59,4353
2024-07-01 06:00:00+00:00,545.097,545.457,542.936,543.987,192636001.59,4354
2024-07-01 07:00:00+00:00,545.097,545.457,542.936,543.987,192636001.59,4355
2024-07-01 08:00:00+00:00,545.097,545.457,542.936,543.987,192636001.59,4356
2024-07-01 09:00:00+00:00,545.097,545.457,542.936,543.987,192636001.59,4357
2024-07-01 10:00:00+00:00,545.097,545.457,542.936,543.987,192636001.59,4358
2024-07-01 11:00:00+00:00,545.097,545.457,542.936,543.987,192636001.59,4359
2024-07-01 12:00:00+00:00,545.097,545.457,542.936,543.987,192636001.59,4360
2024-07-01 13:00:00+00:00,545.627,545.847,544.086,544.767,122099998.47,4361
2024-07-01 14:00:00+00:00,544.777,545.436,542.516,543.337,286223999.02,4362
2024-07-01 15:00:00+00:00,543.326,544.477,542.856,544.467,165408004.76,4363
2024-07-01 16:00:00+00:00,544.446,545.367,543.937,545.016,112692001.34,4364
2024-07-01 17:00:00+00:00,545.017,545.247,544.596,544.907,106332000.73,4365
2024-07-01 18:00:00+00:00,544.906,545.657,544.447,544.726,119400001.53,4366
2024-07-01 19:00:00+00:00,544.726,545.856,543.796,545.217,122412002.56,4367
2024-07-01 20:00:00+00:00,544.726,545.856,543.796,545.217,122412002.56,4368
2024-07-01 21:00:00+00:00,544.726,545.856,543.796,545.217,122412002.56,4369
2024-07-01 22:00:00+00:00,544.726,545.856,543.796,545.217,122412002.56,4370
2024-07-01 23:00:00+00:00,544.726,545.856,543.796,545.217,122412002.56,4371
2024-07-02 00:00:00+00:00,544.726,545.856,543.796,545.217,122412002.56,4372
2024-07-02 01:00:00+00:00,544.726,545.856,543.796,545.217,122412002.56,4373
2024-07-02 02:00:00+00:00,544.726,545.856,543.796,545.217,122412002.56,4374
2024-07-02 03:00:00+00:00,544.726,545.856,543.796,545.217,122412002.56,4375
2024-07-02 04:00:00+00:00,544.726,545.856,543.796,545.217,122412002.56,4376
2024-07-02 05:00:00+00:00,544.726,545.856,543.796,545.217,122412002.56,4377
2024-07-02 06:00:00+00:00,544.726,545.856,543.796,545.217,122412002.56,4378
2024-07-02 07:00:00+00:00,544.726,545.856,543.796,545.217,122412002.56,4379
2024-07-02 08:00:00+00:00,544.726,545.856,543.796,545.217,122412002.56,4380
2024-07-02 09:00:00+00:00,544.726,545.856,543.796,545.217,122412002.56,4381
2024-07-02 10:00:00+00:00,544.726,545.856,543.796,545.217,122412002.56,4382
2024-07-02 11:00:00+00:00,544.726,545.856,543.796,545.217,122412002.56,4383
2024-07-02 12:00:00+00:00,544.726,545.856,543.796,545.217,122412002.56,4384
2024-07-02 13:00:00+00:00,543.677,545.647,543.626,545.026,147072006.23,4385
2024-07-02 14:00:00+00:00,545.117,545.956,544.456,545.737,237744003.3,4386
2024-07-02 15:00:00+00:00,545.746,546.486,545.436,545.627,129647995.0,4387
2024-07-02 16:00:00+00:00,545.616,545.996,545.106,545.976,127884002.69,4388
2024-07-02 17:00:00+00:00,545.967,547.467,545.876,547.266,113136001.59,4389
2024-07-02 18:00:00+00:00,547.266,547.967,547.236,547.627,83220001.22,4390
2024-07-02 19:00:00+00:00,547.616,548.967,547.466,548.967,102683998.11,4391
2024-07-02 20:00:00+00:00,547.616,548.967,547.466,548.967,102683998.11,4392
2024-07-02 21:00:00+00:00,547.616,548.967,547.466,548.967,102683998.11,4393
2024-07-02 22:00:00+00:00,547.616,548.967,547.466,548.967,102683998.11,4394
2024-07-02 23:00:00+00:00,547.616,548.967,547.466,548.967,102683998.11,4395
2024-07-03 00:00:00+00:00,547.616,548.967,547.466,548.967,102683998.11,4396
2024-07-03 01:00:00+00:00,547.616,548.967,547.466,548.967,102683998.11,4397
2024-07-03 02:00:00+00:00,547.616,548.967,547.466,548.967,102683998.11,4398
2024-07-03 03:00:00+00:00,547.616,548.967,547.466,548.967,102683998.11,4399
2024-07-03 04:00:00+00:00,547.616,548.967,547.466,548.967,102683998.11,4400
2024-07-03 05:00:00+00:00,547.616,548.967,547.466,548.967,102683998.11,4401
2024-07-03 06:00:00+00:00,547.616,548.967,547.466,548.967,102683998.11,4402
2024-07-03 07:00:00+00:00,547.616,548.967,547.466,548.967,102683998.11,4403
2024-07-03 08:00:00+00:00,547.616,548.967,547.466,548.967,102683998.11,4404
2024-07-03 09:00:00+00:00,547.616,548.967,547.466,548.967,102683998.11,4405
2024-07-03 10:00:00+00:00,547.616,548.967,547.466,548.967,102683998.11,4406
2024-07-03 11:00:00+00:00,547.616,548.967,547.466,548.967,102683998.11,4407
2024-07-03 12:00:00+00:00,547.616,548.967,547.466,548.967,102683998.11,4408
2024-07-03 13:00:00+00:00,548.656,549.617,548.636,549.557,83819999.69,4409
2024-07-03 14:00:00+00:00,549.586,550.027,548.856,549.797,174863998.41,4410
2024-07-03 15:00:00+00:00,549.807,550.467,549.457,550.366,103152000.43,4411
2024-07-03 16:00:00+00:00,550.376,551.816,550.316,551.386,85583999.63,4412
2024-07-03 17:00:00+00:00,550.376,551.816,550.316,551.386,85583999.63,4413
2024-07-03 18:00:00+00:00,550.376,551.816,550.316,551.386,85583999.63,4414
2024-07-03 19:00:00+00:00,550.376,551.816,550.316,551.386,85583999.63,4415
2024-07-03 20:00:00+00:00,550.376,551.816,550.316,551.386,85583999.63,4416
2024-07-03 21:00:00+00:00,550.376,551.816,550.316,551.386,85583999.63,4417
2024-07-03 22:00:00+00:00,550.376,551.816,550.316,551.386,85583999.63,4418
2024-07-03 23:00:00+00:00,550.376,551.816,550.316,551.386,85583999.63,4419
2024-07-04 00:00:00+00:00,550.376,551.816,550.316,551.386,85583999.63,4420
2024-07-04 01:00:00+00:00,550.376,551.816,550.316,551.386,85583999.63,4421
2024-07-04 02:00:00+00:00,550.376,551.816,550.316,551.386,85583999.63,4422
2024-07-04 03:00:00+00:00,550.376,551.816,550.316,551.386,85583999.63,4423
2024-07-04 04:00:00+00:00,550.376,551.816,550.316,551.386,85583999.63,4424
2024-07-04 05:00:00+00:00,550.376,551.816,550.316,551.386,85583999.63,4425
2024-07-04 06:00:00+00:00,550.376,551.816,550.316,551.386,85583999.63,4426
2024-07-04 07:00:00+00:00,550.376,551.816,550.316,551.386,85583999.63,4427
2024-07-04 08:00:00+00:00,550.376,551.816,550.316,551.386,85583999.63,4428
2024-07-04 09:00:00+00:00,550.376,551.816,550.316,551.386,85583999.63,4429
2024-07-04 10:00:00+00:00,550.376,551.816,550.316,551.386,85583999.63,4430
2024-07-04 11:00:00+00:00,550.376,551.816,550.316,551.386,85583999.63,4431
2024-07-04 12:00:00+00:00,550.376,551.816,550.316,551.386,85583999.63,4432
2024-07-04 13:00:00+00:00,550.376,551.816,550.316,551.386,85583999.63,4433
2024-07-04 14:00:00+00:00,550.376,551.816,550.316,551.386,85583999.63,4434
2024-07-04 15:00:00+00:00,550.376,551.816,550.316,551.386,85583999.63,4435
2024-07-04 16:00:00+00:00,550.376,551.816,550.316,551.386,85583999.63,4436
2024-07-04 17:00:00+00:00,550.376,551.816,550.316,551.386,85583999.63,4437
2024-07-04 18:00:00+00:00,550.376,551.816,550.316,551.386,85583999.63,4438
2024-07-04 19:00:00+00:00,550.376,551.816,550.316,551.386,85583999.63,4439
2024-07-04 20:00:00+00:00,550.376,551.816,550.316,551.386,85583999.63,4440
2024-07-04 21:00:00+00:00,550.376,551.816,550.316,551.386,85583999.63,4441
2024-07-04 22:00:00+00:00,550.376,551.816,550.316,551.386,85583999.63,4442
2024-07-04 23:00:00+00:00,550.376,551.816,550.316,551.386,85583999.63,4443
2024-07-05 00:00:00+00:00,550.376,551.816,550.316,551.386,85583999.63,4444
2024-07-05 01:00:00+00:00,550.376,551.816,550.316,551.386,85583999.63,4445
2024-07-05 02:00:00+00:00,550.376,551.816,550.316,551.386,85583999.63,4446
2024-07-05 03:00:00+00:00,550.376,551.816,550.316,551.386,85583999.63,4447
2024-07-05 04:00:00+00:00,550.376,551.816,550.316,551.386,85583999.63,4448
2024-07-05 05:00:00+00:00,550.376,551.816,550.316,551.386,85583999.63,4449
2024-07-05 06:00:00+00:00,550.376,551.816,550.316,551.386,85583999.63,4450
2024-07-05 07:00:00+00:00,550.376,551.816,550.316,551.386,85583999.63,4451
2024-07-05 08:00:00+00:00,550.376,551.816,550.316,551.386,85583999.63,4452
2024-07-05 09:00:00+00:00,550.376,551.816,550.316,551.386,85583999.63,4453
2024-07-05 10:00:00+00:00,550.376,551.816,550.316,551.386,85583999.63,4454
2024-07-05 11:00:00+00:00,550.376,551.816,550.316,551.386,85583999.63,4455
2024-07-05 12:00:00+00:00,550.376,551.816,550.316,551.386,85583999.63,4456
2024-07-05 13:00:00+00:00,551.747,552.527,551.366,552.527,110496002.2,4457
2024-07-05 14:00:00+00:00,552.537,552.837,551.097,552.347,160800003.05,4458
2024-07-05 15:00:00+00:00,552.336,553.707,552.076,553.516,97788002.01,4459
2024-07-05 16:00:00+00:00,553.526,553.737,553.076,553.496,68891998.29,4460
2024-07-05 17:00:00+00:00,553.487,554.507,553.266,554.267,73452003.48,4461
2024-07-05 18:00:00+00:00,554.276,554.417,553.837,554.346,68832000.73,4462
2024-07-05 19:00:00+00:00,554.336,555.036,554.236,554.686,72288002.01,4463
2024-07-05 20:00:00+00:00,554.336,555.036,554.236,554.686,72288002.01,4464
2024-07-05 21:00:00+00:00,554.336,555.036,554.236,554.686,72288002.01,4465
2024-07-05 22:00:00+00:00,554.336,555.036,554.236,554.686,72288002.01,4466
2024-07-05 23:00:00+00:00,554.336,555.036,554.236,554.686,72288002.01,4467
2024-07-06 00:00:00+00:00,554.336,555.036,554.236,554.686,72288002.01,4468
2024-07-06 01:00:00+00:00,554.336,555.036,554.236,554.686,72288002.01,4469
2024-07-06 02:00:00+00:00,554.336,555.036,554.236,554.686,72288002.01,4470
2024-07-06 03:00:00+00:00,554.336,555.036,554.236,554.686,72288002.01,4471
2024-07-06 04:00:00+00:00,554.336,555.036,554.236,554.686,72288002.01,4472
2024-07-06 05:00:00+00:00,554.336,555.036,554.236,554.686,72288002.01,4473
2024-07-06 06:00:00+00:00,554.336,555.036,554.236,554.686,72288002.01,4474
2024-07-06 07:00:00+00:00,554.336,555.036,554.236,554.686,72288002.01,4475
2024-07-06 08:00:00+00:00,554.336,555.036,554.236,554.686,72288002.01,4476
2024-07-06 09:00:00+00:00,554.336,555.036,554.236,554.686,72288002.01,4477
2024-07-06 10:00:00+00:00,554.336,555.036,554.236,554.686,72288002.01,4478
2024-07-06 11:00:00+00:00,554.336,555.036,554.236,554.686,72288002.01,4479
2024-07-06 12:00:00+00:00,554.336,555.036,554.236,554.686,72288002.01,4480
2024-07-06 13:00:00+00:00,554.336,555.036,554.236,554.686,72288002.01,4481
2024-07-06 14:00:00+00:00,554.336,555.036,554.236,554.686,72288002.01,4482
2024-07-06 15:00:00+00:00,554.336,555.036,554.236,554.686,72288002.01,4483
2024-07-06 16:00:00+00:00,554.336,555.036,554.236,554.686,72288002.01,4484
2024-07-06 17:00:00+00:00,554.336,555.036,554.236,554.686,72288002.01,4485
2024-07-06 18:00:00+00:00,554.336,555.036,554.236,554.686,72288002.01,4486
2024-07-06 19:00:00+00:00,554.336,555.036,554.236,554.686,72288002.01,4487
2024-07-06 20:00:00+00:00,554.336,555.036,554.236,554.686,72288002.01,4488
2024-07-06 21:00:00+00:00,554.336,555.036,554.236,554.686,72288002.01,4489
2024-07-06 22:00:00+00:00,554.336,555.036,554.236,554.686,72288002.01,4490
2024-07-06 23:00:00+00:00,554.336,555.036,554.236,554.686,72288002.01,4491
2024-07-07 00:00:00+00:00,554.336,555.036,554.236,554.686,72288002.01,4492
2024-07-07 01:00:00+00:00,554.336,555.036,554.236,554.686,72288002.01,4493
2024-07-07 02:00:00+00:00,554.336,555.036,554.236,554.686,72288002.01,4494
2024-07-07 03:00:00+00:00,554.336,555.036,554.236,554.686,72288002.01,4495
2024-07-07 04:00:00+00:00,554.336,555.036,554.236,554.686,72288002.01,4496
2024-07-07 05:00:00+00:00,554.336,555.036,554.236,554.686,72288002.01,4497
2024-07-07 06:00:00+00:00,554.336,555.036,554.236,554.686,72288002.01,4498
2024-07-07 07:00:00+00:00,554.336,555.036,554.236,554.686,72288002.01,4499
2024-07-07 08:00:00+00:00,554.336,555.036,554.236,554.686,72288002.01,4500
2024-07-07 09:00:00+00:00,554.336,555.036,554.236,554.686,72288002.01,4501
2024-07-07 10:00:00+00:00,554.336,555.036,554.236,554.686,72288002.01,4502
2024-07-07 11:00:00+00:00,554.336,555.036,554.236,554.686,72288002.01,4503
2024-07-07 12:00:00+00:00,554.336,555.036,554.236,554.686,72288002.01,4504
2024-07-07 13:00:00+00:00,554.336,555.036,554.236,554.686,72288002.01,4505
2024-07-07 14:00:00+00:00,554.336,555.036,554.236,554.686,72288002.01,4506
2024-07-07 15:00:00+00:00,554.336,555.036,554.236,554.686,72288002.01,4507
2024-07-07 16:00:00+00:00,554.336,555.036,554.236,554.686,72288002.01,4508
2024-07-07 17:00:00+00:00,554.336,555.036,554.236,554.686,72288002.01,4509
2024-07-07 18:00:00+00:00,554.336,555.036,554.236,554.686,72288002.01,4510
2024-07-07 19:00:00+00:00,554.336,555.036,554.236,554.686,72288002.01,4511
2024-07-07 20:00:00+00:00,554.336,555.036,554.236,554.686,72288002.01,4512
2024-07-07 21:00:00+00:00,554.336,555.036,554.236,554.686,72288002.01,4513
2024-07-07 22:00:00+00:00,554.336,555.036,554.236,554.686,72288002.01,4514
2024-07-07 23:00:00+00:00,554.336,555.036,554.236,554.686,72288002.01,4515
2024-07-08 00:00:00+00:00,554.336,555.036,554.236,554.686,72288002.01,4516
2024-07-08 01:00:00+00:00,554.336,555.036,554.236,554.686,72288002.01,4517
2024-07-08 02:00:00+00:00,554.336,555.036,554.236,554.686,72288002.01,4518
2024-07-08 03:00:00+00:00,554.336,555.036,554.236,554.686,72288002.01,4519
2024-07-08 04:00:00+00:00,554.336,555.036,554.236,554.686,72288002.01,4520
2024-07-08 05:00:00+00:00,554.336,555.036,554.236,554.686,72288002.01,4521
2024-07-08 06:00:00+00:00,554.336,555.036,554.236,554.686,72288002.01,4522
2024-07-08 07:00:00+00:00,554.336,555.036,554.236,554.686,72288002.01,4523
2024-07-08 08:00:00+00:00,554.336,555.036,554.236,554.686,72288002.01,4524
2024-07-08 09:00:00+00:00,554.336,555.036,554.236,554.686,72288002.01,4525
2024-07-08 10:00:00+00:00,554.336,555.036,554.236,554.686,72288002.01,4526
2024-07-08 11:00:00+00:00,554.336,555.036,554.236,554.686,72288002.01,4527
2024-07-08 12:00:00+00:00,554.336,555.036,554.236,554.686,72288002.01,4528
2024-07-08 13:00:00+00:00,555.407,556.237,555.286,555.996,88452003.48,4529
2024-07-08 14:00:00+00:00,556.017,556.026,554.906,555.187,133835998.54,4530
2024-07-08 15:00:00+00:00,555.207,555.517,554.716,555.067,83940002.44,4531
2024-07-08 16:00:00+00:00,555.076,555.087,554.286,554.797,74027999.88,4532
2024-07-08 17:00:00+00:00,554.797,555.357,554.457,555.217,54276000.98,4533
2024-07-08 18:00:00+00:00,555.207,555.277,554.177,554.936,60599998.47,4534
2024-07-08 19:00:00+00:00,554.946,555.537,554.507,555.217,77664001.46,4535
2024-07-08 20:00:00+00:00,554.946,555.537,554.507,555.217,77664001.46,4536
2024-07-08 21:00:00+00:00,554.946,555.537,554.507,555.217,77664001.46,4537
2024-07-08 22:00:00+00:00,554.946,555.537,554.507,555.217,77664001.46,4538
2024-07-08 23:00:00+00:00,554.946,555.537,554.507,555.217,77664001.46,4539
2024-07-09 00:00:00+00:00,554.946,555.537,554.507,555.217,77664001.46,4540
2024-07-09 01:00:00+00:00,554.946,555.537,554.507,555.217,77664001.46,4541
2024-07-09 02:00:00+00:00,554.946,555.537,554.507,555.217,77664001.46,4542
2024-07-09 03:00:00+00:00,554.946,555.537,554.507,555.217,77664001.46,4543
2024-07-09 04:00:00+00:00,554.946,555.537,554.507,555.217,77664001.46,4544
2024-07-09 05:00:00+00:00,554.946,555.537,554.507,555.217,77664001.46,4545
2024-07-09 06:00:00+00:00,554.946,555.537,554.507,555.217,77664001.46,4546
2024-07-09 07:00:00+00:00,554.946,555.537,554.507,555.217,77664001.46,4547
2024-07-09 08:00:00+00:00,554.946,555.537,554.507,555.217,77664001.46,4548
2024-07-09 09:00:00+00:00,554.946,555.537,554.507,555.217,77664001.46,4549
2024-07-09 10:00:00+00:00,554.946,555.537,554.507,555.217,77664001.46,4550
2024-07-09 11:00:00+00:00,554.946,555.537,554.507,555.217,77664001.46,4551
2024-07-09 12:00:00+00:00,554.946,555.537,554.507,555.217,77664001.46,4552
2024-07-09 13:00:00+00:00,556.236,556.807,556.096,556.657,78599998.47,4553
2024-07-09 14:00:00+00:00,556.666,556.896,555.656,556.347,182783996.58,4554
2024-07-09 15:00:00+00:00,556.317,556.537,555.707,556.516,122496002.2,4555
2024-07-09 16:00:00+00:00,556.507,556.797,556.106,556.696,96564002.99,4556
2024-07-09 17:00:00+00:00,556.686,557.176,555.726,556.116,119580001.83,4557
2024-07-09 18:00:00+00:00,556.106,556.157,555.607,555.887,82356002.81,4558
2024-07-09 19:00:00+00:00,555.886,556.067,555.516,555.777,85884002.69,4559
2024-07-09 20:00:00+00:00,555.886,556.067,555.516,555.777,85884002.69,4560
2024-07-09 21:00:00+00:00,555.886,556.067,555.516,555.777,85884002.69,4561
2024-07-09 22:00:00+00:00,555.886,556.067,555.516,555.777,85884002.69,4562
2024-07-09 23:00:00+00:00,555.886,556.067,555.516,555.777,85884002.69,4563
2024-07-10 00:00:00+00:00,555.886,556.067,555.516,555.777,85884002.69,4564
2024-07-10 01:00:00+00:00,555.886,556.067,555.516,555.777,85884002.69,4565
2024-07-10 02:00:00+00:00,555.886,556.067,555.516,555.777,85884002.69,4566
2024-07-10 03:00:00+00:00,555.886,556.067,555.516,555.777,85884002.69,4567
2024-07-10 04:00:00+00:00,555.886,556.067,555.516,555.777,85884002.69,4568
2024-07-10 05:00:00+00:00,555.886,556.067,555.516,555.777,85884002.69,4569
2024-07-10 06:00:00+00:00,555.886,556.067,555.516,555.777,85884002.69,4570
2024-07-10 07:00:00+00:00,555.886,556.067,555.516,555.777,85884002.69,4571
2024-07-10 08:00:00+00:00,555.886,556.067,555.516,555.777,85884002.69,4572
2024-07-10 09:00:00+00:00,555.886,556.067,555.516,555.777,85884002.69,4573
2024-07-10 10:00:00+00:00,555.886,556.067,555.516,555.777,85884002.69,4574
2024-07-10 11:00:00+00:00,555.886,556.067,555.516,555.777,85884002.69,4575
2024-07-10 12:00:00+00:00,555.886,556.067,555.516,555.777,85884002.69,4576
2024-07-10 13:00:00+00:00,557.057,557.356,556.776,557.266,65760002.14,4577
2024-07-10 14:00:00+00:00,557.267,557.737,556.906,557.017,106428001.4,4578
2024-07-10 15:00:00+00:00,557.006,558.026,556.766,557.887,69335998.54,4579
2024-07-10 16:00:00+00:00,557.876,559.337,557.857,559.326,73907997.13,4580
2024-07-10 17:00:00+00:00,559.306,559.836,559.106,559.787,64524002.08,4581
2024-07-10 18:00:00+00:00,559.797,560.217,559.417,560.076,55007999.42,4582
2024-07-10 19:00:00+00:00,560.046,561.656,559.736,561.276,84671997.07,4583
2024-07-10 20:00:00+00:00,560.046,561.656,559.736,561.276,84671997.07,4584
2024-07-10 21:00:00+00:00,560.046,561.656,559.736,561.276,84671997.07,4585
2024-07-10 22:00:00+00:00,560.046,561.656,559.736,561.276,84671997.07,4586
2024-07-10 23:00:00+00:00,560.046,561.656,559.736,561.276,84671997.07,4587
2024-07-11 00:00:00+00:00,560.046,561.656,559.736,561.276,84671997.07,4588
2024-07-11 01:00:00+00:00,560.046,561.656,559.736,561.276,84671997.07,4589
2024-07-11 02:00:00+00:00,560.046,561.656,559.736,561.276,84671997.07,4590
2024-07-11 03:00:00+00:00,560.046,561.656,559.736,561.276,84671997.07,4591
2024-07-11 04:00:00+00:00,560.046,561.656,559.736,561.276,84671997.07,4592
2024-07-11 05:00:00+00:00,560.046,561.656,559.736,561.276,84671997.07,4593
2024-07-11 06:00:00+00:00,560.046,561.656,559.736,561.276,84671997.07,4594
2024-07-11 07:00:00+00:00,560.046,561.656,559.736,561.276,84671997.07,4595
2024-07-11 08:00:00+00:00,560.046,561.656,559.736,561.276,84671997.07,4596
2024-07-11 09:00:00+00:00,560.046,561.656,559.736,561.276,84671997.07,4597
2024-07-11 10:00:00+00:00,560.046,561.656,559.736,561.276,84671997.07,4598
2024-07-11 11:00:00+00:00,560.046,561.656,559.736,561.276,84671997.07,4599
2024-07-11 12:00:00+00:00,560.046,561.656,559.736,561.276,84671997.07,4600
2024-07-11 13:00:00+00:00,561.436,561.947,561.207,561.936,130031997.68,4601
2024-07-11 14:00:00+00:00,561.936,562.307,558.387,558.456,237731994.63,4602
2024-07-11 15:00:00+00:00,558.466,559.227,556.396,556.727,246408004.76,4603
2024-07-11 16:00:00+00:00,556.726,557.757,555.996,556.326,215460006.71,4604
2024-07-11 17:00:00+00:00,556.326,557.107,555.806,555.917,210671997.07,4605
2024-07-11 18:00:00+00:00,555.937,557.297,555.806,557.147,145811996.46,4606
2024-07-11 19:00:00+00:00,557.156,557.547,556.417,556.417,181128005.98,4607
2024-07-11 20:00:00+00:00,557.156,557.547,556.417,556.417,181128005.98,4608
2024-07-11 21:00:00+00:00,557.156,557.547,556.417,556.417,181128005.98,4609
2024-07-11 22:00:00+00:00,557.156,557.547,556.417,556.417,181128005.98,4610
2024-07-11 23:00:00+00:00,557.156,557.547,556.417,556.417,181128005.98,4611
2024-07-12 00:00:00+00:00,557.156,557.547,556.417,556.417,181128005.98,4612
2024-07-12 01:00:00+00:00,557.156,557.547,556.417,556.417,181128005.98,4613
2024-07-12 02:00:00+00:00,557.156,557.547,556.417,556.417,181128005.98,4614
2024-07-12 03:00:00+00:00,557.156,557.547,556.417,556.417,181128005.98,4615
2024-07-12 04:00:00+00:00,557.156,557.547,556.417,556.417,181128005.98,4616
2024-07-12 05:00:00+00:00,557.156,557.547,556.417,556.417,181128005.98,4617
2024-07-12 06:00:00+00:00,557.156,557.547,556.417,556.417,181128005.98,4618
2024-07-12 07:00:00+00:00,557.156,557.547,556.417,556.417,181128005.98,4619
2024-07-12 08:00:00+00:00,557.156,557.547,556.417,556.417,181128005.98,4620
2024-07-12 09:00:00+00:00,557.156,557.547,556.417,556.417,181128005.98,4621
2024-07-12 10:00:00+00:00,557.156,557.547,556.417,556.417,181128005.98,4622
2024-07-12 11:00:00+00:00,557.156,557.547,556.417,556.417,181128005.98,4623
2024-07-12 12:00:00+00:00,557.156,557.547,556.417,556.417,181128005.98,4624
2024-07-12 13:00:00+00:00,557.626,559.047,557.206,558.847,109164001.46,4625
2024-07-12 14:00:00+00:00,558.846,561.347,558.606,561.176,170363998.41,4626
2024-07-12 15:00:00+00:00,561.156,561.747,560.706,560.766,97559997.56,4627
2024-07-12 16:00:00+00:00,560.737,561.647,560.127,561.637,126491996.77,4628
2024-07-12 17:00:00+00:00,561.617,563.656,561.487,563.007,88152000.43,4629
2024-07-12 18:00:00+00:00,563.026,563.397,562.596,563.227,87767997.74,4630
2024-07-12 19:00:00+00:00,563.216,563.287,558.947,559.677,175811996.46,4631
2024-07-12 20:00:00+00:00,563.216,563.287,558.947,559.677,175811996.46,4632
2024-07-12 21:00:00+00:00,563.216,563.287,558.947,559.677,175811996.46,4633
2024-07-12 22:00:00+00:00,563.216,563.287,558.947,559.677,175811996.46,4634
2024-07-12 23:00:00+00:00,563.216,563.287,558.947,559.677,175811996.46,4635
2024-07-13 00:00:00+00:00,563.216,563.287,558.947,559.677,175811996.46,4636
2024-07-13 01:00:00+00:00,563.216,563.287,558.947,559.677,175811996.46,4637
2024-07-13 02:00:00+00:00,563.216,563.287,558.947,559.677,175811996.46,4638
2024-07-13 03:00:00+00:00,563.216,563.287,558.947,559.677,175811996.46,4639
2024-07-13 04:00:00+00:00,563.216,563.287,558.947,559.677,175811996.46,4640
2024-07-13 05:00:00+00:00,563.216,563.287,558.947,559.677,175811996.46,4641
2024-07-13 06:00:00+00:00,563.216,563.287,558.947,559.677,175811996.46,4642
2024-07-13 07:00:00+00:00,563.216,563.287,558.947,559.677,175811996.46,4643
2024-07-13 08:00:00+00:00,563.216,563.287,558.947,559.677,175811996.46,4644
2024-07-13 09:00:00+00:00,563.216,563.287,558.947,559.677,175811996.46,4645
2024-07-13 10:00:00+00:00,563.216,563.287,558.947,559.677,175811996.46,4646
2024-07-13 11:00:00+00:00,563.216,563.287,558.947,559.677,175811996.46,4647
2024-07-13 12:00:00+00:00,563.216,563.287,558.947,559.677,175811996.46,4648
2024-07-13 13:00:00+00:00,563.216,563.287,558.947,559.677,175811996.46,4649
2024-07-13 14:00:00+00:00,563.216,563.287,558.947,559.677,175811996.46,4650
2024-07-13 15:00:00+00:00,563.216,563.287,558.947,559.677,175811996.46,4651
2024-07-13 16:00:00+00:00,563.216,563.287,558.947,559.677,175811996.46,4652
2024-07-13 17:00:00+00:00,563.216,563.287,558.947,559.677,175811996.46,4653
2024-07-13 18:00:00+00:00,563.216,563.287,558.947,559.677,175811996.46,4654
2024-07-13 19:00:00+00:00,563.216,563.287,558.947,559.677,175811996.46,4655
2024-07-13 20:00:00+00:00,563.216,563.287,558.947,559.677,175811996.46,4656
2024-07-13 21:00:00+00:00,563.216,563.287,558.947,559.677,175811996.46,4657
2024-07-13 22:00:00+00:00,563.216,563.287,558.947,559.677,175811996.46,4658
2024-07-13 23:00:00+00:00,563.216,563.287,558.947,559.677,175811996.46,4659
2024-07-14 00:00:00+00:00,563.216,563.287,558.947,559.677,175811996.46,4660
2024-07-14 01:00:00+00:00,563.216,563.287,558.947,559.677,175811996.46,4661
2024-07-14 02:00:00+00:00,563.216,563.287,558.947,559.677,175811996.46,4662
2024-07-14 03:00:00+00:00,563.216,563.287,558.947,559.677,175811996.46,4663
2024-07-14 04:00:00+00:00,563.216,563.287,558.947,559.677,175811996.46,4664
2024-07-14 05:00:00+00:00,563.216,563.287,558.947,559.677,175811996.46,4665
2024-07-14 06:00:00+00:00,563.216,563.287,558.947,559.677,175811996.46,4666
2024-07-14 07:00:00+00:00,563.216,563.287,558.947,559.677,175811996.46,4667
2024-07-14 08:00:00+00:00,563.216,563.287,558.947,559.677,175811996.46,4668
2024-07-14 09:00:00+00:00,563.216,563.287,558.947,559.677,175811996.46,4669
2024-07-14 10:00:00+00:00,563.216,563.287,558.947,559.677,175811996.46,4670
2024-07-14 11:00:00+00:00,563.216,563.287,558.947,559.677,175811996.46,4671
2024-07-14 12:00:00+00:00,563.216,563.287,558.947,559.677,175811996.46,4672
2024-07-14 13:00:00+00:00,563.216,563.287,558.947,559.677,175811996.46,4673
2024-07-14 14:00:00+00:00,563.216,563.287,558.947,559.677,175811996.46,4674
2024-07-14 15:00:00+00:00,563.216,563.287,558.947,559.677,175811996.46,4675
2024-07-14 16:00:00+00:00,563.216,563.287,558.947,559.677,175811996.46,4676
2024-07-14 17:00:00+00:00,563.216,563.287,558.947,559.677,175811996.46,4677
2024-07-14 18:00:00+00:00,563.216,563.287,558.947,559.677,175811996.46,4678
2024-07-14 19:00:00+00:00,563.216,563.287,558.947,559.677,175811996.46,4679
2024-07-14 20:00:00+00:00,563.216,563.287,558.947,559.677,175811996.46,4680
2024-07-14 21:00:00+00:00,563.216,563.287,558.947,559.677,175811996.46,4681
2024-07-14 22:00:00+00:00,563.216,563.287,558.947,559.677,175811996.46,4682
2024-07-14 23:00:00+00:00,563.216,563.287,558.947,559.677,175811996.46,4683
2024-07-15 00:00:00+00:00,563.216,563.287,558.947,559.677,175811996.46,4684
2024-07-15 01:00:00+00:00,563.216,563.287,558.947,559.677,175811996.46,4685
2024-07-15 02:00:00+00:00,563.216,563.287,558.947,559.677,175811996.46,4686
2024-07-15 03:00:00+00:00,563.216,563.287,558.947,559.677,175811996.46,4687
2024-07-15 04:00:00+00:00,563.216,563.287,558.947,559.677,175811996.46,4688
2024-07-15 05:00:00+00:00,563.216,563.287,558.947,559.677,175811996.46,4689
2024-07-15 06:00:00+00:00,563.216,563.287,558.947,559.677,175811996.46,4690
2024-07-15 07:00:00+00:00,563.216,563.287,558.947,559.677,175811996.46,4691
2024-07-15 08:00:00+00:00,563.216,563.287,558.947,559.677,175811996.46,4692
2024-07-15 09:00:00+00:00,563.216,563.287,558.947,559.677,175811996.46,4693
2024-07-15 10:00:00+00:00,563.216,563.287,558.947,559.677,175811996.46,4694
2024-07-15 11:00:00+00:00,563.216,563.287,558.947,559.677,175811996.46,4695
2024-07-15 12:00:00+00:00,563.216,563.287,558.947,559.677,175811996.46,4696
2024-07-15 13:00:00+00:00,562.016,562.817,561.356,561.897,132432006.84,4697
2024-07-15 14:00:00+00:00,561.907,563.767,561.876,563.637,205895996.09,4698
2024-07-15 15:00:00+00:00,563.636,564.817,563.126,563.756,193475997.92,4699
2024-07-15 16:00:00+00:00,563.766,563.766,562.116,562.556,209460006.71,4700
2024-07-15 17:00:00+00:00,562.547,562.576,560.707,561.057,226272003.17,4701
2024-07-15 18:00:00+00:00,561.067,562.497,560.696,562.267,160488006.59,4702
2024-07-15 19:00:00+00:00,562.217,562.547,559.616,561.436,179016006.47,4703
2024-07-15 20:00:00+00:00,562.217,562.547,559.616,561.436,179016006.47,4704
2024-07-15 21:00:00+00:00,562.217,562.547,559.616,561.436,179016006.47,4705
2024-07-15 22:00:00+00:00,562.217,562.547,559.616,561.436,179016006.47,4706
2024-07-15 23:00:00+00:00,562.217,562.547,559.616,561.436,179016006.47,4707
2024-07-16 00:00:00+00:00,562.217,562.547,559.616,561.436,179016006.47,4708
2024-07-16 01:00:00+00:00,562.217,562.547,559.616,561.436,179016006.47,4709
2024-07-16 02:00:00+00:00,562.217,562.547,559.616,561.436,179016006.47,4710
2024-07-16 03:00:00+00:00,562.217,562.547,559.616,561.436,179016006.47,4711
2024-07-16 04:00:00+00:00,562.217,562.547,559.616,561.436,179016006.47,4712
2024-07-16 05:00:00+00:00,562.217,562.547,559.616,561.436,179016006.47,4713
2024-07-16 06:00:00+00:00,562.217,562.547,559.616,561.436,179016006.47,4714
2024-07-16 07:00:00+00:00,562.217,562.547,559.616,561.436,179016006.47,4715
2024-07-16 08:00:00+00:00,562.217,562.547,559.616,561.436,179016006.47,4716
2024-07-16 09:00:00+00:00,562.217,562.547,559.616,561.436,179016006.47,4717
2024-07-16 10:00:00+00:00,562.217,562.547,559.616,561.436,179016006.47,4718
2024-07-16 11:00:00+00:00,562.217,562.547,559.616,561.436,179016006.47,4719
2024-07-16 12:00:00+00:00,562.217,562.547,559.616,561.436,179016006.47,4720
2024-07-16 13:00:00+00:00,562.847,563.596,562.716,563.067,116508003.23,4721
2024-07-16 14:00:00+00:00,563.077,563.677,562.096,563.216,245772003.17,4722
2024-07-16 15:00:00+00:00,563.216,564.466,562.776,563.096,176111999.51,4723
2024-07-16 16:00:00+00:00,563.086,563.567,562.206,563.537,161003997.8,4724
2024-07-16 17:00:00+00:00,563.507,563.507,562.456,563.197,118739997.86,4725
2024-07-16 18:00:00+00:00,563.186,564.557,562.586,564.546,111828002.93,4726
2024-07-16 19:00:00+00:00,564.536,565.146,563.986,564.806,127596000.67,4727
2024-07-16 20:00:00+00:00,564.536,565.146,563.986,564.806,127596000.67,4728
2024-07-16 21:00:00+00:00,564.536,565.146,563.986,564.806,127596000.67,4729
2024-07-16 22:00:00+00:00,564.536,565.146,563.986,564.806,127596000.67,4730
2024-07-16 23:00:00+00:00,564.536,565.146,563.986,564.806,127596000.67,4731
2024-07-17 00:00:00+00:00,564.536,565.146,563.986,564.806,127596000.67,4732
2024-07-17 01:00:00+00:00,564.536,565.146,563.986,564.806,127596000.67,4733
2024-07-17 02:00:00+00:00,564.536,565.146,563.986,564.806,127596000.67,4734
2024-07-17 03:00:00+00:00,564.536,565.146,563.986,564.806,127596000.67,4735
2024-07-17 04:00:00+00:00,564.536,565.146,563.986,564.806,127596000.67,4736
2024-07-17 05:00:00+00:00,564.536,565.146,563.986,564.806,127596000.67,4737
2024-07-17 06:00:00+00:00,564.536,565.146,563.986,564.806,127596000.67,4738
2024-07-17 07:00:00+00:00,564.536,565.146,563.986,564.806,127596000.67,4739
2024-07-17 08:00:00+00:00,564.536,565.146,563.986,564.806,127596000.67,4740
2024-07-17 09:00:00+00:00,564.536,565.146,563.986,564.806,127596000.67,4741
2024-07-17 10:00:00+00:00,564.536,565.146,563.986,564.806,127596000.67,4742
2024-07-17 11:00:00+00:00,564.536,565.146,563.986,564.806,127596000.67,4743
2024-07-17 12:00:00+00:00,564.536,565.146,563.986,564.806,127596000.67,4744
2024-07-17 13:00:00+00:00,558.777,560.496,558.777,559.847,148248001.1,4745
2024-07-17 14:00:00+00:00,559.847,559.877,557.887,558.256,269687988.28,4746
2024-07-17 15:00:00+00:00,558.237,558.757,557.796,558.407,222552001.95,4747
2024-07-17 16:00:00+00:00,558.416,558.537,557.036,557.957,185856002.81,4748
2024-07-17 17:00:00+00:00,557.937,557.937,556.596,557.307,173639999.39,4749
2024-07-17 18:00:00+00:00,557.326,558.356,556.846,557.436,166764007.57,4750
2024-07-17 19:00:00+00:00,557.437,558.277,556.946,556.957,193296005.25,4751
2024-07-17 20:00:00+00:00,557.437,558.277,556.946,556.957,193296005.25,4752
2024-07-17 21:00:00+00:00,557.437,558.277,556.946,556.957,193296005.25,4753
2024-07-17 22:00:00+00:00,557.437,558.277,556.946,556.957,193296005.25,4754
2024-07-17 23:00:00+00:00,557.437,558.277,556.946,556.957,193296005.25,4755
2024-07-18 00:00:00+00:00,557.437,558.277,556.946,556.957,193296005.25,4756
2024-07-18 01:00:00+00:00,557.437,558.277,556.946,556.957,193296005.25,4757
2024-07-18 02:00:00+00:00,557.437,558.277,556.946,556.957,193296005.25,4758
2024-07-18 03:00:00+00:00,557.437,558.277,556.946,556.957,193296005.25,4759
2024-07-18 04:00:00+00:00,557.437,558.277,556.946,556.957,193296005.25,4760
2024-07-18 05:00:00+00:00,557.437,558.277,556.946,556.957,193296005.25,4761
2024-07-18 06:00:00+00:00,557.437,558.277,556.946,556.957,193296005.25,4762
2024-07-18 07:00:00+00:00,557.437,558.277,556.946,556.957,193296005.25,4763
2024-07-18 08:00:00+00:00,557.437,558.277,556.946,556.957,193296005.25,4764
2024-07-18 09:00:00+00:00,557.437,558.277,556.946,556.957,193296005.25,4765
2024-07-18 10:00:00+00:00,557.437,558.277,556.946,556.957,193296005.25,4766
2024-07-18 11:00:00+00:00,557.437,558.277,556.946,556.957,193296005.25,4767
2024-07-18 12:00:00+00:00,557.437,558.277,556.946,556.957,193296005.25,4768
2024-07-18 13:00:00+00:00,558.476,558.877,557.676,558.826,129335998.54,4769
2024-07-18 14:00:00+00:00,558.827,559.517,555.626,556.856,283067993.16,4770
2024-07-18 15:00:00+00:00,556.857,557.117,552.736,552.926,273816009.52,4771
2024-07-18 16:00:00+00:00,552.917,554.297,552.377,554.286,209147995.0,4772
2024-07-18 17:00:00+00:00,554.256,554.927,553.446,553.646,183912002.56,4773
2024-07-18 18:00:00+00:00,553.677,553.726,551.416,552.377,198563995.36,4774
2024-07-18 19:00:00+00:00,552.366,553.817,550.426,552.696,256283996.58,4775
2024-07-18 20:00:00+00:00,552.366,553.817,550.426,552.696,256283996.58,4776
2024-07-18 21:00:00+00:00,552.366,553.817,550.426,552.696,256283996.58,4777
2024-07-18 22:00:00+00:00,552.366,553.817,550.426,552.696,256283996.58,4778
2024-07-18 23:00:00+00:00,552.366,553.817,550.426,552.696,256283996.58,4779
2024-07-19 00:00:00+00:00,552.366,553.817,550.426,552.696,256283996.58,4780
2024-07-19 01:00:00+00:00,552.366,553.817,550.426,552.696,256283996.58,4781
2024-07-19 02:00:00+00:00,552.366,553.817,550.426,552.696,256283996.58,4782
2024-07-19 03:00:00+00:00,552.366,553.817,550.426,552.696,256283996.58,4783
2024-07-19 04:00:00+00:00,552.366,553.817,550.426,552.696,256283996.58,4784
2024-07-19 05:00:00+00:00,552.366,553.817,550.426,552.696,256283996.58,4785
2024-07-19 06:00:00+00:00,552.366,553.817,550.426,552.696,256283996.58,4786
2024-07-19 07:00:00+00:00,552.366,553.817,550.426,552.696,256283996.58,4787
2024-07-19 08:00:00+00:00,552.366,553.817,550.426,552.696,256283996.58,4788
2024-07-19 09:00:00+00:00,552.366,553.817,550.426,552.696,256283996.58,4789
2024-07-19 10:00:00+00:00,552.366,553.817,550.426,552.696,256283996.58,4790
2024-07-19 11:00:00+00:00,552.366,553.817,550.426,552.696,256283996.58,4791
2024-07-19 12:00:00+00:00,552.366,553.817,550.426,552.696,256283996.58,4792
2024-07-19 13:00:00+00:00,552.326,554.056,551.797,552.956,160296005.25,4793
2024-07-19 14:00:00+00:00,552.967,553.277,550.636,551.106,299808013.92,4794
2024-07-19 15:00:00+00:00,551.126,551.977,549.206,551.047,246839996.34,4795
2024-07-19 16:00:00+00:00,551.036,551.476,548.906,549.336,220992004.39,4796
2024-07-19 17:00:00+00:00,549.316,549.427,547.887,549.406,197975997.92,4797
2024-07-19 18:00:00+00:00,549.367,549.707,548.007,549.107,186468002.32,4798
2024-07-19 19:00:00+00:00,549.116,550.447,548.146,548.996,228636001.59,4799
2024-07-19 20:00:00+00:00,549.116,550.447,548.146,548.996,228636001.59,4800
2024-07-19 21:00:00+00:00,549.116,550.447,548.146,548.996,228636001.59,4801
2024-07-19 22:00:00+00:00,549.116,550.447,548.146,548.996,228636001.59,4802
2024-07-19 23:00:00+00:00,549.116,550.447,548.146,548.996,228636001.59,4803
2024-07-20 00:00:00+00:00,549.116,550.447,548.146,548.996,228636001.59,4804
2024-07-20 01:00:00+00:00,549.116,550.447,548.146,548.996,228636001.59,4805
2024-07-20 02:00:00+00:00,549.116,550.447,548.146,548.996,228636001.59,4806
2024-07-20 03:00:00+00:00,549.116,550.447,548.146,548.996,228636001.59,4807
2024-07-20 04:00:00+00:00,549.116,550.447,548.146,548.996,228636001.59,4808
2024-07-20 05:00:00+00:00,549.116,550.447,548.146,548.996,228636001.59,4809
2024-07-20 06:00:00+00:00,549.116,550.447,548.146,548.996,228636001.59,4810
2024-07-20 07:00:00+00:00,549.116,550.447,548.146,548.996,228636001.59,4811
2024-07-20 08:00:00+00:00,549.116,550.447,548.146,548.996,228636001.59,4812
2024-07-20 09:00:00+00:00,549.116,550.447,548.146,548.996,228636001.59,4813
2024-07-20 10:00:00+00:00,549.116,550.447,548.146,548.996,228636001.59,4814
2024-07-20 11:00:00+00:00,549.116,550.447,548.146,548.996,228636001.59,4815
2024-07-20 12:00:00+00:00,549.116,550.447,548.146,548.996,228636001.59,4816
2024-07-20 13:00:00+00:00,549.116,550.447,548.146,548.996,228636001.59,4817
2024-07-20 14:00:00+00:00,549.116,550.447,548.146,548.996,228636001.59,4818
2024-07-20 15:00:00+00:00,549.116,550.447,548.146,548.996,228636001.59,4819
2024-07-20 16:00:00+00:00,549.116,550.447,548.146,548.996,228636001.59,4820
2024-07-20 17:00:00+00:00,549.116,550.447,548.146,548.996,228636001.59,4821
2024-07-20 18:00:00+00:00,549.116,550.447,548.146,548.996,228636001.59,4822
2024-07-20 19:00:00+00:00,549.116,550.447,548.146,548.996,228636001.59,4823
2024-07-20 20:00:00+00:00,549.116,550.447,548.146,548.996,228636001.59,4824
2024-07-20 21:00:00+00:00,549.116,550.447,548.146,548.996,228636001.59,4825
2024-07-20 22:00:00+00:00,549.116,550.447,548.146,548.996,228636001.59,4826
2024-07-20 23:00:00+00:00,549.116,550.447,548.146,548.996,228636001.59,4827
2024-07-21 00:00:00+00:00,549.116,550.447,548.146,548.996,228636001.59,4828
2024-07-21 01:00:00+00:00,549.116,550.447,548.146,548.996,228636001.59,4829
2024-07-21 02:00:00+00:00,549.116,550.447,548.146,548.996,228636001.59,4830
2024-07-21 03:00:00+00:00,549.116,550.447,548.146,548.996,228636001.59,4831
2024-07-21 04:00:00+00:00,549.116,550.447,548.146,548.996,228636001.59,4832
2024-07-21 05:00:00+00:00,549.116,550.447,548.146,548.996,228636001.59,4833
2024-07-21 06:00:00+00:00,549.116,550.447,548.146,548.996,228636001.59,4834
2024-07-21 07:00:00+00:00,549.116,550.447,548.146,548.996,228636001.59,4835
2024-07-21 08:00:00+00:00,549.116,550.447,548.146,548.996,228636001.59,4836
2024-07-21 09:00:00+00:00,549.116,550.447,548.146,548.996,228636001.59,4837
2024-07-21 10:00:00+00:00,549.116,550.447,548.146,548.996,228636001.59,4838
2024-07-21 11:00:00+00:00,549.116,550.447,548.146,548.996,228636001.59,4839
2024-07-21 12:00:00+00:00,549.116,550.447,548.146,548.996,228636001.59,4840
2024-07-21 13:00:00+00:00,549.116,550.447,548.146,548.996,228636001.59,4841
2024-07-21 14:00:00+00:00,549.116,550.447,548.146,548.996,228636001.59,4842
2024-07-21 15:00:00+00:00,549.116,550.447,548.146,548.996,228636001.59,4843
2024-07-21 16:00:00+00:00,549.116,550.447,548.146,548.996,228636001.59,4844
2024-07-21 17:00:00+00:00,549.116,550.447,548.146,548.996,228636001.59,4845
2024-07-21 18:00:00+00:00,549.116,550.447,548.146,548.996,228636001.59,4846
2024-07-21 19:00:00+00:00,549.116,550.447,548.146,548.996,228636001.59,4847
2024-07-21 20:00:00+00:00,549.116,550.447,548.146,548.996,228636001.59,4848
2024-07-21 21:00:00+00:00,549.116,550.447,548.146,548.996,228636001.59,4849
2024-07-21 22:00:00+00:00,549.116,550.447,548.146,548.996,228636001.59,4850
2024-07-21 23:00:00+00:00,549.116,550.447,548.146,548.996,228636001.59,4851
2024-07-22 00:00:00+00:00,549.116,550.447,548.146,548.996,228636001.59,4852
2024-07-22 01:00:00+00:00,549.116,550.447,548.146,548.996,228636001.59,4853
2024-07-22 02:00:00+00:00,549.116,550.447,548.146,548.996,228636001.59,4854
2024-07-22 03:00:00+00:00,549.116,550.447,548.146,548.996,228636001.59,4855
2024-07-22 04:00:00+00:00,549.116,550.447,548.146,548.996,228636001.59,4856
2024-07-22 05:00:00+00:00,549.116,550.447,548.146,548.996,228636001.59,4857
2024-07-22 06:00:00+00:00,549.116,550.447,548.146,548.996,228636001.59,4858
2024-07-22 07:00:00+00:00,549.116,550.447,548.146,548.996,228636001.59,4859
2024-07-22 08:00:00+00:00,549.116,550.447,548.146,548.996,228636001.59,4860
2024-07-22 09:00:00+00:00,549.116,550.447,548.146,548.996,228636001.59,4861
2024-07-22 10:00:00+00:00,549.116,550.447,548.146,548.996,228636001.59,4862
2024-07-22 11:00:00+00:00,549.116,550.447,548.146,548.996,228636001.59,4863
2024-07-22 12:00:00+00:00,549.116,550.447,548.146,548.996,228636001.59,4864
2024-07-22 13:00:00+00:00,552.967,554.396,552.257,552.637,140220001.22,4865
2024-07-22 14:00:00+00:00,552.657,554.406,551.336,553.766,285708007.81,4866
2024-07-22 15:00:00+00:00,553.767,554.456,551.006,551.736,284868011.47,4867
2024-07-22 16:00:00+00:00,551.716,553.757,551.276,553.527,183899993.9,4868
2024-07-22 17:00:00+00:00,553.546,554.847,553.546,554.517,160488006.59,4869
2024-07-22 18:00:00+00:00,554.526,555.257,554.156,554.806,130223999.02,4870
2024-07-22 19:00:00+00:00,554.827,555.137,554.137,554.586,180035995.48,4871
2024-07-22 20:00:00+00:00,554.827,555.137,554.137,554.586,180035995.48,4872
2024-07-22 21:00:00+00:00,554.827,555.137,554.137,554.586,180035995.48,4873
2024-07-22 22:00:00+00:00,554.827,555.137,554.137,554.586,180035995.48,4874
2024-07-22 23:00:00+00:00,554.827,555.137,554.137,554.586,180035995.48,4875
2024-07-23 00:00:00+00:00,554.827,555.137,554.137,554.586,180035995.48,4876
2024-07-23 01:00:00+00:00,554.827,555.137,554.137,554.586,180035995.48,4877
2024-07-23 02:00:00+00:00,554.827,555.137,554.137,554.586,180035995.48,4878
2024-07-23 03:00:00+00:00,554.827,555.137,554.137,554.586,180035995.48,4879
2024-07-23 04:00:00+00:00,554.827,555.137,554.137,554.586,180035995.48,4880
2024-07-23 05:00:00+00:00,554.827,555.137,554.137,554.586,180035995.48,4881
2024-07-23 06:00:00+00:00,554.827,555.137,554.137,554.586,180035995.48,4882
2024-07-23 07:00:00+00:00,554.827,555.137,554.137,554.586,180035995.48,4883
2024-07-23 08:00:00+00:00,554.827,555.137,554.137,554.586,180035995.48,4884
2024-07-23 09:00:00+00:00,554.827,555.137,554.137,554.586,180035995.48,4885
2024-07-23 10:00:00+00:00,554.827,555.137,554.137,554.586,180035995.48,4886
2024-07-23 11:00:00+00:00,554.827,555.137,554.137,554.586,180035995.48,4887
2024-07-23 12:00:00+00:00,554.827,555.137,554.137,554.586,180035995.48,4888
2024-07-23 13:00:00+00:00,554.477,555.797,554.126,555.507,133955993.65,4889
2024-07-23 14:00:00+00:00,555.537,556.407,554.256,554.907,245304000.85,4890
2024-07-23 15:00:00+00:00,554.917,556.727,554.867,556.186,172632003.78,4891
2024-07-23 16:00:00+00:00,556.197,556.347,554.157,554.606,195792007.45,4892
2024-07-23 17:00:00+00:00,554.597,555.347,554.186,555.237,170423995.97,4893
2024-07-23 18:00:00+00:00,555.217,555.537,554.516,555.086,128436004.64,4894
2024-07-23 19:00:00+00:00,555.067,555.327,553.266,553.726,142475997.92,4895
2024-07-23 20:00:00+00:00,555.067,555.327,553.266,553.726,142475997.92,4896
2024-07-23 21:00:00+00:00,555.067,555.327,553.266,553.726,142475997.92,4897
2024-07-23 22:00:00+00:00,555.067,555.327,553.266,553.726,142475997.92,4898
2024-07-23 23:00:00+00:00,555.067,555.327,553.266,553.726,142475997.92,4899
2024-07-24 00:00:00+00:00,555.067,555.327,553.266,553.726,142475997.92,4900
2024-07-24 01:00:00+00:00,555.067,555.327,553.266,553.726,142475997.92,4901
2024-07-24 02:00:00+00:00,555.067,555.327,553.266,553.726,142475997.92,4902
2024-07-24 03:00:00+00:00,555.067,555.327,553.266,553.726,142475997.92,4903
2024-07-24 04:00:00+00:00,555.067,555.327,553.266,553.726,142475997.92,4904
2024-07-24 05:00:00+00:00,555.067,555.327,553.266,553.726,142475997.92,4905
2024-07-24 06:00:00+00:00,555.067,555.327,553.266,553.726,142475997.92,4906
2024-07-24 07:00:00+00:00,555.067,555.327,553.266,553.726,142475997.92,4907
2024-07-24 08:00:00+00:00,555.067,555.327,553.266,553.726,142475997.92,4908
2024-07-24 09:00:00+00:00,555.067,555.327,553.266,553.726,142475997.92,4909
2024-07-24 10:00:00+00:00,555.067,555.327,553.266,553.726,142475997.92,4910
2024-07-24 11:00:00+00:00,555.067,555.327,553.266,553.726,142475997.92,4911
2024-07-24 12:00:00+00:00,555.067,555.327,553.266,553.726,142475997.92,4912
2024-07-24 13:00:00+00:00,548.806,549.147,546.316,546.736,138731994.63,4913
2024-07-24 14:00:00+00:00,546.736,546.887,545.267,545.607,240395996.09,4914
2024-07-24 15:00:00+00:00,545.597,545.667,544.166,544.356,176964004.52,4915
2024-07-24 16:00:00+00:00,544.376,544.907,543.626,543.877,186132003.78,4916
2024-07-24 17:00:00+00:00,543.897,545.017,543.736,543.866,151944000.24,4917
2024-07-24 18:00:00+00:00,543.886,544.177,541.786,542.456,156444000.24,4918
2024-07-24 19:00:00+00:00,542.437,542.887,540.287,541.187,207156005.86,4919
2024-07-24 20:00:00+00:00,542.437,542.887,540.287,541.187,207156005.86,4920
2024-07-24 21:00:00+00:00,542.437,542.887,540.287,541.187,207156005.86,4921
2024-07-24 22:00:00+00:00,542.437,542.887,540.287,541.187,207156005.86,4922
2024-07-24 23:00:00+00:00,542.437,542.887,540.287,541.187,207156005.86,4923
2024-07-25 00:00:00+00:00,542.437,542.887,540.287,541.187,207156005.86,4924
2024-07-25 01:00:00+00:00,542.437,542.887,540.287,541.187,207156005.86,4925
2024-07-25 02:00:00+00:00,542.437,542.887,540.287,541.187,207156005.86,4926
2024-07-25 03:00:00+00:00,542.437,542.887,540.287,541.187,207156005.86,4927
2024-07-25 04:00:00+00:00,542.437,542.887,540.287,541.187,207156005.86,4928
2024-07-25 05:00:00+00:00,542.437,542.887,540.287,541.187,207156005.86,4929
2024-07-25 06:00:00+00:00,542.437,542.887,540.287,541.187,207156005.86,4930
2024-07-25 07:00:00+00:00,542.437,542.887,540.287,541.187,207156005.86,4931
2024-07-25 08:00:00+00:00,542.437,542.887,540.287,541.187,207156005.86,4932
2024-07-25 09:00:00+00:00,542.437,542.887,540.287,541.187,207156005.86,4933
2024-07-25 10:00:00+00:00,542.437,542.887,540.287,541.187,207156005.86,4934
2024-07-25 11:00:00+00:00,542.437,542.887,540.287,541.187,207156005.86,4935
2024-07-25 12:00:00+00:00,542.437,542.887,540.287,541.187,207156005.86,4936
2024-07-25 13:00:00+00:00,541.346,541.597,539.587,539.846,175692001.34,4937
2024-07-25 14:00:00+00:00,539.857,542.807,537.436,542.786,324407989.5,4938
2024-07-25 15:00:00+00:00,542.807,544.617,542.076,543.957,265523986.82,4939
2024-07-25 16:00:00+00:00,543.946,546.626,543.296,546.097,236339996.34,4940
2024-07-25 17:00:00+00:00,546.116,547.446,544.096,544.616,226500000.0,4941
2024-07-25 18:00:00+00:00,544.627,544.657,540.506,540.797,233244003.3,4942
2024-07-25 19:00:00+00:00,540.787,543.657,538.117,538.347,270384002.69,4943
2024-07-25 20:00:00+00:00,540.787,543.657,538.117,538.347,270384002.69,4944
2024-07-25 21:00:00+00:00,540.787,543.657,538.117,538.347,270384002.69,4945
2024-07-25 22:00:00+00:00,540.787,543.657,538.117,538.347,270384002.69,4946
2024-07-25 23:00:00+00:00,540.787,543.657,538.117,538.347,270384002.69,4947
2024-07-26 00:00:00+00:00,540.787,543.657,538.117,538.347,270384002.69,4948
2024-07-26 01:00:00+00:00,540.787,543.657,538.117,538.347,270384002.69,4949
2024-07-26 02:00:00+00:00,540.787,543.657,538.117,538.347,270384002.69,4950
2024-07-26 03:00:00+00:00,540.787,543.657,538.117,538.347,270384002.69,4951
2024-07-26 04:00:00+00:00,540.787,543.657,538.117,538.347,270384002.69,4952
2024-07-26 05:00:00+00:00,540.787,543.657,538.117,538.347,270384002.69,4953
2024-07-26 06:00:00+00:00,540.787,543.657,538.117,538.347,270384002.69,4954
2024-07-26 07:00:00+00:00,540.787,543.657,538.117,538.347,270384002.69,4955
2024-07-26 08:00:00+00:00,540.787,543.657,538.117,538.347,270384002.69,4956
2024-07-26 09:00:00+00:00,540.787,543.657,538.117,538.347,270384002.69,4957
2024-07-26 10:00:00+00:00,540.787,543.657,538.117,538.347,270384002.69,4958
2024-07-26 11:00:00+00:00,540.787,543.657,538.117,538.347,270384002.69,4959
2024-07-26 12:00:00+00:00,540.787,543.657,538.117,538.347,270384002.69,4960
2024-07-26 13:00:00+00:00,542.286,543.167,541.466,542.876,155171997.07,4961
2024-07-26 14:00:00+00:00,542.817,544.597,541.646,543.406,309696014.4,4962
2024-07-26 15:00:00+00:00,543.416,544.947,542.777,544.827,226848007.2,4963
2024-07-26 16:00:00+00:00,544.847,546.867,544.747,546.726,179315994.26,4964
2024-07-26 17:00:00+00:00,546.737,547.167,544.007,544.927,214595993.04,4965
2024-07-26 18:00:00+00:00,544.926,545.437,543.367,543.566,191891998.29,4966
2024-07-26 19:00:00+00:00,543.566,545.056,542.726,544.306,229944000.24,4967
2024-07-26 20:00:00+00:00,543.566,545.056,542.726,544.306,229944000.24,4968
2024-07-26 21:00:00+00:00,543.566,545.056,542.726,544.306,229944000.24,4969
2024-07-26 22:00:00+00:00,543.566,545.056,542.726,544.306,229944000.24,4970
2024-07-26 23:00:00+00:00,543.566,545.056,542.726,544.306,229944000.24,4971
2024-07-27 00:00:00+00:00,543.566,545.056,542.726,544.306,229944000.24,4972
2024-07-27 01:00:00+00:00,543.566,545.056,542.726,544.306,229944000.24,4973
2024-07-27 02:00:00+00:00,543.566,545.056,542.726,544.306,229944000.24,4974
2024-07-27 03:00:00+00:00,543.566,545.056,542.726,544.306,229944000.24,4975
2024-07-27 04:00:00+00:00,543.566,545.056,542.726,544.306,229944000.24,4976
2024-07-27 05:00:00+00:00,543.566,545.056,542.726,544.306,229944000.24,4977
2024-07-27 06:00:00+00:00,543.566,545.056,542.726,544.306,229944000.24,4978
2024-07-27 07:00:00+00:00,543.566,545.056,542.726,544.306,229944000.24,4979
2024-07-27 08:00:00+00:00,543.566,545.056,542.726,544.306,229944000.24,4980
2024-07-27 09:00:00+00:00,543.566,545.056,542.726,544.306,229944000.24,4981
2024-07-27 10:00:00+00:00,543.566,545.056,542.726,544.306,229944000.24,4982
2024-07-27 11:00:00+00:00,543.566,545.056,542.726,544.306,229944000.24,4983
2024-07-27 12:00:00+00:00,543.566,545.056,542.726,544.306,229944000.24,4984
2024-07-27 13:00:00+00:00,543.566,545.056,542.726,544.306,229944000.24,4985
2024-07-27 14:00:00+00:00,543.566,545.056,542.726,544.306,229944000.24,4986
2024-07-27 15:00:00+00:00,543.566,545.056,542.726,544.306,229944000.24,4987
2024-07-27 16:00:00+00:00,543.566,545.056,542.726,544.306,229944000.24,4988
2024-07-27 17:00:00+00:00,543.566,545.056,542.726,544.306,229944000.24,4989
2024-07-27 18:00:00+00:00,543.566,545.056,542.726,544.306,229944000.24,4990
2024-07-27 19:00:00+00:00,543.566,545.056,542.726,544.306,229944000.24,4991
2024-07-27 20:00:00+00:00,543.566,545.056,542.726,544.306,229944000.24,4992
2024-07-27 21:00:00+00:00,543.566,545.056,542.726,544.306,229944000.24,4993
2024-07-27 22:00:00+00:00,543.566,545.056,542.726,544.306,229944000.24,4994
2024-07-27 23:00:00+00:00,543.566,545.056,542.726,544.306,229944000.24,4995
2024-07-28 00:00:00+00:00,543.566,545.056,542.726,544.306,229944000.24,4996
2024-07-28 01:00:00+00:00,543.566,545.056,542.726,544.306,229944000.24,4997
2024-07-28 02:00:00+00:00,543.566,545.056,542.726,544.306,229944000.24,4998
2024-07-28 03:00:00+00:00,543.566,545.056,542.726,544.306,229944000.24,4999
2024-07-28 04:00:00+00:00,543.566,545.056,542.726,544.306,229944000.24,5000
2024-07-28 05:00:00+00:00,543.566,545.056,542.726,544.306,229944000.24,5001
2024-07-28 06:00:00+00:00,543.566,545.056,542.726,544.306,229944000.24,5002
2024-07-28 07:00:00+00:00,543.566,545.056,542.726,544.306,229944000.24,5003
2024-07-28 08:00:00+00:00,543.566,545.056,542.726,544.306,229944000.24,5004
2024-07-28 09:00:00+00:00,543.566,545.056,542.726,544.306,229944000.24,5005
2024-07-28 10:00:00+00:00,543.566,545.056,542.726,544.306,229944000.24,5006
2024-07-28 11:00:00+00:00,543.566,545.056,542.726,544.306,229944000.24,5007
2024-07-28 12:00:00+00:00,543.566,545.056,542.726,544.306,229944000.24,5008
2024-07-28 13:00:00+00:00,543.566,545.056,542.726,544.306,229944000.24,5009
2024-07-28 14:00:00+00:00,543.566,545.056,542.726,544.306,229944000.24,5010
2024-07-28 15:00:00+00:00,543.566,545.056,542.726,544.306,229944000.24,5011
2024-07-28 16:00:00+00:00,543.566,545.056,542.726,544.306,229944000.24,5012
2024-07-28 17:00:00+00:00,543.566,545.056,542.726,544.306,229944000.24,5013
2024-07-28 18:00:00+00:00,543.566,545.056,542.726,544.306,229944000.24,5014
2024-07-28 19:00:00+00:00,543.566,545.056,542.726,544.306,229944000.24,5015
2024-07-28 20:00:00+00:00,543.566,545.056,542.726,544.306,229944000.24,5016
2024-07-28 21:00:00+00:00,543.566,545.056,542.726,544.306,229944000.24,5017
2024-07-28 22:00:00+00:00,543.566,545.056,542.726,544.306,229944000.24,5018
2024-07-28 23:00:00+00:00,543.566,545.056,542.726,544.306,229944000.24,5019
2024-07-29 00:00:00+00:00,543.566,545.056,542.726,544.306,229944000.24,5020
2024-07-29 01:00:00+00:00,543.566,545.056,542.726,544.306,229944000.24,5021
2024-07-29 02:00:00+00:00,543.566,545.056,542.726,544.306,229944000.24,5022
2024-07-29 03:00:00+00:00,543.566,545.056,542.726,544.306,229944000.24,5023
2024-07-29 04:00:00+00:00,543.566,545.056,542.726,544.306,229944000.24,5024
2024-07-29 05:00:00+00:00,543.566,545.056,542.726,544.306,229944000.24,5025
2024-07-29 06:00:00+00:00,543.566,545.056,542.726,544.306,229944000.24,5026
2024-07-29 07:00:00+00:00,543.566,545.056,542.726,544.306,229944000.24,5027
2024-07-29 08:00:00+00:00,543.566,545.056,542.726,544.306,229944000.24,5028
2024-07-29 09:00:00+00:00,543.566,545.056,542.726,544.306,229944000.24,5029
2024-07-29 10:00:00+00:00,543.566,545.056,542.726,544.306,229944000.24,5030
2024-07-29 11:00:00+00:00,543.566,545.056,542.726,544.306,229944000.24,5031
2024-07-29 12:00:00+00:00,543.566,545.056,542.726,544.306,229944000.24,5032
2024-07-29 13:00:00+00:00,545.996,546.637,544.727,546.606,171516006.47,5033
2024-07-29 14:00:00+00:00,546.627,547.027,544.266,544.337,310152008.06,5034
2024-07-29 15:00:00+00:00,544.327,545.797,542.707,545.607,276252014.16,5035
2024-07-29 16:00:00+00:00,545.626,546.767,545.587,546.217,235175994.87,5036
2024-07-29 17:00:00+00:00,546.227,547.037,544.957,545.446,220643997.19,5037
2024-07-29 18:00:00+00:00,545.467,545.476,544.447,545.127,221628005.98,5038
2024-07-29 19:00:00+00:00,545.136,546.047,544.496,544.727,201132003.78,5039
2024-07-29 20:00:00+00:00,545.136,546.047,544.496,544.727,201132003.78,5040
2024-07-29 21:00:00+00:00,545.136,546.047,544.496,544.727,201132003.78,5041
2024-07-29 22:00:00+00:00,545.136,546.047,544.496,544.727,201132003.78,5042
2024-07-29 23:00:00+00:00,545.136,546.047,544.496,544.727,201132003.78,5043
2024-07-30 00:00:00+00:00,545.136,546.047,544.496,544.727,201132003.78,5044
2024-07-30 01:00:00+00:00,545.136,546.047,544.496,544.727,201132003.78,5045
2024-07-30 02:00:00+00:00,545.136,546.047,544.496,544.727,201132003.78,5046
2024-07-30 03:00:00+00:00,545.136,546.047,544.496,544.727,201132003.78,5047
2024-07-30 04:00:00+00:00,545.136,546.047,544.496,544.727,201132003.78,5048
2024-07-30 05:00:00+00:00,545.136,546.047,544.496,544.727,201132003.78,5049
2024-07-30 06:00:00+00:00,545.136,546.047,544.496,544.727,201132003.78,5050
2024-07-30 07:00:00+00:00,545.136,546.047,544.496,544.727,201132003.78,5051
2024-07-30 08:00:00+00:00,545.136,546.047,544.496,544.727,201132003.78,5052
2024-07-30 09:00:00+00:00,545.136,546.047,544.496,544.727,201132003.78,5053
2024-07-30 10:00:00+00:00,545.136,546.047,544.496,544.727,201132003.78,5054
2024-07-30 11:00:00+00:00,545.136,546.047,544.496,544.727,201132003.78,5055
2024-07-30 12:00:00+00:00,545.136,546.047,544.496,544.727,201132003.78,5056
2024-07-30 13:00:00+00:00,546.247,547.317,545.726,546.216,143591995.24,5057
2024-07-30 14:00:00+00:00,546.216,546.397,543.666,543.826,303324005.13,5058
2024-07-30 15:00:00+00:00,543.826,543.987,540.426,540.517,293220001.22,5059
2024-07-30 16:00:00+00:00,540.526,541.257,538.776,538.816,238080001.83,5060
2024-07-30 17:00:00+00:00,538.836,541.476,538.496,541.316,234576004.03,5061
2024-07-30 18:00:00+00:00,541.297,542.646,540.967,541.416,201479995.73,5062
2024-07-30 19:00:00+00:00,541.417,543.646,540.746,541.927,228276000.98,5063
2024-07-30 20:00:00+00:00,541.417,543.646,540.746,541.927,228276000.98,5064
2024-07-30 21:00:00+00:00,541.417,543.646,540.746,541.927,228276000.98,5065
2024-07-30 22:00:00+00:00,541.417,543.646,540.746,541.927,228276000.98,5066
2024-07-30 23:00:00+00:00,541.417,543.646,540.746,541.927,228276000.98,5067
2024-07-31 00:00:00+00:00,541.417,543.646,540.746,541.927,228276000.98,5068
2024-07-31 01:00:00+00:00,541.417,543.646,540.746,541.927,228276000.98,5069
2024-07-31 02:00:00+00:00,541.417,543.646,540.746,541.927,228276000.98,5070
2024-07-31 03:00:00+00:00,541.417,543.646,540.746,541.927,228276000.98,5071
2024-07-31 04:00:00+00:00,541.417,543.646,540.746,541.927,228276000.98,5072
2024-07-31 05:00:00+00:00,541.417,543.646,540.746,541.927,228276000.98,5073
2024-07-31 06:00:00+00:00,541.417,543.646,540.746,541.927,228276000.98,5074
2024-07-31 07:00:00+00:00,541.417,543.646,540.746,541.927,228276000.98,5075
2024-07-31 08:00:00+00:00,541.417,543.646,540.746,541.927,228276000.98,5076
2024-07-31 09:00:00+00:00,541.417,543.646,540.746,541.927,228276000.98,5077
2024-07-31 10:00:00+00:00,541.417,543.646,540.746,541.927,228276000.98,5078
2024-07-31 11:00:00+00:00,541.417,543.646,540.746,541.927,228276000.98,5079
2024-07-31 12:00:00+00:00,541.417,543.646,540.746,541.927,228276000.98,5080
2024-07-31 13:00:00+00:00,548.947,549.226,547.566,548.707,156552001.95,5081
2024-07-31 14:00:00+00:00,548.786,551.267,548.457,550.537,262104003.91,5082
2024-07-31 15:00:00+00:00,550.526,551.697,550.266,550.656,178451995.85,5083
2024-07-31 16:00:00+00:00,550.666,551.087,550.086,550.157,142811996.46,5084
2024-07-31 17:00:00+00:00,550.176,550.967,548.627,550.237,149472000.12,5085
2024-07-31 18:00:00+00:00,550.326,553.476,549.407,553.037,239268005.37,5086
2024-07-31 19:00:00+00:00,553.037,553.357,549.216,550.406,324239990.23,5087
2024-07-31 20:00:00+00:00,553.037,553.357,549.216,550.406,324239990.23,5088
2024-07-31 21:00:00+00:00,553.037,553.357,549.216,550.406,324239990.23,5089
2024-07-31 22:00:00+00:00,553.037,553.357,549.216,550.406,324239990.23,5090
2024-07-31 23:00:00+00:00,553.037,553.357,549.216,550.406,324239990.23,5091
2024-08-01 00:00:00+00:00,553.037,553.357,549.216,550.406,324239990.23,5092
2024-08-01 01:00:00+00:00,553.037,553.357,549.216,550.406,324239990.23,5093
2024-08-01 02:00:00+00:00,553.037,553.357,549.216,550.406,324239990.23,5094
2024-08-01 03:00:00+00:00,553.037,553.357,549.216,550.406,324239990.23,5095
2024-08-01 04:00:00+00:00,553.037,553.357,549.216,550.406,324239990.23,5096
2024-08-01 05:00:00+00:00,553.037,553.357,549.216,550.406,324239990.23,5097
2024-08-01 06:00:00+00:00,553.037,553.357,549.216,550.406,324239990.23,5098
2024-08-01 07:00:00+00:00,553.037,553.357,549.216,550.406,324239990.23,5099
2024-08-01 08:00:00+00:00,553.037,553.357,549.216,550.406,324239990.23,5100
2024-08-01 09:00:00+00:00,553.037,553.357,549.216,550.406,324239990.23,5101
2024-08-01 10:00:00+00:00,553.037,553.357,549.216,550.406,324239990.23,5102
2024-08-01 11:00:00+00:00,553.037,553.357,549.216,550.406,324239990.23,5103
2024-08-01 12:00:00+00:00,553.037,553.357,549.216,550.406,324239990.23,5104
2024-08-01 13:00:00+00:00,552.586,554.846,552.326,553.946,163223999.02,5105
2024-08-01 14:00:00+00:00,553.877,554.307,547.237,547.456,336167999.27,5106
2024-08-01 15:00:00+00:00,547.436,547.667,544.166,544.686,307859985.35,5107
2024-08-01 16:00:00+00:00,544.706,546.396,543.126,543.716,281040008.54,5108
2024-08-01 17:00:00+00:00,543.736,543.927,540.457,542.546,276971984.86,5109
2024-08-01 18:00:00+00:00,542.536,542.846,539.416,539.967,285720001.22,5110
2024-08-01 19:00:00+00:00,539.946,543.457,539.696,542.977,329399993.9,5111
2024-08-01 20:00:00+00:00,539.946,543.457,539.696,542.977,329399993.9,5112
2024-08-01 21:00:00+00:00,539.946,543.457,539.696,542.977,329399993.9,5113
2024-08-01 22:00:00+00:00,539.946,543.457,539.696,542.977,329399993.9,5114
2024-08-01 23:00:00+00:00,539.946,543.457,539.696,542.977,329399993.9,5115
2024-08-02 00:00:00+00:00,539.946,543.457,539.696,542.977,329399993.9,5116
2024-08-02 01:00:00+00:00,539.946,543.457,539.696,542.977,329399993.9,5117
2024-08-02 02:00:00+00:00,539.946,543.457,539.696,542.977,329399993.9,5118
2024-08-02 03:00:00+00:00,539.946,543.457,539.696,542.977,329399993.9,5119
2024-08-02 04:00:00+00:00,539.946,543.457,539.696,542.977,329399993.9,5120
2024-08-02 05:00:00+00:00,539.946,543.457,539.696,542.977,329399993.9,5121
2024-08-02 06:00:00+00:00,539.946,543.457,539.696,542.977,329399993.9,5122
2024-08-02 07:00:00+00:00,539.946,543.457,539.696,542.977,329399993.9,5123
2024-08-02 08:00:00+00:00,539.946,543.457,539.696,542.977,329399993.9,5124
2024-08-02 09:00:00+00:00,539.946,543.457,539.696,542.977,329399993.9,5125
2024-08-02 10:00:00+00:00,539.946,543.457,539.696,542.977,329399993.9,5126
2024-08-02 11:00:00+00:00,539.946,543.457,539.696,542.977,329399993.9,5127
2024-08-02 12:00:00+00:00,539.946,543.457,539.696,542.977,329399993.9,5128
2024-08-02 13:00:00+00:00,535.737,536.957,533.886,534.106,206304000.85,5129
2024-08-02 14:00:00+00:00,534.187,534.927,529.016,529.247,384287994.38,5130
2024-08-02 15:00:00+00:00,529.277,532.797,528.596,532.156,341843994.14,5131
2024-08-02 16:00:00+00:00,532.147,533.497,530.557,531.226,305052001.95,5132
2024-08-02 17:00:00+00:00,531.227,532.006,529.646,530.216,246167999.27,5133
2024-08-02 18:00:00+00:00,530.227,532.407,529.526,530.887,224460006.71,5134
2024-08-02 19:00:00+00:00,530.896,533.146,530.506,532.917,279359985.35,5135
2024-08-02 20:00:00+00:00,530.896,533.146,530.506,532.917,279359985.35,5136
2024-08-02 21:00:00+00:00,530.896,533.146,530.506,532.917,279359985.35,5137
2024-08-02 22:00:00+00:00,530.896,533.146,530.506,532.917,279359985.35,5138
2024-08-02 23:00:00+00:00,530.896,533.146,530.506,532.917,279359985.35,5139
2024-08-03 00:00:00+00:00,530.896,533.146,530.506,532.917,279359985.35,5140
2024-08-03 01:00:00+00:00,530.896,533.146,530.506,532.917,279359985.35,5141
2024-08-03 02:00:00+00:00,530.896,533.146,530.506,532.917,279359985.35,5142
2024-08-03 03:00:00+00:00,530.896,533.146,530.506,532.917,279359985.35,5143
2024-08-03 04:00:00+00:00,530.896,533.146,530.506,532.917,279359985.35,5144
2024-08-03 05:00:00+00:00,530.896,533.146,530.506,532.917,279359985.35,5145
2024-08-03 06:00:00+00:00,530.896,533.146,530.506,532.917,279359985.35,5146
2024-08-03 07:00:00+00:00,530.896,533.146,530.506,532.917,279359985.35,5147
2024-08-03 08:00:00+00:00,530.896,533.146,530.506,532.917,279359985.35,5148
2024-08-03 09:00:00+00:00,530.896,533.146,530.506,532.917,279359985.35,5149
2024-08-03 10:00:00+00:00,530.896,533.146,530.506,532.917,279359985.35,5150
2024-08-03 11:00:00+00:00,530.896,533.146,530.506,532.917,279359985.35,5151
2024-08-03 12:00:00+00:00,530.896,533.146,530.506,532.917,279359985.35,5152
2024-08-03 13:00:00+00:00,530.896,533.146,530.506,532.917,279359985.35,5153
2024-08-03 14:00:00+00:00,530.896,533.146,530.506,532.917,279359985.35,5154
2024-08-03 15:00:00+00:00,530.896,533.146,530.506,532.917,279359985.35,5155
2024-08-03 16:00:00+00:00,530.896,533.146,530.506,532.917,279359985.35,5156
2024-08-03 17:00:00+00:00,530.896,533.146,530.506,532.917,279359985.35,5157
2024-08-03 18:00:00+00:00,530.896,533.146,530.506,532.917,279359985.35,5158
2024-08-03 19:00:00+00:00,530.896,533.146,530.506,532.917,279359985.35,5159
2024-08-03 20:00:00+00:00,530.896,533.146,530.506,532.917,279359985.35,5160
2024-08-03 21:00:00+00:00,530.896,533.146,530.506,532.917,279359985.35,5161
2024-08-03 22:00:00+00:00,530.896,533.146,530.506,532.917,279359985.35,5162
2024-08-03 23:00:00+00:00,530.896,533.146,530.506,532.917,279359985.35,5163
2024-08-04 00:00:00+00:00,530.896,533.146,530.506,532.917,279359985.35,5164
2024-08-04 01:00:00+00:00,530.896,533.146,530.506,532.917,279359985.35,5165
2024-08-04 02:00:00+00:00,530.896,533.146,530.506,532.917,279359985.35,5166
2024-08-04 03:00:00+00:00,530.896,533.146,530.506,532.917,279359985.35,5167
2024-08-04 04:00:00+00:00,530.896,533.146,530.506,532.917,279359985.35,5168
2024-08-04 05:00:00+00:00,530.896,533.146,530.506,532.917,279359985.35,5169
2024-08-04 06:00:00+00:00,530.896,533.146,530.506,532.917,279359985.35,5170
2024-08-04 07:00:00+00:00,530.896,533.146,530.506,532.917,279359985.35,5171
2024-08-04 08:00:00+00:00,530.896,533.146,530.506,532.917,279359985.35,5172
2024-08-04 09:00:00+00:00,530.896,533.146,530.506,532.917,279359985.35,5173
2024-08-04 10:00:00+00:00,530.896,533.146,530.506,532.917,279359985.35,5174
2024-08-04 11:00:00+00:00,530.896,533.146,530.506,532.917,279359985.35,5175
2024-08-04 12:00:00+00:00,530.896,533.146,530.506,532.917,279359985.35,5176
2024-08-04 13:00:00+00:00,530.896,533.146,530.506,532.917,279359985.35,5177
2024-08-04 14:00:00+00:00,530.896,533.146,530.506,532.917,279359985.35,5178
2024-08-04 15:00:00+00:00,530.896,533.146,530.506,532.917,279359985.35,5179
2024-08-04 16:00:00+00:00,530.896,533.146,530.506,532.917,279359985.35,5180
2024-08-04 17:00:00+00:00,530.896,533.146,530.506,532.917,279359985.35,5181
2024-08-04 18:00:00+00:00,530.896,533.146,530.506,532.917,279359985.35,5182
2024-08-04 19:00:00+00:00,530.896,533.146,530.506,532.917,279359985.35,5183
2024-08-04 20:00:00+00:00,530.896,533.146,530.506,532.917,279359985.35,5184
2024-08-04 21:00:00+00:00,530.896,533.146,530.506,532.917,279359985.35,5185
2024-08-04 22:00:00+00:00,530.896,533.146,530.506,532.917,279359985.35,5186
2024-08-04 23:00:00+00:00,530.896,533.146,530.506,532.917,279359985.35,5187
2024-08-05 00:00:00+00:00,530.896,533.146,530.506,532.917,279359985.35,5188
2024-08-05 01:00:00+00:00,530.896,533.146,530.506,532.917,279359985.35,5189
2024-08-05 02:00:00+00:00,530.896,533.146,530.506,532.917,279359985.35,5190
2024-08-05 03:00:00+00:00,530.896,533.146,530.506,532.917,279359985.35,5191
2024-08-05 04:00:00+00:00,530.896,533.146,530.506,532.917,279359985.35,5192
2024-08-05 05:00:00+00:00,530.896,533.146,530.506,532.917,279359985.35,5193
2024-08-05 06:00:00+00:00,530.896,533.146,530.506,532.917,279359985.35,5194
2024-08-05 07:00:00+00:00,530.896,533.146,530.506,532.917,279359985.35,5195
2024-08-05 08:00:00+00:00,530.896,533.146,530.506,532.917,279359985.35,5196
2024-08-05 09:00:00+00:00,530.896,533.146,530.506,532.917,279359985.35,5197
2024-08-05 10:00:00+00:00,530.896,533.146,530.506,532.917,279359985.35,5198
2024-08-05 11:00:00+00:00,530.896,533.146,530.506,532.917,279359985.35,5199
2024-08-05 12:00:00+00:00,530.896,533.146,530.506,532.917,279359985.35,5200
2024-08-05 13:00:00+00:00,511.187,517.987,510.277,515.206,238979995.73,5201
2024-08-05 14:00:00+00:00,518.297,520.887,514.607,516.426,428712005.62,5202
2024-08-05 15:00:00+00:00,516.397,521.916,515.327,520.396,342071990.97,5203
2024-08-05 16:00:00+00:00,520.366,523.556,518.447,518.876,280704010.01,5204
2024-08-05 17:00:00+00:00,518.896,520.847,518.236,519.027,276204010.01,5205
2024-08-05 18:00:00+00:00,519.026,519.357,515.606,515.707,299376007.08,5206
2024-08-05 19:00:00+00:00,515.757,517.526,514.896,517.497,314040008.54,5207
2024-08-05 20:00:00+00:00,515.757,517.526,514.896,517.497,314040008.54,5208
2024-08-05 21:00:00+00:00,515.757,517.526,514.896,517.497,314040008.54,5209
2024-08-05 22:00:00+00:00,515.757,517.526,514.896,517.497,314040008.54,5210
2024-08-05 23:00:00+00:00,515.757,517.526,514.896,517.497,314040008.54,5211
2024-08-06 00:00:00+00:00,515.757,517.526,514.896,517.497,314040008.54,5212
2024-08-06 01:00:00+00:00,515.757,517.526,514.896,517.497,314040008.54,5213
2024-08-06 02:00:00+00:00,515.757,517.526,514.896,517.497,314040008.54,5214
2024-08-06 03:00:00+00:00,515.757,517.526,514.896,517.497,314040008.54,5215
2024-08-06 04:00:00+00:00,515.757,517.526,514.896,517.497,314040008.54,5216
2024-08-06 05:00:00+00:00,515.757,517.526,514.896,517.497,314040008.54,5217
2024-08-06 06:00:00+00:00,515.757,517.526,514.896,517.497,314040008.54,5218
2024-08-06 07:00:00+00:00,515.757,517.526,514.896,517.497,314040008.54,5219
2024-08-06 08:00:00+00:00,515.757,517.526,514.896,517.497,314040008.54,5220
2024-08-06 09:00:00+00:00,515.757,517.526,514.896,517.497,314040008.54,5221
2024-08-06 10:00:00+00:00,515.757,517.526,514.896,517.497,314040008.54,5222
2024-08-06 11:00:00+00:00,515.757,517.526,514.896,517.497,314040008.54,5223
2024-08-06 12:00:00+00:00,515.757,517.526,514.896,517.497,314040008.54,5224
2024-08-06 13:00:00+00:00,519.207,522.417,517.856,521.856,210815994.26,5225
2024-08-06 14:00:00+00:00,521.856,526.497,521.136,525.367,368436004.64,5226
2024-08-06 15:00:00+00:00,525.367,525.997,522.356,525.877,323208007.81,5227
2024-08-06 16:00:00+00:00,525.927,528.027,525.476,527.596,244488006.59,5228
2024-08-06 17:00:00+00:00,527.597,528.426,527.027,527.886,224496002.2,5229
2024-08-06 18:00:00+00:00,527.877,529.707,526.876,527.467,245712005.62,5230
2024-08-06 19:00:00+00:00,527.456,527.637,521.956,522.156,361295989.99,5231
2024-08-06 20:00:00+00:00,527.456,527.637,521.956,522.156,361295989.99,5232
2024-08-06 21:00:00+00:00,527.456,527.637,521.956,522.156,361295989.99,5233
2024-08-06 22:00:00+00:00,527.456,527.637,521.956,522.156,361295989.99,5234
2024-08-06 23:00:00+00:00,527.456,527.637,521.956,522.156,361295989.99,5235
2024-08-07 00:00:00+00:00,527.456,527.637,521.956,522.156,361295989.99,5236
2024-08-07 01:00:00+00:00,527.456,527.637,521.956,522.156,361295989.99,5237
2024-08-07 02:00:00+00:00,527.456,527.637,521.956,522.156,361295989.99,5238
2024-08-07 03:00:00+00:00,527.456,527.637,521.956,522.156,361295989.99,5239
2024-08-07 04:00:00+00:00,527.456,527.637,521.956,522.156,361295989.99,5240
2024-08-07 05:00:00+00:00,527.456,527.637,521.956,522.156,361295989.99,5241
2024-08-07 06:00:00+00:00,527.456,527.637,521.956,522.156,361295989.99,5242
2024-08-07 07:00:00+00:00,527.456,527.637,521.956,522.156,361295989.99,5243
2024-08-07 08:00:00+00:00,527.456,527.637,521.956,522.156,361295989.99,5244
2024-08-07 09:00:00+00:00,527.456,527.637,521.956,522.156,361295989.99,5245
2024-08-07 10:00:00+00:00,527.456,527.637,521.956,522.156,361295989.99,5246
2024-08-07 11:00:00+00:00,527.456,527.637,521.956,522.156,361295989.99,5247
2024-08-07 12:00:00+00:00,527.456,527.637,521.956,522.156,361295989.99,5248
2024-08-07 13:00:00+00:00,528.457,531.156,527.987,530.996,195744003.3,5249
2024-08-07 14:00:00+00:00,531.006,531.577,528.226,530.427,325799987.79,5250
2024-08-07 15:00:00+00:00,530.437,531.126,527.066,528.006,272760009.77,5251
2024-08-07 16:00:00+00:00,528.037,528.057,524.637,525.056,245699996.95,5252
2024-08-07 17:00:00+00:00,525.037,525.357,521.467,522.026,273359985.35,5253
2024-08-07 18:00:00+00:00,522.026,522.187,518.816,519.467,292920013.43,5254
2024-08-07 19:00:00+00:00,519.457,522.056,518.046,518.657,310884002.69,5255
2024-08-07 20:00:00+00:00,519.457,522.056,518.046,518.657,310884002.69,5256
2024-08-07 21:00:00+00:00,519.457,522.056,518.046,518.657,310884002.69,5257
2024-08-07 22:00:00+00:00,519.457,522.056,518.046,518.657,310884002.69,5258
2024-08-07 23:00:00+00:00,519.457,522.056,518.046,518.657,310884002.69,5259
2024-08-08 00:00:00+00:00,519.457,522.056,518.046,518.657,310884002.69,5260
2024-08-08 01:00:00+00:00,519.457,522.056,518.046,518.657,310884002.69,5261
2024-08-08 02:00:00+00:00,519.457,522.056,518.046,518.657,310884002.69,5262
2024-08-08 03:00:00+00:00,519.457,522.056,518.046,518.657,310884002.69,5263
2024-08-08 04:00:00+00:00,519.457,522.056,518.046,518.657,310884002.69,5264
2024-08-08 05:00:00+00:00,519.457,522.056,518.046,518.657,310884002.69,5265
2024-08-08 06:00:00+00:00,519.457,522.056,518.046,518.657,310884002.69,5266
2024-08-08 07:00:00+00:00,519.457,522.056,518.046,518.657,310884002.69,5267
2024-08-08 08:00:00+00:00,519.457,522.056,518.046,518.657,310884002.69,5268
2024-08-08 09:00:00+00:00,519.457,522.056,518.046,518.657,310884002.69,5269
2024-08-08 10:00:00+00:00,519.457,522.056,518.046,518.657,310884002.69,5270
2024-08-08 11:00:00+00:00,519.457,522.056,518.046,518.657,310884002.69,5271
2024-08-08 12:00:00+00:00,519.457,522.056,518.046,518.657,310884002.69,5272
2024-08-08 13:00:00+00:00,523.876,525.037,521.816,525.036,215039993.29,5273
2024-08-08 14:00:00+00:00,525.056,528.427,524.637,528.167,335615997.31,5274
2024-08-08 15:00:00+00:00,528.167,528.447,526.386,527.666,278544006.35,5275
2024-08-08 16:00:00+00:00,527.677,528.996,526.656,527.806,221292007.45,5276
2024-08-08 17:00:00+00:00,527.816,530.486,526.716,530.206,195167999.27,5277
2024-08-08 18:00:00+00:00,530.197,531.287,529.496,530.106,186167999.27,5278
2024-08-08 19:00:00+00:00,530.097,531.017,528.186,530.627,265200012.21,5279
2024-08-08 20:00:00+00:00,530.097,531.017,528.186,530.627,265200012.21,5280
2024-08-08 21:00:00+00:00,530.097,531.017,528.186,530.627,265200012.21,5281
2024-08-08 22:00:00+00:00,530.097,531.017,528.186,530.627,265200012.21,5282
2024-08-08 23:00:00+00:00,530.097,531.017,528.186,530.627,265200012.21,5283
2024-08-09 00:00:00+00:00,530.097,531.017,528.186,530.627,265200012.21,5284
2024-08-09 01:00:00+00:00,530.097,531.017,528.186,530.627,265200012.21,5285
2024-08-09 02:00:00+00:00,530.097,531.017,528.186,530.627,265200012.21,5286
2024-08-09 03:00:00+00:00,530.097,531.017,528.186,530.627,265200012.21,5287
2024-08-09 04:00:00+00:00,530.097,531.017,528.186,530.627,265200012.21,5288
2024-08-09 05:00:00+00:00,530.097,531.017,528.186,530.627,265200012.21,5289
2024-08-09 06:00:00+00:00,530.097,531.017,528.186,530.627,265200012.21,5290
2024-08-09 07:00:00+00:00,530.097,531.017,528.186,530.627,265200012.21,5291
2024-08-09 08:00:00+00:00,530.097,531.017,528.186,530.627,265200012.21,5292
2024-08-09 09:00:00+00:00,530.097,531.017,528.186,530.627,265200012.21,5293
2024-08-09 10:00:00+00:00,530.097,531.017,528.186,530.627,265200012.21,5294
2024-08-09 11:00:00+00:00,530.097,531.017,528.186,530.627,265200012.21,5295
2024-08-09 12:00:00+00:00,530.097,531.017,528.186,530.627,265200012.21,5296
2024-08-09 13:00:00+00:00,529.767,531.106,528.546,529.227,199703994.75,5297
2024-08-09 14:00:00+00:00,529.217,532.136,528.787,531.487,362268005.37,5298
2024-08-09 15:00:00+00:00,531.477,532.626,530.107,530.286,278388000.49,5299
2024-08-09 16:00:00+00:00,530.336,531.437,529.796,531.437,185843994.14,5300
2024-08-09 17:00:00+00:00,531.427,534.486,531.296,532.587,200867996.22,5301
2024-08-09 18:00:00+00:00,532.596,532.977,531.466,532.396,208164001.46,5302
2024-08-09 19:00:00+00:00,532.377,533.397,531.847,532.887,220296005.25,5303
2024-08-09 20:00:00+00:00,532.377,533.397,531.847,532.887,220296005.25,5304
2024-08-09 21:00:00+00:00,532.377,533.397,531.847,532.887,220296005.25,5305
2024-08-09 22:00:00+00:00,532.377,533.397,531.847,532.887,220296005.25,5306
2024-08-09 23:00:00+00:00,532.377,533.397,531.847,532.887,220296005.25,5307
2024-08-10 00:00:00+00:00,532.377,533.397,531.847,532.887,220296005.25,5308
2024-08-10 01:00:00+00:00,532.377,533.397,531.847,532.887,220296005.25,5309
2024-08-10 02:00:00+00:00,532.377,533.397,531.847,532.887,220296005.25,5310
2024-08-10 03:00:00+00:00,532.377,533.397,531.847,532.887,220296005.25,5311
2024-08-10 04:00:00+00:00,532.377,533.397,531.847,532.887,220296005.25,5312
2024-08-10 05:00:00+00:00,532.377,533.397,531.847,532.887,220296005.25,5313
2024-08-10 06:00:00+00:00,532.377,533.397,531.847,532.887,220296005.25,5314
2024-08-10 07:00:00+00:00,532.377,533.397,531.847,532.887,220296005.25,5315
2024-08-10 08:00:00+00:00,532.377,533.397,531.847,532.887,220296005.25,5316
2024-08-10 09:00:00+00:00,532.377,533.397,531.847,532.887,220296005.25,5317
2024-08-10 10:00:00+00:00,532.377,533.397,531.847,532.887,220296005.25,5318
2024-08-10 11:00:00+00:00,532.377,533.397,531.847,532.887,220296005.25,5319
2024-08-10 12:00:00+00:00,532.377,533.397,531.847,532.887,220296005.25,5320
2024-08-10 13:00:00+00:00,532.377,533.397,531.847,532.887,220296005.25,5321
2024-08-10 14:00:00+00:00,532.377,533.397,531.847,532.887,220296005.25,5322
2024-08-10 15:00:00+00:00,532.377,533.397,531.847,532.887,220296005.25,5323
2024-08-10 16:00:00+00:00,532.377,533.397,531.847,532.887,220296005.25,5324
2024-08-10 17:00:00+00:00,532.377,533.397,531.847,532.887,220296005.25,5325
2024-08-10 18:00:00+00:00,532.377,533.397,531.847,532.887,220296005.25,5326
2024-08-10 19:00:00+00:00,532.377,533.397,531.847,532.887,220296005.25,5327
2024-08-10 20:00:00+00:00,532.377,533.397,531.847,532.887,220296005.25,5328
2024-08-10 21:00:00+00:00,532.377,533.397,531.847,532.887,220296005.25,5329
2024-08-10 22:00:00+00:00,532.377,533.397,531.847,532.887,220296005.25,5330
2024-08-10 23:00:00+00:00,532.377,533.397,531.847,532.887,220296005.25,5331
2024-08-11 00:00:00+00:00,532.377,533.397,531.847,532.887,220296005.25,5332
2024-08-11 01:00:00+00:00,532.377,533.397,531.847,532.887,220296005.25,5333
2024-08-11 02:00:00+00:00,532.377,533.397,531.847,532.887,220296005.25,5334
2024-08-11 03:00:00+00:00,532.377,533.397,531.847,532.887,220296005.25,5335
2024-08-11 04:00:00+00:00,532.377,533.397,531.847,532.887,220296005.25,5336
2024-08-11 05:00:00+00:00,532.377,533.397,531.847,532.887,220296005.25,5337
2024-08-11 06:00:00+00:00,532.377,533.397,531.847,532.887,220296005.25,5338
2024-08-11 07:00:00+00:00,532.377,533.397,531.847,532.887,220296005.25,5339
2024-08-11 08:00:00+00:00,532.377,533.397,531.847,532.887,220296005.25,5340
2024-08-11 09:00:00+00:00,532.377,533.397,531.847,532.887,220296005.25,5341
2024-08-11 10:00:00+00:00,532.377,533.397,531.847,532.887,220296005.25,5342
2024-08-11 11:00:00+00:00,532.377,533.397,531.847,532.887,220296005.25,5343
2024-08-11 12:00:00+00:00,532.377,533.397,531.847,532.887,220296005.25,5344
2024-08-11 13:00:00+00:00,532.377,533.397,531.847,532.887,220296005.25,5345
2024-08-11 14:00:00+00:00,532.377,533.397,531.847,532.887,220296005.25,5346
2024-08-11 15:00:00+00:00,532.377,533.397,531.847,532.887,220296005.25,5347
2024-08-11 16:00:00+00:00,532.377,533.397,531.847,532.887,220296005.25,5348
2024-08-11 17:00:00+00:00,532.377,533.397,531.847,532.887,220296005.25,5349
2024-08-11 18:00:00+00:00,532.377,533.397,531.847,532.887,220296005.25,5350
2024-08-11 19:00:00+00:00,532.377,533.397,531.847,532.887,220296005.25,5351
2024-08-11 20:00:00+00:00,532.377,533.397,531.847,532.887,220296005.25,5352
2024-08-11 21:00:00+00:00,532.377,533.397,531.847,532.887,220296005.25,5353
2024-08-11 22:00:00+00:00,532.377,533.397,531.847,532.887,220296005.25,5354
2024-08-11 23:00:00+00:00,532.377,533.397,531.847,532.887,220296005.25,5355
2024-08-12 00:00:00+00:00,532.377,533.397,531.847,532.887,220296005.25,5356
2024-08-12 01:00:00+00:00,532.377,533.397,531.847,532.887,220296005.25,5357
2024-08-12 02:00:00+00:00,532.377,533.397,531.847,532.887,220296005.25,5358
2024-08-12 03:00:00+00:00,532.377,533.397,531.847,532.887,220296005.25,5359
2024-08-12 04:00:00+00:00,532.377,533.397,531.847,532.887,220296005.25,5360
2024-08-12 05:00:00+00:00,532.377,533.397,531.847,532.887,220296005.25,5361
2024-08-12 06:00:00+00:00,532.377,533.397,531.847,532.887,220296005.25,5362
2024-08-12 07:00:00+00:00,532.377,533.397,531.847,532.887,220296005.25,5363
2024-08-12 08:00:00+00:00,532.377,533.397,531.847,532.887,220296005.25,5364
2024-08-12 09:00:00+00:00,532.377,533.397,531.847,532.887,220296005.25,5365
2024-08-12 10:00:00+00:00,532.377,533.397,531.847,532.887,220296005.25,5366
2024-08-12 11:00:00+00:00,532.377,533.397,531.847,532.887,220296005.25,5367
2024-08-12 12:00:00+00:00,532.377,533.397,531.847,532.887,220296005.25,5368
2024-08-12 13:00:00+00:00,534.177,534.457,530.936,531.386,161843994.14,5369
2024-08-12 14:00:00+00:00,531.406,535.287,531.196,535.206,249611999.51,5370
2024-08-12 15:00:00+00:00,535.216,535.706,531.856,534.827,264204010.01,5371
2024-08-12 16:00:00+00:00,534.827,535.127,532.726,532.746,195863998.41,5372
2024-08-12 17:00:00+00:00,532.766,534.216,531.766,532.366,199511993.41,5373
2024-08-12 18:00:00+00:00,532.397,533.237,532.176,533.177,161904006.96,5374
2024-08-12 19:00:00+00:00,533.186,533.257,531.746,533.186,172919998.17,5375
2024-08-12 20:00:00+00:00,533.186,533.257,531.746,533.186,172919998.17,5376
2024-08-12 21:00:00+00:00,533.186,533.257,531.746,533.186,172919998.17,5377
2024-08-12 22:00:00+00:00,533.186,533.257,531.746,533.186,172919998.17,5378
2024-08-12 23:00:00+00:00,533.186,533.257,531.746,533.186,172919998.17,5379
2024-08-13 00:00:00+00:00,533.186,533.257,531.746,533.186,172919998.17,5380
2024-08-13 01:00:00+00:00,533.186,533.257,531.746,533.186,172919998.17,5381
2024-08-13 02:00:00+00:00,533.186,533.257,531.746,533.186,172919998.17,5382
2024-08-13 03:00:00+00:00,533.186,533.257,531.746,533.186,172919998.17,5383
2024-08-13 04:00:00+00:00,533.186,533.257,531.746,533.186,172919998.17,5384
2024-08-13 05:00:00+00:00,533.186,533.257,531.746,533.186,172919998.17,5385
2024-08-13 06:00:00+00:00,533.186,533.257,531.746,533.186,172919998.17,5386
2024-08-13 07:00:00+00:00,533.186,533.257,531.746,533.186,172919998.17,5387
2024-08-13 08:00:00+00:00,533.186,533.257,531.746,533.186,172919998.17,5388
2024-08-13 09:00:00+00:00,533.186,533.257,531.746,533.186,172919998.17,5389
2024-08-13 10:00:00+00:00,533.186,533.257,531.746,533.186,172919998.17,5390
2024-08-13 11:00:00+00:00,533.186,533.257,531.746,533.186,172919998.17,5391
2024-08-13 12:00:00+00:00,533.186,533.257,531.746,533.186,172919998.17,5392
2024-08-13 13:00:00+00:00,536.576,538.427,536.267,537.756,131927993.77,5393
2024-08-13 14:00:00+00:00,537.766,538.497,536.326,538.336,209423995.97,5394
2024-08-13 15:00:00+00:00,538.336,539.277,538.136,538.997,116124000.55,5395
2024-08-13 16:00:00+00:00,538.987,541.097,538.726,541.027,113052001.95,5396
2024-08-13 17:00:00+00:00,541.027,541.036,539.447,540.707,112907997.13,5397
2024-08-13 18:00:00+00:00,540.717,541.467,540.256,541.406,93744003.3,5398
2024-08-13 19:00:00+00:00,541.407,542.257,540.606,541.977,135768005.37,5399
2024-08-13 20:00:00+00:00,541.407,542.257,540.606,541.977,135768005.37,5400
2024-08-13 21:00:00+00:00,541.407,542.257,540.606,541.977,135768005.37,5401
2024-08-13 22:00:00+00:00,541.407,542.257,540.606,541.977,135768005.37,5402
2024-08-13 23:00:00+00:00,541.407,542.257,540.606,541.977,135768005.37,5403
2024-08-14 00:00:00+00:00,541.407,542.257,540.606,541.977,135768005.37,5404
2024-08-14 01:00:00+00:00,541.407,542.257,540.606,541.977,135768005.37,5405
2024-08-14 02:00:00+00:00,541.407,542.257,540.606,541.977,135768005.37,5406
2024-08-14 03:00:00+00:00,541.407,542.257,540.606,541.977,135768005.37,5407
2024-08-14 04:00:00+00:00,541.407,542.257,540.606,541.977,135768005.37,5408
2024-08-14 05:00:00+00:00,541.407,542.257,540.606,541.977,135768005.37,5409
2024-08-14 06:00:00+00:00,541.407,542.257,540.606,541.977,135768005.37,5410
2024-08-14 07:00:00+00:00,541.407,542.257,540.606,541.977,135768005.37,5411
2024-08-14 08:00:00+00:00,541.407,542.257,540.606,541.977,135768005.37,5412
2024-08-14 09:00:00+00:00,541.407,542.257,540.606,541.977,135768005.37,5413
2024-08-14 10:00:00+00:00,541.407,542.257,540.606,541.977,135768005.37,5414
2024-08-14 11:00:00+00:00,541.407,542.257,540.606,541.977,135768005.37,5415
2024-08-14 12:00:00+00:00,541.407,542.257,540.606,541.977,135768005.37,5416
2024-08-14 13:00:00+00:00,542.847,543.247,541.276,541.467,161184005.74,5417
2024-08-14 14:00:00+00:00,541.476,542.407,540.107,542.326,244632003.78,5418
2024-08-14 15:00:00+00:00,542.346,544.757,542.207,544.657,146268005.37,5419
2024-08-14 16:00:00+00:00,544.627,544.937,541.786,543.066,183251998.9,5420
2024-08-14 17:00:00+00:00,543.066,543.597,542.457,543.257,139751998.9,5421
2024-08-14 18:00:00+00:00,543.246,544.336,542.597,544.267,137123992.92,5422
2024-08-14 19:00:00+00:00,544.227,544.657,542.736,543.766,163811996.46,5423
2024-08-14 20:00:00+00:00,544.227,544.657,542.736,543.766,163811996.46,5424
2024-08-14 21:00:00+00:00,544.227,544.657,542.736,543.766,163811996.46,5425
2024-08-14 22:00:00+00:00,544.227,544.657,542.736,543.766,163811996.46,5426
2024-08-14 23:00:00+00:00,544.227,544.657,542.736,543.766,163811996.46,5427
2024-08-15 00:00:00+00:00,544.227,544.657,542.736,543.766,163811996.46,5428
2024-08-15 01:00:00+00:00,544.227,544.657,542.736,543.766,163811996.46,5429
2024-08-15 02:00:00+00:00,544.227,544.657,542.736,543.766,163811996.46,5430
2024-08-15 03:00:00+00:00,544.227,544.657,542.736,543.766,163811996.46,5431
2024-08-15 04:00:00+00:00,544.227,544.657,542.736,543.766,163811996.46,5432
2024-08-15 05:00:00+00:00,544.227,544.657,542.736,543.766,163811996.46,5433
2024-08-15 06:00:00+00:00,544.227,544.657,542.736,543.766,163811996.46,5434
2024-08-15 07:00:00+00:00,544.227,544.657,542.736,543.766,163811996.46,5435
2024-08-15 08:00:00+00:00,544.227,544.657,542.736,543.766,163811996.46,5436
2024-08-15 09:00:00+00:00,544.227,544.657,542.736,543.766,163811996.46,5437
2024-08-15 10:00:00+00:00,544.227,544.657,542.736,543.766,163811996.46,5438
2024-08-15 11:00:00+00:00,544.227,544.657,542.736,543.766,163811996.46,5439
2024-08-15 12:00:00+00:00,544.227,544.657,542.736,543.766,163811996.46,5440
2024-08-15 13:00:00+00:00,549.507,550.277,548.927,550.156,131531997.68,5441
2024-08-15 14:00:00+00:00,550.176,551.237,548.867,550.907,171899993.9,5442
2024-08-15 15:00:00+00:00,550.906,552.107,550.776,551.596,92171997.07,5443
2024-08-15 16:00:00+00:00,551.607,552.697,551.257,551.927,92111999.51,5444
2024-08-15 17:00:00+00:00,551.937,552.667,551.436,552.626,79620002.75,5445
2024-08-15 18:00:00+00:00,552.637,553.076,552.417,552.917,78456001.28,5446
2024-08-15 19:00:00+00:00,552.907,553.347,551.906,553.096,123431999.21,5447
2024-08-15 20:00:00+00:00,552.907,553.347,551.906,553.096,123431999.21,5448
2024-08-15 21:00:00+00:00,552.907,553.347,551.906,553.096,123431999.21,5449
2024-08-15 22:00:00+00:00,552.907,553.347,551.906,553.096,123431999.21,5450
2024-08-15 23:00:00+00:00,552.907,553.347,551.906,553.096,123431999.21,5451
2024-08-16 00:00:00+00:00,552.907,553.347,551.906,553.096,123431999.21,5452
2024-08-16 01:00:00+00:00,552.907,553.347,551.906,553.096,123431999.21,5453
2024-08-16 02:00:00+00:00,552.907,553.347,551.906,553.096,123431999.21,5454
2024-08-16 03:00:00+00:00,552.907,553.347,551.906,553.096,123431999.21,5455
2024-08-16 04:00:00+00:00,552.907,553.347,551.906,553.096,123431999.21,5456
2024-08-16 05:00:00+00:00,552.907,553.347,551.906,553.096,123431999.21,5457
2024-08-16 06:00:00+00:00,552.907,553.347,551.906,553.096,123431999.21,5458
2024-08-16 07:00:00+00:00,552.907,553.347,551.906,553.096,123431999.21,5459
2024-08-16 08:00:00+00:00,552.907,553.347,551.906,553.096,123431999.21,5460
2024-08-16 09:00:00+00:00,552.907,553.347,551.906,553.096,123431999.21,5461
2024-08-16 10:00:00+00:00,552.907,553.347,551.906,553.096,123431999.21,5462
2024-08-16 11:00:00+00:00,552.907,553.347,551.906,553.096,123431999.21,5463
2024-08-16 12:00:00+00:00,552.907,553.347,551.906,553.096,123431999.21,5464
2024-08-16 13:00:00+00:00,551.506,552.596,551.237,552.217,146927993.77,5465
2024-08-16 14:00:00+00:00,552.076,553.607,551.626,552.156,201203994.75,5466
2024-08-16 15:00:00+00:00,552.147,553.507,551.967,553.327,129768005.37,5467
2024-08-16 16:00:00+00:00,553.326,554.986,553.127,554.786,72791999.82,5468
2024-08-16 17:00:00+00:00,554.797,554.887,553.957,554.546,78552001.95,5469
2024-08-16 18:00:00+00:00,554.557,554.687,553.796,554.567,80435997.01,5470
2024-08-16 19:00:00+00:00,554.556,554.686,553.536,554.217,125003997.8,5471
2024-08-16 20:00:00+00:00,554.556,554.686,553.536,554.217,125003997.8,5472
2024-08-16 21:00:00+00:00,554.556,554.686,553.536,554.217,125003997.8,5473
2024-08-16 22:00:00+00:00,554.556,554.686,553.536,554.217,125003997.8,5474
2024-08-16 23:00:00+00:00,554.556,554.686,553.536,554.217,125003997.8,5475
2024-08-17 00:00:00+00:00,554.556,554.686,553.536,554.217,125003997.8,5476
2024-08-17 01:00:00+00:00,554.556,554.686,553.536,554.217,125003997.8,5477
2024-08-17 02:00:00+00:00,554.556,554.686,553.536,554.217,125003997.8,5478
2024-08-17 03:00:00+00:00,554.556,554.686,553.536,554.217,125003997.8,5479
2024-08-17 04:00:00+00:00,554.556,554.686,553.536,554.217,125003997.8,5480
2024-08-17 05:00:00+00:00,554.556,554.686,553.536,554.217,125003997.8,5481
2024-08-17 06:00:00+00:00,554.556,554.686,553.536,554.217,125003997.8,5482
2024-08-17 07:00:00+00:00,554.556,554.686,553.536,554.217,125003997.8,5483
2024-08-17 08:00:00+00:00,554.556,554.686,553.536,554.217,125003997.8,5484
2024-08-17 09:00:00+00:00,554.556,554.686,553.536,554.217,125003997.8,5485
2024-08-17 10:00:00+00:00,554.556,554.686,553.536,554.217,125003997.8,5486
2024-08-17 11:00:00+00:00,554.556,554.686,553.536,554.217,125003997.8,5487
2024-08-17 12:00:00+00:00,554.556,554.686,553.536,554.217,125003997.8,5488
2024-08-17 13:00:00+00:00,554.556,554.686,553.536,554.217,125003997.8,5489
2024-08-17 14:00:00+00:00,554.556,554.686,553.536,554.217,125003997.8,5490
2024-08-17 15:00:00+00:00,554.556,554.686,553.536,554.217,125003997.8,5491
2024-08-17 16:00:00+00:00,554.556,554.686,553.536,554.217,125003997.8,5492
2024-08-17 17:00:00+00:00,554.556,554.686,553.536,554.217,125003997.8,5493
2024-08-17 18:00:00+00:00,554.556,554.686,553.536,554.217,125003997.8,5494
2024-08-17 19:00:00+00:00,554.556,554.686,553.536,554.217,125003997.8,5495
2024-08-17 20:00:00+00:00,554.556,554.686,553.536,554.217,125003997.8,5496
2024-08-17 21:00:00+00:00,554.556,554.686,553.536,554.217,125003997.8,5497
2024-08-17 22:00:00+00:00,554.556,554.686,553.536,554.217,125003997.8,5498
2024-08-17 23:00:00+00:00,554.556,554.686,553.536,554.217,125003997.8,5499
2024-08-18 00:00:00+00:00,554.556,554.686,553.536,554.217,125003997.8,5500
2024-08-18 01:00:00+00:00,554.556,554.686,553.536,554.217,125003997.8,5501
2024-08-18 02:00:00+00:00,554.556,554.686,553.536,554.217,125003997.8,5502
2024-08-18 03:00:00+00:00,554.556,554.686,553.536,554.217,125003997.8,5503
2024-08-18 04:00:00+00:00,554.556,554.686,553.536,554.217,125003997.8,5504
2024-08-18 05:00:00+00:00,554.556,554.686,553.536,554.217,125003997.8,5505
2024-08-18 06:00:00+00:00,554.556,554.686,553.536,554.217,125003997.8,5506
2024-08-18 07:00:00+00:00,554.556,554.686,553.536,554.217,125003997.8,5507
2024-08-18 08:00:00+00:00,554.556,554.686,553.536,554.217,125003997.8,5508
2024-08-18 09:00:00+00:00,554.556,554.686,553.536,554.217,125003997.8,5509
2024-08-18 10:00:00+00:00,554.556,554.686,553.536,554.217,125003997.8,5510
2024-08-18 11:00:00+00:00,554.556,554.686,553.536,554.217,125003997.8,5511
2024-08-18 12:00:00+00:00,554.556,554.686,553.536,554.217,125003997.8,5512
2024-08-18 13:00:00+00:00,554.556,554.686,553.536,554.217,125003997.8,5513
2024-08-18 14:00:00+00:00,554.556,554.686,553.536,554.217,125003997.8,5514
2024-08-18 15:00:00+00:00,554.556,554.686,553.536,554.217,125003997.8,5515
2024-08-18 16:00:00+00:00,554.556,554.686,553.536,554.217,125003997.8,5516
2024-08-18 17:00:00+00:00,554.556,554.686,553.536,554.217,125003997.8,5517
2024-08-18 18:00:00+00:00,554.556,554.686,553.536,554.217,125003997.8,5518
2024-08-18 19:00:00+00:00,554.556,554.686,553.536,554.217,125003997.8,5519
2024-08-18 20:00:00+00:00,554.556,554.686,553.536,554.217,125003997.8,5520
2024-08-18 21:00:00+00:00,554.556,554.686,553.536,554.217,125003997.8,5521
2024-08-18 22:00:00+00:00,554.556,554.686,553.536,554.217,125003997.8,5522
2024-08-18 23:00:00+00:00,554.556,554.686,553.536,554.217,125003997.8,5523
2024-08-19 00:00:00+00:00,554.556,554.686,553.536,554.217,125003997.8,5524
2024-08-19 01:00:00+00:00,554.556,554.686,553.536,554.217,125003997.8,5525
2024-08-19 02:00:00+00:00,554.556,554.686,553.536,554.217,125003997.8,5526
2024-08-19 03:00:00+00:00,554.556,554.686,553.536,554.217,125003997.8,5527
2024-08-19 04:00:00+00:00,554.556,554.686,553.536,554.217,125003997.8,5528
2024-08-19 05:00:00+00:00,554.556,554.686,553.536,554.217,125003997.8,5529
2024-08-19 06:00:00+00:00,554.556,554.686,553.536,554.217,125003997.8,5530
2024-08-19 07:00:00+00:00,554.556,554.686,553.536,554.217,125003997.8,5531
2024-08-19 08:00:00+00:00,554.556,554.686,553.536,554.217,125003997.8,5532
2024-08-19 09:00:00+00:00,554.556,554.686,553.536,554.217,125003997.8,5533
2024-08-19 10:00:00+00:00,554.556,554.686,553.536,554.217,125003997.8,5534
2024-08-19 11:00:00+00:00,554.556,554.686,553.536,554.217,125003997.8,5535
2024-08-19 12:00:00+00:00,554.556,554.686,553.536,554.217,125003997.8,5536
2024-08-19 13:00:00+00:00,554.737,555.527,554.517,554.956,111888000.49,5537
2024-08-19 14:00:00+00:00,554.976,556.657,553.846,556.506,187548004.15,5538
2024-08-19 15:00:00+00:00,556.517,556.937,555.767,556.186,129779998.78,5539
2024-08-19 16:00:00+00:00,556.206,557.457,555.896,557.296,100103996.28,5540
2024-08-19 17:00:00+00:00,557.286,557.547,556.886,557.507,66311996.46,5541
2024-08-19 18:00:00+00:00,557.527,558.467,557.336,558.146,64536003.11,5542
2024-08-19 19:00:00+00:00,558.147,559.537,557.796,559.517,93444000.24,5543
2024-08-19 20:00:00+00:00,558.147,559.537,557.796,559.517,93444000.24,5544
2024-08-19 21:00:00+00:00,558.147,559.537,557.796,559.517,93444000.24,5545
2024-08-19 22:00:00+00:00,558.147,559.537,557.796,559.517,93444000.24,5546
2024-08-19 23:00:00+00:00,558.147,559.537,557.796,559.517,93444000.24,5547
2024-08-20 00:00:00+00:00,558.147,559.537,557.796,559.517,93444000.24,5548
2024-08-20 01:00:00+00:00,558.147,559.537,557.796,559.517,93444000.24,5549
2024-08-20 02:00:00+00:00,558.147,559.537,557.796,559.517,93444000.24,5550
2024-08-20 03:00:00+00:00,558.147,559.537,557.796,559.517,93444000.24,5551
2024-08-20 04:00:00+00:00,558.147,559.537,557.796,559.517,93444000.24,5552
2024-08-20 05:00:00+00:00,558.147,559.537,557.796,559.517,93444000.24,5553
2024-08-20 06:00:00+00:00,558.147,559.537,557.796,559.517,93444000.24,5554
2024-08-20 07:00:00+00:00,558.147,559.537,557.796,559.517,93444000.24,5555
2024-08-20 08:00:00+00:00,558.147,559.537,557.796,559.517,93444000.24,5556
2024-08-20 09:00:00+00:00,558.147,559.537,557.796,559.517,93444000.24,5557
2024-08-20 10:00:00+00:00,558.147,559.537,557.796,559.517,93444000.24,5558
2024-08-20 11:00:00+00:00,558.147,559.537,557.796,559.517,93444000.24,5559
2024-08-20 12:00:00+00:00,558.147,559.537,557.796,559.517,93444000.24,5560
2024-08-20 13:00:00+00:00,559.127,560.827,559.126,560.727,99000000.0,5561
2024-08-20 14:00:00+00:00,560.747,560.807,557.936,558.376,194628005.98,5562
2024-08-20 15:00:00+00:00,558.366,559.307,557.836,559.256,142080001.83,5563
2024-08-20 16:00:00+00:00,559.267,559.416,558.007,558.027,112776000.98,5564
2024-08-20 17:00:00+00:00,558.047,558.467,557.306,558.297,103739997.86,5565
2024-08-20 18:00:00+00:00,558.307,559.716,558.186,559.057,89879997.25,5566
2024-08-20 19:00:00+00:00,559.046,559.216,558.396,558.597,111012001.04,5567
2024-08-20 20:00:00+00:00,559.046,559.216,558.396,558.597,111012001.04,5568
2024-08-20 21:00:00+00:00,559.046,559.216,558.396,558.597,111012001.04,5569
2024-08-20 22:00:00+00:00,559.046,559.216,558.396,558.597,111012001.04,5570
2024-08-20 23:00:00+00:00,559.046,559.216,558.396,558.597,111012001.04,5571
2024-08-21 00:00:00+00:00,559.046,559.216,558.396,558.597,111012001.04,5572
2024-08-21 01:00:00+00:00,559.046,559.216,558.396,558.597,111012001.04,5573
2024-08-21 02:00:00+00:00,559.046,559.216,558.396,558.597,111012001.04,5574
2024-08-21 03:00:00+00:00,559.046,559.216,558.396,558.597,111012001.04,5575
2024-08-21 04:00:00+00:00,559.046,559.216,558.396,558.597,111012001.04,5576
2024-08-21 05:00:00+00:00,559.046,559.216,558.396,558.597,111012001.04,5577
2024-08-21 06:00:00+00:00,559.046,559.216,558.396,558.597,111012001.04,5578
2024-08-21 07:00:00+00:00,559.046,559.216,558.396,558.597,111012001.04,5579
2024-08-21 08:00:00+00:00,559.046,559.216,558.396,558.597,111012001.04,5580
2024-08-21 09:00:00+00:00,559.046,559.216,558.396,558.597,111012001.04,5581
2024-08-21 10:00:00+00:00,559.046,559.216,558.396,558.597,111012001.04,5582
2024-08-21 11:00:00+00:00,559.046,559.216,558.396,558.597,111012001.04,5583
2024-08-21 12:00:00+00:00,559.046,559.216,558.396,558.597,111012001.04,5584
2024-08-21 13:00:00+00:00,559.757,560.437,559.346,560.337,114407997.13,5585
2024-08-21 14:00:00+00:00,560.337,562.097,558.567,559.216,251100006.1,5586
2024-08-21 15:00:00+00:00,559.216,560.317,558.546,558.887,183167999.27,5587
2024-08-21 16:00:00+00:00,558.877,560.307,557.966,560.117,129863998.41,5588
2024-08-21 17:00:00+00:00,560.127,560.497,559.866,560.336,80987998.96,5589
2024-08-21 18:00:00+00:00,560.356,561.687,560.157,560.726,152916000.37,5590
2024-08-21 19:00:00+00:00,560.716,561.027,559.196,560.647,158195999.15,5591
2024-08-21 20:00:00+00:00,560.716,561.027,559.196,560.647,158195999.15,5592
2024-08-21 21:00:00+00:00,560.716,561.027,559.196,560.647,158195999.15,5593
2024-08-21 22:00:00+00:00,560.716,561.027,559.196,560.647,158195999.15,5594
2024-08-21 23:00:00+00:00,560.716,561.027,559.196,560.647,158195999.15,5595
2024-08-22 00:00:00+00:00,560.716,561.027,559.196,560.647,158195999.15,5596
2024-08-22 01:00:00+00:00,560.716,561.027,559.196,560.647,158195999.15,5597
2024-08-22 02:00:00+00:00,560.716,561.027,559.196,560.647,158195999.15,5598
2024-08-22 03:00:00+00:00,560.716,561.027,559.196,560.647,158195999.15,5599
2024-08-22 04:00:00+00:00,560.716,561.027,559.196,560.647,158195999.15,5600
2024-08-22 05:00:00+00:00,560.716,561.027,559.196,560.647,158195999.15,5601
2024-08-22 06:00:00+00:00,560.716,561.027,559.196,560.647,158195999.15,5602
2024-08-22 07:00:00+00:00,560.716,561.027,559.196,560.647,158195999.15,5603
2024-08-22 08:00:00+00:00,560.716,561.027,559.196,560.647,158195999.15,5604
2024-08-22 09:00:00+00:00,560.716,561.027,559.196,560.647,158195999.15,5605
2024-08-22 10:00:00+00:00,560.716,561.027,559.196,560.647,158195999.15,5606
2024-08-22 11:00:00+00:00,560.716,561.027,559.196,560.647,158195999.15,5607
2024-08-22 12:00:00+00:00,560.716,561.027,559.196,560.647,158195999.15,5608
2024-08-22 13:00:00+00:00,562.547,563.117,561.596,562.326,128507995.61,5609
2024-08-22 14:00:00+00:00,562.337,562.447,560.176,560.497,241787994.38,5610
2024-08-22 15:00:00+00:00,560.507,561.227,557.066,557.737,227496002.2,5611
2024-08-22 16:00:00+00:00,557.736,560.047,557.256,557.586,206003997.8,5612
2024-08-22 17:00:00+00:00,557.566,558.406,555.226,555.497,210600006.1,5613
2024-08-22 18:00:00+00:00,555.517,557.287,555.246,555.976,184871994.02,5614
2024-08-22 19:00:00+00:00,555.976,557.166,554.976,556.247,208416000.37,5615
2024-08-22 20:00:00+00:00,555.976,557.166,554.976,556.247,208416000.37,5616
2024-08-22 21:00:00+00:00,555.976,557.166,554.976,556.247,208416000.37,5617
2024-08-22 22:00:00+00:00,555.976,557.166,554.976,556.247,208416000.37,5618
2024-08-22 23:00:00+00:00,555.976,557.166,554.976,556.247,208416000.37,5619
2024-08-23 00:00:00+00:00,555.976,557.166,554.976,556.247,208416000.37,5620
2024-08-23 01:00:00+00:00,555.976,557.166,554.976,556.247,208416000.37,5621
2024-08-23 02:00:00+00:00,555.976,557.166,554.976,556.247,208416000.37,5622
2024-08-23 03:00:00+00:00,555.976,557.166,554.976,556.247,208416000.37,5623
2024-08-23 04:00:00+00:00,555.976,557.166,554.976,556.247,208416000.37,5624
2024-08-23 05:00:00+00:00,555.976,557.166,554.976,556.247,208416000.37,5625
2024-08-23 06:00:00+00:00,555.976,557.166,554.976,556.247,208416000.37,5626
2024-08-23 07:00:00+00:00,555.976,557.166,554.976,556.247,208416000.37,5627
2024-08-23 08:00:00+00:00,555.976,557.166,554.976,556.247,208416000.37,5628
2024-08-23 09:00:00+00:00,555.976,557.166,554.976,556.247,208416000.37,5629
2024-08-23 10:00:00+00:00,555.976,557.166,554.976,556.247,208416000.37,5630
2024-08-23 11:00:00+00:00,555.976,557.166,554.976,556.247,208416000.37,5631
2024-08-23 12:00:00+00:00,555.976,557.166,554.976,556.247,208416000.37,5632
2024-08-23 13:00:00+00:00,559.556,559.767,558.816,559.707,107328002.93,5633
2024-08-23 14:00:00+00:00,559.737,563.066,558.336,560.497,340164001.46,5634
2024-08-23 15:00:00+00:00,560.506,562.477,559.497,559.976,277451995.85,5635
2024-08-23 16:00:00+00:00,560.037,560.176,557.276,559.257,236472000.12,5636
2024-08-23 17:00:00+00:00,559.216,560.977,558.946,560.386,167796005.25,5637
2024-08-23 18:00:00+00:00,560.397,561.177,560.177,560.756,137567993.16,5638
2024-08-23 19:00:00+00:00,560.736,562.657,560.156,562.136,174287994.38,5639
2024-08-23 20:00:00+00:00,560.736,562.657,560.156,562.136,174287994.38,5640
2024-08-23 21:00:00+00:00,560.736,562.657,560.156,562.136,174287994.38,5641
2024-08-23 22:00:00+00:00,560.736,562.657,560.156,562.136,174287994.38,5642
2024-08-23 23:00:00+00:00,560.736,562.657,560.156,562.136,174287994.38,5643
2024-08-24 00:00:00+00:00,560.736,562.657,560.156,562.136,174287994.38,5644
2024-08-24 01:00:00+00:00,560.736,562.657,560.156,562.136,174287994.38,5645
2024-08-24 02:00:00+00:00,560.736,562.657,560.156,562.136,174287994.38,5646
2024-08-24 03:00:00+00:00,560.736,562.657,560.156,562.136,174287994.38,5647
2024-08-24 04:00:00+00:00,560.736,562.657,560.156,562.136,174287994.38,5648
2024-08-24 05:00:00+00:00,560.736,562.657,560.156,562.136,174287994.38,5649
2024-08-24 06:00:00+00:00,560.736,562.657,560.156,562.136,174287994.38,5650
2024-08-24 07:00:00+00:00,560.736,562.657,560.156,562.136,174287994.38,5651
2024-08-24 08:00:00+00:00,560.736,562.657,560.156,562.136,174287994.38,5652
2024-08-24 09:00:00+00:00,560.736,562.657,560.156,562.136,174287994.38,5653
2024-08-24 10:00:00+00:00,560.736,562.657,560.156,562.136,174287994.38,5654
2024-08-24 11:00:00+00:00,560.736,562.657,560.156,562.136,174287994.38,5655
2024-08-24 12:00:00+00:00,560.736,562.657,560.156,562.136,174287994.38,5656
2024-08-24 13:00:00+00:00,560.736,562.657,560.156,562.136,174287994.38,5657
2024-08-24 14:00:00+00:00,560.736,562.657,560.156,562.136,174287994.38,5658
2024-08-24 15:00:00+00:00,560.736,562.657,560.156,562.136,174287994.38,5659
2024-08-24 16:00:00+00:00,560.736,562.657,560.156,562.136,174287994.38,5660
2024-08-24 17:00:00+00:00,560.736,562.657,560.156,562.136,174287994.38,5661
2024-08-24 18:00:00+00:00,560.736,562.657,560.156,562.136,174287994.38,5662
2024-08-24 19:00:00+00:00,560.736,562.657,560.156,562.136,174287994.38,5663
2024-08-24 20:00:00+00:00,560.736,562.657,560.156,562.136,174287994.38,5664
2024-08-24 21:00:00+00:00,560.736,562.657,560.156,562.136,174287994.38,5665
2024-08-24 22:00:00+00:00,560.736,562.657,560.156,562.136,174287994.38,5666
2024-08-24 23:00:00+00:00,560.736,562.657,560.156,562.136,174287994.38,5667
2024-08-25 00:00:00+00:00,560.736,562.657,560.156,562.136,174287994.38,5668
2024-08-25 01:00:00+00:00,560.736,562.657,560.156,562.136,174287994.38,5669
2024-08-25 02:00:00+00:00,560.736,562.657,560.156,562.136,174287994.38,5670
2024-08-25 03:00:00+00:00,560.736,562.657,560.156,562.136,174287994.38,5671
2024-08-25 04:00:00+00:00,560.736,562.657,560.156,562.136,174287994.38,5672
2024-08-25 05:00:00+00:00,560.736,562.657,560.156,562.136,174287994.38,5673
2024-08-25 06:00:00+00:00,560.736,562.657,560.156,562.136,174287994.38,5674
2024-08-25 07:00:00+00:00,560.736,562.657,560.156,562.136,174287994.38,5675
2024-08-25 08:00:00+00:00,560.736,562.657,560.156,562.136,174287994.38,5676
2024-08-25 09:00:00+00:00,560.736,562.657,560.156,562.136,174287994.38,5677
2024-08-25 10:00:00+00:00,560.736,562.657,560.156,562.136,174287994.38,5678
2024-08-25 11:00:00+00:00,560.736,562.657,560.156,562.136,174287994.38,5679
2024-08-25 12:00:00+00:00,560.736,562.657,560.156,562.136,174287994.38,5680
2024-08-25 13:00:00+00:00,560.736,562.657,560.156,562.136,174287994.38,5681
2024-08-25 14:00:00+00:00,560.736,562.657,560.156,562.136,174287994.38,5682
2024-08-25 15:00:00+00:00,560.736,562.657,560.156,562.136,174287994.38,5683
2024-08-25 16:00:00+00:00,560.736,562.657,560.156,562.136,174287994.38,5684
2024-08-25 17:00:00+00:00,560.736,562.657,560.156,562.136,174287994.38,5685
2024-08-25 18:00:00+00:00,560.736,562.657,560.156,562.136,174287994.38,5686
2024-08-25 19:00:00+00:00,560.736,562.657,560.156,562.136,174287994.38,5687
2024-08-25 20:00:00+00:00,560.736,562.657,560.156,562.136,174287994.38,5688
2024-08-25 21:00:00+00:00,560.736,562.657,560.156,562.136,174287994.38,5689
2024-08-25 22:00:00+00:00,560.736,562.657,560.156,562.136,174287994.38,5690
2024-08-25 23:00:00+00:00,560.736,562.657,560.156,562.136,174287994.38,5691
2024-08-26 00:00:00+00:00,560.736,562.657,560.156,562.136,174287994.38,5692
2024-08-26 01:00:00+00:00,560.736,562.657,560.156,562.136,174287994.38,5693
2024-08-26 02:00:00+00:00,560.736,562.657,560.156,562.136,174287994.38,5694
2024-08-26 03:00:00+00:00,560.736,562.657,560.156,562.136,174287994.38,5695
2024-08-26 04:00:00+00:00,560.736,562.657,560.156,562.136,174287994.38,5696
2024-08-26 05:00:00+00:00,560.736,562.657,560.156,562.136,174287994.38,5697
2024-08-26 06:00:00+00:00,560.736,562.657,560.156,562.136,174287994.38,5698
2024-08-26 07:00:00+00:00,560.736,562.657,560.156,562.136,174287994.38,5699
2024-08-26 08:00:00+00:00,560.736,562.657,560.156,562.136,174287994.38,5700
2024-08-26 09:00:00+00:00,560.736,562.657,560.156,562.136,174287994.38,5701
2024-08-26 10:00:00+00:00,560.736,562.657,560.156,562.136,174287994.38,5702
2024-08-26 11:00:00+00:00,560.736,562.657,560.156,562.136,174287994.38,5703
2024-08-26 12:00:00+00:00,560.736,562.657,560.156,562.136,174287994.38,5704
2024-08-26 13:00:00+00:00,563.176,563.887,562.666,563.007,126851997.38,5705
2024-08-26 14:00:00+00:00,563.026,563.157,560.156,561.097,205332000.73,5706
2024-08-26 15:00:00+00:00,561.086,561.297,559.766,559.977,148139999.39,5707
2024-08-26 16:00:00+00:00,559.947,561.637,559.697,561.477,114888000.49,5708
2024-08-26 17:00:00+00:00,561.466,561.677,559.176,559.497,118896003.72,5709
2024-08-26 18:00:00+00:00,559.497,560.896,559.037,560.816,122903999.33,5710
2024-08-26 19:00:00+00:00,560.816,560.887,559.836,560.766,121199996.95,5711
2024-08-26 20:00:00+00:00,560.816,560.887,559.836,560.766,121199996.95,5712
2024-08-26 21:00:00+00:00,560.816,560.887,559.836,560.766,121199996.95,5713
2024-08-26 22:00:00+00:00,560.816,560.887,559.836,560.766,121199996.95,5714
2024-08-26 23:00:00+00:00,560.816,560.887,559.836,560.766,121199996.95,5715
2024-08-27 00:00:00+00:00,560.816,560.887,559.836,560.766,121199996.95,5716
2024-08-27 01:00:00+00:00,560.816,560.887,559.836,560.766,121199996.95,5717
2024-08-27 02:00:00+00:00,560.816,560.887,559.836,560.766,121199996.95,5718
2024-08-27 03:00:00+00:00,560.816,560.887,559.836,560.766,121199996.95,5719
2024-08-27 04:00:00+00:00,560.816,560.887,559.836,560.766,121199996.95,5720
2024-08-27 05:00:00+00:00,560.816,560.887,559.836,560.766,121199996.95,5721
2024-08-27 06:00:00+00:00,560.816,560.887,559.836,560.766,121199996.95,5722
2024-08-27 07:00:00+00:00,560.816,560.887,559.836,560.766,121199996.95,5723
2024-08-27 08:00:00+00:00,560.816,560.887,559.836,560.766,121199996.95,5724
2024-08-27 09:00:00+00:00,560.816,560.887,559.836,560.766,121199996.95,5725
2024-08-27 10:00:00+00:00,560.816,560.887,559.836,560.766,121199996.95,5726
2024-08-27 11:00:00+00:00,560.816,560.887,559.836,560.766,121199996.95,5727
2024-08-27 12:00:00+00:00,560.816,560.887,559.836,560.766,121199996.95,5728
2024-08-27 13:00:00+00:00,559.467,560.206,558.297,559.807,152123992.92,5729
2024-08-27 14:00:00+00:00,559.867,561.677,559.576,561.607,226583999.63,5730
2024-08-27 15:00:00+00:00,561.626,562.037,559.786,560.657,172272003.17,5731
2024-08-27 16:00:00+00:00,560.627,561.167,559.847,560.776,128975997.92,5732
2024-08-27 17:00:00+00:00,560.776,562.006,560.736,561.927,98952003.48,5733
2024-08-27 18:00:00+00:00,561.907,562.036,561.337,561.577,93671997.07,5734
2024-08-27 19:00:00+00:00,561.587,561.837,561.126,561.507,106092002.87,5735
2024-08-27 20:00:00+00:00,561.587,561.837,561.126,561.507,106092002.87,5736
2024-08-27 21:00:00+00:00,561.587,561.837,561.126,561.507,106092002.87,5737
2024-08-27 22:00:00+00:00,561.587,561.837,561.126,561.507,106092002.87,5738
2024-08-27 23:00:00+00:00,561.587,561.837,561.126,561.507,106092002.87,5739
2024-08-28 00:00:00+00:00,561.587,561.837,561.126,561.507,106092002.87,5740
2024-08-28 01:00:00+00:00,561.587,561.837,561.126,561.507,106092002.87,5741
2024-08-28 02:00:00+00:00,561.587,561.837,561.126,561.507,106092002.87,5742
2024-08-28 03:00:00+00:00,561.587,561.837,561.126,561.507,106092002.87,5743
2024-08-28 04:00:00+00:00,561.587,561.837,561.126,561.507,106092002.87,5744
2024-08-28 05:00:00+00:00,561.587,561.837,561.126,561.507,106092002.87,5745
2024-08-28 06:00:00+00:00,561.587,561.837,561.126,561.507,106092002.87,5746
2024-08-28 07:00:00+00:00,561.587,561.837,561.126,561.507,106092002.87,5747
2024-08-28 08:00:00+00:00,561.587,561.837,561.126,561.507,106092002.87,5748
2024-08-28 09:00:00+00:00,561.587,561.837,561.126,561.507,106092002.87,5749
2024-08-28 10:00:00+00:00,561.587,561.837,561.126,561.507,106092002.87,5750
2024-08-28 11:00:00+00:00,561.587,561.837,561.126,561.507,106092002.87,5751
2024-08-28 12:00:00+00:00,561.587,561.837,561.126,561.507,106092002.87,5752
2024-08-28 13:00:00+00:00,561.187,561.627,560.576,561.056,143927993.77,5753
2024-08-28 14:00:00+00:00,561.077,561.287,559.436,559.637,239796005.25,5754
2024-08-28 15:00:00+00:00,559.626,559.657,557.666,558.426,217488006.59,5755
2024-08-28 16:00:00+00:00,558.446,558.646,556.866,558.546,167412002.56,5756
2024-08-28 17:00:00+00:00,558.527,558.856,555.206,555.307,155244003.3,5757
2024-08-28 18:00:00+00:00,555.327,558.136,555.026,558.037,160451995.85,5758
2024-08-28 19:00:00+00:00,558.037,559.337,557.136,558.316,197399993.9,5759
2024-08-28 20:00:00+00:00,558.037,559.337,557.136,558.316,197399993.9,5760
2024-08-28 21:00:00+00:00,558.037,559.337,557.136,558.316,197399993.9,5761
2024-08-28 22:00:00+00:00,558.037,559.337,557.136,558.316,197399993.9,5762
2024-08-28 23:00:00+00:00,558.037,559.337,557.136,558.316,197399993.9,5763
2024-08-29 00:00:00+00:00,558.037,559.337,557.136,558.316,197399993.9,5764
2024-08-29 01:00:00+00:00,558.037,559.337,557.136,558.316,197399993.9,5765
2024-08-29 02:00:00+00:00,558.037,559.337,557.136,558.316,197399993.9,5766
2024-08-29 03:00:00+00:00,558.037,559.337,557.136,558.316,197399993.9,5767
2024-08-29 04:00:00+00:00,558.037,559.337,557.136,558.316,197399993.9,5768
2024-08-29 05:00:00+00:00,558.037,559.337,557.136,558.316,197399993.9,5769
2024-08-29 06:00:00+00:00,558.037,559.337,557.136,558.316,197399993.9,5770
2024-08-29 07:00:00+00:00,558.037,559.337,557.136,558.316,197399993.9,5771
2024-08-29 08:00:00+00:00,558.037,559.337,557.136,558.316,197399993.9,5772
2024-08-29 09:00:00+00:00,558.037,559.337,557.136,558.316,197399993.9,5773
2024-08-29 10:00:00+00:00,558.037,559.337,557.136,558.316,197399993.9,5774
2024-08-29 11:00:00+00:00,558.037,559.337,557.136,558.316,197399993.9,5775
2024-08-29 12:00:00+00:00,558.037,559.337,557.136,558.316,197399993.9,5776
2024-08-29 13:00:00+00:00,560.296,561.257,559.366,561.086,181020004.27,5777
2024-08-29 14:00:00+00:00,561.076,562.776,560.087,562.077,310776000.98,5778
2024-08-29 15:00:00+00:00,562.056,563.166,561.456,562.456,218171997.07,5779
2024-08-29 16:00:00+00:00,562.466,563.647,562.396,563.087,153923995.97,5780
2024-08-29 17:00:00+00:00,563.096,563.107,561.946,562.816,158279998.78,5781
2024-08-29 18:00:00+00:00,562.807,562.807,557.187,558.467,261167999.27,5782
2024-08-29 19:00:00+00:00,558.477,559.936,557.496,558.276,272268005.37,5783
2024-08-29 20:00:00+00:00,558.477,559.936,557.496,558.276,272268005.37,5784
2024-08-29 21:00:00+00:00,558.477,559.936,557.496,558.276,272268005.37,5785
2024-08-29 22:00:00+00:00,558.477,559.936,557.496,558.276,272268005.37,5786
2024-08-29 23:00:00+00:00,558.477,559.936,557.496,558.276,272268005.37,5787
2024-08-30 00:00:00+00:00,558.477,559.936,557.496,558.276,272268005.37,5788
2024-08-30 01:00:00+00:00,558.477,559.936,557.496,558.276,272268005.37,5789
2024-08-30 02:00:00+00:00,558.477,559.936,557.496,558.276,272268005.37,5790
2024-08-30 03:00:00+00:00,558.477,559.936,557.496,558.276,272268005.37,5791
2024-08-30 04:00:00+00:00,558.477,559.936,557.496,558.276,272268005.37,5792
2024-08-30 05:00:00+00:00,558.477,559.936,557.496,558.276,272268005.37,5793
2024-08-30 06:00:00+00:00,558.477,559.936,557.496,558.276,272268005.37,5794
2024-08-30 07:00:00+00:00,558.477,559.936,557.496,558.276,272268005.37,5795
2024-08-30 08:00:00+00:00,558.477,559.936,557.496,558.276,272268005.37,5796
2024-08-30 09:00:00+00:00,558.477,559.936,557.496,558.276,272268005.37,5797
2024-08-30 10:00:00+00:00,558.477,559.936,557.496,558.276,272268005.37,5798
2024-08-30 11:00:00+00:00,558.477,559.936,557.496,558.276,272268005.37,5799
2024-08-30 12:00:00+00:00,558.477,559.936,557.496,558.276,272268005.37,5800
2024-08-30 13:00:00+00:00,560.756,561.897,560.396,561.707,132899993.9,5801
2024-08-30 14:00:00+00:00,561.707,562.226,559.956,559.967,249360000.61,5802
2024-08-30 15:00:00+00:00,559.967,560.487,558.096,559.126,209675994.87,5803
2024-08-30 16:00:00+00:00,559.126,559.637,557.116,559.087,191628005.98,5804
2024-08-30 17:00:00+00:00,559.077,559.816,558.556,558.837,139740005.49,5805
2024-08-30 18:00:00+00:00,558.837,560.927,558.567,560.686,113136001.59,5806
2024-08-30 19:00:00+00:00,560.686,564.037,560.156,563.787,148800003.05,5807
2024-08-30 20:00:00+00:00,560.686,564.037,560.156,563.787,148800003.05,5808
2024-08-30 21:00:00+00:00,560.686,564.037,560.156,563.787,148800003.05,5809
2024-08-30 22:00:00+00:00,560.686,564.037,560.156,563.787,148800003.05,5810
2024-08-30 23:00:00+00:00,560.686,564.037,560.156,563.787,148800003.05,5811
2024-08-31 00:00:00+00:00,560.686,564.037,560.156,563.787,148800003.05,5812
2024-08-31 01:00:00+00:00,560.686,564.037,560.156,563.787,148800003.05,5813
2024-08-31 02:00:00+00:00,560.686,564.037,560.156,563.787,148800003.05,5814
2024-08-31 03:00:00+00:00,560.686,564.037,560.156,563.787,148800003.05,5815
2024-08-31 04:00:00+00:00,560.686,564.037,560.156,563.787,148800003.05,5816
2024-08-31 05:00:00+00:00,560.686,564.037,560.156,563.787,148800003.05,5817
2024-08-31 06:00:00+00:00,560.686,564.037,560.156,563.787,148800003.05,5818
2024-08-31 07:00:00+00:00,560.686,564.037,560.156,563.787,148800003.05,5819
2024-08-31 08:00:00+00:00,560.686,564.037,560.156,563.787,148800003.05,5820
2024-08-31 09:00:00+00:00,560.686,564.037,560.156,563.787,148800003.05,5821
2024-08-31 10:00:00+00:00,560.686,564.037,560.156,563.787,148800003.05,5822
2024-08-31 11:00:00+00:00,560.686,564.037,560.156,563.787,148800003.05,5823
2024-08-31 12:00:00+00:00,560.686,564.037,560.156,563.787,148800003.05,5824
2024-08-31 13:00:00+00:00,560.686,564.037,560.156,563.787,148800003.05,5825
2024-08-31 14:00:00+00:00,560.686,564.037,560.156,563.787,148800003.05,5826
2024-08-31 15:00:00+00:00,560.686,564.037,560.156,563.787,148800003.05,5827
2024-08-31 16:00:00+00:00,560.686,564.037,560.156,563.787,148800003.05,5828
2024-08-31 17:00:00+00:00,560.686,564.037,560.156,563.787,148800003.05,5829
2024-08-31 18:00:00+00:00,560.686,564.037,560.156,563.787,148800003.05,5830
2024-08-31 19:00:00+00:00,560.686,564.037,560.156,563.787,148800003.05,5831
2024-08-31 20:00:00+00:00,560.686,564.037,560.156,563.787,148800003.05,5832
2024-08-31 21:00:00+00:00,560.686,564.037,560.156,563.787,148800003.05,5833
2024-08-31 22:00:00+00:00,560.686,564.037,560.156,563.787,148800003.05,5834
2024-08-31 23:00:00+00:00,560.686,564.037,560.156,563.787,148800003.05,5835
2024-09-01 00:00:00+00:00,560.686,564.037,560.156,563.787,148800003.05,5836
2024-09-01 01:00:00+00:00,560.686,564.037,560.156,563.787,148800003.05,5837
2024-09-01 02:00:00+00:00,560.686,564.037,560.156,563.787,148800003.05,5838
2024-09-01 03:00:00+00:00,560.686,564.037,560.156,563.787,148800003.05,5839
2024-09-01 04:00:00+00:00,560.686,564.037,560.156,563.787,148800003.05,5840
2024-09-01 05:00:00+00:00,560.686,564.037,560.156,563.787,148800003.05,5841
2024-09-01 06:00:00+00:00,560.686,564.037,560.156,563.787,148800003.05,5842
2024-09-01 07:00:00+00:00,560.686,564.037,560.156,563.787,148800003.05,5843
2024-09-01 08:00:00+00:00,560.686,564.037,560.156,563.787,148800003.05,5844
2024-09-01 09:00:00+00:00,560.686,564.037,560.156,563.787,148800003.05,5845
2024-09-01 10:00:00+00:00,560.686,564.037,560.156,563.787,148800003.05,5846
2024-09-01 11:00:00+00:00,560.686,564.037,560.156,563.787,148800003.05,5847
2024-09-01 12:00:00+00:00,560.686,564.037,560.156,563.787,148800003.05,5848
2024-09-01 13:00:00+00:00,560.686,564.037,560.156,563.787,148800003.05,5849
2024-09-01 14:00:00+00:00,560.686,564.037,560.156,563.787,148800003.05,5850
2024-09-01 15:00:00+00:00,560.686,564.037,560.156,563.787,148800003.05,5851
2024-09-01 16:00:00+00:00,560.686,564.037,560.156,563.787,148800003.05,5852
2024-09-01 17:00:00+00:00,560.686,564.037,560.156,563.787,148800003.05,5853
2024-09-01 18:00:00+00:00,560.686,564.037,560.156,563.787,148800003.05,5854
2024-09-01 19:00:00+00:00,560.686,564.037,560.156,563.787,148800003.05,5855
2024-09-01 20:00:00+00:00,560.686,564.037,560.156,563.787,148800003.05,5856
2024-09-01 21:00:00+00:00,560.686,564.037,560.156,563.787,148800003.05,5857
2024-09-01 22:00:00+00:00,560.686,564.037,560.156,563.787,148800003.05,5858
2024-09-01 23:00:00+00:00,560.686,564.037,560.156,563.787,148800003.05,5859
2024-09-02 00:00:00+00:00,560.686,564.037,560.156,563.787,148800003.05,5860
2024-09-02 01:00:00+00:00,560.686,564.037,560.156,563.787,148800003.05,5861
2024-09-02 02:00:00+00:00,560.686,564.037,560.156,563.787,148800003.05,5862
2024-09-02 03:00:00+00:00,560.686,564.037,560.156,563.787,148800003.05,5863
2024-09-02 04:00:00+00:00,560.686,564.037,560.156,563.787,148800003.05,5864
2024-09-02 05:00:00+00:00,560.686,564.037,560.156,563.787,148800003.05,5865
2024-09-02 06:00:00+00:00,560.686,564.037,560.156,563.787,148800003.05,5866
2024-09-02 07:00:00+00:00,560.686,564.037,560.156,563.787,148800003.05,5867
2024-09-02 08:00:00+00:00,560.686,564.037,560.156,563.787,148800003.05,5868
2024-09-02 09:00:00+00:00,560.686,564.037,560.156,563.787,148800003.05,5869
2024-09-02 10:00:00+00:00,560.686,564.037,560.156,563.787,148800003.05,5870
2024-09-02 11:00:00+00:00,560.686,564.037,560.156,563.787,148800003.05,5871
2024-09-02 12:00:00+00:00,560.686,564.037,560.156,563.787,148800003.05,5872
2024-09-02 13:00:00+00:00,560.686,564.037,560.156,563.787,148800003.05,5873
2024-09-02 14:00:00+00:00,560.686,564.037,560.156,563.787,148800003.05,5874
2024-09-02 15:00:00+00:00,560.686,564.037,560.156,563.787,148800003.05,5875
2024-09-02 16:00:00+00:00,560.686,564.037,560.156,563.787,148800003.05,5876
2024-09-02 17:00:00+00:00,560.686,564.037,560.156,563.787,148800003.05,5877
2024-09-02 18:00:00+00:00,560.686,564.037,560.156,563.787,148800003.05,5878
2024-09-02 19:00:00+00:00,560.686,564.037,560.156,563.787,148800003.05,5879
2024-09-02 20:00:00+00:00,560.686,564.037,560.156,563.787,148800003.05,5880
2024-09-02 21:00:00+00:00,560.686,564.037,560.156,563.787,148800003.05,5881
2024-09-02 22:00:00+00:00,560.686,564.037,560.156,563.787,148800003.05,5882
2024-09-02 23:00:00+00:00,560.686,564.037,560.156,563.787,148800003.05,5883
2024-09-03 00:00:00+00:00,560.686,564.037,560.156,563.787,148800003.05,5884
2024-09-03 01:00:00+00:00,560.686,564.037,560.156,563.787,148800003.05,5885
2024-09-03 02:00:00+00:00,560.686,564.037,560.156,563.787,148800003.05,5886
2024-09-03 03:00:00+00:00,560.686,564.037,560.156,563.787,148800003.05,5887
2024-09-03 04:00:00+00:00,560.686,564.037,560.156,563.787,148800003.05,5888
2024-09-03 05:00:00+00:00,560.686,564.037,560.156,563.787,148800003.05,5889
2024-09-03 06:00:00+00:00,560.686,564.037,560.156,563.787,148800003.05,5890
2024-09-03 07:00:00+00:00,560.686,564.037,560.156,563.787,148800003.05,5891
2024-09-03 08:00:00+00:00,560.686,564.037,560.156,563.787,148800003.05,5892
2024-09-03 09:00:00+00:00,560.686,564.037,560.156,563.787,148800003.05,5893
2024-09-03 10:00:00+00:00,560.686,564.037,560.156,563.787,148800003.05,5894
2024-09-03 11:00:00+00:00,560.686,564.037,560.156,563.787,148800003.05,5895
2024-09-03 12:00:00+00:00,560.686,564.037,560.156,563.787,148800003.05,5896
2024-09-03 13:00:00+00:00,560.467,560.797,558.126,559.077,159815994.26,5897
2024-09-03 14:00:00+00:00,558.947,558.947,555.097,555.337,263855987.55,5898
2024-09-03 15:00:00+00:00,555.337,556.966,555.136,555.597,183587997.44,5899
2024-09-03 16:00:00+00:00,555.587,556.446,554.746,554.896,151835998.54,5900
2024-09-03 17:00:00+00:00,554.877,555.846,554.237,554.297,141348007.2,5901
2024-09-03 18:00:00+00:00,554.307,554.377,552.447,552.626,160764007.57,5902
2024-09-03 19:00:00+00:00,552.626,553.027,549.506,552.136,218472000.12,5903
2024-09-03 20:00:00+00:00,552.626,553.027,549.506,552.136,218472000.12,5904
2024-09-03 21:00:00+00:00,552.626,553.027,549.506,552.136,218472000.12,5905
2024-09-03 22:00:00+00:00,552.626,553.027,549.506,552.136,218472000.12,5906
2024-09-03 23:00:00+00:00,552.626,553.027,549.506,552.136,218472000.12,5907
2024-09-04 00:00:00+00:00,552.626,553.027,549.506,552.136,218472000.12,5908
2024-09-04 01:00:00+00:00,552.626,553.027,549.506,552.136,218472000.12,5909
2024-09-04 02:00:00+00:00,552.626,553.027,549.506,552.136,218472000.12,5910
2024-09-04 03:00:00+00:00,552.626,553.027,549.506,552.136,218472000.12,5911
2024-09-04 04:00:00+00:00,552.626,553.027,549.506,552.136,218472000.12,5912
2024-09-04 05:00:00+00:00,552.626,553.027,549.506,552.136,218472000.12,5913
2024-09-04 06:00:00+00:00,552.626,553.027,549.506,552.136,218472000.12,5914
2024-09-04 07:00:00+00:00,552.626,553.027,549.506,552.136,218472000.12,5915
2024-09-04 08:00:00+00:00,552.626,553.027,549.506,552.136,218472000.12,5916
2024-09-04 09:00:00+00:00,552.626,553.027,549.506,552.136,218472000.12,5917
2024-09-04 10:00:00+00:00,552.626,553.027,549.506,552.136,218472000.12,5918
2024-09-04 11:00:00+00:00,552.626,553.027,549.506,552.136,218472000.12,5919
2024-09-04 12:00:00+00:00,552.626,553.027,549.506,552.136,218472000.12,5920
2024-09-04 13:00:00+00:00,550.196,552.517,550.007,552.486,162264007.57,5921
2024-09-04 14:00:00+00:00,552.477,553.987,550.016,553.947,308291992.19,5922
2024-09-04 15:00:00+00:00,553.966,554.387,551.307,551.827,218111999.51,5923
2024-09-04 16:00:00+00:00,551.816,553.077,551.056,552.326,172044006.35,5924
2024-09-04 17:00:00+00:00,552.317,552.327,550.676,550.937,151979995.73,5925
2024-09-04 18:00:00+00:00,550.956,551.727,550.006,550.046,157307998.66,5926
2024-09-04 19:00:00+00:00,550.046,551.937,549.456,550.856,206615997.31,5927
2024-09-04 20:00:00+00:00,550.046,551.937,549.456,550.856,206615997.31,5928
2024-09-04 21:00:00+00:00,550.046,551.937,549.456,550.856,206615997.31,5929
2024-09-04 22:00:00+00:00,550.046,551.937,549.456,550.856,206615997.31,5930
2024-09-04 23:00:00+00:00,550.046,551.937,549.456,550.856,206615997.31,5931
2024-09-05 00:00:00+00:00,550.046,551.937,549.456,550.856,206615997.31,5932
2024-09-05 01:00:00+00:00,550.046,551.937,549.456,550.856,206615997.31,5933
2024-09-05 02:00:00+00:00,550.046,551.937,549.456,550.856,206615997.31,5934
2024-09-05 03:00:00+00:00,550.046,551.937,549.456,550.856,206615997.31,5935
2024-09-05 04:00:00+00:00,550.046,551.937,549.456,550.856,206615997.31,5936
2024-09-05 05:00:00+00:00,550.046,551.937,549.456,550.856,206615997.31,5937
2024-09-05 06:00:00+00:00,550.046,551.937,549.456,550.856,206615997.31,5938
2024-09-05 07:00:00+00:00,550.046,551.937,549.456,550.856,206615997.31,5939
2024-09-05 08:00:00+00:00,550.046,551.937,549.456,550.856,206615997.31,5940
2024-09-05 09:00:00+00:00,550.046,551.937,549.456,550.856,206615997.31,5941
2024-09-05 10:00:00+00:00,550.046,551.937,549.456,550.856,206615997.31,5942
2024-09-05 11:00:00+00:00,550.046,551.937,549.456,550.856,206615997.31,5943
2024-09-05 12:00:00+00:00,550.046,551.937,549.456,550.856,206615997.31,5944
2024-09-05 13:00:00+00:00,550.896,552.246,550.636,551.907,147395996.09,5945
2024-09-05 14:00:00+00:00,552.047,553.776,550.316,550.347,273779998.78,5946
2024-09-05 15:00:00+00:00,550.357,550.527,547.346,547.477,252156005.86,5947
2024-09-05 16:00:00+00:00,547.467,549.266,547.096,548.686,173604003.91,5948
2024-09-05 17:00:00+00:00,548.706,550.667,547.716,550.656,157391998.29,5949
2024-09-05 18:00:00+00:00,550.667,551.137,549.836,550.127,134352005.0,5950
2024-09-05 19:00:00+00:00,550.127,550.247,548.046,549.537,194363998.41,5951
2024-09-05 20:00:00+00:00,550.127,550.247,548.046,549.537,194363998.41,5952
2024-09-05 21:00:00+00:00,550.127,550.247,548.046,549.537,194363998.41,5953
2024-09-05 22:00:00+00:00,550.127,550.247,548.046,549.537,194363998.41,5954
2024-09-05 23:00:00+00:00,550.127,550.247,548.046,549.537,194363998.41,5955
2024-09-06 00:00:00+00:00,550.127,550.247,548.046,549.537,194363998.41,5956
2024-09-06 01:00:00+00:00,550.127,550.247,548.046,549.537,194363998.41,5957
2024-09-06 02:00:00+00:00,550.127,550.247,548.046,549.537,194363998.41,5958
2024-09-06 03:00:00+00:00,550.127,550.247,548.046,549.537,194363998.41,5959
2024-09-06 04:00:00+00:00,550.127,550.247,548.046,549.537,194363998.41,5960
2024-09-06 05:00:00+00:00,550.127,550.247,548.046,549.537,194363998.41,5961
2024-09-06 06:00:00+00:00,550.127,550.247,548.046,549.537,194363998.41,5962
2024-09-06 07:00:00+00:00,550.127,550.247,548.046,549.537,194363998.41,5963
2024-09-06 08:00:00+00:00,550.127,550.247,548.046,549.537,194363998.41,5964
2024-09-06 09:00:00+00:00,550.127,550.247,548.046,549.537,194363998.41,5965
2024-09-06 10:00:00+00:00,550.127,550.247,548.046,549.537,194363998.41,5966
2024-09-06 11:00:00+00:00,550.127,550.247,548.046,549.537,194363998.41,5967
2024-09-06 12:00:00+00:00,550.127,550.247,548.046,549.537,194363998.41,5968
2024-09-06 13:00:00+00:00,549.916,551.576,547.807,547.877,198048004.15,5969
2024-09-06 14:00:00+00:00,547.907,548.237,541.556,542.226,317675994.87,5970
2024-09-06 15:00:00+00:00,542.207,545.486,540.247,540.567,318276000.98,5971
2024-09-06 16:00:00+00:00,540.556,541.157,539.656,540.117,193500000.0,5972
2024-09-06 17:00:00+00:00,540.106,541.977,539.896,540.616,186815994.26,5973
2024-09-06 18:00:00+00:00,540.607,540.827,539.466,540.427,153563995.36,5974
2024-09-06 19:00:00+00:00,540.426,541.857,539.636,540.447,201408004.76,5975
2024-09-06 20:00:00+00:00,540.426,541.857,539.636,540.447,201408004.76,5976
2024-09-06 21:00:00+00:00,540.426,541.857,539.636,540.447,201408004.76,5977
2024-09-06 22:00:00+00:00,540.426,541.857,539.636,540.447,201408004.76,5978
2024-09-06 23:00:00+00:00,540.426,541.857,539.636,540.447,201408004.76,5979
2024-09-07 00:00:00+00:00,540.426,541.857,539.636,540.447,201408004.76,5980
2024-09-07 01:00:00+00:00,540.426,541.857,539.636,540.447,201408004.76,5981
2024-09-07 02:00:00+00:00,540.426,541.857,539.636,540.447,201408004.76,5982
2024-09-07 03:00:00+00:00,540.426,541.857,539.636,540.447,201408004.76,5983
2024-09-07 04:00:00+00:00,540.426,541.857,539.636,540.447,201408004.76,5984
2024-09-07 05:00:00+00:00,540.426,541.857,539.636,540.447,201408004.76,5985
2024-09-07 06:00:00+00:00,540.426,541.857,539.636,540.447,201408004.76,5986
2024-09-07 07:00:00+00:00,540.426,541.857,539.636,540.447,201408004.76,5987
2024-09-07 08:00:00+00:00,540.426,541.857,539.636,540.447,201408004.76,5988
2024-09-07 09:00:00+00:00,540.426,541.857,539.636,540.447,201408004.76,5989
2024-09-07 10:00:00+00:00,540.426,541.857,539.636,540.447,201408004.76,5990
2024-09-07 11:00:00+00:00,540.426,541.857,539.636,540.447,201408004.76,5991
2024-09-07 12:00:00+00:00,540.426,541.857,539.636,540.447,201408004.76,5992
2024-09-07 13:00:00+00:00,540.426,541.857,539.636,540.447,201408004.76,5993
2024-09-07 14:00:00+00:00,540.426,541.857,539.636,540.447,201408004.76,5994
2024-09-07 15:00:00+00:00,540.426,541.857,539.636,540.447,201408004.76,5995
2024-09-07 16:00:00+00:00,540.426,541.857,539.636,540.447,201408004.76,5996
2024-09-07 17:00:00+00:00,540.426,541.857,539.636,540.447,201408004.76,5997
2024-09-07 18:00:00+00:00,540.426,541.857,539.636,540.447,201408004.76,5998
2024-09-07 19:00:00+00:00,540.426,541.857,539.636,540.447,201408004.76,5999
2024-09-07 20:00:00+00:00,540.426,541.857,539.636,540.447,201408004.76,6000
2024-09-07 21:00:00+00:00,540.426,541.857,539.636,540.447,201408004.76,6001
2024-09-07 22:00:00+00:00,540.426,541.857,539.636,540.447,201408004.76,6002
2024-09-07 23:00:00+00:00,540.426,541.857,539.636,540.447,201408004.76,6003
2024-09-08 00:00:00+00:00,540.426,541.857,539.636,540.447,201408004.76,6004
2024-09-08 01:00:00+00:00,540.426,541.857,539.636,540.447,201408004.76,6005
2024-09-08 02:00:00+00:00,540.426,541.857,539.636,540.447,201408004.76,6006
2024-09-08 03:00:00+00:00,540.426,541.857,539.636,540.447,201408004.76,6007
2024-09-08 04:00:00+00:00,540.426,541.857,539.636,540.447,201408004.76,6008
2024-09-08 05:00:00+00:00,540.426,541.857,539.636,540.447,201408004.76,6009
2024-09-08 06:00:00+00:00,540.426,541.857,539.636,540.447,201408004.76,6010
2024-09-08 07:00:00+00:00,540.426,541.857,539.636,540.447,201408004.76,6011
2024-09-08 08:00:00+00:00,540.426,541.857,539.636,540.447,201408004.76,6012
2024-09-08 09:00:00+00:00,540.426,541.857,539.636,540.447,201408004.76,6013
2024-09-08 10:00:00+00:00,540.426,541.857,539.636,540.447,201408004.76,6014
2024-09-08 11:00:00+00:00,540.426,541.857,539.636,540.447,201408004.76,6015
2024-09-08 12:00:00+00:00,540.426,541.857,539.636,540.447,201408004.76,6016
2024-09-08 13:00:00+00:00,540.426,541.857,539.636,540.447,201408004.76,6017
2024-09-08 14:00:00+00:00,540.426,541.857,539.636,540.447,201408004.76,6018
2024-09-08 15:00:00+00:00,540.426,541.857,539.636,540.447,201408004.76,6019
2024-09-08 16:00:00+00:00,540.426,541.857,539.636,540.447,201408004.76,6020
2024-09-08 17:00:00+00:00,540.426,541.857,539.636,540.447,201408004.76,6021
2024-09-08 18:00:00+00:00,540.426,541.857,539.636,540.447,201408004.76,6022
2024-09-08 19:00:00+00:00,540.426,541.857,539.636,540.447,201408004.76,6023
2024-09-08 20:00:00+00:00,540.426,541.857,539.636,540.447,201408004.76,6024
2024-09-08 21:00:00+00:00,540.426,541.857,539.636,540.447,201408004.76,6025
2024-09-08 22:00:00+00:00,540.426,541.857,539.636,540.447,201408004.76,6026
2024-09-08 23:00:00+00:00,540.426,541.857,539.636,540.447,201408004.76,6027
2024-09-09 00:00:00+00:00,540.426,541.857,539.636,540.447,201408004.76,6028
2024-09-09 01:00:00+00:00,540.426,541.857,539.636,540.447,201408004.76,6029
2024-09-09 02:00:00+00:00,540.426,541.857,539.636,540.447,201408004.76,6030
2024-09-09 03:00:00+00:00,540.426,541.857,539.636,540.447,201408004.76,6031
2024-09-09 04:00:00+00:00,540.426,541.857,539.636,540.447,201408004.76,6032
2024-09-09 05:00:00+00:00,540.426,541.857,539.636,540.447,201408004.76,6033
2024-09-09 06:00:00+00:00,540.426,541.857,539.636,540.447,201408004.76,6034
2024-09-09 07:00:00+00:00,540.426,541.857,539.636,540.447,201408004.76,6035
2024-09-09 08:00:00+00:00,540.426,541.857,539.636,540.447,201408004.76,6036
2024-09-09 09:00:00+00:00,540.426,541.857,539.636,540.447,201408004.76,6037
2024-09-09 10:00:00+00:00,540.426,541.857,539.636,540.447,201408004.76,6038
2024-09-09 11:00:00+00:00,540.426,541.857,539.636,540.447,201408004.76,6039
2024-09-09 12:00:00+00:00,540.426,541.857,539.636,540.447,201408004.76,6040
2024-09-09 13:00:00+00:00,544.666,545.477,544.086,545.257,131723999.02,6041
2024-09-09 14:00:00+00:00,545.276,546.366,543.306,543.306,239807998.66,6042
2024-09-09 15:00:00+00:00,543.306,545.977,542.666,545.977,192000000.0,6043
2024-09-09 16:00:00+00:00,545.976,547.646,545.757,547.477,128628005.98,6044
2024-09-09 17:00:00+00:00,547.476,547.687,545.556,545.737,143904006.96,6045
2024-09-09 18:00:00+00:00,545.737,545.817,544.157,545.086,171095993.04,6046
2024-09-09 19:00:00+00:00,545.047,546.467,544.436,546.446,167460006.71,6047
2024-09-09 20:00:00+00:00,545.047,546.467,544.436,546.446,167460006.71,6048
2024-09-09 21:00:00+00:00,545.047,546.467,544.436,546.446,167460006.71,6049
2024-09-09 22:00:00+00:00,545.047,546.467,544.436,546.446,167460006.71,6050
2024-09-09 23:00:00+00:00,545.047,546.467,544.436,546.446,167460006.71,6051
2024-09-10 00:00:00+00:00,545.047,546.467,544.436,546.446,167460006.71,6052
2024-09-10 01:00:00+00:00,545.047,546.467,544.436,546.446,167460006.71,6053
2024-09-10 02:00:00+00:00,545.047,546.467,544.436,546.446,167460006.71,6054
2024-09-10 03:00:00+00:00,545.047,546.467,544.436,546.446,167460006.71,6055
2024-09-10 04:00:00+00:00,545.047,546.467,544.436,546.446,167460006.71,6056
2024-09-10 05:00:00+00:00,545.047,546.467,544.436,546.446,167460006.71,6057
2024-09-10 06:00:00+00:00,545.047,546.467,544.436,546.446,167460006.71,6058
2024-09-10 07:00:00+00:00,545.047,546.467,544.436,546.446,167460006.71,6059
2024-09-10 08:00:00+00:00,545.047,546.467,544.436,546.446,167460006.71,6060
2024-09-10 09:00:00+00:00,545.047,546.467,544.436,546.446,167460006.71,6061
2024-09-10 10:00:00+00:00,545.047,546.467,544.436,546.446,167460006.71,6062
2024-09-10 11:00:00+00:00,545.047,546.467,544.436,546.446,167460006.71,6063
2024-09-10 12:00:00+00:00,545.047,546.467,544.436,546.446,167460006.71,6064
2024-09-10 13:00:00+00:00,548.357,548.647,547.636,547.857,139884002.69,6065
2024-09-10 14:00:00+00:00,547.866,548.077,545.537,546.506,259727996.83,6066
2024-09-10 15:00:00+00:00,546.497,547.697,544.107,544.146,197772003.17,6067
2024-09-10 16:00:00+00:00,544.157,545.807,543.366,545.126,169427993.77,6068
2024-09-10 17:00:00+00:00,545.117,547.167,545.016,546.967,145740005.49,6069
2024-09-10 18:00:00+00:00,546.976,548.346,546.976,548.196,125676002.5,6070
2024-09-10 19:00:00+00:00,548.147,549.127,547.976,548.757,125891998.29,6071
2024-09-10 20:00:00+00:00,548.147,549.127,547.976,548.757,125891998.29,6072
2024-09-10 21:00:00+00:00,548.147,549.127,547.976,548.757,125891998.29,6073
2024-09-10 22:00:00+00:00,548.147,549.127,547.976,548.757,125891998.29,6074
2024-09-10 23:00:00+00:00,548.147,549.127,547.976,548.757,125891998.29,6075
2024-09-11 00:00:00+00:00,548.147,549.127,547.976,548.757,125891998.29,6076
2024-09-11 01:00:00+00:00,548.147,549.127,547.976,548.757,125891998.29,6077
2024-09-11 02:00:00+00:00,548.147,549.127,547.976,548.757,125891998.29,6078
2024-09-11 03:00:00+00:00,548.147,549.127,547.976,548.757,125891998.29,6079
2024-09-11 04:00:00+00:00,548.147,549.127,547.976,548.757,125891998.29,6080
2024-09-11 05:00:00+00:00,548.147,549.127,547.976,548.757,125891998.29,6081
2024-09-11 06:00:00+00:00,548.147,549.127,547.976,548.757,125891998.29,6082
2024-09-11 07:00:00+00:00,548.147,549.127,547.976,548.757,125891998.29,6083
2024-09-11 08:00:00+00:00,548.147,549.127,547.976,548.757,125891998.29,6084
2024-09-11 09:00:00+00:00,548.147,549.127,547.976,548.757,125891998.29,6085
2024-09-11 10:00:00+00:00,548.147,549.127,547.976,548.757,125891998.29,6086
2024-09-11 11:00:00+00:00,548.147,549.127,547.976,548.757,125891998.29,6087
2024-09-11 12:00:00+00:00,548.147,549.127,547.976,548.757,125891998.29,6088
2024-09-11 13:00:00+00:00,548.597,548.627,544.497,544.677,176123992.92,6089
2024-09-11 14:00:00+00:00,544.696,544.747,539.926,541.126,306515991.21,6090
2024-09-11 15:00:00+00:00,541.127,545.137,540.546,544.466,234011993.41,6091
2024-09-11 16:00:00+00:00,544.437,547.527,544.266,547.287,223979995.73,6092
2024-09-11 17:00:00+00:00,547.307,550.786,547.297,549.976,186972000.12,6093
2024-09-11 18:00:00+00:00,549.946,552.646,549.687,551.666,191723999.02,6094
2024-09-11 19:00:00+00:00,551.656,555.337,551.227,554.307,200604003.91,6095
2024-09-11 20:00:00+00:00,551.656,555.337,551.227,554.307,200604003.91,6096
2024-09-11 21:00:00+00:00,551.656,555.337,551.227,554.307,200604003.91,6097
2024-09-11 22:00:00+00:00,551.656,555.337,551.227,554.307,200604003.91,6098
2024-09-11 23:00:00+00:00,551.656,555.337,551.227,554.307,200604003.91,6099
2024-09-12 00:00:00+00:00,551.656,555.337,551.227,554.307,200604003.91,6100
2024-09-12 01:00:00+00:00,551.656,555.337,551.227,554.307,200604003.91,6101
2024-09-12 02:00:00+00:00,551.656,555.337,551.227,554.307,200604003.91,6102
2024-09-12 03:00:00+00:00,551.656,555.337,551.227,554.307,200604003.91,6103
2024-09-12 04:00:00+00:00,551.656,555.337,551.227,554.307,200604003.91,6104
2024-09-12 05:00:00+00:00,551.656,555.337,551.227,554.307,200604003.91,6105
2024-09-12 06:00:00+00:00,551.656,555.337,551.227,554.307,200604003.91,6106
2024-09-12 07:00:00+00:00,551.656,555.337,551.227,554.307,200604003.91,6107
2024-09-12 08:00:00+00:00,551.656,555.337,551.227,554.307,200604003.91,6108
2024-09-12 09:00:00+00:00,551.656,555.337,551.227,554.307,200604003.91,6109
2024-09-12 10:00:00+00:00,551.656,555.337,551.227,554.307,200604003.91,6110
2024-09-12 11:00:00+00:00,551.656,555.337,551.227,554.307,200604003.91,6111
2024-09-12 12:00:00+00:00,551.656,555.337,551.227,554.307,200604003.91,6112
2024-09-12 13:00:00+00:00,555.006,555.346,552.736,553.746,171179992.68,6113
2024-09-12 14:00:00+00:00,553.766,556.267,553.287,554.417,273575988.77,6114
2024-09-12 15:00:00+00:00,554.416,556.617,554.056,554.487,250416000.37,6115
2024-09-12 16:00:00+00:00,554.496,557.197,554.337,557.106,162839996.34,6116
2024-09-12 17:00:00+00:00,557.086,559.357,556.966,559.127,136955993.65,6117
2024-09-12 18:00:00+00:00,559.147,559.376,556.526,558.656,169871994.02,6118
2024-09-12 19:00:00+00:00,558.667,559.197,558.087,559.017,165671997.07,6119
2024-09-12 20:00:00+00:00,558.667,559.197,558.087,559.017,165671997.07,6120
2024-09-12 21:00:00+00:00,558.667,559.197,558.087,559.017,165671997.07,6121
2024-09-12 22:00:00+00:00,558.667,559.197,558.087,559.017,165671997.07,6122
2024-09-12 23:00:00+00:00,558.667,559.197,558.087,559.017,165671997.07,6123
2024-09-13 00:00:00+00:00,558.667,559.197,558.087,559.017,165671997.07,6124
2024-09-13 01:00:00+00:00,558.667,559.197,558.087,559.017,165671997.07,6125
2024-09-13 02:00:00+00:00,558.667,559.197,558.087,559.017,165671997.07,6126
2024-09-13 03:00:00+00:00,558.667,559.197,558.087,559.017,165671997.07,6127
2024-09-13 04:00:00+00:00,558.667,559.197,558.087,559.017,165671997.07,6128
2024-09-13 05:00:00+00:00,558.667,559.197,558.087,559.017,165671997.07,6129
2024-09-13 06:00:00+00:00,558.667,559.197,558.087,559.017,165671997.07,6130
2024-09-13 07:00:00+00:00,558.667,559.197,558.087,559.017,165671997.07,6131
2024-09-13 08:00:00+00:00,558.667,559.197,558.087,559.017,165671997.07,6132
2024-09-13 09:00:00+00:00,558.667,559.197,558.087,559.017,165671997.07,6133
2024-09-13 10:00:00+00:00,558.667,559.197,558.087,559.017,165671997.07,6134
2024-09-13 11:00:00+00:00,558.667,559.197,558.087,559.017,165671997.07,6135
2024-09-13 12:00:00+00:00,558.667,559.197,558.087,559.017,165671997.07,6136
2024-09-13 13:00:00+00:00,559.686,561.257,559.426,560.926,115980003.36,6137
2024-09-13 14:00:00+00:00,560.927,562.547,559.916,561.836,213108001.71,6138
2024-09-13 15:00:00+00:00,561.836,562.777,561.526,562.637,129384002.69,6139
2024-09-13 16:00:00+00:00,562.616,562.927,561.316,562.166,116891998.29,6140
2024-09-13 17:00:00+00:00,562.177,563.006,562.127,562.567,95015998.84,6141
2024-09-13 18:00:00+00:00,562.566,562.966,561.096,561.426,131339996.34,6142
2024-09-13 19:00:00+00:00,561.397,562.327,561.017,561.936,114888000.49,6143
2024-09-13 20:00:00+00:00,561.397,562.327,561.017,561.936,114888000.49,6144
2024-09-13 21:00:00+00:00,561.397,562.327,561.017,561.936,114888000.49,6145
2024-09-13 22:00:00+00:00,561.397,562.327,561.017,561.936,114888000.49,6146
2024-09-13 23:00:00+00:00,561.397,562.327,561.017,561.936,114888000.49,6147
2024-09-14 00:00:00+00:00,561.397,562.327,561.017,561.936,114888000.49,6148
2024-09-14 01:00:00+00:00,561.397,562.327,561.017,561.936,114888000.49,6149
2024-09-14 02:00:00+00:00,561.397,562.327,561.017,561.936,114888000.49,6150
2024-09-14 03:00:00+00:00,561.397,562.327,561.017,561.936,114888000.49,6151
2024-09-14 04:00:00+00:00,561.397,562.327,561.017,561.936,114888000.49,6152
2024-09-14 05:00:00+00:00,561.397,562.327,561.017,561.936,114888000.49,6153
2024-09-14 06:00:00+00:00,561.397,562.327,561.017,561.936,114888000.49,6154
2024-09-14 07:00:00+00:00,561.397,562.327,561.017,561.936,114888000.49,6155
2024-09-14 08:00:00+00:00,561.397,562.327,561.017,561.936,114888000.49,6156
2024-09-14 09:00:00+00:00,561.397,562.327,561.017,561.936,114888000.49,6157
2024-09-14 10:00:00+00:00,561.397,562.327,561.017,561.936,114888000.49,6158
2024-09-14 11:00:00+00:00,561.397,562.327,561.017,561.936,114888000.49,6159
2024-09-14 12:00:00+00:00,561.397,562.327,561.017,561.936,114888000.49,6160
2024-09-14 13:00:00+00:00,561.397,562.327,561.017,561.936,114888000.49,6161
2024-09-14 14:00:00+00:00,561.397,562.327,561.017,561.936,114888000.49,6162
2024-09-14 15:00:00+00:00,561.397,562.327,561.017,561.936,114888000.49,6163
2024-09-14 16:00:00+00:00,561.397,562.327,561.017,561.936,114888000.49,6164
2024-09-14 17:00:00+00:00,561.397,562.327,561.017,561.936,114888000.49,6165
2024-09-14 18:00:00+00:00,561.397,562.327,561.017,561.936,114888000.49,6166
2024-09-14 19:00:00+00:00,561.397,562.327,561.017,561.936,114888000.49,6167
2024-09-14 20:00:00+00:00,561.397,562.327,561.017,561.936,114888000.49,6168
2024-09-14 21:00:00+00:00,561.397,562.327,561.017,561.936,114888000.49,6169
2024-09-14 22:00:00+00:00,561.397,562.327,561.017,561.936,114888000.49,6170
2024-09-14 23:00:00+00:00,561.397,562.327,561.017,561.936,114888000.49,6171
2024-09-15 00:00:00+00:00,561.397,562.327,561.017,561.936,114888000.49,6172
2024-09-15 01:00:00+00:00,561.397,562.327,561.017,561.936,114888000.49,6173
2024-09-15 02:00:00+00:00,561.397,562.327,561.017,561.936,114888000.49,6174
2024-09-15 03:00:00+00:00,561.397,562.327,561.017,561.936,114888000.49,6175
2024-09-15 04:00:00+00:00,561.397,562.327,561.017,561.936,114888000.49,6176
2024-09-15 05:00:00+00:00,561.397,562.327,561.017,561.936,114888000.49,6177
2024-09-15 06:00:00+00:00,561.397,562.327,561.017,561.936,114888000.49,6178
2024-09-15 07:00:00+00:00,561.397,562.327,561.017,561.936,114888000.49,6179
2024-09-15 08:00:00+00:00,561.397,562.327,561.017,561.936,114888000.49,6180
2024-09-15 09:00:00+00:00,561.397,562.327,561.017,561.936,114888000.49,6181
2024-09-15 10:00:00+00:00,561.397,562.327,561.017,561.936,114888000.49,6182
2024-09-15 11:00:00+00:00,561.397,562.327,561.017,561.936,114888000.49,6183
2024-09-15 12:00:00+00:00,561.397,562.327,561.017,561.936,114888000.49,6184
2024-09-15 13:00:00+00:00,561.397,562.327,561.017,561.936,114888000.49,6185
2024-09-15 14:00:00+00:00,561.397,562.327,561.017,561.936,114888000.49,6186
2024-09-15 15:00:00+00:00,561.397,562.327,561.017,561.936,114888000.49,6187
2024-09-15 16:00:00+00:00,561.397,562.327,561.017,561.936,114888000.49,6188
2024-09-15 17:00:00+00:00,561.397,562.327,561.017,561.936,114888000.49,6189
2024-09-15 18:00:00+00:00,561.397,562.327,561.017,561.936,114888000.49,6190
2024-09-15 19:00:00+00:00,561.397,562.327,561.017,561.936,114888000.49,6191
2024-09-15 20:00:00+00:00,561.397,562.327,561.017,561.936,114888000.49,6192
2024-09-15 21:00:00+00:00,561.397,562.327,561.017,561.936,114888000.49,6193
2024-09-15 22:00:00+00:00,561.397,562.327,561.017,561.936,114888000.49,6194
2024-09-15 23:00:00+00:00,561.397,562.327,561.017,561.936,114888000.49,6195
2024-09-16 00:00:00+00:00,561.397,562.327,561.017,561.936,114888000.49,6196
2024-09-16 01:00:00+00:00,561.397,562.327,561.017,561.936,114888000.49,6197
2024-09-16 02:00:00+00:00,561.397,562.327,561.017,561.936,114888000.49,6198
2024-09-16 03:00:00+00:00,561.397,562.327,561.017,561.936,114888000.49,6199
2024-09-16 04:00:00+00:00,561.397,562.327,561.017,561.936,114888000.49,6200
2024-09-16 05:00:00+00:00,561.397,562.327,561.017,561.936,114888000.49,6201
2024-09-16 06:00:00+00:00,561.397,562.327,561.017,561.936,114888000.49,6202
2024-09-16 07:00:00+00:00,561.397,562.327,561.017,561.936,114888000.49,6203
2024-09-16 08:00:00+00:00,561.397,562.327,561.017,561.936,114888000.49,6204
2024-09-16 09:00:00+00:00,561.397,562.327,561.017,561.936,114888000.49,6205
2024-09-16 10:00:00+00:00,561.397,562.327,561.017,561.936,114888000.49,6206
2024-09-16 11:00:00+00:00,561.397,562.327,561.017,561.936,114888000.49,6207
2024-09-16 12:00:00+00:00,561.397,562.327,561.017,561.936,114888000.49,6208
2024-09-16 13:00:00+00:00,561.746,562.906,560.807,562.466,137352005.0,6209
2024-09-16 14:00:00+00:00,562.497,562.807,559.886,560.706,219119995.12,6210
2024-09-16 15:00:00+00:00,560.707,561.527,560.156,561.256,152195999.15,6211
2024-09-16 16:00:00+00:00,561.286,561.596,560.316,561.547,117611999.51,6212
2024-09-16 17:00:00+00:00,561.556,562.527,561.177,562.497,90611999.51,6213
2024-09-16 18:00:00+00:00,562.497,562.707,561.816,562.677,96744003.3,6214
2024-09-16 19:00:00+00:00,562.676,563.087,561.946,562.847,102000000.0,6215
2024-09-16 20:00:00+00:00,562.676,563.087,561.946,562.847,102000000.0,6216
2024-09-16 21:00:00+00:00,562.676,563.087,561.946,562.847,102000000.0,6217
2024-09-16 22:00:00+00:00,562.676,563.087,561.946,562.847,102000000.0,6218
2024-09-16 23:00:00+00:00,562.676,563.087,561.946,562.847,102000000.0,6219
2024-09-17 00:00:00+00:00,562.676,563.087,561.946,562.847,102000000.0,6220
2024-09-17 01:00:00+00:00,562.676,563.087,561.946,562.847,102000000.0,6221
2024-09-17 02:00:00+00:00,562.676,563.087,561.946,562.847,102000000.0,6222
2024-09-17 03:00:00+00:00,562.676,563.087,561.946,562.847,102000000.0,6223
2024-09-17 04:00:00+00:00,562.676,563.087,561.946,562.847,102000000.0,6224
2024-09-17 05:00:00+00:00,562.676,563.087,561.946,562.847,102000000.0,6225
2024-09-17 06:00:00+00:00,562.676,563.087,561.946,562.847,102000000.0,6226
2024-09-17 07:00:00+00:00,562.676,563.087,561.946,562.847,102000000.0,6227
2024-09-17 08:00:00+00:00,562.676,563.087,561.946,562.847,102000000.0,6228
2024-09-17 09:00:00+00:00,562.676,563.087,561.946,562.847,102000000.0,6229
2024-09-17 10:00:00+00:00,562.676,563.087,561.946,562.847,102000000.0,6230
2024-09-17 11:00:00+00:00,562.676,563.087,561.946,562.847,102000000.0,6231
2024-09-17 12:00:00+00:00,562.676,563.087,561.946,562.847,102000000.0,6232
2024-09-17 13:00:00+00:00,565.107,565.566,564.056,564.467,138636001.59,6233
2024-09-17 14:00:00+00:00,564.486,566.556,564.256,565.137,214475997.92,6234
2024-09-17 15:00:00+00:00,565.157,565.947,564.756,564.956,152940002.44,6235
2024-09-17 16:00:00+00:00,564.967,565.176,560.947,561.806,191352005.0,6236
2024-09-17 17:00:00+00:00,561.806,563.067,560.776,562.646,185063995.36,6237
2024-09-17 18:00:00+00:00,562.636,563.156,561.287,562.006,152699996.95,6238
2024-09-17 19:00:00+00:00,561.986,563.146,561.326,563.106,163511993.41,6239
2024-09-17 20:00:00+00:00,561.986,563.146,561.326,563.106,163511993.41,6240
2024-09-17 21:00:00+00:00,561.986,563.146,561.326,563.106,163511993.41,6241
2024-09-17 22:00:00+00:00,561.986,563.146,561.326,563.106,163511993.41,6242
2024-09-17 23:00:00+00:00,561.986,563.146,561.326,563.106,163511993.41,6243
2024-09-18 00:00:00+00:00,561.986,563.146,561.326,563.106,163511993.41,6244
2024-09-18 01:00:00+00:00,561.986,563.146,561.326,563.106,163511993.41,6245
2024-09-18 02:00:00+00:00,561.986,563.146,561.326,563.106,163511993.41,6246
2024-09-18 03:00:00+00:00,561.986,563.146,561.326,563.106,163511993.41,6247
2024-09-18 04:00:00+00:00,561.986,563.146,561.326,563.106,163511993.41,6248
2024-09-18 05:00:00+00:00,561.986,563.146,561.326,563.106,163511993.41,6249
2024-09-18 06:00:00+00:00,561.986,563.146,561.326,563.106,163511993.41,6250
2024-09-18 07:00:00+00:00,561.986,563.146,561.326,563.106,163511993.41,6251
2024-09-18 08:00:00+00:00,561.986,563.146,561.326,563.106,163511993.41,6252
2024-09-18 09:00:00+00:00,561.986,563.146,561.326,563.106,163511993.41,6253
2024-09-18 10:00:00+00:00,561.986,563.146,561.326,563.106,163511993.41,6254
2024-09-18 11:00:00+00:00,561.986,563.146,561.326,563.106,163511993.41,6255
2024-09-18 12:00:00+00:00,561.986,563.146,561.326,563.106,163511993.41,6256
2024-09-18 13:00:00+00:00,563.627,563.927,562.496,562.986,105120002.75,6257
2024-09-18 14:00:00+00:00,562.997,563.327,562.126,562.787,168792007.45,6258
2024-09-18 15:00:00+00:00,562.786,563.156,561.526,561.626,112596000.67,6259
2024-09-18 16:00:00+00:00,561.627,563.697,561.317,563.606,96779998.78,6260
2024-09-18 17:00:00+00:00,563.616,564.276,562.836,562.996,105732002.26,6261
2024-09-18 18:00:00+00:00,562.997,568.646,562.846,563.786,341220001.22,6262
2024-09-18 19:00:00+00:00,563.786,565.807,560.836,561.347,345696014.4,6263
2024-09-18 20:00:00+00:00,563.786,565.807,560.836,561.347,345696014.4,6264
2024-09-18 21:00:00+00:00,563.786,565.807,560.836,561.347,345696014.4,6265
2024-09-18 22:00:00+00:00,563.786,565.807,560.836,561.347,345696014.4,6266
2024-09-18 23:00:00+00:00,563.786,565.807,560.836,561.347,345696014.4,6267
2024-09-19 00:00:00+00:00,563.786,565.807,560.836,561.347,345696014.4,6268
2024-09-19 01:00:00+00:00,563.786,565.807,560.836,561.347,345696014.4,6269
2024-09-19 02:00:00+00:00,563.786,565.807,560.836,561.347,345696014.4,6270
2024-09-19 03:00:00+00:00,563.786,565.807,560.836,561.347,345696014.4,6271
2024-09-19 04:00:00+00:00,563.786,565.807,560.836,561.347,345696014.4,6272
2024-09-19 05:00:00+00:00,563.786,565.807,560.836,561.347,345696014.4,6273
2024-09-19 06:00:00+00:00,563.786,565.807,560.836,561.347,345696014.4,6274
2024-09-19 07:00:00+00:00,563.786,565.807,560.836,561.347,345696014.4,6275
2024-09-19 08:00:00+00:00,563.786,565.807,560.836,561.347,345696014.4,6276
2024-09-19 09:00:00+00:00,563.786,565.807,560.836,561.347,345696014.4,6277
2024-09-19 10:00:00+00:00,563.786,565.807,560.836,561.347,345696014.4,6278
2024-09-19 11:00:00+00:00,563.786,565.807,560.836,561.347,345696014.4,6279
2024-09-19 12:00:00+00:00,563.786,565.807,560.836,561.347,345696014.4,6280
2024-09-19 13:00:00+00:00,571.006,571.057,568.066,569.556,148440002.44,6281
2024-09-19 14:00:00+00:00,569.537,571.877,569.336,569.897,224699996.95,6282
2024-09-19 15:00:00+00:00,569.907,571.147,569.427,570.387,171311996.46,6283
2024-09-19 16:00:00+00:00,570.397,572.027,570.326,571.487,123192001.34,6284
2024-09-19 17:00:00+00:00,571.487,572.877,571.276,572.487,92388000.49,6285
2024-09-19 18:00:00+00:00,572.476,572.716,570.886,571.907,130380004.88,6286
2024-09-19 19:00:00+00:00,571.896,572.097,570.356,570.937,164604003.91,6287
2024-09-19 20:00:00+00:00,571.896,572.097,570.356,570.937,164604003.91,6288
2024-09-19 21:00:00+00:00,571.896,572.097,570.356,570.937,164604003.91,6289
2024-09-19 22:00:00+00:00,571.896,572.097,570.356,570.937,164604003.91,6290
2024-09-19 23:00:00+00:00,571.896,572.097,570.356,570.937,164604003.91,6291
2024-09-20 00:00:00+00:00,571.896,572.097,570.356,570.937,164604003.91,6292
2024-09-20 01:00:00+00:00,571.896,572.097,570.356,570.937,164604003.91,6293
2024-09-20 02:00:00+00:00,571.896,572.097,570.356,570.937,164604003.91,6294
2024-09-20 03:00:00+00:00,571.896,572.097,570.356,570.937,164604003.91,6295
2024-09-20 04:00:00+00:00,571.896,572.097,570.356,570.937,164604003.91,6296
2024-09-20 05:00:00+00:00,571.896,572.097,570.356,570.937,164604003.91,6297
2024-09-20 06:00:00+00:00,571.896,572.097,570.356,570.937,164604003.91,6298
2024-09-20 07:00:00+00:00,571.896,572.097,570.356,570.937,164604003.91,6299
2024-09-20 08:00:00+00:00,571.896,572.097,570.356,570.937,164604003.91,6300
2024-09-20 09:00:00+00:00,571.896,572.097,570.356,570.937,164604003.91,6301
2024-09-20 10:00:00+00:00,571.896,572.097,570.356,570.937,164604003.91,6302
2024-09-20 11:00:00+00:00,571.896,572.097,570.356,570.937,164604003.91,6303
2024-09-20 12:00:00+00:00,571.896,572.097,570.356,570.937,164604003.91,6304
2024-09-20 13:00:00+00:00,567.826,568.467,566.906,567.107,141863998.41,6305
2024-09-20 14:00:00+00:00,567.077,567.736,566.266,566.367,233436004.64,6306
2024-09-20 15:00:00+00:00,566.367,567.346,565.147,566.927,185460006.71,6307
2024-09-20 16:00:00+00:00,566.917,568.496,566.697,568.137,125015998.84,6308
2024-09-20 17:00:00+00:00,568.117,568.637,567.846,568.067,119316001.89,6309
2024-09-20 18:00:00+00:00,568.057,568.126,566.066,567.467,158363998.41,6310
2024-09-20 19:00:00+00:00,567.467,569.287,567.106,567.996,179675994.87,6311
2024-09-20 20:00:00+00:00,567.467,569.287,567.106,567.996,179675994.87,6312
2024-09-20 21:00:00+00:00,567.467,569.287,567.106,567.996,179675994.87,6313
2024-09-20 22:00:00+00:00,567.467,569.287,567.106,567.996,179675994.87,6314
2024-09-20 23:00:00+00:00,567.467,569.287,567.106,567.996,179675994.87,6315
2024-09-21 00:00:00+00:00,567.467,569.287,567.106,567.996,179675994.87,6316
2024-09-21 01:00:00+00:00,567.467,569.287,567.106,567.996,179675994.87,6317
2024-09-21 02:00:00+00:00,567.467,569.287,567.106,567.996,179675994.87,6318
2024-09-21 03:00:00+00:00,567.467,569.287,567.106,567.996,179675994.87,6319
2024-09-21 04:00:00+00:00,567.467,569.287,567.106,567.996,179675994.87,6320
2024-09-21 05:00:00+00:00,567.467,569.287,567.106,567.996,179675994.87,6321
2024-09-21 06:00:00+00:00,567.467,569.287,567.106,567.996,179675994.87,6322
2024-09-21 07:00:00+00:00,567.467,569.287,567.106,567.996,179675994.87,6323
2024-09-21 08:00:00+00:00,567.467,569.287,567.106,567.996,179675994.87,6324
2024-09-21 09:00:00+00:00,567.467,569.287,567.106,567.996,179675994.87,6325
2024-09-21 10:00:00+00:00,567.467,569.287,567.106,567.996,179675994.87,6326
2024-09-21 11:00:00+00:00,567.467,569.287,567.106,567.996,179675994.87,6327
2024-09-21 12:00:00+00:00,567.467,569.287,567.106,567.996,179675994.87,6328
2024-09-21 13:00:00+00:00,567.467,569.287,567.106,567.996,179675994.87,6329
2024-09-21 14:00:00+00:00,567.467,569.287,567.106,567.996,179675994.87,6330
2024-09-21 15:00:00+00:00,567.467,569.287,567.106,567.996,179675994.87,6331
2024-09-21 16:00:00+00:00,567.467,569.287,567.106,567.996,179675994.87,6332
2024-09-21 17:00:00+00:00,567.467,569.287,567.106,567.996,179675994.87,6333
2024-09-21 18:00:00+00:00,567.467,569.287,567.106,567.996,179675994.87,6334
2024-09-21 19:00:00+00:00,567.467,569.287,567.106,567.996,179675994.87,6335
2024-09-21 20:00:00+00:00,567.467,569.287,567.106,567.996,179675994.87,6336
2024-09-21 21:00:00+00:00,567.467,569.287,567.106,567.996,179675994.87,6337
2024-09-21 22:00:00+00:00,567.467,569.287,567.106,567.996,179675994.87,6338
2024-09-21 23:00:00+00:00,567.467,569.287,567.106,567.996,179675994.87,6339
2024-09-22 00:00:00+00:00,567.467,569.287,567.106,567.996,179675994.87,6340
2024-09-22 01:00:00+00:00,567.467,569.287,567.106,567.996,179675994.87,6341
2024-09-22 02:00:00+00:00,567.467,569.287,567.106,567.996,179675994.87,6342
2024-09-22 03:00:00+00:00,567.467,569.287,567.106,567.996,179675994.87,6343
2024-09-22 04:00:00+00:00,567.467,569.287,567.106,567.996,179675994.87,6344
2024-09-22 05:00:00+00:00,567.467,569.287,567.106,567.996,179675994.87,6345
2024-09-22 06:00:00+00:00,567.467,569.287,567.106,567.996,179675994.87,6346
2024-09-22 07:00:00+00:00,567.467,569.287,567.106,567.996,179675994.87,6347
2024-09-22 08:00:00+00:00,567.467,569.287,567.106,567.996,179675994.87,6348
2024-09-22 09:00:00+00:00,567.467,569.287,567.106,567.996,179675994.87,6349
2024-09-22 10:00:00+00:00,567.467,569.287,567.106,567.996,179675994.87,6350
2024-09-22 11:00:00+00:00,567.467,569.287,567.106,567.996,179675994.87,6351
2024-09-22 12:00:00+00:00,567.467,569.287,567.106,567.996,179675994.87,6352
2024-09-22 13:00:00+00:00,567.467,569.287,567.106,567.996,179675994.87,6353
2024-09-22 14:00:00+00:00,567.467,569.287,567.106,567.996,179675994.87,6354
2024-09-22 15:00:00+00:00,567.467,569.287,567.106,567.996,179675994.87,6355
2024-09-22 16:00:00+00:00,567.467,569.287,567.106,567.996,179675994.87,6356
2024-09-22 17:00:00+00:00,567.467,569.287,567.106,567.996,179675994.87,6357
2024-09-22 18:00:00+00:00,567.467,569.287,567.106,567.996,179675994.87,6358
2024-09-22 19:00:00+00:00,567.467,569.287,567.106,567.996,179675994.87,6359
2024-09-22 20:00:00+00:00,567.467,569.287,567.106,567.996,179675994.87,6360
2024-09-22 21:00:00+00:00,567.467,569.287,567.106,567.996,179675994.87,6361
2024-09-22 22:00:00+00:00,567.467,569.287,567.106,567.996,179675994.87,6362
2024-09-22 23:00:00+00:00,567.467,569.287,567.106,567.996,179675994.87,6363
2024-09-23 00:00:00+00:00,567.467,569.287,567.106,567.996,179675994.87,6364
2024-09-23 01:00:00+00:00,567.467,569.287,567.106,567.996,179675994.87,6365
2024-09-23 02:00:00+00:00,567.467,569.287,567.106,567.996,179675994.87,6366
2024-09-23 03:00:00+00:00,567.467,569.287,567.106,567.996,179675994.87,6367
2024-09-23 04:00:00+00:00,567.467,569.287,567.106,567.996,179675994.87,6368
2024-09-23 05:00:00+00:00,567.467,569.287,567.106,567.996,179675994.87,6369
2024-09-23 06:00:00+00:00,567.467,569.287,567.106,567.996,179675994.87,6370
2024-09-23 07:00:00+00:00,567.467,569.287,567.106,567.996,179675994.87,6371
2024-09-23 08:00:00+00:00,567.467,569.287,567.106,567.996,179675994.87,6372
2024-09-23 09:00:00+00:00,567.467,569.287,567.106,567.996,179675994.87,6373
2024-09-23 10:00:00+00:00,567.467,569.287,567.106,567.996,179675994.87,6374
2024-09-23 11:00:00+00:00,567.467,569.287,567.106,567.996,179675994.87,6375
2024-09-23 12:00:00+00:00,567.467,569.287,567.106,567.996,179675994.87,6376
2024-09-23 13:00:00+00:00,569.306,569.377,568.236,568.756,128483993.53,6377
2024-09-23 14:00:00+00:00,568.767,570.306,568.397,569.837,210419998.17,6378
2024-09-23 15:00:00+00:00,569.857,570.137,568.716,569.586,153119995.12,6379
2024-09-23 16:00:00+00:00,569.567,569.647,568.316,568.606,150132003.78,6380
2024-09-23 17:00:00+00:00,568.596,569.317,568.096,569.287,125879997.25,6381
2024-09-23 18:00:00+00:00,569.276,569.527,568.816,569.456,103500000.0,6382
2024-09-23 19:00:00+00:00,569.456,569.897,569.036,569.596,129072006.23,6383
2024-09-23 20:00:00+00:00,569.456,569.897,569.036,569.596,129072006.23,6384
2024-09-23 21:00:00+00:00,569.456,569.897,569.036,569.596,129072006.23,6385
2024-09-23 22:00:00+00:00,569.456,569.897,569.036,569.596,129072006.23,6386
2024-09-23 23:00:00+00:00,569.456,569.897,569.036,569.596,129072006.23,6387
2024-09-24 00:00:00+00:00,569.456,569.897,569.036,569.596,129072006.23,6388
2024-09-24 01:00:00+00:00,569.456,569.897,569.036,569.596,129072006.23,6389
2024-09-24 02:00:00+00:00,569.456,569.897,569.036,569.596,129072006.23,6390
2024-09-24 03:00:00+00:00,569.456,569.897,569.036,569.596,129072006.23,6391
2024-09-24 04:00:00+00:00,569.456,569.897,569.036,569.596,129072006.23,6392
2024-09-24 05:00:00+00:00,569.456,569.897,569.036,569.596,129072006.23,6393
2024-09-24 06:00:00+00:00,569.456,569.897,569.036,569.596,129072006.23,6394
2024-09-24 07:00:00+00:00,569.456,569.897,569.036,569.596,129072006.23,6395
2024-09-24 08:00:00+00:00,569.456,569.897,569.036,569.596,129072006.23,6396
2024-09-24 09:00:00+00:00,569.456,569.897,569.036,569.596,129072006.23,6397
2024-09-24 10:00:00+00:00,569.456,569.897,569.036,569.596,129072006.23,6398
2024-09-24 11:00:00+00:00,569.456,569.897,569.036,569.596,129072006.23,6399
2024-09-24 12:00:00+00:00,569.456,569.897,569.036,569.596,129072006.23,6400
2024-09-24 13:00:00+00:00,570.456,570.537,569.206,569.217,106248001.1,6401
2024-09-24 14:00:00+00:00,569.236,569.687,567.587,569.476,249119995.12,6402
2024-09-24 15:00:00+00:00,569.476,571.066,569.316,570.566,157367996.22,6403
2024-09-24 16:00:00+00:00,570.576,571.187,570.226,570.426,140964004.52,6404
2024-09-24 17:00:00+00:00,570.427,570.997,570.246,570.466,120083999.63,6405
2024-09-24 18:00:00+00:00,570.486,570.686,569.407,570.447,137412002.56,6406
2024-09-24 19:00:00+00:00,570.427,571.326,570.336,571.196,116328002.93,6407
2024-09-24 20:00:00+00:00,570.427,571.326,570.336,571.196,116328002.93,6408
2024-09-24 21:00:00+00:00,570.427,571.326,570.336,571.196,116328002.93,6409
2024-09-24 22:00:00+00:00,570.427,571.326,570.336,571.196,116328002.93,6410
2024-09-24 23:00:00+00:00,570.427,571.326,570.336,571.196,116328002.93,6411
2024-09-25 00:00:00+00:00,570.427,571.326,570.336,571.196,116328002.93,6412
2024-09-25 01:00:00+00:00,570.427,571.326,570.336,571.196,116328002.93,6413
2024-09-25 02:00:00+00:00,570.427,571.326,570.336,571.196,116328002.93,6414
2024-09-25 03:00:00+00:00,570.427,571.326,570.336,571.196,116328002.93,6415
2024-09-25 04:00:00+00:00,570.427,571.326,570.336,571.196,116328002.93,6416
2024-09-25 05:00:00+00:00,570.427,571.326,570.336,571.196,116328002.93,6417
2024-09-25 06:00:00+00:00,570.427,571.326,570.336,571.196,116328002.93,6418
2024-09-25 07:00:00+00:00,570.427,571.326,570.336,571.196,116328002.93,6419
2024-09-25 08:00:00+00:00,570.427,571.326,570.336,571.196,116328002.93,6420
2024-09-25 09:00:00+00:00,570.427,571.326,570.336,571.196,116328002.93,6421
2024-09-25 10:00:00+00:00,570.427,571.326,570.336,571.196,116328002.93,6422
2024-09-25 11:00:00+00:00,570.427,571.326,570.336,571.196,116328002.93,6423
2024-09-25 12:00:00+00:00,570.427,571.326,570.336,571.196,116328002.93,6424
2024-09-25 13:00:00+00:00,571.136,571.826,570.857,571.497,103872001.65,6425
2024-09-25 14:00:00+00:00,571.506,571.876,570.597,571.227,174192001.34,6426
2024-09-25 15:00:00+00:00,571.226,571.397,570.317,570.726,150156005.86,6427
2024-09-25 16:00:00+00:00,570.726,570.817,569.876,569.966,125760002.14,6428
2024-09-25 17:00:00+00:00,569.977,570.307,568.887,570.266,151643997.19,6429
2024-09-25 18:00:00+00:00,570.247,570.356,569.007,570.016,125160003.66,6430
2024-09-25 19:00:00+00:00,569.996,570.247,569.326,570.026,118608001.71,6431
2024-09-25 20:00:00+00:00,569.996,570.247,569.326,570.026,118608001.71,6432
2024-09-25 21:00:00+00:00,569.996,570.247,569.326,570.026,118608001.71,6433
2024-09-25 22:00:00+00:00,569.996,570.247,569.326,570.026,118608001.71,6434
2024-09-25 23:00:00+00:00,569.996,570.247,569.326,570.026,118608001.71,6435
2024-09-26 00:00:00+00:00,569.996,570.247,569.326,570.026,118608001.71,6436
2024-09-26 01:00:00+00:00,569.996,570.247,569.326,570.026,118608001.71,6437
2024-09-26 02:00:00+00:00,569.996,570.247,569.326,570.026,118608001.71,6438
2024-09-26 03:00:00+00:00,569.996,570.247,569.326,570.026,118608001.71,6439
2024-09-26 04:00:00+00:00,569.996,570.247,569.326,570.026,118608001.71,6440
2024-09-26 05:00:00+00:00,569.996,570.247,569.326,570.026,118608001.71,6441
2024-09-26 06:00:00+00:00,569.996,570.247,569.326,570.026,118608001.71,6442
2024-09-26 07:00:00+00:00,569.996,570.247,569.326,570.026,118608001.71,6443
2024-09-26 08:00:00+00:00,569.996,570.247,569.326,570.026,118608001.71,6444
2024-09-26 09:00:00+00:00,569.996,570.247,569.326,570.026,118608001.71,6445
2024-09-26 10:00:00+00:00,569.996,570.247,569.326,570.026,118608001.71,6446
2024-09-26 11:00:00+00:00,569.996,570.247,569.326,570.026,118608001.71,6447
2024-09-26 12:00:00+00:00,569.996,570.247,569.326,570.026,118608001.71,6448
2024-09-26 13:00:00+00:00,574.427,574.696,573.147,573.516,123912002.56,6449
2024-09-26 14:00:00+00:00,573.546,574.126,571.046,571.217,233580001.83,6450
2024-09-26 15:00:00+00:00,571.207,572.547,570.896,572.406,181380004.88,6451
2024-09-26 16:00:00+00:00,572.396,572.397,570.836,571.067,129455993.65,6452
2024-09-26 17:00:00+00:00,571.047,571.737,569.876,571.526,119592002.87,6453
2024-09-26 18:00:00+00:00,571.537,572.697,571.517,572.257,98496002.2,6454
2024-09-26 19:00:00+00:00,572.237,572.737,571.807,572.256,100704002.38,6455
2024-09-26 20:00:00+00:00,572.237,572.737,571.807,572.256,100704002.38,6456
2024-09-26 21:00:00+00:00,572.237,572.737,571.807,572.256,100704002.38,6457
2024-09-26 22:00:00+00:00,572.237,572.737,571.807,572.256,100704002.38,6458
2024-09-26 23:00:00+00:00,572.237,572.737,571.807,572.256,100704002.38,6459
2024-09-27 00:00:00+00:00,572.237,572.737,571.807,572.256,100704002.38,6460
2024-09-27 01:00:00+00:00,572.237,572.737,571.807,572.256,100704002.38,6461
2024-09-27 02:00:00+00:00,572.237,572.737,571.807,572.256,100704002.38,6462
2024-09-27 03:00:00+00:00,572.237,572.737,571.807,572.256,100704002.38,6463
2024-09-27 04:00:00+00:00,572.237,572.737,571.807,572.256,100704002.38,6464
2024-09-27 05:00:00+00:00,572.237,572.737,571.807,572.256,100704002.38,6465
2024-09-27 06:00:00+00:00,572.237,572.737,571.807,572.256,100704002.38,6466
2024-09-27 07:00:00+00:00,572.237,572.737,571.807,572.256,100704002.38,6467
2024-09-27 08:00:00+00:00,572.237,572.737,571.807,572.256,100704002.38,6468
2024-09-27 09:00:00+00:00,572.237,572.737,571.807,572.256,100704002.38,6469
2024-09-27 10:00:00+00:00,572.237,572.737,571.807,572.256,100704002.38,6470
2024-09-27 11:00:00+00:00,572.237,572.737,571.807,572.256,100704002.38,6471
2024-09-27 12:00:00+00:00,572.237,572.737,571.807,572.256,100704002.38,6472
2024-09-27 13:00:00+00:00,573.377,573.546,572.696,572.937,116916000.37,6473
2024-09-27 14:00:00+00:00,572.937,574.207,572.637,573.697,218100006.1,6474
2024-09-27 15:00:00+00:00,573.687,573.707,572.396,572.416,164783996.58,6475
2024-09-27 16:00:00+00:00,572.426,572.617,571.837,572.187,138132003.78,6476
2024-09-27 17:00:00+00:00,572.186,572.687,571.506,572.417,117959999.08,6477
2024-09-27 18:00:00+00:00,572.396,572.636,570.386,572.186,142776000.98,6478
2024-09-27 19:00:00+00:00,572.176,572.317,571.306,571.406,137412002.56,6479
2024-09-27 20:00:00+00:00,572.176,572.317,571.306,571.406,137412002.56,6480
2024-09-27 21:00:00+00:00,572.176,572.317,571.306,571.406,137412002.56,6481
2024-09-27 22:00:00+00:00,572.176,572.317,571.306,571.406,137412002.56,6482
2024-09-27 23:00:00+00:00,572.176,572.317,571.306,571.406,137412002.56,6483
2024-09-28 00:00:00+00:00,572.176,572.317,571.306,571.406,137412002.56,6484
2024-09-28 01:00:00+00:00,572.176,572.317,571.306,571.406,137412002.56,6485
2024-09-28 02:00:00+00:00,572.176,572.317,571.306,571.406,137412002.56,6486
2024-09-28 03:00:00+00:00,572.176,572.317,571.306,571.406,137412002.56,6487
2024-09-28 04:00:00+00:00,572.176,572.317,571.306,571.406,137412002.56,6488
2024-09-28 05:00:00+00:00,572.176,572.317,571.306,571.406,137412002.56,6489
2024-09-28 06:00:00+00:00,572.176,572.317,571.306,571.406,137412002.56,6490
2024-09-28 07:00:00+00:00,572.176,572.317,571.306,571.406,137412002.56,6491
2024-09-28 08:00:00+00:00,572.176,572.317,571.306,571.406,137412002.56,6492
2024-09-28 09:00:00+00:00,572.176,572.317,571.306,571.406,137412002.56,6493
2024-09-28 10:00:00+00:00,572.176,572.317,571.306,571.406,137412002.56,6494
2024-09-28 11:00:00+00:00,572.176,572.317,571.306,571.406,137412002.56,6495
2024-09-28 12:00:00+00:00,572.176,572.317,571.306,571.406,137412002.56,6496
2024-09-28 13:00:00+00:00,572.176,572.317,571.306,571.406,137412002.56,6497
2024-09-28 14:00:00+00:00,572.176,572.317,571.306,571.406,137412002.56,6498
2024-09-28 15:00:00+00:00,572.176,572.317,571.306,571.406,137412002.56,6499
2024-09-28 16:00:00+00:00,572.176,572.317,571.306,571.406,137412002.56,6500
2024-09-28 17:00:00+00:00,572.176,572.317,571.306,571.406,137412002.56,6501
2024-09-28 18:00:00+00:00,572.176,572.317,571.306,571.406,137412002.56,6502
2024-09-28 19:00:00+00:00,572.176,572.317,571.306,571.406,137412002.56,6503
2024-09-28 20:00:00+00:00,572.176,572.317,571.306,571.406,137412002.56,6504
2024-09-28 21:00:00+00:00,572.176,572.317,571.306,571.406,137412002.56,6505
2024-09-28 22:00:00+00:00,572.176,572.317,571.306,571.406,137412002.56,6506
2024-09-28 23:00:00+00:00,572.176,572.317,571.306,571.406,137412002.56,6507
2024-09-29 00:00:00+00:00,572.176,572.317,571.306,571.406,137412002.56,6508
2024-09-29 01:00:00+00:00,572.176,572.317,571.306,571.406,137412002.56,6509
2024-09-29 02:00:00+00:00,572.176,572.317,571.306,571.406,137412002.56,6510
2024-09-29 03:00:00+00:00,572.176,572.317,571.306,571.406,137412002.56,6511
2024-09-29 04:00:00+00:00,572.176,572.317,571.306,571.406,137412002.56,6512
2024-09-29 05:00:00+00:00,572.176,572.317,571.306,571.406,137412002.56,6513
2024-09-29 06:00:00+00:00,572.176,572.317,571.306,571.406,137412002.56,6514
2024-09-29 07:00:00+00:00,572.176,572.317,571.306,571.406,137412002.56,6515
2024-09-29 08:00:00+00:00,572.176,572.317,571.306,571.406,137412002.56,6516
2024-09-29 09:00:00+00:00,572.176,572.317,571.306,571.406,137412002.56,6517
2024-09-29 10:00:00+00:00,572.176,572.317,571.306,571.406,137412002.56,6518
2024-09-29 11:00:00+00:00,572.176,572.317,571.306,571.406,137412002.56,6519
2024-09-29 12:00:00+00:00,572.176,572.317,571.306,571.406,137412002.56,6520
2024-09-29 13:00:00+00:00,572.176,572.317,571.306,571.406,137412002.56,6521
2024-09-29 14:00:00+00:00,572.176,572.317,571.306,571.406,137412002.56,6522
2024-09-29 15:00:00+00:00,572.176,572.317,571.306,571.406,137412002.56,6523
2024-09-29 16:00:00+00:00,572.176,572.317,571.306,571.406,137412002.56,6524
2024-09-29 17:00:00+00:00,572.176,572.317,571.306,571.406,137412002.56,6525
2024-09-29 18:00:00+00:00,572.176,572.317,571.306,571.406,137412002.56,6526
2024-09-29 19:00:00+00:00,572.176,572.317,571.306,571.406,137412002.56,6527
2024-09-29 20:00:00+00:00,572.176,572.317,571.306,571.406,137412002.56,6528
2024-09-29 21:00:00+00:00,572.176,572.317,571.306,571.406,137412002.56,6529
2024-09-29 22:00:00+00:00,572.176,572.317,571.306,571.406,137412002.56,6530
2024-09-29 23:00:00+00:00,572.176,572.317,571.306,571.406,137412002.56,6531
2024-09-30 00:00:00+00:00,572.176,572.317,571.306,571.406,137412002.56,6532
2024-09-30 01:00:00+00:00,572.176,572.317,571.306,571.406,137412002.56,6533
2024-09-30 02:00:00+00:00,572.176,572.317,571.306,571.406,137412002.56,6534
2024-09-30 03:00:00+00:00,572.176,572.317,571.306,571.406,137412002.56,6535
2024-09-30 04:00:00+00:00,572.176,572.317,571.306,571.406,137412002.56,6536
2024-09-30 05:00:00+00:00,572.176,572.317,571.306,571.406,137412002.56,6537
2024-09-30 06:00:00+00:00,572.176,572.317,571.306,571.406,137412002.56,6538
2024-09-30 07:00:00+00:00,572.176,572.317,571.306,571.406,137412002.56,6539
2024-09-30 08:00:00+00:00,572.176,572.317,571.306,571.406,137412002.56,6540
2024-09-30 09:00:00+00:00,572.176,572.317,571.306,571.406,137412002.56,6541
2024-09-30 10:00:00+00:00,572.176,572.317,571.306,571.406,137412002.56,6542
2024-09-30 11:00:00+00:00,572.176,572.317,571.306,571.406,137412002.56,6543
2024-09-30 12:00:00+00:00,572.176,572.317,571.306,571.406,137412002.56,6544
2024-09-30 13:00:00+00:00,570.417,571.477,570.417,570.626,104304000.85,6545
2024-09-30 14:00:00+00:00,570.616,571.606,570.226,571.266,166968002.32,6546
2024-09-30 15:00:00+00:00,571.267,571.817,570.717,571.557,134123992.92,6547
2024-09-30 16:00:00+00:00,571.556,572.237,571.516,571.567,100127998.35,6548
2024-09-30 17:00:00+00:00,571.556,571.696,570.916,571.577,86867996.22,6549
2024-09-30 18:00:00+00:00,571.576,571.617,568.086,570.526,182820007.32,6550
2024-09-30 19:00:00+00:00,570.517,574.357,569.907,573.986,158796005.25,6551
2024-09-30 20:00:00+00:00,570.517,574.357,569.907,573.986,158796005.25,6552
2024-09-30 21:00:00+00:00,570.517,574.357,569.907,573.986,158796005.25,6553
2024-09-30 22:00:00+00:00,570.517,574.357,569.907,573.986,158796005.25,6554
2024-09-30 23:00:00+00:00,570.517,574.357,569.907,573.986,158796005.25,6555
2024-10-01 00:00:00+00:00,570.517,574.357,569.907,573.986,158796005.25,6556
2024-10-01 01:00:00+00:00,570.517,574.357,569.907,573.986,158796005.25,6557
2024-10-01 02:00:00+00:00,570.517,574.357,569.907,573.986,158796005.25,6558
2024-10-01 03:00:00+00:00,570.517,574.357,569.907,573.986,158796005.25,6559
2024-10-01 04:00:00+00:00,570.517,574.357,569.907,573.986,158796005.25,6560
2024-10-01 05:00:00+00:00,570.517,574.357,569.907,573.986,158796005.25,6561
2024-10-01 06:00:00+00:00,570.517,574.357,569.907,573.986,158796005.25,6562
2024-10-01 07:00:00+00:00,570.517,574.357,569.907,573.986,158796005.25,6563
2024-10-01 08:00:00+00:00,570.517,574.357,569.907,573.986,158796005.25,6564
2024-10-01 09:00:00+00:00,570.517,574.357,569.907,573.986,158796005.25,6565
2024-10-01 10:00:00+00:00,570.517,574.357,569.907,573.986,158796005.25,6566
2024-10-01 11:00:00+00:00,570.517,574.357,569.907,573.986,158796005.25,6567
2024-10-01 12:00:00+00:00,570.517,574.357,569.907,573.986,158796005.25,6568
2024-10-01 13:00:00+00:00,573.367,573.436,568.567,569.507,173555999.76,6569
2024-10-01 14:00:00+00:00,569.506,570.287,566.586,568.026,291899993.9,6570
2024-10-01 15:00:00+00:00,568.016,569.437,565.997,568.357,210072006.23,6571
2024-10-01 16:00:00+00:00,568.317,569.577,566.557,568.377,201516006.47,6572
2024-10-01 17:00:00+00:00,568.386,569.347,566.256,569.337,199296005.25,6573
2024-10-01 18:00:00+00:00,569.316,570.907,569.266,570.376,183983993.53,6574
2024-10-01 19:00:00+00:00,570.376,570.467,568.396,568.617,170735992.43,6575
2024-10-01 20:00:00+00:00,570.376,570.467,568.396,568.617,170735992.43,6576
2024-10-01 21:00:00+00:00,570.376,570.467,568.396,568.617,170735992.43,6577
2024-10-01 22:00:00+00:00,570.376,570.467,568.396,568.617,170735992.43,6578
2024-10-01 23:00:00+00:00,570.376,570.467,568.396,568.617,170735992.43,6579
2024-10-02 00:00:00+00:00,570.376,570.467,568.396,568.617,170735992.43,6580
2024-10-02 01:00:00+00:00,570.376,570.467,568.396,568.617,170735992.43,6581
2024-10-02 02:00:00+00:00,570.376,570.467,568.396,568.617,170735992.43,6582
2024-10-02 03:00:00+00:00,570.376,570.467,568.396,568.617,170735992.43,6583
2024-10-02 04:00:00+00:00,570.376,570.467,568.396,568.617,170735992.43,6584
2024-10-02 05:00:00+00:00,570.376,570.467,568.396,568.617,170735992.43,6585
2024-10-02 06:00:00+00:00,570.376,570.467,568.396,568.617,170735992.43,6586
2024-10-02 07:00:00+00:00,570.376,570.467,568.396,568.617,170735992.43,6587
2024-10-02 08:00:00+00:00,570.376,570.467,568.396,568.617,170735992.43,6588
2024-10-02 09:00:00+00:00,570.376,570.467,568.396,568.617,170735992.43,6589
2024-10-02 10:00:00+00:00,570.376,570.467,568.396,568.617,170735992.43,6590
2024-10-02 11:00:00+00:00,570.376,570.467,568.396,568.617,170735992.43,6591
2024-10-02 12:00:00+00:00,570.376,570.467,568.396,568.617,170735992.43,6592
2024-10-02 13:00:00+00:00,567.667,567.667,565.247,567.026,147240005.49,6593
2024-10-02 14:00:00+00:00,567.067,569.667,566.886,568.296,237936004.64,6594
2024-10-02 15:00:00+00:00,568.306,569.896,568.096,569.506,167759994.51,6595
2024-10-02 16:00:00+00:00,569.496,569.786,567.816,567.856,146244003.3,6596
2024-10-02 17:00:00+00:00,567.846,569.127,567.567,569.047,152951995.85,6597
2024-10-02 18:00:00+00:00,569.047,569.356,567.717,568.887,118608001.71,6598
2024-10-02 19:00:00+00:00,568.887,569.437,568.687,568.776,111372001.65,6599
2024-10-02 20:00:00+00:00,568.887,569.437,568.687,568.776,111372001.65,6600
2024-10-02 21:00:00+00:00,568.887,569.437,568.687,568.776,111372001.65,6601
2024-10-02 22:00:00+00:00,568.887,569.437,568.687,568.776,111372001.65,6602
2024-10-02 23:00:00+00:00,568.887,569.437,568.687,568.776,111372001.65,6603
2024-10-03 00:00:00+00:00,568.887,569.437,568.687,568.776,111372001.65,6604
2024-10-03 01:00:00+00:00,568.887,569.437,568.687,568.776,111372001.65,6605
2024-10-03 02:00:00+00:00,568.887,569.437,568.687,568.776,111372001.65,6606
2024-10-03 03:00:00+00:00,568.887,569.437,568.687,568.776,111372001.65,6607
2024-10-03 04:00:00+00:00,568.887,569.437,568.687,568.776,111372001.65,6608
2024-10-03 05:00:00+00:00,568.887,569.437,568.687,568.776,111372001.65,6609
2024-10-03 06:00:00+00:00,568.887,569.437,568.687,568.776,111372001.65,6610
2024-10-03 07:00:00+00:00,568.887,569.437,568.687,568.776,111372001.65,6611
2024-10-03 08:00:00+00:00,568.887,569.437,568.687,568.776,111372001.65,6612
2024-10-03 09:00:00+00:00,568.887,569.437,568.687,568.776,111372001.65,6613
2024-10-03 10:00:00+00:00,568.887,569.437,568.687,568.776,111372001.65,6614
2024-10-03 11:00:00+00:00,568.887,569.437,568.687,568.776,111372001.65,6615
2024-10-03 12:00:00+00:00,568.887,569.437,568.687,568.776,111372001.65,6616
2024-10-03 13:00:00+00:00,567.376,568.267,566.797,567.757,120636001.59,6617
2024-10-03 14:00:00+00:00,567.757,569.796,566.217,566.627,265403991.7,6618
2024-10-03 15:00:00+00:00,566.647,568.957,566.237,568.437,165600006.1,6619
2024-10-03 16:00:00+00:00,568.456,569.127,565.847,566.366,144539993.29,6620
2024-10-03 17:00:00+00:00,566.366,567.417,565.487,567.067,147179992.68,6621
2024-10-03 18:00:00+00:00,567.057,567.406,566.447,566.746,96132003.78,6622
2024-10-03 19:00:00+00:00,566.757,568.257,566.036,567.787,125975997.92,6623
2024-10-03 20:00:00+00:00,566.757,568.257,566.036,567.787,125975997.92,6624
2024-10-03 21:00:00+00:00,566.757,568.257,566.036,567.787,125975997.92,6625
2024-10-03 22:00:00+00:00,566.757,568.257,566.036,567.787,125975997.92,6626
2024-10-03 23:00:00+00:00,566.757,568.257,566.036,567.787,125975997.92,6627
2024-10-04 00:00:00+00:00,566.757,568.257,566.036,567.787,125975997.92,6628
2024-10-04 01:00:00+00:00,566.757,568.257,566.036,567.787,125975997.92,6629
2024-10-04 02:00:00+00:00,566.757,568.257,566.036,567.787,125975997.92,6630
2024-10-04 03:00:00+00:00,566.757,568.257,566.036,567.787,125975997.92,6631
2024-10-04 04:00:00+00:00,566.757,568.257,566.036,567.787,125975997.92,6632
2024-10-04 05:00:00+00:00,566.757,568.257,566.036,567.787,125975997.92,6633
2024-10-04 06:00:00+00:00,566.757,568.257,566.036,567.787,125975997.92,6634
2024-10-04 07:00:00+00:00,566.757,568.257,566.036,567.787,125975997.92,6635
2024-10-04 08:00:00+00:00,566.757,568.257,566.036,567.787,125975997.92,6636
2024-10-04 09:00:00+00:00,566.757,568.257,566.036,567.787,125975997.92,6637
2024-10-04 10:00:00+00:00,566.757,568.257,566.036,567.787,125975997.92,6638
2024-10-04 11:00:00+00:00,566.757,568.257,566.036,567.787,125975997.92,6639
2024-10-04 12:00:00+00:00,566.757,568.257,566.036,567.787,125975997.92,6640
2024-10-04 13:00:00+00:00,572.337,572.687,569.866,570.116,137927993.77,6641
2024-10-04 14:00:00+00:00,570.116,571.137,568.147,570.027,246276000.98,6642
2024-10-04 15:00:00+00:00,570.016,570.717,568.276,570.446,206940002.44,6643
2024-10-04 16:00:00+00:00,570.467,571.477,569.406,571.037,147623992.92,6644
2024-10-04 17:00:00+00:00,570.996,571.557,569.547,570.206,107928001.4,6645
2024-10-04 18:00:00+00:00,570.236,571.556,569.687,571.486,88344001.77,6646
2024-10-04 19:00:00+00:00,571.467,573.347,571.126,572.906,93347999.57,6647
2024-10-04 20:00:00+00:00,571.467,573.347,571.126,572.906,93347999.57,6648
2024-10-04 21:00:00+00:00,571.467,573.347,571.126,572.906,93347999.57,6649
2024-10-04 22:00:00+00:00,571.467,573.347,571.126,572.906,93347999.57,6650
2024-10-04 23:00:00+00:00,571.467,573.347,571.126,572.906,93347999.57,6651
2024-10-05 00:00:00+00:00,571.467,573.347,571.126,572.906,93347999.57,6652
2024-10-05 01:00:00+00:00,571.467,573.347,571.126,572.906,93347999.57,6653
2024-10-05 02:00:00+00:00,571.467,573.347,571.126,572.906,93347999.57,6654
2024-10-05 03:00:00+00:00,571.467,573.347,571.126,572.906,93347999.57,6655
2024-10-05 04:00:00+00:00,571.467,573.347,571.126,572.906,93347999.57,6656
2024-10-05 05:00:00+00:00,571.467,573.347,571.126,572.906,93347999.57,6657
2024-10-05 06:00:00+00:00,571.467,573.347,571.126,572.906,93347999.57,6658
2024-10-05 07:00:00+00:00,571.467,573.347,571.126,572.906,93347999.57,6659
2024-10-05 08:00:00+00:00,571.467,573.347,571.126,572.906,93347999.57,6660
2024-10-05 09:00:00+00:00,571.467,573.347,571.126,572.906,93347999.57,6661
2024-10-05 10:00:00+00:00,571.467,573.347,571.126,572.906,93347999.57,6662
2024-10-05 11:00:00+00:00,571.467,573.347,571.126,572.906,93347999.57,6663
2024-10-05 12:00:00+00:00,571.467,573.347,571.126,572.906,93347999.57,6664
2024-10-05 13:00:00+00:00,571.467,573.347,571.126,572.906,93347999.57,6665
2024-10-05 14:00:00+00:00,571.467,573.347,571.126,572.906,93347999.57,6666
2024-10-05 15:00:00+00:00,571.467,573.347,571.126,572.906,93347999.57,6667
2024-10-05 16:00:00+00:00,571.467,573.347,571.126,572.906,93347999.57,6668
2024-10-05 17:00:00+00:00,571.467,573.347,571.126,572.906,93347999.57,6669
2024-10-05 18:00:00+00:00,571.467,573.347,571.126,572.906,93347999.57,6670
2024-10-05 19:00:00+00:00,571.467,573.347,571.126,572.906,93347999.57,6671
2024-10-05 20:00:00+00:00,571.467,573.347,571.126,572.906,93347999.57,6672
2024-10-05 21:00:00+00:00,571.467,573.347,571.126,572.906,93347999.57,6673
2024-10-05 22:00:00+00:00,571.467,573.347,571.126,572.906,93347999.57,6674
2024-10-05 23:00:00+00:00,571.467,573.347,571.126,572.906,93347999.57,6675
2024-10-06 00:00:00+00:00,571.467,573.347,571.126,572.906,93347999.57,6676
2024-10-06 01:00:00+00:00,571.467,573.347,571.126,572.906,93347999.57,6677
2024-10-06 02:00:00+00:00,571.467,573.347,571.126,572.906,93347999.57,6678
2024-10-06 03:00:00+00:00,571.467,573.347,571.126,572.906,93347999.57,6679
2024-10-06 04:00:00+00:00,571.467,573.347,571.126,572.906,93347999.57,6680
2024-10-06 05:00:00+00:00,571.467,573.347,571.126,572.906,93347999.57,6681
2024-10-06 06:00:00+00:00,571.467,573.347,571.126,572.906,93347999.57,6682
2024-10-06 07:00:00+00:00,571.467,573.347,571.126,572.906,93347999.57,6683
2024-10-06 08:00:00+00:00,571.467,573.347,571.126,572.906,93347999.57,6684
2024-10-06 09:00:00+00:00,571.467,573.347,571.126,572.906,93347999.57,6685
2024-10-06 10:00:00+00:00,571.467,573.347,571.126,572.906,93347999.57,6686
2024-10-06 11:00:00+00:00,571.467,573.347,571.126,572.906,93347999.57,6687
2024-10-06 12:00:00+00:00,571.467,573.347,571.126,572.906,93347999.57,6688
2024-10-06 13:00:00+00:00,571.467,573.347,571.126,572.906,93347999.57,6689
2024-10-06 14:00:00+00:00,571.467,573.347,571.126,572.906,93347999.57,6690
2024-10-06 15:00:00+00:00,571.467,573.347,571.126,572.906,93347999.57,6691
2024-10-06 16:00:00+00:00,571.467,573.347,571.126,572.906,93347999.57,6692
2024-10-06 17:00:00+00:00,571.467,573.347,571.126,572.906,93347999.57,6693
2024-10-06 18:00:00+00:00,571.467,573.347,571.126,572.906,93347999.57,6694
2024-10-06 19:00:00+00:00,571.467,573.347,571.126,572.906,93347999.57,6695
2024-10-06 20:00:00+00:00,571.467,573.347,571.126,572.906,93347999.57,6696
2024-10-06 21:00:00+00:00,571.467,573.347,571.126,572.906,93347999.57,6697
2024-10-06 22:00:00+00:00,571.467,573.347,571.126,572.906,93347999.57,6698
2024-10-06 23:00:00+00:00,571.467,573.347,571.126,572.906,93347999.57,6699
2024-10-07 00:00:00+00:00,571.467,573.347,571.126,572.906,93347999.57,6700
2024-10-07 01:00:00+00:00,571.467,573.347,571.126,572.906,93347999.57,6701
2024-10-07 02:00:00+00:00,571.467,573.347,571.126,572.906,93347999.57,6702
2024-10-07 03:00:00+00:00,571.467,573.347,571.126,572.906,93347999.57,6703
2024-10-07 04:00:00+00:00,571.467,573.347,571.126,572.906,93347999.57,6704
2024-10-07 05:00:00+00:00,571.467,573.347,571.126,572.906,93347999.57,6705
2024-10-07 06:00:00+00:00,571.467,573.347,571.126,572.906,93347999.57,6706
2024-10-07 07:00:00+00:00,571.467,573.347,571.126,572.906,93347999.57,6707
2024-10-07 08:00:00+00:00,571.467,573.347,571.126,572.906,93347999.57,6708
2024-10-07 09:00:00+00:00,571.467,573.347,571.126,572.906,93347999.57,6709
2024-10-07 10:00:00+00:00,571.467,573.347,571.126,572.906,93347999.57,6710
2024-10-07 11:00:00+00:00,571.467,573.347,571.126,572.906,93347999.57,6711
2024-10-07 12:00:00+00:00,571.467,573.347,571.126,572.906,93347999.57,6712
2024-10-07 13:00:00+00:00,571.296,571.626,570.496,570.706,140927993.77,6713
2024-10-07 14:00:00+00:00,570.737,571.936,570.636,571.276,204072006.23,6714
2024-10-07 15:00:00+00:00,571.256,571.767,570.586,571.117,138912002.56,6715
2024-10-07 16:00:00+00:00,571.107,571.157,570.097,570.606,121680000.31,6716
2024-10-07 17:00:00+00:00,570.596,570.957,569.816,570.416,111611999.51,6717
2024-10-07 18:00:00+00:00,570.407,570.457,566.596,566.816,188520004.27,6718
2024-10-07 19:00:00+00:00,566.796,568.657,566.666,567.776,186707992.55,6719
2024-10-07 20:00:00+00:00,566.796,568.657,566.666,567.776,186707992.55,6720
2024-10-07 21:00:00+00:00,566.796,568.657,566.666,567.776,186707992.55,6721
2024-10-07 22:00:00+00:00,566.796,568.657,566.666,567.776,186707992.55,6722
2024-10-07 23:00:00+00:00,566.796,568.657,566.666,567.776,186707992.55,6723
2024-10-08 00:00:00+00:00,566.796,568.657,566.666,567.776,186707992.55,6724
2024-10-08 01:00:00+00:00,566.796,568.657,566.666,567.776,186707992.55,6725
2024-10-08 02:00:00+00:00,566.796,568.657,566.666,567.776,186707992.55,6726
2024-10-08 03:00:00+00:00,566.796,568.657,566.666,567.776,186707992.55,6727
2024-10-08 04:00:00+00:00,566.796,568.657,566.666,567.776,186707992.55,6728
2024-10-08 05:00:00+00:00,566.796,568.657,566.666,567.776,186707992.55,6729
2024-10-08 06:00:00+00:00,566.796,568.657,566.666,567.776,186707992.55,6730
2024-10-08 07:00:00+00:00,566.796,568.657,566.666,567.776,186707992.55,6731
2024-10-08 08:00:00+00:00,566.796,568.657,566.666,567.776,186707992.55,6732
2024-10-08 09:00:00+00:00,566.796,568.657,566.666,567.776,186707992.55,6733
2024-10-08 10:00:00+00:00,566.796,568.657,566.666,567.776,186707992.55,6734
2024-10-08 11:00:00+00:00,566.796,568.657,566.666,567.776,186707992.55,6735
2024-10-08 12:00:00+00:00,566.796,568.657,566.666,567.776,186707992.55,6736
2024-10-08 13:00:00+00:00,570.377,570.827,569.506,570.737,126720001.22,6737
2024-10-08 14:00:00+00:00,570.737,572.527,570.366,571.787,189360000.61,6738
2024-10-08 15:00:00+00:00,571.776,572.317,571.247,572.266,129311996.46,6739
2024-10-08 16:00:00+00:00,572.257,572.316,571.386,571.856,84648002.62,6740
2024-10-08 17:00:00+00:00,571.847,571.956,570.517,571.726,117323997.5,6741
2024-10-08 18:00:00+00:00,571.746,572.877,571.696,572.706,93036003.11,6742
2024-10-08 19:00:00+00:00,572.696,573.737,572.346,573.137,102564002.99,6743
2024-10-08 20:00:00+00:00,572.696,573.737,572.346,573.137,102564002.99,6744
2024-10-08 21:00:00+00:00,572.696,573.737,572.346,573.137,102564002.99,6745
2024-10-08 22:00:00+00:00,572.696,573.737,572.346,573.137,102564002.99,6746
2024-10-08 23:00:00+00:00,572.696,573.737,572.346,573.137,102564002.99,6747
2024-10-09 00:00:00+00:00,572.696,573.737,572.346,573.137,102564002.99,6748
2024-10-09 01:00:00+00:00,572.696,573.737,572.346,573.137,102564002.99,6749
2024-10-09 02:00:00+00:00,572.696,573.737,572.346,573.137,102564002.99,6750
2024-10-09 03:00:00+00:00,572.696,573.737,572.346,573.137,102564002.99,6751
2024-10-09 04:00:00+00:00,572.696,573.737,572.346,573.137,102564002.99,6752
2024-10-09 05:00:00+00:00,572.696,573.737,572.346,573.137,102564002.99,6753
2024-10-09 06:00:00+00:00,572.696,573.737,572.346,573.137,102564002.99,6754
2024-10-09 07:00:00+00:00,572.696,573.737,572.346,573.137,102564002.99,6755
2024-10-09 08:00:00+00:00,572.696,573.737,572.346,573.137,102564002.99,6756
2024-10-09 09:00:00+00:00,572.696,573.737,572.346,573.137,102564002.99,6757
2024-10-09 10:00:00+00:00,572.696,573.737,572.346,573.137,102564002.99,6758
2024-10-09 11:00:00+00:00,572.696,573.737,572.346,573.137,102564002.99,6759
2024-10-09 12:00:00+00:00,572.696,573.737,572.346,573.137,102564002.99,6760
2024-10-09 13:00:00+00:00,573.146,573.757,572.536,573.516,106332000.73,6761
2024-10-09 14:00:00+00:00,573.526,574.957,573.426,574.877,150707992.55,6762
2024-10-09 15:00:00+00:00,574.897,577.037,574.896,576.876,109463996.89,6763
2024-10-09 16:00:00+00:00,576.877,576.897,575.526,575.866,120816001.89,6764
2024-10-09 17:00:00+00:00,575.877,576.607,574.967,575.716,96683998.11,6765
2024-10-09 18:00:00+00:00,575.766,576.527,575.457,576.217,115344001.77,6766
2024-10-09 19:00:00+00:00,576.227,577.687,575.727,577.086,124884002.69,6767
2024-10-09 20:00:00+00:00,576.227,577.687,575.727,577.086,124884002.69,6768
2024-10-09 21:00:00+00:00,576.227,577.687,575.727,577.086,124884002.69,6769
2024-10-09 22:00:00+00:00,576.227,577.687,575.727,577.086,124884002.69,6770
2024-10-09 23:00:00+00:00,576.227,577.687,575.727,577.086,124884002.69,6771
2024-10-10 00:00:00+00:00,576.227,577.687,575.727,577.086,124884002.69,6772
2024-10-10 01:00:00+00:00,576.227,577.687,575.727,577.086,124884002.69,6773
2024-10-10 02:00:00+00:00,576.227,577.687,575.727,577.086,124884002.69,6774
2024-10-10 03:00:00+00:00,576.227,577.687,575.727,577.086,124884002.69,6775
2024-10-10 04:00:00+00:00,576.227,577.687,575.727,577.086,124884002.69,6776
2024-10-10 05:00:00+00:00,576.227,577.687,575.727,577.086,124884002.69,6777
2024-10-10 06:00:00+00:00,576.227,577.687,575.727,577.086,124884002.69,6778
2024-10-10 07:00:00+00:00,576.227,577.687,575.727,577.086,124884002.69,6779
2024-10-10 08:00:00+00:00,576.227,577.687,575.727,577.086,124884002.69,6780
2024-10-10 09:00:00+00:00,576.227,577.687,575.727,577.086,124884002.69,6781
2024-10-10 10:00:00+00:00,576.227,577.687,575.727,577.086,124884002.69,6782
2024-10-10 11:00:00+00:00,576.227,577.687,575.727,577.086,124884002.69,6783
2024-10-10 12:00:00+00:00,576.227,577.687,575.727,577.086,124884002.69,6784
2024-10-10 13:00:00+00:00,575.736,576.307,574.536,575.366,136332000.73,6785
2024-10-10 14:00:00+00:00,575.396,576.637,575.106,575.416,214440002.44,6786
2024-10-10 15:00:00+00:00,575.426,576.977,575.127,576.936,161472000.12,6787
2024-10-10 16:00:00+00:00,576.947,577.557,575.766,576.196,172464004.52,6788
2024-10-10 17:00:00+00:00,576.196,576.657,574.766,576.207,193895996.09,6789
2024-10-10 18:00:00+00:00,576.187,576.216,574.486,575.297,165768005.37,6790
2024-10-10 19:00:00+00:00,575.246,576.527,574.816,576.076,147768005.37,6791
2024-10-10 20:00:00+00:00,575.246,576.527,574.816,576.076,147768005.37,6792
2024-10-10 21:00:00+00:00,575.246,576.527,574.816,576.076,147768005.37,6793
2024-10-10 22:00:00+00:00,575.246,576.527,574.816,576.076,147768005.37,6794
2024-10-10 23:00:00+00:00,575.246,576.527,574.816,576.076,147768005.37,6795
2024-10-11 00:00:00+00:00,575.246,576.527,574.816,576.076,147768005.37,6796
2024-10-11 01:00:00+00:00,575.246,576.527,574.816,576.076,147768005.37,6797
2024-10-11 02:00:00+00:00,575.246,576.527,574.816,576.076,147768005.37,6798
2024-10-11 03:00:00+00:00,575.246,576.527,574.816,576.076,147768005.37,6799
2024-10-11 04:00:00+00:00,575.246,576.527,574.816,576.076,147768005.37,6800
2024-10-11 05:00:00+00:00,575.246,576.527,574.816,576.076,147768005.37,6801
2024-10-11 06:00:00+00:00,575.246,576.527,574.816,576.076,147768005.37,6802
2024-10-11 07:00:00+00:00,575.246,576.527,574.816,576.076,147768005.37,6803
2024-10-11 08:00:00+00:00,575.246,576.527,574.816,576.076,147768005.37,6804
2024-10-11 09:00:00+00:00,575.246,576.527,574.816,576.076,147768005.37,6805
2024-10-11 10:00:00+00:00,575.246,576.527,574.816,576.076,147768005.37,6806
2024-10-11 11:00:00+00:00,575.246,576.527,574.816,576.076,147768005.37,6807
2024-10-11 12:00:00+00:00,575.246,576.527,574.816,576.076,147768005.37,6808
2024-10-11 13:00:00+00:00,576.037,577.507,575.897,577.347,119615997.31,6809
2024-10-11 14:00:00+00:00,577.286,580.087,576.986,579.076,189395996.09,6810
2024-10-11 15:00:00+00:00,579.056,579.767,578.977,579.637,112272003.17,6811
2024-10-11 16:00:00+00:00,579.616,579.627,578.056,578.847,117120002.75,6812
2024-10-11 17:00:00+00:00,578.846,579.357,578.366,579.116,92772003.17,6813
2024-10-11 18:00:00+00:00,579.087,579.887,578.766,579.697,69251998.9,6814
2024-10-11 19:00:00+00:00,579.687,580.307,579.486,579.507,97823997.5,6815
2024-10-11 20:00:00+00:00,579.687,580.307,579.486,579.507,97823997.5,6816
2024-10-11 21:00:00+00:00,579.687,580.307,579.486,579.507,97823997.5,6817
2024-10-11 22:00:00+00:00,579.687,580.307,579.486,579.507,97823997.5,6818
2024-10-11 23:00:00+00:00,579.687,580.307,579.486,579.507,97823997.5,6819
2024-10-12 00:00:00+00:00,579.687,580.307,579.486,579.507,97823997.5,6820
2024-10-12 01:00:00+00:00,579.687,580.307,579.486,579.507,97823997.5,6821
2024-10-12 02:00:00+00:00,579.687,580.307,579.486,579.507,97823997.5,6822
2024-10-12 03:00:00+00:00,579.687,580.307,579.486,579.507,97823997.5,6823
2024-10-12 04:00:00+00:00,579.687,580.307,579.486,579.507,97823997.5,6824
2024-10-12 05:00:00+00:00,579.687,580.307,579.486,579.507,97823997.5,6825
2024-10-12 06:00:00+00:00,579.687,580.307,579.486,579.507,97823997.5,6826
2024-10-12 07:00:00+00:00,579.687,580.307,579.486,579.507,97823997.5,6827
2024-10-12 08:00:00+00:00,579.687,580.307,579.486,579.507,97823997.5,6828
2024-10-12 09:00:00+00:00,579.687,580.307,579.486,579.507,97823997.5,6829
2024-10-12 10:00:00+00:00,579.687,580.307,579.486,579.507,97823997.5,6830
2024-10-12 11:00:00+00:00,579.687,580.307,579.486,579.507,97823997.5,6831
2024-10-12 12:00:00+00:00,579.687,580.307,579.486,579.507,97823997.5,6832
2024-10-12 13:00:00+00:00,579.687,580.307,579.486,579.507,97823997.5,6833
2024-10-12 14:00:00+00:00,579.687,580.307,579.486,579.507,97823997.5,6834
2024-10-12 15:00:00+00:00,579.687,580.307,579.486,579.507,97823997.5,6835
2024-10-12 16:00:00+00:00,579.687,580.307,579.486,579.507,97823997.5,6836
2024-10-12 17:00:00+00:00,579.687,580.307,579.486,579.507,97823997.5,6837
2024-10-12 18:00:00+00:00,579.687,580.307,579.486,579.507,97823997.5,6838
2024-10-12 19:00:00+00:00,579.687,580.307,579.486,579.507,97823997.5,6839
2024-10-12 20:00:00+00:00,579.687,580.307,579.486,579.507,97823997.5,6840
2024-10-12 21:00:00+00:00,579.687,580.307,579.486,579.507,97823997.5,6841
2024-10-12 22:00:00+00:00,579.687,580.307,579.486,579.507,97823997.5,6842
2024-10-12 23:00:00+00:00,579.687,580.307,579.486,579.507,97823997.5,6843
2024-10-13 00:00:00+00:00,579.687,580.307,579.486,579.507,97823997.5,6844
2024-10-13 01:00:00+00:00,579.687,580.307,579.486,579.507,97823997.5,6845
2024-10-13 02:00:00+00:00,579.687,580.307,579.486,579.507,97823997.5,6846
2024-10-13 03:00:00+00:00,579.687,580.307,579.486,579.507,97823997.5,6847
2024-10-13 04:00:00+00:00,579.687,580.307,579.486,579.507,97823997.5,6848
2024-10-13 05:00:00+00:00,579.687,580.307,579.486,579.507,97823997.5,6849
2024-10-13 06:00:00+00:00,579.687,580.307,579.486,579.507,97823997.5,6850
2024-10-13 07:00:00+00:00,579.687,580.307,579.486,579.507,97823997.5,6851
2024-10-13 08:00:00+00:00,579.687,580.307,579.486,579.507,97823997.5,6852
2024-10-13 09:00:00+00:00,579.687,580.307,579.486,579.507,97823997.5,6853
2024-10-13 10:00:00+00:00,579.687,580.307,579.486,579.507,97823997.5,6854
2024-10-13 11:00:00+00:00,579.687,580.307,579.486,579.507,97823997.5,6855
2024-10-13 12:00:00+00:00,579.687,580.307,579.486,579.507,97823997.5,6856
2024-10-13 13:00:00+00:00,579.687,580.307,579.486,579.507,97823997.5,6857
2024-10-13 14:00:00+00:00,579.687,580.307,579.486,579.507,97823997.5,6858
2024-10-13 15:00:00+00:00,579.687,580.307,579.486,579.507,97823997.5,6859
2024-10-13 16:00:00+00:00,579.687,580.307,579.486,579.507,97823997.5,6860
2024-10-13 17:00:00+00:00,579.687,580.307,579.486,579.507,97823997.5,6861
2024-10-13 18:00:00+00:00,579.687,580.307,579.486,579.507,97823997.5,6862
2024-10-13 19:00:00+00:00,579.687,580.307,579.486,579.507,97823997.5,6863
2024-10-13 20:00:00+00:00,579.687,580.307,579.486,579.507,97823997.5,6864
2024-10-13 21:00:00+00:00,579.687,580.307,579.486,579.507,97823997.5,6865
2024-10-13 22:00:00+00:00,579.687,580.307,579.486,579.507,97823997.5,6866
2024-10-13 23:00:00+00:00,579.687,580.307,579.486,579.507,97823997.5,6867
2024-10-14 00:00:00+00:00,579.687,580.307,579.486,579.507,97823997.5,6868
2024-10-14 01:00:00+00:00,579.687,580.307,579.486,579.507,97823997.5,6869
2024-10-14 02:00:00+00:00,579.687,580.307,579.486,579.507,97823997.5,6870
2024-10-14 03:00:00+00:00,579.687,580.307,579.486,579.507,97823997.5,6871
2024-10-14 04:00:00+00:00,579.687,580.307,579.486,579.507,97823997.5,6872
2024-10-14 05:00:00+00:00,579.687,580.307,579.486,579.507,97823997.5,6873
2024-10-14 06:00:00+00:00,579.687,580.307,579.486,579.507,97823997.5,6874
2024-10-14 07:00:00+00:00,579.687,580.307,579.486,579.507,97823997.5,6875
2024-10-14 08:00:00+00:00,579.687,580.307,579.486,579.507,97823997.5,6876
2024-10-14 09:00:00+00:00,579.687,580.307,579.486,579.507,97823997.5,6877
2024-10-14 10:00:00+00:00,579.687,580.307,579.486,579.507,97823997.5,6878
2024-10-14 11:00:00+00:00,579.687,580.307,579.486,579.507,97823997.5,6879
2024-10-14 12:00:00+00:00,579.687,580.307,579.486,579.507,97823997.5,6880
2024-10-14 13:00:00+00:00,581.197,583.276,580.797,583.267,109632003.78,6881
2024-10-14 14:00:00+00:00,583.277,583.767,582.596,582.816,150395996.09,6882
2024-10-14 15:00:00+00:00,582.806,583.437,582.296,583.437,111216003.42,6883
2024-10-14 16:00:00+00:00,583.436,583.947,583.376,583.797,69372001.65,6884
2024-10-14 17:00:00+00:00,583.786,584.116,583.516,583.576,50088001.25,6885
2024-10-14 18:00:00+00:00,583.577,584.616,583.286,584.246,56256000.52,6886
2024-10-14 19:00:00+00:00,584.246,585.256,583.996,584.266,80723999.02,6887
2024-10-14 20:00:00+00:00,584.246,585.256,583.996,584.266,80723999.02,6888
2024-10-14 21:00:00+00:00,584.246,585.256,583.996,584.266,80723999.02,6889
2024-10-14 22:00:00+00:00,584.246,585.256,583.996,584.266,80723999.02,6890
2024-10-14 23:00:00+00:00,584.246,585.256,583.996,584.266,80723999.02,6891
2024-10-15 00:00:00+00:00,584.246,585.256,583.996,584.266,80723999.02,6892
2024-10-15 01:00:00+00:00,584.246,585.256,583.996,584.266,80723999.02,6893
2024-10-15 02:00:00+00:00,584.246,585.256,583.996,584.266,80723999.02,6894
2024-10-15 03:00:00+00:00,584.246,585.256,583.996,584.266,80723999.02,6895
2024-10-15 04:00:00+00:00,584.246,585.256,583.996,584.266,80723999.02,6896
2024-10-15 05:00:00+00:00,584.246,585.256,583.996,584.266,80723999.02,6897
2024-10-15 06:00:00+00:00,584.246,585.256,583.996,584.266,80723999.02,6898
2024-10-15 07:00:00+00:00,584.246,585.256,583.996,584.266,80723999.02,6899
2024-10-15 08:00:00+00:00,584.246,585.256,583.996,584.266,80723999.02,6900
2024-10-15 09:00:00+00:00,584.246,585.256,583.996,584.266,80723999.02,6901
2024-10-15 10:00:00+00:00,584.246,585.256,583.996,584.266,80723999.02,6902
2024-10-15 11:00:00+00:00,584.246,585.256,583.996,584.266,80723999.02,6903
2024-10-15 12:00:00+00:00,584.246,585.256,583.996,584.266,80723999.02,6904
2024-10-15 13:00:00+00:00,584.566,584.887,584.086,584.187,79643997.19,6905
2024-10-15 14:00:00+00:00,584.197,584.607,581.247,581.947,230436004.64,6906
2024-10-15 15:00:00+00:00,581.926,582.796,581.247,581.387,168492004.39,6907
2024-10-15 16:00:00+00:00,581.396,582.537,581.326,581.786,126036003.11,6908
2024-10-15 17:00:00+00:00,581.777,581.957,580.806,580.976,120335998.54,6909
2024-10-15 18:00:00+00:00,580.967,581.387,579.996,580.097,120912002.56,6910
2024-10-15 19:00:00+00:00,580.106,580.187,578.537,579.756,154932006.84,6911
2024-10-15 20:00:00+00:00,580.106,580.187,578.537,579.756,154932006.84,6912
2024-10-15 21:00:00+00:00,580.106,580.187,578.537,579.756,154932006.84,6913
2024-10-15 22:00:00+00:00,580.106,580.187,578.537,579.756,154932006.84,6914
2024-10-15 23:00:00+00:00,580.106,580.187,578.537,579.756,154932006.84,6915
2024-10-16 00:00:00+00:00,580.106,580.187,578.537,579.756,154932006.84,6916
2024-10-16 01:00:00+00:00,580.106,580.187,578.537,579.756,154932006.84,6917
2024-10-16 02:00:00+00:00,580.106,580.187,578.537,579.756,154932006.84,6918
2024-10-16 03:00:00+00:00,580.106,580.187,578.537,579.756,154932006.84,6919
2024-10-16 04:00:00+00:00,580.106,580.187,578.537,579.756,154932006.84,6920
2024-10-16 05:00:00+00:00,580.106,580.187,578.537,579.756,154932006.84,6921
2024-10-16 06:00:00+00:00,580.106,580.187,578.537,579.756,154932006.84,6922
2024-10-16 07:00:00+00:00,580.106,580.187,578.537,579.756,154932006.84,6923
2024-10-16 08:00:00+00:00,580.106,580.187,578.537,579.756,154932006.84,6924
2024-10-16 09:00:00+00:00,580.106,580.187,578.537,579.756,154932006.84,6925
2024-10-16 10:00:00+00:00,580.106,580.187,578.537,579.756,154932006.84,6926
2024-10-16 11:00:00+00:00,580.106,580.187,578.537,579.756,154932006.84,6927
2024-10-16 12:00:00+00:00,580.106,580.187,578.537,579.756,154932006.84,6928
2024-10-16 13:00:00+00:00,579.757,579.937,578.936,579.126,103248001.1,6929
2024-10-16 14:00:00+00:00,579.127,581.127,579.046,580.107,197544006.35,6930
2024-10-16 15:00:00+00:00,580.116,580.886,579.756,580.217,127416000.37,6931
2024-10-16 16:00:00+00:00,580.227,581.387,580.186,581.386,110304000.85,6932
2024-10-16 17:00:00+00:00,581.387,581.687,580.906,581.616,100164001.46,6933
2024-10-16 18:00:00+00:00,581.606,582.807,581.477,582.387,96828002.93,6934
2024-10-16 19:00:00+00:00,582.407,582.637,582.086,582.216,78767997.74,6935
2024-10-16 20:00:00+00:00,582.407,582.637,582.086,582.216,78767997.74,6936
2024-10-16 21:00:00+00:00,582.407,582.637,582.086,582.216,78767997.74,6937
2024-10-16 22:00:00+00:00,582.407,582.637,582.086,582.216,78767997.74,6938
2024-10-16 23:00:00+00:00,582.407,582.637,582.086,582.216,78767997.74,6939
2024-10-17 00:00:00+00:00,582.407,582.637,582.086,582.216,78767997.74,6940
2024-10-17 01:00:00+00:00,582.407,582.637,582.086,582.216,78767997.74,6941
2024-10-17 02:00:00+00:00,582.407,582.637,582.086,582.216,78767997.74,6942
2024-10-17 03:00:00+00:00,582.407,582.637,582.086,582.216,78767997.74,6943
2024-10-17 04:00:00+00:00,582.407,582.637,582.086,582.216,78767997.74,6944
2024-10-17 05:00:00+00:00,582.407,582.637,582.086,582.216,78767997.74,6945
2024-10-17 06:00:00+00:00,582.407,582.637,582.086,582.216,78767997.74,6946
2024-10-17 07:00:00+00:00,582.407,582.637,582.086,582.216,78767997.74,6947
2024-10-17 08:00:00+00:00,582.407,582.637,582.086,582.216,78767997.74,6948
2024-10-17 09:00:00+00:00,582.407,582.637,582.086,582.216,78767997.74,6949
2024-10-17 10:00:00+00:00,582.407,582.637,582.086,582.216,78767997.74,6950
2024-10-17 11:00:00+00:00,582.407,582.637,582.086,582.216,78767997.74,6951
2024-10-17 12:00:00+00:00,582.407,582.637,582.086,582.216,78767997.74,6952
2024-10-17 13:00:00+00:00,585.866,586.087,583.187,584.036,118260002.14,6953
2024-10-17 14:00:00+00:00,584.046,584.397,582.826,583.066,156179992.68,6954
2024-10-17 15:00:00+00:00,583.097,584.726,582.366,584.696,122339996.34,6955
2024-10-17 16:00:00+00:00,584.697,584.986,583.696,584.367,88872001.65,6956
2024-10-17 17:00:00+00:00,584.377,584.696,584.066,584.346,84732002.26,6957
2024-10-17 18:00:00+00:00,584.357,584.406,582.406,583.306,114216003.42,6958
2024-10-17 19:00:00+00:00,583.306,583.387,582.156,582.267,106872001.65,6959
2024-10-17 20:00:00+00:00,583.306,583.387,582.156,582.267,106872001.65,6960
2024-10-17 21:00:00+00:00,583.306,583.387,582.156,582.267,106872001.65,6961
2024-10-17 22:00:00+00:00,583.306,583.387,582.156,582.267,106872001.65,6962
2024-10-17 23:00:00+00:00,583.306,583.387,582.156,582.267,106872001.65,6963
2024-10-18 00:00:00+00:00,583.306,583.387,582.156,582.267,106872001.65,6964
2024-10-18 01:00:00+00:00,583.306,583.387,582.156,582.267,106872001.65,6965
2024-10-18 02:00:00+00:00,583.306,583.387,582.156,582.267,106872001.65,6966
2024-10-18 03:00:00+00:00,583.306,583.387,582.156,582.267,106872001.65,6967
2024-10-18 04:00:00+00:00,583.306,583.387,582.156,582.267,106872001.65,6968
2024-10-18 05:00:00+00:00,583.306,583.387,582.156,582.267,106872001.65,6969
2024-10-18 06:00:00+00:00,583.306,583.387,582.156,582.267,106872001.65,6970
2024-10-18 07:00:00+00:00,583.306,583.387,582.156,582.267,106872001.65,6971
2024-10-18 08:00:00+00:00,583.306,583.387,582.156,582.267,106872001.65,6972
2024-10-18 09:00:00+00:00,583.306,583.387,582.156,582.267,106872001.65,6973
2024-10-18 10:00:00+00:00,583.306,583.387,582.156,582.267,106872001.65,6974
2024-10-18 11:00:00+00:00,583.306,583.387,582.156,582.267,106872001.65,6975
2024-10-18 12:00:00+00:00,583.306,583.387,582.156,582.267,106872001.65,6976
2024-10-18 13:00:00+00:00,583.786,584.177,582.716,583.306,56520000.46,6977
2024-10-18 14:00:00+00:00,583.297,584.006,583.047,583.446,99143997.19,6978
2024-10-18 15:00:00+00:00,583.437,584.467,583.367,583.877,108575996.4,6979
2024-10-18 16:00:00+00:00,583.867,585.237,583.676,584.666,98664001.46,6980
2024-10-18 17:00:00+00:00,584.666,585.116,584.466,584.557,102779998.78,6981
2024-10-18 18:00:00+00:00,584.556,585.387,583.806,584.847,92220001.22,6982
2024-10-18 19:00:00+00:00,584.846,584.846,584.036,584.536,104975997.92,6983
2024-10-18 20:00:00+00:00,584.846,584.846,584.036,584.536,104975997.92,6984
2024-10-18 21:00:00+00:00,584.846,584.846,584.036,584.536,104975997.92,6985
2024-10-18 22:00:00+00:00,584.846,584.846,584.036,584.536,104975997.92,6986
2024-10-18 23:00:00+00:00,584.846,584.846,584.036,584.536,104975997.92,6987
2024-10-19 00:00:00+00:00,584.846,584.846,584.036,584.536,104975997.92,6988
2024-10-19 01:00:00+00:00,584.846,584.846,584.036,584.536,104975997.92,6989
2024-10-19 02:00:00+00:00,584.846,584.846,584.036,584.536,104975997.92,6990
2024-10-19 03:00:00+00:00,584.846,584.846,584.036,584.536,104975997.92,6991
2024-10-19 04:00:00+00:00,584.846,584.846,584.036,584.536,104975997.92,6992
2024-10-19 05:00:00+00:00,584.846,584.846,584.036,584.536,104975997.92,6993
2024-10-19 06:00:00+00:00,584.846,584.846,584.036,584.536,104975997.92,6994
2024-10-19 07:00:00+00:00,584.846,584.846,584.036,584.536,104975997.92,6995
2024-10-19 08:00:00+00:00,584.846,584.846,584.036,584.536,104975997.92,6996
2024-10-19 09:00:00+00:00,584.846,584.846,584.036,584.536,104975997.92,6997
2024-10-19 10:00:00+00:00,584.846,584.846,584.036,584.536,104975997.92,6998
2024-10-19 11:00:00+00:00,584.846,584.846,584.036,584.536,104975997.92,6999
2024-10-19 12:00:00+00:00,584.846,584.846,584.036,584.536,104975997.92,7000
2024-10-19 13:00:00+00:00,584.846,584.846,584.036,584.536,104975997.92,7001
2024-10-19 14:00:00+00:00,584.846,584.846,584.036,584.536,104975997.92,7002
2024-10-19 15:00:00+00:00,584.846,584.846,584.036,584.536,104975997.92,7003
2024-10-19 16:00:00+00:00,584.846,584.846,584.036,584.536,104975997.92,7004
2024-10-19 17:00:00+00:00,584.846,584.846,584.036,584.536,104975997.92,7005
2024-10-19 18:00:00+00:00,584.846,584.846,584.036,584.536,104975997.92,7006
2024-10-19 19:00:00+00:00,584.846,584.846,584.036,584.536,104975997.92,7007
2024-10-19 20:00:00+00:00,584.846,584.846,584.036,584.536,104975997.92,7008
2024-10-19 21:00:00+00:00,584.846,584.846,584.036,584.536,104975997.92,7009
2024-10-19 22:00:00+00:00,584.846,584.846,584.036,584.536,104975997.92,7010
2024-10-19 23:00:00+00:00,584.846,584.846,584.036,584.536,104975997.92,7011
2024-10-20 00:00:00+00:00,584.846,584.846,584.036,584.536,104975997.92,7012
2024-10-20 01:00:00+00:00,584.846,584.846,584.036,584.536,104975997.92,7013
2024-10-20 02:00:00+00:00,584.846,584.846,584.036,584.536,104975997.92,7014
2024-10-20 03:00:00+00:00,584.846,584.846,584.036,584.536,104975997.92,7015
2024-10-20 04:00:00+00:00,584.846,584.846,584.036,584.536,104975997.92,7016
2024-10-20 05:00:00+00:00,584.846,584.846,584.036,584.536,104975997.92,7017
2024-10-20 06:00:00+00:00,584.846,584.846,584.036,584.536,104975997.92,7018
2024-10-20 07:00:00+00:00,584.846,584.846,584.036,584.536,104975997.92,7019
2024-10-20 08:00:00+00:00,584.846,584.846,584.036,584.536,104975997.92,7020
2024-10-20 09:00:00+00:00,584.846,584.846,584.036,584.536,104975997.92,7021
2024-10-20 10:00:00+00:00,584.846,584.846,584.036,584.536,104975997.92,7022
2024-10-20 11:00:00+00:00,584.846,584.846,584.036,584.536,104975997.92,7023
2024-10-20 12:00:00+00:00,584.846,584.846,584.036,584.536,104975997.92,7024
2024-10-20 13:00:00+00:00,584.846,584.846,584.036,584.536,104975997.92,7025
2024-10-20 14:00:00+00:00,584.846,584.846,584.036,584.536,104975997.92,7026
2024-10-20 15:00:00+00:00,584.846,584.846,584.036,584.536,104975997.92,7027
2024-10-20 16:00:00+00:00,584.846,584.846,584.036,584.536,104975997.92,7028
2024-10-20 17:00:00+00:00,584.846,584.846,584.036,584.536,104975997.92,7029
2024-10-20 18:00:00+00:00,584.846,584.846,584.036,584.536,104975997.92,7030
2024-10-20 19:00:00+00:00,584.846,584.846,584.036,584.536,104975997.92,7031
2024-10-20 20:00:00+00:00,584.846,584.846,584.036,584.536,104975997.92,7032
2024-10-20 21:00:00+00:00,584.846,584.846,584.036,584.536,104975997.92,7033
2024-10-20 22:00:00+00:00,584.846,584.846,584.036,584.536,104975997.92,7034
2024-10-20 23:00:00+00:00,584.846,584.846,584.036,584.536,104975997.92,7035
2024-10-21 00:00:00+00:00,584.846,584.846,584.036,584.536,104975997.92,7036
2024-10-21 01:00:00+00:00,584.846,584.846,584.036,584.536,104975997.92,7037
2024-10-21 02:00:00+00:00,584.846,584.846,584.036,584.536,104975997.92,7038
2024-10-21 03:00:00+00:00,584.846,584.846,584.036,584.536,104975997.92,7039
2024-10-21 04:00:00+00:00,584.846,584.846,584.036,584.536,104975997.92,7040
2024-10-21 05:00:00+00:00,584.846,584.846,584.036,584.536,104975997.92,7041
2024-10-21 06:00:00+00:00,584.846,584.846,584.036,584.536,104975997.92,7042
2024-10-21 07:00:00+00:00,584.846,584.846,584.036,584.536,104975997.92,7043
2024-10-21 08:00:00+00:00,584.846,584.846,584.036,584.536,104975997.92,7044
2024-10-21 09:00:00+00:00,584.846,584.846,584.036,584.536,104975997.92,7045
2024-10-21 10:00:00+00:00,584.846,584.846,584.036,584.536,104975997.92,7046
2024-10-21 11:00:00+00:00,584.846,584.846,584.036,584.536,104975997.92,7047
2024-10-21 12:00:00+00:00,584.846,584.846,584.036,584.536,104975997.92,7048
2024-10-21 13:00:00+00:00,583.866,584.447,583.726,584.026,90732002.26,7049
2024-10-21 14:00:00+00:00,584.057,584.817,582.056,582.567,161268005.37,7050
2024-10-21 15:00:00+00:00,582.587,582.646,580.597,582.326,167399993.9,7051
2024-10-21 16:00:00+00:00,582.287,582.866,581.787,582.816,116867996.22,7052
2024-10-21 17:00:00+00:00,582.816,583.356,582.576,583.236,99708000.18,7053
2024-10-21 18:00:00+00:00,583.266,583.277,582.246,582.377,96755996.7,7054
2024-10-21 19:00:00+00:00,582.366,583.717,582.166,583.686,126540000.92,7055
2024-10-21 20:00:00+00:00,582.366,583.717,582.166,583.686,126540000.92,7056
2024-10-21 21:00:00+00:00,582.366,583.717,582.166,583.686,126540000.92,7057
2024-10-21 22:00:00+00:00,582.366,583.717,582.166,583.686,126540000.92,7058
2024-10-21 23:00:00+00:00,582.366,583.717,582.166,583.686,126540000.92,7059
2024-10-22 00:00:00+00:00,582.366,583.717,582.166,583.686,126540000.92,7060
2024-10-22 01:00:00+00:00,582.366,583.717,582.166,583.686,126540000.92,7061
2024-10-22 02:00:00+00:00,582.366,583.717,582.166,583.686,126540000.92,7062
2024-10-22 03:00:00+00:00,582.366,583.717,582.166,583.686,126540000.92,7063
2024-10-22 04:00:00+00:00,582.366,583.717,582.166,583.686,126540000.92,7064
2024-10-22 05:00:00+00:00,582.366,583.717,582.166,583.686,126540000.92,7065
2024-10-22 06:00:00+00:00,582.366,583.717,582.166,583.686,126540000.92,7066
2024-10-22 07:00:00+00:00,582.366,583.717,582.166,583.686,126540000.92,7067
2024-10-22 08:00:00+00:00,582.366,583.717,582.166,583.686,126540000.92,7068
2024-10-22 09:00:00+00:00,582.366,583.717,582.166,583.686,126540000.92,7069
2024-10-22 10:00:00+00:00,582.366,583.717,582.166,583.686,126540000.92,7070
2024-10-22 11:00:00+00:00,582.366,583.717,582.166,583.686,126540000.92,7071
2024-10-22 12:00:00+00:00,582.366,583.717,582.166,583.686,126540000.92,7072
2024-10-22 13:00:00+00:00,581.016,581.477,580.357,581.306,99515998.84,7073
2024-10-22 14:00:00+00:00,581.327,582.227,581.016,581.957,148776000.98,7074
2024-10-22 15:00:00+00:00,581.976,582.477,581.516,581.997,109211997.99,7075
2024-10-22 16:00:00+00:00,581.997,582.637,581.567,582.556,110856002.81,7076
2024-10-22 17:00:00+00:00,582.547,583.967,582.266,583.957,98136001.59,7077
2024-10-22 18:00:00+00:00,583.956,584.486,582.836,583.016,103751998.9,7078
2024-10-22 19:00:00+00:00,583.006,584.247,582.866,583.327,106980003.36,7079
2024-10-22 20:00:00+00:00,583.006,584.247,582.866,583.327,106980003.36,7080
2024-10-22 21:00:00+00:00,583.006,584.247,582.866,583.327,106980003.36,7081
2024-10-22 22:00:00+00:00,583.006,584.247,582.866,583.327,106980003.36,7082
2024-10-22 23:00:00+00:00,583.006,584.247,582.866,583.327,106980003.36,7083
2024-10-23 00:00:00+00:00,583.006,584.247,582.866,583.327,106980003.36,7084
2024-10-23 01:00:00+00:00,583.006,584.247,582.866,583.327,106980003.36,7085
2024-10-23 02:00:00+00:00,583.006,584.247,582.866,583.327,106980003.36,7086
2024-10-23 03:00:00+00:00,583.006,584.247,582.866,583.327,106980003.36,7087
2024-10-23 04:00:00+00:00,583.006,584.247,582.866,583.327,106980003.36,7088
2024-10-23 05:00:00+00:00,583.006,584.247,582.866,583.327,106980003.36,7089
2024-10-23 06:00:00+00:00,583.006,584.247,582.866,583.327,106980003.36,7090
2024-10-23 07:00:00+00:00,583.006,584.247,582.866,583.327,106980003.36,7091
2024-10-23 08:00:00+00:00,583.006,584.247,582.866,583.327,106980003.36,7092
2024-10-23 09:00:00+00:00,583.006,584.247,582.866,583.327,106980003.36,7093
2024-10-23 10:00:00+00:00,583.006,584.247,582.866,583.327,106980003.36,7094
2024-10-23 11:00:00+00:00,583.006,584.247,582.866,583.327,106980003.36,7095
2024-10-23 12:00:00+00:00,583.006,584.247,582.866,583.327,106980003.36,7096
2024-10-23 13:00:00+00:00,581.257,581.667,580.956,581.276,102216003.42,7097
2024-10-23 14:00:00+00:00,581.256,581.637,580.066,580.486,185315994.26,7098
2024-10-23 15:00:00+00:00,580.487,580.736,578.756,579.827,140796005.25,7099
2024-10-23 16:00:00+00:00,579.826,579.826,577.607,578.126,127776000.98,7100
2024-10-23 17:00:00+00:00,578.126,578.126,575.847,575.937,125772003.17,7101
2024-10-23 18:00:00+00:00,575.937,577.217,574.397,577.146,141684005.74,7102
2024-10-23 19:00:00+00:00,577.137,578.107,576.656,577.907,133632003.78,7103
2024-10-23 20:00:00+00:00,577.137,578.107,576.656,577.907,133632003.78,7104
2024-10-23 21:00:00+00:00,577.137,578.107,576.656,577.907,133632003.78,7105
2024-10-23 22:00:00+00:00,577.137,578.107,576.656,577.907,133632003.78,7106
2024-10-23 23:00:00+00:00,577.137,578.107,576.656,577.907,133632003.78,7107
2024-10-24 00:00:00+00:00,577.137,578.107,576.656,577.907,133632003.78,7108
2024-10-24 01:00:00+00:00,577.137,578.107,576.656,577.907,133632003.78,7109
2024-10-24 02:00:00+00:00,577.137,578.107,576.656,577.907,133632003.78,7110
2024-10-24 03:00:00+00:00,577.137,578.107,576.656,577.907,133632003.78,7111
2024-10-24 04:00:00+00:00,577.137,578.107,576.656,577.907,133632003.78,7112
2024-10-24 05:00:00+00:00,577.137,578.107,576.656,577.907,133632003.78,7113
2024-10-24 06:00:00+00:00,577.137,578.107,576.656,577.907,133632003.78,7114
2024-10-24 07:00:00+00:00,577.137,578.107,576.656,577.907,133632003.78,7115
2024-10-24 08:00:00+00:00,577.137,578.107,576.656,577.907,133632003.78,7116
2024-10-24 09:00:00+00:00,577.137,578.107,576.656,577.907,133632003.78,7117
2024-10-24 10:00:00+00:00,577.137,578.107,576.656,577.907,133632003.78,7118
2024-10-24 11:00:00+00:00,577.137,578.107,576.656,577.907,133632003.78,7119
2024-10-24 12:00:00+00:00,577.137,578.107,576.656,577.907,133632003.78,7120
2024-10-24 13:00:00+00:00,579.986,580.027,578.597,579.356,105984001.16,7121
2024-10-24 14:00:00+00:00,579.366,579.896,578.517,578.797,175451995.85,7122
2024-10-24 15:00:00+00:00,578.797,579.347,577.026,578.036,156408004.76,7123
2024-10-24 16:00:00+00:00,578.047,578.977,576.557,578.866,148427993.77,7124
2024-10-24 17:00:00+00:00,578.836,579.557,578.416,578.476,114851997.38,7125
2024-10-24 18:00:00+00:00,578.487,579.356,578.066,578.806,114708000.18,7126
2024-10-24 19:00:00+00:00,578.796,579.866,578.246,579.186,117071998.6,7127
2024-10-24 20:00:00+00:00,578.796,579.866,578.246,579.186,117071998.6,7128
2024-10-24 21:00:00+00:00,578.796,579.866,578.246,579.186,117071998.6,7129
2024-10-24 22:00:00+00:00,578.796,579.866,578.246,579.186,117071998.6,7130
2024-10-24 23:00:00+00:00,578.796,579.866,578.246,579.186,117071998.6,7131
2024-10-25 00:00:00+00:00,578.796,579.866,578.246,579.186,117071998.6,7132
2024-10-25 01:00:00+00:00,578.796,579.866,578.246,579.186,117071998.6,7133
2024-10-25 02:00:00+00:00,578.796,579.866,578.246,579.186,117071998.6,7134
2024-10-25 03:00:00+00:00,578.796,579.866,578.246,579.186,117071998.6,7135
2024-10-25 04:00:00+00:00,578.796,579.866,578.246,579.186,117071998.6,7136
2024-10-25 05:00:00+00:00,578.796,579.866,578.246,579.186,117071998.6,7137
2024-10-25 06:00:00+00:00,578.796,579.866,578.246,579.186,117071998.6,7138
2024-10-25 07:00:00+00:00,578.796,579.866,578.246,579.186,117071998.6,7139
2024-10-25 08:00:00+00:00,578.796,579.866,578.246,579.186,117071998.6,7140
2024-10-25 09:00:00+00:00,578.796,579.866,578.246,579.186,117071998.6,7141
2024-10-25 10:00:00+00:00,578.796,579.866,578.246,579.186,117071998.6,7142
2024-10-25 11:00:00+00:00,578.796,579.866,578.246,579.186,117071998.6,7143
2024-10-25 12:00:00+00:00,578.796,579.866,578.246,579.186,117071998.6,7144
2024-10-25 13:00:00+00:00,581.527,583.476,581.527,583.277,86615997.31,7145
2024-10-25 14:00:00+00:00,583.366,584.456,582.977,583.446,163091995.24,7146
2024-10-25 15:00:00+00:00,583.446,583.827,581.696,582.167,150623992.92,7147
2024-10-25 16:00:00+00:00,582.157,582.787,581.767,582.016,115463996.89,7148
2024-10-25 17:00:00+00:00,582.016,582.037,578.517,579.156,168996002.2,7149
2024-10-25 18:00:00+00:00,579.167,580.487,578.066,580.197,169223999.02,7150
2024-10-25 19:00:00+00:00,580.206,580.237,578.526,579.006,150647995.0,7151
2024-10-25 20:00:00+00:00,580.206,580.237,578.526,579.006,150647995.0,7152
2024-10-25 21:00:00+00:00,580.206,580.237,578.526,579.006,150647995.0,7153
2024-10-25 22:00:00+00:00,580.206,580.237,578.526,579.006,150647995.0,7154
2024-10-25 23:00:00+00:00,580.206,580.237,578.526,579.006,150647995.0,7155
2024-10-26 00:00:00+00:00,580.206,580.237,578.526,579.006,150647995.0,7156
2024-10-26 01:00:00+00:00,580.206,580.237,578.526,579.006,150647995.0,7157
2024-10-26 02:00:00+00:00,580.206,580.237,578.526,579.006,150647995.0,7158
2024-10-26 03:00:00+00:00,580.206,580.237,578.526,579.006,150647995.0,7159
2024-10-26 04:00:00+00:00,580.206,580.237,578.526,579.006,150647995.0,7160
2024-10-26 05:00:00+00:00,580.206,580.237,578.526,579.006,150647995.0,7161
2024-10-26 06:00:00+00:00,580.206,580.237,578.526,579.006,150647995.0,7162
2024-10-26 07:00:00+00:00,580.206,580.237,578.526,579.006,150647995.0,7163
2024-10-26 08:00:00+00:00,580.206,580.237,578.526,579.006,150647995.0,7164
2024-10-26 09:00:00+00:00,580.206,580.237,578.526,579.006,150647995.0,7165
2024-10-26 10:00:00+00:00,580.206,580.237,578.526,579.006,150647995.0,7166
2024-10-26 11:00:00+00:00,580.206,580.237,578.526,579.006,150647995.0,7167
2024-10-26 12:00:00+00:00,580.206,580.237,578.526,579.006,150647995.0,7168
2024-10-26 13:00:00+00:00,580.206,580.237,578.526,579.006,150647995.0,7169
2024-10-26 14:00:00+00:00,580.206,580.237,578.526,579.006,150647995.0,7170
2024-10-26 15:00:00+00:00,580.206,580.237,578.526,579.006,150647995.0,7171
2024-10-26 16:00:00+00:00,580.206,580.237,578.526,579.006,150647995.0,7172
2024-10-26 17:00:00+00:00,580.206,580.237,578.526,579.006,150647995.0,7173
2024-10-26 18:00:00+00:00,580.206,580.237,578.526,579.006,150647995.0,7174
2024-10-26 19:00:00+00:00,580.206,580.237,578.526,579.006,150647995.0,7175
2024-10-26 20:00:00+00:00,580.206,580.237,578.526,579.006,150647995.0,7176
2024-10-26 21:00:00+00:00,580.206,580.237,578.526,579.006,150647995.0,7177
2024-10-26 22:00:00+00:00,580.206,580.237,578.526,579.006,150647995.0,7178
2024-10-26 23:00:00+00:00,580.206,580.237,578.526,579.006,150647995.0,7179
2024-10-27 00:00:00+00:00,580.206,580.237,578.526,579.006,150647995.0,7180
2024-10-27 01:00:00+00:00,580.206,580.237,578.526,579.006,150647995.0,7181
2024-10-27 02:00:00+00:00,580.206,580.237,578.526,579.006,150647995.0,7182
2024-10-27 03:00:00+00:00,580.206,580.237,578.526,579.006,150647995.0,7183
2024-10-27 04:00:00+00:00,580.206,580.237,578.526,579.006,150647995.0,7184
2024-10-27 05:00:00+00:00,580.206,580.237,578.526,579.006,150647995.0,7185
2024-10-27 06:00:00+00:00,580.206,580.237,578.526,579.006,150647995.0,7186
2024-10-27 07:00:00+00:00,580.206,580.237,578.526,579.006,150647995.0,7187
2024-10-27 08:00:00+00:00,580.206,580.237,578.526,579.006,150647995.0,7188
2024-10-27 09:00:00+00:00,580.206,580.237,578.526,579.006,150647995.0,7189
2024-10-27 10:00:00+00:00,580.206,580.237,578.526,579.006,150647995.0,7190
2024-10-27 11:00:00+00:00,580.206,580.237,578.526,579.006,150647995.0,7191
2024-10-27 12:00:00+00:00,580.206,580.237,578.526,579.006,150647995.0,7192
2024-10-27 13:00:00+00:00,580.206,580.237,578.526,579.006,150647995.0,7193
2024-10-27 14:00:00+00:00,580.206,580.237,578.526,579.006,150647995.0,7194
2024-10-27 15:00:00+00:00,580.206,580.237,578.526,579.006,150647995.0,7195
2024-10-27 16:00:00+00:00,580.206,580.237,578.526,579.006,150647995.0,7196
2024-10-27 17:00:00+00:00,580.206,580.237,578.526,579.006,150647995.0,7197
2024-10-27 18:00:00+00:00,580.206,580.237,578.526,579.006,150647995.0,7198
2024-10-27 19:00:00+00:00,580.206,580.237,578.526,579.006,150647995.0,7199
2024-10-27 20:00:00+00:00,580.206,580.237,578.526,579.006,150647995.0,7200
2024-10-27 21:00:00+00:00,580.206,580.237,578.526,579.006,150647995.0,7201
2024-10-27 22:00:00+00:00,580.206,580.237,578.526,579.006,150647995.0,7202
2024-10-27 23:00:00+00:00,580.206,580.237,578.526,579.006,150647995.0,7203
2024-10-28 00:00:00+00:00,580.206,580.237,578.526,579.006,150647995.0,7204
2024-10-28 01:00:00+00:00,580.206,580.237,578.526,579.006,150647995.0,7205
2024-10-28 02:00:00+00:00,580.206,580.237,578.526,579.006,150647995.0,7206
2024-10-28 03:00:00+00:00,580.206,580.237,578.526,579.006,150647995.0,7207
2024-10-28 04:00:00+00:00,580.206,580.237,578.526,579.006,150647995.0,7208
2024-10-28 05:00:00+00:00,580.206,580.237,578.526,579.006,150647995.0,7209
2024-10-28 06:00:00+00:00,580.206,580.237,578.526,579.006,150647995.0,7210
2024-10-28 07:00:00+00:00,580.206,580.237,578.526,579.006,150647995.0,7211
2024-10-28 08:00:00+00:00,580.206,580.237,578.526,579.006,150647995.0,7212
2024-10-28 09:00:00+00:00,580.206,580.237,578.526,579.006,150647995.0,7213
2024-10-28 10:00:00+00:00,580.206,580.237,578.526,579.006,150647995.0,7214
2024-10-28 11:00:00+00:00,580.206,580.237,578.526,579.006,150647995.0,7215
2024-10-28 12:00:00+00:00,580.206,580.237,578.526,579.006,150647995.0,7216
2024-10-28 13:00:00+00:00,582.567,582.586,581.327,581.477,110111999.51,7217
2024-10-28 14:00:00+00:00,581.487,582.477,581.196,581.917,137951995.85,7218
2024-10-28 15:00:00+00:00,581.916,582.027,580.697,580.887,124896003.72,7219
2024-10-28 16:00:00+00:00,580.886,581.706,580.566,581.006,96839996.34,7220
2024-10-28 17:00:00+00:00,580.996,581.767,580.596,581.686,79080001.83,7221
2024-10-28 18:00:00+00:00,581.657,581.817,580.836,581.126,85860000.61,7222
2024-10-28 19:00:00+00:00,581.127,581.687,580.506,580.697,86472000.12,7223
2024-10-28 20:00:00+00:00,581.127,581.687,580.506,580.697,86472000.12,7224
2024-10-28 21:00:00+00:00,581.127,581.687,580.506,580.697,86472000.12,7225
2024-10-28 22:00:00+00:00,581.127,581.687,580.506,580.697,86472000.12,7226
2024-10-28 23:00:00+00:00,581.127,581.687,580.506,580.697,86472000.12,7227
2024-10-29 00:00:00+00:00,581.127,581.687,580.506,580.697,86472000.12,7228
2024-10-29 01:00:00+00:00,581.127,581.687,580.506,580.697,86472000.12,7229
2024-10-29 02:00:00+00:00,581.127,581.687,580.506,580.697,86472000.12,7230
2024-10-29 03:00:00+00:00,581.127,581.687,580.506,580.697,86472000.12,7231
2024-10-29 04:00:00+00:00,581.127,581.687,580.506,580.697,86472000.12,7232
2024-10-29 05:00:00+00:00,581.127,581.687,580.506,580.697,86472000.12,7233
2024-10-29 06:00:00+00:00,581.127,581.687,580.506,580.697,86472000.12,7234
2024-10-29 07:00:00+00:00,581.127,581.687,580.506,580.697,86472000.12,7235
2024-10-29 08:00:00+00:00,581.127,581.687,580.506,580.697,86472000.12,7236
2024-10-29 09:00:00+00:00,581.127,581.687,580.506,580.697,86472000.12,7237
2024-10-29 10:00:00+00:00,581.127,581.687,580.506,580.697,86472000.12,7238
2024-10-29 11:00:00+00:00,581.127,581.687,580.506,580.697,86472000.12,7239
2024-10-29 12:00:00+00:00,581.127,581.687,580.506,580.697,86472000.12,7240
2024-10-29 13:00:00+00:00,579.807,580.046,578.396,579.906,115452003.48,7241
2024-10-29 14:00:00+00:00,579.927,581.816,579.536,581.396,198600006.1,7242
2024-10-29 15:00:00+00:00,581.396,581.587,580.527,581.356,123384002.69,7243
2024-10-29 16:00:00+00:00,581.367,582.057,580.806,581.967,105216003.42,7244
2024-10-29 17:00:00+00:00,581.956,582.747,581.487,581.937,83304000.85,7245
2024-10-29 18:00:00+00:00,581.946,582.867,581.666,582.406,71795997.62,7246
2024-10-29 19:00:00+00:00,582.396,582.897,581.327,581.657,80328002.93,7247
2024-10-29 20:00:00+00:00,582.396,582.897,581.327,581.657,80328002.93,7248
2024-10-29 21:00:00+00:00,582.396,582.897,581.327,581.657,80328002.93,7249
2024-10-29 22:00:00+00:00,582.396,582.897,581.327,581.657,80328002.93,7250
2024-10-29 23:00:00+00:00,582.396,582.897,581.327,581.657,80328002.93,7251
2024-10-30 00:00:00+00:00,582.396,582.897,581.327,581.657,80328002.93,7252
2024-10-30 01:00:00+00:00,582.396,582.897,581.327,581.657,80328002.93,7253
2024-10-30 02:00:00+00:00,582.396,582.897,581.327,581.657,80328002.93,7254
2024-10-30 03:00:00+00:00,582.396,582.897,581.327,581.657,80328002.93,7255
2024-10-30 04:00:00+00:00,582.396,582.897,581.327,581.657,80328002.93,7256
2024-10-30 05:00:00+00:00,582.396,582.897,581.327,581.657,80328002.93,7257
2024-10-30 06:00:00+00:00,582.396,582.897,581.327,581.657,80328002.93,7258
2024-10-30 07:00:00+00:00,582.396,582.897,581.327,581.657,80328002.93,7259
2024-10-30 08:00:00+00:00,582.396,582.897,581.327,581.657,80328002.93,7260
2024-10-30 09:00:00+00:00,582.396,582.897,581.327,581.657,80328002.93,7261
2024-10-30 10:00:00+00:00,582.396,582.897,581.327,581.657,80328002.93,7262
2024-10-30 11:00:00+00:00,582.396,582.897,581.327,581.657,80328002.93,7263
2024-10-30 12:00:00+00:00,582.396,582.897,581.327,581.657,80328002.93,7264
2024-10-30 13:00:00+00:00,581.217,581.887,579.276,581.826,125351997.38,7265
2024-10-30 14:00:00+00:00,581.766,582.917,581.736,582.337,195755996.7,7266
2024-10-30 15:00:00+00:00,582.327,583.306,581.576,583.087,156132003.78,7267
2024-10-30 16:00:00+00:00,583.077,583.187,581.967,581.986,120120002.75,7268
2024-10-30 17:00:00+00:00,581.967,582.287,580.256,580.626,133824005.13,7269
2024-10-30 18:00:00+00:00,580.616,581.797,580.616,581.177,122699996.95,7270
2024-10-30 19:00:00+00:00,581.167,581.167,579.356,579.917,146832000.73,7271
2024-10-30 20:00:00+00:00,581.167,581.167,579.356,579.917,146832000.73,7272
2024-10-30 21:00:00+00:00,581.167,581.167,579.356,579.917,146832000.73,7273
2024-10-30 22:00:00+00:00,581.167,581.167,579.356,579.917,146832000.73,7274
2024-10-30 23:00:00+00:00,581.167,581.167,579.356,579.917,146832000.73,7275
2024-10-31 00:00:00+00:00,581.167,581.167,579.356,579.917,146832000.73,7276
2024-10-31 01:00:00+00:00,581.167,581.167,579.356,579.917,146832000.73,7277
2024-10-31 02:00:00+00:00,581.167,581.167,579.356,579.917,146832000.73,7278
2024-10-31 03:00:00+00:00,581.167,581.167,579.356,579.917,146832000.73,7279
2024-10-31 04:00:00+00:00,581.167,581.167,579.356,579.917,146832000.73,7280
2024-10-31 05:00:00+00:00,581.167,581.167,579.356,579.917,146832000.73,7281
2024-10-31 06:00:00+00:00,581.167,581.167,579.356,579.917,146832000.73,7282
2024-10-31 07:00:00+00:00,581.167,581.167,579.356,579.917,146832000.73,7283
2024-10-31 08:00:00+00:00,581.167,581.167,579.356,579.917,146832000.73,7284
2024-10-31 09:00:00+00:00,581.167,581.167,579.356,579.917,146832000.73,7285
2024-10-31 10:00:00+00:00,581.167,581.167,579.356,579.917,146832000.73,7286
2024-10-31 11:00:00+00:00,581.167,581.167,579.356,579.917,146832000.73,7287
2024-10-31 12:00:00+00:00,581.167,581.167,579.356,579.917,146832000.73,7288
2024-10-31 13:00:00+00:00,575.477,575.517,573.116,573.747,137171997.07,7289
2024-10-31 14:00:00+00:00,573.696,573.757,570.956,571.087,206891998.29,7290
2024-10-31 15:00:00+00:00,571.087,571.677,570.056,570.916,159983993.53,7291
2024-10-31 16:00:00+00:00,570.906,571.887,570.516,571.316,129167999.27,7292
2024-10-31 17:00:00+00:00,571.306,571.977,570.096,570.356,103344001.77,7293
2024-10-31 18:00:00+00:00,570.366,570.817,569.696,570.647,120419998.17,7294
2024-10-31 19:00:00+00:00,570.646,571.966,568.457,568.596,150839996.34,7295
2024-10-31 20:00:00+00:00,570.646,571.966,568.457,568.596,150839996.34,7296
2024-10-31 21:00:00+00:00,570.646,571.966,568.457,568.596,150839996.34,7297
2024-10-31 22:00:00+00:00,570.646,571.966,568.457,568.596,150839996.34,7298
2024-10-31 23:00:00+00:00,570.646,571.966,568.457,568.596,150839996.34,7299
2024-11-01 00:00:00+00:00,570.646,571.966,568.457,568.596,150839996.34,7300
2024-11-01 01:00:00+00:00,570.646,571.966,568.457,568.596,150839996.34,7301
2024-11-01 02:00:00+00:00,570.646,571.966,568.457,568.596,150839996.34,7302
2024-11-01 03:00:00+00:00,570.646,571.966,568.457,568.596,150839996.34,7303
2024-11-01 04:00:00+00:00,570.646,571.966,568.457,568.596,150839996.34,7304
2024-11-01 05:00:00+00:00,570.646,571.966,568.457,568.596,150839996.34,7305
2024-11-01 06:00:00+00:00,570.646,571.966,568.457,568.596,150839996.34,7306
2024-11-01 07:00:00+00:00,570.646,571.966,568.457,568.596,150839996.34,7307
2024-11-01 08:00:00+00:00,570.646,571.966,568.457,568.596,150839996.34,7308
2024-11-01 09:00:00+00:00,570.646,571.966,568.457,568.596,150839996.34,7309
2024-11-01 10:00:00+00:00,570.646,571.966,568.457,568.596,150839996.34,7310
2024-11-01 11:00:00+00:00,570.646,571.966,568.457,568.596,150839996.34,7311
2024-11-01 12:00:00+00:00,570.646,571.966,568.457,568.596,150839996.34,7312
2024-11-01 13:00:00+00:00,571.247,573.347,570.716,573.057,113772003.17,7313
2024-11-01 14:00:00+00:00,573.077,575.537,572.616,574.416,214979995.73,7314
2024-11-01 15:00:00+00:00,574.387,575.287,573.346,573.627,169548004.15,7315
2024-11-01 16:00:00+00:00,573.627,574.287,572.646,572.966,151667999.27,7316
2024-11-01 17:00:00+00:00,572.977,573.857,571.587,571.627,160416000.37,7317
2024-11-01 18:00:00+00:00,571.626,572.447,571.116,572.157,150119995.12,7318
2024-11-01 19:00:00+00:00,572.157,572.927,570.606,571.037,169679992.68,7319
2024-11-01 20:00:00+00:00,572.157,572.927,570.606,571.037,169679992.68,7320
2024-11-01 21:00:00+00:00,572.157,572.927,570.606,571.037,169679992.68,7321
2024-11-01 22:00:00+00:00,572.157,572.927,570.606,571.037,169679992.68,7322
2024-11-01 23:00:00+00:00,572.157,572.927,570.606,571.037,169679992.68,7323
2024-11-02 00:00:00+00:00,572.157,572.927,570.606,571.037,169679992.68,7324
2024-11-02 01:00:00+00:00,572.157,572.927,570.606,571.037,169679992.68,7325
2024-11-02 02:00:00+00:00,572.157,572.927,570.606,571.037,169679992.68,7326
2024-11-02 03:00:00+00:00,572.157,572.927,570.606,571.037,169679992.68,7327
2024-11-02 04:00:00+00:00,572.157,572.927,570.606,571.037,169679992.68,7328
2024-11-02 05:00:00+00:00,572.157,572.927,570.606,571.037,169679992.68,7329
2024-11-02 06:00:00+00:00,572.157,572.927,570.606,571.037,169679992.68,7330
2024-11-02 07:00:00+00:00,572.157,572.927,570.606,571.037,169679992.68,7331
2024-11-02 08:00:00+00:00,572.157,572.927,570.606,571.037,169679992.68,7332
2024-11-02 09:00:00+00:00,572.157,572.927,570.606,571.037,169679992.68,7333
2024-11-02 10:00:00+00:00,572.157,572.927,570.606,571.037,169679992.68,7334
2024-11-02 11:00:00+00:00,572.157,572.927,570.606,571.037,169679992.68,7335
2024-11-02 12:00:00+00:00,572.157,572.927,570.606,571.037,169679992.68,7336
2024-11-02 13:00:00+00:00,572.157,572.927,570.606,571.037,169679992.68,7337
2024-11-02 14:00:00+00:00,572.157,572.927,570.606,571.037,169679992.68,7338
2024-11-02 15:00:00+00:00,572.157,572.927,570.606,571.037,169679992.68,7339
2024-11-02 16:00:00+00:00,572.157,572.927,570.606,571.037,169679992.68,7340
2024-11-02 17:00:00+00:00,572.157,572.927,570.606,571.037,169679992.68,7341
2024-11-02 18:00:00+00:00,572.157,572.927,570.606,571.037,169679992.68,7342
2024-11-02 19:00:00+00:00,572.157,572.927,570.606,571.037,169679992.68,7343
2024-11-02 20:00:00+00:00,572.157,572.927,570.606,571.037,169679992.68,7344
2024-11-02 21:00:00+00:00,572.157,572.927,570.606,571.037,169679992.68,7345
2024-11-02 22:00:00+00:00,572.157,572.927,570.606,571.037,169679992.68,7346
2024-11-02 23:00:00+00:00,572.157,572.927,570.606,571.037,169679992.68,7347
2024-11-03 00:00:00+00:00,572.157,572.927,570.606,571.037,169679992.68,7348
2024-11-03 01:00:00+00:00,572.157,572.927,570.606,571.037,169679992.68,7349
2024-11-03 02:00:00+00:00,572.157,572.927,570.606,571.037,169679992.68,7350
2024-11-03 03:00:00+00:00,572.157,572.927,570.606,571.037,169679992.68,7351
2024-11-03 04:00:00+00:00,572.157,572.927,570.606,571.037,169679992.68,7352
2024-11-03 05:00:00+00:00,572.157,572.927,570.606,571.037,169679992.68,7353
2024-11-03 06:00:00+00:00,572.157,572.927,570.606,571.037,169679992.68,7354
2024-11-03 07:00:00+00:00,572.157,572.927,570.606,571.037,169679992.68,7355
2024-11-03 08:00:00+00:00,572.157,572.927,570.606,571.037,169679992.68,7356
2024-11-03 09:00:00+00:00,572.157,572.927,570.606,571.037,169679992.68,7357
2024-11-03 10:00:00+00:00,572.157,572.927,570.606,571.037,169679992.68,7358
2024-11-03 11:00:00+00:00,572.157,572.927,570.606,571.037,169679992.68,7359
2024-11-03 12:00:00+00:00,572.157,572.927,570.606,571.037,169679992.68,7360
2024-11-03 13:00:00+00:00,572.157,572.927,570.606,571.037,169679992.68,7361
2024-11-03 14:00:00+00:00,572.157,572.927,570.606,571.037,169679992.68,7362
2024-11-03 15:00:00+00:00,572.157,572.927,570.606,571.037,169679992.68,7363
2024-11-03 16:00:00+00:00,572.157,572.927,570.606,571.037,169679992.68,7364
2024-11-03 17:00:00+00:00,572.157,572.927,570.606,571.037,169679992.68,7365
2024-11-03 18:00:00+00:00,572.157,572.927,570.606,571.037,169679992.68,7366
2024-11-03 19:00:00+00:00,572.157,572.927,570.606,571.037,169679992.68,7367
2024-11-03 20:00:00+00:00,572.157,572.927,570.606,571.037,169679992.68,7368
2024-11-03 21:00:00+00:00,572.157,572.927,570.606,571.037,169679992.68,7369
2024-11-03 22:00:00+00:00,572.157,572.927,570.606,571.037,169679992.68,7370
2024-11-03 23:00:00+00:00,572.157,572.927,570.606,571.037,169679992.68,7371
2024-11-04 00:00:00+00:00,572.157,572.927,570.606,571.037,169679992.68,7372
2024-11-04 01:00:00+00:00,572.157,572.927,570.606,571.037,169679992.68,7373
2024-11-04 02:00:00+00:00,572.157,572.927,570.606,571.037,169679992.68,7374
2024-11-04 03:00:00+00:00,572.157,572.927,570.606,571.037,169679992.68,7375
2024-11-04 04:00:00+00:00,572.157,572.927,570.606,571.037,169679992.68,7376
2024-11-04 05:00:00+00:00,572.157,572.927,570.606,571.037,169679992.68,7377
2024-11-04 06:00:00+00:00,572.157,572.927,570.606,571.037,169679992.68,7378
2024-11-04 07:00:00+00:00,572.157,572.927,570.606,571.037,169679992.68,7379
2024-11-04 08:00:00+00:00,572.157,572.927,570.606,571.037,169679992.68,7380
2024-11-04 09:00:00+00:00,572.157,572.927,570.606,571.037,169679992.68,7381
2024-11-04 10:00:00+00:00,572.157,572.927,570.606,571.037,169679992.68,7382
2024-11-04 11:00:00+00:00,572.157,572.927,570.606,571.037,169679992.68,7383
2024-11-04 12:00:00+00:00,572.157,572.927,570.606,571.037,169679992.68,7384
2024-11-04 13:00:00+00:00,572.157,572.927,570.606,571.037,169679992.68,7385
2024-11-04 14:00:00+00:00,571.137,571.526,569.256,571.487,127524002.08,7386
2024-11-04 15:00:00+00:00,571.467,572.487,571.186,571.617,179759994.51,7387
2024-11-04 16:00:00+00:00,571.616,572.177,568.247,568.836,154811996.46,7388
2024-11-04 17:00:00+00:00,568.836,570.847,567.867,570.446,135324005.13,7389
2024-11-04 18:00:00+00:00,570.427,571.246,569.217,570.657,119388000.49,7390
2024-11-04 19:00:00+00:00,570.657,571.196,570.087,570.506,84863998.41,7391
2024-11-04 20:00:00+00:00,570.497,570.677,569.156,569.726,126984001.16,7392
2024-11-04 21:00:00+00:00,570.497,570.677,569.156,569.726,126984001.16,7393
2024-11-04 22:00:00+00:00,570.497,570.677,569.156,569.726,126984001.16,7394
2024-11-04 23:00:00+00:00,570.497,570.677,569.156,569.726,126984001.16,7395
2024-11-05 00:00:00+00:00,570.497,570.677,569.156,569.726,126984001.16,7396
2024-11-05 01:00:00+00:00,570.497,570.677,569.156,569.726,126984001.16,7397
2024-11-05 02:00:00+00:00,570.497,570.677,569.156,569.726,126984001.16,7398
2024-11-05 03:00:00+00:00,570.497,570.677,569.156,569.726,126984001.16,7399
2024-11-05 04:00:00+00:00,570.497,570.677,569.156,569.726,126984001.16,7400
2024-11-05 05:00:00+00:00,570.497,570.677,569.156,569.726,126984001.16,7401
2024-11-05 06:00:00+00:00,570.497,570.677,569.156,569.726,126984001.16,7402
2024-11-05 07:00:00+00:00,570.497,570.677,569.156,569.726,126984001.16,7403
2024-11-05 08:00:00+00:00,570.497,570.677,569.156,569.726,126984001.16,7404
2024-11-05 09:00:00+00:00,570.497,570.677,569.156,569.726,126984001.16,7405
2024-11-05 10:00:00+00:00,570.497,570.677,569.156,569.726,126984001.16,7406
2024-11-05 11:00:00+00:00,570.497,570.677,569.156,569.726,126984001.16,7407
2024-11-05 12:00:00+00:00,570.497,570.677,569.156,569.726,126984001.16,7408
2024-11-05 13:00:00+00:00,570.497,570.677,569.156,569.726,126984001.16,7409
2024-11-05 14:00:00+00:00,570.736,573.987,570.517,573.946,117384002.69,7410
2024-11-05 15:00:00+00:00,573.937,575.196,573.486,573.987,197940002.44,7411
2024-11-05 16:00:00+00:00,573.976,575.587,573.527,575.436,148055999.76,7412
2024-11-05 17:00:00+00:00,575.427,576.426,575.126,576.017,120515998.84,7413
2024-11-05 18:00:00+00:00,576.036,576.367,574.576,575.226,124596000.67,7414
2024-11-05 19:00:00+00:00,575.207,575.857,574.676,574.986,130175994.87,7415
2024-11-05 20:00:00+00:00,574.977,576.687,574.746,576.617,147983993.53,7416
2024-11-05 21:00:00+00:00,574.977,576.687,574.746,576.617,147983993.53,7417
2024-11-05 22:00:00+00:00,574.977,576.687,574.746,576.617,147983993.53,7418
2024-11-05 23:00:00+00:00,574.977,576.687,574.746,576.617,147983993.53,7419
2024-11-06 00:00:00+00:00,574.977,576.687,574.746,576.617,147983993.53,7420
2024-11-06 01:00:00+00:00,574.977,576.687,574.746,576.617,147983993.53,7421
2024-11-06 02:00:00+00:00,574.977,576.687,574.746,576.617,147983993.53,7422
2024-11-06 03:00:00+00:00,574.977,576.687,574.746,576.617,147983993.53,7423
2024-11-06 04:00:00+00:00,574.977,576.687,574.746,576.617,147983993.53,7424
2024-11-06 05:00:00+00:00,574.977,576.687,574.746,576.617,147983993.53,7425
2024-11-06 06:00:00+00:00,574.977,576.687,574.746,576.617,147983993.53,7426
2024-11-06 07:00:00+00:00,574.977,576.687,574.746,576.617,147983993.53,7427
2024-11-06 08:00:00+00:00,574.977,576.687,574.746,576.617,147983993.53,7428
2024-11-06 09:00:00+00:00,574.977,576.687,574.746,576.617,147983993.53,7429
2024-11-06 10:00:00+00:00,574.977,576.687,574.746,576.617,147983993.53,7430
2024-11-06 11:00:00+00:00,574.977,576.687,574.746,576.617,147983993.53,7431
2024-11-06 12:00:00+00:00,574.977,576.687,574.746,576.617,147983993.53,7432
2024-11-06 13:00:00+00:00,574.977,576.687,574.746,576.617,147983993.53,7433
2024-11-06 14:00:00+00:00,589.216,589.397,585.377,586.107,176880004.88,7434
2024-11-06 15:00:00+00:00,586.116,589.047,586.116,586.967,270528015.14,7435
2024-11-06 16:00:00+00:00,586.987,588.837,586.276,588.766,186371994.02,7436
2024-11-06 17:00:00+00:00,588.737,589.447,588.296,589.256,120552001.95,7437
2024-11-06 18:00:00+00:00,589.257,590.696,589.116,590.267,102767997.74,7438
2024-11-06 19:00:00+00:00,590.267,590.827,589.766,590.526,104351997.38,7439
2024-11-06 20:00:00+00:00,590.517,591.907,590.426,590.987,143688003.54,7440
2024-11-06 21:00:00+00:00,590.517,591.907,590.426,590.987,143688003.54,7441
2024-11-06 22:00:00+00:00,590.517,591.907,590.426,590.987,143688003.54,7442
2024-11-06 23:00:00+00:00,590.517,591.907,590.426,590.987,143688003.54,7443
2024-11-07 00:00:00+00:00,590.517,591.907,590.426,590.987,143688003.54,7444
2024-11-07 01:00:00+00:00,590.517,591.907,590.426,590.987,143688003.54,7445
2024-11-07 02:00:00+00:00,590.517,591.907,590.426,590.987,143688003.54,7446
2024-11-07 03:00:00+00:00,590.517,591.907,590.426,590.987,143688003.54,7447
2024-11-07 04:00:00+00:00,590.517,591.907,590.426,590.987,143688003.54,7448
2024-11-07 05:00:00+00:00,590.517,591.907,590.426,590.987,143688003.54,7449
2024-11-07 06:00:00+00:00,590.517,591.907,590.426,590.987,143688003.54,7450
2024-11-07 07:00:00+00:00,590.517,591.907,590.426,590.987,143688003.54,7451
2024-11-07 08:00:00+00:00,590.517,591.907,590.426,590.987,143688003.54,7452
2024-11-07 09:00:00+00:00,590.517,591.907,590.426,590.987,143688003.54,7453
2024-11-07 10:00:00+00:00,590.517,591.907,590.426,590.987,143688003.54,7454
2024-11-07 11:00:00+00:00,590.517,591.907,590.426,590.987,143688003.54,7455
2024-11-07 12:00:00+00:00,590.517,591.907,590.426,590.987,143688003.54,7456
2024-11-07 13:00:00+00:00,590.517,591.907,590.426,590.987,143688003.54,7457
2024-11-07 14:00:00+00:00,593.017,594.027,592.976,593.976,101195999.15,7458
2024-11-07 15:00:00+00:00,593.976,594.966,593.776,594.797,151511993.41,7459
2024-11-07 16:00:00+00:00,594.797,595.267,594.076,595.127,123828002.93,7460
2024-11-07 17:00:00+00:00,595.127,595.546,594.736,595.377,95807998.66,7461
2024-11-07 18:00:00+00:00,595.386,595.427,594.186,594.737,106068000.79,7462
2024-11-07 19:00:00+00:00,594.736,596.007,593.916,596.006,145751998.9,7463
2024-11-07 20:00:00+00:00,596.017,596.627,595.176,595.547,143891998.29,7464
2024-11-07 21:00:00+00:00,596.017,596.627,595.176,595.547,143891998.29,7465
2024-11-07 22:00:00+00:00,596.017,596.627,595.176,595.547,143891998.29,7466
2024-11-07 23:00:00+00:00,596.017,596.627,595.176,595.547,143891998.29,7467
2024-11-08 00:00:00+00:00,596.017,596.627,595.176,595.547,143891998.29,7468
2024-11-08 01:00:00+00:00,596.017,596.627,595.176,595.547,143891998.29,7469
2024-11-08 02:00:00+00:00,596.017,596.627,595.176,595.547,143891998.29,7470
2024-11-08 03:00:00+00:00,596.017,596.627,595.176,595.547,143891998.29,7471
2024-11-08 04:00:00+00:00,596.017,596.627,595.176,595.547,143891998.29,7472
2024-11-08 05:00:00+00:00,596.017,596.627,595.176,595.547,143891998.29,7473
2024-11-08 06:00:00+00:00,596.017,596.627,595.176,595.547,143891998.29,7474
2024-11-08 07:00:00+00:00,596.017,596.627,595.176,595.547,143891998.29,7475
2024-11-08 08:00:00+00:00,596.017,596.627,595.176,595.547,143891998.29,7476
2024-11-08 09:00:00+00:00,596.017,596.627,595.176,595.547,143891998.29,7477
2024-11-08 10:00:00+00:00,596.017,596.627,595.176,595.547,143891998.29,7478
2024-11-08 11:00:00+00:00,596.017,596.627,595.176,595.547,143891998.29,7479
2024-11-08 12:00:00+00:00,596.017,596.627,595.176,595.547,143891998.29,7480
2024-11-08 13:00:00+00:00,596.017,596.627,595.176,595.547,143891998.29,7481
2024-11-08 14:00:00+00:00,596.157,597.217,596.156,597.156,90599998.47,7482
2024-11-08 15:00:00+00:00,597.186,597.977,596.556,597.776,146363998.41,7483
2024-11-08 16:00:00+00:00,597.776,598.187,597.326,597.906,101472000.12,7484
2024-11-08 17:00:00+00:00,597.906,598.327,597.416,598.067,85860000.61,7485
2024-11-08 18:00:00+00:00,598.077,599.186,597.946,598.987,75120002.75,7486
2024-11-08 19:00:00+00:00,598.977,599.606,598.666,598.897,75288002.01,7487
2024-11-08 20:00:00+00:00,598.896,598.956,597.626,597.987,126755996.7,7488
2024-11-08 21:00:00+00:00,598.896,598.956,597.626,597.987,126755996.7,7489
2024-11-08 22:00:00+00:00,598.896,598.956,597.626,597.987,126755996.7,7490
2024-11-08 23:00:00+00:00,598.896,598.956,597.626,597.987,126755996.7,7491
2024-11-09 00:00:00+00:00,598.896,598.956,597.626,597.987,126755996.7,7492
2024-11-09 01:00:00+00:00,598.896,598.956,597.626,597.987,126755996.7,7493
2024-11-09 02:00:00+00:00,598.896,598.956,597.626,597.987,126755996.7,7494
2024-11-09 03:00:00+00:00,598.896,598.956,597.626,597.987,126755996.7,7495
2024-11-09 04:00:00+00:00,598.896,598.956,597.626,597.987,126755996.7,7496
2024-11-09 05:00:00+00:00,598.896,598.956,597.626,597.987,126755996.7,7497
2024-11-09 06:00:00+00:00,598.896,598.956,597.626,597.987,126755996.7,7498
2024-11-09 07:00:00+00:00,598.896,598.956,597.626,597.987,126755996.7,7499
2024-11-09 08:00:00+00:00,598.896,598.956,597.626,597.987,126755996.7,7500
2024-11-09 09:00:00+00:00,598.896,598.956,597.626,597.987,126755996.7,7501
2024-11-09 10:00:00+00:00,598.896,598.956,597.626,597.987,126755996.7,7502
2024-11-09 11:00:00+00:00,598.896,598.956,597.626,597.987,126755996.7,7503
2024-11-09 12:00:00+00:00,598.896,598.956,597.626,597.987,126755996.7,7504
2024-11-09 13:00:00+00:00,598.896,598.956,597.626,597.987,126755996.7,7505
2024-11-09 14:00:00+00:00,598.896,598.956,597.626,597.987,126755996.7,7506
2024-11-09 15:00:00+00:00,598.896,598.956,597.626,597.987,126755996.7,7507
2024-11-09 16:00:00+00:00,598.896,598.956,597.626,597.987,126755996.7,7508
2024-11-09 17:00:00+00:00,598.896,598.956,597.626,597.987,126755996.7,7509
2024-11-09 18:00:00+00:00,598.896,598.956,597.626,597.987,126755996.7,7510
2024-11-09 19:00:00+00:00,598.896,598.956,597.626,597.987,126755996.7,7511
2024-11-09 20:00:00+00:00,598.896,598.956,597.626,597.987,126755996.7,7512
2024-11-09 21:00:00+00:00,598.896,598.956,597.626,597.987,126755996.7,7513
2024-11-09 22:00:00+00:00,598.896,598.956,597.626,597.987,126755996.7,7514
2024-11-09 23:00:00+00:00,598.896,598.956,597.626,597.987,126755996.7,7515
2024-11-10 00:00:00+00:00,598.896,598.956,597.626,597.987,126755996.7,7516
2024-11-10 01:00:00+00:00,598.896,598.956,597.626,597.987,126755996.7,7517
2024-11-10 02:00:00+00:00,598.896,598.956,597.626,597.987,126755996.7,7518
2024-11-10 03:00:00+00:00,598.896,598.956,597.626,597.987,126755996.7,7519
2024-11-10 04:00:00+00:00,598.896,598.956,597.626,597.987,126755996.7,7520
2024-11-10 05:00:00+00:00,598.896,598.956,597.626,597.987,126755996.7,7521
2024-11-10 06:00:00+00:00,598.896,598.956,597.626,597.987,126755996.7,7522
2024-11-10 07:00:00+00:00,598.896,598.956,597.626,597.987,126755996.7,7523
2024-11-10 08:00:00+00:00,598.896,598.956,597.626,597.987,126755996.7,7524
2024-11-10 09:00:00+00:00,598.896,598.956,597.626,597.987,126755996.7,7525
2024-11-10 10:00:00+00:00,598.896,598.956,597.626,597.987,126755996.7,7526
2024-11-10 11:00:00+00:00,598.896,598.956,597.626,597.987,126755996.7,7527
2024-11-10 12:00:00+00:00,598.896,598.956,597.626,597.987,126755996.7,7528
2024-11-10 13:00:00+00:00,598.896,598.956,597.626,597.987,126755996.7,7529
2024-11-10 14:00:00+00:00,598.896,598.956,597.626,597.987,126755996.7,7530
2024-11-10 15:00:00+00:00,598.896,598.956,597.626,597.987,126755996.7,7531
2024-11-10 16:00:00+00:00,598.896,598.956,597.626,597.987,126755996.7,7532
2024-11-10 17:00:00+00:00,598.896,598.956,597.626,597.987,126755996.7,7533
2024-11-10 18:00:00+00:00,598.896,598.956,597.626,597.987,126755996.7,7534
2024-11-10 19:00:00+00:00,598.896,598.956,597.626,597.987,126755996.7,7535
2024-11-10 20:00:00+00:00,598.896,598.956,597.626,597.987,126755996.7,7536
2024-11-10 21:00:00+00:00,598.896,598.956,597.626,597.987,126755996.7,7537
2024-11-10 22:00:00+00:00,598.896,598.956,597.626,597.987,126755996.7,7538
2024-11-10 23:00:00+00:00,598.896,598.956,597.626,597.987,126755996.7,7539
2024-11-11 00:00:00+00:00,598.896,598.956,597.626,597.987,126755996.7,7540
2024-11-11 01:00:00+00:00,598.896,598.956,597.626,597.987,126755996.7,7541
2024-11-11 02:00:00+00:00,598.896,598.956,597.626,597.987,126755996.7,7542
2024-11-11 03:00:00+00:00,598.896,598.956,597.626,597.987,126755996.7,7543
2024-11-11 04:00:00+00:00,598.896,598.956,597.626,597.987,126755996.7,7544
2024-11-11 05:00:00+00:00,598.896,598.956,597.626,597.987,126755996.7,7545
2024-11-11 06:00:00+00:00,598.896,598.956,597.626,597.987,126755996.7,7546
2024-11-11 07:00:00+00:00,598.896,598.956,597.626,597.987,126755996.7,7547
2024-11-11 08:00:00+00:00,598.896,598.956,597.626,597.987,126755996.7,7548
2024-11-11 09:00:00+00:00,598.896,598.956,597.626,597.987,126755996.7,7549
2024-11-11 10:00:00+00:00,598.896,598.956,597.626,597.987,126755996.7,7550
2024-11-11 11:00:00+00:00,598.896,598.956,597.626,597.987,126755996.7,7551
2024-11-11 12:00:00+00:00,598.896,598.956,597.626,597.987,126755996.7,7552
2024-11-11 13:00:00+00:00,598.896,598.956,597.626,597.987,126755996.7,7553
2024-11-11 14:00:00+00:00,599.837,600.136,598.857,599.157,103103996.28,7554
2024-11-11 15:00:00+00:00,599.177,599.936,598.506,599.667,131447998.05,7555
2024-11-11 16:00:00+00:00,599.657,599.936,598.927,599.427,103991996.77,7556
2024-11-11 17:00:00+00:00,599.416,599.546,598.196,598.197,79835998.54,7557
2024-11-11 18:00:00+00:00,598.197,598.617,596.996,598.226,98783996.58,7558
2024-11-11 19:00:00+00:00,598.226,598.397,597.986,598.276,63647998.81,7559
2024-11-11 20:00:00+00:00,598.257,598.817,597.966,598.717,76403999.33,7560
2024-11-11 21:00:00+00:00,598.257,598.817,597.966,598.717,76403999.33,7561
2024-11-11 22:00:00+00:00,598.257,598.817,597.966,598.717,76403999.33,7562
2024-11-11 23:00:00+00:00,598.257,598.817,597.966,598.717,76403999.33,7563
2024-11-12 00:00:00+00:00,598.257,598.817,597.966,598.717,76403999.33,7564
2024-11-12 01:00:00+00:00,598.257,598.817,597.966,598.717,76403999.33,7565
2024-11-12 02:00:00+00:00,598.257,598.817,597.966,598.717,76403999.33,7566
2024-11-12 03:00:00+00:00,598.257,598.817,597.966,598.717,76403999.33,7567
2024-11-12 04:00:00+00:00,598.257,598.817,597.966,598.717,76403999.33,7568
2024-11-12 05:00:00+00:00,598.257,598.817,597.966,598.717,76403999.33,7569
2024-11-12 06:00:00+00:00,598.257,598.817,597.966,598.717,76403999.33,7570
2024-11-12 07:00:00+00:00,598.257,598.817,597.966,598.717,76403999.33,7571
2024-11-12 08:00:00+00:00,598.257,598.817,597.966,598.717,76403999.33,7572
2024-11-12 09:00:00+00:00,598.257,598.817,597.966,598.717,76403999.33,7573
2024-11-12 10:00:00+00:00,598.257,598.817,597.966,598.717,76403999.33,7574
2024-11-12 11:00:00+00:00,598.257,598.817,597.966,598.717,76403999.33,7575
2024-11-12 12:00:00+00:00,598.257,598.817,597.966,598.717,76403999.33,7576
2024-11-12 13:00:00+00:00,598.257,598.817,597.966,598.717,76403999.33,7577
2024-11-12 14:00:00+00:00,598.696,599.277,598.367,598.937,105263999.94,7578
2024-11-12 15:00:00+00:00,598.927,599.007,597.186,597.217,183936004.64,7579
2024-11-12 16:00:00+00:00,597.206,597.567,596.307,596.427,151608001.71,7580
2024-11-12 17:00:00+00:00,596.406,596.707,594.557,594.667,142343994.14,7581
2024-11-12 18:00:00+00:00,594.677,597.767,594.356,597.407,145151992.8,7582
2024-11-12 19:00:00+00:00,597.397,598.387,597.316,597.997,103463996.89,7583
2024-11-12 20:00:00+00:00,597.987,598.186,596.506,596.866,129552001.95,7584
2024-11-12 21:00:00+00:00,597.987,598.186,596.506,596.866,129552001.95,7585
2024-11-12 22:00:00+00:00,597.987,598.186,596.506,596.866,129552001.95,7586
2024-11-12 23:00:00+00:00,597.987,598.186,596.506,596.866,129552001.95,7587
2024-11-13 00:00:00+00:00,597.987,598.186,596.506,596.866,129552001.95,7588
2024-11-13 01:00:00+00:00,597.987,598.186,596.506,596.866,129552001.95,7589
2024-11-13 02:00:00+00:00,597.987,598.186,596.506,596.866,129552001.95,7590
2024-11-13 03:00:00+00:00,597.987,598.186,596.506,596.866,129552001.95,7591
2024-11-13 04:00:00+00:00,597.987,598.186,596.506,596.866,129552001.95,7592
2024-11-13 05:00:00+00:00,597.987,598.186,596.506,596.866,129552001.95,7593
2024-11-13 06:00:00+00:00,597.987,598.186,596.506,596.866,129552001.95,7594
2024-11-13 07:00:00+00:00,597.987,598.186,596.506,596.866,129552001.95,7595
2024-11-13 08:00:00+00:00,597.987,598.186,596.506,596.866,129552001.95,7596
2024-11-13 09:00:00+00:00,597.987,598.186,596.506,596.866,129552001.95,7597
2024-11-13 10:00:00+00:00,597.987,598.186,596.506,596.866,129552001.95,7598
2024-11-13 11:00:00+00:00,597.987,598.186,596.506,596.866,129552001.95,7599
2024-11-13 12:00:00+00:00,597.987,598.186,596.506,596.866,129552001.95,7600
2024-11-13 13:00:00+00:00,597.987,598.186,596.506,596.866,129552001.95,7601
2024-11-13 14:00:00+00:00,597.347,597.697,596.326,597.086,119316001.89,7602
2024-11-13 15:00:00+00:00,597.106,597.347,594.936,597.137,219527999.88,7603
2024-11-13 16:00:00+00:00,597.147,598.307,596.646,598.057,144479995.73,7604
2024-11-13 17:00:00+00:00,598.037,599.167,597.896,599.107,121680000.31,7605
2024-11-13 18:00:00+00:00,599.096,599.207,598.326,598.897,88608001.71,7606
2024-11-13 19:00:00+00:00,598.886,598.927,597.007,597.196,112608001.71,7607
2024-11-13 20:00:00+00:00,597.156,598.507,596.456,597.147,150660003.66,7608
2024-11-13 21:00:00+00:00,597.156,598.507,596.456,597.147,150660003.66,7609
2024-11-13 22:00:00+00:00,597.156,598.507,596.456,597.147,150660003.66,7610
2024-11-13 23:00:00+00:00,597.156,598.507,596.456,597.147,150660003.66,7611
2024-11-14 00:00:00+00:00,597.156,598.507,596.456,597.147,150660003.66,7612
2024-11-14 01:00:00+00:00,597.156,598.507,596.456,597.147,150660003.66,7613
2024-11-14 02:00:00+00:00,597.156,598.507,596.456,597.147,150660003.66,7614
2024-11-14 03:00:00+00:00,597.156,598.507,596.456,597.147,150660003.66,7615
2024-11-14 04:00:00+00:00,597.156,598.507,596.456,597.147,150660003.66,7616
2024-11-14 05:00:00+00:00,597.156,598.507,596.456,597.147,150660003.66,7617
2024-11-14 06:00:00+00:00,597.156,598.507,596.456,597.147,150660003.66,7618
2024-11-14 07:00:00+00:00,597.156,598.507,596.456,597.147,150660003.66,7619
2024-11-14 08:00:00+00:00,597.156,598.507,596.456,597.147,150660003.66,7620
2024-11-14 09:00:00+00:00,597.156,598.507,596.456,597.147,150660003.66,7621
2024-11-14 10:00:00+00:00,597.156,598.507,596.456,597.147,150660003.66,7622
2024-11-14 11:00:00+00:00,597.156,598.507,596.456,597.147,150660003.66,7623
2024-11-14 12:00:00+00:00,597.156,598.507,596.456,597.147,150660003.66,7624
2024-11-14 13:00:00+00:00,597.156,598.507,596.456,597.147,150660003.66,7625
2024-11-14 14:00:00+00:00,597.297,597.797,595.757,596.397,133811996.46,7626
2024-11-14 15:00:00+00:00,596.376,596.927,595.106,596.146,212940002.44,7627
2024-11-14 16:00:00+00:00,596.126,596.926,595.486,595.656,165996002.2,7628
2024-11-14 17:00:00+00:00,595.676,595.836,593.676,595.026,175632003.78,7629
2024-11-14 18:00:00+00:00,595.006,595.717,593.736,593.877,148583999.63,7630
2024-11-14 19:00:00+00:00,593.876,595.767,593.827,595.267,140628005.98,7631
2024-11-14 20:00:00+00:00,595.266,595.276,592.636,593.367,206891998.29,7632
2024-11-14 21:00:00+00:00,595.266,595.276,592.636,593.367,206891998.29,7633
2024-11-14 22:00:00+00:00,595.266,595.276,592.636,593.367,206891998.29,7634
2024-11-14 23:00:00+00:00,595.266,595.276,592.636,593.367,206891998.29,7635
2024-11-15 00:00:00+00:00,595.266,595.276,592.636,593.367,206891998.29,7636
2024-11-15 01:00:00+00:00,595.266,595.276,592.636,593.367,206891998.29,7637
2024-11-15 02:00:00+00:00,595.266,595.276,592.636,593.367,206891998.29,7638
2024-11-15 03:00:00+00:00,595.266,595.276,592.636,593.367,206891998.29,7639
2024-11-15 04:00:00+00:00,595.266,595.276,592.636,593.367,206891998.29,7640
2024-11-15 05:00:00+00:00,595.266,595.276,592.636,593.367,206891998.29,7641
2024-11-15 06:00:00+00:00,595.266,595.276,592.636,593.367,206891998.29,7642
2024-11-15 07:00:00+00:00,595.266,595.276,592.636,593.367,206891998.29,7643
2024-11-15 08:00:00+00:00,595.266,595.276,592.636,593.367,206891998.29,7644
2024-11-15 09:00:00+00:00,595.266,595.276,592.636,593.367,206891998.29,7645
2024-11-15 10:00:00+00:00,595.266,595.276,592.636,593.367,206891998.29,7646
2024-11-15 11:00:00+00:00,595.266,595.276,592.636,593.367,206891998.29,7647
2024-11-15 12:00:00+00:00,595.266,595.276,592.636,593.367,206891998.29,7648
2024-11-15 13:00:00+00:00,595.266,595.276,592.636,593.367,206891998.29,7649
2024-11-15 14:00:00+00:00,589.697,590.187,588.456,588.647,131664001.46,7650
2024-11-15 15:00:00+00:00,588.626,588.707,586.016,586.407,236195999.15,7651
2024-11-15 16:00:00+00:00,586.387,587.367,585.466,585.747,187007995.61,7652
2024-11-15 17:00:00+00:00,585.766,585.927,584.637,585.456,169535995.48,7653
2024-11-15 18:00:00+00:00,585.446,585.657,583.836,584.477,149027999.88,7654
2024-11-15 19:00:00+00:00,584.496,585.766,584.006,584.957,143087997.44,7655
2024-11-15 20:00:00+00:00,584.917,586.216,584.716,585.676,166740005.49,7656
2024-11-15 21:00:00+00:00,584.917,586.216,584.716,585.676,166740005.49,7657
2024-11-15 22:00:00+00:00,584.917,586.216,584.716,585.676,166740005.49,7658
2024-11-15 23:00:00+00:00,584.917,586.216,584.716,585.676,166740005.49,7659
2024-11-16 00:00:00+00:00,584.917,586.216,584.716,585.676,166740005.49,7660
2024-11-16 01:00:00+00:00,584.917,586.216,584.716,585.676,166740005.49,7661
2024-11-16 02:00:00+00:00,584.917,586.216,584.716,585.676,166740005.49,7662
2024-11-16 03:00:00+00:00,584.917,586.216,584.716,585.676,166740005.49,7663
2024-11-16 04:00:00+00:00,584.917,586.216,584.716,585.676,166740005.49,7664
2024-11-16 05:00:00+00:00,584.917,586.216,584.716,585.676,166740005.49,7665
2024-11-16 06:00:00+00:00,584.917,586.216,584.716,585.676,166740005.49,7666
2024-11-16 07:00:00+00:00,584.917,586.216,584.716,585.676,166740005.49,7667
2024-11-16 08:00:00+00:00,584.917,586.216,584.716,585.676,166740005.49,7668
2024-11-16 09:00:00+00:00,584.917,586.216,584.716,585.676,166740005.49,7669
2024-11-16 10:00:00+00:00,584.917,586.216,584.716,585.676,166740005.49,7670
2024-11-16 11:00:00+00:00,584.917,586.216,584.716,585.676,166740005.49,7671
2024-11-16 12:00:00+00:00,584.917,586.216,584.716,585.676,166740005.49,7672
2024-11-16 13:00:00+00:00,584.917,586.216,584.716,585.676,166740005.49,7673
2024-11-16 14:00:00+00:00,584.917,586.216,584.716,585.676,166740005.49,7674
2024-11-16 15:00:00+00:00,584.917,586.216,584.716,585.676,166740005.49,7675
2024-11-16 16:00:00+00:00,584.917,586.216,584.716,585.676,166740005.49,7676
2024-11-16 17:00:00+00:00,584.917,586.216,584.716,585.676,166740005.49,7677
2024-11-16 18:00:00+00:00,584.917,586.216,584.716,585.676,166740005.49,7678
2024-11-16 19:00:00+00:00,584.917,586.216,584.716,585.676,166740005.49,7679
2024-11-16 20:00:00+00:00,584.917,586.216,584.716,585.676,166740005.49,7680
2024-11-16 21:00:00+00:00,584.917,586.216,584.716,585.676,166740005.49,7681
2024-11-16 22:00:00+00:00,584.917,586.216,584.716,585.676,166740005.49,7682
2024-11-16 23:00:00+00:00,584.917,586.216,584.716,585.676,166740005.49,7683
2024-11-17 00:00:00+00:00,584.917,586.216,584.716,585.676,166740005.49,7684
2024-11-17 01:00:00+00:00,584.917,586.216,584.716,585.676,166740005.49,7685
2024-11-17 02:00:00+00:00,584.917,586.216,584.716,585.676,166740005.49,7686
2024-11-17 03:00:00+00:00,584.917,586.216,584.716,585.676,166740005.49,7687
2024-11-17 04:00:00+00:00,584.917,586.216,584.716,585.676,166740005.49,7688
2024-11-17 05:00:00+00:00,584.917,586.216,584.716,585.676,166740005.49,7689
2024-11-17 06:00:00+00:00,584.917,586.216,584.716,585.676,166740005.49,7690
2024-11-17 07:00:00+00:00,584.917,586.216,584.716,585.676,166740005.49,7691
2024-11-17 08:00:00+00:00,584.917,586.216,584.716,585.676,166740005.49,7692
2024-11-17 09:00:00+00:00,584.917,586.216,584.716,585.676,166740005.49,7693
2024-11-17 10:00:00+00:00,584.917,586.216,584.716,585.676,166740005.49,7694
2024-11-17 11:00:00+00:00,584.917,586.216,584.716,585.676,166740005.49,7695
2024-11-17 12:00:00+00:00,584.917,586.216,584.716,585.676,166740005.49,7696
2024-11-17 13:00:00+00:00,584.917,586.216,584.716,585.676,166740005.49,7697
2024-11-17 14:00:00+00:00,584.917,586.216,584.716,585.676,166740005.49,7698
2024-11-17 15:00:00+00:00,584.917,586.216,584.716,585.676,166740005.49,7699
2024-11-17 16:00:00+00:00,584.917,586.216,584.716,585.676,166740005.49,7700
2024-11-17 17:00:00+00:00,584.917,586.216,584.716,585.676,166740005.49,7701
2024-11-17 18:00:00+00:00,584.917,586.216,584.716,585.676,166740005.49,7702
2024-11-17 19:00:00+00:00,584.917,586.216,584.716,585.676,166740005.49,7703
2024-11-17 20:00:00+00:00,584.917,586.216,584.716,585.676,166740005.49,7704
2024-11-17 21:00:00+00:00,584.917,586.216,584.716,585.676,166740005.49,7705
2024-11-17 22:00:00+00:00,584.917,586.216,584.716,585.676,166740005.49,7706
2024-11-17 23:00:00+00:00,584.917,586.216,584.716,585.676,166740005.49,7707
2024-11-18 00:00:00+00:00,584.917,586.216,584.716,585.676,166740005.49,7708
2024-11-18 01:00:00+00:00,584.917,586.216,584.716,585.676,166740005.49,7709
2024-11-18 02:00:00+00:00,584.917,586.216,584.716,585.676,166740005.49,7710
2024-11-18 03:00:00+00:00,584.917,586.216,584.716,585.676,166740005.49,7711
2024-11-18 04:00:00+00:00,584.917,586.216,584.716,585.676,166740005.49,7712
2024-11-18 05:00:00+00:00,584.917,586.216,584.716,585.676,166740005.49,7713
2024-11-18 06:00:00+00:00,584.917,586.216,584.716,585.676,166740005.49,7714
2024-11-18 07:00:00+00:00,584.917,586.216,584.716,585.676,166740005.49,7715
2024-11-18 08:00:00+00:00,584.917,586.216,584.716,585.676,166740005.49,7716
2024-11-18 09:00:00+00:00,584.917,586.216,584.716,585.676,166740005.49,7717
2024-11-18 10:00:00+00:00,584.917,586.216,584.716,585.676,166740005.49,7718
2024-11-18 11:00:00+00:00,584.917,586.216,584.716,585.676,166740005.49,7719
2024-11-18 12:00:00+00:00,584.917,586.216,584.716,585.676,166740005.49,7720
2024-11-18 13:00:00+00:00,584.917,586.216,584.716,585.676,166740005.49,7721
2024-11-18 14:00:00+00:00,586.207,586.367,585.326,585.716,129744003.3,7722
2024-11-18 15:00:00+00:00,585.737,588.337,585.556,588.207,174527999.88,7723
2024-11-18 16:00:00+00:00,588.217,589.477,587.917,588.296,121344001.77,7724
2024-11-18 17:00:00+00:00,588.297,588.647,587.746,588.636,131964004.52,7725
2024-11-18 18:00:00+00:00,588.607,588.637,586.996,588.336,109680000.31,7726
2024-11-18 19:00:00+00:00,588.336,588.367,587.076,588.067,104723999.02,7727
2024-11-18 20:00:00+00:00,588.076,588.387,587.506,588.107,111143997.19,7728
2024-11-18 21:00:00+00:00,588.076,588.387,587.506,588.107,111143997.19,7729
2024-11-18 22:00:00+00:00,588.076,588.387,587.506,588.107,111143997.19,7730
2024-11-18 23:00:00+00:00,588.076,588.387,587.506,588.107,111143997.19,7731
2024-11-19 00:00:00+00:00,588.076,588.387,587.506,588.107,111143997.19,7732
2024-11-19 01:00:00+00:00,588.076,588.387,587.506,588.107,111143997.19,7733
2024-11-19 02:00:00+00:00,588.076,588.387,587.506,588.107,111143997.19,7734
2024-11-19 03:00:00+00:00,588.076,588.387,587.506,588.107,111143997.19,7735
2024-11-19 04:00:00+00:00,588.076,588.387,587.506,588.107,111143997.19,7736
2024-11-19 05:00:00+00:00,588.076,588.387,587.506,588.107,111143997.19,7737
2024-11-19 06:00:00+00:00,588.076,588.387,587.506,588.107,111143997.19,7738
2024-11-19 07:00:00+00:00,588.076,588.387,587.506,588.107,111143997.19,7739
2024-11-19 08:00:00+00:00,588.076,588.387,587.506,588.107,111143997.19,7740
2024-11-19 09:00:00+00:00,588.076,588.387,587.506,588.107,111143997.19,7741
2024-11-19 10:00:00+00:00,588.076,588.387,587.506,588.107,111143997.19,7742
2024-11-19 11:00:00+00:00,588.076,588.387,587.506,588.107,111143997.19,7743
2024-11-19 12:00:00+00:00,588.076,588.387,587.506,588.107,111143997.19,7744
2024-11-19 13:00:00+00:00,588.076,588.387,587.506,588.107,111143997.19,7745
2024-11-19 14:00:00+00:00,584.677,585.777,584.006,585.246,158423995.97,7746
2024-11-19 15:00:00+00:00,585.216,588.096,584.606,587.716,257532012.94,7747
2024-11-19 16:00:00+00:00,587.717,589.217,587.627,588.807,184716003.42,7748
2024-11-19 17:00:00+00:00,588.817,589.527,588.026,589.167,144623992.92,7749
2024-11-19 18:00:00+00:00,589.177,591.037,588.747,590.886,121800003.05,7750
2024-11-19 19:00:00+00:00,590.887,590.967,589.096,589.606,134688003.54,7751
2024-11-19 20:00:00+00:00,589.616,590.587,589.336,590.256,131220001.22,7752
2024-11-19 21:00:00+00:00,589.616,590.587,589.336,590.256,131220001.22,7753
2024-11-19 22:00:00+00:00,589.616,590.587,589.336,590.256,131220001.22,7754
2024-11-19 23:00:00+00:00,589.616,590.587,589.336,590.256,131220001.22,7755
2024-11-20 00:00:00+00:00,589.616,590.587,589.336,590.256,131220001.22,7756
2024-11-20 01:00:00+00:00,589.616,590.587,589.336,590.256,131220001.22,7757
2024-11-20 02:00:00+00:00,589.616,590.587,589.336,590.256,131220001.22,7758
2024-11-20 03:00:00+00:00,589.616,590.587,589.336,590.256,131220001.22,7759
2024-11-20 04:00:00+00:00,589.616,590.587,589.336,590.256,131220001.22,7760
2024-11-20 05:00:00+00:00,589.616,590.587,589.336,590.256,131220001.22,7761
2024-11-20 06:00:00+00:00,589.616,590.587,589.336,590.256,131220001.22,7762
2024-11-20 07:00:00+00:00,589.616,590.587,589.336,590.256,131220001.22,7763
2024-11-20 08:00:00+00:00,589.616,590.587,589.336,590.256,131220001.22,7764
2024-11-20 09:00:00+00:00,589.616,590.587,589.336,590.256,131220001.22,7765
2024-11-20 10:00:00+00:00,589.616,590.587,589.336,590.256,131220001.22,7766
2024-11-20 11:00:00+00:00,589.616,590.587,589.336,590.256,131220001.22,7767
2024-11-20 12:00:00+00:00,589.616,590.587,589.336,590.256,131220001.22,7768
2024-11-20 13:00:00+00:00,589.616,590.587,589.336,590.256,131220001.22,7769
2024-11-20 14:00:00+00:00,590.337,590.496,587.376,587.406,134039993.29,7770
2024-11-20 15:00:00+00:00,587.386,588.137,584.596,587.397,223667999.27,7771
2024-11-20 16:00:00+00:00,587.396,588.776,585.526,588.317,181955993.65,7772
2024-11-20 17:00:00+00:00,588.317,588.677,586.127,587.047,147815994.26,7773
2024-11-20 18:00:00+00:00,587.057,587.697,586.137,586.767,133031997.68,7774
2024-11-20 19:00:00+00:00,586.767,587.887,586.226,587.487,118968002.32,7775
2024-11-20 20:00:00+00:00,587.467,590.757,587.207,590.437,155087997.44,7776
2024-11-20 21:00:00+00:00,587.467,590.757,587.207,590.437,155087997.44,7777
2024-11-20 22:00:00+00:00,587.467,590.757,587.207,590.437,155087997.44,7778
2024-11-20 23:00:00+00:00,587.467,590.757,587.207,590.437,155087997.44,7779
2024-11-21 00:00:00+00:00,587.467,590.757,587.207,590.437,155087997.44,7780
2024-11-21 01:00:00+00:00,587.467,590.757,587.207,590.437,155087997.44,7781
2024-11-21 02:00:00+00:00,587.467,590.757,587.207,590.437,155087997.44,7782
2024-11-21 03:00:00+00:00,587.467,590.757,587.207,590.437,155087997.44,7783
2024-11-21 04:00:00+00:00,587.467,590.757,587.207,590.437,155087997.44,7784
2024-11-21 05:00:00+00:00,587.467,590.757,587.207,590.437,155087997.44,7785
2024-11-21 06:00:00+00:00,587.467,590.757,587.207,590.437,155087997.44,7786
2024-11-21 07:00:00+00:00,587.467,590.757,587.207,590.437,155087997.44,7787
2024-11-21 08:00:00+00:00,587.467,590.757,587.207,590.437,155087997.44,7788
2024-11-21 09:00:00+00:00,587.467,590.757,587.207,590.437,155087997.44,7789
2024-11-21 10:00:00+00:00,587.467,590.757,587.207,590.437,155087997.44,7790
2024-11-21 11:00:00+00:00,587.467,590.757,587.207,590.437,155087997.44,7791
2024-11-21 12:00:00+00:00,587.467,590.757,587.207,590.437,155087997.44,7792
2024-11-21 13:00:00+00:00,587.467,590.757,587.207,590.437,155087997.44,7793
2024-11-21 14:00:00+00:00,593.426,593.546,588.546,589.707,193451995.85,7794
2024-11-21 15:00:00+00:00,589.727,591.827,587.417,591.636,330372009.28,7795
2024-11-21 16:00:00+00:00,591.636,593.126,591.016,591.866,237587997.44,7796
2024-11-21 17:00:00+00:00,591.867,594.137,591.076,593.697,173255996.7,7797
2024-11-21 18:00:00+00:00,593.707,594.796,593.616,594.416,140820007.32,7798
2024-11-21 19:00:00+00:00,594.396,594.666,593.506,594.576,140580001.83,7799
2024-11-21 20:00:00+00:00,594.566,595.077,593.546,593.577,131052001.95,7800
2024-11-21 21:00:00+00:00,594.566,595.077,593.546,593.577,131052001.95,7801
2024-11-21 22:00:00+00:00,594.566,595.077,593.546,593.577,131052001.95,7802
2024-11-21 23:00:00+00:00,594.566,595.077,593.546,593.577,131052001.95,7803
2024-11-22 00:00:00+00:00,594.566,595.077,593.546,593.577,131052001.95,7804
2024-11-22 01:00:00+00:00,594.566,595.077,593.546,593.577,131052001.95,7805
2024-11-22 02:00:00+00:00,594.566,595.077,593.546,593.577,131052001.95,7806
2024-11-22 03:00:00+00:00,594.566,595.077,593.546,593.577,131052001.95,7807
2024-11-22 04:00:00+00:00,594.566,595.077,593.546,593.577,131052001.95,7808
2024-11-22 05:00:00+00:00,594.566,595.077,593.546,593.577,131052001.95,7809
2024-11-22 06:00:00+00:00,594.566,595.077,593.546,593.577,131052001.95,7810
2024-11-22 07:00:00+00:00,594.566,595.077,593.546,593.577,131052001.95,7811
2024-11-22 08:00:00+00:00,594.566,595.077,593.546,593.577,131052001.95,7812
2024-11-22 09:00:00+00:00,594.566,595.077,593.546,593.577,131052001.95,7813
2024-11-22 10:00:00+00:00,594.566,595.077,593.546,593.577,131052001.95,7814
2024-11-22 11:00:00+00:00,594.566,595.077,593.546,593.577,131052001.95,7815
2024-11-22 12:00:00+00:00,594.566,595.077,593.546,593.577,131052001.95,7816
2024-11-22 13:00:00+00:00,594.566,595.077,593.546,593.577,131052001.95,7817
2024-11-22 14:00:00+00:00,593.666,596.107,593.546,595.877,143675994.87,7818
2024-11-22 15:00:00+00:00,595.886,595.967,593.147,595.777,275615997.31,7819
2024-11-22 16:00:00+00:00,595.756,595.867,593.686,595.017,186296005.25,7820
2024-11-22 17:00:00+00:00,595.017,595.857,594.636,595.697,131190002.44,7821
2024-11-22 18:00:00+00:00,595.686,596.116,594.896,595.417,113779998.78,7822
2024-11-22 19:00:00+00:00,595.396,595.607,594.136,595.387,106029998.78,7823
2024-11-22 20:00:00+00:00,595.387,596.076,594.087,595.517,124680000.31,7824
2024-11-22 21:00:00+00:00,595.387,596.076,594.087,595.517,124680000.31,7825
2024-11-22 22:00:00+00:00,595.387,596.076,594.087,595.517,124680000.31,7826
2024-11-22 23:00:00+00:00,595.387,596.076,594.087,595.517,124680000.31,7827
2024-11-23 00:00:00+00:00,595.387,596.076,594.087,595.517,124680000.31,7828
2024-11-23 01:00:00+00:00,595.387,596.076,594.087,595.517,124680000.31,7829
2024-11-23 02:00:00+00:00,595.387,596.076,594.087,595.517,124680000.31,7830
2024-11-23 03:00:00+00:00,595.387,596.076,594.087,595.517,124680000.31,7831
2024-11-23 04:00:00+00:00,595.387,596.076,594.087,595.517,124680000.31,7832
2024-11-23 05:00:00+00:00,595.387,596.076,594.087,595.517,124680000.31,7833
2024-11-23 06:00:00+00:00,595.387,596.076,594.087,595.517,124680000.31,7834
2024-11-23 07:00:00+00:00,595.387,596.076,594.087,595.517,124680000.31,7835
2024-11-23 08:00:00+00:00,595.387,596.076,594.087,595.517,124680000.31,7836
2024-11-23 09:00:00+00:00,595.387,596.076,594.087,595.517,124680000.31,7837
2024-11-23 10:00:00+00:00,595.387,596.076,594.087,595.517,124680000.31,7838
2024-11-23 11:00:00+00:00,595.387,596.076,594.087,595.517,124680000.31,7839
2024-11-23 12:00:00+00:00,595.387,596.076,594.087,595.517,124680000.31,7840
2024-11-23 13:00:00+00:00,595.387,596.076,594.087,595.517,124680000.31,7841
2024-11-23 14:00:00+00:00,595.387,596.076,594.087,595.517,124680000.31,7842
2024-11-23 15:00:00+00:00,595.387,596.076,594.087,595.517,124680000.31,7843
2024-11-23 16:00:00+00:00,595.387,596.076,594.087,595.517,124680000.31,7844
2024-11-23 17:00:00+00:00,595.387,596.076,594.087,595.517,124680000.31,7845
2024-11-23 18:00:00+00:00,595.387,596.076,594.087,595.517,124680000.31,7846
2024-11-23 19:00:00+00:00,595.387,596.076,594.087,595.517,124680000.31,7847
2024-11-23 20:00:00+00:00,595.387,596.076,594.087,595.517,124680000.31,7848
2024-11-23 21:00:00+00:00,595.387,596.076,594.087,595.517,124680000.31,7849
2024-11-23 22:00:00+00:00,595.387,596.076,594.087,595.517,124680000.31,7850
2024-11-23 23:00:00+00:00,595.387,596.076,594.087,595.517,124680000.31,7851
2024-11-24 00:00:00+00:00,595.387,596.076,594.087,595.517,124680000.31,7852
2024-11-24 01:00:00+00:00,595.387,596.076,594.087,595.517,124680000.31,7853
2024-11-24 02:00:00+00:00,595.387,596.076,594.087,595.517,124680000.31,7854
2024-11-24 03:00:00+00:00,595.387,596.076,594.087,595.517,124680000.31,7855
2024-11-24 04:00:00+00:00,595.387,596.076,594.087,595.517,124680000.31,7856
2024-11-24 05:00:00+00:00,595.387,596.076,594.087,595.517,124680000.31,7857
2024-11-24 06:00:00+00:00,595.387,596.076,594.087,595.517,124680000.31,7858
2024-11-24 07:00:00+00:00,595.387,596.076,594.087,595.517,124680000.31,7859
2024-11-24 08:00:00+00:00,595.387,596.076,594.087,595.517,124680000.31,7860
2024-11-24 09:00:00+00:00,595.387,596.076,594.087,595.517,124680000.31,7861
2024-11-24 10:00:00+00:00,595.387,596.076,594.087,595.517,124680000.31,7862
2024-11-24 11:00:00+00:00,595.387,596.076,594.087,595.517,124680000.31,7863
2024-11-24 12:00:00+00:00,595.387,596.076,594.087,595.517,124680000.31,7864
2024-11-24 13:00:00+00:00,595.387,596.076,594.087,595.517,124680000.31,7865
2024-11-24 14:00:00+00:00,595.387,596.076,594.087,595.517,124680000.31,7866
2024-11-24 15:00:00+00:00,595.387,596.076,594.087,595.517,124680000.31,7867
2024-11-24 16:00:00+00:00,595.387,596.076,594.087,595.517,124680000.31,7868
2024-11-24 17:00:00+00:00,595.387,596.076,594.087,595.517,124680000.31,7869
2024-11-24 18:00:00+00:00,595.387,596.076,594.087,595.517,124680000.31,7870
2024-11-24 19:00:00+00:00,595.387,596.076,594.087,595.517,124680000.31,7871
2024-11-24 20:00:00+00:00,595.387,596.076,594.087,595.517,124680000.31,7872
2024-11-24 21:00:00+00:00,595.387,596.076,594.087,595.517,124680000.31,7873
2024-11-24 22:00:00+00:00,595.387,596.076,594.087,595.517,124680000.31,7874
2024-11-24 23:00:00+00:00,595.387,596.076,594.087,595.517,124680000.31,7875
2024-11-25 00:00:00+00:00,595.387,596.076,594.087,595.517,124680000.31,7876
2024-11-25 01:00:00+00:00,595.387,596.076,594.087,595.517,124680000.31,7877
2024-11-25 02:00:00+00:00,595.387,596.076,594.087,595.517,124680000.31,7878
2024-11-25 03:00:00+00:00,595.387,596.076,594.087,595.517,124680000.31,7879
2024-11-25 04:00:00+00:00,595.387,596.076,594.087,595.517,124680000.31,7880
2024-11-25 05:00:00+00:00,595.387,596.076,594.087,595.517,124680000.31,7881
2024-11-25 06:00:00+00:00,595.387,596.076,594.087,595.517,124680000.31,7882
2024-11-25 07:00:00+00:00,595.387,596.076,594.087,595.517,124680000.31,7883
2024-11-25 08:00:00+00:00,595.387,596.076,594.087,595.517,124680000.31,7884
2024-11-25 09:00:00+00:00,595.387,596.076,594.087,595.517,124680000.31,7885
2024-11-25 10:00:00+00:00,595.387,596.076,594.087,595.517,124680000.31,7886
2024-11-25 11:00:00+00:00,595.387,596.076,594.087,595.517,124680000.31,7887
2024-11-25 12:00:00+00:00,595.387,596.076,594.087,595.517,124680000.31,7888
2024-11-25 13:00:00+00:00,595.387,596.076,594.087,595.517,124680000.31,7889
2024-11-25 14:00:00+00:00,599.506,600.817,598.636,599.197,132839996.34,7890
2024-11-25 15:00:00+00:00,599.187,599.287,597.456,597.967,215639999.39,7891
2024-11-25 16:00:00+00:00,597.946,598.416,597.146,597.237,129580001.83,7892
2024-11-25 17:00:00+00:00,597.237,597.577,595.176,596.446,132710006.71,7893
2024-11-25 18:00:00+00:00,596.457,597.576,596.406,597.296,97010002.14,7894
2024-11-25 19:00:00+00:00,597.297,597.427,596.476,597.077,83940002.44,7895
2024-11-25 20:00:00+00:00,597.087,597.737,596.656,597.476,83029998.78,7896
2024-11-25 21:00:00+00:00,597.087,597.737,596.656,597.476,83029998.78,7897
2024-11-25 22:00:00+00:00,597.087,597.737,596.656,597.476,83029998.78,7898
2024-11-25 23:00:00+00:00,597.087,597.737,596.656,597.476,83029998.78,7899
2024-11-26 00:00:00+00:00,597.087,597.737,596.656,597.476,83029998.78,7900
2024-11-26 01:00:00+00:00,597.087,597.737,596.656,597.476,83029998.78,7901
2024-11-26 02:00:00+00:00,597.087,597.737,596.656,597.476,83029998.78,7902
2024-11-26 03:00:00+00:00,597.087,597.737,596.656,597.476,83029998.78,7903
2024-11-26 04:00:00+00:00,597.087,597.737,596.656,597.476,83029998.78,7904
2024-11-26 05:00:00+00:00,597.087,597.737,596.656,597.476,83029998.78,7905
2024-11-26 06:00:00+00:00,597.087,597.737,596.656,597.476,83029998.78,7906
2024-11-26 07:00:00+00:00,597.087,597.737,596.656,597.476,83029998.78,7907
2024-11-26 08:00:00+00:00,597.087,597.737,596.656,597.476,83029998.78,7908
2024-11-26 09:00:00+00:00,597.087,597.737,596.656,597.476,83029998.78,7909
2024-11-26 10:00:00+00:00,597.087,597.737,596.656,597.476,83029998.78,7910
2024-11-26 11:00:00+00:00,597.087,597.737,596.656,597.476,83029998.78,7911
2024-11-26 12:00:00+00:00,597.087,597.737,596.656,597.476,83029998.78,7912
2024-11-26 13:00:00+00:00,597.087,597.737,596.656,597.476,83029998.78,7913
2024-11-26 14:00:00+00:00,598.807,599.597,598.486,598.897,111620002.75,7914
2024-11-26 15:00:00+00:00,598.926,599.397,598.046,599.036,194020004.27,7915
2024-11-26 16:00:00+00:00,599.027,599.856,598.847,599.717,133559997.56,7916
2024-11-26 17:00:00+00:00,599.716,600.117,599.046,600.066,90599998.47,7917
2024-11-26 18:00:00+00:00,600.057,600.156,599.587,600.076,79800003.05,7918
2024-11-26 19:00:00+00:00,600.066,600.387,599.186,600.016,101790000.92,7919
2024-11-26 20:00:00+00:00,600.006,601.296,599.886,600.756,88319999.69,7920
2024-11-26 21:00:00+00:00,600.006,601.296,599.886,600.756,88319999.69,7921
2024-11-26 22:00:00+00:00,600.006,601.296,599.886,600.756,88319999.69,7922
2024-11-26 23:00:00+00:00,600.006,601.296,599.886,600.756,88319999.69,7923
2024-11-27 00:00:00+00:00,600.006,601.296,599.886,600.756,88319999.69,7924
2024-11-27 01:00:00+00:00,600.006,601.296,599.886,600.756,88319999.69,7925
2024-11-27 02:00:00+00:00,600.006,601.296,599.886,600.756,88319999.69,7926
2024-11-27 03:00:00+00:00,600.006,601.296,599.886,600.756,88319999.69,7927
2024-11-27 04:00:00+00:00,600.006,601.296,599.886,600.756,88319999.69,7928
2024-11-27 05:00:00+00:00,600.006,601.296,599.886,600.756,88319999.69,7929
2024-11-27 06:00:00+00:00,600.006,601.296,599.886,600.756,88319999.69,7930
2024-11-27 07:00:00+00:00,600.006,601.296,599.886,600.756,88319999.69,7931
2024-11-27 08:00:00+00:00,600.006,601.296,599.886,600.756,88319999.69,7932
2024-11-27 09:00:00+00:00,600.006,601.296,599.886,600.756,88319999.69,7933
2024-11-27 10:00:00+00:00,600.006,601.296,599.886,600.756,88319999.69,7934
2024-11-27 11:00:00+00:00,600.006,601.296,599.886,600.756,88319999.69,7935
2024-11-27 12:00:00+00:00,600.006,601.296,599.886,600.756,88319999.69,7936
2024-11-27 13:00:00+00:00,600.006,601.296,599.886,600.756,88319999.69,7937
2024-11-27 14:00:00+00:00,600.457,600.827,599.916,600.367,87879997.25,7938
2024-11-27 15:00:00+00:00,600.387,600.387,598.527,598.856,151919998.17,7939
2024-11-27 16:00:00+00:00,598.836,599.136,597.997,598.136,117510002.14,7940
2024-11-27 17:00:00+00:00,598.157,598.437,597.267,598.367,88720001.22,7941
2024-11-27 18:00:00+00:00,598.357,599.107,598.146,598.897,63369998.93,7942
2024-11-27 19:00:00+00:00,598.916,599.087,598.396,598.686,56209999.08,7943
2024-11-27 20:00:00+00:00,598.687,598.976,597.926,598.676,73449996.95,7944
2024-11-27 21:00:00+00:00,598.687,598.976,597.926,598.676,73449996.95,7945
2024-11-27 22:00:00+00:00,598.687,598.976,597.926,598.676,73449996.95,7946
2024-11-27 23:00:00+00:00,598.687,598.976,597.926,598.676,73449996.95,7947
2024-11-28 00:00:00+00:00,598.687,598.976,597.926,598.676,73449996.95,7948
2024-11-28 01:00:00+00:00,598.687,598.976,597.926,598.676,73449996.95,7949
2024-11-28 02:00:00+00:00,598.687,598.976,597.926,598.676,73449996.95,7950
2024-11-28 03:00:00+00:00,598.687,598.976,597.926,598.676,73449996.95,7951
2024-11-28 04:00:00+00:00,598.687,598.976,597.926,598.676,73449996.95,7952
2024-11-28 05:00:00+00:00,598.687,598.976,597.926,598.676,73449996.95,7953
2024-11-28 06:00:00+00:00,598.687,598.976,597.926,598.676,73449996.95,7954
2024-11-28 07:00:00+00:00,598.687,598.976,597.926,598.676,73449996.95,7955
2024-11-28 08:00:00+00:00,598.687,598.976,597.926,598.676,73449996.95,7956
2024-11-28 09:00:00+00:00,598.687,598.976,597.926,598.676,73449996.95,7957
2024-11-28 10:00:00+00:00,598.687,598.976,597.926,598.676,73449996.95,7958
2024-11-28 11:00:00+00:00,598.687,598.976,597.926,598.676,73449996.95,7959
2024-11-28 12:00:00+00:00,598.687,598.976,597.926,598.676,73449996.95,7960
2024-11-28 13:00:00+00:00,598.687,598.976,597.926,598.676,73449996.95,7961
2024-11-28 14:00:00+00:00,598.687,598.976,597.926,598.676,73449996.95,7962
2024-11-28 15:00:00+00:00,598.687,598.976,597.926,598.676,73449996.95,7963
2024-11-28 16:00:00+00:00,598.687,598.976,597.926,598.676,73449996.95,7964
2024-11-28 17:00:00+00:00,598.687,598.976,597.926,598.676,73449996.95,7965
2024-11-28 18:00:00+00:00,598.687,598.976,597.926,598.676,73449996.95,7966
2024-11-28 19:00:00+00:00,598.687,598.976,597.926,598.676,73449996.95,7967
2024-11-28 20:00:00+00:00,598.687,598.976,597.926,598.676,73449996.95,7968
2024-11-28 21:00:00+00:00,598.687,598.976,597.926,598.676,73449996.95,7969
2024-11-28 22:00:00+00:00,598.687,598.976,597.926,598.676,73449996.95,7970
2024-11-28 23:00:00+00:00,598.687,598.976,597.926,598.676,73449996.95,7971
2024-11-29 00:00:00+00:00,598.687,598.976,597.926,598.676,73449996.95,7972
2024-11-29 01:00:00+00:00,598.687,598.976,597.926,598.676,73449996.95,7973
2024-11-29 02:00:00+00:00,598.687,598.976,597.926,598.676,73449996.95,7974
2024-11-29 03:00:00+00:00,598.687,598.976,597.926,598.676,73449996.95,7975
2024-11-29 04:00:00+00:00,598.687,598.976,597.926,598.676,73449996.95,7976
2024-11-29 05:00:00+00:00,598.687,598.976,597.926,598.676,73449996.95,7977
2024-11-29 06:00:00+00:00,598.687,598.976,597.926,598.676,73449996.95,7978
2024-11-29 07:00:00+00:00,598.687,598.976,597.926,598.676,73449996.95,7979
2024-11-29 08:00:00+00:00,598.687,598.976,597.926,598.676,73449996.95,7980
2024-11-29 09:00:00+00:00,598.687,598.976,597.926,598.676,73449996.95,7981
2024-11-29 10:00:00+00:00,598.687,598.976,597.926,598.676,73449996.95,7982
2024-11-29 11:00:00+00:00,598.687,598.976,597.926,598.676,73449996.95,7983
2024-11-29 12:00:00+00:00,598.687,598.976,597.926,598.676,73449996.95,7984
2024-11-29 13:00:00+00:00,598.687,598.976,597.926,598.676,73449996.95,7985
2024-11-29 14:00:00+00:00,599.587,600.697,599.366,600.696,68459999.08,7986
2024-11-29 15:00:00+00:00,600.687,601.867,600.686,601.797,93209999.08,7987
2024-11-29 16:00:00+00:00,601.806,602.877,601.796,602.676,61529998.78,7988
2024-11-29 17:00:00+00:00,602.686,603.327,602.416,602.466,65650001.53,7989
2024-11-29 18:00:00+00:00,602.686,603.327,602.416,602.466,65650001.53,7990
2024-11-29 19:00:00+00:00,602.686,603.327,602.416,602.466,65650001.53,7991
2024-11-29 20:00:00+00:00,602.686,603.327,602.416,602.466,65650001.53,7992
2024-11-29 21:00:00+00:00,602.686,603.327,602.416,602.466,65650001.53,7993
2024-11-29 22:00:00+00:00,602.686,603.327,602.416,602.466,65650001.53,7994
2024-11-29 23:00:00+00:00,602.686,603.327,602.416,602.466,65650001.53,7995
2024-11-30 00:00:00+00:00,602.686,603.327,602.416,602.466,65650001.53,7996
2024-11-30 01:00:00+00:00,602.686,603.327,602.416,602.466,65650001.53,7997
2024-11-30 02:00:00+00:00,602.686,603.327,602.416,602.466,65650001.53,7998
2024-11-30 03:00:00+00:00,602.686,603.327,602.416,602.466,65650001.53,7999
2024-11-30 04:00:00+00:00,602.686,603.327,602.416,602.466,65650001.53,8000
2024-11-30 05:00:00+00:00,602.686,603.327,602.416,602.466,65650001.53,8001
2024-11-30 06:00:00+00:00,602.686,603.327,602.416,602.466,65650001.53,8002
2024-11-30 07:00:00+00:00,602.686,603.327,602.416,602.466,65650001.53,8003
2024-11-30 08:00:00+00:00,602.686,603.327,602.416,602.466,65650001.53,8004
2024-11-30 09:00:00+00:00,602.686,603.327,602.416,602.466,65650001.53,8005
2024-11-30 10:00:00+00:00,602.686,603.327,602.416,602.466,65650001.53,8006
2024-11-30 11:00:00+00:00,602.686,603.327,602.416,602.466,65650001.53,8007
2024-11-30 12:00:00+00:00,602.686,603.327,602.416,602.466,65650001.53,8008
2024-11-30 13:00:00+00:00,602.686,603.327,602.416,602.466,65650001.53,8009
2024-11-30 14:00:00+00:00,602.686,603.327,602.416,602.466,65650001.53,8010
2024-11-30 15:00:00+00:00,602.686,603.327,602.416,602.466,65650001.53,8011
2024-11-30 16:00:00+00:00,602.686,603.327,602.416,602.466,65650001.53,8012
2024-11-30 17:00:00+00:00,602.686,603.327,602.416,602.466,65650001.53,8013
2024-11-30 18:00:00+00:00,602.686,603.327,602.416,602.466,65650001.53,8014
2024-11-30 19:00:00+00:00,602.686,603.327,602.416,602.466,65650001.53,8015
2024-11-30 20:00:00+00:00,602.686,603.327,602.416,602.466,65650001.53,8016
2024-11-30 21:00:00+00:00,602.686,603.327,602.416,602.466,65650001.53,8017
2024-11-30 22:00:00+00:00,602.686,603.327,602.416,602.466,65650001.53,8018
2024-11-30 23:00:00+00:00,602.686,603.327,602.416,602.466,65650001.53,8019
2024-12-01 00:00:00+00:00,602.686,603.327,602.416,602.466,65650001.53,8020
2024-12-01 01:00:00+00:00,602.686,603.327,602.416,602.466,65650001.53,8021
2024-12-01 02:00:00+00:00,602.686,603.327,602.416,602.466,65650001.53,8022
2024-12-01 03:00:00+00:00,602.686,603.327,602.416,602.466,65650001.53,8023
2024-12-01 04:00:00+00:00,602.686,603.327,602.416,602.466,65650001.53,8024
2024-12-01 05:00:00+00:00,602.686,603.327,602.416,602.466,65650001.53,8025
2024-12-01 06:00:00+00:00,602.686,603.327,602.416,602.466,65650001.53,8026
2024-12-01 07:00:00+00:00,602.686,603.327,602.416,602.466,65650001.53,8027
2024-12-01 08:00:00+00:00,602.686,603.327,602.416,602.466,65650001.53,8028
2024-12-01 09:00:00+00:00,602.686,603.327,602.416,602.466,65650001.53,8029
2024-12-01 10:00:00+00:00,602.686,603.327,602.416,602.466,65650001.53,8030
2024-12-01 11:00:00+00:00,602.686,603.327,602.416,602.466,65650001.53,8031
2024-12-01 12:00:00+00:00,602.686,603.327,602.416,602.466,65650001.53,8032
2024-12-01 13:00:00+00:00,602.686,603.327,602.416,602.466,65650001.53,8033
2024-12-01 14:00:00+00:00,602.686,603.327,602.416,602.466,65650001.53,8034
2024-12-01 15:00:00+00:00,602.686,603.327,602.416,602.466,65650001.53,8035
2024-12-01 16:00:00+00:00,602.686,603.327,602.416,602.466,65650001.53,8036
2024-12-01 17:00:00+00:00,602.686,603.327,602.416,602.466,65650001.53,8037
2024-12-01 18:00:00+00:00,602.686,603.327,602.416,602.466,65650001.53,8038
2024-12-01 19:00:00+00:00,602.686,603.327,602.416,602.466,65650001.53,8039
2024-12-01 20:00:00+00:00,602.686,603.327,602.416,602.466,65650001.53,8040
2024-12-01 21:00:00+00:00,602.686,603.327,602.416,602.466,65650001.53,8041
2024-12-01 22:00:00+00:00,602.686,603.327,602.416,602.466,65650001.53,8042
2024-12-01 23:00:00+00:00,602.686,603.327,602.416,602.466,65650001.53,8043
2024-12-02 00:00:00+00:00,602.686,603.327,602.416,602.466,65650001.53,8044
2024-12-02 01:00:00+00:00,602.686,603.327,602.416,602.466,65650001.53,8045
2024-12-02 02:00:00+00:00,602.686,603.327,602.416,602.466,65650001.53,8046
2024-12-02 03:00:00+00:00,602.686,603.327,602.416,602.466,65650001.53,8047
2024-12-02 04:00:00+00:00,602.686,603.327,602.416,602.466,65650001.53,8048
2024-12-02 05:00:00+00:00,602.686,603.327,602.416,602.466,65650001.53,8049
2024-12-02 06:00:00+00:00,602.686,603.327,602.416,602.466,65650001.53,8050
2024-12-02 07:00:00+00:00,602.686,603.327,602.416,602.466,65650001.53,8051
2024-12-02 08:00:00+00:00,602.686,603.327,602.416,602.466,65650001.53,8052
2024-12-02 09:00:00+00:00,602.686,603.327,602.416,602.466,65650001.53,8053
2024-12-02 10:00:00+00:00,602.686,603.327,602.416,602.466,65650001.53,8054
2024-12-02 11:00:00+00:00,602.686,603.327,602.416,602.466,65650001.53,8055
2024-12-02 12:00:00+00:00,602.686,603.327,602.416,602.466,65650001.53,8056
2024-12-02 13:00:00+00:00,602.686,603.327,602.416,602.466,65650001.53,8057
2024-12-02 14:00:00+00:00,602.976,603.647,602.436,602.836,90610000.61,8058
2024-12-02 15:00:00+00:00,602.926,603.547,602.447,602.686,135820007.32,8059
2024-12-02 16:00:00+00:00,602.677,603.837,602.467,603.647,92629997.25,8060
2024-12-02 17:00:00+00:00,603.636,603.947,603.366,603.547,59840000.15,8061
2024-12-02 18:00:00+00:00,603.556,603.867,603.376,603.776,63009998.32,8062
2024-12-02 19:00:00+00:00,603.767,603.977,603.056,603.926,60369998.93,8063
2024-12-02 20:00:00+00:00,603.906,604.287,603.446,603.587,76139999.39,8064
2024-12-02 21:00:00+00:00,603.906,604.287,603.446,603.587,76139999.39,8065
2024-12-02 22:00:00+00:00,603.906,604.287,603.446,603.587,76139999.39,8066
2024-12-02 23:00:00+00:00,603.906,604.287,603.446,603.587,76139999.39,8067
2024-12-03 00:00:00+00:00,603.906,604.287,603.446,603.587,76139999.39,8068
2024-12-03 01:00:00+00:00,603.906,604.287,603.446,603.587,76139999.39,8069
2024-12-03 02:00:00+00:00,603.906,604.287,603.446,603.587,76139999.39,8070
2024-12-03 03:00:00+00:00,603.906,604.287,603.446,603.587,76139999.39,8071
2024-12-03 04:00:00+00:00,603.906,604.287,603.446,603.587,76139999.39,8072
2024-12-03 05:00:00+00:00,603.906,604.287,603.446,603.587,76139999.39,8073
2024-12-03 06:00:00+00:00,603.906,604.287,603.446,603.587,76139999.39,8074
2024-12-03 07:00:00+00:00,603.906,604.287,603.446,603.587,76139999.39,8075
2024-12-03 08:00:00+00:00,603.906,604.287,603.446,603.587,76139999.39,8076
2024-12-03 09:00:00+00:00,603.906,604.287,603.446,603.587,76139999.39,8077
2024-12-03 10:00:00+00:00,603.906,604.287,603.446,603.587,76139999.39,8078
2024-12-03 11:00:00+00:00,603.906,604.287,603.446,603.587,76139999.39,8079
2024-12-03 12:00:00+00:00,603.906,604.287,603.446,603.587,76139999.39,8080
2024-12-03 13:00:00+00:00,603.906,604.287,603.446,603.587,76139999.39,8081
2024-12-03 14:00:00+00:00,603.377,603.707,602.756,603.346,82900001.53,8082
2024-12-03 15:00:00+00:00,603.337,603.587,602.336,602.856,128919998.17,8083
2024-12-03 16:00:00+00:00,602.877,603.487,602.337,602.547,98940002.44,8084
2024-12-03 17:00:00+00:00,602.556,603.707,602.516,603.707,64419998.17,8085
2024-12-03 18:00:00+00:00,603.706,603.836,603.266,603.426,53150001.53,8086
2024-12-03 19:00:00+00:00,603.427,604.137,603.146,604.017,56979999.54,8087
2024-12-03 20:00:00+00:00,604.017,604.127,603.486,603.817,60459999.08,8088
2024-12-03 21:00:00+00:00,604.017,604.127,603.486,603.817,60459999.08,8089
2024-12-03 22:00:00+00:00,604.017,604.127,603.486,603.817,60459999.08,8090
2024-12-03 23:00:00+00:00,604.017,604.127,603.486,603.817,60459999.08,8091
2024-12-04 00:00:00+00:00,604.017,604.127,603.486,603.817,60459999.08,8092
2024-12-04 01:00:00+00:00,604.017,604.127,603.486,603.817,60459999.08,8093
2024-12-04 02:00:00+00:00,604.017,604.127,603.486,603.817,60459999.08,8094
2024-12-04 03:00:00+00:00,604.017,604.127,603.486,603.817,60459999.08,8095
2024-12-04 04:00:00+00:00,604.017,604.127,603.486,603.817,60459999.08,8096
2024-12-04 05:00:00+00:00,604.017,604.127,603.486,603.817,60459999.08,8097
2024-12-04 06:00:00+00:00,604.017,604.127,603.486,603.817,60459999.08,8098
2024-12-04 07:00:00+00:00,604.017,604.127,603.486,603.817,60459999.08,8099
2024-12-04 08:00:00+00:00,604.017,604.127,603.486,603.817,60459999.08,8100
2024-12-04 09:00:00+00:00,604.017,604.127,603.486,603.817,60459999.08,8101
2024-12-04 10:00:00+00:00,604.017,604.127,603.486,603.817,60459999.08,8102
2024-12-04 11:00:00+00:00,604.017,604.127,603.486,603.817,60459999.08,8103
2024-12-04 12:00:00+00:00,604.017,604.127,603.486,603.817,60459999.08,8104
2024-12-04 13:00:00+00:00,604.017,604.127,603.486,603.817,60459999.08,8105
2024-12-04 14:00:00+00:00,605.617,606.187,605.496,605.856,74099998.47,8106
2024-12-04 15:00:00+00:00,605.866,606.287,604.936,606.217,112489997.86,8107
2024-12-04 16:00:00+00:00,606.216,606.466,606.037,606.347,72589996.34,8108
2024-12-04 17:00:00+00:00,606.337,606.507,605.906,606.387,52330001.83,8109
2024-12-04 18:00:00+00:00,606.397,606.507,605.176,606.077,61849998.47,8110
2024-12-04 19:00:00+00:00,606.036,607.107,605.737,606.896,61729999.54,8111
2024-12-04 20:00:00+00:00,606.897,607.877,606.807,607.577,62680000.31,8112
2024-12-04 21:00:00+00:00,606.897,607.877,606.807,607.577,62680000.31,8113
2024-12-04 22:00:00+00:00,606.897,607.877,606.807,607.577,62680000.31,8114
2024-12-04 23:00:00+00:00,606.897,607.877,606.807,607.577,62680000.31,8115
2024-12-05 00:00:00+00:00,606.897,607.877,606.807,607.577,62680000.31,8116
2024-12-05 01:00:00+00:00,606.897,607.877,606.807,607.577,62680000.31,8117
2024-12-05 02:00:00+00:00,606.897,607.877,606.807,607.577,62680000.31,8118
2024-12-05 03:00:00+00:00,606.897,607.877,606.807,607.577,62680000.31,8119
2024-12-05 04:00:00+00:00,606.897,607.877,606.807,607.577,62680000.31,8120
2024-12-05 05:00:00+00:00,606.897,607.877,606.807,607.577,62680000.31,8121
2024-12-05 06:00:00+00:00,606.897,607.877,606.807,607.577,62680000.31,8122
2024-12-05 07:00:00+00:00,606.897,607.877,606.807,607.577,62680000.31,8123
2024-12-05 08:00:00+00:00,606.897,607.877,606.807,607.577,62680000.31,8124
2024-12-05 09:00:00+00:00,606.897,607.877,606.807,607.577,62680000.31,8125
2024-12-05 10:00:00+00:00,606.897,607.877,606.807,607.577,62680000.31,8126
2024-12-05 11:00:00+00:00,606.897,607.877,606.807,607.577,62680000.31,8127
2024-12-05 12:00:00+00:00,606.897,607.877,606.807,607.577,62680000.31,8128
2024-12-05 13:00:00+00:00,606.897,607.877,606.807,607.577,62680000.31,8129
2024-12-05 14:00:00+00:00,607.626,607.827,607.356,607.757,63479999.54,8130
2024-12-05 15:00:00+00:00,607.777,608.187,606.786,606.946,106610000.61,8131
2024-12-05 16:00:00+00:00,606.947,607.757,606.826,607.737,64930000.31,8132
2024-12-05 17:00:00+00:00,607.736,608.466,607.616,608.386,52610000.61,8133
2024-12-05 18:00:00+00:00,608.396,608.396,606.846,607.356,87569999.69,8134
2024-12-05 19:00:00+00:00,607.367,607.647,606.896,607.176,79430000.31,8135
2024-12-05 20:00:00+00:00,607.176,607.397,606.296,606.607,94930000.31,8136
2024-12-05 21:00:00+00:00,607.176,607.397,606.296,606.607,94930000.31,8137
2024-12-05 22:00:00+00:00,607.176,607.397,606.296,606.607,94930000.31,8138
2024-12-05 23:00:00+00:00,607.176,607.397,606.296,606.607,94930000.31,8139
2024-12-06 00:00:00+00:00,607.176,607.397,606.296,606.607,94930000.31,8140
2024-12-06 01:00:00+00:00,607.176,607.397,606.296,606.607,94930000.31,8141
2024-12-06 02:00:00+00:00,607.176,607.397,606.296,606.607,94930000.31,8142
2024-12-06 03:00:00+00:00,607.176,607.397,606.296,606.607,94930000.31,8143
2024-12-06 04:00:00+00:00,607.176,607.397,606.296,606.607,94930000.31,8144
2024-12-06 05:00:00+00:00,607.176,607.397,606.296,606.607,94930000.31,8145
2024-12-06 06:00:00+00:00,607.176,607.397,606.296,606.607,94930000.31,8146
2024-12-06 07:00:00+00:00,607.176,607.397,606.296,606.607,94930000.31,8147
2024-12-06 08:00:00+00:00,607.176,607.397,606.296,606.607,94930000.31,8148
2024-12-06 09:00:00+00:00,607.176,607.397,606.296,606.607,94930000.31,8149
2024-12-06 10:00:00+00:00,607.176,607.397,606.296,606.607,94930000.31,8150
2024-12-06 11:00:00+00:00,607.176,607.397,606.296,606.607,94930000.31,8151
2024-12-06 12:00:00+00:00,607.176,607.397,606.296,606.607,94930000.31,8152
2024-12-06 13:00:00+00:00,607.176,607.397,606.296,606.607,94930000.31,8153
2024-12-06 14:00:00+00:00,607.417,609.027,607.326,608.887,79599998.47,8154
2024-12-06 15:00:00+00:00,608.897,609.046,608.216,608.687,109510002.14,8155
2024-12-06 16:00:00+00:00,608.697,608.736,607.546,607.787,91819999.69,8156
2024-12-06 17:00:00+00:00,607.797,607.836,607.056,607.337,72199996.95,8157
2024-12-06 18:00:00+00:00,607.346,608.367,607.277,608.026,58590000.15,8158
2024-12-06 19:00:00+00:00,608.027,608.056,606.996,607.306,64110000.61,8159
2024-12-06 20:00:00+00:00,607.306,608.107,607.116,607.797,53770000.46,8160
2024-12-06 21:00:00+00:00,607.306,608.107,607.116,607.797,53770000.46,8161
2024-12-06 22:00:00+00:00,607.306,608.107,607.116,607.797,53770000.46,8162
2024-12-06 23:00:00+00:00,607.306,608.107,607.116,607.797,53770000.46,8163
2024-12-07 00:00:00+00:00,607.306,608.107,607.116,607.797,53770000.46,8164
2024-12-07 01:00:00+00:00,607.306,608.107,607.116,607.797,53770000.46,8165
2024-12-07 02:00:00+00:00,607.306,608.107,607.116,607.797,53770000.46,8166
2024-12-07 03:00:00+00:00,607.306,608.107,607.116,607.797,53770000.46,8167
2024-12-07 04:00:00+00:00,607.306,608.107,607.116,607.797,53770000.46,8168
2024-12-07 05:00:00+00:00,607.306,608.107,607.116,607.797,53770000.46,8169
2024-12-07 06:00:00+00:00,607.306,608.107,607.116,607.797,53770000.46,8170
2024-12-07 07:00:00+00:00,607.306,608.107,607.116,607.797,53770000.46,8171
2024-12-07 08:00:00+00:00,607.306,608.107,607.116,607.797,53770000.46,8172
2024-12-07 09:00:00+00:00,607.306,608.107,607.116,607.797,53770000.46,8173
2024-12-07 10:00:00+00:00,607.306,608.107,607.116,607.797,53770000.46,8174
2024-12-07 11:00:00+00:00,607.306,608.107,607.116,607.797,53770000.46,8175
2024-12-07 12:00:00+00:00,607.306,608.107,607.116,607.797,53770000.46,8176
2024-12-07 13:00:00+00:00,607.306,608.107,607.116,607.797,53770000.46,8177
2024-12-07 14:00:00+00:00,607.306,608.107,607.116,607.797,53770000.46,8178
2024-12-07 15:00:00+00:00,607.306,608.107,607.116,607.797,53770000.46,8179
2024-12-07 16:00:00+00:00,607.306,608.107,607.116,607.797,53770000.46,8180
2024-12-07 17:00:00+00:00,607.306,608.107,607.116,607.797,53770000.46,8181
2024-12-07 18:00:00+00:00,607.306,608.107,607.116,607.797,53770000.46,8182
2024-12-07 19:00:00+00:00,607.306,608.107,607.116,607.797,53770000.46,8183
2024-12-07 20:00:00+00:00,607.306,608.107,607.116,607.797,53770000.46,8184
2024-12-07 21:00:00+00:00,607.306,608.107,607.116,607.797,53770000.46,8185
2024-12-07 22:00:00+00:00,607.306,608.107,607.116,607.797,53770000.46,8186
2024-12-07 23:00:00+00:00,607.306,608.107,607.116,607.797,53770000.46,8187
2024-12-08 00:00:00+00:00,607.306,608.107,607.116,607.797,53770000.46,8188
2024-12-08 01:00:00+00:00,607.306,608.107,607.116,607.797,53770000.46,8189
2024-12-08 02:00:00+00:00,607.306,608.107,607.116,607.797,53770000.46,8190
2024-12-08 03:00:00+00:00,607.306,608.107,607.116,607.797,53770000.46,8191
2024-12-08 04:00:00+00:00,607.306,608.107,607.116,607.797,53770000.46,8192
2024-12-08 05:00:00+00:00,607.306,608.107,607.116,607.797,53770000.46,8193
2024-12-08 06:00:00+00:00,607.306,608.107,607.116,607.797,53770000.46,8194
2024-12-08 07:00:00+00:00,607.306,608.107,607.116,607.797,53770000.46,8195
2024-12-08 08:00:00+00:00,607.306,608.107,607.116,607.797,53770000.46,8196
2024-12-08 09:00:00+00:00,607.306,608.107,607.116,607.797,53770000.46,8197
2024-12-08 10:00:00+00:00,607.306,608.107,607.116,607.797,53770000.46,8198
2024-12-08 11:00:00+00:00,607.306,608.107,607.116,607.797,53770000.46,8199
2024-12-08 12:00:00+00:00,607.306,608.107,607.116,607.797,53770000.46,8200
2024-12-08 13:00:00+00:00,607.306,608.107,607.116,607.797,53770000.46,8201
2024-12-08 14:00:00+00:00,607.306,608.107,607.116,607.797,53770000.46,8202
2024-12-08 15:00:00+00:00,607.306,608.107,607.116,607.797,53770000.46,8203
2024-12-08 16:00:00+00:00,607.306,608.107,607.116,607.797,53770000.46,8204
2024-12-08 17:00:00+00:00,607.306,608.107,607.116,607.797,53770000.46,8205
2024-12-08 18:00:00+00:00,607.306,608.107,607.116,607.797,53770000.46,8206
2024-12-08 19:00:00+00:00,607.306,608.107,607.116,607.797,53770000.46,8207
2024-12-08 20:00:00+00:00,607.306,608.107,607.116,607.797,53770000.46,8208
2024-12-08 21:00:00+00:00,607.306,608.107,607.116,607.797,53770000.46,8209
2024-12-08 22:00:00+00:00,607.306,608.107,607.116,607.797,53770000.46,8210
2024-12-08 23:00:00+00:00,607.306,608.107,607.116,607.797,53770000.46,8211
2024-12-09 00:00:00+00:00,607.306,608.107,607.116,607.797,53770000.46,8212
2024-12-09 01:00:00+00:00,607.306,608.107,607.116,607.797,53770000.46,8213
2024-12-09 02:00:00+00:00,607.306,608.107,607.116,607.797,53770000.46,8214
2024-12-09 03:00:00+00:00,607.306,608.107,607.116,607.797,53770000.46,8215
2024-12-09 04:00:00+00:00,607.306,608.107,607.116,607.797,53770000.46,8216
2024-12-09 05:00:00+00:00,607.306,608.107,607.116,607.797,53770000.46,8217
2024-12-09 06:00:00+00:00,607.306,608.107,607.116,607.797,53770000.46,8218
2024-12-09 07:00:00+00:00,607.306,608.107,607.116,607.797,53770000.46,8219
2024-12-09 08:00:00+00:00,607.306,608.107,607.116,607.797,53770000.46,8220
2024-12-09 09:00:00+00:00,607.306,608.107,607.116,607.797,53770000.46,8221
2024-12-09 10:00:00+00:00,607.306,608.107,607.116,607.797,53770000.46,8222
2024-12-09 11:00:00+00:00,607.306,608.107,607.116,607.797,53770000.46,8223
2024-12-09 12:00:00+00:00,607.306,608.107,607.116,607.797,53770000.46,8224
2024-12-09 13:00:00+00:00,607.306,608.107,607.116,607.797,53770000.46,8225
2024-12-09 14:00:00+00:00,607.686,607.847,607.186,607.466,65410003.66,8226
2024-12-09 15:00:00+00:00,607.457,607.557,605.246,605.357,115970001.22,8227
2024-12-09 16:00:00+00:00,605.357,606.116,604.596,606.017,103309997.56,8228
2024-12-09 17:00:00+00:00,606.007,606.057,605.256,605.326,76739997.86,8229
2024-12-09 18:00:00+00:00,605.317,606.427,605.007,605.987,69440002.44,8230
2024-12-09 19:00:00+00:00,605.987,605.997,604.506,604.986,72940002.44,8231
2024-12-09 20:00:00+00:00,604.986,605.047,604.076,604.726,81230003.36,8232
2024-12-09 21:00:00+00:00,604.986,605.047,604.076,604.726,81230003.36,8233
2024-12-09 22:00:00+00:00,604.986,605.047,604.076,604.726,81230003.36,8234
2024-12-09 23:00:00+00:00,604.986,605.047,604.076,604.726,81230003.36,8235
2024-12-10 00:00:00+00:00,604.986,605.047,604.076,604.726,81230003.36,8236
2024-12-10 01:00:00+00:00,604.986,605.047,604.076,604.726,81230003.36,8237
2024-12-10 02:00:00+00:00,604.986,605.047,604.076,604.726,81230003.36,8238
2024-12-10 03:00:00+00:00,604.986,605.047,604.076,604.726,81230003.36,8239
2024-12-10 04:00:00+00:00,604.986,605.047,604.076,604.726,81230003.36,8240
2024-12-10 05:00:00+00:00,604.986,605.047,604.076,604.726,81230003.36,8241
2024-12-10 06:00:00+00:00,604.986,605.047,604.076,604.726,81230003.36,8242
2024-12-10 07:00:00+00:00,604.986,605.047,604.076,604.726,81230003.36,8243
2024-12-10 08:00:00+00:00,604.986,605.047,604.076,604.726,81230003.36,8244
2024-12-10 09:00:00+00:00,604.986,605.047,604.076,604.726,81230003.36,8245
2024-12-10 10:00:00+00:00,604.986,605.047,604.076,604.726,81230003.36,8246
2024-12-10 11:00:00+00:00,604.986,605.047,604.076,604.726,81230003.36,8247
2024-12-10 12:00:00+00:00,604.986,605.047,604.076,604.726,81230003.36,8248
2024-12-10 13:00:00+00:00,604.986,605.047,604.076,604.726,81230003.36,8249
2024-12-10 14:00:00+00:00,605.297,605.317,604.266,605.056,82779998.78,8250
2024-12-10 15:00:00+00:00,605.056,605.677,604.847,604.996,124739997.86,8251
2024-12-10 16:00:00+00:00,604.976,605.267,604.296,604.547,112019996.64,8252
2024-12-10 17:00:00+00:00,604.546,605.006,604.166,604.306,83550003.05,8253
2024-12-10 18:00:00+00:00,604.296,604.607,604.016,604.036,57900001.53,8254
2024-12-10 19:00:00+00:00,604.026,604.087,603.527,603.646,73019996.64,8255
2024-12-10 20:00:00+00:00,603.627,603.647,602.126,602.867,94220001.22,8256
2024-12-10 21:00:00+00:00,603.627,603.647,602.126,602.867,94220001.22,8257
2024-12-10 22:00:00+00:00,603.627,603.647,602.126,602.867,94220001.22,8258
2024-12-10 23:00:00+00:00,603.627,603.647,602.126,602.867,94220001.22,8259
2024-12-11 00:00:00+00:00,603.627,603.647,602.126,602.867,94220001.22,8260
2024-12-11 01:00:00+00:00,603.627,603.647,602.126,602.867,94220001.22,8261
2024-12-11 02:00:00+00:00,603.627,603.647,602.126,602.867,94220001.22,8262
2024-12-11 03:00:00+00:00,603.627,603.647,602.126,602.867,94220001.22,8263
2024-12-11 04:00:00+00:00,603.627,603.647,602.126,602.867,94220001.22,8264
2024-12-11 05:00:00+00:00,603.627,603.647,602.126,602.867,94220001.22,8265
2024-12-11 06:00:00+00:00,603.627,603.647,602.126,602.867,94220001.22,8266
2024-12-11 07:00:00+00:00,603.627,603.647,602.126,602.867,94220001.22,8267
2024-12-11 08:00:00+00:00,603.627,603.647,602.126,602.867,94220001.22,8268
2024-12-11 09:00:00+00:00,603.627,603.647,602.126,602.867,94220001.22,8269
2024-12-11 10:00:00+00:00,603.627,603.647,602.126,602.867,94220001.22,8270
2024-12-11 11:00:00+00:00,603.627,603.647,602.126,602.867,94220001.22,8271
2024-12-11 12:00:00+00:00,603.627,603.647,602.126,602.867,94220001.22,8272
2024-12-11 13:00:00+00:00,603.627,603.647,602.126,602.867,94220001.22,8273
2024-12-11 14:00:00+00:00,605.716,606.627,605.466,606.586,71669998.17,8274
2024-12-11 15:00:00+00:00,606.596,607.227,606.297,606.747,109910003.66,8275
2024-12-11 16:00:00+00:00,606.766,607.847,606.496,607.736,69300003.05,8276
2024-12-11 17:00:00+00:00,607.747,608.177,607.586,608.107,47860000.61,8277
2024-12-11 18:00:00+00:00,608.107,608.416,607.716,607.797,49439998.63,8278
2024-12-11 19:00:00+00:00,607.816,608.207,607.547,607.926,45439998.63,8279
2024-12-11 20:00:00+00:00,607.926,608.077,607.297,607.547,47750000.0,8280
2024-12-11 21:00:00+00:00,607.926,608.077,607.297,607.547,47750000.0,8281
2024-12-11 22:00:00+00:00,607.926,608.077,607.297,607.547,47750000.0,8282
2024-12-11 23:00:00+00:00,607.926,608.077,607.297,607.547,47750000.0,8283
2024-12-12 00:00:00+00:00,607.926,608.077,607.297,607.547,47750000.0,8284
2024-12-12 01:00:00+00:00,607.926,608.077,607.297,607.547,47750000.0,8285
2024-12-12 02:00:00+00:00,607.926,608.077,607.297,607.547,47750000.0,8286
2024-12-12 03:00:00+00:00,607.926,608.077,607.297,607.547,47750000.0,8287
2024-12-12 04:00:00+00:00,607.926,608.077,607.297,607.547,47750000.0,8288
2024-12-12 05:00:00+00:00,607.926,608.077,607.297,607.547,47750000.0,8289
2024-12-12 06:00:00+00:00,607.926,608.077,607.297,607.547,47750000.0,8290
2024-12-12 07:00:00+00:00,607.926,608.077,607.297,607.547,47750000.0,8291
2024-12-12 08:00:00+00:00,607.926,608.077,607.297,607.547,47750000.0,8292
2024-12-12 09:00:00+00:00,607.926,608.077,607.297,607.547,47750000.0,8293
2024-12-12 10:00:00+00:00,607.926,608.077,607.297,607.547,47750000.0,8294
2024-12-12 11:00:00+00:00,607.926,608.077,607.297,607.547,47750000.0,8295
2024-12-12 12:00:00+00:00,607.926,608.077,607.297,607.547,47750000.0,8296
2024-12-12 13:00:00+00:00,607.926,608.077,607.297,607.547,47750000.0,8297
2024-12-12 14:00:00+00:00,606.587,606.587,605.716,606.167,86919998.17,8298
2024-12-12 15:00:00+00:00,606.177,606.956,605.117,606.776,148929992.68,8299
2024-12-12 16:00:00+00:00,606.766,607.137,605.756,605.776,99339996.34,8300
2024-12-12 17:00:00+00:00,605.787,606.867,605.756,606.776,78870002.75,8301
2024-12-12 18:00:00+00:00,606.786,606.927,605.706,605.737,75889999.39,8302
2024-12-12 19:00:00+00:00,605.747,606.117,604.816,605.096,78330001.83,8303
2024-12-12 20:00:00+00:00,605.077,605.317,604.336,604.377,84440002.44,8304
2024-12-12 21:00:00+00:00,605.077,605.317,604.336,604.377,84440002.44,8305
2024-12-12 22:00:00+00:00,605.077,605.317,604.336,604.377,84440002.44,8306
2024-12-12 23:00:00+00:00,605.077,605.317,604.336,604.377,84440002.44,8307
2024-12-13 00:00:00+00:00,605.077,605.317,604.336,604.377,84440002.44,8308
2024-12-13 01:00:00+00:00,605.077,605.317,604.336,604.377,84440002.44,8309
2024-12-13 02:00:00+00:00,605.077,605.317,604.336,604.377,84440002.44,8310
2024-12-13 03:00:00+00:00,605.077,605.317,604.336,604.377,84440002.44,8311
2024-12-13 04:00:00+00:00,605.077,605.317,604.336,604.377,84440002.44,8312
2024-12-13 05:00:00+00:00,605.077,605.317,604.336,604.377,84440002.44,8313
2024-12-13 06:00:00+00:00,605.077,605.317,604.336,604.377,84440002.44,8314
2024-12-13 07:00:00+00:00,605.077,605.317,604.336,604.377,84440002.44,8315
2024-12-13 08:00:00+00:00,605.077,605.317,604.336,604.377,84440002.44,8316
2024-12-13 09:00:00+00:00,605.077,605.317,604.336,604.377,84440002.44,8317
2024-12-13 10:00:00+00:00,605.077,605.317,604.336,604.377,84440002.44,8318
2024-12-13 11:00:00+00:00,605.077,605.317,604.336,604.377,84440002.44,8319
2024-12-13 12:00:00+00:00,605.077,605.317,604.336,604.377,84440002.44,8320
2024-12-13 13:00:00+00:00,605.077,605.317,604.336,604.377,84440002.44,8321
2024-12-13 14:00:00+00:00,606.376,607.117,605.996,606.087,69730003.36,8322
2024-12-13 15:00:00+00:00,606.096,606.186,603.416,603.447,155210006.71,8323
2024-12-13 16:00:00+00:00,603.457,604.647,603.006,603.777,152710006.71,8324
2024-12-13 17:00:00+00:00,603.757,603.966,602.806,602.896,105110000.61,8325
2024-12-13 18:00:00+00:00,602.876,604.397,602.796,604.086,75099998.47,8326
2024-12-13 19:00:00+00:00,604.077,604.617,603.917,604.296,62959999.08,8327
2024-12-13 20:00:00+00:00,604.287,604.677,603.736,604.187,73400001.53,8328
2024-12-13 21:00:00+00:00,604.287,604.677,603.736,604.187,73400001.53,8329
2024-12-13 22:00:00+00:00,604.287,604.677,603.736,604.187,73400001.53,8330
2024-12-13 23:00:00+00:00,604.287,604.677,603.736,604.187,73400001.53,8331
2024-12-14 00:00:00+00:00,604.287,604.677,603.736,604.187,73400001.53,8332
2024-12-14 01:00:00+00:00,604.287,604.677,603.736,604.187,73400001.53,8333
2024-12-14 02:00:00+00:00,604.287,604.677,603.736,604.187,73400001.53,8334
2024-12-14 03:00:00+00:00,604.287,604.677,603.736,604.187,73400001.53,8335
2024-12-14 04:00:00+00:00,604.287,604.677,603.736,604.187,73400001.53,8336
2024-12-14 05:00:00+00:00,604.287,604.677,603.736,604.187,73400001.53,8337
2024-12-14 06:00:00+00:00,604.287,604.677,603.736,604.187,73400001.53,8338
2024-12-14 07:00:00+00:00,604.287,604.677,603.736,604.187,73400001.53,8339
2024-12-14 08:00:00+00:00,604.287,604.677,603.736,604.187,73400001.53,8340
2024-12-14 09:00:00+00:00,604.287,604.677,603.736,604.187,73400001.53,8341
2024-12-14 10:00:00+00:00,604.287,604.677,603.736,604.187,73400001.53,8342
2024-12-14 11:00:00+00:00,604.287,604.677,603.736,604.187,73400001.53,8343
2024-12-14 12:00:00+00:00,604.287,604.677,603.736,604.187,73400001.53,8344
2024-12-14 13:00:00+00:00,604.287,604.677,603.736,604.187,73400001.53,8345
2024-12-14 14:00:00+00:00,604.287,604.677,603.736,604.187,73400001.53,8346
2024-12-14 15:00:00+00:00,604.287,604.677,603.736,604.187,73400001.53,8347
2024-12-14 16:00:00+00:00,604.287,604.677,603.736,604.187,73400001.53,8348
2024-12-14 17:00:00+00:00,604.287,604.677,603.736,604.187,73400001.53,8349
2024-12-14 18:00:00+00:00,604.287,604.677,603.736,604.187,73400001.53,8350
2024-12-14 19:00:00+00:00,604.287,604.677,603.736,604.187,73400001.53,8351
2024-12-14 20:00:00+00:00,604.287,604.677,603.736,604.187,73400001.53,8352
2024-12-14 21:00:00+00:00,604.287,604.677,603.736,604.187,73400001.53,8353
2024-12-14 22:00:00+00:00,604.287,604.677,603.736,604.187,73400001.53,8354
2024-12-14 23:00:00+00:00,604.287,604.677,603.736,604.187,73400001.53,8355
2024-12-15 00:00:00+00:00,604.287,604.677,603.736,604.187,73400001.53,8356
2024-12-15 01:00:00+00:00,604.287,604.677,603.736,604.187,73400001.53,8357
2024-12-15 02:00:00+00:00,604.287,604.677,603.736,604.187,73400001.53,8358
2024-12-15 03:00:00+00:00,604.287,604.677,603.736,604.187,73400001.53,8359
2024-12-15 04:00:00+00:00,604.287,604.677,603.736,604.187,73400001.53,8360
2024-12-15 05:00:00+00:00,604.287,604.677,603.736,604.187,73400001.53,8361
2024-12-15 06:00:00+00:00,604.287,604.677,603.736,604.187,73400001.53,8362
2024-12-15 07:00:00+00:00,604.287,604.677,603.736,604.187,73400001.53,8363
2024-12-15 08:00:00+00:00,604.287,604.677,603.736,604.187,73400001.53,8364
2024-12-15 09:00:00+00:00,604.287,604.677,603.736,604.187,73400001.53,8365
2024-12-15 10:00:00+00:00,604.287,604.677,603.736,604.187,73400001.53,8366
2024-12-15 11:00:00+00:00,604.287,604.677,603.736,604.187,73400001.53,8367
2024-12-15 12:00:00+00:00,604.287,604.677,603.736,604.187,73400001.53,8368
2024-12-15 13:00:00+00:00,604.287,604.677,603.736,604.187,73400001.53,8369
2024-12-15 14:00:00+00:00,604.287,604.677,603.736,604.187,73400001.53,8370
2024-12-15 15:00:00+00:00,604.287,604.677,603.736,604.187,73400001.53,8371
2024-12-15 16:00:00+00:00,604.287,604.677,603.736,604.187,73400001.53,8372
2024-12-15 17:00:00+00:00,604.287,604.677,603.736,604.187,73400001.53,8373
2024-12-15 18:00:00+00:00,604.287,604.677,603.736,604.187,73400001.53,8374
2024-12-15 19:00:00+00:00,604.287,604.677,603.736,604.187,73400001.53,8375
2024-12-15 20:00:00+00:00,604.287,604.677,603.736,604.187,73400001.53,8376
2024-12-15 21:00:00+00:00,604.287,604.677,603.736,604.187,73400001.53,8377
2024-12-15 22:00:00+00:00,604.287,604.677,603.736,604.187,73400001.53,8378
2024-12-15 23:00:00+00:00,604.287,604.677,603.736,604.187,73400001.53,8379
2024-12-16 00:00:00+00:00,604.287,604.677,603.736,604.187,73400001.53,8380
2024-12-16 01:00:00+00:00,604.287,604.677,603.736,604.187,73400001.53,8381
2024-12-16 02:00:00+00:00,604.287,604.677,603.736,604.187,73400001.53,8382
2024-12-16 03:00:00+00:00,604.287,604.677,603.736,604.187,73400001.53,8383
2024-12-16 04:00:00+00:00,604.287,604.677,603.736,604.187,73400001.53,8384
2024-12-16 05:00:00+00:00,604.287,604.677,603.736,604.187,73400001.53,8385
2024-12-16 06:00:00+00:00,604.287,604.677,603.736,604.187,73400001.53,8386
2024-12-16 07:00:00+00:00,604.287,604.677,603.736,604.187,73400001.53,8387
2024-12-16 08:00:00+00:00,604.287,604.677,603.736,604.187,73400001.53,8388
2024-12-16 09:00:00+00:00,604.287,604.677,603.736,604.187,73400001.53,8389
2024-12-16 10:00:00+00:00,604.287,604.677,603.736,604.187,73400001.53,8390
2024-12-16 11:00:00+00:00,604.287,604.677,603.736,604.187,73400001.53,8391
2024-12-16 12:00:00+00:00,604.287,604.677,603.736,604.187,73400001.53,8392
2024-12-16 13:00:00+00:00,604.287,604.677,603.736,604.187,73400001.53,8393
2024-12-16 14:00:00+00:00,605.996,606.387,605.556,606.257,97199996.95,8394
2024-12-16 15:00:00+00:00,606.266,607.027,605.196,606.706,156529998.78,8395
2024-12-16 16:00:00+00:00,606.697,606.967,606.396,606.946,104889999.39,8396
2024-12-16 17:00:00+00:00,606.937,607.337,606.546,607.247,62479999.54,8397
2024-12-16 18:00:00+00:00,607.246,607.757,607.147,607.597,41409999.85,8398
2024-12-16 19:00:00+00:00,607.607,607.647,607.276,607.497,40830001.83,8399
2024-12-16 20:00:00+00:00,607.496,607.767,606.036,606.766,63709999.08,8400
2024-12-16 21:00:00+00:00,607.496,607.767,606.036,606.766,63709999.08,8401
2024-12-16 22:00:00+00:00,607.496,607.767,606.036,606.766,63709999.08,8402
2024-12-16 23:00:00+00:00,607.496,607.767,606.036,606.766,63709999.08,8403
2024-12-17 00:00:00+00:00,607.496,607.767,606.036,606.766,63709999.08,8404
2024-12-17 01:00:00+00:00,607.496,607.767,606.036,606.766,63709999.08,8405
2024-12-17 02:00:00+00:00,607.496,607.767,606.036,606.766,63709999.08,8406
2024-12-17 03:00:00+00:00,607.496,607.767,606.036,606.766,63709999.08,8407
2024-12-17 04:00:00+00:00,607.496,607.767,606.036,606.766,63709999.08,8408
2024-12-17 05:00:00+00:00,607.496,607.767,606.036,606.766,63709999.08,8409
2024-12-17 06:00:00+00:00,607.496,607.767,606.036,606.766,63709999.08,8410
2024-12-17 07:00:00+00:00,607.496,607.767,606.036,606.766,63709999.08,8411
2024-12-17 08:00:00+00:00,607.496,607.767,606.036,606.766,63709999.08,8412
2024-12-17 09:00:00+00:00,607.496,607.767,606.036,606.766,63709999.08,8413
2024-12-17 10:00:00+00:00,607.496,607.767,606.036,606.766,63709999.08,8414
2024-12-17 11:00:00+00:00,607.496,607.767,606.036,606.766,63709999.08,8415
2024-12-17 12:00:00+00:00,607.496,607.767,606.036,606.766,63709999.08,8416
2024-12-17 13:00:00+00:00,607.496,607.767,606.036,606.766,63709999.08,8417
2024-12-17 14:00:00+00:00,604.166,604.856,603.596,604.387,104930000.31,8418
2024-12-17 15:00:00+00:00,604.387,604.397,603.156,603.926,154399993.9,8419
2024-12-17 16:00:00+00:00,603.916,605.156,603.816,604.927,99790000.92,8420
2024-12-17 17:00:00+00:00,604.936,604.957,604.246,604.787,79209999.08,8421
2024-12-17 18:00:00+00:00,604.766,604.766,604.006,604.236,65930000.31,8422
2024-12-17 19:00:00+00:00,604.206,604.287,603.226,603.397,54759998.32,8423
2024-12-17 20:00:00+00:00,603.377,604.727,602.856,604.227,101120002.75,8424
2024-12-17 21:00:00+00:00,603.377,604.727,602.856,604.227,101120002.75,8425
2024-12-17 22:00:00+00:00,603.377,604.727,602.856,604.227,101120002.75,8426
2024-12-17 23:00:00+00:00,603.377,604.727,602.856,604.227,101120002.75,8427
2024-12-18 00:00:00+00:00,603.377,604.727,602.856,604.227,101120002.75,8428
2024-12-18 01:00:00+00:00,603.377,604.727,602.856,604.227,101120002.75,8429
2024-12-18 02:00:00+00:00,603.377,604.727,602.856,604.227,101120002.75,8430
2024-12-18 03:00:00+00:00,603.377,604.727,602.856,604.227,101120002.75,8431
2024-12-18 04:00:00+00:00,603.377,604.727,602.856,604.227,101120002.75,8432
2024-12-18 05:00:00+00:00,603.377,604.727,602.856,604.227,101120002.75,8433
2024-12-18 06:00:00+00:00,603.377,604.727,602.856,604.227,101120002.75,8434
2024-12-18 07:00:00+00:00,603.377,604.727,602.856,604.227,101120002.75,8435
2024-12-18 08:00:00+00:00,603.377,604.727,602.856,604.227,101120002.75,8436
2024-12-18 09:00:00+00:00,603.377,604.727,602.856,604.227,101120002.75,8437
2024-12-18 10:00:00+00:00,603.377,604.727,602.856,604.227,101120002.75,8438
2024-12-18 11:00:00+00:00,603.377,604.727,602.856,604.227,101120002.75,8439
2024-12-18 12:00:00+00:00,603.377,604.727,602.856,604.227,101120002.75,8440
2024-12-18 13:00:00+00:00,603.377,604.727,602.856,604.227,101120002.75,8441
2024-12-18 14:00:00+00:00,603.956,604.646,603.447,604.596,84610000.61,8442
2024-12-18 15:00:00+00:00,604.586,606.397,604.476,605.946,105349998.47,8443
2024-12-18 16:00:00+00:00,605.947,606.246,604.626,605.756,97510002.14,8444
2024-12-18 17:00:00+00:00,605.766,606.297,605.207,605.536,91599998.47,8445
2024-12-18 18:00:00+00:00,605.547,605.657,605.116,605.437,77250000.0,8446
2024-12-18 19:00:00+00:00,605.436,605.466,596.066,596.346,253679992.68,8447
2024-12-18 20:00:00+00:00,596.406,596.876,586.076,586.177,342899993.9,8448
2024-12-18 21:00:00+00:00,596.406,596.876,586.076,586.177,342899993.9,8449
2024-12-18 22:00:00+00:00,596.406,596.876,586.076,586.177,342899993.9,8450
2024-12-18 23:00:00+00:00,596.406,596.876,586.076,586.177,342899993.9,8451
2024-12-19 00:00:00+00:00,596.406,596.876,586.076,586.177,342899993.9,8452
2024-12-19 01:00:00+00:00,596.406,596.876,586.076,586.177,342899993.9,8453
2024-12-19 02:00:00+00:00,596.406,596.876,586.076,586.177,342899993.9,8454
2024-12-19 03:00:00+00:00,596.406,596.876,586.076,586.177,342899993.9,8455
2024-12-19 04:00:00+00:00,596.406,596.876,586.076,586.177,342899993.9,8456
2024-12-19 05:00:00+00:00,596.406,596.876,586.076,586.177,342899993.9,8457
2024-12-19 06:00:00+00:00,596.406,596.876,586.076,586.177,342899993.9,8458
2024-12-19 07:00:00+00:00,596.406,596.876,586.076,586.177,342899993.9,8459
2024-12-19 08:00:00+00:00,596.406,596.876,586.076,586.177,342899993.9,8460
2024-12-19 09:00:00+00:00,596.406,596.876,586.076,586.177,342899993.9,8461
2024-12-19 10:00:00+00:00,596.406,596.876,586.076,586.177,342899993.9,8462
2024-12-19 11:00:00+00:00,596.406,596.876,586.076,586.177,342899993.9,8463
2024-12-19 12:00:00+00:00,596.406,596.876,586.076,586.177,342899993.9,8464
2024-12-19 13:00:00+00:00,596.406,596.876,586.076,586.177,342899993.9,8465
2024-12-19 14:00:00+00:00,591.336,592.977,589.796,590.466,158880004.88,8466
2024-12-19 15:00:00+00:00,590.466,590.916,587.766,589.707,285730010.99,8467
2024-12-19 16:00:00+00:00,589.687,591.367,587.777,589.827,237240005.49,8468
2024-12-19 17:00:00+00:00,589.846,590.127,587.426,589.036,196369995.12,8469
2024-12-19 18:00:00+00:00,589.027,591.247,587.286,591.217,174039993.29,8470
2024-12-19 19:00:00+00:00,591.197,591.237,588.027,588.027,172339996.34,8471
2024-12-19 20:00:00+00:00,588.037,589.416,585.877,586.136,222300003.05,8472
2024-12-19 21:00:00+00:00,588.037,589.416,585.877,586.136,222300003.05,8473
2024-12-19 22:00:00+00:00,588.037,589.416,585.877,586.136,222300003.05,8474
2024-12-19 23:00:00+00:00,588.037,589.416,585.877,586.136,222300003.05,8475
2024-12-20 00:00:00+00:00,588.037,589.416,585.877,586.136,222300003.05,8476
2024-12-20 01:00:00+00:00,588.037,589.416,585.877,586.136,222300003.05,8477
2024-12-20 02:00:00+00:00,588.037,589.416,585.877,586.136,222300003.05,8478
2024-12-20 03:00:00+00:00,588.037,589.416,585.877,586.136,222300003.05,8479
2024-12-20 04:00:00+00:00,588.037,589.416,585.877,586.136,222300003.05,8480
2024-12-20 05:00:00+00:00,588.037,589.416,585.877,586.136,222300003.05,8481
2024-12-20 06:00:00+00:00,588.037,589.416,585.877,586.136,222300003.05,8482
2024-12-20 07:00:00+00:00,588.037,589.416,585.877,586.136,222300003.05,8483
2024-12-20 08:00:00+00:00,588.037,589.416,585.877,586.136,222300003.05,8484
2024-12-20 09:00:00+00:00,588.037,589.416,585.877,586.136,222300003.05,8485
2024-12-20 10:00:00+00:00,588.037,589.416,585.877,586.136,222300003.05,8486
2024-12-20 11:00:00+00:00,588.037,589.416,585.877,586.136,222300003.05,8487
2024-12-20 12:00:00+00:00,588.037,589.416,585.877,586.136,222300003.05,8488
2024-12-20 13:00:00+00:00,588.037,589.416,585.877,586.136,222300003.05,8489
2024-12-20 14:00:00+00:00,581.776,584.147,580.896,582.047,159750000.0,8490
2024-12-20 15:00:00+00:00,582.046,589.236,582.046,588.257,259109985.35,8491
2024-12-20 16:00:00+00:00,588.257,594.867,588.067,594.377,225889999.39,8492
2024-12-20 17:00:00+00:00,594.387,595.736,593.806,594.516,176250000.0,8493
2024-12-20 18:00:00+00:00,594.536,594.596,591.827,592.027,205529998.78,8494
2024-12-20 19:00:00+00:00,592.017,593.917,591.596,592.476,176399993.9,8495
2024-12-20 20:00:00+00:00,592.476,592.877,589.437,590.897,207119995.12,8496
2024-12-20 21:00:00+00:00,592.476,592.877,589.437,590.897,207119995.12,8497
2024-12-20 22:00:00+00:00,592.476,592.877,589.437,590.897,207119995.12,8498
2024-12-20 23:00:00+00:00,592.476,592.877,589.437,590.897,207119995.12,8499
2024-12-21 00:00:00+00:00,592.476,592.877,589.437,590.897,207119995.12,8500
2024-12-21 01:00:00+00:00,592.476,592.877,589.437,590.897,207119995.12,8501
2024-12-21 02:00:00+00:00,592.476,592.877,589.437,590.897,207119995.12,8502
2024-12-21 03:00:00+00:00,592.476,592.877,589.437,590.897,207119995.12,8503
2024-12-21 04:00:00+00:00,592.476,592.877,589.437,590.897,207119995.12,8504
2024-12-21 05:00:00+00:00,592.476,592.877,589.437,590.897,207119995.12,8505
2024-12-21 06:00:00+00:00,592.476,592.877,589.437,590.897,207119995.12,8506
2024-12-21 07:00:00+00:00,592.476,592.877,589.437,590.897,207119995.12,8507
2024-12-21 08:00:00+00:00,592.476,592.877,589.437,590.897,207119995.12,8508
2024-12-21 09:00:00+00:00,592.476,592.877,589.437,590.897,207119995.12,8509
2024-12-21 10:00:00+00:00,592.476,592.877,589.437,590.897,207119995.12,8510
2024-12-21 11:00:00+00:00,592.476,592.877,589.437,590.897,207119995.12,8511
2024-12-21 12:00:00+00:00,592.476,592.877,589.437,590.897,207119995.12,8512
2024-12-21 13:00:00+00:00,592.476,592.877,589.437,590.897,207119995.12,8513
2024-12-21 14:00:00+00:00,592.476,592.877,589.437,590.897,207119995.12,8514
2024-12-21 15:00:00+00:00,592.476,592.877,589.437,590.897,207119995.12,8515
2024-12-21 16:00:00+00:00,592.476,592.877,589.437,590.897,207119995.12,8516
2024-12-21 17:00:00+00:00,592.476,592.877,589.437,590.897,207119995.12,8517
2024-12-21 18:00:00+00:00,592.476,592.877,589.437,590.897,207119995.12,8518
2024-12-21 19:00:00+00:00,592.476,592.877,589.437,590.897,207119995.12,8519
2024-12-21 20:00:00+00:00,592.476,592.877,589.437,590.897,207119995.12,8520
2024-12-21 21:00:00+00:00,592.476,592.877,589.437,590.897,207119995.12,8521
2024-12-21 22:00:00+00:00,592.476,592.877,589.437,590.897,207119995.12,8522
2024-12-21 23:00:00+00:00,592.476,592.877,589.437,590.897,207119995.12,8523
2024-12-22 00:00:00+00:00,592.476,592.877,589.437,590.897,207119995.12,8524
2024-12-22 01:00:00+00:00,592.476,592.877,589.437,590.897,207119995.12,8525
2024-12-22 02:00:00+00:00,592.476,592.877,589.437,590.897,207119995.12,8526
2024-12-22 03:00:00+00:00,592.476,592.877,589.437,590.897,207119995.12,8527
2024-12-22 04:00:00+00:00,592.476,592.877,589.437,590.897,207119995.12,8528
2024-12-22 05:00:00+00:00,592.476,592.877,589.437,590.897,207119995.12,8529
2024-12-22 06:00:00+00:00,592.476,592.877,589.437,590.897,207119995.12,8530
2024-12-22 07:00:00+00:00,592.476,592.877,589.437,590.897,207119995.12,8531
2024-12-22 08:00:00+00:00,592.476,592.877,589.437,590.897,207119995.12,8532
2024-12-22 09:00:00+00:00,592.476,592.877,589.437,590.897,207119995.12,8533
2024-12-22 10:00:00+00:00,592.476,592.877,589.437,590.897,207119995.12,8534
2024-12-22 11:00:00+00:00,592.476,592.877,589.437,590.897,207119995.12,8535
2024-12-22 12:00:00+00:00,592.476,592.877,589.437,590.897,207119995.12,8536
2024-12-22 13:00:00+00:00,592.476,592.877,589.437,590.897,207119995.12,8537
2024-12-22 14:00:00+00:00,592.476,592.877,589.437,590.897,207119995.12,8538
2024-12-22 15:00:00+00:00,592.476,592.877,589.437,590.897,207119995.12,8539
2024-12-22 16:00:00+00:00,592.476,592.877,589.437,590.897,207119995.12,8540
2024-12-22 17:00:00+00:00,592.476,592.877,589.437,590.897,207119995.12,8541
2024-12-22 18:00:00+00:00,592.476,592.877,589.437,590.897,207119995.12,8542
2024-12-22 19:00:00+00:00,592.476,592.877,589.437,590.897,207119995.12,8543
2024-12-22 20:00:00+00:00,592.476,592.877,589.437,590.897,207119995.12,8544
2024-12-22 21:00:00+00:00,592.476,592.877,589.437,590.897,207119995.12,8545
2024-12-22 22:00:00+00:00,592.476,592.877,589.437,590.897,207119995.12,8546
2024-12-22 23:00:00+00:00,592.476,592.877,589.437,590.897,207119995.12,8547
2024-12-23 00:00:00+00:00,592.476,592.877,589.437,590.897,207119995.12,8548
2024-12-23 01:00:00+00:00,592.476,592.877,589.437,590.897,207119995.12,8549
2024-12-23 02:00:00+00:00,592.476,592.877,589.437,590.897,207119995.12,8550
2024-12-23 03:00:00+00:00,592.476,592.877,589.437,590.897,207119995.12,8551
2024-12-23 04:00:00+00:00,592.476,592.877,589.437,590.897,207119995.12,8552
2024-12-23 05:00:00+00:00,592.476,592.877,589.437,590.897,207119995.12,8553
2024-12-23 06:00:00+00:00,592.476,592.877,589.437,590.897,207119995.12,8554
2024-12-23 07:00:00+00:00,592.476,592.877,589.437,590.897,207119995.12,8555
2024-12-23 08:00:00+00:00,592.476,592.877,589.437,590.897,207119995.12,8556
2024-12-23 09:00:00+00:00,592.476,592.877,589.437,590.897,207119995.12,8557
2024-12-23 10:00:00+00:00,592.476,592.877,589.437,590.897,207119995.12,8558
2024-12-23 11:00:00+00:00,592.476,592.877,589.437,590.897,207119995.12,8559
2024-12-23 12:00:00+00:00,592.476,592.877,589.437,590.897,207119995.12,8560
2024-12-23 13:00:00+00:00,592.476,592.877,589.437,590.897,207119995.12,8561
2024-12-23 14:00:00+00:00,590.826,591.756,589.137,590.387,145720001.22,8562
2024-12-23 15:00:00+00:00,590.406,590.567,587.636,589.057,236300003.05,8563
2024-12-23 16:00:00+00:00,589.027,592.557,588.937,592.506,140369995.12,8564
2024-12-23 17:00:00+00:00,592.497,593.097,591.306,592.576,146770004.27,8565
2024-12-23 18:00:00+00:00,592.577,593.917,592.387,593.657,139160003.66,8566
2024-12-23 19:00:00+00:00,593.647,594.307,592.906,592.946,116750000.0,8567
2024-12-23 20:00:00+00:00,592.946,595.277,592.207,594.696,156089996.34,8568
2024-12-23 21:00:00+00:00,592.946,595.277,592.207,594.696,156089996.34,8569
2024-12-23 22:00:00+00:00,592.946,595.277,592.207,594.696,156089996.34,8570
2024-12-23 23:00:00+00:00,592.946,595.277,592.207,594.696,156089996.34,8571
2024-12-24 00:00:00+00:00,592.946,595.277,592.207,594.696,156089996.34,8572
2024-12-24 01:00:00+00:00,592.946,595.277,592.207,594.696,156089996.34,8573
2024-12-24 02:00:00+00:00,592.946,595.277,592.207,594.696,156089996.34,8574
2024-12-24 03:00:00+00:00,592.946,595.277,592.207,594.696,156089996.34,8575
2024-12-24 04:00:00+00:00,592.946,595.277,592.207,594.696,156089996.34,8576
2024-12-24 05:00:00+00:00,592.946,595.277,592.207,594.696,156089996.34,8577
2024-12-24 06:00:00+00:00,592.946,595.277,592.207,594.696,156089996.34,8578
2024-12-24 07:00:00+00:00,592.946,595.277,592.207,594.696,156089996.34,8579
2024-12-24 08:00:00+00:00,592.946,595.277,592.207,594.696,156089996.34,8580
2024-12-24 09:00:00+00:00,592.946,595.277,592.207,594.696,156089996.34,8581
2024-12-24 10:00:00+00:00,592.946,595.277,592.207,594.696,156089996.34,8582
2024-12-24 11:00:00+00:00,592.946,595.277,592.207,594.696,156089996.34,8583
2024-12-24 12:00:00+00:00,592.946,595.277,592.207,594.696,156089996.34,8584
2024-12-24 13:00:00+00:00,592.946,595.277,592.207,594.696,156089996.34,8585
2024-12-24 14:00:00+00:00,596.046,597.267,595.456,597.196,99260002.14,8586
2024-12-24 15:00:00+00:00,597.207,599.366,597.196,599.166,135429992.68,8587
2024-12-24 16:00:00+00:00,599.136,599.807,598.776,599.026,93290000.92,8588
2024-12-24 17:00:00+00:00,599.027,601.047,598.867,600.976,106019996.64,8589
2024-12-24 18:00:00+00:00,599.027,601.047,598.867,600.976,106019996.64,8590
2024-12-24 19:00:00+00:00,599.027,601.047,598.867,600.976,106019996.64,8591
2024-12-24 20:00:00+00:00,599.027,601.047,598.867,600.976,106019996.64,8592
2024-12-24 21:00:00+00:00,599.027,601.047,598.867,600.976,106019996.64,8593
2024-12-24 22:00:00+00:00,599.027,601.047,598.867,600.976,106019996.64,8594
2024-12-24 23:00:00+00:00,599.027,601.047,598.867,600.976,106019996.64,8595
2024-12-25 00:00:00+00:00,599.027,601.047,598.867,600.976,106019996.64,8596
2024-12-25 01:00:00+00:00,599.027,601.047,598.867,600.976,106019996.64,8597
2024-12-25 02:00:00+00:00,599.027,601.047,598.867,600.976,106019996.64,8598
2024-12-25 03:00:00+00:00,599.027,601.047,598.867,600.976,106019996.64,8599
2024-12-25 04:00:00+00:00,599.027,601.047,598.867,600.976,106019996.64,8600
2024-12-25 05:00:00+00:00,599.027,601.047,598.867,600.976,106019996.64,8601
2024-12-25 06:00:00+00:00,599.027,601.047,598.867,600.976,106019996.64,8602
2024-12-25 07:00:00+00:00,599.027,601.047,598.867,600.976,106019996.64,8603
2024-12-25 08:00:00+00:00,599.027,601.047,598.867,600.976,106019996.64,8604
2024-12-25 09:00:00+00:00,599.027,601.047,598.867,600.976,106019996.64,8605
2024-12-25 10:00:00+00:00,599.027,601.047,598.867,600.976,106019996.64,8606
2024-12-25 11:00:00+00:00,599.027,601.047,598.867,600.976,106019996.64,8607
2024-12-25 12:00:00+00:00,599.027,601.047,598.867,600.976,106019996.64,8608
2024-12-25 13:00:00+00:00,599.027,601.047,598.867,600.976,106019996.64,8609
2024-12-25 14:00:00+00:00,599.027,601.047,598.867,600.976,106019996.64,8610
2024-12-25 15:00:00+00:00,599.027,601.047,598.867,600.976,106019996.64,8611
2024-12-25 16:00:00+00:00,599.027,601.047,598.867,600.976,106019996.64,8612
2024-12-25 17:00:00+00:00,599.027,601.047,598.867,600.976,106019996.64,8613
2024-12-25 18:00:00+00:00,599.027,601.047,598.867,600.976,106019996.64,8614
2024-12-25 19:00:00+00:00,599.027,601.047,598.867,600.976,106019996.64,8615
2024-12-25 20:00:00+00:00,599.027,601.047,598.867,600.976,106019996.64,8616
2024-12-25 21:00:00+00:00,599.027,601.047,598.867,600.976,106019996.64,8617
2024-12-25 22:00:00+00:00,599.027,601.047,598.867,600.976,106019996.64,8618
2024-12-25 23:00:00+00:00,599.027,601.047,598.867,600.976,106019996.64,8619
2024-12-26 00:00:00+00:00,599.027,601.047,598.867,600.976,106019996.64,8620
2024-12-26 01:00:00+00:00,599.027,601.047,598.867,600.976,106019996.64,8621
2024-12-26 02:00:00+00:00,599.027,601.047,598.867,600.976,106019996.64,8622
2024-12-26 03:00:00+00:00,599.027,601.047,598.867,600.976,106019996.64,8623
2024-12-26 04:00:00+00:00,599.027,601.047,598.867,600.976,106019996.64,8624
2024-12-26 05:00:00+00:00,599.027,601.047,598.867,600.976,106019996.64,8625
2024-12-26 06:00:00+00:00,599.027,601.047,598.867,600.976,106019996.64,8626
2024-12-26 07:00:00+00:00,599.027,601.047,598.867,600.976,106019996.64,8627
2024-12-26 08:00:00+00:00,599.027,601.047,598.867,600.976,106019996.64,8628
2024-12-26 09:00:00+00:00,599.027,601.047,598.867,600.976,106019996.64,8629
2024-12-26 10:00:00+00:00,599.027,601.047,598.867,600.976,106019996.64,8630
2024-12-26 11:00:00+00:00,599.027,601.047,598.867,600.976,106019996.64,8631
2024-12-26 12:00:00+00:00,599.027,601.047,598.867,600.976,106019996.64,8632
2024-12-26 13:00:00+00:00,599.027,601.047,598.867,600.976,106019996.64,8633
2024-12-26 14:00:00+00:00,599.457,600.246,598.036,599.877,115470001.22,8634
2024-12-26 15:00:00+00:00,599.856,600.897,599.367,600.857,122230003.36,8635
2024-12-26 16:00:00+00:00,600.857,601.897,600.516,601.837,74480003.36,8636
2024-12-26 17:00:00+00:00,601.836,602.457,600.307,600.947,99040000.92,8637
2024-12-26 18:00:00+00:00,600.937,601.806,600.746,601.306,114419998.17,8638
2024-12-26 19:00:00+00:00,601.287,601.787,600.646,601.717,106440002.44,8639
2024-12-26 20:00:00+00:00,601.726,602.077,601.066,601.287,115199996.95,8640
2024-12-26 21:00:00+00:00,601.726,602.077,601.066,601.287,115199996.95,8641
2024-12-26 22:00:00+00:00,601.726,602.077,601.066,601.287,115199996.95,8642
2024-12-26 23:00:00+00:00,601.726,602.077,601.066,601.287,115199996.95,8643
2024-12-27 00:00:00+00:00,601.726,602.077,601.066,601.287,115199996.95,8644
2024-12-27 01:00:00+00:00,601.726,602.077,601.066,601.287,115199996.95,8645
2024-12-27 02:00:00+00:00,601.726,602.077,601.066,601.287,115199996.95,8646
2024-12-27 03:00:00+00:00,601.726,602.077,601.066,601.287,115199996.95,8647
2024-12-27 04:00:00+00:00,601.726,602.077,601.066,601.287,115199996.95,8648
2024-12-27 05:00:00+00:00,601.726,602.077,601.066,601.287,115199996.95,8649
2024-12-27 06:00:00+00:00,601.726,602.077,601.066,601.287,115199996.95,8650
2024-12-27 07:00:00+00:00,601.726,602.077,601.066,601.287,115199996.95,8651
2024-12-27 08:00:00+00:00,601.726,602.077,601.066,601.287,115199996.95,8652
2024-12-27 09:00:00+00:00,601.726,602.077,601.066,601.287,115199996.95,8653
2024-12-27 10:00:00+00:00,601.726,602.077,601.066,601.287,115199996.95,8654
2024-12-27 11:00:00+00:00,601.726,602.077,601.066,601.287,115199996.95,8655
2024-12-27 12:00:00+00:00,601.726,602.077,601.066,601.287,115199996.95,8656
2024-12-27 13:00:00+00:00,601.726,602.077,601.066,601.287,115199996.95,8657
2024-12-27 14:00:00+00:00,597.466,597.737,596.416,596.816,121580001.83,8658
2024-12-27 15:00:00+00:00,596.807,596.997,592.236,593.966,258190002.44,8659
2024-12-27 16:00:00+00:00,593.957,594.667,591.566,591.996,191259994.51,8660
2024-12-27 17:00:00+00:00,591.997,592.407,590.746,592.067,162470001.22,8661
2024-12-27 18:00:00+00:00,592.046,594.107,591.846,593.966,139779998.78,8662
2024-12-27 19:00:00+00:00,593.967,595.507,593.606,595.257,145979995.73,8663
2024-12-27 20:00:00+00:00,595.247,595.376,592.526,594.937,171050003.05,8664
2024-12-27 21:00:00+00:00,595.247,595.376,592.526,594.937,171050003.05,8665
2024-12-27 22:00:00+00:00,595.247,595.376,592.526,594.937,171050003.05,8666
2024-12-27 23:00:00+00:00,595.247,595.376,592.526,594.937,171050003.05,8667
2024-12-28 00:00:00+00:00,595.247,595.376,592.526,594.937,171050003.05,8668
2024-12-28 01:00:00+00:00,595.247,595.376,592.526,594.937,171050003.05,8669
2024-12-28 02:00:00+00:00,595.247,595.376,592.526,594.937,171050003.05,8670
2024-12-28 03:00:00+00:00,595.247,595.376,592.526,594.937,171050003.05,8671
2024-12-28 04:00:00+00:00,595.247,595.376,592.526,594.937,171050003.05,8672
2024-12-28 05:00:00+00:00,595.247,595.376,592.526,594.937,171050003.05,8673
2024-12-28 06:00:00+00:00,595.247,595.376,592.526,594.937,171050003.05,8674
2024-12-28 07:00:00+00:00,595.247,595.376,592.526,594.937,171050003.05,8675
2024-12-28 08:00:00+00:00,595.247,595.376,592.526,594.937,171050003.05,8676
2024-12-28 09:00:00+00:00,595.247,595.376,592.526,594.937,171050003.05,8677
2024-12-28 10:00:00+00:00,595.247,595.376,592.526,594.937,171050003.05,8678
2024-12-28 11:00:00+00:00,595.247,595.376,592.526,594.937,171050003.05,8679
2024-12-28 12:00:00+00:00,595.247,595.376,592.526,594.937,171050003.05,8680
2024-12-28 13:00:00+00:00,595.247,595.376,592.526,594.937,171050003.05,8681
2024-12-28 14:00:00+00:00,595.247,595.376,592.526,594.937,171050003.05,8682
2024-12-28 15:00:00+00:00,595.247,595.376,592.526,594.937,171050003.05,8683
2024-12-28 16:00:00+00:00,595.247,595.376,592.526,594.937,171050003.05,8684
2024-12-28 17:00:00+00:00,595.247,595.376,592.526,594.937,171050003.05,8685
2024-12-28 18:00:00+00:00,595.247,595.376,592.526,594.937,171050003.05,8686
2024-12-28 19:00:00+00:00,595.247,595.376,592.526,594.937,171050003.05,8687
2024-12-28 20:00:00+00:00,595.247,595.376,592.526,594.937,171050003.05,8688
2024-12-28 21:00:00+00:00,595.247,595.376,592.526,594.937,171050003.05,8689
2024-12-28 22:00:00+00:00,595.247,595.376,592.526,594.937,171050003.05,8690
2024-12-28 23:00:00+00:00,595.247,595.376,592.526,594.937,171050003.05,8691
2024-12-29 00:00:00+00:00,595.247,595.376,592.526,594.937,171050003.05,8692
2024-12-29 01:00:00+00:00,595.247,595.376,592.526,594.937,171050003.05,8693
2024-12-29 02:00:00+00:00,595.247,595.376,592.526,594.937,171050003.05,8694
2024-12-29 03:00:00+00:00,595.247,595.376,592.526,594.937,171050003.05,8695
2024-12-29 04:00:00+00:00,595.247,595.376,592.526,594.937,171050003.05,8696
2024-12-29 05:00:00+00:00,595.247,595.376,592.526,594.937,171050003.05,8697
2024-12-29 06:00:00+00:00,595.247,595.376,592.526,594.937,171050003.05,8698
2024-12-29 07:00:00+00:00,595.247,595.376,592.526,594.937,171050003.05,8699
2024-12-29 08:00:00+00:00,595.247,595.376,592.526,594.937,171050003.05,8700
2024-12-29 09:00:00+00:00,595.247,595.376,592.526,594.937,171050003.05,8701
2024-12-29 10:00:00+00:00,595.247,595.376,592.526,594.937,171050003.05,8702
2024-12-29 11:00:00+00:00,595.247,595.376,592.526,594.937,171050003.05,8703
2024-12-29 12:00:00+00:00,595.247,595.376,592.526,594.937,171050003.05,8704
2024-12-29 13:00:00+00:00,595.247,595.376,592.526,594.937,171050003.05,8705
2024-12-29 14:00:00+00:00,595.247,595.376,592.526,594.937,171050003.05,8706
2024-12-29 15:00:00+00:00,595.247,595.376,592.526,594.937,171050003.05,8707
2024-12-29 16:00:00+00:00,595.247,595.376,592.526,594.937,171050003.05,8708
2024-12-29 17:00:00+00:00,595.247,595.376,592.526,594.937,171050003.05,8709
2024-12-29 18:00:00+00:00,595.247,595.376,592.526,594.937,171050003.05,8710
2024-12-29 19:00:00+00:00,595.247,595.376,592.526,594.937,171050003.05,8711
2024-12-29 20:00:00+00:00,595.247,595.376,592.526,594.937,171050003.05,8712
2024-12-29 21:00:00+00:00,595.247,595.376,592.526,594.937,171050003.05,8713
2024-12-29 22:00:00+00:00,595.247,595.376,592.526,594.937,171050003.05,8714
2024-12-29 23:00:00+00:00,595.247,595.376,592.526,594.937,171050003.05,8715
2024-12-30 00:00:00+00:00,595.247,595.376,592.526,594.937,171050003.05,8716
2024-12-30 01:00:00+00:00,595.247,595.376,592.526,594.937,171050003.05,8717
2024-12-30 02:00:00+00:00,595.247,595.376,592.526,594.937,171050003.05,8718
2024-12-30 03:00:00+00:00,595.247,595.376,592.526,594.937,171050003.05,8719
2024-12-30 04:00:00+00:00,595.247,595.376,592.526,594.937,171050003.05,8720
2024-12-30 05:00:00+00:00,595.247,595.376,592.526,594.937,171050003.05,8721
2024-12-30 06:00:00+00:00,595.247,595.376,592.526,594.937,171050003.05,8722
2024-12-30 07:00:00+00:00,595.247,595.376,592.526,594.937,171050003.05,8723
2024-12-30 08:00:00+00:00,595.247,595.376,592.526,594.937,171050003.05,8724
2024-12-30 09:00:00+00:00,595.247,595.376,592.526,594.937,171050003.05,8725
2024-12-30 10:00:00+00:00,595.247,595.376,592.526,594.937,171050003.05,8726
2024-12-30 11:00:00+00:00,595.247,595.376,592.526,594.937,171050003.05,8727
2024-12-30 12:00:00+00:00,595.247,595.376,592.526,594.937,171050003.05,8728
2024-12-30 13:00:00+00:00,595.247,595.376,592.526,594.937,171050003.05,8729
2024-12-30 14:00:00+00:00,587.927,587.956,585.166,585.196,138910003.66,8730
2024-12-30 15:00:00+00:00,585.176,587.357,584.397,587.066,251779998.78,8731
2024-12-30 16:00:00+00:00,587.087,589.597,586.397,589.276,156210006.71,8732
2024-12-30 17:00:00+00:00,589.277,591.447,589.126,591.087,136809997.56,8733
2024-12-30 18:00:00+00:00,591.096,591.716,589.916,591.096,153580001.83,8734
2024-12-30 19:00:00+00:00,591.107,591.257,589.386,590.877,139399993.9,8735
2024-12-30 20:00:00+00:00,590.867,591.187,588.057,588.266,178270004.27,8736
2024-12-30 21:00:00+00:00,590.867,591.187,588.057,588.266,178270004.27,8737
2024-12-30 22:00:00+00:00,590.867,591.187,588.057,588.266,178270004.27,8738
2024-12-30 23:00:00+00:00,590.867,591.187,588.057,588.266,178270004.27,8739
2024-12-31 00:00:00+00:00,590.867,591.187,588.057,588.266,178270004.27,8740
2024-12-31 01:00:00+00:00,590.867,591.187,588.057,588.266,178270004.27,8741
2024-12-31 02:00:00+00:00,590.867,591.187,588.057,588.266,178270004.27,8742
2024-12-31 03:00:00+00:00,590.867,591.187,588.057,588.266,178270004.27,8743
2024-12-31 04:00:00+00:00,590.867,591.187,588.057,588.266,178270004.27,8744
2024-12-31 05:00:00+00:00,590.867,591.187,588.057,588.266,178270004.27,8745
2024-12-31 06:00:00+00:00,590.867,591.187,588.057,588.266,178270004.27,8746
2024-12-31 07:00:00+00:00,590.867,591.187,588.057,588.266,178270004.27,8747
2024-12-31 08:00:00+00:00,590.867,591.187,588.057,588.266,178270004.27,8748
2024-12-31 09:00:00+00:00,590.867,591.187,588.057,588.266,178270004.27,8749
2024-12-31 10:00:00+00:00,590.867,591.187,588.057,588.266,178270004.27,8750
2024-12-31 11:00:00+00:00,590.867,591.187,588.057,588.266,178270004.27,8751
2024-12-31 12:00:00+00:00,590.867,591.187,588.057,588.266,178270004.27,8752
2024-12-31 13:00:00+00:00,590.867,591.187,588.057,588.266,178270004.27,8753
2024-12-31 14:00:00+00:00,589.876,590.567,588.537,589.996,132100006.1,8754
2024-12-31 15:00:00+00:00,589.986,590.627,588.156,588.676,220759994.51,8755
2024-12-31 16:00:00+00:00,588.676,588.777,586.526,587.017,186009994.51,8756
2024-12-31 17:00:00+00:00,587.027,587.396,584.886,587.197,159990005.49,8757
2024-12-31 18:00:00+00:00,587.186,587.667,584.776,585.336,177570007.32,8758
2024-12-31 19:00:00+00:00,585.337,586.547,584.416,586.327,166020004.27,8759
2024-12-31 20:00:00+00:00,586.306,587.477,584.957,585.566,200660003.66,8760
