Gmt time,Open,High,Low,Close,Volume
02.01.2020 14:00:00.000,1346.497,1360.587,1345.222,1357.487,875500.02
02.01.2020 15:00:00.000,1358.158,1358.167,1349.427,1353.417,1144000.05
02.01.2020 16:00:00.000,1353.428,1356.038,1352.228,1355.258,2259500.03
02.01.2020 17:00:00.000,1355.258,1360.382,1353.958,1358.658,2433000.09
02.01.2020 18:00:00.000,1358.708,1361.148,1356.978,1361.068,2307499.89
02.01.2020 19:00:00.000,1361.078,1365.587,1360.128,1365.228,2326499.94
02.01.2020 20:00:00.000,1365.318,1368.008,1363.277,1367.908,3817500.11
03.01.2020 14:00:00.000,1347.238,1366.178,1347.238,1363.008,2392250.06
03.01.2020 15:00:00.000,1363.008,1367.057,1360.898,1363.298,3017499.92
03.01.2020 16:00:00.000,1363.298,1367.328,1362.997,1366.428,1254500.03
03.01.2020 17:00:00.000,1366.448,1373.418,1366.417,1371.238,2187999.96
03.01.2020 18:00:00.000,1371.238,1372.948,1365.198,1367.217,2405999.9
03.01.2020 19:00:00.000,1367.218,1368.198,1365.237,1367.307,2017750.02
03.01.2020 20:00:00.000,1367.308,1368.678,1360.807,1361.388,3839999.91
06.01.2020 14:00:00.000,1351.948,1379.678,1351.948,1378.928,3007250.07
06.01.2020 15:00:00.000,1378.927,1397.717,1378.057,1392.017,4414750.1
06.01.2020 16:00:00.000,1392.018,1394.337,1389.147,1389.698,2772749.9
06.01.2020 17:00:00.000,1389.687,1391.168,1386.367,1386.898,2475749.97
06.01.2020 18:00:00.000,1386.897,1392.278,1386.457,1386.998,2592999.94
06.01.2020 19:00:00.000,1386.998,1389.968,1386.007,1389.788,2197499.99
06.01.2020 20:00:00.000,1389.887,1397.677,1388.947,1396.828,4370500.09
07.01.2020 14:00:00.000,1399.238,1400.647,1391.257,1395.507,3530499.94
07.01.2020 15:00:00.000,1395.708,1403.488,1394.998,1399.188,4276000.02
07.01.2020 16:00:00.000,1399.188,1402.868,1396.998,1397.858,3144249.92
07.01.2020 17:00:00.000,1397.858,1399.938,1397.147,1398.237,2431750.06
07.01.2020 18:00:00.000,1398.238,1401.567,1397.398,1401.327,2377000.09
07.01.2020 19:00:00.000,1401.327,1401.327,1397.397,1398.358,2334249.97
07.01.2020 20:00:00.000,1398.457,1399.258,1393.628,1395.248,3767250.06
08.01.2020 14:00:00.000,1392.997,1403.697,1391.427,1399.538,2102250.1
08.01.2020 15:00:00.000,1399.398,1401.770,1394.248,1396.668,3278000.12
08.01.2020 16:00:00.000,1397.007,1411.498,1395.227,1408.697,4456250.19
08.01.2020 17:00:00.000,1408.698,1411.318,1407.307,1409.578,3043999.91
08.01.2020 18:00:00.000,1409.578,1409.947,1407.027,1407.468,2155499.94
08.01.2020 19:00:00.000,1407.478,1409.687,1406.657,1408.398,1986999.99
08.01.2020 20:00:00.000,1408.397,1411.838,1403.007,1405.188,4012499.81
09.01.2020 14:00:00.000,1419.798,1427.918,1419.798,1421.908,3777250.05
09.01.2020 15:00:00.000,1421.908,1424.998,1420.997,1422.138,4193500.04
09.01.2020 16:00:00.000,1422.098,1422.368,1415.448,1417.268,2804749.97
09.01.2020 17:00:00.000,1417.688,1417.958,1409.997,1416.797,3283750.06
09.01.2020 18:00:00.000,1416.798,1419.278,1412.978,1417.777,2805999.99
09.01.2020 19:00:00.000,1417.777,1421.358,1416.088,1420.938,2973000.05
09.01.2020 20:00:00.000,1420.887,1421.468,1415.168,1419.788,4069250.11
10.01.2020 14:00:00.000,1425.998,1429.508,1418.997,1428.368,2921000
10.01.2020 15:00:00.000,1428.368,1434.088,1425.977,1432.258,3976249.93
10.01.2020 16:00:00.000,1432.297,1434.597,1429.067,1432.347,2988749.98
10.01.2020 17:00:00.000,1432.348,1433.228,1428.107,1432.728,2708750.01
10.01.2020 18:00:00.000,1432.727,1432.888,1427.657,1427.708,1883999.94
10.01.2020 19:00:00.000,1427.777,1429.118,1425.888,1428.718,2063999.89
10.01.2020 20:00:00.000,1428.568,1430.098,1425.998,1428.788,4232250.21
13.01.2020 14:00:00.000,1435.397,1439.008,1425.167,1429.528,3446500.06
13.01.2020 15:00:00.000,1429.528,1432.537,1427.937,1431.837,4832499.98
13.01.2020 16:00:00.000,1431.838,1438.708,1431.807,1436.957,4338749.89
13.01.2020 17:00:00.000,1436.997,1438.518,1433.997,1434.808,2917249.92
13.01.2020 18:00:00.000,1434.818,1435.678,1432.528,1435.588,2605750.08
13.01.2020 19:00:00.000,1435.587,1437.777,1434.637,1436.597,3101000.07
13.01.2020 20:00:00.000,1436.598,1441.068,1435.658,1440.118,3963500.02
14.01.2020 14:00:00.000,1438.108,1440.688,1431.317,1432.208,3829000
14.01.2020 15:00:00.000,1432.258,1442.028,1431.347,1435.288,4338749.89
14.01.2020 16:00:00.000,1435.278,1439.698,1435.188,1439.138,3365499.97
14.01.2020 17:00:00.000,1439.138,1440.068,1437.268,1437.268,2856499.91
14.01.2020 18:00:00.000,1437.298,1438.388,1432.008,1434.708,3514499.9
14.01.2020 19:00:00.000,1434.718,1437.038,1431.497,1433.518,3087249.99
14.01.2020 20:00:00.000,1433.538,1435.668,1427.498,1430.538,4619249.82
15.01.2020 14:00:00.000,1430.048,1439.828,1430.048,1435.477,3606750.01
15.01.2020 15:00:00.000,1435.487,1440.678,1435.157,1440.167,3313999.89
15.01.2020 16:00:00.000,1440.077,1440.198,1433.998,1434.738,3094249.96
15.01.2020 17:00:00.000,1434.738,1438.307,1433.568,1433.928,3325750.11
15.01.2020 18:00:00.000,1433.917,1435.418,1431.397,1432.927,3465749.98
15.01.2020 19:00:00.000,1432.788,1437.428,1432.347,1435.177,2772500.04
15.01.2020 20:00:00.000,1435.178,1439.477,1431.658,1439.198,5188250.06
16.01.2020 14:00:00.000,1444.398,1446.188,1439.207,1445.857,3586250.07
16.01.2020 15:00:00.000,1445.848,1448.407,1442.098,1443.707,4326749.8
16.01.2020 16:00:00.000,1443.718,1445.358,1441.417,1444.538,3451750.04
16.01.2020 17:00:00.000,1444.537,1445.658,1442.247,1443.008,2971250.06
16.01.2020 18:00:00.000,1443.007,1445.558,1442.038,1444.368,3124000.07
16.01.2020 19:00:00.000,1444.367,1445.568,1443.717,1444.378,2600749.97
16.01.2020 20:00:00.000,1444.378,1450.138,1443.997,1450.068,4211750.03
17.01.2020 14:00:00.000,1461.238,1467.827,1454.997,1464.708,4183499.81
17.01.2020 15:00:00.000,1464.707,1467.168,1462.537,1463.608,4561500.07
17.01.2020 16:00:00.000,1463.187,1465.508,1458.828,1464.847,4048749.92
17.01.2020 17:00:00.000,1464.848,1466.077,1462.917,1464.308,3802500.01
17.01.2020 18:00:00.000,1464.308,1466.507,1463.688,1466.038,3004250.05
17.01.2020 19:00:00.000,1466.038,1470.068,1464.758,1470.068,2670000.08
17.01.2020 20:00:00.000,1470.058,1480.397,1469.478,1478.868,5315999.98
21.01.2020 14:00:00.000,1477.258,1482.868,1469.998,1471.998,3186000.11
21.01.2020 15:00:00.000,1471.998,1481.598,1471.398,1474.407,3696249.96
21.01.2020 16:00:00.000,1474.408,1481.327,1473.827,1480.008,3740250.11
21.01.2020 17:00:00.000,1480.008,1484.958,1479.577,1484.738,2719749.93
21.01.2020 18:00:00.000,1484.738,1489.708,1478.328,1478.728,3421000
21.01.2020 19:00:00.000,1478.728,1482.048,1478.327,1480.827,2809499.98
21.01.2020 20:00:00.000,1480.798,1485.008,1479.997,1481.938,4024250.03
22.01.2020 14:00:00.000,1487.998,1500.328,1486.997,1493.927,3371249.91
22.01.2020 15:00:00.000,1493.928,1494.557,1489.107,1491.708,3354249.95
22.01.2020 16:00:00.000,1491.707,1491.828,1484.007,1488.687,3694250.11
22.01.2020 17:00:00.000,1488.777,1491.958,1487.228,1491.608,3071749.93
22.01.2020 18:00:00.000,1491.668,1494.348,1491.057,1491.717,2509000.06
22.01.2020 19:00:00.000,1491.677,1494.058,1488.207,1488.838,2292500.02
22.01.2020 20:00:00.000,1488.838,1489.138,1482.517,1483.228,4309750.08
23.01.2020 14:00:00.000,1484.738,1492.858,1479.997,1488.638,5768750.19
23.01.2020 15:00:00.000,1488.648,1490.197,1483.997,1484.888,4467000.01
23.01.2020 16:00:00.000,1484.888,1487.347,1480.997,1484.818,4235750.2
23.01.2020 17:00:00.000,1484.837,1487.178,1481.998,1485.488,3271250.01
23.01.2020 18:00:00.000,1485.497,1488.208,1483.998,1487.967,2279750.11
23.01.2020 19:00:00.000,1488.107,1489.928,1486.057,1487.968,3156500.1
23.01.2020 20:00:00.000,1487.968,1489.187,1482.998,1484.518,4647250.18
24.01.2020 14:00:00.000,1491.008,1493.730,1486.607,1487.998,2642999.89
24.01.2020 15:00:00.000,1488.008,1488.968,1482.058,1484.458,3962749.96
24.01.2020 16:00:00.000,1484.648,1487.788,1473.998,1474.648,5027999.88
24.01.2020 17:00:00.000,1474.648,1476.468,1469.208,1474.838,4741749.76
24.01.2020 18:00:00.000,1474.847,1474.908,1464.428,1468.107,4436749.94
24.01.2020 19:00:00.000,1468.128,1469.498,1462.997,1469.358,5159249.78
24.01.2020 20:00:00.000,1469.367,1471.658,1463.997,1465.827,5930250.17
27.01.2020 14:00:00.000,1426.938,1434.728,1420.997,1430.128,4910250.19
27.01.2020 15:00:00.000,1431.277,1431.408,1419.257,1423.128,4549250.13
27.01.2020 16:00:00.000,1423.008,1426.858,1420.997,1425.538,4613999.84
27.01.2020 17:00:00.000,1425.537,1435.938,1424.997,1432.528,4313250.06
27.01.2020 18:00:00.000,1432.537,1435.688,1430.228,1433.087,3979500.06
27.01.2020 19:00:00.000,1433.087,1436.138,1428.378,1429.827,3905750.04
27.01.2020 20:00:00.000,1429.827,1434.898,1429.117,1431.298,6606999.87
28.01.2020 14:00:00.000,1440.117,1441.538,1432.008,1433.488,4342999.94
28.01.2020 15:00:00.000,1433.248,1445.997,1430.027,1443.448,6185999.87
28.01.2020 16:00:00.000,1443.448,1452.638,1441.978,1452.508,5782999.99
28.01.2020 17:00:00.000,1452.508,1454.238,1450.647,1451.048,5510250.09
28.01.2020 18:00:00.000,1451.047,1452.748,1446.897,1451.748,4363999.84
28.01.2020 19:00:00.000,1451.748,1454.638,1450.707,1451.908,3379250.05
28.01.2020 20:00:00.000,1451.908,1453.507,1449.417,1449.998,5955500.13
29.01.2020 14:00:00.000,1454.958,1462.418,1450.087,1450.507,6209499.84
29.01.2020 15:00:00.000,1451.318,1452.797,1445.368,1451.368,7203000.07
29.01.2020 16:00:00.000,1451.198,1455.958,1451.007,1455.538,4225999.83
29.01.2020 17:00:00.000,1455.548,1457.627,1455.008,1455.977,3776499.99
29.01.2020 18:00:00.000,1456.148,1461.378,1455.388,1459.718,3061500.07
29.01.2020 19:00:00.000,1459.718,1463.938,1456.677,1460.737,5260250.09
29.01.2020 20:00:00.000,1460.898,1461.948,1455.828,1456.477,7129250.05
30.01.2020 14:00:00.000,1437.128,1446.778,1434.497,1444.068,4120999.81
30.01.2020 15:00:00.000,1444.068,1450.158,1436.297,1437.817,5986249.92
30.01.2020 16:00:00.000,1437.928,1442.487,1435.887,1440.058,5323500.16
30.01.2020 17:00:00.000,1440.067,1443.847,1435.497,1437.858,4338749.89
30.01.2020 18:00:00.000,1437.858,1441.728,1436.997,1441.118,3588249.92
30.01.2020 19:00:00.000,1441.187,1449.088,1440.118,1445.368,5318749.9
30.01.2020 20:00:00.000,1445.727,1454.948,1445.007,1453.908,6109000.21
31.01.2020 14:00:00.000,1467.647,1468.798,1448.777,1452.648,4584249.97
31.01.2020 15:00:00.000,1452.648,1453.048,1439.157,1439.488,6959249.97
31.01.2020 16:00:00.000,1439.488,1441.268,1430.328,1436.587,5660999.77
31.01.2020 17:00:00.000,1436.578,1436.578,1430.007,1435.668,4979750.16
31.01.2020 18:00:00.000,1435.658,1437.248,1431.588,1433.997,4864749.91
31.01.2020 19:00:00.000,1434.007,1438.487,1433.008,1435.788,5636499.88
31.01.2020 20:00:00.000,1435.818,1436.818,1426.688,1431.818,8506999.97
03.02.2020 14:00:00.000,1458.578,1467.067,1456.098,1465.908,4129000.19
03.02.2020 15:00:00.000,1465.908,1475.088,1465.247,1467.728,5398499.97
03.02.2020 16:00:00.000,1468.007,1474.158,1467.577,1469.968,4959499.84
03.02.2020 17:00:00.000,1469.967,1480.127,1467.828,1479.417,4112500.19
03.02.2020 18:00:00.000,1479.408,1480.377,1474.697,1479.198,4344749.93
03.02.2020 19:00:00.000,1479.198,1479.458,1474.138,1477.257,4039249.9
03.02.2020 20:00:00.000,1477.258,1485.858,1475.997,1482.838,6745500.09
04.02.2020 14:00:00.000,1451.598,1466.488,1422.997,1426.498,5389750
04.02.2020 15:00:00.000,1426.827,1428.508,1421.997,1426.317,6144750.12
04.02.2020 16:00:00.000,1426.318,1435.898,1425.998,1433.618,5676000.12
04.02.2020 17:00:00.000,1433.648,1441.078,1431.998,1439.568,5572000.03
04.02.2020 18:00:00.000,1439.628,1440.088,1434.008,1435.438,3048249.96
04.02.2020 19:00:00.000,1435.338,1442.528,1435.198,1440.947,2737750.05
04.02.2020 20:00:00.000,1441.097,1447.138,1437.787,1445.837,5080999.85
05.02.2020 14:00:00.000,1460.498,1463.018,1436.558,1447.178,4638000.01
05.02.2020 15:00:00.000,1447.178,1447.887,1429.297,1434.118,5224750.04
05.02.2020 16:00:00.000,1434.117,1443.157,1432.077,1443.018,3654999.97
05.02.2020 17:00:00.000,1443.027,1443.027,1439.018,1439.958,2975500.11
05.02.2020 18:00:00.000,1440.027,1440.618,1435.538,1439.288,3644999.98
05.02.2020 19:00:00.000,1439.278,1445.827,1435.337,1445.287,3573499.92
05.02.2020 20:00:00.000,1445.618,1447.927,1440.658,1446.008,6058000.09
06.02.2020 14:00:00.000,1448.927,1465.428,1448.927,1465.428,4183750.15
06.02.2020 15:00:00.000,1465.577,1478.338,1459.997,1475.858,5413750.17
06.02.2020 16:00:00.000,1475.858,1481.518,1471.427,1473.897,3992749.93
06.02.2020 17:00:00.000,1473.897,1476.527,1472.247,1473.477,2686500.07
06.02.2020 18:00:00.000,1473.477,1474.708,1467.567,1472.347,2451750.04
06.02.2020 19:00:00.000,1472.348,1474.318,1470.158,1470.417,2787750.01
06.02.2020 20:00:00.000,1470.428,1477.458,1469.268,1475.648,3665250.06
07.02.2020 14:00:00.000,1466.918,1472.897,1463.348,1467.008,2337249.99
07.02.2020 15:00:00.000,1467.817,1477.528,1464.998,1475.698,4120500.09
07.02.2020 16:00:00.000,1475.688,1484.827,1473.438,1479.768,3024250.03
07.02.2020 17:00:00.000,1479.868,1482.078,1475.867,1479.288,3199500.08
07.02.2020 18:00:00.000,1478.698,1479.358,1472.498,1473.188,3315749.88
07.02.2020 19:00:00.000,1473.187,1479.137,1472.497,1479.007,3539500
07.02.2020 20:00:00.000,1479.008,1479.488,1475.828,1477.998,3944999.93
10.02.2020 14:00:00.000,1476.998,1490.658,1473.058,1490.338,3161499.98
10.02.2020 15:00:00.000,1490.437,1501.367,1489.307,1492.918,4670000.08
10.02.2020 16:00:00.000,1492.928,1501.278,1491.998,1498.437,2376250.03
10.02.2020 17:00:00.000,1498.937,1499.238,1495.107,1497.197,1899250.03
10.02.2020 18:00:00.000,1497.198,1500.157,1495.328,1499.098,1630249.98
10.02.2020 19:00:00.000,1499.107,1500.187,1497.997,1499.658,1478000.04
10.02.2020 20:00:00.000,1499.998,1508.768,1499.387,1507.878,3522500.04
11.02.2020 14:00:00.000,1509.998,1521.258,1503.148,1518.878,3385750.06
11.02.2020 15:00:00.000,1518.877,1529.077,1518.877,1528.718,4107999.8
11.02.2020 16:00:00.000,1528.718,1529.428,1513.917,1515.758,3332250.12
11.02.2020 17:00:00.000,1515.768,1521.098,1515.227,1518.978,2377500.06
11.02.2020 18:00:00.000,1519.087,1522.138,1510.917,1511.508,2114500.05
11.02.2020 19:00:00.000,1511.508,1515.878,1506.997,1512.028,2878499.98
11.02.2020 20:00:00.000,1512.037,1513.838,1506.997,1509.408,4085750.1
12.02.2020 14:00:00.000,1515.058,1519.888,1510.247,1514.018,2347249.98
12.02.2020 15:00:00.000,1514.027,1515.667,1508.127,1510.528,3641750.1
12.02.2020 16:00:00.000,1511.068,1516.307,1510.778,1515.817,3395999.91
12.02.2020 17:00:00.000,1515.817,1516.828,1512.997,1513.868,2512500.05
12.02.2020 18:00:00.000,1514.298,1515.158,1512.298,1513.668,2165250.06
12.02.2020 19:00:00.000,1513.668,1518.977,1512.248,1518.977,1840000.03
12.02.2020 20:00:00.000,1519.058,1519.795,1514.527,1517.778,2799249.89
13.02.2020 14:00:00.000,1511.047,1515.228,1501.997,1509.997,2285249.95
13.02.2020 15:00:00.000,1510.498,1515.125,1505.997,1514.607,3786499.98
13.02.2020 16:00:00.000,1514.607,1516.067,1510.517,1512.458,3730000.02
13.02.2020 17:00:00.000,1512.408,1514.348,1511.298,1513.147,2562249.9
13.02.2020 18:00:00.000,1513.148,1521.327,1512.918,1520.998,2245249.99
13.02.2020 19:00:00.000,1520.998,1525.258,1519.597,1521.807,2822999.95
13.02.2020 20:00:00.000,1521.818,1522.788,1511.597,1513.388,3681999.92
14.02.2020 14:00:00.000,1509.808,1518.398,1504.997,1509.427,2800250.05
14.02.2020 15:00:00.000,1509.427,1517.408,1507.998,1516.958,3300250.05
14.02.2020 16:00:00.000,1516.977,1517.448,1513.068,1515.448,1738999.96
14.02.2020 17:00:00.000,1515.438,1516.787,1510.218,1511.437,2853499.89
14.02.2020 18:00:00.000,1511.448,1513.638,1510.428,1511.207,2096250.06
14.02.2020 19:00:00.000,1511.207,1517.377,1510.337,1515.247,2417999.98
14.02.2020 20:00:00.000,1515.248,1519.087,1512.878,1517.888,3090749.98
18.02.2020 14:00:00.000,1512.967,1530.318,1512.967,1524.918,2864500.05
18.02.2020 15:00:00.000,1524.918,1525.682,1516.997,1520.278,2143749.95
18.02.2020 16:00:00.000,1520.287,1521.358,1510.997,1515.187,2618750.1
18.02.2020 17:00:00.000,1515.187,1518.848,1513.698,1515.367,2351000.07
18.02.2020 18:00:00.000,1515.367,1519.098,1514.997,1517.998,2789750.1
18.02.2020 19:00:00.000,1517.998,1523.448,1515.997,1523.127,3065999.98
18.02.2020 20:00:00.000,1523.148,1525.698,1518.007,1518.978,2849499.94
19.02.2020 14:00:00.000,1524.057,1526.047,1519.997,1522.268,1936249.97
19.02.2020 15:00:00.000,1522.087,1530.358,1522.087,1525.578,2455499.89
19.02.2020 16:00:00.000,1525.578,1529.548,1524.998,1528.178,1702499.99
19.02.2020 17:00:00.000,1528.178,1528.967,1527.137,1528.428,1322999.95
19.02.2020 18:00:00.000,1528.388,1529.458,1527.648,1528.968,1722249.98
19.02.2020 19:00:00.000,1528.788,1530.197,1528.007,1529.318,1866250.04
19.02.2020 20:00:00.000,1529.327,1529.847,1522.277,1524.398,3515249.97
20.02.2020 14:00:00.000,1519.038,1525.418,1518.997,1523.818,3786499.98
20.02.2020 15:00:00.000,1524.275,1527.017,1521.998,1526.498,3144750.12
20.02.2020 16:00:00.000,1526.498,1526.498,1502.568,1512.018,7726749.9
20.02.2020 17:00:00.000,1512.018,1512.418,1504.997,1508.457,5662749.77
20.02.2020 18:00:00.000,1508.457,1512.798,1506.997,1509.868,3406749.96
20.02.2020 19:00:00.000,1509.878,1516.910,1509.098,1515.267,3515249.97
20.02.2020 20:00:00.000,1515.268,1517.237,1510.897,1514.597,2998250.01
21.02.2020 14:00:00.000,1502.998,1510.898,1494.998,1501.428,3606499.91
21.02.2020 15:00:00.000,1501.428,1504.658,1496.898,1501.008,6309999.94
21.02.2020 16:00:00.000,1501.008,1505.898,1498.197,1503.128,3721750.02
21.02.2020 17:00:00.000,1503.128,1504.888,1496.997,1499.038,4236499.79
21.02.2020 18:00:00.000,1499.038,1499.998,1481.998,1486.037,5195499.9
21.02.2020 19:00:00.000,1486.038,1487.968,1478.867,1485.828,5340250.02
21.02.2020 20:00:00.000,1485.827,1487.448,1477.997,1482.347,6340499.88
24.02.2020 14:00:00.000,1423.207,1433.298,1406.437,1430.418,6164750.1
24.02.2020 15:00:00.000,1429.998,1435.028,1421.997,1426.007,7706749.92
24.02.2020 16:00:00.000,1426.008,1429.018,1420.047,1422.337,5348249.91
24.02.2020 17:00:00.000,1421.997,1422.368,1414.137,1414.728,5914500.24
24.02.2020 18:00:00.000,1414.428,1421.148,1408.848,1419.608,5405250.07
24.02.2020 19:00:00.000,1419.608,1427.797,1413.298,1427.008,5558249.95
24.02.2020 20:00:00.000,1427.008,1428.978,1419.457,1419.588,6918250.08
25.02.2020 14:00:00.000,1429.958,1435.818,1425.097,1430.498,4199250.22
25.02.2020 15:00:00.000,1430.497,1431.888,1414.998,1419.827,7275249.96
25.02.2020 16:00:00.000,1419.827,1426.668,1412.218,1424.648,8029000.28
25.02.2020 17:00:00.000,1424.657,1427.347,1412.307,1412.828,5968500.14
25.02.2020 18:00:00.000,1412.798,1413.668,1402.228,1402.508,6521749.97
25.02.2020 19:00:00.000,1402.507,1403.318,1384.998,1400.047,8012000.08
25.02.2020 20:00:00.000,1400.048,1405.967,1379.997,1385.318,10619500.16
26.02.2020 14:00:00.000,1388.998,1411.598,1388.997,1399.968,5007249.83
26.02.2020 15:00:00.000,1399.968,1413.418,1392.027,1405.978,8022250.18
26.02.2020 16:00:00.000,1405.978,1410.888,1399.997,1401.498,5761250.02
26.02.2020 17:00:00.000,1401.797,1402.827,1388.178,1392.498,6517499.92
26.02.2020 18:00:00.000,1392.758,1395.868,1376.248,1382.188,7049749.85
26.02.2020 19:00:00.000,1382.098,1393.368,1379.997,1389.988,8708250.05
26.02.2020 20:00:00.000,1389.997,1401.038,1388.158,1389.287,8567000.39
27.02.2020 14:00:00.000,1359.508,1359.508,1339.088,1353.808,5475999.83
27.02.2020 15:00:00.000,1353.808,1356.657,1337.008,1356.167,9253000.26
27.02.2020 16:00:00.000,1356.167,1362.447,1341.157,1352.378,8441249.85
27.02.2020 17:00:00.000,1352.037,1368.797,1349.577,1359.488,8102499.96
27.02.2020 18:00:00.000,1359.488,1365.938,1340.297,1343.817,9656749.73
27.02.2020 19:00:00.000,1343.818,1346.847,1336.258,1336.588,8214249.61
27.02.2020 20:00:00.000,1336.587,1343.818,1313.997,1313.997,9199749.95
28.02.2020 14:00:00.000,1272.507,1300.760,1267.698,1278.248,4629000.19
28.02.2020 15:00:00.000,1275.018,1286.748,1265.348,1284.267,13021750.45
28.02.2020 16:00:00.000,1284.268,1318.978,1273.657,1298.637,9053250.31
28.02.2020 17:00:00.000,1298.527,1308.778,1290.408,1307.007,6687749.86
28.02.2020 18:00:00.000,1307.238,1312.608,1284.997,1289.978,6979000.09
28.02.2020 19:00:00.000,1291.458,1309.460,1279.997,1299.418,7433750.15
28.02.2020 20:00:00.000,1299.417,1337.028,1289.997,1336.268,8685999.87
02.03.2020 14:00:00.000,1349.687,1357.077,1333.907,1336.778,3885750.06
02.03.2020 15:00:00.000,1336.787,1345.118,1324.997,1340.197,6638000.01
02.03.2020 16:00:00.000,1340.198,1368.018,1340.008,1364.508,7510250.09
02.03.2020 17:00:00.000,1364.508,1366.978,1352.998,1362.208,5495250.23
02.03.2020 18:00:00.000,1362.207,1363.377,1348.997,1354.038,6565499.78
02.03.2020 19:00:00.000,1354.217,1357.768,1337.028,1342.957,6953249.93
02.03.2020 20:00:00.000,1343.238,1387.188,1342.947,1386.657,7485250
03.03.2020 14:00:00.000,1397.068,1397.068,1367.997,1370.818,2913500.07
03.03.2020 15:00:00.000,1371.808,1406.508,1371.808,1399.948,6180250.17
03.03.2020 16:00:00.000,1399.948,1401.818,1365.007,1379.427,6563499.93
03.03.2020 17:00:00.000,1379.427,1384.068,1370.308,1374.208,6297750
03.03.2020 18:00:00.000,1374.048,1374.048,1342.008,1342.808,7808499.81
03.03.2020 19:00:00.000,1342.808,1345.378,1325.198,1338.727,9523750.31
03.03.2020 20:00:00.000,1338.727,1352.517,1329.597,1335.738,9923749.92
04.03.2020 14:00:00.000,1357.528,1357.988,1338.388,1340.757,3050250.05
04.03.2020 15:00:00.000,1340.758,1357.987,1338.688,1343.447,5414750.1
04.03.2020 16:00:00.000,1343.458,1356.247,1341.877,1345.908,4715000.15
04.03.2020 17:00:00.000,1345.937,1362.908,1345.937,1362.497,3824500.08
04.03.2020 18:00:00.000,1362.497,1368.368,1361.628,1363.618,4476749.9
04.03.2020 19:00:00.000,1363.618,1373.267,1360.228,1364.998,4824749.95
04.03.2020 20:00:00.000,1364.998,1382.148,1364.127,1379.217,7136000.16
05.03.2020 14:00:00.000,1346.008,1352.288,1328.997,1333.557,3917500.02
05.03.2020 15:00:00.000,1333.958,1349.718,1328.998,1341.148,6302000.05
05.03.2020 16:00:00.000,1340.538,1352.385,1338.298,1340.898,7114999.77
05.03.2020 17:00:00.000,1340.898,1341.708,1322.197,1325.257,6246500.02
05.03.2020 18:00:00.000,1325.007,1337.127,1320.707,1333.507,8669750.21
05.03.2020 19:00:00.000,1333.687,1333.688,1319.247,1321.078,7269750.12
05.03.2020 20:00:00.000,1321.078,1321.668,1300.958,1313.388,9145999.91
06.03.2020 14:00:00.000,1267.738,1273.658,1257.157,1263.718,5602250.1
06.03.2020 15:00:00.000,1263.718,1294.598,1260.028,1285.237,9532250.4
06.03.2020 16:00:00.000,1285.258,1288.498,1274.067,1274.807,7800000.19
06.03.2020 17:00:00.000,1274.808,1280.238,1263.257,1269.998,6711249.83
06.03.2020 18:00:00.000,1270.247,1279.608,1263.977,1265.058,6395249.84
06.03.2020 19:00:00.000,1265.058,1270.448,1257.518,1260.657,6208250.05
06.03.2020 20:00:00.000,1260.657,1302.238,1257.997,1293.567,12529250.15
09.03.2020 13:00:00.000,1199.998,1225.978,1197.997,1223.297,3125250.1
09.03.2020 14:00:00.000,1222.027,1237.557,1214.997,1227.538,9936499.6
09.03.2020 15:00:00.000,1227.168,1249.418,1225.208,1245.237,10294500.35
09.03.2020 16:00:00.000,1245.238,1252.218,1234.997,1239.938,9594750.4
09.03.2020 17:00:00.000,1239.937,1245.138,1222.997,1225.318,8789250.37
09.03.2020 18:00:00.000,1225.318,1238.037,1220.997,1233.858,10569999.69
09.03.2020 19:00:00.000,1233.587,1238.617,1207.047,1207.048,12078749.66
10.03.2020 13:00:00.000,1253.498,1258.728,1234.997,1242.578,4094999.79
10.03.2020 14:00:00.000,1242.598,1254.008,1233.998,1234.117,8690500.26
10.03.2020 15:00:00.000,1234.197,1243.438,1214.007,1220.897,7421999.93
10.03.2020 16:00:00.000,1220.907,1241.768,1220.907,1231.857,7067999.84
10.03.2020 17:00:00.000,1231.997,1243.048,1219.997,1225.548,6530499.94
10.03.2020 18:00:00.000,1225.567,1248.848,1218.497,1246.928,7026000.02
10.03.2020 19:00:00.000,1247.258,1275.457,1243.998,1275.457,10915249.82
11.03.2020 13:00:00.000,1245.348,1255.498,1236.907,1244.528,4111750.13
11.03.2020 14:00:00.000,1244.547,1251.368,1224.997,1228.018,7118249.89
11.03.2020 15:00:00.000,1228.027,1232.218,1220.128,1225.778,7695750.24
11.03.2020 16:00:00.000,1226.098,1235.498,1210.997,1213.748,7131750.11
11.03.2020 17:00:00.000,1213.878,1216.298,1204.997,1210.188,7792500.02
11.03.2020 18:00:00.000,1210.188,1212.478,1200.618,1202.478,11117250.44
11.03.2020 19:00:00.000,1202.487,1219.707,1190.497,1209.528,12631999.97
12.03.2020 13:00:00.000,1119.998,1150.528,1109.997,1149.087,3288000.11
12.03.2020 14:00:00.000,1149.088,1153.228,1131.857,1149.007,11817500.11
12.03.2020 15:00:00.000,1149.007,1149.988,1114.997,1126.768,9959500.31
12.03.2020 16:00:00.000,1126.768,1166.208,1110.997,1154.118,9138250.35
12.03.2020 17:00:00.000,1153.527,1188.238,1131.527,1152.007,6277750.02
12.03.2020 18:00:00.000,1152.148,1156.327,1126.618,1127.408,9200249.67
12.03.2020 19:00:00.000,1127.408,1145.548,1109.997,1109.998,11871749.88
13.03.2020 13:00:00.000,1173.597,1174.107,1136.297,1145.758,5082250.12
13.03.2020 14:00:00.000,1145.758,1167.178,1130.148,1130.158,8195249.56
13.03.2020 15:00:00.000,1130.018,1145.478,1112.907,1134.108,9019000.05
13.03.2020 16:00:00.000,1134.217,1149.818,1126.488,1136.337,8597249.98
13.03.2020 17:00:00.000,1136.338,1155.808,1130.008,1150.848,8512749.67
13.03.2020 18:00:00.000,1150.847,1151.737,1118.868,1132.528,8454500.2
13.03.2020 19:00:00.000,1132.568,1214.037,1112.287,1210.558,10711999.89
16.03.2020 13:00:00.000,1086.498,1105.428,1067.408,1098.998,2585500
16.03.2020 14:00:00.000,1098.998,1130.348,1088.537,1120.608,7323750.02
16.03.2020 15:00:00.000,1122.337,1144.827,1110.997,1139.777,5872250.08
16.03.2020 16:00:00.000,1141.208,1142.248,1112.097,1115.437,5616749.76
16.03.2020 17:00:00.000,1115.437,1127.508,1104.597,1105.188,5593750
16.03.2020 18:00:00.000,1105.187,1115.848,1087.997,1100.478,7632500.17
16.03.2020 19:00:00.000,1100.478,1112.437,1066.437,1069.708,6816249.85
17.03.2020 13:00:00.000,1090.918,1092.008,1047.998,1053.578,4021500.11
17.03.2020 14:00:00.000,1053.877,1092.837,1047.998,1083.277,7351250.17
17.03.2020 15:00:00.000,1083.277,1110.497,1081.637,1101.507,7706999.78
17.03.2020 16:00:00.000,1101.442,1125.237,1082.008,1088.657,5478250.03
17.03.2020 17:00:00.000,1088.658,1098.698,1070.887,1094.798,5019499.78
17.03.2020 18:00:00.000,1094.478,1108.248,1087.008,1096.088,7366000.18
17.03.2020 19:00:00.000,1096.267,1121.667,1079.997,1118.008,7554749.97
18.03.2020 13:00:00.000,1054.997,1083.798,1048.997,1080.967,3104500.06
18.03.2020 14:00:00.000,1080.967,1103.667,1075.088,1095.838,6756499.77
18.03.2020 15:00:00.000,1094.218,1100.008,1075.097,1097.948,6287000.18
18.03.2020 16:00:00.000,1097.988,1100.067,1070.997,1070.998,4993500.23
18.03.2020 17:00:00.000,1065.997,1072.788,1039.997,1045.407,4440999.98
18.03.2020 18:00:00.000,1045.928,1089.017,1035.997,1083.238,4471749.78
18.03.2020 19:00:00.000,1084.967,1097.397,1048.957,1093.397,5939000.13
19.03.2020 13:00:00.000,1087.328,1096.157,1055.548,1094.458,2530499.94
19.03.2020 14:00:00.000,1095.008,1120.628,1084.998,1098.767,4585000.04
19.03.2020 15:00:00.000,1098.768,1136.227,1089.997,1108.307,3792999.98
19.03.2020 16:00:00.000,1109.997,1134.288,1093.898,1121.708,2644000.05
19.03.2020 17:00:00.000,1121.708,1151.478,1119.997,1142.998,2878000.02
19.03.2020 18:00:00.000,1142.998,1151.048,1126.447,1140.608,3658499.96
19.03.2020 19:00:00.000,1140.608,1145.958,1106.107,1111.627,5188749.79
20.03.2020 13:00:00.000,1129.998,1136.708,1101.418,1110.998,2619750.02
20.03.2020 14:00:00.000,1110.997,1127.287,1110.457,1123.998,4396749.97
20.03.2020 15:00:00.000,1123.997,1126.927,1092.398,1096.118,4085499.76
20.03.2020 16:00:00.000,1096.568,1099.727,1071.628,1091.348,4000249.86
20.03.2020 17:00:00.000,1091.347,1100.478,1078.998,1087.007,3496999.98
20.03.2020 18:00:00.000,1087.008,1097.567,1072.497,1077.078,3461750.03
20.03.2020 19:00:00.000,1077.078,1089.177,1059.997,1065.127,6140500.07
23.03.2020 13:00:00.000,1055.267,1065.107,1013.997,1043.038,4164500.24
23.03.2020 14:00:00.000,1043.008,1047.717,1020.997,1022.058,6850999.83
23.03.2020 15:00:00.000,1022.058,1029.338,1007.997,1029.007,6183249.95
23.03.2020 16:00:00.000,1028.278,1062.098,1023.587,1057.597,5376249.79
23.03.2020 17:00:00.000,1057.748,1064.758,1022.627,1027.008,4736750.13
23.03.2020 18:00:00.000,1028.747,1037.898,1018.997,1027.207,5845499.99
23.03.2020 19:00:00.000,1027.208,1059.068,1019.067,1052.518,7239500.05
24.03.2020 13:00:00.000,1099.998,1110.338,1090.497,1093.138,4703750.13
24.03.2020 14:00:00.000,1093.138,1117.218,1091.078,1103.018,6817749.98
24.03.2020 15:00:00.000,1103.098,1127.468,1096.997,1118.888,6038249.97
24.03.2020 16:00:00.000,1118.907,1129.228,1113.708,1115.447,4982250.21
24.03.2020 17:00:00.000,1115.448,1121.038,1096.997,1098.538,4381249.9
24.03.2020 18:00:00.000,1098.547,1119.898,1085.747,1119.728,4856249.81
24.03.2020 19:00:00.000,1119.728,1128.587,1110.998,1123.647,6585750.1
25.03.2020 13:00:00.000,1124.158,1130.807,1096.498,1098.007,3301000.12
25.03.2020 14:00:00.000,1097.998,1098.458,1082.888,1091.048,7853499.89
25.03.2020 15:00:00.000,1091.048,1095.828,1084.997,1089.008,6499249.94
25.03.2020 16:00:00.000,1089.817,1107.497,1088.398,1102.748,5581250.19
25.03.2020 17:00:00.000,1103.048,1145.938,1102.057,1126.357,5206999.78
25.03.2020 18:00:00.000,1126.357,1133.227,1107.417,1130.557,5244500.16
25.03.2020 19:00:00.000,1130.588,1138.248,1095.997,1100.158,7227250.1
26.03.2020 13:00:00.000,1111.047,1114.597,1092.037,1110.998,3712749.96
26.03.2020 14:00:00.000,1111.397,1129.998,1110.997,1124.998,7837749.96
26.03.2020 15:00:00.000,1124.998,1146.038,1119.998,1144.068,6143000.13
26.03.2020 16:00:00.000,1144.088,1147.778,1133.868,1141.367,5142499.92
26.03.2020 17:00:00.000,1141.368,1143.718,1125.367,1137.007,5049749.85
26.03.2020 18:00:00.000,1137.008,1149.007,1134.527,1143.558,4558499.81
26.03.2020 19:00:00.000,1144.068,1170.348,1128.517,1158.877,7655000.21
27.03.2020 13:00:00.000,1123.647,1131.937,1107.998,1114.397,3521250.01
27.03.2020 14:00:00.000,1113.568,1116.647,1110.037,1113.258,6108500
27.03.2020 15:00:00.000,1112.687,1126.558,1112.107,1115.428,5660749.91
27.03.2020 16:00:00.000,1115.427,1118.858,1113.298,1117.657,4073750.02
27.03.2020 17:00:00.000,1117.918,1124.947,1112.018,1121.508,5206749.92
27.03.2020 18:00:00.000,1121.518,1136.368,1120.177,1135.838,4454750.06
27.03.2020 19:00:00.000,1135.688,1150.818,1103.997,1109.338,7272250.18
30.03.2020 13:00:00.000,1126.987,1129.008,1097.997,1101.998,3403249.98
30.03.2020 14:00:00.000,1103.297,1138.808,1101.997,1132.788,6377749.92
30.03.2020 15:00:00.000,1132.747,1143.748,1128.147,1139.508,4617249.97
30.03.2020 16:00:00.000,1139.507,1140.608,1130.598,1140.237,4086249.83
30.03.2020 17:00:00.000,1140.238,1140.957,1133.808,1136.908,4307250.02
30.03.2020 18:00:00.000,1136.908,1144.008,1129.077,1139.598,4175250.05
30.03.2020 19:00:00.000,1139.597,1150.507,1132.757,1144.568,7135000.23
31.03.2020 13:00:00.000,1146.338,1149.828,1135.128,1138.608,2869999.89
31.03.2020 14:00:00.000,1136.998,1171.888,1136.998,1161.508,7212250.23
31.03.2020 15:00:00.000,1161.598,1173.357,1157.997,1170.138,5641250.13
31.03.2020 16:00:00.000,1170.158,1171.007,1151.197,1158.148,4510749.82
31.03.2020 17:00:00.000,1158.248,1168.958,1157.537,1166.918,4053249.84
31.03.2020 18:00:00.000,1166.918,1168.948,1159.258,1162.707,4445750.24
31.03.2020 19:00:00.000,1162.837,1172.057,1144.997,1160.068,7363249.78
01.04.2020 13:00:00.000,1121.998,1128.158,1114.997,1115.507,3711750.03
01.04.2020 14:00:00.000,1116.177,1128.887,1113.997,1125.317,5237750.05
01.04.2020 15:00:00.000,1125.317,1128.157,1115.108,1117.017,3727250.1
01.04.2020 16:00:00.000,1117.017,1117.017,1102.597,1106.027,5002500.06
01.04.2020 17:00:00.000,1106.308,1111.068,1104.657,1109.437,4539750.1
01.04.2020 18:00:00.000,1109.468,1111.987,1100.618,1101.767,4302499.77
01.04.2020 19:00:00.000,1101.988,1106.347,1092.957,1099.998,6951250.08
02.04.2020 13:00:00.000,1097.528,1107.998,1092.168,1101.688,2749249.94
02.04.2020 14:00:00.000,1102.327,1108.388,1098.688,1104.758,6664750.1
02.04.2020 15:00:00.000,1104.758,1115.158,1098.997,1114.847,4771999.84
02.04.2020 16:00:00.000,1114.848,1120.828,1110.097,1119.298,3375750.06
02.04.2020 17:00:00.000,1119.608,1122.057,1101.868,1105.777,4098999.98
02.04.2020 18:00:00.000,1105.887,1109.958,1093.997,1109.278,4746749.88
02.04.2020 19:00:00.000,1109.278,1119.218,1102.107,1116.508,6751500.13
03.04.2020 13:00:00.000,1112.998,1118.558,1099.997,1109.498,2778500.08
03.04.2020 14:00:00.000,1110.470,1113.317,1094.998,1098.548,5068999.77
03.04.2020 15:00:00.000,1099.047,1101.558,1092.597,1098.048,4319749.83
03.04.2020 16:00:00.000,1098.048,1098.867,1091.607,1095.068,4480500.22
03.04.2020 17:00:00.000,1095.088,1095.688,1077.247,1079.158,5010250.09
03.04.2020 18:00:00.000,1079.158,1088.117,1074.997,1084.788,6259250.16
03.04.2020 19:00:00.000,1084.798,1094.588,1075.078,1091.547,6449999.81
06.04.2020 13:00:00.000,1129.997,1135.608,1125.197,1132.358,3858750.1
06.04.2020 14:00:00.000,1132.358,1147.877,1131.798,1143.907,6694499.97
06.04.2020 15:00:00.000,1143.968,1152.115,1142.947,1149.418,4675749.78
06.04.2020 16:00:00.000,1149.417,1163.878,1148.798,1163.058,5093500.14
06.04.2020 17:00:00.000,1163.058,1173.008,1162.397,1173.008,4740250.11
06.04.2020 18:00:00.000,1172.857,1173.325,1160.758,1169.028,4667500.02
06.04.2020 19:00:00.000,1169.015,1190.018,1165.998,1181.518,7382249.83
07.04.2020 13:00:00.000,1215.997,1220.018,1199.997,1209.578,4948500.16
07.04.2020 14:00:00.000,1209.577,1210.467,1177.197,1187.228,8293499.95
07.04.2020 15:00:00.000,1187.228,1196.697,1186.457,1192.368,5483500
07.04.2020 16:00:00.000,1192.388,1204.738,1192.388,1201.077,7074749.95
07.04.2020 17:00:00.000,1201.207,1202.558,1191.858,1196.468,5237249.85
07.04.2020 18:00:00.000,1196.447,1196.748,1185.377,1189.708,6959000.11
07.04.2020 19:00:00.000,1189.708,1200.058,1179.997,1180.918,8884499.55
08.04.2020 13:00:00.000,1199.068,1207.258,1185.997,1186.778,3422250.03
08.04.2020 14:00:00.000,1187.038,1197.197,1183.027,1196.498,4214250.09
08.04.2020 15:00:00.000,1196.788,1204.708,1192.168,1200.757,4889999.87
08.04.2020 16:00:00.000,1200.757,1203.908,1197.587,1201.687,4168000.22
08.04.2020 17:00:00.000,1202.008,1203.847,1192.998,1194.247,4393249.99
08.04.2020 18:00:00.000,1194.248,1209.718,1194.248,1209.068,4268000.13
08.04.2020 19:00:00.000,1209.088,1214.578,1200.757,1206.408,8213749.89
09.04.2020 13:00:00.000,1218.867,1221.610,1209.997,1218.257,3775249.96
09.04.2020 14:00:00.000,1218.587,1218.888,1191.997,1204.348,6673500.06
09.04.2020 15:00:00.000,1205.037,1205.648,1194.228,1201.187,4867249.97
09.04.2020 16:00:00.000,1201.188,1214.202,1201.188,1212.108,4664500.24
09.04.2020 17:00:00.000,1212.108,1217.167,1206.968,1210.178,4345749.86
09.04.2020 18:00:00.000,1210.177,1211.038,1198.747,1201.557,6034249.78
09.04.2020 19:00:00.000,1201.637,1207.138,1196.497,1205.438,7649499.89
13.04.2020 13:00:00.000,1201.497,1211.347,1193.017,1194.328,3307749.99
13.04.2020 14:00:00.000,1194.328,1195.357,1185.238,1188.948,4918499.95
13.04.2020 15:00:00.000,1188.748,1197.048,1181.998,1194.787,5131999.97
13.04.2020 16:00:00.000,1194.788,1197.367,1190.197,1191.008,4056000.23
13.04.2020 17:00:00.000,1191.008,1195.548,1186.508,1194.758,2650000.1
13.04.2020 18:00:00.000,1194.757,1197.458,1189.997,1192.668,3323499.92
13.04.2020 19:00:00.000,1192.677,1214.008,1188.997,1209.598,5838749.89
14.04.2020 13:00:00.000,1236.388,1246.378,1228.192,1246.157,3552999.97
14.04.2020 14:00:00.000,1246.298,1250.858,1243.088,1245.998,6031750.2
14.04.2020 15:00:00.000,1246.107,1251.208,1240.057,1250.458,4832250.12
14.04.2020 16:00:00.000,1250.718,1267.647,1250.578,1265.307,4520249.84
14.04.2020 17:00:00.000,1265.648,1270.838,1260.998,1270.838,3093499.9
14.04.2020 18:00:00.000,1270.447,1274.928,1267.298,1273.647,3731750.01
14.04.2020 19:00:00.000,1273.648,1274.258,1260.957,1264.668,5314000.13
15.04.2020 13:00:00.000,1241.468,1251.090,1232.998,1237.988,3659499.88
15.04.2020 14:00:00.000,1237.988,1248.938,1236.197,1247.177,5160749.91
15.04.2020 15:00:00.000,1246.998,1247.888,1240.538,1245.038,3934000.02
15.04.2020 16:00:00.000,1245.527,1258.388,1245.237,1257.528,3957499.98
15.04.2020 17:00:00.000,1257.518,1261.008,1253.997,1257.518,3098750.11
15.04.2020 18:00:00.000,1257.558,1272.798,1257.558,1272.428,3714499.95
15.04.2020 19:00:00.000,1272.428,1274.718,1254.308,1256.908,5512499.81
16.04.2020 13:00:00.000,1264.998,1272.808,1258.188,1259.388,3335500
16.04.2020 14:00:00.000,1259.388,1262.047,1245.217,1260.568,5818500.04
16.04.2020 15:00:00.000,1260.717,1266.967,1254.997,1265.877,4973999.98
16.04.2020 16:00:00.000,1265.877,1267.018,1243.638,1248.887,5856999.87
16.04.2020 17:00:00.000,1248.847,1249.497,1241.078,1243.468,3784749.98
16.04.2020 18:00:00.000,1243.487,1248.238,1238.168,1245.298,4676249.98
16.04.2020 19:00:00.000,1245.297,1262.538,1237.997,1256.848,6108749.87
17.04.2020 13:00:00.000,1281.227,1285.347,1269.118,1280.357,4389999.87
17.04.2020 14:00:00.000,1280.357,1289.438,1265.527,1270.998,6101749.9
17.04.2020 15:00:00.000,1270.998,1281.198,1269.027,1277.888,5010250.09
17.04.2020 16:00:00.000,1277.897,1278.508,1272.997,1276.767,3834000.11
17.04.2020 17:00:00.000,1276.768,1276.768,1270.277,1272.857,4503749.85
17.04.2020 18:00:00.000,1272.857,1273.688,1265.318,1272.178,3927999.97
17.04.2020 19:00:00.000,1272.177,1281.678,1271.208,1277.537,5637249.95
20.04.2020 13:00:00.000,1266.008,1270.727,1255.998,1260.828,3795249.94
20.04.2020 14:00:00.000,1260.167,1267.718,1259.398,1266.048,4808750.15
20.04.2020 15:00:00.000,1266.048,1274.617,1265.077,1274.238,4518499.85
20.04.2020 16:00:00.000,1274.568,1276.378,1266.997,1267.998,3817749.98
20.04.2020 17:00:00.000,1268.108,1272.348,1263.537,1270.678,3610250
20.04.2020 18:00:00.000,1270.678,1272.297,1257.997,1258.118,4668250.08
20.04.2020 19:00:00.000,1258.118,1266.408,1257.177,1260.848,6121749.88
21.04.2020 13:00:00.000,1241.787,1249.138,1224.347,1228.098,4598499.77
21.04.2020 14:00:00.000,1228.207,1236.018,1208.058,1209.738,7313749.79
21.04.2020 15:00:00.000,1209.638,1219.307,1204.687,1219.307,7026750.09
21.04.2020 16:00:00.000,1219.307,1223.158,1209.828,1210.857,3540499.93
21.04.2020 17:00:00.000,1215.058,1224.200,1213.638,1219.657,4048500.06
21.04.2020 18:00:00.000,1219.658,1227.698,1214.388,1215.258,5318500.04
21.04.2020 19:00:00.000,1215.258,1222.367,1208.998,1209.378,7326000.21
22.04.2020 13:00:00.000,1239.998,1251.608,1236.997,1251.388,4368750.1
22.04.2020 14:00:00.000,1251.818,1263.478,1247.008,1259.198,4809500.22
22.04.2020 15:00:00.000,1259.198,1260.948,1251.537,1252.838,4328750.13
22.04.2020 16:00:00.000,1252.847,1258.418,1250.647,1258.307,2852000
22.04.2020 17:00:00.000,1258.327,1271.878,1256.757,1270.367,3734250.07
22.04.2020 18:00:00.000,1270.377,1279.158,1268.847,1278.327,3717000.01
22.04.2020 19:00:00.000,1278.328,1279.737,1256.118,1258.218,5905250.07
23.04.2020 13:00:00.000,1264.478,1281.088,1260.577,1276.038,3325000.05
23.04.2020 14:00:00.000,1276.038,1287.848,1271.508,1282.858,4374000.07
23.04.2020 15:00:00.000,1282.878,1282.878,1272.837,1274.238,3313499.93
23.04.2020 16:00:00.000,1273.788,1281.807,1260.747,1274.868,4615250.11
23.04.2020 17:00:00.000,1275.008,1279.978,1263.397,1265.798,4881000.04
23.04.2020 18:00:00.000,1265.797,1278.148,1261.777,1277.018,3753999.95
23.04.2020 19:00:00.000,1277.018,1277.237,1266.398,1270.668,5357250.21
24.04.2020 13:00:00.000,1256.148,1263.968,1243.447,1245.728,4739999.77
24.04.2020 14:00:00.000,1245.988,1259.108,1245.498,1252.408,5552499.77
24.04.2020 15:00:00.000,1252.727,1255.618,1249.197,1252.078,4073750.02
24.04.2020 16:00:00.000,1252.077,1257.727,1250.317,1257.607,3057250.02
24.04.2020 17:00:00.000,1257.927,1266.848,1257.077,1266.358,3325999.98
24.04.2020 18:00:00.000,1266.087,1273.188,1264.348,1269.878,3941250.09
24.04.2020 19:00:00.000,1269.857,1276.817,1265.588,1275.517,5810249.81
27.04.2020 13:00:00.000,1291.998,1292.518,1272.707,1277.758,3828500.03
27.04.2020 14:00:00.000,1277.758,1285.427,1274.298,1277.677,5258500.1
27.04.2020 15:00:00.000,1277.478,1280.748,1274.097,1274.998,3995249.99
27.04.2020 16:00:00.000,1274.998,1275.538,1269.167,1273.098,3243499.99
27.04.2020 17:00:00.000,1273.578,1273.617,1264.997,1270.637,4335000.04
27.04.2020 18:00:00.000,1270.718,1274.388,1268.588,1270.718,3304500.1
27.04.2020 19:00:00.000,1270.718,1275.048,1268.598,1269.657,4695750.24
28.04.2020 13:00:00.000,1280.998,1283.398,1263.337,1263.508,4183750.15
28.04.2020 14:00:00.000,1263.508,1266.578,1250.678,1252.778,7146999.84
28.04.2020 15:00:00.000,1252.777,1258.567,1249.117,1249.158,5096499.92
28.04.2020 16:00:00.000,1249.168,1252.667,1241.307,1242.267,5528749.94
28.04.2020 17:00:00.000,1242.468,1247.168,1238.137,1240.008,4690000.06
28.04.2020 18:00:00.000,1240.008,1245.277,1239.108,1241.047,3921000
28.04.2020 19:00:00.000,1241.048,1242.597,1230.077,1230.997,5748250.01
29.04.2020 13:00:00.000,1342.657,1350.647,1326.718,1335.597,6777249.81
29.04.2020 14:00:00.000,1335.598,1353.808,1327.697,1339.318,7216750.15
29.04.2020 15:00:00.000,1339.318,1344.527,1332.228,1333.098,5754250.05
29.04.2020 16:00:00.000,1333.427,1348.088,1333.117,1336.858,5206250.19
29.04.2020 17:00:00.000,1336.858,1348.327,1336.507,1347.997,4168000.22
29.04.2020 18:00:00.000,1347.998,1352.898,1340.227,1351.547,6223000.05
29.04.2020 19:00:00.000,1351.578,1359.907,1339.117,1341.308,7122000.22
30.04.2020 13:00:00.000,1330.138,1348.198,1324.998,1343.678,3740499.97
30.04.2020 14:00:00.000,1342.998,1346.912,1327.097,1328.107,5634749.89
30.04.2020 15:00:00.000,1328.108,1336.167,1323.818,1324.207,3826999.9
30.04.2020 16:00:00.000,1324.208,1328.628,1321.497,1328.147,3981499.91
30.04.2020 17:00:00.000,1328.147,1332.457,1323.677,1326.377,2932749.99
30.04.2020 18:00:00.000,1326.378,1331.878,1324.397,1325.707,3130249.98
30.04.2020 19:00:00.000,1325.707,1349.848,1325.217,1346.067,4932499.89
01.05.2020 13:00:00.000,1324.058,1342.417,1322.368,1342.038,3558749.91
01.05.2020 14:00:00.000,1342.718,1350.967,1332.807,1334.347,6153250.22
01.05.2020 15:00:00.000,1334.357,1334.367,1326.338,1326.687,4772999.76
01.05.2020 16:00:00.000,1326.687,1329.098,1315.748,1316.327,4543499.95
01.05.2020 17:00:00.000,1316.498,1317.788,1309.247,1312.058,3386749.98
01.05.2020 18:00:00.000,1312.058,1323.328,1310.777,1314.248,3667999.98
01.05.2020 19:00:00.000,1314.178,1325.288,1313.387,1317.337,6501249.79
04.05.2020 13:00:00.000,1308.127,1309.828,1296.068,1306.698,3201250.08
04.05.2020 14:00:00.000,1306.697,1314.298,1302.047,1302.347,5808000.09
04.05.2020 15:00:00.000,1302.347,1314.638,1300.618,1309.617,4190249.92
04.05.2020 16:00:00.000,1309.687,1312.487,1307.028,1308.128,3244750.02
04.05.2020 17:00:00.000,1308.138,1315.148,1305.207,1314.778,2881500.01
04.05.2020 18:00:00.000,1314.778,1317.157,1311.137,1316.777,3497250.08
04.05.2020 19:00:00.000,1316.778,1324.017,1314.398,1322.518,4934750.08
05.05.2020 13:00:00.000,1333.618,1353.067,1333.617,1352.087,3920000.08
05.05.2020 14:00:00.000,1352.557,1361.707,1351.007,1359.978,4897749.9
05.05.2020 15:00:00.000,1359.978,1365.528,1357.427,1364.837,3410749.91
05.05.2020 16:00:00.000,1364.838,1368.527,1361.007,1363.497,3391249.9
05.05.2020 17:00:00.000,1363.518,1368.817,1362.057,1367.127,3635750.06
05.05.2020 18:00:00.000,1367.128,1370.858,1362.037,1365.688,3330499.89
05.05.2020 19:00:00.000,1365.698,1370.638,1346.017,1348.848,6383999.82
06.05.2020 13:00:00.000,1357.357,1368.147,1351.998,1353.467,3232000.11
06.05.2020 14:00:00.000,1353.468,1366.968,1347.057,1363.538,6083000.18
06.05.2020 15:00:00.000,1363.538,1367.618,1358.437,1365.148,3828749.9
06.05.2020 16:00:00.000,1364.727,1367.157,1361.707,1362.298,2920000.08
06.05.2020 17:00:00.000,1362.568,1367.708,1361.037,1364.348,3121249.91
06.05.2020 18:00:00.000,1364.347,1364.428,1355.348,1355.348,3211999.89
06.05.2020 19:00:00.000,1355.457,1358.318,1344.998,1344.998,4899250.03
07.05.2020 13:00:00.000,1360.427,1364.248,1356.448,1361.797,2665499.93
07.05.2020 14:00:00.000,1361.848,1362.837,1352.687,1354.158,3764499.9
07.05.2020 15:00:00.000,1354.158,1366.257,1354.157,1364.998,3806999.92
07.05.2020 16:00:00.000,1365.048,1373.588,1364.997,1373.378,3825999.98
07.05.2020 17:00:00.000,1373.068,1375.538,1368.997,1373.128,2799000.02
07.05.2020 18:00:00.000,1373.037,1374.837,1366.877,1369.098,2992500.07
07.05.2020 19:00:00.000,1369.098,1370.118,1362.357,1369.318,5264750
08.05.2020 13:00:00.000,1379.447,1382.038,1371.997,1375.008,2425499.92
08.05.2020 14:00:00.000,1374.348,1389.458,1374.348,1385.468,4348249.91
08.05.2020 15:00:00.000,1385.778,1393.268,1383.097,1392.428,2913249.97
08.05.2020 16:00:00.000,1392.428,1396.308,1390.817,1396.078,3832750.08
08.05.2020 17:00:00.000,1396.078,1396.378,1383.828,1385.088,3564500.09
08.05.2020 18:00:00.000,1385.088,1386.467,1381.217,1384.908,3865999.94
08.05.2020 19:00:00.000,1384.938,1390.158,1380.368,1383.808,4673500.06
11.05.2020 13:00:00.000,1376.097,1389.117,1373.997,1382.247,3108500
11.05.2020 14:00:00.000,1382.247,1391.007,1380.898,1387.728,5433750.15
11.05.2020 15:00:00.000,1387.728,1398.017,1387.198,1397.898,4247749.81
11.05.2020 16:00:00.000,1397.898,1400.628,1396.057,1399.617,2686500.07
11.05.2020 17:00:00.000,1399.668,1405.638,1399.277,1404.558,3400249.96
11.05.2020 18:00:00.000,1404.558,1413.407,1402.137,1412.868,3567250.01
11.05.2020 19:00:00.000,1412.888,1415.127,1401.768,1402.517,6233250.14
12.05.2020 13:00:00.000,1405.998,1413.638,1390.437,1394.087,3869750.02
12.05.2020 14:00:00.000,1393.878,1404.418,1392.397,1403.868,5184750.08
12.05.2020 15:00:00.000,1403.877,1406.648,1398.517,1401.338,3555749.89
12.05.2020 16:00:00.000,1401.507,1404.647,1399.568,1403.188,2840250.02
12.05.2020 17:00:00.000,1403.187,1403.527,1393.457,1398.687,3924999.95
12.05.2020 18:00:00.000,1398.758,1398.997,1391.998,1396.737,4724999.9
12.05.2020 19:00:00.000,1396.738,1397.227,1373.787,1374.418,6675250.05
13.05.2020 13:00:00.000,1377.107,1383.687,1362.577,1374.218,5150000.1
13.05.2020 14:00:00.000,1374.217,1385.328,1368.998,1370.027,5456749.92
13.05.2020 15:00:00.000,1370.028,1374.248,1347.207,1348.628,6415500.16
13.05.2020 16:00:00.000,1349.008,1351.908,1337.138,1348.098,8405750.27
13.05.2020 17:00:00.000,1348.098,1349.608,1337.407,1340.007,5840499.88
13.05.2020 18:00:00.000,1340.007,1347.508,1331.167,1331.238,5758749.96
13.05.2020 19:00:00.000,1331.238,1350.408,1327.998,1347.338,9006250.38
14.05.2020 13:00:00.000,1333.037,1344.822,1323.018,1324.688,5784249.78
14.05.2020 14:00:00.000,1325.167,1335.008,1323.128,1328.568,8242750.17
14.05.2020 15:00:00.000,1328.568,1340.318,1327.727,1333.608,5953499.79
14.05.2020 16:00:00.000,1333.607,1344.832,1332.127,1344.547,5907249.93
14.05.2020 17:00:00.000,1344.547,1347.438,1339.107,1342.768,5848750.11
14.05.2020 18:00:00.000,1342.767,1343.868,1333.248,1340.197,5502500.06
14.05.2020 19:00:00.000,1340.197,1356.718,1337.867,1355.928,8094249.73
15.05.2020 13:00:00.000,1345.208,1350.358,1338.618,1342.638,4223249.91
15.05.2020 14:00:00.000,1342.638,1355.937,1341.497,1347.677,5734499.93
15.05.2020 15:00:00.000,1347.677,1352.378,1344.907,1352.188,5292500.02
15.05.2020 16:00:00.000,1352.187,1364.598,1351.267,1363.998,4598000.05
15.05.2020 17:00:00.000,1363.998,1371.118,1360.517,1366.278,5079000
15.05.2020 18:00:00.000,1366.258,1370.698,1362.297,1365.228,5091499.81
15.05.2020 19:00:00.000,1365.668,1374.288,1364.267,1373.468,8085499.76
18.05.2020 13:00:00.000,1362.008,1373.968,1353.377,1366.137,5296249.87
18.05.2020 14:00:00.000,1366.568,1385.858,1364.998,1385.237,6301499.84
18.05.2020 15:00:00.000,1384.947,1390.798,1381.727,1384.998,4384749.89
18.05.2020 16:00:00.000,1385.178,1386.127,1379.268,1383.017,3982500.08
18.05.2020 17:00:00.000,1383.018,1391.887,1382.598,1390.338,3887000.08
18.05.2020 18:00:00.000,1390.388,1392.712,1384.358,1386.238,3950249.91
18.05.2020 19:00:00.000,1386.238,1391.488,1380.627,1384.368,6631999.97
19.05.2020 13:00:00.000,1383.918,1388.228,1379.528,1383.927,3827250
19.05.2020 14:00:00.000,1383.927,1388.198,1381.817,1385.507,5639249.8
19.05.2020 15:00:00.000,1385.048,1392.208,1385.048,1389.848,4308750.15
19.05.2020 16:00:00.000,1389.917,1390.628,1385.677,1388.308,3649749.99
19.05.2020 17:00:00.000,1388.258,1391.748,1386.408,1388.738,3325500.01
19.05.2020 18:00:00.000,1388.738,1390.517,1381.408,1382.598,3965749.98
19.05.2020 19:00:00.000,1382.597,1390.918,1372.867,1373.407,8407500.27
20.05.2020 13:00:00.000,1386.378,1403.978,1386.378,1403.448,4413000.11
20.05.2020 14:00:00.000,1403.348,1406.297,1395.208,1398.858,6196750.16
20.05.2020 15:00:00.000,1399.007,1410.408,1399.007,1409.787,4309999.94
20.05.2020 16:00:00.000,1410.008,1410.658,1401.367,1408.458,4146999.84
20.05.2020 17:00:00.000,1408.378,1409.977,1401.257,1409.097,3937750.1
20.05.2020 18:00:00.000,1409.097,1411.938,1401.738,1410.748,4927499.77
20.05.2020 19:00:00.000,1410.747,1411.618,1404.228,1408.748,7118500.23
21.05.2020 13:00:00.000,1406.708,1416.157,1401.997,1408.557,3273499.97
21.05.2020 14:00:00.000,1408.768,1409.008,1399.028,1404.278,4915999.89
21.05.2020 15:00:00.000,1404.278,1405.748,1393.878,1402.697,5181499.96
21.05.2020 16:00:00.000,1402.697,1413.117,1402.697,1407.317,5079249.86
21.05.2020 17:00:00.000,1407.638,1410.608,1402.798,1405.838,4783249.86
21.05.2020 18:00:00.000,1405.838,1408.908,1401.147,1404.378,4252500.06
21.05.2020 19:00:00.000,1404.328,1411.067,1404.328,1407.297,8419500.35
22.05.2020 13:00:00.000,1403.418,1408.898,1395.208,1407.008,3303750.04
22.05.2020 14:00:00.000,1407.007,1408.287,1397.348,1398.168,6000750.06
22.05.2020 15:00:00.000,1398.167,1401.548,1396.887,1400.008,4210249.9
22.05.2020 16:00:00.000,1400.227,1403.897,1397.588,1402.817,3730750.08
22.05.2020 17:00:00.000,1402.817,1407.978,1402.358,1406.368,3118499.99
22.05.2020 18:00:00.000,1406.477,1411.887,1406.127,1409.448,3568749.9
22.05.2020 19:00:00.000,1409.447,1416.568,1408.168,1412.968,7934750.08
26.05.2020 13:00:00.000,1439.488,1442.108,1432.997,1438.768,3517999.89
26.05.2020 14:00:00.000,1439.407,1444.958,1438.387,1442.208,4737500.19
26.05.2020 15:00:00.000,1442.208,1444.227,1424.567,1431.278,4405250.07
26.05.2020 16:00:00.000,1431.278,1438.097,1428.647,1437.098,3704499.96
26.05.2020 17:00:00.000,1437.118,1440.218,1432.618,1435.938,2751250.03
26.05.2020 18:00:00.000,1436.007,1437.218,1428.217,1430.337,4102000.24
26.05.2020 19:00:00.000,1430.328,1431.028,1419.178,1421.328,7942500.11
27.05.2020 13:00:00.000,1417.448,1420.558,1405.178,1406.788,4682499.89
27.05.2020 14:00:00.000,1406.708,1413.018,1393.478,1402.328,7114500.05
27.05.2020 15:00:00.000,1402.338,1408.498,1395.498,1407.268,5326000.21
27.05.2020 16:00:00.000,1407.468,1415.858,1405.477,1412.668,4389249.8
27.05.2020 17:00:00.000,1412.668,1414.048,1408.498,1410.218,4278749.94
27.05.2020 18:00:00.000,1410.217,1424.888,1410.217,1424.888,4523250.1
27.05.2020 19:00:00.000,1424.898,1425.048,1415.408,1420.248,5383999.82
28.05.2020 13:00:00.000,1400.128,1425.988,1399.007,1422.198,2959500.07
28.05.2020 14:00:00.000,1422.197,1427.418,1417.758,1425.027,4634250.16
28.05.2020 15:00:00.000,1425.028,1432.328,1421.997,1432.088,3836250.07
28.05.2020 16:00:00.000,1432.088,1439.957,1429.838,1439.618,3198750.02
28.05.2020 17:00:00.000,1439.668,1444.007,1437.078,1437.698,3824749.95
28.05.2020 18:00:00.000,1437.697,1439.948,1431.187,1434.327,4784500.12
28.05.2020 19:00:00.000,1434.328,1438.808,1413.418,1417.977,8302749.63
29.05.2020 13:00:00.000,1420.197,1433.918,1413.997,1429.027,3503999.95
29.05.2020 14:00:00.000,1429.048,1429.158,1417.077,1424.468,5366749.76
29.05.2020 15:00:00.000,1424.468,1428.908,1416.818,1425.507,4248000.14
29.05.2020 16:00:00.000,1425.508,1429.008,1417.118,1426.408,3875999.93
29.05.2020 17:00:00.000,1426.408,1428.198,1419.257,1421.278,3965250.02
29.05.2020 18:00:00.000,1421.467,1430.188,1415.518,1429.718,5762750.15
29.05.2020 19:00:00.000,1429.718,1436.198,1424.687,1432.548,9360250.47
01.06.2020 13:00:00.000,1423.007,1439.128,1421.227,1434.938,3260750.06
01.06.2020 14:00:00.000,1434.968,1440.388,1429.997,1433.978,3935499.91
01.06.2020 15:00:00.000,1433.938,1435.028,1428.577,1431.998,2440249.92
01.06.2020 16:00:00.000,1431.998,1435.287,1430.277,1431.498,2249500.04
01.06.2020 17:00:00.000,1431.327,1435.288,1431.327,1432.218,2324500.08
01.06.2020 18:00:00.000,1432.327,1433.287,1429.497,1431.908,2295249.94
01.06.2020 19:00:00.000,1431.908,1435.988,1430.758,1434.528,4135499.95
02.06.2020 13:00:00.000,1434.828,1435.717,1426.888,1430.448,3901499.99
02.06.2020 14:00:00.000,1430.558,1436.368,1427.927,1428.497,4542500.02
02.06.2020 15:00:00.000,1428.508,1429.138,1421.517,1425.207,3726500.03
02.06.2020 16:00:00.000,1425.208,1431.068,1424.897,1430.288,3342999.94
02.06.2020 17:00:00.000,1430.337,1435.157,1430.098,1433.778,2512249.95
02.06.2020 18:00:00.000,1434.187,1436.427,1430.247,1432.578,3561249.97
02.06.2020 19:00:00.000,1432.578,1442.857,1429.017,1442.488,5097000.12
03.06.2020 13:00:00.000,1440.088,1447.728,1435.498,1447.607,2525249.96
03.06.2020 14:00:00.000,1448.168,1448.878,1437.998,1437.998,3798500.06
03.06.2020 15:00:00.000,1437.998,1440.487,1433.427,1435.188,3996500.02
03.06.2020 16:00:00.000,1435.187,1437.028,1431.468,1434.587,2367000.1
03.06.2020 17:00:00.000,1434.588,1437.088,1431.997,1433.768,2427999.97
03.06.2020 18:00:00.000,1433.857,1440.738,1433.767,1438.988,3338000.06
03.06.2020 19:00:00.000,1438.988,1441.867,1433.617,1438.108,5671249.87
04.06.2020 13:00:00.000,1432.947,1441.377,1428.197,1436.408,4613249.78
04.06.2020 14:00:00.000,1436.298,1438.668,1429.707,1430.608,4985250
04.06.2020 15:00:00.000,1430.607,1430.998,1418.037,1419.087,6186749.94
04.06.2020 16:00:00.000,1419.207,1422.988,1415.557,1416.498,5642000.2
04.06.2020 17:00:00.000,1416.737,1422.897,1416.297,1421.588,3865499.97
04.06.2020 18:00:00.000,1421.587,1423.077,1411.697,1411.878,4395999.91
04.06.2020 19:00:00.000,1411.878,1415.018,1405.598,1414.098,7103750.23
05.06.2020 13:00:00.000,1414.347,1429.288,1407.117,1427.777,3907999.99
05.06.2020 14:00:00.000,1427.778,1434.888,1423.998,1431.788,6232250.21
05.06.2020 15:00:00.000,1432.228,1441.198,1427.568,1438.398,5922750
05.06.2020 16:00:00.000,1438.498,1444.128,1438.287,1441.868,4613500.12
05.06.2020 17:00:00.000,1441.868,1446.258,1434.357,1434.357,4832250.12
05.06.2020 18:00:00.000,1434.358,1443.728,1433.507,1440.667,4436250.21
05.06.2020 19:00:00.000,1440.667,1443.478,1433.228,1438.617,7744249.82
08.06.2020 13:00:00.000,1429.528,1436.808,1425.668,1430.247,4890500.07
08.06.2020 14:00:00.000,1430.457,1440.098,1424.278,1436.608,4912000.18
08.06.2020 15:00:00.000,1436.608,1442.078,1436.077,1438.258,4042500.02
08.06.2020 16:00:00.000,1438.257,1439.808,1434.677,1436.507,3136250.02
08.06.2020 17:00:00.000,1436.968,1439.218,1434.748,1438.758,3286499.98
08.06.2020 18:00:00.000,1438.758,1442.568,1438.347,1440.508,3878499.98
08.06.2020 19:00:00.000,1440.507,1448.777,1438.057,1447.768,5282249.93
09.06.2020 13:00:00.000,1443.018,1458.398,1442.157,1455.468,2972500.09
09.06.2020 14:00:00.000,1455.758,1467.588,1453.498,1464.388,4750500.2
09.06.2020 15:00:00.000,1464.448,1466.397,1459.887,1460.078,4372250.08
09.06.2020 16:00:00.000,1460.078,1461.388,1457.357,1459.007,3566999.91
09.06.2020 17:00:00.000,1458.528,1460.567,1455.277,1458.638,3836499.93
09.06.2020 18:00:00.000,1458.638,1460.258,1455.037,1457.728,3530750.04
09.06.2020 19:00:00.000,1457.727,1461.317,1452.088,1452.088,8252750.4
10.06.2020 13:00:00.000,1459.998,1469.318,1455.528,1465.388,4677999.97
10.06.2020 14:00:00.000,1465.588,1471.738,1454.298,1456.728,5954249.86
10.06.2020 15:00:00.000,1457.118,1462.327,1454.687,1456.898,5120500.09
10.06.2020 16:00:00.000,1457.357,1460.288,1454.997,1458.568,6008749.96
10.06.2020 17:00:00.000,1458.318,1460.698,1455.628,1456.608,4178999.9
10.06.2020 18:00:00.000,1456.607,1469.517,1454.497,1465.868,6501749.99
10.06.2020 19:00:00.000,1465.678,1472.475,1461.827,1462.998,8585499.76
11.06.2020 13:00:00.000,1440.008,1442.575,1428.568,1437.287,5107749.94
11.06.2020 14:00:00.000,1437.358,1451.138,1434.997,1442.388,5794250.01
11.06.2020 15:00:00.000,1442.388,1444.778,1434.957,1439.038,5258749.96
11.06.2020 16:00:00.000,1439.767,1439.918,1413.998,1414.398,5664249.9
11.06.2020 17:00:00.000,1414.397,1427.837,1413.397,1423.257,6251500.13
11.06.2020 18:00:00.000,1423.257,1423.257,1403.128,1407.237,7482749.94
11.06.2020 19:00:00.000,1407.237,1417.628,1398.197,1400.348,9745499.61
12.06.2020 13:00:00.000,1423.998,1433.948,1418.007,1430.848,3383250
12.06.2020 14:00:00.000,1430.918,1430.918,1405.307,1405.307,6019249.92
12.06.2020 15:00:00.000,1405.378,1419.997,1401.017,1419.328,6464000.23
12.06.2020 16:00:00.000,1419.328,1424.395,1405.997,1409.528,5802000.05
12.06.2020 17:00:00.000,1409.528,1410.978,1388.258,1388.438,7318999.77
12.06.2020 18:00:00.000,1388.257,1398.068,1385.247,1394.998,6532750.13
12.06.2020 19:00:00.000,1394.998,1420.208,1391.347,1410.497,10067500.11
15.06.2020 13:00:00.000,1389.447,1398.258,1386.997,1396.038,8206749.92
15.06.2020 14:00:00.000,1396.027,1400.508,1390.497,1393.118,10937999.73
15.06.2020 15:00:00.000,1393.118,1405.828,1393.118,1405.278,7136499.88
15.06.2020 16:00:00.000,1405.278,1411.758,1404.077,1411.178,7776999.95
15.06.2020 17:00:00.000,1411.238,1413.848,1407.207,1409.437,8350999.83
15.06.2020 18:00:00.000,1409.438,1425.237,1409.337,1420.288,11191499.71
15.06.2020 19:00:00.000,1420.288,1423.998,1411.907,1420.648,12686499.6
16.06.2020 13:00:00.000,1445.627,1453.108,1438.357,1448.798,5637499.81
16.06.2020 14:00:00.000,1448.798,1456.907,1430.998,1430.998,9518250.47
16.06.2020 15:00:00.000,1430.997,1446.568,1428.427,1444.038,7880249.98
16.06.2020 16:00:00.000,1444.198,1447.327,1438.027,1444.157,6708250.05
16.06.2020 17:00:00.000,1444.158,1449.138,1442.397,1444.348,5725249.77
16.06.2020 18:00:00.000,1444.217,1449.408,1440.447,1445.378,5783500.19
16.06.2020 19:00:00.000,1445.378,1447.808,1438.107,1446.508,10935250.28
17.06.2020 13:00:00.000,1451.527,1452.847,1442.408,1445.028,5156499.86
17.06.2020 14:00:00.000,1445.028,1448.777,1435.297,1446.928,8728750.23
17.06.2020 15:00:00.000,1446.927,1451.787,1445.968,1451.608,7953000.07
17.06.2020 16:00:00.000,1451.608,1460.098,1450.117,1459.298,4504499.91
17.06.2020 17:00:00.000,1459.397,1462.087,1458.087,1458.778,3634749.89
17.06.2020 18:00:00.000,1458.778,1461.088,1457.228,1457.398,4507500.17
17.06.2020 19:00:00.000,1457.397,1457.398,1444.438,1451.358,8298000.34
18.06.2020 13:00:00.000,1445.158,1452.838,1440.808,1440.818,4651000.02
18.06.2020 14:00:00.000,1440.828,1446.428,1432.367,1440.078,9585749.63
18.06.2020 15:00:00.000,1440.087,1441.198,1433.017,1433.498,7072750.09
18.06.2020 16:00:00.000,1433.517,1437.168,1431.477,1434.668,6700500.01
18.06.2020 17:00:00.000,1434.668,1439.958,1433.887,1437.708,6467999.94
18.06.2020 18:00:00.000,1437.748,1438.308,1427.577,1427.577,8155500.41
18.06.2020 19:00:00.000,1427.578,1434.597,1426.127,1433.468,11416999.82
19.06.2020 13:00:00.000,1439.997,1443.527,1436.918,1440.407,5598499.77
19.06.2020 14:00:00.000,1440.408,1444.447,1434.417,1437.448,6136499.88
19.06.2020 15:00:00.000,1437.658,1438.808,1430.097,1430.528,6697750.09
19.06.2020 16:00:00.000,1430.578,1435.338,1420.418,1433.788,9241250.04
19.06.2020 17:00:00.000,1433.787,1436.878,1425.548,1425.797,7536749.84
19.06.2020 18:00:00.000,1425.938,1429.927,1420.307,1428.358,8319999.69
19.06.2020 19:00:00.000,1428.357,1430.098,1420.997,1425.107,10819000.24
22.06.2020 13:00:00.000,1422.867,1430.438,1418.997,1426.887,2458499.91
22.06.2020 14:00:00.000,1426.888,1437.008,1426.098,1433.308,8574999.81
22.06.2020 15:00:00.000,1433.278,1443.027,1431.827,1439.667,4632750.03
22.06.2020 16:00:00.000,1439.668,1448.027,1439.508,1446.148,6797249.79
22.06.2020 17:00:00.000,1446.178,1448.558,1444.737,1445.388,4785250.19
22.06.2020 18:00:00.000,1445.618,1447.788,1441.658,1447.418,5272250.18
22.06.2020 19:00:00.000,1447.868,1450.878,1443.477,1449.028,7576250.08
23.06.2020 13:00:00.000,1454.468,1455.448,1444.647,1449.678,2709500.07
23.06.2020 14:00:00.000,1449.678,1460.667,1447.997,1459.508,5781250
23.06.2020 15:00:00.000,1459.507,1464.028,1457.867,1463.857,4043499.95
23.06.2020 16:00:00.000,1464.068,1468.958,1462.027,1467.208,4703750.13
23.06.2020 17:00:00.000,1467.388,1474.787,1467.257,1472.788,3992749.93
23.06.2020 18:00:00.000,1472.538,1474.007,1467.067,1469.988,4550499.92
23.06.2020 19:00:00.000,1469.988,1471.357,1458.077,1463.278,8005249.98
24.06.2020 13:00:00.000,1461.008,1475.687,1455.007,1455.198,4456500.05
24.06.2020 14:00:00.000,1455.198,1459.797,1446.507,1450.258,9806500.43
24.06.2020 15:00:00.000,1450.258,1452.147,1432.598,1437.568,7649750.23
24.06.2020 16:00:00.000,1437.568,1442.808,1433.497,1442.668,8923250.2
24.06.2020 17:00:00.000,1442.708,1445.878,1433.998,1437.568,9168499.95
24.06.2020 18:00:00.000,1437.567,1438.718,1429.717,1433.088,7823999.88
24.06.2020 19:00:00.000,1433.087,1442.168,1429.668,1430.828,11376999.86
25.06.2020 13:00:00.000,1429.998,1434.717,1419.348,1427.108,4812250.14
25.06.2020 14:00:00.000,1427.128,1435.838,1424.997,1434.418,6278250.22
25.06.2020 15:00:00.000,1434.417,1434.418,1424.737,1430.378,6992499.83
25.06.2020 16:00:00.000,1430.378,1437.968,1429.748,1432.118,6660749.91
25.06.2020 17:00:00.000,1432.118,1437.988,1427.767,1434.628,5306749.82
25.06.2020 18:00:00.000,1434.888,1435.198,1427.438,1429.778,5220499.99
25.06.2020 19:00:00.000,1429.548,1441.868,1427.917,1441.047,8283249.86
26.06.2020 13:00:00.000,1432.627,1433.128,1411.997,1415.628,4326000.21
26.06.2020 14:00:00.000,1415.628,1415.628,1386.427,1389.688,9316249.85
26.06.2020 15:00:00.000,1389.688,1400.818,1389.688,1398.578,7257249.83
26.06.2020 16:00:00.000,1398.808,1398.968,1382.998,1391.888,10088999.75
26.06.2020 17:00:00.000,1391.587,1397.158,1387.187,1390.028,9583499.91
26.06.2020 18:00:00.000,1390.347,1394.657,1375.107,1378.198,8929499.63
26.06.2020 19:00:00.000,1378.198,1385.548,1353.997,1360.768,11517499.92
29.06.2020 13:00:00.000,1360.848,1373.658,1351.387,1373.497,5258500.1
29.06.2020 14:00:00.000,1372.998,1384.908,1367.058,1382.388,6960499.76
29.06.2020 15:00:00.000,1382.808,1389.838,1374.997,1388.358,5671999.93
29.06.2020 16:00:00.000,1388.678,1392.368,1384.607,1387.727,5625999.93
29.06.2020 17:00:00.000,1387.738,1390.538,1382.908,1388.228,4856500.15
29.06.2020 18:00:00.000,1388.227,1391.308,1383.997,1385.438,3954999.92
29.06.2020 19:00:00.000,1385.497,1397.258,1383.077,1396.777,6933750.15
30.06.2020 13:00:00.000,1394.998,1399.107,1390.247,1390.268,5046500.21
30.06.2020 14:00:00.000,1390.267,1395.708,1386.538,1394.428,8055000.31
30.06.2020 15:00:00.000,1394.428,1405.097,1394.237,1402.177,5676000.12
30.06.2020 16:00:00.000,1402.008,1406.048,1396.197,1398.328,4746749.88
30.06.2020 17:00:00.000,1398.328,1402.148,1395.297,1401.288,6346250.06
30.06.2020 18:00:00.000,1401.288,1409.128,1399.098,1408.628,5840250.02
30.06.2020 19:00:00.000,1408.627,1420.947,1405.137,1418.017,8046999.93
01.07.2020 13:00:00.000,1416.097,1427.477,1413.687,1422.478,5730000.02
01.07.2020 14:00:00.000,1422.617,1436.467,1420.697,1436.108,8890999.79
01.07.2020 15:00:00.000,1436.038,1440.115,1431.807,1438.458,6207749.84
01.07.2020 16:00:00.000,1438.458,1445.318,1433.967,1437.678,5155749.8
01.07.2020 17:00:00.000,1438.057,1439.418,1433.407,1437.867,5599750.04
01.07.2020 18:00:00.000,1437.867,1444.185,1436.697,1440.918,5731500.15
01.07.2020 19:00:00.000,1440.917,1448.128,1439.568,1441.998,9035750.39
02.07.2020 13:00:00.000,1451.007,1461.958,1450.318,1460.407,3632999.9
02.07.2020 14:00:00.000,1460.907,1462.958,1452.997,1454.527,6969500.06
02.07.2020 15:00:00.000,1454.678,1466.118,1451.997,1465.797,5390749.93
02.07.2020 16:00:00.000,1465.838,1477.798,1463.367,1477.228,6216000.08
02.07.2020 17:00:00.000,1477.228,1488.338,1476.117,1482.847,7279500.01
02.07.2020 18:00:00.000,1482.848,1485.728,1478.537,1482.848,4308000.09
02.07.2020 19:00:00.000,1482.848,1484.028,1468.427,1470.037,8085249.9
06.07.2020 13:00:00.000,1487.107,1489.788,1476.567,1484.848,3570499.9
06.07.2020 14:00:00.000,1484.848,1496.458,1482.008,1496.458,5947249.89
06.07.2020 15:00:00.000,1496.507,1509.757,1495.217,1502.767,5214000.23
06.07.2020 16:00:00.000,1502.768,1507.148,1494.997,1506.008,4394999.98
06.07.2020 17:00:00.000,1506.008,1506.358,1496.767,1497.837,3287250.04
06.07.2020 18:00:00.000,1497.837,1498.788,1492.697,1494.808,4857749.94
06.07.2020 19:00:00.000,1494.718,1503.337,1488.507,1499.048,7980750.08
07.07.2020 13:00:00.000,1492.848,1515.218,1491.188,1511.428,4590000.15
07.07.2020 14:00:00.000,1511.908,1519.757,1509.937,1517.698,7417250.16
07.07.2020 15:00:00.000,1517.698,1520.968,1514.837,1519.257,5947999.95
07.07.2020 16:00:00.000,1519.258,1521.198,1506.997,1510.798,4274750.23
07.07.2020 17:00:00.000,1510.798,1510.798,1501.137,1502.058,4985499.86
07.07.2020 18:00:00.000,1502.057,1503.517,1494.997,1498.187,5652750.02
07.07.2020 19:00:00.000,1498.187,1498.548,1489.597,1490.238,7669250.01
08.07.2020 13:00:00.000,1495.547,1510.278,1495.017,1507.678,3571000.1
08.07.2020 14:00:00.000,1507.828,1509.728,1500.997,1509.268,5021249.77
08.07.2020 15:00:00.000,1509.268,1509.268,1491.997,1500.938,5174499.99
08.07.2020 16:00:00.000,1500.938,1508.768,1498.497,1508.768,3611999.99
08.07.2020 17:00:00.000,1508.878,1508.888,1498.127,1498.127,3454000
08.07.2020 18:00:00.000,1498.128,1501.098,1494.627,1500.487,4533750.06
08.07.2020 19:00:00.000,1500.548,1505.918,1497.417,1502.698,7711750.03
09.07.2020 13:00:00.000,1510.487,1525.647,1509.007,1523.007,5665999.89
09.07.2020 14:00:00.000,1523.008,1528.770,1501.437,1501.647,7693500.04
09.07.2020 15:00:00.000,1501.648,1506.378,1495.257,1503.458,6030250.07
09.07.2020 16:00:00.000,1503.428,1512.938,1502.027,1511.467,4941500.19
09.07.2020 17:00:00.000,1511.467,1519.027,1510.708,1512.018,4292500.02
09.07.2020 18:00:00.000,1512.018,1519.817,1511.057,1518.488,5946249.96
09.07.2020 19:00:00.000,1518.488,1524.038,1512.577,1517.078,8312999.73
10.07.2020 13:00:00.000,1513.117,1513.117,1501.108,1506.357,5151500.23
10.07.2020 14:00:00.000,1506.348,1518.207,1500.358,1515.537,8534000.4
10.07.2020 15:00:00.000,1515.578,1519.918,1513.997,1518.778,5628749.85
10.07.2020 16:00:00.000,1518.998,1519.518,1512.518,1519.177,7070250.03
10.07.2020 17:00:00.000,1519.327,1524.248,1517.287,1523.978,5007999.9
10.07.2020 18:00:00.000,1523.967,1533.777,1521.767,1531.988,6555749.89
10.07.2020 19:00:00.000,1531.987,1541.208,1529.998,1538.937,12362999.92
13.07.2020 13:00:00.000,1550.008,1564.248,1547.647,1548.048,3614249.94
13.07.2020 14:00:00.000,1548.048,1571.897,1546.468,1570.798,5130249.98
13.07.2020 15:00:00.000,1570.798,1575.968,1565.418,1572.997,4925250.05
13.07.2020 16:00:00.000,1573.347,1573.888,1558.597,1558.668,3967999.94
13.07.2020 17:00:00.000,1558.667,1567.067,1557.707,1558.878,3782999.99
13.07.2020 18:00:00.000,1558.878,1560.862,1540.307,1544.797,6618000.03
13.07.2020 19:00:00.000,1544.797,1545.148,1505.207,1512.367,8458000.18
14.07.2020 13:00:00.000,1490.007,1516.118,1486.047,1501.748,5418499.95
14.07.2020 14:00:00.000,1501.748,1505.637,1485.587,1497.478,9915249.82
14.07.2020 15:00:00.000,1497.478,1506.978,1492.457,1503.458,5537000.18
14.07.2020 16:00:00.000,1503.458,1508.627,1494.997,1497.028,4908249.86
14.07.2020 17:00:00.000,1497.027,1508.188,1488.788,1503.907,5034749.98
14.07.2020 18:00:00.000,1503.907,1509.238,1500.367,1507.058,5094749.93
14.07.2020 19:00:00.000,1507.097,1522.928,1498.028,1520.347,8302000.05
15.07.2020 13:00:00.000,1523.007,1535.038,1515.297,1528.608,4085000.04
15.07.2020 14:00:00.000,1529.825,1531.618,1521.647,1522.978,7053500.18
15.07.2020 15:00:00.000,1522.978,1523.738,1499.998,1500.288,6611499.79
15.07.2020 16:00:00.000,1500.238,1508.658,1497.207,1508.047,4191249.85
15.07.2020 17:00:00.000,1508.048,1512.585,1505.568,1507.988,3963999.99
15.07.2020 18:00:00.000,1507.987,1517.868,1505.997,1511.347,5648250.1
15.07.2020 19:00:00.000,1511.348,1517.158,1506.387,1515.758,9049500.47
16.07.2020 13:00:00.000,1501.278,1508.538,1495.997,1501.987,3602250.1
16.07.2020 14:00:00.000,1502.087,1503.118,1489.997,1491.248,5222750.19
16.07.2020 15:00:00.000,1491.638,1500.408,1487.997,1500.328,9321000.1
16.07.2020 16:00:00.000,1500.268,1504.638,1496.887,1501.598,4816500.19
16.07.2020 17:00:00.000,1501.598,1508.898,1499.998,1506.368,3840500.12
16.07.2020 18:00:00.000,1506.368,1511.848,1502.747,1504.117,4460499.76
16.07.2020 19:00:00.000,1504.167,1515.397,1502.997,1514.608,10866749.76
17.07.2020 13:00:00.000,1515.038,1518.828,1502.887,1508.527,4040249.82
17.07.2020 14:00:00.000,1508.527,1513.427,1497.687,1500.088,5938250.06
17.07.2020 15:00:00.000,1500.127,1504.647,1498.037,1501.857,4495749.95
17.07.2020 16:00:00.000,1501.858,1507.118,1500.167,1505.458,4335499.76
17.07.2020 17:00:00.000,1505.458,1511.078,1505.258,1507.538,4206250.19
17.07.2020 18:00:00.000,1507.537,1520.267,1507.537,1518.508,3772500.04
17.07.2020 19:00:00.000,1518.508,1523.097,1512.138,1515.108,8650250.43
20.07.2020 13:00:00.000,1513.998,1521.107,1502.487,1520.458,5659999.85
20.07.2020 14:00:00.000,1520.727,1550.038,1520.007,1547.717,12851499.56
20.07.2020 15:00:00.000,1548.277,1559.088,1543.168,1552.658,5277750.02
20.07.2020 16:00:00.000,1552.677,1556.428,1546.167,1549.088,3401750.09
20.07.2020 17:00:00.000,1549.278,1555.788,1549.138,1553.228,2932749.99
20.07.2020 18:00:00.000,1553.597,1557.567,1552.257,1556.057,3700750.11
20.07.2020 19:00:00.000,1556.058,1568.767,1553.678,1562.768,6195250.03
21.07.2020 13:00:00.000,1582.527,1584.538,1563.157,1574.498,4127999.78
21.07.2020 14:00:00.000,1574.168,1576.878,1558.338,1567.038,5454999.92
21.07.2020 15:00:00.000,1567.138,1569.938,1560.027,1563.188,3990750.07
21.07.2020 16:00:00.000,1563.248,1565.368,1559.378,1565.028,2955749.99
21.07.2020 17:00:00.000,1565.028,1573.788,1563.538,1572.858,2632999.9
21.07.2020 18:00:00.000,1572.857,1578.767,1569.608,1571.828,3371000.05
21.07.2020 19:00:00.000,1571.828,1574.267,1552.037,1555.998,6219999.79
22.07.2020 13:00:00.000,1556.378,1561.298,1549.997,1558.458,2593750
22.07.2020 14:00:00.000,1559.468,1562.348,1547.158,1549.468,2684250.12
22.07.2020 15:00:00.000,1549.467,1558.858,1542.997,1558.388,2650749.92
22.07.2020 16:00:00.000,1558.128,1561.768,1554.027,1557.418,1962499.98
22.07.2020 17:00:00.000,1557.418,1560.908,1547.807,1548.318,1786999.94
22.07.2020 18:00:00.000,1548.318,1556.108,1547.997,1553.088,2236749.89
22.07.2020 19:00:00.000,1553.087,1566.288,1553.087,1564.958,4311250.21
23.07.2020 13:00:00.000,1567.338,1569.772,1556.587,1564.757,2708499.91
23.07.2020 14:00:00.000,1565.248,1565.488,1550.817,1555.508,3171000
23.07.2020 15:00:00.000,1555.857,1557.707,1546.668,1547.348,3983750.1
23.07.2020 16:00:00.000,1547.098,1547.098,1522.568,1527.628,5163249.97
23.07.2020 17:00:00.000,1527.628,1533.488,1510.987,1516.748,5419499.87
23.07.2020 18:00:00.000,1516.747,1519.438,1508.148,1516.298,6730999.95
23.07.2020 19:00:00.000,1516.298,1520.047,1510.457,1516.338,7277999.88
24.07.2020 13:00:00.000,1495.208,1502.208,1487.227,1496.348,5485499.86
24.07.2020 14:00:00.000,1496.348,1508.448,1487.787,1508.447,7231750.01
24.07.2020 15:00:00.000,1508.958,1514.948,1502.237,1510.038,4976250.17
24.07.2020 16:00:00.000,1510.038,1510.038,1496.997,1498.058,3568000.08
24.07.2020 17:00:00.000,1497.788,1506.358,1491.368,1504.068,3291249.99
24.07.2020 18:00:00.000,1504.408,1510.628,1503.697,1507.487,3706000.09
24.07.2020 19:00:00.000,1507.658,1510.228,1499.567,1508.538,7184750.08
27.07.2020 13:00:00.000,1510.938,1537.137,1510.937,1534.397,5714250.09
27.07.2020 14:00:00.000,1534.768,1537.198,1524.997,1527.118,6104249.95
27.07.2020 15:00:00.000,1527.238,1528.647,1516.567,1521.547,3812999.96
27.07.2020 16:00:00.000,1521.557,1526.637,1517.827,1525.058,4524250.03
27.07.2020 17:00:00.000,1525.058,1527.247,1521.968,1522.888,2302750.11
27.07.2020 18:00:00.000,1522.898,1532.008,1522.898,1526.068,4086249.83
27.07.2020 19:00:00.000,1526.067,1533.928,1525.318,1529.218,6290500.16
28.07.2020 13:00:00.000,1524.068,1525.788,1508.207,1517.497,3871750.12
28.07.2020 14:00:00.000,1517.497,1525.247,1513.347,1521.767,5797999.86
28.07.2020 15:00:00.000,1521.768,1525.017,1514.238,1514.628,5836500.17
28.07.2020 16:00:00.000,1514.628,1519.027,1510.407,1516.208,5075250.15
28.07.2020 17:00:00.000,1516.208,1522.338,1513.437,1517.048,3554500.1
28.07.2020 18:00:00.000,1517.328,1521.098,1513.607,1514.568,4049250.13
28.07.2020 19:00:00.000,1514.568,1515.098,1499.997,1503.317,8397999.76
29.07.2020 13:00:00.000,1506.158,1512.108,1502.697,1509.357,4422249.79
29.07.2020 14:00:00.000,1508.997,1524.937,1508.467,1524.398,6400750.16
29.07.2020 15:00:00.000,1524.137,1524.448,1516.187,1516.187,3839499.95
29.07.2020 16:00:00.000,1516.188,1518.558,1510.057,1518.448,3138999.94
29.07.2020 17:00:00.000,1518.448,1526.778,1517.267,1525.508,4871749.88
29.07.2020 18:00:00.000,1525.507,1533.028,1521.047,1523.338,5329000
29.07.2020 19:00:00.000,1523.338,1530.247,1520.897,1523.328,7678750.04
30.07.2020 13:00:00.000,1496.967,1511.758,1493.997,1499.858,6984749.79
30.07.2020 14:00:00.000,1499.868,1512.798,1495.267,1511.977,7092249.87
30.07.2020 15:00:00.000,1512.517,1524.418,1509.907,1522.018,5451343.06
30.07.2020 16:00:00.000,1522.017,1531.297,1519.277,1527.277,8274749.76
30.07.2020 17:00:00.000,1527.277,1535.078,1526.087,1534.257,5665249.82
30.07.2020 18:00:00.000,1534.258,1538.218,1530.887,1533.727,6092500.21
30.07.2020 19:00:00.000,1533.728,1540.698,1530.997,1536.007,9265250.21
31.07.2020 13:00:00.000,1497.308,1499.998,1453.037,1479.548,11960000.04
31.07.2020 14:00:00.000,1479.838,1479.838,1465.737,1472.648,13363249.78
31.07.2020 15:00:00.000,1471.908,1474.117,1467.227,1468.988,8782750.13
31.07.2020 16:00:00.000,1468.988,1471.428,1455.597,1455.667,9358499.53
31.07.2020 17:00:00.000,1455.667,1467.387,1454.997,1464.748,8421500.21
31.07.2020 18:00:00.000,1464.748,1471.837,1458.757,1470.207,8701000.21
31.07.2020 19:00:00.000,1470.208,1488.377,1465.997,1487.728,12315250.4
03.08.2020 13:00:00.000,1491.958,1496.698,1472.907,1488.997,6759749.89
03.08.2020 14:00:00.000,1489.028,1491.728,1471.997,1472.047,9396249.77
03.08.2020 15:00:00.000,1472.048,1482.147,1471.877,1477.317,7215250.02
03.08.2020 16:00:00.000,1477.337,1477.898,1471.717,1477.358,6909999.85
03.08.2020 17:00:00.000,1477.797,1478.828,1475.017,1477.448,5238749.98
03.08.2020 18:00:00.000,1477.448,1482.058,1472.997,1480.068,6846250.06
03.08.2020 19:00:00.000,1480.068,1487.187,1476.637,1481.768,11810999.87
04.08.2020 13:00:00.000,1480.367,1491.908,1480.367,1483.997,7685249.81
04.08.2020 14:00:00.000,1484.058,1486.138,1476.457,1476.567,10751749.99
04.08.2020 15:00:00.000,1476.567,1478.497,1470.997,1473.038,6681499.96
04.08.2020 16:00:00.000,1473.037,1473.457,1463.997,1464.948,7086750.03
04.08.2020 17:00:00.000,1464.948,1472.108,1463.497,1470.297,5720250.13
04.08.2020 18:00:00.000,1470.297,1472.568,1464.877,1469.557,5554249.76
04.08.2020 19:00:00.000,1469.557,1472.667,1468.777,1472.347,8181249.62
05.08.2020 13:00:00.000,1473.298,1479.888,1470.107,1477.527,5409999.85
05.08.2020 14:00:00.000,1477.527,1485.547,1475.997,1483.978,6940999.98
05.08.2020 15:00:00.000,1483.978,1489.527,1479.247,1481.817,8173999.79
05.08.2020 16:00:00.000,1481.817,1486.108,1479.187,1483.047,6835999.97
05.08.2020 17:00:00.000,1483.227,1483.567,1478.997,1482.817,7641250.13
05.08.2020 18:00:00.000,1482.877,1483.637,1476.397,1478.977,6630499.84
05.08.2020 19:00:00.000,1478.977,1480.128,1472.187,1479.178,7811999.8
06.08.2020 13:00:00.000,1481.247,1481.247,1471.317,1479.558,6002500.06
06.08.2020 14:00:00.000,1479.777,1489.467,1478.227,1487.337,9325499.53
06.08.2020 15:00:00.000,1487.367,1494.617,1486.327,1486.488,7582250.12
06.08.2020 16:00:00.000,1486.488,1495.838,1486.487,1495.058,5645750.05
06.08.2020 17:00:00.000,1495.058,1502.868,1494.298,1502.527,6631000.04
06.08.2020 18:00:00.000,1502.767,1505.928,1500.237,1503.158,6886250.02
06.08.2020 19:00:00.000,1503.157,1505.647,1500.147,1503.627,9120750.43
07.08.2020 13:00:00.000,1505.747,1505.747,1493.827,1501.137,4144000.05
07.08.2020 14:00:00.000,1500.428,1519.708,1497.717,1512.367,7469250.2
07.08.2020 15:00:00.000,1512.367,1513.408,1503.297,1503.298,8056500.43
07.08.2020 16:00:00.000,1503.298,1507.707,1499.338,1501.418,5803999.9
07.08.2020 17:00:00.000,1501.418,1501.418,1491.387,1491.998,7254499.91
07.08.2020 18:00:00.000,1491.997,1496.427,1485.997,1492.148,7076000.21
07.08.2020 19:00:00.000,1492.208,1499.947,1490.477,1497.797,7816750.05
10.08.2020 13:00:00.000,1489.997,1506.517,1489.997,1491.438,5535250.19
10.08.2020 14:00:00.000,1491.438,1493.048,1478.487,1478.488,8238499.64
10.08.2020 15:00:00.000,1478.488,1491.648,1476.297,1490.278,7382999.9
10.08.2020 16:00:00.000,1490.278,1498.358,1487.247,1496.967,6237999.92
10.08.2020 17:00:00.000,1496.967,1499.577,1490.927,1492.137,4888500.21
10.08.2020 18:00:00.000,1492.147,1495.448,1489.177,1495.058,5988749.98
10.08.2020 19:00:00.000,1495.048,1497.848,1490.057,1496.808,7514750
11.08.2020 13:00:00.000,1491.917,1499.548,1485.777,1492.667,4487999.92
11.08.2020 14:00:00.000,1492.667,1493.728,1480.997,1489.298,7435500.15
11.08.2020 15:00:00.000,1489.298,1499.228,1489.297,1497.917,5519000.05
11.08.2020 16:00:00.000,1497.917,1510.118,1496.367,1506.368,5546249.87
11.08.2020 17:00:00.000,1506.468,1507.837,1497.997,1503.888,4333000.18
11.08.2020 18:00:00.000,1503.887,1504.482,1492.617,1496.288,5331500.05
11.08.2020 19:00:00.000,1496.288,1497.747,1478.077,1479.817,11244500.16
12.08.2020 13:00:00.000,1483.018,1503.798,1483.018,1499.037,6735499.86
12.08.2020 14:00:00.000,1499.407,1511.058,1499.027,1505.517,12306249.62
12.08.2020 15:00:00.000,1505.517,1508.717,1499.227,1507.828,8207750.32
12.08.2020 16:00:00.000,1507.837,1509.577,1502.107,1502.637,5908500.19
12.08.2020 17:00:00.000,1502.637,1510.237,1502.347,1509.567,5220499.99
12.08.2020 18:00:00.000,1509.567,1510.827,1506.638,1507.438,5924499.99
12.08.2020 19:00:00.000,1507.438,1510.728,1503.127,1505.907,8179750.44
13.08.2020 13:00:00.000,1507.737,1526.917,1507.237,1525.358,6211999.89
13.08.2020 14:00:00.000,1525.397,1535.067,1521.117,1531.007,8255499.84
13.08.2020 15:00:00.000,1531.007,1536.808,1526.397,1527.097,7009749.89
13.08.2020 16:00:00.000,1527.098,1529.888,1523.997,1528.448,4800250.05
13.08.2020 17:00:00.000,1528.437,1528.687,1516.257,1520.317,5461249.83
13.08.2020 18:00:00.000,1520.317,1521.418,1509.997,1513.348,6721250.06
13.08.2020 19:00:00.000,1513.348,1522.007,1511.467,1516.267,8595749.86
14.08.2020 13:00:00.000,1514.237,1519.515,1507.398,1515.237,4613500.12
14.08.2020 14:00:00.000,1515.237,1516.927,1500.998,1505.447,6968750
14.08.2020 15:00:00.000,1505.447,1512.937,1505.297,1507.367,5077250
14.08.2020 16:00:00.000,1507.367,1515.837,1507.367,1512.508,3675250.05
14.08.2020 17:00:00.000,1512.687,1513.097,1507.997,1510.328,3196249.96
14.08.2020 18:00:00.000,1510.678,1510.687,1505.787,1506.908,4293250.08
14.08.2020 19:00:00.000,1506.907,1507.838,1498.997,1503.908,7702499.87
17.08.2020 13:00:00.000,1511.317,1520.068,1505.318,1512.048,3852750.06
17.08.2020 14:00:00.000,1512.348,1519.958,1509.997,1518.997,6501500.13
17.08.2020 15:00:00.000,1518.997,1522.817,1515.637,1517.727,4078249.93
17.08.2020 16:00:00.000,1517.998,1520.748,1515.607,1519.518,3261749.98
17.08.2020 17:00:00.000,1519.518,1523.108,1519.447,1520.447,4477499.96
17.08.2020 18:00:00.000,1520.368,1521.058,1517.527,1519.477,4151249.89
17.08.2020 19:00:00.000,1519.478,1520.617,1513.938,1515.107,8433500.29
18.08.2020 13:00:00.000,1524.078,1534.828,1522.247,1530.997,4234499.93
18.08.2020 14:00:00.000,1531.748,1535.848,1521.497,1529.608,5865250.11
18.08.2020 15:00:00.000,1529.617,1533.407,1527.537,1531.227,3963000.06
18.08.2020 16:00:00.000,1531.228,1536.857,1531.227,1535.618,3874000.07
18.08.2020 17:00:00.000,1535.617,1538.107,1532.997,1534.387,3337749.96
18.08.2020 18:00:00.000,1534.388,1548.427,1532.997,1548.107,5806749.82
18.08.2020 19:00:00.000,1548.098,1556.958,1547.567,1554.657,11009499.55
19.08.2020 13:00:00.000,1548.997,1561.737,1542.997,1548.537,6882750.03
19.08.2020 14:00:00.000,1548.537,1563.097,1547.077,1561.808,7302000.05
19.08.2020 15:00:00.000,1562.288,1564.907,1555.667,1562.317,6334000.11
19.08.2020 16:00:00.000,1562.317,1565.368,1559.217,1563.967,4728750.23
19.08.2020 17:00:00.000,1563.967,1568.477,1562.237,1566.178,4024750.23
19.08.2020 18:00:00.000,1566.188,1568.647,1546.998,1554.017,6774000.17
19.08.2020 19:00:00.000,1554.017,1554.688,1538.997,1543.608,7523499.97
20.08.2020 13:00:00.000,1538.747,1555.758,1534.007,1553.257,5128250.12
20.08.2020 14:00:00.000,1553.257,1561.998,1550.377,1560.138,9156499.86
20.08.2020 15:00:00.000,1560.138,1561.008,1554.627,1559.128,7480750.08
20.08.2020 16:00:00.000,1559.127,1560.797,1555.277,1556.867,5172500.13
20.08.2020 17:00:00.000,1556.868,1563.715,1554.237,1563.017,5343999.86
20.08.2020 18:00:00.000,1563.018,1574.278,1560.997,1574.097,9343250.27
20.08.2020 19:00:00.000,1574.288,1579.867,1569.297,1575.577,8302499.77
21.08.2020 13:00:00.000,1570.518,1576.628,1561.677,1574.998,5632750.03
21.08.2020 14:00:00.000,1574.998,1591.128,1572.237,1585.097,20958724609.38
21.08.2020 15:00:00.000,1585.097,1586.778,1575.087,1575.868,32112500000
21.08.2020 16:00:00.000,1576.307,1583.587,1575.217,1578.268,27142500000
21.08.2020 17:00:00.000,1578.268,1580.778,1574.047,1576.317,22947500000
21.08.2020 18:00:00.000,1576.318,1581.798,1576.318,1578.658,23230000000
21.08.2020 19:00:00.000,1578.658,1580.638,1572.507,1575.158,45865000000
24.08.2020 13:00:00.000,1591.008,1608.608,1588.797,1589.018,39212500000
24.08.2020 14:00:00.000,1589.018,1591.625,1574.998,1577.268,40165000000
24.08.2020 15:00:00.000,1576.717,1584.418,1575.457,1581.007,18577500000
24.08.2020 16:00:00.000,1580.857,1585.997,1577.737,1581.198,23422500000
24.08.2020 17:00:00.000,1581.418,1585.178,1579.367,1581.447,20762500000
24.08.2020 18:00:00.000,1581.448,1584.757,1576.518,1578.677,27315000000
24.08.2020 19:00:00.000,1578.678,1584.977,1577.307,1584.397,39105000000
25.08.2020 13:00:00.000,1578.048,1594.198,1577.807,1593.187,28665000000
25.08.2020 14:00:00.000,1593.188,1600.617,1586.857,1600.617,38207500000
25.08.2020 15:00:00.000,1600.617,1608.447,1597.997,1604.138,26757500000
25.08.2020 16:00:00.000,1604.178,1605.318,1596.377,1597.767,28090000000
25.08.2020 17:00:00.000,1597.768,1600.847,1596.468,1600.627,24380000000
25.08.2020 18:00:00.000,1600.447,1607.888,1599.987,1606.738,18792500000
25.08.2020 19:00:00.000,1606.768,1607.108,1603.497,1604.567,26832500000
26.08.2020 13:00:00.000,1602.998,1613.578,1600.807,1604.587,23432500000
26.08.2020 14:00:00.000,1604.587,1613.247,1603.557,1612.437,30730000000
26.08.2020 15:00:00.000,1612.438,1626.338,1612.438,1625.038,27007500000
26.08.2020 16:00:00.000,1625.287,1640.987,1622.217,1629.837,35377500000
26.08.2020 17:00:00.000,1630.597,1641.135,1630.137,1640.447,29745000000
26.08.2020 18:00:00.000,1640.887,1651.848,1627.997,1631.878,46760000000
26.08.2020 19:00:00.000,1631.888,1648.888,1630.788,1644.038,50900000000
27.08.2020 13:00:00.000,1645.658,1646.618,1624.997,1629.208,35715000000
27.08.2020 14:00:00.000,1629.627,1639.287,1618.467,1634.777,40585000000
27.08.2020 15:00:00.000,1634.778,1647.328,1634.557,1641.428,42290000000
27.08.2020 16:00:00.000,1641.427,1643.548,1620.527,1621.557,41815000000
27.08.2020 17:00:00.000,1621.388,1628.767,1620.127,1628.037,45482500000
27.08.2020 18:00:00.000,1628.038,1636.312,1627.247,1632.198,29097500000
27.08.2020 19:00:00.000,1632.797,1637.597,1627.037,1628.298,46110000000
28.08.2020 13:00:00.000,1628.997,1632.388,1624.897,1632.298,25500000000
28.08.2020 14:00:00.000,1632.297,1637.698,1628.997,1630.258,37592500000
28.08.2020 15:00:00.000,1630.257,1639.978,1629.717,1637.907,25912500000
28.08.2020 16:00:00.000,1637.907,1639.248,1634.317,1637.238,24815000000
28.08.2020 17:00:00.000,1637.238,1639.140,1631.557,1636.168,23407500000
28.08.2020 18:00:00.000,1636.167,1638.277,1633.977,1634.998,18820000000
28.08.2020 19:00:00.000,1635.338,1641.237,1634.997,1639.318,31407500000
31.08.2020 13:00:00.000,1639.138,1643.838,1633.757,1638.467,23917500000
31.08.2020 14:00:00.000,1638.467,1641.968,1637.957,1639.088,5505000000
31.08.2020 15:00:00.000,1636.898,1637.597,1626.417,1630.287,41085000000
31.08.2020 16:00:00.000,1631.038,1634.848,1629.277,1633.407,23517500000
31.08.2020 17:00:00.000,1633.938,1634.298,1628.017,1628.918,25425000000
31.08.2020 18:00:00.000,1628.917,1632.957,1628.017,1632.327,22802500000
31.08.2020 19:00:00.000,1632.067,1636.178,1625.307,1626.827,46650000000
01.09.2020 13:00:00.000,1629.528,1638.717,1627.997,1632.998,24972500000
01.09.2020 14:00:00.000,1632.997,1642.407,1632.997,1635.638,35017500000
01.09.2020 15:00:00.000,1635.638,1640.498,1634.167,1637.138,22085000000
01.09.2020 16:00:00.000,1637.137,1655.128,1637.137,1654.727,19725000000
01.09.2020 17:00:00.000,1654.277,1657.257,1648.938,1655.417,16535000000
01.09.2020 18:00:00.000,1655.407,1659.148,1654.697,1658.168,15090000000
01.09.2020 19:00:00.000,1657.678,1658.777,1647.257,1654.758,24265000000
02.09.2020 13:00:00.000,1665.368,1677.617,1662.987,1662.987,37397500000
02.09.2020 14:00:00.000,1662.987,1674.398,1661.997,1667.047,41970000000
02.09.2020 15:00:00.000,1667.047,1672.125,1659.997,1670.297,35517500000
02.09.2020 16:00:00.000,1670.298,1683.828,1669.107,1680.368,25962500000
02.09.2020 17:00:00.000,1680.367,1697.838,1679.817,1693.297,37622500000
02.09.2020 18:00:00.000,1693.298,1701.748,1689.108,1697.208,34480000000
02.09.2020 19:00:00.000,1697.208,1725.728,1696.977,1717.297,63077500000
03.09.2020 13:00:00.000,1696.268,1698.098,1679.077,1687.228,30335000000
03.09.2020 14:00:00.000,1687.228,1696.937,1650.087,1664.747,52035000000
03.09.2020 15:00:00.000,1664.787,1665.778,1634.997,1642.088,69417500000
03.09.2020 16:00:00.000,1642.088,1648.878,1632.437,1635.028,58002500000
03.09.2020 17:00:00.000,1634.918,1640.837,1623.667,1634.788,59190000000
03.09.2020 18:00:00.000,1634.787,1640.418,1623.917,1624.117,51720000000
03.09.2020 19:00:00.000,1624.117,1634.448,1607.157,1629.458,102385000000
04.09.2020 13:00:00.000,1610.558,1633.638,1587.157,1589.267,42065000000
04.09.2020 14:00:00.000,1588.607,1597.388,1536.627,1565.767,89122500000
04.09.2020 15:00:00.000,1565.768,1577.108,1544.997,1573.188,66632500000
04.09.2020 16:00:00.000,1573.188,1579.607,1556.067,1569.708,59190000000
04.09.2020 17:00:00.000,1569.707,1569.708,1551.077,1565.168,50982500000
04.09.2020 18:00:00.000,1564.247,1591.117,1559.017,1588.498,56790000000
04.09.2020 19:00:00.000,1589.007,1594.668,1578.977,1579.997,74967500000
08.09.2020 13:00:00.000,1524.997,1550.758,1515.007,1546.498,40905000000
08.09.2020 14:00:00.000,1546.498,1555.207,1535.617,1544.017,68402546875
08.09.2020 15:00:00.000,1544.017,1551.987,1530.897,1535.158,60580007812.5
08.09.2020 16:00:00.000,1535.157,1543.078,1530.307,1540.947,52517500000
08.09.2020 17:00:00.000,1540.947,1541.768,1530.827,1537.917,52312500000
08.09.2020 18:00:00.000,1537.917,1540.167,1518.997,1525.237,63237500000
08.09.2020 19:00:00.000,1525.238,1533.587,1520.167,1520.888,77397500000
09.09.2020 13:00:00.000,1547.397,1552.368,1524.997,1532.247,43362500000
09.09.2020 14:00:00.000,1532.247,1548.628,1529.747,1545.828,54092500000
09.09.2020 15:00:00.000,1545.827,1551.657,1539.477,1550.607,49465000000
09.09.2020 16:00:00.000,1550.718,1553.278,1548.427,1550.208,27252500000
09.09.2020 17:00:00.000,1550.017,1556.408,1545.447,1546.147,27137500000
09.09.2020 18:00:00.000,1546.837,1553.448,1544.657,1550.198,28695000000
09.09.2020 19:00:00.000,1550.197,1558.567,1543.367,1544.468,45542500000
10.09.2020 13:00:00.000,1549.998,1561.637,1547.228,1558.077,25840000000
10.09.2020 14:00:00.000,1558.137,1573.598,1550.317,1553.638,48145000000
10.09.2020 15:00:00.000,1553.637,1566.408,1549.367,1556.108,56250000000
10.09.2020 16:00:00.000,1556.107,1559.818,1541.957,1548.818,41477500000
10.09.2020 17:00:00.000,1548.817,1555.568,1545.647,1547.937,35397500000
10.09.2020 18:00:00.000,1547.678,1551.108,1520.997,1534.787,48807500000
10.09.2020 19:00:00.000,1534.827,1536.178,1518.997,1525.217,59957500000
11.09.2020 13:00:00.000,1526.048,1534.667,1509.997,1514.997,33280000000
11.09.2020 14:00:00.000,1514.997,1536.938,1513.377,1535.017,47747500000
11.09.2020 15:00:00.000,1535.017,1538.547,1518.428,1518.667,44105000000
11.09.2020 16:00:00.000,1519.337,1524.408,1501.998,1502.218,47730000000
11.09.2020 17:00:00.000,1502.217,1508.918,1492.457,1499.998,44842500000
11.09.2020 18:00:00.000,1499.998,1514.478,1498.907,1509.607,51397500000
11.09.2020 19:00:00.000,1509.607,1520.027,1504.357,1514.888,59282500000
14.09.2020 13:00:00.000,1531.557,1543.118,1521.997,1541.708,25527500000
14.09.2020 14:00:00.000,1542.627,1555.868,1538.697,1554.258,34507500000
14.09.2020 15:00:00.000,1554.068,1556.398,1546.677,1549.468,34625000000
14.09.2020 16:00:00.000,1549.467,1551.317,1533.087,1535.237,34672500000
14.09.2020 17:00:00.000,1535.238,1536.768,1521.668,1527.928,38510000000
14.09.2020 18:00:00.000,1527.908,1528.888,1513.227,1517.398,59707500000
14.09.2020 19:00:00.000,1517.367,1520.717,1504.997,1507.508,70102500000
15.09.2020 13:00:00.000,1524.518,1548.787,1521.547,1547.788,32615000000
15.09.2020 14:00:00.000,1548.038,1550.357,1536.177,1541.028,42057500000
15.09.2020 15:00:00.000,1541.027,1545.248,1535.997,1538.018,28947500000
15.09.2020 16:00:00.000,1538.017,1542.208,1537.898,1540.007,21987500000
15.09.2020 17:00:00.000,1540.007,1541.628,1536.497,1537.077,26497500000
15.09.2020 18:00:00.000,1536.707,1537.658,1532.997,1534.737,22200000000
15.09.2020 19:00:00.000,1535.258,1535.318,1527.107,1534.157,42030000000
16.09.2020 13:00:00.000,1540.078,1553.798,1539.747,1545.177,32415000000
16.09.2020 14:00:00.000,1545.177,1546.408,1523.197,1528.218,32467500000
16.09.2020 15:00:00.000,1528.217,1541.318,1527.127,1533.728,28785000000
16.09.2020 16:00:00.000,1534.058,1535.997,1526.067,1526.198,28255000000
16.09.2020 17:00:00.000,1526.197,1528.018,1521.317,1525.858,27107500000
16.09.2020 18:00:00.000,1525.857,1539.958,1524.347,1527.168,38020000000
16.09.2020 19:00:00.000,1527.168,1532.197,1511.037,1512.098,56457500000
17.09.2020 13:00:00.000,1483.107,1493.468,1477.997,1487.997,39662500000
17.09.2020 14:00:00.000,1487.998,1497.767,1475.147,1492.567,58170000000
17.09.2020 15:00:00.000,1492.568,1497.538,1475.997,1476.317,45742500000
17.09.2020 16:00:00.000,1476.318,1481.428,1462.097,1470.268,62240000000
17.09.2020 17:00:00.000,1470.267,1475.998,1464.997,1471.657,42312500000
17.09.2020 18:00:00.000,1471.737,1475.937,1463.337,1468.137,39080000000
17.09.2020 19:00:00.000,1468.447,1488.677,1462.457,1486.988,61237500000
18.09.2020 13:00:00.000,1486.998,1494.547,1479.057,1487.748,23437500000
18.09.2020 14:00:00.000,1487.927,1493.588,1467.017,1467.507,43772500000
18.09.2020 15:00:00.000,1467.867,1469.368,1457.647,1463.857,51587500000
18.09.2020 16:00:00.000,1463.858,1465.708,1445.497,1449.618,50322500000
18.09.2020 17:00:00.000,1449.458,1451.918,1430.987,1441.538,40795000000
18.09.2020 18:00:00.000,1441.537,1447.498,1436.947,1443.247,33447500000
18.09.2020 19:00:00.000,1443.248,1453.697,1437.997,1447.917,46652500000
21.09.2020 13:00:00.000,1429.088,1438.778,1419.347,1421.128,39645000000
21.09.2020 14:00:00.000,1421.128,1424.208,1402.157,1408.618,62380000000
21.09.2020 15:00:00.000,1408.618,1419.418,1406.407,1417.898,64512500000
21.09.2020 16:00:00.000,1417.898,1423.257,1414.997,1418.297,50962500000
21.09.2020 17:00:00.000,1418.298,1433.017,1415.187,1426.928,38150000000
21.09.2020 18:00:00.000,1426.928,1429.478,1414.047,1422.657,42005000000
21.09.2020 19:00:00.000,1422.658,1431.398,1419.527,1429.797,60987500000
22.09.2020 13:00:00.000,1448.367,1450.008,1432.957,1438.128,30375000000
22.09.2020 14:00:00.000,1437.058,1449.487,1434.577,1434.617,43777500000
22.09.2020 15:00:00.000,1434.617,1443.298,1428.997,1441.497,29235015625
22.09.2020 16:00:00.000,1441.497,1447.467,1438.077,1440.368,30415000000
22.09.2020 17:00:00.000,1440.948,1450.048,1438.897,1449.517,27510000000
22.09.2020 18:00:00.000,1450.382,1455.118,1448.437,1451.298,47085000000
22.09.2020 19:00:00.000,1451.297,1463.647,1449.237,1458.398,47977500000
23.09.2020 13:00:00.000,1449.997,1452.178,1438.857,1443.127,29545000000
23.09.2020 14:00:00.000,1443.127,1447.097,1432.337,1437.838,42725000000
23.09.2020 15:00:00.000,1437.837,1439.648,1422.707,1423.418,39937500000
23.09.2020 16:00:00.000,1423.418,1435.328,1421.807,1433.808,36092500000
23.09.2020 17:00:00.000,1433.807,1434.298,1421.997,1423.428,25485000000
23.09.2020 18:00:00.000,1423.427,1423.818,1411.537,1412.107,36640000000
23.09.2020 19:00:00.000,1412.108,1414.297,1402.097,1408.078,57185000000
24.09.2020 13:00:00.000,1401.518,1427.268,1401.518,1423.607,37030000000
24.09.2020 14:00:00.000,1423.608,1436.547,1415.987,1427.077,62012500000
24.09.2020 15:00:00.000,1427.078,1430.017,1416.397,1429.298,40632500000
24.09.2020 16:00:00.000,1429.938,1433.057,1417.997,1424.788,37357500000
24.09.2020 17:00:00.000,1424.787,1433.698,1424.028,1429.377,32200000000
24.09.2020 18:00:00.000,1429.377,1433.067,1419.047,1419.047,37397500000
24.09.2020 19:00:00.000,1419.047,1424.558,1410.337,1421.498,51625000000
25.09.2020 13:00:00.000,1423.997,1425.427,1407.217,1415.528,34057500000
25.09.2020 14:00:00.000,1415.527,1427.017,1408.997,1420.927,49240000000
25.09.2020 15:00:00.000,1420.927,1428.607,1419.197,1419.368,37415000000
25.09.2020 16:00:00.000,1419.547,1428.857,1419.367,1427.278,25262500000
25.09.2020 17:00:00.000,1426.857,1435.217,1425.838,1433.718,25587500000
25.09.2020 18:00:00.000,1433.707,1439.258,1432.847,1438.087,35772500000
25.09.2020 19:00:00.000,1438.088,1445.457,1437.457,1438.928,49630000000
28.09.2020 13:00:00.000,1470.097,1472.618,1456.007,1459.717,32700000000
28.09.2020 14:00:00.000,1459.707,1462.158,1445.958,1447.087,44367500000
28.09.2020 15:00:00.000,1447.087,1458.377,1445.997,1453.648,31017500000
28.09.2020 16:00:00.000,1453.647,1458.177,1451.097,1458.047,18045000000
28.09.2020 17:00:00.000,1458.048,1461.518,1455.198,1459.287,21477500000
28.09.2020 18:00:00.000,1459.598,1462.298,1455.747,1459.207,27660000000
28.09.2020 19:00:00.000,1459.208,1459.738,1452.907,1459.037,70182500000
29.09.2020 13:00:00.000,1461.997,1470.857,1458.657,1466.228,27002500000
29.09.2020 14:00:00.000,1466.438,1468.277,1454.997,1457.998,31982500000
29.09.2020 15:00:00.000,1457.997,1463.918,1455.457,1458.818,31210000000
29.09.2020 16:00:00.000,1458.818,1461.468,1456.727,1460.807,27012501953.13
29.09.2020 17:00:00.000,1460.807,1461.758,1453.737,1459.388,30422500000
29.09.2020 18:00:00.000,1459.698,1463.188,1459.167,1461.688,24262500000
29.09.2020 19:00:00.000,1461.687,1467.768,1458.438,1465.388,39075000000
30.09.2020 13:00:00.000,1460.308,1474.998,1455.007,1474.077,29017500000
30.09.2020 14:00:00.000,1474.077,1484.117,1473.057,1477.198,37317500000
30.09.2020 15:00:00.000,1477.197,1483.477,1474.307,1479.498,24427500000
30.09.2020 16:00:00.000,1479.287,1481.177,1474.147,1475.118,20415000000
30.09.2020 17:00:00.000,1475.217,1482.857,1472.447,1481.747,24730000000
30.09.2020 18:00:00.000,1482.357,1486.137,1469.997,1475.328,35742500000
30.09.2020 19:00:00.000,1475.328,1478.138,1463.607,1463.997,65412500000
01.10.2020 13:00:00.000,1480.778,1488.197,1476.597,1480.247,50087734375
01.10.2020 14:00:00.000,1480.248,1490.837,1477.177,1482.197,35620285156.25
01.10.2020 15:00:00.000,1482.237,1494.917,1477.587,1492.507,30515244140.63
01.10.2020 16:00:00.000,1492.507,1492.948,1484.127,1486.998,27557652343.75
01.10.2020 17:00:00.000,1487.058,1492.157,1482.557,1485.957,28790156250
01.10.2020 18:00:00.000,1486.398,1489.848,1478.998,1486.138,29742716796.88
01.10.2020 19:00:00.000,1486.578,1489.148,1481.227,1487.727,34837742187.5
02.10.2020 13:00:00.000,1455.967,1469.187,1454.497,1466.507,21880177734.38
02.10.2020 14:00:00.000,1465.368,1478.808,1465.317,1472.688,32897742187.5
02.10.2020 15:00:00.000,1472.687,1474.338,1453.997,1455.277,29700160156.25
02.10.2020 16:00:00.000,1455.277,1466.637,1447.207,1462.187,29252732421.88
02.10.2020 17:00:00.000,1462.188,1463.898,1454.997,1458.047,28200173828.13
02.10.2020 18:00:00.000,1457.717,1464.838,1453.997,1459.777,22442656250
02.10.2020 19:00:00.000,1459.757,1465.258,1454.457,1455.167,36315238281.25
05.10.2020 13:00:00.000,1462.517,1472.077,1459.997,1464.177,16862646484.38
05.10.2020 14:00:00.000,1464.797,1479.757,1463.997,1473.828,26372740234.38
05.10.2020 15:00:00.000,1473.827,1482.978,1473.827,1478.967,20420201171.88
05.10.2020 16:00:00.000,1478.968,1480.597,1473.367,1475.267,12885138671.88
05.10.2020 17:00:00.000,1475.698,1475.698,1468.797,1470.098,13047711914.06
05.10.2020 18:00:00.000,1470.098,1475.867,1466.647,1475.717,19107853515.63
05.10.2020 19:00:00.000,1475.737,1484.618,1473.177,1481.367,26815519531.25
06.10.2020 13:00:00.000,1471.158,1480.258,1468.997,1473.598,13132775390.63
06.10.2020 14:00:00.000,1473.598,1479.187,1469.497,1469.598,17077769531.25
06.10.2020 15:00:00.000,1470.308,1473.498,1455.597,1458.418,29772707031.25
06.10.2020 16:00:00.000,1458.418,1469.988,1458.117,1467.707,15405257812.5
06.10.2020 17:00:00.000,1467.708,1475.918,1467.577,1474.247,16655259765.63
06.10.2020 18:00:00.000,1474.287,1483.877,1452.997,1459.187,24887865234.38
06.10.2020 19:00:00.000,1459.188,1460.247,1445.097,1449.398,46018214843.75
07.10.2020 13:00:00.000,1459.158,1466.517,1445.007,1445.007,23710289062.5
07.10.2020 14:00:00.000,1445.007,1446.208,1433.007,1441.418,47757976562.5
07.10.2020 15:00:00.000,1441.697,1446.408,1437.997,1444.087,25705265625
07.10.2020 16:00:00.000,1444.088,1453.097,1441.897,1446.887,24057794921.88
07.10.2020 17:00:00.000,1447.348,1460.318,1446.988,1456.267,20025228515.63
07.10.2020 18:00:00.000,1457.047,1462.158,1455.997,1459.737,27982806640.63
07.10.2020 19:00:00.000,1459.738,1462.428,1456.397,1457.998,36375371093.75
08.10.2020 13:00:00.000,1462.818,1481.578,1462.817,1481.198,25450349609.38
08.10.2020 14:00:00.000,1481.208,1482.318,1473.847,1477.037,36610410156.25
08.10.2020 15:00:00.000,1476.998,1483.497,1473.427,1478.567,24910255859.38
08.10.2020 16:00:00.000,1478.657,1487.707,1477.617,1484.268,22712658203.13
08.10.2020 17:00:00.000,1484.758,1485.238,1477.918,1478.048,25132656250
08.10.2020 18:00:00.000,1477.928,1484.077,1477.427,1481.517,22410189453.13
08.10.2020 19:00:00.000,1481.518,1484.668,1477.967,1483.398,34555300781.25
09.10.2020 13:00:00.000,1491.827,1498.727,1486.147,1497.027,21760304687.5
09.10.2020 14:00:00.000,1497.097,1504.667,1493.137,1500.417,30917796875
09.10.2020 15:00:00.000,1500.418,1504.832,1499.417,1501.157,23515238281.25
09.10.2020 16:00:00.000,1500.907,1503.977,1498.118,1500.528,24342746093.75
09.10.2020 17:00:00.000,1500.848,1505.457,1500.338,1505.317,23740253906.25
09.10.2020 18:00:00.000,1505.317,1506.138,1499.997,1501.517,23770222656.25
09.10.2020 19:00:00.000,1501.518,1511.667,1500.017,1509.837,38832875000
12.10.2020 13:00:00.000,1538.498,1548.098,1528.227,1539.277,34050445312.5
12.10.2020 14:00:00.000,1539.278,1546.928,1538.278,1543.028,37630531250
12.10.2020 15:00:00.000,1543.028,1558.987,1542.548,1553.498,33120503906.25
12.10.2020 16:00:00.000,1553.438,1571.807,1552.417,1566.768,33610480468.75
12.10.2020 17:00:00.000,1567.238,1576.235,1560.898,1572.547,33355433593.75
12.10.2020 18:00:00.000,1572.947,1588.158,1571.998,1574.337,45133042968.75
12.10.2020 19:00:00.000,1574.368,1578.257,1561.997,1564.597,55843148437.5
13.10.2020 13:00:00.000,1575.098,1584.828,1573.337,1580.428,35870414062.5
13.10.2020 14:00:00.000,1580.447,1582.167,1564.997,1571.798,35307914062.5
13.10.2020 15:00:00.000,1572.148,1583.737,1568.677,1568.677,26397845703.13
13.10.2020 16:00:00.000,1568.707,1572.538,1563.997,1570.158,22307734375
13.10.2020 17:00:00.000,1570.158,1573.338,1560.378,1562.178,29970304687.5
13.10.2020 18:00:00.000,1561.858,1569.897,1558.317,1568.488,29430316406.25
13.10.2020 19:00:00.000,1568.487,1577.358,1566.228,1566.597,36957949218.75
14.10.2020 13:00:00.000,1571.997,1583.698,1565.457,1581.857,20377742187.5
14.10.2020 14:00:00.000,1582.532,1582.677,1564.397,1574.357,29772962890.63
14.10.2020 15:00:00.000,1574.928,1579.077,1555.517,1555.868,26502855468.75
14.10.2020 16:00:00.000,1555.867,1559.627,1545.527,1552.608,27100302734.38
14.10.2020 17:00:00.000,1552.497,1560.117,1550.797,1559.138,25502841796.88
14.10.2020 18:00:00.000,1559.408,1563.967,1554.717,1557.867,25925308593.75
14.10.2020 19:00:00.000,1558.502,1571.377,1557.117,1562.827,35225382812.5
15.10.2020 13:00:00.000,1542.018,1568.698,1539.997,1567.978,20545316406.25
15.10.2020 14:00:00.000,1568.287,1570.907,1547.477,1558.418,31883039062.5
15.10.2020 15:00:00.000,1558.878,1564.347,1552.877,1555.597,22292794921.88
15.10.2020 16:00:00.000,1555.598,1557.878,1548.647,1554.208,23622796875
15.10.2020 17:00:00.000,1554.228,1554.258,1547.007,1551.388,22092783203.13
15.10.2020 18:00:00.000,1551.338,1554.758,1548.058,1553.408,26280292968.75
15.10.2020 19:00:00.000,1553.337,1564.407,1552.817,1555.178,30757884765.63
16.10.2020 13:00:00.000,1561.997,1567.948,1555.997,1567.088,22172718750
16.10.2020 14:00:00.000,1567.098,1577.455,1567.098,1570.368,43923054687.5
16.10.2020 15:00:00.000,1569.998,1573.257,1558.577,1571.318,27572871093.75
16.10.2020 16:00:00.000,1571.327,1572.127,1563.427,1569.758,21285261718.75
16.10.2020 17:00:00.000,1569.847,1572.738,1568.507,1570.658,16852701171.88
16.10.2020 18:00:00.000,1571.008,1576.138,1568.927,1574.448,21960277343.75
16.10.2020 19:00:00.000,1574.457,1576.878,1565.347,1566.987,44938015625
19.10.2020 13:00:00.000,1574.028,1583.507,1564.997,1565.128,16735255859.38
19.10.2020 14:00:00.000,1565.057,1565.438,1543.998,1552.337,37220476562.5
19.10.2020 15:00:00.000,1552.338,1556.397,1544.997,1548.107,27592919921.88
19.10.2020 16:00:00.000,1548.127,1552.428,1542.998,1550.958,19920265625
19.10.2020 17:00:00.000,1551.208,1554.307,1543.187,1546.918,23992892578.13
19.10.2020 18:00:00.000,1546.867,1551.798,1530.137,1530.157,24572871093.75
19.10.2020 19:00:00.000,1530.157,1532.508,1522.727,1530.327,45630652343.75
20.10.2020 13:00:00.000,1522.997,1550.818,1521.687,1549.168,19682810546.88
20.10.2020 14:00:00.000,1547.497,1554.118,1534.637,1534.637,32540531250
20.10.2020 15:00:00.000,1534.638,1534.998,1520.127,1534.828,26237824218.75
20.10.2020 16:00:00.000,1534.427,1547.818,1532.847,1543.678,24070335937.5
20.10.2020 17:00:00.000,1543.697,1568.708,1542.737,1564.408,31332812500
20.10.2020 18:00:00.000,1564.408,1573.248,1560.997,1567.227,27600304687.5
20.10.2020 19:00:00.000,1567.227,1571.808,1548.798,1551.077,39728160156.25
21.10.2020 13:00:00.000,1569.258,1614.878,1565.878,1612.257,28610386718.75
21.10.2020 14:00:00.000,1611.538,1612.488,1592.178,1593.327,32617990234.38
21.10.2020 15:00:00.000,1593.488,1599.228,1580.027,1592.598,32310425781.25
21.10.2020 16:00:00.000,1593.338,1604.198,1587.917,1590.547,28147865234.38
21.10.2020 17:00:00.000,1590.418,1598.377,1589.637,1592.167,19090212890.63
21.10.2020 18:00:00.000,1592.308,1605.878,1590.977,1605.597,19970242187.5
21.10.2020 19:00:00.000,1606.007,1606.608,1584.677,1585.988,49388121093.75
22.10.2020 13:00:00.000,1580.127,1601.168,1579.997,1596.868,18677652343.75
22.10.2020 14:00:00.000,1596.868,1598.447,1576.977,1582.348,25167806640.63
22.10.2020 15:00:00.000,1582.087,1600.128,1582.087,1593.368,26027822265.63
22.10.2020 16:00:00.000,1593.948,1597.870,1589.647,1597.087,17867683593.75
22.10.2020 17:00:00.000,1597.088,1609.097,1596.517,1607.378,19120197265.63
22.10.2020 18:00:00.000,1607.377,1610.507,1605.497,1606.817,17205167968.75
22.10.2020 19:00:00.000,1606.818,1613.358,1603.487,1607.277,28940384765.63
23.10.2020 13:00:00.000,1614.138,1627.127,1611.187,1622.428,20370208984.38
23.10.2020 14:00:00.000,1622.527,1630.858,1616.517,1624.998,30310390625
23.10.2020 15:00:00.000,1624.998,1630.087,1616.117,1619.527,28950380859.38
23.10.2020 16:00:00.000,1619.527,1623.048,1612.497,1618.627,24175271484.38
23.10.2020 17:00:00.000,1618.627,1627.068,1617.828,1624.418,22327736328.13
23.10.2020 18:00:00.000,1624.698,1627.638,1624.158,1624.907,23725238281.25
23.10.2020 19:00:00.000,1624.907,1634.008,1621.487,1632.018,35612894531.25
26.10.2020 13:00:00.000,1614.528,1627.377,1612.237,1624.297,18277958984.38
26.10.2020 14:00:00.000,1624.297,1629.217,1602.518,1603.337,38405527343.75
26.10.2020 15:00:00.000,1603.277,1603.278,1586.307,1591.668,45508292968.75
26.10.2020 16:00:00.000,1591.657,1593.378,1578.197,1579.018,33143203125
26.10.2020 17:00:00.000,1578.748,1579.848,1566.797,1572.827,31730482421.88
26.10.2020 18:00:00.000,1572.827,1580.718,1571.957,1576.428,28530423828.13
26.10.2020 19:00:00.000,1576.647,1585.287,1572.227,1583.477,38775628906.25
27.10.2020 13:00:00.000,1586.997,1590.697,1577.147,1582.377,13935281250
27.10.2020 14:00:00.000,1582.238,1590.828,1576.267,1586.788,28707890625
27.10.2020 15:00:00.000,1586.788,1592.937,1583.357,1591.828,22370394531.25
27.10.2020 16:00:00.000,1591.827,1592.587,1582.668,1585.187,19535308593.75
27.10.2020 17:00:00.000,1585.187,1595.617,1583.907,1591.987,22485312500
27.10.2020 18:00:00.000,1591.797,1594.518,1587.848,1588.047,22542816406.25
27.10.2020 19:00:00.000,1588.588,1601.948,1587.007,1598.877,32883011718.75
28.10.2020 13:00:00.000,1551.128,1553.948,1527.997,1535.057,25980458984.38
28.10.2020 14:00:00.000,1534.997,1535.698,1515.997,1524.198,45573386718.75
28.10.2020 15:00:00.000,1524.207,1531.167,1519.397,1524.237,30950533203.13
28.10.2020 16:00:00.000,1524.128,1526.898,1519.097,1519.997,25440384765.63
28.10.2020 17:00:00.000,1519.997,1523.988,1515.247,1521.028,27437933593.75
28.10.2020 18:00:00.000,1521.048,1522.397,1513.997,1521.267,25422937500
28.10.2020 19:00:00.000,1521.758,1528.877,1507.967,1510.357,50455726562.5
29.10.2020 13:00:00.000,1515.657,1545.568,1514.997,1543.827,22630492187.5
29.10.2020 14:00:00.000,1544.747,1550.318,1537.977,1544.977,34503070312.5
29.10.2020 15:00:00.000,1545.197,1555.928,1541.528,1549.718,32410671875
29.10.2020 16:00:00.000,1549.718,1561.167,1548.087,1556.318,26790416015.63
29.10.2020 17:00:00.000,1556.318,1569.358,1556.017,1568.267,27507863281.25
29.10.2020 18:00:00.000,1568.097,1588.397,1568.028,1582.277,38550484375
29.10.2020 19:00:00.000,1582.277,1583.397,1554.407,1554.998,54565937500
30.10.2020 13:00:00.000,1665.218,1680.698,1640.917,1646.317,50140484375
30.10.2020 14:00:00.000,1646.317,1650.277,1613.788,1614.508,67948289062.5
30.10.2020 15:00:00.000,1614.508,1631.228,1608.047,1614.677,49388261718.75
30.10.2020 16:00:00.000,1615.017,1634.677,1613.338,1622.027,41105433593.75
30.10.2020 17:00:00.000,1622.027,1629.737,1614.377,1620.907,40757839843.75
30.10.2020 18:00:00.000,1620.908,1627.597,1605.637,1611.868,38570449218.75
30.10.2020 19:00:00.000,1611.867,1618.158,1601.197,1616.258,54340648437.5
02.11.2020 14:00:00.000,1624.998,1657.358,1622.968,1644.848,31430000000
02.11.2020 15:00:00.000,1645.047,1652.627,1638.987,1649.357,48590000000
02.11.2020 16:00:00.000,1649.357,1657.918,1644.247,1650.878,40790000000
02.11.2020 17:00:00.000,1651.208,1651.668,1635.827,1640.077,33045199218.75
02.11.2020 18:00:00.000,1640.477,1641.907,1620.927,1621.327,32375294921.88
02.11.2020 19:00:00.000,1620.928,1625.912,1614.997,1618.877,34560347656.25
02.11.2020 20:00:00.000,1618.887,1625.807,1613.777,1623.077,43970453125
03.11.2020 14:00:00.000,1629.437,1632.948,1612.307,1626.188,16827619140.63
03.11.2020 15:00:00.000,1626.367,1654.868,1624.617,1653.627,31910355468.75
03.11.2020 16:00:00.000,1653.638,1658.028,1643.167,1643.448,26515318359.38
03.11.2020 17:00:00.000,1644.518,1656.047,1643.707,1651.357,18550148437.5
03.11.2020 18:00:00.000,1651.417,1655.168,1639.247,1641.778,23597734375
03.11.2020 19:00:00.000,1641.958,1655.138,1640.927,1653.037,29332734375
03.11.2020 20:00:00.000,1653.048,1656.127,1642.387,1642.707,46815523437.5
04.11.2020 14:00:00.000,1704.118,1730.287,1700.068,1729.587,40050542968.75
04.11.2020 15:00:00.000,1729.617,1758.818,1724.127,1758.617,52223207031.25
04.11.2020 16:00:00.000,1758.628,1767.357,1749.837,1766.757,39972843750
04.11.2020 17:00:00.000,1766.757,1769.927,1750.808,1752.698,39345402343.75
04.11.2020 18:00:00.000,1753.037,1753.578,1735.727,1746.837,36130371093.75
04.11.2020 19:00:00.000,1746.798,1757.147,1745.537,1751.247,41447839843.75
04.11.2020 20:00:00.000,1751.698,1754.118,1737.287,1745.417,51420496093.75
05.11.2020 14:00:00.000,1771.867,1785.927,1746.107,1782.087,21830228515.63
05.11.2020 15:00:00.000,1782.828,1791.198,1760.907,1772.597,35425328125
05.11.2020 16:00:00.000,1772.597,1775.787,1756.238,1759.408,25100236328.13
05.11.2020 17:00:00.000,1759.688,1764.915,1747.007,1757.408,29195253906.25
05.11.2020 18:00:00.000,1757.408,1766.397,1757.407,1758.718,20705158203.13
05.11.2020 19:00:00.000,1758.727,1773.538,1758.727,1768.657,27005257812.5
05.11.2020 20:00:00.000,1768.657,1768.868,1755.367,1761.858,41787910156.25
06.11.2020 14:00:00.000,1750.837,1750.837,1736.267,1738.488,25220212890.63
06.11.2020 15:00:00.000,1738.187,1757.787,1738.118,1741.457,28647796875
06.11.2020 16:00:00.000,1741.457,1756.537,1740.267,1754.457,26377736328.13
06.11.2020 17:00:00.000,1754.457,1756.595,1749.317,1755.068,18332646484.38
06.11.2020 18:00:00.000,1755.198,1767.807,1755.067,1761.308,19625087890.63
06.11.2020 19:00:00.000,1761.468,1762.538,1754.778,1755.508,25192607421.88
06.11.2020 20:00:00.000,1755.508,1766.787,1749.007,1758.288,39315355468.75
09.11.2020 14:00:00.000,1790.587,1814.748,1769.518,1786.177,28000335937.5
09.11.2020 15:00:00.000,1786.178,1810.567,1778.167,1793.178,50520765625
09.11.2020 16:00:00.000,1793.178,1794.358,1780.457,1786.708,38125570312.5
09.11.2020 17:00:00.000,1786.748,1791.827,1780.927,1791.107,29727867187.5
09.11.2020 18:00:00.000,1791.918,1796.318,1786.618,1790.317,29612832031.25
09.11.2020 19:00:00.000,1790.518,1792.547,1776.997,1784.958,28862798828.13
09.11.2020 20:00:00.000,1785.927,1791.327,1757.307,1759.527,47978058593.75
10.11.2020 14:00:00.000,1727.857,1758.477,1726.837,1750.008,19082732421.88
10.11.2020 15:00:00.000,1750.007,1755.567,1716.317,1736.787,49780386718.75
10.11.2020 16:00:00.000,1736.798,1745.607,1722.957,1737.638,36222960937.5
10.11.2020 17:00:00.000,1737.637,1749.747,1735.507,1738.517,29902773437.5
10.11.2020 18:00:00.000,1738.517,1746.335,1724.097,1734.218,27422691406.25
10.11.2020 19:00:00.000,1734.218,1737.948,1724.287,1731.717,32102820312.5
10.11.2020 20:00:00.000,1731.718,1742.918,1724.848,1737.377,48165476562.5
11.11.2020 14:00:00.000,1745.998,1761.937,1745.377,1755.228,22852751953.13
11.11.2020 15:00:00.000,1755.208,1757.747,1744.467,1747.887,30507931640.63
11.11.2020 16:00:00.000,1747.887,1754.127,1744.467,1750.527,23432771484.38
11.11.2020 17:00:00.000,1750.537,1753.798,1746.097,1747.238,16970158203.13
11.11.2020 18:00:00.000,1747.447,1751.878,1745.597,1748.338,20155158203.13
11.11.2020 19:00:00.000,1748.337,1753.757,1742.997,1747.238,19772666015.63
11.11.2020 20:00:00.000,1747.628,1753.097,1742.787,1746.298,37940335937.5
12.11.2020 14:00:00.000,1741.347,1763.907,1739.757,1751.228,22525212890.63
12.11.2020 15:00:00.000,1751.228,1756.247,1744.997,1750.248,29455375000
12.11.2020 16:00:00.000,1750.667,1755.287,1743.607,1749.008,21720183593.75
12.11.2020 17:00:00.000,1749.007,1751.878,1743.067,1747.568,22802654296.88
12.11.2020 18:00:00.000,1747.498,1752.528,1742.817,1752.147,27335205078.13
12.11.2020 19:00:00.000,1752.147,1754.807,1741.507,1742.868,24360208984.38
12.11.2020 20:00:00.000,1742.888,1745.338,1737.387,1742.277,36652875000
13.11.2020 14:00:00.000,1746.127,1752.137,1743.817,1743.888,19482664062.5
13.11.2020 15:00:00.000,1744.827,1746.848,1735.637,1740.448,26495222656.25
13.11.2020 16:00:00.000,1740.458,1755.167,1740.458,1753.498,24497687500
13.11.2020 17:00:00.000,1753.807,1768.927,1753.207,1768.707,26200171875
13.11.2020 18:00:00.000,1769.338,1771.537,1764.737,1764.747,22332625000
13.11.2020 19:00:00.000,1764.747,1774.398,1762.878,1772.288,27637697265.63
13.11.2020 20:00:00.000,1772.288,1775.868,1765.738,1771.528,37242851562.5
16.11.2020 14:00:00.000,1764.978,1793.438,1764.087,1786.408,21725316406.25
16.11.2020 15:00:00.000,1787.388,1791.267,1779.997,1788.687,31007949218.75
16.11.2020 16:00:00.000,1788.448,1790.038,1775.247,1781.078,20945185546.88
16.11.2020 17:00:00.000,1781.488,1784.417,1772.997,1774.478,18792699218.75
16.11.2020 18:00:00.000,1774.087,1775.717,1761.157,1770.887,22465208984.38
16.11.2020 19:00:00.000,1771.588,1775.018,1766.918,1768.337,14682619140.63
16.11.2020 20:00:00.000,1768.348,1776.838,1765.897,1773.447,30067806640.63
17.11.2020 14:00:00.000,1767.668,1770.237,1759.997,1761.057,17620146484.38
17.11.2020 15:00:00.000,1761.578,1775.228,1760.427,1775.228,23830238281.25
17.11.2020 16:00:00.000,1775.228,1776.077,1765.648,1771.207,22672662109.38
17.11.2020 17:00:00.000,1770.947,1776.728,1769.177,1771.047,12950109375
17.11.2020 18:00:00.000,1771.617,1776.388,1767.997,1767.997,14542589843.75
17.11.2020 19:00:00.000,1767.997,1771.198,1765.587,1767.318,15442621093.75
17.11.2020 20:00:00.000,1767.317,1768.977,1759.038,1761.458,30662759765.63
18.11.2020 14:00:00.000,1752.778,1764.317,1747.377,1747.378,15797648437.5
18.11.2020 15:00:00.000,1747.377,1757.938,1744.787,1755.998,21097683593.75
18.11.2020 16:00:00.000,1755.978,1757.927,1749.048,1754.228,22930105468.75
18.11.2020 17:00:00.000,1754.227,1760.948,1752.667,1758.138,8567577148.44
18.11.2020 18:00:00.000,1758.137,1759.578,1744.148,1746.568,16370087890.63
18.11.2020 19:00:00.000,1746.587,1749.967,1742.878,1748.767,19040218750
18.11.2020 20:00:00.000,1748.777,1754.108,1738.497,1739.518,32517738281.25
19.11.2020 14:00:00.000,1731.217,1744.988,1729.517,1742.148,19180189453.13
19.11.2020 15:00:00.000,1742.867,1748.717,1731.377,1745.027,25080160156.25
19.11.2020 16:00:00.000,1745.178,1751.627,1741.837,1748.148,18440167968.75
19.11.2020 17:00:00.000,1748.047,1751.447,1742.897,1746.428,18685105468.75
19.11.2020 18:00:00.000,1746.427,1751.028,1744.097,1750.668,16815113281.25
19.11.2020 19:00:00.000,1750.667,1761.228,1750.057,1759.808,23500126953.13
19.11.2020 20:00:00.000,1759.808,1763.188,1755.867,1758.727,36000292968.75
20.11.2020 14:00:00.000,1758.518,1762.248,1750.667,1750.937,18882619140.63
20.11.2020 15:00:00.000,1751.428,1767.658,1749.997,1764.908,23760255859.38
20.11.2020 16:00:00.000,1764.947,1767.788,1754.027,1754.427,19540175781.25
20.11.2020 17:00:00.000,1754.427,1760.388,1753.237,1756.697,16072648437.5
20.11.2020 18:00:00.000,1756.458,1758.267,1753.137,1753.237,19475167968.75
20.11.2020 19:00:00.000,1753.238,1753.648,1746.347,1747.448,26082726562.5
20.11.2020 20:00:00.000,1747.687,1749.247,1733.807,1736.488,40392878906.25
23.11.2020 14:00:00.000,1737.988,1745.427,1732.697,1733.198,24670128906.25
23.11.2020 15:00:00.000,1733.198,1734.648,1720.867,1727.077,35450273437.5
23.11.2020 16:00:00.000,1727.077,1727.078,1709.997,1713.338,32097900390.63
23.11.2020 17:00:00.000,1713.338,1728.247,1711.837,1727.118,26417699218.75
23.11.2020 18:00:00.000,1727.117,1728.697,1722.658,1726.218,18560115234.38
23.11.2020 19:00:00.000,1726.738,1727.878,1720.018,1727.537,23582642578.13
23.11.2020 20:00:00.000,1727.647,1733.658,1723.087,1728.017,36990277343.75
24.11.2020 14:00:00.000,1726.398,1735.098,1719.997,1730.418,22965255859.38
24.11.2020 15:00:00.000,1730.788,1742.728,1721.997,1739.468,29712888671.88
24.11.2020 16:00:00.000,1739.587,1756.687,1739.277,1753.668,23927732421.88
24.11.2020 17:00:00.000,1753.748,1756.678,1749.117,1755.747,14515119140.63
24.11.2020 18:00:00.000,1755.747,1762.008,1752.587,1761.397,17342619140.63
24.11.2020 19:00:00.000,1761.538,1763.158,1755.887,1757.907,21107673828.13
24.11.2020 20:00:00.000,1757.928,1765.978,1757.127,1763.678,31352785156.25
25.11.2020 14:00:00.000,1767.658,1769.577,1750.467,1753.958,18472761718.75
25.11.2020 15:00:00.000,1753.977,1761.488,1748.318,1760.628,24565232421.88
25.11.2020 16:00:00.000,1761.088,1763.728,1756.997,1761.227,15972660156.25
25.11.2020 17:00:00.000,1761.228,1768.677,1760.727,1768.197,18112578125
25.11.2020 18:00:00.000,1768.197,1770.468,1762.868,1769.337,17950134765.63
25.11.2020 19:00:00.000,1769.338,1770.028,1763.077,1765.738,15245108398.44
25.11.2020 20:00:00.000,1765.737,1769.338,1761.817,1763.808,22285193359.38
27.11.2020 14:00:00.000,1764.777,1781.605,1761.997,1777.637,20185203125
27.11.2020 15:00:00.000,1777.877,1793.248,1774.637,1792.597,28322798828.13
27.11.2020 16:00:00.000,1792.597,1796.575,1779.997,1780.598,21255191406.25
27.11.2020 17:00:00.000,1780.788,1786.838,1775.087,1785.618,23662662109.38
30.11.2020 14:00:00.000,1774.997,1780.517,1762.297,1765.467,23070160156.25
30.11.2020 15:00:00.000,1765.478,1766.607,1748.117,1753.498,34407863281.25
30.11.2020 16:00:00.000,1753.497,1757.167,1748.998,1751.797,25762738281.25
30.11.2020 17:00:00.000,1751.797,1754.368,1748.958,1752.767,18090167968.75
30.11.2020 18:00:00.000,1752.767,1754.528,1748.507,1753.498,18567630859.38
30.11.2020 19:00:00.000,1753.498,1759.018,1752.077,1758.877,19057667968.75
30.11.2020 20:00:00.000,1759.108,1759.848,1747.417,1756.847,33730394531.25
01.12.2020 14:00:00.000,1764.997,1781.017,1763.007,1775.078,24107703125
01.12.2020 15:00:00.000,1775.608,1793.478,1774.757,1782.637,30895257812.5
01.12.2020 16:00:00.000,1782.878,1800.197,1782.427,1800.108,24492667968.75
01.12.2020 17:00:00.000,1800.108,1820.857,1799.467,1805.838,35900187500
01.12.2020 18:00:00.000,1805.847,1812.747,1805.247,1808.427,25590117187.5
01.12.2020 19:00:00.000,1808.598,1812.188,1794.907,1797.307,20312634765.63
01.12.2020 20:00:00.000,1797.508,1798.838,1787.058,1794.038,37165289062.5
02.12.2020 14:00:00.000,1789.617,1799.118,1783.437,1794.747,17960123046.88
02.12.2020 15:00:00.000,1794.748,1808.598,1790.167,1806.548,33815234375
02.12.2020 16:00:00.000,1807.617,1828.598,1806.417,1826.667,23490119140.63
02.12.2020 17:00:00.000,1826.678,1831.067,1818.348,1822.208,23837628906.25
02.12.2020 18:00:00.000,1822.838,1831.858,1822.808,1826.147,18252619140.63
02.12.2020 19:00:00.000,1826.147,1832.328,1823.267,1830.368,20907632812.5
02.12.2020 20:00:00.000,1830.747,1831.418,1821.387,1824.187,29802742187.5
03.12.2020 14:00:00.000,1819.997,1838.757,1819.997,1836.607,20060232421.88
03.12.2020 15:00:00.000,1837.308,1843.128,1825.128,1828.568,27265263671.88
03.12.2020 16:00:00.000,1828.568,1833.887,1817.458,1832.317,20595173828.13
03.12.2020 17:00:00.000,1832.317,1834.978,1818.497,1820.737,22392664062.5
03.12.2020 18:00:00.000,1820.178,1822.828,1816.548,1819.297,19575099609.38
03.12.2020 19:00:00.000,1819.128,1826.928,1819.127,1826.527,17232630859.38
03.12.2020 20:00:00.000,1826.878,1830.288,1818.007,1821.837,33617773437.5
04.12.2020 14:00:00.000,1820.998,1822.538,1811.777,1820.638,18112636718.75
04.12.2020 15:00:00.000,1821.368,1824.888,1816.197,1822.147,19777683593.75
04.12.2020 16:00:00.000,1822.148,1826.668,1818.007,1821.688,19362601562.5
04.12.2020 17:00:00.000,1821.697,1828.728,1820.997,1826.497,12997582031.25
04.12.2020 18:00:00.000,1826.498,1829.188,1823.177,1823.177,13995082031.25
04.12.2020 19:00:00.000,1823.537,1823.598,1818.227,1822.198,15032605468.75
04.12.2020 20:00:00.000,1822.498,1825.818,1819.737,1823.088,28562693359.38
07.12.2020 14:00:00.000,1814.998,1826.978,1809.997,1825.418,18422634765.63
07.12.2020 15:00:00.000,1825.437,1828.948,1816.188,1817.447,24117707031.25
07.12.2020 16:00:00.000,1817.458,1820.017,1812.998,1814.368,17405158203.13
07.12.2020 17:00:00.000,1814.368,1814.368,1807.447,1807.587,12502595703.13
07.12.2020 18:00:00.000,1807.587,1810.168,1802.287,1806.697,15995103515.63
07.12.2020 19:00:00.000,1806.428,1812.935,1803.557,1809.057,14902600585.94
07.12.2020 20:00:00.000,1809.347,1817.728,1805.937,1816.487,32935250000
08.12.2020 14:00:00.000,1806.878,1811.718,1797.077,1799.947,18325191406.25
08.12.2020 15:00:00.000,1801.108,1807.798,1791.037,1806.708,23602687500
08.12.2020 16:00:00.000,1806.707,1810.667,1804.997,1809.987,12845098632.81
08.12.2020 17:00:00.000,1809.988,1813.707,1806.017,1806.387,11697583007.81
08.12.2020 18:00:00.000,1806.378,1808.398,1802.898,1803.008,14027563476.56
08.12.2020 19:00:00.000,1802.948,1809.088,1802.568,1807.068,13395099609.38
08.12.2020 20:00:00.000,1807.408,1815.438,1806.667,1810.748,25490158203.13
09.12.2020 14:00:00.000,1805.787,1827.928,1805.407,1821.747,18370130859.38
09.12.2020 15:00:00.000,1822.207,1824.108,1816.667,1819.148,25070162109.38
09.12.2020 16:00:00.000,1819.148,1819.148,1809.997,1813.687,22097699218.75
09.12.2020 17:00:00.000,1813.708,1814.217,1794.617,1796.757,23520162109.38
09.12.2020 18:00:00.000,1796.758,1800.398,1778.227,1778.548,33637738281.25
09.12.2020 19:00:00.000,1778.547,1782.127,1765.307,1771.448,35050257812.5
09.12.2020 20:00:00.000,1771.467,1781.707,1761.607,1776.587,42905347656.25
10.12.2020 14:00:00.000,1761.258,1763.007,1732.937,1757.348,33935257812.5
10.12.2020 15:00:00.000,1757.348,1772.388,1751.427,1769.987,35067777343.75
10.12.2020 16:00:00.000,1770.347,1773.997,1763.618,1765.747,26360265625
10.12.2020 17:00:00.000,1764.968,1774.648,1764.968,1765.018,20470144531.25
10.12.2020 18:00:00.000,1765.438,1770.918,1763.627,1764.637,18912679687.5
10.12.2020 19:00:00.000,1764.678,1766.927,1754.667,1755.037,24117656250
10.12.2020 20:00:00.000,1755.118,1769.178,1754.667,1766.737,32145316406.25
11.12.2020 14:00:00.000,1755.997,1766.198,1751.338,1760.007,24497789062.5
11.12.2020 15:00:00.000,1760.007,1766.617,1758.547,1761.188,21840246093.75
11.12.2020 16:00:00.000,1761.278,1764.318,1755.397,1760.567,18745164062.5
11.12.2020 17:00:00.000,1760.677,1761.388,1753.797,1760.568,20785210937.5
11.12.2020 18:00:00.000,1760.567,1769.967,1759.607,1767.467,19992666015.63
11.12.2020 19:00:00.000,1767.497,1772.408,1766.048,1768.327,22947707031.25
11.12.2020 20:00:00.000,1768.328,1777.308,1766.737,1774.568,29880402343.75
14.12.2020 14:00:00.000,1767.997,1788.857,1767.997,1787.778,14722674804.69
14.12.2020 15:00:00.000,1788.167,1788.858,1766.097,1767.048,23905332031.25
14.12.2020 16:00:00.000,1767.057,1777.548,1764.997,1772.818,23365154296.88
14.12.2020 17:00:00.000,1772.917,1773.417,1758.547,1759.668,21422500000
14.12.2020 18:00:00.000,1760.507,1764.487,1755.507,1761.798,25035000000
14.12.2020 19:00:00.000,1761.798,1763.728,1756.097,1757.778,32295000000
14.12.2020 20:00:00.000,1757.778,1760.918,1748.997,1752.188,42692500000
15.12.2020 14:00:00.000,1757.627,1763.968,1751.828,1751.928,20110000000
15.12.2020 15:00:00.000,1752.337,1756.078,1746.997,1747.387,34015000000
15.12.2020 16:00:00.000,1747.007,1748.807,1741.517,1743.638,26940000000
15.12.2020 17:00:00.000,1743.638,1748.218,1743.357,1744.998,19162500000
15.12.2020 18:00:00.000,1744.998,1755.658,1744.878,1754.387,20582500000
15.12.2020 19:00:00.000,1754.137,1758.687,1753.407,1755.927,19932500000
15.12.2020 20:00:00.000,1755.797,1761.138,1755.077,1760.647,31617500000
16.12.2020 14:00:00.000,1764.998,1766.518,1749.007,1751.578,19050000000
16.12.2020 15:00:00.000,1751.577,1759.628,1751.178,1757.998,25332500000
16.12.2020 16:00:00.000,1758.228,1760.747,1754.997,1758.148,20297500000
16.12.2020 17:00:00.000,1758.168,1760.858,1752.847,1754.998,14752500000
16.12.2020 18:00:00.000,1754.997,1759.008,1753.187,1757.237,13612500000
16.12.2020 19:00:00.000,1757.237,1757.828,1749.997,1754.408,31462500000
16.12.2020 20:00:00.000,1754.078,1759.778,1750.187,1756.107,32042500000
17.12.2020 14:00:00.000,1761.287,1765.748,1758.107,1764.707,16875000000
17.12.2020 15:00:00.000,1764.747,1765.807,1748.918,1749.738,27037500000
17.12.2020 16:00:00.000,1749.188,1753.688,1745.407,1749.687,17842500000
17.12.2020 17:00:00.000,1749.997,1752.477,1742.997,1746.708,19815000000
17.12.2020 18:00:00.000,1746.708,1747.078,1737.007,1741.368,18107500000
17.12.2020 19:00:00.000,1741.237,1741.748,1737.317,1739.997,16557500000
17.12.2020 20:00:00.000,1739.997,1741.037,1731.067,1739.758,32142500000
18.12.2020 14:00:00.000,1744.718,1747.487,1729.997,1731.117,16582500000
18.12.2020 15:00:00.000,1731.117,1731.688,1721.087,1727.198,32980000000
18.12.2020 16:00:00.000,1727.197,1727.698,1718.998,1722.638,20390000000
18.12.2020 17:00:00.000,1722.638,1728.928,1720.997,1723.148,14805000000
18.12.2020 18:00:00.000,1723.337,1723.757,1716.437,1721.727,17685000000
18.12.2020 19:00:00.000,1721.728,1722.937,1714.947,1716.478,19270000000
18.12.2020 20:00:00.000,1716.477,1733.807,1714.997,1727.337,46370000000
21.12.2020 14:00:00.000,1707.998,1722.247,1703.997,1704.998,25122500000
21.12.2020 15:00:00.000,1704.997,1706.178,1693.778,1700.758,44650000000
21.12.2020 16:00:00.000,1700.757,1716.018,1699.777,1709.257,31067500000
21.12.2020 17:00:00.000,1709.277,1721.707,1708.258,1719.677,21002500000
21.12.2020 18:00:00.000,1719.678,1728.718,1719.677,1726.008,21100000000
21.12.2020 19:00:00.000,1726.008,1736.008,1724.657,1733.447,26217500000
21.12.2020 20:00:00.000,1733.707,1736.787,1728.507,1734.708,39772500000
22.12.2020 14:00:00.000,1726.668,1731.078,1717.418,1725.188,21445000000
22.12.2020 15:00:00.000,1724.998,1732.478,1716.997,1729.587,32762500000
22.12.2020 16:00:00.000,1729.608,1729.908,1706.417,1712.638,23382500000
22.12.2020 17:00:00.000,1712.608,1718.398,1712.607,1713.778,23117500000
22.12.2020 18:00:00.000,1713.777,1717.517,1712.997,1715.377,18175000000
22.12.2020 19:00:00.000,1715.387,1718.137,1714.207,1716.157,22190000000
22.12.2020 20:00:00.000,1716.157,1720.707,1712.997,1718.988,32487500000
23.12.2020 14:00:00.000,1723.718,1742.088,1721.997,1726.157,25080000000
23.12.2020 15:00:00.000,1726.157,1730.305,1720.997,1723.737,24670003906.25
23.12.2020 16:00:00.000,1723.737,1725.948,1721.277,1722.577,16940009765.63
23.12.2020 17:00:00.000,1722.578,1728.367,1721.127,1726.378,9910010742.19
23.12.2020 18:00:00.000,1726.377,1736.967,1725.807,1734.677,13500009765.63
23.12.2020 19:00:00.000,1734.687,1734.838,1730.058,1730.278,11210008789.06
23.12.2020 20:00:00.000,1730.277,1737.727,1727.198,1727.198,25990015625
24.12.2020 14:00:00.000,1728.998,1741.637,1727.107,1733.188,9520009765.63
24.12.2020 15:00:00.000,1733.218,1735.587,1724.997,1725.018,14840010742.19
24.12.2020 16:00:00.000,1725.017,1731.628,1724.277,1726.458,11720011718.75
24.12.2020 17:00:00.000,1726.538,1735.638,1724.997,1734.728,14640013671.88
28.12.2020 14:00:00.000,1741.907,1755.058,1741.087,1753.497,12252510742.19
28.12.2020 15:00:00.000,1753.497,1767.367,1749.107,1762.277,21760015625
28.12.2020 16:00:00.000,1762.278,1766.817,1761.658,1766.337,12090007812.5
28.12.2020 17:00:00.000,1766.827,1782.778,1765.877,1777.827,20230013671.88
28.12.2020 18:00:00.000,1777.827,1786.758,1777.297,1777.587,19190011718.75
28.12.2020 19:00:00.000,1777.588,1779.208,1771.197,1777.997,18460013671.88
28.12.2020 20:00:00.000,1777.998,1780.127,1772.558,1774.068,24280015625
29.12.2020 14:00:00.000,1784.447,1788.527,1766.607,1770.588,19070007812.5
29.12.2020 15:00:00.000,1770.597,1772.158,1762.057,1769.117,25690011718.75
29.12.2020 16:00:00.000,1769.117,1770.048,1757.887,1759.938,18300009765.63
29.12.2020 17:00:00.000,1760.218,1762.948,1756.137,1762.268,20780013671.88
29.12.2020 18:00:00.000,1762.267,1762.268,1758.017,1761.197,15410010742.19
29.12.2020 19:00:00.000,1761.198,1761.908,1755.708,1758.518,13010012695.31
29.12.2020 20:00:00.000,1758.518,1761.608,1755.008,1755.877,22740015625
30.12.2020 14:00:00.000,1762.758,1765.647,1748.097,1748.098,10890007812.5
30.12.2020 15:00:00.000,1748.097,1749.097,1742.197,1749.007,13630009765.63
30.12.2020 16:00:00.000,1749.298,1749.418,1744.048,1745.167,8410005859.38
30.12.2020 17:00:00.000,1745.698,1745.898,1727.997,1728.388,21160013671.88
30.12.2020 18:00:00.000,1728.707,1736.427,1728.707,1734.008,11060013671.88
30.12.2020 19:00:00.000,1734.357,1736.048,1730.217,1735.897,12190014648.44
30.12.2020 20:00:00.000,1735.767,1740.518,1733.657,1736.608,22750015625
31.12.2020 14:00:00.000,1734.997,1757.018,1734.098,1747.048,10630007812.5
31.12.2020 15:00:00.000,1747.057,1752.838,1741.357,1746.998,18470011718.75
31.12.2020 16:00:00.000,1746.997,1749.827,1742.607,1744.158,13140005859.38
31.12.2020 17:00:00.000,1744.287,1749.278,1743.397,1746.478,17630003906.25
31.12.2020 18:00:00.000,1746.598,1746.978,1741.617,1742.567,12010005859.38
31.12.2020 19:00:00.000,1742.527,1748.178,1739.507,1746.298,13120007812.5
31.12.2020 20:00:00.000,1746.298,1754.018,1744.037,1752.007,25610015625
04.01.2021 14:00:00.000,1757.618,1760.558,1745.008,1745.008,16300015625
04.01.2021 15:00:00.000,1745.877,1755.518,1736.318,1736.688,31320023437.5
04.01.2021 16:00:00.000,1736.688,1739.177,1717.918,1718.637,33810027343.75
04.01.2021 17:00:00.000,1718.637,1720.158,1706.997,1712.037,42790023437.5
04.01.2021 18:00:00.000,1711.948,1728.808,1709.477,1727.728,29290015625
04.01.2021 19:00:00.000,1727.737,1728.668,1720.527,1726.467,26220019531.25
04.01.2021 20:00:00.000,1725.948,1733.827,1722.047,1726.138,40360035156.25
05.01.2021 14:00:00.000,1724.217,1743.608,1716.497,1742.298,25660013671.88
05.01.2021 15:00:00.000,1743.408,1746.390,1730.997,1732.827,27640017578.13
05.01.2021 16:00:00.000,1733.118,1736.307,1728.198,1732.778,17840013671.88
05.01.2021 17:00:00.000,1732.838,1733.848,1727.997,1732.057,20200011718.75
05.01.2021 18:00:00.000,1732.058,1737.548,1731.027,1735.188,10710009765.63
05.01.2021 19:00:00.000,1735.188,1741.697,1735.188,1736.358,15820013671.88
05.01.2021 20:00:00.000,1736.578,1740.907,1731.737,1738.418,26610017578.13
06.01.2021 14:00:00.000,1698.058,1718.317,1695.997,1709.997,28850019531.25
06.01.2021 15:00:00.000,1710.007,1743.338,1707.317,1731.408,29480023437.5
06.01.2021 16:00:00.000,1731.407,1738.468,1723.727,1724.677,22750017578.13
06.01.2021 17:00:00.000,1725.248,1728.438,1717.997,1722.818,17930017578.13
06.01.2021 18:00:00.000,1722.798,1734.368,1720.417,1727.898,21040015625
06.01.2021 19:00:00.000,1727.897,1732.598,1717.997,1719.488,31650019531.25
06.01.2021 20:00:00.000,1719.487,1727.888,1713.667,1722.328,49460027343.75
07.01.2021 14:00:00.000,1727.798,1766.328,1724.997,1765.607,23880017578.13
07.01.2021 15:00:00.000,1765.607,1771.108,1756.318,1761.407,27890021484.38
07.01.2021 16:00:00.000,1761.788,1766.378,1752.167,1761.628,19970015625
07.01.2021 17:00:00.000,1761.667,1768.188,1759.237,1767.658,1511710815.43
07.01.2021 18:00:00.000,1767.797,1773.778,1763.757,1766.478,154511886.6
07.01.2021 19:00:00.000,1766.557,1766.767,1758.538,1760.658,174676376.34
07.01.2021 20:00:00.000,1760.777,1777.907,1759.937,1773.908,329016418.46
08.01.2021 14:00:00.000,1775.078,1789.187,1769.997,1776.127,304509246.83
08.01.2021 15:00:00.000,1776.518,1778.357,1762.307,1774.167,342217590.33
08.01.2021 16:00:00.000,1774.167,1777.097,1765.758,1772.547,219108306.88
08.01.2021 17:00:00.000,1772.548,1779.738,1770.407,1775.498,215010635.38
08.01.2021 18:00:00.000,1775.547,1781.687,1770.467,1780.257,253319259.64
08.01.2021 19:00:00.000,1780.348,1790.057,1780.117,1788.878,284818817.14
08.01.2021 20:00:00.000,1789.418,1799.187,1785.248,1797.668,381722076.42
11.01.2021 14:00:00.000,1774.647,1783.868,1762.457,1776.677,249713974
11.01.2021 15:00:00.000,1776.677,1783.757,1766.627,1768.898,283219146.73
11.01.2021 16:00:00.000,1768.497,1772.648,1763.997,1772.388,199515045.17
11.01.2021 17:00:00.000,1772.787,1777.767,1768.877,1775.717,159011306.76
11.01.2021 18:00:00.000,1776.107,1776.877,1765.897,1766.427,143311386.11
11.01.2021 19:00:00.000,1766.428,1766.428,1756.127,1761.767,201013870.24
11.01.2021 20:00:00.000,1762.257,1763.727,1751.887,1756.277,432031372.07
12.01.2021 14:00:00.000,1742.798,1766.948,1740.627,1744.877,211610900.88
12.01.2021 15:00:00.000,1744.987,1751.388,1740.847,1746.258,282113922.12
12.01.2021 16:00:00.000,1746.257,1749.458,1730.187,1734.237,216912246.7
12.01.2021 17:00:00.000,1734.238,1734.928,1716.097,1729.417,293917175.29
12.01.2021 18:00:00.000,1729.418,1743.217,1727.997,1738.047,192611877.44
12.01.2021 19:00:00.000,1738.778,1741.868,1730.667,1733.828,223912246.7
12.01.2021 20:00:00.000,1734.148,1740.977,1731.207,1737.898,274118621.83
13.01.2021 14:00:00.000,1724.998,1746.858,1724.998,1738.148,171008636.47
13.01.2021 15:00:00.000,1738.198,1755.818,1735.997,1753.527,204619689.94
13.01.2021 16:00:00.000,1753.528,1755.898,1748.427,1749.247,175311309.81
13.01.2021 17:00:00.000,1749.258,1752.917,1742.458,1749.168,150312896.73
13.01.2021 18:00:00.000,1748.907,1751.808,1745.857,1747.697,153111053.47
13.01.2021 19:00:00.000,1747.707,1751.888,1742.698,1742.718,186912597.66
13.01.2021 20:00:00.000,1742.717,1751.158,1737.227,1747.837,267117401.12
14.01.2021 14:00:00.000,1745.497,1761.848,1745.017,1760.988,198213714.6
14.01.2021 15:00:00.000,1761.308,1766.928,1751.497,1755.647,253017944.34
14.01.2021 16:00:00.000,1755.647,1756.008,1739.037,1739.038,233714309.69
14.01.2021 17:00:00.000,1739.518,1739.798,1726.107,1737.917,190114944.46
14.01.2021 18:00:00.000,1737.938,1743.107,1736.757,1740.537,179213989.26
14.01.2021 19:00:00.000,1740.537,1742.798,1735.387,1739.187,139411682.13
14.01.2021 20:00:00.000,1739.187,1739.888,1728.197,1730.917,329120849.61
15.01.2021 14:00:00.000,1728.018,1746.977,1726.117,1736.927,200809112.55
15.01.2021 15:00:00.000,1736.687,1738.588,1719.427,1722.927,308309021
15.01.2021 16:00:00.000,1723.468,1734.377,1711.297,1729.208,229611557.01
15.01.2021 17:00:00.000,1729.208,1738.158,1727.848,1734.098,193208175.66
15.01.2021 18:00:00.000,1734.098,1744.367,1731.448,1743.107,174010849
15.01.2021 19:00:00.000,1743.107,1744.507,1737.447,1737.547,132009841.92
15.01.2021 20:00:00.000,1737.548,1740.458,1725.838,1727.617,292816650.39
19.01.2021 14:00:00.000,1742.787,1756.628,1735.057,1740.778,230011291.5
19.01.2021 15:00:00.000,1740.627,1749.208,1736.157,1739.858,291312561.04
19.01.2021 16:00:00.000,1739.857,1749.758,1732.107,1749.587,253209747.31
19.01.2021 17:00:00.000,1748.748,1785.448,1747.857,1783.588,269813476.56
19.01.2021 18:00:00.000,1783.767,1803.098,1780.287,1797.108,204711898.8
19.01.2021 19:00:00.000,1797.377,1800.588,1785.137,1789.118,173311584.47
19.01.2021 20:00:00.000,1789.128,1793.605,1782.407,1784.478,241714569.09
20.01.2021 14:00:00.000,1823.477,1852.527,1817.917,1828.177,277812011.72
20.01.2021 15:00:00.000,1829.027,1866.788,1829.027,1862.137,378618011.47
20.01.2021 16:00:00.000,1862.058,1878.558,1860.467,1871.127,280213409.42
20.01.2021 17:00:00.000,1871.458,1880.727,1860.048,1875.938,196010147.09
20.01.2021 18:00:00.000,1876.017,1891.428,1873.687,1880.508,170011383.06
20.01.2021 19:00:00.000,1880.508,1898.388,1876.117,1894.517,206710327.15
20.01.2021 20:00:00.000,1894.518,1899.007,1879.177,1879.807,282721923.83
21.01.2021 14:00:00.000,1892.948,1927.768,1891.078,1925.887,383714904.79
21.01.2021 15:00:00.000,1925.907,1931.597,1907.118,1912.737,371718261.72
21.01.2021 16:00:00.000,1912.738,1913.558,1899.948,1908.948,220511062.62
21.01.2021 17:00:00.000,1908.948,1910.117,1896.787,1901.308,187008972.17
21.01.2021 18:00:00.000,1901.308,1903.157,1879.317,1879.997,205115707.4
21.01.2021 19:00:00.000,1880.167,1901.677,1879.997,1900.438,172410293.58
21.01.2021 20:00:00.000,1900.397,1900.437,1879.937,1883.518,267713745.12
22.01.2021 14:00:00.000,1886.487,1901.688,1875.747,1896.637,211209396.36
22.01.2021 15:00:00.000,1896.637,1902.848,1889.998,1893.837,292110809.33
22.01.2021 16:00:00.000,1893.758,1903.617,1892.097,1897.198,182308837.89
22.01.2021 17:00:00.000,1897.198,1904.118,1894.997,1897.588,162207443.24
22.01.2021 18:00:00.000,1897.878,1902.107,1893.147,1899.607,138406402.59
22.01.2021 19:00:00.000,1899.618,1901.797,1896.377,1900.027,147105850.22
22.01.2021 20:00:00.000,1900.498,1901.167,1891.217,1891.477,224310058.59
25.01.2021 14:00:00.000,1912.327,1920.568,1905.638,1906.398,190811553.96
25.01.2021 15:00:00.000,1907.747,1910.778,1870.747,1871.818,327416046.14
25.01.2021 16:00:00.000,1871.817,1890.008,1857.537,1876.708,260515563.96
25.01.2021 17:00:00.000,1877.038,1879.648,1861.707,1876.678,238710739.14
25.01.2021 18:00:00.000,1877.318,1878.577,1863.008,1868.838,241911880.49
25.01.2021 19:00:00.000,1868.927,1878.867,1866.787,1875.667,162509811.4
25.01.2021 20:00:00.000,1875.407,1898.078,1870.778,1893.818,390415863.04
26.01.2021 14:00:00.000,1883.998,1897.257,1875.017,1888.888,202014648.44
26.01.2021 15:00:00.000,1888.887,1913.938,1887.147,1904.728,290114501.95
26.01.2021 16:00:00.000,1904.788,1907.768,1895.997,1895.997,191710189.82
26.01.2021 17:00:00.000,1895.998,1909.098,1895.367,1902.357,176209777.83
26.01.2021 18:00:00.000,1903.248,1915.188,1900.517,1910.348,126007392.88
26.01.2021 19:00:00.000,1910.217,1914.778,1902.017,1908.507,164608673.1
26.01.2021 20:00:00.000,1908.508,1914.817,1903.517,1907.907,284613708.5
27.01.2021 14:00:00.000,1873.348,1880.468,1810.568,1840.257,307117492.68
27.01.2021 15:00:00.000,1840.257,1860.568,1835.117,1852.138,401323730.47
27.01.2021 16:00:00.000,1851.998,1852.188,1817.997,1819.887,361624664.31
27.01.2021 17:00:00.000,1819.887,1847.857,1815.987,1837.237,337826965.33
27.01.2021 18:00:00.000,1837.237,1846.718,1834.998,1836.977,256813201.9
27.01.2021 19:00:00.000,1836.977,1842.678,1813.717,1816.888,374119049.07
27.01.2021 20:00:00.000,1816.938,1823.478,1796.278,1819.838,613032470.7
28.01.2021 14:00:00.000,1831.018,1864.308,1829.997,1853.018,265417816.16
28.01.2021 15:00:00.000,1853.867,1859.998,1839.088,1852.487,351321319.58
28.01.2021 16:00:00.000,1853.068,1867.918,1853.068,1865.938,229915618.9
28.01.2021 17:00:00.000,1865.948,1879.818,1862.447,1879.818,172813354.49
28.01.2021 18:00:00.000,1880.058,1886.458,1877.508,1881.198,184110778.81
28.01.2021 19:00:00.000,1881.198,1883.357,1861.288,1867.647,196508911.13
28.01.2021 20:00:00.000,1867.647,1867.867,1850.037,1850.038,330116943.36
29.01.2021 14:00:00.000,1833.607,1837.268,1814.507,1825.098,228414840.7
29.01.2021 15:00:00.000,1825.288,1844.368,1822.037,1842.827,304615753.17
29.01.2021 16:00:00.000,1843.167,1846.428,1819.277,1826.608,341212036.13
29.01.2021 17:00:00.000,1826.608,1828.038,1803.347,1803.707,359614654.54
29.01.2021 18:00:00.000,1803.708,1822.268,1801.537,1817.588,312516021.73
29.01.2021 19:00:00.000,1817.588,1835.817,1817.588,1828.058,285616149.9
29.01.2021 20:00:00.000,1828.077,1844.757,1828.077,1829.567,448021270.75
01.02.2021 14:00:00.000,1843.197,1864.588,1843.197,1851.108,261027709.96
01.02.2021 15:00:00.000,1851.107,1873.118,1845.927,1854.257,320122100.83
01.02.2021 16:00:00.000,1855.488,1888.810,1851.987,1879.678,355716552.73
01.02.2021 17:00:00.000,1880.178,1907.438,1880.177,1904.078,259221130.37
01.02.2021 18:00:00.000,1904.087,1915.087,1897.848,1903.268,189315475.46
01.02.2021 19:00:00.000,1903.287,1906.807,1898.127,1899.898,180811889.65
01.02.2021 20:00:00.000,1899.657,1901.628,1890.977,1893.937,265620056.15
02.02.2021 14:00:00.000,1912.017,1948.188,1909.997,1910.038,318418365.48
02.02.2021 15:00:00.000,1910.557,1933.247,1905.248,1925.638,392021148.68
02.02.2021 16:00:00.000,1925.478,1929.468,1917.518,1929.298,207517456.05
02.02.2021 17:00:00.000,1929.518,1934.727,1923.318,1926.978,186814437.87
02.02.2021 18:00:00.000,1927.158,1929.328,1917.518,1926.337,169716918.95
02.02.2021 19:00:00.000,1926.337,1932.938,1923.838,1930.058,213815612.79
02.02.2021 20:00:00.000,1929.328,1937.727,1915.398,1917.597,382826995.85
03.02.2021 14:00:00.000,2064.928,2083.218,2012.387,2074.908,326818023.68
03.02.2021 15:00:00.000,2074.908,2079.647,2042.557,2056.178,530532775.88
03.02.2021 16:00:00.000,2056.527,2070.648,2056.177,2067.168,272419128.42
03.02.2021 17:00:00.000,2067.168,2081.268,2067.168,2076.098,271426361.08
03.02.2021 18:00:00.000,2075.777,2095.177,2070.217,2095.177,252421585.08
03.02.2021 19:00:00.000,2095.208,2105.767,2087.418,2093.567,274517303.47
03.02.2021 20:00:00.000,2093.667,2098.267,2057.627,2057.628,407329193.12
04.02.2021 14:00:00.000,2061.068,2068.228,2038.038,2045.508,284821533.2
04.02.2021 15:00:00.000,2045.528,2053.767,2035.167,2041.288,355825897.22
04.02.2021 16:00:00.000,2041.287,2051.687,2034.997,2043.148,235616607.67
04.02.2021 17:00:00.000,2043.148,2047.178,2038.617,2045.238,154413101.2
04.02.2021 18:00:00.000,2045.267,2054.027,2043.128,2045.588,182212661.74
04.02.2021 19:00:00.000,2045.588,2056.188,2043.518,2053.068,183213760.38
04.02.2021 20:00:00.000,2053.067,2056.408,2045.947,2053.308,305223327.64
05.02.2021 14:00:00.000,2057.488,2074.127,2049.087,2055.018,213114746.09
05.02.2021 15:00:00.000,2055.037,2068.018,2055.037,2064.718,274317230.22
05.02.2021 16:00:00.000,2064.718,2068.762,2059.368,2064.847,157011077.88
05.02.2021 17:00:00.000,2064.218,2085.637,2063.997,2083.737,182113220.21
05.02.2021 18:00:00.000,2084.357,2095.158,2081.537,2081.797,195017486.57
05.02.2021 19:00:00.000,2081.917,2090.358,2079.147,2079.998,171111038.21
05.02.2021 20:00:00.000,2079.997,2090.287,2077.937,2088.467,271221496.58
08.02.2021 14:00:00.000,2096.977,2113.948,2076.478,2087.087,196111557.01
08.02.2021 15:00:00.000,2087.087,2095.328,2075.177,2082.227,313520782.47
08.02.2021 16:00:00.000,2082.288,2084.908,2063.078,2070.617,238215042.11
08.02.2021 17:00:00.000,2071.007,2078.648,2062.947,2072.047,193810729.98
08.02.2021 18:00:00.000,2072.047,2081.028,2069.997,2075.908,147810531.62
08.02.2021 19:00:00.000,2075.898,2078.838,2072.357,2075.248,129908752.44
08.02.2021 20:00:00.000,2075.248,2084.807,2074.097,2082.927,227914764.4
09.02.2021 14:00:00.000,2070.258,2097.578,2070.258,2095.697,150413711.55
09.02.2021 15:00:00.000,2095.697,2096.068,2085.257,2088.017,183013046.26
09.02.2021 16:00:00.000,2088.058,2088.137,2082.457,2083.938,28702079.77
09.02.2021 17:00:00.000,2083.678,2090.787,2081.758,2086.887,167013442.99
09.02.2021 18:00:00.000,2086.728,2088.128,2075.327,2075.598,155211761.47
09.02.2021 19:00:00.000,2075.597,2082.198,2075.597,2080.538,139809188.84
09.02.2021 20:00:00.000,2080.597,2087.368,2069.617,2073.738,255512130.74
10.02.2021 14:00:00.000,2084.997,2097.748,2081.917,2087.647,206907363.89
10.02.2021 15:00:00.000,2087.648,2094.837,2051.007,2069.418,371924346.92
10.02.2021 16:00:00.000,2069.418,2079.858,2063.967,2074.658,213415435.79
10.02.2021 17:00:00.000,2074.658,2078.967,2067.408,2076.518,171914001.46
10.02.2021 18:00:00.000,2076.518,2084.668,2074.997,2083.047,122108467.1
10.02.2021 19:00:00.000,2083.047,2089.748,2077.668,2086.737,194012573.24
10.02.2021 20:00:00.000,2086.748,2090.738,2080.717,2085.837,257415924.07
11.02.2021 14:00:00.000,2089.998,2092.447,2069.997,2071.447,140007278.44
11.02.2021 15:00:00.000,2072.587,2079.638,2068.597,2074.538,229212829.59
11.02.2021 16:00:00.000,2074.477,2086.237,2071.527,2080.587,150809310.91
11.02.2021 17:00:00.000,2081.017,2084.508,2069.297,2077.997,206814224.24
11.02.2021 18:00:00.000,2077.997,2083.637,2076.167,2079.607,120107803.34
11.02.2021 19:00:00.000,2079.608,2080.008,2070.587,2079.087,160111770.63
11.02.2021 20:00:00.000,2078.968,2090.547,2078.097,2087.737,289915679.93
12.02.2021 14:00:00.000,2078.558,2089.607,2073.278,2088.957,193714767.46
12.02.2021 15:00:00.000,2088.967,2095.498,2081.497,2085.637,198510269.17
12.02.2021 16:00:00.000,2085.908,2087.357,2080.077,2085.348,159710403.44
12.02.2021 17:00:00.000,2085.348,2088.247,2082.007,2086.808,138609176.64
12.02.2021 18:00:00.000,2086.808,2090.267,2082.677,2086.498,135307846.07
12.02.2021 19:00:00.000,2086.547,2094.518,2083.357,2092.918,145813461.3
12.02.2021 20:00:00.000,2092.967,2098.897,2089.198,2095.018,204911087.04
16.02.2021 14:00:00.000,2093.978,2130.558,2093.977,2125.347,153208129.88
16.02.2021 15:00:00.000,2125.678,2144.687,2120.537,2131.847,304817535.4
16.02.2021 16:00:00.000,2131.847,2132.188,2116.068,2120.368,238618911.74
16.02.2021 17:00:00.000,2120.187,2128.057,2113.177,2123.997,251418624.88
16.02.2021 18:00:00.000,2123.997,2130.278,2116.488,2118.687,201613708.5
16.02.2021 19:00:00.000,2118.978,2121.697,2112.207,2112.707,192112823.49
16.02.2021 20:00:00.000,2112.707,2115.538,2106.197,2110.077,294216522.22
17.02.2021 14:00:00.000,2090.067,2115.098,2084.997,2108.578,189114593.51
17.02.2021 15:00:00.000,2109.378,2115.418,2097.187,2115.418,304019470.21
17.02.2021 16:00:00.000,2115.448,2118.798,2098.528,2106.677,295014373.78
17.02.2021 17:00:00.000,2106.677,2119.248,2106.257,2117.008,193614791.87
17.02.2021 18:00:00.000,2116.707,2122.207,2114.907,2116.067,205610397.34
17.02.2021 19:00:00.000,2116.067,2119.978,2107.997,2111.638,197810012.82
17.02.2021 20:00:00.000,2111.637,2121.708,2111.057,2118.107,232012878.42
18.02.2021 14:00:00.000,2100.788,2107.658,2092.548,2101.647,174912826.54
18.02.2021 15:00:00.000,2101.777,2107.278,2093.608,2102.488,293516448.97
18.02.2021 16:00:00.000,2102.487,2105.038,2097.307,2100.558,243115829.47
18.02.2021 17:00:00.000,2100.108,2103.937,2094.997,2099.318,149510971.07
18.02.2021 18:00:00.000,2099.837,2107.277,2097.347,2104.317,146910934.45
18.02.2021 19:00:00.000,2104.317,2116.438,2102.277,2115.757,148611679.08
18.02.2021 20:00:00.000,2115.757,2121.458,2103.957,2105.398,243912353.52
19.02.2021 14:00:00.000,2108.397,2117.908,2097.157,2116.337,162411132.81
19.02.2021 15:00:00.000,2116.337,2118.337,2105.387,2115.137,239817840.58
19.02.2021 16:00:00.000,2115.138,2117.528,2108.207,2108.988,159810913.09
19.02.2021 17:00:00.000,2109.008,2109.838,2087.898,2093.448,256817230.22
19.02.2021 18:00:00.000,2093.447,2097.058,2085.827,2095.138,199614318.85
19.02.2021 19:00:00.000,2095.187,2099.517,2089.487,2096.798,198510696.41
19.02.2021 20:00:00.000,2096.797,2099.758,2083.298,2087.417,329923126.22
22.02.2021 14:00:00.000,2052.518,2075.688,2048.017,2071.388,216813934.33
22.02.2021 15:00:00.000,2070.897,2075.408,2057.137,2059.228,305918762.21
22.02.2021 16:00:00.000,2058.708,2070.575,2052.587,2066.518,283714569.09
22.02.2021 17:00:00.000,2066.517,2068.377,2057.888,2066.787,217512893.68
22.02.2021 18:00:00.000,2066.788,2080.068,2057.747,2073.957,197410812.38
22.02.2021 19:00:00.000,2073.937,2074.918,2062.837,2065.867,139710876.46
22.02.2021 20:00:00.000,2065.867,2065.867,2052.337,2053.377,343918304.44
23.02.2021 14:00:00.000,2013.158,2022.668,1989.448,2008.147,348622467.04
23.02.2021 15:00:00.000,2006.347,2058.667,2001.068,2047.118,537534484.86
23.02.2021 16:00:00.000,2047.137,2054.687,2031.177,2034.567,311124542.24
23.02.2021 17:00:00.000,2034.588,2042.318,2013.647,2016.088,316418701.17
23.02.2021 18:00:00.000,2016.137,2039.697,2012.537,2036.718,243823928.83
23.02.2021 19:00:00.000,2036.718,2047.088,2029.817,2046.437,306617340.09
23.02.2021 20:00:00.000,2047.098,2071.528,2045.627,2059.258,354121856.69
24.02.2021 14:00:00.000,2030.277,2048.528,2026.128,2037.777,254717193.6
24.02.2021 15:00:00.000,2037.578,2057.788,2029.757,2054.348,373521209.72
24.02.2021 16:00:00.000,2054.348,2061.778,2049.037,2061.487,301915863.04
24.02.2021 17:00:00.000,2061.657,2080.867,2061.488,2069.907,284611328.13
24.02.2021 18:00:00.000,2070.057,2080.868,2063.057,2076.777,255716659.55
24.02.2021 19:00:00.000,2076.778,2079.718,2070.288,2078.557,188816406.25
24.02.2021 20:00:00.000,2078.298,2088.078,2074.977,2082.838,328922882.08
25.02.2021 14:00:00.000,2055.318,2082.378,2055.317,2066.397,237710250.85
25.02.2021 15:00:00.000,2066.397,2066.868,2039.997,2054.217,348523895.26
25.02.2021 16:00:00.000,2054.218,2056.008,2030.918,2032.397,353813537.6
25.02.2021 17:00:00.000,2032.397,2040.827,2014.988,2019.427,382717102.05
25.02.2021 18:00:00.000,2017.428,2033.838,2006.487,2021.198,679017822.27
25.02.2021 19:00:00.000,2021.198,2039.818,2018.367,2026.227,337110656.74
25.02.2021 20:00:00.000,2026.227,2029.797,2005.997,2015.937,564023925.78
26.02.2021 14:00:00.000,2030.387,2054.938,2016.177,2020.077,125809585.57
26.02.2021 15:00:00.000,2020.088,2033.078,1999.997,2028.898,263816375.73
26.02.2021 16:00:00.000,2028.897,2039.988,2016.567,2031.338,190312835.69
26.02.2021 17:00:00.000,2031.337,2050.427,2029.267,2036.507,180312927.25
26.02.2021 18:00:00.000,2036.617,2046.168,2026.578,2028.208,205112670.9
26.02.2021 19:00:00.000,2028.208,2042.148,2022.548,2036.938,189611221.31
26.02.2021 20:00:00.000,2036.937,2045.958,2017.427,2018.617,318920928.96
01.03.2021 14:00:00.000,2044.587,2054.787,2034.017,2037.877,155508468.63
01.03.2021 15:00:00.000,2038.448,2066.288,2033.048,2059.787,281814453.13
01.03.2021 16:00:00.000,2059.788,2062.138,2051.047,2060.487,153308990.48
01.03.2021 17:00:00.000,2060.488,2061.608,2052.357,2053.948,200813018.8
01.03.2021 18:00:00.000,2053.947,2062.708,2050.997,2060.188,134311981.2
01.03.2021 19:00:00.000,2060.567,2071.377,2059.828,2068.708,145710144.04
01.03.2021 20:00:00.000,2068.708,2075.887,2064.677,2068.658,237817581.18
02.03.2021 14:00:00.000,2063.257,2081.718,2058.257,2073.097,140008361.82
02.03.2021 15:00:00.000,2073.097,2082.708,2063.997,2071.997,351115020.75
02.03.2021 16:00:00.000,2071.997,2073.148,2060.368,2066.357,193011779.79
02.03.2021 17:00:00.000,2065.957,2078.787,2064.057,2074.328,166009567.26
02.03.2021 18:00:00.000,2074.257,2093.998,2072.607,2089.337,259012207.03
02.03.2021 19:00:00.000,2089.777,2091.688,2069.307,2076.177,236412673.95
02.03.2021 20:00:00.000,2076.798,2081.068,2062.487,2063.168,355620361.33
03.03.2021 14:00:00.000,2057.998,2075.978,2036.737,2038.248,212213455.2
03.03.2021 15:00:00.000,2038.247,2048.597,2026.997,2041.088,345320495.61
03.03.2021 16:00:00.000,2041.568,2053.448,2039.947,2042.607,249715637.21
03.03.2021 17:00:00.000,2042.607,2045.508,2027.447,2027.748,225812576.29
03.03.2021 18:00:00.000,2027.748,2032.088,2009.997,2014.228,293316894.53
03.03.2021 19:00:00.000,2014.228,2018.617,1994.998,2014.478,356921783.45
03.03.2021 20:00:00.000,2014.527,2028.707,2009.137,2010.047,415918579.1
04.03.2021 14:00:00.000,2012.038,2050.748,2010.217,2018.358,195511291.5
04.03.2021 15:00:00.000,2021.517,2051.257,2005.707,2037.717,316119262.7
04.03.2021 16:00:00.000,2037.718,2067.807,2031.358,2057.157,359418212.89
04.03.2021 17:00:00.000,2058.405,2074.128,2019.997,2029.298,483223449.71
04.03.2021 18:00:00.000,2029.297,2036.408,2012.257,2016.407,332017547.61
04.03.2021 19:00:00.000,2016.408,2053.127,2016.407,2050.327,349720062.26
04.03.2021 20:00:00.000,2050.327,2053.018,2024.967,2032.977,442925079.35
05.03.2021 14:00:00.000,2056.998,2073.487,2049.997,2062.578,217213226.32
05.03.2021 15:00:00.000,2062.607,2080.377,2040.027,2043.448,384723541.26
05.03.2021 16:00:00.000,2043.448,2054.207,2027.417,2047.017,336920074.46
05.03.2021 17:00:00.000,2047.038,2082.007,2032.347,2074.628,331517669.68
05.03.2021 18:00:00.000,2075.248,2081.208,2057.967,2069.668,306122406.01
05.03.2021 19:00:00.000,2069.957,2097.267,2061.768,2096.037,314417053.22
05.03.2021 20:00:00.000,2096.037,2105.587,2087.217,2095.357,478427734.38
08.03.2021 14:00:00.000,2082.998,2102.428,2072.997,2085.297,263515716.55
08.03.2021 15:00:00.000,2085.298,2112.708,2075.787,2093.058,391324401.86
08.03.2021 16:00:00.000,2093.058,2099.017,2069.997,2070.847,274618286.13
08.03.2021 17:00:00.000,2070.848,2073.067,2054.997,2056.257,236817428.59
08.03.2021 18:00:00.000,2056.237,2064.887,2037.197,2037.507,242721115.11
08.03.2021 19:00:00.000,2037.398,2047.798,2023.887,2026.978,270824249.27
08.03.2021 20:00:00.000,2027.067,2028.067,2004.997,2005.297,385923919.68
09.03.2021 14:00:00.000,2049.567,2062.858,2038.637,2056.228,212413711.55
09.03.2021 15:00:00.000,2057.407,2063.097,2048.077,2050.058,230918273.93
09.03.2021 16:00:00.000,2050.057,2057.907,2044.368,2051.928,174410369.87
09.03.2021 17:00:00.000,2051.927,2058.868,2050.697,2053.777,199911788.94
09.03.2021 18:00:00.000,2053.967,2060.028,2049.997,2054.567,199212341.31
09.03.2021 19:00:00.000,2054.588,2057.368,2046.707,2048.618,158312530.52
09.03.2021 20:00:00.000,2048.647,2056.548,2035.447,2038.737,320318237.3
10.03.2021 14:00:00.000,2060.158,2060.507,2043.847,2044.017,194313507.08
10.03.2021 15:00:00.000,2044.018,2053.338,2018.997,2025.737,353722808.84
10.03.2021 16:00:00.000,2025.997,2039.488,2020.997,2035.587,282417968.75
10.03.2021 17:00:00.000,2036.108,2044.178,2032.007,2038.048,225617553.71
10.03.2021 18:00:00.000,2038.767,2043.648,2026.588,2034.007,309418518.07
10.03.2021 19:00:00.000,2033.887,2050.977,2032.507,2046.568,188414474.49
10.03.2021 20:00:00.000,2046.647,2051.648,2033.217,2035.777,275416137.7
11.03.2021 14:00:00.000,2057.788,2076.008,2054.107,2072.098,174214752.2
11.03.2021 15:00:00.000,2073.378,2085.747,2066.428,2085.357,242216934.2
11.03.2021 16:00:00.000,2085.838,2095.577,2081.517,2094.508,214613494.87
11.03.2021 17:00:00.000,2094.908,2102.568,2091.477,2098.128,183408950.81
11.03.2021 18:00:00.000,2098.127,2107.087,2095.757,2103.897,212611968.99
11.03.2021 19:00:00.000,2104.657,2110.757,2100.378,2101.107,226112548.83
11.03.2021 20:00:00.000,2101.098,2109.127,2096.837,2100.007,259616333.01
12.03.2021 14:00:00.000,2073.808,2076.518,2052.557,2061.457,347810241.7
12.03.2021 15:00:00.000,2061.687,2062.227,2032.428,2034.747,419523345.95
12.03.2021 16:00:00.000,2034.748,2051.837,2031.398,2048.048,330918884.28
12.03.2021 17:00:00.000,2048.047,2059.677,2045.198,2050.008,270113861.08
12.03.2021 18:00:00.000,2049.597,2052.478,2041.497,2041.568,183313110.35
12.03.2021 19:00:00.000,2041.597,2048.428,2037.997,2045.218,276219635.01
12.03.2021 20:00:00.000,2045.217,2055.548,2040.757,2049.968,346724182.13
15.03.2021 13:00:00.000,2046.117,2047.717,2031.998,2040.828,174012924.19
15.03.2021 14:00:00.000,2040.827,2044.678,2028.768,2043.668,300623199.46
15.03.2021 15:00:00.000,2042.407,2042.917,2027.367,2033.528,211215530.4
15.03.2021 16:00:00.000,2032.037,2037.028,2031.067,2036.408,241313415.53
15.03.2021 17:00:00.000,2036.407,2038.458,2028.997,2034.297,171709899.9
15.03.2021 18:00:00.000,2034.347,2045.137,2034.308,2043.397,166512969.97
15.03.2021 19:00:00.000,2043.438,2054.528,2036.048,2052.398,278520111.08
16.03.2021 13:00:00.000,2063.907,2089.888,2057.528,2088.287,189916519.17
16.03.2021 14:00:00.000,2088.297,2113.178,2085.837,2108.517,313418609.62
16.03.2021 15:00:00.000,2107.907,2111.708,2092.718,2094.447,246716064.45
16.03.2021 16:00:00.000,2094.957,2098.728,2082.498,2088.838,209015304.57
16.03.2021 17:00:00.000,2088.838,2092.567,2077.747,2082.428,197712814.33
16.03.2021 18:00:00.000,2082.088,2085.860,2071.367,2079.998,273115814.21
16.03.2021 19:00:00.000,2079.998,2092.547,2076.937,2083.277,329526611.33
17.03.2021 13:00:00.000,2066.558,2077.267,2055.997,2067.188,254610687.26
17.03.2021 14:00:00.000,2067.187,2073.768,2055.097,2058.908,318723785.4
17.03.2021 15:00:00.000,2058.907,2058.907,2045.647,2048.917,272226104.74
17.03.2021 16:00:00.000,2048.918,2056.718,2043.828,2047.847,212715621.95
17.03.2021 17:00:00.000,2047.827,2058.227,2046.998,2055.007,221715713.5
17.03.2021 18:00:00.000,2055.297,2094.997,2055.297,2094.448,491234924.32
17.03.2021 19:00:00.000,2094.447,2098.707,2071.787,2082.027,474535217.29
18.03.2021 13:00:00.000,2047.658,2067.088,2047.547,2058.408,222918167.11
18.03.2021 14:00:00.000,2058.408,2063.048,2048.007,2055.897,476431365.97
18.03.2021 15:00:00.000,2055.848,2059.658,2049.127,2052.838,383022735.6
18.03.2021 16:00:00.000,2052.838,2058.788,2041.578,2042.818,289523376.46
18.03.2021 17:00:00.000,2042.817,2058.938,2042.497,2057.507,252622650.15
18.03.2021 18:00:00.000,2058.287,2059.667,2030.217,2035.977,381625244.14
18.03.2021 19:00:00.000,2035.977,2038.178,2018.757,2020.948,556937255.86
19.03.2021 13:00:00.000,2024.997,2029.758,2007.907,2012.347,270723968.51
19.03.2021 14:00:00.000,2012.308,2027.017,2001.177,2026.487,461528320.31
19.03.2021 15:00:00.000,2027.468,2033.728,2016.417,2029.038,342424621.58
19.03.2021 16:00:00.000,2029.547,2033.208,2025.157,2031.298,292126098.63
19.03.2021 17:00:00.000,2031.317,2035.407,2024.977,2033.448,265025299.07
19.03.2021 18:00:00.000,2033.728,2036.358,2025.878,2036.137,253120849.61
19.03.2021 19:00:00.000,2036.137,2037.018,2024.367,2024.558,365326477.05
22.03.2021 13:00:00.000,2027.587,2033.347,2011.987,2025.997,207613586.43
22.03.2021 14:00:00.000,2026.488,2030.057,2014.997,2024.818,331520111.08
22.03.2021 15:00:00.000,2024.818,2030.868,2021.217,2028.617,259521148.68
22.03.2021 16:00:00.000,2028.688,2047.747,2028.227,2043.687,283823089.6
22.03.2021 17:00:00.000,2043.437,2047.828,2038.828,2043.668,228124923.71
22.03.2021 18:00:00.000,2043.997,2048.028,2035.877,2040.368,256925964.36
22.03.2021 19:00:00.000,2040.358,2046.137,2024.997,2029.577,464738006.59
23.03.2021 13:00:00.000,2040.547,2040.547,2029.127,2037.577,200516174.32
23.03.2021 14:00:00.000,2037.578,2056.007,2034.257,2054.957,305118804.93
23.03.2021 15:00:00.000,2055.247,2064.267,2047.238,2050.198,453036987.3
23.03.2021 16:00:00.000,2051.238,2056.167,2042.267,2052.017,233219802.86
23.03.2021 17:00:00.000,2052.318,2057.698,2049.847,2051.407,223815200.81
23.03.2021 18:00:00.000,2051.407,2061.878,2048.377,2048.377,331820892.33
23.03.2021 19:00:00.000,2048.377,2051.318,2036.617,2041.007,521931518.55
24.03.2021 13:00:00.000,2050.918,2062.177,2045.128,2049.408,318315032.96
24.03.2021 14:00:00.000,2049.077,2058.607,2045.008,2056.397,357621124.27
24.03.2021 15:00:00.000,2056.397,2067.057,2049.997,2053.567,308119842.53
24.03.2021 16:00:00.000,2052.998,2057.137,2047.317,2048.007,261019989.01
24.03.2021 17:00:00.000,2048.007,2055.027,2039.998,2054.238,263719573.97
24.03.2021 18:00:00.000,2054.237,2057.858,2044.248,2045.278,303614990.23
24.03.2021 19:00:00.000,2044.438,2050.007,2029.457,2032.547,382024505.62
25.03.2021 13:00:00.000,2028.758,2045.498,2023.988,2034.847,252413558.96
25.03.2021 14:00:00.000,2034.828,2037.237,1995.907,2006.148,549227294.92
25.03.2021 15:00:00.000,2005.927,2013.867,2000.457,2011.518,409218383.79
25.03.2021 16:00:00.000,2011.517,2028.307,2007.697,2024.137,356125946.04
25.03.2021 17:00:00.000,2024.138,2029.438,2017.417,2019.637,291317718.51
25.03.2021 18:00:00.000,2019.638,2037.828,2014.387,2036.767,332422882.08
25.03.2021 19:00:00.000,2037.358,2044.358,2030.728,2032.447,383724975.59
26.03.2021 13:00:00.000,2027.997,2038.968,2023.177,2025.447,231519104
26.03.2021 14:00:00.000,2025.448,2033.397,2017.997,2025.907,362222869.87
26.03.2021 15:00:00.000,2026.448,2029.610,2019.997,2023.698,304917175.29
26.03.2021 16:00:00.000,2023.697,2025.208,2016.337,2018.028,277916809.08
26.03.2021 17:00:00.000,2018.028,2028.267,2014.998,2015.817,293319915.77
26.03.2021 18:00:00.000,2015.727,2017.647,2003.997,2013.997,448322021.48
26.03.2021 19:00:00.000,2013.997,2028.507,2009.377,2024.717,433826049.8
29.03.2021 13:00:00.000,2022.158,2027.517,2007.357,2009.078,227115371.7
29.03.2021 14:00:00.000,2009.167,2020.777,2004.997,2015.437,368819824.22
29.03.2021 15:00:00.000,2015.438,2033.378,2010.577,2029.437,334719818.12
29.03.2021 16:00:00.000,2029.437,2045.327,2021.317,2044.548,327720153.81
29.03.2021 17:00:00.000,2045.297,2049.027,2039.447,2044.417,339316345.21
29.03.2021 18:00:00.000,2044.418,2045.487,2032.638,2036.278,326818786.62
29.03.2021 19:00:00.000,2036.888,2048.217,2036.888,2045.898,388722930.91
30.03.2021 13:00:00.000,2049.997,2061.698,2042.997,2053.138,279618438.72
30.03.2021 14:00:00.000,2053.138,2054.298,2035.997,2049.757,367621307.37
30.03.2021 15:00:00.000,2049.758,2058.018,2046.008,2047.658,306320220.95
30.03.2021 16:00:00.000,2047.657,2049.617,2041.237,2043.047,217115646.36
30.03.2021 17:00:00.000,2043.047,2048.858,2037.597,2043.768,216015136.72
30.03.2021 18:00:00.000,2043.827,2050.638,2040.097,2049.668,205913223.27
30.03.2021 19:00:00.000,2049.668,2052.527,2038.198,2047.498,286414550.78
31.03.2021 13:00:00.000,2051.017,2060.827,2045.368,2058.998,186409881.59
31.03.2021 14:00:00.000,2059.258,2078.377,2058.997,2073.048,344115966.8
31.03.2021 15:00:00.000,2073.048,2077.318,2067.468,2077.137,168312606.81
31.03.2021 16:00:00.000,2076.608,2085.967,2076.608,2084.098,307915496.83
31.03.2021 17:00:00.000,2084.097,2085.877,2075.618,2076.488,143010101.32
31.03.2021 18:00:00.000,2076.747,2077.197,2068.628,2073.577,206912704.47
31.03.2021 19:00:00.000,2073.447,2075.918,2057.717,2061.948,366521118.16
01.04.2021 13:00:00.000,2091.208,2110.048,2089.997,2097.477,275514678.96
01.04.2021 14:00:00.000,2097.478,2111.028,2090.737,2105.218,319719177.25
01.04.2021 15:00:00.000,2105.847,2118.967,2102.387,2115.358,241614013.67
01.04.2021 16:00:00.000,2115.358,2121.348,2112.748,2118.417,237914672.85
01.04.2021 17:00:00.000,2118.388,2121.188,2114.587,2120.657,205812011.72
01.04.2021 18:00:00.000,2120.657,2127.858,2119.987,2123.478,218809997.56
01.04.2021 19:00:00.000,2123.478,2135.528,2118.127,2129.597,355322784.42
05.04.2021 13:00:00.000,2141.508,2189.798,2141.508,2186.057,217413726.81
05.04.2021 14:00:00.000,2186.657,2198.598,2181.167,2195.297,335923492.43
05.04.2021 15:00:00.000,2195.168,2211.957,2192.677,2206.768,279224182.13
05.04.2021 16:00:00.000,2207.097,2222.638,2204.987,2217.808,242717529.3
05.04.2021 17:00:00.000,2218.377,2228.217,2217.807,2222.728,188514038.09
05.04.2021 18:00:00.000,2222.688,2225.707,2217.957,2220.178,183310073.85
05.04.2021 19:00:00.000,2219.818,2224.717,2208.017,2217.437,328521667.48
06.04.2021 13:00:00.000,2207.688,2227.378,2207.688,2214.277,215611968.99
06.04.2021 14:00:00.000,2215.017,2218.617,2201.767,2205.638,262916931.15
06.04.2021 15:00:00.000,2205.638,2220.588,2201.437,2217.537,221114242.55
06.04.2021 16:00:00.000,2217.547,2218.977,2213.067,2218.057,188512390.14
06.04.2021 17:00:00.000,2218.057,2218.057,2207.607,2216.417,236416992.19
06.04.2021 18:00:00.000,2217.027,2217.408,2204.018,2209.298,247612182.62
06.04.2021 19:00:00.000,2209.298,2215.777,2204.317,2210.047,351420989.99
07.04.2021 13:00:00.000,2211.408,2228.988,2208.838,2220.377,186710769.65
07.04.2021 14:00:00.000,2220.378,2230.657,2218.707,2230.258,164911041.26
07.04.2021 15:00:00.000,2230.258,2237.128,2222.847,2231.467,186314941.41
07.04.2021 16:00:00.000,2231.478,2234.698,2225.878,2229.657,169812149.05
07.04.2021 17:00:00.000,2229.657,2235.458,2228.377,2233.177,201711593.63
07.04.2021 18:00:00.000,2233.497,2243.668,2232.677,2239.107,196013641.36
07.04.2021 19:00:00.000,2239.127,2241.308,2229.567,2237.867,244817504.88
08.04.2021 13:00:00.000,2260.658,2269.588,2246.997,2257.317,283313446.04
08.04.2021 14:00:00.000,2257.837,2258.547,2246.128,2248.557,272814086.91
08.04.2021 15:00:00.000,2248.747,2251.858,2242.587,2246.768,214812698.36
08.04.2021 16:00:00.000,2246.767,2251.277,2244.997,2247.418,162110946.66
08.04.2021 17:00:00.000,2247.418,2250.658,2245.057,2245.637,138310775.76
08.04.2021 18:00:00.000,2245.638,2250.858,2243.527,2246.287,158210525.51
08.04.2021 19:00:00.000,2246.288,2252.387,2245.658,2250.188,241414169.31
09.04.2021 13:00:00.000,2240.998,2253.797,2237.058,2250.127,169512008.67
09.04.2021 14:00:00.000,2250.157,2257.427,2242.717,2246.397,224414535.52
09.04.2021 15:00:00.000,2246.417,2256.568,2245.578,2255.458,159010040.28
09.04.2021 16:00:00.000,2255.458,2262.548,2254.418,2262.548,156610076.9
09.04.2021 17:00:00.000,2262.547,2265.507,2258.007,2258.997,152008728.03
09.04.2021 18:00:00.000,2259.267,2263.282,2255.968,2257.657,134009750.37
09.04.2021 19:00:00.000,2257.657,2273.578,2256.168,2269.338,287618133.54
12.04.2021 13:00:00.000,2253.197,2256.157,2236.497,2250.488,192212020.87
12.04.2021 14:00:00.000,2250.488,2255.547,2247.368,2250.578,241418609.62
12.04.2021 15:00:00.000,2250.898,2252.338,2235.437,2243.357,186413681.03
12.04.2021 16:00:00.000,2243.358,2247.178,2238.908,2241.997,147612701.42
12.04.2021 17:00:00.000,2241.997,2243.347,2231.097,2232.267,162811218.26
12.04.2021 18:00:00.000,2232.257,2238.928,2231.737,2232.498,196615783.69
12.04.2021 19:00:00.000,2232.498,2245.478,2227.018,2244.528,273121368.41
13.04.2021 13:00:00.000,2248.838,2258.998,2245.907,2257.558,169515594.48
13.04.2021 14:00:00.000,2257.578,2263.018,2241.998,2245.807,213315383.91
13.04.2021 15:00:00.000,2246.088,2253.708,2244.457,2252.118,172711578.37
13.04.2021 16:00:00.000,2252.157,2252.797,2246.797,2247.608,115707031.25
13.04.2021 17:00:00.000,2247.648,2253.017,2245.257,2246.118,118208381.65
13.04.2021 18:00:00.000,2246.588,2258.197,2245.297,2257.748,108209037.78
13.04.2021 19:00:00.000,2257.747,2262.928,2253.017,2253.288,209914703.37
14.04.2021 13:00:00.000,2263.687,2265.508,2249.997,2255.887,139306686.4
14.04.2021 14:00:00.000,2255.668,2263.188,2250.557,2258.138,200109527.59
14.04.2021 15:00:00.000,2258.137,2259.727,2248.337,2255.197,129408050.54
14.04.2021 16:00:00.000,2254.747,2258.398,2249.967,2257.227,149305511.47
14.04.2021 17:00:00.000,2257.228,2257.848,2246.897,2247.887,115808372.5
14.04.2021 18:00:00.000,2247.887,2255.887,2244.667,2248.467,226412048.34
14.04.2021 19:00:00.000,2248.467,2250.548,2234.997,2241.907,270217376.71
15.04.2021 13:00:00.000,2259.997,2270.448,2255.047,2255.077,125810829.16
15.04.2021 14:00:00.000,2256.528,2279.358,2250.977,2270.807,218912582.4
15.04.2021 15:00:00.000,2270.887,2276.508,2266.787,2269.148,172110900.88
15.04.2021 16:00:00.000,2269.397,2293.437,2268.967,2293.147,164811691.28
15.04.2021 17:00:00.000,2293.148,2295.938,2283.547,2285.607,237611038.21
15.04.2021 18:00:00.000,2285.608,2288.290,2278.077,2279.967,178513580.32
15.04.2021 19:00:00.000,2280.217,2291.798,2278.507,2285.327,283720184.33
16.04.2021 13:00:00.000,2287.447,2291.128,2269.997,2273.997,198209396.36
16.04.2021 14:00:00.000,2274.048,2283.388,2273.317,2281.607,246715866.09
16.04.2021 15:00:00.000,2281.607,2283.868,2276.607,2278.698,159812637.33
16.04.2021 16:00:00.000,2278.817,2282.267,2272.557,2276.827,124010787.96
16.04.2021 17:00:00.000,2277.268,2278.148,2271.507,2276.838,142111618.04
16.04.2021 18:00:00.000,2276.838,2284.277,2276.307,2281.647,117208488.46
16.04.2021 19:00:00.000,2281.948,2288.508,2279.027,2282.538,237815017.7
19.04.2021 13:00:00.000,2277.377,2303.377,2272.547,2295.877,200519256.59
19.04.2021 14:00:00.000,2296.048,2298.097,2274.047,2291.318,320427368.16
19.04.2021 15:00:00.000,2290.838,2294.587,2279.287,2282.717,263423431.4
19.04.2021 16:00:00.000,2282.717,2289.188,2274.997,2278.868,221121871.95
19.04.2021 17:00:00.000,2278.887,2293.588,2277.997,2286.038,173216079.71
19.04.2021 18:00:00.000,2286.038,2293.537,2284.747,2288.127,163917129.52
19.04.2021 19:00:00.000,2288.128,2292.767,2282.507,2289.828,237523193.36
20.04.2021 13:00:00.000,2294.268,2297.358,2282.997,2290.827,150317306.52
20.04.2021 14:00:00.000,2290.827,2293.248,2274.997,2276.418,287422943.12
20.04.2021 15:00:00.000,2276.417,2279.997,2256.067,2263.738,294223205.57
20.04.2021 16:00:00.000,2263.768,2278.258,2263.677,2275.587,176720947.27
20.04.2021 17:00:00.000,2275.278,2279.568,2270.797,2278.818,155418930.05
20.04.2021 18:00:00.000,2278.818,2282.888,2269.138,2269.867,175518005.37
20.04.2021 19:00:00.000,2269.588,2283.358,2269.538,2277.838,241828170.78
21.04.2021 13:00:00.000,2270.678,2276.358,2257.027,2261.957,182517211.91
21.04.2021 14:00:00.000,2261.957,2262.497,2244.136,2247.707,260453369.14
21.04.2021 15:00:00.000,2248.086,2266.716,2247.076,2264.867,197716812.13
21.04.2021 16:00:00.000,2264.866,2265.836,2257.086,2257.897,175416183.47
21.04.2021 17:00:00.000,2257.907,2266.747,2256.276,2265.176,145514022.83
21.04.2021 18:00:00.000,2265.307,2268.657,2262.126,2262.556,112412330.63
21.04.2021 19:00:00.000,2262.556,2279.676,2260.587,2277.267,215119415.28
22.04.2021 13:00:00.000,2272.997,2281.266,2266.166,2279.647,129811187.74
22.04.2021 14:00:00.000,2279.647,2288.696,2276.857,2284.136,203922622.68
22.04.2021 15:00:00.000,2284.157,2286.517,2273.896,2274.416,175220718.38
22.04.2021 16:00:00.000,2275.297,2279.266,2270.856,2278.736,179426742.55
22.04.2021 17:00:00.000,2278.956,2279.116,2241.566,2248.297,418642608.64
22.04.2021 18:00:00.000,2248.297,2255.857,2240.026,2249.937,288025604.25
22.04.2021 19:00:00.000,2249.937,2255.067,2242.936,2251.397,294023864.75
23.04.2021 13:00:00.000,2266.976,2276.207,2259.777,2264.136,165515808.11
23.04.2021 14:00:00.000,2264.136,2278.567,2261.126,2276.717,246221282.96
23.04.2021 15:00:00.000,2277.177,2297.566,2275.356,2294.486,249521087.65
23.04.2021 16:00:00.000,2295.346,2305.827,2292.976,2302.566,203618240.36
23.04.2021 17:00:00.000,2302.886,2304.175,2294.276,2296.426,151512023.93
23.04.2021 18:00:00.000,2296.427,2302.586,2296.427,2301.727,182911972.05
23.04.2021 19:00:00.000,2301.727,2305.097,2298.376,2298.817,271518280.03
26.04.2021 13:00:00.000,2302.837,2306.547,2296.046,2300.017,164414291.38
26.04.2021 14:00:00.000,2300.017,2313.986,2300.017,2309.246,274119750.98
26.04.2021 15:00:00.000,2309.417,2321.677,2309.156,2314.467,251714431.76
26.04.2021 16:00:00.000,2314.517,2320.137,2313.556,2317.636,158016311.65
26.04.2021 17:00:00.000,2317.847,2320.046,2310.666,2319.197,163217803.96
26.04.2021 18:00:00.000,2319.197,2324.527,2314.996,2316.406,155913024.9
26.04.2021 19:00:00.000,2316.536,2319.467,2306.097,2310.936,274131439.21
27.04.2021 13:00:00.000,2312.706,2317.577,2285.686,2291.686,215022201.54
27.04.2021 14:00:00.000,2292.426,2302.537,2287.026,2293.307,290327819.82
27.04.2021 15:00:00.000,2293.197,2301.187,2288.326,2298.737,218423751.83
27.04.2021 16:00:00.000,2298.736,2299.516,2290.716,2291.507,154922012.33
27.04.2021 17:00:00.000,2291.347,2296.086,2289.996,2291.517,161916168.21
27.04.2021 18:00:00.000,2291.517,2295.727,2286.996,2290.236,165524398.8
27.04.2021 19:00:00.000,2290.236,2296.507,2287.287,2290.076,281132110.6
28.04.2021 13:00:00.000,2390.437,2430.847,2376.736,2428.557,343530395.51
28.04.2021 14:00:00.000,2428.557,2429.396,2383.126,2386.006,416236602.78
28.04.2021 15:00:00.000,2386.016,2391.077,2369.326,2369.326,262636779.79
28.04.2021 16:00:00.000,2369.316,2387.497,2365.937,2385.467,293138336.18
28.04.2021 17:00:00.000,2385.477,2387.677,2377.776,2385.346,257120574.95
28.04.2021 18:00:00.000,2385.727,2394.987,2380.146,2385.807,311928985.6
28.04.2021 19:00:00.000,2385.816,2388.197,2353.176,2359.027,409343109.13
29.04.2021 13:00:00.000,2389.507,2399.667,2379.997,2387.577,247822113.04
29.04.2021 14:00:00.000,2387.577,2392.366,2375.996,2390.267,310830322.27
29.04.2021 15:00:00.000,2390.267,2402.947,2382.486,2386.557,229619842.53
29.04.2021 16:00:00.000,2387.057,2387.057,2372.476,2382.006,200715286.25
29.04.2021 17:00:00.000,2382.006,2393.556,2378.916,2391.957,164619140.63
29.04.2021 18:00:00.000,2391.956,2403.897,2390.576,2401.156,195918792.72
29.04.2021 19:00:00.000,2401.156,2402.702,2389.086,2390.977,284531951.9
30.04.2021 13:00:00.000,2366.887,2381.337,2362.007,2369.286,213431045.53
30.04.2021 14:00:00.000,2368.687,2373.317,2345.746,2355.257,275828674.32
30.04.2021 15:00:00.000,2354.217,2358.696,2349.026,2355.246,193419647.22
30.04.2021 16:00:00.000,2355.247,2358.007,2349.356,2357.556,158914978.03
30.04.2021 17:00:00.000,2357.557,2359.717,2347.996,2350.517,145014907.84
30.04.2021 18:00:00.000,2350.997,2360.546,2350.517,2355.997,185222824.1
30.04.2021 19:00:00.000,2356.686,2359.316,2347.996,2354.097,297829742.43
03.05.2021 13:00:00.000,2360.946,2369.237,2346.006,2361.256,187015182.5
03.05.2021 14:00:00.000,2360.317,2381.515,2357.997,2360.157,269425170.9
03.05.2021 15:00:00.000,2360.167,2361.927,2349.996,2356.446,183217987.06
03.05.2021 16:00:00.000,2356.447,2356.447,2341.616,2345.377,147717071.53
03.05.2021 17:00:00.000,2345.757,2352.017,2343.236,2347.726,163512130.74
03.05.2021 18:00:00.000,2347.736,2351.446,2344.806,2351.227,136811691.28
03.05.2021 19:00:00.000,2351.227,2351.936,2335.166,2342.016,253019073.49
04.05.2021 13:00:00.000,2312.397,2323.256,2294.707,2300.007,176117309.57
04.05.2021 14:00:00.000,2300.006,2300.006,2277.826,2284.296,297024841.31
04.05.2021 15:00:00.000,2284.297,2288.677,2256.126,2258.387,319323944.09
04.05.2021 16:00:00.000,2258.397,2270.256,2256.426,2259.266,206824340.82
04.05.2021 17:00:00.000,2259.267,2280.467,2258.376,2279.997,227719665.53
04.05.2021 18:00:00.000,2279.996,2300.667,2278.256,2299.946,253924713.13
04.05.2021 19:00:00.000,2299.946,2310.367,2288.986,2308.306,305528411.87
05.05.2021 13:00:00.000,2325.596,2331.527,2313.376,2316.556,191217178.34
05.05.2021 14:00:00.000,2317.397,2334.246,2309.196,2323.126,275627593.99
05.05.2021 15:00:00.000,2323.187,2326.485,2318.056,2325.987,158321517.94
05.05.2021 16:00:00.000,2325.986,2331.837,2320.706,2320.706,167413223.27
05.05.2021 17:00:00.000,2320.496,2326.987,2316.076,2323.216,161916610.72
05.05.2021 18:00:00.000,2323.227,2324.197,2317.326,2319.767,183217208.86
05.05.2021 19:00:00.000,2319.767,2321.167,2307.576,2315.036,341934387.21
06.05.2021 13:00:00.000,2304.076,2318.356,2301.996,2303.706,181717376.71
06.05.2021 14:00:00.000,2303.717,2313.767,2292.886,2307.406,287223663.33
06.05.2021 15:00:00.000,2308.487,2328.736,2299.996,2323.757,196522933.96
06.05.2021 16:00:00.000,2324.207,2328.896,2315.936,2324.326,191927993.77
06.05.2021 17:00:00.000,2324.326,2328.076,2310.687,2311.037,180916320.8
06.05.2021 18:00:00.000,2310.716,2321.027,2310.716,2319.256,167016647.34
06.05.2021 19:00:00.000,2319.256,2337.206,2318.256,2337.206,268819366.46
07.05.2021 13:00:00.000,2360.006,2364.317,2345.326,2351.856,217017196.66
07.05.2021 14:00:00.000,2351.857,2363.907,2347.066,2356.906,264420349.12
07.05.2021 15:00:00.000,2356.907,2370.426,2356.346,2368.696,224516006.47
07.05.2021 16:00:00.000,2368.697,2368.697,2355.206,2358.377,171517181.4
07.05.2021 17:00:00.000,2358.376,2358.377,2350.106,2352.007,174219482.42
07.05.2021 18:00:00.000,2351.797,2355.186,2346.336,2354.787,161315841.67
07.05.2021 19:00:00.000,2355.046,2360.006,2350.426,2350.867,285720581.05
10.05.2021 13:00:00.000,2326.996,2330.537,2299.996,2300.097,194612014.77
10.05.2021 14:00:00.000,2300.097,2304.556,2284.996,2289.167,299527648.93
10.05.2021 15:00:00.000,2289.177,2306.377,2284.177,2305.867,180019210.82
10.05.2021 16:00:00.000,2305.866,2315.696,2304.436,2312.476,132513824.46
10.05.2021 17:00:00.000,2312.477,2314.086,2302.266,2305.397,195015151.98
10.05.2021 18:00:00.000,2305.397,2305.397,2287.216,2291.007,213221954.35
10.05.2021 19:00:00.000,2291.007,2302.237,2288.047,2291.447,323127288.82
11.05.2021 13:00:00.000,2242.646,2269.657,2233.526,2268.137,223520187.38
11.05.2021 14:00:00.000,2268.137,2271.066,2240.856,2258.736,407037658.69
11.05.2021 15:00:00.000,2257.546,2278.096,2243.717,2270.837,316227386.47
11.05.2021 16:00:00.000,2271.446,2279.276,2258.046,2261.926,245734481.81
11.05.2021 17:00:00.000,2261.796,2279.507,2260.886,2269.546,199324249.27
11.05.2021 18:00:00.000,2269.556,2280.096,2264.996,2270.476,232926025.39
11.05.2021 19:00:00.000,2270.477,2276.277,2261.677,2269.296,327833831.79
12.05.2021 13:00:00.000,2228.857,2246.856,2221.946,2236.207,247026138.31
12.05.2021 14:00:00.000,2236.172,2238.997,2205.336,2208.246,352231964.11
12.05.2021 15:00:00.000,2207.727,2215.717,2201.356,2203.187,339322113.04
12.05.2021 16:00:00.000,2203.166,2212.076,2201.496,2206.196,272923950.2
12.05.2021 17:00:00.000,2206.197,2211.547,2201.496,2202.837,222723571.78
12.05.2021 18:00:00.000,2202.837,2212.666,2197.587,2208.057,237724319.46
12.05.2021 19:00:00.000,2208.017,2210.196,2192.987,2199.056,483949218.75
13.05.2021 13:00:00.000,2222.156,2229.346,2209.496,2219.677,191014389.04
13.05.2021 14:00:00.000,2218.997,2236.106,2218.997,2233.697,315725524.9
13.05.2021 15:00:00.000,2234.006,2234.496,2220.616,2222.736,336320617.68
13.05.2021 16:00:00.000,2222.556,2233.967,2218.996,2218.997,252121475.22
13.05.2021 17:00:00.000,2219.456,2220.997,2206.066,2216.257,259720794.68
13.05.2021 18:00:00.000,2216.087,2236.437,2216.086,2232.037,268821624.76
13.05.2021 19:00:00.000,2232.547,2239.327,2225.996,2226.337,336231170.65
14.05.2021 13:00:00.000,2255.427,2268.127,2249.596,2261.777,201018966.67
14.05.2021 14:00:00.000,2261.786,2271.386,2253.646,2268.316,253425262.45
14.05.2021 15:00:00.000,2268.266,2271.426,2261.046,2264.136,192715286.25
14.05.2021 16:00:00.000,2264.137,2267.696,2260.976,2265.357,148317077.64
14.05.2021 17:00:00.000,2265.036,2273.366,2262.986,2271.906,181014892.58
14.05.2021 18:00:00.000,2271.907,2276.576,2268.996,2275.986,201517684.94
14.05.2021 19:00:00.000,2275.997,2284.467,2270.076,2277.407,323724060.06
17.05.2021 13:00:00.000,2263.466,2273.406,2254.986,2265.287,141112731.93
17.05.2021 14:00:00.000,2265.287,2287.687,2257.176,2283.007,415923492.43
17.05.2021 15:00:00.000,2283.007,2284.797,2269.656,2273.046,223618835.45
17.05.2021 16:00:00.000,2273.046,2278.606,2267.777,2271.777,205214721.68
17.05.2021 17:00:00.000,2271.776,2274.046,2266.566,2270.767,216415267.94
17.05.2021 18:00:00.000,2270.766,2280.217,2268.176,2279.806,238817520.14
17.05.2021 19:00:00.000,2279.806,2289.407,2279.226,2287.117,334324096.68
18.05.2021 13:00:00.000,2302.726,2306.577,2294.107,2294.896,157614959.72
18.05.2021 14:00:00.000,2295.296,2300.627,2290.076,2296.617,238723968.51
18.05.2021 15:00:00.000,2296.616,2301.546,2281.516,2281.657,188023315.43
18.05.2021 16:00:00.000,2281.656,2296.007,2280.566,2288.557,121316871.64
18.05.2021 17:00:00.000,2288.956,2291.217,2280.816,2282.996,150024459.84
18.05.2021 18:00:00.000,2283.247,2286.106,2269.017,2270.117,198024826.05
18.05.2021 19:00:00.000,2271.067,2283.107,2261.296,2262.457,270630371.09
19.05.2021 13:00:00.000,2228.757,2243.197,2224.996,2239.476,253523406.98
19.05.2021 14:00:00.000,2239.477,2250.606,2229.646,2246.127,362026458.74
19.05.2021 15:00:00.000,2246.126,2259.227,2243.266,2256.957,292131286.62
19.05.2021 16:00:00.000,2256.957,2261.337,2253.347,2255.277,171417388.92
19.05.2021 17:00:00.000,2255.277,2265.936,2255.276,2262.477,174315292.36
19.05.2021 18:00:00.000,2262.467,2274.377,2251.537,2258.316,316032745.36
19.05.2021 19:00:00.000,2258.317,2272.126,2253.906,2270.337,273327209.47
20.05.2021 13:00:00.000,2290.026,2294.507,2281.397,2286.246,136512222.29
20.05.2021 14:00:00.000,2286.246,2295.156,2284.736,2287.996,192914306.64
20.05.2021 15:00:00.000,2287.996,2307.417,2286.996,2304.847,188020858.76
20.05.2021 16:00:00.000,2305.607,2305.737,2297.036,2298.166,150715118.41
20.05.2021 17:00:00.000,2298.167,2305.356,2296.606,2300.567,122411964.42
20.05.2021 18:00:00.000,2300.576,2307.537,2299.467,2307.176,212288513.18
20.05.2021 19:00:00.000,2307.176,2311.396,2301.606,2305.937,279528594.97
21.05.2021 13:00:00.000,2314.706,2318.366,2306.107,2311.087,171519454.96
21.05.2021 14:00:00.000,2310.566,2312.496,2297.996,2306.377,209825332.64
21.05.2021 15:00:00.000,2306.367,2316.807,2299.996,2302.096,164817947.39
21.05.2021 16:00:00.000,2302.096,2306.217,2290.796,2293.507,142614807.13
21.05.2021 17:00:00.000,2293.507,2299.256,2288.996,2293.186,125715301.51
21.05.2021 18:00:00.000,2293.197,2298.036,2289.406,2297.107,153322006.23
21.05.2021 19:00:00.000,2297.107,2298.506,2291.156,2294.037,229322799.68
24.05.2021 13:00:00.000,2308.077,2342.016,2308.077,2341.636,162309844.97
24.05.2021 14:00:00.000,2341.637,2358.277,2341.637,2354.006,192116180.42
24.05.2021 15:00:00.000,2354.007,2357.376,2350.476,2356.056,128015335.08
24.05.2021 16:00:00.000,2356.207,2360.287,2353.106,2355.426,145211578.37
24.05.2021 17:00:00.000,2355.416,2357.996,2353.066,2355.827,140411926.27
24.05.2021 18:00:00.000,2355.836,2363.957,2355.397,2363.957,160012878.42
24.05.2021 19:00:00.000,2364.167,2364.987,2352.876,2359.877,230322708.13
25.05.2021 13:00:00.000,2370.187,2382.417,2362.636,2363.016,204912445.07
25.05.2021 14:00:00.000,2362.466,2368.616,2354.996,2366.746,214321685.79
25.05.2021 15:00:00.000,2366.556,2370.927,2355.606,2363.576,173719039.92
25.05.2021 16:00:00.000,2362.967,2367.056,2358.176,2360.456,113912460.33
25.05.2021 17:00:00.000,2360.526,2365.917,2356.926,2361.116,126016517.64
25.05.2021 18:00:00.000,2361.566,2361.907,2354.996,2358.756,156022705.08
25.05.2021 19:00:00.000,2358.757,2363.506,2354.306,2362.996,239224945.07
26.05.2021 13:00:00.000,2364.770,2377.496,2364.770,2371.857,102809539.79
26.05.2021 14:00:00.000,2371.857,2381.157,2370.176,2379.917,164214782.71
26.05.2021 15:00:00.000,2380.316,2384.566,2377.196,2381.796,156916107.18
26.05.2021 16:00:00.000,2382.246,2388.777,2379.796,2387.077,131612304.69
26.05.2021 17:00:00.000,2387.206,2388.676,2379.996,2380.537,167711593.63
26.05.2021 18:00:00.000,2380.536,2386.167,2380.536,2383.266,151709167.48
26.05.2021 19:00:00.000,2383.266,2385.376,2373.716,2380.306,261624694.82
27.05.2021 13:00:00.000,2385.007,2387.037,2369.286,2371.006,125014213.56
27.05.2021 14:00:00.000,2371.046,2385.047,2369.877,2378.237,189018310.55
27.05.2021 15:00:00.000,2377.926,2382.766,2376.287,2381.087,150714294.43
27.05.2021 16:00:00.000,2381.637,2383.977,2377.996,2378.587,94010826.11
27.05.2021 17:00:00.000,2378.576,2379.417,2373.547,2373.777,136710144.04
27.05.2021 18:00:00.000,2374.037,2377.757,2372.916,2375.946,147712463.38
27.05.2021 19:00:00.000,2375.967,2381.487,2356.527,2356.527,238824676.51
28.05.2021 13:00:00.000,2372.997,2375.017,2361.456,2368.387,126009117.13
28.05.2021 14:00:00.000,2368.387,2370.027,2361.987,2366.317,162710861.21
28.05.2021 15:00:00.000,2366.336,2374.246,2365.326,2374.246,152411819.46
28.05.2021 16:00:00.000,2374.257,2375.986,2370.456,2371.026,106008140.56
28.05.2021 17:00:00.000,2371.027,2371.747,2363.066,2367.577,109211441.04
28.05.2021 18:00:00.000,2367.797,2369.416,2365.487,2368.286,125706687.93
28.05.2021 19:00:00.000,2368.287,2370.097,2351.596,2356.336,213716979.98
01.06.2021 13:00:00.000,2369.667,2385.106,2369.496,2376.237,114919044.49
01.06.2021 14:00:00.000,2376.236,2377.286,2352.846,2358.476,222215072.63
01.06.2021 15:00:00.000,2358.086,2367.377,2357.206,2366.927,118710762.02
01.06.2021 16:00:00.000,2366.936,2372.796,2363.326,2372.117,134608856.2
01.06.2021 17:00:00.000,2372.116,2372.127,2365.257,2369.546,102310272.22
01.06.2021 18:00:00.000,2369.546,2382.066,2367.056,2381.337,127211982.73
01.06.2021 19:00:00.000,2380.807,2384.127,2373.836,2379.987,195119491.58
02.06.2021 13:00:00.000,2386.097,2392.397,2370.716,2374.996,145611190.8
02.06.2021 14:00:00.000,2374.996,2381.647,2372.497,2377.267,165514953.61
02.06.2021 15:00:00.000,2377.486,2383.827,2373.726,2374.396,128916854.86
02.06.2021 16:00:00.000,2374.417,2374.726,2368.946,2371.107,117114013.67
02.06.2021 17:00:00.000,2371.860,2371.986,2353.996,2356.956,153217178.34
02.06.2021 18:00:00.000,2357.216,2360.676,2351.676,2360.356,118713554.38
02.06.2021 19:00:00.000,2360.356,2370.617,2357.386,2369.817,187621551.51
03.06.2021 13:00:00.000,2347.736,2349.416,2328.307,2337.086,135314208.98
03.06.2021 14:00:00.000,2337.087,2346.977,2329.996,2346.977,256619476.32
03.06.2021 15:00:00.000,2347.126,2356.726,2340.076,2343.307,183920974.73
03.06.2021 16:00:00.000,2343.307,2346.907,2338.116,2346.767,147321517.94
03.06.2021 17:00:00.000,2346.766,2350.117,2342.596,2348.617,175312545.78
03.06.2021 18:00:00.000,2349.086,2349.087,2341.476,2342.157,123511871.34
03.06.2021 19:00:00.000,2342.156,2349.307,2338.847,2346.716,196321823.12
04.06.2021 13:00:00.000,2367.077,2381.836,2360.637,2379.277,121808593.75
04.06.2021 14:00:00.000,2379.277,2386.577,2378.046,2380.227,167612182.62
04.06.2021 15:00:00.000,2380.226,2396.647,2379.116,2396.326,186224044.8
04.06.2021 16:00:00.000,2396.327,2398.897,2387.776,2391.326,102210510.25
04.06.2021 17:00:00.000,2391.326,2394.827,2389.576,2393.786,87407951.36
04.06.2021 18:00:00.000,2393.787,2395.277,2392.236,2394.087,142411193.85
04.06.2021 19:00:00.000,2394.236,2398.217,2391.206,2393.026,200122116.09
07.06.2021 13:00:00.000,2385.077,2397.786,2382.007,2389.027,96312171.94
07.06.2021 14:00:00.000,2389.076,2392.787,2381.276,2387.066,157515380.86
07.06.2021 15:00:00.000,2387.527,2390.457,2381.426,2389.067,134816818.24
07.06.2021 16:00:00.000,2389.857,2398.587,2389.506,2397.557,96011276.25
07.06.2021 17:00:00.000,2397.556,2403.237,2380.616,2382.126,114515113.83
07.06.2021 18:00:00.000,2382.227,2399.147,2382.226,2398.836,92112258.91
07.06.2021 19:00:00.000,2398.876,2403.387,2396.956,2402.297,177618988.04
08.06.2021 13:00:00.000,2413.236,2418.226,2404.036,2407.367,141511642.46
08.06.2021 14:00:00.000,2406.717,2413.356,2401.366,2405.447,175014892.58
08.06.2021 15:00:00.000,2405.757,2408.906,2394.996,2405.636,206719604.49
08.06.2021 16:00:00.000,2405.316,2410.157,2403.936,2409.056,121712715.15
08.06.2021 17:00:00.000,2409.057,2409.467,2403.016,2404.456,127013259.89
08.06.2021 18:00:00.000,2404.457,2406.006,2400.056,2405.396,141517105.1
08.06.2021 19:00:00.000,2405.597,2407.056,2394.206,2397.037,207422927.86
09.06.2021 13:00:00.000,2411.537,2412.366,2396.536,2404.127,104212867.74
09.06.2021 14:00:00.000,2404.907,2407.197,2396.666,2403.147,146413696.29
09.06.2021 15:00:00.000,2402.617,2406.387,2399.586,2401.556,111608955.38
09.06.2021 16:00:00.000,2401.557,2408.207,2401.556,2406.307,80410926.82
09.06.2021 17:00:00.000,2406.307,2411.946,2406.307,2407.906,98112380.98
09.06.2021 18:00:00.000,2408.097,2408.816,2403.576,2406.496,114011985.78
09.06.2021 19:00:00.000,2406.497,2409.586,2402.996,2407.946,226318954.47
10.06.2021 13:00:00.000,2405.466,2432.837,2404.006,2426.256,146909957.89
10.06.2021 14:00:00.000,2426.866,2429.657,2405.996,2414.086,207220458.98
10.06.2021 15:00:00.000,2414.087,2424.807,2411.596,2424.307,139518890.38
10.06.2021 16:00:00.000,2423.737,2430.647,2422.726,2425.106,171416137.7
10.06.2021 17:00:00.000,2425.126,2430.505,2417.076,2429.207,135715057.37
10.06.2021 18:00:00.000,2429.557,2431.207,2425.846,2430.997,116610519.41
10.06.2021 19:00:00.000,2430.997,2436.087,2427.936,2433.957,224518936.16
11.06.2021 13:00:00.000,2438.686,2440.007,2423.207,2428.007,129912567.14
11.06.2021 14:00:00.000,2428.007,2433.376,2419.886,2421.867,206916259.77
11.06.2021 15:00:00.000,2421.866,2430.047,2420.417,2428.416,111011718.75
11.06.2021 16:00:00.000,2428.417,2431.537,2425.306,2425.876,110410400.39
11.06.2021 17:00:00.000,2425.586,2425.657,2418.606,2419.046,112310279.85
11.06.2021 18:00:00.000,2418.697,2428.257,2418.697,2426.317,84609840.39
11.06.2021 19:00:00.000,2426.317,2431.247,2423.016,2429.086,165516662.6
14.06.2021 13:00:00.000,2432.487,2434.487,2418.137,2427.436,112912879.94
14.06.2021 14:00:00.000,2427.457,2428.246,2417.596,2424.436,185613189.7
14.06.2021 15:00:00.000,2424.437,2428.617,2420.056,2426.907,140811035.16
14.06.2021 16:00:00.000,2426.816,2428.427,2424.396,2426.066,108011756.9
14.06.2021 17:00:00.000,2426.286,2429.177,2424.506,2428.836,83908119.2
14.06.2021 18:00:00.000,2428.836,2436.357,2427.306,2433.297,99308143.62
14.06.2021 19:00:00.000,2433.296,2448.867,2432.926,2448.197,162514541.63
15.06.2021 13:00:00.000,2445.096,2454.937,2437.627,2439.997,100508659.36
15.06.2021 14:00:00.000,2440.346,2442.496,2430.276,2434.067,147313735.96
15.06.2021 15:00:00.000,2434.066,2439.147,2430.516,2433.736,119010559.08
15.06.2021 16:00:00.000,2433.737,2437.097,2432.376,2433.276,130109237.67
15.06.2021 17:00:00.000,2433.496,2433.877,2428.316,2430.716,133309707.64
15.06.2021 18:00:00.000,2430.716,2431.886,2425.096,2425.876,115310630.8
15.06.2021 19:00:00.000,2425.596,2432.587,2420.437,2428.396,193519592.29
16.06.2021 13:00:00.000,2434.396,2434.567,2421.946,2429.557,69506690.98
16.06.2021 14:00:00.000,2429.557,2436.837,2424.996,2427.166,125511299.13
16.06.2021 15:00:00.000,2427.757,2429.986,2422.996,2423.207,112209083.56
16.06.2021 16:00:00.000,2423.577,2424.177,2402.187,2414.947,215821121.22
16.06.2021 17:00:00.000,2415.166,2426.927,2414.726,2424.326,139812316.89
16.06.2021 18:00:00.000,2423.567,2423.567,2388.996,2405.526,321035614.01
16.06.2021 19:00:00.000,2405.527,2424.777,2401.837,2414.607,262423248.29
17.06.2021 13:00:00.000,2407.597,2428.796,2407.597,2426.356,102109909.06
17.06.2021 14:00:00.000,2426.356,2437.937,2422.546,2428.936,199316879.27
17.06.2021 15:00:00.000,2429.386,2450.077,2427.746,2435.766,204022247.31
17.06.2021 16:00:00.000,2436.106,2439.537,2418.766,2431.297,174018981.93
17.06.2021 17:00:00.000,2431.597,2447.807,2431.296,2443.137,181617187.5
17.06.2021 18:00:00.000,2443.357,2446.687,2436.866,2437.137,172318466.19
17.06.2021 19:00:00.000,2437.837,2446.327,2432.747,2433.486,232424942.02
18.06.2021 13:00:00.000,2425.747,2430.016,2410.996,2415.697,136914581.3
18.06.2021 14:00:00.000,2415.697,2417.217,2404.836,2411.986,254724533.08
18.06.2021 15:00:00.000,2411.986,2413.826,2400.646,2408.986,182420120.24
18.06.2021 16:00:00.000,2409.007,2417.657,2408.766,2417.117,122214836.12
18.06.2021 17:00:00.000,2417.116,2421.970,2411.307,2416.707,161814651.49
18.06.2021 18:00:00.000,2416.586,2421.426,2410.996,2413.196,194118927
18.06.2021 19:00:00.000,2413.196,2420.417,2400.596,2400.596,266930389.4
21.06.2021 13:00:00.000,2405.997,2414.717,2398.386,2412.637,125414566.04
21.06.2021 14:00:00.000,2412.887,2435.956,2412.636,2430.457,266427368.16
21.06.2021 15:00:00.000,2430.676,2436.706,2429.167,2435.347,193714691.16
21.06.2021 16:00:00.000,2435.346,2436.897,2426.246,2428.377,134413482.67
21.06.2021 17:00:00.000,2428.377,2432.067,2423.096,2430.266,86708442.69
21.06.2021 18:00:00.000,2430.646,2439.776,2428.986,2436.667,144512207.03
21.06.2021 19:00:00.000,2436.666,2439.747,2428.616,2435.986,224824523.93
22.06.2021 13:00:00.000,2432.946,2437.937,2425.316,2430.026,130511398.32
22.06.2021 14:00:00.000,2430.047,2433.317,2420.836,2422.627,133914779.66
22.06.2021 15:00:00.000,2422.626,2429.677,2421.206,2424.336,112013763.43
22.06.2021 16:00:00.000,2424.337,2436.207,2424.086,2434.627,100515243.53
22.06.2021 17:00:00.000,2434.627,2436.796,2430.567,2436.196,111415885.93
22.06.2021 18:00:00.000,2436.216,2440.647,2435.096,2439.106,146016265.87
22.06.2021 19:00:00.000,2439.106,2447.656,2439.106,2445.827,192420852.66
23.06.2021 13:00:00.000,2444.576,2460.657,2441.196,2460.027,87513542.18
23.06.2021 14:00:00.000,2460.156,2461.396,2444.996,2448.996,143714401.25
23.06.2021 15:00:00.000,2449.406,2450.466,2445.956,2449.376,91809158.33
23.06.2021 16:00:00.000,2449.687,2450.417,2437.657,2443.167,93610404.97
23.06.2021 17:00:00.000,2443.176,2444.066,2439.306,2441.747,90912025.45
23.06.2021 18:00:00.000,2441.747,2442.866,2436.097,2441.817,101114936.83
23.06.2021 19:00:00.000,2442.027,2446.807,2436.256,2442.046,152217254.64
24.06.2021 13:00:00.000,2453.127,2459.347,2447.196,2450.566,76708488.46
24.06.2021 14:00:00.000,2451.466,2457.067,2449.016,2451.996,132313247.68
24.06.2021 15:00:00.000,2451.997,2453.657,2449.356,2451.376,89209754.94
24.06.2021 16:00:00.000,2451.377,2455.887,2449.356,2449.646,88606979.37
24.06.2021 17:00:00.000,2449.487,2453.357,2445.746,2449.396,134109359.74
24.06.2021 18:00:00.000,2449.397,2452.267,2448.686,2451.377,122007957.46
24.06.2021 19:00:00.000,2451.666,2452.567,2445.996,2449.007,179413848.88
25.06.2021 13:00:00.000,2442.886,2450.837,2439.016,2443.067,93410476.68
25.06.2021 14:00:00.000,2443.067,2443.656,2430.806,2433.326,144416625.98
25.06.2021 15:00:00.000,2433.416,2436.667,2431.106,2434.086,128912002.56
25.06.2021 16:00:00.000,2433.997,2437.325,2431.496,2436.407,88211616.52
25.06.2021 17:00:00.000,2436.066,2441.967,2435.446,2440.397,111112457.28
25.06.2021 18:00:00.000,2440.417,2448.107,2440.126,2446.396,93607704.16
25.06.2021 19:00:00.000,2446.386,2448.717,2437.086,2447.326,180617065.43
28.06.2021 13:00:00.000,2450.697,2454.997,2434.996,2435.797,107209617.61
28.06.2021 14:00:00.000,2436.176,2444.587,2435.737,2437.387,152618957.52
28.06.2021 15:00:00.000,2437.386,2439.356,2431.516,2432.186,94110206.6
28.06.2021 16:00:00.000,2432.457,2435.417,2427.996,2432.927,79811386.11
28.06.2021 17:00:00.000,2433.507,2439.957,2432.926,2438.167,75711837.77
28.06.2021 18:00:00.000,2438.077,2450.217,2432.676,2449.506,108316474.91
28.06.2021 19:00:00.000,2448.996,2455.037,2433.547,2450.376,227028472.9
29.06.2021 13:00:00.000,2452.406,2459.487,2443.036,2444.706,95713737.49
29.06.2021 14:00:00.000,2444.707,2448.406,2434.596,2438.466,143218460.08
29.06.2021 15:00:00.000,2438.567,2443.636,2432.566,2442.887,88614967.35
29.06.2021 16:00:00.000,2442.897,2446.467,2439.996,2445.507,84313232.42
29.06.2021 17:00:00.000,2445.516,2447.707,2440.996,2447.357,98018341.06
29.06.2021 18:00:00.000,2447.356,2451.117,2443.416,2447.837,87019271.85
29.06.2021 19:00:00.000,2448.117,2450.907,2442.876,2444.617,123424377.44
30.06.2021 13:00:00.000,2439.997,2442.807,2432.996,2436.437,106414726.26
30.06.2021 14:00:00.000,2436.446,2436.447,2427.426,2434.357,190216445.92
30.06.2021 15:00:00.000,2434.357,2437.476,2426.996,2436.776,132315078.74
30.06.2021 16:00:00.000,2436.777,2439.066,2434.496,2437.386,123516487.12
30.06.2021 17:00:00.000,2437.387,2438.267,2432.996,2433.936,92511108.4
30.06.2021 18:00:00.000,2433.937,2437.976,2430.996,2435.537,96514793.4
30.06.2021 19:00:00.000,2435.526,2443.767,2434.726,2439.546,204826385.5
01.07.2021 13:00:00.000,2432.997,2448.127,2432.996,2447.126,105513183.59
01.07.2021 14:00:00.000,2446.786,2451.417,2440.546,2448.087,139512969.97
01.07.2021 15:00:00.000,2448.876,2449.696,2434.156,2436.907,151917282.1
01.07.2021 16:00:00.000,2436.906,2437.966,2429.996,2433.247,110314872.74
01.07.2021 17:00:00.000,2433.247,2440.876,2431.616,2436.516,103521812.44
01.07.2021 18:00:00.000,2436.516,2447.926,2436.516,2446.937,95320060.73
01.07.2021 19:00:00.000,2447.226,2449.407,2442.456,2448.406,124418334.96
02.07.2021 13:00:00.000,2457.997,2477.646,2457.996,2476.556,108117439.27
02.07.2021 14:00:00.000,2476.556,2484.836,2474.307,2483.977,176030059.81
02.07.2021 15:00:00.000,2483.976,2491.696,2481.006,2490.147,144319671.63
02.07.2021 16:00:00.000,2490.156,2498.057,2489.986,2497.107,134821929.93
02.07.2021 17:00:00.000,2497.346,2501.540,2493.916,2500.156,144016647.34
02.07.2021 18:00:00.000,2500.746,2503.617,2498.996,2500.097,131212707.52
02.07.2021 19:00:00.000,2500.097,2507.317,2498.996,2503.896,188528030.4
06.07.2021 13:00:00.000,2511.056,2528.327,2511.056,2514.406,130214035.03
06.07.2021 14:00:00.000,2514.406,2524.346,2500.586,2500.586,209726852.42
06.07.2021 15:00:00.000,2500.196,2508.737,2497.996,2503.007,156518356.32
06.07.2021 16:00:00.000,2503.006,2510.117,2491.206,2509.966,152822174.07
06.07.2021 17:00:00.000,2509.967,2518.437,2509.006,2517.587,114115577.7
06.07.2021 18:00:00.000,2517.586,2519.617,2513.646,2515.996,114314331.05
06.07.2021 19:00:00.000,2516.046,2523.897,2514.486,2523.326,166223007.2
07.07.2021 13:00:00.000,2539.996,2543.602,2525.796,2536.467,129914794.92
07.07.2021 14:00:00.000,2536.466,2538.016,2523.006,2532.346,270125885.01
07.07.2021 15:00:00.000,2531.746,2538.486,2525.246,2535.026,157219253.54
07.07.2021 16:00:00.000,2534.156,2536.336,2524.996,2532.616,118318580.63
07.07.2021 17:00:00.000,2532.616,2532.617,2524.996,2526.997,123318359.38
07.07.2021 18:00:00.000,2526.996,2537.127,2526.996,2533.577,123420448.3
07.07.2021 19:00:00.000,2533.617,2535.167,2526.996,2529.466,187823715.21
08.07.2021 13:00:00.000,2483.527,2498.646,2479.986,2497.017,158916854.86
08.07.2021 14:00:00.000,2497.016,2499.427,2486.996,2488.367,298724670.41
08.07.2021 15:00:00.000,2488.366,2505.777,2486.997,2502.906,197830459.59
08.07.2021 16:00:00.000,2502.907,2507.817,2498.246,2503.627,154024124.15
08.07.2021 17:00:00.000,2503.767,2511.677,2501.856,2505.797,134521118.16
08.07.2021 18:00:00.000,2505.816,2506.257,2497.906,2500.946,138420272.83
08.07.2021 19:00:00.000,2500.636,2504.047,2493.996,2499.596,226929718.02
09.07.2021 13:00:00.000,2499.996,2507.076,2491.316,2494.606,105413818.36
09.07.2021 14:00:00.000,2495.336,2507.546,2492.496,2505.936,159116317.75
09.07.2021 15:00:00.000,2506.317,2508.167,2500.566,2506.097,139017913.82
09.07.2021 16:00:00.000,2506.606,2512.547,2506.097,2511.207,90417907.71
09.07.2021 17:00:00.000,2511.206,2511.357,2505.956,2508.917,93514114.38
09.07.2021 18:00:00.000,2508.996,2511.067,2506.996,2509.747,109512298.58
09.07.2021 19:00:00.000,2510.337,2513.946,2508.326,2508.597,156922698.97
12.07.2021 13:00:00.000,2521.997,2522.007,2510.996,2516.287,107311027.53
12.07.2021 14:00:00.000,2516.286,2532.436,2511.407,2529.996,183017532.35
12.07.2021 15:00:00.000,2529.997,2533.617,2525.686,2527.776,154311828.61
12.07.2021 16:00:00.000,2527.776,2529.187,2522.996,2528.316,88012298.58
12.07.2021 17:00:00.000,2528.306,2531.487,2526.346,2527.406,99914138.79
12.07.2021 18:00:00.000,2527.406,2533.687,2524.996,2531.706,136217178.34
12.07.2021 19:00:00.000,2531.706,2541.127,2531.426,2537.956,187829177.86
13.07.2021 13:00:00.000,2539.007,2555.346,2536.846,2550.187,80510948.18
13.07.2021 14:00:00.000,2550.017,2557.947,2550.017,2551.646,177617172.24
13.07.2021 15:00:00.000,2552.186,2560.846,2551.466,2553.087,123118278.5
13.07.2021 16:00:00.000,2553.087,2559.206,2550.016,2558.607,82112945.56
13.07.2021 17:00:00.000,2558.606,2558.877,2533.336,2540.177,145424819.95
13.07.2021 18:00:00.000,2540.176,2548.126,2534.766,2547.817,124221588.13
13.07.2021 19:00:00.000,2548.207,2550.876,2542.767,2545.316,172820892.33
14.07.2021 13:00:00.000,2560.447,2585.397,2558.946,2575.157,132812683.11
14.07.2021 14:00:00.000,2577.566,2585.457,2569.116,2574.497,165918655.4
14.07.2021 15:00:00.000,2574.496,2574.636,2557.996,2558.156,151014739.99
14.07.2021 16:00:00.000,2557.996,2572.776,2557.996,2569.376,160015930.18
14.07.2021 17:00:00.000,2569.456,2570.717,2561.636,2562.086,127809082.03
14.07.2021 18:00:00.000,2562.486,2571.627,2560.817,2570.417,106212448.12
14.07.2021 19:00:00.000,2569.707,2575.587,2562.246,2564.597,244722106.93
15.07.2021 13:00:00.000,2570.996,2574.597,2550.147,2563.206,108609527.59
15.07.2021 14:00:00.000,2563.206,2563.986,2530.627,2536.917,269019775.39
15.07.2021 15:00:00.000,2535.117,2548.117,2534.996,2539.516,186816467.29
15.07.2021 16:00:00.000,2539.516,2548.537,2529.996,2544.316,181018829.35
15.07.2021 17:00:00.000,2544.317,2544.977,2532.796,2534.327,174214874.27
15.07.2021 18:00:00.000,2534.326,2542.817,2531.996,2540.457,148416213.99
15.07.2021 19:00:00.000,2539.867,2542.026,2534.396,2539.217,199824569.7
16.07.2021 13:00:00.000,2546.486,2554.997,2535.046,2535.117,104714523.32
16.07.2021 14:00:00.000,2535.046,2538.707,2525.496,2530.007,194018341.06
16.07.2021 15:00:00.000,2530.337,2533.537,2522.996,2524.076,205616699.22
16.07.2021 16:00:00.000,2523.106,2539.107,2523.106,2537.307,167317306.52
16.07.2021 17:00:00.000,2537.336,2544.766,2536.757,2538.056,184711273.19
16.07.2021 18:00:00.000,2538.057,2540.537,2534.176,2539.277,219418838.5
16.07.2021 19:00:00.000,2538.886,2542.976,2534.996,2538.246,239220382.69
19.07.2021 13:00:00.000,2521.347,2521.347,2483.997,2485.197,173219970.7
19.07.2021 14:00:00.000,2485.196,2489.627,2469.996,2485.957,295132354.74
19.07.2021 15:00:00.000,2485.606,2503.547,2484.096,2491.447,216721252.44
19.07.2021 16:00:00.000,2491.007,2492.066,2480.666,2484.376,142217376.71
19.07.2021 17:00:00.000,2484.376,2488.297,2479.146,2479.146,164313964.84
19.07.2021 18:00:00.000,2479.146,2486.837,2478.826,2483.626,211922546.39
19.07.2021 19:00:00.000,2483.746,2490.936,2478.597,2490.177,259726898.19
20.07.2021 13:00:00.000,2506.707,2508.747,2485.247,2499.926,154009002.69
20.07.2021 14:00:00.000,2499.927,2517.337,2489.997,2513.646,236416259.77
20.07.2021 15:00:00.000,2513.646,2525.796,2512.356,2523.877,160614608.76
20.07.2021 16:00:00.000,2523.876,2535.146,2523.066,2535.127,149712448.12
20.07.2021 17:00:00.000,2535.777,2536.087,2526.576,2530.727,147912414.55
20.07.2021 18:00:00.000,2531.317,2540.606,2531.316,2533.837,191014236.45
20.07.2021 19:00:00.000,2533.866,2537.156,2522.897,2523.277,210321517.94
21.07.2021 13:00:00.000,2520.646,2539.216,2518.996,2538.366,122811500.55
21.07.2021 14:00:00.000,2538.376,2541.327,2528.156,2531.507,179519531.25
21.07.2021 15:00:00.000,2531.506,2535.137,2529.326,2534.096,135514465.33
21.07.2021 16:00:00.000,2534.097,2539.037,2532.846,2534.007,96110687.26
21.07.2021 17:00:00.000,2534.006,2538.556,2531.576,2537.026,86614387.51
21.07.2021 18:00:00.000,2536.896,2541.467,2534.996,2541.097,90112442.02
21.07.2021 19:00:00.000,2541.096,2551.157,2540.196,2549.766,176519470.21
22.07.2021 13:00:00.000,2554.996,2563.007,2547.996,2558.637,126711296.08
22.07.2021 14:00:00.000,2558.636,2568.016,2556.466,2563.266,177215713.5
22.07.2021 15:00:00.000,2563.267,2564.606,2556.166,2560.087,128613082.89
22.07.2021 16:00:00.000,2560.087,2561.276,2552.556,2556.997,134712966.92
22.07.2021 17:00:00.000,2556.996,2565.836,2556.396,2565.277,82109077.45
22.07.2021 18:00:00.000,2565.936,2568.866,2561.236,2563.617,157312667.85
22.07.2021 19:00:00.000,2563.617,2567.606,2561.996,2567.056,201521087.65
23.07.2021 13:00:00.000,2605.997,2609.896,2594.996,2603.537,189815444.95
23.07.2021 14:00:00.000,2603.537,2633.737,2603.536,2629.777,309424255.37
23.07.2021 15:00:00.000,2630.517,2635.906,2619.576,2634.917,185016357.42
23.07.2021 16:00:00.000,2634.917,2650.986,2631.276,2649.996,187821548.46
23.07.2021 17:00:00.000,2649.996,2661.507,2646.856,2659.646,202918106.08
23.07.2021 18:00:00.000,2659.647,2666.877,2657.476,2660.576,231720626.83
23.07.2021 19:00:00.000,2660.987,2665.752,2654.996,2658.837,238021743.77
26.07.2021 13:00:00.000,2664.527,2668.336,2644.456,2660.776,182714233.4
26.07.2021 14:00:00.000,2660.777,2667.057,2652.727,2656.176,232022018.43
26.07.2021 15:00:00.000,2656.177,2666.947,2652.476,2666.266,129817749.02
26.07.2021 16:00:00.000,2666.277,2674.166,2661.536,2665.567,144915542.6
26.07.2021 17:00:00.000,2665.097,2668.766,2655.947,2656.996,121211936.95
26.07.2021 18:00:00.000,2657.016,2674.787,2656.616,2673.506,189320312.5
26.07.2021 19:00:00.000,2673.506,2684.097,2669.996,2681.437,241023498.54
27.07.2021 13:00:00.000,2682.096,2687.237,2671.606,2678.297,141717239.38
27.07.2021 14:00:00.000,2678.566,2683.367,2632.617,2642.376,315233184.81
27.07.2021 15:00:00.000,2642.376,2651.607,2623.657,2637.557,291225128.17
27.07.2021 16:00:00.000,2637.557,2637.557,2615.486,2617.226,205623764.04
27.07.2021 17:00:00.000,2617.227,2619.426,2601.606,2603.997,216321395.87
27.07.2021 18:00:00.000,2603.997,2631.886,2603.286,2630.446,216127182.01
27.07.2021 19:00:00.000,2630.486,2639.236,2625.357,2637.536,349930877.69
28.07.2021 13:00:00.000,2724.066,2752.277,2704.136,2730.676,222317520.14
28.07.2021 14:00:00.000,2730.677,2764.947,2729.687,2757.477,275628692.63
28.07.2021 15:00:00.000,2758.627,2762.627,2730.556,2736.017,226317672.73
28.07.2021 16:00:00.000,2736.456,2744.167,2723.357,2723.687,174913421.63
28.07.2021 17:00:00.000,2724.337,2736.366,2715.996,2732.086,230818527.22
28.07.2021 18:00:00.000,2732.086,2742.340,2716.996,2718.886,203618026.73
28.07.2021 19:00:00.000,2719.067,2727.936,2718.886,2721.747,326031982.42
29.07.2021 13:00:00.000,2721.616,2726.107,2712.876,2720.996,154013183.59
29.07.2021 14:00:00.000,2720.436,2731.757,2714.577,2727.216,230020965.58
29.07.2021 15:00:00.000,2727.216,2731.696,2716.637,2718.646,157014373.78
29.07.2021 16:00:00.000,2718.647,2722.497,2713.826,2714.997,134915832.52
29.07.2021 17:00:00.000,2715.007,2717.727,2710.996,2713.846,143917007.45
29.07.2021 18:00:00.000,2713.847,2721.986,2711.276,2716.626,141920745.85
29.07.2021 19:00:00.000,2716.996,2717.266,2710.386,2715.317,187226135.25
30.07.2021 13:00:00.000,2698.126,2703.007,2684.996,2702.846,129409210.21
30.07.2021 14:00:00.000,2703.367,2705.717,2693.686,2694.427,195416915.89
30.07.2021 15:00:00.000,2694.427,2697.917,2685.996,2691.496,162517684.94
30.07.2021 16:00:00.000,2691.497,2695.977,2688.996,2695.507,126314895.63
30.07.2021 17:00:00.000,2696.087,2700.416,2692.816,2694.117,129717666.63
30.07.2021 18:00:00.000,2694.356,2695.187,2685.996,2694.017,152217239.38
30.07.2021 19:00:00.000,2694.066,2697.487,2690.216,2694.087,220223907.47
02.08.2021 13:00:00.000,2701.486,2704.187,2675.456,2683.636,135814928.05
02.08.2021 14:00:00.000,2683.637,2700.077,2679.806,2692.877,216928568.01
02.08.2021 15:00:00.000,2692.996,2703.397,2689.996,2690.867,144024213.4
02.08.2021 16:00:00.000,2690.867,2695.836,2685.707,2692.076,122614861.65
02.08.2021 17:00:00.000,2692.927,2696.707,2688.836,2691.817,136612529.81
02.08.2021 18:00:00.000,2691.817,2697.307,2689.716,2695.437,137007109.22
02.08.2021 19:00:00.000,2694.666,2699.537,2689.996,2696.907,231923058.21
03.08.2021 13:00:00.000,2700.096,2705.196,2681.417,2683.117,118609610.92
03.08.2021 14:00:00.000,2683.086,2685.907,2668.516,2676.296,202419771.91
03.08.2021 15:00:00.000,2676.297,2708.416,2666.656,2705.587,187322031.02
03.08.2021 16:00:00.000,2706.507,2711.776,2700.006,2708.557,152416854.62
03.08.2021 17:00:00.000,2709.346,2714.196,2701.716,2703.316,135214417.89
03.08.2021 18:00:00.000,2703.797,2708.126,2697.366,2706.436,122312826.22
03.08.2021 19:00:00.000,2707.097,2713.247,2705.996,2712.067,169320087.73
04.08.2021 13:00:00.000,2705.487,2712.067,2694.996,2700.036,158114360.93
04.08.2021 14:00:00.000,2700.036,2701.047,2689.316,2694.006,230927217.48
04.08.2021 15:00:00.000,2694.027,2709.486,2694.027,2709.066,163726625.62
04.08.2021 16:00:00.000,2709.486,2709.637,2698.996,2702.756,140919472.87
04.08.2021 17:00:00.000,2702.776,2712.526,2702.606,2705.427,165123862.92
04.08.2021 18:00:00.000,2705.606,2711.687,2704.406,2706.806,131221669.14
04.08.2021 19:00:00.000,2706.806,2708.827,2700.906,2700.906,171525702.42
05.08.2021 13:00:00.000,2712.617,2712.617,2695.286,2705.637,91109439.02
05.08.2021 14:00:00.000,2705.637,2719.897,2704.377,2717.456,135313159.41
05.08.2021 15:00:00.000,2717.456,2721.737,2712.996,2715.996,141707821.19
05.08.2021 16:00:00.000,2715.996,2719.357,2712.756,2715.496,121012511.37
05.08.2021 17:00:00.000,2715.497,2720.327,2713.496,2718.237,74108052.04
05.08.2021 18:00:00.000,2718.237,2720.797,2717.307,2719.277,84807288.95
05.08.2021 19:00:00.000,2719.156,2726.346,2718.327,2724.297,163515395.13
06.08.2021 13:00:00.000,2718.056,2728.596,2715.296,2718.456,102909746.71
06.08.2021 14:00:00.000,2718.457,2727.317,2709.997,2712.726,154511269.75
06.08.2021 15:00:00.000,2712.726,2715.036,2702.807,2713.487,128713630.85
06.08.2021 16:00:00.000,2714.207,2716.607,2707.396,2716.416,73009301.22
06.08.2021 17:00:00.000,2716.426,2720.747,2712.626,2717.097,71409075.17
06.08.2021 18:00:00.000,2715.387,2719.397,2710.516,2712.096,102108322.02
06.08.2021 19:00:00.000,2712.096,2716.277,2707.656,2713.366,155212673.66
09.08.2021 13:00:00.000,2719.007,2720.326,2705.396,2715.996,95310936.21
09.08.2021 14:00:00.000,2715.996,2719.717,2709.996,2713.846,127709081.68
09.08.2021 15:00:00.000,2714.076,2723.746,2712.906,2719.486,95606335.21
09.08.2021 16:00:00.000,2719.486,2722.857,2718.136,2719.266,99108149.19
09.08.2021 17:00:00.000,2719.416,2732.166,2718.826,2729.987,97707309.99
09.08.2021 18:00:00.000,2729.987,2743.326,2729.246,2742.367,160812887.85
09.08.2021 19:00:00.000,2742.367,2743.017,2735.497,2737.166,177517648.99
10.08.2021 13:00:00.000,2746.826,2752.917,2741.997,2751.196,123709298.01
10.08.2021 14:00:00.000,2749.356,2754.546,2727.996,2735.386,181419778.35
10.08.2021 15:00:00.000,2736.307,2737.926,2726.996,2735.657,133919565.83
10.08.2021 16:00:00.000,2735.657,2744.767,2733.937,2740.506,109614135.92
10.08.2021 17:00:00.000,2741.116,2745.357,2740.406,2744.327,93707504.09
10.08.2021 18:00:00.000,2744.327,2745.346,2735.837,2739.367,103509530.57
10.08.2021 19:00:00.000,2739.367,2740.296,2728.996,2735.466,179714585.84
11.08.2021 13:00:00.000,2740.997,2752.476,2732.996,2733.076,121306182.38
11.08.2021 14:00:00.000,2732.996,2740.536,2731.056,2733.197,144311319.11
11.08.2021 15:00:00.000,2733.197,2734.487,2727.006,2727.587,182612321.2
11.08.2021 16:00:00.000,2727.587,2737.457,2724.996,2737.016,145814941.09
11.08.2021 17:00:00.000,2737.467,2740.386,2727.216,2728.947,155215359.87
11.08.2021 18:00:00.000,2728.946,2734.437,2727.506,2729.177,158012446.58
11.08.2021 19:00:00.000,2729.727,2733.197,2725.006,2725.006,167620826.96
12.08.2021 13:00:00.000,2720.446,2723.507,2707.066,2716.617,97810780.58
12.08.2021 14:00:00.000,2717.187,2736.676,2711.806,2733.696,145415685.59
12.08.2021 15:00:00.000,2733.596,2736.346,2725.216,2733.837,98912238.33
12.08.2021 16:00:00.000,2733.867,2741.727,2732.106,2737.687,113110996.81
12.08.2021 17:00:00.000,2737.576,2739.056,2733.276,2735.686,88608769.54
12.08.2021 18:00:00.000,2735.687,2742.196,2735.196,2740.376,102309368.85
12.08.2021 19:00:00.000,2741.166,2745.357,2736.996,2742.226,147312875.48
13.08.2021 13:00:00.000,2745.006,2752.332,2739.996,2747.736,76707358.72
13.08.2021 14:00:00.000,2747.736,2756.807,2746.507,2750.796,140312887.19
13.08.2021 15:00:00.000,2750.797,2754.197,2745.766,2747.716,102106610.42
13.08.2021 16:00:00.000,2747.717,2751.156,2746.736,2750.026,75108109.04
13.08.2021 17:00:00.000,2750.027,2753.252,2749.996,2752.066,77706792.95
13.08.2021 18:00:00.000,2752.067,2752.906,2748.987,2750.667,97307584.21
13.08.2021 19:00:00.000,2750.666,2754.617,2748.996,2753.857,138910709.93
16.08.2021 13:00:00.000,2747.027,2757.997,2741.996,2745.147,92505954.74
16.08.2021 14:00:00.000,2745.147,2746.596,2705.086,2709.436,227114346.86
16.08.2021 15:00:00.000,2709.466,2724.106,2709.436,2720.746,158812988.64
16.08.2021 16:00:00.000,2721.836,2733.996,2720.596,2732.707,116308949.31
16.08.2021 17:00:00.000,2732.937,2749.017,2730.786,2747.136,107608786.61
16.08.2021 18:00:00.000,2747.137,2757.457,2743.996,2753.447,94110502.93
16.08.2021 19:00:00.000,2753.876,2766.197,2752.936,2765.137,175415963.56
17.08.2021 13:00:00.000,2749.996,2764.827,2741.767,2751.296,118510274.89
17.08.2021 14:00:00.000,2751.296,2760.246,2746.267,2749.556,168414522.11
17.08.2021 15:00:00.000,2749.576,2752.117,2735.686,2739.636,176814189.37
17.08.2021 16:00:00.000,2739.636,2743.086,2720.996,2722.656,171414178.01
17.08.2021 17:00:00.000,2723.287,2730.676,2720.997,2729.167,145513929.31
17.08.2021 18:00:00.000,2729.086,2736.467,2727.996,2735.997,105312855.32
17.08.2021 19:00:00.000,2735.577,2737.447,2727.296,2731.766,188918515.74
18.08.2021 13:00:00.000,2729.006,2733.286,2720.996,2732.017,77507449.27
18.08.2021 14:00:00.000,2730.597,2741.426,2726.717,2734.286,141113833.58
18.08.2021 15:00:00.000,2734.317,2735.376,2729.996,2732.996,168213146.09
18.08.2021 16:00:00.000,2732.996,2737.177,2731.576,2735.946,108708297.67
18.08.2021 17:00:00.000,2735.987,2736.806,2730.266,2735.117,72705714.54
18.08.2021 18:00:00.000,2735.117,2741.807,2725.546,2734.617,133710274.55
18.08.2021 19:00:00.000,2734.616,2734.616,2706.026,2708.156,220018771.23
19.08.2021 13:00:00.000,2686.247,2701.236,2684.996,2697.106,127711660.39
19.08.2021 14:00:00.000,2697.107,2716.646,2696.456,2715.317,181018548.97
19.08.2021 15:00:00.000,2715.486,2725.697,2711.366,2723.176,165015215.87
19.08.2021 16:00:00.000,2723.177,2726.496,2719.996,2723.706,131413213.6
19.08.2021 17:00:00.000,2723.706,2724.206,2709.427,2709.427,135912560.15
19.08.2021 18:00:00.000,2709.426,2716.696,2700.676,2716.197,185914366.42
19.08.2021 19:00:00.000,2715.026,2723.306,2710.106,2711.056,205716722.37
20.08.2021 13:00:00.000,2717.197,2729.185,2703.886,2723.416,95507441.52
20.08.2021 14:00:00.000,2723.416,2739.737,2723.416,2729.596,185015032.17
20.08.2021 15:00:00.000,2729.596,2733.406,2724.056,2728.937,174211354.2
20.08.2021 16:00:00.000,2727.897,2746.710,2727.896,2745.737,156312104.28
20.08.2021 17:00:00.000,2745.786,2750.236,2738.856,2741.257,138010649.8
20.08.2021 18:00:00.000,2741.867,2743.467,2734.507,2739.456,158310851.1
20.08.2021 19:00:00.000,2739.667,2750.357,2739.196,2747.487,205217140.73
23.08.2021 13:00:00.000,2757.847,2773.757,2751.986,2769.116,89108465.97
23.08.2021 14:00:00.000,2770.206,2807.617,2769.116,2806.927,230917218.33
23.08.2021 15:00:00.000,2806.926,2817.277,2803.997,2813.037,216912690.04
23.08.2021 16:00:00.000,2813.037,2813.657,2805.057,2811.526,123710819.63
23.08.2021 17:00:00.000,2812.107,2815.587,2801.496,2807.486,121510188.1
23.08.2021 18:00:00.000,2807.486,2810.657,2805.456,2806.896,115808297.38
23.08.2021 19:00:00.000,2806.707,2809.747,2798.487,2800.806,192615869.64
24.08.2021 13:00:00.000,2811.596,2833.716,2805.296,2829.257,128810161.47
24.08.2021 14:00:00.000,2829.257,2840.917,2826.496,2832.136,218110687.14
24.08.2021 15:00:00.000,2832.137,2833.497,2821.996,2825.566,109909601.51
24.08.2021 16:00:00.000,2825.566,2828.136,2821.896,2824.797,82008609.41
24.08.2021 17:00:00.000,2824.796,2836.697,2824.336,2834.006,88611130.79
24.08.2021 18:00:00.000,2834.006,2834.347,2827.966,2829.996,91908261.7
24.08.2021 19:00:00.000,2829.996,2832.760,2823.246,2824.937,155619368.91
25.08.2021 13:00:00.000,2834.216,2842.566,2826.956,2837.886,95713233.83
25.08.2021 14:00:00.000,2837.886,2841.047,2830.306,2830.556,167119999.65
25.08.2021 15:00:00.000,2830.556,2837.557,2828.997,2832.917,136112785.16
25.08.2021 16:00:00.000,2832.916,2835.707,2827.176,2834.967,89509677.32
25.08.2021 17:00:00.000,2834.967,2839.917,2831.966,2839.027,81008547.81
25.08.2021 18:00:00.000,2839.036,2839.887,2833.466,2838.316,91508154.78
25.08.2021 19:00:00.000,2838.216,2842.942,2837.136,2841.297,150613951.62
26.08.2021 13:00:00.000,2834.997,2845.636,2832.996,2837.497,93108645.14
26.08.2021 14:00:00.000,2837.997,2847.526,2830.696,2839.147,183512356.28
26.08.2021 15:00:00.000,2839.496,2843.886,2830.056,2840.007,151313759.15
26.08.2021 16:00:00.000,2840.016,2848.357,2839.736,2845.136,122411737.5
26.08.2021 17:00:00.000,2845.076,2846.327,2838.996,2839.167,98013736.96
26.08.2021 18:00:00.000,2839.167,2841.847,2835.666,2838.617,108212102.23
26.08.2021 19:00:00.000,2838.646,2838.966,2826.996,2826.997,201322057.23
27.08.2021 13:00:00.000,2831.006,2846.177,2828.806,2841.087,83107991.93
27.08.2021 14:00:00.000,2841.086,2864.317,2837.996,2857.426,226716222.64
27.08.2021 15:00:00.000,2857.747,2871.897,2857.407,2871.067,155813581.76
27.08.2021 16:00:00.000,2871.497,2882.157,2869.456,2880.926,168216738.58
27.08.2021 17:00:00.000,2881.796,2886.447,2880.586,2883.616,138915993.63
27.08.2021 18:00:00.000,2883.617,2884.236,2879.846,2882.457,132414421.8
27.08.2021 19:00:00.000,2882.456,2889.787,2878.776,2879.997,222722004.95
30.08.2021 13:00:00.000,2886.997,2903.187,2881.996,2900.817,113715617.3
30.08.2021 14:00:00.000,2902.820,2918.786,2899.996,2904.656,210320731.46
30.08.2021 15:00:00.000,2904.996,2907.027,2901.056,2905.007,170714001.89
30.08.2021 16:00:00.000,2904.836,2905.667,2894.676,2898.347,181815244.73
30.08.2021 17:00:00.000,2898.347,2907.646,2895.946,2905.997,108011269.46
30.08.2021 18:00:00.000,2905.997,2909.537,2899.126,2899.936,127312540.68
30.08.2021 19:00:00.000,2900.017,2900.217,2889.996,2891.576,180124651.07
31.08.2021 13:00:00.000,2901.996,2902.597,2884.996,2887.077,130.11
31.08.2021 14:00:00.000,2887.077,2902.987,2884.996,2896.906,220.12
31.08.2021 15:00:00.000,2897.677,2900.057,2892.996,2896.796,149.92
31.08.2021 16:00:00.000,2896.796,2902.206,2892.996,2899.077,100.32
31.08.2021 17:00:00.000,2899.336,2899.856,2892.996,2899.466,102.51
31.08.2021 18:00:00.000,2899.467,2903.147,2896.696,2901.246,115.11
31.08.2021 19:00:00.000,2901.346,2902.797,2885.996,2892.997,204.62
01.09.2021 13:00:00.000,2897.996,2920.987,2897.996,2915.006,130413330.08
01.09.2021 14:00:00.000,2915.746,2919.907,2907.996,2915.797,167618637.09
01.09.2021 15:00:00.000,2915.996,2924.997,2912.696,2921.567,155122604.37
01.09.2021 16:00:00.000,2921.136,2922.727,2909.996,2914.116,114013175.96
01.09.2021 17:00:00.000,2914.016,2914.336,2903.956,2905.576,111212402.34
01.09.2021 18:00:00.000,2905.586,2905.586,2896.997,2902.576,106515975.95
01.09.2021 19:00:00.000,2902.596,2906.997,2896.976,2903.566,169823913.57
02.09.2021 13:00:00.000,2903.997,2909.906,2884.356,2886.267,124913276.67
02.09.2021 14:00:00.000,2886.267,2889.027,2863.836,2879.066,248126663.21
02.09.2021 15:00:00.000,2879.086,2888.937,2874.996,2878.246,132419815.06
02.09.2021 16:00:00.000,2878.247,2879.076,2871.367,2876.056,110816452.03
02.09.2021 17:00:00.000,2876.167,2879.417,2871.946,2876.776,110816192.63
02.09.2021 18:00:00.000,2876.776,2876.777,2868.996,2872.216,109718620.3
02.09.2021 19:00:00.000,2872.217,2872.846,2863.697,2865.737,215829437.26
03.09.2021 13:00:00.000,2860.996,2866.250,2847.996,2864.536,136815643.31
03.09.2021 14:00:00.000,2864.536,2874.767,2862.976,2871.716,200619796.75
03.09.2021 15:00:00.000,2871.717,2882.547,2869.816,2875.226,145415603.64
03.09.2021 16:00:00.000,2875.227,2880.947,2873.566,2875.497,109514480.59
03.09.2021 17:00:00.000,2875.496,2880.312,2875.496,2878.216,99411750.79
03.09.2021 18:00:00.000,2878.217,2882.166,2877.356,2880.926,123116806.03
03.09.2021 19:00:00.000,2880.926,2882.546,2867.576,2874.366,204020599.37
07.09.2021 13:00:00.000,2876.997,2886.017,2871.996,2884.616,179114822.39
07.09.2021 14:00:00.000,2885.116,2891.736,2879.996,2888.147,452037902.83
07.09.2021 15:00:00.000,2888.146,2888.216,2877.996,2883.597,337229766.85
07.09.2021 16:00:00.000,2882.766,2887.377,2879.006,2884.086,262428131.1
07.09.2021 17:00:00.000,2884.087,2884.816,2876.996,2878.257,242423965.45
07.09.2021 18:00:00.000,2878.257,2884.716,2872.996,2883.736,303627380.37
07.09.2021 19:00:00.000,2883.737,2886.146,2879.946,2884.717,367136413.57
08.09.2021 13:00:00.000,2879.997,2882.686,2871.206,2876.417,196922760.01
08.09.2021 14:00:00.000,2876.416,2887.497,2864.206,2865.476,485939697.27
08.09.2021 15:00:00.000,2865.476,2869.617,2859.996,2861.956,383133789.06
08.09.2021 16:00:00.000,2861.957,2870.217,2858.997,2866.277,358734466.55
08.09.2021 17:00:00.000,2866.277,2869.526,2864.996,2866.067,308931274.41
08.09.2021 18:00:00.000,2866.617,2872.036,2866.067,2870.536,330131561.28
08.09.2021 19:00:00.000,2870.536,2874.437,2868.646,2873.036,341632904.05
09.09.2021 13:00:00.000,2874.996,2882.627,2864.996,2878.207,183817794.8
09.09.2021 14:00:00.000,2878.227,2885.917,2874.996,2881.006,346036132.81
09.09.2021 15:00:00.000,2881.206,2883.656,2873.466,2878.397,283132568.36
09.09.2021 16:00:00.000,2878.396,2879.647,2871.026,2871.117,278630645.75
09.09.2021 17:00:00.000,2871.877,2875.006,2862.556,2870.007,349537719.73
09.09.2021 18:00:00.000,2870.977,2879.277,2867.266,2877.947,303637969.97
09.09.2021 19:00:00.000,2878.257,2880.087,2866.606,2869.737,375742401.12
10.09.2021 13:00:00.000,2883.497,2890.686,2881.107,2889.107,106814300.54
10.09.2021 14:00:00.000,2890.466,2893.770,2881.107,2887.156,213522903.44
10.09.2021 15:00:00.000,2887.156,2888.876,2832.156,2840.606,268433563.23
10.09.2021 16:00:00.000,2840.606,2853.146,2838.527,2839.146,183022827.15
10.09.2021 17:00:00.000,2839.147,2845.727,2834.136,2834.746,174517166.14
10.09.2021 18:00:00.000,2835.237,2835.237,2820.176,2830.206,201825561.52
10.09.2021 19:00:00.000,2830.206,2830.457,2812.497,2816.466,316334838.87
13.09.2021 13:00:00.000,2837.602,2858.426,2829.116,2834.997,167512176.51
13.09.2021 14:00:00.000,2834.996,2845.497,2824.666,2842.257,255024673.46
13.09.2021 15:00:00.000,2842.037,2846.266,2831.216,2837.397,202216873.17
13.09.2021 16:00:00.000,2837.397,2856.706,2836.996,2854.606,176218154.91
13.09.2021 17:00:00.000,2855.337,2855.626,2844.677,2847.486,152615295.41
13.09.2021 18:00:00.000,2847.487,2848.876,2831.216,2835.056,175715255.74
13.09.2021 19:00:00.000,2834.247,2847.167,2829.997,2846.596,256824584.96
14.09.2021 13:00:00.000,2856.996,2866.436,2840.996,2844.426,126511375.43
14.09.2021 14:00:00.000,2844.287,2849.057,2834.007,2837.667,195119186.4
14.09.2021 15:00:00.000,2838.417,2856.967,2837.316,2856.087,162318283.08
14.09.2021 16:00:00.000,2856.087,2859.917,2846.196,2848.736,105108268.74
14.09.2021 17:00:00.000,2848.737,2855.067,2846.196,2852.526,111109939.58
14.09.2021 18:00:00.000,2852.526,2854.707,2842.516,2854.447,148809692.38
14.09.2021 19:00:00.000,2854.057,2855.337,2844.136,2849.917,227016372.68
15.09.2021 13:00:00.000,2854.137,2862.657,2832.006,2837.377,145808364.87
15.09.2021 14:00:00.000,2838.766,2847.696,2825.796,2839.906,211417221.07
15.09.2021 15:00:00.000,2840.356,2845.967,2839.356,2842.716,100810371.4
15.09.2021 16:00:00.000,2842.717,2869.797,2842.426,2867.656,132714508.06
15.09.2021 17:00:00.000,2867.657,2879.797,2867.576,2876.897,105712783.81
15.09.2021 18:00:00.000,2876.896,2883.816,2873.686,2882.476,120409790.04
15.09.2021 19:00:00.000,2882.847,2888.287,2880.667,2887.406,209119689.94
16.09.2021 13:00:00.000,2880.167,2885.036,2859.027,2864.077,100011199.95
16.09.2021 14:00:00.000,2864.076,2864.477,2845.156,2855.006,208020660.4
16.09.2021 15:00:00.000,2855.007,2859.317,2848.996,2858.587,133913772.58
16.09.2021 16:00:00.000,2858.586,2866.626,2856.496,2864.247,98014251.71
16.09.2021 17:00:00.000,2863.446,2869.857,2858.476,2867.666,103915367.13
16.09.2021 18:00:00.000,2867.686,2874.226,2865.456,2872.996,108712554.93
16.09.2021 19:00:00.000,2872.757,2880.117,2867.496,2870.616,213621643.07
17.09.2021 13:00:00.000,2860.846,2867.587,2844.996,2846.287,122513389.59
17.09.2021 14:00:00.000,2845.217,2849.857,2835.117,2843.106,256024871.83
17.09.2021 15:00:00.000,2843.096,2847.497,2830.116,2834.356,209124252.32
17.09.2021 16:00:00.000,2834.356,2840.787,2831.996,2832.457,138515823.36
17.09.2021 17:00:00.000,2832.417,2832.467,2815.516,2819.497,182020477.29
17.09.2021 18:00:00.000,2819.497,2820.287,2813.996,2814.296,182323501.59
17.09.2021 19:00:00.000,2814.137,2824.266,2809.066,2814.956,316938598.63
20.09.2021 13:00:00.000,2762.997,2766.036,2744.996,2754.186,187321823.12
20.09.2021 14:00:00.000,2754.187,2756.107,2743.546,2750.596,335838806.15
20.09.2021 15:00:00.000,2750.547,2765.307,2745.986,2748.096,263731811.52
20.09.2021 16:00:00.000,2748.096,2754.886,2743.996,2748.656,244224853.52
20.09.2021 17:00:00.000,2748.656,2760.607,2743.596,2755.006,246025024.41
20.09.2021 18:00:00.000,2755.007,2756.507,2730.996,2738.307,267927673.34
20.09.2021 19:00:00.000,2738.307,2779.026,2725.446,2771.876,359240722.66
21.09.2021 13:00:00.000,2794.996,2798.007,2778.106,2778.507,155614868.16
21.09.2021 14:00:00.000,2778.506,2783.877,2764.996,2770.996,255430130
21.09.2021 15:00:00.000,2770.997,2791.336,2765.996,2788.616,180619033.81
21.09.2021 16:00:00.000,2789.126,2800.226,2783.466,2784.687,181722839.36
21.09.2021 17:00:00.000,2784.777,2787.537,2775.196,2777.587,149815887.45
21.09.2021 18:00:00.000,2776.576,2794.557,2775.746,2790.387,151516647.34
21.09.2021 19:00:00.000,2789.926,2795.286,2777.016,2777.856,227925933.84
22.09.2021 13:00:00.000,2783.436,2794.406,2770.146,2782.597,123610404.97
22.09.2021 14:00:00.000,2784.466,2796.097,2776.306,2792.457,191727462.77
22.09.2021 15:00:00.000,2792.476,2814.727,2792.476,2810.367,167118545.53
22.09.2021 16:00:00.000,2810.366,2812.766,2803.437,2804.326,118809768.68
22.09.2021 17:00:00.000,2804.417,2806.636,2796.566,2800.937,126610923.77
22.09.2021 18:00:00.000,2799.866,2816.887,2787.996,2794.167,246430984.5
22.09.2021 19:00:00.000,2794.167,2815.797,2792.226,2803.416,251626464.84
23.09.2021 13:00:00.000,2814.986,2828.866,2805.677,2822.226,127813743.59
23.09.2021 14:00:00.000,2823.506,2831.956,2821.376,2829.397,201523925.78
23.09.2021 15:00:00.000,2829.246,2829.377,2818.266,2827.736,142516769.41
23.09.2021 16:00:00.000,2827.737,2830.226,2816.786,2824.477,131513397.22
23.09.2021 17:00:00.000,2824.476,2833.527,2823.796,2830.727,114413322.45
23.09.2021 18:00:00.000,2830.196,2831.317,2825.966,2827.616,134816009.52
23.09.2021 19:00:00.000,2827.246,2829.687,2820.477,2822.887,203723968.51
24.09.2021 13:00:00.000,2809.946,2826.706,2804.166,2825.016,136214965.82
24.09.2021 14:00:00.000,2823.336,2836.277,2821.657,2826.926,255821640.01
24.09.2021 15:00:00.000,2826.926,2839.627,2825.536,2837.586,148016067.5
24.09.2021 16:00:00.000,2837.996,2839.057,2832.106,2833.327,104510398.86
24.09.2021 17:00:00.000,2833.426,2838.567,2822.066,2823.287,132116836.55
24.09.2021 18:00:00.000,2823.286,2835.317,2823.286,2834.796,98012809.75
24.09.2021 19:00:00.000,2834.557,2846.327,2830.506,2843.197,199924621.58
27.09.2021 13:00:00.000,2817.996,2836.357,2800.996,2809.996,210120193.48
27.09.2021 14:00:00.000,2809.997,2834.727,2807.036,2825.876,286730468.75
27.09.2021 15:00:00.000,2825.876,2835.446,2819.746,2821.136,175825515.75
27.09.2021 16:00:00.000,2821.137,2826.347,2811.566,2814.907,134516204.83
27.09.2021 17:00:00.000,2814.906,2831.256,2813.256,2831.047,118715896.61
27.09.2021 18:00:00.000,2831.087,2834.986,2823.236,2823.246,113814041.14
27.09.2021 19:00:00.000,2823.246,2829.657,2818.996,2821.097,165618759.16
28.09.2021 13:00:00.000,2772.996,2781.777,2747.036,2751.417,203923919.68
28.09.2021 14:00:00.000,2751.417,2751.417,2710.277,2717.496,371043823.24
28.09.2021 15:00:00.000,2717.497,2721.097,2707.106,2717.097,302635986.33
28.09.2021 16:00:00.000,2717.097,2731.836,2707.996,2709.616,239427963.26
28.09.2021 17:00:00.000,2709.617,2726.346,2707.496,2713.926,226125198.36
28.09.2021 18:00:00.000,2713.926,2739.276,2710.496,2735.007,294031829.83
28.09.2021 19:00:00.000,2734.786,2742.747,2711.076,2716.517,378136322.02
29.09.2021 13:00:00.000,2735.997,2740.896,2712.086,2726.126,162816482.54
29.09.2021 14:00:00.000,2726.926,2736.996,2723.246,2731.276,252027450.56
29.09.2021 15:00:00.000,2731.277,2732.616,2692.846,2702.857,250226608.28
29.09.2021 16:00:00.000,2702.687,2703.627,2683.997,2693.076,215026367.19
29.09.2021 17:00:00.000,2693.077,2695.977,2676.936,2686.116,287436004.64
29.09.2021 18:00:00.000,2684.917,2703.666,2684.917,2696.527,230729644.78
29.09.2021 19:00:00.000,2696.566,2700.207,2681.356,2685.936,297832977.29
30.09.2021 13:00:00.000,2682.896,2710.487,2682.896,2701.367,160320098.88
30.09.2021 14:00:00.000,2701.367,2706.087,2690.996,2693.066,299933624.27
30.09.2021 15:00:00.000,2693.066,2705.686,2681.996,2690.317,246927139.28
30.09.2021 16:00:00.000,2690.316,2690.996,2670.996,2684.706,300227935.79
30.09.2021 17:00:00.000,2684.706,2698.116,2682.696,2695.146,231521545.41
30.09.2021 18:00:00.000,2695.466,2706.887,2694.156,2694.156,210821609.5
30.09.2021 19:00:00.000,2694.196,2701.257,2670.996,2670.997,292131378.17
01.10.2021 13:00:00.000,2685.156,2700.026,2685.156,2692.267,166715824.07
01.10.2021 14:00:00.000,2691.827,2700.767,2679.996,2699.146,294827400.57
01.10.2021 15:00:00.000,2699.996,2724.087,2694.876,2716.587,245924049.02
01.10.2021 16:00:00.000,2716.577,2719.852,2705.556,2711.317,146718087.74
01.10.2021 17:00:00.000,2711.317,2724.457,2707.797,2720.236,152915712.92
01.10.2021 18:00:00.000,2720.846,2732.907,2720.236,2731.126,149816191.89
01.10.2021 19:00:00.000,2730.277,2737.697,2725.726,2726.767,251424921.27
04.10.2021 13:00:00.000,2718.627,2718.627,2665.907,2669.496,179540520.55
04.10.2021 14:00:00.000,2669.497,2671.216,2619.996,2630.396,377437744.14
04.10.2021 15:00:00.000,2630.397,2650.046,2620.996,2647.386,320666576.74
04.10.2021 16:00:00.000,2646.407,2648.986,2633.176,2639.217,296628815.53
04.10.2021 17:00:00.000,2639.217,2659.176,2637.166,2652.827,278327366.11
04.10.2021 18:00:00.000,2652.827,2671.186,2652.826,2664.236,304926160.46
04.10.2021 19:00:00.000,2664.237,2675.477,2655.336,2673.647,458149404.76
05.10.2021 14:00:00.000,2697.536,2720.837,2695.336,2717.546,249.73
05.10.2021 16:00:00.000,2722.967,2741.137,2721.776,2739.096,255.13
05.10.2021 18:00:00.000,2739.457,2743.196,2733.126,2734.747,196.32
06.10.2021 13:00:00.000,2693.997,2721.697,2690.996,2707.327,126.82
06.10.2021 15:00:00.000,2734.546,2736.637,2719.997,2733.266,262.63
06.10.2021 17:00:00.000,2726.036,2745.837,2718.666,2742.997,199.32
06.10.2021 19:00:00.000,2742.316,2752.107,2738.586,2750.097,266.94
07.10.2021 13:00:00.000,2776.006,2794.146,2769.997,2788.697,166222363.47
07.10.2021 14:00:00.000,2791.266,2800.230,2789.996,2795.456,256822363.97
07.10.2021 15:00:00.000,2795.687,2799.317,2791.106,2798.306,185515130.22
07.10.2021 16:00:00.000,2798.316,2799.946,2792.167,2799.446,191415236.71
07.10.2021 17:00:00.000,2799.437,2799.437,2791.206,2791.206,157510846.08
07.10.2021 18:00:00.000,2791.707,2793.916,2785.346,2785.347,183126664.34
07.10.2021 19:00:00.000,2785.347,2792.676,2780.336,2784.086,275426938.65
08.10.2021 15:00:00.000,2789.996,2795.876,2787.286,2793.306,202.02
08.10.2021 17:00:00.000,2792.396,2794.977,2784.996,2791.767,181.62
08.10.2021 19:00:00.000,2801.846,2803.466,2786.176,2796.106,280.34
11.10.2021 13:00:00.000,2787.466,2806.647,2780.996,2801.526,108821198.22
11.10.2021 14:00:00.000,2802.256,2811.956,2801.046,2806.647,177424487.11
11.10.2021 15:00:00.000,2806.647,2813.626,2802.466,2804.876,161919852.5
11.10.2021 16:00:00.000,2804.887,2806.067,2797.706,2802.627,136318853.97
11.10.2021 17:00:00.000,2803.386,2803.477,2787.296,2791.667,140519943.97
11.10.2021 18:00:00.000,2791.666,2801.536,2789.386,2796.277,139019379.97
11.10.2021 19:00:00.000,2796.057,2799.146,2776.996,2776.996,206224645.08
12.10.2021 13:00:00.000,2788.217,2788.946,2726.836,2728.396,162.62
12.10.2021 15:00:00.000,2725.016,2741.786,2725.016,2740.166,177.53
12.10.2021 16:00:00.000,2739.497,2746.697,2723.187,2725.056,151.13
12.10.2021 17:00:00.000,2725.097,2729.756,2714.996,2720.346,158.73
13.10.2021 13:00:00.000,2746.986,2755.647,2733.286,2735.717,120609449.86
13.10.2021 14:00:00.000,2738.526,2746.886,2731.916,2739.516,144318329.75
13.10.2021 15:00:00.000,2740.057,2746.776,2730.046,2743.657,146016494.63
13.10.2021 16:00:00.000,2744.676,2748.897,2740.546,2743.716,167011520.09
13.10.2021 17:00:00.000,2743.716,2757.346,2740.536,2751.737,123412192.55
13.10.2021 18:00:00.000,2751.737,2759.406,2743.007,2751.397,165114433.74
13.10.2021 19:00:00.000,2750.587,2753.586,2745.726,2751.346,212825006.37
14.10.2021 13:00:00.000,2789.067,2802.266,2775.126,2796.376,149.02
14.10.2021 15:00:00.000,2809.977,2814.117,2806.696,2810.967,181.62
14.10.2021 17:00:00.000,2814.546,2821.047,2812.146,2819.006,140.81
14.10.2021 18:00:00.000,2819.007,2821.467,2816.196,2816.816,172.91
15.10.2021 13:00:00.000,2830.717,2832.107,2817.206,2824.167,117516453.74
15.10.2021 14:00:00.000,2824.506,2828.026,2814.996,2817.866,176824463.84
15.10.2021 15:00:00.000,2818.086,2829.296,2816.066,2817.017,182323134.9
15.10.2021 16:00:00.000,2817.536,2825.117,2816.147,2824.936,123716164.59
15.10.2021 17:00:00.000,2824.937,2825.756,2820.197,2821.856,100318515.81
15.10.2021 18:00:00.000,2821.856,2827.455,2821.856,2825.867,121716684.07
15.10.2021 19:00:00.000,2826.236,2830.276,2822.777,2827.487,186521035.49
18.10.2021 14:00:00.000,2837.996,2843.576,2833.246,2834.626,169.32
18.10.2021 16:00:00.000,2838.047,2838.227,2828.046,2833.766,136.92
18.10.2021 18:00:00.000,2843.237,2846.307,2840.416,2844.926,103.72
19.10.2021 13:00:00.000,2863.977,2873.316,2852.286,2861.517,158812614.68
19.10.2021 14:00:00.000,2861.516,2865.197,2852.406,2858.997,209634213.33
19.10.2021 15:00:00.000,2859.807,2863.217,2853.006,2862.626,137320001.6
19.10.2021 16:00:00.000,2862.637,2863.296,2856.106,2862.707,115215491.62
19.10.2021 17:00:00.000,2862.706,2864.556,2859.996,2863.696,119009149.15
19.10.2021 18:00:00.000,2864.206,2864.777,2856.107,2858.346,115011200.01
19.10.2021 19:00:00.000,2858.347,2863.946,2857.346,2863.676,184117014.53
20.10.2021 13:00:00.000,2869.996,2870.386,2854.676,2861.447,90.92
20.10.2021 15:00:00.000,2840.156,2848.927,2833.486,2845.997,142.62
20.10.2021 17:00:00.000,2837.067,2838.457,2827.046,2834.146,143.22
20.10.2021 19:00:00.000,2838.387,2840.096,2827.526,2834.896,203.93
21.10.2021 13:00:00.000,2832.987,2836.776,2818.997,2827.327,73912992.06
21.10.2021 14:00:00.000,2828.397,2842.157,2826.776,2828.717,172624852.63
21.10.2021 15:00:00.000,2828.477,2834.117,2819.996,2822.726,157727198.78
21.10.2021 16:00:00.000,2822.727,2824.836,2810.256,2823.786,167632478.22
21.10.2021 17:00:00.000,2823.536,2826.857,2819.997,2821.397,112318598.51
21.10.2021 18:00:00.000,2821.396,2826.837,2819.246,2823.446,111117750.29
21.10.2021 19:00:00.000,2823.727,2838.937,2823.446,2837.046,200226794.6
22.10.2021 13:00:00.000,2781.127,2810.146,2746.136,2755.936,202.62
22.10.2021 15:00:00.000,2756.106,2760.387,2735.086,2742.096,264.53
22.10.2021 17:00:00.000,2743.196,2744.796,2734.996,2735.286,176.52
25.10.2021 13:00:00.000,2748.996,2758.117,2704.346,2737.467,144516840.46
25.10.2021 14:00:00.000,2738.797,2747.996,2725.176,2728.556,229830963.97
25.10.2021 15:00:00.000,2728.617,2746.017,2724.996,2738.486,178023010.67
25.10.2021 16:00:00.000,2739.057,2756.176,2735.996,2751.086,136716963.83
25.10.2021 17:00:00.000,2751.677,2754.406,2745.446,2746.576,123913569.93
25.10.2021 18:00:00.000,2746.577,2749.497,2742.596,2746.846,152720968.72
25.10.2021 19:00:00.000,2747.017,2751.306,2739.996,2747.346,225632685.54
26.10.2021 15:00:00.000,2773.486,2782.396,2768.316,2768.316,252.52
26.10.2021 17:00:00.000,2776.667,2794.467,2775.316,2787.316,213.42
26.10.2021 18:00:00.000,2787.317,2790.296,2781.336,2783.767,221.82
27.10.2021 13:00:00.000,2784.947,2858.577,2784.946,2852.576,282951170.92
27.10.2021 14:00:00.000,2853.556,2893.226,2840.006,2885.017,410058252.81
27.10.2021 15:00:00.000,2885.386,2930.887,2885.016,2929.667,301545690.3
27.10.2021 16:00:00.000,2930.697,2972.737,2929.667,2954.547,371856178.28
27.10.2021 17:00:00.000,2954.547,2964.186,2948.036,2954.126,235143351.08
27.10.2021 18:00:00.000,2953.997,2961.737,2940.306,2942.247,255745850.8
27.10.2021 19:00:00.000,2942.097,2952.806,2922.046,2923.147,473766082.05
28.10.2021 14:00:00.000,2904.997,2914.076,2890.326,2905.547,293.84
28.10.2021 16:00:00.000,2919.646,2928.710,2913.676,2917.386,160.93
28.10.2021 19:00:00.000,2910.826,2917.226,2903.116,2914.266,305.64
29.10.2021 13:00:00.000,2903.087,2923.587,2892.116,2906.336,179626287.22
29.10.2021 14:00:00.000,2906.497,2927.407,2900.467,2923.766,259739861.97
29.10.2021 15:00:00.000,2923.786,2956.876,2923.786,2951.527,284935701.01
29.10.2021 16:00:00.000,2951.527,2962.277,2948.156,2948.757,191826232.79
29.10.2021 17:00:00.000,2948.756,2953.887,2940.417,2943.546,161721352.58
29.10.2021 18:00:00.000,2943.767,2950.487,2932.737,2947.976,204725767.97
29.10.2021 19:00:00.000,2947.957,2961.446,2947.956,2959.876,295639863.01
01.11.2021 13:00:00.000,2956.126,2959.037,2906.056,2912.086,242818618.77
01.11.2021 14:00:00.000,2912.087,2917.756,2900.996,2907.447,342634277.34
01.11.2021 15:00:00.000,2907.446,2913.247,2902.196,2910.086,193329849.24
01.11.2021 16:00:00.000,2910.056,2912.047,2894.296,2896.717,171226989.75
01.11.2021 17:00:00.000,2896.717,2903.966,2881.816,2887.417,218325271.61
01.11.2021 18:00:00.000,2887.416,2888.687,2873.516,2873.996,222227966.31
01.11.2021 19:00:00.000,2873.996,2880.646,2866.176,2869.376,316441406.25
02.11.2021 13:00:00.000,2888.257,2926.577,2886.056,2922.006,207241119.38
02.11.2021 14:00:00.000,2920.707,2931.527,2911.416,2927.056,254446563.72
02.11.2021 15:00:00.000,2927.077,2930.717,2906.656,2909.316,158524093.63
02.11.2021 16:00:00.000,2908.926,2914.916,2897.756,2910.636,143219604.49
02.11.2021 17:00:00.000,2910.637,2916.726,2900.426,2900.486,162020584.11
02.11.2021 18:00:00.000,2900.897,2901.506,2886.767,2895.677,182921951.29
02.11.2021 19:00:00.000,2895.676,2912.486,2890.506,2908.316,265132385.25
03.11.2021 13:00:00.000,2917.997,2918.867,2899.996,2909.996,141011322.02
03.11.2021 14:00:00.000,2911.026,2913.576,2893.356,2902.956,231623657.23
03.11.2021 15:00:00.000,2902.956,2912.696,2897.346,2911.596,164418182.37
03.11.2021 16:00:00.000,2912.406,2917.677,2904.976,2906.416,210021911.62
03.11.2021 17:00:00.000,2906.827,2906.827,2891.676,2893.997,156125167.85
03.11.2021 18:00:00.000,2895.007,2919.236,2892.926,2916.937,222131607.06
03.11.2021 19:00:00.000,2916.997,2933.436,2914.376,2930.906,251834259.03
04.11.2021 13:00:00.000,2941.996,2959.076,2925.676,2952.936,188034774.78
04.11.2021 14:00:00.000,2952.947,2992.997,2944.066,2989.487,306148345.95
04.11.2021 15:00:00.000,2989.587,2990.427,2955.776,2970.607,251737014.77
04.11.2021 16:00:00.000,2970.487,2974.696,2961.156,2965.756,170527633.67
04.11.2021 17:00:00.000,2965.757,2980.187,2959.776,2978.146,213224578.86
04.11.2021 18:00:00.000,2978.286,2981.076,2964.686,2964.986,183324447.63
04.11.2021 19:00:00.000,2964.687,2970.776,2958.996,2964.796,290544738.77
05.11.2021 13:00:00.000,2980.007,2998.607,2974.996,2994.947,187721878.05
05.11.2021 14:00:00.000,2994.947,3006.197,2993.736,2999.007,285040161.13
05.11.2021 15:00:00.000,2999.057,3000.166,2987.366,2993.697,243621917.72
05.11.2021 16:00:00.000,2993.696,2998.807,2985.347,2987.216,221422775.27
05.11.2021 17:00:00.000,2987.236,2989.206,2964.046,2980.007,253227676.39
05.11.2021 18:00:00.000,2979.477,2986.837,2975.966,2981.316,174417083.74
05.11.2021 19:00:00.000,2981.707,2985.767,2970.016,2976.386,279431030.27
08.11.2021 14:00:00.000,2993.046,3011.407,2977.046,2996.007,178729202.27
08.11.2021 15:00:00.000,2996.007,3003.607,2971.806,2981.007,258839599.61
08.11.2021 16:00:00.000,2981.316,2994.037,2975.997,2984.936,145318038.94
08.11.2021 17:00:00.000,2985.407,2988.157,2980.056,2984.106,127212165.83
08.11.2021 18:00:00.000,2984.107,2989.637,2981.056,2981.446,111311744.69
08.11.2021 19:00:00.000,2981.446,2988.147,2980.356,2984.936,95214668.27
08.11.2021 20:00:00.000,2984.946,2987.516,2967.896,2980.307,207629135.13
09.11.2021 14:00:00.000,2986.717,2995.947,2960.686,2965.446,174220474.24
09.11.2021 15:00:00.000,2966.176,2970.316,2942.226,2963.586,250634918.21
09.11.2021 16:00:00.000,2963.947,2968.997,2956.086,2964.536,185525817.87
09.11.2021 17:00:00.000,2964.237,2975.306,2960.116,2969.997,190125549.32
09.11.2021 18:00:00.000,2969.656,2973.816,2959.116,2961.426,193121002.2
09.11.2021 19:00:00.000,2961.657,2968.636,2958.697,2965.557,163226745.61
09.11.2021 20:00:00.000,2965.557,2981.910,2961.996,2977.697,240935058.59
10.11.2021 14:00:00.000,2949.996,2962.937,2917.517,2938.196,198227569.58
10.11.2021 15:00:00.000,2938.197,2956.687,2930.996,2935.907,241734268.19
10.11.2021 16:00:00.000,2936.566,2948.687,2935.376,2944.457,201221252.44
10.11.2021 17:00:00.000,2944.757,2947.497,2935.407,2940.507,149719497.68
10.11.2021 18:00:00.000,2941.136,2942.897,2918.557,2921.596,265629730.22
10.11.2021 19:00:00.000,2921.597,2924.206,2891.076,2904.007,307037963.87
10.11.2021 20:00:00.000,2904.196,2924.747,2903.936,2917.726,315841217.04
11.11.2021 14:00:00.000,2926.077,2950.070,2926.077,2943.627,168827621.46
11.11.2021 15:00:00.000,2944.397,2945.267,2925.987,2938.816,251340881.35
11.11.2021 16:00:00.000,2938.817,2943.027,2931.606,2936.577,123418243.41
11.11.2021 17:00:00.000,2936.576,2936.747,2926.356,2927.397,142418136.6
11.11.2021 18:00:00.000,2927.156,2927.237,2920.156,2924.676,140817855.84
11.11.2021 19:00:00.000,2923.786,2926.877,2918.626,2919.946,166927688.6
11.11.2021 20:00:00.000,2919.346,2921.417,2910.116,2914.057,213729476.93
12.11.2021 14:00:00.000,2931.476,2936.436,2908.416,2922.597,136515472.41
12.11.2021 15:00:00.000,2922.597,2942.827,2921.726,2937.556,237030731.2
12.11.2021 16:00:00.000,2937.597,2958.336,2937.496,2956.667,216433212.28
12.11.2021 17:00:00.000,2956.667,2975.457,2955.516,2962.766,152022583.01
12.11.2021 18:00:00.000,2962.916,2970.867,2959.296,2970.567,141615356.45
12.11.2021 19:00:00.000,2970.577,2971.527,2962.356,2966.956,101512588.5
12.11.2021 20:00:00.000,2966.956,2976.257,2966.626,2973.736,189129653.93
15.11.2021 14:00:00.000,2977.826,2990.436,2970.266,2981.867,173921722.41
15.11.2021 15:00:00.000,2981.867,2981.937,2957.446,2963.057,192033966.06
15.11.2021 16:00:00.000,2963.057,2967.657,2949.997,2963.547,186730255.13
15.11.2021 17:00:00.000,2963.546,2969.027,2953.817,2967.057,136820861.82
15.11.2021 18:00:00.000,2967.056,2969.057,2959.996,2963.977,94913818.36
15.11.2021 19:00:00.000,2963.977,2969.726,2958.636,2965.246,139716415.41
15.11.2021 20:00:00.000,2965.276,2971.737,2961.666,2968.507,189035018.92
16.11.2021 14:00:00.000,2962.167,2967.296,2944.996,2955.576,110523246.77
16.11.2021 15:00:00.000,2955.576,2966.646,2955.467,2961.787,172338195.8
16.11.2021 16:00:00.000,2961.787,2974.546,2957.496,2964.766,185836608.89
16.11.2021 17:00:00.000,2964.777,2969.346,2958.226,2962.776,119021636.96
16.11.2021 18:00:00.000,2962.806,2966.217,2958.047,2961.166,103420257.57
16.11.2021 19:00:00.000,2961.367,2968.016,2959.147,2964.206,109817565.92
16.11.2021 20:00:00.000,2964.207,2966.376,2955.136,2956.607,165529174.8
17.11.2021 14:00:00.000,2958.687,2966.066,2947.926,2950.066,130918212.89
17.11.2021 15:00:00.000,2950.066,2956.536,2944.996,2954.316,197226821.9
17.11.2021 16:00:00.000,2954.327,2957.466,2943.966,2956.527,129921691.89
17.11.2021 17:00:00.000,2956.526,2957.987,2945.966,2955.567,142326828
17.11.2021 18:00:00.000,2955.566,2960.307,2951.526,2959.227,117320930.48
17.11.2021 19:00:00.000,2959.226,2971.136,2956.146,2960.326,130917861.94
17.11.2021 20:00:00.000,2960.926,2966.857,2957.446,2961.436,188625579.83
18.11.2021 14:00:00.000,2959.997,2975.906,2956.806,2975.826,129224075.32
18.11.2021 15:00:00.000,2975.826,2995.276,2966.517,2973.687,227938369.75
18.11.2021 16:00:00.000,2973.686,3011.346,2971.486,3003.006,242745971.68
18.11.2021 17:00:00.000,3003.076,3008.226,2990.796,2996.177,164225616.46
18.11.2021 18:00:00.000,2996.177,3002.496,2993.196,2997.197,114615921.02
18.11.2021 19:00:00.000,2997.196,3000.807,2983.066,2990.527,127719680.79
18.11.2021 20:00:00.000,2990.527,3002.546,2988.206,2996.676,232732177.73
19.11.2021 14:00:00.000,2998.597,3017.116,2991.196,3012.397,170227035.52
19.11.2021 15:00:00.000,3012.776,3014.687,2991.996,2998.017,256737579.35
19.11.2021 16:00:00.000,2997.886,3002.026,2992.246,2996.166,190530960.08
19.11.2021 17:00:00.000,2996.167,3000.897,2985.577,2987.496,159824981.69
19.11.2021 18:00:00.000,2987.347,2993.917,2978.676,2986.586,235431991.58
19.11.2021 19:00:00.000,2986.956,2990.707,2983.736,2986.846,146224411.01
19.11.2021 20:00:00.000,2986.857,2986.857,2978.206,2978.547,220034683.23
22.11.2021 14:00:00.000,2982.217,2994.736,2947.396,2950.117,138727951.05
22.11.2021 15:00:00.000,2950.117,2972.647,2949.616,2953.777,205333694.46
22.11.2021 16:00:00.000,2953.777,2956.137,2922.747,2933.336,285644439.7
22.11.2021 17:00:00.000,2933.356,2949.776,2928.096,2945.637,230331604
22.11.2021 18:00:00.000,2946.587,2946.587,2932.296,2936.086,156622253.42
22.11.2021 19:00:00.000,2936.086,2953.006,2934.936,2953.006,147622268.68
22.11.2021 20:00:00.000,2953.006,2955.707,2926.016,2928.537,269139312.74
23.11.2021 14:00:00.000,2922.996,2932.676,2913.466,2923.887,147924530.03
23.11.2021 15:00:00.000,2923.886,2925.387,2881.996,2884.416,269214080.81
23.11.2021 16:00:00.000,2884.587,2901.507,2882.237,2893.867,197436996.46
23.11.2021 17:00:00.000,2893.867,2904.016,2890.046,2892.186,185924118.04
23.11.2021 18:00:00.000,2892.187,2909.776,2890.436,2905.076,217136215.21
23.11.2021 19:00:00.000,2905.077,2914.866,2899.997,2909.697,184429428.1
23.11.2021 20:00:00.000,2910.746,2920.837,2907.616,2915.816,227242034.91
24.11.2021 14:00:00.000,2904.037,2913.107,2886.176,2890.236,130820648.19
24.11.2021 15:00:00.000,2890.237,2910.097,2886.996,2901.406,260545837.4
24.11.2021 16:00:00.000,2901.487,2916.122,2897.527,2910.477,178134567.26
24.11.2021 17:00:00.000,2909.566,2916.676,2903.346,2914.507,139223892.21
24.11.2021 18:00:00.000,2914.516,2918.997,2912.336,2912.337,141427398.68
24.11.2021 19:00:00.000,2913.106,2924.777,2912.246,2919.586,159724121.09
24.11.2021 20:00:00.000,2919.587,2923.337,2914.996,2920.966,189727813.72
26.11.2021 14:00:00.000,2887.937,2890.197,2858.576,2866.616,180840072.63
26.11.2021 15:00:00.000,2866.616,2869.587,2846.256,2850.817,306248809.81
26.11.2021 16:00:00.000,2850.817,2863.697,2840.016,2851.766,258644683.84
26.11.2021 17:00:00.000,2851.496,2866.217,2836.556,2853.826,335251770.02
29.11.2021 14:00:00.000,2874.997,2903.906,2874.996,2891.017,184033386.23
29.11.2021 15:00:00.000,2891.017,2909.937,2884.997,2888.427,259340576.17
29.11.2021 16:00:00.000,2888.427,2904.987,2881.996,2900.556,169523239.14
29.11.2021 17:00:00.000,2900.556,2912.577,2899.146,2911.336,165922622.68
29.11.2021 18:00:00.000,2911.586,2918.526,2909.316,2910.366,146316040.04
29.11.2021 19:00:00.000,2910.666,2915.007,2906.716,2913.446,153816970.83
29.11.2021 20:00:00.000,2913.946,2925.817,2904.816,2909.677,275030487.06
30.11.2021 14:00:00.000,2899.856,2915.887,2887.247,2914.536,146025772.09
30.11.2021 15:00:00.000,2911.766,2918.907,2863.657,2864.466,227135894.78
30.11.2021 16:00:00.000,2864.466,2879.867,2854.996,2859.227,310341369.63
30.11.2021 17:00:00.000,2859.236,2860.747,2845.826,2850.917,234632995.61
30.11.2021 18:00:00.000,2850.916,2855.687,2844.427,2855.156,210034011.84
30.11.2021 19:00:00.000,2855.166,2863.847,2845.996,2849.637,197835327.15
30.11.2021 20:00:00.000,2849.637,2850.807,2831.996,2839.076,296145782.47
01.12.2021 14:00:00.000,2877.076,2891.507,2860.656,2888.677,166032682.18
01.12.2021 15:00:00.000,2888.676,2912.417,2888.676,2907.446,279242410.42
01.12.2021 16:00:00.000,2907.616,2918.357,2893.456,2893.806,240130020.26
01.12.2021 17:00:00.000,2893.547,2904.177,2877.666,2878.877,210431549.19
01.12.2021 18:00:00.000,2879.397,2887.316,2866.866,2876.826,265037511.11
01.12.2021 19:00:00.000,2876.827,2877.197,2859.996,2866.767,222136865.73
01.12.2021 20:00:00.000,2866.857,2867.777,2817.356,2818.546,355954789.16
02.12.2021 14:00:00.000,2826.497,2853.226,2803.796,2851.177,176130548.24
02.12.2021 15:00:00.000,2851.266,2862.447,2822.036,2838.356,307143629.55
02.12.2021 16:00:00.000,2837.687,2865.057,2831.746,2852.047,240032429.52
02.12.2021 17:00:00.000,2852.046,2867.567,2849.256,2862.787,183130666.91
02.12.2021 18:00:00.000,2863.106,2868.446,2851.286,2864.817,192333215.48
02.12.2021 19:00:00.000,2864.826,2869.096,2857.686,2865.406,216530426.58
02.12.2021 20:00:00.000,2865.416,2875.947,2850.176,2858.317,302538613.32
03.12.2021 15:00:00.000,2861.727,2866.187,2810.496,2814.277,393.65
03.12.2021 17:00:00.000,2808.997,2826.907,2806.016,2818.607,327.15
03.12.2021 19:00:00.000,2815.997,2825.116,2811.377,2816.187,312.24
06.12.2021 14:00:00.000,2863.017,2863.017,2801.996,2816.576,2338000.01
06.12.2021 15:00:00.000,2815.876,2846.187,2812.036,2832.227,4371000
06.12.2021 16:00:00.000,2832.956,2842.737,2826.426,2833.276,2977000.03
06.12.2021 17:00:00.000,2834.687,2860.226,2833.126,2859.167,2509000.02
06.12.2021 18:00:00.000,2859.187,2875.147,2853.096,2874.236,2890000
06.12.2021 19:00:00.000,2874.236,2877.357,2857.627,2857.756,2409000.01
06.12.2021 20:00:00.000,2857.757,2870.126,2857.086,2862.706,3594000
07.12.2021 15:00:00.000,2922.856,2942.797,2918.026,2942.577,276.14
07.12.2021 17:00:00.000,2942.196,2947.547,2931.266,2939.427,131.72
07.12.2021 19:00:00.000,2946.707,2949.537,2937.996,2940.027,130.72
08.12.2021 14:00:00.000,2951.036,2962.947,2937.337,2947.486,161018021.94
08.12.2021 15:00:00.000,2947.487,2951.397,2930.416,2931.107,226632443.07
08.12.2021 16:00:00.000,2931.766,2944.607,2928.316,2937.606,157031534.85
08.12.2021 17:00:00.000,2937.636,2947.456,2935.277,2944.686,127722121.63
08.12.2021 18:00:00.000,2944.687,2950.345,2939.727,2945.106,119824067.35
08.12.2021 19:00:00.000,2945.116,2952.907,2936.626,2948.237,175824679.85
08.12.2021 20:00:00.000,2948.117,2966.307,2945.416,2963.187,268729791.28
09.12.2021 15:00:00.000,2955.236,2966.027,2942.037,2953.766,232.93
09.12.2021 17:00:00.000,2971.366,2980.737,2966.506,2975.997,186.32
09.12.2021 19:00:00.000,2963.266,2970.147,2949.996,2954.256,177.62
10.12.2021 14:00:00.000,2972.946,2979.356,2955.996,2965.147,129220274.09
10.12.2021 15:00:00.000,2966.546,2971.767,2940.287,2947.937,243738619.57
10.12.2021 16:00:00.000,2947.936,2954.886,2933.326,2948.737,252437926.86
10.12.2021 17:00:00.000,2950.972,2957.666,2945.176,2948.136,152016586.01
10.12.2021 18:00:00.000,2948.136,2964.537,2948.136,2957.647,153018115.58
10.12.2021 19:00:00.000,2957.647,2958.536,2948.956,2949.387,170818717.96
10.12.2021 20:00:00.000,2949.386,2961.717,2946.237,2959.587,230920211.55
13.12.2021 14:00:00.000,2958.445,2958.445,2935.367,2936.636,178215835.09
13.12.2021 15:00:00.000,2936.637,2938.087,2923.756,2931.107,380637413.38
13.12.2021 16:00:00.000,2931.107,2934.687,2915.796,2922.096,365234443.19
13.12.2021 17:00:00.000,2922.457,2923.486,2915.026,2920.317,195616921.19
13.12.2021 18:00:00.000,2920.217,2924.437,2910.057,2915.957,207418929.4
13.12.2021 19:00:00.000,2915.956,2929.746,2911.686,2928.697,214021883.25
13.12.2021 20:00:00.000,2929.066,2932.526,2914.337,2914.866,309130107.64
14.12.2021 14:00:00.000,2873.377,2887.346,2844.206,2846.796,245.63
14.12.2021 16:00:00.000,2832.547,2837.547,2823.326,2835.507,203.83
14.12.2021 18:00:00.000,2851.277,2856.267,2846.017,2850.947,134.22
14.12.2021 20:00:00.000,2863.417,2886.677,2863.107,2877.837,298.24
15.12.2021 15:00:00.000,2840.447,2868.586,2832.506,2855.996,285.44
15.12.2021 17:00:00.000,2847.557,2855.927,2837.167,2848.346,212.32
15.12.2021 19:00:00.000,2851.217,2881.117,2838.606,2872.487,378.84
16.12.2021 14:00:00.000,2941.276,2952.087,2919.986,2920.357,184519783.5
16.12.2021 15:00:00.000,2920.376,2937.207,2911.897,2932.107,305634763
16.12.2021 16:00:00.000,2932.106,2933.296,2908.176,2910.666,261224530.58
16.12.2021 17:00:00.000,2910.667,2910.976,2893.486,2897.006,219624897.3
16.12.2021 18:00:00.000,2897.357,2903.277,2891.327,2894.087,182925342.38
16.12.2021 19:00:00.000,2894.086,2896.627,2872.296,2881.866,237728450.42
16.12.2021 20:00:00.000,2881.867,2896.996,2877.997,2888.637,404348922.01
17.12.2021 15:00:00.000,2851.156,2861.476,2824.997,2859.576,668.38
17.12.2021 17:00:00.000,2854.056,2861.356,2837.996,2853.727,454.66
17.12.2021 18:00:00.000,2854.256,2869.437,2847.536,2866.007,441.26
17.12.2021 20:00:00.000,2859.387,2867.866,2829.996,2832.047,744.39
20.12.2021 14:00:00.000,2799.497,2815.857,2789.006,2800.007,434549398.9
20.12.2021 15:00:00.000,2800.007,2810.827,2785.996,2796.076,842296216.01
20.12.2021 16:00:00.000,2796.067,2803.306,2788.276,2798.617,702883894.92
20.12.2021 17:00:00.000,2798.626,2812.427,2795.447,2804.667,577170092.11
20.12.2021 18:00:00.000,2804.676,2816.055,2803.376,2810.037,556263946.53
20.12.2021 19:00:00.000,2810.037,2821.996,2810.026,2816.196,526771886.11
20.12.2021 20:00:00.000,2816.197,2835.470,2814.736,2830.707,679984035.25
21.12.2021 14:00:00.000,2842.026,2846.167,2814.767,2816.866,364.34
21.12.2021 16:00:00.000,2824.527,2849.117,2821.846,2844.006,544.15
21.12.2021 18:00:00.000,2866.026,2868.866,2857.327,2865.017,386.65
21.12.2021 20:00:00.000,2873.706,2876.686,2858.656,2868.417,638.37
22.12.2021 14:00:00.000,2859.676,2897.472,2859.676,2892.457,342042462.35
22.12.2021 15:00:00.000,2892.466,2911.767,2879.996,2907.516,543464518.55
22.12.2021 16:00:00.000,2907.526,2927.136,2905.507,2926.337,458455063.58
22.12.2021 17:00:00.000,2926.336,2929.035,2906.857,2917.176,385945992.95
22.12.2021 18:00:00.000,2917.176,2919.307,2908.116,2913.566,286246468.25
22.12.2021 19:00:00.000,2913.586,2919.487,2909.747,2917.566,414852184.3
22.12.2021 20:00:00.000,2917.557,2929.716,2915.416,2927.297,461670322.89
23.12.2021 15:00:00.000,2940.647,2950.387,2932.046,2947.147,502.66
23.12.2021 17:00:00.000,2956.776,2961.776,2955.666,2956.926,342.95
23.12.2021 19:00:00.000,2948.866,2950.256,2936.007,2948.426,405.56
27.12.2021 15:00:00.000,2953.767,2965.996,2950.967,2963.187,367.36
27.12.2021 17:00:00.000,2951.467,2956.616,2948.656,2955.747,322.65
27.12.2021 19:00:00.000,2958.647,2958.757,2951.596,2954.696,285.63
28.12.2021 14:00:00.000,2963.297,2964.126,2938.677,2947.087,384437700.51
28.12.2021 15:00:00.000,2947.077,2949.027,2938.116,2941.666,507854443.79
28.12.2021 16:00:00.000,2941.667,2944.517,2931.926,2940.506,435345213.29
28.12.2021 17:00:00.000,2940.517,2941.417,2925.816,2934.356,346747594.95
28.12.2021 18:00:00.000,2934.296,2934.296,2920.326,2929.356,359748452.9
28.12.2021 19:00:00.000,2929.347,2933.176,2924.696,2928.747,399052892.68
28.12.2021 20:00:00.000,2928.746,2937.437,2926.007,2933.397,474951573.49
29.12.2021 15:00:00.000,2938.006,2941.037,2927.306,2929.207,514.85
29.12.2021 17:00:00.000,2920.647,2922.417,2912.696,2915.716,301.74
29.12.2021 18:00:00.000,2915.716,2921.207,2914.996,2918.167,291.25
29.12.2021 20:00:00.000,2929.736,2939.807,2929.216,2932.516,391.75
30.12.2021 14:00:00.000,2926.377,2937.807,2919.996,2931.306,177219349.03
30.12.2021 15:00:00.000,2931.307,2946.357,2928.596,2931.997,355545533.9
30.12.2021 16:00:00.000,2931.996,2939.847,2927.846,2937.946,274143510.04
30.12.2021 17:00:00.000,2937.947,2941.507,2928.997,2929.596,243435636.7
30.12.2021 18:00:00.000,2929.537,2937.296,2928.386,2932.887,234534404.99
30.12.2021 19:00:00.000,2932.897,2934.977,2927.986,2932.167,255127084.52
30.12.2021 20:00:00.000,2932.166,2934.376,2919.826,2923.826,415945594.55
31.12.2021 14:00:00.000,2916.967,2931.316,2907.996,2911.777,233.13
31.12.2021 17:00:00.000,2908.866,2913.887,2901.997,2913.007,335.14
31.12.2021 19:00:00.000,2910.227,2912.436,2901.996,2903.856,315.14
03.01.2022 14:00:00.000,2899.187,2915.656,2884.876,2884.876,273029388.43
03.01.2022 15:00:00.000,2884.886,2908.977,2873.547,2902.577,859591491.7
03.01.2022 16:00:00.000,2902.567,2903.695,2890.007,2892.557,578156860.35
03.01.2022 17:00:00.000,2892.557,2908.546,2888.997,2908.167,372145019.53
03.01.2022 18:00:00.000,2908.677,2911.896,2902.626,2907.946,342742340.09
03.01.2022 19:00:00.000,2907.946,2909.367,2896.196,2900.266,326447784.42
03.01.2022 20:00:00.000,2900.256,2905.537,2889.476,2898.837,458358764.65
04.01.2022 14:00:00.000,2908.106,2929.487,2894.997,2923.846,289037536.62
04.01.2022 15:00:00.000,2924.926,2926.747,2882.996,2883.006,648862121.58
04.01.2022 16:00:00.000,2883.006,2896.607,2879.996,2893.116,504254638.67
04.01.2022 17:00:00.000,2893.706,2899.162,2883.506,2885.406,285945190.43
04.01.2022 18:00:00.000,2885.407,2888.266,2873.326,2876.486,399149658.2
04.01.2022 19:00:00.000,2876.476,2888.317,2876.006,2887.696,330155303.96
04.01.2022 20:00:00.000,2887.696,2901.447,2885.776,2886.727,493863372.8
05.01.2022 14:00:00.000,2885.006,2887.947,2856.797,2857.297,391146057.13
05.01.2022 15:00:00.000,2857.287,2861.607,2829.066,2838.007,658258178.71
05.01.2022 16:00:00.000,2837.447,2838.257,2815.196,2817.467,567365051.27
05.01.2022 17:00:00.000,2817.466,2818.417,2800.306,2802.156,461649200.44
05.01.2022 18:00:00.000,2802.147,2817.746,2799.996,2806.316,415759216.31
05.01.2022 19:00:00.000,2806.336,2818.356,2778.877,2780.006,745678527.83
05.01.2022 20:00:00.000,2780.007,2780.516,2752.656,2754.266,909901794.43
06.01.2022 14:00:00.000,2737.377,2786.226,2729.996,2771.207,381348083.5
06.01.2022 15:00:00.000,2771.196,2798.046,2755.497,2788.446,671584045.41
06.01.2022 16:00:00.000,2789.366,2795.946,2773.666,2780.067,463747680.66
06.01.2022 17:00:00.000,2780.067,2784.447,2769.096,2771.247,422350708.01
06.01.2022 18:00:00.000,2771.247,2774.616,2757.476,2759.296,451154235.84
06.01.2022 19:00:00.000,2759.297,2761.877,2750.296,2754.286,524064880.37
06.01.2022 20:00:00.000,2754.286,2767.747,2748.027,2754.626,659179992.68
07.01.2022 14:00:00.000,2766.916,2766.926,2741.227,2758.007,235525436.4
07.01.2022 15:00:00.000,2758.377,2760.706,2714.246,2719.746,627265563.96
07.01.2022 16:00:00.000,2719.057,2743.387,2719.056,2738.587,503964324.95
07.01.2022 17:00:00.000,2738.647,2744.396,2733.306,2743.887,414240264.89
07.01.2022 18:00:00.000,2743.897,2750.296,2733.447,2733.457,461454711.91
07.01.2022 19:00:00.000,2733.457,2741.416,2728.026,2740.116,430949371.34
07.01.2022 20:00:00.000,2740.877,2749.026,2733.786,2739.436,564070312.5
10.01.2022 14:00:00.000,2701.276,2711.647,2673.676,2677.907,504765869.14
10.01.2022 15:00:00.000,2677.907,2681.666,2661.996,2679.067,801995788.57
10.01.2022 16:00:00.000,2679.057,2720.347,2673.406,2719.606,644371826.17
10.01.2022 17:00:00.000,2719.597,2719.936,2693.646,2707.556,504554992.68
10.01.2022 18:00:00.000,2707.556,2744.546,2706.637,2743.376,478556884.77
10.01.2022 19:00:00.000,2743.376,2775.036,2742.126,2760.657,499768890.38
10.01.2022 20:00:00.000,2760.656,2774.777,2752.466,2772.336,722083496.09
11.01.2022 14:00:00.000,2759.657,2761.987,2731.786,2744.276,385536529.54
11.01.2022 15:00:00.000,2744.277,2770.207,2741.896,2754.056,696380310.06
11.01.2022 16:00:00.000,2754.417,2798.450,2754.056,2796.936,565768371.58
11.01.2022 17:00:00.000,2796.937,2803.767,2787.546,2790.196,445838165.28
11.01.2022 18:00:00.000,2790.196,2795.107,2784.097,2792.576,426039947.51
11.01.2022 19:00:00.000,2792.577,2794.786,2785.096,2790.446,411537811.28
11.01.2022 20:00:00.000,2790.447,2796.416,2785.786,2794.506,522157958.98
12.01.2022 14:00:00.000,2821.656,2845.056,2811.407,2844.007,428847442.63
12.01.2022 15:00:00.000,2844.006,2850.506,2823.106,2828.256,775290344.24
12.01.2022 16:00:00.000,2828.286,2845.057,2821.366,2837.007,459367492.68
12.01.2022 17:00:00.000,2837.387,2842.027,2826.866,2839.806,360037292.48
12.01.2022 18:00:00.000,2839.816,2840.107,2826.346,2829.927,448940582.28
12.01.2022 19:00:00.000,2829.927,2835.637,2823.396,2830.137,399353149.41
12.01.2022 20:00:00.000,2830.136,2833.137,2822.996,2827.367,540260681.15
13.01.2022 14:00:00.000,2829.997,2856.507,2829.996,2850.516,308341491.7
13.01.2022 15:00:00.000,2850.516,2851.757,2811.266,2827.926,704874938.96
13.01.2022 16:00:00.000,2827.927,2841.207,2824.656,2828.347,597661437.99
13.01.2022 17:00:00.000,2828.287,2828.287,2792.146,2800.096,667271606.45
13.01.2022 18:00:00.000,2800.087,2809.906,2793.446,2805.036,346032226.56
13.01.2022 19:00:00.000,2805.036,2810.357,2781.966,2786.457,455952087.4
13.01.2022 20:00:00.000,2786.457,2788.137,2767.706,2773.267,665266845.7
14.01.2022 14:00:00.000,2737.997,2815.397,2737.997,2808.296,411662139.89
14.01.2022 15:00:00.000,2808.296,2810.077,2782.297,2790.926,548481506.35
14.01.2022 16:00:00.000,2790.927,2801.887,2773.856,2795.936,522457092.29
14.01.2022 17:00:00.000,2795.937,2799.837,2783.376,2784.067,423349792.48
14.01.2022 18:00:00.000,2784.066,2800.397,2769.996,2796.397,504457946.78
14.01.2022 19:00:00.000,2796.397,2799.056,2782.326,2782.416,491152282.71
14.01.2022 20:00:00.000,2782.416,2793.867,2781.347,2789.236,627868408.2
18.01.2022 14:00:00.000,2723.996,2730.856,2710.047,2720.607,459562286.38
18.01.2022 15:00:00.000,2720.207,2742.707,2711.096,2714.766,782619873.05
18.01.2022 16:00:00.000,2714.227,2733.357,2707.996,2731.086,614281188.96
18.01.2022 17:00:00.000,2731.077,2732.927,2719.996,2725.606,510569427.49
18.01.2022 18:00:00.000,2725.606,2736.266,2721.987,2730.677,481363250.73
18.01.2022 19:00:00.000,2730.676,2738.837,2724.166,2735.386,496061920.17
18.01.2022 20:00:00.000,2735.386,2739.627,2712.686,2720.706,659580200.2
19.01.2022 14:00:00.000,2729.647,2749.396,2724.996,2744.087,473451690.67
19.01.2022 15:00:00.000,2744.086,2748.526,2720.206,2726.647,887489562.99
19.01.2022 16:00:00.000,2724.947,2734.656,2715.816,2734.036,579265869.14
19.01.2022 17:00:00.000,2734.047,2757.437,2734.047,2757.297,584673889.16
19.01.2022 18:00:00.000,2756.726,2758.797,2746.566,2752.537,426954772.95
19.01.2022 19:00:00.000,2752.536,2753.607,2731.716,2738.166,519760559.08
19.01.2022 20:00:00.000,2738.156,2740.516,2699.996,2702.097,597272216.8
20.01.2022 14:00:00.000,2722.007,2748.607,2720.926,2740.426,429240203.86
20.01.2022 15:00:00.000,2740.427,2751.516,2737.826,2743.406,702053405.76
20.01.2022 16:00:00.000,2743.406,2748.607,2731.536,2736.836,697942749.02
20.01.2022 17:00:00.000,2736.846,2742.667,2732.996,2734.666,627243591.31
20.01.2022 18:00:00.000,2734.667,2735.976,2725.386,2729.257,738953369.14
20.01.2022 19:00:00.000,2729.037,2737.317,2703.646,2704.107,747553100.59
20.01.2022 20:00:00.000,2704.106,2706.307,2657.367,2663.416,709249572.75
21.01.2022 14:00:00.000,2648.856,2689.207,2647.967,2664.786,537341125.49
21.01.2022 15:00:00.000,2664.777,2694.967,2641.447,2678.227,908670776.37
21.01.2022 16:00:00.000,2679.416,2695.737,2656.557,2668.416,802456970.21
21.01.2022 17:00:00.000,2668.416,2680.507,2646.566,2653.176,763652404.79
21.01.2022 18:00:00.000,2653.186,2666.366,2645.996,2648.627,604236877.44
21.01.2022 19:00:00.000,2649.266,2660.476,2635.146,2635.156,574537414.55
21.01.2022 20:00:00.000,2635.156,2641.857,2601.566,2603.827,957355957.03
24.01.2022 14:00:00.000,2520.376,2561.647,2505.727,2545.907,114729194.64
24.01.2022 15:00:00.000,2545.906,2551.406,2507.226,2530.166,241712310.79
24.01.2022 16:00:00.000,2528.117,2549.756,2515.666,2526.727,326538269.04
24.01.2022 17:00:00.000,2525.857,2527.686,2489.996,2512.236,344417846.68
24.01.2022 18:00:00.000,2513.246,2549.997,2509.996,2549.997,400822784.42
24.01.2022 19:00:00.000,2549.996,2561.487,2515.647,2539.106,351975250.24
24.01.2022 20:00:00.000,2539.107,2621.126,2535.586,2614.726,329056854.25
25.01.2022 14:00:00.000,2571.607,2574.886,2540.987,2549.437,147490386.96
25.01.2022 15:00:00.000,2548.950,2578.636,2539.996,2558.896,316579864.5
25.01.2022 16:00:00.000,2559.997,2568.847,2533.507,2534.997,322817230.22
25.01.2022 17:00:00.000,2536.477,2554.806,2529.996,2541.126,279618286.13
25.01.2022 18:00:00.000,2541.126,2574.866,2531.156,2574.026,263422119.14
25.01.2022 19:00:00.000,2574.816,2585.746,2561.006,2585.167,313705657.96
25.01.2022 20:00:00.000,2585.386,2587.027,2531.537,2538.557,386664367.68
26.01.2022 14:00:00.000,2621.447,2621.756,2566.106,2600.936,279374298.1
26.01.2022 15:00:00.000,2600.936,2622.477,2586.406,2605.897,659910583.5
26.01.2022 16:00:00.000,2605.896,2638.157,2604.206,2629.607,921644470.21
26.01.2022 17:00:00.000,2629.616,2652.146,2626.206,2641.786,755084106.45
26.01.2022 18:00:00.000,2641.746,2643.457,2629.006,2633.016,700002563.48
26.01.2022 19:00:00.000,2633.017,2658.917,2578.766,2586.907,450144378.66
26.01.2022 20:00:00.000,2586.917,2590.656,2539.996,2585.996,426873260.5
27.01.2022 14:00:00.000,2625.476,2651.616,2618.146,2640.017,410180847.17
27.01.2022 15:00:00.000,2640.017,2651.377,2617.226,2642.687,899322204.59
27.01.2022 16:00:00.000,2642.687,2650.767,2621.316,2637.716,871124694.82
27.01.2022 17:00:00.000,2637.726,2639.026,2596.656,2605.907,920329345.7
27.01.2022 18:00:00.000,2608.257,2612.827,2579.326,2599.576,1010452392.58
27.01.2022 19:00:00.000,2599.586,2612.596,2576.626,2584.886,801285156.25
27.01.2022 20:00:00.000,2584.366,2608.747,2576.666,2580.867,815321411.13
28.01.2022 14:00:00.000,2596.406,2603.347,2569.066,2581.546,308055480.96
28.01.2022 15:00:00.000,2581.537,2612.000,2571.146,2608.966,526955627.44
28.01.2022 16:00:00.000,2608.966,2648.047,2602.137,2645.396,739481872.56
28.01.2022 17:00:00.000,2645.846,2651.756,2619.996,2621.136,783274353.03
28.01.2022 18:00:00.000,2620.997,2646.847,2620.956,2643.586,909960021.97
28.01.2022 19:00:00.000,2643.026,2646.197,2609.996,2635.997,820089111.33
28.01.2022 20:00:00.000,2635.996,2661.226,2625.057,2661.226,637469055.18
31.01.2022 14:00:00.000,2684.817,2686.096,2645.996,2664.557,240736907.96
31.01.2022 15:00:00.000,2667.037,2680.837,2662.856,2674.197,483749053.96
31.01.2022 16:00:00.000,2674.197,2679.407,2657.816,2675.836,372506744.38
31.01.2022 17:00:00.000,2675.987,2686.487,2667.486,2683.156,327145629.88
31.01.2022 18:00:00.000,2683.156,2689.447,2677.416,2688.147,317304168.7
31.01.2022 19:00:00.000,2687.777,2700.727,2686.996,2693.326,287905517.58
31.01.2022 20:00:00.000,2693.336,2708.097,2676.126,2707.536,401558013.92
01.02.2022 14:00:00.000,2749.896,2754.437,2716.006,2725.666,550012580.87
01.02.2022 15:00:00.000,2725.666,2727.007,2685.396,2698.016,862279775.14
01.02.2022 16:00:00.000,2697.176,2731.726,2697.176,2728.997,809113591.67
01.02.2022 17:00:00.000,2728.996,2740.387,2719.996,2740.006,857967834
01.02.2022 18:00:00.000,2740.007,2743.457,2732.147,2736.297,616135981.08
01.02.2022 19:00:00.000,2736.296,2740.047,2723.466,2726.566,729442281.72
01.02.2022 20:00:00.000,2726.556,2754.306,2725.256,2749.836,923622498.51
02.02.2022 14:00:00.000,3023.517,3027.847,2958.017,2968.206,670651232.72
02.02.2022 15:00:00.000,2968.207,2982.816,2910.506,2934.437,1240311984.06
02.02.2022 16:00:00.000,2934.427,2967.617,2910.996,2965.606,1293473554.61
02.02.2022 17:00:00.000,2966.046,3002.207,2961.256,3001.367,969223084.93
02.02.2022 18:00:00.000,3001.366,3002.506,2968.556,2977.496,846079305.65
02.02.2022 19:00:00.000,2977.496,2984.937,2963.757,2978.537,839130289.55
02.02.2022 20:00:00.000,2978.536,2986.736,2953.996,2958.717,996220051.77
03.02.2022 14:00:00.000,2912.516,2973.497,2906.047,2950.357,443098865.51
03.02.2022 15:00:00.000,2950.366,2992.267,2947.536,2950.207,982540703.77
03.02.2022 16:00:00.000,2950.207,2955.296,2925.006,2930.257,844175662.99
03.02.2022 17:00:00.000,2930.247,2934.047,2909.036,2913.576,783924760.34
03.02.2022 18:00:00.000,2913.576,2924.527,2908.496,2913.096,746714092.25
03.02.2022 19:00:00.000,2913.086,2917.406,2887.097,2887.116,782118823.05
03.02.2022 20:00:00.000,2887.107,2896.396,2852.996,2860.357,925656419.75
04.02.2022 14:00:00.000,2864.997,2870.277,2809.996,2848.537,526386623.38
04.02.2022 15:00:00.000,2849.527,2868.817,2829.996,2831.826,901791103.36
04.02.2022 16:00:00.000,2831.837,2852.527,2821.997,2838.697,793412770.27
04.02.2022 17:00:00.000,2838.256,2870.747,2832.997,2870.077,695726631.64
04.02.2022 18:00:00.000,2870.157,2884.307,2868.056,2879.247,792209597.11
04.02.2022 19:00:00.000,2879.247,2881.457,2862.996,2878.507,716959491.73
04.02.2022 20:00:00.000,2878.506,2896.626,2864.997,2867.997,901775778.77
07.02.2022 14:00:00.000,2879.647,2883.807,2858.007,2873.136,671952153.21
07.02.2022 15:00:00.000,2874.106,2874.356,2844.586,2848.016,961078553.92
07.02.2022 16:00:00.000,2848.006,2849.266,2802.326,2805.997,988816729.17
07.02.2022 17:00:00.000,2805.996,2809.497,2781.996,2794.457,897586100.58
07.02.2022 18:00:00.000,2794.467,2817.457,2790.996,2815.877,849309601.78
07.02.2022 19:00:00.000,2815.877,2822.955,2805.996,2808.286,859998862.27
07.02.2022 20:00:00.000,2807.997,2815.947,2777.766,2781.446,943258675.58
08.02.2022 15:00:00.000,2762.927,2764.647,2739.996,2761.996,1672.56
08.02.2022 17:00:00.000,2778.667,2799.466,2772.397,2786.597,912.31
08.02.2022 19:00:00.000,2770.427,2780.017,2754.486,2757.007,941.52
09.02.2022 14:00:00.000,2816.316,2829.997,2809.996,2823.216,902191200.26
09.02.2022 15:00:00.000,2826.036,2849.376,2822.156,2832.647,1366981195.45
09.02.2022 16:00:00.000,2832.646,2834.847,2810.247,2815.256,1034789536.48
09.02.2022 17:00:00.000,2815.246,2823.756,2803.536,2818.717,828415692.33
09.02.2022 18:00:00.000,2818.727,2819.666,2806.686,2813.476,738770846.84
09.02.2022 19:00:00.000,2813.266,2825.866,2813.036,2817.616,697008794.31
09.02.2022 20:00:00.000,2817.616,2832.077,2807.996,2831.316,907494208.81
10.02.2022 15:00:00.000,2800.747,2829.226,2800.066,2802.907,1276.27
10.02.2022 17:00:00.000,2808.306,2808.897,2775.016,2782.687,984.31
10.02.2022 19:00:00.000,2786.866,2792.487,2772.996,2775.656,988.98
11.02.2022 14:00:00.000,2769.997,2782.326,2757.046,2761.327,636513606.07
11.02.2022 15:00:00.000,2761.616,2776.506,2748.996,2763.277,1283478273.39
11.02.2022 16:00:00.000,2763.296,2774.197,2750.196,2758.077,930183697.7
11.02.2022 17:00:00.000,2758.077,2759.297,2743.996,2745.826,662332049.85
11.02.2022 18:00:00.000,2745.837,2751.166,2701.996,2702.996,996430682.66
11.02.2022 19:00:00.000,2702.996,2706.657,2673.106,2678.596,1130571250.92
11.02.2022 20:00:00.000,2678.596,2700.132,2667.996,2684.316,1264008179.66
14.02.2022 14:00:00.000,2666.966,2704.076,2664.976,2693.627,891874951.36
14.02.2022 15:00:00.000,2692.417,2705.647,2684.116,2699.036,1249833624.84
14.02.2022 16:00:00.000,2700.926,2725.517,2697.996,2721.986,824183911.32
14.02.2022 17:00:00.000,2721.986,2725.816,2711.996,2719.047,700588024.14
14.02.2022 18:00:00.000,2719.047,2722.046,2686.977,2687.066,849624653.34
14.02.2022 19:00:00.000,2687.057,2704.747,2680.066,2698.347,807391113.76
14.02.2022 20:00:00.000,2698.337,2719.157,2690.586,2708.407,873509877.68
15.02.2022 15:00:00.000,2737.927,2745.986,2730.686,2739.007,729.98
15.02.2022 17:00:00.000,2740.267,2741.057,2714.996,2722.856,707.54
15.02.2022 19:00:00.000,2726.276,2729.967,2719.997,2729.866,613.1
16.02.2022 14:00:00.000,2733.337,2738.927,2700.006,2701.006,607.94
16.02.2022 16:00:00.000,2710.856,2716.287,2701.996,2713.276,711.98
16.02.2022 18:00:00.000,2719.276,2724.967,2714.996,2718.456,591.03
16.02.2022 20:00:00.000,2748.917,2762.517,2748.107,2754.187,880.47
17.02.2022 14:00:00.000,2724.196,2741.666,2715.436,2718.286,638416836.74
17.02.2022 15:00:00.000,2718.277,2718.307,2698.407,2702.017,1141955735.21
17.02.2022 16:00:00.000,2702.007,2709.646,2695.996,2698.987,982598298.07
17.02.2022 17:00:00.000,2698.986,2699.777,2688.307,2695.486,846748936.18
17.02.2022 18:00:00.000,2695.497,2696.407,2680.497,2683.207,1000711856.84
17.02.2022 19:00:00.000,2682.987,2683.446,2672.426,2673.787,858390555.38
17.02.2022 20:00:00.000,2673.786,2675.117,2648.996,2650.517,1200160281.18
18.02.2022 14:00:00.000,2667.576,2677.295,2649.996,2669.016,599897232.06
18.02.2022 15:00:00.000,2669.527,2679.716,2648.997,2651.977,1128629406.93
18.02.2022 16:00:00.000,2651.976,2652.247,2621.997,2627.036,967591413.97
18.02.2022 17:00:00.000,2627.046,2640.916,2617.996,2622.997,855868834.02
18.02.2022 18:00:00.000,2623.546,2626.852,2612.566,2614.786,751470383.64
18.02.2022 19:00:00.000,2614.797,2637.707,2612.166,2635.516,752068329.1
18.02.2022 20:00:00.000,2636.356,2639.437,2601.996,2605.107,966151850.7
22.02.2022 14:00:00.000,2597.986,2628.497,2585.996,2615.576,842317398.07
22.02.2022 15:00:00.000,2618.387,2643.247,2611.876,2624.156,1665029998.78
22.02.2022 16:00:00.000,2624.146,2628.727,2594.266,2603.127,1538010001.18
22.02.2022 17:00:00.000,2603.126,2608.607,2587.496,2591.257,1142940007.21
22.02.2022 18:00:00.000,2591.877,2592.596,2567.496,2568.507,1408919995.31
22.02.2022 19:00:00.000,2568.506,2611.917,2563.996,2605.097,1380239989.28
22.02.2022 20:00:00.000,2605.096,2622.117,2579.996,2596.256,1297560000.42
23.02.2022 14:00:00.000,2631.186,2640.467,2610.966,2616.386,818.79
23.02.2022 16:00:00.000,2590.997,2596.017,2574.106,2590.277,1304.82
23.02.2022 18:00:00.000,2583.816,2584.776,2565.046,2575.457,1380.63
23.02.2022 20:00:00.000,2568.526,2571.137,2550.346,2551.097,1501.68
24.02.2022 14:00:00.000,2495.786,2554.747,2495.786,2539.186,822.75
24.02.2022 16:00:00.000,2566.336,2584.816,2559.996,2577.517,960.63
24.02.2022 18:00:00.000,2568.506,2619.166,2564.136,2597.026,881.19
24.02.2022 20:00:00.000,2619.586,2659.997,2617.437,2649.847,1150
25.02.2022 14:00:00.000,2670.376,2670.997,2631.346,2641.786,373690153
25.02.2022 15:00:00.000,2641.786,2690.347,2636.996,2684.247,690139293.19
25.02.2022 16:00:00.000,2683.717,2700.506,2672.956,2700.037,897147778.51
25.02.2022 17:00:00.000,2700.117,2705.306,2669.997,2670.616,831274021.63
25.02.2022 18:00:00.000,2671.917,2684.346,2659.997,2677.757,706827813.15
25.02.2022 19:00:00.000,2677.767,2683.297,2666.436,2670.006,845916786.43
25.02.2022 20:00:00.000,2670.736,2690.577,2662.316,2688.116,994956787.59
28.02.2022 15:00:00.000,2665.676,2704.997,2650.096,2695.687,1427.67
28.02.2022 17:00:00.000,2705.667,2710.097,2673.787,2678.867,890.43
28.02.2022 19:00:00.000,2684.006,2684.007,2659.996,2676.666,1054.83
01.03.2022 14:00:00.000,2697.996,2720.476,2684.416,2713.537,509174621.58
01.03.2022 15:00:00.000,2713.947,2723.336,2697.386,2700.416,979341308.59
01.03.2022 16:00:00.000,2700.427,2715.436,2687.376,2688.897,1035865600.59
01.03.2022 17:00:00.000,2688.887,2699.327,2679.996,2696.986,678146423.34
01.03.2022 18:00:00.000,2696.987,2700.356,2666.406,2672.506,1057232666.02
01.03.2022 19:00:00.000,2672.506,2687.627,2666.576,2675.176,920789855.96
01.03.2022 20:00:00.000,2675.207,2690.977,2663.476,2683.187,915870239.26
02.03.2022 14:00:00.000,2687.126,2693.677,2666.157,2678.656,577938171.39
02.03.2022 15:00:00.000,2678.667,2688.957,2659.997,2677.347,1064791259.77
02.03.2022 16:00:00.000,2676.587,2704.676,2671.096,2689.826,1032273315.43
02.03.2022 17:00:00.000,2689.827,2691.077,2677.996,2685.276,647547790.53
02.03.2022 18:00:00.000,2686.996,2702.057,2686.306,2689.447,592467102.05
02.03.2022 19:00:00.000,2689.646,2698.947,2685.726,2690.216,648988159.18
02.03.2022 20:00:00.000,2690.226,2702.016,2689.166,2690.186,810513183.59
03.03.2022 14:00:00.000,2717.716,2728.016,2705.286,2717.666,673215942.38
03.03.2022 15:00:00.000,2717.667,2723.807,2674.996,2675.426,1212626953.13
03.03.2022 16:00:00.000,2675.426,2691.477,2673.747,2686.177,1026150634.77
03.03.2022 17:00:00.000,2686.176,2705.397,2673.106,2694.736,1008144226.07
03.03.2022 18:00:00.000,2694.726,2703.006,2688.376,2691.756,851782592.77
03.03.2022 19:00:00.000,2691.756,2704.417,2685.946,2689.487,891744934.08
03.03.2022 20:00:00.000,2689.487,2689.607,2659.996,2676.876,923071716.31
04.03.2022 14:00:00.000,2654.537,2675.757,2621.006,2639.486,612015075.68
04.03.2022 15:00:00.000,2639.496,2642.677,2608.766,2612.486,1027591308.59
04.03.2022 16:00:00.000,2612.487,2626.657,2606.156,2619.426,699384155.27
04.03.2022 17:00:00.000,2620.537,2646.707,2617.996,2641.277,723141540.53
04.03.2022 18:00:00.000,2641.376,2653.376,2624.996,2625.337,637221801.76
04.03.2022 19:00:00.000,2626.607,2631.837,2614.996,2615.947,667105468.75
04.03.2022 20:00:00.000,2615.567,2630.397,2614.996,2628.407,429016815.19
07.03.2022 14:00:00.000,2627.996,2630.787,2581.996,2583.487,637573791.5
07.03.2022 15:00:00.000,2583.477,2584.597,2546.757,2550.596,1186705200.2
07.03.2022 16:00:00.000,2550.596,2581.997,2549.056,2566.737,1028906738.28
07.03.2022 17:00:00.000,2566.736,2578.567,2548.996,2549.766,746782897.95
07.03.2022 18:00:00.000,2549.767,2561.037,2542.066,2545.446,705976989.75
07.03.2022 19:00:00.000,2545.446,2557.847,2532.006,2532.897,642375610.35
07.03.2022 20:00:00.000,2532.907,2541.447,2525.396,2526.187,963504882.81
08.03.2022 14:00:00.000,2524.096,2555.377,2512.406,2539.127,465730316.16
08.03.2022 15:00:00.000,2539.207,2550.226,2514.996,2546.936,1008500610.35
08.03.2022 16:00:00.000,2546.947,2550.887,2520.116,2537.546,831738952.64
08.03.2022 17:00:00.000,2537.546,2613.187,2536.346,2608.247,918022033.69
08.03.2022 18:00:00.000,2608.246,2624.287,2559.996,2563.807,732858825.68
08.03.2022 19:00:00.000,2563.807,2581.147,2549.997,2572.826,832940002.44
08.03.2022 20:00:00.000,2572.827,2588.397,2537.626,2543.816,1010183532.71
09.03.2022 14:00:00.000,2616.617,2624.267,2596.006,2617.137,566532104.49
09.03.2022 15:00:00.000,2617.896,2631.136,2613.356,2620.866,890425720.21
09.03.2022 16:00:00.000,2621.607,2639.086,2615.127,2638.226,743302490.23
09.03.2022 17:00:00.000,2638.237,2674.167,2631.666,2661.217,731429443.36
09.03.2022 18:00:00.000,2662.057,2663.167,2650.466,2655.477,602307434.08
09.03.2022 19:00:00.000,2655.497,2667.307,2654.326,2665.006,554180969.24
09.03.2022 20:00:00.000,2665.007,2674.136,2659.446,2666.046,778943847.66
10.03.2022 14:00:00.000,2624.666,2655.137,2619.997,2648.666,557654541.02
10.03.2022 15:00:00.000,2648.656,2654.907,2627.367,2633.447,999862121.58
10.03.2022 16:00:00.000,2633.447,2633.907,2617.996,2625.367,898217346.19
10.03.2022 17:00:00.000,2625.366,2632.437,2619.356,2623.167,744018432.62
10.03.2022 18:00:00.000,2623.167,2644.556,2621.456,2642.326,753736694.34
10.03.2022 19:00:00.000,2642.326,2664.267,2640.666,2656.767,887778198.24
10.03.2022 20:00:00.000,2656.766,2658.556,2643.337,2644.757,866419616.7
11.03.2022 14:00:00.000,2664.406,2675.056,2641.517,2647.036,636492126.46
11.03.2022 15:00:00.000,2647.036,2658.507,2637.507,2657.167,753493286.13
11.03.2022 16:00:00.000,2657.167,2658.007,2630.196,2636.347,708975769.04
11.03.2022 17:00:00.000,2636.976,2637.157,2614.997,2625.037,705738586.43
11.03.2022 18:00:00.000,2625.036,2636.567,2620.856,2623.097,613819885.25
11.03.2022 19:00:00.000,2623.096,2633.756,2616.456,2617.817,639981689.45
11.03.2022 20:00:00.000,2617.826,2617.827,2592.526,2592.526,910822631.84
14.03.2022 13:00:00.000,2603.317,2607.467,2570.856,2572.116,380294464.11
14.03.2022 14:00:00.000,2572.117,2595.367,2560.996,2591.596,632423828.13
14.03.2022 15:00:00.000,2591.606,2592.017,2542.846,2547.467,441735931.4
14.03.2022 16:00:00.000,2547.467,2547.467,2514.997,2516.476,508220031.74
14.03.2022 17:00:00.000,2516.446,2525.347,2504.996,2519.627,463102020.26
14.03.2022 18:00:00.000,2519.627,2529.847,2513.756,2527.596,531859802.25
14.03.2022 19:00:00.000,2527.606,2534.076,2509.996,2518.587,630983886.72
15.03.2022 13:00:00.000,2534.897,2547.656,2514.346,2527.277,478097106.93
15.03.2022 14:00:00.000,2527.546,2563.987,2525.837,2556.846,817104980.47
15.03.2022 15:00:00.000,2557.927,2596.666,2557.486,2575.666,791185180.66
15.03.2022 16:00:00.000,2575.656,2586.547,2564.996,2574.036,641666992.19
15.03.2022 17:00:00.000,2574.046,2575.996,2557.196,2561.256,518905944.82
15.03.2022 18:00:00.000,2560.586,2568.336,2546.476,2567.747,580582946.78
15.03.2022 19:00:00.000,2567.787,2593.816,2565.506,2581.907,681389831.54
16.03.2022 13:00:00.000,2612.996,2637.337,2609.737,2630.067,330495605.47
16.03.2022 14:00:00.000,2630.077,2649.527,2626.266,2649.096,702987487.79
16.03.2022 15:00:00.000,2649.116,2652.726,2638.996,2644.306,399377502.44
16.03.2022 16:00:00.000,2645.247,2651.447,2613.777,2620.957,387499359.13
16.03.2022 17:00:00.000,2620.956,2628.426,2613.176,2627.287,478219238.28
16.03.2022 18:00:00.000,2627.287,2630.007,2573.866,2620.826,564500854.49
16.03.2022 19:00:00.000,2620.887,2666.307,2612.857,2664.996,480378814.7
17.03.2022 13:00:00.000,2657.146,2669.217,2646.406,2668.517,330132019.04
17.03.2022 14:00:00.000,2668.517,2677.686,2641.707,2649.347,728546875
17.03.2022 15:00:00.000,2650.107,2660.947,2643.996,2656.377,717501342.77
17.03.2022 16:00:00.000,2656.387,2669.177,2649.997,2666.517,529101745.61
17.03.2022 17:00:00.000,2666.666,2681.176,2653.896,2675.996,472103363.04
17.03.2022 18:00:00.000,2675.997,2679.857,2663.716,2669.947,548549621.58
17.03.2022 19:00:00.000,2669.947,2679.697,2656.726,2673.967,624032714.84
18.03.2022 13:00:00.000,2662.877,2665.007,2645.226,2661.956,333013610.84
18.03.2022 14:00:00.000,2661.967,2684.027,2660.166,2672.167,604464172.36
18.03.2022 15:00:00.000,2672.257,2695.676,2670.996,2688.737,552264099.12
18.03.2022 16:00:00.000,2688.677,2701.557,2686.156,2696.967,405140869.14
18.03.2022 17:00:00.000,2696.786,2706.007,2693.876,2700.906,367578826.9
18.03.2022 18:00:00.000,2702.137,2707.097,2695.136,2706.046,387739166.26
18.03.2022 19:00:00.000,2706.046,2724.097,2704.566,2721.947,515303466.8
21.03.2022 13:00:00.000,2720.576,2740.886,2704.996,2711.017,430088836.67
21.03.2022 14:00:00.000,2711.537,2722.106,2697.406,2721.296,696735229.49
21.03.2022 15:00:00.000,2722.206,2732.997,2716.306,2726.497,556213317.87
21.03.2022 16:00:00.000,2726.506,2731.606,2699.076,2700.966,703335083.01
21.03.2022 17:00:00.000,2700.957,2701.577,2679.997,2697.847,647535705.57
21.03.2022 18:00:00.000,2697.856,2710.796,2690.997,2693.436,545295166.02
21.03.2022 19:00:00.000,2693.506,2722.656,2692.436,2721.017,683298034.67
22.03.2022 13:00:00.000,2720.996,2764.406,2720.996,2750.917,361810394.29
22.03.2022 14:00:00.000,2752.247,2797.447,2751.217,2788.006,665177856.45
22.03.2022 15:00:00.000,2788.637,2820.467,2785.746,2802.486,544336303.71
22.03.2022 16:00:00.000,2802.487,2808.667,2791.177,2798.247,493095855.71
22.03.2022 17:00:00.000,2798.237,2803.416,2789.996,2801.377,563413696.29
22.03.2022 18:00:00.000,2801.376,2802.797,2788.676,2798.226,525013732.91
22.03.2022 19:00:00.000,2798.287,2811.487,2788.676,2795.687,635656311.04
23.03.2022 13:00:00.000,2769.996,2785.527,2769.186,2775.746,407651672.36
23.03.2022 14:00:00.000,2775.196,2790.836,2771.286,2783.517,629658630.37
23.03.2022 15:00:00.000,2784.766,2790.786,2780.496,2784.877,585497558.59
23.03.2022 16:00:00.000,2785.287,2788.866,2771.076,2774.007,554776367.19
23.03.2022 17:00:00.000,2775.007,2776.077,2754.997,2769.666,632536682.13
23.03.2022 18:00:00.000,2769.716,2778.156,2760.996,2769.037,517334289.55
23.03.2022 19:00:00.000,2768.686,2777.947,2764.066,2765.986,586814758.3
24.03.2022 13:00:00.000,2781.217,2790.017,2770.827,2775.626,407292053.22
24.03.2022 14:00:00.000,2775.627,2788.106,2754.366,2780.676,738141113.28
24.03.2022 15:00:00.000,2781.557,2804.247,2776.456,2803.256,600135620.12
24.03.2022 16:00:00.000,2803.257,2809.657,2790.366,2804.087,538937561.04
24.03.2022 17:00:00.000,2804.097,2808.157,2797.046,2800.427,567619262.7
24.03.2022 18:00:00.000,2800.426,2808.586,2799.996,2805.246,511217987.06
24.03.2022 19:00:00.000,2805.336,2831.826,2802.537,2830.897,623417907.71
25.03.2022 13:00:00.000,2839.327,2839.337,2823.457,2826.257,358450286.87
25.03.2022 14:00:00.000,2826.256,2838.837,2817.467,2828.597,639980773.93
25.03.2022 15:00:00.000,2828.676,2829.996,2793.977,2805.156,618856689.45
25.03.2022 16:00:00.000,2805.157,2815.776,2801.346,2809.366,412932891.85
25.03.2022 17:00:00.000,2809.376,2828.707,2805.397,2828.147,396254425.05
25.03.2022 18:00:00.000,2828.557,2833.797,2823.857,2832.757,386411590.58
25.03.2022 19:00:00.000,2832.756,2834.427,2811.266,2833.156,533893493.65
28.03.2022 13:00:00.000,2817.256,2839.807,2812.627,2834.497,500060699.46
28.03.2022 14:00:00.000,2834.986,2834.986,2810.626,2825.127,759512756.35
28.03.2022 15:00:00.000,2825.137,2827.676,2796.086,2797.576,529586181.64
28.03.2022 16:00:00.000,2797.576,2811.107,2796.137,2810.486,442705963.13
28.03.2022 17:00:00.000,2810.487,2818.407,2807.996,2816.177,465391082.76
28.03.2022 18:00:00.000,2816.176,2834.516,2812.916,2833.997,430944885.25
28.03.2022 19:00:00.000,2834.177,2834.847,2822.716,2828.496,281643096.92
29.03.2022 13:00:00.000,2851.967,2874.907,2847.506,2861.986,646460815.43
29.03.2022 14:00:00.000,2861.487,2864.357,2840.006,2852.597,1067070556.64
29.03.2022 15:00:00.000,2852.966,2869.487,2852.516,2859.756,678986267.09
29.03.2022 16:00:00.000,2860.117,2863.517,2849.996,2856.046,551542663.57
29.03.2022 17:00:00.000,2856.016,2867.826,2851.796,2865.917,549984680.18
29.03.2022 18:00:00.000,2866.486,2866.486,2857.046,2861.027,505948699.95
29.03.2022 19:00:00.000,2861.016,2865.556,2844.996,2850.267,665910461.43
30.03.2022 13:00:00.000,2848.056,2851.676,2839.996,2847.336,357855621.34
30.03.2022 14:00:00.000,2847.457,2853.286,2839.216,2840.016,1039598022.46
30.03.2022 15:00:00.000,2840.017,2843.797,2831.976,2843.797,786626098.63
30.03.2022 16:00:00.000,2843.797,2848.847,2838.476,2846.846,752315856.93
30.03.2022 17:00:00.000,2846.847,2847.056,2840.496,2841.857,663263000.49
30.03.2022 18:00:00.000,2841.856,2849.637,2840.706,2843.087,740182434.08
30.03.2022 19:00:00.000,2843.087,2844.237,2830.946,2836.737,275660522.46
31.03.2022 13:00:00.000,2839.947,2840.577,2809.996,2822.006,565338928.22
31.03.2022 14:00:00.000,2822.006,2826.946,2805.106,2822.766,709229919.43
31.03.2022 15:00:00.000,2822.766,2826.617,2815.997,2819.776,638549194.34
31.03.2022 16:00:00.000,2820.137,2823.006,2806.496,2806.596,1009829711.91
31.03.2022 17:00:00.000,2806.596,2819.527,2802.096,2817.057,1030472778.32
31.03.2022 18:00:00.000,2817.057,2817.417,2805.006,2817.017,936876708.98
31.03.2022 19:00:00.000,2817.016,2825.157,2779.996,2783.976,470159301.76
01.04.2022 13:00:00.000,2787.777,2800.947,2765.997,2774.027,476414046.29
01.04.2022 14:00:00.000,2774.017,2804.497,2768.586,2803.477,711725737.57
01.04.2022 15:00:00.000,2803.466,2808.286,2779.997,2783.456,580356887.34
01.04.2022 16:00:00.000,2783.457,2794.427,2779.506,2791.036,443785195.35
01.04.2022 17:00:00.000,2790.877,2800.857,2786.216,2792.516,560908213.85
01.04.2022 18:00:00.000,2792.517,2805.867,2790.616,2796.847,595232348.92
01.04.2022 19:00:00.000,2796.846,2804.586,2776.416,2802.316,645877032.76
04.04.2022 13:00:00.000,2806.327,2861.987,2804.507,2854.327,399863298.42
04.04.2022 14:00:00.000,2855.386,2864.967,2847.447,2860.696,538703926.56
04.04.2022 15:00:00.000,2861.376,2870.377,2854.006,2861.926,414983593.7
04.04.2022 16:00:00.000,2862.576,2873.627,2860.087,2861.177,371066564.56
04.04.2022 17:00:00.000,2861.187,2863.537,2854.996,2858.906,323901714.8
04.04.2022 18:00:00.000,2858.907,2861.766,2842.977,2857.277,359183690.67
04.04.2022 19:00:00.000,2857.276,2861.947,2853.686,2858.416,492990031.96
05.04.2022 13:00:00.000,2856.816,2858.926,2839.996,2844.996,387.98
05.04.2022 15:00:00.000,2827.047,2828.806,2815.276,2818.696,751.71
05.04.2022 17:00:00.000,2820.927,2829.776,2816.986,2820.557,546.75
05.04.2022 19:00:00.000,2819.167,2821.287,2807.216,2810.667,972.16
06.04.2022 14:00:00.000,2745.006,2756.766,2737.756,2744.456,761.54
06.04.2022 16:00:00.000,2742.866,2744.497,2723.996,2729.527,504.51
06.04.2022 18:00:00.000,2737.777,2756.617,2709.996,2743.026,738.51
07.04.2022 13:00:00.000,2719.997,2743.896,2709.996,2726.866,785187379.84
07.04.2022 14:00:00.000,2726.876,2735.497,2703.597,2716.396,1601818717.96
07.04.2022 15:00:00.000,2716.417,2725.837,2688.996,2697.476,1351612777.71
07.04.2022 16:00:00.000,2697.546,2704.997,2682.996,2695.027,1371897872.93
07.04.2022 17:00:00.000,2694.866,2720.886,2692.187,2720.377,1263183454.51
07.04.2022 18:00:00.000,2720.366,2727.097,2711.996,2723.606,1071298183.32
07.04.2022 19:00:00.000,2723.676,2738.257,2712.706,2714.327,1391456116.68
08.04.2022 13:00:00.000,2709.997,2710.057,2675.016,2675.776,312372313.98
08.04.2022 14:00:00.000,2675.776,2699.627,2674.996,2695.986,562822605.61
08.04.2022 15:00:00.000,2696.016,2701.976,2680.756,2691.666,435742255.45
08.04.2022 16:00:00.000,2691.666,2695.496,2686.027,2688.607,473781691.55
08.04.2022 17:00:00.000,2688.606,2690.646,2670.906,2678.916,369737542.39
08.04.2022 18:00:00.000,2678.916,2685.496,2668.626,2673.436,600266033.41
08.04.2022 19:00:00.000,2674.017,2679.257,2658.766,2663.286,729754806.52
11.04.2022 13:00:00.000,2636.907,2641.647,2621.026,2626.946,392058574.68
11.04.2022 14:00:00.000,2626.947,2633.057,2591.146,2597.206,723634693.62
11.04.2022 15:00:00.000,2597.196,2607.166,2590.416,2591.017,490827636.72
11.04.2022 16:00:00.000,2591.016,2597.097,2583.046,2595.046,454230805.4
11.04.2022 17:00:00.000,2595.036,2603.867,2594.996,2600.046,511713890.08
11.04.2022 18:00:00.000,2600.056,2601.936,2586.106,2589.967,503552608.01
11.04.2022 19:00:00.000,2590.677,2597.137,2573.126,2573.996,679008162.5
12.04.2022 14:00:00.000,2610.057,2619.346,2580.097,2588.016,533.79
12.04.2022 16:00:00.000,2586.887,2588.006,2571.576,2577.266,521.68
12.04.2022 18:00:00.000,2557.447,2568.666,2540.286,2545.076,591.52
13.04.2022 13:00:00.000,2559.997,2570.067,2551.506,2563.176,427102698.8
13.04.2022 14:00:00.000,2563.186,2580.897,2556.456,2568.727,678640899.18
13.04.2022 15:00:00.000,2568.846,2588.666,2568.576,2586.647,551194940.09
13.04.2022 16:00:00.000,2586.646,2602.980,2582.996,2597.477,390275218.84
13.04.2022 17:00:00.000,2598.006,2601.417,2579.996,2586.586,420628816.6
13.04.2022 18:00:00.000,2586.586,2592.657,2583.996,2585.387,374188323.38
13.04.2022 19:00:00.000,2585.647,2606.202,2582.476,2596.357,568958737.13
14.04.2022 13:00:00.000,2606.947,2606.997,2562.996,2569.796,418218871.59
14.04.2022 14:00:00.000,2569.806,2571.017,2551.107,2562.516,702881648.54
14.04.2022 15:00:00.000,2562.506,2569.977,2554.497,2555.996,545069683.79
14.04.2022 16:00:00.000,2555.996,2557.810,2536.996,2541.997,458908736.71
14.04.2022 17:00:00.000,2541.996,2564.017,2541.476,2562.996,522868349.55
14.04.2022 18:00:00.000,2563.337,2567.456,2542.996,2543.476,536187225.58
14.04.2022 19:00:00.000,2543.477,2548.922,2531.196,2531.197,654397200.58
18.04.2022 13:00:00.000,2538.376,2555.397,2533.726,2542.006,386.54
18.04.2022 14:00:00.000,2541.937,2563.037,2536.996,2551.126,619.71
18.04.2022 17:00:00.000,2526.997,2560.917,2523.996,2552.937,586.71
18.04.2022 19:00:00.000,2550.106,2553.476,2534.996,2553.476,672.88
19.04.2022 13:00:00.000,2548.976,2581.025,2537.526,2580.407,404657683.13
19.04.2022 14:00:00.000,2580.427,2591.146,2577.976,2585.887,688233203.89
19.04.2022 15:00:00.000,2586.267,2593.226,2580.047,2585.706,464425169.71
19.04.2022 16:00:00.000,2585.827,2590.826,2580.106,2585.756,346465015.89
19.04.2022 17:00:00.000,2585.776,2591.066,2580.186,2586.856,424827829.6
19.04.2022 18:00:00.000,2586.867,2587.677,2575.367,2586.467,547825644.25
19.04.2022 19:00:00.000,2586.476,2605.886,2585.186,2601.257,634546108.75
20.04.2022 14:00:00.000,2582.027,2597.947,2558.117,2595.837,733.35
20.04.2022 16:00:00.000,2569.586,2570.976,2549.996,2566.016,503.68
20.04.2022 18:00:00.000,2574.936,2577.417,2550.996,2556.047,410.79
21.04.2022 13:00:00.000,2583.377,2600.267,2579.996,2582.096,438152531.15
21.04.2022 14:00:00.000,2582.097,2584.497,2551.436,2559.216,733255296.71
21.04.2022 15:00:00.000,2559.216,2564.547,2530.266,2530.796,690649573.33
21.04.2022 16:00:00.000,2530.806,2535.956,2521.386,2523.516,819773653.98
21.04.2022 17:00:00.000,2523.517,2528.377,2512.426,2516.507,784132366.66
21.04.2022 18:00:00.000,2516.527,2516.527,2495.426,2498.097,691252847.67
21.04.2022 19:00:00.000,2497.357,2502.847,2489.996,2497.256,913503484.73
22.04.2022 13:00:00.000,2499.116,2505.087,2464.996,2466.987,546152207.37
22.04.2022 14:00:00.000,2466.987,2477.877,2432.356,2443.377,941103121.76
22.04.2022 15:00:00.000,2443.377,2451.766,2411.296,2413.606,886621079.44
22.04.2022 16:00:00.000,2413.616,2419.606,2402.166,2403.356,694133138.66
22.04.2022 17:00:00.000,2404.506,2406.506,2391.857,2392.217,539928114.41
22.04.2022 18:00:00.000,2391.996,2407.157,2376.996,2385.537,589369713.31
22.04.2022 19:00:00.000,2385.547,2414.225,2378.516,2390.087,935347014.43
25.04.2022 13:00:00.000,2384.507,2417.447,2370.006,2396.156,449668262.48
25.04.2022 14:00:00.000,2396.166,2465.007,2396.157,2439.537,796978304.39
25.04.2022 15:00:00.000,2439.546,2440.697,2397.216,2404.257,518696098.33
25.04.2022 16:00:00.000,2404.256,2439.257,2401.207,2428.886,501294437.41
25.04.2022 17:00:00.000,2429.117,2441.557,2424.066,2430.146,490139824.39
25.04.2022 18:00:00.000,2430.146,2453.166,2423.287,2443.577,543900742.05
25.04.2022 19:00:00.000,2443.586,2462.456,2425.707,2461.847,647105351.92
26.04.2022 15:00:00.000,2383.477,2389.367,2370.086,2370.927,604.27
26.04.2022 17:00:00.000,2403.567,2403.897,2376.096,2388.006,547.64
26.04.2022 19:00:00.000,2421.916,2425.897,2374.996,2375.717,989.98
27.04.2022 13:00:00.000,2285.266,2341.206,2254.997,2305.886,459692178.25
27.04.2022 14:00:00.000,2305.897,2317.376,2254.346,2289.357,869091109.28
27.04.2022 15:00:00.000,2289.366,2309.636,2277.486,2280.317,598966660.02
27.04.2022 16:00:00.000,2280.316,2326.786,2273.006,2323.026,530685440.3
27.04.2022 17:00:00.000,2323.056,2324.786,2293.996,2302.467,494079506.87
27.04.2022 18:00:00.000,2302.466,2305.407,2283.226,2287.507,550005047.56
27.04.2022 19:00:00.000,2287.506,2291.707,2264.996,2288.227,747653639.32
28.04.2022 13:00:00.000,2323.347,2333.547,2281.906,2299.867,330.03
28.04.2022 15:00:00.000,2317.007,2331.517,2309.996,2316.556,694.51
28.04.2022 17:00:00.000,2355.796,2383.086,2353.387,2373.436,518.35
28.04.2022 19:00:00.000,2381.977,2391.787,2359.946,2365.857,657.06
29.04.2022 13:00:00.000,2333.897,2355.997,2321.786,2353.627,359793316.01
29.04.2022 14:00:00.000,2353.447,2355.097,2318.607,2324.706,668216493.13
29.04.2022 15:00:00.000,2324.697,2343.066,2317.557,2326.416,498529915.33
29.04.2022 16:00:00.000,2326.426,2327.987,2315.996,2322.466,529134170.53
29.04.2022 17:00:00.000,2322.466,2335.676,2321.266,2323.067,471767423.15
29.04.2022 18:00:00.000,2323.357,2323.357,2297.207,2304.007,520621068.95
29.04.2022 19:00:00.000,2303.996,2307.045,2275.656,2278.507,904974166.39
02.05.2022 13:00:00.000,2265.277,2302.767,2250.996,2298.997,146051254.27
02.05.2022 14:00:00.000,2295.996,2321.627,2271.176,2291.106,511476440.43
02.05.2022 15:00:00.000,2291.106,2314.327,2286.177,2306.367,552399597.17
02.05.2022 16:00:00.000,2307.206,2311.826,2280.496,2281.317,422787841.8
02.05.2022 17:00:00.000,2281.316,2291.207,2272.996,2283.736,391584350.59
02.05.2022 18:00:00.000,2283.726,2296.266,2273.586,2280.897,481114257.81
02.05.2022 19:00:00.000,2280.917,2333.687,2280.746,2330.757,705891174.32
03.05.2022 13:00:00.000,2327.267,2341.007,2319.996,2341.007,65168365.48
03.05.2022 14:00:00.000,2345.696,2350.897,2321.996,2337.966,238460433.96
03.05.2022 15:00:00.000,2337.967,2359.496,2334.296,2351.557,188187423.71
03.05.2022 16:00:00.000,2351.557,2357.646,2333.226,2351.337,336149932.86
03.05.2022 17:00:00.000,2351.347,2368.367,2348.276,2358.816,380076385.5
03.05.2022 18:00:00.000,2358.806,2359.537,2339.997,2356.876,318744384.77
03.05.2022 19:00:00.000,2356.566,2360.997,2334.996,2343.417,564157043.46
04.05.2022 13:00:00.000,2340.117,2346.257,2316.897,2316.997,337345489.5
04.05.2022 14:00:00.000,2316.996,2321.367,2301.037,2312.767,608800415.04
04.05.2022 15:00:00.000,2312.776,2323.097,2301.036,2319.476,516392883.3
04.05.2022 16:00:00.000,2319.476,2359.676,2315.926,2356.097,509924926.76
04.05.2022 17:00:00.000,2357.256,2380.987,2351.737,2373.437,367111724.85
04.05.2022 18:00:00.000,2375.046,2410.617,2342.326,2400.026,403470092.77
04.05.2022 19:00:00.000,2400.027,2456.917,2395.086,2444.996,555880554.2
05.05.2022 13:00:00.000,2399.997,2418.717,2372.096,2380.276,368663543.7
05.05.2022 14:00:00.000,2380.276,2380.277,2299.997,2322.127,661843200.68
05.05.2022 15:00:00.000,2322.126,2336.217,2307.466,2313.856,560313476.56
05.05.2022 16:00:00.000,2313.857,2339.216,2308.187,2333.206,515557739.26
05.05.2022 17:00:00.000,2335.406,2340.497,2318.806,2322.356,556714172.36
05.05.2022 18:00:00.000,2322.356,2335.656,2317.996,2320.006,485558502.2
05.05.2022 19:00:00.000,2319.996,2334.457,2300.106,2331.116,738897521.97
06.05.2022 13:00:00.000,2300.997,2313.517,2280.657,2287.536,231974838.26
06.05.2022 14:00:00.000,2287.536,2341.006,2286.376,2330.937,498861389.16
06.05.2022 15:00:00.000,2330.936,2350.646,2306.366,2319.597,644074707.03
06.05.2022 16:00:00.000,2319.596,2346.667,2317.796,2344.846,408262420.65
06.05.2022 17:00:00.000,2344.846,2347.327,2310.956,2314.056,428545623.78
06.05.2022 18:00:00.000,2314.046,2316.617,2296.587,2300.346,443663818.36
06.05.2022 19:00:00.000,2300.356,2318.046,2291.356,2314.696,583354125.98
09.05.2022 13:00:00.000,2262.307,2283.136,2255.996,2266.157,419419952.39
09.05.2022 14:00:00.000,2266.156,2280.487,2255.556,2263.257,699639099.12
09.05.2022 15:00:00.000,2262.997,2281.535,2257.357,2276.927,569069946.29
09.05.2022 16:00:00.000,2276.927,2301.367,2267.996,2268.887,588156066.89
09.05.2022 17:00:00.000,2268.886,2279.916,2258.997,2259.467,567507751.46
09.05.2022 18:00:00.000,2259.476,2272.636,2255.996,2269.107,425426239.01
09.05.2022 19:00:00.000,2271.426,2279.537,2240.006,2249.297,614188476.56
10.05.2022 13:00:00.000,2307.997,2321.907,2280.826,2306.997,444262237.55
10.05.2022 14:00:00.000,2306.996,2319.637,2275.006,2277.197,790235046.39
10.05.2022 15:00:00.000,2277.186,2294.956,2256.537,2284.946,579149291.99
10.05.2022 16:00:00.000,2284.946,2295.007,2271.556,2278.836,485305084.23
10.05.2022 17:00:00.000,2279.556,2319.077,2273.706,2317.086,584787292.48
10.05.2022 18:00:00.000,2317.526,2321.536,2297.336,2313.776,652951416.02
10.05.2022 19:00:00.000,2313.856,2324.707,2280.816,2286.007,979612304.69
11.05.2022 13:00:00.000,2267.196,2323.687,2263.136,2307.756,166690399.17
11.05.2022 14:00:00.000,2305.517,2321.497,2281.706,2291.107,468260040.28
11.05.2022 15:00:00.000,2291.116,2312.477,2274.596,2291.176,552022583.01
11.05.2022 16:00:00.000,2291.197,2302.147,2279.996,2285.937,365535705.57
11.05.2022 17:00:00.000,2285.947,2289.547,2271.386,2272.137,580349731.45
11.05.2022 18:00:00.000,2272.127,2311.516,2271.386,2291.487,431902893.07
11.05.2022 19:00:00.000,2291.487,2294.987,2265.996,2270.627,490579040.53
12.05.2022 13:00:00.000,2231.896,2255.676,2221.996,2234.596,406340515.14
12.05.2022 14:00:00.000,2234.597,2281.486,2225.096,2276.797,625115051.27
12.05.2022 15:00:00.000,2276.797,2285.916,2240.596,2242.237,582874938.96
12.05.2022 16:00:00.000,2242.237,2269.536,2228.266,2246.746,504998474.12
12.05.2022 17:00:00.000,2246.746,2251.416,2195.046,2205.370,576151123.05
12.05.2022 18:00:00.000,2202.066,2223.717,2199.996,2205.287,586840759.28
12.05.2022 19:00:00.000,2205.286,2257.477,2204.116,2256.516,806450561.52
13.05.2022 13:00:00.000,2290.356,2313.727,2268.956,2298.377,432381622.31
13.05.2022 14:00:00.000,2298.387,2323.027,2296.186,2319.206,630627624.51
13.05.2022 15:00:00.000,2319.187,2342.667,2311.347,2336.767,545420776.37
13.05.2022 16:00:00.000,2335.117,2357.497,2335.117,2341.467,466700714.11
13.05.2022 17:00:00.000,2341.466,2344.156,2321.246,2322.057,785803161.62
13.05.2022 18:00:00.000,2322.757,2323.407,2297.996,2313.577,707316467.29
13.05.2022 19:00:00.000,2313.577,2335.266,2305.656,2320.767,790958312.99
16.05.2022 13:00:00.000,2299.997,2322.046,2278.996,2280.996,317531494.14
16.05.2022 14:00:00.000,2280.996,2305.426,2276.726,2285.077,611662658.69
16.05.2022 15:00:00.000,2285.076,2298.397,2277.826,2297.576,519983032.23
16.05.2022 16:00:00.000,2298.796,2300.956,2278.466,2280.517,483381652.83
16.05.2022 17:00:00.000,2280.506,2301.576,2276.906,2296.486,496225311.28
16.05.2022 18:00:00.000,2296.486,2309.876,2293.096,2303.997,420868011.47
16.05.2022 19:00:00.000,2304.007,2307.137,2279.996,2290.016,572669372.56
17.05.2022 13:00:00.000,2334.207,2336.307,2312.666,2313.306,345376556.4
17.05.2022 14:00:00.000,2314.976,2326.847,2297.366,2302.177,511345550.54
17.05.2022 15:00:00.000,2302.197,2317.927,2300.136,2312.027,381858032.23
17.05.2022 16:00:00.000,2312.017,2323.646,2309.996,2317.937,331936157.23
17.05.2022 17:00:00.000,2317.936,2324.617,2310.796,2316.897,346696380.62
17.05.2022 18:00:00.000,2316.896,2322.667,2298.116,2315.956,471021820.07
17.05.2022 19:00:00.000,2315.957,2330.066,2315.956,2329.007,483619079.59
18.05.2022 13:00:00.000,2295.727,2306.586,2276.997,2277.066,340211120.61
18.05.2022 14:00:00.000,2277.067,2294.447,2277.056,2287.327,689423034.67
18.05.2022 15:00:00.000,2287.327,2287.346,2254.997,2261.556,392296875
18.05.2022 16:00:00.000,2260.036,2271.776,2250.226,2271.067,462981750.49
18.05.2022 17:00:00.000,2271.067,2271.107,2246.376,2249.807,398776824.95
18.05.2022 18:00:00.000,2248.956,2258.546,2246.996,2247.867,488785125.73
18.05.2022 19:00:00.000,2247.866,2257.977,2229.996,2235.227,696267578.13
19.05.2022 13:00:00.000,2230.006,2258.687,2223.006,2251.417,272769500.73
19.05.2022 14:00:00.000,2250.356,2259.052,2227.996,2237.617,697941284.18
19.05.2022 15:00:00.000,2237.616,2248.627,2227.996,2238.536,507016296.39
19.05.2022 16:00:00.000,2238.537,2246.617,2215.116,2221.837,441976379.39
19.05.2022 17:00:00.000,2221.846,2222.787,2199.117,2215.097,530893371.58
19.05.2022 18:00:00.000,2215.117,2229.897,2204.587,2226.007,442691101.07
19.05.2022 19:00:00.000,2226.027,2234.636,2202.846,2205.587,492972686.77
20.05.2022 13:00:00.000,2235.436,2241.886,2220.547,2227.657,314888305.66
20.05.2022 14:00:00.000,2227.656,2230.117,2176.996,2176.997,624734375
20.05.2022 15:00:00.000,2176.997,2181.817,2155.006,2157.596,548179260.25
20.05.2022 16:00:00.000,2157.157,2158.716,2114.997,2125.466,567742004.39
20.05.2022 17:00:00.000,2125.006,2136.817,2116.736,2131.166,435375000
20.05.2022 18:00:00.000,2131.366,2134.236,2115.006,2126.067,442574523.93
20.05.2022 19:00:00.000,2126.066,2181.067,2122.996,2178.657,537139709.47
23.05.2022 13:00:00.000,2187.006,2214.307,2172.997,2192.106,345493438.72
23.05.2022 14:00:00.000,2192.177,2228.310,2179.996,2213.256,691347778.32
23.05.2022 15:00:00.000,2213.366,2234.456,2212.116,2230.097,575786254.88
23.05.2022 16:00:00.000,2230.896,2241.427,2222.016,2226.216,372743499.76
23.05.2022 17:00:00.000,2226.216,2230.126,2213.156,2225.447,330860260.01
23.05.2022 18:00:00.000,2225.806,2235.047,2222.926,2225.547,676949707.03
23.05.2022 19:00:00.000,2225.546,2232.267,2216.516,2227.366,621988159.18
24.05.2022 13:00:00.000,2114.996,2116.357,2072.646,2075.226,539661437.99
24.05.2022 14:00:00.000,2075.627,2079.397,2037.076,2056.016,887554687.5
24.05.2022 15:00:00.000,2056.017,2096.987,2056.017,2090.006,688354553.22
24.05.2022 16:00:00.000,2090.006,2107.697,2075.566,2083.746,683552551.27
24.05.2022 17:00:00.000,2083.747,2115.496,2077.206,2109.147,677792236.33
24.05.2022 18:00:00.000,2109.147,2123.326,2091.006,2096.296,767433471.68
24.05.2022 19:00:00.000,2096.297,2128.662,2095.187,2117.917,797311462.4
25.05.2022 13:00:00.000,2097.976,2114.997,2074.996,2094.017,467418579.1
25.05.2022 14:00:00.000,2094.016,2125.736,2081.996,2120.207,807503906.25
25.05.2022 15:00:00.000,2120.216,2125.817,2102.526,2104.556,516382385.25
25.05.2022 16:00:00.000,2104.457,2106.837,2087.996,2097.597,410659240.72
25.05.2022 17:00:00.000,2097.596,2100.617,2086.996,2098.616,460223815.92
25.05.2022 18:00:00.000,2098.606,2124.276,2086.996,2120.827,637945068.36
25.05.2022 19:00:00.000,2120.827,2129.786,2106.436,2115.136,707428771.97
26.05.2022 13:00:00.000,2117.537,2146.827,2104.996,2141.737,365535217.29
26.05.2022 14:00:00.000,2141.747,2151.816,2131.756,2150.446,634109741.21
26.05.2022 15:00:00.000,2150.756,2159.586,2147.746,2156.126,444619750.98
26.05.2022 16:00:00.000,2156.126,2170.556,2153.747,2170.337,439819244.38
26.05.2022 17:00:00.000,2170.337,2171.957,2154.386,2166.187,485538391.11
26.05.2022 18:00:00.000,2165.987,2168.757,2155.226,2157.386,424697204.59
26.05.2022 19:00:00.000,2157.387,2164.726,2147.786,2155.347,551544250.49
27.05.2022 13:00:00.000,2187.667,2212.736,2182.786,2207.236,404178253.17
27.05.2022 14:00:00.000,2207.847,2231.437,2205.266,2224.257,707192138.67
27.05.2022 15:00:00.000,2224.026,2237.656,2216.057,2235.516,487826293.95
27.05.2022 16:00:00.000,2235.516,2241.446,2230.266,2238.326,447261291.5
27.05.2022 17:00:00.000,2238.327,2241.606,2230.106,2231.907,391822143.55
27.05.2022 18:00:00.000,2232.546,2239.846,2224.996,2238.867,380303497.31
27.05.2022 19:00:00.000,2238.866,2244.307,2228.616,2242.486,605555786.13
31.05.2022 13:00:00.000,2250.997,2274.407,2241.516,2248.437,414495635.99
31.05.2022 14:00:00.000,2248.476,2268.146,2240.896,2265.966,736591491.7
31.05.2022 15:00:00.000,2265.957,2284.697,2258.996,2281.917,732747436.52
31.05.2022 16:00:00.000,2281.926,2306.866,2281.806,2304.076,570755065.92
31.05.2022 17:00:00.000,2304.087,2307.636,2284.406,2304.967,548424011.23
31.05.2022 18:00:00.000,2304.966,2313.757,2281.726,2286.246,631225524.9
31.05.2022 19:00:00.000,2286.247,2304.817,2271.437,2273.166,749429321.29
01.06.2022 13:00:00.000,2294.716,2340.756,2293.856,2334.496,401416442.39
01.06.2022 14:00:00.000,2329.856,2333.097,2283.576,2297.036,858264664.65
01.06.2022 15:00:00.000,2297.037,2297.037,2280.196,2282.707,942986792.56
01.06.2022 16:00:00.000,2283.077,2283.177,2264.417,2271.467,939870909.69
01.06.2022 17:00:00.000,2272.316,2283.476,2268.857,2280.666,729870136.26
01.06.2022 18:00:00.000,2280.657,2299.566,2278.536,2289.857,608783128.74
01.06.2022 19:00:00.000,2289.866,2296.486,2274.997,2276.527,594621293.07
02.06.2022 13:00:00.000,2274.536,2282.016,2258.157,2278.277,344652169.23
02.06.2022 14:00:00.000,2278.326,2304.306,2276.137,2300.386,777380423.55
02.06.2022 15:00:00.000,2300.837,2318.186,2298.406,2311.986,597135946.75
02.06.2022 16:00:00.000,2312.257,2355.537,2310.756,2338.957,608538651.7
02.06.2022 17:00:00.000,2339.576,2352.947,2336.307,2350.437,534614813.09
02.06.2022 18:00:00.000,2350.656,2354.897,2343.996,2344.257,542658814.43
02.06.2022 19:00:00.000,2344.257,2356.147,2339.116,2350.017,629299979.21
03.06.2022 13:00:00.000,2315.007,2324.846,2292.006,2304.517,462494782.45
03.06.2022 14:00:00.000,2304.516,2314.747,2269.996,2272.207,811938889.98
03.06.2022 15:00:00.000,2272.217,2285.506,2270.356,2277.097,630859420.78
03.06.2022 16:00:00.000,2277.087,2293.337,2275.356,2292.976,529574142.22
03.06.2022 17:00:00.000,2292.976,2297.417,2277.947,2282.346,515651011.71
03.06.2022 18:00:00.000,2282.337,2291.737,2280.167,2288.556,440409986.26
03.06.2022 19:00:00.000,2288.556,2293.996,2278.796,2289.247,461410725.12
06.06.2022 13:00:00.000,2331.407,2370.397,2329.166,2370.397,268.94
06.06.2022 15:00:00.000,2375.057,2377.517,2339.996,2359.916,509.79
06.06.2022 17:00:00.000,2342.227,2358.216,2328.996,2356.896,425.07
06.06.2022 18:00:00.000,2357.796,2358.906,2330.997,2333.007,434.8
07.06.2022 13:00:00.000,2306.577,2325.726,2299.996,2319.346,367825635.43
07.06.2022 14:00:00.000,2319.187,2353.456,2311.326,2347.357,533442322.97
07.06.2022 15:00:00.000,2347.356,2347.736,2325.006,2329.486,405744781.38
07.06.2022 16:00:00.000,2329.867,2335.477,2317.796,2332.207,450517461.9
07.06.2022 17:00:00.000,2332.246,2340.137,2329.016,2337.307,302429571.27
07.06.2022 18:00:00.000,2337.306,2349.777,2334.156,2339.817,271466199.87
07.06.2022 19:00:00.000,2339.027,2348.516,2337.307,2342.166,325106401.68
08.06.2022 13:00:00.000,2332.877,2353.276,2331.616,2346.907,279.5
08.06.2022 15:00:00.000,2343.776,2370.577,2339.996,2356.057,296.31
08.06.2022 17:00:00.000,2344.016,2347.997,2332.996,2347.057,278.66
08.06.2022 19:00:00.000,2350.447,2358.367,2340.456,2342.726,384.63
09.06.2022 13:00:00.000,2328.107,2355.607,2324.546,2353.676,215772213.94
09.06.2022 14:00:00.000,2355.406,2355.436,2334.786,2344.187,370939785.72
09.06.2022 15:00:00.000,2344.186,2364.287,2338.146,2353.567,315504695.53
09.06.2022 16:00:00.000,2353.566,2361.316,2345.747,2359.947,237140151.74
09.06.2022 17:00:00.000,2360.166,2362.247,2337.396,2345.956,256574359.27
09.06.2022 18:00:00.000,2345.996,2346.017,2325.716,2326.116,237016866.09
09.06.2022 19:00:00.000,2326.117,2326.117,2293.866,2293.866,401306825.94
10.06.2022 13:00:00.000,2245.226,2263.527,2222.456,2226.737,351197592.74
10.06.2022 14:00:00.000,2224.766,2224.767,2206.996,2210.297,488304244.04
10.06.2022 15:00:00.000,2211.667,2219.516,2208.096,2218.417,337343150.5
10.06.2022 16:00:00.000,2218.416,2224.505,2212.337,2222.127,242419420.36
10.06.2022 17:00:00.000,2221.296,2242.436,2218.996,2231.097,231263482.57
10.06.2022 18:00:00.000,2231.106,2246.186,2229.347,2242.676,266907991.29
10.06.2022 19:00:00.000,2244.076,2251.787,2220.996,2222.197,390268158.2
13.06.2022 13:00:00.000,2134.997,2173.906,2134.997,2161.846,239.3
13.06.2022 15:00:00.000,2137.207,2151.497,2127.596,2147.057,325.35
13.06.2022 17:00:00.000,2149.057,2160.567,2142.236,2158.307,313.34
13.06.2022 19:00:00.000,2138.107,2141.926,2121.366,2127.606,530.07
14.06.2022 13:00:00.000,2128.036,2147.097,2122.716,2145.557,245172974.11
14.06.2022 14:00:00.000,2145.566,2147.806,2123.296,2129.607,459499072.55
14.06.2022 15:00:00.000,2129.607,2141.095,2114.996,2139.997,428056818.49
14.06.2022 16:00:00.000,2139.997,2143.237,2128.006,2141.636,325337501.41
14.06.2022 17:00:00.000,2141.646,2158.036,2131.746,2135.106,327502784.49
14.06.2022 18:00:00.000,2135.107,2143.076,2130.476,2131.427,350176144.6
14.06.2022 19:00:00.000,2131.427,2146.347,2120.046,2131.657,440543828.84
15.06.2022 13:00:00.000,2164.506,2179.847,2153.476,2164.837,219.49
15.06.2022 15:00:00.000,2168.597,2179.327,2164.596,2177.527,386.66
15.06.2022 18:00:00.000,2178.387,2212.436,2150.256,2183.476,364.46
16.06.2022 13:00:00.000,2144.737,2170.537,2138.126,2162.387,358218152.52
16.06.2022 14:00:00.000,2162.386,2162.767,2132.646,2133.416,428422207.59
16.06.2022 15:00:00.000,2133.417,2145.467,2122.996,2132.456,428539940.6
16.06.2022 16:00:00.000,2132.726,2133.387,2113.296,2120.366,485419350.86
16.06.2022 17:00:00.000,2120.747,2125.426,2102.016,2104.386,590782860.52
16.06.2022 18:00:00.000,2104.386,2117.617,2102.206,2112.216,440428935.17
16.06.2022 19:00:00.000,2112.227,2126.716,2105.796,2120.607,571718775.27
17.06.2022 14:00:00.000,2140.437,2141.167,2099.996,2110.906,448.94
17.06.2022 16:00:00.000,2125.917,2135.777,2117.566,2134.667,487.65
17.06.2022 18:00:00.000,2157.227,2173.146,2150.327,2153.616,402.27
21.06.2022 13:00:00.000,2179.996,2227.926,2169.996,2216.177,337.35
21.06.2022 15:00:00.000,2241.046,2249.127,2234.996,2238.256,384.24
21.06.2022 17:00:00.000,2239.797,2242.287,2231.886,2237.367,228.03
21.06.2022 19:00:00.000,2241.977,2245.047,2224.996,2230.946,343.11
22.06.2022 13:00:00.000,2209.807,2245.296,2206.197,2237.706,228241199.97
22.06.2022 14:00:00.000,2237.706,2265.116,2232.246,2249.837,436500001.07
22.06.2022 15:00:00.000,2252.720,2256.367,2234.996,2236.047,321390001.6
22.06.2022 16:00:00.000,2236.047,2254.507,2234.996,2254.296,326820000.11
22.06.2022 17:00:00.000,2254.296,2260.406,2244.996,2253.177,251850000.62
22.06.2022 18:00:00.000,2253.996,2265.276,2253.176,2256.406,208979999.99
22.06.2022 19:00:00.000,2257.556,2259.877,2224.987,2226.866,380730000.85
23.06.2022 14:00:00.000,2238.196,2252.017,2226.786,2250.006,531
23.06.2022 16:00:00.000,2235.556,2237.357,2218.586,2221.037,384.24
23.06.2022 18:00:00.000,2217.936,2229.856,2213.177,2226.106,428.94
24.06.2022 13:00:00.000,2259.106,2308.647,2256.097,2305.987,296011199
24.06.2022 14:00:00.000,2305.987,2345.096,2305.986,2329.267,434339997.53
24.06.2022 15:00:00.000,2329.277,2336.336,2324.196,2329.906,284940001.61
24.06.2022 16:00:00.000,2329.906,2334.726,2325.746,2329.386,230219998.84
24.06.2022 17:00:00.000,2329.807,2332.196,2324.146,2327.996,195420000.67
24.06.2022 18:00:00.000,2328.287,2335.386,2327.996,2335.386,226589999.5
24.06.2022 19:00:00.000,2335.386,2361.006,2330.266,2358.997,415769998.79
27.06.2022 13:00:00.000,2365.307,2369.856,2327.146,2342.577,321.78
27.06.2022 15:00:00.000,2347.636,2349.057,2330.026,2334.177,298.11
27.06.2022 17:00:00.000,2323.496,2324.847,2306.616,2313.587,258.54
27.06.2022 19:00:00.000,2308.996,2321.997,2302.296,2316.717,371.07
28.06.2022 13:00:00.000,2314.706,2344.507,2305.176,2313.897,265800000.67
28.06.2022 14:00:00.000,2313.896,2316.616,2275.576,2283.857,352139997.12
28.06.2022 15:00:00.000,2286.337,2286.427,2256.796,2258.157,237480000.08
28.06.2022 16:00:00.000,2258.156,2259.627,2244.996,2256.007,234959999.8
28.06.2022 17:00:00.000,2256.007,2256.007,2239.996,2242.266,220829998.91
28.06.2022 18:00:00.000,2242.266,2256.296,2241.996,2251.506,265889999.87
28.06.2022 19:00:00.000,2251.417,2254.347,2236.087,2239.577,359790000.56
29.06.2022 14:00:00.000,2250.537,2261.997,2234.027,2239.087,466.5
29.06.2022 16:00:00.000,2238.427,2239.086,2216.406,2224.266,361.89
29.06.2022 18:00:00.000,2224.177,2231.166,2216.996,2218.987,308.73
30.06.2022 13:00:00.000,2199.287,2214.497,2152.087,2152.087,269160002.95
30.06.2022 14:00:00.000,2152.087,2175.147,2134.056,2171.967,537359996.32
30.06.2022 15:00:00.000,2171.966,2199.947,2162.996,2199.567,477270000.22
30.06.2022 16:00:00.000,2199.566,2216.707,2182.297,2205.427,412680000.31
30.06.2022 17:00:00.000,2205.426,2209.436,2190.956,2200.746,326700000.52
30.06.2022 18:00:00.000,2200.746,2202.316,2180.946,2183.366,351600000.14
30.06.2022 19:00:00.000,2183.366,2189.347,2166.306,2178.136,577349999.9
01.07.2022 13:00:00.000,2156.886,2181.357,2140.486,2169.996,284910003.66
01.07.2022 14:00:00.000,2169.997,2184.237,2132.546,2139.486,540989990.23
01.07.2022 15:00:00.000,2139.487,2155.736,2134.996,2147.867,383399993.9
01.07.2022 16:00:00.000,2147.867,2152.596,2135.996,2137.017,262470001.22
01.07.2022 17:00:00.000,2137.016,2151.446,2135.996,2149.527,296130004.88
01.07.2022 18:00:00.000,2149.526,2161.567,2146.387,2158.107,348959991.46
01.07.2022 19:00:00.000,2158.106,2175.957,2152.106,2171.987,468570007.32
05.07.2022 13:00:00.000,2142.826,2143.097,2112.116,2136.446,451500000
05.07.2022 14:00:00.000,2136.437,2192.597,2125.326,2171.627,932609985.35
05.07.2022 15:00:00.000,2171.627,2199.197,2157.856,2194.666,789510009.77
05.07.2022 16:00:00.000,2195.397,2218.066,2188.296,2207.497,646919982.91
05.07.2022 17:00:00.000,2207.496,2240.997,2205.336,2236.256,593669982.91
05.07.2022 18:00:00.000,2237.047,2262.167,2234.596,2256.546,875760009.77
05.07.2022 19:00:00.000,2256.546,2266.356,2248.336,2265.056,919109985.35
06.07.2022 13:00:00.000,2266.026,2275.187,2227.536,2264.067,528929992.68
06.07.2022 14:00:00.000,2264.066,2276.717,2248.466,2272.697,830489990.23
06.07.2022 15:00:00.000,2272.697,2274.797,2254.996,2259.596,629190002.44
06.07.2022 16:00:00.000,2259.596,2273.677,2255.996,2269.607,510750000
06.07.2022 17:00:00.000,2270.246,2278.087,2269.766,2276.076,454709991.46
06.07.2022 18:00:00.000,2276.077,2296.167,2263.036,2295.706,879929992.68
06.07.2022 19:00:00.000,2295.716,2311.217,2280.426,2290.897,816122375.49
07.07.2022 13:00:00.000,2303.007,2328.176,2297.076,2320.406,507779998.78
07.07.2022 14:00:00.000,2320.407,2342.257,2313.457,2335.996,1054469970.7
07.07.2022 15:00:00.000,2337.056,2349.786,2332.496,2349.646,735000000
07.07.2022 16:00:00.000,2349.646,2357.017,2340.946,2355.987,692250000
07.07.2022 17:00:00.000,2355.627,2370.556,2349.996,2370.377,494489990.23
07.07.2022 18:00:00.000,2370.376,2379.687,2369.296,2374.017,518191223.14
07.07.2022 19:00:00.000,2375.247,2383.597,2371.436,2374.747,619500000
08.07.2022 13:00:00.000,2338.926,2366.877,2336.487,2350.857,532229980.47
08.07.2022 14:00:00.000,2351.477,2374.386,2347.346,2365.776,662880004.88
08.07.2022 15:00:00.000,2365.777,2393.006,2365.106,2388.367,543690002.44
08.07.2022 16:00:00.000,2388.366,2389.836,2354.116,2362.437,530429992.68
08.07.2022 17:00:00.000,2363.807,2385.567,2362.266,2381.396,449820007.32
08.07.2022 18:00:00.000,2381.396,2389.327,2378.646,2384.996,423209991.46
08.07.2022 19:00:00.000,2385.007,2389.326,2366.187,2387.316,676950012.21
11.07.2022 13:00:00.000,2357.656,2358.257,2308.206,2322.176,527520019.53
11.07.2022 14:00:00.000,2321.587,2342.767,2312.097,2331.146,847590026.86
11.07.2022 15:00:00.000,2331.146,2341.147,2329.996,2333.257,635460021.97
11.07.2022 16:00:00.000,2333.256,2334.597,2322.026,2325.697,549359985.35
11.07.2022 17:00:00.000,2325.697,2330.906,2322.607,2323.906,478950012.21
11.07.2022 18:00:00.000,2323.906,2325.326,2316.056,2317.997,583380004.88
11.07.2022 19:00:00.000,2317.996,2319.206,2305.996,2312.896,796739990.23
12.07.2022 13:00:00.000,2321.877,2338.307,2301.746,2301.746,465869995.12
12.07.2022 14:00:00.000,2301.746,2314.047,2292.036,2309.956,690179992.68
12.07.2022 15:00:00.000,2310.867,2321.127,2299.996,2307.777,528450012.21
12.07.2022 16:00:00.000,2307.766,2318.286,2301.686,2316.207,473130004.88
12.07.2022 17:00:00.000,2316.206,2319.566,2307.307,2314.847,452910003.66
12.07.2022 18:00:00.000,2314.846,2314.847,2296.226,2297.286,445589996.34
12.07.2022 19:00:00.000,2296.227,2296.896,2272.506,2280.336,715770019.53
13.07.2022 13:00:00.000,2231.297,2250.447,2222.936,2244.957,511529998.78
13.07.2022 14:00:00.000,2244.277,2281.807,2238.006,2267.977,1102469970.7
13.07.2022 15:00:00.000,2267.976,2273.937,2245.567,2253.296,837000000
13.07.2022 16:00:00.000,2253.297,2253.757,2238.426,2251.846,744960021.97
13.07.2022 17:00:00.000,2251.847,2260.877,2238.486,2244.266,679739990.23
13.07.2022 18:00:00.000,2244.266,2245.336,2222.216,2244.586,740190002.44
13.07.2022 19:00:00.000,2244.587,2245.657,2225.386,2226.056,921750000
14.07.2022 13:00:00.000,2202.247,2213.006,2177.996,2181.707,571169982.91
14.07.2022 14:00:00.000,2181.707,2201.336,2166.386,2195.367,947609985.35
14.07.2022 15:00:00.000,2195.367,2213.247,2192.216,2206.156,816450012.21
14.07.2022 16:00:00.000,2207.016,2209.387,2186.337,2194.036,549690002.44
14.07.2022 17:00:00.000,2194.037,2209.767,2184.996,2202.317,580770019.53
14.07.2022 18:00:00.000,2202.297,2221.636,2196.997,2210.916,777539978.03
14.07.2022 19:00:00.000,2210.917,2220.636,2202.787,2207.386,915390014.65
15.07.2022 13:00:00.000,2238.996,2261.396,2217.996,2225.177,516707397.46
15.07.2022 14:00:00.000,2225.187,2249.507,2223.207,2241.657,9022800.45
15.07.2022 15:00:00.000,2241.206,2251.247,2234.996,2237.036,6860400.2
15.07.2022 16:00:00.000,2237.037,2239.217,2224.996,2227.516,5983200.07
15.07.2022 17:00:00.000,2227.517,2237.796,2226.046,2234.936,5518799.78
15.07.2022 18:00:00.000,2234.947,2235.127,2221.996,2227.026,4111199.86
15.07.2022 19:00:00.000,2227.027,2235.247,2219.996,2235.237,5300399.78
18.07.2022 13:00:00.000,112.496,113.626,111.066,113.146,643673706.05
18.07.2022 14:00:00.000,113.147,113.547,110.996,111.566,991434326.17
18.07.2022 15:00:00.000,111.567,112.107,111.156,111.796,764804382.32
18.07.2022 16:00:00.000,111.786,112.187,111.396,111.447,600752563.48
18.07.2022 17:00:00.000,111.447,111.537,108.646,109.117,791451171.88
18.07.2022 18:00:00.000,109.116,109.787,108.696,108.736,794433044.43
18.07.2022 19:00:00.000,108.756,109.366,108.396,108.976,1437249389.65
19.07.2022 13:00:00.000,110.776,111.376,109.656,111.277,902869323.73
19.07.2022 14:00:00.000,111.287,112.307,110.816,112.156,1985738037.11
19.07.2022 15:00:00.000,112.156,112.627,111.876,112.486,859069763.18
19.07.2022 16:00:00.000,112.497,112.967,112.136,112.856,632988403.32
19.07.2022 17:00:00.000,112.797,112.797,112.016,112.606,571369140.63
19.07.2022 18:00:00.000,112.617,112.986,112.536,112.966,717881713.87
19.07.2022 19:00:00.000,112.977,113.977,112.846,113.706,903587524.41
20.07.2022 13:00:00.000,113.067,114.107,112.466,113.057,426188598.63
20.07.2022 14:00:00.000,113.036,114.416,112.516,114.407,514881225.59
20.07.2022 15:00:00.000,114.407,115.387,113.956,115.077,690160583.5
20.07.2022 16:00:00.000,115.056,115.346,113.696,114.617,762228637.7
20.07.2022 17:00:00.000,114.616,114.737,113.196,113.306,542142517.09
20.07.2022 18:00:00.000,113.297,114.207,113.297,113.847,865953613.28
20.07.2022 19:00:00.000,113.846,114.297,113.667,113.826,832199523.93
21.07.2022 13:00:00.000,114.246,114.347,112.166,113.006,639265380.86
21.07.2022 14:00:00.000,112.996,113.556,111.106,112.236,825817932.13
21.07.2022 15:00:00.000,112.237,113.157,112.076,112.967,473510467.53
21.07.2022 16:00:00.000,112.937,114.146,112.936,114.116,374679870.61
21.07.2022 17:00:00.000,114.126,114.236,113.296,113.526,679185302.73
21.07.2022 18:00:00.000,113.547,114.407,113.426,114.197,305974548.34
21.07.2022 19:00:00.000,114.196,114.527,113.826,114.266,690941345.21
22.07.2022 13:00:00.000,110.746,112.296,110.746,111.457,487067840.58
22.07.2022 14:00:00.000,111.467,111.476,110.376,110.526,560667907.71
22.07.2022 15:00:00.000,110.527,110.607,108.076,108.247,544888122.56
22.07.2022 16:00:00.000,108.227,108.307,107.396,107.396,436382568.36
22.07.2022 17:00:00.000,107.396,107.427,106.867,107.307,304675109.86
22.07.2022 18:00:00.000,107.317,107.817,106.946,107.756,322486663.82
22.07.2022 19:00:00.000,107.747,108.337,107.236,107.866,486142456.05
25.07.2022 13:00:00.000,108.297,109.817,108.277,109.057,511718353.27
25.07.2022 14:00:00.000,109.067,109.337,107.646,107.897,696936401.37
25.07.2022 15:00:00.000,107.877,108.017,106.866,107.006,565565246.58
25.07.2022 16:00:00.000,107.007,107.937,106.816,107.786,365544097.9
25.07.2022 17:00:00.000,107.826,107.876,106.746,106.786,427590393.07
25.07.2022 18:00:00.000,106.787,107.097,106.546,106.597,303579864.5
25.07.2022 19:00:00.000,106.596,107.577,106.296,107.497,542241638.18
26.07.2022 13:00:00.000,106.336,106.587,105.096,106.496,478676239.01
26.07.2022 14:00:00.000,106.497,107.177,105.866,105.916,516114685.06
26.07.2022 15:00:00.000,105.917,106.077,105.196,105.196,432112945.56
26.07.2022 16:00:00.000,105.206,105.297,104.786,105.087,363787567.14
26.07.2022 17:00:00.000,105.087,105.177,104.626,104.626,277448242.19
26.07.2022 18:00:00.000,104.636,105.077,104.056,104.977,379754180.91
26.07.2022 19:00:00.000,104.997,105.207,104.537,104.806,430668029.79
27.07.2022 13:00:00.000,109.216,111.087,107.997,110.207,643469055.18
27.07.2022 14:00:00.000,110.207,111.207,109.726,110.777,623349914.55
27.07.2022 15:00:00.000,110.777,112.647,110.776,112.367,578655334.47
27.07.2022 16:00:00.000,112.367,113.147,111.756,111.937,470153381.35
27.07.2022 17:00:00.000,111.916,112.197,111.546,111.717,297354980.47
27.07.2022 18:00:00.000,111.717,113.877,111.536,113.047,750071472.17
27.07.2022 19:00:00.000,113.066,113.807,112.797,112.946,756846435.55
28.07.2022 13:00:00.000,112.307,113.496,111.656,112.176,517739013.67
28.07.2022 14:00:00.000,112.206,112.627,111.457,112.576,595837036.13
28.07.2022 15:00:00.000,112.577,113.836,112.546,113.246,461608459.47
28.07.2022 16:00:00.000,113.276,113.487,112.796,112.826,303717529.3
28.07.2022 17:00:00.000,112.826,113.857,112.596,113.677,247772659.3
28.07.2022 18:00:00.000,113.697,114.017,113.266,114.007,242632370
28.07.2022 19:00:00.000,114.007,114.326,113.826,114.237,465796844.48
29.07.2022 13:00:00.000,113.057,115.087,113.057,114.517,599963623.05
29.07.2022 14:00:00.000,114.527,115.237,114.276,114.276,656079650.88
29.07.2022 15:00:00.000,114.276,114.727,113.666,114.577,578460632.32
29.07.2022 16:00:00.000,114.617,115.077,114.316,115.007,419201477.05
29.07.2022 17:00:00.000,115.027,115.796,114.936,115.496,338412933.35
29.07.2022 18:00:00.000,115.537,116.177,115.346,116.157,357501220.7
29.07.2022 19:00:00.000,116.136,116.697,115.996,116.286,542019775.39
01.08.2022 13:00:00.000,115.296,116.597,114.386,116.166,895647401.81
01.08.2022 14:00:00.000,116.157,116.627,115.226,116.497,1239244537.35
01.08.2022 15:00:00.000,116.507,116.706,115.816,116.117,848123509.88
01.08.2022 16:00:00.000,116.116,116.197,114.936,115.186,721491021.63
01.08.2022 17:00:00.000,115.186,115.267,114.316,114.716,787207481.38
01.08.2022 18:00:00.000,114.716,115.447,114.476,115.326,744228700.16
01.08.2022 19:00:00.000,115.357,115.437,114.656,114.837,973713173.87
02.08.2022 15:00:00.000,115.067,115.317,114.396,115.187,558.3
02.08.2022 16:00:00.000,115.197,116.337,115.086,116.217,413.83
02.08.2022 19:00:00.000,115.196,115.586,114.986,115.106,629.55
03.08.2022 13:00:00.000,115.697,117.617,115.476,117.427,888556077.96
03.08.2022 14:00:00.000,117.326,118.567,116.797,117.617,1503108723.64
03.08.2022 15:00:00.000,117.627,118.527,117.436,118.356,868718449.59
03.08.2022 16:00:00.000,118.397,118.607,117.606,118.227,728830020.9
03.08.2022 17:00:00.000,118.247,118.577,118.086,118.176,628433965.68
03.08.2022 18:00:00.000,118.196,118.287,117.936,118.097,608396807.67
03.08.2022 19:00:00.000,118.107,118.517,117.856,118.016,703543481.83
04.08.2022 13:00:00.000,117.426,118.457,117.336,118.247,1120.97
04.08.2022 15:00:00.000,117.657,117.967,117.096,117.806,1013.8
04.08.2022 17:00:00.000,117.417,118.057,117.346,117.876,602.53
04.08.2022 19:00:00.000,117.917,118.397,117.826,118.167,843.1
05.08.2022 13:00:00.000,116.057,117.437,115.976,116.936,1107019121.17
05.08.2022 14:00:00.000,116.947,118.097,116.656,117.397,1315170363.43
05.08.2022 15:00:00.000,117.396,117.397,116.116,116.706,946710865.02
05.08.2022 16:00:00.000,116.736,117.397,116.676,117.327,753918774.13
05.08.2022 17:00:00.000,117.337,118.027,117.306,117.466,718499581.58
05.08.2022 18:00:00.000,117.457,117.467,116.746,116.937,735428334.71
05.08.2022 19:00:00.000,116.916,117.557,116.776,117.426,812222502.23
08.08.2022 13:00:00.000,118.206,119.977,117.696,119.847,610.47
08.08.2022 15:00:00.000,118.646,119.117,117.756,118.237,784.78
08.08.2022 17:00:00.000,117.427,117.787,117.196,117.567,562.94
08.08.2022 19:00:00.000,117.296,117.507,117.096,117.266,792.16
09.08.2022 13:00:00.000,117.106,117.147,115.696,116.176,850863746.64
09.08.2022 14:00:00.000,116.176,116.967,115.806,116.396,1168007953.64
09.08.2022 15:00:00.000,116.397,117.167,116.056,116.766,905498124.12
09.08.2022 16:00:00.000,116.767,116.847,116.086,116.257,657864659.79
09.08.2022 17:00:00.000,116.247,116.836,116.106,116.717,636253703.59
09.08.2022 18:00:00.000,116.747,117.056,116.376,116.897,641111890.32
09.08.2022 19:00:00.000,116.896,117.307,116.477,116.597,740663237.1
10.08.2022 13:00:00.000,118.697,119.597,118.386,119.327,667.52
10.08.2022 15:00:00.000,119.947,120.886,119.896,120.877,632.2
10.08.2022 17:00:00.000,119.666,120.046,119.386,119.937,424.93
10.08.2022 19:00:00.000,119.377,119.787,119.326,119.617,650.32
11.08.2022 13:00:00.000,121.067,121.467,120.726,120.937,338989709.38
11.08.2022 14:00:00.000,120.936,121.477,119.577,120.237,453744117.74
11.08.2022 15:00:00.000,120.237,120.397,118.696,119.026,422839402.91
11.08.2022 16:00:00.000,119.027,119.767,118.986,119.627,635213072.3
11.08.2022 17:00:00.000,119.637,119.937,119.306,119.367,528081254.48
11.08.2022 18:00:00.000,119.377,119.377,118.546,118.797,657599674.7
11.08.2022 19:00:00.000,118.797,119.106,118.577,118.827,744331049.44
12.08.2022 13:00:00.000,120.257,120.537,119.506,120.157,563.68
12.08.2022 15:00:00.000,119.827,120.217,119.676,119.887,631.26
12.08.2022 17:00:00.000,120.216,120.607,120.086,120.546,360.25
12.08.2022 19:00:00.000,120.977,121.647,120.907,121.617,497.38
15.08.2022 13:00:00.000,120.936,122.186,120.756,121.626,644670889.85
15.08.2022 14:00:00.000,121.657,121.657,120.596,120.766,1017291675.57
15.08.2022 15:00:00.000,120.777,122.166,120.666,122.036,756188597.2
15.08.2022 16:00:00.000,122.037,122.287,121.896,122.206,637467413.66
15.08.2022 17:00:00.000,122.217,122.217,121.857,122.097,640974939.35
15.08.2022 18:00:00.000,122.096,122.157,121.757,121.917,581235041.14
15.08.2022 19:00:00.000,121.927,122.257,121.836,122.047,656984897.14
16.08.2022 13:00:00.000,121.377,122.127,121.376,121.726,765.27
16.08.2022 15:00:00.000,120.707,122.067,120.626,121.937,780.17
16.08.2022 17:00:00.000,121.776,122.167,121.606,122.107,433.67
16.08.2022 19:00:00.000,121.427,122.017,121.146,121.697,1015.65
17.08.2022 13:00:00.000,119.987,121.067,119.986,120.917,880278936.39
17.08.2022 14:00:00.000,120.927,121.257,119.427,119.656,1295658401.49
17.08.2022 15:00:00.000,119.667,120.087,119.366,119.647,1015816612.24
17.08.2022 16:00:00.000,119.656,120.226,119.646,119.826,762892131.81
17.08.2022 17:00:00.000,119.837,120.127,119.676,119.807,697258656.02
17.08.2022 18:00:00.000,119.807,120.997,119.726,120.336,1082731859.21
17.08.2022 19:00:00.000,120.346,120.646,119.376,119.506,922012478.83
18.08.2022 13:00:00.000,119.376,119.977,118.846,119.217,1069.37
18.08.2022 15:00:00.000,119.697,120.777,119.496,120.606,862.34
18.08.2022 17:00:00.000,120.016,120.427,119.886,120.297,654.55
18.08.2022 19:00:00.000,120.547,120.807,119.916,120.116,823.97
19.08.2022 13:00:00.000,119.007,119.097,117.676,117.996,429485565.19
19.08.2022 14:00:00.000,118.006,118.326,117.716,117.786,643357246.88
19.08.2022 15:00:00.000,117.787,117.956,117.356,117.557,526546618.46
19.08.2022 16:00:00.000,117.556,117.797,117.386,117.576,358178492.31
19.08.2022 17:00:00.000,117.576,117.697,116.796,117.387,282877847.55
19.08.2022 18:00:00.000,117.386,117.437,116.936,116.987,235556055.31
19.08.2022 19:00:00.000,117.007,117.497,116.756,117.186,362090134.86
22.08.2022 13:00:00.000,114.976,115.606,114.576,115.047,836.92
22.08.2022 15:00:00.000,114.186,114.806,114.166,114.716,766.85
22.08.2022 17:00:00.000,114.917,114.946,114.176,114.246,466.29
22.08.2022 19:00:00.000,114.056,114.347,113.846,114.246,380.52
23.08.2022 13:00:00.000,113.407,114.997,113.367,114.346,600017827.03
23.08.2022 14:00:00.000,114.356,114.987,113.706,113.746,916446096.9
23.08.2022 15:00:00.000,113.716,114.276,113.446,114.147,571117297.65
23.08.2022 16:00:00.000,114.156,114.207,113.686,114.136,460333064.56
23.08.2022 17:00:00.000,114.137,114.516,113.876,114.017,467755980.49
23.08.2022 18:00:00.000,113.997,114.466,113.897,114.107,389696958.54
23.08.2022 19:00:00.000,114.107,114.307,113.637,113.806,475646482.47
24.08.2022 13:00:00.000,113.567,114.067,112.866,113.677,719.07
24.08.2022 15:00:00.000,114.207,114.697,114.016,114.587,573.51
24.08.2022 17:00:00.000,114.176,114.257,113.626,113.906,478.63
24.08.2022 19:00:00.000,113.926,114.347,113.366,113.657,512.79
25.08.2022 13:00:00.000,114.096,115.367,114.076,115.216,654639394.76
25.08.2022 14:00:00.000,115.227,115.996,115.206,115.586,890078550.82
25.08.2022 15:00:00.000,115.597,115.647,114.926,115.116,723951128.96
25.08.2022 16:00:00.000,115.107,115.217,114.797,115.077,656510155.68
25.08.2022 17:00:00.000,115.077,116.127,115.006,116.097,523285128.83
25.08.2022 18:00:00.000,116.096,116.177,115.566,115.746,497295368.67
25.08.2022 19:00:00.000,115.757,116.707,115.566,116.627,622468431
26.08.2022 13:00:00.000,114.537,115.097,113.816,114.817,644.32
26.08.2022 15:00:00.000,112.056,112.156,110.996,111.326,16.28
26.08.2022 17:00:00.000,111.517,111.867,111.076,111.367,8.69
26.08.2022 19:00:00.000,110.937,111.197,110.256,110.337,10.44
29.08.2022 13:00:00.000,109.777,110.937,109.307,109.907,10911600.08
29.08.2022 14:00:00.000,109.916,110.407,109.066,109.077,18109200.06
29.08.2022 15:00:00.000,109.087,109.587,108.796,109.567,17030400.07
29.08.2022 16:00:00.000,109.556,110.236,109.346,110.027,14159999.95
29.08.2022 17:00:00.000,110.026,110.347,109.676,110.027,11695200
29.08.2022 18:00:00.000,110.027,110.177,109.646,110.097,11334000
29.08.2022 19:00:00.000,110.087,110.497,109.266,109.357,13465199.96
30.08.2022 13:00:00.000,110.036,110.447,109.227,109.397,12.66
30.08.2022 15:00:00.000,108.687,109.017,108.326,108.716,18.94
30.08.2022 17:00:00.000,108.506,108.587,107.896,108.357,14.13
30.08.2022 19:00:00.000,108.437,109.157,108.386,108.877,14.84
31.08.2022 13:00:00.000,110.636,110.827,109.326,110.087,11898000
31.08.2022 14:00:00.000,110.077,110.267,109.217,109.367,20238000.05
31.08.2022 15:00:00.000,109.376,109.927,108.856,109.787,17500800
31.08.2022 16:00:00.000,109.796,109.897,109.236,109.397,14899200.07
31.08.2022 17:00:00.000,109.386,109.577,108.916,109.167,11529600.05
31.08.2022 18:00:00.000,109.156,109.476,108.746,108.917,12951600.04
31.08.2022 19:00:00.000,108.906,109.457,108.126,108.157,14314799.98
01.09.2022 13:00:00.000,108.217,110.427,108.216,109.186,10119600.3
01.09.2022 14:00:00.000,109.177,109.377,107.806,107.807,17455200.2
01.09.2022 15:00:00.000,107.806,108.217,107.357,107.587,15735600.47
01.09.2022 16:00:00.000,107.587,108.006,107.496,107.727,13372799.87
01.09.2022 17:00:00.000,107.736,108.596,107.676,108.037,12302399.64
01.09.2022 18:00:00.000,108.057,109.187,107.936,108.806,14671199.8
01.09.2022 19:00:00.000,108.806,109.877,108.727,109.726,16250400.54
02.09.2022 13:00:00.000,110.337,110.577,109.306,109.337,9635999.68
02.09.2022 14:00:00.000,109.346,110.677,109.027,110.246,16575599.67
02.09.2022 15:00:00.000,110.267,110.726,110.157,110.566,12967200.28
02.09.2022 16:00:00.000,110.576,110.636,108.666,109.086,15989999.77
02.09.2022 17:00:00.000,109.107,109.107,107.576,107.586,17161199.57
02.09.2022 18:00:00.000,107.576,108.217,107.496,107.767,17120399.48
02.09.2022 19:00:00.000,107.767,108.237,107.256,107.657,15256799.7
06.09.2022 13:00:00.000,107.196,108.017,106.586,106.806,9842399.6
06.09.2022 14:00:00.000,106.776,107.557,105.756,107.397,18920400.62
06.09.2022 15:00:00.000,107.407,107.717,106.897,107.457,16503599.17
06.09.2022 16:00:00.000,107.466,107.677,106.676,106.987,12670800.21
06.09.2022 17:00:00.000,106.986,107.007,105.996,106.366,12212400.44
06.09.2022 18:00:00.000,106.376,107.017,106.316,106.716,12850799.56
06.09.2022 19:00:00.000,106.726,107.127,106.466,106.806,16345199.59
07.09.2022 13:00:00.000,106.917,108.147,106.846,107.817,10483200.07
07.09.2022 14:00:00.000,107.817,107.956,106.967,107.717,18122400.28
07.09.2022 15:00:00.000,107.706,108.767,107.607,108.427,12064800.26
07.09.2022 16:00:00.000,108.436,108.757,107.957,108.607,11308799.74
07.09.2022 17:00:00.000,108.596,109.086,108.476,109.076,9148799.9
07.09.2022 18:00:00.000,109.067,109.877,109.046,109.726,9388799.67
07.09.2022 19:00:00.000,109.726,109.967,109.346,109.426,10225199.7
08.09.2022 13:00:00.000,108.137,109.127,107.646,108.957,12571200.37
08.09.2022 14:00:00.000,108.966,109.417,108.166,109.337,13501199.72
08.09.2022 15:00:00.000,109.337,109.587,108.626,108.726,8652000.43
08.09.2022 16:00:00.000,108.726,108.787,107.146,107.937,13598400.12
08.09.2022 17:00:00.000,107.946,108.407,107.556,107.957,10718400
08.09.2022 18:00:00.000,107.957,108.296,107.677,108.016,10819199.56
08.09.2022 19:00:00.000,108.067,108.367,107.776,108.356,10444800.38
09.09.2022 13:00:00.000,108.887,110.047,108.887,109.787,7725599.77
09.09.2022 14:00:00.000,109.817,110.546,109.716,110.417,11450400.35
09.09.2022 15:00:00.000,110.427,110.617,110.046,110.376,9029999.73
09.09.2022 16:00:00.000,110.367,110.696,110.046,110.677,9171600.34
09.09.2022 17:00:00.000,110.697,110.887,110.536,110.796,5060400.01
09.09.2022 18:00:00.000,110.796,110.977,110.186,110.416,6176400.18
09.09.2022 19:00:00.000,110.386,110.956,110.336,110.626,7010399.82
12.09.2022 13:00:00.000,110.987,111.556,110.666,111.226,8574000.36
12.09.2022 14:00:00.000,111.236,111.597,110.566,110.647,12543600.08
12.09.2022 15:00:00.000,110.646,110.897,110.066,110.187,12309599.88
12.09.2022 16:00:00.000,110.197,110.546,109.916,110.506,11404800.42
12.09.2022 17:00:00.000,110.506,110.837,110.177,110.746,8636400.22
12.09.2022 18:00:00.000,110.746,110.757,110.126,110.416,10409999.85
12.09.2022 19:00:00.000,110.427,110.867,110.296,110.867,9505200.39
13.09.2022 13:00:00.000,107.757,108.256,106.276,106.327,13805999.76
13.09.2022 14:00:00.000,106.337,106.416,105.266,105.497,21727199.55
13.09.2022 15:00:00.000,105.477,105.567,105.096,105.316,11812800.41
13.09.2022 16:00:00.000,105.306,106.067,105.176,105.966,10022399.9
13.09.2022 17:00:00.000,105.967,106.396,105.786,105.977,10322400.09
13.09.2022 18:00:00.000,105.987,106.046,105.256,105.296,8745599.75
13.09.2022 19:00:00.000,105.307,105.367,104.086,104.307,11649600.03
14.09.2022 13:00:00.000,104.467,105.166,103.727,104.576,14035200.12
14.09.2022 14:00:00.000,104.586,104.616,103.656,104.487,23893199.92
14.09.2022 15:00:00.000,104.486,104.847,104.156,104.546,17750400.54
14.09.2022 16:00:00.000,104.536,105.167,104.407,105.046,12902400.02
14.09.2022 17:00:00.000,105.057,105.257,104.296,104.436,12696000.1
14.09.2022 18:00:00.000,104.437,104.747,104.116,104.397,13923600.2
14.09.2022 19:00:00.000,104.406,105.117,103.977,104.946,15803999.9
15.09.2022 13:00:00.000,103.946,104.397,103.776,104.396,3478800.06
15.09.2022 14:00:00.000,104.676,104.727,102.917,102.947,14728799.82
15.09.2022 15:00:00.000,102.956,103.417,102.756,102.996,13833600.04
15.09.2022 16:00:00.000,102.996,103.517,102.786,103.496,10817999.84
15.09.2022 17:00:00.000,103.497,104.266,103.456,103.736,11520000.46
15.09.2022 18:00:00.000,103.727,103.737,102.876,103.027,13222800.25
15.09.2022 19:00:00.000,103.036,103.237,102.346,102.896,11625599.86
16.09.2022 13:00:00.000,102.047,102.116,100.926,101.447,13107899.67
16.09.2022 14:00:00.000,101.446,103.047,101.446,101.887,18401399.61
16.09.2022 15:00:00.000,101.886,102.217,101.646,102.147,13099499.7
16.09.2022 16:00:00.000,102.157,102.217,101.626,102.197,9039600.37
16.09.2022 17:00:00.000,102.187,102.267,101.696,101.797,7287300.11
16.09.2022 18:00:00.000,101.807,102.716,101.746,102.527,8740799.9
16.09.2022 19:00:00.000,102.527,103.116,102.456,102.756,12235050.2
19.09.2022 13:00:00.000,101.696,102.537,101.546,102.106,11006400.11
19.09.2022 14:00:00.000,102.127,102.456,101.647,102.117,15539999.96
19.09.2022 15:00:00.000,102.136,102.317,101.566,101.706,13270799.64
19.09.2022 16:00:00.000,101.696,102.567,101.576,102.497,12355199.81
19.09.2022 17:00:00.000,102.496,102.557,102.116,102.187,9427200.32
19.09.2022 18:00:00.000,102.197,102.547,102.096,102.517,11758799.55
19.09.2022 19:00:00.000,102.506,103.326,102.506,103.046,11563200
20.09.2022 13:00:00.000,102.077,102.357,101.656,101.846,11084400.18
20.09.2022 14:00:00.000,101.846,102.197,101.406,101.796,10630800.25
20.09.2022 15:00:00.000,101.796,102.147,101.606,101.996,11777999.88
20.09.2022 16:00:00.000,102.007,102.177,101.256,101.386,9694800.38
20.09.2022 17:00:00.000,101.377,101.446,100.516,100.647,9513600.35
20.09.2022 18:00:00.000,100.636,101.507,100.626,101.367,10673999.79
20.09.2022 19:00:00.000,101.346,101.606,100.926,101.156,11853599.55
21.09.2022 13:00:00.000,101.567,101.607,101.206,101.367,11406000.14
21.09.2022 14:00:00.000,101.367,101.497,100.806,100.956,14524800.3
21.09.2022 15:00:00.000,100.947,101.447,100.826,101.427,8384400.37
21.09.2022 16:00:00.000,101.417,101.657,101.307,101.366,4341599.94
21.09.2022 17:00:00.000,101.387,101.967,101.347,101.867,5101200.1
21.09.2022 18:00:00.000,101.917,102.807,99.516,102.307,31563600.54
21.09.2022 19:00:00.000,102.326,102.517,99.257,99.267,24328800.2
22.09.2022 13:00:00.000,98.786,100.187,98.757,100.026,14368800.16
22.09.2022 14:00:00.000,100.016,100.467,99.736,99.937,22097999.57
22.09.2022 15:00:00.000,99.937,100.537,99.516,100.277,14157600.4
22.09.2022 16:00:00.000,100.276,100.477,99.926,100.227,15247200.01
22.09.2022 17:00:00.000,100.227,100.367,99.856,100.277,11924400.33
22.09.2022 18:00:00.000,100.276,100.347,99.636,100.196,11510399.82
22.09.2022 19:00:00.000,100.207,101.217,100.026,100.097,15092399.6
23.09.2022 13:00:00.000,99.536,99.567,98.266,98.307,14750399.59
23.09.2022 14:00:00.000,98.296,99.297,97.886,98.966,22916400.91
23.09.2022 15:00:00.000,98.966,99.307,98.446,98.717,16398000.72
23.09.2022 16:00:00.000,98.707,98.797,98.066,98.576,11104800.22
23.09.2022 17:00:00.000,98.567,98.676,97.857,97.997,10630800.25
23.09.2022 18:00:00.000,98.006,98.197,97.456,97.537,13316399.57
23.09.2022 19:00:00.000,97.527,98.827,97.506,98.737,17422800.06
26.09.2022 13:00:00.000,98.056,99.477,97.866,99.426,14451600.07
26.09.2022 14:00:00.000,99.427,99.867,98.976,99.197,22118400.57
26.09.2022 15:00:00.000,99.196,99.357,98.187,98.687,20381999.97
26.09.2022 16:00:00.000,98.677,98.696,97.786,98.476,17084400.18
26.09.2022 17:00:00.000,98.466,98.487,97.906,97.957,16328399.66
26.09.2022 18:00:00.000,97.947,98.747,97.906,98.607,16947599.41
26.09.2022 19:00:00.000,98.616,98.967,98.076,98.176,19279199.6
27.09.2022 13:00:00.000,99.137,99.986,98.876,99.297,11600399.97
27.09.2022 14:00:00.000,99.306,99.327,98.506,99.127,27209999.08
27.09.2022 15:00:00.000,99.126,99.367,97.736,97.767,18222000.12
27.09.2022 16:00:00.000,97.766,97.806,96.866,97.266,18081600.19
27.09.2022 17:00:00.000,97.257,97.367,96.936,97.167,19475999.83
27.09.2022 18:00:00.000,97.166,97.697,96.896,97.566,15967200.28
27.09.2022 19:00:00.000,97.557,97.707,96.976,97.476,18011999.13
28.09.2022 13:00:00.000,97.347,98.326,97.226,97.487,16923599.24
28.09.2022 14:00:00.000,97.496,98.677,97.096,98.466,24160800.93
28.09.2022 15:00:00.000,98.477,99.517,98.396,99.496,18118799.21
28.09.2022 16:00:00.000,99.497,99.957,99.056,99.346,11868000.03
28.09.2022 17:00:00.000,99.357,99.757,99.126,99.597,12969599.72
28.09.2022 18:00:00.000,99.596,99.937,99.566,99.886,11108400.34
28.09.2022 19:00:00.000,99.886,100.687,99.866,100.016,11725199.7
29.09.2022 13:00:00.000,98.626,98.626,96.906,97.287,14385600.09
29.09.2022 14:00:00.000,97.296,97.377,96.196,96.817,23076599.12
29.09.2022 15:00:00.000,96.806,97.237,96.486,97.127,15481800.08
29.09.2022 16:00:00.000,97.116,97.217,96.276,96.337,10976400.38
29.09.2022 17:00:00.000,96.327,96.687,96.136,96.166,10006199.84
29.09.2022 18:00:00.000,96.167,96.507,95.947,96.157,10093500.14
29.09.2022 19:00:00.000,96.156,97.636,96.116,97.426,12093299.87
30.09.2022 13:00:00.000,96.936,97.837,96.777,97.357,14279999.73
30.09.2022 14:00:00.000,97.356,98.157,97.036,98.157,26875200.27
30.09.2022 15:00:00.000,98.167,98.887,97.526,97.566,17729999.54
30.09.2022 16:00:00.000,97.567,97.767,97.196,97.437,13472399.71
30.09.2022 17:00:00.000,97.437,97.487,96.806,96.846,13001999.86
30.09.2022 18:00:00.000,96.837,97.077,96.266,96.306,13935600.28
30.09.2022 19:00:00.000,96.316,96.717,95.496,95.646,17954399.11
03.10.2022 13:00:00.000,96.686,97.607,96.496,96.977,10.29
03.10.2022 15:00:00.000,97.966,98.357,97.626,97.856,13.27
03.10.2022 17:00:00.000,98.167,98.737,98.146,98.576,9.49
03.10.2022 19:00:00.000,99.006,99.277,98.406,98.626,8.31
04.10.2022 13:00:00.000,100.387,101.547,100.346,101.246,9607200.03
04.10.2022 14:00:00.000,101.256,101.787,101.136,101.776,16012799.93
04.10.2022 15:00:00.000,101.767,101.787,100.976,101.306,12492000.07
04.10.2022 16:00:00.000,101.317,101.717,101.096,101.186,12345600.05
04.10.2022 17:00:00.000,101.177,101.467,100.616,101.346,11087999.96
04.10.2022 18:00:00.000,101.346,101.826,101.117,101.687,11091600.06
04.10.2022 19:00:00.000,101.687,101.737,101.076,101.616,12110399.98
05.10.2022 13:00:00.000,99.777,100.366,99.436,99.776,13.12
05.10.2022 15:00:00.000,98.927,99.597,98.867,99.586,12.34
05.10.2022 17:00:00.000,100.337,100.996,100.296,100.527,10.35
05.10.2022 19:00:00.000,101.247,101.917,101.166,101.326,14.86
06.10.2022 13:00:00.000,100.506,102.917,100.496,101.427,13958400.04
06.10.2022 14:00:00.000,101.437,102.417,100.816,102.397,24586800.01
06.10.2022 15:00:00.000,102.396,102.657,101.866,101.947,19988400.03
06.10.2022 16:00:00.000,101.937,102.357,101.666,102.166,14053200.01
06.10.2022 17:00:00.000,102.176,102.256,101.776,102.156,11079600.01
06.10.2022 18:00:00.000,102.167,102.177,101.286,101.516,14025600.05
06.10.2022 19:00:00.000,101.527,101.817,101.217,101.387,16171200.07
07.10.2022 13:00:00.000,99.726,100.526,98.946,99.096,14.83
07.10.2022 14:00:00.000,99.106,99.987,98.926,99.796,21.25
07.10.2022 17:00:00.000,98.916,99.057,98.466,98.537,8.88
07.10.2022 19:00:00.000,98.857,99.147,98.286,98.667,11.34
10.10.2022 13:00:00.000,98.906,99.046,97.576,97.716,13167599.95
10.10.2022 14:00:00.000,97.727,98.507,97.356,97.597,21575999.9
10.10.2022 15:00:00.000,97.597,98.226,97.456,98.017,17086800.14
10.10.2022 16:00:00.000,98.026,98.057,97.236,97.237,12184799.99
10.10.2022 17:00:00.000,97.247,98.696,96.997,98.377,15321600
10.10.2022 18:00:00.000,98.367,98.576,98.046,98.176,15433199.99
10.10.2022 19:00:00.000,98.186,98.517,97.667,97.807,18080400.05
11.10.2022 13:00:00.000,97.347,98.146,96.656,96.667,13.63
11.10.2022 15:00:00.000,97.306,98.747,97.256,98.457,18.5
11.10.2022 17:00:00.000,98.736,98.917,98.276,98.636,16.23
11.10.2022 19:00:00.000,96.967,97.337,96.297,97.107,22.68
12.10.2022 13:00:00.000,97.187,98.517,96.717,98.356,14816399.99
12.10.2022 14:00:00.000,98.366,98.737,97.486,97.777,23570400.12
12.10.2022 15:00:00.000,97.787,98.177,97.676,98.126,18204000.15
12.10.2022 16:00:00.000,98.117,98.197,96.946,97.466,12402000.05
12.10.2022 17:00:00.000,97.476,97.586,97.096,97.377,8988000.06
12.10.2022 18:00:00.000,97.376,98.047,97.126,97.626,24256800.07
12.10.2022 19:00:00.000,97.627,97.867,97.396,97.507,13241999.95
13.10.2022 13:00:00.000,95.016,95.657,94.356,95.636,16.24
13.10.2022 15:00:00.000,95.977,99.667,95.836,98.617,29.05
13.10.2022 17:00:00.000,98.076,99.267,98.046,99.007,16.24
13.10.2022 19:00:00.000,99.366,99.757,98.856,99.047,16.74
14.10.2022 13:00:00.000,99.906,100.667,98.727,99.097,16298399.98
14.10.2022 14:00:00.000,99.107,99.107,97.126,97.716,28530000.06
14.10.2022 15:00:00.000,97.727,98.207,97.066,97.146,20882400.02
14.10.2022 16:00:00.000,97.136,97.577,96.647,97.057,18343199.97
14.10.2022 17:00:00.000,97.047,97.537,96.926,97.417,14388000.09
14.10.2022 18:00:00.000,97.417,97.417,96.616,96.967,13762800.03
14.10.2022 19:00:00.000,96.967,97.177,96.356,96.557,17841600
17.10.2022 14:00:00.000,100.206,100.607,99.826,99.897,20.17
17.10.2022 16:00:00.000,100.117,100.316,99.626,100.116,10.24
17.10.2022 18:00:00.000,100.696,100.877,100.186,100.266,9
18.10.2022 15:00:00.000,100.306,100.817,100.117,100.776,9037200.06
18.10.2022 16:00:00.000,100.766,101.356,100.417,100.916,17172000.08
18.10.2022 17:00:00.000,100.917,101.227,100.347,101.066,17577600.06
18.10.2022 18:00:00.000,101.077,101.107,99.966,100.376,17839200.05
18.10.2022 19:00:00.000,100.377,101.027,100.037,100.786,20143199.95
19.10.2022 13:00:00.000,99.817,100.987,99.296,99.606,11996399.97
19.10.2022 14:00:00.000,99.606,100.797,99.316,100.317,19604399.99
19.10.2022 15:00:00.000,100.306,100.697,99.776,100.606,17679599.93
19.10.2022 16:00:00.000,100.607,100.657,99.506,99.616,15080399.92
19.10.2022 17:00:00.000,99.616,99.707,98.906,99.256,16897200.08
19.10.2022 18:00:00.000,99.256,99.737,99.127,99.307,14439599.96
19.10.2022 19:00:00.000,99.317,99.707,99.136,99.677,13243200.04
20.10.2022 13:00:00.000,99.877,101.167,99.836,100.856,14.28
20.10.2022 16:00:00.000,101.677,101.717,100.646,100.817,16.16
20.10.2022 18:00:00.000,100.036,100.077,99.596,99.816,15.47
21.10.2022 13:00:00.000,97.666,100.257,97.666,99.967,17.94
21.10.2022 15:00:00.000,98.746,99.726,98.256,99.716,28.61
21.10.2022 17:00:00.000,99.746,100.457,99.576,100.446,13.87
21.10.2022 19:00:00.000,100.317,101.247,100.296,101.096,10.7
24.10.2022 13:00:00.000,101.676,101.956,100.557,101.276,14637599.97
24.10.2022 14:00:00.000,101.286,101.797,99.966,101.717,27531600.03
24.10.2022 15:00:00.000,101.726,101.816,101.197,101.736,21817199.92
24.10.2022 16:00:00.000,101.737,102.317,101.576,102.137,13530000.05
24.10.2022 17:00:00.000,102.146,102.187,101.446,101.626,12884400.05
24.10.2022 18:00:00.000,101.626,102.236,101.596,102.186,8586000.04
24.10.2022 19:00:00.000,102.186,102.737,102.127,102.476,8649600.01
25.10.2022 13:00:00.000,102.806,103.687,102.696,103.606,11651999.98
25.10.2022 14:00:00.000,103.627,104.016,103.096,103.386,19191600.08
25.10.2022 15:00:00.000,103.396,103.917,103.317,103.807,14122800.05
25.10.2022 16:00:00.000,103.816,103.947,103.146,103.186,11570400.04
25.10.2022 17:00:00.000,103.196,103.447,102.786,103.407,14008800.03
25.10.2022 18:00:00.000,103.406,103.987,103.386,103.847,10142400
25.10.2022 19:00:00.000,103.836,104.807,103.836,104.436,9498000.06
26.10.2022 13:00:00.000,96.426,96.936,95.136,96.517,14.56
26.10.2022 15:00:00.000,97.156,98.297,97.146,97.797,14.25
26.10.2022 17:00:00.000,96.887,97.117,96.096,96.136,13.39
26.10.2022 19:00:00.000,95.356,95.437,94.686,94.896,9.43
27.10.2022 13:00:00.000,94.366,95.397,92.196,92.396,15.34
27.10.2022 15:00:00.000,93.576,94.236,93.026,93.236,22.91
27.10.2022 17:00:00.000,92.717,93.367,92.286,92.297,11.35
27.10.2022 19:00:00.000,91.877,92.417,91.876,92.176,11.48
28.10.2022 13:00:00.000,92.246,93.416,92.126,92.467,14559600
28.10.2022 14:00:00.000,92.466,94.357,92.196,94.246,24893999.99
28.10.2022 15:00:00.000,94.257,95.007,94.186,94.617,13737600.04
28.10.2022 16:00:00.000,94.606,94.967,94.196,94.927,11485200.02
28.10.2022 17:00:00.000,94.937,95.457,94.866,95.377,8583600.02
28.10.2022 18:00:00.000,95.376,96.406,95.256,96.337,8142000.02
28.10.2022 19:00:00.000,96.347,96.537,96.106,96.226,8158800.02
31.10.2022 13:00:00.000,95.397,96.007,94.116,94.547,13.22
31.10.2022 14:00:00.000,94.546,94.787,93.976,94.346,17.62
31.10.2022 17:00:00.000,94.547,95.176,94.346,94.907,10.76
31.10.2022 19:00:00.000,94.617,94.756,94.126,94.486,12.78
01.11.2022 13:00:00.000,95.497,96.016,93.926,94.207,12106800.08
01.11.2022 14:00:00.000,94.216,94.267,92.296,92.387,22195199.97
01.11.2022 15:00:00.000,92.367,92.597,91.906,92.126,15940799.71
01.11.2022 16:00:00.000,92.117,92.577,91.556,91.797,13827599.53
01.11.2022 17:00:00.000,91.827,92.016,91.626,91.896,9896400.45
01.11.2022 18:00:00.000,91.897,91.947,90.996,91.327,6727200.03
01.11.2022 19:00:00.000,91.307,91.357,90.366,90.447,6359099.87
02.11.2022 13:00:00.000,90.886,91.047,90.016,90.017,8937899.59
02.11.2022 14:00:00.000,90.007,90.306,89.656,89.696,9996299.74
02.11.2022 15:00:00.000,89.706,89.737,89.027,89.276,10947649.96
02.11.2022 16:00:00.000,89.267,89.497,89.046,89.407,8565600.4
02.11.2022 17:00:00.000,89.417,89.897,89.146,89.666,5893199.92
02.11.2022 18:00:00.000,89.647,91.166,88.516,88.976,37035598.75
02.11.2022 19:00:00.000,88.966,89.537,86.866,86.886,25293600.08
03.11.2022 13:00:00.000,86.236,86.507,85.456,85.497,14325599.67
03.11.2022 14:00:00.000,85.497,85.987,85.066,85.767,19161600.11
03.11.2022 15:00:00.000,85.766,85.937,84.596,84.696,14821200.37
03.11.2022 16:00:00.000,84.697,85.417,84.577,85.387,11953200.34
03.11.2022 17:00:00.000,85.386,85.427,84.386,84.456,9144000.05
03.11.2022 18:00:00.000,84.456,84.537,83.996,84.266,7118400.1
03.11.2022 19:00:00.000,84.257,84.296,83.366,83.366,8864399.91
04.11.2022 13:00:00.000,85.406,85.977,83.696,84.817,13687199.59
04.11.2022 14:00:00.000,84.807,86.327,84.516,85.496,22706399.92
04.11.2022 15:00:00.000,85.507,85.687,84.216,84.407,19809600.83
04.11.2022 16:00:00.000,84.396,85.526,84.096,85.146,18420000.08
04.11.2022 17:00:00.000,85.136,85.457,84.706,85.357,16678800.58
04.11.2022 18:00:00.000,85.366,86.257,84.996,86.246,14457599.64
04.11.2022 19:00:00.000,86.257,86.617,86.046,86.577,14583600.04
07.11.2022 14:00:00.000,87.266,87.927,86.827,87.227,13066800.12
07.11.2022 15:00:00.000,87.226,88.097,87.206,88.007,19422000.89
07.11.2022 16:00:00.000,88.016,88.057,87.306,87.336,15136799.81
07.11.2022 17:00:00.000,87.327,87.487,87.067,87.466,11078399.66
07.11.2022 18:00:00.000,87.466,88.047,87.457,88.016,8984399.8
07.11.2022 19:00:00.000,88.016,88.887,88.016,88.626,7743599.89
07.11.2022 20:00:00.000,88.627,88.846,88.376,88.477,8407199.86
08.11.2022 14:00:00.000,88.866,89.217,88.396,88.927,10444800.38
08.11.2022 15:00:00.000,88.926,89.697,88.706,89.526,14904000.28
08.11.2022 16:00:00.000,89.526,90.307,89.316,89.566,9001199.72
08.11.2022 17:00:00.000,89.567,89.706,89.316,89.497,7354800.22
08.11.2022 18:00:00.000,89.497,89.587,88.106,88.196,11864399.91
08.11.2022 19:00:00.000,88.186,88.447,87.576,88.246,17540399.55
08.11.2022 20:00:00.000,88.247,89.467,88.196,88.856,14602800.37
09.11.2022 14:00:00.000,88.377,89.176,88.137,88.316,11737199.78
09.11.2022 15:00:00.000,88.326,89.426,88.207,88.397,19693199.16
09.11.2022 16:00:00.000,88.406,89.067,88.376,88.607,14815199.85
09.11.2022 17:00:00.000,88.616,88.836,88.446,88.716,11546400.07
09.11.2022 18:00:00.000,88.726,88.856,87.506,87.766,13973999.98
09.11.2022 19:00:00.000,87.767,88.157,87.366,87.467,11239199.64
09.11.2022 20:00:00.000,87.456,87.817,87.286,87.316,11698800.09
10.11.2022 14:00:00.000,92.296,93.886,91.586,93.876,12903599.74
10.11.2022 15:00:00.000,93.886,94.147,92.606,93.406,21236400.6
10.11.2022 16:00:00.000,93.407,93.827,92.846,93.667,14281200.41
10.11.2022 17:00:00.000,93.656,93.797,93.006,93.046,11586000.44
10.11.2022 18:00:00.000,93.047,93.527,92.966,93.416,12344400.41
10.11.2022 19:00:00.000,93.417,93.827,93.336,93.766,10653599.74
10.11.2022 20:00:00.000,93.757,94.377,93.646,93.876,10924799.92
11.11.2022 14:00:00.000,94.646,95.556,93.906,95.236,12806400.3
11.11.2022 15:00:00.000,95.186,96.306,94.807,96.146,17938800.81
11.11.2022 16:00:00.000,96.156,96.477,95.316,95.777,13207200.05
11.11.2022 17:00:00.000,95.776,96.186,95.446,96.016,11701199.53
11.11.2022 18:00:00.000,96.017,96.727,96.016,96.677,8745599.75
11.11.2022 19:00:00.000,96.687,96.917,96.376,96.886,8163599.97
11.11.2022 20:00:00.000,96.896,96.907,96.206,96.376,8954400.06
14.11.2022 14:00:00.000,95.036,95.447,94.506,95.187,10956000.33
14.11.2022 15:00:00.000,95.196,95.707,95.136,95.546,15869999.89
14.11.2022 16:00:00.000,95.537,95.717,94.946,95.516,13510800.36
14.11.2022 17:00:00.000,95.517,96.067,95.296,95.837,10543199.54
14.11.2022 18:00:00.000,95.846,96.597,95.747,96.566,7928400.04
14.11.2022 19:00:00.000,96.567,96.677,96.196,96.397,7045199.87
14.11.2022 20:00:00.000,96.406,96.777,95.536,95.676,10539600.37
15.11.2022 14:00:00.000,98.227,98.867,97.396,97.967,12684000.02
15.11.2022 15:00:00.000,97.957,98.567,97.856,97.987,17085599.9
15.11.2022 16:00:00.000,97.977,100.126,97.476,99.717,16947599.41
15.11.2022 17:00:00.000,99.707,99.797,98.816,99.016,11338800.43
15.11.2022 18:00:00.000,99.017,99.177,96.706,97.597,21355199.81
15.11.2022 19:00:00.000,97.607,98.407,97.006,98.306,23858400.34
15.11.2022 20:00:00.000,98.306,98.777,98.076,98.447,14687999.73
16.11.2022 14:00:00.000,97.826,98.687,97.626,98.537,11410799.98
16.11.2022 15:00:00.000,98.507,98.847,97.836,98.326,15590399.74
16.11.2022 16:00:00.000,98.317,99.187,98.307,99.066,11873999.6
16.11.2022 17:00:00.000,99.057,99.627,98.806,99.386,12190799.71
16.11.2022 18:00:00.000,99.387,99.617,98.786,98.787,10545599.94
16.11.2022 19:00:00.000,98.787,99.356,98.756,99.197,9038399.7
16.11.2022 20:00:00.000,99.176,99.237,98.566,98.846,9489600.18
17.11.2022 14:00:00.000,96.886,97.866,96.806,97.026,11218799.59
17.11.2022 15:00:00.000,97.006,97.907,96.777,97.366,15051600.46
17.11.2022 16:00:00.000,97.366,98.666,97.366,98.626,10364399.91
17.11.2022 17:00:00.000,98.637,98.966,98.386,98.877,9447600.36
17.11.2022 18:00:00.000,98.886,99.267,98.736,98.857,9129599.57
17.11.2022 19:00:00.000,98.857,98.917,97.936,97.997,10131600.38
17.11.2022 20:00:00.000,97.997,98.427,97.426,98.376,10928400.04
18.11.2022 14:00:00.000,98.737,98.857,97.237,98.376,12176400.18
18.11.2022 15:00:00.000,98.386,98.437,97.476,97.636,15539999.96
18.11.2022 16:00:00.000,97.646,97.797,97.216,97.517,11826000.21
18.11.2022 17:00:00.000,97.517,97.607,96.356,96.576,9215999.6
18.11.2022 18:00:00.000,96.587,96.976,96.536,96.696,7209599.97
18.11.2022 19:00:00.000,96.696,97.196,96.566,97.157,7575600.15
18.11.2022 20:00:00.000,97.156,97.727,97.027,97.417,10008000.37
21.11.2022 14:00:00.000,97.267,98.387,96.907,97.807,10687199.59
21.11.2022 15:00:00.000,97.817,97.936,96.656,96.786,14472000.12
21.11.2022 16:00:00.000,96.777,96.887,96.226,96.356,9856800.08
21.11.2022 17:00:00.000,96.347,96.507,95.826,95.877,9152400.02
21.11.2022 18:00:00.000,95.856,96.387,95.776,95.997,8571599.96
21.11.2022 19:00:00.000,95.997,96.117,95.516,95.567,8168399.81
21.11.2022 20:00:00.000,95.556,95.867,95.346,95.576,9472800.25
22.11.2022 14:00:00.000,95.806,95.957,94.076,94.097,10814399.72
22.11.2022 15:00:00.000,94.086,95.757,94.046,95.676,13660799.98
22.11.2022 16:00:00.000,95.677,95.727,95.046,95.386,10223999.98
22.11.2022 17:00:00.000,95.387,96.207,95.386,96.157,6473999.98
22.11.2022 18:00:00.000,96.166,97.147,96.147,97.106,6634799.96
22.11.2022 19:00:00.000,97.097,97.197,96.666,96.966,6037199.97
22.11.2022 20:00:00.000,96.977,97.187,96.856,96.996,5346000.19
23.11.2022 14:00:00.000,96.987,98.017,96.987,97.546,9627599.72
23.11.2022 15:00:00.000,97.567,98.187,97.286,98.106,11215200.42
23.11.2022 16:00:00.000,98.116,98.356,97.296,97.526,9315600.4
23.11.2022 17:00:00.000,97.526,97.967,97.156,97.277,8605199.81
23.11.2022 18:00:00.000,97.266,97.857,97.126,97.716,6118800.16
23.11.2022 19:00:00.000,97.727,98.557,97.416,98.487,16070400.24
23.11.2022 20:00:00.000,98.487,98.747,98.216,98.397,7750800.13
25.11.2022 14:00:00.000,97.996,98.637,97.816,97.896,8221199.99
25.11.2022 15:00:00.000,97.907,98.057,97.667,97.946,9747599.6
25.11.2022 16:00:00.000,97.947,98.007,97.386,97.556,6918000.22
25.11.2022 17:00:00.000,97.556,97.647,97.406,97.497,5168399.81
28.11.2022 14:00:00.000,97.007,97.567,96.536,96.766,8572799.68
28.11.2022 15:00:00.000,96.777,97.047,95.906,95.917,12078000.07
28.11.2022 16:00:00.000,95.917,96.517,95.837,96.397,8097599.98
28.11.2022 17:00:00.000,96.387,96.637,95.986,96.137,10456800.46
28.11.2022 18:00:00.000,96.126,96.306,95.876,95.926,6072000.03
28.11.2022 19:00:00.000,95.916,96.117,95.596,96.067,5350800.04
28.11.2022 20:00:00.000,96.077,96.197,95.646,96.046,6047999.86
29.11.2022 14:00:00.000,95.727,96.107,95.196,95.266,9410400.39
29.11.2022 15:00:00.000,95.267,95.777,94.956,95.286,13727999.69
29.11.2022 16:00:00.000,95.286,95.307,94.096,95.076,12637200.36
29.11.2022 17:00:00.000,95.077,95.597,95.036,95.397,7531199.93
29.11.2022 18:00:00.000,95.397,95.397,94.696,94.967,7392000.2
29.11.2022 19:00:00.000,94.957,95.297,94.756,95.016,8921999.93
29.11.2022 20:00:00.000,95.016,95.417,94.986,95.177,9313200
30.11.2022 14:00:00.000,94.816,95.907,94.406,95.806,11839200.02
30.11.2022 15:00:00.000,95.796,95.997,95.236,95.426,12760800.36
30.11.2022 16:00:00.000,95.437,95.977,95.266,95.967,9819600.11
30.11.2022 17:00:00.000,95.966,96.327,95.746,96.217,8823599.82
30.11.2022 18:00:00.000,96.216,98.357,96.216,98.226,19135200.5
30.11.2022 19:00:00.000,98.227,99.947,98.216,99.276,21271200.18
30.11.2022 20:00:00.000,99.277,101.007,99.126,100.967,13086000.44
01.12.2022 14:00:00.000,100.977,102.227,100.576,101.857,8388000
01.12.2022 15:00:00.000,101.857,102.166,100.236,101.496,17605199.87
01.12.2022 16:00:00.000,101.496,101.556,100.696,101.116,15946800.01
01.12.2022 17:00:00.000,101.117,101.377,100.616,101.307,13013999.99
01.12.2022 18:00:00.000,101.307,101.497,100.786,101.126,11099999.98
01.12.2022 19:00:00.000,101.116,101.337,100.936,101.296,8287200.02
01.12.2022 20:00:00.000,101.296,101.497,100.896,100.966,8170800.03
02.12.2022 14:00:00.000,98.886,100.067,98.866,99.516,13562399.92
02.12.2022 15:00:00.000,99.507,100.227,99.147,99.496,16095599.99
02.12.2022 16:00:00.000,99.487,100.137,99.206,99.877,12561600.02
02.12.2022 17:00:00.000,99.867,100.236,99.706,100.026,8007600.04
02.12.2022 18:00:00.000,100.037,100.087,99.676,99.786,6254400.05
02.12.2022 19:00:00.000,99.786,100.327,99.646,100.286,5353200.02
02.12.2022 20:00:00.000,100.286,100.757,100.047,100.416,9477600
05.12.2022 14:00:00.000,99.356,101.367,99.356,100.887,9709199.95
05.12.2022 15:00:00.000,100.797,101.067,99.876,100.947,16290000.07
05.12.2022 16:00:00.000,100.956,101.287,100.026,100.266,10480800.02
05.12.2022 17:00:00.000,100.267,100.397,99.806,99.996,7533599.99
05.12.2022 18:00:00.000,99.986,100.307,99.396,99.417,6976800.02
05.12.2022 19:00:00.000,99.407,99.747,99.256,99.497,7882799.99
05.12.2022 20:00:00.000,99.496,99.596,98.996,99.446,9472800.06
06.12.2022 15:00:00.000,98.226,98.317,97.296,97.337,17.51
06.12.2022 16:00:00.000,97.327,97.467,96.916,97.066,14.64
06.12.2022 19:00:00.000,97.147,97.147,96.656,96.856,7.62
07.12.2022 14:00:00.000,96.387,96.867,95.706,95.887,13002000.03
07.12.2022 15:00:00.000,95.897,96.416,94.996,95.816,24383999.96
07.12.2022 16:00:00.000,95.827,96.177,95.127,95.386,16132800.03
07.12.2022 17:00:00.000,95.386,95.577,94.766,95.456,10950000.09
07.12.2022 18:00:00.000,95.466,95.917,95.316,95.346,9589200.04
07.12.2022 19:00:00.000,95.337,95.387,94.836,94.937,8756400.04
07.12.2022 20:00:00.000,94.926,95.197,94.706,94.897,8712000.03
08.12.2022 15:00:00.000,94.516,94.907,93.736,93.876,17.03
08.12.2022 17:00:00.000,94.116,94.657,93.826,94.626,10.05
08.12.2022 19:00:00.000,94.367,94.367,93.827,94.086,10.69
09.12.2022 14:00:00.000,93.646,94.237,93.066,93.827,12317999.93
09.12.2022 15:00:00.000,93.877,94.147,93.356,94.116,20770800.1
09.12.2022 16:00:00.000,94.126,94.127,93.646,93.927,10909199.98
09.12.2022 17:00:00.000,93.926,94.027,93.516,93.876,8324399.99
09.12.2022 18:00:00.000,93.876,93.877,93.246,93.607,7764000
09.12.2022 19:00:00.000,93.596,93.607,93.206,93.377,6240000.03
09.12.2022 20:00:00.000,93.367,93.667,92.726,92.766,8107200.03
12.12.2022 14:00:00.000,92.607,93.557,92.556,93.196,10794000.03
12.12.2022 15:00:00.000,93.186,93.197,91.666,91.976,13653600.01
12.12.2022 16:00:00.000,91.987,92.437,91.597,92.136,9506399.98
12.12.2022 17:00:00.000,92.137,92.207,91.946,92.156,5829600.03
12.12.2022 18:00:00.000,92.157,92.396,91.946,92.307,8162400.01
12.12.2022 19:00:00.000,92.306,92.747,92.157,92.666,5240400
12.12.2022 20:00:00.000,92.666,93.357,92.646,93.286,7202400.03
13.12.2022 16:00:00.000,97.446,98.307,96.396,96.726,19.34
13.12.2022 17:00:00.000,96.727,97.127,95.016,95.666,20.71
13.12.2022 19:00:00.000,95.637,96.306,95.487,95.857,14.61
14.12.2022 14:00:00.000,95.096,96.417,95.096,95.797,11.25
14.12.2022 17:00:00.000,96.306,96.407,95.686,95.827,7.65
14.12.2022 19:00:00.000,96.097,96.097,93.567,94.627,31.84
15.12.2022 14:00:00.000,93.057,93.617,91.746,91.886,12397200.02
15.12.2022 15:00:00.000,91.897,92.037,91.257,91.347,17702400.04
15.12.2022 16:00:00.000,91.336,91.467,90.696,90.726,12526799.95
15.12.2022 17:00:00.000,90.726,91.087,90.526,90.636,8846400.06
15.12.2022 18:00:00.000,90.627,90.726,89.996,90.357,8035200.01
15.12.2022 19:00:00.000,90.356,90.767,90.106,90.716,8350800
15.12.2022 20:00:00.000,90.717,91.137,90.616,90.846,11331600.01
16.12.2022 14:00:00.000,90.696,91.316,90.396,90.826,11.49
16.12.2022 16:00:00.000,90.377,90.436,89.756,89.837,10.21
16.12.2022 19:00:00.000,89.916,90.207,89.506,89.927,6.26
19.12.2022 15:00:00.000,89.587,90.547,89.216,89.886,14.43
19.12.2022 17:00:00.000,89.217,89.327,88.916,89.026,7.34
19.12.2022 19:00:00.000,88.897,88.937,88.516,88.726,7.2
20.12.2022 15:00:00.000,88.417,88.926,88.026,88.606,18.75
20.12.2022 17:00:00.000,88.416,88.777,88.276,88.776,9.98
20.12.2022 19:00:00.000,88.776,89.167,88.646,88.767,8.48
21.12.2022 14:00:00.000,89.026,89.286,88.297,88.476,11667599.95
21.12.2022 15:00:00.000,88.477,89.706,88.406,89.567,16093199.97
21.12.2022 16:00:00.000,89.577,90.056,89.416,89.607,8527200.02
21.12.2022 17:00:00.000,89.627,89.927,89.356,89.897,7682400.02
21.12.2022 18:00:00.000,89.907,90.097,89.616,89.847,7138799.97
21.12.2022 19:00:00.000,89.856,90.206,89.756,89.867,6007200.01
21.12.2022 20:00:00.000,89.876,90.007,89.316,89.556,8092800.07
22.12.2022 15:00:00.000,88.087,88.087,87.066,87.106,17.4
22.12.2022 17:00:00.000,87.326,87.386,86.676,86.726,11.22
22.12.2022 19:00:00.000,86.467,87.247,86.446,87.176,10.42
23.12.2022 14:00:00.000,87.086,88.517,87.047,87.757,14997600.03
23.12.2022 15:00:00.000,87.756,89.526,87.556,88.757,24433200.2
23.12.2022 16:00:00.000,88.767,89.177,88.206,89.116,14647200.08
23.12.2022 17:00:00.000,89.127,89.457,88.966,89.146,13287600.11
23.12.2022 18:00:00.000,89.157,89.527,89.016,89.146,10142400.01
23.12.2022 19:00:00.000,89.136,89.407,88.946,89.376,8395200.04
23.12.2022 20:00:00.000,89.377,89.477,88.956,89.136,9441599.98
27.12.2022 14:00:00.000,88.747,88.897,87.436,87.497,11822400.05
27.12.2022 15:00:00.000,87.497,88.387,87.206,88.086,15816000.07
27.12.2022 16:00:00.000,88.086,88.167,87.627,87.767,13020000.09
27.12.2022 17:00:00.000,87.766,88.027,87.396,87.577,9680400
27.12.2022 18:00:00.000,87.567,87.727,87.136,87.186,6584399.98
27.12.2022 19:00:00.000,87.187,87.387,87.006,87.277,5241600
27.12.2022 20:00:00.000,87.276,87.667,87.167,87.386,6274800
28.12.2022 15:00:00.000,87.287,87.667,86.346,86.366,19.12
28.12.2022 17:00:00.000,86.196,86.777,86.097,86.727,11.12
28.12.2022 19:00:00.000,86.387,86.547,86.066,86.097,9.86
29.12.2022 14:00:00.000,86.637,87.616,86.637,87.507,11762400.06
29.12.2022 15:00:00.000,87.517,88.337,87.316,88.296,14601600.04
29.12.2022 16:00:00.000,88.297,88.617,87.967,88.487,9465600.07
29.12.2022 17:00:00.000,88.496,88.796,88.306,88.357,6342000.04
29.12.2022 18:00:00.000,88.366,88.576,88.196,88.547,7727999.97
29.12.2022 19:00:00.000,88.536,88.737,88.466,88.547,6739200.01
29.12.2022 20:00:00.000,88.547,88.836,88.327,88.387,8060400.02
30.12.2022 14:00:00.000,86.917,87.236,86.556,86.986,13.61
30.12.2022 17:00:00.000,87.366,87.507,87.156,87.446,7.75
30.12.2022 19:00:00.000,87.126,87.337,86.917,87.196,7.77
30.12.2022 20:00:00.000,87.197,88.247,87.177,88.236,8.95
03.01.2023 14:00:00.000,89.567,91.027,89.386,89.516,16093200.68
03.01.2023 15:00:00.000,89.527,89.697,88.606,89.487,13629599.57
03.01.2023 16:00:00.000,89.477,89.567,88.676,88.746,9671999.93
03.01.2023 17:00:00.000,88.737,88.997,88.517,88.747,7820400.24
03.01.2023 18:00:00.000,88.757,89.097,88.576,89.017,7207200.05
03.01.2023 19:00:00.000,89.027,89.617,88.906,89.436,8888400.08
03.01.2023 20:00:00.000,89.447,89.717,88.917,89.117,9557999.61
04.01.2023 14:00:00.000,90.326,90.567,88.437,88.507,14751600.27
04.01.2023 15:00:00.000,88.506,89.077,87.266,88.066,21421199.8
04.01.2023 16:00:00.000,88.067,88.867,87.606,88.647,13135199.55
04.01.2023 17:00:00.000,88.656,88.966,88.366,88.367,9339599.61
04.01.2023 18:00:00.000,88.367,88.597,87.976,88.196,8875200.27
04.01.2023 19:00:00.000,88.206,88.726,87.417,88.096,23663999.56
04.01.2023 20:00:00.000,88.096,88.297,87.296,88.046,14201999.66
05.01.2023 14:00:00.000,87.396,87.546,86.536,87.036,13449600.22
05.01.2023 15:00:00.000,87.026,87.416,86.346,86.466,18723600.39
05.01.2023 16:00:00.000,86.476,86.807,86.116,86.497,11135999.68
05.01.2023 17:00:00.000,86.497,86.907,86.326,86.327,9649200.44
05.01.2023 18:00:00.000,86.336,86.977,86.046,86.476,12316800.12
05.01.2023 19:00:00.000,86.487,86.997,86.426,86.726,10748399.73
05.01.2023 20:00:00.000,86.726,86.737,85.896,86.196,7256400.11
06.01.2023 14:00:00.000,86.647,86.837,84.846,85.186,15036000.25
06.01.2023 15:00:00.000,85.187,86.217,85.126,86.127,22969200.13
06.01.2023 16:00:00.000,86.137,86.827,85.996,86.256,13616399.77
06.01.2023 17:00:00.000,86.237,86.516,85.576,85.727,9824399.95
06.01.2023 18:00:00.000,85.737,86.407,85.686,86.266,6542399.88
06.01.2023 19:00:00.000,86.267,87.127,86.226,87.096,8000399.59
06.01.2023 20:00:00.000,87.096,87.677,87.086,87.297,8435999.87
09.01.2023 14:00:00.000,88.286,89.237,88.087,89.097,13747200.01
09.01.2023 15:00:00.000,89.106,89.836,89.027,89.397,13940400.12
09.01.2023 16:00:00.000,89.407,89.887,89.316,89.817,8342399.6
09.01.2023 17:00:00.000,89.826,89.887,89.537,89.777,7849199.77
09.01.2023 18:00:00.000,89.787,90.037,89.026,89.167,8091600.42
09.01.2023 19:00:00.000,89.146,89.347,88.346,88.387,11560799.6
09.01.2023 20:00:00.000,88.387,88.517,87.846,88.007,12425999.64
10.01.2023 14:00:00.000,85.776,87.837,85.776,87.537,16132799.15
10.01.2023 15:00:00.000,87.536,88.657,86.946,88.097,25978799.82
10.01.2023 16:00:00.000,88.107,88.457,87.676,87.947,16715999.6
10.01.2023 17:00:00.000,87.947,88.476,87.616,88.316,13329600.33
10.01.2023 18:00:00.000,88.316,88.527,88.026,88.266,9955200.2
10.01.2023 19:00:00.000,88.256,88.357,87.956,88.027,9088800.43
10.01.2023 20:00:00.000,88.027,88.437,87.856,88.396,8953200.34
11.01.2023 14:00:00.000,89.246,90.287,88.996,89.716,14494799.61
11.01.2023 15:00:00.000,89.727,90.387,89.496,89.636,18173999.79
11.01.2023 16:00:00.000,89.637,90.527,89.596,90.307,8529600.14
11.01.2023 17:00:00.000,90.316,90.747,90.316,90.666,8420399.67
11.01.2023 18:00:00.000,90.667,90.986,90.476,90.697,8932800.29
11.01.2023 19:00:00.000,90.707,90.957,90.506,90.846,6938399.79
11.01.2023 20:00:00.000,90.847,91.577,90.796,91.507,8357999.8
12.01.2023 14:00:00.000,91.527,91.846,89.736,90.277,16422000.89
12.01.2023 15:00:00.000,90.297,91.816,90.247,90.927,24190799.71
12.01.2023 16:00:00.000,90.927,91.257,90.497,91.197,18074399.95
12.01.2023 17:00:00.000,91.186,91.537,91.086,91.357,9479999.54
12.01.2023 18:00:00.000,91.346,91.717,90.607,91.536,12230400.09
12.01.2023 19:00:00.000,91.527,91.627,91.156,91.337,12569999.69
12.01.2023 20:00:00.000,91.336,91.367,90.737,91.057,12173999.79
13.01.2023 14:00:00.000,90.697,91.007,90.247,90.596,15227999.69
13.01.2023 15:00:00.000,90.597,91.117,90.496,90.717,19204799.65
13.01.2023 16:00:00.000,90.707,90.787,90.116,90.736,14096400.26
13.01.2023 17:00:00.000,90.727,91.307,90.687,91.186,7922400
13.01.2023 18:00:00.000,91.187,91.647,90.946,91.566,6751200.2
13.01.2023 19:00:00.000,91.566,91.667,91.146,91.587,5883600.24
13.01.2023 20:00:00.000,91.597,92.167,91.566,92.096,6202799.8
17.01.2023 14:00:00.000,91.846,92.217,90.046,91.056,13759200.1
17.01.2023 15:00:00.000,91.056,91.697,90.526,91.227,15569999.69
17.01.2023 16:00:00.000,91.236,91.387,90.516,90.977,12251999.86
17.01.2023 17:00:00.000,90.977,91.207,90.776,91.116,7345200.06
17.01.2023 18:00:00.000,91.117,91.487,90.946,91.267,5556000.23
17.01.2023 19:00:00.000,91.256,91.477,91.076,91.306,5146800.04
17.01.2023 20:00:00.000,91.317,91.627,91.236,91.297,4384799.96
18.01.2023 14:00:00.000,92.096,92.587,91.546,92.147,13449600.22
18.01.2023 15:00:00.000,92.147,92.786,91.126,91.436,16352399.83
18.01.2023 16:00:00.000,91.426,91.537,90.746,91.186,12987600.33
18.01.2023 17:00:00.000,91.177,91.387,90.996,91.037,9584400.18
18.01.2023 18:00:00.000,91.056,91.267,90.636,91.167,7139999.87
18.01.2023 19:00:00.000,91.176,91.627,91.016,91.416,5366399.76
18.01.2023 20:00:00.000,91.417,91.687,90.996,91.087,8369999.89
19.01.2023 14:00:00.000,90.456,92.187,90.456,91.116,9508799.55
19.01.2023 15:00:00.000,91.106,92.707,90.956,92.357,17374799.73
19.01.2023 16:00:00.000,92.357,92.977,92.106,92.387,11501999.86
19.01.2023 17:00:00.000,92.386,93.166,92.386,92.867,9681599.62
19.01.2023 18:00:00.000,92.867,93.317,92.756,92.776,12369600.3
19.01.2023 19:00:00.000,92.786,93.457,92.636,93.347,11017200.47
19.01.2023 20:00:00.000,93.357,93.596,92.926,93.047,9434399.6
20.01.2023 14:00:00.000,94.897,97.537,94.897,96.857,15603599.55
20.01.2023 15:00:00.000,96.856,98.066,96.426,96.517,20673599.24
20.01.2023 16:00:00.000,96.527,97.407,96.206,96.847,13521599.77
20.01.2023 17:00:00.000,96.847,97.166,96.796,96.837,9190799.71
20.01.2023 18:00:00.000,96.837,97.557,96.477,97.457,11563200
20.01.2023 19:00:00.000,97.466,97.737,97.186,97.727,8427599.91
20.01.2023 20:00:00.000,97.736,98.287,97.706,97.967,10292400.36
23.01.2023 14:00:00.000,97.916,98.946,97.496,98.317,14175600.05
23.01.2023 15:00:00.000,98.337,99.437,98.246,99.326,16178400.04
23.01.2023 16:00:00.000,99.327,99.907,99.316,99.826,13144800.19
23.01.2023 17:00:00.000,99.836,99.977,99.607,99.817,9994799.61
23.01.2023 18:00:00.000,99.807,100.027,99.516,99.527,7930799.96
23.01.2023 19:00:00.000,99.517,99.557,98.586,98.967,12718799.59
23.01.2023 20:00:00.000,98.976,99.986,98.806,99.747,13268400.19
24.01.2023 14:00:00.000,98.007,99.597,98.006,98.806,13965600.01
24.01.2023 15:00:00.000,98.816,99.367,98.317,99.096,22475999.83
24.01.2023 16:00:00.000,99.116,99.507,98.856,99.096,14579999.92
24.01.2023 17:00:00.000,99.106,99.117,97.916,98.347,11531999.59
24.01.2023 18:00:00.000,98.327,98.696,98.076,98.407,11299200.06
24.01.2023 19:00:00.000,98.407,98.416,97.396,97.887,11871600.15
24.01.2023 20:00:00.000,97.896,98.047,97.187,97.627,11258399.96
25.01.2023 14:00:00.000,95.527,96.147,94.496,94.496,14302800.18
25.01.2023 15:00:00.000,94.506,94.787,93.747,94.117,20993999.48
25.01.2023 16:00:00.000,94.126,94.867,93.796,94.717,16705200.2
25.01.2023 17:00:00.000,94.727,94.857,94.106,94.476,10515600.2
25.01.2023 18:00:00.000,94.487,94.927,94.456,94.726,10634400.37
25.01.2023 19:00:00.000,94.727,95.207,94.526,94.916,10455599.78
25.01.2023 20:00:00.000,94.917,95.336,94.686,95.157,9705599.78
26.01.2023 14:00:00.000,96.487,97.286,96.096,96.166,14902799.61
26.01.2023 15:00:00.000,96.186,96.947,95.376,95.466,22977600.1
26.01.2023 16:00:00.000,95.476,96.367,95.376,96.326,18927600.86
26.01.2023 17:00:00.000,96.337,96.927,96.286,96.666,10603199.96
26.01.2023 18:00:00.000,96.666,97.127,96.506,96.997,9681599.62
26.01.2023 19:00:00.000,97.006,97.227,96.856,96.966,5966400.15
26.01.2023 20:00:00.000,96.967,97.557,96.946,97.497,7669199.94
27.01.2023 14:00:00.000,97.316,99.077,97.276,99.027,11871600.15
27.01.2023 15:00:00.000,99.027,99.407,98.286,98.287,19340400.7
27.01.2023 16:00:00.000,98.267,99.457,98.226,99.416,14823599.82
27.01.2023 17:00:00.000,99.416,99.666,99.126,99.266,12766799.93
27.01.2023 18:00:00.000,99.267,99.837,98.946,99.817,9535200.12
27.01.2023 19:00:00.000,99.827,100.307,99.557,99.877,8833200.45
27.01.2023 20:00:00.000,99.877,100.137,99.266,99.316,9538800.24
30.01.2023 14:00:00.000,97.437,98.237,96.996,98.176,14043600.08
30.01.2023 15:00:00.000,98.167,98.277,96.386,97.026,19511999.13
30.01.2023 16:00:00.000,97.017,97.657,96.936,97.657,14311200.14
30.01.2023 17:00:00.000,97.656,97.657,96.996,97.216,12539999.96
30.01.2023 18:00:00.000,97.226,97.627,97.026,97.407,11019599.91
30.01.2023 19:00:00.000,97.396,97.557,96.977,97.127,9266400.34
30.01.2023 20:00:00.000,97.136,97.317,96.826,96.957,9001199.72
31.01.2023 14:00:00.000,96.847,97.687,96.806,97.207,15796799.66
31.01.2023 15:00:00.000,97.217,97.797,97.146,97.566,19209600.45
31.01.2023 16:00:00.000,97.576,97.806,97.556,97.647,11480400.09
31.01.2023 17:00:00.000,97.656,98.017,97.506,97.996,6316800.12
31.01.2023 18:00:00.000,97.987,98.147,97.576,98.107,7112400.05
31.01.2023 19:00:00.000,98.096,98.557,97.996,98.477,6663599.97
31.01.2023 20:00:00.000,98.486,98.866,98.176,98.816,7954800.13
01.02.2023 14:00:00.000,98.616,99.137,98.116,98.186,12195599.56
01.02.2023 15:00:00.000,98.197,98.737,97.846,97.916,19379999.16
01.02.2023 16:00:00.000,97.906,98.267,97.756,98.177,9895199.78
01.02.2023 17:00:00.000,98.187,98.337,97.877,98.277,8799599.65
01.02.2023 18:00:00.000,98.277,98.427,97.996,98.097,9247200.01
01.02.2023 19:00:00.000,98.216,100.117,97.566,99.817,33358798.98
01.02.2023 20:00:00.000,99.816,101.176,99.796,100.397,23344800.95
02.02.2023 14:00:00.000,105.717,107.047,105.596,106.317,13582799.91
02.02.2023 15:00:00.000,106.317,107.577,106.016,107.096,21442800.52
02.02.2023 16:00:00.000,107.106,107.287,106.626,106.786,15704400.06
02.02.2023 17:00:00.000,106.797,107.067,106.096,106.446,13776000.02
02.02.2023 18:00:00.000,106.456,107.707,106.246,107.697,9883199.69
02.02.2023 19:00:00.000,107.707,107.807,105.937,106.117,15387599.95
02.02.2023 20:00:00.000,106.127,107.796,105.916,107.746,17013599.4
03.02.2023 14:00:00.000,102.896,106.217,102.566,105.617,17140800.48
03.02.2023 15:00:00.000,105.596,107.546,104.446,106.427,27516000.75
03.02.2023 16:00:00.000,106.436,107.787,106.386,106.697,16323600.77
03.02.2023 17:00:00.000,106.706,107.087,105.436,105.546,13407600.4
03.02.2023 18:00:00.000,105.547,105.757,104.496,105.177,15765600.2
03.02.2023 19:00:00.000,105.186,105.317,103.946,104.056,13330800.06
03.02.2023 20:00:00.000,104.047,105.137,103.896,104.716,13598400.12
06.02.2023 14:00:00.000,102.396,104.347,102.257,103.446,15615599.63
06.02.2023 15:00:00.000,103.457,103.856,101.866,102.777,25663200.38
06.02.2023 16:00:00.000,102.776,103.417,102.236,102.877,16210800.17
06.02.2023 17:00:00.000,102.876,103.347,102.526,103.036,13921199.8
06.02.2023 18:00:00.000,103.046,103.117,102.387,102.586,12676799.77
06.02.2023 19:00:00.000,102.587,103.887,102.587,103.007,11943599.7
06.02.2023 20:00:00.000,102.987,103.327,102.617,102.897,10289999.96
07.02.2023 14:00:00.000,103.197,103.917,103.106,103.227,13862400.05
07.02.2023 15:00:00.000,103.186,104.737,103.106,104.356,18347999.57
07.02.2023 16:00:00.000,104.367,105.537,104.266,105.137,13090800.29
07.02.2023 17:00:00.000,105.157,106.686,104.596,106.336,19059600.83
07.02.2023 18:00:00.000,106.317,106.577,103.706,104.587,34619998.93
07.02.2023 19:00:00.000,104.576,106.846,104.526,106.676,23966400.15
07.02.2023 20:00:00.000,106.677,108.167,106.236,107.627,14022000.31
08.02.2023 14:00:00.000,102.026,103.107,100.526,101.447,17702400.21
08.02.2023 15:00:00.000,101.426,101.587,99.256,99.256,23271600.72
08.02.2023 16:00:00.000,99.257,99.407,98.016,99.077,19815599.44
08.02.2023 17:00:00.000,99.076,99.917,98.467,99.486,15298800.47
08.02.2023 18:00:00.000,99.476,99.827,98.577,99.147,13155599.59
08.02.2023 19:00:00.000,99.157,99.797,98.906,99.686,10628399.85
08.02.2023 20:00:00.000,99.696,99.707,98.946,99.386,10912799.84
09.02.2023 14:00:00.000,99.786,99.997,96.216,96.646,16263599.4
09.02.2023 15:00:00.000,96.637,96.696,95.266,95.446,23975999.83
09.02.2023 16:00:00.000,95.447,95.447,93.847,94.196,17798400.88
09.02.2023 17:00:00.000,94.187,94.477,93.616,94.047,11916000.37
09.02.2023 18:00:00.000,94.027,95.046,93.896,94.977,12817199.71
09.02.2023 19:00:00.000,94.967,95.147,94.006,94.247,11387999.53
09.02.2023 20:00:00.000,94.237,95.247,93.896,94.987,11578800.2
10.02.2023 14:00:00.000,95.387,96.727,95.036,95.246,15660300.25
10.02.2023 15:00:00.000,95.286,95.937,94.726,95.416,27931200.03
10.02.2023 16:00:00.000,95.417,95.517,94.576,94.597,15556799.89
10.02.2023 17:00:00.000,94.586,94.946,94.236,94.736,13474800.11
10.02.2023 18:00:00.000,94.747,95.337,94.736,94.896,11277600.29
10.02.2023 19:00:00.000,94.896,94.937,94.387,94.576,11060400.01
10.02.2023 20:00:00.000,94.587,94.767,94.296,94.557,12019200.33
13.02.2023 14:00:00.000,94.717,95.127,94.296,94.997,14916000.37
13.02.2023 15:00:00.000,95.007,95.177,93.836,94.137,18780000.69
13.02.2023 16:00:00.000,94.136,94.786,93.976,94.286,10505999.57
13.02.2023 17:00:00.000,94.277,94.767,94.226,94.536,7737599.85
13.02.2023 18:00:00.000,94.536,94.946,94.206,94.817,6282000.06
13.02.2023 19:00:00.000,94.816,94.857,94.106,94.257,8121600.15
13.02.2023 20:00:00.000,94.267,94.637,94.096,94.627,9300000.19
14.02.2023 14:00:00.000,94.206,94.557,93.277,93.836,13241999.63
14.02.2023 15:00:00.000,93.836,94.276,92.476,92.917,20250000
14.02.2023 16:00:00.000,92.917,93.397,92.247,92.656,20766000.75
14.02.2023 17:00:00.000,92.647,93.487,92.527,93.207,12887999.53
14.02.2023 18:00:00.000,93.216,94.057,93.176,93.656,15107999.8
14.02.2023 19:00:00.000,93.657,94.207,93.246,94.146,11105999.95
14.02.2023 20:00:00.000,94.147,94.836,93.777,94.656,9158399.58
15.02.2023 14:00:00.000,94.377,95.177,94.106,94.377,13998000.15
15.02.2023 15:00:00.000,94.387,95.267,94.216,95.176,21829200.74
15.02.2023 16:00:00.000,95.177,96.837,95.156,96.207,13722000.12
15.02.2023 17:00:00.000,96.216,96.497,95.906,96.157,13031999.59
15.02.2023 18:00:00.000,96.146,96.687,96.056,96.607,7955999.85
15.02.2023 19:00:00.000,96.616,97.097,96.556,96.676,6789599.9
15.02.2023 20:00:00.000,96.677,96.956,96.376,96.956,6493199.83
16.02.2023 14:00:00.000,95.347,96.507,94.727,96.097,13429200.17
16.02.2023 15:00:00.000,96.106,97.577,95.606,97.536,18471599.58
16.02.2023 16:00:00.000,97.537,97.666,96.516,96.927,16981199.26
16.02.2023 17:00:00.000,96.936,97.047,96.256,96.587,14936400.41
16.02.2023 18:00:00.000,96.586,96.967,96.346,96.816,13225199.7
16.02.2023 19:00:00.000,96.826,97.056,96.566,96.767,9728400.23
16.02.2023 20:00:00.000,96.757,96.817,95.296,95.497,15916799.55
17.02.2023 14:00:00.000,94.766,95.526,93.846,94.056,11204400.06
17.02.2023 15:00:00.000,94.046,94.377,93.816,93.876,18897600.17
17.02.2023 16:00:00.000,93.867,94.037,93.206,93.757,12040800.09
17.02.2023 17:00:00.000,93.737,93.987,93.476,93.597,9518400.19
17.02.2023 18:00:00.000,93.606,93.947,93.437,93.637,10192799.57
17.02.2023 19:00:00.000,93.636,94.327,93.566,94.217,9684000.02
17.02.2023 20:00:00.000,94.237,94.567,93.976,94.296,11640000.34
21.02.2023 14:00:00.000,92.986,93.087,92.376,92.646,13911600.11
21.02.2023 15:00:00.000,92.597,92.977,92.107,92.297,17879999.16
21.02.2023 16:00:00.000,92.307,92.417,92.066,92.146,10567199.71
21.02.2023 17:00:00.000,92.136,92.316,91.787,91.926,9957599.64
21.02.2023 18:00:00.000,91.927,92.017,91.727,91.887,7585199.83
21.02.2023 19:00:00.000,91.887,92.067,91.716,91.986,7990799.9
21.02.2023 20:00:00.000,91.987,92.257,91.736,91.786,8848799.71
22.02.2023 14:00:00.000,91.626,92.076,91.437,91.506,11888400.08
22.02.2023 15:00:00.000,91.517,91.987,90.596,91.736,15470399.86
22.02.2023 16:00:00.000,91.746,91.967,91.416,91.857,12139200.21
22.02.2023 17:00:00.000,91.866,92.027,91.686,91.977,9369600.3
22.02.2023 18:00:00.000,91.967,92.097,91.766,91.807,7160399.91
22.02.2023 19:00:00.000,91.817,92.096,91.386,91.496,22568399.43
22.02.2023 20:00:00.000,91.506,91.887,91.446,91.626,16854000.09
23.02.2023 14:00:00.000,91.846,91.917,90.846,91.426,11731200.22
23.02.2023 15:00:00.000,91.426,91.607,90.366,90.376,15833999.63
23.02.2023 16:00:00.000,90.386,90.636,89.947,89.997,12173999.79
23.02.2023 17:00:00.000,89.997,90.287,89.746,90.187,8904000.28
23.02.2023 18:00:00.000,90.176,90.467,89.896,90.366,8937600.14
23.02.2023 19:00:00.000,90.347,91.147,90.256,90.776,9753600.12
23.02.2023 20:00:00.000,90.776,91.127,90.776,90.867,8721599.58
24.02.2023 14:00:00.000,89.496,89.876,89.126,89.207,13384799.96
24.02.2023 15:00:00.000,89.187,89.337,88.556,88.787,16208400.73
24.02.2023 16:00:00.000,88.797,89.196,88.656,88.996,11785200.12
24.02.2023 17:00:00.000,88.997,89.196,88.746,88.947,10378800.39
24.02.2023 18:00:00.000,88.936,89.056,88.786,88.886,9553199.77
24.02.2023 19:00:00.000,88.886,89.267,88.786,89.196,8979599.95
24.02.2023 20:00:00.000,89.196,89.357,88.826,89.146,10180800.44
27.02.2023 14:00:00.000,89.767,89.996,89.316,89.756,11581199.65
27.02.2023 15:00:00.000,89.776,90.157,89.547,89.717,15127200.13
27.02.2023 16:00:00.000,89.716,89.917,89.467,89.767,9446399.69
27.02.2023 17:00:00.000,89.776,89.866,89.576,89.797,7504799.84
27.02.2023 18:00:00.000,89.806,89.987,89.606,89.977,5930399.89
27.02.2023 19:00:00.000,89.986,90.087,89.556,89.746,6175199.99
27.02.2023 20:00:00.000,89.737,89.897,89.487,89.837,6105599.88
28.02.2023 14:00:00.000,89.297,90.157,89.296,89.966,11310000.42
28.02.2023 15:00:00.000,89.977,90.567,89.856,90.027,16216800.69
28.02.2023 16:00:00.000,90.037,90.567,89.976,90.176,9363599.78
28.02.2023 17:00:00.000,90.176,91.057,90.176,90.897,8578800.2
28.02.2023 18:00:00.000,90.907,91.216,90.876,90.997,7145999.91
28.02.2023 19:00:00.000,90.986,91.037,90.586,90.636,7654799.94
28.02.2023 20:00:00.000,90.627,90.707,90.046,90.056,7954800.13
01.03.2023 14:00:00.000,89.936,91.017,89.657,90.706,11213999.75
01.03.2023 15:00:00.000,90.726,90.847,89.797,90.367,17319599.15
01.03.2023 16:00:00.000,90.367,90.667,89.746,90.546,13128000.26
01.03.2023 17:00:00.000,90.536,90.987,90.366,90.707,10312800.41
01.03.2023 18:00:00.000,90.716,90.717,90.246,90.436,7753200.05
01.03.2023 19:00:00.000,90.426,90.507,90.106,90.277,8619600.3
01.03.2023 20:00:00.000,90.277,90.416,89.986,90.366,8858400.34
02.03.2023 14:00:00.000,89.647,90.167,89.577,90.087,10461600.3
02.03.2023 15:00:00.000,90.086,90.287,89.756,90.106,15212400.44
02.03.2023 16:00:00.000,90.117,90.467,89.986,90.217,8938799.86
02.03.2023 17:00:00.000,90.226,90.617,90.136,90.597,5656799.79
02.03.2023 18:00:00.000,90.596,91.416,90.566,91.406,7748400.21
02.03.2023 19:00:00.000,91.407,92.077,91.406,91.967,9542400.36
02.03.2023 20:00:00.000,91.966,92.266,91.806,91.996,9219599.72
03.03.2023 14:00:00.000,92.387,93.296,92.376,93.256,9363599.78
03.03.2023 15:00:00.000,93.247,93.687,92.686,93.566,14042400.36
03.03.2023 16:00:00.000,93.586,93.607,93.046,93.386,9708000.18
03.03.2023 17:00:00.000,93.397,93.457,93.106,93.426,7324800.01
03.03.2023 18:00:00.000,93.426,93.577,93.226,93.436,5138400.08
03.03.2023 19:00:00.000,93.426,93.696,93.306,93.586,4228799.82
03.03.2023 20:00:00.000,93.596,93.717,93.166,93.657,6098400.12
06.03.2023 14:00:00.000,93.996,94.857,93.996,94.837,9409199.71
06.03.2023 15:00:00.000,94.847,95.567,94.686,95.497,11578800.2
06.03.2023 16:00:00.000,95.496,95.957,95.446,95.597,7099199.77
06.03.2023 17:00:00.000,95.587,95.747,95.147,95.297,7531199.93
06.03.2023 18:00:00.000,95.296,95.457,95.076,95.186,8205599.78
06.03.2023 19:00:00.000,95.197,95.447,95.156,95.237,7032000.06
06.03.2023 20:00:00.000,95.247,95.437,95.016,95.126,6940800.19
07.03.2023 14:00:00.000,94.957,95.647,94.946,95.197,8828399.66
07.03.2023 15:00:00.000,95.206,95.207,93.966,94.367,21384000.78
07.03.2023 16:00:00.000,94.357,94.837,94.297,94.517,13627200.13
07.03.2023 17:00:00.000,94.526,94.977,94.256,94.347,10267200.47
07.03.2023 18:00:00.000,94.357,94.387,93.667,93.737,8055600.17
07.03.2023 19:00:00.000,93.736,94.057,93.576,93.596,5445600.03
07.03.2023 20:00:00.000,93.587,93.927,93.526,93.866,5115600.11
08.03.2023 14:00:00.000,93.887,94.837,93.887,94.796,10413599.97
08.03.2023 15:00:00.000,94.727,95.377,94.236,95.326,20355600.36
08.03.2023 16:00:00.000,95.326,95.937,95.176,95.587,11692799.57
08.03.2023 17:00:00.000,95.597,95.667,94.686,95.077,9081600.19
08.03.2023 18:00:00.000,95.076,95.077,94.546,94.626,9754799.84
08.03.2023 19:00:00.000,94.636,94.776,94.196,94.266,6278399.94
08.03.2023 20:00:00.000,94.256,94.597,93.996,94.247,5677199.84
09.03.2023 14:00:00.000,93.927,95.507,93.917,95.087,11282400.13
09.03.2023 15:00:00.000,95.107,95.416,94.656,94.816,13449600.22
09.03.2023 16:00:00.000,94.807,94.967,94.537,94.666,8607600.21
09.03.2023 17:00:00.000,94.647,94.867,94.036,94.137,8398799.9
09.03.2023 18:00:00.000,94.146,94.367,93.146,93.387,11270400.05
09.03.2023 19:00:00.000,93.387,93.526,93.036,93.127,10891200.07
09.03.2023 20:00:00.000,93.127,93.187,91.896,92.276,14782799.72
10.03.2023 14:00:00.000,92.096,92.767,91.556,91.716,14489999.77
10.03.2023 15:00:00.000,91.717,92.437,91.327,92.137,27490800.86
10.03.2023 16:00:00.000,92.136,92.677,91.876,92.116,20219999.31
10.03.2023 17:00:00.000,92.116,92.337,91.596,91.677,16889999.39
10.03.2023 18:00:00.000,91.667,91.897,90.386,90.407,14098799.71
10.03.2023 19:00:00.000,90.406,91.396,90.386,91.227,20314800.26
10.03.2023 20:00:00.000,91.216,91.287,90.396,90.576,20343599.32
13.03.2023 13:00:00.000,90.027,91.747,89.416,91.336,15821999.55
13.03.2023 14:00:00.000,91.347,91.957,90.737,91.486,30798000.34
13.03.2023 15:00:00.000,91.497,92.377,91.386,92.076,29091600.42
13.03.2023 16:00:00.000,92.087,92.566,91.847,91.967,25256399.15
13.03.2023 17:00:00.000,91.966,91.977,91.187,91.767,20724000.93
13.03.2023 18:00:00.000,91.777,92.437,91.756,92.297,21854400.63
13.03.2023 19:00:00.000,92.296,92.447,91.036,91.056,22844400.41
14.03.2023 13:00:00.000,92.497,94.017,92.446,93.916,14188799.86
14.03.2023 14:00:00.000,93.947,94.347,93.646,93.767,16667999.27
14.03.2023 15:00:00.000,93.766,94.177,93.696,93.737,9115200.04
14.03.2023 16:00:00.000,93.736,94.057,93.396,93.517,10763999.94
14.03.2023 17:00:00.000,93.517,93.647,92.816,93.036,15260399.82
14.03.2023 18:00:00.000,93.036,93.357,92.426,93.277,13135199.55
14.03.2023 19:00:00.000,93.276,94.046,92.586,93.916,13973999.98
15.03.2023 13:00:00.000,93.207,94.136,92.936,93.157,15356399.54
15.03.2023 14:00:00.000,93.177,93.807,92.626,93.286,26290800.09
15.03.2023 15:00:00.000,93.297,94.907,93.106,94.577,20470800.4
15.03.2023 16:00:00.000,94.566,95.077,94.216,94.657,15256799.7
15.03.2023 17:00:00.000,94.656,96.057,94.596,95.926,16360799.79
15.03.2023 18:00:00.000,95.936,96.707,95.617,96.506,20780399.32
15.03.2023 19:00:00.000,96.517,96.917,95.657,96.086,21087600.71
16.03.2023 13:00:00.000,96.187,97.716,95.496,97.626,13656000.14
16.03.2023 14:00:00.000,97.627,99.447,97.136,99.107,21784799.58
16.03.2023 15:00:00.000,99.117,100.166,99.066,99.687,16066799.16
16.03.2023 16:00:00.000,99.686,100.407,99.157,100.336,14660400.39
16.03.2023 17:00:00.000,100.336,100.687,100.116,100.347,10815600.4
16.03.2023 18:00:00.000,100.336,100.836,100.227,100.797,8535599.71
16.03.2023 19:00:00.000,100.806,101.167,99.967,100.277,8786399.84
17.03.2023 13:00:00.000,100.237,102.436,100.096,102.207,14811599.73
17.03.2023 14:00:00.000,102.246,102.827,100.706,101.547,23341199.87
17.03.2023 15:00:00.000,101.557,101.737,100.316,101.107,19971599.58
17.03.2023 16:00:00.000,101.117,101.877,101.056,101.417,18125999.45
17.03.2023 17:00:00.000,101.427,102.036,101.347,101.807,14895600.32
17.03.2023 18:00:00.000,101.797,101.917,100.916,101.136,14140800.48
17.03.2023 19:00:00.000,101.147,101.777,100.996,101.557,15925200.46
20.03.2023 13:00:00.000,100.086,100.916,99.867,100.156,14923199.65
20.03.2023 14:00:00.000,100.156,101.287,100.136,101.256,20927999.5
20.03.2023 15:00:00.000,101.256,101.747,100.927,100.946,13157999.99
20.03.2023 16:00:00.000,100.946,101.257,100.596,101.157,12057600.02
20.03.2023 17:00:00.000,101.167,101.386,100.767,101.146,8775600.43
20.03.2023 18:00:00.000,101.136,101.467,100.896,101.246,8209199.91
20.03.2023 19:00:00.000,101.257,101.377,100.976,101.236,9308400.15
21.03.2023 13:00:00.000,101.206,102.407,101.136,102.366,10760399.82
21.03.2023 14:00:00.000,102.347,103.147,102.057,102.277,17314800.26
21.03.2023 15:00:00.000,102.266,103.417,102.216,103.207,12064800.26
21.03.2023 16:00:00.000,103.206,104.437,103.066,104.277,9432000.16
21.03.2023 17:00:00.000,104.286,105.086,104.216,104.497,7964399.81
21.03.2023 18:00:00.000,104.496,104.517,103.826,104.407,7532400.13
21.03.2023 19:00:00.000,104.406,105.067,104.347,104.846,5743199.83
22.03.2023 13:00:00.000,104.126,104.887,103.656,104.746,10976400.38
22.03.2023 14:00:00.000,104.756,105.116,104.217,104.856,12515999.79
22.03.2023 15:00:00.000,104.857,106.126,104.787,105.676,10150799.75
22.03.2023 16:00:00.000,105.677,105.766,104.916,105.376,7688399.79
22.03.2023 17:00:00.000,105.387,105.387,104.957,105.176,5961599.83
22.03.2023 18:00:00.000,105.217,106.577,104.436,105.297,30259199.14
22.03.2023 19:00:00.000,105.296,106.307,103.316,103.347,30013200.76
23.03.2023 13:00:00.000,104.906,105.416,104.446,105.157,11772000.31
23.03.2023 14:00:00.000,105.137,106.287,105.117,105.927,16577999.12
23.03.2023 15:00:00.000,105.936,106.067,105.526,105.886,12326399.8
23.03.2023 16:00:00.000,105.876,106.217,105.676,105.926,12157199.86
23.03.2023 17:00:00.000,105.936,106.076,105.396,105.656,14189999.58
23.03.2023 18:00:00.000,105.657,105.807,104.807,105.446,17324399.95
23.03.2023 19:00:00.000,105.457,106.176,104.976,105.457,26012399.67
24.03.2023 13:00:00.000,104.967,105.307,104.347,105.027,12781200.41
24.03.2023 14:00:00.000,105.026,105.156,104.417,104.897,22295999.53
24.03.2023 15:00:00.000,104.906,105.347,103.826,105.137,19500000
24.03.2023 16:00:00.000,105.136,105.247,104.246,104.547,16238399.51
24.03.2023 17:00:00.000,104.556,105.056,104.356,104.876,13036800.38
24.03.2023 18:00:00.000,104.887,105.186,104.636,104.996,10755599.98
24.03.2023 19:00:00.000,105.006,105.457,104.776,105.427,10918800.35
27.03.2023 13:00:00.000,104.506,104.747,103.416,104.656,11142000.2
27.03.2023 14:00:00.000,104.657,104.707,103.006,103.246,15552000.05
27.03.2023 15:00:00.000,103.257,103.527,102.316,102.356,13281600
27.03.2023 16:00:00.000,102.366,102.947,102.116,102.527,11547599.79
27.03.2023 17:00:00.000,102.536,102.937,101.916,102.536,10029600.14
27.03.2023 18:00:00.000,102.526,103.217,102.376,103.166,7349999.9
27.03.2023 19:00:00.000,103.166,103.326,102.247,102.417,10272000.31
28.03.2023 13:00:00.000,102.237,102.276,99.727,100.216,10309200.29
28.03.2023 14:00:00.000,100.227,101.047,99.746,99.757,13839599.61
28.03.2023 15:00:00.000,99.746,100.807,99.736,100.786,9110400.2
28.03.2023 16:00:00.000,100.796,100.937,100.076,100.396,6647999.76
28.03.2023 17:00:00.000,100.396,100.877,100.046,100.147,6643199.92
28.03.2023 18:00:00.000,100.137,100.957,100.076,100.677,5582399.85
28.03.2023 19:00:00.000,100.686,101.107,100.666,100.996,7011600.02
29.03.2023 13:00:00.000,102.307,102.417,101.007,101.497,8557200.43
29.03.2023 14:00:00.000,101.496,101.656,100.626,100.977,11805600.17
29.03.2023 15:00:00.000,100.966,101.687,100.947,101.577,6127200.13
29.03.2023 16:00:00.000,101.586,101.647,101.276,101.347,3980400.09
29.03.2023 17:00:00.000,101.337,101.527,101.116,101.326,4915200.23
29.03.2023 18:00:00.000,101.326,101.466,101.136,101.347,5163599.97
29.03.2023 19:00:00.000,101.356,101.527,101.156,101.327,5373600.01
30.03.2023 13:00:00.000,100.886,100.936,99.767,100.327,8151599.88
30.03.2023 14:00:00.000,100.326,100.677,99.776,100.537,11457599.64
30.03.2023 15:00:00.000,100.537,100.857,100.226,100.527,7828800.2
30.03.2023 16:00:00.000,100.516,100.807,100.376,100.636,8206800.46
30.03.2023 17:00:00.000,100.647,100.777,100.486,100.637,6625199.79
30.03.2023 18:00:00.000,100.627,100.727,100.526,100.637,5397600.17
30.03.2023 19:00:00.000,100.636,101.147,100.597,100.817,4527599.81
31.03.2023 13:00:00.000,101.246,101.907,101.036,101.826,8006400.11
31.03.2023 14:00:00.000,101.837,103.237,101.606,102.546,10575599.67
31.03.2023 15:00:00.000,102.567,102.856,102.346,102.527,6937200.07
31.03.2023 16:00:00.000,102.527,102.606,102.246,102.386,5495999.81
31.03.2023 17:00:00.000,102.387,102.756,102.226,102.716,5111999.99
31.03.2023 18:00:00.000,102.726,102.987,102.586,102.987,4423200.13
31.03.2023 19:00:00.000,102.977,103.867,102.976,103.657,8918399.81
03.04.2023 13:00:00.000,102.326,103.757,102.097,103.277,9439200.4
03.04.2023 14:00:00.000,103.276,103.727,102.686,102.907,14569199.56
03.04.2023 15:00:00.000,102.896,103.056,102.526,103.036,9168000.22
03.04.2023 16:00:00.000,103.047,103.387,102.926,103.136,6366000.18
03.04.2023 17:00:00.000,103.126,103.147,102.856,103.066,6546000
03.04.2023 18:00:00.000,103.067,103.686,102.866,103.636,4806000.23
03.04.2023 19:00:00.000,103.637,104.517,103.586,104.366,4941599.85
04.04.2023 13:00:00.000,104.257,105.287,104.027,105.046,9828000.07
04.04.2023 14:00:00.000,105.076,105.567,104.866,105.087,16423200.61
04.04.2023 15:00:00.000,105.087,105.336,104.676,104.806,11904000.28
04.04.2023 16:00:00.000,104.807,104.907,104.226,104.536,10218000.41
04.04.2023 17:00:00.000,104.536,104.827,104.466,104.646,6501599.79
04.04.2023 18:00:00.000,104.646,104.826,104.256,104.386,6322800.16
04.04.2023 19:00:00.000,104.386,104.757,104.216,104.736,8446800.23
05.04.2023 13:00:00.000,105.327,106.096,104.127,104.906,11131199.84
05.04.2023 14:00:00.000,104.907,105.217,103.696,103.747,16219200.13
05.04.2023 15:00:00.000,103.736,104.527,103.706,104.147,8662799.84
05.04.2023 16:00:00.000,104.157,104.206,103.646,103.847,7040400.03
05.04.2023 17:00:00.000,103.856,104.197,103.667,104.097,5355599.88
05.04.2023 18:00:00.000,104.086,104.517,103.877,104.317,4784399.99
05.04.2023 19:00:00.000,104.306,104.617,103.856,104.436,6548399.93
06.04.2023 13:00:00.000,105.226,105.267,104.286,104.917,10677599.91
06.04.2023 14:00:00.000,104.927,106.327,104.826,105.747,14612400.05
06.04.2023 15:00:00.000,105.747,107.137,105.687,106.957,9176400.18
06.04.2023 16:00:00.000,106.966,107.307,106.766,106.797,7798799.99
06.04.2023 17:00:00.000,106.807,108.057,106.746,108.056,5654399.87
06.04.2023 18:00:00.000,108.056,109.137,108.047,108.397,8748000.15
06.04.2023 19:00:00.000,108.396,108.617,108.076,108.487,6746399.88
10.04.2023 13:00:00.000,106.897,107.557,105.967,106.376,13279199.6
10.04.2023 14:00:00.000,106.377,106.396,105.566,105.947,15542400.36
10.04.2023 15:00:00.000,105.956,106.396,105.886,105.946,8350799.56
10.04.2023 16:00:00.000,105.947,105.967,105.106,105.947,9357600.21
10.04.2023 17:00:00.000,105.956,106.437,105.936,106.267,5889599.8
10.04.2023 18:00:00.000,106.277,106.557,106.157,106.497,5552400.11
10.04.2023 19:00:00.000,106.507,106.587,106.226,106.446,6482399.94
11.04.2023 13:00:00.000,106.426,106.717,105.446,105.516,12253199.58
11.04.2023 14:00:00.000,105.536,105.657,104.666,104.946,14362799.64
11.04.2023 15:00:00.000,104.937,105.376,104.876,105.297,8944800.38
11.04.2023 16:00:00.000,105.296,105.647,105.236,105.517,7353600.03
11.04.2023 17:00:00.000,105.516,105.967,105.456,105.867,5716800.21
11.04.2023 18:00:00.000,105.876,106.176,105.666,106.106,5300399.78
11.04.2023 19:00:00.000,106.116,106.167,105.096,105.316,8122799.87
12.04.2023 13:00:00.000,106.436,106.727,105.346,105.436,11528400.42
12.04.2023 14:00:00.000,105.416,105.917,104.676,104.766,16971599.58
12.04.2023 15:00:00.000,104.766,105.417,104.327,105.277,12689999.58
12.04.2023 16:00:00.000,105.286,105.607,105.116,105.567,7120800.02
12.04.2023 17:00:00.000,105.576,105.677,105.036,105.086,6261600.02
12.04.2023 18:00:00.000,105.066,105.347,104.316,104.707,12964799.88
12.04.2023 19:00:00.000,104.707,104.906,104.376,104.637,11543999.67
13.04.2023 13:00:00.000,105.757,106.987,105.757,106.687,10369199.75
13.04.2023 14:00:00.000,106.716,107.066,106.367,106.386,11656800.27
13.04.2023 15:00:00.000,106.396,106.887,106.327,106.626,8072400.09
13.04.2023 16:00:00.000,106.627,106.867,106.516,106.797,6368400.1
13.04.2023 17:00:00.000,106.797,107.276,106.656,107.237,5657999.99
13.04.2023 18:00:00.000,107.246,107.457,107.056,107.177,5545199.87
13.04.2023 19:00:00.000,107.186,107.477,107.036,107.387,5689199.92
14.04.2023 13:00:00.000,106.846,108.067,106.787,107.767,9686400.41
14.04.2023 14:00:00.000,107.746,108.077,107.116,107.717,18962400.44
14.04.2023 15:00:00.000,107.747,108.067,107.496,107.926,11555999.76
14.04.2023 16:00:00.000,107.916,107.927,107.246,107.417,9326399.8
14.04.2023 17:00:00.000,107.426,108.007,107.347,107.897,7447199.82
14.04.2023 18:00:00.000,107.906,108.847,107.857,108.816,5685599.8
14.04.2023 19:00:00.000,108.806,108.926,108.246,108.827,7270800.11
17.04.2023 13:00:00.000,104.517,105.897,104.516,105.026,13090800.29
17.04.2023 14:00:00.000,105.026,105.987,104.896,105.546,16086000.44
17.04.2023 15:00:00.000,105.546,105.557,104.706,105.076,11661600.11
17.04.2023 16:00:00.000,105.076,105.366,104.936,105.316,7464000.23
17.04.2023 17:00:00.000,105.326,105.857,105.206,105.547,6727200.03
17.04.2023 18:00:00.000,105.546,105.937,105.376,105.877,7019999.98
17.04.2023 19:00:00.000,105.886,106.147,105.766,105.976,7411200.05
18.04.2023 13:00:00.000,106.397,106.496,105.396,105.746,10185600.28
18.04.2023 14:00:00.000,105.757,105.867,104.796,105.006,14324399.95
18.04.2023 15:00:00.000,105.017,105.327,104.906,104.966,11799599.65
18.04.2023 16:00:00.000,104.947,105.267,104.776,104.917,8484000.21
18.04.2023 17:00:00.000,104.916,104.937,104.396,104.686,5571599.96
18.04.2023 18:00:00.000,104.687,104.867,104.236,104.266,8647199.63
18.04.2023 19:00:00.000,104.257,104.617,104.046,104.406,6807600.02
19.04.2023 13:00:00.000,103.596,104.127,103.047,103.117,9794400.22
19.04.2023 14:00:00.000,103.126,104.017,103.116,103.826,12931200.03
19.04.2023 15:00:00.000,103.827,104.467,103.826,104.467,8692799.57
19.04.2023 16:00:00.000,104.477,104.717,104.347,104.607,6185999.87
19.04.2023 17:00:00.000,104.617,104.857,104.546,104.837,4833600.04
19.04.2023 18:00:00.000,104.836,104.967,104.406,104.556,6024000.17
19.04.2023 19:00:00.000,104.546,104.647,104.027,104.187,6216000.08
20.04.2023 13:00:00.000,103.746,105.077,103.746,104.856,7322400.09
20.04.2023 14:00:00.000,104.847,105.057,104.417,104.896,12729599.95
20.04.2023 15:00:00.000,104.896,105.377,104.516,105.236,9514800.07
20.04.2023 16:00:00.000,105.247,105.697,104.976,105.677,7474800.11
20.04.2023 17:00:00.000,105.687,106.237,105.636,105.887,6877200.13
20.04.2023 18:00:00.000,105.887,105.897,104.966,105.186,9853199.96
20.04.2023 19:00:00.000,105.196,105.457,104.596,105.277,10771200.18
21.04.2023 13:00:00.000,105.387,105.976,104.936,105.036,13239600.18
21.04.2023 14:00:00.000,105.017,105.647,104.766,105.637,16592399.6
21.04.2023 15:00:00.000,105.646,105.957,105.276,105.327,10045200.35
21.04.2023 16:00:00.000,105.336,105.496,104.946,105.097,9259200.1
21.04.2023 17:00:00.000,105.097,105.497,104.896,105.377,8577599.53
21.04.2023 18:00:00.000,105.396,105.567,105.077,105.146,6807600.02
21.04.2023 19:00:00.000,105.146,105.437,104.916,105.386,6892799.85
24.04.2023 13:00:00.000,105.407,106.437,104.666,106.086,10867199.9
24.04.2023 14:00:00.000,106.076,106.287,105.016,105.377,14718000.41
24.04.2023 15:00:00.000,105.397,105.777,105.207,105.337,8479200.36
24.04.2023 16:00:00.000,105.327,105.757,105.326,105.656,6115200.04
24.04.2023 17:00:00.000,105.656,106.277,105.566,106.256,5240399.84
24.04.2023 18:00:00.000,106.246,106.617,106.136,106.297,6352799.89
24.04.2023 19:00:00.000,106.316,106.367,105.796,105.937,5309999.94
25.04.2023 13:00:00.000,105.736,106.677,105.306,105.377,10798800.47
25.04.2023 14:00:00.000,105.376,105.777,105.106,105.417,14067600.25
25.04.2023 15:00:00.000,105.417,106.107,105.296,105.827,8402400.02
25.04.2023 16:00:00.000,105.816,105.996,105.247,105.567,7251599.79
25.04.2023 17:00:00.000,105.566,105.706,104.686,104.777,8462400.44
25.04.2023 18:00:00.000,104.767,104.987,104.546,104.667,7907999.99
25.04.2023 19:00:00.000,104.657,104.737,103.826,103.877,9364800.45
26.04.2023 13:00:00.000,104.946,105.796,102.617,105.696,12885600.09
26.04.2023 14:00:00.000,105.646,106.327,104.946,105.006,16384799.96
26.04.2023 15:00:00.000,105.006,105.687,104.146,104.227,11103599.55
26.04.2023 16:00:00.000,104.216,104.787,103.306,103.536,9699600.22
26.04.2023 17:00:00.000,103.547,103.837,103.256,103.677,8633999.82
26.04.2023 18:00:00.000,103.676,103.857,103.276,103.426,9705599.78
26.04.2023 19:00:00.000,103.437,103.907,103.356,103.576,8534399.99
27.04.2023 13:00:00.000,104.446,105.976,103.527,105.287,12022800.45
27.04.2023 14:00:00.000,105.297,107.047,105.286,106.457,13508399.96
27.04.2023 15:00:00.000,106.466,107.887,106.347,107.456,10475999.83
27.04.2023 16:00:00.000,107.447,107.987,107.396,107.916,8018400.19
27.04.2023 17:00:00.000,107.916,108.357,107.776,108.046,5780399.8
27.04.2023 18:00:00.000,108.067,108.297,107.996,108.126,5607600.21
27.04.2023 19:00:00.000,108.117,108.247,107.446,107.546,6090000.15
28.04.2023 13:00:00.000,107.007,107.127,106.096,106.256,10407600.4
28.04.2023 14:00:00.000,106.256,106.797,105.217,105.346,15999600.41
28.04.2023 15:00:00.000,105.347,106.387,105.086,106.306,12597599.98
28.04.2023 16:00:00.000,106.297,106.916,106.196,106.886,8506799.7
28.04.2023 17:00:00.000,106.887,106.957,106.556,106.786,6984000.21
28.04.2023 18:00:00.000,106.787,107.147,106.566,107.136,7466400.15
28.04.2023 19:00:00.000,107.147,107.317,106.896,107.287,6902400.02
01.05.2023 13:00:00.000,106.827,107.497,106.796,107.167,10086000.44
01.05.2023 14:00:00.000,107.136,107.687,106.806,107.637,13666799.55
01.05.2023 15:00:00.000,107.636,107.687,106.976,107.366,10560000.42
01.05.2023 16:00:00.000,107.366,107.666,107.247,107.627,7650000.1
01.05.2023 17:00:00.000,107.616,107.977,107.477,107.767,6759600.16
01.05.2023 18:00:00.000,107.756,107.917,107.096,107.377,7742400.17
01.05.2023 19:00:00.000,107.387,107.447,107.006,107.126,9803999.9
02.05.2023 13:00:00.000,107.117,107.177,105.796,106.177,9779999.73
02.05.2023 14:00:00.000,106.176,106.297,103.696,104.006,15833999.63
02.05.2023 15:00:00.000,103.997,105.147,103.857,104.676,13690799.71
02.05.2023 16:00:00.000,104.666,105.427,104.576,105.377,9336000.44
02.05.2023 17:00:00.000,105.366,105.797,105.316,105.767,7450799.94
02.05.2023 18:00:00.000,105.766,105.787,105.236,105.547,7918799.88
02.05.2023 19:00:00.000,105.546,105.647,105.216,105.297,8161199.57
03.05.2023 13:00:00.000,105.536,106.177,104.946,106.016,8612400.05
03.05.2023 14:00:00.000,106.027,106.147,105.536,105.726,12998399.73
03.05.2023 15:00:00.000,105.726,106.077,105.606,105.997,9124799.73
03.05.2023 16:00:00.000,106.007,106.017,105.646,105.946,5848800.18
03.05.2023 17:00:00.000,105.956,106.057,105.587,105.916,7349999.9
03.05.2023 18:00:00.000,105.906,107.467,105.637,106.756,25664400.1
03.05.2023 19:00:00.000,106.747,106.887,105.317,105.396,26137199.4
04.05.2023 13:00:00.000,105.357,105.566,104.477,104.907,11288399.7
04.05.2023 14:00:00.000,104.896,105.307,103.956,104.226,19739999.77
04.05.2023 15:00:00.000,104.226,104.977,104.216,104.627,14641200.07
04.05.2023 16:00:00.000,104.627,105.277,104.516,105.256,8052000.05
04.05.2023 17:00:00.000,105.256,105.557,104.856,105.176,9398400.31
04.05.2023 18:00:00.000,105.186,105.296,104.737,104.856,9962400.44
04.05.2023 19:00:00.000,104.846,105.066,104.566,104.666,10003199.58
05.05.2023 13:00:00.000,104.807,104.987,104.106,104.286,11079600.33
05.05.2023 14:00:00.000,104.276,105.097,104.207,105.047,13834799.77
05.05.2023 15:00:00.000,105.056,105.086,104.427,104.566,6698400.02
05.05.2023 16:00:00.000,104.577,105.247,104.577,105.156,5000400.07
05.05.2023 17:00:00.000,105.147,105.327,104.986,105.126,4664400.1
05.05.2023 18:00:00.000,105.137,105.867,105.076,105.767,5365200.04
05.05.2023 19:00:00.000,105.757,105.817,105.347,105.546,5775599.96
08.05.2023 13:00:00.000,105.077,106.217,105.077,105.637,10446000.1
08.05.2023 14:00:00.000,105.637,106.936,105.506,106.757,11972399.71
08.05.2023 15:00:00.000,106.766,106.827,106.376,106.816,6567599.77
08.05.2023 16:00:00.000,106.817,107.196,106.766,107.156,6050399.78
08.05.2023 17:00:00.000,107.166,107.817,106.997,107.717,5413199.9
08.05.2023 18:00:00.000,107.726,107.757,107.156,107.657,7854000.09
08.05.2023 19:00:00.000,107.667,107.947,107.336,107.747,5780399.8
09.05.2023 13:00:00.000,108.287,109.977,108.176,109.777,12327599.53
09.05.2023 14:00:00.000,109.787,110.137,108.856,108.887,14496000.29
09.05.2023 15:00:00.000,108.897,109.037,107.926,108.376,8892000.2
09.05.2023 16:00:00.000,108.377,108.437,108.026,108.336,7250400.07
09.05.2023 17:00:00.000,108.337,108.487,107.506,107.516,3865200.04
09.05.2023 18:00:00.000,107.517,107.877,107.226,107.796,4734000.21
09.05.2023 19:00:00.000,107.787,107.847,107.176,107.346,4345200.06
10.05.2023 13:00:00.000,107.927,109.367,107.916,109.317,12147600.17
10.05.2023 14:00:00.000,109.347,109.756,107.986,108.217,18316799.16
10.05.2023 15:00:00.000,108.227,108.856,108.076,108.657,9507599.83
10.05.2023 16:00:00.000,108.666,109.027,108.456,108.977,9381600.38
10.05.2023 17:00:00.000,108.977,110.296,108.397,109.736,18609600.07
10.05.2023 18:00:00.000,109.716,112.666,109.716,112.626,17355600.36
10.05.2023 19:00:00.000,112.636,112.927,111.477,111.727,12944399.83
11.05.2023 13:00:00.000,115.386,117.336,114.397,117.026,14697600.36
11.05.2023 14:00:00.000,117.046,117.577,116.116,117.417,19091999.05
11.05.2023 15:00:00.000,117.427,117.907,116.966,117.436,11215200.42
11.05.2023 16:00:00.000,117.446,117.687,117.186,117.416,7485599.99
11.05.2023 17:00:00.000,117.437,117.487,116.456,116.586,7228799.82
11.05.2023 18:00:00.000,116.586,117.187,116.516,117.116,5915999.89
11.05.2023 19:00:00.000,117.116,117.327,116.356,116.577,6500400.07
12.05.2023 13:00:00.000,116.606,117.347,116.426,116.697,10225199.7
12.05.2023 14:00:00.000,116.646,116.867,116.096,116.636,13207200.05
12.05.2023 15:00:00.000,116.626,117.317,116.586,117.286,11013600.35
12.05.2023 16:00:00.000,117.287,117.766,116.686,116.906,10426799.77
12.05.2023 17:00:00.000,116.897,117.167,116.756,116.797,8494799.61
12.05.2023 18:00:00.000,116.787,117.077,116.767,116.977,6879600.05
12.05.2023 19:00:00.000,116.987,117.697,116.886,117.526,6482399.94
15.05.2023 13:00:00.000,116.087,118.467,116.087,117.756,11687999.73
15.05.2023 14:00:00.000,117.767,117.817,116.607,116.747,15836400.03
15.05.2023 15:00:00.000,116.706,117.577,116.696,117.437,10185600.28
15.05.2023 16:00:00.000,117.537,117.537,116.646,116.726,5868000.03
15.05.2023 17:00:00.000,116.726,117.097,116.506,116.986,7345200.06
15.05.2023 18:00:00.000,116.986,117.107,116.506,116.637,6694799.9
15.05.2023 19:00:00.000,116.647,116.907,116.306,116.496,5414400.1
16.05.2023 13:00:00.000,116.386,118.267,116.366,118.106,12048000.34
16.05.2023 14:00:00.000,118.107,119.366,117.867,119.187,16587600.71
16.05.2023 15:00:00.000,119.196,119.906,119.006,119.896,8971199.99
16.05.2023 16:00:00.000,119.906,119.986,119.336,119.787,7053599.83
16.05.2023 17:00:00.000,119.787,120.637,119.726,120.606,5353199.96
16.05.2023 18:00:00.000,120.627,120.746,119.737,120.077,8211600.3
16.05.2023 19:00:00.000,120.086,120.317,119.456,119.486,4760399.82
17.05.2023 13:00:00.000,119.536,119.947,118.966,119.107,12896400.45
17.05.2023 14:00:00.000,119.107,119.607,118.886,119.447,12889200.21
17.05.2023 15:00:00.000,119.447,119.637,118.956,119.356,9202799.8
17.05.2023 16:00:00.000,119.356,120.377,119.186,120.287,7456799.98
17.05.2023 17:00:00.000,120.287,121.517,120.266,121.517,9249600.41
17.05.2023 18:00:00.000,121.527,121.667,121.096,121.166,7839600.09
17.05.2023 19:00:00.000,121.167,121.437,120.667,120.807,8631600.38
18.05.2023 13:00:00.000,120.657,121.456,120.657,121.327,11484000.21
18.05.2023 14:00:00.000,121.337,122.226,120.946,122.146,20590799.33
18.05.2023 15:00:00.000,122.147,123.217,122.046,122.777,13249199.87
18.05.2023 16:00:00.000,122.777,122.807,121.936,122.347,15576000.21
18.05.2023 17:00:00.000,122.357,123.147,122.356,122.466,12769200.33
18.05.2023 18:00:00.000,122.457,122.516,121.996,122.347,10240799.9
18.05.2023 19:00:00.000,122.356,123.287,122.216,122.817,10252799.99
19.05.2023 13:00:00.000,123.557,125.957,123.197,123.637,11180399.89
19.05.2023 14:00:00.000,123.657,124.307,123.086,123.847,19730400.09
19.05.2023 15:00:00.000,123.857,124.237,123.106,123.287,20182800.29
19.05.2023 16:00:00.000,123.306,123.507,122.457,122.697,14088000.3
19.05.2023 17:00:00.000,122.706,122.976,122.397,122.557,11250000
19.05.2023 18:00:00.000,122.557,122.647,122.136,122.416,10150799.75
19.05.2023 19:00:00.000,122.396,122.816,122.146,122.746,10656000.14
22.05.2023 13:00:00.000,123.027,126.327,122.897,126.167,12272399.9
22.05.2023 14:00:00.000,126.127,126.407,124.666,125.627,22354799.27
22.05.2023 15:00:00.000,125.636,125.637,124.896,124.917,13904399.87
22.05.2023 16:00:00.000,124.926,125.527,124.797,125.367,10760399.82
22.05.2023 17:00:00.000,125.367,125.647,125.016,125.397,10160400.39
22.05.2023 18:00:00.000,125.387,125.547,125.056,125.166,7783199.79
22.05.2023 19:00:00.000,125.166,125.237,124.676,125.006,9685199.74
23.05.2023 13:00:00.000,124.036,124.577,123.597,123.836,12328800.2
23.05.2023 14:00:00.000,123.846,124.047,123.366,123.806,18375600.81
23.05.2023 15:00:00.000,123.797,124.457,123.596,124.267,10623600.01
23.05.2023 16:00:00.000,124.247,124.616,123.416,123.606,14131199.84
23.05.2023 17:00:00.000,123.616,123.667,122.427,122.786,11176799.77
23.05.2023 18:00:00.000,122.766,122.927,122.196,122.676,13062000.27
23.05.2023 19:00:00.000,122.666,122.947,122.326,122.577,11186400.41
24.05.2023 13:00:00.000,120.807,121.907,120.766,121.197,13489199.64
24.05.2023 14:00:00.000,121.196,121.416,119.847,120.046,18542400.36
24.05.2023 15:00:00.000,120.056,121.127,119.946,120.797,12531600
24.05.2023 16:00:00.000,120.806,121.036,120.466,120.646,8860799.79
24.05.2023 17:00:00.000,120.647,120.806,120.306,120.626,8221199.99
24.05.2023 18:00:00.000,120.636,120.727,120.187,120.537,10340399.74
24.05.2023 19:00:00.000,120.546,121.317,120.356,120.886,12684000.02
25.05.2023 13:00:00.000,124.527,125.297,122.856,122.956,13854000.09
25.05.2023 14:00:00.000,122.946,123.607,121.957,123.576,19739999.77
25.05.2023 15:00:00.000,123.587,124.377,123.507,123.947,15164400.1
25.05.2023 16:00:00.000,123.957,124.897,123.936,124.047,12239999.77
25.05.2023 17:00:00.000,124.057,124.156,123.366,123.446,11489999.77
25.05.2023 18:00:00.000,123.427,123.736,122.876,122.926,12395999.91
25.05.2023 19:00:00.000,122.936,123.807,122.866,123.457,12836400.03
26.05.2023 13:00:00.000,123.097,123.817,122.417,123.606,11572799.68
26.05.2023 14:00:00.000,123.607,124.847,123.586,124.497,17836799.62
26.05.2023 15:00:00.000,124.506,124.726,123.976,124.717,13765199.66
26.05.2023 16:00:00.000,124.716,125.237,124.716,125.097,11407199.86
26.05.2023 17:00:00.000,125.096,125.206,124.456,124.607,8834400.18
26.05.2023 18:00:00.000,124.606,124.626,124.196,124.386,7396800.04
26.05.2023 19:00:00.000,124.386,124.887,124.306,124.587,7138800.14
30.05.2023 13:00:00.000,125.507,125.527,121.996,122.537,12099599.84
30.05.2023 14:00:00.000,122.536,124.287,122.196,124.126,17871599.2
30.05.2023 15:00:00.000,124.106,124.517,123.597,123.897,18302400.59
30.05.2023 16:00:00.000,123.897,124.317,123.696,124.286,16055999.76
30.05.2023 17:00:00.000,124.266,124.297,122.576,122.667,12278400.42
30.05.2023 18:00:00.000,122.657,124.147,122.516,123.906,14130000.11
30.05.2023 19:00:00.000,123.906,123.966,123.397,123.666,13097999.57
31.05.2023 13:00:00.000,122.357,123.607,122.357,123.106,9943200.11
31.05.2023 14:00:00.000,123.116,124.046,122.736,123.257,18778799.06
31.05.2023 15:00:00.000,123.266,123.487,122.806,123.247,14423999.79
31.05.2023 16:00:00.000,123.236,123.467,122.807,123.036,12403200.15
31.05.2023 17:00:00.000,123.036,123.707,122.956,123.307,10170000.08
31.05.2023 18:00:00.000,123.316,123.377,122.847,123.067,9250800.13
31.05.2023 19:00:00.000,123.066,123.717,122.497,122.966,12136799.81
01.06.2023 13:00:00.000,122.667,124.416,122.616,123.826,11296799.66
01.06.2023 14:00:00.000,123.836,124.007,122.796,123.126,18523199.08
01.06.2023 15:00:00.000,123.126,123.407,122.807,123.166,13321200.37
01.06.2023 16:00:00.000,123.176,123.367,123.056,123.066,11293199.54
01.06.2023 17:00:00.000,123.077,123.497,122.876,123.296,8366399.77
01.06.2023 18:00:00.000,123.286,123.547,123.196,123.316,6405600.07
01.06.2023 19:00:00.000,123.346,123.776,122.866,123.707,8026800.16
02.06.2023 13:00:00.000,123.896,126.137,123.507,123.896,12825599.67
02.06.2023 14:00:00.000,123.907,125.137,123.746,125.056,18350400.92
02.06.2023 15:00:00.000,125.066,125.327,124.577,125.047,14842800.14
02.06.2023 16:00:00.000,125.037,125.267,124.576,125.226,11342399.6
02.06.2023 17:00:00.000,125.237,125.347,124.736,124.897,9441599.85
02.06.2023 18:00:00.000,124.896,125.107,124.667,125.056,8604000.09
02.06.2023 19:00:00.000,125.056,125.187,124.496,124.667,7468800.07
05.06.2023 13:00:00.000,123.937,126.107,123.836,125.716,10321200.37
05.06.2023 14:00:00.000,125.917,126.987,125.727,126.677,18735599.52
05.06.2023 15:00:00.000,126.686,127.416,126.456,126.866,13156800.27
05.06.2023 16:00:00.000,126.866,127.127,126.576,127.096,9994799.61
05.06.2023 17:00:00.000,127.086,127.247,126.276,126.527,11433600.43
05.06.2023 18:00:00.000,126.547,126.606,125.547,126.067,15934800.15
05.06.2023 19:00:00.000,126.076,126.277,125.516,125.996,12131999.97
06.06.2023 13:00:00.000,125.857,126.447,125.317,126.097,10537199.97
06.06.2023 14:00:00.000,126.097,127.796,125.856,127.167,15135600.09
06.06.2023 15:00:00.000,127.167,127.707,126.657,127.707,13790399.55
06.06.2023 16:00:00.000,127.717,127.857,127.316,127.396,10825200.08
06.06.2023 17:00:00.000,127.397,128.276,127.346,127.466,10855199.81
06.06.2023 18:00:00.000,127.476,127.987,127.367,127.917,8237999.92
06.06.2023 19:00:00.000,127.926,128.127,127.127,127.266,8928000.45
07.06.2023 13:00:00.000,126.947,129.017,126.887,127.616,9619199.75
07.06.2023 14:00:00.000,127.617,127.816,124.117,124.256,18896400.45
07.06.2023 15:00:00.000,124.266,124.766,123.116,123.166,15803999.9
07.06.2023 16:00:00.000,123.177,123.917,122.616,122.777,14538000.11
07.06.2023 17:00:00.000,122.797,122.956,122.096,122.727,13190400.12
07.06.2023 18:00:00.000,122.727,123.127,122.266,122.607,10553999.9
07.06.2023 19:00:00.000,122.596,122.837,122.106,122.517,11854800.22
08.06.2023 13:00:00.000,122.156,122.766,121.496,121.927,12529199.6
08.06.2023 14:00:00.000,121.926,122.627,121.557,122.436,16521600.72
08.06.2023 15:00:00.000,122.446,123.177,122.336,123.026,12331199.65
08.06.2023 16:00:00.000,123.016,123.217,122.376,122.516,9436800
08.06.2023 17:00:00.000,122.516,122.687,121.777,122.046,8726400.38
08.06.2023 18:00:00.000,122.066,122.267,121.876,122.027,6975599.77
08.06.2023 19:00:00.000,122.037,122.257,121.896,122.127,8210399.63
09.06.2023 13:00:00.000,122.047,123.597,121.936,123.517,12532799.72
09.06.2023 14:00:00.000,123.527,123.747,122.586,122.887,18800399.78
09.06.2023 15:00:00.000,122.897,123.477,122.306,122.346,15115200.04
09.06.2023 16:00:00.000,122.347,122.497,121.896,122.437,13934399.6
09.06.2023 17:00:00.000,122.437,123.287,122.376,123.146,8682000.16
09.06.2023 18:00:00.000,123.146,123.167,122.716,122.937,8810400.01
09.06.2023 19:00:00.000,122.937,122.957,122.086,122.236,10255200.39
12.06.2023 13:00:00.000,122.726,122.927,122.006,122.216,9475199.7
12.06.2023 14:00:00.000,122.207,122.407,121.646,122.147,15942000.39
12.06.2023 15:00:00.000,122.146,122.477,121.986,122.376,10438799.86
12.06.2023 16:00:00.000,122.387,122.587,122.066,122.476,6780000.21
12.06.2023 17:00:00.000,122.476,123.117,122.336,123.097,6357600.21
12.06.2023 18:00:00.000,123.106,123.736,123.006,123.687,5924399.85
12.06.2023 19:00:00.000,123.687,124.037,123.356,123.657,9799200.06
13.06.2023 13:00:00.000,124.916,125.117,123.916,124.276,13477199.55
13.06.2023 14:00:00.000,124.287,124.537,123.546,123.956,20506799.7
13.06.2023 15:00:00.000,123.957,124.427,123.636,123.997,16232400.89
13.06.2023 16:00:00.000,124.006,124.277,123.786,124.097,13360799.79
13.06.2023 17:00:00.000,124.077,124.217,123.726,123.817,10174799.92
13.06.2023 18:00:00.000,123.807,123.927,123.156,123.427,11379599.57
13.06.2023 19:00:00.000,123.426,123.907,123.366,123.827,9354000.09
14.06.2023 13:00:00.000,122.996,123.466,121.456,122.806,13925999.64
14.06.2023 14:00:00.000,122.817,124.037,122.806,123.507,18040800.09
14.06.2023 15:00:00.000,123.497,123.927,123.316,123.546,13177200.32
14.06.2023 16:00:00.000,123.546,123.837,123.216,123.557,7907999.99
14.06.2023 17:00:00.000,123.547,123.547,122.666,122.996,8456399.92
14.06.2023 18:00:00.000,122.997,123.476,121.796,123.207,26459999.08
14.06.2023 19:00:00.000,123.196,124.007,122.876,123.676,20118000.03
15.06.2023 13:00:00.000,122.917,123.577,122.386,123.526,13109999.66
15.06.2023 14:00:00.000,123.546,123.957,123.206,123.667,19814399.72
15.06.2023 15:00:00.000,123.657,124.477,123.576,124.087,15339599.61
15.06.2023 16:00:00.000,124.097,124.247,123.366,123.586,11098799.71
15.06.2023 17:00:00.000,123.576,124.367,123.226,124.316,9194399.83
15.06.2023 18:00:00.000,124.326,125.287,124.106,125.146,12760800.36
15.06.2023 19:00:00.000,125.157,125.447,124.866,125.077,14068799.97
16.06.2023 13:00:00.000,125.776,125.847,123.876,124.246,13385999.68
16.06.2023 14:00:00.000,124.247,124.587,123.876,124.346,20386800.77
16.06.2023 15:00:00.000,124.356,124.907,124.086,124.586,17763599.4
16.06.2023 16:00:00.000,124.587,125.097,124.326,124.876,11024399.76
16.06.2023 17:00:00.000,124.876,124.887,124.317,124.446,8769599.91
16.06.2023 18:00:00.000,124.427,124.467,123.826,123.847,8734800.34
16.06.2023 19:00:00.000,123.847,124.197,123.266,123.546,11113200.19
20.06.2023 13:00:00.000,122.847,124.556,122.697,123.386,10898400.31
20.06.2023 14:00:00.000,123.386,123.667,122.116,122.467,17636400.22
20.06.2023 15:00:00.000,122.477,123.026,122.446,122.477,13945199.97
20.06.2023 16:00:00.000,122.487,123.466,122.366,123.267,12297599.79
20.06.2023 17:00:00.000,123.267,123.777,123.056,123.127,8883600.24
20.06.2023 18:00:00.000,123.137,123.497,123.046,123.167,7780799.87
20.06.2023 19:00:00.000,123.156,123.457,122.996,123.097,8833200.45
21.06.2023 13:00:00.000,122.387,122.627,121.196,121.447,12249600.41
21.06.2023 14:00:00.000,121.456,121.597,120.166,120.376,19676399.23
21.06.2023 15:00:00.000,120.377,121.037,120.096,120.797,14484000.21
21.06.2023 16:00:00.000,120.776,121.237,120.676,120.996,13966799.74
21.06.2023 17:00:00.000,120.986,120.986,120.476,120.546,9687600.14
21.06.2023 18:00:00.000,120.557,121.327,120.466,121.026,8512800.22
21.06.2023 19:00:00.000,121.017,121.047,120.456,120.546,8954400.06
22.06.2023 13:00:00.000,119.866,121.026,118.816,120.827,11587200.16
22.06.2023 14:00:00.000,120.837,121.217,119.916,120.206,15885600.09
22.06.2023 15:00:00.000,120.216,121.767,120.126,121.487,12806400.3
22.06.2023 16:00:00.000,121.496,121.657,121.166,121.507,10660799.98
22.06.2023 17:00:00.000,121.507,121.977,121.296,121.956,9423600.2
22.06.2023 18:00:00.000,121.976,122.617,121.906,122.556,7851600.17
22.06.2023 19:00:00.000,122.546,123.227,122.336,123.136,8338800.43
23.06.2023 13:00:00.000,121.296,122.417,121.047,121.496,11612400.05
23.06.2023 14:00:00.000,121.477,121.996,121.246,121.636,18770399.09
23.06.2023 15:00:00.000,121.647,121.857,121.286,121.806,12853199.96
23.06.2023 16:00:00.000,121.817,122.697,121.666,122.546,11036399.84
23.06.2023 17:00:00.000,122.546,122.777,122.396,122.507,8379599.57
23.06.2023 18:00:00.000,122.516,122.717,122.006,122.226,9787199.97
23.06.2023 19:00:00.000,122.217,122.687,121.807,122.337,12308400.15
26.06.2023 13:00:00.000,120.636,121.837,120.437,121.727,9823200.23
26.06.2023 14:00:00.000,121.736,121.987,120.526,121.047,16086000.44
26.06.2023 15:00:00.000,121.046,121.096,119.956,120.387,14330400.47
26.06.2023 16:00:00.000,120.396,120.407,118.257,118.757,17281200.41
26.06.2023 17:00:00.000,118.756,118.927,118.387,118.526,12379199.98
26.06.2023 18:00:00.000,118.517,119.037,118.356,118.907,8440799.71
26.06.2023 19:00:00.000,118.917,119.197,118.286,118.337,8916000.37
27.06.2023 13:00:00.000,117.037,117.477,116.096,116.926,11726400.38
27.06.2023 14:00:00.000,116.926,117.726,116.276,117.606,19484399.8
27.06.2023 15:00:00.000,117.626,118.187,117.236,118.187,11870400.43
27.06.2023 16:00:00.000,118.176,118.416,117.896,118.097,9083999.63
27.06.2023 17:00:00.000,118.087,118.677,117.926,118.676,8546400.07
27.06.2023 18:00:00.000,118.677,119.067,118.447,118.746,7361999.99
27.06.2023 19:00:00.000,118.746,118.987,118.036,118.306,8528400.42
28.06.2023 13:00:00.000,117.087,118.397,116.757,118.057,12277199.75
28.06.2023 14:00:00.000,118.057,120.246,117.716,119.857,18250799.18
28.06.2023 15:00:00.000,119.846,120.117,119.096,119.987,14000399.59
28.06.2023 16:00:00.000,119.987,120.386,119.166,119.357,14791199.68
28.06.2023 17:00:00.000,119.357,119.887,119.196,119.466,12038399.7
28.06.2023 18:00:00.000,119.466,119.996,119.396,119.827,9602399.83
28.06.2023 19:00:00.000,119.837,120.227,119.596,120.176,11836799.62
29.06.2023 13:00:00.000,119.226,120.037,119.026,119.177,13312800.41
29.06.2023 14:00:00.000,119.187,119.407,118.286,118.467,19243200.3
29.06.2023 15:00:00.000,118.466,119.617,118.446,119.526,11047200.2
29.06.2023 16:00:00.000,119.516,119.597,119.026,119.116,8128800.39
29.06.2023 17:00:00.000,119.087,119.377,118.866,118.886,7262400.15
29.06.2023 18:00:00.000,118.897,118.967,118.587,118.896,6956399.92
29.06.2023 19:00:00.000,118.906,119.106,118.606,119.106,7442399.98
30.06.2023 13:00:00.000,120.157,121.046,119.996,120.397,10812000.27
30.06.2023 14:00:00.000,120.366,121.067,120.357,120.526,14472000.12
30.06.2023 15:00:00.000,120.527,120.856,120.256,120.426,11293199.54
30.06.2023 16:00:00.000,120.437,120.687,120.256,120.676,8152799.61
30.06.2023 17:00:00.000,120.686,120.686,120.256,120.346,7348800.18
30.06.2023 18:00:00.000,120.346,120.456,120.076,120.246,7850399.97
30.06.2023 19:00:00.000,120.257,120.307,119.676,119.677,8888400.08
03.07.2023 13:00:00.000,119.276,120.037,118.796,119.916,9478799.82
03.07.2023 14:00:00.000,119.936,120.177,118.966,118.986,15202799.8
03.07.2023 15:00:00.000,118.997,119.577,118.856,119.396,9170399.67
03.07.2023 16:00:00.000,119.396,119.887,119.236,119.887,5905200
05.07.2023 13:00:00.000,119.146,121.806,119.146,121.387,10297200.2
05.07.2023 14:00:00.000,121.396,122.597,121.286,121.967,13723199.84
05.07.2023 15:00:00.000,121.966,122.087,121.666,121.816,12235199.93
05.07.2023 16:00:00.000,121.797,122.057,121.586,121.936,8326800.35
05.07.2023 17:00:00.000,121.946,122.267,121.886,122.146,6363599.78
05.07.2023 18:00:00.000,122.147,122.297,121.546,122.087,8381999.97
05.07.2023 19:00:00.000,122.077,122.137,121.717,121.756,6229199.89
06.07.2023 13:00:00.000,119.696,120.037,119.116,119.387,10341600.42
06.07.2023 14:00:00.000,119.466,119.497,118.396,118.416,14000399.59
06.07.2023 15:00:00.000,118.427,119.277,118.417,119.136,8286000.25
06.07.2023 16:00:00.000,119.127,120.027,119.067,119.967,6251999.86
06.07.2023 17:00:00.000,119.967,120.107,119.627,120.107,6879600.05
06.07.2023 18:00:00.000,120.106,120.287,119.866,120.196,4792799.95
06.07.2023 19:00:00.000,120.186,120.227,119.756,120.086,6687600.14
07.07.2023 13:00:00.000,120.017,120.667,119.756,120.576,13263600.35
07.07.2023 14:00:00.000,120.577,120.707,119.716,120.226,17446800.23
07.07.2023 15:00:00.000,120.216,120.327,119.946,120.206,7689599.99
07.07.2023 16:00:00.000,120.207,120.676,120.166,120.576,7828800.2
07.07.2023 17:00:00.000,120.576,121.037,120.496,120.607,5861999.99
07.07.2023 18:00:00.000,120.596,120.706,120.317,120.397,5105999.95
07.07.2023 19:00:00.000,120.376,120.396,119.387,119.457,9112799.64
10.07.2023 13:00:00.000,118.227,118.297,116.126,116.427,11437199.59
10.07.2023 14:00:00.000,116.426,118.006,116.366,117.016,11878800.39
10.07.2023 15:00:00.000,116.997,117.207,116.526,116.537,14345999.72
10.07.2023 16:00:00.000,116.537,116.737,116.136,116.576,11811599.73
10.07.2023 17:00:00.000,116.587,116.727,116.296,116.466,8362799.64
10.07.2023 18:00:00.000,116.466,116.886,116.376,116.706,6908400.06
10.07.2023 19:00:00.000,116.716,116.727,116.217,116.436,5989200.12
11.07.2023 13:00:00.000,116.277,116.996,115.356,116.437,11979599.95
11.07.2023 14:00:00.000,116.446,116.957,116.206,116.817,16912799.84
11.07.2023 15:00:00.000,116.807,117.546,116.657,117.537,13041600.23
11.07.2023 16:00:00.000,117.547,117.697,117.096,117.277,9994799.61
11.07.2023 17:00:00.000,117.266,117.407,116.906,117.137,6709199.91
11.07.2023 18:00:00.000,117.146,117.187,116.536,116.936,6224400.04
11.07.2023 19:00:00.000,116.936,117.347,116.676,117.116,6201600.07
12.07.2023 13:00:00.000,118.726,119.766,118.456,119.447,11173199.65
12.07.2023 14:00:00.000,119.456,120.326,119.287,119.366,15454799.65
12.07.2023 15:00:00.000,119.377,119.797,118.396,118.596,14182800.29
12.07.2023 16:00:00.000,118.596,119.207,118.466,118.886,12036000.25
12.07.2023 17:00:00.000,118.876,119.237,118.666,119.136,6964799.88
12.07.2023 18:00:00.000,119.136,119.377,118.706,118.806,7336800.1
12.07.2023 19:00:00.000,118.806,119.036,118.656,118.956,8961600.3
13.07.2023 13:00:00.000,120.856,122.986,120.446,122.466,11702400.21
13.07.2023 14:00:00.000,122.477,124.127,122.156,124.066,15996000.29
13.07.2023 15:00:00.000,124.077,124.817,123.706,124.766,10571999.55
13.07.2023 16:00:00.000,124.767,124.817,124.116,124.186,9759599.69
13.07.2023 17:00:00.000,124.176,124.377,123.996,124.107,6323999.88
13.07.2023 18:00:00.000,124.106,124.477,124.006,124.316,5902800.08
13.07.2023 19:00:00.000,124.326,124.647,124.136,124.517,7704000
14.07.2023 13:00:00.000,124.676,126.767,124.566,126.226,11637599.95
14.07.2023 14:00:00.000,126.226,126.526,124.656,125.167,19243200.3
14.07.2023 15:00:00.000,125.176,125.706,125.076,125.407,12069600.11
14.07.2023 16:00:00.000,125.416,125.417,124.826,125.067,10470000.27
14.07.2023 17:00:00.000,125.066,125.197,124.906,125.047,9131999.97
14.07.2023 18:00:00.000,125.046,125.457,124.846,125.277,8907600.4
14.07.2023 19:00:00.000,125.277,125.467,124.996,125.466,11558400.15
17.07.2023 13:00:00.000,125.786,127.077,124.846,125.466,13664400.1
17.07.2023 14:00:00.000,125.466,125.646,125.116,125.307,18080400.47
17.07.2023 15:00:00.000,125.306,125.417,124.326,124.627,10232399.94
17.07.2023 16:00:00.000,124.636,124.647,124.186,124.507,8245200.16
17.07.2023 17:00:00.000,124.516,124.897,124.456,124.877,7042799.95
17.07.2023 18:00:00.000,124.866,125.167,124.587,124.626,5341199.87
17.07.2023 19:00:00.000,124.626,124.907,124.416,124.627,7647600.17
18.07.2023 13:00:00.000,124.546,124.637,122.987,123.496,12116399.77
18.07.2023 14:00:00.000,123.496,123.627,123.056,123.416,13555199.62
18.07.2023 15:00:00.000,123.426,123.636,122.956,123.516,11785200.12
18.07.2023 16:00:00.000,123.517,123.627,123.026,123.476,12769200.33
18.07.2023 17:00:00.000,123.467,124.097,123.386,123.956,7304399.97
18.07.2023 18:00:00.000,123.956,124.407,123.866,124.046,6538799.76
18.07.2023 19:00:00.000,124.046,124.097,123.636,123.766,9958800.32
19.07.2023 13:00:00.000,124.367,125.177,123.946,124.317,13199999.81
19.07.2023 14:00:00.000,124.307,124.547,123.467,123.656,16425600.05
19.07.2023 15:00:00.000,123.666,123.977,123.546,123.806,11338800.43
19.07.2023 16:00:00.000,123.806,123.846,122.146,122.587,17885999.68
19.07.2023 17:00:00.000,122.576,122.587,121.856,122.396,10602000.24
19.07.2023 18:00:00.000,122.406,122.527,122.027,122.486,6883200.17
19.07.2023 19:00:00.000,122.487,122.836,121.826,121.996,7946400.17
20.07.2023 13:00:00.000,121.336,124.067,121.336,122.936,11605199.81
20.07.2023 14:00:00.000,122.916,123.097,120.806,120.916,19064399.72
20.07.2023 15:00:00.000,120.936,121.237,120.487,120.737,12194399.83
20.07.2023 16:00:00.000,120.727,120.947,119.996,119.997,12009599.69
20.07.2023 17:00:00.000,120.007,120.206,119.756,119.896,11710800.17
20.07.2023 18:00:00.000,119.886,119.897,118.746,118.756,8523599.62
20.07.2023 19:00:00.000,118.766,119.347,118.206,119.177,12986399.65
21.07.2023 13:00:00.000,120.386,120.987,119.326,119.867,13138799.67
21.07.2023 14:00:00.000,119.866,120.116,118.696,119.777,19819200.52
21.07.2023 15:00:00.000,119.777,120.677,119.656,119.957,15149999.62
21.07.2023 16:00:00.000,119.966,120.007,119.246,119.487,14179200.17
21.07.2023 17:00:00.000,119.486,120.147,119.446,120.027,8498399.73
21.07.2023 18:00:00.000,120.037,120.147,119.486,119.847,8142000.2
21.07.2023 19:00:00.000,119.847,120.147,119.136,119.977,13824000.36
24.07.2023 13:00:00.000,121.546,122.976,120.966,121.677,11789999.96
24.07.2023 14:00:00.000,121.687,122.727,121.116,122.417,16864799.5
24.07.2023 15:00:00.000,122.406,122.437,121.496,121.866,14460000.04
24.07.2023 16:00:00.000,121.877,122.017,121.496,121.586,11143199.92
24.07.2023 17:00:00.000,121.576,121.887,121.387,121.676,8492400.17
24.07.2023 18:00:00.000,121.687,121.747,121.206,121.477,7403999.81
24.07.2023 19:00:00.000,121.476,121.627,121.146,121.556,8095199.59
25.07.2023 13:00:00.000,121.286,122.447,121.266,122.356,11852399.83
25.07.2023 14:00:00.000,122.357,122.376,120.996,121.157,16510799.41
25.07.2023 15:00:00.000,121.156,121.667,121.096,121.486,9741600.04
25.07.2023 16:00:00.000,121.477,122.487,121.346,122.476,9778800.01
25.07.2023 17:00:00.000,122.466,123.136,122.296,122.706,11497200.01
25.07.2023 18:00:00.000,122.707,122.977,122.537,122.556,9071999.55
25.07.2023 19:00:00.000,122.566,123.037,122.187,122.196,8524800.3
26.07.2023 13:00:00.000,129.996,130.957,128.286,130.417,13913999.56
26.07.2023 14:00:00.000,130.417,130.846,129.006,129.427,23082000.73
26.07.2023 15:00:00.000,129.436,130.107,129.166,129.847,15001199.72
26.07.2023 16:00:00.000,129.846,129.927,129.066,129.246,9664799.69
26.07.2023 17:00:00.000,129.236,129.547,129.036,129.317,7153200.15
26.07.2023 18:00:00.000,129.307,130.276,129.016,129.816,20835599.9
26.07.2023 19:00:00.000,129.826,129.946,128.766,129.327,20554800.03
27.07.2023 13:00:00.000,131.616,133.227,130.706,132.737,13873200.42
27.07.2023 14:00:00.000,132.726,133.047,131.476,131.857,21506399.15
27.07.2023 15:00:00.000,131.866,132.297,131.546,131.756,17242799.76
27.07.2023 16:00:00.000,131.757,132.996,131.716,132.866,13232399.94
27.07.2023 17:00:00.000,132.866,132.927,130.786,131.007,21448799.13
27.07.2023 18:00:00.000,131.017,131.146,129.296,129.297,22160400.39
27.07.2023 19:00:00.000,129.307,130.007,128.776,129.396,17901599.88
28.07.2023 13:00:00.000,130.556,132.847,130.556,132.387,13909199.71
28.07.2023 14:00:00.000,132.366,132.977,132.107,132.966,19936800
28.07.2023 15:00:00.000,132.966,133.727,132.966,133.687,12795599.94
28.07.2023 16:00:00.000,133.687,133.687,133.136,133.206,11369999.89
28.07.2023 17:00:00.000,133.207,133.217,131.877,132.156,12854399.68
28.07.2023 18:00:00.000,132.146,132.987,132.066,132.927,11236800.19
28.07.2023 19:00:00.000,132.917,133.077,132.456,132.586,10143600.46
31.07.2023 13:00:00.000,132.616,133.497,131.996,132.236,13519200.33
31.07.2023 14:00:00.000,132.217,132.977,131.766,132.777,16944000.24
31.07.2023 15:00:00.000,132.777,133.137,132.596,132.687,12040800.09
31.07.2023 16:00:00.000,132.686,132.857,132.086,132.187,10471199.99
31.07.2023 17:00:00.000,132.177,132.477,132.046,132.337,9593999.86
31.07.2023 18:00:00.000,132.346,132.617,132.116,132.496,7690800.19
31.07.2023 19:00:00.000,132.496,132.777,132.146,132.717,7658400.06
01.08.2023 13:00:00.000,130.726,132.327,130.647,131.846,11332799.91
01.08.2023 14:00:00.000,131.847,132.617,131.436,132.337,20076000.21
01.08.2023 15:00:00.000,132.346,132.466,131.836,131.967,14806799.89
01.08.2023 16:00:00.000,131.977,132.017,131.576,131.966,9144000.05
01.08.2023 17:00:00.000,131.966,132.157,131.497,131.757,7490399.84
01.08.2023 18:00:00.000,131.746,131.867,131.566,131.666,7308000.09
01.08.2023 19:00:00.000,131.647,131.927,131.436,131.527,5770800.11
02.08.2023 13:00:00.000,129.327,129.956,128.936,129.676,12367199.9
02.08.2023 14:00:00.000,129.687,130.077,128.406,128.576,18691200.26
02.08.2023 15:00:00.000,128.576,129.037,128.057,128.076,15141599.66
02.08.2023 16:00:00.000,128.087,128.437,127.547,128.247,15291600.23
02.08.2023 17:00:00.000,128.246,128.637,128.076,128.246,12757200.24
02.08.2023 18:00:00.000,128.236,128.767,128.207,128.567,11780400.28
02.08.2023 19:00:00.000,128.566,128.627,128.057,128.366,11308799.74
03.08.2023 13:00:00.000,127.956,128.667,127.416,128.186,14423999.79
03.08.2023 14:00:00.000,128.177,128.637,127.646,128.437,22585199.36
03.08.2023 15:00:00.000,128.426,129.147,128.266,128.746,18879600.52
03.08.2023 16:00:00.000,128.736,129.376,128.657,129.176,12722399.71
03.08.2023 17:00:00.000,129.167,129.366,128.726,128.747,12472800.25
03.08.2023 18:00:00.000,128.727,128.867,128.466,128.766,12633600.24
03.08.2023 19:00:00.000,128.777,128.867,128.167,128.396,12560400.01
04.08.2023 13:00:00.000,129.257,131.507,129.157,129.727,16006799.7
04.08.2023 14:00:00.000,129.747,129.897,128.996,129.857,25113599.78
04.08.2023 15:00:00.000,129.846,130.537,129.786,130.226,15327599.53
04.08.2023 16:00:00.000,130.226,130.697,130.016,130.426,11638799.67
04.08.2023 17:00:00.000,130.437,130.447,129.247,129.347,12561599.73
04.08.2023 18:00:00.000,129.317,129.357,127.906,128.087,20731199.26
04.08.2023 19:00:00.000,128.066,128.376,127.936,128.117,16002000.81
07.08.2023 13:00:00.000,129.126,130.287,128.976,129.507,14641200.07
07.08.2023 14:00:00.000,129.507,130.527,129.056,130.327,21439199.45
07.08.2023 15:00:00.000,130.337,130.747,129.796,130.726,16634399.41
07.08.2023 16:00:00.000,130.727,131.567,130.717,131.497,11996399.88
07.08.2023 17:00:00.000,131.487,131.567,131.156,131.437,11565600.4
07.08.2023 18:00:00.000,131.446,131.527,130.686,131.196,9711600.3
07.08.2023 19:00:00.000,131.197,131.597,131.146,131.517,9838800.43
08.08.2023 13:00:00.000,130.526,131.126,130.116,130.276,12612000.47
08.08.2023 14:00:00.000,130.286,130.576,129.917,130.047,20480400.09
08.08.2023 15:00:00.000,130.046,130.707,129.536,130.617,13279199.6
08.08.2023 16:00:00.000,130.607,131.337,130.526,131.016,9663599.97
08.08.2023 17:00:00.000,131.027,131.317,130.766,131.077,11086799.62
08.08.2023 18:00:00.000,131.076,131.437,130.896,131.337,10111200.33
08.08.2023 19:00:00.000,131.327,131.497,130.997,131.487,8715600.01
09.08.2023 13:00:00.000,131.677,131.997,130.746,130.797,11522399.9
09.08.2023 14:00:00.000,130.807,131.567,130.276,130.287,14697600.36
09.08.2023 15:00:00.000,130.276,130.487,128.996,129.587,15818400.38
09.08.2023 16:00:00.000,129.576,130.257,129.517,129.897,11975999.83
09.08.2023 17:00:00.000,129.897,130.697,129.756,130.586,10293600.08
09.08.2023 18:00:00.000,130.587,131.097,130.456,130.507,7625999.93
09.08.2023 19:00:00.000,130.506,130.527,129.506,129.647,11773200.04
10.08.2023 13:00:00.000,131.347,131.797,130.516,131.747,13660799.98
10.08.2023 14:00:00.000,131.756,132.037,130.607,130.826,24085199.36
10.08.2023 15:00:00.000,130.836,131.037,129.926,130.287,22143600.46
10.08.2023 16:00:00.000,130.287,130.877,129.916,130.067,21766799.93
10.08.2023 17:00:00.000,130.057,130.327,129.436,129.537,19680000.31
10.08.2023 18:00:00.000,129.517,130.366,129.496,130.247,20941200.26
10.08.2023 19:00:00.000,130.256,130.417,129.546,129.717,18079200.74
11.08.2023 13:00:00.000,128.367,128.997,128.156,128.727,12980400.09
11.08.2023 14:00:00.000,128.726,129.717,128.726,128.897,24380399.7
11.08.2023 15:00:00.000,128.906,129.137,128.437,129.097,16636800.77
11.08.2023 16:00:00.000,129.097,129.517,128.806,128.977,14731200.22
11.08.2023 17:00:00.000,128.966,129.387,128.737,129.017,11990400.31
11.08.2023 18:00:00.000,129.017,129.817,128.966,129.647,11170800.21
11.08.2023 19:00:00.000,129.647,129.917,129.246,129.586,10460399.63
14.08.2023 13:00:00.000,129.047,130.407,128.966,129.946,14868000.03
14.08.2023 14:00:00.000,129.936,131.147,129.726,130.976,15279600.14
14.08.2023 15:00:00.000,130.986,131.337,130.746,131.077,10154399.87
14.08.2023 16:00:00.000,131.076,131.197,130.557,130.916,9555600.17
14.08.2023 17:00:00.000,130.926,131.087,130.576,130.707,8250000
14.08.2023 18:00:00.000,130.716,130.737,130.256,130.526,9317999.84
14.08.2023 19:00:00.000,130.527,131.347,130.466,131.327,7798799.99
15.08.2023 13:00:00.000,130.916,131.397,130.296,130.796,14480400.09
15.08.2023 14:00:00.000,130.816,130.816,129.636,129.797,15556799.89
15.08.2023 15:00:00.000,129.806,130.587,129.806,130.547,10498800.28
15.08.2023 16:00:00.000,130.547,130.907,130.146,130.556,10902000.43
15.08.2023 17:00:00.000,130.556,130.777,130.047,130.176,8686800
15.08.2023 18:00:00.000,130.187,130.346,130.066,130.147,6812399.86
15.08.2023 19:00:00.000,130.147,130.156,129.276,129.766,9614399.91
16.08.2023 13:00:00.000,128.646,129.717,128.546,129.277,12344400.41
16.08.2023 14:00:00.000,129.286,130.276,129.086,129.776,18938400.27
16.08.2023 15:00:00.000,129.767,129.917,128.436,128.547,13388400.08
16.08.2023 16:00:00.000,128.517,128.677,127.856,128.127,10646400.45
16.08.2023 17:00:00.000,128.126,128.637,127.867,128.516,10784399.99
16.08.2023 18:00:00.000,128.507,129.196,127.946,129.017,15580800.06
16.08.2023 19:00:00.000,129.006,129.006,128.267,128.656,13496399.88
17.08.2023 13:00:00.000,129.656,130.637,129.656,130.117,13298399.93
17.08.2023 14:00:00.000,130.126,130.637,129.267,130.296,19129199.98
17.08.2023 15:00:00.000,130.307,131.287,130.256,131.186,16576799.39
17.08.2023 16:00:00.000,131.207,131.966,130.876,131.916,12932399.75
17.08.2023 17:00:00.000,131.927,131.977,130.606,130.826,11729999.54
17.08.2023 18:00:00.000,130.826,130.827,129.827,130.007,12999600.41
17.08.2023 19:00:00.000,130.007,130.416,129.316,129.866,13809599.88
18.08.2023 13:00:00.000,128.427,129.216,126.896,127.087,14811599.73
18.08.2023 14:00:00.000,127.077,127.347,126.376,127.187,22211999.89
18.08.2023 15:00:00.000,127.196,127.887,126.767,127.796,19220399.86
18.08.2023 16:00:00.000,127.776,127.937,127.397,127.567,13687199.59
18.08.2023 17:00:00.000,127.566,127.586,126.546,127.197,15040800.09
18.08.2023 18:00:00.000,127.196,127.667,127.037,127.167,12204000.47
18.08.2023 19:00:00.000,127.167,127.886,126.866,127.406,15837599.75
21.08.2023 13:00:00.000,127.117,128.176,127.026,128.146,9969599.72
21.08.2023 14:00:00.000,128.156,128.547,127.186,127.266,16024799.35
21.08.2023 15:00:00.000,127.267,127.536,126.556,126.917,12772800.45
21.08.2023 16:00:00.000,126.907,127.707,126.876,127.667,8811599.73
21.08.2023 17:00:00.000,127.667,128.487,127.496,128.326,9518400.19
21.08.2023 18:00:00.000,128.317,128.717,128.166,128.526,9298800.47
21.08.2023 19:00:00.000,128.517,128.687,128.256,128.306,8295599.94
22.08.2023 13:00:00.000,128.417,129.417,128.116,128.976,10746000.29
22.08.2023 14:00:00.000,128.976,130.027,128.796,129.906,15748800.28
22.08.2023 15:00:00.000,129.907,130.266,129.626,129.787,13468799.59
22.08.2023 16:00:00.000,129.766,129.927,129.266,129.486,9675600.05
22.08.2023 17:00:00.000,129.486,129.566,128.817,129.106,11368800.16
22.08.2023 18:00:00.000,129.097,129.256,128.796,129.136,8845199.59
22.08.2023 19:00:00.000,129.136,129.476,128.646,129.056,9425999.64
23.08.2023 13:00:00.000,130.127,132.337,129.816,132.226,10449600.22
23.08.2023 14:00:00.000,132.236,133.397,131.896,132.746,14078399.66
23.08.2023 15:00:00.000,132.746,132.796,132.226,132.577,10815600.4
23.08.2023 16:00:00.000,132.577,132.647,132.116,132.196,7598400.12
23.08.2023 17:00:00.000,132.197,133.227,132.156,133.147,7046400.07
23.08.2023 18:00:00.000,133.147,133.167,132.666,132.946,8241600.04
23.08.2023 19:00:00.000,132.937,133.086,132.157,132.377,8352000.24
24.08.2023 13:00:00.000,133.916,134.217,132.236,132.787,12031200.41
24.08.2023 14:00:00.000,132.797,132.967,131.146,131.726,16516799.93
24.08.2023 15:00:00.000,131.736,131.817,130.146,130.166,12024000.17
24.08.2023 16:00:00.000,130.177,131.547,130.137,131.067,9688799.86
24.08.2023 17:00:00.000,131.076,131.297,130.766,130.887,10111200.33
24.08.2023 18:00:00.000,130.897,131.177,130.466,130.676,9441599.85
24.08.2023 19:00:00.000,130.666,130.847,129.606,129.756,12472800.25
25.08.2023 13:00:00.000,129.467,129.747,128.687,129.526,10253999.71
25.08.2023 14:00:00.000,129.507,130.737,127.377,127.466,22054800.03
25.08.2023 15:00:00.000,127.477,128.737,127.246,128.106,20631599.43
25.08.2023 16:00:00.000,128.107,128.827,127.996,128.827,19095600.13
25.08.2023 17:00:00.000,128.816,128.937,128.276,128.826,17043600.08
25.08.2023 18:00:00.000,128.827,129.857,128.626,129.766,15511199.95
25.08.2023 19:00:00.000,129.767,130.167,129.526,129.846,16582799.91
28.08.2023 13:00:00.000,131.216,132.516,130.776,131.337,10417200.09
28.08.2023 14:00:00.000,131.336,131.807,130.536,130.826,15489600.18
28.08.2023 15:00:00.000,130.817,130.876,130.186,130.446,12254400.25
28.08.2023 16:00:00.000,130.457,131.177,130.276,131.136,9664799.69
28.08.2023 17:00:00.000,131.127,131.377,130.126,130.246,9588000.3
28.08.2023 18:00:00.000,130.236,131.007,130.196,130.906,8671199.8
28.08.2023 19:00:00.000,130.917,131.267,130.636,131.007,11164799.69
29.08.2023 13:00:00.000,132.006,133.477,131.936,132.926,8116800.31
29.08.2023 14:00:00.000,132.936,135.527,132.897,135.307,14360400.2
29.08.2023 15:00:00.000,135.317,136.557,135.046,136.266,11015999.79
29.08.2023 16:00:00.000,136.267,136.287,134.336,134.547,11167200.09
29.08.2023 17:00:00.000,134.557,134.697,133.766,133.947,8536800.38
29.08.2023 18:00:00.000,133.946,134.617,133.916,134.437,7716000.08
29.08.2023 19:00:00.000,134.436,134.977,134.266,134.546,7923600.2
30.08.2023 13:00:00.000,134.616,135.377,134.066,135.337,7033199.79
30.08.2023 14:00:00.000,135.346,135.917,134.506,135.687,11443200.11
30.08.2023 15:00:00.000,135.686,135.706,134.786,135.286,8531999.59
30.08.2023 16:00:00.000,135.277,135.597,134.727,135.077,6086400.03
30.08.2023 17:00:00.000,135.066,135.447,134.906,135.407,5857200.15
30.08.2023 18:00:00.000,135.427,136.267,135.206,136.067,8101200.1
30.08.2023 19:00:00.000,136.077,136.157,135.586,135.846,7653600.22
31.08.2023 13:00:00.000,135.956,136.987,135.756,136.737,7481999.87
31.08.2023 14:00:00.000,136.727,137.227,136.556,137.067,9784799.58
31.08.2023 15:00:00.000,137.077,137.247,136.506,136.676,8897999.76
31.08.2023 16:00:00.000,136.646,136.847,135.896,136.307,9141599.66
31.08.2023 17:00:00.000,136.297,136.817,136.136,136.736,7619999.89
31.08.2023 18:00:00.000,136.747,137.137,136.657,136.807,6777599.81
31.08.2023 19:00:00.000,136.816,137.136,136.096,136.156,9034799.58
01.09.2023 13:00:00.000,137.277,137.386,134.826,135.616,7803599.83
01.09.2023 14:00:00.000,135.606,136.147,135.006,135.147,12159600.26
01.09.2023 15:00:00.000,135.157,135.936,135.056,135.357,8975999.83
01.09.2023 16:00:00.000,135.347,135.907,135.277,135.686,6024000.17
01.09.2023 17:00:00.000,135.677,135.737,135.146,135.316,5126399.99
01.09.2023 18:00:00.000,135.326,135.497,134.926,135.207,4541999.82
01.09.2023 19:00:00.000,135.197,135.737,135.187,135.666,7156799.79
05.09.2023 13:00:00.000,135.476,135.927,134.716,134.937,8803199.77
05.09.2023 14:00:00.000,134.946,135.446,134.566,135.046,11937600.14
05.09.2023 15:00:00.000,135.056,135.787,135.027,135.497,10428000.45
05.09.2023 16:00:00.000,135.507,135.726,135.296,135.597,6587999.82
05.09.2023 17:00:00.000,135.596,135.906,135.346,135.867,6160799.98
05.09.2023 18:00:00.000,135.877,136.407,135.826,136.396,5145599.84
05.09.2023 19:00:00.000,136.407,136.407,135.656,135.737,6627600.19
06.09.2023 13:00:00.000,136.017,136.507,135.267,136.186,6760799.88
06.09.2023 14:00:00.000,136.167,136.167,134.546,134.627,10692000.39
06.09.2023 15:00:00.000,134.636,135.027,134.327,134.437,6625199.79
06.09.2023 16:00:00.000,134.437,134.717,133.747,133.857,7032000.06
06.09.2023 17:00:00.000,133.856,134.257,133.646,134.067,5538000.11
06.09.2023 18:00:00.000,134.067,134.396,133.976,134.257,4995600.22
06.09.2023 19:00:00.000,134.257,134.537,134.096,134.436,7171199.8
07.09.2023 13:00:00.000,133.327,134.127,132.926,134.096,8374799.73
07.09.2023 14:00:00.000,134.107,135.037,133.646,134.467,11501999.86
07.09.2023 15:00:00.000,134.477,134.996,133.596,133.776,11196000.1
07.09.2023 16:00:00.000,133.767,134.877,133.716,134.637,8848799.71
07.09.2023 17:00:00.000,134.646,135.447,134.617,135.356,6639599.8
07.09.2023 18:00:00.000,135.366,135.497,135.076,135.486,6759600.16
07.09.2023 19:00:00.000,135.487,135.557,135.066,135.256,8107199.67
08.09.2023 13:00:00.000,134.867,135.857,134.846,135.327,10431599.62
08.09.2023 14:00:00.000,135.327,136.147,135.247,135.517,16346399.31
08.09.2023 15:00:00.000,135.507,136.257,135.416,136.047,11355600.36
08.09.2023 16:00:00.000,136.067,136.426,135.896,136.216,8121600.15
08.09.2023 17:00:00.000,136.206,136.567,135.916,136.567,7876800.06
08.09.2023 18:00:00.000,136.556,136.646,135.926,135.967,9568799.97
08.09.2023 19:00:00.000,135.947,136.517,135.706,136.407,8353199.96
11.09.2023 13:00:00.000,136.516,137.467,136.516,136.737,12531600
11.09.2023 14:00:00.000,136.757,137.057,135.776,135.906,13645199.78
11.09.2023 15:00:00.000,135.906,136.557,135.896,136.007,10624799.73
11.09.2023 16:00:00.000,136.007,136.647,135.936,136.587,8971199.99
11.09.2023 17:00:00.000,136.576,137.157,136.486,137.077,8663999.56
11.09.2023 18:00:00.000,137.086,137.096,136.746,136.877,6175199.99
11.09.2023 19:00:00.000,136.877,137.197,136.696,136.926,5542799.95
12.09.2023 13:00:00.000,136.156,136.857,135.846,136.616,11227199.55
12.09.2023 14:00:00.000,136.617,136.617,135.756,135.756,14574000.36
12.09.2023 15:00:00.000,135.766,136.147,135.447,135.816,9178799.63
12.09.2023 16:00:00.000,135.816,136.217,135.696,135.826,6386400.22
12.09.2023 17:00:00.000,135.837,136.187,135.616,135.767,8516400.34
12.09.2023 18:00:00.000,135.767,136.057,135.416,135.607,9646800.04
12.09.2023 19:00:00.000,135.607,135.617,135.176,135.337,7921199.8
13.09.2023 13:00:00.000,134.877,135.167,134.426,134.887,11788800.24
13.09.2023 14:00:00.000,134.897,135.707,134.126,135.297,16664400.1
13.09.2023 15:00:00.000,135.307,135.697,135.027,135.597,10121999.74
13.09.2023 16:00:00.000,135.607,136.277,135.506,136.117,9259200.1
13.09.2023 17:00:00.000,136.117,136.677,136.056,136.576,8746800.42
13.09.2023 18:00:00.000,136.576,136.707,136.006,136.406,8097599.98
13.09.2023 19:00:00.000,136.407,136.887,135.926,136.716,10465200.42
14.09.2023 13:00:00.000,137.587,137.967,136.226,136.777,11817600.25
14.09.2023 14:00:00.000,136.786,137.956,136.226,137.667,14743200.3
14.09.2023 15:00:00.000,137.676,138.366,137.546,138.317,10512000.08
14.09.2023 16:00:00.000,138.327,138.686,137.826,138.587,8337599.75
14.09.2023 17:00:00.000,138.586,138.587,138.176,138.417,6507599.83
14.09.2023 18:00:00.000,138.416,138.507,138.046,138.357,5938799.86
14.09.2023 19:00:00.000,138.357,138.567,137.957,138.087,6800399.78
15.09.2023 13:00:00.000,137.956,138.477,136.866,137.197,9237600.33
15.09.2023 14:00:00.000,137.196,137.787,136.986,137.007,14277600.29
15.09.2023 15:00:00.000,136.996,137.517,136.457,137.186,11401200.29
15.09.2023 16:00:00.000,137.197,137.777,137.157,137.777,7923600.2
15.09.2023 17:00:00.000,137.777,137.787,136.656,137.126,8262000.08
15.09.2023 18:00:00.000,137.147,137.307,136.797,137.096,6994800.09
15.09.2023 19:00:00.000,137.097,137.537,136.846,137.436,8158800.13
18.09.2023 13:00:00.000,136.607,138.587,136.607,138.537,8174400.33
18.09.2023 14:00:00.000,138.516,139.147,138.227,138.527,12799200.06
18.09.2023 15:00:00.000,138.527,138.767,138.117,138.576,8804400.44
18.09.2023 16:00:00.000,138.587,138.666,137.856,137.916,6207600.12
18.09.2023 17:00:00.000,137.917,138.277,137.906,138.117,5659200.19
18.09.2023 18:00:00.000,138.127,138.666,138.046,138.377,5050799.85
18.09.2023 19:00:00.000,138.377,138.607,138.047,138.196,5936399.94
19.09.2023 13:00:00.000,137.326,138.386,137.146,137.956,7736400.13
19.09.2023 14:00:00.000,137.947,137.996,137.097,137.236,12253199.58
19.09.2023 15:00:00.000,137.227,137.457,136.766,136.997,6926400.18
19.09.2023 16:00:00.000,136.987,137.097,136.617,137.076,7010399.82
19.09.2023 17:00:00.000,137.077,137.887,137.026,137.847,8353199.96
19.09.2023 18:00:00.000,137.856,138.127,137.577,137.627,6998400.21
19.09.2023 19:00:00.000,137.607,138.196,137.527,138.037,6769199.85
20.09.2023 13:00:00.000,137.966,137.997,137.306,137.346,7843200.21
20.09.2023 14:00:00.000,137.347,137.367,136.026,136.196,9471599.58
20.09.2023 15:00:00.000,136.196,136.287,135.216,135.896,7696800.23
20.09.2023 16:00:00.000,135.897,136.027,135.596,135.986,5534399.99
20.09.2023 17:00:00.000,135.996,136.087,135.456,135.716,6015600.2
20.09.2023 18:00:00.000,135.707,135.956,134.867,135.296,20625600.81
20.09.2023 19:00:00.000,135.286,135.517,133.607,133.707,15667200.09
21.09.2023 13:00:00.000,131.437,132.146,130.686,131.097,9887999.53
21.09.2023 14:00:00.000,131.066,131.337,130.056,130.576,14548800.47
21.09.2023 15:00:00.000,130.587,131.206,130.547,130.966,9927599.91
21.09.2023 16:00:00.000,130.946,131.966,130.586,131.677,9195599.56
21.09.2023 17:00:00.000,131.667,132.207,131.616,131.806,8167200.09
21.09.2023 18:00:00.000,131.817,131.876,130.856,130.877,7185599.8
21.09.2023 19:00:00.000,130.876,131.097,130.367,130.416,8824799.54
22.09.2023 13:00:00.000,130.766,131.187,129.596,131.177,8217599.87
22.09.2023 14:00:00.000,131.186,131.877,130.897,131.757,10408800.13
22.09.2023 15:00:00.000,131.766,132.016,131.356,131.396,8205599.78
22.09.2023 16:00:00.000,131.387,131.897,131.337,131.757,5924399.85
22.09.2023 17:00:00.000,131.736,131.777,130.786,130.867,7738800.05
22.09.2023 18:00:00.000,130.856,130.947,130.116,130.687,8654399.87
22.09.2023 19:00:00.000,130.677,131.437,130.036,130.216,12453599.93
25.09.2023 13:00:00.000,129.757,130.047,128.986,129.936,9922800.06
25.09.2023 14:00:00.000,129.946,130.427,129.696,129.786,14079600.33
25.09.2023 15:00:00.000,129.776,130.756,129.756,130.577,11272800.45
25.09.2023 16:00:00.000,130.576,130.837,130.126,130.476,7933199.88
25.09.2023 17:00:00.000,130.477,130.837,130.297,130.787,8167200.09
25.09.2023 18:00:00.000,130.776,131.007,130.506,130.566,7819200.04
25.09.2023 19:00:00.000,130.566,131.157,130.256,131.127,10517999.65
26.09.2023 13:00:00.000,129.737,130.287,128.237,128.257,8773200.04
26.09.2023 14:00:00.000,128.257,128.437,127.516,127.666,11006400.11
26.09.2023 15:00:00.000,127.666,127.847,127.206,127.517,9098400.12
26.09.2023 16:00:00.000,127.507,128.477,127.446,128.347,7735199.93
26.09.2023 17:00:00.000,128.357,128.557,127.967,128.446,10124400.14
26.09.2023 18:00:00.000,128.437,128.437,127.996,128.246,8035200.12
26.09.2023 19:00:00.000,128.236,128.666,128.057,128.557,8047200.2
27.09.2023 13:00:00.000,128.577,130.007,128.526,129.626,8184000.02
27.09.2023 14:00:00.000,129.637,129.766,128.786,129.166,13326000.21
27.09.2023 15:00:00.000,129.157,129.606,129.106,129.467,10890000.34
27.09.2023 16:00:00.000,129.456,129.777,129.036,129.617,10339200.02
27.09.2023 17:00:00.000,129.606,129.897,128.786,129.086,11919599.53
27.09.2023 18:00:00.000,129.087,130.377,128.717,130.187,13051199.91
27.09.2023 19:00:00.000,130.197,130.887,129.926,130.586,16486799.24
28.09.2023 13:00:00.000,129.726,130.727,129.726,130.457,10741200.45
28.09.2023 14:00:00.000,130.457,131.406,130.287,131.117,14897999.76
28.09.2023 15:00:00.000,131.116,132.627,130.846,132.536,12102000.24
28.09.2023 16:00:00.000,132.517,133.287,132.477,132.756,10232399.94
28.09.2023 17:00:00.000,132.767,132.996,132.246,132.316,9507599.83
28.09.2023 18:00:00.000,132.306,132.787,131.837,132.247,11752799.99
28.09.2023 19:00:00.000,132.257,132.766,132.016,132.296,12576000.21
29.09.2023 13:00:00.000,133.217,133.857,132.346,133.707,9436800
29.09.2023 14:00:00.000,133.707,134.017,132.796,132.826,13465200.42
29.09.2023 15:00:00.000,132.827,132.906,131.776,132.166,12591600.42
29.09.2023 16:00:00.000,132.157,132.216,131.496,131.597,10676400.18
29.09.2023 17:00:00.000,131.587,131.597,130.596,130.596,10557600.02
29.09.2023 18:00:00.000,130.596,131.127,130.337,131.117,11474399.57
29.09.2023 19:00:00.000,131.126,131.447,130.416,130.796,15605999.95
02.10.2023 13:00:00.000,131.087,133.256,131.076,132.486,10396800.04
02.10.2023 14:00:00.000,132.497,133.827,132.416,133.367,20223600.39
02.10.2023 15:00:00.000,133.367,134.397,133.067,133.247,15856800.08
02.10.2023 16:00:00.000,133.257,133.477,132.866,133.077,13318799.97
02.10.2023 17:00:00.000,133.076,133.377,132.496,132.996,10772399.9
02.10.2023 18:00:00.000,133.007,133.676,132.876,133.116,12437999.73
02.10.2023 19:00:00.000,133.107,134.266,132.887,134.166,13916399.96
03.10.2023 13:00:00.000,133.836,134.237,133.066,133.766,9866399.77
03.10.2023 14:00:00.000,133.767,133.797,132.406,132.787,19994400.02
03.10.2023 15:00:00.000,132.787,132.807,132.026,132.416,12848400.12
03.10.2023 16:00:00.000,132.417,133.317,132.386,133.196,11105999.95
03.10.2023 17:00:00.000,133.196,133.417,132.376,132.386,8830800.06
03.10.2023 18:00:00.000,132.377,132.616,132.196,132.426,10458000.18
03.10.2023 19:00:00.000,132.416,132.587,131.836,132.437,11426400.18
04.10.2023 13:00:00.000,132.727,134.347,132.727,133.287,10107600.21
04.10.2023 14:00:00.000,133.276,134.746,132.516,133.926,20103599.55
04.10.2023 15:00:00.000,133.906,135.397,133.856,135.336,14115599.63
04.10.2023 16:00:00.000,135.337,135.397,134.626,134.847,11726400.38
04.10.2023 17:00:00.000,134.836,134.937,134.496,134.497,10810799.6
04.10.2023 18:00:00.000,134.506,134.797,134.176,134.626,9235199.93
04.10.2023 19:00:00.000,134.636,135.566,134.596,135.197,11178000.45
05.10.2023 13:00:00.000,135.017,135.467,134.126,134.407,9532799.72
05.10.2023 14:00:00.000,134.416,134.417,133.446,133.656,13167599.68
05.10.2023 15:00:00.000,133.646,134.957,133.586,134.787,12188400.27
05.10.2023 16:00:00.000,134.796,135.296,134.676,134.916,9180000.31
05.10.2023 17:00:00.000,134.896,135.287,134.576,135.086,8107199.67
05.10.2023 18:00:00.000,135.086,135.357,134.936,135.326,6745200.16
05.10.2023 19:00:00.000,135.317,135.367,134.926,135.057,8469599.72
06.10.2023 13:00:00.000,133.967,136.146,133.967,135.847,12378000.26
06.10.2023 14:00:00.000,135.866,136.457,135.146,136.106,17264400.48
06.10.2023 15:00:00.000,136.126,137.016,136.067,136.996,12328800.2
06.10.2023 16:00:00.000,136.997,137.507,136.956,137.316,8518799.78
06.10.2023 17:00:00.000,137.317,137.767,137.196,137.726,6658800.13
06.10.2023 18:00:00.000,137.717,138.016,137.597,137.867,6309599.88
06.10.2023 19:00:00.000,137.877,138.146,137.497,137.586,8262000.08
09.10.2023 13:00:00.000,136.887,137.827,135.586,137.706,10372799.87
09.10.2023 14:00:00.000,137.717,138.057,136.956,137.316,12787199.97
09.10.2023 15:00:00.000,137.306,137.907,136.796,137.756,9095999.72
09.10.2023 16:00:00.000,137.767,138.006,137.556,137.717,6980400.09
09.10.2023 17:00:00.000,137.736,138.687,137.417,138.687,7702799.8
09.10.2023 18:00:00.000,138.696,138.897,138.396,138.717,7889999.87
09.10.2023 19:00:00.000,138.707,138.927,138.026,138.437,8884799.96
10.10.2023 13:00:00.000,138.426,139.036,137.806,138.277,9715200.42
10.10.2023 14:00:00.000,138.307,138.666,137.316,138.596,12255599.98
10.10.2023 15:00:00.000,138.606,139.567,138.476,139.396,8887200.36
10.10.2023 16:00:00.000,139.396,139.706,138.986,139.086,7586400.03
10.10.2023 17:00:00.000,139.076,139.396,138.427,139.106,12829199.79
10.10.2023 18:00:00.000,139.086,139.087,138.456,138.586,8678400.04
10.10.2023 19:00:00.000,138.596,138.737,137.946,138.067,8893199.92
11.10.2023 13:00:00.000,138.656,140.517,138.566,140.246,9557999.61
11.10.2023 14:00:00.000,140.256,140.826,139.747,140.706,12003600.12
11.10.2023 15:00:00.000,140.716,141.097,139.996,140.196,9650400.16
11.10.2023 16:00:00.000,140.196,140.207,139.587,140.007,7249199.87
11.10.2023 17:00:00.000,140.017,140.047,139.436,139.866,7382400.04
11.10.2023 18:00:00.000,139.856,140.707,139.796,140.297,9215999.6
11.10.2023 19:00:00.000,140.307,140.647,140.016,140.547,8480400.09
12.10.2023 13:00:00.000,141.037,141.206,139.986,140.687,10152000.43
12.10.2023 14:00:00.000,140.677,141.206,140.316,140.666,12418800.35
12.10.2023 15:00:00.000,140.677,140.857,140.226,140.276,10204799.65
12.10.2023 16:00:00.000,140.276,140.696,140.046,140.156,8821200.37
12.10.2023 17:00:00.000,140.157,140.217,138.836,139.017,11872799.87
12.10.2023 18:00:00.000,139.016,139.127,138.246,138.857,9398400.31
12.10.2023 19:00:00.000,138.857,139.507,138.816,138.977,9886799.81
13.10.2023 13:00:00.000,139.317,139.977,139.016,139.096,10991999.63
13.10.2023 14:00:00.000,139.066,139.117,137.606,137.947,17786399.84
13.10.2023 15:00:00.000,137.957,137.977,136.756,136.766,13116000.18
13.10.2023 16:00:00.000,136.756,137.957,136.696,137.517,11197199.82
13.10.2023 17:00:00.000,137.516,137.596,136.606,137.296,12650400.16
13.10.2023 18:00:00.000,137.287,137.587,136.717,137.517,13157999.99
13.10.2023 19:00:00.000,137.527,137.917,137.096,137.337,14120400.43
16.10.2023 13:00:00.000,138.127,138.957,137.946,138.776,11089200.02
16.10.2023 14:00:00.000,138.787,139.617,138.537,139.037,17000400.54
16.10.2023 15:00:00.000,139.047,139.097,138.446,138.487,10700400.35
16.10.2023 16:00:00.000,138.496,138.797,138.296,138.747,9028800.01
16.10.2023 17:00:00.000,138.736,139.227,138.136,139.206,12189599.99
16.10.2023 18:00:00.000,139.207,139.487,139.076,139.426,10597200.39
16.10.2023 19:00:00.000,139.427,139.447,139.016,139.046,11576399.8
17.10.2023 13:00:00.000,138.506,138.796,137.156,137.906,11654399.87
17.10.2023 14:00:00.000,137.906,139.357,137.786,138.627,18130800.25
17.10.2023 15:00:00.000,138.627,139.217,138.407,139.097,15014399.53
17.10.2023 16:00:00.000,139.096,139.887,139.086,139.677,10496399.88
17.10.2023 17:00:00.000,139.676,139.837,138.926,139.017,10690799.71
17.10.2023 18:00:00.000,139.027,139.507,138.786,139.086,12573599.82
17.10.2023 19:00:00.000,139.077,139.756,138.926,139.677,12324000.36
18.10.2023 13:00:00.000,139.407,140.687,139.246,140.177,12395999.91
18.10.2023 14:00:00.000,140.177,140.676,139.217,139.367,19545600.89
18.10.2023 15:00:00.000,139.366,140.287,139.346,139.996,14900400.16
18.10.2023 16:00:00.000,139.986,140.447,139.276,139.416,13940400.12
18.10.2023 17:00:00.000,139.417,139.937,138.866,139.007,15536399.84
18.10.2023 18:00:00.000,139.017,139.017,137.926,138.076,12152400.02
18.10.2023 19:00:00.000,138.086,138.157,137.366,137.936,11866800.31
19.10.2023 13:00:00.000,138.467,139.556,138.176,139.447,12435600.28
19.10.2023 14:00:00.000,139.456,139.647,138.326,138.687,18809999.47
19.10.2023 15:00:00.000,138.686,138.937,137.996,138.697,14920800.21
19.10.2023 16:00:00.000,138.706,139.637,137.496,138.986,28676399.23
19.10.2023 17:00:00.000,139.006,139.517,138.096,138.377,20516399.38
19.10.2023 18:00:00.000,138.356,138.977,137.466,137.606,16042800.9
19.10.2023 19:00:00.000,137.616,137.987,137.357,137.727,17037599.56
20.10.2023 13:00:00.000,137.256,137.866,136.097,136.926,13145999.91
20.10.2023 14:00:00.000,136.927,137.407,135.076,135.086,19780799.87
20.10.2023 15:00:00.000,135.097,135.917,135.066,135.786,13346400.26
20.10.2023 16:00:00.000,135.797,137.037,135.446,137.006,10656000.14
20.10.2023 17:00:00.000,137.006,137.096,136.426,136.876,13417200.09
20.10.2023 18:00:00.000,136.866,136.867,135.846,136.096,11930399.89
20.10.2023 19:00:00.000,136.116,136.327,135.396,135.587,13237199.78
23.10.2023 13:00:00.000,134.956,135.517,133.936,135.337,13510800.36
23.10.2023 14:00:00.000,135.326,136.217,135.227,136.207,17923200.61
23.10.2023 15:00:00.000,136.227,136.876,135.996,136.876,13199999.81
23.10.2023 16:00:00.000,136.876,137.376,136.607,137.367,11313599.59
23.10.2023 17:00:00.000,137.377,137.536,136.916,137.366,10874400.14
23.10.2023 18:00:00.000,137.346,137.646,136.976,137.246,11242799.76
23.10.2023 19:00:00.000,137.247,137.537,136.466,136.496,14468400
24.10.2023 13:00:00.000,137.797,138.777,137.356,138.727,12531600
24.10.2023 14:00:00.000,138.727,139.227,138.166,139.017,19510799.41
24.10.2023 15:00:00.000,139.017,139.336,138.676,139.057,15972000.12
24.10.2023 16:00:00.000,139.056,139.127,137.516,137.666,12675600.05
24.10.2023 17:00:00.000,137.667,138.617,137.596,138.356,11414400.1
24.10.2023 18:00:00.000,138.357,138.926,138.226,138.677,10385999.68
24.10.2023 19:00:00.000,138.657,139.217,138.426,138.897,9911999.7
25.10.2023 13:00:00.000,128.167,128.197,125.317,127.537,18378000.26
25.10.2023 14:00:00.000,127.537,127.627,125.846,126.416,21657600.4
25.10.2023 15:00:00.000,126.406,126.977,125.666,125.907,16064704.9
25.10.2023 16:00:00.000,125.897,126.977,125.726,126.416,12501600.27
25.10.2023 17:00:00.000,126.406,126.977,125.176,125.596,12442799.57
25.10.2023 18:00:00.000,125.606,125.787,125.057,125.677,10883999.82
25.10.2023 19:00:00.000,125.687,126.247,125.276,125.607,11477999.69
26.10.2023 13:00:00.000,123.126,124.307,121.446,121.716,13416600.23
26.10.2023 14:00:00.000,121.686,123.887,121.256,123.466,21215812.68
26.10.2023 15:00:00.000,123.487,123.557,122.407,122.737,18270000.46
26.10.2023 16:00:00.000,122.736,122.947,121.736,121.787,15977999.69
26.10.2023 17:00:00.000,121.797,122.576,121.506,122.407,14435999.87
26.10.2023 18:00:00.000,122.416,123.337,122.226,122.976,13370400.43
26.10.2023 19:00:00.000,122.966,123.307,122.016,122.216,14895600.32
27.10.2023 13:00:00.000,122.856,123.267,120.196,121.137,14761199.95
27.10.2023 14:00:00.000,121.137,121.987,120.636,121.207,23263832.09
27.10.2023 15:00:00.000,121.216,122.427,120.957,122.416,16846799.85
27.10.2023 16:00:00.000,122.417,122.797,121.766,121.807,13635600.09
27.10.2023 17:00:00.000,121.786,121.947,121.246,121.477,15215999.6
27.10.2023 18:00:00.000,121.467,122.097,121.046,121.756,14168399.81
27.10.2023 19:00:00.000,121.757,122.267,121.486,122.157,15062399.86
30.10.2023 13:00:00.000,123.167,125.147,122.716,125.116,12279600.14
30.10.2023 14:00:00.000,125.126,125.387,123.376,124.367,20172000.89
30.10.2023 15:00:00.000,124.377,124.796,123.946,124.607,15352800.37
30.10.2023 16:00:00.000,124.597,124.777,123.976,124.236,13003199.58
30.10.2023 17:00:00.000,124.237,125.207,124.126,125.187,11260800.36
30.10.2023 18:00:00.000,125.177,125.207,124.726,124.827,9894000.05
30.10.2023 19:00:00.000,124.837,125.187,124.326,124.447,13357199.67
31.10.2023 13:00:00.000,125.027,125.346,123.577,123.846,11345999.72
31.10.2023 14:00:00.000,123.847,124.917,123.286,123.397,18288000.11
31.10.2023 15:00:00.000,123.397,123.837,123.006,123.247,13175999.64
31.10.2023 16:00:00.000,123.236,123.317,122.657,123.247,11011199.95
31.10.2023 17:00:00.000,123.256,123.647,122.986,123.526,8685600.28
31.10.2023 18:00:00.000,123.537,123.866,123.296,123.767,8194800.38
31.10.2023 19:00:00.000,123.767,124.197,123.727,124.037,8694000.24
01.11.2023 13:00:00.000,123.976,125.617,123.697,125.036,10354800.22
01.11.2023 14:00:00.000,125.036,125.657,124.576,125.476,16242000.58
01.11.2023 15:00:00.000,125.476,125.677,124.887,124.947,8870400.43
01.11.2023 16:00:00.000,124.967,125.086,124.676,124.757,8140800.48
01.11.2023 17:00:00.000,124.746,125.017,124.646,124.947,7021200.18
01.11.2023 18:00:00.000,124.967,126.197,124.926,125.847,21297599.79
01.11.2023 19:00:00.000,125.847,126.477,125.846,126.426,16995599.75
02.11.2023 13:00:00.000,128.397,128.947,127.596,127.837,10411199.57
02.11.2023 14:00:00.000,127.837,128.156,127.146,127.626,14577599.53
02.11.2023 15:00:00.000,127.636,127.787,127.127,127.426,11468400
02.11.2023 16:00:00.000,127.436,127.527,126.977,127.246,11181599.62
02.11.2023 17:00:00.000,127.236,127.777,126.916,127.637,7559999.94
02.11.2023 18:00:00.000,127.636,127.937,127.516,127.666,6657599.93
02.11.2023 19:00:00.000,127.676,127.716,127.317,127.487,7046400.07
03.11.2023 13:00:00.000,127.986,128.967,127.856,128.587,10553999.9
03.11.2023 14:00:00.000,128.586,129.077,128.046,128.986,16197599.41
03.11.2023 15:00:00.000,128.987,129.517,128.806,129.427,10000800.13
03.11.2023 16:00:00.000,129.436,129.447,128.916,128.956,7725599.77
03.11.2023 17:00:00.000,128.956,129.057,128.456,128.787,7208399.77
03.11.2023 18:00:00.000,128.796,129.137,128.676,129.027,6536399.84
03.11.2023 19:00:00.000,129.026,129.217,128.926,129.076,6250800.13
06.11.2023 14:00:00.000,129.016,130.027,128.656,129.457,11150400.16
06.11.2023 15:00:00.000,129.466,129.847,128.986,129.537,12061200.14
06.11.2023 16:00:00.000,129.536,129.837,129.407,129.776,7073999.88
06.11.2023 17:00:00.000,129.766,129.767,129.436,129.736,6212399.96
06.11.2023 18:00:00.000,129.726,129.747,129.226,129.656,7294799.8
06.11.2023 19:00:00.000,129.647,130.117,129.477,129.936,7450799.94
06.11.2023 20:00:00.000,129.926,130.327,129.776,130.316,6985199.93
07.11.2023 14:00:00.000,130.656,131.037,129.856,130.676,9675600.05
07.11.2023 15:00:00.000,130.686,131.537,130.226,131.426,13319999.69
07.11.2023 16:00:00.000,131.427,131.617,130.926,131.106,8880000.11
07.11.2023 17:00:00.000,131.107,131.247,130.846,131.137,8435999.87
07.11.2023 18:00:00.000,131.127,131.827,131.106,131.677,7546800.14
07.11.2023 19:00:00.000,131.677,131.896,131.386,131.526,6436800
07.11.2023 20:00:00.000,131.546,131.627,130.706,131.007,8725199.7
08.11.2023 14:00:00.000,130.926,131.747,130.896,131.036,9305999.76
08.11.2023 15:00:00.000,131.046,131.397,130.766,131.126,12631199.84
08.11.2023 16:00:00.000,131.136,131.717,131.006,131.357,9659999.85
08.11.2023 17:00:00.000,131.346,131.477,131.066,131.237,8173199.65
08.11.2023 18:00:00.000,131.227,131.697,131.056,131.346,8887200.36
08.11.2023 19:00:00.000,131.336,132.197,131.266,131.657,5953199.86
08.11.2023 20:00:00.000,131.667,131.996,131.316,131.806,7265999.79
09.11.2023 14:00:00.000,131.866,132.276,131.177,132.077,8469599.72
09.11.2023 15:00:00.000,132.097,132.187,131.246,131.976,13104000.09
09.11.2023 16:00:00.000,131.966,132.537,131.926,132.346,7852799.89
09.11.2023 17:00:00.000,132.356,132.356,131.496,131.807,7336800.1
09.11.2023 18:00:00.000,131.816,131.846,130.726,130.827,13851599.69
09.11.2023 19:00:00.000,130.826,130.947,130.326,130.396,12674400.33
09.11.2023 20:00:00.000,130.387,130.547,130.056,130.256,10550399.78
10.11.2023 14:00:00.000,130.137,130.876,129.386,130.787,9562800.41
10.11.2023 15:00:00.000,130.766,130.817,129.696,130.107,15473999.98
10.11.2023 16:00:00.000,130.116,131.557,130.087,131.547,9337200.16
10.11.2023 17:00:00.000,131.546,132.246,131.536,132.117,8044799.8
10.11.2023 18:00:00.000,132.126,132.577,131.846,132.306,7035600.19
10.11.2023 19:00:00.000,132.307,132.607,132.276,132.467,5337600.23
10.11.2023 20:00:00.000,132.476,132.787,132.436,132.577,6931200.03
13.11.2023 14:00:00.000,131.776,132.227,131.236,131.657,7616399.77
13.11.2023 15:00:00.000,131.646,132.267,131.536,132.136,11030400.28
13.11.2023 16:00:00.000,132.137,132.477,131.986,132.257,9332400.32
13.11.2023 17:00:00.000,132.267,132.367,132.026,132.196,7514400.01
13.11.2023 18:00:00.000,132.197,132.427,131.976,132.226,6865200.04
13.11.2023 19:00:00.000,132.217,132.577,132.156,132.436,4747200.01
13.11.2023 20:00:00.000,132.427,132.577,132.026,132.066,6343200.21
14.11.2023 14:00:00.000,134.127,134.947,133.937,134.876,11647199.63
14.11.2023 15:00:00.000,134.887,135.697,134.277,134.316,13705200.2
14.11.2023 16:00:00.000,134.307,134.557,133.956,134.106,10263600.35
14.11.2023 17:00:00.000,134.107,134.677,133.966,134.677,8685600.28
14.11.2023 18:00:00.000,134.687,135.027,134.536,134.536,7157999.99
14.11.2023 19:00:00.000,134.536,134.876,134.267,134.797,5596799.85
14.11.2023 20:00:00.000,134.786,134.826,133.317,133.627,7393199.92
15.11.2023 14:00:00.000,134.856,134.967,133.657,134.017,10100399.97
15.11.2023 15:00:00.000,134.007,134.367,133.677,134.106,12159600.26
15.11.2023 16:00:00.000,134.117,134.556,133.866,134.036,9525600.43
15.11.2023 17:00:00.000,134.047,134.267,133.897,133.967,7389599.8
15.11.2023 18:00:00.000,133.966,134.507,133.567,134.467,6626399.99
15.11.2023 19:00:00.000,134.476,134.637,134.246,134.486,5617199.9
15.11.2023 20:00:00.000,134.487,134.797,134.276,134.646,6571199.89
16.11.2023 14:00:00.000,135.086,136.186,134.296,135.926,8545200.35
16.11.2023 15:00:00.000,135.937,137.206,135.896,136.186,13873200.42
16.11.2023 16:00:00.000,136.187,136.527,135.747,136.467,10991999.63
16.11.2023 17:00:00.000,136.486,136.887,136.406,136.807,7675199.99
16.11.2023 18:00:00.000,136.806,136.877,136.277,136.757,8307600.02
16.11.2023 19:00:00.000,136.747,137.036,136.617,136.786,7402800.08
16.11.2023 20:00:00.000,136.786,136.977,136.607,136.926,7262400.15
17.11.2023 14:00:00.000,135.897,136.047,135.136,135.526,10611599.92
17.11.2023 15:00:00.000,135.506,135.597,134.057,134.266,13933199.88
17.11.2023 16:00:00.000,134.267,134.337,133.646,134.176,13125599.86
17.11.2023 17:00:00.000,134.176,134.387,133.916,134.257,6962399.96
17.11.2023 18:00:00.000,134.247,134.497,134.206,134.376,7073999.88
17.11.2023 19:00:00.000,134.386,134.876,134.376,134.596,8312399.86
17.11.2023 20:00:00.000,134.586,135.537,134.406,135.277,9170399.67
20.11.2023 14:00:00.000,133.667,135.466,133.667,135.466,8996399.88
20.11.2023 15:00:00.000,135.477,135.756,134.796,135.667,10909199.71
20.11.2023 16:00:00.000,135.677,136.227,135.606,135.877,7970399.86
20.11.2023 17:00:00.000,135.877,136.257,135.686,136.046,6059999.94
20.11.2023 18:00:00.000,136.046,136.647,136.046,136.256,6525599.96
20.11.2023 19:00:00.000,136.256,136.367,135.996,136.117,5567999.84
20.11.2023 20:00:00.000,136.106,136.407,136.006,136.197,4994400.02
21.11.2023 14:00:00.000,136.206,136.796,135.927,136.627,9963600.16
21.11.2023 15:00:00.000,136.616,137.167,136.256,136.507,14657999.99
21.11.2023 16:00:00.000,136.507,136.567,135.956,136.416,9889200.21
21.11.2023 17:00:00.000,136.427,136.857,136.376,136.747,6682799.82
21.11.2023 18:00:00.000,136.757,137.116,136.487,136.847,7073999.88
21.11.2023 19:00:00.000,136.847,137.097,136.696,136.956,9298800.47
21.11.2023 20:00:00.000,136.946,137.137,136.766,136.977,5787600.04
22.11.2023 14:00:00.000,137.457,139.396,137.456,137.906,9169199.94
22.11.2023 15:00:00.000,137.986,138.987,137.627,138.276,15505200.39
22.11.2023 16:00:00.000,138.286,138.807,138.246,138.696,8863200.19
22.11.2023 17:00:00.000,138.677,138.737,138.256,138.396,7320000.17
22.11.2023 18:00:00.000,138.386,138.637,138.197,138.536,4148399.83
22.11.2023 19:00:00.000,138.547,138.747,138.096,138.366,6475200.18
22.11.2023 20:00:00.000,138.356,138.527,138.236,138.457,5159999.85
24.11.2023 14:00:00.000,137.986,138.137,136.967,137.516,8080800.06
24.11.2023 15:00:00.000,137.526,137.526,135.997,136.137,10551600.46
24.11.2023 16:00:00.000,136.147,136.597,136.137,136.537,6224400.04
27.11.2023 14:00:00.000,136.006,138.397,135.956,136.877,8384400.37
27.11.2023 15:00:00.000,136.887,137.116,136.346,136.636,9337200.16
27.11.2023 16:00:00.000,136.627,136.747,136.106,136.707,6074399.95
27.11.2023 17:00:00.000,136.717,136.947,136.586,136.937,3961200
27.11.2023 18:00:00.000,136.936,137.147,136.546,136.686,4621200.08
27.11.2023 19:00:00.000,136.696,136.737,136.257,136.556,4844399.93
27.11.2023 20:00:00.000,136.546,136.827,136.296,136.406,4739999.77
28.11.2023 14:00:00.000,136.016,136.437,135.467,135.556,7274400.23
28.11.2023 15:00:00.000,135.556,136.497,135.416,136.336,10592399.6
28.11.2023 16:00:00.000,136.347,136.746,136.187,136.686,7530000.21
28.11.2023 17:00:00.000,136.696,136.857,136.406,136.527,5755199.91
28.11.2023 18:00:00.000,136.536,136.707,136.176,136.606,7547999.86
28.11.2023 19:00:00.000,136.606,136.807,136.376,136.687,4918799.88
28.11.2023 20:00:00.000,136.706,137.227,136.476,137.166,4898399.83
29.11.2023 14:00:00.000,137.566,138.267,137.526,137.537,4946400.17
29.11.2023 15:00:00.000,137.557,137.776,135.727,136.006,10671600.34
29.11.2023 16:00:00.000,135.997,136.126,135.206,135.806,7998000.15
29.11.2023 17:00:00.000,135.816,135.897,135.506,135.596,4047599.79
29.11.2023 18:00:00.000,135.607,135.687,135.136,135.357,5579999.92
29.11.2023 19:00:00.000,135.357,135.487,135.006,135.156,6166800.02
29.11.2023 20:00:00.000,135.166,135.186,134.836,134.967,5757599.83
30.11.2023 14:00:00.000,134.906,135.506,133.896,133.906,8105999.95
30.11.2023 15:00:00.000,133.906,133.956,132.296,132.587,11956800.46
30.11.2023 16:00:00.000,132.577,132.807,131.846,131.866,8318400.38
30.11.2023 17:00:00.000,131.867,132.276,131.666,131.797,6558000.09
30.11.2023 18:00:00.000,131.787,131.826,131.266,131.417,4690800.19
30.11.2023 19:00:00.000,131.407,131.987,131.387,131.976,4090799.81
30.11.2023 20:00:00.000,131.986,132.557,131.346,132.436,7351200.1
01.12.2023 14:00:00.000,131.766,132.087,130.906,130.987,7983600.14
01.12.2023 15:00:00.000,131.006,131.777,130.647,130.866,12566399.57
01.12.2023 16:00:00.000,130.866,131.596,130.696,131.396,14127599.72
01.12.2023 17:00:00.000,131.396,131.997,131.307,131.836,7233600.14
01.12.2023 18:00:00.000,131.837,131.937,131.366,131.447,6743999.96
01.12.2023 19:00:00.000,131.446,131.727,131.287,131.657,4515600.2
01.12.2023 20:00:00.000,131.647,131.947,131.496,131.807,5219999.79
04.12.2023 14:00:00.000,129.876,129.987,128.606,129.037,8397600.17
04.12.2023 15:00:00.000,129.027,129.306,127.926,128.167,10688400.27
04.12.2023 16:00:00.000,128.156,128.767,127.946,128.706,6367199.9
04.12.2023 17:00:00.000,128.716,129.167,128.476,129.047,5259600.16
04.12.2023 18:00:00.000,129.036,129.056,128.446,128.496,4487999.92
04.12.2023 19:00:00.000,128.476,129.116,128.106,128.647,6498000.15
04.12.2023 20:00:00.000,128.637,129.377,128.566,129.247,6825600.15
05.12.2023 14:00:00.000,128.867,130.506,128.246,130.506,7863599.78
05.12.2023 15:00:00.000,130.457,131.927,130.146,131.737,15370800.02
05.12.2023 16:00:00.000,131.727,132.127,130.516,130.727,11414400.1
05.12.2023 17:00:00.000,130.736,130.976,130.346,130.696,9853199.96
05.12.2023 18:00:00.000,130.686,130.727,130.356,130.506,8043600.08
05.12.2023 19:00:00.000,130.506,130.967,130.326,130.917,5185200.21
05.12.2023 20:00:00.000,130.916,131.087,130.717,131.017,5877600.19
06.12.2023 14:00:00.000,131.347,131.817,131.116,131.197,8404800.41
06.12.2023 15:00:00.000,131.187,131.517,130.477,131.367,15564000.13
06.12.2023 16:00:00.000,131.377,131.447,130.376,130.827,10269599.91
06.12.2023 17:00:00.000,130.816,130.997,130.366,130.377,7592400.07
06.12.2023 18:00:00.000,130.386,130.627,130.176,130.516,6243599.89
06.12.2023 19:00:00.000,130.527,130.677,130.327,130.466,5457600.12
06.12.2023 20:00:00.000,130.456,130.507,129.867,130.016,7180799.96
07.12.2023 14:00:00.000,134.917,137.907,134.666,136.946,12880800.25
07.12.2023 15:00:00.000,136.946,137.307,136.117,136.837,16854000.09
07.12.2023 16:00:00.000,136.826,137.117,135.817,137.107,11851200.1
07.12.2023 17:00:00.000,137.117,138.547,137.066,137.866,11798399.93
07.12.2023 18:00:00.000,137.867,137.887,136.746,137.267,8043600.08
07.12.2023 19:00:00.000,137.256,137.417,136.806,137.056,6284399.99
07.12.2023 20:00:00.000,137.047,137.387,136.646,136.936,6705599.78
08.12.2023 14:00:00.000,134.186,135.247,134.036,134.717,10538399.7
08.12.2023 15:00:00.000,134.737,136.387,134.736,135.496,12667200.09
08.12.2023 16:00:00.000,135.507,135.587,134.626,134.686,7965899.94
08.12.2023 17:00:00.000,134.686,135.057,134.236,134.977,7762800.22
08.12.2023 18:00:00.000,134.957,135.037,134.636,134.857,5392799.85
08.12.2023 19:00:00.000,134.866,135.237,134.696,135.137,3555599.93
08.12.2023 20:00:00.000,135.146,135.156,134.876,134.967,4245600.22
11.12.2023 14:00:00.000,132.356,133.106,131.386,132.937,11282400.13
11.12.2023 15:00:00.000,132.977,133.037,131.946,132.556,12307200.43
11.12.2023 16:00:00.000,132.566,132.566,131.867,132.227,9440400.12
11.12.2023 17:00:00.000,132.216,132.647,132.047,132.486,6163199.9
11.12.2023 18:00:00.000,132.476,132.817,132.426,132.627,5152800.08
11.12.2023 19:00:00.000,132.626,132.837,132.397,132.836,4466400.15
11.12.2023 20:00:00.000,132.847,133.326,132.706,133.226,4342800.14
12.12.2023 14:00:00.000,131.726,132.987,131.266,132.167,7961999.89
12.12.2023 15:00:00.000,132.157,132.466,132.016,132.337,8881199.84
12.12.2023 16:00:00.000,132.327,132.597,132.126,132.206,6768000.13
12.12.2023 17:00:00.000,132.206,132.376,131.966,132.357,4978799.82
12.12.2023 18:00:00.000,132.346,132.717,132.286,132.637,5196000.1
12.12.2023 19:00:00.000,132.616,132.687,132.096,132.177,3880800.01
12.12.2023 20:00:00.000,132.187,132.557,132.026,132.487,6469200.13
13.12.2023 14:00:00.000,133.246,133.486,132.287,132.566,8081999.78
13.12.2023 15:00:00.000,132.557,132.986,132.436,132.706,8625599.86
13.12.2023 16:00:00.000,132.716,132.836,131.976,132.016,7015200.14
13.12.2023 17:00:00.000,131.997,132.127,131.837,131.906,4642799.85
13.12.2023 18:00:00.000,131.907,131.916,131.546,131.586,3344399.93
13.12.2023 19:00:00.000,131.587,132.987,131.587,132.826,16261199.95
13.12.2023 20:00:00.000,132.817,133.307,131.966,132.547,14147999.76
14.12.2023 14:00:00.000,133.316,133.697,132.346,132.467,9909600.26
14.12.2023 15:00:00.000,132.467,132.467,130.576,130.866,15361200.33
14.12.2023 16:00:00.000,130.877,131.287,130.196,131.206,9778499.6
14.12.2023 17:00:00.000,131.196,131.477,130.546,130.567,5224500.18
14.12.2023 18:00:00.000,130.546,130.557,129.696,129.866,7243224.14
14.12.2023 19:00:00.000,129.866,131.526,129.856,131.367,5935500.15
14.12.2023 20:00:00.000,131.366,131.977,131.236,131.957,7070400.24
15.12.2023 14:00:00.000,131.617,133.486,131.386,132.526,9805199.62
15.12.2023 15:00:00.000,132.537,132.697,131.706,131.746,11035200.12
15.12.2023 16:00:00.000,131.757,132.117,131.546,131.647,7697999.95
15.12.2023 17:00:00.000,131.647,132.047,131.396,131.406,6197999.95
15.12.2023 18:00:00.000,131.397,131.817,131.306,131.566,6897600.17
15.12.2023 19:00:00.000,131.557,132.247,131.476,132.247,6465600.01
15.12.2023 20:00:00.000,132.247,132.627,132.166,132.487,7339200.02
18.12.2023 14:00:00.000,132.467,134.787,132.317,134.696,8890800.48
18.12.2023 15:00:00.000,134.706,136.087,134.646,135.207,10690799.71
18.12.2023 16:00:00.000,135.216,136.617,135.086,136.596,7306799.89
18.12.2023 17:00:00.000,136.597,137.137,135.846,136.386,7576799.87
18.12.2023 18:00:00.000,136.376,136.537,136.036,136.186,5373600.01
18.12.2023 19:00:00.000,136.196,136.327,135.926,136.137,4333199.98
18.12.2023 20:00:00.000,136.147,136.457,135.686,135.826,5592000.01
19.12.2023 14:00:00.000,136.686,137.447,136.286,136.676,10226400.38
19.12.2023 15:00:00.000,136.686,136.916,136.116,136.427,12696000.1
19.12.2023 16:00:00.000,136.426,136.777,136.296,136.447,7497600.08
19.12.2023 17:00:00.000,136.457,136.487,136.096,136.397,5052000.05
19.12.2023 18:00:00.000,136.387,137.017,136.336,136.917,4541999.82
19.12.2023 19:00:00.000,136.927,137.227,136.897,136.907,4265999.79
19.12.2023 20:00:00.000,136.907,136.977,136.416,136.647,5550000.19
20.12.2023 14:00:00.000,138.906,140.457,138.316,139.736,9618000.03
20.12.2023 15:00:00.000,139.766,141.677,139.656,141.017,13268400.19
20.12.2023 16:00:00.000,141.036,141.297,140.357,140.496,9815999.98
20.12.2023 17:00:00.000,140.507,140.877,140.416,140.806,7371600.15
20.12.2023 18:00:00.000,140.796,140.977,140.406,140.606,6123600.01
20.12.2023 19:00:00.000,140.596,140.807,138.696,138.747,10453200.34
20.12.2023 20:00:00.000,138.756,139.187,138.047,138.367,15868800.16
21.12.2023 14:00:00.000,139.337,140.127,139.147,139.676,10231200.22
21.12.2023 15:00:00.000,139.697,140.587,139.286,140.047,16895999.91
21.12.2023 16:00:00.000,140.047,140.487,139.816,139.876,10720800.4
21.12.2023 17:00:00.000,139.887,139.997,139.556,139.887,8966400.15
21.12.2023 18:00:00.000,139.887,140.196,139.747,140.067,9644399.64
21.12.2023 19:00:00.000,140.056,140.067,139.716,139.987,5413199.9
21.12.2023 20:00:00.000,139.977,140.676,139.767,140.396,6248400.21
22.12.2023 14:00:00.000,140.747,141.967,140.747,141.297,8578800.2
22.12.2023 15:00:00.000,141.307,141.627,140.937,140.957,11534399.99
22.12.2023 16:00:00.000,140.956,141.317,140.767,140.816,8139599.8
22.12.2023 17:00:00.000,140.817,141.477,140.706,141.466,7148399.83
22.12.2023 18:00:00.000,141.447,141.577,141.226,141.227,4933199.88
22.12.2023 19:00:00.000,141.237,141.486,140.726,141.456,11858400.34
22.12.2023 20:00:00.000,141.466,141.627,141.187,141.457,8060400.01
26.12.2023 14:00:00.000,141.516,142.676,141.516,142.237,7387199.88
26.12.2023 15:00:00.000,142.226,142.277,141.666,141.747,6934800.15
26.12.2023 16:00:00.000,141.756,141.797,141.176,141.556,5709599.97
26.12.2023 17:00:00.000,141.546,141.577,141.306,141.356,5163599.97
26.12.2023 18:00:00.000,141.346,141.417,141.206,141.337,3548399.93
26.12.2023 19:00:00.000,141.336,141.447,141.256,141.357,2888400.08
26.12.2023 20:00:00.000,141.367,141.687,141.336,141.547,4402800.08
27.12.2023 14:00:00.000,141.547,142.047,140.806,140.927,7070400.24
27.12.2023 15:00:00.000,140.936,140.966,139.966,140.427,10393199.92
27.12.2023 16:00:00.000,140.437,140.476,140.056,140.246,5863200.19
27.12.2023 17:00:00.000,140.246,140.437,140.026,140.047,4645199.78
27.12.2023 18:00:00.000,140.046,140.567,140.026,140.326,6935999.87
27.12.2023 19:00:00.000,140.337,140.337,139.876,140.007,8069999.69
27.12.2023 20:00:00.000,140.007,140.387,139.946,140.377,5723999.98
28.12.2023 14:00:00.000,140.757,141.117,139.966,140.056,6226799.96
28.12.2023 15:00:00.000,140.046,140.697,139.726,140.497,6579599.86
28.12.2023 16:00:00.000,140.476,140.637,140.146,140.407,4588799.95
28.12.2023 17:00:00.000,140.397,140.496,140.266,140.386,3312000.04
28.12.2023 18:00:00.000,140.386,140.576,140.226,140.386,4934400.08
28.12.2023 19:00:00.000,140.397,140.627,140.336,140.386,3285599.95
28.12.2023 20:00:00.000,140.387,140.417,140.007,140.257,4345200.06
29.12.2023 14:00:00.000,139.607,140.347,139.607,140.157,6665999.89
29.12.2023 15:00:00.000,140.137,140.216,139.376,139.616,8529600.14
29.12.2023 16:00:00.000,139.607,139.706,138.776,139.216,8858400.34
29.12.2023 17:00:00.000,139.207,139.377,138.906,139.347,6422400
29.12.2023 18:00:00.000,139.336,139.607,139.296,139.457,5545199.87
29.12.2023 19:00:00.000,139.457,139.907,139.386,139.826,3244800.09
29.12.2023 20:00:00.000,139.816,139.947,139.376,139.557,5432400.23
02.01.2024 14:00:00.000,138.537,139.436,136.567,136.646,10147199.63
02.01.2024 15:00:00.000,136.637,137.637,136.467,136.816,12607199.67
02.01.2024 16:00:00.000,136.816,137.917,136.816,137.916,7967999.94
02.01.2024 17:00:00.000,137.917,138.187,137.436,137.446,7375199.79
02.01.2024 18:00:00.000,137.446,138.057,137.376,137.687,6238800.05
02.01.2024 19:00:00.000,137.686,137.767,137.266,137.276,5282400.13
02.01.2024 20:00:00.000,137.287,138.267,137.066,138.186,8105999.95
03.01.2024 14:00:00.000,137.146,138.537,137.046,137.826,11415599.82
03.01.2024 15:00:00.000,137.827,138.717,137.616,138.666,15481200.22
03.01.2024 16:00:00.000,138.676,138.937,138.456,138.756,10921199.8
03.01.2024 17:00:00.000,138.767,139.246,138.546,139.217,7757999.9
03.01.2024 18:00:00.000,139.206,139.337,138.866,139.057,6571199.89
03.01.2024 19:00:00.000,139.057,139.617,138.676,139.556,13657199.86
03.01.2024 20:00:00.000,139.556,139.616,138.596,138.927,9506400.11
04.01.2024 14:00:00.000,138.376,138.827,137.996,138.286,9631199.84
04.01.2024 15:00:00.000,138.296,138.787,138.056,138.456,12141599.66
04.01.2024 16:00:00.000,138.477,139.147,138.026,138.057,8341199.87
04.01.2024 17:00:00.000,138.057,138.197,137.297,137.477,7673999.79
04.01.2024 18:00:00.000,137.476,137.717,137.216,137.436,6224400.04
04.01.2024 19:00:00.000,137.446,137.467,136.757,136.997,7340400.22
04.01.2024 20:00:00.000,136.997,137.197,136.346,136.416,8703599.93
05.01.2024 14:00:00.000,136.697,137.057,136.246,136.546,8049599.65
05.01.2024 15:00:00.000,136.557,137.136,136.376,136.577,11962800.03
05.01.2024 16:00:00.000,136.567,136.707,135.636,135.976,9536399.84
05.01.2024 17:00:00.000,135.967,136.097,135.476,135.907,8494799.61
05.01.2024 18:00:00.000,135.886,136.077,135.486,135.906,8516400.34
05.01.2024 19:00:00.000,135.907,136.027,135.256,135.337,7427999.97
05.01.2024 20:00:00.000,135.326,135.796,135.136,135.707,6376800.06
08.01.2024 14:00:00.000,136.256,137.147,136.226,137.027,8122799.87
08.01.2024 15:00:00.000,137.016,137.467,136.587,137.307,9111599.92
08.01.2024 16:00:00.000,137.317,137.787,137.256,137.737,8330400.47
08.01.2024 17:00:00.000,137.727,138.217,137.646,137.897,5748000.15
08.01.2024 18:00:00.000,137.886,138.337,137.696,138.256,3645600.08
08.01.2024 19:00:00.000,138.267,138.847,138.166,138.747,4405200
08.01.2024 20:00:00.000,138.737,138.977,138.526,138.786,7118400.1
09.01.2024 14:00:00.000,138.326,139.817,138.136,139.527,10850399.97
09.01.2024 15:00:00.000,139.536,140.147,139.316,139.926,13006799.7
09.01.2024 16:00:00.000,139.927,140.957,139.926,140.957,8649600.03
09.01.2024 17:00:00.000,140.977,141.347,140.746,141.207,7823999.88
09.01.2024 18:00:00.000,141.216,141.476,140.696,140.937,8321999.55
09.01.2024 19:00:00.000,140.947,141.107,140.596,140.707,7693200.11
09.01.2024 20:00:00.000,140.717,141.017,140.386,140.927,8391599.66
10.01.2024 14:00:00.000,140.997,142.467,140.887,141.727,9276000.02
10.01.2024 15:00:00.000,141.717,141.887,140.976,141.867,10827599.53
10.01.2024 16:00:00.000,141.867,142.026,141.396,141.727,7935599.8
10.01.2024 17:00:00.000,141.736,142.287,141.596,142.247,5352000.24
10.01.2024 18:00:00.000,142.256,142.507,142.127,142.337,7555200.1
10.01.2024 19:00:00.000,142.336,142.986,142.336,142.766,5219999.79
10.01.2024 20:00:00.000,142.756,142.776,141.786,142.227,10417200.09
11.01.2024 14:00:00.000,143.376,145.207,143.076,143.456,10668000.22
11.01.2024 15:00:00.000,143.477,143.537,142.006,142.097,16694400.79
11.01.2024 16:00:00.000,142.106,142.257,140.966,140.996,12609600.07
11.01.2024 17:00:00.000,140.987,141.297,140.617,140.807,10651200.29
11.01.2024 18:00:00.000,140.797,141.776,140.787,141.707,10153200.15
11.01.2024 19:00:00.000,141.717,142.317,141.496,142.277,9144000.05
11.01.2024 20:00:00.000,142.276,142.306,141.637,142.076,9355199.81
12.01.2024 14:00:00.000,142.706,142.906,141.816,142.366,9410400.39
12.01.2024 15:00:00.000,142.356,142.627,141.946,142.587,14150400.16
12.01.2024 16:00:00.000,142.587,143.167,142.496,142.606,9310799.6
12.01.2024 17:00:00.000,142.596,143.036,142.486,142.937,7700399.88
12.01.2024 18:00:00.000,142.947,143.187,142.867,142.957,4898399.83
12.01.2024 19:00:00.000,142.946,143.117,142.696,142.787,5704800.13
12.01.2024 20:00:00.000,142.776,142.816,142.527,142.597,6771599.77
16.01.2024 14:00:00.000,141.977,144.327,141.756,143.486,9706800.46
16.01.2024 15:00:00.000,143.486,143.597,142.946,143.026,13605600.36
16.01.2024 16:00:00.000,143.026,143.106,142.316,142.427,14803199.77
16.01.2024 17:00:00.000,142.417,142.537,141.736,141.787,10396800.04
16.01.2024 18:00:00.000,141.776,142.217,141.646,141.747,7648799.9
16.01.2024 19:00:00.000,141.756,142.047,141.436,141.997,5297999.86
16.01.2024 20:00:00.000,141.996,142.487,141.886,142.466,3968400
17.01.2024 14:00:00.000,141.296,141.796,139.256,139.356,9637200.36
17.01.2024 15:00:00.000,139.387,140.537,138.886,140.377,14020799.64
17.01.2024 16:00:00.000,140.366,141.097,140.366,140.726,10114800.45
17.01.2024 17:00:00.000,140.736,140.986,140.506,140.926,8333999.63
17.01.2024 18:00:00.000,140.916,141.157,140.146,140.387,8166000.37
17.01.2024 19:00:00.000,140.396,140.977,140.336,140.896,6015600.2
17.01.2024 20:00:00.000,140.896,141.607,140.796,141.467,6104400.16
18.01.2024 14:00:00.000,142.007,143.357,141.977,142.796,8816399.57
18.01.2024 15:00:00.000,142.796,143.427,141.976,143.427,12206399.92
18.01.2024 16:00:00.000,143.436,144.197,143.277,143.746,9192000.39
18.01.2024 17:00:00.000,143.747,143.836,142.797,142.866,10383600.24
18.01.2024 18:00:00.000,142.867,143.156,142.586,143.097,8916000.37
18.01.2024 19:00:00.000,143.087,143.987,143.006,143.947,5809199.81
18.01.2024 20:00:00.000,143.956,143.967,143.326,143.436,6038400.17
19.01.2024 14:00:00.000,144.696,145.697,144.357,145.216,8847599.98
19.01.2024 15:00:00.000,145.217,145.947,144.906,145.826,14018400.19
19.01.2024 16:00:00.000,145.817,146.367,145.516,145.706,8906399.73
19.01.2024 17:00:00.000,145.716,145.916,145.106,145.747,9470399.86
19.01.2024 18:00:00.000,145.737,146.237,145.467,146.196,7033199.79
19.01.2024 19:00:00.000,146.187,146.227,145.546,145.986,7690800.19
19.01.2024 20:00:00.000,145.987,146.437,145.926,146.357,5572800.16
22.01.2024 14:00:00.000,147.137,148.377,147.137,147.897,8281200.41
22.01.2024 15:00:00.000,147.897,148.036,146.806,147.007,11934000.02
22.01.2024 16:00:00.000,147.017,147.297,146.877,147.037,7162799.84
22.01.2024 17:00:00.000,147.027,147.207,146.557,147.016,5744400.02
22.01.2024 18:00:00.000,146.996,147.007,146.576,146.926,6044400.22
22.01.2024 19:00:00.000,146.936,146.987,146.616,146.837,4780799.87
22.01.2024 20:00:00.000,146.856,146.866,145.836,146.007,4621200.08
23.01.2024 14:00:00.000,145.887,146.726,145.477,146.407,7986000.06
23.01.2024 15:00:00.000,146.396,147.137,146.276,146.517,10223999.98
23.01.2024 16:00:00.000,146.526,146.546,146.046,146.426,6510000.23
23.01.2024 17:00:00.000,146.417,146.507,146.146,146.467,3447599.89
23.01.2024 18:00:00.000,146.477,146.777,146.416,146.607,3592799.9
23.01.2024 19:00:00.000,146.616,146.667,146.366,146.556,3249599.93
23.01.2024 20:00:00.000,146.566,147.177,146.556,147.026,4801199.91
24.01.2024 14:00:00.000,148.477,149.317,148.096,148.786,8504400.25
24.01.2024 15:00:00.000,148.807,149.807,148.496,149.726,11239199.64
24.01.2024 16:00:00.000,149.737,149.837,148.756,149.186,7602000.24
24.01.2024 17:00:00.000,149.197,149.467,148.987,149.456,6024000.17
24.01.2024 18:00:00.000,149.427,149.527,148.986,149.066,9219599.72
24.01.2024 19:00:00.000,149.076,149.227,148.827,149.027,7205999.85
24.01.2024 20:00:00.000,149.016,149.107,148.496,148.707,7737599.85
25.01.2024 14:00:00.000,150.047,150.787,149.496,150.467,8443200.11
25.01.2024 15:00:00.000,150.457,152.896,150.336,152.757,12986399.65
25.01.2024 16:00:00.000,152.756,153.037,152.476,152.766,10366800.31
25.01.2024 17:00:00.000,152.757,152.927,151.506,151.716,10218000.41
25.01.2024 18:00:00.000,151.727,152.147,151.056,151.227,10198800.09
25.01.2024 19:00:00.000,151.216,151.747,150.997,151.747,9190799.71
25.01.2024 20:00:00.000,151.737,151.916,151.246,151.886,7148399.83
26.01.2024 14:00:00.000,151.037,152.257,150.996,151.887,8366399.77
26.01.2024 15:00:00.000,151.877,152.287,151.256,152.037,9569999.69
26.01.2024 16:00:00.000,152.026,152.407,151.726,152.097,6494400.02
26.01.2024 17:00:00.000,152.106,152.526,151.487,151.547,8157600.4
26.01.2024 18:00:00.000,151.536,151.957,151.486,151.876,5513999.94
26.01.2024 19:00:00.000,151.867,152.027,151.576,151.687,4334400.18
26.01.2024 20:00:00.000,151.697,152.407,151.646,152.177,5630400.18
29.01.2024 14:00:00.000,152.066,152.817,151.406,152.167,6866399.77
29.01.2024 15:00:00.000,152.197,152.387,151.476,151.617,8440799.71
29.01.2024 16:00:00.000,151.606,152.287,151.486,152.136,5456399.92
29.01.2024 17:00:00.000,152.126,152.647,151.856,152.557,4702799.8
29.01.2024 18:00:00.000,152.557,152.677,152.416,152.567,3124799.97
29.01.2024 19:00:00.000,152.576,153.086,152.466,153.086,2877599.95
29.01.2024 20:00:00.000,153.096,153.767,153.096,153.556,7042799.95
30.01.2024 14:00:00.000,152.787,153.607,152.556,153.027,6620399.95
30.01.2024 15:00:00.000,153.027,153.186,152.386,152.727,8437199.59
30.01.2024 16:00:00.000,152.726,153.117,152.226,152.277,5294400.22
30.01.2024 17:00:00.000,152.287,152.447,151.587,152.207,5383200.17
30.01.2024 18:00:00.000,152.207,152.347,151.846,152.016,4066800.12
30.01.2024 19:00:00.000,152.007,152.227,151.776,151.906,2977200.03
30.01.2024 20:00:00.000,151.916,152.087,151.176,151.356,3048000.1
31.01.2024 14:00:00.000,143.566,143.867,141.006,142.817,10817999.84
31.01.2024 15:00:00.000,142.797,142.926,141.236,141.627,14428799.63
31.01.2024 16:00:00.000,141.646,142.387,141.316,141.707,9095999.72
31.01.2024 17:00:00.000,141.706,141.986,140.706,141.037,7588799.95
31.01.2024 18:00:00.000,141.047,142.167,140.956,141.797,6797999.86
31.01.2024 19:00:00.000,141.807,142.347,141.186,141.466,16718399.05
31.01.2024 20:00:00.000,141.477,141.537,139.856,140.067,17455200.2
01.02.2024 14:00:00.000,142.026,143.036,141.396,142.437,9444000.24
01.02.2024 15:00:00.000,142.436,142.566,141.466,142.127,12309599.88
01.02.2024 16:00:00.000,142.107,142.447,141.236,141.427,8326800.35
01.02.2024 17:00:00.000,141.437,141.857,140.827,141.556,6840000.15
01.02.2024 18:00:00.000,141.566,141.607,140.786,140.937,7131599.9
01.02.2024 19:00:00.000,140.947,141.817,140.846,141.756,5641200.07
01.02.2024 20:00:00.000,141.766,141.847,140.836,141.157,4854000.09
02.02.2024 14:00:00.000,139.257,139.657,136.496,137.957,12235199.93
02.02.2024 15:00:00.000,137.947,139.857,137.477,139.366,13966799.74
02.02.2024 16:00:00.000,139.356,140.567,138.896,140.547,9793199.54
02.02.2024 17:00:00.000,140.547,141.387,140.237,140.476,9630000.11
02.02.2024 18:00:00.000,140.486,140.787,140.257,140.746,9268799.78
02.02.2024 19:00:00.000,140.746,142.107,140.746,141.776,8917200.09
02.02.2024 20:00:00.000,141.787,142.526,141.536,142.377,9362400.05
05.02.2024 14:00:00.000,142.846,145.207,142.756,144.817,9135600.09
05.02.2024 15:00:00.000,144.807,145.456,143.346,143.696,14036399.84
05.02.2024 16:00:00.000,143.687,143.847,143.246,143.586,9500399.59
05.02.2024 17:00:00.000,143.577,144.106,143.226,144.026,7625999.93
05.02.2024 18:00:00.000,144.017,144.407,143.216,143.417,6398399.83
05.02.2024 19:00:00.000,143.427,144.147,143.217,144.057,5857200.15
05.02.2024 20:00:00.000,144.046,144.047,143.377,143.586,7419600.01
06.02.2024 14:00:00.000,144.597,145.327,144.246,144.286,8166000.37
06.02.2024 15:00:00.000,144.267,144.537,143.696,144.216,13605600.36
06.02.2024 16:00:00.000,144.207,144.737,144.017,144.117,10302000.05
06.02.2024 17:00:00.000,144.127,144.246,143.346,143.546,10021200.18
06.02.2024 18:00:00.000,143.556,143.947,143.516,143.727,6832799.91
06.02.2024 19:00:00.000,143.716,143.757,143.176,143.637,4995600.22
06.02.2024 20:00:00.000,143.646,144.167,143.386,144.127,5587200.16
07.02.2024 14:00:00.000,144.746,144.967,144.096,144.207,7938000.2
07.02.2024 15:00:00.000,144.196,145.297,143.916,144.646,13411199.57
07.02.2024 16:00:00.000,144.656,145.337,144.447,145.046,9741600.04
07.02.2024 17:00:00.000,145.047,145.347,144.616,144.866,6548399.93
07.02.2024 18:00:00.000,144.867,145.386,144.577,145.126,4894800.19
07.02.2024 19:00:00.000,145.116,145.377,145.046,145.246,2289599.9
07.02.2024 20:00:00.000,145.236,145.607,145.197,145.497,3186000.11
08.02.2024 14:00:00.000,145.716,146.307,145.097,145.357,7455599.78
08.02.2024 15:00:00.000,145.376,146.177,145.316,146.107,8127599.72
08.02.2024 16:00:00.000,146.097,146.136,145.626,145.817,5223599.91
08.02.2024 17:00:00.000,145.807,146.156,145.676,145.726,3894000.05
08.02.2024 18:00:00.000,145.727,146.016,145.387,145.457,3674400.09
08.02.2024 19:00:00.000,145.467,145.777,145.196,145.706,3028800.01
08.02.2024 20:00:00.000,145.696,146.077,145.676,145.906,2940000.06
09.02.2024 14:00:00.000,146.636,147.317,146.156,147.286,6984000.21
09.02.2024 15:00:00.000,147.297,148.537,146.796,148.477,10425600.05
09.02.2024 16:00:00.000,148.496,148.986,148.346,148.706,8053199.77
09.02.2024 17:00:00.000,148.697,149.317,148.546,149.167,4778399.94
09.02.2024 18:00:00.000,149.176,149.427,148.826,148.897,3724800.11
09.02.2024 19:00:00.000,148.877,149.317,148.736,149.156,3703200.1
09.02.2024 20:00:00.000,149.176,149.227,148.796,149.016,5491199.97
12.02.2024 14:00:00.000,148.417,148.797,148.026,148.317,7868400.1
12.02.2024 15:00:00.000,148.336,148.536,147.796,148.487,9423600.2
12.02.2024 16:00:00.000,148.486,149.067,148.226,148.966,6461999.89
12.02.2024 17:00:00.000,148.937,149.327,148.636,148.847,6401999.95
12.02.2024 18:00:00.000,148.856,148.936,148.196,148.457,6585599.9
12.02.2024 19:00:00.000,148.427,148.546,147.496,147.576,7897200.11
12.02.2024 20:00:00.000,147.556,147.987,147.386,147.557,6078000.07
13.02.2024 14:00:00.000,144.846,146.137,144.156,145.977,9832799.91
13.02.2024 15:00:00.000,145.966,146.666,144.866,146.006,13426799.77
13.02.2024 16:00:00.000,146.017,146.427,145.246,145.306,8989199.64
13.02.2024 17:00:00.000,145.307,145.586,144.916,145.007,7315199.85
13.02.2024 18:00:00.000,144.987,145.177,144.606,144.697,6980400.09
13.02.2024 19:00:00.000,144.696,144.797,143.866,143.927,7932000.16
13.02.2024 20:00:00.000,143.927,145.187,143.686,145.116,9982799.53
14.02.2024 14:00:00.000,145.996,146.507,144.866,145.586,8765999.79
14.02.2024 15:00:00.000,145.587,145.817,144.706,144.707,12016799.93
14.02.2024 16:00:00.000,144.697,145.057,144.336,144.347,11364000.32
14.02.2024 17:00:00.000,144.366,145.087,144.076,144.837,8574000.36
14.02.2024 18:00:00.000,144.847,145.287,144.586,145.097,6796800.14
14.02.2024 19:00:00.000,145.107,145.187,144.696,145.077,6013199.81
14.02.2024 20:00:00.000,145.086,146.016,144.966,145.856,5050799.85
15.02.2024 14:00:00.000,143.136,143.486,140.447,141.646,9222000.12
15.02.2024 15:00:00.000,141.647,142.536,141.326,141.897,11661600.11
15.02.2024 16:00:00.000,141.896,141.927,141.226,141.407,9975600.24
15.02.2024 17:00:00.000,141.406,142.537,141.116,142.146,7718400
15.02.2024 18:00:00.000,142.137,142.636,142.096,142.316,6395999.91
15.02.2024 19:00:00.000,142.327,142.407,141.767,142.156,5802000.05
15.02.2024 20:00:00.000,142.156,142.887,142.016,142.786,6718800.07
16.02.2024 14:00:00.000,142.886,143.177,141.026,141.287,7696800.23
16.02.2024 15:00:00.000,141.256,141.416,140.646,140.987,12999600.41
16.02.2024 16:00:00.000,140.997,141.657,140.946,141.356,8484000.21
16.02.2024 17:00:00.000,141.346,141.457,140.236,140.596,7901999.95
16.02.2024 18:00:00.000,140.607,141.087,140.266,141.076,7638000.01
16.02.2024 19:00:00.000,141.076,141.297,140.126,140.457,7114799.98
16.02.2024 20:00:00.000,140.477,140.917,140.246,140.496,9836400.03
20.02.2024 14:00:00.000,139.606,141.107,139.467,140.516,8234399.8
20.02.2024 15:00:00.000,140.516,141.877,140.407,141.736,10121999.74
20.02.2024 16:00:00.000,141.736,142.067,140.796,140.796,7466400.15
20.02.2024 17:00:00.000,140.806,141.236,140.496,141.046,5979599.95
20.02.2024 18:00:00.000,141.036,141.226,140.687,141.197,5704800.13
20.02.2024 19:00:00.000,141.196,141.266,140.826,141.147,5695199.97
20.02.2024 20:00:00.000,141.157,141.207,140.526,141.107,7933199.88
21.02.2024 14:00:00.000,141.287,141.466,140.656,141.037,6926400.18
21.02.2024 15:00:00.000,141.036,141.556,140.926,141.436,8630399.7
21.02.2024 16:00:00.000,141.447,142.587,141.437,142.236,6706799.98
21.02.2024 17:00:00.000,142.257,142.337,141.796,142.236,6797999.86
21.02.2024 18:00:00.000,142.226,142.627,141.866,142.126,6609600.07
21.02.2024 19:00:00.000,142.066,142.457,141.536,141.766,8156399.73
21.02.2024 20:00:00.000,141.746,142.677,141.686,142.546,8588399.89
22.02.2024 14:00:00.000,144.946,144.967,142.787,144.567,7813200
22.02.2024 15:00:00.000,144.577,144.617,143.336,143.357,10738800.05
22.02.2024 16:00:00.000,143.376,143.717,143.116,143.146,7663199.9
22.02.2024 17:00:00.000,143.137,143.917,143.006,143.747,6251999.86
22.02.2024 18:00:00.000,143.736,143.857,143.566,143.646,5293200.02
22.02.2024 19:00:00.000,143.647,143.887,143.386,143.567,5570400.24
22.02.2024 20:00:00.000,143.556,144.357,143.506,144.027,7628399.85
23.02.2024 14:00:00.000,143.626,144.656,143.626,144.386,6553199.77
23.02.2024 15:00:00.000,144.366,144.397,143.717,143.796,9795599.94
23.02.2024 16:00:00.000,143.816,143.927,143.416,143.926,8926799.77
23.02.2024 17:00:00.000,143.936,144.197,143.746,143.857,7117199.9
23.02.2024 18:00:00.000,143.846,144.126,143.727,144.036,4664400.1
23.02.2024 19:00:00.000,144.046,144.087,143.496,143.816,6086400.03
23.02.2024 20:00:00.000,143.807,144.117,143.626,143.936,6727200.03
26.02.2024 14:00:00.000,142.097,142.417,139.776,140.116,7957200.05
26.02.2024 15:00:00.000,140.127,140.566,139.227,139.237,9244799.61
26.02.2024 16:00:00.000,139.227,139.476,138.556,138.767,6401400.09
26.02.2024 17:00:00.000,138.776,138.776,137.857,137.867,4435522.08
26.02.2024 18:00:00.000,137.886,138.457,137.626,138.376,6989999.77
26.02.2024 19:00:00.000,138.387,138.737,138.126,138.157,5738399.98
26.02.2024 20:00:00.000,138.167,138.327,137.387,137.507,5852399.83
27.02.2024 14:00:00.000,137.997,138.597,137.546,137.877,7774799.82
27.02.2024 15:00:00.000,137.846,138.477,137.606,138.156,10579199.79
27.02.2024 16:00:00.000,138.166,138.307,137.836,137.906,7679999.83
27.02.2024 17:00:00.000,137.886,137.927,137.077,137.466,7123199.94
27.02.2024 18:00:00.000,137.466,138.187,137.376,138.136,5786399.84
27.02.2024 19:00:00.000,138.137,139.087,138.137,139.006,5649600.03
27.02.2024 20:00:00.000,139.006,139.236,138.626,138.877,4840799.81
28.02.2024 14:00:00.000,137.787,137.946,135.917,136.276,7520400.05
28.02.2024 15:00:00.000,136.286,136.807,135.916,136.137,7997638.23
28.02.2024 16:00:00.000,136.137,136.376,135.616,135.956,6010799.88
28.02.2024 17:00:00.000,135.956,136.057,135.806,135.927,5000400.07
28.02.2024 18:00:00.000,135.917,136.306,135.656,135.997,4455599.78
28.02.2024 19:00:00.000,135.997,136.066,135.406,135.956,4665599.82
28.02.2024 20:00:00.000,135.946,136.356,135.917,136.356,5485199.93
29.02.2024 14:00:00.000,137.207,138.847,137.026,138.567,5948400.02
29.02.2024 15:00:00.000,138.566,138.647,136.857,137.056,9782400.13
29.02.2024 16:00:00.000,137.066,137.127,136.396,136.776,9441599.85
29.02.2024 17:00:00.000,136.777,137.117,136.726,137.067,6391200.07
29.02.2024 18:00:00.000,137.067,137.386,136.996,137.037,4484399.8
29.02.2024 19:00:00.000,137.047,137.427,136.926,137.197,4370399.95
29.02.2024 20:00:00.000,137.206,138.517,137.146,138.326,4883999.82
01.03.2024 14:00:00.000,138.407,138.857,137.816,138.016,7514400.01
01.03.2024 15:00:00.000,138.027,138.317,137.236,137.386,8748000.15
01.03.2024 16:00:00.000,137.387,137.837,137.336,137.646,6656400.2
01.03.2024 17:00:00.000,137.647,138.067,137.616,138.007,4225200.18
01.03.2024 18:00:00.000,138.017,138.367,137.986,138.157,3460799.93
01.03.2024 19:00:00.000,138.146,138.416,137.936,138.187,5080800.06
01.03.2024 20:00:00.000,138.197,138.197,136.916,137.096,8939999.58
04.03.2024 14:00:00.000,135.547,135.577,132.806,133.307,9255599.98
04.03.2024 15:00:00.000,133.307,133.747,132.896,132.986,8727663.04
04.03.2024 16:00:00.000,132.997,133.037,131.896,132.357,10399200.44
04.03.2024 17:00:00.000,132.366,133.006,132.176,132.877,6830399.99
04.03.2024 18:00:00.000,132.887,132.916,132.416,132.607,4635600.09
04.03.2024 19:00:00.000,132.607,133.677,132.576,133.557,4625999.93
04.03.2024 20:00:00.000,133.577,133.847,133.196,133.287,8142000.2
05.03.2024 14:00:00.000,131.886,133.227,131.796,131.966,8088000.3
05.03.2024 15:00:00.000,131.966,132.347,130.656,130.897,10295700.07
05.03.2024 16:00:00.000,130.857,131.827,130.836,131.807,6632999.9
05.03.2024 17:00:00.000,131.796,133.127,131.796,132.796,5400899.89
05.03.2024 18:00:00.000,132.786,132.967,132.346,132.367,5094900.13
05.03.2024 19:00:00.000,132.357,132.557,132.046,132.117,4588200.09
05.03.2024 20:00:00.000,132.107,132.707,131.936,132.667,4334400.18
06.03.2024 14:00:00.000,133.146,133.566,131.667,131.876,5300399.78
06.03.2024 15:00:00.000,131.877,131.877,130.837,131.127,8336400.03
06.03.2024 16:00:00.000,131.126,131.587,131.126,131.497,7528800.01
06.03.2024 17:00:00.000,131.506,132.077,131.336,131.467,6469200.13
06.03.2024 18:00:00.000,131.477,131.877,130.996,131.607,8878800.39
06.03.2024 19:00:00.000,131.597,131.737,131.046,131.167,11406000.14
06.03.2024 20:00:00.000,131.157,131.557,131.126,131.396,9236399.65
07.03.2024 14:00:00.000,132.717,132.827,131.596,132.457,6204000
07.03.2024 15:00:00.000,132.447,133.636,132.356,133.326,7958399.77
07.03.2024 16:00:00.000,133.326,134.567,133.256,134.297,7094399.93
07.03.2024 17:00:00.000,134.317,134.657,134.136,134.636,6814799.79
07.03.2024 18:00:00.000,134.627,134.927,134.296,134.817,6302400.11
07.03.2024 19:00:00.000,134.826,134.907,134.446,134.617,4615200.04
07.03.2024 20:00:00.000,134.607,134.927,134.266,134.336,5199600.22
08.03.2024 14:00:00.000,134.087,136.937,133.986,136.887,8074799.54
08.03.2024 15:00:00.000,136.896,137.867,136.876,137.776,10215600.01
08.03.2024 16:00:00.000,137.787,138.067,136.856,136.857,14968799.59
08.03.2024 17:00:00.000,136.866,137.187,136.086,136.136,11553600.31
08.03.2024 18:00:00.000,136.126,136.157,134.966,135.707,9277199.75
08.03.2024 19:00:00.000,135.716,136.227,135.107,136.006,7738800.05
08.03.2024 20:00:00.000,135.996,136.106,135.127,135.387,10570799.83
11.03.2024 13:00:00.000,136.167,138.007,136.166,137.597,8542799.95
11.03.2024 14:00:00.000,137.587,138.436,137.476,138.206,11123999.6
11.03.2024 15:00:00.000,138.196,139.046,137.946,139.016,8911199.57
11.03.2024 16:00:00.000,139.026,139.086,138.306,138.726,6671999.93
11.03.2024 17:00:00.000,138.737,138.787,138.316,138.427,6381599.9
11.03.2024 18:00:00.000,138.436,138.657,138.306,138.537,4796400.07
11.03.2024 19:00:00.000,138.527,138.596,137.566,137.697,6239999.77
12.03.2024 13:00:00.000,137.016,139.046,137.016,138.547,8347200.39
12.03.2024 14:00:00.000,138.536,138.967,138.106,138.216,12295200.35
12.03.2024 15:00:00.000,138.227,138.567,138.026,138.467,7980000.02
12.03.2024 16:00:00.000,138.476,138.817,138.166,138.586,7318799.97
12.03.2024 17:00:00.000,138.587,139.367,138.436,138.656,6139200.21
12.03.2024 18:00:00.000,138.666,139.226,138.646,138.997,4648799.9
12.03.2024 19:00:00.000,139.006,139.097,138.456,138.477,5012400.15
13.03.2024 13:00:00.000,138.947,140.517,138.947,139.897,8267999.65
13.03.2024 14:00:00.000,139.906,140.367,139.506,140.166,10569600.11
13.03.2024 15:00:00.000,140.157,140.717,139.946,140.576,7582799.91
13.03.2024 16:00:00.000,140.577,141.067,140.376,140.877,5330399.99
13.03.2024 17:00:00.000,140.897,141.047,140.387,140.646,4877999.78
13.03.2024 18:00:00.000,140.637,140.676,140.126,140.186,2840399.98
13.03.2024 19:00:00.000,140.176,140.257,139.506,139.817,4492800.24
14.03.2024 13:00:00.000,141.137,141.967,140.436,141.356,9060000.42
14.03.2024 14:00:00.000,141.366,142.867,140.806,142.356,14389200.21
14.03.2024 15:00:00.000,142.367,142.847,142.137,142.656,10768799.78
14.03.2024 16:00:00.000,142.656,142.907,141.716,142.127,8560799.6
14.03.2024 17:00:00.000,142.117,142.836,142.076,142.796,6997200.01
14.03.2024 18:00:00.000,142.806,143.576,142.806,143.126,5449200.15
14.03.2024 19:00:00.000,143.117,143.257,142.566,143.166,8076000.21
15.03.2024 13:00:00.000,142.346,143.127,141.646,141.907,8966400.15
15.03.2024 14:00:00.000,141.887,142.047,141.066,141.246,13977600.1
15.03.2024 15:00:00.000,141.257,141.357,140.406,140.566,9973199.84
15.03.2024 16:00:00.000,140.567,140.617,140.017,140.136,7434000.02
15.03.2024 17:00:00.000,140.147,140.997,140.137,140.936,5900400.16
15.03.2024 18:00:00.000,140.936,141.407,140.786,141.196,5602799.89
15.03.2024 19:00:00.000,141.206,141.687,140.847,141.216,7238399.98
18.03.2024 13:00:00.000,148.597,152.127,148.597,150.086,13592399.6
18.03.2024 14:00:00.000,150.067,151.327,149.146,150.996,15398400.31
18.03.2024 15:00:00.000,151.007,151.187,149.696,149.717,11192399.98
18.03.2024 16:00:00.000,149.706,149.806,148.007,148.147,9896400.45
18.03.2024 17:00:00.000,148.136,148.617,147.876,148.316,8385600.09
18.03.2024 18:00:00.000,148.327,148.527,147.156,147.436,7822800.16
18.03.2024 19:00:00.000,147.427,147.976,147.206,147.676,6903600.22
19.03.2024 13:00:00.000,148.146,148.767,146.216,146.316,8740799.9
19.03.2024 14:00:00.000,146.327,146.937,146.156,146.617,10881600.38
19.03.2024 15:00:00.000,146.627,146.736,146.106,146.416,7739999.77
19.03.2024 16:00:00.000,146.426,146.556,146.076,146.536,6171599.87
19.03.2024 17:00:00.000,146.546,147.077,146.546,146.997,5823599.82
19.03.2024 18:00:00.000,147.007,147.127,146.836,147.007,4645199.78
19.03.2024 19:00:00.000,146.987,147.346,146.627,147.016,6838799.95
20.03.2024 13:00:00.000,147.866,148.797,147.096,147.146,6162000.18
20.03.2024 14:00:00.000,147.137,147.846,147.086,147.447,7437600.14
20.03.2024 15:00:00.000,147.457,147.877,147.176,147.827,5489999.77
20.03.2024 16:00:00.000,147.827,147.886,147.266,147.566,5338799.95
20.03.2024 17:00:00.000,147.567,147.567,146.726,147.237,4507199.76
20.03.2024 18:00:00.000,147.256,148.847,147.256,148.426,18373199.46
20.03.2024 19:00:00.000,148.436,148.837,148.327,148.746,11470800.4
21.03.2024 13:00:00.000,149.406,150.347,149.396,149.546,6973199.84
21.03.2024 14:00:00.000,149.537,149.677,147.236,147.297,11443200.11
21.03.2024 15:00:00.000,147.276,147.787,147.016,147.316,9200400.35
21.03.2024 16:00:00.000,147.327,147.906,147.246,147.547,6844800
21.03.2024 17:00:00.000,147.537,147.537,147.136,147.407,5734799.86
21.03.2024 18:00:00.000,147.397,147.597,146.927,147.056,6185999.87
21.03.2024 19:00:00.000,147.057,147.806,146.896,147.597,6771599.77
22.03.2024 13:00:00.000,149.097,151.177,148.957,150.857,7562399.86
22.03.2024 14:00:00.000,150.877,151.497,150.566,151.237,9027600.29
22.03.2024 15:00:00.000,151.227,151.567,150.596,150.636,5960400.1
22.03.2024 16:00:00.000,150.677,150.887,150.187,150.857,5636400.22
22.03.2024 17:00:00.000,150.846,150.957,150.457,150.786,4268400.19
22.03.2024 18:00:00.000,150.786,151.017,150.536,150.586,3199199.91
22.03.2024 19:00:00.000,150.587,151.277,150.396,150.746,6030000.21
25.03.2024 13:00:00.000,149.887,150.137,147.807,148.657,5793600.08
25.03.2024 14:00:00.000,148.647,149.387,148.456,149.027,8467200.28
25.03.2024 15:00:00.000,149.037,149.527,148.977,149.527,6518400.19
25.03.2024 16:00:00.000,149.546,149.867,149.196,149.477,5347199.92
25.03.2024 17:00:00.000,149.496,149.537,149.246,149.347,2912400.01
25.03.2024 18:00:00.000,149.357,149.887,149.336,149.867,2052000.05
25.03.2024 19:00:00.000,149.876,150.367,149.807,150.056,5422800.06
26.03.2024 13:00:00.000,150.187,150.857,149.967,150.476,5445600.03
26.03.2024 14:00:00.000,150.496,151.217,150.486,151.077,8199600.22
26.03.2024 15:00:00.000,151.087,152.247,151.047,152.006,5194799.9
26.03.2024 16:00:00.000,152.017,152.137,151.337,151.636,5297999.86
26.03.2024 17:00:00.000,151.626,151.817,151.426,151.547,3875999.93
26.03.2024 18:00:00.000,151.546,151.756,151.266,151.647,2796000
26.03.2024 19:00:00.000,151.657,151.727,150.587,150.766,7119599.82
27.03.2024 13:00:00.000,151.096,151.627,150.317,150.886,7069200.04
27.03.2024 14:00:00.000,150.897,151.026,149.526,149.616,12087599.75
27.03.2024 15:00:00.000,149.606,149.747,148.906,149.206,8434800.15
27.03.2024 16:00:00.000,149.217,150.577,149.206,149.537,7561200.14
27.03.2024 17:00:00.000,149.526,149.587,149.226,149.536,4514400.01
27.03.2024 18:00:00.000,149.527,149.827,149.406,149.557,3878400.09
27.03.2024 19:00:00.000,149.567,150.907,149.456,150.896,8006400.11
28.03.2024 13:00:00.000,150.777,151.416,150.147,150.697,4918799.88
28.03.2024 14:00:00.000,150.666,150.957,150.266,150.666,7417200.09
28.03.2024 15:00:00.000,150.677,150.886,150.327,150.447,5416800.02
28.03.2024 16:00:00.000,150.456,150.787,150.316,150.717,4286399.84
28.03.2024 17:00:00.000,150.717,150.817,150.536,150.757,3787199.97
28.03.2024 18:00:00.000,150.766,151.316,150.676,151.226,4190400.12
28.03.2024 19:00:00.000,151.237,151.387,150.786,150.876,5989200.12
01.04.2024 13:00:00.000,150.556,155.667,150.556,154.797,7778399.94
01.04.2024 14:00:00.000,154.777,155.477,154.386,154.797,10063200
01.04.2024 15:00:00.000,154.806,155.527,154.466,154.736,7795199.87
01.04.2024 16:00:00.000,154.746,155.256,154.716,154.917,5896800.04
01.04.2024 17:00:00.000,154.906,155.136,154.726,154.966,5090400.22
01.04.2024 18:00:00.000,154.966,155.227,154.726,155.066,4928400.04
01.04.2024 19:00:00.000,155.056,155.557,154.856,155.396,6736800.19
02.04.2024 13:00:00.000,153.486,154.037,152.126,152.957,7467599.87
02.04.2024 14:00:00.000,152.956,153.857,152.637,153.006,9757200.24
02.04.2024 15:00:00.000,152.997,153.126,152.716,152.727,1473600.03
02.04.2024 16:00:00.000,153.657,153.976,153.396,153.767,4553999.9
02.04.2024 17:00:00.000,153.787,154.047,153.556,154.037,4971600.06
02.04.2024 18:00:00.000,154.056,154.167,153.706,153.927,3964799.88
02.04.2024 19:00:00.000,153.917,154.687,153.896,154.596,6473999.98
03.04.2024 13:00:00.000,153.576,153.946,152.716,153.686,6889200.21
03.04.2024 14:00:00.000,153.686,154.757,153.686,154.056,9574799.54
03.04.2024 15:00:00.000,154.057,154.337,153.896,154.167,6883200.17
03.04.2024 16:00:00.000,154.197,154.757,153.966,154.616,8446800.23
03.04.2024 17:00:00.000,154.636,154.837,154.326,154.577,4699200.15
03.04.2024 18:00:00.000,154.577,154.877,154.496,154.636,4162799.84
03.04.2024 19:00:00.000,154.626,155.067,154.046,154.907,9640800.48
04.04.2024 13:00:00.000,153.457,153.957,152.176,152.596,7756800.17
04.04.2024 14:00:00.000,152.576,153.537,152.246,153.366,7456799.98
04.04.2024 15:00:00.000,153.366,154.537,153.346,154.536,6200399.88
04.04.2024 16:00:00.000,154.536,154.767,154.116,154.216,5958000.18
04.04.2024 17:00:00.000,154.227,154.566,154.056,154.077,4506000.04
04.04.2024 18:00:00.000,154.067,154.076,151.806,152.107,17222400.67
04.04.2024 19:00:00.000,152.107,152.167,150.436,150.556,18281999.59
05.04.2024 13:00:00.000,150.067,152.817,149.576,152.797,7744800.09
05.04.2024 14:00:00.000,152.796,152.987,151.637,152.856,11314800.26
05.04.2024 15:00:00.000,152.836,153.217,152.197,153.097,11091600.42
05.04.2024 16:00:00.000,153.106,153.417,152.876,153.217,7464000.23
05.04.2024 17:00:00.000,153.206,153.317,152.556,152.707,8468400
05.04.2024 18:00:00.000,152.716,152.987,152.106,152.356,12973199.84
05.04.2024 19:00:00.000,152.356,152.787,152.136,152.437,8829600.33
08.04.2024 13:00:00.000,152.656,155.006,152.567,154.926,7839600.09
08.04.2024 14:00:00.000,154.916,155.257,154.557,155.076,12974399.57
08.04.2024 15:00:00.000,155.086,155.247,154.336,154.507,10839599.61
08.04.2024 16:00:00.000,154.507,154.837,153.946,154.806,9463199.62
08.04.2024 17:00:00.000,154.806,154.847,154.207,154.526,4918799.88
08.04.2024 18:00:00.000,154.537,154.677,154.326,154.556,4064400.2
08.04.2024 19:00:00.000,154.567,155.017,154.366,154.877,5913599.97
09.04.2024 13:00:00.000,155.946,157.987,155.946,157.766,7953599.93
09.04.2024 14:00:00.000,157.767,158.557,155.756,156.016,13911600.11
09.04.2024 15:00:00.000,156.017,156.316,155.286,155.837,9716400.15
09.04.2024 16:00:00.000,155.826,157.157,155.806,156.617,7491600.04
09.04.2024 17:00:00.000,156.606,156.997,156.127,156.167,6664800.17
09.04.2024 18:00:00.000,156.177,156.236,155.656,155.716,6624000.07
09.04.2024 19:00:00.000,155.707,156.627,155.176,156.577,9532799.72
10.04.2024 13:00:00.000,156.206,156.597,154.687,155.216,11288399.7
10.04.2024 14:00:00.000,155.226,155.846,155.116,155.477,17979600.91
10.04.2024 15:00:00.000,155.487,155.527,154.676,155.317,11138400.08
10.04.2024 16:00:00.000,155.317,155.857,155.006,155.647,8336400.03
10.04.2024 17:00:00.000,155.647,156.357,154.937,155.906,15017999.65
10.04.2024 18:00:00.000,155.907,156.487,155.686,155.816,14878800.39
10.04.2024 19:00:00.000,155.817,156.467,155.687,156.066,11956800.46
11.04.2024 13:00:00.000,156.636,157.877,156.576,157.097,8045999.53
11.04.2024 14:00:00.000,157.106,157.517,156.446,157.136,12962400.44
11.04.2024 15:00:00.000,157.146,158.246,157.146,158.226,8643600.46
11.04.2024 16:00:00.000,158.236,158.367,157.887,157.926,7689599.99
11.04.2024 17:00:00.000,157.916,158.996,157.716,158.947,9091199.87
11.04.2024 18:00:00.000,158.956,159.536,158.897,159.277,7345200.06
11.04.2024 19:00:00.000,159.287,159.596,159.006,159.337,6797999.86
12.04.2024 13:00:00.000,157.917,160.207,157.916,159.636,8737199.78
12.04.2024 14:00:00.000,159.657,159.857,157.616,157.726,13712400.44
12.04.2024 15:00:00.000,157.737,158.797,157.436,158.537,10897199.63
12.04.2024 16:00:00.000,158.547,158.586,157.647,157.647,11125200.27
12.04.2024 17:00:00.000,157.657,157.797,157.127,157.487,11364000.32
12.04.2024 18:00:00.000,157.497,157.816,157.247,157.307,11052000.05
12.04.2024 19:00:00.000,157.316,157.797,157.176,157.716,11259599.69
15.04.2024 13:00:00.000,158.797,159.076,157.517,158.606,7772399.9
15.04.2024 14:00:00.000,158.607,159.226,157.996,158.027,16448400.5
15.04.2024 15:00:00.000,158.037,158.717,157.956,158.546,11569199.56
15.04.2024 16:00:00.000,158.546,158.657,157.506,157.916,10866000.18
15.04.2024 17:00:00.000,157.916,158.156,155.366,155.677,16748399.73
15.04.2024 18:00:00.000,155.666,155.767,154.926,155.097,14170800.21
15.04.2024 19:00:00.000,155.087,155.197,154.566,154.837,13352399.83
16.04.2024 13:00:00.000,153.996,155.107,153.676,154.727,8110799.79
16.04.2024 14:00:00.000,154.727,155.037,153.436,154.057,13738800.05
16.04.2024 15:00:00.000,154.077,155.147,154.057,154.847,10921199.8
16.04.2024 16:00:00.000,154.856,154.986,154.406,154.466,11250000
16.04.2024 17:00:00.000,154.477,155.057,153.996,154.716,15114000.32
16.04.2024 18:00:00.000,154.727,155.637,154.456,155.467,13966799.74
16.04.2024 19:00:00.000,155.477,155.547,154.317,154.386,11101200.1
17.04.2024 13:00:00.000,155.497,157.067,155.206,156.516,7869599.82
17.04.2024 14:00:00.000,156.497,156.746,155.756,156.217,13603199.96
17.04.2024 15:00:00.000,156.216,156.687,155.366,155.456,11687999.73
17.04.2024 16:00:00.000,155.446,155.586,154.567,154.747,12734399.8
17.04.2024 17:00:00.000,154.737,156.036,154.637,155.997,11200799.94
17.04.2024 18:00:00.000,155.996,156.607,155.476,155.816,12123600.01
17.04.2024 19:00:00.000,155.816,155.886,155.056,155.417,13293600.08
18.04.2024 13:00:00.000,155.287,155.717,154.606,155.106,9608400.34
18.04.2024 14:00:00.000,155.116,156.397,154.896,156.276,13791600.23
18.04.2024 15:00:00.000,156.267,156.407,155.856,155.946,10739999.77
18.04.2024 16:00:00.000,155.946,156.937,155.796,156.046,10887599.95
18.04.2024 17:00:00.000,156.057,156.797,155.806,156.587,11749199.87
18.04.2024 18:00:00.000,156.567,156.747,155.886,156.047,11076000.21
18.04.2024 19:00:00.000,156.037,156.687,155.916,155.987,10949999.81
19.04.2024 13:00:00.000,155.837,156.207,154.406,154.786,8982000.35
19.04.2024 14:00:00.000,154.787,155.327,153.946,155.197,15996000.29
19.04.2024 15:00:00.000,155.196,155.197,154.307,154.367,11149200.44
19.04.2024 16:00:00.000,154.357,154.437,152.306,153.777,11839200.02
19.04.2024 17:00:00.000,153.787,154.807,153.726,154.517,11765999.79
19.04.2024 18:00:00.000,154.507,154.577,153.206,153.716,14870400.43
19.04.2024 19:00:00.000,153.706,154.346,153.076,154.077,15616800.31
22.04.2024 13:00:00.000,154.117,156.447,154.116,155.747,9127200.13
22.04.2024 14:00:00.000,155.707,156.346,154.036,154.127,14409600.26
22.04.2024 15:00:00.000,154.137,155.956,154.086,155.947,10624799.73
22.04.2024 16:00:00.000,155.947,156.407,155.866,156.097,9343199.73
22.04.2024 17:00:00.000,156.096,157.166,156.076,157.036,7932000.16
22.04.2024 18:00:00.000,157.036,157.637,156.807,157.086,5504399.78
22.04.2024 19:00:00.000,157.086,157.306,156.016,156.286,8213999.75
23.04.2024 13:00:00.000,156.956,158.267,156.276,157.536,8031600
23.04.2024 14:00:00.000,157.587,158.367,157.086,158.296,11068799.97
23.04.2024 15:00:00.000,158.307,158.677,157.806,158.437,8887200.36
23.04.2024 16:00:00.000,158.447,158.937,158.166,158.587,6699600.22
23.04.2024 17:00:00.000,158.597,158.837,158.387,158.647,6452400.21
23.04.2024 18:00:00.000,158.646,158.677,158.116,158.306,5012400.15
23.04.2024 19:00:00.000,158.316,158.347,157.916,158.237,7617599.96
24.04.2024 13:00:00.000,157.536,158.997,157.016,157.757,8907600.4
24.04.2024 14:00:00.000,157.786,158.347,157.506,158.126,12254400.25
24.04.2024 15:00:00.000,158.117,158.247,157.416,157.537,10660799.98
24.04.2024 16:00:00.000,157.526,158.017,157.426,157.747,8289600.37
24.04.2024 17:00:00.000,157.736,158.966,157.646,158.947,6889200.21
24.04.2024 18:00:00.000,158.946,158.977,158.216,158.356,8359199.52
24.04.2024 19:00:00.000,158.347,159.547,158.216,159.136,8078399.66
25.04.2024 13:00:00.000,151.146,153.447,150.817,152.906,12421199.8
25.04.2024 14:00:00.000,152.906,155.007,152.296,154.827,18795600.89
25.04.2024 15:00:00.000,154.816,156.176,154.667,156.047,14157600.4
25.04.2024 16:00:00.000,156.037,156.377,155.426,155.526,11091600.42
25.04.2024 17:00:00.000,155.537,156.157,155.006,156.157,10712400.44
25.04.2024 18:00:00.000,156.167,156.477,155.516,155.527,10399200.44
25.04.2024 19:00:00.000,155.516,156.217,155.507,156.017,10975199.7
26.04.2024 13:00:00.000,174.047,174.666,171.526,171.886,14527199.75
26.04.2024 14:00:00.000,171.886,172.167,169.706,171.927,19052400.59
26.04.2024 15:00:00.000,171.926,172.457,170.646,171.936,13664400.1
26.04.2024 16:00:00.000,171.966,172.527,171.526,172.066,9532799.72
26.04.2024 17:00:00.000,172.067,172.487,171.846,172.207,7555200.1
26.04.2024 18:00:00.000,172.196,172.307,170.556,171.316,8528400.42
26.04.2024 19:00:00.000,171.327,172.227,171.207,171.917,8187600.14
29.04.2024 13:00:00.000,168.827,169.497,167.067,168.577,12212400.44
29.04.2024 14:00:00.000,168.557,168.886,167.797,167.986,13541999.82
29.04.2024 15:00:00.000,167.986,168.197,166.646,167.337,10731599.81
29.04.2024 16:00:00.000,167.347,167.577,166.567,166.907,8181599.62
29.04.2024 17:00:00.000,166.887,167.287,166.396,167.027,6872399.81
29.04.2024 18:00:00.000,167.026,167.027,166.007,166.076,8435999.87
29.04.2024 19:00:00.000,166.067,166.387,165.196,166.127,13519200.33
30.04.2024 13:00:00.000,165.456,168.067,165.456,167.376,8107199.67
30.04.2024 14:00:00.000,167.376,167.736,165.847,165.936,12572400.09
30.04.2024 15:00:00.000,165.946,165.957,165.156,165.296,10738800.05
30.04.2024 16:00:00.000,165.297,165.347,163.917,164.336,10807200.43
30.04.2024 17:00:00.000,164.326,164.536,163.856,164.036,10223999.98
30.04.2024 18:00:00.000,164.046,164.447,163.556,163.566,9448800.09
30.04.2024 19:00:00.000,163.557,164.307,162.587,162.726,12572400.09
01.05.2024 13:00:00.000,164.077,164.297,163.067,164.256,10057200.43
01.05.2024 14:00:00.000,164.257,165.607,163.977,165.136,16089599.61
01.05.2024 15:00:00.000,165.126,165.797,165.046,165.567,11349599.84
01.05.2024 16:00:00.000,165.556,165.877,164.716,164.797,9987600.33
01.05.2024 17:00:00.000,164.806,164.926,164.006,164.866,8595600.13
01.05.2024 18:00:00.000,164.897,166.336,164.386,166.246,24428400.04
01.05.2024 19:00:00.000,166.246,167.106,163.716,163.756,24986400.6
02.05.2024 13:00:00.000,164.687,165.707,163.856,165.456,8593199.73
02.05.2024 14:00:00.000,165.446,165.976,164.536,165.266,14907600.4
02.05.2024 15:00:00.000,165.266,165.396,164.466,165.107,9952799.8
02.05.2024 16:00:00.000,165.117,165.317,164.657,164.997,9543600.08
02.05.2024 17:00:00.000,165.006,165.657,164.936,165.577,8042400.36
02.05.2024 18:00:00.000,165.576,166.407,165.496,166.367,8224800.11
02.05.2024 19:00:00.000,166.377,166.706,165.636,166.647,12577199.94
03.05.2024 13:00:00.000,167.527,167.877,165.776,165.836,10182000.16
03.05.2024 14:00:00.000,165.866,166.326,163.036,163.927,20983200.07
03.05.2024 15:00:00.000,163.936,165.737,163.877,165.246,12204000.47
03.05.2024 16:00:00.000,165.276,165.967,165.156,165.717,8110799.79
03.05.2024 17:00:00.000,165.707,166.436,165.707,166.237,7579199.79
03.05.2024 18:00:00.000,166.237,166.927,166.196,166.757,7591199.87
03.05.2024 19:00:00.000,166.746,167.447,166.656,167.227,8277600.29
06.05.2024 13:00:00.000,167.436,168.097,166.197,167.147,6490799.9
06.05.2024 14:00:00.000,167.146,167.206,166.017,166.506,9251999.86
06.05.2024 15:00:00.000,166.507,167.266,166.336,166.726,5962800.03
06.05.2024 16:00:00.000,166.716,167.237,166.176,167.197,5373600.01
06.05.2024 17:00:00.000,167.197,167.357,166.776,167.076,4329599.86
06.05.2024 18:00:00.000,167.077,167.527,167.046,167.447,4227600.1
06.05.2024 19:00:00.000,167.447,168.117,166.796,168.086,5860799.79
07.05.2024 13:00:00.000,168.216,171.057,168.197,170.067,7263599.87
07.05.2024 14:00:00.000,170.086,170.726,169.636,170.697,8640000.34
07.05.2024 15:00:00.000,170.696,171.027,170.497,170.886,5611199.86
07.05.2024 16:00:00.000,170.877,171.747,170.846,171.247,6106800.08
07.05.2024 17:00:00.000,171.257,171.387,170.647,170.767,5113200.19
07.05.2024 18:00:00.000,170.777,170.907,170.446,170.887,5688000.2
07.05.2024 19:00:00.000,170.887,171.406,170.416,171.277,6663599.97
08.05.2024 13:00:00.000,168.886,169.757,168.696,169.746,7354800.22
08.05.2024 14:00:00.000,169.786,170.137,169.436,169.717,8588399.89
08.05.2024 15:00:00.000,169.716,170.117,169.407,169.757,6452400.21
08.05.2024 16:00:00.000,169.737,170.077,169.416,169.487,5821199.89
08.05.2024 17:00:00.000,169.486,169.727,169.197,169.697,5240399.84
08.05.2024 18:00:00.000,169.707,169.897,169.546,169.737,4336800.1
08.05.2024 19:00:00.000,169.726,169.797,169.256,169.336,5611199.86
09.05.2024 13:00:00.000,169.337,170.596,168.616,168.797,7348800.18
09.05.2024 14:00:00.000,168.806,169.136,168.176,169.017,9877200.13
09.05.2024 15:00:00.000,169.006,169.377,168.876,168.966,7018799.78
09.05.2024 16:00:00.000,168.956,169.337,168.866,169.236,6226799.96
09.05.2024 17:00:00.000,169.226,169.397,168.996,169.017,7666800.02
09.05.2024 18:00:00.000,169.007,169.487,168.897,169.407,5683199.88
09.05.2024 19:00:00.000,169.396,169.987,169.296,169.947,8511599.54
10.05.2024 13:00:00.000,167.887,168.496,167.147,168.126,5736000.06
10.05.2024 14:00:00.000,168.067,168.676,167.516,167.736,10531200.41
10.05.2024 15:00:00.000,167.737,168.207,167.346,167.777,7162799.84
10.05.2024 16:00:00.000,167.767,167.927,167.456,167.647,5539199.83
10.05.2024 17:00:00.000,167.646,169.826,166.177,168.857,8060400.01
10.05.2024 18:00:00.000,168.846,169.317,168.186,168.857,6160799.98
10.05.2024 19:00:00.000,168.846,168.957,168.356,168.597,6558000.09
13.05.2024 13:00:00.000,163.996,165.967,163.996,164.606,8452799.8
13.05.2024 14:00:00.000,164.597,165.726,164.376,165.596,8526000.02
13.05.2024 15:00:00.000,165.606,166.186,165.547,166.016,6759600.16
13.05.2024 16:00:00.000,166.047,166.477,165.807,166.187,5467199.8
13.05.2024 17:00:00.000,166.176,168.737,166.096,167.556,9925200.46
13.05.2024 18:00:00.000,167.557,168.087,167.497,167.917,4580399.99
13.05.2024 19:00:00.000,167.907,169.266,167.846,169.146,7161600.11
14.05.2024 13:00:00.000,169.816,170.477,168.796,168.806,5046000
14.05.2024 14:00:00.000,168.846,170.157,168.796,169.887,8954400.06
14.05.2024 15:00:00.000,169.896,170.117,169.076,169.476,5845200.06
14.05.2024 16:00:00.000,169.477,169.506,169.016,169.257,4541999.82
14.05.2024 17:00:00.000,169.286,171.217,169.196,170.286,6855599.88
14.05.2024 18:00:00.000,170.226,171.097,169.937,170.786,5347199.92
14.05.2024 19:00:00.000,170.807,171.017,170.026,170.267,6525599.96
15.05.2024 13:00:00.000,170.596,172.527,170.596,171.106,7156799.79
15.05.2024 14:00:00.000,171.177,171.907,171.116,171.796,7156799.79
15.05.2024 15:00:00.000,171.796,171.867,171.086,171.217,5643599.99
15.05.2024 16:00:00.000,171.216,171.227,170.506,170.817,4894800.19
15.05.2024 17:00:00.000,170.827,172.037,170.666,171.987,5032800.2
15.05.2024 18:00:00.000,171.986,172.256,171.716,172.107,4473599.91
15.05.2024 19:00:00.000,172.086,172.636,172.027,172.556,6001200.2
16.05.2024 13:00:00.000,173.137,174.016,172.656,173.827,7100399.97
16.05.2024 14:00:00.000,173.837,175.037,173.747,174.917,8378399.85
16.05.2024 15:00:00.000,174.916,175.107,174.346,174.456,8329199.79
16.05.2024 16:00:00.000,174.447,174.447,173.826,174.187,6908400.06
16.05.2024 17:00:00.000,174.187,174.406,173.577,174.367,7947599.89
16.05.2024 18:00:00.000,174.356,174.797,174.096,174.556,7244400.02
16.05.2024 19:00:00.000,174.566,174.577,173.797,174.167,7607999.8
17.05.2024 13:00:00.000,174.176,175.257,173.666,175.196,5371200.08
17.05.2024 14:00:00.000,175.197,176.116,174.966,175.666,7475999.83
17.05.2024 15:00:00.000,175.676,175.737,175.316,175.716,5627999.78
17.05.2024 16:00:00.000,175.706,176.077,175.616,175.976,4346399.78
17.05.2024 17:00:00.000,175.967,176.167,175.696,175.776,4024799.82
17.05.2024 18:00:00.000,175.786,176.067,175.116,176.016,5905200
17.05.2024 19:00:00.000,176.016,176.256,175.956,176.097,6523200.04
20.05.2024 13:00:00.000,176.097,178.416,176.066,178.197,6572400.09
20.05.2024 14:00:00.000,178.207,178.736,177.296,177.347,7613999.84
20.05.2024 15:00:00.000,177.346,177.556,176.746,177.006,4889999.87
20.05.2024 16:00:00.000,177.016,177.117,176.457,176.906,3680399.89
20.05.2024 17:00:00.000,176.916,177.027,176.396,176.746,3794399.98
20.05.2024 18:00:00.000,176.737,177.077,176.556,176.846,3971999.88
20.05.2024 19:00:00.000,176.856,177.427,176.617,176.917,5938799.86
21.05.2024 13:00:00.000,176.766,177.447,175.806,177.327,6500400.07
21.05.2024 14:00:00.000,177.357,177.767,177.216,177.526,8381999.97
21.05.2024 15:00:00.000,177.536,177.856,177.276,177.487,6581999.78
21.05.2024 16:00:00.000,177.487,177.737,176.786,176.846,5685599.8
21.05.2024 17:00:00.000,176.836,177.546,176.726,177.536,5451600.07
21.05.2024 18:00:00.000,177.537,177.616,177.336,177.467,4575600.15
21.05.2024 19:00:00.000,177.477,178.137,177.366,177.846,6045599.94
22.05.2024 13:00:00.000,176.636,177.117,175.556,176.336,5534399.99
22.05.2024 14:00:00.000,176.346,176.457,175.476,175.566,5749199.87
22.05.2024 15:00:00.000,175.567,176.057,175.326,175.627,4343999.86
22.05.2024 16:00:00.000,175.616,175.867,175.206,175.277,3023999.93
22.05.2024 17:00:00.000,175.277,175.967,175.277,175.847,4358399.87
22.05.2024 18:00:00.000,175.806,175.997,175.196,175.897,7858799.93
22.05.2024 19:00:00.000,175.876,176.367,175.517,176.356,6235199.93
23.05.2024 13:00:00.000,176.926,178.197,176.307,176.547,7700399.88
23.05.2024 14:00:00.000,176.557,176.966,175.276,175.397,11559599.88
23.05.2024 15:00:00.000,175.406,176.376,175.376,176.276,6423600.2
23.05.2024 16:00:00.000,176.276,176.357,174.976,174.977,6446400.17
23.05.2024 17:00:00.000,174.976,175.077,173.957,174.056,11047200.2
23.05.2024 18:00:00.000,174.057,174.187,172.956,173.206,11655599.59
23.05.2024 19:00:00.000,173.186,173.766,172.976,173.516,12717599.87
24.05.2024 13:00:00.000,174.986,175.656,173.747,173.897,5943600.18
24.05.2024 14:00:00.000,173.897,175.397,173.636,175.246,8713199.62
24.05.2024 15:00:00.000,175.257,175.747,174.947,175.137,5701200.01
24.05.2024 16:00:00.000,175.137,175.467,175.006,175.246,4124400.14
24.05.2024 17:00:00.000,175.276,175.497,175.236,175.326,3166800.02
24.05.2024 18:00:00.000,175.336,175.766,174.996,175.076,3435600.04
24.05.2024 19:00:00.000,175.057,175.247,174.777,175.076,5174399.85
28.05.2024 13:00:00.000,174.297,177.217,174.297,175.056,7401599.88
28.05.2024 14:00:00.000,175.036,176.426,174.907,176.376,8084400.18
28.05.2024 15:00:00.000,176.386,176.607,176.106,176.547,5539199.83
28.05.2024 16:00:00.000,176.537,176.747,175.976,176.076,4669199.94
28.05.2024 17:00:00.000,176.086,176.186,175.826,176.067,5967599.87
28.05.2024 18:00:00.000,176.067,176.276,175.366,176.017,5812799.93
28.05.2024 19:00:00.000,176.007,176.417,175.706,176.406,7292399.88
29.05.2024 13:00:00.000,175.227,176.496,174.696,175.967,4939199.92
29.05.2024 14:00:00.000,175.977,176.707,175.516,176.377,6745200.16
29.05.2024 15:00:00.000,176.387,176.547,175.856,176.167,5032800.2
29.05.2024 16:00:00.000,176.146,176.827,176.066,176.736,2982000.11
29.05.2024 17:00:00.000,176.727,176.807,176.326,176.587,4174799.92
29.05.2024 18:00:00.000,176.586,176.667,175.826,175.886,3445199.97
29.05.2024 19:00:00.000,175.886,176.527,175.646,175.886,4975200.18
30.05.2024 13:00:00.000,175.187,175.187,173.866,174.217,5229599.95
30.05.2024 14:00:00.000,174.227,174.316,172.726,173.106,9635999.68
30.05.2024 15:00:00.000,173.097,173.377,172.666,172.916,6301199.91
30.05.2024 16:00:00.000,172.916,173.177,172.606,172.987,4779600.14
30.05.2024 17:00:00.000,172.997,173.387,172.906,173.087,4240799.9
30.05.2024 18:00:00.000,173.087,173.167,172.147,172.377,5080800.06
30.05.2024 19:00:00.000,172.377,172.526,171.776,172.057,8175600.05
31.05.2024 13:00:00.000,171.757,173.027,171.236,171.376,5401199.82
31.05.2024 14:00:00.000,171.366,171.977,170.286,170.717,11457599.64
31.05.2024 15:00:00.000,170.737,170.787,169.756,169.936,7305600.17
31.05.2024 16:00:00.000,169.946,170.186,169.416,170.087,5990399.84
31.05.2024 17:00:00.000,170.096,170.577,169.997,170.436,5033999.92
31.05.2024 18:00:00.000,170.437,170.796,170.046,170.776,4984799.86
31.05.2024 19:00:00.000,170.776,172.976,170.666,172.486,10189200.4
03.06.2024 13:00:00.000,172.447,174.506,172.447,172.947,8073599.82
03.06.2024 14:00:00.000,172.986,173.407,171.846,171.976,12417599.68
03.06.2024 15:00:00.000,171.987,172.887,171.706,172.706,9178799.63
03.06.2024 16:00:00.000,172.706,172.767,171.146,171.487,10184399.6
03.06.2024 17:00:00.000,171.476,172.637,171.166,172.386,8782799.72
03.06.2024 18:00:00.000,172.396,172.567,172.006,172.496,10170000.08
03.06.2024 19:00:00.000,172.496,173.197,171.956,173.196,10180800.44
04.06.2024 13:00:00.000,173.166,173.596,171.897,172.807,4442399.98
04.06.2024 14:00:00.000,172.836,173.657,172.067,172.786,10949999.81
04.06.2024 15:00:00.000,172.797,173.217,172.626,172.656,6415200.23
04.06.2024 16:00:00.000,172.676,172.747,172.176,172.337,5486400.13
04.06.2024 17:00:00.000,172.337,172.547,171.877,172.066,5748000.15
04.06.2024 18:00:00.000,172.056,173.287,172.046,172.976,6439199.92
04.06.2024 19:00:00.000,172.967,173.827,172.396,173.766,8486399.65
05.06.2024 13:00:00.000,175.176,176.637,174.746,176.227,6178800.11
05.06.2024 14:00:00.000,176.277,176.477,175.006,175.127,10123200.42
05.06.2024 15:00:00.000,175.126,175.636,174.096,174.116,6106800.08
05.06.2024 16:00:00.000,174.096,174.647,173.926,174.377,4558800.22
05.06.2024 17:00:00.000,174.396,175.156,174.386,174.976,4500000
05.06.2024 18:00:00.000,174.966,175.007,174.476,174.796,3779999.97
05.06.2024 19:00:00.000,174.796,175.436,174.716,175.436,6472799.78
06.06.2024 13:00:00.000,175.807,177.126,175.736,176.577,6684000.02
06.06.2024 14:00:00.000,176.586,176.877,175.896,176.406,7700399.88
06.06.2024 15:00:00.000,176.406,176.557,175.797,176.196,5110799.79
06.06.2024 16:00:00.000,176.196,176.687,176.187,176.496,4769999.98
06.06.2024 17:00:00.000,176.497,177.086,176.426,176.876,4521599.77
06.06.2024 18:00:00.000,176.876,176.927,176.436,176.756,5569200.04
06.06.2024 19:00:00.000,176.756,177.137,176.437,176.776,5726399.9
07.06.2024 13:00:00.000,176.976,177.847,176.276,176.846,6848400.12
07.06.2024 14:00:00.000,176.846,177.317,176.316,176.957,7017600.06
07.06.2024 15:00:00.000,176.956,177.187,176.336,176.887,6223199.84
07.06.2024 16:00:00.000,176.897,177.127,176.556,177.116,4988399.98
07.06.2024 17:00:00.000,177.117,177.127,176.206,176.417,4179599.76
07.06.2024 18:00:00.000,176.397,176.406,175.007,175.927,7900800.23
07.06.2024 19:00:00.000,175.926,176.127,174.276,174.457,10232399.94
10.06.2024 13:00:00.000,174.857,175.146,172.756,172.837,6624000.07
10.06.2024 14:00:00.000,172.826,173.706,172.766,173.607,8959199.91
10.06.2024 15:00:00.000,173.617,173.837,173.096,173.767,7312799.93
10.06.2024 16:00:00.000,173.767,173.997,173.516,173.807,5975999.83
10.06.2024 17:00:00.000,173.797,174.097,173.336,173.996,6682799.82
10.06.2024 18:00:00.000,173.977,177.037,173.676,175.127,11434800.15
10.06.2024 19:00:00.000,175.116,175.417,174.607,175.066,9496800.42
11.06.2024 13:00:00.000,176.107,176.827,174.247,174.806,5905200
11.06.2024 14:00:00.000,174.797,175.447,174.016,174.487,6589200.02
11.06.2024 15:00:00.000,174.496,174.607,174.046,174.076,6340799.81
11.06.2024 16:00:00.000,174.066,174.526,173.766,174.467,3635999.92
11.06.2024 17:00:00.000,174.476,175.377,174.466,175.337,3765599.97
11.06.2024 18:00:00.000,175.336,176.107,175.266,176.007,3944400.07
11.06.2024 19:00:00.000,176.006,176.707,175.836,176.626,6086400.03
12.06.2024 13:00:00.000,178.156,180.397,178.116,178.907,7634399.89
12.06.2024 14:00:00.000,178.926,179.056,176.927,177.006,9543600.08
12.06.2024 15:00:00.000,176.996,177.627,176.526,176.706,7668000.22
12.06.2024 16:00:00.000,176.707,176.757,176.096,176.747,6232800.01
12.06.2024 17:00:00.000,176.747,177.027,176.626,177.006,5202000.14
12.06.2024 18:00:00.000,176.997,177.207,176.346,176.987,13858799.93
12.06.2024 19:00:00.000,176.996,178.217,176.547,177.767,14882399.56
13.06.2024 13:00:00.000,176.067,176.727,174.876,176.537,5783999.92
13.06.2024 14:00:00.000,176.536,176.697,175.977,176.257,9998399.73
13.06.2024 15:00:00.000,176.256,176.356,175.746,175.767,6124800.21
13.06.2024 16:00:00.000,175.777,176.027,175.177,175.807,7130400.18
13.06.2024 17:00:00.000,175.786,176.257,175.766,176.137,4984799.86
13.06.2024 18:00:00.000,176.157,176.467,175.947,176.116,4142399.79
13.06.2024 19:00:00.000,176.106,176.236,175.006,175.066,7139999.87
14.06.2024 13:00:00.000,174.147,176.427,174.147,176.427,5120399.95
14.06.2024 14:00:00.000,176.387,176.687,175.687,176.627,8504400.25
14.06.2024 15:00:00.000,176.627,176.976,176.306,176.716,6475200.18
14.06.2024 16:00:00.000,176.737,177.047,176.036,176.127,4989600.18
14.06.2024 17:00:00.000,176.146,176.567,176.046,176.226,4119599.82
14.06.2024 18:00:00.000,176.226,176.367,175.956,176.276,4262400.15
14.06.2024 19:00:00.000,176.266,176.806,176.186,176.786,4996799.95
17.06.2024 13:00:00.000,175.407,175.796,174.796,175.337,5242800.24
17.06.2024 14:00:00.000,175.337,176.037,175.107,175.537,7586400.03
17.06.2024 15:00:00.000,175.506,175.827,175.226,175.666,5437200.07
17.06.2024 16:00:00.000,175.666,176.867,175.616,176.626,5680799.96
17.06.2024 17:00:00.000,176.616,178.087,176.596,178.076,6225599.77
17.06.2024 18:00:00.000,178.087,178.357,177.206,177.416,8014800.07
17.06.2024 19:00:00.000,177.407,177.877,177.186,177.287,8893199.92
18.06.2024 13:00:00.000,177.156,177.356,175.566,175.776,4485599.99
18.06.2024 14:00:00.000,175.776,176.727,175.606,176.066,6819600.11
18.06.2024 15:00:00.000,176.077,176.157,175.196,175.497,5274000.17
18.06.2024 16:00:00.000,175.507,175.637,174.477,174.897,3644399.88
18.06.2024 17:00:00.000,174.887,175.137,174.566,174.637,3291599.99
18.06.2024 18:00:00.000,174.646,174.656,174.096,174.326,3624000.07
18.06.2024 19:00:00.000,174.316,175.237,174.316,175.076,4195199.97
20.06.2024 13:00:00.000,175.316,177.257,174.976,175.346,5240399.84
20.06.2024 14:00:00.000,175.337,176.397,175.006,176.257,7916399.96
20.06.2024 15:00:00.000,176.277,176.357,175.666,175.836,4846799.85
20.06.2024 16:00:00.000,175.837,176.207,175.446,176.007,7150800.23
20.06.2024 17:00:00.000,176.007,176.047,175.396,175.847,7478400.23
20.06.2024 18:00:00.000,175.836,176.107,175.686,175.937,5820000.17
20.06.2024 19:00:00.000,175.927,176.407,175.466,176.287,8882399.56
21.06.2024 13:00:00.000,176.907,178.697,176.597,178.457,6764400.01
21.06.2024 14:00:00.000,178.446,179.767,178.107,179.086,12484800.34
21.06.2024 15:00:00.000,179.077,180.037,178.866,179.987,7768799.78
21.06.2024 16:00:00.000,179.997,180.827,179.836,180.157,6980400.09
21.06.2024 17:00:00.000,180.156,180.387,179.256,179.857,8013600.35
21.06.2024 18:00:00.000,179.867,180.217,179.566,179.686,7386000.16
21.06.2024 19:00:00.000,179.687,180.207,178.996,179.447,11127599.72
24.06.2024 13:00:00.000,180.146,180.826,178.896,179.867,5897999.76
24.06.2024 14:00:00.000,179.877,180.606,178.816,179.497,9961199.76
24.06.2024 15:00:00.000,179.506,179.866,179.196,179.866,6445199.97
24.06.2024 16:00:00.000,179.877,180.237,179.517,179.747,4939199.92
24.06.2024 17:00:00.000,179.736,179.757,178.966,179.247,6386400.22
24.06.2024 18:00:00.000,179.236,179.406,178.656,179.067,6009600.16
24.06.2024 19:00:00.000,179.077,179.507,179.036,179.157,6877200.13
25.06.2024 13:00:00.000,179.507,180.926,179.487,180.376,5122799.87
25.06.2024 14:00:00.000,180.387,182.167,180.286,181.916,8690400.12
25.06.2024 15:00:00.000,181.917,182.647,181.826,182.556,6856800.08
25.06.2024 16:00:00.000,182.546,182.786,181.846,182.146,6063600.06
25.06.2024 17:00:00.000,182.136,182.707,181.956,182.707,5859600.07
25.06.2024 18:00:00.000,182.707,183.287,182.647,183.196,5541600.23
25.06.2024 19:00:00.000,183.186,184.277,182.987,184.037,6010799.88
26.06.2024 13:00:00.000,182.567,183.496,182.476,183.277,4940400.12
26.06.2024 14:00:00.000,183.266,184.487,183.146,184.006,8699999.81
26.06.2024 15:00:00.000,184.017,184.146,183.396,183.916,7868400.1
26.06.2024 16:00:00.000,183.907,184.217,183.616,183.746,5808000.09
26.06.2024 17:00:00.000,183.746,184.066,183.316,184.006,6193200.11
26.06.2024 18:00:00.000,184.006,184.267,183.836,184.066,5369999.89
26.06.2024 19:00:00.000,184.056,184.157,183.576,183.847,6934800.15
27.06.2024 13:00:00.000,184.116,185.706,183.996,185.697,5108399.87
27.06.2024 14:00:00.000,185.686,186.027,185.096,185.507,8157600.4
27.06.2024 15:00:00.000,185.527,185.857,184.446,184.547,6676799.77
27.06.2024 16:00:00.000,184.546,185.226,184.356,184.856,4519199.85
27.06.2024 17:00:00.000,184.866,185.227,184.676,184.867,3297600.03
27.06.2024 18:00:00.000,184.867,185.106,184.496,185.097,4550399.78
27.06.2024 19:00:00.000,185.117,185.527,184.956,185.416,5097599.98
28.06.2024 13:00:00.000,184.246,184.616,182.797,184.027,5002799.99
28.06.2024 14:00:00.000,184.086,185.117,183.717,183.947,7959599.97
28.06.2024 15:00:00.000,183.947,184.297,183.526,183.966,7051199.91
28.06.2024 16:00:00.000,183.976,184.147,183.276,183.786,6916800.02
28.06.2024 17:00:00.000,183.776,184.127,183.666,183.886,4723199.84
28.06.2024 18:00:00.000,183.886,184.277,183.606,184.066,5484000.21
28.06.2024 19:00:00.000,184.066,184.247,181.937,182.076,9476400.38
01.07.2024 13:00:00.000,183.026,183.857,181.296,181.677,5800799.85
01.07.2024 14:00:00.000,181.747,182.837,181.676,182.227,9430800.44
01.07.2024 15:00:00.000,182.216,182.477,181.886,182.267,6261600.02
01.07.2024 16:00:00.000,182.257,183.286,182.046,182.987,4947599.89
01.07.2024 17:00:00.000,182.966,183.027,182.176,182.487,4669199.94
01.07.2024 18:00:00.000,182.496,182.947,182.256,182.626,4354800.22
01.07.2024 19:00:00.000,182.627,183.217,182.216,182.897,5745600.22
02.07.2024 13:00:00.000,181.966,182.596,181.536,182.077,5360400.2
02.07.2024 14:00:00.000,182.086,183.647,181.637,183.476,12156000.14
02.07.2024 15:00:00.000,183.476,183.987,183.246,183.316,6214799.88
02.07.2024 16:00:00.000,183.316,184.207,183.146,184.207,4769999.98
02.07.2024 17:00:00.000,184.207,185.127,184.196,184.977,5357999.8
02.07.2024 18:00:00.000,184.987,185.236,184.856,184.877,3991199.97
02.07.2024 19:00:00.000,184.846,185.557,184.786,185.257,5726399.9
03.07.2024 13:00:00.000,184.817,185.756,183.966,184.797,5102399.83
03.07.2024 14:00:00.000,184.796,185.057,184.146,185.047,9363599.78
03.07.2024 15:00:00.000,185.047,185.936,184.906,185.797,6968400
03.07.2024 16:00:00.000,185.787,186.067,185.546,185.777,7556399.82
05.07.2024 13:00:00.000,185.816,189.367,185.796,189.197,5097599.98
05.07.2024 14:00:00.000,189.207,189.987,188.496,189.367,7993199.83
05.07.2024 15:00:00.000,189.367,190.427,189.206,190.316,5156400.2
05.07.2024 16:00:00.000,190.306,190.417,189.886,190.157,3799200.06
05.07.2024 17:00:00.000,190.097,190.697,190.077,190.157,3218400
05.07.2024 18:00:00.000,190.167,190.737,190.027,190.567,2982000.11
05.07.2024 19:00:00.000,190.566,190.846,190.357,190.586,4297200.2
08.07.2024 13:00:00.000,189.836,189.956,187.786,188.186,5716800.21
08.07.2024 14:00:00.000,188.196,188.977,187.776,188.957,7677599.91
08.07.2024 15:00:00.000,188.957,190.157,188.947,189.767,4955999.85
08.07.2024 16:00:00.000,189.757,189.777,188.977,189.226,3967200.04
08.07.2024 17:00:00.000,189.236,189.637,189.076,189.236,3217200.04
08.07.2024 18:00:00.000,189.246,189.477,189.076,189.196,2791199.92
08.07.2024 19:00:00.000,189.206,189.246,188.576,189.006,4553999.9
09.07.2024 13:00:00.000,190.087,191.317,189.857,190.446,6939599.99
09.07.2024 14:00:00.000,190.447,190.597,189.926,190.456,10384799.96
09.07.2024 15:00:00.000,190.437,190.486,189.576,189.757,5174399.85
09.07.2024 16:00:00.000,189.756,190.006,188.807,189.157,4627200.13
09.07.2024 17:00:00.000,189.156,189.497,188.786,189.487,4119599.82
09.07.2024 18:00:00.000,189.507,189.766,189.036,189.167,3301199.91
09.07.2024 19:00:00.000,189.137,189.287,188.707,188.987,4519199.85
10.07.2024 13:00:00.000,189.106,190.837,189.017,190.676,4421999.93
10.07.2024 14:00:00.000,190.696,190.867,189.556,189.736,5830800.06
10.07.2024 15:00:00.000,189.736,190.357,189.326,190.287,3924000.02
10.07.2024 16:00:00.000,190.287,190.837,189.797,190.707,3365999.94
10.07.2024 17:00:00.000,190.697,191.397,190.626,191.337,3008399.96
10.07.2024 18:00:00.000,191.347,191.737,191.096,191.276,2736000.06
10.07.2024 19:00:00.000,191.256,191.387,190.516,191.167,4854000.09
11.07.2024 13:00:00.000,189.826,190.826,189.396,189.707,4845600.13
11.07.2024 14:00:00.000,189.716,189.716,187.126,187.137,11629199.98
11.07.2024 15:00:00.000,187.137,187.156,185.556,185.677,9793199.54
11.07.2024 16:00:00.000,185.687,186.407,185.066,185.597,6919199.94
11.07.2024 17:00:00.000,185.607,186.037,185.187,185.397,5732399.94
11.07.2024 18:00:00.000,185.386,186.456,185.296,186.396,5015999.79
11.07.2024 19:00:00.000,186.406,186.737,185.316,185.517,7883999.82
12.07.2024 13:00:00.000,185.007,186.536,184.847,185.996,7296000
12.07.2024 14:00:00.000,186.007,186.487,184.977,185.506,11762399.67
12.07.2024 15:00:00.000,185.496,186.147,185.166,185.196,8203200.34
12.07.2024 16:00:00.000,185.196,186.047,185.006,186.026,8632800.1
12.07.2024 17:00:00.000,186.027,187.096,185.826,186.857,6096000.19
12.07.2024 18:00:00.000,186.877,187.057,185.917,186.387,5209199.91
12.07.2024 19:00:00.000,186.387,186.417,184.476,185.037,11905200
15.07.2024 13:00:00.000,184.887,187.196,184.887,187.126,5409599.78
15.07.2024 14:00:00.000,187.126,188.017,186.716,187.407,7992000.1
15.07.2024 15:00:00.000,187.417,188.226,186.816,187.377,6351600.17
15.07.2024 16:00:00.000,187.376,187.437,186.437,186.786,6840000.15
15.07.2024 17:00:00.000,186.787,187.057,186.166,186.237,6878399.85
15.07.2024 18:00:00.000,186.236,186.827,185.946,186.676,4747200.01
15.07.2024 19:00:00.000,186.677,186.907,186.026,186.546,6968400
16.07.2024 13:00:00.000,187.367,188.647,186.636,186.666,4741199.97
16.07.2024 14:00:00.000,186.737,186.817,185.716,186.266,10155599.59
16.07.2024 15:00:00.000,186.267,186.967,185.766,185.846,6131999.97
16.07.2024 16:00:00.000,185.847,185.967,183.797,184.297,6542399.88
16.07.2024 17:00:00.000,184.307,184.537,183.356,183.766,4528800.01
16.07.2024 18:00:00.000,183.756,184.356,183.366,184.336,4462800.03
16.07.2024 19:00:00.000,184.326,184.386,183.696,183.836,6193200.11
17.07.2024 13:00:00.000,182.956,183.507,181.446,181.537,7237199.78
17.07.2024 14:00:00.000,181.567,181.766,179.906,180.387,13451999.66
17.07.2024 15:00:00.000,180.377,180.767,179.986,180.436,9119999.89
17.07.2024 16:00:00.000,180.447,181.187,180.426,181.186,9173999.79
17.07.2024 17:00:00.000,181.176,181.366,180.506,181.187,8230799.68
17.07.2024 18:00:00.000,181.196,181.806,181.016,181.397,7348800.18
17.07.2024 19:00:00.000,181.397,181.517,180.556,180.987,10664400.1
18.07.2024 13:00:00.000,181.876,182.426,179.426,179.456,5556000.23
18.07.2024 14:00:00.000,179.456,180.476,178.606,179.447,12170399.67
18.07.2024 15:00:00.000,179.446,179.687,177.146,177.457,11052000.05
18.07.2024 16:00:00.000,177.457,177.487,176.457,177.156,7015233.99
18.07.2024 17:00:00.000,177.156,178.297,177.026,177.877,5396399.97
18.07.2024 18:00:00.000,177.887,177.917,176.866,177.347,4738500.12
18.07.2024 19:00:00.000,177.337,178.107,176.456,177.647,10573209.76
19.07.2024 13:00:00.000,178.626,180.276,178.446,179.056,7178400.04
19.07.2024 14:00:00.000,179.036,179.567,178.306,179.186,11788800.24
19.07.2024 15:00:00.000,179.207,179.566,177.796,179.076,8737199.78
19.07.2024 16:00:00.000,179.046,179.057,177.937,178.156,6951600.07
19.07.2024 17:00:00.000,178.167,178.217,177.496,177.957,6562799.93
19.07.2024 18:00:00.000,177.946,178.427,177.556,177.996,6637199.88
19.07.2024 19:00:00.000,177.976,178.247,177.126,177.697,9016799.93
22.07.2024 13:00:00.000,180.496,182.277,180.196,181.967,6885600.09
22.07.2024 14:00:00.000,181.987,182.097,180.816,181.056,13330800.06
22.07.2024 15:00:00.000,181.057,181.757,180.346,180.787,11144399.64
22.07.2024 16:00:00.000,180.787,182.296,180.706,182.246,7268400.19
22.07.2024 17:00:00.000,182.256,182.597,181.946,182.117,6665999.89
22.07.2024 18:00:00.000,182.136,182.606,181.966,182.076,5188799.86
22.07.2024 19:00:00.000,182.077,182.686,181.587,181.637,8110799.79
23.07.2024 13:00:00.000,182.076,183.297,181.896,183.127,5618400.1
23.07.2024 14:00:00.000,183.136,183.317,181.886,182.136,11590800.29
23.07.2024 15:00:00.000,182.137,183.046,182.026,182.697,7842000.01
23.07.2024 16:00:00.000,182.667,182.947,182.087,182.626,9185999.87
23.07.2024 17:00:00.000,182.617,183.077,182.256,182.967,7403999.81
23.07.2024 18:00:00.000,182.967,183.597,182.606,182.896,6698400.02
23.07.2024 19:00:00.000,182.917,183.266,181.526,181.776,8462400.44
24.07.2024 13:00:00.000,173.587,175.767,171.807,175.626,9016799.93
24.07.2024 14:00:00.000,175.637,176.167,174.076,174.947,11394000.05
24.07.2024 15:00:00.000,174.956,175.407,172.486,172.527,8663999.56
24.07.2024 16:00:00.000,172.557,173.167,172.226,172.526,8054400.44
24.07.2024 17:00:00.000,172.526,173.826,172.476,173.327,7296000
24.07.2024 18:00:00.000,173.327,173.386,172.156,172.587,7825200.08
24.07.2024 19:00:00.000,172.577,173.287,172.016,172.617,11112000.47
25.07.2024 13:00:00.000,172.507,173.397,169.206,169.316,9343199.73
25.07.2024 14:00:00.000,169.306,172.287,167.657,172.027,18981300.35
25.07.2024 15:00:00.000,172.047,172.637,171.136,171.876,9621899.6
25.07.2024 16:00:00.000,171.886,173.097,171.527,172.796,8328599.93
25.07.2024 17:00:00.000,172.796,173.336,172.106,172.627,8029800.42
25.07.2024 18:00:00.000,172.617,172.737,168.117,169.187,13637450.22
25.07.2024 19:00:00.000,169.186,170.197,167.196,167.306,14469599.72
26.07.2024 13:00:00.000,167.077,167.077,164.056,164.927,7013999.94
26.07.2024 14:00:00.000,164.867,166.767,164.256,166.486,11160900.12
26.07.2024 15:00:00.000,166.457,167.006,165.796,166.576,7184700.01
26.07.2024 16:00:00.000,166.566,167.917,166.507,167.806,6139800.07
26.07.2024 17:00:00.000,167.806,168.076,166.456,167.066,8118900.3
26.07.2024 18:00:00.000,167.046,167.227,166.357,166.597,7134300.23
26.07.2024 19:00:00.000,166.587,167.297,165.986,166.986,10753536.22
29.07.2024 13:00:00.000,168.796,169.867,168.406,169.846,6903600.22
29.07.2024 14:00:00.000,169.867,170.117,168.226,168.617,12837599.75
29.07.2024 15:00:00.000,168.627,169.047,167.986,169.007,10315199.85
29.07.2024 16:00:00.000,169.007,170.226,169.007,169.906,7759200.1
29.07.2024 17:00:00.000,169.916,170.416,169.526,169.927,8433600.43
29.07.2024 18:00:00.000,169.926,169.947,168.876,169.347,7729199.89
29.07.2024 19:00:00.000,169.347,170.067,169.156,169.496,8503199.58
30.07.2024 13:00:00.000,170.146,171.217,169.366,169.917,5344800
30.07.2024 14:00:00.000,169.907,170.457,169.496,169.926,11067600.25
30.07.2024 15:00:00.000,169.927,170.096,169.057,169.347,11240400.31
30.07.2024 16:00:00.000,169.356,169.597,168.607,168.666,8342399.6
30.07.2024 17:00:00.000,168.677,170.017,168.426,169.956,8431200.03
30.07.2024 18:00:00.000,169.956,170.306,169.677,170.047,7242000.1
30.07.2024 19:00:00.000,170.037,170.726,169.766,170.257,11905200
31.07.2024 13:00:00.000,173.196,174.167,171.247,172.256,7606800.08
31.07.2024 14:00:00.000,172.257,172.547,171.496,171.946,13211999.89
31.07.2024 15:00:00.000,171.957,172.116,171.086,171.356,9187199.59
31.07.2024 16:00:00.000,171.387,171.416,170.317,170.496,8571599.96
31.07.2024 17:00:00.000,170.497,170.797,169.996,170.537,8875200.27
31.07.2024 18:00:00.000,170.616,171.597,170.266,171.246,12982799.53
31.07.2024 19:00:00.000,171.256,171.887,170.487,171.457,19225200.65
01.08.2024 13:00:00.000,170.296,174.027,170.246,173.777,6478799.82
01.08.2024 14:00:00.000,173.736,174.016,171.806,172.336,14736000.06
01.08.2024 15:00:00.000,172.376,172.577,170.217,170.237,13384799.96
01.08.2024 16:00:00.000,170.227,170.987,169.906,169.997,10929599.76
01.08.2024 17:00:00.000,170.006,170.206,169.156,170.007,10401599.88
01.08.2024 18:00:00.000,169.987,170.136,168.856,169.316,10065600.4
01.08.2024 19:00:00.000,169.277,170.776,169.006,170.747,15069600.11
02.08.2024 13:00:00.000,166.446,168.506,166.076,167.136,9298800.47
02.08.2024 14:00:00.000,167.137,167.487,164.646,165.516,19294799.8
02.08.2024 15:00:00.000,165.516,167.017,165.317,166.677,17320800.78
02.08.2024 16:00:00.000,166.666,167.056,164.966,165.187,14472000.12
02.08.2024 17:00:00.000,165.176,165.697,164.976,165.456,12634799.96
02.08.2024 18:00:00.000,165.446,165.927,164.856,165.666,10646400.45
02.08.2024 19:00:00.000,165.656,166.767,165.496,166.586,14541600.23
05.08.2024 13:00:00.000,155.397,162.306,154.917,160.477,12050700.19
05.08.2024 14:00:00.000,160.477,162.876,160.477,162.306,17676000.6
05.08.2024 15:00:00.000,162.306,164.407,161.597,162.707,13130999.57
05.08.2024 16:00:00.000,162.686,163.627,162.186,162.337,9654299.74
05.08.2024 17:00:00.000,162.337,163.476,162.326,162.877,11199600.22
05.08.2024 18:00:00.000,162.886,162.937,157.536,158.836,15126613.62
05.08.2024 19:00:00.000,158.837,160.197,158.496,159.207,19947599.41
06.08.2024 13:00:00.000,159.297,159.337,156.406,156.947,8120400.43
06.08.2024 14:00:00.000,156.947,159.567,156.527,159.306,18865200.04
06.08.2024 15:00:00.000,159.316,159.527,158.506,159.397,14582400.32
06.08.2024 16:00:00.000,159.407,160.047,158.977,159.847,10050000.19
06.08.2024 17:00:00.000,159.856,160.097,158.986,159.376,9760800.36
06.08.2024 18:00:00.000,159.396,160.557,158.816,159.677,11434800.15
06.08.2024 19:00:00.000,159.666,159.707,158.076,158.267,19948799.13
07.08.2024 13:00:00.000,161.247,162.146,160.436,161.477,8860799.79
07.08.2024 14:00:00.000,161.487,162.957,161.087,162.126,12925200.46
07.08.2024 15:00:00.000,162.127,162.167,160.047,161.006,9937199.59
07.08.2024 16:00:00.000,161.027,161.166,160.006,160.007,11295599.94
07.08.2024 17:00:00.000,159.997,160.137,158.726,158.927,11377200.13
07.08.2024 18:00:00.000,158.916,159.396,158.466,159.306,12541199.68
07.08.2024 19:00:00.000,159.297,160.067,158.527,158.906,13035599.71
08.08.2024 13:00:00.000,160.556,161.326,160.157,161.187,8001600.27
08.08.2024 14:00:00.000,161.196,163.037,161.006,162.656,15573599.82
08.08.2024 15:00:00.000,162.667,163.036,162.096,162.956,10758000.37
08.08.2024 16:00:00.000,162.957,163.677,162.726,163.087,7645199.78
08.08.2024 17:00:00.000,163.096,163.517,162.726,163.136,6409200.19
08.08.2024 18:00:00.000,163.127,163.507,162.747,163.017,5460000.04
08.08.2024 19:00:00.000,163.006,163.497,161.666,162.067,12481200.22
09.08.2024 13:00:00.000,159.876,161.017,159.046,160.147,6442800.05
09.08.2024 14:00:00.000,160.186,160.557,159.066,160.127,11274000.17
09.08.2024 15:00:00.000,160.117,160.267,159.547,159.767,5567999.84
09.08.2024 16:00:00.000,159.796,159.957,159.306,159.926,3637799.98
09.08.2024 17:00:00.000,159.937,161.477,159.856,161.217,4155300.14
09.08.2024 18:00:00.000,161.227,161.937,161.147,161.717,3719700.1
09.08.2024 19:00:00.000,161.706,163.757,161.606,163.576,5545800.21
12.08.2024 13:00:00.000,163.976,164.867,163.096,163.347,4930799.96
12.08.2024 14:00:00.000,163.376,163.867,163.076,163.846,6937200.07
12.08.2024 15:00:00.000,163.847,163.937,162.097,163.397,8799599.65
12.08.2024 16:00:00.000,163.397,163.586,162.656,162.667,5859600.07
12.08.2024 17:00:00.000,162.666,163.196,162.306,162.587,5917200.09
12.08.2024 18:00:00.000,162.596,162.867,162.496,162.816,4127999.78
12.08.2024 19:00:00.000,162.817,162.857,161.806,162.266,5283599.85
13.08.2024 13:00:00.000,163.426,164.706,163.016,163.017,4234799.86
13.08.2024 14:00:00.000,163.056,163.727,162.957,163.496,6529200.08
13.08.2024 15:00:00.000,163.496,164.036,163.496,163.817,3707999.94
13.08.2024 16:00:00.000,163.807,164.276,163.457,164.266,2578799.96
13.08.2024 17:00:00.000,164.336,164.577,163.596,163.946,4545599.94
13.08.2024 18:00:00.000,163.957,164.337,163.546,164.236,2587199.93
13.08.2024 19:00:00.000,164.237,164.347,163.826,164.166,4447199.82
14.08.2024 13:00:00.000,162.386,163.187,159.366,159.366,6683100.22
14.08.2024 14:00:00.000,159.356,159.377,157.696,158.437,10762206.08
14.08.2024 15:00:00.000,158.437,159.997,158.057,159.986,6333600.04
14.08.2024 16:00:00.000,159.976,160.107,158.976,159.427,5553599.83
14.08.2024 17:00:00.000,159.427,159.487,158.866,158.927,3553200.01
14.08.2024 18:00:00.000,158.926,159.247,158.697,158.876,2980799.91
14.08.2024 19:00:00.000,158.887,160.587,158.466,160.297,5853600.03
15.08.2024 13:00:00.000,160.386,161.256,159.626,160.506,5763599.87
15.08.2024 14:00:00.000,160.507,160.936,159.736,159.897,6916800.02
15.08.2024 15:00:00.000,159.907,160.956,159.676,160.897,4376399.99
15.08.2024 16:00:00.000,160.896,161.576,160.816,161.056,3621599.91
15.08.2024 17:00:00.000,161.056,161.546,160.906,161.546,2411999.94
15.08.2024 18:00:00.000,161.546,161.627,161.076,161.256,2774400
15.08.2024 19:00:00.000,161.256,161.417,160.806,161.276,5055600.17
16.08.2024 13:00:00.000,161.296,162.866,161.047,162.786,5849999.9
16.08.2024 14:00:00.000,162.746,165.036,162.746,164.056,10618800.16
16.08.2024 15:00:00.000,164.037,164.106,163.336,163.887,5768400.19
16.08.2024 16:00:00.000,163.906,164.197,163.436,163.817,3830399.99
16.08.2024 17:00:00.000,163.876,163.957,163.347,163.516,2998800.04
16.08.2024 18:00:00.000,163.506,163.707,163.267,163.677,3404400.11
16.08.2024 19:00:00.000,163.656,163.756,162.767,162.957,5176799.77
19.08.2024 13:00:00.000,165.177,165.817,164.706,165.037,5046000
19.08.2024 14:00:00.000,165.056,165.607,164.267,165.106,7335599.9
19.08.2024 15:00:00.000,165.096,165.557,164.776,164.976,4044000.15
19.08.2024 16:00:00.000,165.007,165.797,164.906,165.737,2787600.04
19.08.2024 17:00:00.000,165.736,165.846,165.467,165.736,2827199.94
19.08.2024 18:00:00.000,165.736,165.977,165.527,165.846,1969200.02
19.08.2024 19:00:00.000,165.837,166.677,165.626,166.627,4228799.82
20.08.2024 13:00:00.000,166.857,168.627,166.806,168.497,3969599.96
20.08.2024 14:00:00.000,168.517,168.517,167.016,167.336,7795199.87
20.08.2024 15:00:00.000,167.357,167.897,167.006,167.866,4578000.07
20.08.2024 16:00:00.000,167.877,167.986,167.567,167.576,3376800.06
20.08.2024 17:00:00.000,167.566,168.016,167.396,167.996,3400799.99
20.08.2024 18:00:00.000,167.987,168.407,167.836,167.977,2854799.99
20.08.2024 19:00:00.000,167.976,168.097,167.067,167.187,4245600.22
21.08.2024 13:00:00.000,165.116,166.457,164.666,166.347,4973999.98
21.08.2024 14:00:00.000,166.366,166.846,165.347,165.787,10561200.14
21.08.2024 15:00:00.000,165.787,166.166,165.236,165.416,5143199.92
21.08.2024 16:00:00.000,165.416,165.796,165.046,165.576,3868799.92
21.08.2024 17:00:00.000,165.587,166.007,165.297,165.977,3481199.98
21.08.2024 18:00:00.000,165.997,166.337,165.706,165.856,5023200.04
21.08.2024 19:00:00.000,165.826,165.877,165.326,165.807,5786399.84
22.08.2024 13:00:00.000,167.127,167.546,166.386,166.776,5031600
22.08.2024 14:00:00.000,166.787,166.947,165.556,165.826,10318799.97
22.08.2024 15:00:00.000,165.806,166.147,164.706,165.016,10263600.35
22.08.2024 16:00:00.000,165.017,165.997,164.936,165.097,7894800.19
22.08.2024 17:00:00.000,165.106,165.106,163.976,164.087,9668399.81
22.08.2024 18:00:00.000,164.096,164.827,163.986,164.386,8465999.6
22.08.2024 19:00:00.000,164.387,164.677,163.306,163.797,11421600.34
23.08.2024 13:00:00.000,164.656,165.366,164.276,164.847,3342000.01
23.08.2024 14:00:00.000,164.846,166.167,164.127,164.847,15754799.84
23.08.2024 15:00:00.000,164.856,165.567,164.347,164.786,10746000.29
23.08.2024 16:00:00.000,164.816,164.837,163.826,164.507,8360400.2
23.08.2024 17:00:00.000,164.516,165.257,164.376,164.856,4757999.9
23.08.2024 18:00:00.000,164.857,165.147,164.676,165.016,3982800.01
23.08.2024 19:00:00.000,165.016,165.826,164.806,165.586,6903600.22
26.08.2024 13:00:00.000,166.337,167.516,165.606,166.127,5674799.92
26.08.2024 14:00:00.000,166.176,166.186,164.437,165.536,10599599.84
26.08.2024 15:00:00.000,165.537,165.967,165.306,165.527,7609200
26.08.2024 16:00:00.000,165.537,166.097,165.346,165.997,5313600.06
26.08.2024 17:00:00.000,165.997,166.286,165.616,165.776,5726399.9
26.08.2024 18:00:00.000,165.766,166.467,165.666,166.207,5794799.8
26.08.2024 19:00:00.000,166.196,166.277,165.807,166.186,6687600.14
27.08.2024 13:00:00.000,165.757,166.266,164.856,165.656,6238800.05
27.08.2024 14:00:00.000,165.676,166.407,165.597,166.166,12788399.7
27.08.2024 15:00:00.000,166.177,166.437,165.597,165.757,10560000.42
27.08.2024 16:00:00.000,165.747,166.346,165.686,165.946,5793600.08
27.08.2024 17:00:00.000,165.936,166.127,165.736,166.106,5091599.94
27.08.2024 18:00:00.000,166.096,166.127,165.346,165.446,5031600
27.08.2024 19:00:00.000,165.456,165.487,164.446,164.647,7254000.19
28.08.2024 13:00:00.000,164.987,165.556,162.916,163.337,4173600.2
28.08.2024 14:00:00.000,163.356,163.356,162.246,162.466,7581600.19
28.08.2024 15:00:00.000,162.446,162.607,161.506,162.446,8041199.68
28.08.2024 16:00:00.000,162.416,162.857,162.176,162.767,4848000.05
28.08.2024 17:00:00.000,162.756,162.887,161.936,161.976,4535999.77
28.08.2024 18:00:00.000,161.967,162.917,161.806,162.897,4156799.79
28.08.2024 19:00:00.000,162.877,163.337,162.586,162.836,6385200.02
29.08.2024 13:00:00.000,164.257,165.866,163.906,165.726,5975999.83
29.08.2024 14:00:00.000,165.747,165.946,164.716,165.167,9770400.05
29.08.2024 15:00:00.000,165.186,165.537,164.676,164.987,5582399.85
29.08.2024 16:00:00.000,164.967,165.337,164.326,164.506,3439199.92
29.08.2024 17:00:00.000,164.477,164.636,162.246,163.196,5805600.17
29.08.2024 18:00:00.000,163.196,163.196,160.606,161.016,9511199.95
29.08.2024 19:00:00.000,161.007,161.967,160.236,161.776,11663999.56
30.08.2024 13:00:00.000,162.566,163.196,162.136,163.077,6090000.15
30.08.2024 14:00:00.000,163.057,163.146,161.896,161.897,11513999.94
30.08.2024 15:00:00.000,161.907,162.507,161.686,162.426,10645199.78
30.08.2024 16:00:00.000,162.416,162.486,161.766,162.397,8318400.38
30.08.2024 17:00:00.000,162.376,162.627,162.236,162.286,4696800.23
30.08.2024 18:00:00.000,162.296,162.617,162.176,162.436,5113200.19
30.08.2024 19:00:00.000,162.417,163.587,162.367,163.286,8880000.11
03.09.2024 13:00:00.000,161.626,161.797,159.646,160.467,5858399.87
03.09.2024 14:00:00.000,160.497,160.567,158.736,158.967,12010800.36
03.09.2024 15:00:00.000,158.966,159.386,158.796,158.937,7456799.98
03.09.2024 16:00:00.000,158.937,159.347,158.676,158.946,5373600.01
03.09.2024 17:00:00.000,158.946,159.197,158.336,158.407,5254799.84
03.09.2024 18:00:00.000,158.416,158.447,157.466,157.586,7157999.99
03.09.2024 19:00:00.000,157.587,157.636,156.476,157.357,9337200.16
04.09.2024 13:00:00.000,156.627,158.977,156.387,157.767,6647999.76
04.09.2024 14:00:00.000,157.727,158.197,156.967,158.167,13047599.79
04.09.2024 15:00:00.000,158.176,158.387,156.856,157.077,7050000.19
04.09.2024 16:00:00.000,157.087,157.557,156.776,157.217,5683199.88
04.09.2024 17:00:00.000,157.226,157.227,155.966,156.216,5038799.76
04.09.2024 18:00:00.000,156.217,156.867,156.107,156.426,5587200.16
04.09.2024 19:00:00.000,156.417,156.937,156.246,156.407,8702400.21
05.09.2024 13:00:00.000,156.086,159.416,155.966,158.367,7695600.03
05.09.2024 14:00:00.000,158.387,159.237,157.766,157.997,13704000.47
05.09.2024 15:00:00.000,158.006,158.077,156.757,156.827,11433600.43
05.09.2024 16:00:00.000,156.817,157.197,156.536,156.707,8110799.79
05.09.2024 17:00:00.000,156.707,157.587,156.496,157.587,7053599.83
05.09.2024 18:00:00.000,157.587,157.746,157.106,157.246,6589200.02
05.09.2024 19:00:00.000,157.237,157.327,156.547,157.236,8553600.31
06.09.2024 13:00:00.000,157.247,157.817,154.687,154.816,9114000.32
06.09.2024 14:00:00.000,154.837,155.157,152.946,153.316,18842399.6
06.09.2024 15:00:00.000,153.316,153.987,151.886,151.996,18986099.24
06.09.2024 16:00:00.000,151.986,152.087,151.326,151.546,8815500.26
06.09.2024 17:00:00.000,151.557,151.997,151.536,151.626,8031600
06.09.2024 18:00:00.000,151.616,152.017,151.266,151.796,6678899.77
06.09.2024 19:00:00.000,151.827,151.967,150.567,150.907,10145443.92
09.09.2024 13:00:00.000,152.397,153.387,152.046,152.577,6196800.23
09.09.2024 14:00:00.000,152.587,152.597,148.956,148.957,14741999.63
09.09.2024 15:00:00.000,148.957,149.286,147.996,149.276,11936400.41
09.09.2024 16:00:00.000,149.277,149.897,148.596,149.526,7318799.97
09.09.2024 17:00:00.000,149.526,149.627,148.996,149.227,7936800
09.09.2024 18:00:00.000,149.217,149.276,147.996,148.167,8729999.54
09.09.2024 19:00:00.000,148.166,148.786,147.206,148.716,11738400.46
10.09.2024 13:00:00.000,150.486,151.216,149.506,150.066,6636000.16
10.09.2024 14:00:00.000,150.076,150.266,148.796,149.147,15304499.63
10.09.2024 15:00:00.000,149.136,149.837,148.506,148.516,10035934.45
10.09.2024 16:00:00.000,148.516,149.437,148.306,149.277,10387200.36
10.09.2024 17:00:00.000,149.287,149.687,149.167,149.496,8271599.77
10.09.2024 18:00:00.000,149.497,150.417,149.496,150.087,7328400.14
10.09.2024 19:00:00.000,150.086,150.217,148.597,148.636,8979599.95
11.09.2024 13:00:00.000,149.796,150.527,149.036,149.666,7027200.22
11.09.2024 14:00:00.000,149.687,149.917,147.507,147.927,17350799.56
11.09.2024 15:00:00.000,147.916,149.277,147.706,148.626,12902400.02
11.09.2024 16:00:00.000,148.636,149.667,148.536,149.567,11819999.69
11.09.2024 17:00:00.000,149.576,150.737,149.456,150.226,9554400.44
11.09.2024 18:00:00.000,150.236,150.457,149.827,150.066,10232399.94
11.09.2024 19:00:00.000,150.077,151.487,149.986,151.087,10270799.64
12.09.2024 13:00:00.000,153.706,154.397,152.956,153.366,8907600.4
12.09.2024 14:00:00.000,153.387,153.807,152.637,153.447,17049600.6
12.09.2024 15:00:00.000,153.426,154.116,153.066,153.137,14918399.81
12.09.2024 16:00:00.000,153.127,154.156,152.896,154.096,9117600.44
12.09.2024 17:00:00.000,154.107,154.446,153.886,154.366,7719600.2
12.09.2024 18:00:00.000,154.386,154.546,153.476,154.257,10008000.37
12.09.2024 19:00:00.000,154.257,154.807,153.946,154.696,10683600.43
13.09.2024 13:00:00.000,155.367,156.656,155.196,155.867,7339200.02
13.09.2024 14:00:00.000,155.887,158.366,155.656,157.556,12618000.03
13.09.2024 15:00:00.000,157.557,157.627,156.606,157.096,7364399.91
13.09.2024 16:00:00.000,157.086,157.277,156.626,157.256,7052400.11
13.09.2024 17:00:00.000,157.256,157.517,156.936,157.387,5779200.08
13.09.2024 18:00:00.000,157.386,157.497,156.956,157.337,6386400.22
13.09.2024 19:00:00.000,157.337,157.927,157.257,157.436,6472799.78
16.09.2024 13:00:00.000,157.237,158.036,156.577,157.887,6651599.88
16.09.2024 14:00:00.000,157.876,158.247,157.066,157.866,14224800.11
16.09.2024 15:00:00.000,157.857,158.227,157.396,157.697,9589200.02
16.09.2024 16:00:00.000,157.696,157.917,157.396,157.756,7471199.99
16.09.2024 17:00:00.000,157.757,158.047,157.456,157.946,5666399.96
16.09.2024 18:00:00.000,157.946,158.077,157.516,157.786,6184800.15
16.09.2024 19:00:00.000,157.777,158.157,157.646,158.016,8152799.61
17.09.2024 13:00:00.000,159.006,159.907,158.486,159.666,6671999.93
17.09.2024 14:00:00.000,159.677,160.547,159.326,159.756,12643199.92
17.09.2024 15:00:00.000,159.767,159.887,159.006,159.727,8523599.62
17.09.2024 16:00:00.000,159.727,159.777,158.437,158.556,12227999.69
17.09.2024 17:00:00.000,158.556,159.207,158.356,159.167,12344400.41
17.09.2024 18:00:00.000,159.156,159.347,158.436,158.626,9904800.41
17.09.2024 19:00:00.000,158.616,159.346,158.536,159.307,11710800.17
18.09.2024 13:00:00.000,159.667,160.197,159.036,160.037,3907200.1
18.09.2024 14:00:00.000,160.047,160.166,159.256,159.567,8264399.53
18.09.2024 15:00:00.000,159.577,159.707,158.577,158.786,5495999.81
18.09.2024 16:00:00.000,158.776,159.537,158.716,159.217,3481199.98
18.09.2024 17:00:00.000,159.216,159.627,159.116,159.406,3700799.94
18.09.2024 18:00:00.000,159.406,160.446,158.876,159.427,16834800.72
18.09.2024 19:00:00.000,159.437,160.487,159.056,159.777,19526399.61
19.09.2024 13:00:00.000,163.676,163.756,161.346,161.477,6576000.21
19.09.2024 14:00:00.000,161.507,163.337,161.316,162.176,12560400.01
19.09.2024 15:00:00.000,162.186,163.227,162.127,162.806,9555600.17
19.09.2024 16:00:00.000,162.807,163.036,162.616,162.737,6764400.01
19.09.2024 17:00:00.000,162.727,163.347,162.716,163.127,6391200.07
19.09.2024 18:00:00.000,163.116,163.147,162.596,162.926,8506799.7
19.09.2024 19:00:00.000,162.917,162.977,162.066,162.147,11895600.32
20.09.2024 13:00:00.000,163.396,163.607,162.626,162.886,5441999.91
20.09.2024 14:00:00.000,162.877,163.177,162.176,162.206,11367600.44
20.09.2024 15:00:00.000,162.207,162.827,162.056,162.667,8210399.63
20.09.2024 16:00:00.000,162.657,163.157,162.506,163.096,5254799.84
20.09.2024 17:00:00.000,163.087,163.207,162.497,162.736,5739600.18
20.09.2024 18:00:00.000,162.746,162.847,162.386,162.716,6481200.22
20.09.2024 19:00:00.000,162.696,163.717,162.556,163.496,10496399.88
23.09.2024 13:00:00.000,164.346,165.447,163.696,164.187,6677999.97
23.09.2024 14:00:00.000,164.186,164.477,163.387,164.126,12412799.84
23.09.2024 15:00:00.000,164.137,164.207,163.566,163.587,10159199.71
23.09.2024 16:00:00.000,163.597,163.597,162.616,162.647,10520400.05
23.09.2024 17:00:00.000,162.647,162.936,162.186,162.817,9779999.73
23.09.2024 18:00:00.000,162.827,162.947,162.516,162.717,7612800.12
23.09.2024 19:00:00.000,162.697,162.826,161.647,161.806,8383199.69
24.09.2024 13:00:00.000,163.007,163.007,161.316,161.326,4324800.01
24.09.2024 14:00:00.000,161.336,162.697,160.677,162.656,12309599.88
24.09.2024 15:00:00.000,162.656,162.937,162.276,162.937,8842800.14
24.09.2024 16:00:00.000,162.956,163.197,162.507,162.516,7801199.91
24.09.2024 17:00:00.000,162.516,162.577,162.046,162.056,6869999.89
24.09.2024 18:00:00.000,162.047,162.447,161.897,162.326,6962399.96
24.09.2024 19:00:00.000,162.307,162.786,162.057,162.286,6206399.92
25.09.2024 13:00:00.000,161.397,162.447,161.356,162.427,5278800.01
25.09.2024 14:00:00.000,162.437,162.787,162.286,162.417,7183199.88
25.09.2024 15:00:00.000,162.396,162.636,161.696,161.857,5962800.03
25.09.2024 16:00:00.000,161.857,161.907,161.336,161.557,5223599.91
25.09.2024 17:00:00.000,161.556,162.217,161.336,162.136,6647999.76
25.09.2024 18:00:00.000,162.146,162.176,161.516,161.776,4789199.83
25.09.2024 19:00:00.000,161.776,161.837,161.296,161.477,4591199.87
26.09.2024 13:00:00.000,163.606,164.026,163.016,163.627,6521999.84
26.09.2024 14:00:00.000,163.597,163.597,162.656,162.726,13735199.93
26.09.2024 15:00:00.000,162.727,163.247,162.296,163.176,11387999.53
26.09.2024 16:00:00.000,163.176,163.197,162.656,162.687,8854800.22
26.09.2024 17:00:00.000,162.697,162.747,162.266,162.516,8244000.43
26.09.2024 18:00:00.000,162.517,162.967,162.316,162.597,7963200.09
26.09.2024 19:00:00.000,162.587,162.997,162.376,162.726,8786399.84
27.09.2024 13:00:00.000,162.807,163.946,162.606,163.927,4978799.82
27.09.2024 14:00:00.000,163.926,165.686,163.926,165.217,11745599.75
27.09.2024 15:00:00.000,165.217,165.377,163.866,164.006,11169599.53
27.09.2024 16:00:00.000,164.017,164.527,163.936,164.337,8733599.66
27.09.2024 17:00:00.000,164.346,164.617,164.256,164.587,7217999.94
27.09.2024 18:00:00.000,164.576,164.727,163.716,164.137,8497200.01
27.09.2024 19:00:00.000,164.117,164.467,163.706,163.877,9722399.71
30.09.2024 13:00:00.000,163.336,165.167,163.317,164.727,4286399.84
30.09.2024 14:00:00.000,164.716,164.716,163.576,163.627,7753200.05
30.09.2024 15:00:00.000,163.636,164.637,163.576,164.467,6494400.02
30.09.2024 16:00:00.000,164.477,164.967,164.426,164.827,4539599.9
30.09.2024 17:00:00.000,164.826,164.857,164.346,164.757,3919199.94
30.09.2024 18:00:00.000,164.747,164.807,163.816,164.417,7754399.78
30.09.2024 19:00:00.000,164.396,166.057,164.236,165.867,8036399.84
01.10.2024 13:00:00.000,167.706,169.127,165.746,166.186,7636799.81
01.10.2024 14:00:00.000,166.166,166.407,164.607,165.537,14487600.33
01.10.2024 15:00:00.000,165.547,166.317,164.586,165.886,10389599.8
01.10.2024 16:00:00.000,165.877,166.537,165.506,166.257,9883199.69
01.10.2024 17:00:00.000,166.247,167.256,165.696,167.217,10160400.39
01.10.2024 18:00:00.000,167.196,167.817,167.187,167.786,7590000.15
01.10.2024 19:00:00.000,167.787,167.896,166.787,167.017,8024399.76
02.10.2024 13:00:00.000,166.416,167.506,164.976,165.517,6653999.81
02.10.2024 14:00:00.000,165.507,165.737,164.887,165.076,10424400.33
02.10.2024 15:00:00.000,165.067,165.827,164.716,165.087,7022399.9
02.10.2024 16:00:00.000,165.097,165.587,165.027,165.416,6047999.86
02.10.2024 17:00:00.000,165.406,165.777,165.186,165.716,5544000.15
02.10.2024 18:00:00.000,165.717,165.897,165.376,165.727,4126800.06
02.10.2024 19:00:00.000,165.736,166.587,165.647,165.847,5300399.78
03.10.2024 13:00:00.000,164.356,165.087,163.906,164.796,4464000.23
03.10.2024 14:00:00.000,164.796,165.697,164.346,164.997,17122800.83
03.10.2024 15:00:00.000,164.997,166.047,164.936,165.977,10591199.87
03.10.2024 16:00:00.000,165.987,166.467,165.806,165.917,9082799.91
03.10.2024 17:00:00.000,165.917,166.627,165.737,166.066,8765999.79
03.10.2024 18:00:00.000,166.057,166.167,165.767,165.947,6052800.18
03.10.2024 19:00:00.000,165.937,166.157,165.556,165.817,7015200.14
04.10.2024 13:00:00.000,168.087,168.206,166.427,166.556,6190800.19
04.10.2024 14:00:00.000,166.576,166.917,165.627,166.277,15189599.99
04.10.2024 15:00:00.000,166.266,166.667,165.477,166.366,12730799.68
04.10.2024 16:00:00.000,166.366,166.476,165.916,166.307,8563200
04.10.2024 17:00:00.000,166.317,166.387,165.746,165.867,7664400.1
04.10.2024 18:00:00.000,165.857,166.227,165.686,166.147,6980400.09
04.10.2024 19:00:00.000,166.146,167.166,166.026,167.016,7450799.94
07.10.2024 13:00:00.000,167.656,168.437,165.876,166.036,7048799.99
07.10.2024 14:00:00.000,166.056,167.017,165.976,166.257,11680800.44
07.10.2024 15:00:00.000,166.256,166.256,165.636,165.766,9081600.19
07.10.2024 16:00:00.000,165.777,165.877,165.056,165.166,7942800.05
07.10.2024 17:00:00.000,165.167,165.326,164.526,164.846,7156799.79
07.10.2024 18:00:00.000,164.837,164.877,162.946,163.176,11041199.68
07.10.2024 19:00:00.000,163.167,163.657,162.746,162.996,11433600.43
08.10.2024 13:00:00.000,163.897,164.237,163.116,163.667,4001999.86
08.10.2024 14:00:00.000,163.717,164.716,163.707,164.047,7768799.78
08.10.2024 15:00:00.000,164.046,164.287,163.766,164.096,4889999.87
08.10.2024 16:00:00.000,164.096,164.096,163.337,163.697,4642799.85
08.10.2024 17:00:00.000,163.696,163.757,162.936,163.067,4185599.8
08.10.2024 18:00:00.000,163.066,163.367,162.856,163.287,3010799.88
08.10.2024 19:00:00.000,163.276,164.476,163.076,164.346,5205599.78
09.10.2024 13:00:00.000,163.346,164.806,161.156,161.576,6970799.92
09.10.2024 14:00:00.000,161.576,162.227,159.716,161.757,9598500.25
09.10.2024 15:00:00.000,161.756,162.096,161.026,162.066,6179399.97
09.10.2024 16:00:00.000,162.097,162.097,160.557,160.597,4761050.22
09.10.2024 17:00:00.000,160.596,160.987,160.326,160.497,4843800.07
09.10.2024 18:00:00.000,160.487,161.027,160.216,160.836,5036399.84
09.10.2024 19:00:00.000,160.837,161.956,160.527,161.816,6441299.92
10.10.2024 13:00:00.000,160.757,161.826,160.366,161.546,3587100.03
10.10.2024 14:00:00.000,161.576,162.567,161.396,161.937,6795899.87
10.10.2024 15:00:00.000,161.957,162.727,161.716,162.717,3502799.99
10.10.2024 16:00:00.000,162.726,163.057,162.366,162.557,3396600.01
10.10.2024 17:00:00.000,162.567,162.597,161.846,162.416,3307499.89
10.10.2024 18:00:00.000,162.416,162.427,161.916,162.256,2656800.03
10.10.2024 19:00:00.000,162.237,162.337,161.906,162.067,3651299.95
11.10.2024 13:00:00.000,162.086,162.427,161.216,162.366,6170730.11
11.10.2024 14:00:00.000,162.316,163.837,162.146,163.226,12751199.72
11.10.2024 15:00:00.000,163.216,163.456,162.846,163.437,7570799.83
11.10.2024 16:00:00.000,163.427,163.607,162.936,163.086,7573200.23
11.10.2024 17:00:00.000,163.096,163.497,162.957,163.187,6842400.07
11.10.2024 18:00:00.000,163.197,163.527,163.136,163.486,6255599.98
11.10.2024 19:00:00.000,163.476,163.887,162.996,163.227,7912799.84
14.10.2024 13:00:00.000,163.587,166.207,163.376,165.996,4763999.94
14.10.2024 14:00:00.000,166.007,166.086,164.667,164.717,6692399.98
14.10.2024 15:00:00.000,164.737,164.757,164.006,164.637,4596000.19
14.10.2024 16:00:00.000,164.646,164.977,164.636,164.846,2421600.1
14.10.2024 17:00:00.000,164.866,165.096,164.696,164.867,2154000.04
14.10.2024 18:00:00.000,164.857,165.117,164.766,165.086,2181600.09
14.10.2024 19:00:00.000,165.077,165.707,164.816,164.937,4829999.92
15.10.2024 13:00:00.000,165.746,166.857,165.206,166.667,3859200
15.10.2024 14:00:00.000,166.666,167.667,165.037,165.096,14135999.68
15.10.2024 15:00:00.000,165.077,166.167,164.897,165.576,8482799.53
15.10.2024 16:00:00.000,165.586,166.247,165.446,166.226,5541600.23
15.10.2024 17:00:00.000,166.236,166.327,165.166,165.466,4982399.94
15.10.2024 18:00:00.000,165.486,165.736,165.027,165.087,3892800.09
15.10.2024 19:00:00.000,165.096,165.527,164.616,165.486,7454400.06
16.10.2024 13:00:00.000,164.356,164.887,163.836,163.867,7263599.87
16.10.2024 14:00:00.000,163.877,165.786,163.727,165.196,13845600.13
16.10.2024 15:00:00.000,165.196,165.396,164.156,164.157,9104399.68
16.10.2024 16:00:00.000,164.167,164.677,164.037,164.677,8057999.61
16.10.2024 17:00:00.000,164.667,164.837,164.396,164.687,6781199.93
16.10.2024 18:00:00.000,164.687,165.127,164.596,164.826,5908800.13
16.10.2024 19:00:00.000,164.846,165.296,164.757,165.106,7547999.86
17.10.2024 13:00:00.000,165.676,166.287,164.206,164.296,5668799.88
17.10.2024 14:00:00.000,164.316,164.577,163.297,163.466,7935599.8
17.10.2024 15:00:00.000,163.476,164.957,163.326,164.936,5198400.02
17.10.2024 16:00:00.000,164.926,165.046,164.366,164.826,3128400.09
17.10.2024 17:00:00.000,164.836,165.066,163.517,163.636,5454000
17.10.2024 18:00:00.000,163.636,163.637,162.956,163.606,3914400.1
17.10.2024 19:00:00.000,163.607,163.636,162.746,162.907,4261199.95
18.10.2024 13:00:00.000,163.556,164.507,162.996,163.936,2596800.09
18.10.2024 14:00:00.000,163.917,164.687,163.426,163.436,5360400.2
18.10.2024 15:00:00.000,163.447,163.787,163.206,163.277,3874799.97
18.10.2024 16:00:00.000,163.277,164.077,163.206,163.866,2841599.94
18.10.2024 17:00:00.000,163.857,163.956,163.396,163.537,2810400.01
18.10.2024 18:00:00.000,163.516,163.897,163.336,163.887,2947200.06
18.10.2024 19:00:00.000,163.876,163.957,163.256,163.377,3687599.9
21.10.2024 13:00:00.000,163.087,164.157,162.856,163.867,6002399.92
21.10.2024 14:00:00.000,163.876,164.487,163.187,163.366,10949999.81
21.10.2024 15:00:00.000,163.366,163.527,162.607,163.457,10093199.73
21.10.2024 16:00:00.000,163.456,163.757,163.407,163.667,6339600.09
21.10.2024 17:00:00.000,163.667,164.207,163.646,164.096,4888800.14
21.10.2024 18:00:00.000,164.096,164.137,163.746,163.806,5223599.91
21.10.2024 19:00:00.000,163.806,164.177,163.636,164.067,6843599.8
22.10.2024 13:00:00.000,162.966,165.247,162.966,165.236,4854000.09
22.10.2024 14:00:00.000,165.276,165.757,164.847,165.007,7415999.89
22.10.2024 15:00:00.000,165.007,165.047,164.396,164.396,3440399.89
22.10.2024 16:00:00.000,164.397,164.637,163.976,164.587,2951999.9
22.10.2024 17:00:00.000,164.597,165.056,164.306,165.037,2773200.04
22.10.2024 18:00:00.000,165.027,165.187,164.536,164.596,3055200.1
22.10.2024 19:00:00.000,164.597,165.256,164.536,165.137,3061199.9
23.10.2024 13:00:00.000,164.707,165.776,164.296,164.627,5122799.87
23.10.2024 14:00:00.000,164.627,164.677,163.747,163.817,6835199.83
23.10.2024 15:00:00.000,163.836,163.866,162.166,162.817,6164400.1
23.10.2024 16:00:00.000,162.806,163.067,162.346,162.886,6085199.83
23.10.2024 17:00:00.000,162.876,162.896,162.167,162.266,5295599.94
23.10.2024 18:00:00.000,162.246,162.697,161.907,162.587,4474800.11
23.10.2024 19:00:00.000,162.587,162.976,162.417,162.766,5212800.03
24.10.2024 13:00:00.000,162.777,163.137,160.996,162.056,5316899.78
24.10.2024 14:00:00.000,162.087,162.726,161.866,162.536,6115499.97
24.10.2024 15:00:00.000,162.526,162.887,162.037,162.887,4078800.2
24.10.2024 16:00:00.000,162.886,163.317,162.546,163.196,3438899.99
24.10.2024 17:00:00.000,163.206,163.296,162.896,163.016,1907099.96
24.10.2024 18:00:00.000,163.017,163.136,162.656,162.716,1817100.05
24.10.2024 19:00:00.000,162.717,163.177,162.456,162.657,2994299.89
25.10.2024 13:00:00.000,163.497,165.437,163.396,165.257,4056600.09
25.10.2024 14:00:00.000,165.286,165.577,164.656,164.946,9999899.86
25.10.2024 15:00:00.000,164.956,165.437,164.727,164.897,9302399.64
25.10.2024 16:00:00.000,164.896,165.496,164.786,165.317,7209599.97
25.10.2024 17:00:00.000,165.296,165.367,164.376,164.406,9969599.72
25.10.2024 18:00:00.000,164.407,165.277,164.196,165.126,10701600.07
25.10.2024 19:00:00.000,165.117,165.377,164.816,165.227,8986800.19
28.10.2024 13:00:00.000,168.617,168.696,166.256,167.006,5828400.14
28.10.2024 14:00:00.000,166.977,168.056,166.916,167.266,7090799.81
28.10.2024 15:00:00.000,167.286,167.347,163.936,166.807,9730799.68
28.10.2024 16:00:00.000,166.796,166.877,166.106,166.577,5532000.06
28.10.2024 17:00:00.000,166.587,166.946,166.336,166.846,3634799.96
28.10.2024 18:00:00.000,166.836,167.347,166.716,167.167,3998399.97
28.10.2024 19:00:00.000,167.167,167.287,166.666,166.716,5118000.03
29.10.2024 13:00:00.000,167.596,168.346,167.067,167.986,5887199.88
29.10.2024 14:00:00.000,167.996,168.947,167.427,168.927,7372799.87
29.10.2024 15:00:00.000,168.936,169.107,168.197,168.516,5142000.2
29.10.2024 16:00:00.000,168.526,169.237,168.307,169.207,4342800.14
29.10.2024 17:00:00.000,169.207,169.796,169.196,169.507,4442399.98
29.10.2024 18:00:00.000,169.497,169.976,169.416,169.757,3532799.96
29.10.2024 19:00:00.000,169.736,170.367,169.356,169.606,6110400.2
30.10.2024 13:00:00.000,180.776,181.977,177.376,179.046,11427599.91
30.10.2024 14:00:00.000,179.046,181.066,178.226,179.107,12494400.02
30.10.2024 15:00:00.000,179.107,179.827,178.106,178.817,9796799.66
30.10.2024 16:00:00.000,178.806,179.447,177.716,177.747,7201200.01
30.10.2024 17:00:00.000,177.736,177.897,175.897,176.177,7675199.99
30.10.2024 18:00:00.000,176.167,177.036,176.166,176.707,6130799.77
30.10.2024 19:00:00.000,176.716,176.827,174.046,174.457,9411600.11
31.10.2024 13:00:00.000,173.017,176.796,172.997,174.627,8722800.25
31.10.2024 14:00:00.000,174.656,176.206,173.426,174.016,15016799.93
31.10.2024 15:00:00.000,174.007,174.996,173.516,174.267,10741200.45
31.10.2024 16:00:00.000,174.256,174.947,171.626,172.457,11708399.77
31.10.2024 17:00:00.000,172.436,172.817,171.186,171.397,6961200.24
31.10.2024 18:00:00.000,171.427,172.096,171.146,171.287,7199999.81
31.10.2024 19:00:00.000,171.286,172.397,171.006,171.056,9899999.62
01.11.2024 13:00:00.000,169.927,172.307,168.846,171.807,7394400.12
01.11.2024 14:00:00.000,171.816,171.886,170.307,171.417,16347600.94
01.11.2024 15:00:00.000,171.407,171.647,170.856,171.367,13000800.13
01.11.2024 16:00:00.000,171.366,172.166,171.306,172.047,10898400.31
01.11.2024 17:00:00.000,172.057,172.147,171.066,171.116,13380000.11
01.11.2024 18:00:00.000,171.117,171.406,170.846,171.136,10331999.78
01.11.2024 19:00:00.000,171.117,172.007,170.846,171.266,13509599.69
04.11.2024 14:00:00.000,169.797,170.637,168.076,169.146,5553599.83
04.11.2024 15:00:00.000,169.186,169.786,168.996,169.517,6393599.99
04.11.2024 16:00:00.000,169.516,169.737,168.006,168.316,6007199.76
04.11.2024 17:00:00.000,168.316,169.267,168.036,169.226,5096399.78
04.11.2024 18:00:00.000,169.226,169.697,169.046,169.346,4697999.95
04.11.2024 19:00:00.000,169.346,169.746,169.346,169.537,3354000.09
04.11.2024 20:00:00.000,169.526,169.657,168.986,169.267,5953199.86
05.11.2024 14:00:00.000,169.347,170.037,168.826,169.687,6073200.23
05.11.2024 15:00:00.000,169.717,170.087,169.087,169.316,8024399.76
05.11.2024 16:00:00.000,169.307,169.956,169.216,169.496,5740799.9
05.11.2024 17:00:00.000,169.507,170.516,169.506,170.227,4867199.9
05.11.2024 18:00:00.000,170.227,170.377,169.616,169.686,4421999.93
05.11.2024 19:00:00.000,169.676,169.997,169.577,169.787,4308000.09
05.11.2024 20:00:00.000,169.767,170.037,169.336,169.706,5641200.07
06.11.2024 14:00:00.000,173.746,175.546,173.476,174.686,9835200.31
06.11.2024 15:00:00.000,174.706,176.576,174.527,175.026,16660800.93
06.11.2024 16:00:00.000,175.036,175.797,174.617,175.486,11946000.1
06.11.2024 17:00:00.000,175.486,175.547,175.016,175.017,9290399.55
06.11.2024 18:00:00.000,175.016,176.097,174.986,175.976,8609999.66
06.11.2024 19:00:00.000,175.977,176.477,175.906,176.417,8044799.8
06.11.2024 20:00:00.000,176.407,176.866,176.086,176.477,11938799.86
07.11.2024 14:00:00.000,177.346,179.257,177.166,178.366,5175600.05
07.11.2024 15:00:00.000,178.367,178.766,177.617,178.756,8055600.17
07.11.2024 16:00:00.000,178.767,179.946,178.647,179.927,4826399.8
07.11.2024 17:00:00.000,179.927,179.956,179.156,179.556,4472400.19
07.11.2024 18:00:00.000,179.577,179.746,179.246,179.717,4210800.17
07.11.2024 19:00:00.000,179.716,180.827,179.597,180.806,5929200.17
07.11.2024 20:00:00.000,180.807,181.067,180.417,180.737,7271999.84
08.11.2024 14:00:00.000,180.526,180.837,178.937,179.267,4170000.08
08.11.2024 15:00:00.000,179.277,179.836,178.246,178.307,5919600.01
08.11.2024 16:00:00.000,178.317,179.077,178.066,179.036,3852000
08.11.2024 17:00:00.000,179.047,179.096,178.696,178.896,2752799.99
08.11.2024 18:00:00.000,178.907,178.947,178.276,178.897,2564399.96
08.11.2024 19:00:00.000,178.886,179.267,178.567,179.207,2036400.08
08.11.2024 20:00:00.000,179.197,179.227,178.176,178.296,4940400.12
11.11.2024 14:00:00.000,178.577,179.707,178.456,179.506,6727200.03
11.11.2024 15:00:00.000,179.507,180.207,179.357,179.686,11522399.9
11.11.2024 16:00:00.000,179.696,180.106,179.307,179.916,8179200.17
11.11.2024 17:00:00.000,179.906,180.256,179.757,179.886,8057999.61
11.11.2024 18:00:00.000,179.856,180.267,179.377,180.266,7513199.81
11.11.2024 19:00:00.000,180.246,180.536,180.156,180.257,6973199.84
11.11.2024 20:00:00.000,180.267,180.427,179.976,180.357,8716799.74
12.11.2024 14:00:00.000,179.706,181.807,179.316,181.757,6109200
12.11.2024 15:00:00.000,181.757,181.846,179.526,179.717,12421199.8
12.11.2024 16:00:00.000,179.727,180.196,179.446,180.057,10331999.78
12.11.2024 17:00:00.000,180.047,181.157,179.896,180.477,9304800.03
12.11.2024 18:00:00.000,180.476,181.347,180.366,181.267,10447199.82
12.11.2024 19:00:00.000,181.257,182.207,181.236,182.007,8444399.83
12.11.2024 20:00:00.000,181.996,182.477,181.156,181.657,10421999.93
13.11.2024 14:00:00.000,180.397,180.837,179.106,179.477,4495200.16
13.11.2024 15:00:00.000,179.476,179.647,178.766,179.246,6619200.23
13.11.2024 16:00:00.000,179.256,179.776,179.107,179.427,4380000.11
13.11.2024 17:00:00.000,179.416,180.127,179.167,179.337,4141200.07
13.11.2024 18:00:00.000,179.336,179.967,179.006,179.866,2808000.09
13.11.2024 19:00:00.000,179.857,179.916,179.126,179.167,4916399.96
13.11.2024 20:00:00.000,179.166,179.387,178.556,178.876,6986400.13
14.11.2024 14:00:00.000,178.216,178.756,176.206,176.406,6133200.17
14.11.2024 15:00:00.000,176.397,177.037,175.716,175.846,12960000.04
14.11.2024 16:00:00.000,175.847,175.886,174.356,174.576,11020799.64
14.11.2024 17:00:00.000,174.576,175.176,174.316,175.117,11624400.14
14.11.2024 18:00:00.000,175.107,175.487,174.746,174.786,10048800.47
14.11.2024 19:00:00.000,174.787,175.617,174.766,175.417,9711600.3
14.11.2024 20:00:00.000,175.406,175.977,175.106,175.566,17591999.05
15.11.2024 14:00:00.000,173.767,174.086,172.907,173.436,5943600.18
15.11.2024 15:00:00.000,173.416,173.707,171.486,171.617,13512000.08
15.11.2024 16:00:00.000,171.607,172.306,171.327,172.016,9627599.72
15.11.2024 17:00:00.000,172.006,172.247,171.507,171.896,8287199.97
15.11.2024 18:00:00.000,171.886,172.167,171.196,171.497,7137599.95
15.11.2024 19:00:00.000,171.506,172.267,171.487,171.986,6315599.92
15.11.2024 20:00:00.000,171.976,172.686,171.626,172.467,9279600.14
18.11.2024 14:00:00.000,173.457,173.867,172.876,173.247,3875999.93
18.11.2024 15:00:00.000,173.246,174.167,172.896,174.076,6386400.22
18.11.2024 16:00:00.000,174.116,174.587,173.916,174.397,5215199.95
18.11.2024 17:00:00.000,174.396,174.407,173.406,173.937,4952400.21
18.11.2024 18:00:00.000,173.936,175.317,173.906,174.757,4360799.79
18.11.2024 19:00:00.000,174.737,175.237,174.456,175.206,4273200.04
18.11.2024 20:00:00.000,175.216,175.417,175.006,175.286,6201600.07
19.11.2024 14:00:00.000,173.637,177.077,173.547,175.946,5738399.98
19.11.2024 15:00:00.000,175.936,176.077,174.636,175.896,7441199.78
19.11.2024 16:00:00.000,175.896,177.146,175.876,176.837,4122000.22
19.11.2024 17:00:00.000,176.866,177.207,176.356,177.147,3796799.9
19.11.2024 18:00:00.000,177.167,178.366,177.026,178.006,3057600.02
19.11.2024 19:00:00.000,178.017,178.387,177.436,177.857,3519599.91
19.11.2024 20:00:00.000,177.867,178.856,177.546,178.097,4992000.1
20.11.2024 14:00:00.000,177.257,177.597,175.176,175.206,4719600.2
20.11.2024 15:00:00.000,175.226,175.567,173.757,174.967,10184399.6
20.11.2024 16:00:00.000,174.947,175.577,174.307,175.396,7277999.88
20.11.2024 17:00:00.000,175.396,175.606,174.586,174.746,6140399.93
20.11.2024 18:00:00.000,174.767,175.167,174.456,174.766,4765200.14
20.11.2024 19:00:00.000,174.736,175.047,174.496,174.637,4483200.07
20.11.2024 20:00:00.000,174.636,175.996,174.446,175.936,7336800.1
21.11.2024 14:00:00.000,173.846,174.017,166.846,167.366,9951600.07
21.11.2024 15:00:00.000,167.366,167.477,163.687,165.276,14802000.05
21.11.2024 16:00:00.000,165.287,165.456,163.946,164.626,11655599.59
21.11.2024 17:00:00.000,164.637,166.787,164.616,166.346,8792400.36
21.11.2024 18:00:00.000,166.336,167.046,165.557,165.996,6721199.99
21.11.2024 19:00:00.000,165.996,166.586,165.396,166.396,6142799.85
21.11.2024 20:00:00.000,166.396,168.067,166.316,167.616,7834799.77
22.11.2024 14:00:00.000,165.297,166.436,163.877,165.917,8312399.86
22.11.2024 15:00:00.000,165.927,166.067,164.706,165.486,11995200.16
22.11.2024 16:00:00.000,165.486,165.517,164.316,164.427,9004799.84
22.11.2024 17:00:00.000,164.437,165.306,164.346,165.096,5707200.05
22.11.2024 18:00:00.000,165.087,165.566,164.706,164.886,4852799.89
22.11.2024 19:00:00.000,164.916,165.217,164.706,165.136,4320000.17
22.11.2024 20:00:00.000,165.127,165.367,164.676,164.706,5859600.07
25.11.2024 14:00:00.000,165.927,168.597,165.596,167.747,7450799.94
25.11.2024 15:00:00.000,167.746,168.406,167.146,167.507,8632800.1
25.11.2024 16:00:00.000,167.526,168.207,167.386,167.547,5689199.92
25.11.2024 17:00:00.000,167.557,167.597,166.177,166.707,6979199.89
25.11.2024 18:00:00.000,166.716,167.727,166.646,167.406,4105199.81
25.11.2024 19:00:00.000,167.407,167.507,167.017,167.467,3459599.97
25.11.2024 20:00:00.000,167.466,167.977,167.076,167.606,5912399.77
26.11.2024 14:00:00.000,167.557,169.087,167.557,168.906,5323400.02
26.11.2024 15:00:00.000,168.887,168.996,167.676,168.297,6754000.19
26.11.2024 16:00:00.000,168.306,169.137,168.297,169.057,4701000.21
26.11.2024 17:00:00.000,169.057,169.527,168.826,169.497,3121000.05
26.11.2024 18:00:00.000,169.497,169.807,169.276,169.586,2450000.05
26.11.2024 19:00:00.000,169.556,169.727,169.106,169.467,3599999.9
26.11.2024 20:00:00.000,169.467,169.577,169.027,169.037,5087999.82
27.11.2024 14:00:00.000,169.037,169.437,167.996,168.977,3875999.93
27.11.2024 15:00:00.000,168.967,169.177,168.507,168.897,8237000.47
27.11.2024 16:00:00.000,168.896,169.267,168.556,168.826,6502999.78
27.11.2024 17:00:00.000,168.836,169.077,168.436,168.936,4743000.03
27.11.2024 18:00:00.000,168.916,169.467,168.886,169.156,3575000.05
27.11.2024 19:00:00.000,169.147,169.316,168.996,168.996,3094000.1
27.11.2024 20:00:00.000,168.997,169.407,168.997,169.207,3782000.06
29.11.2024 14:00:00.000,168.536,168.807,167.156,168.386,3403000.12
29.11.2024 15:00:00.000,168.377,168.787,167.866,168.266,5310999.87
29.11.2024 16:00:00.000,168.266,169.137,168.256,168.997,3716000.08
29.11.2024 17:00:00.000,168.996,169.306,168.426,168.937,4644000.05
02.12.2024 14:00:00.000,168.826,171.206,168.506,171.126,4315999.98
02.12.2024 15:00:00.000,171.147,171.966,170.796,170.967,6172999.86
02.12.2024 16:00:00.000,170.976,171.767,170.667,171.747,3601000.07
02.12.2024 17:00:00.000,171.747,171.957,171.366,171.416,2536000.01
02.12.2024 18:00:00.000,171.407,171.496,171.016,171.416,1963999.99
02.12.2024 19:00:00.000,171.386,171.537,171.166,171.356,2117000.1
02.12.2024 20:00:00.000,171.346,172.057,171.006,171.437,3796999.93
03.12.2024 14:00:00.000,171.447,172.626,171.066,171.606,3171999.93
03.12.2024 15:00:00.000,171.607,172.197,170.876,171.676,5236999.99
03.12.2024 16:00:00.000,171.667,172.157,171.546,171.597,3371999.98
03.12.2024 17:00:00.000,171.596,171.677,171.056,171.377,2046999.93
03.12.2024 18:00:00.000,171.366,171.497,171.037,171.207,1597000
03.12.2024 19:00:00.000,171.206,171.436,171.097,171.377,1498999.95
03.12.2024 20:00:00.000,171.376,171.407,170.846,171.257,3516999.96
04.12.2024 14:00:00.000,171.046,173.246,171.046,173.067,3986000.06
04.12.2024 15:00:00.000,173.077,174.096,172.216,173.957,9373000.15
04.12.2024 16:00:00.000,173.957,174.047,173.316,173.527,4689000.13
04.12.2024 17:00:00.000,173.556,174.037,172.826,173.986,4190999.98
04.12.2024 18:00:00.000,173.997,174.597,173.956,174.367,4333000.18
04.12.2024 19:00:00.000,174.356,174.676,174.206,174.666,3977999.93
04.12.2024 20:00:00.000,174.637,174.877,174.166,174.347,5090000.15
05.12.2024 14:00:00.000,175.436,175.977,173.866,174.306,3160000.09
05.12.2024 15:00:00.000,174.347,174.867,173.406,173.697,4710999.97
05.12.2024 16:00:00.000,173.717,174.117,173.456,173.667,3095999.96
05.12.2024 17:00:00.000,173.626,174.057,173.326,173.367,2250000
05.12.2024 18:00:00.000,173.367,173.827,173.166,173.607,2477000
05.12.2024 19:00:00.000,173.607,173.687,173.216,173.306,1957000.02
05.12.2024 20:00:00.000,173.287,173.406,172.317,172.637,4098000.05
06.12.2024 14:00:00.000,172.096,174.107,171.606,173.797,3177000.05
06.12.2024 15:00:00.000,173.816,174.607,173.586,174.097,4322999.95
06.12.2024 16:00:00.000,174.096,175.076,174.056,174.686,3153000.12
06.12.2024 17:00:00.000,174.707,174.777,174.276,174.597,2227999.93
06.12.2024 18:00:00.000,174.577,175.017,174.496,174.757,2105000.02
06.12.2024 19:00:00.000,174.756,174.836,174.246,174.486,1968999.98
06.12.2024 20:00:00.000,174.457,174.867,174.276,174.697,3016999.96
09.12.2024 14:00:00.000,173.896,175.317,173.567,174.706,2700000.05
09.12.2024 15:00:00.000,174.717,175.006,173.926,174.276,5521999.84
09.12.2024 16:00:00.000,174.307,176.037,174.176,175.827,4903999.81
09.12.2024 17:00:00.000,175.827,176.257,175.627,175.946,2989000.08
09.12.2024 18:00:00.000,175.947,176.136,175.636,175.786,2575000.05
09.12.2024 19:00:00.000,175.787,175.836,174.846,175.246,2997999.91
09.12.2024 20:00:00.000,175.246,175.567,174.917,175.397,5034999.85
10.12.2024 14:00:00.000,182.777,186.296,181.556,184.107,8798999.79
10.12.2024 15:00:00.000,184.117,185.457,181.846,181.997,9479000.09
10.12.2024 16:00:00.000,181.997,183.227,181.016,183.137,7050000.19
10.12.2024 17:00:00.000,183.147,184.047,182.876,183.567,5215000.15
10.12.2024 18:00:00.000,183.556,184.846,183.516,184.536,4196000.1
10.12.2024 19:00:00.000,184.547,184.997,183.676,184.326,4443999.77
10.12.2024 20:00:00.000,184.326,185.397,183.766,185.206,6183000.09
11.12.2024 14:00:00.000,185.316,192.967,184.827,192.956,7743999.96
11.12.2024 15:00:00.000,192.946,193.657,191.566,193.087,12289600.37
11.12.2024 16:00:00.000,193.067,193.096,191.096,192.626,8631600.38
11.12.2024 17:00:00.000,192.636,195.407,192.566,194.877,8852399.83
11.12.2024 18:00:00.000,194.836,194.916,193.217,193.477,6175199.99
11.12.2024 19:00:00.000,193.477,193.826,192.407,193.047,5095200.06
11.12.2024 20:00:00.000,193.027,195.577,193.007,195.387,8000399.59
12.12.2024 14:00:00.000,194.667,195.157,193.336,194.157,5774400.23
12.12.2024 15:00:00.000,194.157,194.897,192.446,193.707,7722000.12
12.12.2024 16:00:00.000,193.716,194.976,193.556,194.227,5495999.81
12.12.2024 17:00:00.000,194.226,195.076,194.106,194.677,3979199.89
12.12.2024 18:00:00.000,194.697,194.737,193.776,194.277,3082799.91
12.12.2024 19:00:00.000,194.307,194.486,193.037,193.426,3322799.92
12.12.2024 20:00:00.000,193.427,193.776,191.696,191.877,6212399.96
13.12.2024 14:00:00.000,191.097,192.697,190.876,191.846,5013599.87
13.12.2024 15:00:00.000,191.876,191.977,190.596,190.727,10206000.33
13.12.2024 16:00:00.000,190.706,191.487,190.096,191.116,8822400.09
13.12.2024 17:00:00.000,191.097,191.706,190.896,190.987,6432000.16
13.12.2024 18:00:00.000,190.997,191.467,190.796,191.446,5083199.98
13.12.2024 19:00:00.000,191.456,191.657,190.916,191.037,4306799.89
13.12.2024 20:00:00.000,191.026,191.127,189.616,189.777,6292799.95
16.12.2024 14:00:00.000,192.806,196.106,192.596,194.386,6015600.2
16.12.2024 15:00:00.000,194.386,197.586,192.796,196.627,8758799.55
16.12.2024 16:00:00.000,196.607,197.936,196.456,197.076,5954400.06
16.12.2024 17:00:00.000,197.136,198.246,196.996,198.027,4868400.1
16.12.2024 18:00:00.000,198.006,198.967,197.656,198.877,4816800.12
16.12.2024 19:00:00.000,198.816,198.856,197.237,197.407,3447599.89
16.12.2024 20:00:00.000,197.406,198.357,196.066,196.627,7088399.89
17.12.2024 14:00:00.000,197.076,201.407,196.947,199.837,8365200.04
17.12.2024 15:00:00.000,199.847,200.237,195.746,197.087,12635999.68
17.12.2024 16:00:00.000,197.087,198.187,196.616,196.886,8406000.14
17.12.2024 17:00:00.000,196.877,197.167,195.916,197.106,6883200.17
17.12.2024 18:00:00.000,197.067,197.977,196.687,197.296,6028800.01
17.12.2024 19:00:00.000,197.296,197.307,195.896,195.907,5144400.12
17.12.2024 20:00:00.000,195.897,196.127,194.976,195.336,8764800.07
18.12.2024 14:00:00.000,195.097,196.947,193.246,194.957,5000400.07
18.12.2024 15:00:00.000,194.956,196.126,194.096,195.446,5529600.14
18.12.2024 16:00:00.000,195.446,195.946,194.907,195.547,4889999.87
18.12.2024 17:00:00.000,195.526,195.927,195.296,195.547,3720000.03
18.12.2024 18:00:00.000,195.547,195.687,195.196,195.207,3110399.96
18.12.2024 19:00:00.000,195.217,195.217,192.026,192.166,10093199.73
18.12.2024 20:00:00.000,192.167,192.447,187.676,188.247,18788400.65
19.12.2024 14:00:00.000,191.577,192.977,190.296,191.387,9106800.08
19.12.2024 15:00:00.000,191.396,192.177,189.297,190.936,15510000.23
19.12.2024 16:00:00.000,190.926,191.556,189.866,191.226,12881999.97
19.12.2024 17:00:00.000,191.237,191.336,189.806,190.917,12062399.86
19.12.2024 18:00:00.000,190.916,190.966,190.146,190.947,10472399.71
19.12.2024 19:00:00.000,190.947,191.007,189.747,189.837,9901200.29
19.12.2024 20:00:00.000,189.826,190.076,188.366,188.506,16376399.99
20.12.2024 14:00:00.000,185.767,186.986,185.196,185.857,7360799.79
20.12.2024 15:00:00.000,185.856,189.577,185.786,188.967,13264800.07
20.12.2024 16:00:00.000,188.987,192.227,188.896,192.027,10498399.73
20.12.2024 17:00:00.000,192.056,192.377,191.647,192.106,7011000.16
20.12.2024 18:00:00.000,192.107,192.217,190.706,191.646,7074999.81
20.12.2024 19:00:00.000,191.657,192.877,191.226,192.356,5915999.89
20.12.2024 20:00:00.000,192.357,192.587,190.736,191.476,11109000.21
23.12.2024 14:00:00.000,192.586,193.917,191.196,192.077,5400000.1
23.12.2024 15:00:00.000,192.037,192.107,190.126,191.326,8279000.28
23.12.2024 16:00:00.000,191.287,194.047,191.277,193.797,5889999.87
23.12.2024 17:00:00.000,193.796,194.126,193.196,193.487,5140999.79
23.12.2024 18:00:00.000,193.507,194.406,193.396,194.117,4111999.99
23.12.2024 19:00:00.000,194.087,194.786,194.036,194.146,3542000.06
23.12.2024 20:00:00.000,194.156,195.076,193.696,194.537,7341000.08
24.12.2024 14:00:00.000,194.977,195.506,193.746,195.346,3844000.1
24.12.2024 15:00:00.000,195.347,195.837,194.706,195.586,7132999.9
24.12.2024 16:00:00.000,195.577,195.787,195.186,195.357,5238999.84
24.12.2024 17:00:00.000,195.356,195.987,195.046,195.957,7144000.05
26.12.2024 14:00:00.000,195.196,195.807,194.326,195.097,3204999.92
26.12.2024 15:00:00.000,195.136,196.637,194.977,196.526,5000000
26.12.2024 16:00:00.000,196.556,196.717,195.626,195.956,4224999.9
26.12.2024 17:00:00.000,195.957,196.137,195.337,195.746,3812999.96
26.12.2024 18:00:00.000,195.747,196.247,195.726,195.927,4151999.95
26.12.2024 19:00:00.000,195.926,196.376,195.726,196.286,4690000.06
26.12.2024 20:00:00.000,196.286,196.506,195.486,195.567,6298999.79
27.12.2024 14:00:00.000,194.887,195.167,192.386,193.067,4817999.84
27.12.2024 15:00:00.000,193.066,193.167,190.656,191.706,11074999.81
27.12.2024 16:00:00.000,191.697,192.187,190.856,191.056,9836999.89
27.12.2024 17:00:00.000,191.037,191.327,190.627,191.106,7869999.89
27.12.2024 18:00:00.000,191.087,192.797,191.056,192.707,6666999.82
27.12.2024 19:00:00.000,192.687,193.236,192.366,193.016,6297999.86
27.12.2024 20:00:00.000,193.007,193.257,192.046,192.696,10324999.81
30.12.2024 14:00:00.000,189.506,190.767,189.006,190.026,4741000.18
30.12.2024 15:00:00.000,189.997,191.596,189.706,190.996,11315999.98
30.12.2024 16:00:00.000,190.976,191.787,190.676,191.497,9307000.16
30.12.2024 17:00:00.000,191.476,192.517,191.366,192.397,8331000.33
30.12.2024 18:00:00.000,192.386,192.527,191.726,192.277,8637999.53
30.12.2024 19:00:00.000,192.266,192.407,191.646,192.297,8272999.76
30.12.2024 20:00:00.000,192.307,192.407,191.186,191.197,10659999.85
31.12.2024 14:00:00.000,190.957,191.907,190.616,191.707,4770999.91
31.12.2024 15:00:00.000,191.706,191.926,190.776,191.346,9241000.18
31.12.2024 16:00:00.000,191.366,191.386,190.497,190.737,8522000.31
31.12.2024 17:00:00.000,190.747,190.867,189.696,190.447,8385999.68
31.12.2024 18:00:00.000,190.446,190.566,189.427,189.556,9107999.8
31.12.2024 19:00:00.000,189.547,190.337,189.476,190.016,8491999.63
31.12.2024 20:00:00.000,189.996,190.457,188.496,189.087,12321999.55
02.01.2025 14:00:00.000,190.537,191.246,188.436,191.057,6337999.82
02.01.2025 15:00:00.000,191.046,191.966,189.446,190.146,11871000.29
02.01.2025 16:00:00.000,190.147,190.807,189.396,190.197,8501000.4
02.01.2025 17:00:00.000,190.197,190.627,187.466,188.497,11480999.95
02.01.2025 18:00:00.000,188.506,188.856,187.986,188.676,11114000.32
02.01.2025 19:00:00.000,188.667,189.277,188.466,188.506,8696000.1
02.01.2025 20:00:00.000,188.517,189.537,188.506,189.446,10694999.69
03.01.2025 14:00:00.000,191.396,193.176,191.066,191.436,8012000.08
03.01.2025 15:00:00.000,191.447,191.927,189.957,190.726,13944000.24
03.01.2025 16:00:00.000,190.737,192.406,190.296,192.017,8694999.69
03.01.2025 17:00:00.000,192.026,192.427,191.626,191.926,5784999.85
03.01.2025 18:00:00.000,191.897,192.357,191.736,191.866,4231999.87
03.01.2025 19:00:00.000,191.866,192.676,191.817,192.277,3934999.94
03.01.2025 20:00:00.000,192.257,192.257,191.366,191.737,6635000.23
06.01.2025 14:00:00.000,193.836,198.177,193.836,195.587,7418000.22
06.01.2025 15:00:00.000,195.577,197.457,195.096,197.286,10241000.18
06.01.2025 16:00:00.000,197.297,198.077,197.236,197.687,6071000.1
06.01.2025 17:00:00.000,197.686,197.867,197.167,197.437,6212999.82
06.01.2025 18:00:00.000,197.456,197.766,196.576,196.576,7219999.79
06.01.2025 19:00:00.000,196.607,196.687,195.396,195.467,7007999.9
06.01.2025 20:00:00.000,195.466,196.947,195.327,196.886,9008000.37
07.01.2025 14:00:00.000,198.507,200.967,198.507,200.497,3165999.89
07.01.2025 15:00:00.000,200.286,200.337,196.286,198.236,16524999.62
07.01.2025 16:00:00.000,198.237,198.377,195.866,196.007,14538000.11
07.01.2025 17:00:00.000,196.007,196.776,195.266,195.767,9097000.12
07.01.2025 18:00:00.000,195.737,196.377,195.536,196.047,7565000.06
07.01.2025 19:00:00.000,196.046,196.536,195.776,195.927,5443999.77
07.01.2025 20:00:00.000,195.926,196.297,194.586,195.537,11416999.82
08.01.2025 14:00:00.000,192.506,195.407,192.316,195.266,9123999.6
08.01.2025 15:00:00.000,195.267,196.277,193.966,194.436,13053000.45
08.01.2025 16:00:00.000,194.437,195.447,193.616,195.327,9100000.38
08.01.2025 17:00:00.000,195.337,195.447,193.916,194.727,10642000.2
08.01.2025 18:00:00.000,194.716,195.846,194.636,194.806,8708999.63
08.01.2025 19:00:00.000,194.846,195.657,194.316,194.477,10437000.27
08.01.2025 20:00:00.000,194.467,194.567,193.426,193.877,9425000.19
10.01.2025 14:00:00.000,193.726,196.376,191.546,191.927,8531000.14
10.01.2025 15:00:00.000,191.857,194.396,190.296,193.476,15675000.19
10.01.2025 16:00:00.000,193.516,193.647,192.006,192.266,10314000.13
10.01.2025 17:00:00.000,192.276,193.607,191.496,193.566,6841000.08
10.01.2025 18:00:00.000,193.546,194.937,193.046,194.867,6136000.16
10.01.2025 19:00:00.000,194.877,194.887,193.057,193.277,6191999.91
10.01.2025 20:00:00.000,193.257,193.367,191.657,192.027,9005000.11
13.01.2025 14:00:00.000,190.187,190.536,187.356,189.326,7862999.92
13.01.2025 15:00:00.000,189.327,190.237,188.926,189.597,10963999.75
13.01.2025 16:00:00.000,189.596,190.147,188.796,188.916,8616000.18
13.01.2025 17:00:00.000,188.917,190.147,188.826,190.066,8387999.53
13.01.2025 18:00:00.000,190.067,190.596,189.767,190.567,6215000.15
13.01.2025 19:00:00.000,190.567,191.017,190.286,190.766,5452000.14
13.01.2025 20:00:00.000,190.757,191.167,190.446,190.947,6224999.9
14.01.2025 14:00:00.000,191.226,191.947,190.396,190.766,5205999.85
14.01.2025 15:00:00.000,190.766,191.906,190.456,190.847,8255000.11
14.01.2025 16:00:00.000,190.867,191.107,189.256,189.276,9079999.92
14.01.2025 17:00:00.000,189.277,189.877,188.967,189.246,7412000.18
14.01.2025 18:00:00.000,189.247,190.577,189.126,190.437,6257999.9
14.01.2025 19:00:00.000,190.407,190.587,189.036,189.086,6145999.91
14.01.2025 20:00:00.000,189.096,189.656,188.276,189.626,11906000.14
15.01.2025 14:00:00.000,192.997,193.587,191.837,192.897,4315999.98
15.01.2025 15:00:00.000,193.086,194.756,193.016,193.727,8621999.74
15.01.2025 16:00:00.000,193.707,194.657,193.327,193.417,6855000.02
15.01.2025 17:00:00.000,193.417,194.326,193.276,194.086,5247000.22
15.01.2025 18:00:00.000,194.086,195.466,194.086,195.357,3941999.91
15.01.2025 19:00:00.000,195.347,196.327,195.306,195.907,3816999.91
15.01.2025 20:00:00.000,195.897,196.017,195.366,195.477,5126999.86
16.01.2025 14:00:00.000,194.196,195.007,193.416,194.086,3707999.94
16.01.2025 15:00:00.000,194.076,195.217,193.556,195.217,6907999.99
16.01.2025 16:00:00.000,195.217,195.467,194.426,194.667,5494999.89
16.01.2025 17:00:00.000,194.637,194.677,194.046,194.256,3973999.98
16.01.2025 18:00:00.000,194.206,194.427,193.296,193.657,4734000.21
16.01.2025 19:00:00.000,193.647,194.217,193.497,194.127,2900000.1
16.01.2025 20:00:00.000,194.096,194.277,192.796,192.867,4906000.14
17.01.2025 14:00:00.000,196.446,196.716,193.796,194.006,5491000.18
17.01.2025 15:00:00.000,193.987,195.567,193.726,195.547,7869999.89
17.01.2025 16:00:00.000,195.536,196.186,195.326,195.606,5401000.02
17.01.2025 17:00:00.000,195.607,196.517,195.526,196.457,3599999.9
17.01.2025 18:00:00.000,196.466,197.216,195.956,196.117,4151999.95
17.01.2025 19:00:00.000,196.126,196.216,195.736,195.836,4092999.94
17.01.2025 20:00:00.000,195.827,196.467,195.577,195.876,5118999.96
21.01.2025 14:00:00.000,198.807,202.207,198.007,199.326,6631000.04
21.01.2025 15:00:00.000,199.336,200.216,198.097,199.026,8815999.98
21.01.2025 16:00:00.000,199.007,199.326,197.836,199.117,5282000.06
21.01.2025 17:00:00.000,199.127,199.967,198.776,199.747,4416999.82
21.01.2025 18:00:00.000,199.726,199.897,199.316,199.627,3854000.09
21.01.2025 19:00:00.000,199.606,199.776,198.846,199.176,3831000.09
21.01.2025 20:00:00.000,199.157,199.276,197.867,198.016,5928999.9
22.01.2025 14:00:00.000,198.766,200.457,198.766,199.996,4877999.78
22.01.2025 15:00:00.000,199.887,200.127,198.966,199.037,7192999.84
22.01.2025 16:00:00.000,199.026,200.296,198.996,199.786,4793000.22
22.01.2025 17:00:00.000,199.796,200.296,199.426,199.567,4317999.84
22.01.2025 18:00:00.000,199.556,199.697,198.396,198.496,4472000.12
22.01.2025 19:00:00.000,198.496,198.527,197.616,197.656,3852999.93
22.01.2025 20:00:00.000,197.656,198.577,197.516,198.346,5691999.91
23.01.2025 14:00:00.000,198.216,199.497,197.236,198.516,3637000.08
23.01.2025 15:00:00.000,198.506,199.767,197.767,199.687,6556000.23
23.01.2025 16:00:00.000,199.687,200.277,199.206,199.766,5879000.19
23.01.2025 17:00:00.000,199.756,199.757,199.007,199.367,3930999.99
23.01.2025 18:00:00.000,199.356,199.597,195.756,196.596,5327000.14
23.01.2025 19:00:00.000,196.576,197.186,195.177,196.896,5471000.19
23.01.2025 20:00:00.000,196.886,197.937,196.716,197.916,7448999.88
24.01.2025 14:00:00.000,198.007,200.226,198.006,199.586,3460999.97
24.01.2025 15:00:00.000,199.617,199.736,198.396,198.577,6625000
24.01.2025 16:00:00.000,198.586,199.667,198.306,199.296,4977000.24
24.01.2025 17:00:00.000,199.297,199.916,198.776,199.827,4787000.18
24.01.2025 18:00:00.000,199.826,200.087,199.637,199.926,5223000.05
24.01.2025 19:00:00.000,199.906,200.887,199.726,200.047,5001999.86
24.01.2025 20:00:00.000,200.037,200.266,199.726,200.166,6074999.81
27.01.2025 14:00:00.000,192.346,194.677,192.206,194.216,8276000.02
27.01.2025 15:00:00.000,194.217,196.847,193.377,195.816,9949999.81
27.01.2025 16:00:00.000,195.827,195.897,193.326,193.506,7388000.01
27.01.2025 17:00:00.000,193.526,194.267,193.206,193.416,6188000.2
27.01.2025 18:00:00.000,193.426,193.726,193.006,193.056,5827000.14
27.01.2025 19:00:00.000,193.076,193.986,191.306,191.537,6247000.22
27.01.2025 20:00:00.000,191.516,191.977,190.726,191.877,9612000.47
28.01.2025 14:00:00.000,192.597,193.286,190.656,192.277,5227000.24
28.01.2025 15:00:00.000,192.257,195.336,192.177,195.256,8079999.92
28.01.2025 16:00:00.000,195.256,195.386,193.996,194.817,6846000.19
28.01.2025 17:00:00.000,194.816,195.366,194.626,194.846,4131999.97
28.01.2025 18:00:00.000,194.857,195.217,194.706,194.997,3030999.9
28.01.2025 19:00:00.000,194.986,195.067,194.696,194.777,3515000.1
28.01.2025 20:00:00.000,194.797,195.467,194.497,195.226,4809999.94
29.01.2025 14:00:00.000,195.566,196.196,193.456,193.687,3566999.91
29.01.2025 15:00:00.000,193.716,194.817,193.396,194.667,5344999.79
29.01.2025 16:00:00.000,194.676,195.237,194.346,194.887,4355999.95
29.01.2025 17:00:00.000,194.907,195.336,194.676,194.797,3474999.9
29.01.2025 18:00:00.000,194.806,195.187,194.197,195.027,4855000.02
29.01.2025 19:00:00.000,194.996,196.417,194.566,196.167,6688000.2
29.01.2025 20:00:00.000,196.147,196.767,194.926,195.316,9321999.55
30.01.2025 14:00:00.000,197.737,201.356,197.737,200.557,4790999.89
30.01.2025 15:00:00.000,200.606,200.606,197.857,197.857,8446999.55
30.01.2025 16:00:00.000,197.866,200.287,197.636,200.067,7905000.21
30.01.2025 17:00:00.000,200.077,200.097,199.137,199.486,5974999.9
30.01.2025 18:00:00.000,199.477,200.637,199.326,200.506,5381000.04
30.01.2025 19:00:00.000,200.496,200.637,200.016,200.597,4612999.92
30.01.2025 20:00:00.000,200.587,201.367,200.216,200.867,10491000.18
31.01.2025 14:00:00.000,201.956,204.817,201.797,204.676,4480000.02
31.01.2025 15:00:00.000,204.667,204.977,203.696,204.797,7044000.15
31.01.2025 16:00:00.000,204.786,205.157,204.317,204.657,6091000.08
31.01.2025 17:00:00.000,204.677,204.877,204.206,204.696,5646999.84
31.01.2025 18:00:00.000,204.706,205.456,204.296,205.027,7486999.99
31.01.2025 19:00:00.000,205.027,205.457,203.926,204.256,9355999.95
31.01.2025 20:00:00.000,204.227,204.466,203.317,204.067,13243000.03
03.02.2025 14:00:00.000,200.466,202.977,200.037,201.937,5584000.11
03.02.2025 15:00:00.000,201.937,203.276,200.326,202.356,9611000.06
03.02.2025 16:00:00.000,202.297,203.717,201.687,202.607,6195000.17
03.02.2025 17:00:00.000,202.606,203.257,202.117,202.717,6315999.98
03.02.2025 18:00:00.000,202.666,203.167,202.066,202.976,5335000.04
03.02.2025 19:00:00.000,202.957,203.057,202.206,202.286,4546999.93
03.02.2025 20:00:00.000,202.306,202.557,200.906,201.226,9039999.96
04.02.2025 14:00:00.000,203.067,204.407,202.796,204.396,4860000.13
04.02.2025 15:00:00.000,204.416,206.297,203.826,206.036,7313000.2
04.02.2025 16:00:00.000,206.057,206.657,204.386,205.007,4857999.8
04.02.2025 17:00:00.000,205.006,205.186,203.886,205.116,4506999.97
04.02.2025 18:00:00.000,205.097,205.897,204.546,204.817,2963000.06
04.02.2025 19:00:00.000,204.796,205.477,204.746,205.156,3375999.93
04.02.2025 20:00:00.000,205.156,206.967,205.036,206.207,6998000.15
05.02.2025 14:00:00.000,191.077,192.717,188.526,189.276,9998999.6
05.02.2025 15:00:00.000,189.277,189.866,188.026,188.997,12289999.96
05.02.2025 16:00:00.000,189.037,191.437,188.816,191.146,7199999.81
05.02.2025 17:00:00.000,191.157,191.587,190.296,190.476,6572000.03
05.02.2025 18:00:00.000,190.476,191.357,190.336,191.157,4434999.94
05.02.2025 19:00:00.000,191.146,191.186,189.497,189.717,5051000.12
05.02.2025 20:00:00.000,189.716,191.477,189.526,191.287,7893000.13
06.02.2025 14:00:00.000,189.117,190.687,188.706,190.167,5052999.97
06.02.2025 15:00:00.000,190.136,191.397,189.476,190.707,6375000
06.02.2025 16:00:00.000,190.716,191.076,190.376,190.646,3625999.93
06.02.2025 17:00:00.000,190.607,191.037,190.396,190.816,2996999.98
06.02.2025 18:00:00.000,190.837,192.076,190.816,191.367,3312000.04
06.02.2025 19:00:00.000,191.367,191.747,190.397,190.456,3983000.04
06.02.2025 20:00:00.000,190.456,191.776,190.366,191.596,4716000.08
07.02.2025 14:00:00.000,190.817,191.146,188.846,188.917,5539000.03
07.02.2025 15:00:00.000,188.626,188.627,185.076,186.037,16413999.56
07.02.2025 16:00:00.000,186.047,186.507,184.396,184.526,14291999.82
07.02.2025 17:00:00.000,184.526,185.297,183.226,184.587,12682999.61
07.02.2025 18:00:00.000,184.577,186.337,184.467,185.217,9032999.99
07.02.2025 19:00:00.000,185.227,185.927,185.096,185.717,8095000.27
07.02.2025 20:00:00.000,185.697,185.867,185.097,185.317,9532999.99
10.02.2025 14:00:00.000,187.346,187.417,185.856,186.696,3424000.02
10.02.2025 15:00:00.000,186.696,188.166,186.587,187.277,4829999.92
10.02.2025 16:00:00.000,187.286,187.687,186.896,187.126,3063999.89
10.02.2025 17:00:00.000,187.087,187.107,186.036,186.636,2875999.93
10.02.2025 18:00:00.000,186.647,186.797,186.416,186.677,1926000
10.02.2025 19:00:00.000,186.657,186.756,186.446,186.576,1894000.05
10.02.2025 20:00:00.000,186.587,186.687,186.156,186.377,3341000.08
11.02.2025 14:00:00.000,185.037,186.917,184.696,185.506,2769000.05
11.02.2025 15:00:00.000,185.506,186.557,185.296,185.346,6113999.84
11.02.2025 16:00:00.000,185.336,185.426,184.456,184.737,5459000.11
11.02.2025 17:00:00.000,184.736,184.937,184.276,184.656,4999000.07
11.02.2025 18:00:00.000,184.647,185.147,184.516,184.917,3259999.99
11.02.2025 19:00:00.000,184.906,185.427,184.626,185.316,3151000.02
11.02.2025 20:00:00.000,185.326,185.777,184.896,185.357,6132999.9
12.02.2025 14:00:00.000,183.307,185.086,181.826,184.297,3401999.95
12.02.2025 15:00:00.000,184.307,184.317,183.097,183.397,6541999.82
12.02.2025 16:00:00.000,183.396,183.877,182.396,183.857,4755000.11
12.02.2025 17:00:00.000,183.857,184.526,183.526,184.416,4092999.94
12.02.2025 18:00:00.000,184.436,184.496,183.346,183.526,2789000.03
12.02.2025 19:00:00.000,183.547,183.937,182.986,183.747,2812000.04
12.02.2025 20:00:00.000,183.747,184.047,183.166,183.536,3908999.92
13.02.2025 14:00:00.000,184.186,184.447,183.096,183.827,4258800.03
13.02.2025 15:00:00.000,183.797,185.027,183.416,184.657,6492000.1
13.02.2025 16:00:00.000,184.666,184.716,183.577,183.836,4113599.78
13.02.2025 17:00:00.000,183.837,184.387,183.756,183.927,4060800.08
13.02.2025 18:00:00.000,183.937,184.127,183.496,184.126,6074399.95
13.02.2025 19:00:00.000,184.107,185.256,183.896,185.197,4868400.1
13.02.2025 20:00:00.000,185.187,186.267,185.157,186.116,6658800.13
14.02.2025 14:00:00.000,185.016,186.367,184.427,185.707,4252799.99
14.02.2025 15:00:00.000,185.706,186.097,184.346,185.326,5886000.16
14.02.2025 16:00:00.000,185.347,185.537,184.756,185.097,4236000.06
14.02.2025 17:00:00.000,185.097,185.317,184.306,184.787,3641999.96
14.02.2025 18:00:00.000,184.787,185.457,184.707,185.316,3189599.99
14.02.2025 19:00:00.000,185.316,185.467,184.956,185.217,2600399.97
14.02.2025 20:00:00.000,185.207,185.857,184.837,185.256,4590000.15
18.02.2025 14:00:00.000,185.596,185.897,183.676,183.917,6737999.92
18.02.2025 15:00:00.000,183.926,184.766,183.536,184.336,8738400.46
18.02.2025 16:00:00.000,184.326,184.547,183.856,183.936,4819200.04
18.02.2025 17:00:00.000,183.936,184.087,183.366,183.747,4177199.84
18.02.2025 18:00:00.000,183.727,183.906,182.496,182.517,3706799.98
18.02.2025 19:00:00.000,182.517,182.626,181.726,182.456,5671199.8
18.02.2025 20:00:00.000,182.467,183.867,182.406,183.707,6622799.87
19.02.2025 14:00:00.000,184.097,184.747,183.546,184.497,5679599.76
19.02.2025 15:00:00.000,184.506,185.166,183.776,184.486,8394000.05
19.02.2025 16:00:00.000,184.486,184.997,184.426,184.717,5625599.86
19.02.2025 17:00:00.000,184.706,184.907,184.346,184.817,4789199.83
19.02.2025 18:00:00.000,184.816,185.007,184.456,184.487,4119599.82
19.02.2025 19:00:00.000,184.477,184.897,184.396,184.837,5101200.1
19.02.2025 20:00:00.000,184.836,185.437,184.477,185.226,8954400.06
20.02.2025 14:00:00.000,184.747,185.276,183.027,183.187,6449999.81
20.02.2025 15:00:00.000,183.166,184.006,182.716,183.276,10878000.26
20.02.2025 16:00:00.000,183.296,184.277,183.256,183.597,7136400.22
20.02.2025 17:00:00.000,183.567,184.156,183.456,183.896,5206799.98
20.02.2025 18:00:00.000,183.876,184.426,183.756,184.297,4270800.11
20.02.2025 19:00:00.000,184.287,184.796,184.166,184.427,3796799.9
20.02.2025 20:00:00.000,184.436,184.936,184.037,184.546,5822400.09
21.02.2025 14:00:00.000,185.047,185.257,183.817,184.247,7531199.93
21.02.2025 15:00:00.000,184.247,184.606,181.956,182.106,11247599.6
21.02.2025 16:00:00.000,182.107,182.337,180.706,181.206,8194800.38
21.02.2025 17:00:00.000,181.217,181.377,180.036,180.377,6869999.89
21.02.2025 18:00:00.000,180.397,180.837,179.797,180.276,8809200.29
21.02.2025 19:00:00.000,180.276,180.567,179.366,179.437,9458399.77
21.02.2025 20:00:00.000,179.417,179.967,179.076,179.646,9682800.29
24.02.2025 14:00:00.000,181.806,183.076,180.546,180.817,8034000.4
24.02.2025 15:00:00.000,180.827,180.987,179.476,180.137,13715999.6
24.02.2025 16:00:00.000,180.137,181.167,180.067,180.276,8528400.42
24.02.2025 17:00:00.000,180.277,181.347,180.207,180.686,5256000.04
24.02.2025 18:00:00.000,180.686,181.127,180.546,180.706,3973200.08
24.02.2025 19:00:00.000,180.677,180.887,180.146,180.326,4910399.91
24.02.2025 20:00:00.000,180.337,180.587,178.846,179.277,7720799.92
25.02.2025 14:00:00.000,177.896,178.687,176.556,177.126,8689200.4
25.02.2025 15:00:00.000,177.127,177.477,175.136,175.777,17695199.97
25.02.2025 16:00:00.000,175.787,176.907,174.676,176.726,14951999.66
25.02.2025 17:00:00.000,176.736,177.126,176.046,177.126,9752400.4
25.02.2025 18:00:00.000,177.076,177.537,176.466,177.096,9866399.77
25.02.2025 19:00:00.000,177.067,177.196,176.227,176.587,9051600.46
25.02.2025 20:00:00.000,176.567,176.617,174.996,175.436,15397199.63
26.02.2025 14:00:00.000,174.897,175.036,172.876,174.997,6801599.98
26.02.2025 15:00:00.000,174.977,176.076,174.696,175.717,11022000.31
26.02.2025 16:00:00.000,175.717,175.837,174.556,174.567,7906799.79
26.02.2025 17:00:00.000,174.567,174.907,172.906,173.186,9430800.44
26.02.2025 18:00:00.000,173.177,173.407,172.257,172.527,10503600.12
26.02.2025 19:00:00.000,172.517,172.717,171.596,171.827,9454799.65
26.02.2025 20:00:00.000,171.836,173.017,171.576,172.726,9668399.81
27.02.2025 14:00:00.000,173.907,174.496,169.886,169.937,6918000.22
27.02.2025 15:00:00.000,169.977,171.427,169.006,169.717,15845999.72
27.02.2025 16:00:00.000,169.726,171.787,169.646,170.626,10704000.47
27.02.2025 17:00:00.000,170.646,171.586,170.206,170.746,6932400.23
27.02.2025 18:00:00.000,170.757,171.436,170.356,170.857,5616000.18
27.02.2025 19:00:00.000,170.866,171.007,169.447,169.767,8460000.04
27.02.2025 20:00:00.000,169.776,169.797,167.916,168.486,12703200.34
28.02.2025 14:00:00.000,168.446,170.047,166.736,168.707,9676799.77
28.02.2025 15:00:00.000,168.696,169.467,167.966,169.197,15213600.16
28.02.2025 16:00:00.000,169.197,169.317,167.846,168.567,10546799.66
28.02.2025 17:00:00.000,168.567,169.176,167.696,167.706,9735600.47
28.02.2025 18:00:00.000,167.707,168.477,167.176,167.256,10279199.6
28.02.2025 19:00:00.000,167.226,168.627,167.116,168.366,8518799.78
28.02.2025 20:00:00.000,168.347,170.587,168.326,170.226,12498000.15
03.03.2025 14:00:00.000,171.877,173.296,169.596,169.596,7720799.92
03.03.2025 15:00:00.000,169.627,170.977,169.096,170.026,13284000.4
03.03.2025 16:00:00.000,170.026,170.997,169.766,170.147,10470000.27
03.03.2025 17:00:00.000,170.147,170.196,168.957,169.306,7521599.77
03.03.2025 18:00:00.000,169.286,169.356,167.906,168.716,11364000.32
03.03.2025 19:00:00.000,168.716,169.226,167.647,167.706,10558799.74
03.03.2025 20:00:00.000,167.687,167.697,165.896,167.026,18951599.12
04.03.2025 14:00:00.000,166.216,168.297,165.767,166.926,12403200.15
04.03.2025 15:00:00.000,166.926,168.197,166.057,167.677,20787599.56
04.03.2025 16:00:00.000,167.667,170.636,167.186,170.446,17109600.07
04.03.2025 17:00:00.000,170.437,171.307,170.006,170.526,16200000.76
04.03.2025 18:00:00.000,170.536,172.127,170.186,171.886,13418399.81
04.03.2025 19:00:00.000,171.887,172.447,171.646,172.176,14706000.33
04.03.2025 20:00:00.000,172.186,173.277,169.886,170.867,19631999.97
05.03.2025 14:00:00.000,170.447,171.536,169.156,169.816,7201200.01
05.03.2025 15:00:00.000,169.886,171.257,169.706,170.287,14059200.29
05.03.2025 16:00:00.000,170.266,170.347,169.046,169.746,11954400.06
05.03.2025 17:00:00.000,169.706,172.967,169.547,172.867,12962400.44
05.03.2025 18:00:00.000,172.857,173.027,171.297,172.616,13876799.58
05.03.2025 19:00:00.000,172.616,173.497,172.386,173.187,11084400.18
05.03.2025 20:00:00.000,173.146,173.756,172.687,173.007,15292799.95
06.03.2025 14:00:00.000,170.446,172.627,170.446,172.076,7276800.16
06.03.2025 15:00:00.000,172.077,174.787,171.696,174.047,14665200.23
06.03.2025 16:00:00.000,174.087,174.677,172.347,172.387,15541199.68
06.03.2025 17:00:00.000,172.386,172.787,171.466,172.316,13699199.68
06.03.2025 18:00:00.000,172.316,173.077,171.717,172.236,11006400.11
06.03.2025 19:00:00.000,172.236,172.837,171.506,171.587,12046799.66
06.03.2025 20:00:00.000,171.566,172.687,171.397,172.337,14157600.4
07.03.2025 14:00:00.000,171.257,173.537,170.907,172.537,8254799.84
07.03.2025 15:00:00.000,172.547,173.657,170.606,171.827,17238000.87
07.03.2025 16:00:00.000,171.807,171.957,170.256,171.177,15916799.55
07.03.2025 17:00:00.000,171.236,173.497,170.636,172.216,12920399.67
07.03.2025 18:00:00.000,172.217,174.127,172.216,174.087,16447200.78
07.03.2025 19:00:00.000,174.097,174.927,173.616,174.066,13958399.77
07.03.2025 20:00:00.000,174.066,174.517,172.617,173.807,16178400.04
10.03.2025 13:00:00.000,168.207,168.437,165.966,167.136,9425999.64
10.03.2025 14:00:00.000,167.146,167.156,163.766,163.966,20301599.5
10.03.2025 15:00:00.000,163.956,166.957,163.666,165.676,17016000.75
10.03.2025 16:00:00.000,165.666,166.487,165.086,165.777,16069200.52
10.03.2025 17:00:00.000,165.756,165.837,164.156,164.667,16768800.74
10.03.2025 18:00:00.000,164.666,165.346,164.046,164.207,14987999.92
10.03.2025 19:00:00.000,164.227,166.607,163.986,165.877,22936800
11.03.2025 13:00:00.000,164.706,166.697,164.557,165.526,8789999.96
11.03.2025 14:00:00.000,165.487,166.297,163.636,163.637,20518800.74
11.03.2025 15:00:00.000,163.656,165.427,163.367,164.217,19961999.89
11.03.2025 16:00:00.000,164.206,164.497,162.756,163.027,17100000.38
11.03.2025 17:00:00.000,162.997,163.116,161.356,162.786,17707199.1
11.03.2025 18:00:00.000,162.777,166.106,162.706,165.577,19804800.03
11.03.2025 19:00:00.000,165.587,166.327,163.956,164.016,23645999.91
12.03.2025 13:00:00.000,166.466,167.267,163.996,164.126,8089200.02
12.03.2025 14:00:00.000,164.116,165.657,163.506,164.416,13934399.6
12.03.2025 15:00:00.000,164.436,165.727,163.976,165.557,13035599.71
12.03.2025 16:00:00.000,165.577,166.397,165.287,165.927,11435999.87
12.03.2025 17:00:00.000,165.927,167.257,165.666,165.677,11631600.38
12.03.2025 18:00:00.000,165.687,167.367,165.596,167.307,12215999.6
12.03.2025 19:00:00.000,167.286,167.617,166.586,167.047,16337999.34
13.03.2025 13:00:00.000,165.996,166.087,162.957,163.346,8653200.15
13.03.2025 14:00:00.000,163.317,164.986,162.766,164.337,12943200.11
13.03.2025 15:00:00.000,164.336,164.827,162.996,163.267,10076399.8
13.03.2025 16:00:00.000,163.266,163.906,162.416,163.046,11212800.03
13.03.2025 17:00:00.000,163.046,163.277,162.096,162.277,7898399.83
13.03.2025 18:00:00.000,162.277,164.166,162.226,163.777,9119999.89
13.03.2025 19:00:00.000,163.756,163.947,162.277,162.747,12598799.71
14.03.2025 13:00:00.000,163.196,164.366,163.066,163.416,7161600.11
14.03.2025 14:00:00.000,163.426,164.066,162.416,164.066,11822400.09
14.03.2025 15:00:00.000,164.067,165.116,163.726,165.027,9678000.45
14.03.2025 16:00:00.000,165.027,165.467,164.236,165.277,7650000.1
14.03.2025 17:00:00.000,165.266,165.407,164.007,164.396,9068400.38
14.03.2025 18:00:00.000,164.406,165.227,164.406,164.977,9881999.97
14.03.2025 19:00:00.000,164.967,165.907,164.746,165.436,10291199.68
17.03.2025 13:00:00.000,165.107,166.277,165.036,165.387,5272799.97
17.03.2025 14:00:00.000,165.387,165.757,164.297,164.417,11893199.92
17.03.2025 15:00:00.000,164.416,164.936,163.657,163.977,9542400.36
17.03.2025 16:00:00.000,163.977,164.837,163.746,164.516,8575200.08
17.03.2025 17:00:00.000,164.516,165.187,164.196,165.006,6736800.19
17.03.2025 18:00:00.000,164.997,165.527,164.796,165.306,7489200.12
17.03.2025 19:00:00.000,165.297,165.366,163.796,164.256,11521200.18
18.03.2025 13:00:00.000,163.486,164.217,158.756,158.757,7532400.13
18.03.2025 14:00:00.000,158.766,158.987,156.706,158.236,13343999.86
18.03.2025 15:00:00.000,158.226,159.817,157.857,159.486,7822800.16
18.03.2025 16:00:00.000,159.496,160.457,159.166,159.586,7132800.1
18.03.2025 17:00:00.000,159.576,160.267,158.996,159.937,6777599.81
18.03.2025 18:00:00.000,159.937,160.787,159.636,160.737,6565199.85
18.03.2025 19:00:00.000,160.737,160.777,159.896,160.647,9403200.15
19.03.2025 13:00:00.000,161.707,162.366,160.996,162.057,4246799.95
19.03.2025 14:00:00.000,162.046,162.647,161.496,161.547,7734000.21
19.03.2025 15:00:00.000,161.566,162.966,161.486,162.856,5418000.22
19.03.2025 16:00:00.000,162.816,163.076,162.516,162.697,4518000.13
19.03.2025 17:00:00.000,162.706,162.917,162.186,162.787,4960800.17
19.03.2025 18:00:00.000,162.787,165.076,162.366,164.946,10902000.43
19.03.2025 19:00:00.000,164.927,165.837,163.546,163.846,15904800.42
20.03.2025 13:00:00.000,161.567,163.486,160.907,163.437,5330399.99
20.03.2025 14:00:00.000,163.427,164.857,163.316,164.247,10348799.71
20.03.2025 15:00:00.000,164.257,164.427,162.966,163.026,8115599.63
20.03.2025 16:00:00.000,163.016,163.557,162.176,162.227,8648400.31
20.03.2025 17:00:00.000,162.236,162.897,162.107,162.297,6691199.78
20.03.2025 18:00:00.000,162.296,162.667,161.497,162.077,8596799.85
20.03.2025 19:00:00.000,162.076,163.097,162.076,162.796,11391599.66
21.03.2025 13:00:00.000,161.096,162.396,160.746,161.637,6177599.91
21.03.2025 14:00:00.000,161.677,163.187,161.456,163.156,10021200.18
21.03.2025 15:00:00.000,163.186,163.377,162.006,162.047,8066399.57
21.03.2025 16:00:00.000,162.027,163.516,161.707,163.476,8162400.25
21.03.2025 17:00:00.000,163.446,163.446,162.566,162.927,6300000.19
21.03.2025 18:00:00.000,162.937,163.187,162.697,162.847,10084799.77
21.03.2025 19:00:00.000,162.827,164.186,162.576,163.996,11721599.58
24.03.2025 13:00:00.000,166.996,167.836,165.117,167.607,6059999.94
24.03.2025 14:00:00.000,167.586,167.797,166.846,167.276,8444399.83
24.03.2025 15:00:00.000,167.276,167.487,166.597,166.966,5325600.15
24.03.2025 16:00:00.000,166.956,167.267,166.716,167.016,5678400.04
24.03.2025 17:00:00.000,167.027,167.177,166.696,167.067,5660399.91
24.03.2025 18:00:00.000,167.066,167.477,166.866,167.436,5956799.98
24.03.2025 19:00:00.000,167.436,167.896,167.296,167.546,7809599.88
25.03.2025 13:00:00.000,168.866,169.606,168.306,168.937,5693999.77
25.03.2025 14:00:00.000,168.926,170.297,168.627,170.107,10095600.13
25.03.2025 15:00:00.000,170.146,170.447,169.466,169.647,7690800.19
25.03.2025 16:00:00.000,169.617,169.927,169.236,169.717,7850399.97
25.03.2025 17:00:00.000,169.716,169.987,169.316,169.396,6003600.12
25.03.2025 18:00:00.000,169.487,169.987,169.486,169.827,6553199.77
25.03.2025 19:00:00.000,169.807,170.616,169.696,170.547,9668399.81
26.03.2025 13:00:00.000,168.956,169.576,167.566,167.777,6830399.99
26.03.2025 14:00:00.000,167.767,168.647,167.336,168.097,10979999.54
26.03.2025 15:00:00.000,168.107,168.627,167.446,167.677,7648799.9
26.03.2025 16:00:00.000,167.706,167.987,166.736,166.777,8096400.26
26.03.2025 17:00:00.000,166.736,167.256,165.946,166.077,8244000.43
26.03.2025 18:00:00.000,166.086,166.527,165.646,165.686,7864799.98
26.03.2025 19:00:00.000,165.686,165.847,164.816,165.046,10832400.32
27.03.2025 13:00:00.000,164.527,165.376,163.776,164.797,9070799.83
27.03.2025 14:00:00.000,164.766,165.117,163.587,164.277,16609199.52
27.03.2025 15:00:00.000,164.286,164.696,163.206,163.457,11595600.13
27.03.2025 16:00:00.000,163.446,164.177,163.136,163.187,11888400.08
27.03.2025 17:00:00.000,163.176,163.787,162.626,162.666,10330800.06
27.03.2025 18:00:00.000,162.656,163.017,162.396,162.416,11013600.35
27.03.2025 19:00:00.000,162.416,163.117,161.996,162.236,13570799.83
28.03.2025 13:00:00.000,160.487,161.786,160.196,160.197,7226399.9
28.03.2025 14:00:00.000,160.177,160.476,156.916,157.316,15536399.84
28.03.2025 15:00:00.000,157.317,157.347,155.726,155.736,10222800.25
28.03.2025 16:00:00.000,155.716,156.647,155.376,155.396,8880000.11
28.03.2025 17:00:00.000,155.397,155.466,154.456,155.427,8065199.85
28.03.2025 18:00:00.000,155.397,155.587,154.556,154.897,7648799.9
28.03.2025 19:00:00.000,154.887,154.887,153.616,154.377,11567999.84
31.03.2025 13:00:00.000,153.037,153.757,150.646,151.606,9604800.22
31.03.2025 14:00:00.000,151.586,152.186,151.346,151.706,14119199.75
31.03.2025 15:00:00.000,151.706,154.267,151.276,153.547,11971199.99
31.03.2025 16:00:00.000,153.557,154.007,152.936,152.996,8331600.19
31.03.2025 17:00:00.000,152.996,154.336,152.946,153.296,7159200.19
31.03.2025 18:00:00.000,153.296,154.717,153.216,154.146,8649600.03
31.03.2025 19:00:00.000,154.137,155.417,154.016,154.556,13702799.8
01.04.2025 13:00:00.000,153.616,156.016,153.616,155.597,8060400.01
01.04.2025 14:00:00.000,155.556,157.377,154.857,157.376,19933200.84
01.04.2025 15:00:00.000,157.377,157.826,156.826,157.656,15156000.14
01.04.2025 16:00:00.000,157.667,158.087,156.906,157.246,15277199.75
01.04.2025 17:00:00.000,157.246,157.426,156.636,156.676,11406000.14
01.04.2025 18:00:00.000,156.677,156.757,155.426,156.227,13612799.64
01.04.2025 19:00:00.000,156.226,157.217,156.086,156.996,13726799.96
02.04.2025 13:00:00.000,155.076,156.937,154.647,156.236,7059599.88
02.04.2025 14:00:00.000,156.217,156.906,155.566,156.537,10051199.91
02.04.2025 15:00:00.000,156.526,156.877,155.986,156.637,9380399.7
02.04.2025 16:00:00.000,156.627,157.807,156.537,157.666,7336800.1
02.04.2025 17:00:00.000,157.677,158.387,156.906,157.027,7154399.87
02.04.2025 18:00:00.000,157.016,157.057,155.746,155.747,8367600.44
02.04.2025 19:00:00.000,155.756,157.246,155.756,156.946,12110400.2
03.04.2025 13:00:00.000,151.047,152.656,150.666,151.377,9357600.21
03.04.2025 14:00:00.000,151.377,152.567,150.386,150.827,16837200.16
03.04.2025 15:00:00.000,150.826,152.447,150.546,151.957,15464400.29
03.04.2025 16:00:00.000,151.966,152.757,151.716,151.867,12147600.17
03.04.2025 17:00:00.000,151.887,152.407,151.406,151.427,8923199.65
03.04.2025 18:00:00.000,151.427,151.767,150.906,151.646,9251999.86
03.04.2025 19:00:00.000,151.636,151.786,150.496,150.697,13560000.42
04.04.2025 13:00:00.000,148.016,151.047,148.006,150.727,13553999.9
04.04.2025 14:00:00.000,150.737,150.786,146.136,148.046,25997999.19
04.04.2025 15:00:00.000,148.046,150.257,147.667,148.336,27472799.3
04.04.2025 16:00:00.000,148.336,149.246,147.586,147.706,22711200.71
04.04.2025 17:00:00.000,147.717,148.626,146.617,148.616,20239200.59
04.04.2025 18:00:00.000,148.617,148.916,146.556,147.276,18998399.73
04.04.2025 19:00:00.000,147.267,149.187,145.367,145.587,23331600.19
07.04.2025 13:00:00.000,141.366,144.497,140.556,144.247,15238800.05
07.04.2025 14:00:00.000,144.246,152.807,143.896,148.196,37575599.67
07.04.2025 15:00:00.000,148.197,148.987,142.796,144.967,33652801.51
07.04.2025 16:00:00.000,144.967,146.466,143.846,144.706,22305599.21
07.04.2025 17:00:00.000,144.717,148.777,144.646,148.526,26061599.73
07.04.2025 18:00:00.000,148.567,148.847,146.497,146.686,21184799.19
07.04.2025 19:00:00.000,146.696,147.647,145.536,146.016,21664800.64
08.04.2025 13:00:00.000,150.996,151.687,149.666,151.356,12965999.6
08.04.2025 14:00:00.000,151.357,152.217,150.456,150.457,18846000.67
08.04.2025 15:00:00.000,150.497,150.916,149.106,149.796,17416799.55
08.04.2025 16:00:00.000,149.786,149.916,147.016,147.396,22017599.11
08.04.2025 17:00:00.000,147.376,148.277,146.396,147.696,25006799.7
08.04.2025 18:00:00.000,147.697,147.947,145.997,146.157,21715200.42
08.04.2025 19:00:00.000,146.176,146.327,143.006,144.656,25232400.89
09.04.2025 13:00:00.000,144.296,146.296,143.906,145.247,12564000.13
09.04.2025 14:00:00.000,145.226,146.337,143.896,143.976,23951999.66
09.04.2025 15:00:00.000,143.976,145.807,143.896,144.487,16374000.55
09.04.2025 16:00:00.000,144.486,146.637,144.156,146.076,14604000.09
09.04.2025 17:00:00.000,146.066,156.076,144.827,155.147,27865200.04
09.04.2025 18:00:00.000,155.146,156.806,154.177,154.466,28990800.86
09.04.2025 19:00:00.000,154.466,159.516,154.106,158.537,25622400.28
10.04.2025 13:00:00.000,156.536,157.676,155.726,155.837,12581999.78
10.04.2025 14:00:00.000,155.837,156.377,154.427,154.636,21004800.8
10.04.2025 15:00:00.000,154.606,155.597,152.337,152.437,15787199.97
10.04.2025 16:00:00.000,152.436,153.276,149.906,152.996,27477600.1
10.04.2025 17:00:00.000,152.966,154.547,150.807,153.877,22226400.38
10.04.2025 18:00:00.000,153.877,154.817,152.356,153.736,25136400.22
10.04.2025 19:00:00.000,153.747,154.707,151.527,152.796,26995199.2
11.04.2025 13:00:00.000,152.786,156.507,152.786,155.406,9854399.68
11.04.2025 14:00:00.000,155.417,156.117,153.426,154.996,23222400.67
11.04.2025 15:00:00.000,154.997,156.036,154.236,155.917,17949600.22
11.04.2025 16:00:00.000,155.926,157.486,155.766,156.976,13177200.32
11.04.2025 17:00:00.000,156.986,157.507,155.596,156.887,14911199.57
11.04.2025 18:00:00.000,156.887,157.026,156.016,156.127,14959199.91
11.04.2025 19:00:00.000,156.127,157.547,156.066,156.937,12993599.89
14.04.2025 13:00:00.000,159.856,160.896,159.246,160.277,8929200.17
14.04.2025 14:00:00.000,160.246,161.687,160.216,161.117,12886799.81
14.04.2025 15:00:00.000,161.097,161.267,158.346,158.587,11714400.29
14.04.2025 16:00:00.000,158.566,159.037,157.616,157.627,13642800.33
14.04.2025 17:00:00.000,157.626,159.296,157.536,159.147,11786399.84
14.04.2025 18:00:00.000,159.147,159.917,159.036,159.706,6646800.04
14.04.2025 19:00:00.000,159.687,160.376,158.756,159.006,12211199.76
15.04.2025 13:00:00.000,158.997,159.566,157.896,158.177,6523200.04
15.04.2025 14:00:00.000,158.176,158.467,156.807,157.217,13942799.57
15.04.2025 15:00:00.000,157.237,157.546,156.386,156.907,9041999.82
15.04.2025 16:00:00.000,156.917,157.206,155.656,155.777,6919199.94
15.04.2025 17:00:00.000,155.766,156.096,155.226,155.687,6884399.89
15.04.2025 18:00:00.000,155.686,156.047,155.176,155.977,6451200.01
15.04.2025 19:00:00.000,155.957,156.527,155.466,156.316,9243599.89
16.04.2025 13:00:00.000,152.986,153.867,152.616,152.856,7779600.14
16.04.2025 14:00:00.000,152.846,154.977,152.776,154.816,9029999.73
16.04.2025 15:00:00.000,154.836,155.867,154.517,154.566,8282400.13
16.04.2025 16:00:00.000,154.577,155.247,154.436,155.046,6381599.9
16.04.2025 17:00:00.000,155.046,155.257,152.586,152.666,10876799.58
16.04.2025 18:00:00.000,152.667,153.667,152.376,152.406,12810000.42
16.04.2025 19:00:00.000,152.417,153.727,151.506,153.327,13579199.79
17.04.2025 13:00:00.000,154.196,154.607,153.386,153.747,6662399.77
17.04.2025 14:00:00.000,153.776,153.856,148.507,150.026,14772000.31
17.04.2025 15:00:00.000,150.027,151.776,149.996,150.616,10894800.19
17.04.2025 16:00:00.000,150.627,151.786,150.567,151.577,12691200.26
17.04.2025 17:00:00.000,151.577,152.116,150.956,151.807,8516400.34
17.04.2025 18:00:00.000,151.817,152.177,151.216,151.236,8841600.42
17.04.2025 19:00:00.000,151.216,151.487,150.526,151.087,11834400.18
21.04.2025 13:00:00.000,148.817,148.836,147.096,147.096,6496799.95
21.04.2025 14:00:00.000,147.087,148.036,146.877,147.577,9362400.05
21.04.2025 15:00:00.000,147.567,147.716,146.206,146.386,7026000.02
21.04.2025 16:00:00.000,146.386,147.347,146.366,146.786,4923600.2
21.04.2025 17:00:00.000,146.787,146.937,146.296,146.447,5745600.22
21.04.2025 18:00:00.000,146.457,146.957,146.096,146.136,5251200.2
21.04.2025 19:00:00.000,146.127,147.967,146.106,147.617,9020400.05
22.04.2025 13:00:00.000,148.857,149.676,148.516,149.676,5354400.16
22.04.2025 14:00:00.000,149.677,150.577,149.346,150.446,7749599.93
22.04.2025 15:00:00.000,150.456,150.976,150.036,150.826,6705599.78
22.04.2025 16:00:00.000,150.856,152.177,150.846,151.467,8710800.17
22.04.2025 17:00:00.000,151.477,151.767,149.656,149.837,11584799.77
22.04.2025 18:00:00.000,149.836,151.257,149.767,151.027,7165200.23
22.04.2025 19:00:00.000,151.036,151.747,149.986,151.396,9064800.26
23.04.2025 13:00:00.000,155.547,157.066,155.306,156.766,9775199.89
23.04.2025 14:00:00.000,156.736,157.517,156.136,156.796,14418000.22
23.04.2025 15:00:00.000,156.796,156.997,153.787,154.666,13639200.21
23.04.2025 16:00:00.000,154.666,155.427,153.876,155.296,11228400.23
23.04.2025 17:00:00.000,155.307,155.826,154.496,155.377,8201999.66
23.04.2025 18:00:00.000,155.376,155.937,155.017,155.337,8239199.64
23.04.2025 19:00:00.000,155.337,155.716,154.396,155.297,12499199.87
24.04.2025 13:00:00.000,156.106,157.946,155.727,157.906,6232800.01
24.04.2025 14:00:00.000,157.896,158.186,156.946,157.897,8012399.67
24.04.2025 15:00:00.000,157.896,158.467,157.556,158.026,6022799.97
24.04.2025 16:00:00.000,158.046,158.787,157.776,158.546,6266399.86
24.04.2025 17:00:00.000,158.546,158.736,158.106,158.466,4907999.99
24.04.2025 18:00:00.000,158.476,159.306,158.437,158.937,5037600.04
24.04.2025 19:00:00.000,158.957,159.577,158.136,159.206,8279999.73
25.04.2025 13:00:00.000,164.996,166.046,162.276,163.117,8667599.68
25.04.2025 14:00:00.000,163.177,164.867,162.166,162.837,10255200.39
25.04.2025 15:00:00.000,162.826,163.216,161.476,161.997,7216800.21
25.04.2025 16:00:00.000,161.997,162.747,161.496,162.546,5557199.96
25.04.2025 17:00:00.000,162.516,163.097,161.026,161.597,7233600.14
25.04.2025 18:00:00.000,161.597,162.316,161.356,161.566,5175600.05
25.04.2025 19:00:00.000,161.556,162.247,161.446,161.906,7424399.85
28.04.2025 13:00:00.000,162.347,163.097,160.426,160.866,6752399.92
28.04.2025 14:00:00.000,160.896,161.397,159.946,160.737,11880000.11
28.04.2025 15:00:00.000,160.706,160.937,159.336,159.506,12050399.78
28.04.2025 16:00:00.000,159.496,159.526,158.826,158.996,9595199.59
28.04.2025 17:00:00.000,158.986,159.466,158.596,159.367,9063599.59
28.04.2025 18:00:00.000,159.366,159.637,158.906,159.266,7833600.04
28.04.2025 19:00:00.000,159.266,160.987,159.216,160.616,10289999.96
29.04.2025 13:00:00.000,160.037,160.467,157.516,158.437,6199200.15
29.04.2025 14:00:00.000,158.477,160.487,158.086,160.246,9667200.09
29.04.2025 15:00:00.000,160.226,160.317,158.947,159.446,7034399.99
29.04.2025 16:00:00.000,159.456,160.167,159.306,159.386,6121200.08
29.04.2025 17:00:00.000,159.416,160.696,159.096,160.316,4842000.01
29.04.2025 18:00:00.000,160.316,160.527,159.936,160.046,3987600.09
29.04.2025 19:00:00.000,160.046,160.497,159.836,160.067,6834000.11
30.04.2025 13:00:00.000,157.756,157.766,155.377,155.707,7267199.99
30.04.2025 14:00:00.000,155.707,157.257,155.586,157.037,12534000.4
30.04.2025 15:00:00.000,157.067,157.567,156.876,157.227,9989999.77
30.04.2025 16:00:00.000,157.226,157.297,156.616,157.017,7693200.11
30.04.2025 17:00:00.000,157.026,157.267,156.176,156.937,6003600.12
30.04.2025 18:00:00.000,156.946,158.006,156.776,157.107,8802000.05
30.04.2025 19:00:00.000,157.147,159.257,157.067,158.767,9376799.58
01.05.2025 13:00:00.000,160.377,161.067,159.276,159.407,7314000.13
01.05.2025 14:00:00.000,159.397,161.387,158.896,161.376,10700400.35
01.05.2025 15:00:00.000,161.387,161.887,160.467,160.646,7585199.83
01.05.2025 16:00:00.000,160.646,161.126,160.226,160.367,8032799.72
01.05.2025 17:00:00.000,160.367,161.557,160.327,161.467,6016799.93
01.05.2025 18:00:00.000,161.487,161.937,161.346,161.597,5060400.01
01.05.2025 19:00:00.000,161.606,161.616,160.956,161.147,8220000.27
02.05.2025 13:00:00.000,163.346,163.516,161.837,162.607,6884399.89
02.05.2025 14:00:00.000,162.597,164.286,162.406,164.267,9517200.47
02.05.2025 15:00:00.000,164.257,164.667,163.626,163.746,6356400.01
02.05.2025 16:00:00.000,163.746,164.947,163.556,164.346,6975599.77
02.05.2025 17:00:00.000,164.376,164.427,163.816,164.207,4599599.84
02.05.2025 18:00:00.000,164.207,164.517,163.826,163.997,4287600.04
02.05.2025 19:00:00.000,163.977,164.286,163.566,163.936,7195199.97
05.05.2025 13:00:00.000,162.887,165.237,162.657,164.586,5230800.15
05.05.2025 14:00:00.000,164.637,165.197,164.406,165.036,9379199.98
05.05.2025 15:00:00.000,165.027,165.117,164.026,164.577,5237999.92
05.05.2025 16:00:00.000,164.597,165.167,164.467,164.966,3430799.96
05.05.2025 17:00:00.000,164.947,165.127,164.577,165.067,3554399.97
05.05.2025 18:00:00.000,165.076,165.377,165.066,165.096,3252000.09
05.05.2025 19:00:00.000,165.087,165.147,164.006,164.197,5855999.95
06.05.2025 13:00:00.000,162.056,163.066,161.157,162.626,6329999.92
06.05.2025 14:00:00.000,162.626,163.907,162.536,163.447,7963200.09
06.05.2025 15:00:00.000,163.427,164.117,163.427,163.857,6260399.82
06.05.2025 16:00:00.000,163.847,164.757,163.686,163.736,9829199.79
06.05.2025 17:00:00.000,163.787,164.066,163.306,163.327,6489600.18
06.05.2025 18:00:00.000,163.317,163.997,163.196,163.957,5874000.07
06.05.2025 19:00:00.000,163.946,164.007,163.136,163.147,7406400.2
07.05.2025 13:00:00.000,164.057,164.927,163.346,163.726,6434400.08
07.05.2025 14:00:00.000,163.726,163.737,156.296,156.296,12494400.02
07.05.2025 15:00:00.000,156.347,156.866,150.876,150.926,21370800.02
07.05.2025 16:00:00.000,150.917,151.667,147.837,150.077,17013599.4
07.05.2025 17:00:00.000,150.076,151.397,149.847,150.716,12265199.66
07.05.2025 18:00:00.000,150.706,150.956,148.846,150.096,15590399.74
07.05.2025 19:00:00.000,150.067,151.417,149.726,151.286,17724000.93
08.05.2025 13:00:00.000,154.657,154.787,152.897,153.417,9559200.29
08.05.2025 14:00:00.000,153.417,154.457,153.216,153.477,13537199.97
08.05.2025 15:00:00.000,153.427,155.196,153.216,154.576,12313200
08.05.2025 16:00:00.000,154.556,155.157,154.516,154.727,6643199.92
08.05.2025 17:00:00.000,154.727,155.077,154.376,154.667,6224400.04
08.05.2025 18:00:00.000,154.657,155.577,154.476,155.466,9095999.72
08.05.2025 19:00:00.000,155.466,155.917,153.967,154.277,14443200.11
09.05.2025 13:00:00.000,154.157,155.017,153.947,154.396,5981999.87
09.05.2025 14:00:00.000,154.386,154.667,152.176,153.016,11625599.86
09.05.2025 15:00:00.000,153.007,153.777,152.956,153.326,9110400.2
09.05.2025 16:00:00.000,153.336,153.357,152.436,152.467,8003999.71
09.05.2025 17:00:00.000,152.466,152.966,152.416,152.636,6311999.8
09.05.2025 18:00:00.000,152.637,152.906,152.316,152.516,6519599.91
09.05.2025 19:00:00.000,152.517,152.837,152.376,152.687,8458800.32
12.05.2025 13:00:00.000,157.447,158.277,156.556,156.987,8397600.17
12.05.2025 14:00:00.000,156.997,158.046,156.587,157.006,10208399.77
12.05.2025 15:00:00.000,157.017,157.437,156.326,156.357,6427199.84
12.05.2025 16:00:00.000,156.367,158.537,156.247,158.456,5460000.04
12.05.2025 17:00:00.000,158.467,159.047,157.936,158.296,5343599.8
12.05.2025 18:00:00.000,158.316,159.077,158.216,158.567,5507999.9
12.05.2025 19:00:00.000,158.567,158.927,157.746,158.436,8779199.6
13.05.2025 13:00:00.000,158.736,158.737,156.166,157.087,6670800.21
13.05.2025 14:00:00.000,157.077,159.927,156.956,159.637,12430800.44
13.05.2025 15:00:00.000,159.637,160.307,159.357,160.167,6730800.15
13.05.2025 16:00:00.000,160.176,160.326,159.576,160.217,5398799.9
13.05.2025 17:00:00.000,160.216,160.557,159.276,159.377,5248799.8
13.05.2025 18:00:00.000,159.376,159.637,159.096,159.516,5026800.16
13.05.2025 19:00:00.000,159.507,159.686,159.206,159.387,6343200.21
14.05.2025 13:00:00.000,159.857,162.137,159.606,160.747,8329199.79
14.05.2025 14:00:00.000,160.737,164.797,160.737,164.447,13700400.35
14.05.2025 15:00:00.000,164.467,165.877,163.866,165.706,10220399.86
14.05.2025 16:00:00.000,165.707,166.987,165.616,166.077,9192000.39
14.05.2025 17:00:00.000,166.076,166.107,164.476,165.136,8461199.76
14.05.2025 18:00:00.000,165.146,165.747,164.646,165.067,7652400.02
14.05.2025 19:00:00.000,165.066,165.457,164.486,165.337,8819999.69
15.05.2025 13:00:00.000,165.737,166.136,163.937,164.576,7003200.05
15.05.2025 14:00:00.000,164.567,165.047,164.026,164.586,13021200.18
15.05.2025 15:00:00.000,164.586,165.657,164.506,165.366,8529600.14
15.05.2025 16:00:00.000,165.387,165.577,164.736,165.107,6938399.79
15.05.2025 17:00:00.000,165.127,165.127,164.547,164.757,5348400.12
15.05.2025 18:00:00.000,164.757,164.787,163.146,163.236,7516799.93
15.05.2025 19:00:00.000,163.217,163.957,162.366,163.637,11439599.99
16.05.2025 13:00:00.000,167.626,169.287,166.987,167.796,10932000.16
16.05.2025 14:00:00.000,167.857,168.517,165.606,166.757,16561199.19
16.05.2025 15:00:00.000,166.767,166.917,165.996,166.327,13964400.29
16.05.2025 16:00:00.000,166.327,166.906,166.217,166.327,8201999.66
16.05.2025 17:00:00.000,166.327,166.666,165.766,165.956,7987199.78
16.05.2025 18:00:00.000,165.966,166.837,165.916,166.697,6538799.76
16.05.2025 19:00:00.000,166.706,166.967,165.936,166.147,9981599.81
19.05.2025 13:00:00.000,164.277,165.817,164.277,165.536,9350399.97
19.05.2025 14:00:00.000,165.526,166.056,164.196,164.577,13545599.94
19.05.2025 15:00:00.000,164.576,165.587,164.276,165.236,11013600.35
19.05.2025 16:00:00.000,165.246,165.436,164.536,165.367,8138400.08
19.05.2025 17:00:00.000,165.396,165.947,165.326,165.776,8978400.23
19.05.2025 18:00:00.000,165.766,165.977,165.386,165.887,8029199.6
19.05.2025 19:00:00.000,165.877,166.617,165.666,166.517,8960399.63
20.05.2025 13:00:00.000,166.446,167.527,165.396,166.416,8871600.15
20.05.2025 14:00:00.000,166.426,166.977,165.896,166.626,10759200.1
20.05.2025 15:00:00.000,166.627,167.026,166.406,166.936,6596399.78
20.05.2025 16:00:00.000,166.927,168.317,166.836,167.936,7183199.88
20.05.2025 17:00:00.000,167.937,168.477,163.016,164.957,14030400.28
20.05.2025 18:00:00.000,164.956,165.677,163.616,163.697,13030799.87
20.05.2025 19:00:00.000,163.656,164.287,162.876,163.987,12368399.62
21.05.2025 13:00:00.000,163.597,168.267,163.496,167.966,10281600
21.05.2025 14:00:00.000,167.966,171.656,167.956,171.626,24082799.91
21.05.2025 15:00:00.000,171.617,173.117,171.096,172.076,22495199.2
21.05.2025 16:00:00.000,172.066,172.456,170.896,171.097,14185199.74
21.05.2025 17:00:00.000,171.106,171.307,168.716,169.686,25750799.18
21.05.2025 18:00:00.000,169.687,170.197,169.126,169.156,19979999.54
21.05.2025 19:00:00.000,169.206,169.607,168.426,168.546,21523199.08
22.05.2025 13:00:00.000,171.777,176.347,170.696,176.016,13516799.93
22.05.2025 14:00:00.000,175.997,176.756,173.396,173.947,28878000.26
22.05.2025 15:00:00.000,173.936,174.266,171.946,173.167,22015199.66
22.05.2025 16:00:00.000,173.157,173.717,171.906,172.197,18543600.08
22.05.2025 17:00:00.000,172.186,173.036,172.046,172.706,15601200.1
22.05.2025 18:00:00.000,172.706,173.047,172.376,172.656,13425600.05
22.05.2025 19:00:00.000,172.656,173.237,170.726,170.826,17843999.86
23.05.2025 13:00:00.000,169.097,169.767,167.876,168.507,13922400.47
23.05.2025 14:00:00.000,168.506,169.856,168.416,168.946,19266000.75
23.05.2025 15:00:00.000,168.957,169.537,168.746,169.206,17050800.32
23.05.2025 16:00:00.000,169.216,169.307,168.747,168.967,13310400.01
23.05.2025 17:00:00.000,168.967,169.946,168.876,169.617,11290800.09
23.05.2025 18:00:00.000,169.606,169.867,169.316,169.337,11884799.96
23.05.2025 19:00:00.000,169.336,169.716,168.216,168.497,18645599.37
27.05.2025 13:00:00.000,170.346,171.877,170.137,171.747,12069600.11
27.05.2025 14:00:00.000,171.736,172.967,171.597,171.836,16681200.03
27.05.2025 15:00:00.000,171.836,172.517,171.346,171.667,15346799.85
27.05.2025 16:00:00.000,171.676,172.646,171.446,172.196,14384400.37
27.05.2025 17:00:00.000,172.207,172.737,172.137,172.647,12362400.05
27.05.2025 18:00:00.000,172.637,172.977,172.576,172.587,13268400.19
27.05.2025 19:00:00.000,172.577,173.117,172.346,172.866,15806400.3
28.05.2025 13:00:00.000,172.997,175.227,172.867,173.696,11977199.55
28.05.2025 14:00:00.000,173.707,174.027,172.596,172.707,17993999.48
28.05.2025 15:00:00.000,172.697,173.537,172.676,172.906,13618800.16
28.05.2025 16:00:00.000,172.906,173.177,172.766,172.977,10899600.03
28.05.2025 17:00:00.000,172.996,173.387,172.506,172.546,10202400.21
28.05.2025 18:00:00.000,172.556,172.787,171.926,172.447,12270000.46
28.05.2025 19:00:00.000,172.447,172.967,171.896,172.307,18826799.39
29.05.2025 13:00:00.000,173.997,174.337,172.426,172.456,10198800.09
29.05.2025 14:00:00.000,172.446,172.677,171.346,172.557,17893199.92
29.05.2025 15:00:00.000,172.557,172.646,170.696,170.866,14234399.8
29.05.2025 16:00:00.000,170.867,171.617,170.626,171.486,13685999.87
29.05.2025 17:00:00.000,171.486,171.816,171.166,171.356,11682000.16
29.05.2025 18:00:00.000,171.377,171.717,170.896,171.486,11151599.88
29.05.2025 19:00:00.000,171.496,172.117,171.226,171.786,13843199.73
30.05.2025 13:00:00.000,171.196,171.576,169.766,170.496,6719999.79
30.05.2025 14:00:00.000,170.516,171.077,170.296,170.506,15092399.6
30.05.2025 15:00:00.000,170.526,170.667,169.376,170.226,13753199.58
30.05.2025 16:00:00.000,170.237,170.267,167.436,167.817,19323600.77
30.05.2025 17:00:00.000,167.816,169.686,167.606,169.446,15605999.95
30.05.2025 18:00:00.000,169.446,170.107,169.297,170.016,14164799.69
30.05.2025 19:00:00.000,170.017,172.187,169.917,171.616,17354400.63
02.06.2025 13:00:00.000,167.797,169.837,167.376,168.196,8288399.7
02.06.2025 14:00:00.000,168.077,169.296,167.546,168.976,16876800.54
02.06.2025 15:00:00.000,168.976,169.317,168.436,169.117,11211600.3
02.06.2025 16:00:00.000,169.127,169.377,168.826,169.146,8242799.76
02.06.2025 17:00:00.000,169.156,169.317,168.386,168.446,7504799.84
02.06.2025 18:00:00.000,168.447,169.006,168.356,168.807,7442399.98
02.06.2025 19:00:00.000,168.797,169.476,168.767,169.047,8625599.86
03.06.2025 13:00:00.000,167.376,168.047,165.276,166.666,9673199.65
03.06.2025 14:00:00.000,166.746,167.437,166.516,166.937,11697600.36
03.06.2025 15:00:00.000,166.957,167.487,166.656,167.216,8045999.53
03.06.2025 16:00:00.000,167.207,168.127,166.906,167.856,6253200.05
03.06.2025 17:00:00.000,167.857,168.456,167.606,168.127,5460000.04
03.06.2025 18:00:00.000,168.137,168.187,166.907,166.987,7545599.94
03.06.2025 19:00:00.000,167.027,167.227,166.037,166.156,9053999.9
04.06.2025 13:00:00.000,166.686,168.146,166.546,167.437,6223199.84
04.06.2025 14:00:00.000,167.357,167.597,166.376,167.207,12826800.35
04.06.2025 15:00:00.000,167.196,167.407,166.506,166.666,9746399.88
04.06.2025 16:00:00.000,166.656,167.027,166.346,166.787,8587200.16
04.06.2025 17:00:00.000,166.797,167.786,166.746,167.716,6572400.09
04.06.2025 18:00:00.000,167.687,167.807,167.286,167.686,4858799.93
04.06.2025 19:00:00.000,167.686,168.207,167.576,168.026,7467599.87
05.06.2025 13:00:00.000,170.196,170.927,169.046,169.666,9457200.05
05.06.2025 14:00:00.000,169.667,170.557,168.416,169.747,17208000.18
05.06.2025 15:00:00.000,169.767,170.266,169.297,169.677,10284000.4
05.06.2025 16:00:00.000,169.646,170.117,168.746,168.947,12567600.25
05.06.2025 17:00:00.000,168.947,170.287,168.766,169.867,9720000.27
05.06.2025 18:00:00.000,169.877,170.047,169.296,169.776,10126799.58
05.06.2025 19:00:00.000,169.766,169.787,167.577,168.177,20475599.29
06.06.2025 13:00:00.000,170.947,172.517,170.787,172.397,8277600.29
06.06.2025 14:00:00.000,172.407,173.817,172.177,172.507,11799599.65
06.06.2025 15:00:00.000,172.506,173.246,171.736,172.946,10201199.53
06.06.2025 16:00:00.000,172.957,173.097,172.126,172.667,8836799.62
06.06.2025 17:00:00.000,172.657,173.537,172.416,173.447,6580800.06
06.06.2025 18:00:00.000,173.436,174.486,173.336,173.926,6158400.06
06.06.2025 19:00:00.000,173.937,174.226,173.306,173.627,9557999.61
09.06.2025 13:00:00.000,174.547,175.847,174.316,175.447,7786799.91
09.06.2025 14:00:00.000,175.467,176.446,175.016,175.017,10003199.58
09.06.2025 15:00:00.000,175.027,175.976,174.866,175.776,7274400.23
09.06.2025 16:00:00.000,175.787,176.067,175.437,175.867,7555200.1
09.06.2025 17:00:00.000,175.897,176.256,175.717,175.987,6308400.15
09.06.2025 18:00:00.000,175.997,176.457,175.576,176.336,5668799.88
09.06.2025 19:00:00.000,176.327,176.377,175.707,176.027,7762800.22
10.06.2025 13:00:00.000,176.216,179.597,175.836,178.557,11184000.02
10.06.2025 14:00:00.000,178.556,181.097,178.356,179.826,18506399.15
10.06.2025 15:00:00.000,179.847,180.176,178.606,179.637,13083600.04
10.06.2025 16:00:00.000,179.636,180.287,179.426,179.776,7843200.21
10.06.2025 17:00:00.000,179.776,179.956,178.476,178.496,7048799.99
10.06.2025 18:00:00.000,178.497,179.216,178.107,178.966,8831999.78
10.06.2025 19:00:00.000,178.967,179.227,174.867,178.607,15029999.73
11.06.2025 13:00:00.000,179.787,180.337,178.136,178.907,8708100.32
11.06.2025 14:00:00.000,178.916,179.377,178.446,178.627,9798000.34
11.06.2025 15:00:00.000,178.637,179.037,178.276,178.327,7684800.15
11.06.2025 16:00:00.000,178.326,178.516,177.496,177.857,8948399.54
11.06.2025 17:00:00.000,177.857,178.156,177.096,177.167,6309599.88
11.06.2025 18:00:00.000,177.177,178.167,176.736,177.606,12676799.77
11.06.2025 19:00:00.000,177.617,177.877,177.037,177.377,12604800.22
12.06.2025 13:00:00.000,175.896,176.616,174.686,175.627,8205599.78
12.06.2025 14:00:00.000,175.617,176.356,175.077,175.906,10654800.41
12.06.2025 15:00:00.000,175.917,176.356,175.457,176.097,9460800.17
12.06.2025 16:00:00.000,176.106,176.706,176.006,176.217,8022000.31
12.06.2025 17:00:00.000,176.227,176.477,176.086,176.167,4349999.9
12.06.2025 18:00:00.000,176.177,176.226,175.826,175.976,4907999.99
12.06.2025 19:00:00.000,175.996,176.167,175.216,175.637,5866799.83
13.06.2025 13:00:00.000,172.396,174.557,172.286,174.196,8263199.81
13.06.2025 14:00:00.000,174.206,175.617,173.646,175.217,13226400.38
13.06.2025 15:00:00.000,175.217,176.727,175.216,176.637,8176799.77
13.06.2025 16:00:00.000,176.627,177.117,176.406,176.806,6614399.91
13.06.2025 17:00:00.000,176.806,176.907,176.286,176.616,7720799.92
13.06.2025 18:00:00.000,176.647,176.766,175.237,175.537,12144000.05
13.06.2025 19:00:00.000,175.527,175.656,174.406,174.677,15473999.98
16.06.2025 13:00:00.000,174.667,175.836,174.617,175.646,8376000.4
16.06.2025 14:00:00.000,175.636,176.147,175.306,176.066,10016400.34
16.06.2025 15:00:00.000,176.046,176.357,175.066,175.226,8355600.36
16.06.2025 16:00:00.000,175.227,175.606,174.906,175.156,6109200
16.06.2025 17:00:00.000,175.146,175.947,175.026,175.647,6591599.94
16.06.2025 18:00:00.000,175.667,176.387,175.576,176.316,4983600.14
16.06.2025 19:00:00.000,176.286,176.917,176.116,176.707,8512800.22
17.06.2025 13:00:00.000,175.617,176.637,174.566,175.077,7267199.99
17.06.2025 14:00:00.000,175.086,176.377,174.746,176.096,9915599.82
17.06.2025 15:00:00.000,176.086,177.307,176.076,176.957,8761199.95
17.06.2025 16:00:00.000,176.986,177.346,176.386,176.487,7519199.85
17.06.2025 17:00:00.000,176.477,177.017,176.077,176.267,10088399.89
17.06.2025 18:00:00.000,176.267,176.487,175.846,176.437,10302000.05
17.06.2025 19:00:00.000,176.457,176.756,175.786,175.866,9151200.29
18.06.2025 13:00:00.000,176.077,176.547,175.466,176.267,6096000.19
18.06.2025 14:00:00.000,176.267,176.437,175.096,175.596,11800800.32
18.06.2025 15:00:00.000,175.597,175.687,175.026,175.097,6549600.12
18.06.2025 16:00:00.000,175.096,175.807,174.886,175.657,6800399.78
18.06.2025 17:00:00.000,175.677,176.196,175.206,175.736,7226399.9
18.06.2025 18:00:00.000,175.817,176.187,174.876,175.056,14110799.79
18.06.2025 19:00:00.000,175.067,175.737,173.186,173.256,17927999.5
20.06.2025 13:00:00.000,173.867,174.337,172.617,172.787,8520000.46
20.06.2025 14:00:00.000,172.776,173.186,169.037,169.436,18708000.18
20.06.2025 15:00:00.000,169.436,169.487,168.206,168.517,14835599.9
20.06.2025 16:00:00.000,168.516,169.547,168.456,169.077,11005200.39
20.06.2025 17:00:00.000,169.056,169.307,168.006,168.927,10129199.98
20.06.2025 18:00:00.000,168.927,169.307,168.196,168.257,8170800.21
20.06.2025 19:00:00.000,168.276,168.306,165.447,166.657,14992799.76
23.06.2025 13:00:00.000,166.146,166.266,163.797,165.487,8423999.79
23.06.2025 14:00:00.000,165.467,167.307,165.406,166.127,11212800.03
23.06.2025 15:00:00.000,166.146,166.416,164.166,164.407,9518400.19
23.06.2025 16:00:00.000,164.416,164.577,162.057,162.837,16260000.23
23.06.2025 17:00:00.000,162.837,163.277,162.076,163.056,13484860.42
23.06.2025 18:00:00.000,163.067,164.067,162.976,163.697,8146800.04
23.06.2025 19:00:00.000,163.697,165.307,163.676,165.157,10664400.1
24.06.2025 13:00:00.000,166.996,167.467,166.106,166.557,8002799.99
24.06.2025 14:00:00.000,166.547,167.517,166.476,166.956,9795599.94
24.06.2025 15:00:00.000,166.987,168.147,166.956,167.726,7860000.13
24.06.2025 16:00:00.000,167.696,168.207,167.497,167.746,5484665.87
24.06.2025 17:00:00.000,167.737,167.877,167.176,167.396,4891200.07
24.06.2025 18:00:00.000,167.406,167.687,167.196,167.607,4316400.05
24.06.2025 19:00:00.000,167.567,167.797,166.476,166.747,8278800.01
25.06.2025 13:00:00.000,167.616,171.147,167.516,170.027,9937199.59
25.06.2025 14:00:00.000,170.067,171.757,169.586,170.987,11138400.08
25.06.2025 15:00:00.000,170.996,172.346,170.466,172.007,8061599.73
25.06.2025 16:00:00.000,171.996,172.037,170.606,170.887,5413199.9
25.06.2025 17:00:00.000,170.887,171.177,169.636,169.886,6315599.92
25.06.2025 18:00:00.000,169.856,170.617,169.676,170.176,5119200.23
25.06.2025 19:00:00.000,170.196,170.836,170.037,170.647,6620399.95
26.06.2025 13:00:00.000,172.387,172.727,169.926,170.957,8668800.35
26.06.2025 14:00:00.000,170.967,171.867,170.646,171.737,10233599.66
26.06.2025 15:00:00.000,171.746,172.947,171.706,172.627,8392800.33
26.06.2025 16:00:00.000,172.616,172.897,172.166,172.497,6518400.19
26.06.2025 17:00:00.000,172.497,173.436,172.476,173.117,5409599.78
26.06.2025 18:00:00.000,173.117,173.407,172.686,172.756,5667600.15
26.06.2025 19:00:00.000,172.726,173.676,172.586,173.527,7866000.18
27.06.2025 13:00:00.000,173.347,175.007,173.347,174.496,6752399.92
27.06.2025 14:00:00.000,174.517,174.856,173.506,174.376,10525199.89
27.06.2025 15:00:00.000,174.376,174.387,173.506,173.726,8154000.28
27.06.2025 16:00:00.000,173.737,173.757,172.736,173.376,6716400.15
27.06.2025 17:00:00.000,173.386,173.547,172.536,172.826,9721199.99
27.06.2025 18:00:00.000,172.826,172.997,171.726,172.086,12250800.13
27.06.2025 19:00:00.000,172.076,178.657,172.076,178.376,18086399.08