Gmt time,Open,High,Low,Close,Volume
02.01.2020 14:00:00.000,323.458,323.978,323.458,323.837,5908750.06
02.01.2020 15:00:00.000,323.598,323.618,322.757,323.238,9338999.75
02.01.2020 16:00:00.000,323.248,323.348,322.528,323.048,16576250.08
02.01.2020 17:00:00.000,323.047,323.438,322.917,323.357,13754249.57
02.01.2020 18:00:00.000,323.358,323.358,322.957,323.157,11327750.21
02.01.2020 19:00:00.000,323.158,323.867,323.127,323.768,12853500.37
02.01.2020 20:00:00.000,323.777,324.788,323.728,324.788,15271750.45
03.01.2020 14:00:00.000,321.107,322.938,321.057,322.727,18315500.26
03.01.2020 15:00:00.000,322.717,323.077,322.027,322.487,28556999.21
03.01.2020 16:00:00.000,322.498,323.218,322.157,323.128,12787500.38
03.01.2020 17:00:00.000,323.127,323.638,323.107,323.398,15259249.69
03.01.2020 18:00:00.000,323.408,323.538,322.318,322.917,18638999.94
03.01.2020 19:00:00.000,322.918,323.308,322.557,323.238,16722499.85
03.01.2020 20:00:00.000,323.237,323.528,322.437,322.578,19743249.89
06.01.2020 14:00:00.000,320.457,321.738,320.357,321.577,18672750.47
06.01.2020 15:00:00.000,321.578,322.478,321.467,322.218,26822250.37
06.01.2020 16:00:00.000,322.217,322.548,322.077,322.268,20114250.18
06.01.2020 17:00:00.000,322.267,322.488,322.137,322.397,14819999.69
06.01.2020 18:00:00.000,322.388,322.868,322.338,322.738,11718500.14
06.01.2020 19:00:00.000,322.738,323.198,322.588,322.978,13917249.68
06.01.2020 20:00:00.000,322.988,323.728,322.887,323.588,17780500.41
07.01.2020 14:00:00.000,322.988,323.278,322.228,322.558,18228250.5
07.01.2020 15:00:00.000,322.567,323.358,322.447,323.248,31533250.81
07.01.2020 16:00:00.000,323.258,323.528,322.717,322.837,19831750.87
07.01.2020 17:00:00.000,322.837,323.048,322.697,322.887,15476249.69
07.01.2020 18:00:00.000,322.888,323.138,322.877,323.137,11847000.12
07.01.2020 19:00:00.000,323.138,323.158,322.628,322.977,16291250.23
07.01.2020 20:00:00.000,322.978,323.348,322.637,322.787,17528249.74
08.01.2020 14:00:00.000,322.928,323.838,322.657,323.717,17621500.02
08.01.2020 15:00:00.000,323.718,323.968,322.877,323.308,25976499.56
08.01.2020 16:00:00.000,323.297,325.208,323.087,324.788,27966749.19
08.01.2020 17:00:00.000,324.798,325.068,324.697,324.878,21153249.74
08.01.2020 18:00:00.000,324.877,324.958,324.557,324.608,14664750.1
08.01.2020 19:00:00.000,324.608,325.248,324.608,325.248,13881250.38
08.01.2020 20:00:00.000,325.248,325.768,324.227,324.367,20623750.69
09.01.2020 14:00:00.000,326.147,326.468,325.647,325.997,17184000.02
09.01.2020 15:00:00.000,325.987,326.548,325.697,326.457,22776750.56
09.01.2020 16:00:00.000,326.458,326.588,326.078,326.518,18072000.5
09.01.2020 17:00:00.000,326.517,326.598,325.507,326.038,19997999.19
09.01.2020 18:00:00.000,326.048,326.368,325.738,326.187,18084249.5
09.01.2020 19:00:00.000,326.188,326.728,326.157,326.487,15858249.66
09.01.2020 20:00:00.000,326.488,326.668,326.107,326.598,17509500.5
10.01.2020 14:00:00.000,327.278,327.428,326.567,327.148,16079500.2
10.01.2020 15:00:00.000,327.148,327.448,326.907,327.198,23925750.73
10.01.2020 16:00:00.000,327.198,327.298,326.407,326.567,19276750.56
10.01.2020 17:00:00.000,326.578,326.618,325.918,326.488,19803249.36
10.01.2020 18:00:00.000,326.497,326.878,326.448,326.747,11893250.47
10.01.2020 19:00:00.000,326.757,326.788,326.037,326.277,14947999.95
10.01.2020 20:00:00.000,326.268,326.308,325.197,325.668,21078750.61
13.01.2020 14:00:00.000,326.388,326.708,325.908,326.638,16878749.85
13.01.2020 15:00:00.000,326.647,326.888,326.287,326.848,22496250.15
13.01.2020 16:00:00.000,326.847,327.278,326.728,327.258,19039249.42
13.01.2020 17:00:00.000,327.257,327.537,327.247,327.308,12079250.34
13.01.2020 18:00:00.000,327.307,327.448,327.178,327.217,9355250.36
13.01.2020 19:00:00.000,327.218,327.588,327.127,327.548,9919249.53
13.01.2020 20:00:00.000,327.547,327.938,327.337,327.928,12126000.4
14.01.2020 14:00:00.000,327.448,327.738,327.057,327.117,17419000.63
14.01.2020 15:00:00.000,327.118,327.788,327.018,327.538,24111249.92
14.01.2020 16:00:00.000,327.537,327.968,327.478,327.968,17936500.55
14.01.2020 17:00:00.000,327.967,328.388,327.888,328.278,13489999.77
14.01.2020 18:00:00.000,328.277,328.598,327.388,327.608,21089500.43
14.01.2020 19:00:00.000,327.608,328.048,326.837,327.587,21825750.35
14.01.2020 20:00:00.000,327.588,327.728,326.977,327.458,19967500.69
15.01.2020 14:00:00.000,327.327,328.657,327.287,328.587,16389749.53
15.01.2020 15:00:00.000,328.598,328.898,328.287,328.888,24066749.57
15.01.2020 16:00:00.000,328.887,329.008,328.327,328.638,21118499.76
15.01.2020 17:00:00.000,328.638,328.858,328.088,328.148,18712249.76
15.01.2020 18:00:00.000,328.147,328.268,327.718,327.918,19602500.92
15.01.2020 19:00:00.000,327.928,328.648,327.877,328.247,14625749.59
15.01.2020 20:00:00.000,328.257,328.278,327.247,328.138,23526500.7
16.01.2020 14:00:00.000,329.668,329.978,329.437,329.667,15393500.33
16.01.2020 15:00:00.000,329.657,330.008,329.507,329.668,24399250.03
16.01.2020 16:00:00.000,329.678,329.908,329.438,329.828,18573999.4
16.01.2020 17:00:00.000,329.827,329.987,329.737,329.888,12435999.87
16.01.2020 18:00:00.000,329.888,330.118,329.797,330.067,11417499.54
16.01.2020 19:00:00.000,330.068,330.128,329.877,329.958,11473500.25
16.01.2020 20:00:00.000,329.957,330.898,329.917,330.878,15566749.57
17.01.2020 14:00:00.000,331.678,331.717,331.177,331.687,13975999.83
17.01.2020 15:00:00.000,331.677,331.808,331.307,331.468,21612499.24
17.01.2020 16:00:00.000,331.467,331.628,331.058,331.547,17315750.12
17.01.2020 17:00:00.000,331.548,331.808,331.457,331.517,11815500.26
17.01.2020 18:00:00.000,331.518,331.778,331.497,331.648,11152999.88
17.01.2020 19:00:00.000,331.658,331.768,331.477,331.708,10732250.21
17.01.2020 20:00:00.000,331.708,332.168,331.297,332.028,16582000.73
21.01.2020 14:00:00.000,330.888,331.528,330.858,331.237,14075499.53
21.01.2020 15:00:00.000,331.238,331.528,330.947,331.158,22855749.13
21.01.2020 16:00:00.000,331.158,332.068,331.137,331.977,16028249.74
21.01.2020 17:00:00.000,331.988,332.168,331.897,332.008,11672499.66
21.01.2020 18:00:00.000,332.008,332.088,330.937,330.998,18916250.23
21.01.2020 19:00:00.000,330.988,331.488,330.818,331.388,19955499.65
21.01.2020 20:00:00.000,331.388,331.758,331.017,331.278,18323249.82
22.01.2020 14:00:00.000,332.218,332.758,331.997,332.647,14372750.28
22.01.2020 15:00:00.000,332.648,332.938,332.267,332.348,22243249.89
22.01.2020 16:00:00.000,332.347,332.388,331.818,332.027,19452249.53
22.01.2020 17:00:00.000,332.028,332.168,331.637,332.148,16804750.44
22.01.2020 18:00:00.000,332.147,332.388,332.047,332.048,13321749.69
22.01.2020 19:00:00.000,332.038,332.268,331.917,332.028,12791500.09
22.01.2020 20:00:00.000,332.028,332.038,331.167,331.398,23979749.68
23.01.2020 14:00:00.000,330.618,330.768,329.407,330.278,17593250.27
23.01.2020 15:00:00.000,330.288,330.808,330.067,330.298,25981000.9
23.01.2020 16:00:00.000,330.267,330.388,329.598,330.157,24101249.69
23.01.2020 17:00:00.000,330.147,330.658,330.007,330.318,16659000.4
23.01.2020 18:00:00.000,330.307,331.198,330.197,331.187,16197750.09
23.01.2020 19:00:00.000,331.188,331.698,331.128,331.678,16119749.07
23.01.2020 20:00:00.000,331.678,331.898,331.427,331.737,18865249.63
24.01.2020 14:00:00.000,332.408,332.508,331.747,332.218,16331499.1
24.01.2020 15:00:00.000,332.217,332.218,330.827,331.158,28884750.37
24.01.2020 16:00:00.000,331.168,331.538,329.937,329.958,27762250.9
24.01.2020 17:00:00.000,329.948,329.958,328.687,329.778,30822250.37
24.01.2020 18:00:00.000,329.777,329.798,328.018,328.458,27099000.93
24.01.2020 19:00:00.000,328.448,328.618,327.357,328.598,31131999.97
24.01.2020 20:00:00.000,328.598,329.248,327.827,328.758,31616750.72
27.01.2020 14:00:00.000,323.017,324.678,322.667,324.468,21020000.46
27.01.2020 15:00:00.000,324.458,324.598,323.278,323.858,34186248.78
27.01.2020 16:00:00.000,323.848,324.418,323.298,324.188,30217750.55
27.01.2020 17:00:00.000,324.187,325.118,323.978,324.678,23521999.36
27.01.2020 18:00:00.000,324.668,325.058,324.427,324.607,19895000.46
27.01.2020 19:00:00.000,324.608,324.978,323.877,324.208,21133249.28
27.01.2020 20:00:00.000,324.208,324.538,323.448,323.498,25145500.18
28.01.2020 14:00:00.000,325.037,325.478,324.537,325.088,19248500.82
28.01.2020 15:00:00.000,325.108,327.008,325.098,326.848,30719499.59
28.01.2020 16:00:00.000,326.847,327.238,326.437,327.208,25234249.12
28.01.2020 17:00:00.000,327.207,327.448,326.997,327.108,16263999.94
28.01.2020 18:00:00.000,327.107,327.168,326.627,327.088,13931500.43
28.01.2020 19:00:00.000,327.087,327.838,327.087,327.428,16116750.72
28.01.2020 20:00:00.000,327.427,327.678,326.798,326.868,20480749.13
29.01.2020 14:00:00.000,328.348,328.458,327.137,327.258,17601499.56
29.01.2020 15:00:00.000,327.268,327.878,326.378,327.818,34093498.23
29.01.2020 16:00:00.000,327.817,328.058,327.597,327.908,22360750.2
29.01.2020 17:00:00.000,327.908,328.068,327.758,327.818,15559000.02
29.01.2020 18:00:00.000,327.818,328.297,327.667,328.038,12381250.38
29.01.2020 19:00:00.000,328.037,328.607,327.747,327.767,21997249.6
29.01.2020 20:00:00.000,327.768,327.878,326.547,326.607,27789249.42
30.01.2020 14:00:00.000,324.308,325.878,324.278,325.197,19544750.21
30.01.2020 15:00:00.000,325.178,325.858,323.538,323.717,31613250.73
30.01.2020 16:00:00.000,323.708,325.688,323.627,325.167,28486249.92
30.01.2020 17:00:00.000,325.168,325.348,323.847,324.258,24685749.05
30.01.2020 18:00:00.000,324.267,324.708,324.037,324.528,20152999.88
30.01.2020 19:00:00.000,324.527,326.158,324.447,325.878,26944499.97
30.01.2020 20:00:00.000,325.868,327.898,325.727,327.657,31263500.21
31.01.2020 14:00:00.000,326.938,327.158,325.417,326.028,20931499.48
31.01.2020 15:00:00.000,326.027,326.028,323.748,323.957,37570499.42
31.01.2020 16:00:00.000,323.948,324.328,322.628,324.088,38085998.54
31.01.2020 17:00:00.000,324.078,324.078,322.097,322.688,33387500.76
31.01.2020 18:00:00.000,322.687,323.138,321.657,322.467,31166500.09
31.01.2020 19:00:00.000,322.468,323.218,322.167,322.477,28967250.82
31.01.2020 20:00:00.000,322.477,322.738,320.737,321.788,33989749.91
03.02.2020 14:00:00.000,323.347,325.218,323.217,325.138,17436500.55
03.02.2020 15:00:00.000,325.138,326.148,324.897,325.168,32248001.1
03.02.2020 16:00:00.000,325.177,325.518,323.707,324.258,29037250.52
03.02.2020 17:00:00.000,324.248,324.928,323.907,324.838,22127750.4
03.02.2020 18:00:00.000,324.848,324.908,324.038,324.608,22715499.88
03.02.2020 19:00:00.000,324.607,324.728,323.958,324.518,19595500.95
03.02.2020 20:00:00.000,324.508,324.998,323.897,324.158,22004999.16
04.02.2020 14:00:00.000,328.068,328.938,327.708,328.727,19991750.72
04.02.2020 15:00:00.000,328.728,329.348,328.268,328.968,29442750.93
04.02.2020 16:00:00.000,328.947,329.848,328.847,329.578,20317750.93
04.02.2020 17:00:00.000,329.587,329.868,329.468,329.728,16739749.91
04.02.2020 18:00:00.000,329.737,329.808,329.097,329.627,12390250.21
04.02.2020 19:00:00.000,329.638,329.998,329.497,329.708,14346500.4
04.02.2020 20:00:00.000,329.698,329.858,328.877,329.068,20043500.9
05.02.2020 14:00:00.000,332.248,332.408,331.247,331.957,19490249.63
05.02.2020 15:00:00.000,331.967,332.328,330.658,331.557,38754749.3
05.02.2020 16:00:00.000,331.558,331.988,331.127,331.978,26795749.66
05.02.2020 17:00:00.000,331.968,332.238,331.858,331.907,16984750.75
05.02.2020 18:00:00.000,331.908,332.258,331.608,332.087,16412500.38
05.02.2020 19:00:00.000,332.088,332.728,331.748,332.658,16072750.09
05.02.2020 20:00:00.000,332.657,333.077,332.188,332.808,21594999.31
06.02.2020 14:00:00.000,333.908,334.058,332.788,333.718,20150999.07
06.02.2020 15:00:00.000,333.728,333.938,332.927,333.488,33631000.52
06.02.2020 16:00:00.000,333.487,334.048,333.327,333.458,28218750
06.02.2020 17:00:00.000,333.457,334.118,333.407,334.047,18465000.15
06.02.2020 18:00:00.000,334.057,334.178,333.508,333.867,15350500.11
06.02.2020 19:00:00.000,333.868,334.098,333.708,333.767,15262749.67
06.02.2020 20:00:00.000,333.768,334.088,333.477,333.918,17972499.85
07.02.2020 14:00:00.000,332.818,332.987,331.947,332.288,20377500.53
07.02.2020 15:00:00.000,332.278,333.178,331.908,332.818,28810499.19
07.02.2020 16:00:00.000,332.818,333.597,332.587,333.178,20548250.2
07.02.2020 17:00:00.000,333.177,333.488,333.017,333.198,15688750.27
07.02.2020 18:00:00.000,333.187,333.188,332.267,332.267,14925000.19
07.02.2020 19:00:00.000,332.268,332.398,331.598,332.338,22349000.93
07.02.2020 20:00:00.000,332.338,332.618,331.828,332.178,20736749.65
10.02.2020 14:00:00.000,331.198,332.788,331.188,332.768,16354499.82
10.02.2020 15:00:00.000,332.768,333.688,332.727,333.318,27265750.89
10.02.2020 16:00:00.000,333.317,333.698,333.117,333.367,19786500.93
10.02.2020 17:00:00.000,333.368,333.368,332.877,333.038,16553249.36
10.02.2020 18:00:00.000,333.037,333.358,332.997,333.188,13707750.32
10.02.2020 19:00:00.000,333.187,333.798,333.007,333.788,13496000.29
10.02.2020 20:00:00.000,333.787,334.668,333.767,334.667,18010499.95
11.02.2020 14:00:00.000,336.148,336.288,335.487,336.008,14770000.46
11.02.2020 15:00:00.000,336.007,337.008,336.007,336.538,21371250.15
11.02.2020 16:00:00.000,336.527,336.708,335.617,335.837,24185749.05
11.02.2020 17:00:00.000,335.838,336.288,335.757,336.278,18541000.37
11.02.2020 18:00:00.000,336.287,336.468,335.607,335.858,15748999.6
11.02.2020 19:00:00.000,335.857,335.918,335.277,335.487,22091999.05
11.02.2020 20:00:00.000,335.497,335.668,334.737,335.278,25603000.64
12.02.2020 14:00:00.000,336.807,337.268,336.607,336.978,17839250.56
12.02.2020 15:00:00.000,336.988,337.188,336.418,336.568,30843500.14
12.02.2020 16:00:00.000,336.568,337.188,336.567,336.988,20365749.36
12.02.2020 17:00:00.000,336.987,337.218,336.797,336.988,15683250.43
12.02.2020 18:00:00.000,336.998,337.038,336.518,336.977,13362000.47
12.02.2020 19:00:00.000,336.978,337.308,336.928,337.188,13674249.65
12.02.2020 20:00:00.000,337.187,337.638,336.907,337.408,17445249.56
13.02.2020 14:00:00.000,335.848,336.838,335.568,336.108,18385250.09
13.02.2020 15:00:00.000,336.128,337.118,335.597,337.067,31097999.57
13.02.2020 16:00:00.000,337.068,337.608,336.897,337.288,22252000.81
13.02.2020 17:00:00.000,337.287,337.718,337.187,337.188,18459999.08
13.02.2020 18:00:00.000,337.187,337.987,337.017,337.848,18506500.24
13.02.2020 19:00:00.000,337.847,338.108,337.547,337.867,19346250.53
13.02.2020 20:00:00.000,337.868,337.988,336.757,337.018,23646499.63
14.02.2020 14:00:00.000,337.447,337.638,336.908,337.018,14987500.19
14.02.2020 15:00:00.000,337.018,337.528,336.667,337.498,23127500.53
14.02.2020 16:00:00.000,337.497,337.708,337.218,337.278,16198999.4
14.02.2020 17:00:00.000,337.277,337.358,336.647,336.798,14657500.27
14.02.2020 18:00:00.000,336.797,336.988,336.477,336.567,16838750.84
14.02.2020 19:00:00.000,336.568,337.238,336.188,336.868,16402500.15
14.02.2020 20:00:00.000,336.867,337.598,336.527,337.538,17743249.89
18.02.2020 14:00:00.000,336.508,337.107,336.388,336.978,18258249.28
18.02.2020 15:00:00.000,336.968,337.088,336.017,336.368,18137750.63
18.02.2020 16:00:00.000,336.368,336.448,335.208,335.238,23003999.71
18.02.2020 17:00:00.000,335.237,336.238,335.207,336.158,18184249.88
18.02.2020 18:00:00.000,336.157,336.488,336.048,336.218,14280750.27
18.02.2020 19:00:00.000,336.217,336.978,335.957,336.898,17839250.56
18.02.2020 20:00:00.000,336.907,337.158,336.407,336.708,18822250.37
19.02.2020 14:00:00.000,337.758,338.398,337.477,338.138,15301500.32
19.02.2020 15:00:00.000,338.118,338.498,337.937,338.418,21646999.36
19.02.2020 16:00:00.000,338.418,338.828,338.387,338.647,15185250.28
19.02.2020 17:00:00.000,338.648,338.908,338.537,338.727,11878000.26
19.02.2020 18:00:00.000,338.728,338.828,338.548,338.628,10027500.15
19.02.2020 19:00:00.000,338.627,339.058,338.477,338.847,12479000.09
19.02.2020 20:00:00.000,338.847,338.907,338.207,338.338,17299749.37
20.02.2020 14:00:00.000,337.718,338.417,337.537,338.237,14964750.29
20.02.2020 15:00:00.000,338.238,338.628,338.147,338.368,21774999.62
20.02.2020 16:00:00.000,338.388,338.398,333.678,335.458,38579750.06
20.02.2020 17:00:00.000,335.458,335.758,334.567,335.708,34944751.74
20.02.2020 18:00:00.000,335.707,336.617,335.487,335.848,24190500.26
20.02.2020 19:00:00.000,335.847,337.118,335.847,336.688,21135999.68
20.02.2020 20:00:00.000,336.708,337.238,336.098,336.958,21763750.08
21.02.2020 14:00:00.000,335.468,335.788,333.418,334.098,20767499.92
21.02.2020 15:00:00.000,334.098,334.578,333.017,333.837,36476501.46
21.02.2020 16:00:00.000,333.838,334.708,333.687,334.408,26338249.21
21.02.2020 17:00:00.000,334.408,334.808,333.758,333.968,20235750.2
21.02.2020 18:00:00.000,333.967,334.268,332.578,333.068,26423250.2
21.02.2020 19:00:00.000,333.068,333.528,332.738,333.308,30024499.89
21.02.2020 20:00:00.000,333.318,333.898,332.577,333.457,25379249.57
24.02.2020 14:00:00.000,323.128,325.628,322.848,325.317,24745250.7
24.02.2020 15:00:00.000,325.327,325.838,323.597,324.748,40733249.66
24.02.2020 16:00:00.000,324.738,324.908,323.047,323.498,35799999.24
24.02.2020 17:00:00.000,323.488,323.538,322.158,322.368,34254749.3
24.02.2020 18:00:00.000,322.358,323.187,321.237,322.968,32165748.6
24.02.2020 19:00:00.000,322.968,324.868,322.058,324.688,31100500.11
24.02.2020 20:00:00.000,324.687,325.188,322.388,322.468,33389251.71
25.02.2020 14:00:00.000,323.917,324.588,322.028,323.118,22469249.73
25.02.2020 15:00:00.000,323.117,323.558,318.438,319.818,44421749.12
25.02.2020 16:00:00.000,319.798,320.227,317.518,319.328,43564750.67
25.02.2020 17:00:00.000,319.337,319.668,316.958,317.078,34488498.69
25.02.2020 18:00:00.000,317.078,317.728,315.057,315.058,37002250.67
25.02.2020 19:00:00.000,315.087,315.218,312.068,314.158,45560749.05
25.02.2020 20:00:00.000,314.168,315.598,311.687,312.757,45452499.39
26.02.2020 14:00:00.000,314.128,317.438,313.828,315.508,24676750.18
26.02.2020 15:00:00.000,315.498,318.098,314.657,317.158,46230499.27
26.02.2020 16:00:00.000,317.138,317.718,315.118,315.408,41504001.62
26.02.2020 17:00:00.000,315.387,315.607,312.677,314.328,46197750.09
26.02.2020 18:00:00.000,314.348,314.768,310.698,311.118,44649250.03
26.02.2020 19:00:00.000,311.118,313.118,310.747,311.397,46541999.82
26.02.2020 20:00:00.000,311.398,313.448,311.398,311.408,43234249.12
27.02.2020 14:00:00.000,305.427,306.928,303.348,305.188,25467750.55
27.02.2020 15:00:00.000,305.178,305.828,300.638,305.517,44684253.69
27.02.2020 16:00:00.000,305.507,306.967,303.637,306.547,48262748.72
27.02.2020 17:00:00.000,306.538,309.628,306.048,307.827,48032501.22
27.02.2020 18:00:00.000,307.818,309.268,303.678,304.487,48210498.81
27.02.2020 19:00:00.000,304.478,305.218,303.088,303.198,46319999.69
27.02.2020 20:00:00.000,303.197,304.348,297.657,297.657,46220500.95
28.02.2020 14:00:00.000,288.688,293.158,286.688,287.648,29043750.76
28.02.2020 15:00:00.000,287.617,290.518,285.518,289.938,54296001.43
28.02.2020 16:00:00.000,289.967,296.088,287.488,291.747,52890998.84
28.02.2020 17:00:00.000,291.758,294.738,290.007,294.538,48178249.36
28.02.2020 18:00:00.000,294.538,295.088,288.768,290.218,48387748.72
28.02.2020 19:00:00.000,290.217,294.217,288.038,291.588,48411750.79
28.02.2020 20:00:00.000,291.608,295.218,288.057,295.098,46479999.54
02.03.2020 14:00:00.000,298.217,299.088,295.867,296.468,30408250.81
02.03.2020 15:00:00.000,296.478,300.037,294.457,298.497,54207248.69
02.03.2020 16:00:00.000,298.498,303.858,298.157,303.598,48046501.16
02.03.2020 17:00:00.000,303.588,304.058,301.468,303.618,36890998.84
02.03.2020 18:00:00.000,303.618,303.978,300.787,302.537,37668750.76
02.03.2020 19:00:00.000,302.528,303.407,298.958,300.048,39996498.11
02.03.2020 20:00:00.000,300.037,309.087,299.938,309.087,42734500.89
03.03.2020 14:00:00.000,309.468,309.488,304.887,305.928,28733749.39
03.03.2020 15:00:00.000,305.938,313.787,305.808,310.398,56850498.2
03.03.2020 16:00:00.000,310.398,310.638,302.518,307.317,54562000.27
03.03.2020 17:00:00.000,307.318,308.228,304.567,305.157,47771751.4
03.03.2020 18:00:00.000,305.128,305.128,300.017,300.218,50543251.04
03.03.2020 19:00:00.000,300.188,301.858,297.567,301.337,56586498.26
03.03.2020 20:00:00.000,301.328,304.228,299.308,300.078,56002998.35
04.03.2020 14:00:00.000,306.037,307.248,303.328,304.138,27120000.84
04.03.2020 15:00:00.000,304.177,307.297,303.457,304.717,50051998.14
04.03.2020 16:00:00.000,304.708,306.387,304.058,304.968,46985248.57
04.03.2020 17:00:00.000,304.957,307.928,304.957,307.877,38057250.98
04.03.2020 18:00:00.000,307.878,309.437,307.758,308.978,36028751.37
04.03.2020 19:00:00.000,308.977,309.988,308.188,309.357,37079250.34
04.03.2020 20:00:00.000,309.348,313.078,309.187,312.828,40823749.54
05.03.2020 14:00:00.000,304.958,306.408,303.818,304.568,27375749.59
05.03.2020 15:00:00.000,304.598,306.978,304.027,306.008,47429248.81
05.03.2020 16:00:00.000,306.017,308.448,305.268,305.737,44432750.7
05.03.2020 17:00:00.000,305.738,306.078,302.048,302.488,40286251.07
05.03.2020 18:00:00.000,302.497,304.167,301.468,303.478,43366249.08
05.03.2020 19:00:00.000,303.487,303.487,301.088,302.318,42871250.15
05.03.2020 20:00:00.000,302.328,303.178,300.008,302.518,48781501.77
06.03.2020 14:00:00.000,293.138,294.727,291.528,293.338,29210750.58
06.03.2020 15:00:00.000,293.318,297.948,292.598,297.068,55320999.15
06.03.2020 16:00:00.000,297.078,297.467,294.108,294.928,50691001.89
06.03.2020 17:00:00.000,294.927,296.068,292.977,294.537,44821250.92
06.03.2020 18:00:00.000,294.537,296.698,293.357,293.628,41466251.37
06.03.2020 19:00:00.000,293.637,293.958,290.568,291.008,44944751.74
06.03.2020 20:00:00.000,290.978,298.768,290.228,297.308,56248249.05
09.03.2020 13:00:00.000,275.210,281.598,273.497,279.758,10086999.89
09.03.2020 14:00:00.000,279.758,282.568,278.347,278.637,47459381.1
09.03.2020 15:00:00.000,278.628,284.068,278.017,282.668,49169498.44
09.03.2020 16:00:00.000,282.678,284.128,279.008,279.698,47173751.83
09.03.2020 17:00:00.000,279.687,280.698,275.327,275.827,42660499.57
09.03.2020 18:00:00.000,275.817,277.618,273.457,276.588,50747501.37
09.03.2020 19:00:00.000,276.597,279.288,274.418,274.418,55907001.5
10.03.2020 13:00:00.000,284.488,285.148,280.898,282.628,23413249.97
10.03.2020 14:00:00.000,282.628,284.748,278.538,278.588,42283500.67
10.03.2020 15:00:00.000,278.558,280.308,273.487,275.447,45972198.49
10.03.2020 16:00:00.000,275.448,280.267,275.448,278.348,45633750.92
10.03.2020 17:00:00.000,278.347,280.878,276.467,277.168,40952999.12
10.03.2020 18:00:00.000,277.177,283.668,276.098,282.468,42914249.42
10.03.2020 19:00:00.000,282.468,288.338,282.018,288.308,44562751.77
11.03.2020 13:00:00.000,280.647,281.907,279.078,280.458,27101749.42
11.03.2020 14:00:00.000,280.447,281.468,277.228,278.338,44724750.52
11.03.2020 15:00:00.000,278.338,279.408,276.177,277.938,43047000.89
11.03.2020 16:00:00.000,277.958,280.718,275.548,276.507,41696250.92
11.03.2020 17:00:00.000,276.488,277.018,274.697,275.957,39460651.4
11.03.2020 18:00:00.000,275.947,276.418,273.337,273.668,41780998.23
11.03.2020 19:00:00.000,273.677,276.308,270.888,274.387,54063251.5
12.03.2020 13:00:00.000,255.898,259.078,249.647,258.568,12581749.92
12.03.2020 14:00:00.000,258.588,258.767,253.237,257.747,57804748.54
12.03.2020 15:00:00.000,257.738,257.788,251.138,252.787,52515499.12
12.03.2020 16:00:00.000,252.798,261.908,250.347,259.898,52896251.68
12.03.2020 17:00:00.000,259.957,266.638,253.188,257.108,57715499.88
12.03.2020 18:00:00.000,257.107,257.967,251.868,252.058,51274749.76
12.03.2020 19:00:00.000,252.087,255.138,247.868,247.938,53542499.54
13.03.2020 13:00:00.000,262.558,264.068,255.318,256.478,26790000.92
13.03.2020 14:00:00.000,256.478,261.518,254.208,254.388,50961750.03
13.03.2020 15:00:00.000,254.407,257.085,249.567,252.968,50075748.44
13.03.2020 16:00:00.000,252.918,257.678,250.827,255.337,40465248.11
13.03.2020 17:00:00.000,255.308,260.097,254.018,259.278,34402999.88
13.03.2020 18:00:00.000,259.297,259.348,253.678,256.908,36790500.64
13.03.2020 19:00:00.000,256.978,271.048,253.098,270.658,47995498.66
16.03.2020 13:00:00.000,241.167,247.728,237.347,245.478,10720499.99
16.03.2020 14:00:00.000,245.488,252.947,242.498,250.747,45271999.36
16.03.2020 15:00:00.000,250.758,256.878,250.107,254.118,36421249.39
16.03.2020 16:00:00.000,254.138,254.758,247.827,248.958,41174499.51
16.03.2020 17:00:00.000,248.958,251.627,246.168,247.207,39415000.92
16.03.2020 18:00:00.000,247.197,251.028,244.648,249.087,43308250.43
16.03.2020 19:00:00.000,249.097,250.828,238.748,239.988,46777999.88
17.03.2020 13:00:00.000,244.928,247.368,237.668,238.148,26772499.08
17.03.2020 14:00:00.000,238.148,245.788,237.018,245.087,50504249.57
17.03.2020 15:00:00.000,245.138,251.298,244.388,251.038,51682498.93
17.03.2020 16:00:00.000,250.968,255.978,247.307,249.097,48471748.35
17.03.2020 17:00:00.000,249.098,250.577,245.018,249.588,48237751.01
17.03.2020 18:00:00.000,249.577,254.808,248.198,250.998,48578750.61
17.03.2020 19:00:00.000,251.028,253.657,247.098,253.657,49492000.58
18.03.2020 13:00:00.000,236.127,244.367,236.088,242.568,29038999.56
18.03.2020 14:00:00.000,242.568,246.018,240.157,240.268,49171249.39
18.03.2020 15:00:00.000,240.268,241.458,237.087,241.058,49650501.25
18.03.2020 16:00:00.000,241.057,241.238,235.677,235.707,42791000.37
18.03.2020 17:00:00.000,235.018,236.758,229.997,231.788,39897750.85
18.03.2020 18:00:00.000,231.797,235.148,228.038,235.067,47154998.78
18.03.2020 19:00:00.000,235.038,241.757,230.997,241.008,55356750.49
19.03.2020 13:00:00.000,239.058,239.388,232.227,237.958,29038999.56
19.03.2020 14:00:00.000,237.967,243.868,236.538,239.228,55677249.91
19.03.2020 15:00:00.000,239.208,246.338,238.617,242.718,54886749.27
19.03.2020 16:00:00.000,242.718,243.878,238.828,242.217,50022750.85
19.03.2020 17:00:00.000,242.218,246.228,241.068,244.468,44361000.06
19.03.2020 18:00:00.000,244.468,247.368,242.368,244.418,44333000.18
19.03.2020 19:00:00.000,244.418,245.598,240.387,241.548,55030998.23
20.03.2020 13:00:00.000,242.427,243.528,236.617,239.158,29646249.77
20.03.2020 14:00:00.000,239.098,244.388,238.827,244.047,54699249.27
20.03.2020 15:00:00.000,244.048,244.468,237.728,238.818,55127998.35
20.03.2020 16:00:00.000,238.798,239.318,234.297,237.468,51987251.28
20.03.2020 17:00:00.000,237.457,239.758,236.428,237.827,47630001.07
20.03.2020 18:00:00.000,237.808,238.887,231.198,232.288,51191249.85
20.03.2020 19:00:00.000,232.208,234.898,228.607,229.438,59806499.48
23.03.2020 13:00:00.000,228.078,228.188,221.978,227.398,31573999.4
23.03.2020 14:00:00.000,227.387,228.738,223.307,223.517,56604999.54
23.03.2020 15:00:00.000,223.488,225.088,218.247,220.458,54353000.64
23.03.2020 16:00:00.000,220.468,228.157,219.268,227.377,56544498.44
23.03.2020 17:00:00.000,227.368,229.368,221.648,222.938,53021999.36
23.03.2020 18:00:00.000,222.938,225.208,220.748,222.068,53080001.83
23.03.2020 19:00:00.000,222.148,224.938,219.017,222.727,54774749.76
24.03.2020 13:00:00.000,233.787,238.198,233.787,235.488,27618749.62
24.03.2020 14:00:00.000,235.498,239.208,234.558,237.448,52893749.24
24.03.2020 15:00:00.000,237.438,240.437,236.168,240.437,55227500.92
24.03.2020 16:00:00.000,240.427,242.958,239.568,239.628,50295749.66
24.03.2020 17:00:00.000,239.637,240.638,236.767,237.267,49430999.76
24.03.2020 18:00:00.000,237.268,240.647,235.047,240.608,50457500.46
24.03.2020 19:00:00.000,240.638,244.088,240.198,243.728,52190750.12
25.03.2020 13:00:00.000,244.858,249.208,242.217,242.528,29808500.29
25.03.2020 14:00:00.000,242.498,245.728,239.747,245.348,56384250.64
25.03.2020 15:00:00.000,245.337,246.727,244.348,245.808,52383251.19
25.03.2020 16:00:00.000,245.797,252.238,245.698,250.768,48587749.48
25.03.2020 17:00:00.000,250.797,256.328,250.468,254.018,49223999.02
25.03.2020 18:00:00.000,254.038,255.008,250.998,254.347,53372749.33
25.03.2020 19:00:00.000,254.377,255.458,245.588,246.718,55493000.03
26.03.2020 13:00:00.000,249.457,254.118,248.968,253.698,29317499.16
26.03.2020 14:00:00.000,253.698,257.448,252.817,255.538,57013248.44
26.03.2020 15:00:00.000,255.558,259.008,254.357,258.418,50226001.74
26.03.2020 16:00:00.000,258.428,259.148,256.598,258.717,44240501.4
26.03.2020 17:00:00.000,258.708,259.348,254.827,256.738,46986999.51
26.03.2020 18:00:00.000,256.738,259.088,255.447,258.558,48016998.29
26.03.2020 19:00:00.000,258.557,262.788,256.527,261.618,53019748.69
27.03.2020 13:00:00.000,253.168,254.968,251.017,253.148,27550750.73
27.03.2020 14:00:00.000,253.167,254.588,251.917,253.288,48611751.56
27.03.2020 15:00:00.000,253.278,256.218,252.448,252.648,46773998.26
27.03.2020 16:00:00.000,252.648,255.188,252.177,255.138,44553749.08
27.03.2020 17:00:00.000,255.137,257.278,253.687,255.648,44107749.94
27.03.2020 18:00:00.000,255.657,257.697,254.867,257.608,43461750.03
27.03.2020 19:00:00.000,257.607,260.797,252.538,253.358,53931499.48
30.03.2020 13:00:00.000,255.658,257.228,253.527,255.278,26440750.12
30.03.2020 14:00:00.000,255.288,258.538,254.727,257.068,48873249.05
30.03.2020 15:00:00.000,257.047,259.858,256.807,259.158,45116249.08
30.03.2020 16:00:00.000,259.148,260.367,258.108,260.308,40971000.67
30.03.2020 17:00:00.000,260.318,260.318,258.568,259.077,39126998.9
30.03.2020 18:00:00.000,259.088,260.938,257.938,260.308,47182998.66
30.03.2020 19:00:00.000,260.307,262.378,258.917,261.707,62170749.66
31.03.2020 13:00:00.000,260.587,260.908,258.277,259.157,30492250.44
31.03.2020 14:00:00.000,259.128,263.228,259.128,261.787,56433998.11
31.03.2020 15:00:00.000,261.768,263.308,260.988,262.507,51928001.4
31.03.2020 16:00:00.000,262.508,262.697,258.508,259.358,50703250.89
31.03.2020 17:00:00.000,259.358,260.288,257.937,260.087,54048999.79
31.03.2020 18:00:00.000,260.087,260.618,258.757,259.778,48978248.6
31.03.2020 19:00:00.000,259.777,260.438,256.217,257.568,61259750.37
01.04.2020 13:00:00.000,247.918,249.868,247.607,248.877,31127750.4
01.04.2020 14:00:00.000,248.877,250.708,248.177,250.218,52655250.55
01.04.2020 15:00:00.000,250.197,251.428,248.257,248.718,48175998.69
01.04.2020 16:00:00.000,248.728,248.748,245.807,246.228,46445251.46
01.04.2020 17:00:00.000,246.228,248.138,245.947,247.897,47276248.93
01.04.2020 18:00:00.000,247.898,248.707,245.727,245.768,45606998.44
01.04.2020 19:00:00.000,245.778,247.228,243.877,246.147,50555999.76
02.04.2020 13:00:00.000,245.187,247.927,244.587,246.508,33889251.71
02.04.2020 14:00:00.000,246.497,252.648,246.138,250.847,63698749.54
02.04.2020 15:00:00.000,250.848,251.327,248.657,250.788,58301498.41
02.04.2020 16:00:00.000,250.808,251.938,250.197,250.968,50963748.93
02.04.2020 17:00:00.000,250.988,251.698,247.518,248.237,51852001.19
02.04.2020 18:00:00.000,248.248,249.337,245.918,249.278,56352500.92
02.04.2020 19:00:00.000,249.287,252.218,248.358,251.897,60265499.12
03.04.2020 13:00:00.000,250.737,253.308,250.478,251.787,32287250.52
03.04.2020 14:00:00.000,251.798,252.728,248.777,249.617,58387748.72
03.04.2020 15:00:00.000,249.618,250.277,247.387,248.208,50886501.31
03.04.2020 16:00:00.000,248.197,248.488,246.338,247.577,47084999.08
03.04.2020 17:00:00.000,247.567,248.158,245.657,246.077,43424751.28
03.04.2020 18:00:00.000,246.068,247.748,245.218,247.698,31881080.63
03.04.2020 19:00:00.000,247.698,249.137,245.857,248.118,31587100.98
06.04.2020 13:00:00.000,257.828,259.978,256.708,259.768,16509902.95
06.04.2020 14:00:00.000,259.778,260.798,258.717,259.328,28407510.76
06.04.2020 15:00:00.000,259.327,261.228,258.897,260.858,24958614.35
06.04.2020 16:00:00.000,260.867,262.488,260.647,262.378,23670564.65
06.04.2020 17:00:00.000,262.378,262.947,261.578,262.808,20686048.51
06.04.2020 18:00:00.000,262.797,262.818,261.268,262.427,22359268.19
06.04.2020 19:00:00.000,262.428,266.958,261.737,264.988,30698986.05
07.04.2020 13:00:00.000,274.177,274.978,271.818,273.738,18294023.51
07.04.2020 14:00:00.000,273.737,273.967,268.017,269.008,36530494.69
07.04.2020 15:00:00.000,269.008,272.518,268.287,271.467,33482582.09
07.04.2020 16:00:00.000,271.477,273.908,271.427,272.647,29641235.35
07.04.2020 17:00:00.000,272.637,273.198,270.537,270.778,28913181.3
07.04.2020 18:00:00.000,270.768,270.898,266.137,266.708,31778905.87
07.04.2020 19:00:00.000,266.717,269.817,264.907,265.077,45408203.13
08.04.2020 13:00:00.000,267.878,268.988,266.237,266.457,31825250.63
08.04.2020 14:00:00.000,266.457,268.988,265.548,268.908,54491500.85
08.04.2020 15:00:00.000,268.927,271.698,268.307,270.787,52338748.93
08.04.2020 16:00:00.000,270.787,272.337,270.227,271.458,46210998.54
08.04.2020 17:00:00.000,271.488,272.127,270.057,270.288,43737751.01
08.04.2020 18:00:00.000,270.288,273.798,270.167,273.757,45664501.19
08.04.2020 19:00:00.000,273.758,275.388,272.138,274.178,52617000.58
09.04.2020 13:00:00.000,277.538,280.588,276.848,280.488,31735500.34
09.04.2020 14:00:00.000,280.488,280.548,277.047,279.368,59466999.05
09.04.2020 15:00:00.000,279.337,279.758,277.107,279.417,55628250.12
09.04.2020 16:00:00.000,279.417,280.928,279.117,280.577,45304248.81
09.04.2020 17:00:00.000,280.577,281.188,278.877,279.867,44923000.34
09.04.2020 18:00:00.000,279.867,279.968,275.467,276.587,53755500.79
09.04.2020 19:00:00.000,276.577,278.928,275.988,278.138,56377540.59
13.04.2020 13:00:00.000,277.108,277.408,273.947,274.128,18058692.93
13.04.2020 14:00:00.000,274.147,275.568,272.097,272.728,30550621.03
13.04.2020 15:00:00.000,272.728,274.058,271.407,273.607,27028116.23
13.04.2020 16:00:00.000,273.588,275.048,272.927,273.278,24429986.95
13.04.2020 17:00:00.000,273.277,274.558,272.447,274.068,22627094.27
13.04.2020 18:00:00.000,274.067,274.788,272.967,274.228,23303358.08
13.04.2020 19:00:00.000,274.228,276.498,273.207,275.468,28735565.19
14.04.2020 13:00:00.000,280.928,282.848,279.898,282.838,17279491.42
14.04.2020 14:00:00.000,282.838,283.758,281.547,281.567,28891012.19
14.04.2020 15:00:00.000,281.568,282.078,280.067,281.158,28034177.78
14.04.2020 16:00:00.000,281.157,283.278,281.157,282.898,22792476.65
14.04.2020 17:00:00.000,282.908,283.988,282.287,283.728,20877723.69
14.04.2020 18:00:00.000,283.738,284.278,283.278,283.927,20939630.51
14.04.2020 19:00:00.000,283.928,284.648,282.547,283.798,26269147.87
15.04.2020 13:00:00.000,277.518,278.348,276.328,277.347,17906070.71
15.04.2020 14:00:00.000,277.357,277.548,275.438,276.778,32169147.49
15.04.2020 15:00:00.000,276.778,277.258,275.617,276.138,28155334.47
15.04.2020 16:00:00.000,276.128,277.828,275.748,277.338,25863864.9
15.04.2020 17:00:00.000,277.338,278.718,277.027,277.168,24148872.38
15.04.2020 18:00:00.000,277.168,279.388,277.158,279.368,26717597.96
15.04.2020 19:00:00.000,279.358,279.568,277.067,277.858,29172245.03
16.04.2020 13:00:00.000,279.088,279.708,276.688,276.798,16639650.34
16.04.2020 14:00:00.000,276.787,278.608,275.737,278.508,30020101.55
16.04.2020 15:00:00.000,278.507,280.008,278.168,279.707,26386447.91
16.04.2020 16:00:00.000,279.718,279.978,275.827,277.258,28603933.33
16.04.2020 17:00:00.000,277.257,278.198,276.987,277.438,24162490.84
16.04.2020 18:00:00.000,277.457,278.988,276.798,278.328,24676700.59
16.04.2020 19:00:00.000,278.328,279.958,277.528,279.128,27044412.61
17.04.2020 13:00:00.000,285.347,285.658,284.047,285.458,17611988.07
17.04.2020 14:00:00.000,285.457,285.658,282.548,283.378,29918628.69
17.04.2020 15:00:00.000,283.368,283.988,282.387,283.518,27067125.32
17.04.2020 16:00:00.000,283.508,284.638,282.907,284.328,22435857.77
17.04.2020 17:00:00.000,284.327,284.768,283.767,284.088,22929851.53
17.04.2020 18:00:00.000,284.087,284.088,282.638,283.608,21555820.47
17.04.2020 19:00:00.000,283.618,287.288,283.497,286.768,23827482.22
20.04.2020 13:00:00.000,282.547,283.968,282.217,283.327,16632968.9
20.04.2020 14:00:00.000,283.338,285.588,282.838,285.138,28368124.01
20.04.2020 15:00:00.000,285.137,286.288,284.697,285.928,24940460.21
20.04.2020 16:00:00.000,285.928,285.998,285.127,285.398,21564432.14
20.04.2020 17:00:00.000,285.408,285.438,284.077,284.818,21984226.23
20.04.2020 18:00:00.000,284.828,285.118,281.657,281.678,25746425.63
20.04.2020 19:00:00.000,281.688,283.028,281.328,281.567,30264013.29
21.04.2020 13:00:00.000,276.637,278.018,275.337,277.648,16336372.38
21.04.2020 14:00:00.000,277.658,277.788,274.107,274.167,40594631.2
21.04.2020 15:00:00.000,274.147,274.347,272.128,273.597,49470748.9
21.04.2020 16:00:00.000,273.597,273.828,272.128,272.228,28524250.03
21.04.2020 17:00:00.000,273.657,274.987,273.337,274.018,37939750.67
21.04.2020 18:00:00.000,274.017,275.668,273.237,273.467,41555248.26
21.04.2020 19:00:00.000,273.457,275.498,272.497,272.957,53943748.47
22.04.2020 13:00:00.000,278.307,278.887,277.047,277.717,25733999.25
22.04.2020 14:00:00.000,277.717,278.668,276.907,277.587,47415748.6
22.04.2020 15:00:00.000,277.587,279.038,277.257,278.668,41414001.46
22.04.2020 16:00:00.000,278.667,279.278,278.307,278.577,32908748.63
22.04.2020 17:00:00.000,278.577,279.488,278.208,279.237,29465999.6
22.04.2020 18:00:00.000,279.237,280.228,278.957,279.988,31105499.27
22.04.2020 19:00:00.000,279.988,280.948,279.087,279.178,37859249.12
23.04.2020 13:00:00.000,280.457,282.358,280.138,281.497,26774250.03
23.04.2020 14:00:00.000,281.497,283.918,281.017,283.268,45635749.82
23.04.2020 15:00:00.000,283.278,283.388,281.797,282.278,38972499.85
23.04.2020 16:00:00.000,282.297,283.108,278.858,280.997,41785251.62
23.04.2020 17:00:00.000,280.997,281.988,279.057,279.868,49504001.62
23.04.2020 18:00:00.000,279.857,281.518,278.747,281.318,44060001.37
23.04.2020 19:00:00.000,281.318,281.408,279.027,279.058,44808998.11
24.04.2020 13:00:00.000,280.717,281.278,278.757,278.847,26891500.47
24.04.2020 14:00:00.000,278.868,280.378,278.807,279.567,48004001.62
24.04.2020 15:00:00.000,279.577,279.718,278.497,279.347,41935749.05
24.04.2020 16:00:00.000,279.347,280.507,279.037,280.207,33047500.61
24.04.2020 17:00:00.000,280.197,281.538,279.767,281.507,30344999.31
24.04.2020 18:00:00.000,281.498,282.508,281.227,282.208,36287998.2
24.04.2020 19:00:00.000,282.197,283.678,281.807,283.037,40902248.38
27.04.2020 13:00:00.000,285.077,285.728,284.607,285.507,26333000.18
27.04.2020 14:00:00.000,285.508,286.398,285.138,285.657,43420249.94
27.04.2020 15:00:00.000,285.657,287.188,285.408,286.898,38101501.46
27.04.2020 16:00:00.000,286.897,287.327,286.417,287.058,33543998.72
27.04.2020 17:00:00.000,287.057,287.068,286.097,286.507,33072750.09
27.04.2020 18:00:00.000,286.497,287.588,286.488,287.358,31989250.18
27.04.2020 19:00:00.000,287.347,288.257,287.088,287.107,32562000.27
28.04.2020 13:00:00.000,291.018,291.388,289.447,289.448,25436000.82
28.04.2020 14:00:00.000,289.458,289.968,285.608,285.827,50306999.21
28.04.2020 15:00:00.000,285.818,287.778,285.578,286.788,44520248.41
28.04.2020 16:00:00.000,286.798,287.507,285.687,287.307,41574501.04
28.04.2020 17:00:00.000,287.307,287.997,286.987,287.438,35383499.15
28.04.2020 18:00:00.000,287.428,288.337,287.067,287.337,33030998.23
28.04.2020 19:00:00.000,287.337,288.078,285.397,285.768,38710250.85
29.04.2020 13:00:00.000,291.497,292.018,290.408,291.957,26604749.68
29.04.2020 14:00:00.000,291.937,292.658,290.797,292.378,46509250.64
29.04.2020 15:00:00.000,292.388,293.118,291.888,292.877,41765499.12
29.04.2020 16:00:00.000,292.877,294.358,292.877,293.938,34967250.82
29.04.2020 17:00:00.000,293.937,294.567,293.367,293.637,32990001.68
29.04.2020 18:00:00.000,293.637,294.107,292.507,293.968,43394748.69
29.04.2020 19:00:00.000,293.978,294.868,293.067,293.187,42043498.99
30.04.2020 13:00:00.000,291.698,291.698,289.587,291.227,28606250.76
30.04.2020 14:00:00.000,291.218,292.228,290.567,291.038,52792999.27
30.04.2020 15:00:00.000,291.037,291.898,289.557,289.578,46621498.11
30.04.2020 16:00:00.000,289.567,290.118,288.577,289.957,43031250
30.04.2020 17:00:00.000,289.957,290.408,289.107,289.207,38535251.62
30.04.2020 18:00:00.000,289.208,290.187,288.858,289.317,37464748.38
30.04.2020 19:00:00.000,289.318,291.168,289.107,290.277,41257499.69
01.05.2020 13:00:00.000,285.277,286.018,284.427,285.057,27413749.69
01.05.2020 14:00:00.000,285.068,285.948,284.157,285.068,50594001.77
01.05.2020 15:00:00.000,285.067,285.078,282.407,282.708,44082748.41
01.05.2020 16:00:00.000,282.707,283.017,281.597,282.287,45396251.68
01.05.2020 17:00:00.000,282.287,282.757,281.527,281.957,39580501.56
01.05.2020 18:00:00.000,281.948,282.827,281.567,282.537,39917251.59
01.05.2020 19:00:00.000,282.538,283.388,281.627,282.697,44525001.53
04.05.2020 13:00:00.000,280.658,280.948,279.138,280.557,27556249.62
04.05.2020 14:00:00.000,280.568,282.087,280.428,280.688,50700748.44
04.05.2020 15:00:00.000,280.688,281.867,280.527,281.417,45044998.17
04.05.2020 16:00:00.000,281.418,282.028,280.898,281.077,38805999.76
04.05.2020 17:00:00.000,281.077,281.478,280.208,281.438,32523250.58
04.05.2020 18:00:00.000,281.438,282.587,281.097,282.467,32515998.84
04.05.2020 19:00:00.000,282.458,283.888,282.257,283.658,37108249.66
05.05.2020 13:00:00.000,286.588,288.138,286.248,288.128,23934000.02
05.05.2020 14:00:00.000,288.128,288.448,287.348,287.958,43318248.75
05.05.2020 15:00:00.000,287.957,288.948,287.817,288.857,36129249.57
05.05.2020 16:00:00.000,288.858,289.218,288.297,288.388,29864250.18
05.05.2020 17:00:00.000,288.398,288.928,287.987,288.738,31750499.73
05.05.2020 18:00:00.000,288.727,289.238,288.457,289.217,30041999.82
05.05.2020 19:00:00.000,289.228,289.228,285.737,286.158,46176498.41
06.05.2020 13:00:00.000,288.017,288.438,285.827,286.327,26591749.19
06.05.2020 14:00:00.000,286.327,287.837,285.057,287.158,48261249.54
06.05.2020 15:00:00.000,287.148,287.568,285.527,286.098,46104251.86
06.05.2020 16:00:00.000,286.098,287.047,285.847,286.628,41303749.08
06.05.2020 17:00:00.000,286.647,287.408,285.958,286.998,37876499.18
06.05.2020 18:00:00.000,286.987,286.998,285.718,286.248,39592998.5
06.05.2020 19:00:00.000,286.237,286.568,283.997,284.297,45301750.18
07.05.2020 13:00:00.000,287.717,288.947,287.568,288.617,26518499.37
07.05.2020 14:00:00.000,288.618,288.718,287.207,287.617,46740501.4
07.05.2020 15:00:00.000,287.607,289.698,287.568,289.418,39084751.13
07.05.2020 16:00:00.000,289.427,289.758,288.767,289.238,36936500.55
07.05.2020 17:00:00.000,289.237,289.558,288.497,288.807,32095249.18
07.05.2020 18:00:00.000,288.807,288.988,287.617,288.058,36201999.66
07.05.2020 19:00:00.000,288.048,288.438,287.137,287.678,43665248.87
08.05.2020 13:00:00.000,291.048,291.358,289.847,290.788,25135250.09
08.05.2020 14:00:00.000,290.787,291.507,290.537,290.827,42483001.71
08.05.2020 15:00:00.000,290.827,291.838,290.428,291.718,33861751.56
08.05.2020 16:00:00.000,291.727,291.988,291.487,291.938,25629999.16
08.05.2020 17:00:00.000,291.927,292.037,290.757,291.098,27542749.4
08.05.2020 18:00:00.000,291.108,291.738,290.778,291.658,29601499.56
08.05.2020 19:00:00.000,291.657,292.838,291.477,292.468,32901500.7
11.05.2020 13:00:00.000,290.308,291.208,289.868,290.448,24128499.98
11.05.2020 14:00:00.000,290.437,291.387,290.367,290.867,42328498.84
11.05.2020 15:00:00.000,290.867,291.988,290.817,291.928,36695251.46
11.05.2020 16:00:00.000,291.928,293.068,291.698,292.987,29707750.32
11.05.2020 17:00:00.000,292.967,293.988,292.757,293.337,31867500.31
11.05.2020 18:00:00.000,293.348,293.728,292.697,293.488,34144248.96
11.05.2020 19:00:00.000,293.488,293.988,292.528,292.538,38140251.16
12.05.2020 13:00:00.000,293.767,294.217,291.537,292.267,25937999.73
12.05.2020 14:00:00.000,292.257,292.748,291.597,292.517,46348251.34
12.05.2020 15:00:00.000,292.527,293.098,291.947,292.497,39820751.19
12.05.2020 16:00:00.000,292.507,292.628,291.987,292.498,34230251.31
12.05.2020 17:00:00.000,292.488,292.548,290.487,291.457,37701499.94
12.05.2020 18:00:00.000,291.458,291.548,290.227,291.038,38983001.71
12.05.2020 19:00:00.000,291.037,291.117,286.547,286.558,46646999.36
13.05.2020 13:00:00.000,286.037,286.308,283.638,284.838,29798749.92
13.05.2020 14:00:00.000,284.837,287.178,284.567,284.748,50846500.4
13.05.2020 15:00:00.000,284.747,285.378,281.178,281.868,53312751.77
13.05.2020 16:00:00.000,281.857,282.258,279.597,281.708,51550750.73
13.05.2020 17:00:00.000,281.698,282.058,280.417,280.767,44479251.86
13.05.2020 18:00:00.000,280.778,281.798,279.667,279.667,43564998.63
13.05.2020 19:00:00.000,279.678,282.078,278.958,281.597,50428249.36
14.05.2020 13:00:00.000,278.918,279.777,276.607,276.877,29441999.44
14.05.2020 14:00:00.000,276.888,280.618,276.367,279.857,57671501.16
14.05.2020 15:00:00.000,279.867,281.597,279.017,279.758,56515998.84
14.05.2020 16:00:00.000,279.757,282.638,279.397,282.397,52949748.99
14.05.2020 17:00:00.000,282.398,283.628,281.817,282.068,46411750.79
14.05.2020 18:00:00.000,282.077,282.698,281.037,282.177,45562000.27
14.05.2020 19:00:00.000,282.167,285.088,281.927,285.047,53162750.24
15.05.2020 13:00:00.000,282.377,284.208,281.337,283.827,29085750.58
15.05.2020 14:00:00.000,283.838,285.068,282.587,282.918,53917999.27
15.05.2020 15:00:00.000,282.908,283.288,281.877,283.128,50701999.66
15.05.2020 16:00:00.000,283.127,284.768,282.947,284.108,43041500.09
15.05.2020 17:00:00.000,284.117,285.127,284.047,284.988,44843750
15.05.2020 18:00:00.000,284.978,285.928,284.467,284.607,45237751.01
15.05.2020 19:00:00.000,284.598,286.308,284.357,286.207,48611000.06
18.05.2020 13:00:00.000,293.048,294.178,292.697,293.247,27614500.05
18.05.2020 14:00:00.000,293.258,294.688,292.858,294.518,46831748.96
18.05.2020 15:00:00.000,294.517,295.558,294.488,295.028,40508499.15
18.05.2020 16:00:00.000,295.027,295.238,294.517,294.807,34750751.5
18.05.2020 17:00:00.000,294.807,295.778,294.748,295.578,32215499.88
18.05.2020 18:00:00.000,295.577,296.058,295.377,295.667,34928001.4
18.05.2020 19:00:00.000,295.668,296.637,294.938,295.008,37339748.38
19.05.2020 13:00:00.000,294.327,294.718,293.518,294.648,26342250.82
19.05.2020 14:00:00.000,294.638,295.857,294.197,295.257,47572250.37
19.05.2020 15:00:00.000,295.247,295.968,294.928,295.427,42895500.18
19.05.2020 16:00:00.000,295.428,295.658,294.718,295.208,36553001.4
19.05.2020 17:00:00.000,295.198,295.668,294.947,295.487,30613250.73
19.05.2020 18:00:00.000,295.488,296.188,293.727,294.017,33379249.57
19.05.2020 19:00:00.000,294.037,295.818,291.958,291.978,52331249.24
20.05.2020 13:00:00.000,295.788,296.777,295.567,296.587,25518999.1
20.05.2020 14:00:00.000,296.588,297.528,296.447,297.088,44753501.89
20.05.2020 15:00:00.000,297.087,297.858,296.917,297.568,36089748.38
20.05.2020 16:00:00.000,297.567,297.728,296.088,296.868,39493000.03
20.05.2020 17:00:00.000,296.867,296.977,295.957,296.498,38244750.98
20.05.2020 18:00:00.000,296.497,297.408,295.817,297.087,42004501.34
20.05.2020 19:00:00.000,297.087,297.317,296.208,296.967,42592250.82
21.05.2020 13:00:00.000,296.748,297.658,296.258,297.128,23530000.69
21.05.2020 14:00:00.000,297.128,297.418,295.258,295.808,50568248.75
21.05.2020 15:00:00.000,295.817,295.817,293.668,294.848,44606998.44
21.05.2020 16:00:00.000,294.847,295.908,294.567,294.928,38021251.68
21.05.2020 17:00:00.000,294.938,295.798,294.727,295.178,42414001.46
21.05.2020 18:00:00.000,295.177,295.807,294.377,294.717,36917251.59
21.05.2020 19:00:00.000,294.708,295.648,294.507,294.647,40657749.18
22.05.2020 13:00:00.000,294.547,294.808,293.387,294.268,26382499.69
22.05.2020 14:00:00.000,294.278,294.518,293.217,293.417,48093498.23
22.05.2020 15:00:00.000,293.428,294.187,293.267,293.957,38046501.16
22.05.2020 16:00:00.000,293.967,294.718,293.648,294.417,26652500.15
22.05.2020 17:00:00.000,294.417,294.818,294.297,294.737,26489999.77
22.05.2020 18:00:00.000,294.738,295.408,294.707,295.028,24241750.72
22.05.2020 19:00:00.000,295.027,295.618,294.238,295.368,33616249.08
26.05.2020 13:00:00.000,301.897,302.167,300.658,300.817,24914749.15
26.05.2020 14:00:00.000,300.817,301.518,300.367,301.287,40742000.58
26.05.2020 15:00:00.000,301.287,301.568,299.897,300.397,40493499.76
26.05.2020 16:00:00.000,300.417,301.068,300.058,301.018,29101999.28
26.05.2020 17:00:00.000,301.018,301.467,300.877,301.117,25774999.62
26.05.2020 18:00:00.000,301.127,301.438,300.718,301.037,27363250.73
26.05.2020 19:00:00.000,301.027,301.077,298.687,299.197,38305999.76
27.05.2020 13:00:00.000,302.097,302.198,299.558,299.857,28964750.29
27.05.2020 14:00:00.000,299.888,300.578,296.867,298.038,53651000.98
27.05.2020 15:00:00.000,298.037,299.617,297.417,299.538,49335250.85
27.05.2020 16:00:00.000,299.537,300.498,299.257,300.148,37802749.63
27.05.2020 17:00:00.000,300.147,300.468,299.437,300.347,35188251.5
27.05.2020 18:00:00.000,300.358,301.778,300.347,301.727,33288501.74
27.05.2020 19:00:00.000,301.737,303.538,301.367,303.508,35750499.73
28.05.2020 13:00:00.000,304.647,304.847,303.307,304.127,28190500.26
28.05.2020 14:00:00.000,304.147,305.168,303.658,305.077,47232250.21
28.05.2020 15:00:00.000,305.078,305.557,304.507,305.548,41444248.2
28.05.2020 16:00:00.000,305.548,306.418,305.217,306.248,33291000.37
28.05.2020 17:00:00.000,306.247,306.828,306.217,306.447,32663749.69
28.05.2020 18:00:00.000,306.447,306.648,305.447,305.958,38701751.71
28.05.2020 19:00:00.000,305.957,306.437,302.238,302.938,49607250.21
29.05.2020 13:00:00.000,302.418,303.138,301.777,302.218,27653749.47
29.05.2020 14:00:00.000,302.217,302.578,300.627,301.017,50433750.15
29.05.2020 15:00:00.000,301.008,302.048,300.478,301.678,44690250.4
29.05.2020 16:00:00.000,301.677,302.238,299.568,301.628,36788749.69
29.05.2020 17:00:00.000,301.627,301.858,300.707,301.117,36969749.45
29.05.2020 18:00:00.000,301.127,303.628,300.068,303.517,46955501.56
29.05.2020 19:00:00.000,303.548,304.938,303.107,304.318,51424999.24
01.06.2020 13:00:00.000,303.557,304.698,303.047,304.197,26858499.53
01.06.2020 14:00:00.000,304.237,305.277,303.938,305.047,43388500.21
01.06.2020 15:00:00.000,305.037,305.128,304.247,304.987,37698501.59
01.06.2020 16:00:00.000,304.977,305.658,304.697,305.487,27026750.56
01.06.2020 17:00:00.000,305.488,306.198,305.467,305.897,26295749.66
01.06.2020 18:00:00.000,305.897,306.018,305.467,305.978,26528999.33
01.06.2020 19:00:00.000,305.977,306.127,305.298,305.548,32520500.18
02.06.2020 13:00:00.000,306.508,306.578,305.507,306.267,24047250.75
02.06.2020 14:00:00.000,306.257,307.248,305.817,306.368,38323249.82
02.06.2020 15:00:00.000,306.357,306.408,305.078,305.838,42270999.91
02.06.2020 16:00:00.000,305.837,306.538,305.737,306.397,26334749.22
02.06.2020 17:00:00.000,306.398,307.128,306.357,307.047,22794250.49
02.06.2020 18:00:00.000,307.047,307.178,306.147,306.777,27765249.25
02.06.2020 19:00:00.000,306.778,308.118,306.017,308.108,34796501.16
03.06.2020 13:00:00.000,310.198,310.847,309.937,310.557,25150249.48
03.06.2020 14:00:00.000,310.567,311.347,310.447,310.998,40833248.14
03.06.2020 15:00:00.000,310.998,312.048,310.967,311.708,37932998.66
03.06.2020 16:00:00.000,311.707,311.728,311.187,311.208,31519250.87
03.06.2020 17:00:00.000,311.207,311.648,311.137,311.348,27168750.76
03.06.2020 18:00:00.000,311.347,312.368,311.297,312.118,28579500.2
03.06.2020 19:00:00.000,312.118,313.188,311.917,312.197,34505500.79
04.06.2020 13:00:00.000,311.067,312.228,310.957,312.067,25069999.69
04.06.2020 14:00:00.000,312.088,312.988,311.887,312.757,43851501.46
04.06.2020 15:00:00.000,312.757,312.878,311.078,311.528,45119251.25
04.06.2020 16:00:00.000,311.527,311.728,310.468,310.477,38803749.08
04.06.2020 17:00:00.000,310.488,311.668,310.377,311.498,33266998.29
04.06.2020 18:00:00.000,311.497,311.678,310.127,310.127,34201000.21
04.06.2020 19:00:00.000,310.127,311.328,309.067,311.297,45562500
05.06.2020 13:00:00.000,317.257,318.638,317.148,317.627,29067750.93
05.06.2020 14:00:00.000,317.638,319.177,317.497,319.147,48043251.04
05.06.2020 15:00:00.000,319.147,321.267,319.057,320.308,41502250.67
05.06.2020 16:00:00.000,320.307,320.437,319.217,320.118,36703250.89
05.06.2020 17:00:00.000,320.118,320.728,319.677,320.068,33267250.06
05.06.2020 18:00:00.000,320.058,320.597,319.197,319.687,38479499.82
05.06.2020 19:00:00.000,319.687,320.128,318.357,319.268,44134250.64
08.06.2020 13:00:00.000,320.217,321.198,320.147,320.778,24586999.89
08.06.2020 14:00:00.000,320.777,320.917,319.617,320.727,42361000.06
08.06.2020 15:00:00.000,320.728,321.358,320.598,320.838,34518501.28
08.06.2020 16:00:00.000,320.838,321.107,320.467,320.828,29562999.73
08.06.2020 17:00:00.000,320.827,321.888,320.737,321.757,24822750.09
08.06.2020 18:00:00.000,321.758,322.147,321.617,322.047,24573999.4
08.06.2020 19:00:00.000,322.048,323.387,321.667,323.247,32295749.66
09.06.2020 13:00:00.000,320.258,320.738,319.647,319.758,25799749.37
09.06.2020 14:00:00.000,319.757,321.678,319.357,321.358,44282501.22
09.06.2020 15:00:00.000,321.357,321.737,320.457,320.608,40693248.75
09.06.2020 16:00:00.000,320.617,321.438,320.167,321.397,29794750.21
09.06.2020 17:00:00.000,321.397,322.208,321.257,321.958,26901750.56
09.06.2020 18:00:00.000,321.957,322.068,320.947,321.698,33417751.31
09.06.2020 19:00:00.000,321.697,322.357,320.467,320.737,37274250.03
10.06.2020 13:00:00.000,321.398,321.778,319.597,320.287,25552999.5
10.06.2020 14:00:00.000,320.278,320.578,318.217,318.688,46522998.81
10.06.2020 15:00:00.000,318.687,320.148,318.547,319.738,41354000.09
10.06.2020 16:00:00.000,319.737,320.498,319.368,320.227,30655500.41
10.06.2020 17:00:00.000,320.217,320.498,319.787,319.847,29404249.19
10.06.2020 18:00:00.000,319.847,322.378,318.937,319.928,53204750.06
10.06.2020 19:00:00.000,319.928,321.467,318.878,318.907,49650249.48
11.06.2020 13:00:00.000,311.447,312.107,310.007,311.648,30194749.83
11.06.2020 14:00:00.000,311.647,311.938,308.917,309.078,52243251.8
11.06.2020 15:00:00.000,309.087,309.547,307.157,307.997,52640499.12
11.06.2020 16:00:00.000,307.987,307.998,303.747,304.197,55318500.52
11.06.2020 17:00:00.000,304.198,305.848,303.768,304.718,52150749.21
11.06.2020 18:00:00.000,304.708,304.758,301.057,301.767,54269500.73
11.06.2020 19:00:00.000,301.757,302.868,299.998,300.427,61201000.21
12.06.2020 13:00:00.000,308.187,309.058,307.048,307.608,30253000.26
12.06.2020 14:00:00.000,307.608,308.408,302.658,302.677,58393501.28
12.06.2020 15:00:00.000,302.667,305.268,300.477,305.218,62009998.32
12.06.2020 16:00:00.000,305.207,305.877,302.577,303.787,43851501.46
12.06.2020 17:00:00.000,303.807,304.008,298.737,298.837,57276748.66
12.06.2020 18:00:00.000,298.857,302.627,298.587,302.078,61143249.51
12.06.2020 19:00:00.000,302.088,305.048,301.048,304.158,61170249.94
15.06.2020 13:00:00.000,298.008,300.098,296.727,299.898,32426998.14
15.06.2020 14:00:00.000,299.897,301.747,299.258,300.927,55766998.29
15.06.2020 15:00:00.000,300.927,302.608,300.738,301.898,53135501.86
15.06.2020 16:00:00.000,301.897,304.398,301.637,304.348,45919250.49
15.06.2020 17:00:00.000,304.358,305.288,303.797,304.048,42169998.17
15.06.2020 18:00:00.000,304.047,308.258,304.037,306.717,54290748.6
15.06.2020 19:00:00.000,306.727,307.777,304.537,307.007,50704750.06
16.06.2020 13:00:00.000,315.468,315.468,313.768,314.517,29689250.95
16.06.2020 14:00:00.000,314.588,315.618,309.057,309.477,58358001.71
16.06.2020 15:00:00.000,309.468,313.598,307.677,312.247,62393001.56
16.06.2020 16:00:00.000,312.267,314.158,311.148,313.457,50817501.07
16.06.2020 17:00:00.000,313.468,314.108,312.138,312.677,44112499.24
16.06.2020 18:00:00.000,312.687,314.347,312.218,313.067,47996250.15
16.06.2020 19:00:00.000,313.067,313.308,310.607,312.857,53795249.94
17.06.2020 13:00:00.000,314.048,314.068,312.017,312.627,27177249.91
17.06.2020 14:00:00.000,312.637,313.457,311.168,312.808,51694248.2
17.06.2020 15:00:00.000,312.798,313.147,311.917,313.087,40284248.35
17.06.2020 16:00:00.000,313.087,313.798,312.447,313.528,31173999.79
17.06.2020 17:00:00.000,313.538,314.377,313.507,313.727,25386999.13
17.06.2020 18:00:00.000,313.717,314.138,313.007,313.047,30232500.08
17.06.2020 19:00:00.000,313.038,313.038,310.828,311.528,44905750.27
18.06.2020 13:00:00.000,309.987,311.538,309.498,310.758,27859500.89
18.06.2020 14:00:00.000,310.738,312.297,310.198,312.198,49729000.09
18.06.2020 15:00:00.000,312.197,312.297,310.747,310.888,39932750.7
18.06.2020 16:00:00.000,310.897,311.568,310.437,311.367,35611999.51
18.06.2020 17:00:00.000,311.367,311.978,311.147,311.838,30292499.54
18.06.2020 18:00:00.000,311.837,311.908,310.468,310.518,36137500.76
18.06.2020 19:00:00.000,310.527,311.978,310.057,311.688,41000751.5
19.06.2020 13:00:00.000,314.138,314.348,312.698,312.948,24829000.47
19.06.2020 14:00:00.000,312.958,313.358,312.077,312.268,41852500.92
19.06.2020 15:00:00.000,312.267,312.937,311.547,311.668,39241001.13
19.06.2020 16:00:00.000,311.677,311.748,307.948,310.418,48690250.4
19.06.2020 17:00:00.000,310.408,310.458,307.887,307.888,42331249.24
19.06.2020 18:00:00.000,307.888,309.627,307.197,309.418,47914501.19
19.06.2020 19:00:00.000,309.408,310.528,308.537,308.608,45055751.8
22.06.2020 13:00:00.000,307.937,308.658,306.757,308.498,27489500.05
22.06.2020 14:00:00.000,308.508,309.648,308.137,308.157,43795501.71
22.06.2020 15:00:00.000,308.158,309.448,307.847,309.087,36314498.9
22.06.2020 16:00:00.000,309.097,310.798,309.097,310.497,32571750.64
22.06.2020 17:00:00.000,310.488,310.798,309.948,310.447,31662000.66
22.06.2020 18:00:00.000,310.448,311.038,309.707,310.947,32250499.73
22.06.2020 19:00:00.000,310.938,311.038,309.277,310.648,40014751.43
23.06.2020 13:00:00.000,313.457,313.828,312.617,312.968,24399499.89
23.06.2020 14:00:00.000,312.968,313.628,312.098,312.768,45659999.85
23.06.2020 15:00:00.000,312.767,314.167,312.367,313.758,36027999.88
23.06.2020 16:00:00.000,313.767,314.018,313.398,313.658,31331499.1
23.06.2020 17:00:00.000,313.667,314.467,313.627,314.177,27433000.56
23.06.2020 18:00:00.000,314.188,314.188,313.108,313.338,32036998.75
23.06.2020 19:00:00.000,313.337,313.588,311.607,312.007,40486000.06
24.06.2020 13:00:00.000,309.807,310.488,307.647,307.738,26732250.21
24.06.2020 14:00:00.000,307.738,308.358,306.138,306.468,45546291.35
24.06.2020 15:00:00.000,306.457,306.808,302.097,303.458,33607124.33
24.06.2020 16:00:00.000,303.448,305.318,303.077,305.228,26690950.39
24.06.2020 17:00:00.000,305.228,305.488,303.027,303.858,27428691.86
24.06.2020 18:00:00.000,303.857,304.818,302.768,303.697,28909898.76
24.06.2020 19:00:00.000,303.698,305.718,303.627,304.068,32069114.69
25.06.2020 13:00:00.000,303.468,303.818,301.278,302.968,18118909.84
25.06.2020 14:00:00.000,302.978,304.968,302.858,303.947,32481884
25.06.2020 15:00:00.000,303.957,304.358,302.508,303.837,29415645.6
25.06.2020 16:00:00.000,303.848,305.258,303.847,304.648,24856964.11
25.06.2020 17:00:00.000,304.638,305.018,304.048,304.548,21897409.44
25.06.2020 18:00:00.000,304.547,304.828,303.497,304.258,22115886.69
25.06.2020 19:00:00.000,304.268,307.627,303.997,307.308,27595172.88
26.06.2020 13:00:00.000,306.158,306.378,304.507,305.207,17208702.09
26.06.2020 14:00:00.000,305.158,305.238,300.668,301.488,34095001.22
26.06.2020 15:00:00.000,301.527,302.888,301.377,302.598,30086750.03
26.06.2020 16:00:00.000,302.598,302.648,300.497,301.808,27994445.8
26.06.2020 17:00:00.000,301.797,302.568,301.517,301.768,24954961.78
26.06.2020 18:00:00.000,301.767,302.078,299.847,300.458,26774164.2
26.06.2020 19:00:00.000,300.447,301.438,299.407,300.028,29733348.85
29.06.2020 13:00:00.000,301.377,301.718,298.937,300.568,17365013.12
29.06.2020 14:00:00.000,300.577,303.388,300.558,302.577,30267459.87
29.06.2020 15:00:00.000,302.578,303.358,301.998,302.667,26628608.7
29.06.2020 16:00:00.000,302.677,303.798,302.677,303.348,20792615.89
29.06.2020 17:00:00.000,303.337,303.988,303.197,303.628,17497690.2
29.06.2020 18:00:00.000,303.627,303.818,302.697,302.917,18212652.21
29.06.2020 19:00:00.000,302.918,304.438,302.217,304.428,24100917.82
30.06.2020 13:00:00.000,303.938,305.358,303.818,304.807,15992939.95
30.06.2020 14:00:00.000,304.767,306.668,304.707,306.548,28327528
30.06.2020 15:00:00.000,306.557,307.318,306.267,306.787,22385101.32
30.06.2020 16:00:00.000,306.788,307.508,306.188,306.298,19752075.2
30.06.2020 17:00:00.000,306.297,306.618,305.698,306.507,19715234.76
30.06.2020 18:00:00.000,306.508,307.418,306.017,307.407,20175054.55
30.06.2020 19:00:00.000,307.408,310.188,306.657,308.908,25005435.94
01.07.2020 13:00:00.000,309.528,310.898,309.288,309.788,16828296.66
01.07.2020 14:00:00.000,309.878,311.238,309.747,310.588,28838125.23
01.07.2020 15:00:00.000,310.598,310.688,309.058,310.248,25684326.17
01.07.2020 16:00:00.000,310.247,311.428,310.097,310.778,20102140.43
01.07.2020 17:00:00.000,310.798,311.048,310.277,310.728,17323328.02
01.07.2020 18:00:00.000,310.727,311.257,310.297,310.887,19641536.71
01.07.2020 19:00:00.000,310.888,311.878,310.427,310.537,20847749.71
02.07.2020 13:00:00.000,314.228,315.468,314.138,315.378,14952360.15
02.07.2020 14:00:00.000,315.368,315.687,312.777,312.898,29586746.22
02.07.2020 15:00:00.000,312.888,313.838,312.028,313.598,30374004.36
02.07.2020 16:00:00.000,313.598,313.788,312.848,313.698,30906000.14
02.07.2020 17:00:00.000,313.697,314.188,313.358,313.748,24885499.95
02.07.2020 18:00:00.000,313.748,314.388,313.498,314.068,26130500.79
02.07.2020 19:00:00.000,314.078,314.198,311.507,312.198,32434749.6
06.07.2020 13:00:00.000,316.368,316.868,315.858,316.728,20492500.31
06.07.2020 14:00:00.000,316.728,317.427,315.547,316.897,36923248.29
06.07.2020 15:00:00.000,316.898,317.218,316.428,316.438,29305999.76
06.07.2020 16:00:00.000,316.437,316.568,315.997,316.477,25464500.43
06.07.2020 17:00:00.000,316.478,316.668,316.008,316.608,25772750.85
06.07.2020 18:00:00.000,316.618,316.628,315.557,315.978,30461999.89
06.07.2020 19:00:00.000,315.977,317.138,315.627,316.978,33875999.45
07.07.2020 13:00:00.000,315.348,316.228,314.888,315.977,19910999.3
07.07.2020 14:00:00.000,315.968,317.028,315.827,316.828,34831501.01
07.07.2020 15:00:00.000,316.818,317.498,316.568,316.717,28441749.57
07.07.2020 16:00:00.000,316.728,316.968,315.917,316.358,27180500.03
07.07.2020 17:00:00.000,316.357,316.547,315.707,316.188,27392499.92
07.07.2020 18:00:00.000,316.197,316.288,315.037,315.507,27213499.07
07.07.2020 19:00:00.000,315.508,315.518,313.367,313.668,34714748.38
08.07.2020 13:00:00.000,314.568,316.168,314.197,316.078,19328750.61
08.07.2020 14:00:00.000,316.077,316.288,315.018,315.378,33131500.24
08.07.2020 15:00:00.000,315.378,315.458,312.697,314.127,35340248.11
08.07.2020 16:00:00.000,314.128,314.928,313.987,314.908,27555250.17
08.07.2020 17:00:00.000,314.907,314.938,313.558,313.847,25557249.07
08.07.2020 18:00:00.000,313.848,314.677,313.597,314.557,30700000.76
08.07.2020 19:00:00.000,314.558,316.158,314.508,316.118,31492500.31
09.07.2020 13:00:00.000,316.798,317.088,315.327,316.088,20969749.45
09.07.2020 14:00:00.000,316.078,316.388,311.817,311.938,40616500.85
09.07.2020 15:00:00.000,311.927,312.578,310.658,312.228,43644500.73
09.07.2020 16:00:00.000,312.238,313.608,312.068,313.477,32135749.82
09.07.2020 17:00:00.000,313.478,314.388,313.208,313.378,28100999.83
09.07.2020 18:00:00.000,313.368,314.898,313.168,314.867,27715250.02
09.07.2020 19:00:00.000,314.868,315.518,313.267,314.407,35458000.18
10.07.2020 13:00:00.000,314.198,315.068,313.448,313.977,23407749.18
10.07.2020 14:00:00.000,313.968,315.588,312.757,315.078,39848751.07
10.07.2020 15:00:00.000,315.077,315.908,314.487,315.838,30503499.98
10.07.2020 16:00:00.000,315.828,316.108,314.898,315.818,25461000.44
10.07.2020 17:00:00.000,315.818,316.658,315.618,316.498,21680250.17
10.07.2020 18:00:00.000,316.508,316.938,316.177,316.908,20547000.89
10.07.2020 19:00:00.000,316.898,317.858,316.507,317.668,26646499.63
13.07.2020 13:00:00.000,320.088,320.418,319.478,319.588,20764749.53
13.07.2020 14:00:00.000,319.587,321.658,319.207,321.648,33709751.13
13.07.2020 15:00:00.000,321.638,322.348,321.497,321.708,25844999.31
13.07.2020 16:00:00.000,321.728,322.018,321.518,321.648,26242500.31
13.07.2020 17:00:00.000,321.658,322.698,321.538,321.917,27121000.29
13.07.2020 18:00:00.000,321.917,322.058,319.058,320.398,40191501.62
13.07.2020 19:00:00.000,320.388,320.498,314.127,314.737,48322250.37
14.07.2020 13:00:00.000,313.278,315.297,311.977,313.858,26250000
14.07.2020 14:00:00.000,313.837,315.907,312.327,314.808,50659500.12
14.07.2020 15:00:00.000,314.798,316.668,314.268,315.987,44540000.92
14.07.2020 16:00:00.000,315.988,316.628,315.138,315.297,35048751.83
14.07.2020 17:00:00.000,315.298,316.968,314.518,316.308,32798500.06
14.07.2020 18:00:00.000,316.317,317.648,315.887,317.368,33771499.63
14.07.2020 19:00:00.000,317.388,319.298,315.767,318.887,38096748.35
15.07.2020 13:00:00.000,322.388,322.598,321.217,321.848,24224750.52
15.07.2020 14:00:00.000,321.858,323.018,321.118,322.228,37897998.81
15.07.2020 15:00:00.000,322.247,322.458,319.707,319.737,41184501.65
15.07.2020 16:00:00.000,319.728,321.108,319.258,321.067,34693248.75
15.07.2020 17:00:00.000,321.068,321.768,320.698,321.077,29274499.89
15.07.2020 18:00:00.000,321.078,322.188,320.758,320.917,32234500.89
15.07.2020 19:00:00.000,320.908,322.568,320.187,321.847,35244251.25
16.07.2020 13:00:00.000,319.788,320.447,319.097,319.727,22755250.93
16.07.2020 14:00:00.000,319.717,320.688,319.078,319.898,39296501.16
16.07.2020 15:00:00.000,319.898,320.278,319.268,319.777,34361999.51
16.07.2020 16:00:00.000,319.778,320.088,319.227,319.688,27813499.45
16.07.2020 17:00:00.000,319.688,320.588,319.617,319.918,26013250.35
16.07.2020 18:00:00.000,319.908,320.628,319.237,319.368,26508499.15
16.07.2020 19:00:00.000,319.368,321.278,319.207,320.798,32337001.8
17.07.2020 13:00:00.000,321.837,321.848,320.918,321.298,20280000.69
17.07.2020 14:00:00.000,321.278,321.478,319.728,320.988,32893001.56
17.07.2020 15:00:00.000,320.998,321.528,320.677,321.367,25596250.53
17.07.2020 16:00:00.000,321.378,321.658,321.077,321.188,20626499.18
17.07.2020 17:00:00.000,321.197,321.568,320.897,321.228,21007499.69
17.07.2020 18:00:00.000,321.238,322.218,321.217,321.998,19751249.31
17.07.2020 19:00:00.000,321.997,322.558,321.557,321.698,24777250.29
20.07.2020 13:00:00.000,321.398,322.128,320.628,321.127,22878999.71
20.07.2020 14:00:00.000,321.128,323.008,320.908,322.478,33984500.89
20.07.2020 15:00:00.000,322.488,323.128,322.327,322.838,25259500.5
20.07.2020 16:00:00.000,322.848,323.078,322.447,323.017,20519500.73
20.07.2020 17:00:00.000,323.018,323.798,322.847,323.698,19290500.64
20.07.2020 18:00:00.000,323.698,323.968,323.498,323.768,19781749.73
20.07.2020 19:00:00.000,323.768,325.098,323.637,324.298,23699499.13
21.07.2020 13:00:00.000,326.428,326.908,325.878,326.698,20291749.95
21.07.2020 14:00:00.000,326.708,326.898,325.418,326.377,38316501.62
21.07.2020 15:00:00.000,326.378,326.668,325.617,326.007,35958499.91
21.07.2020 16:00:00.000,326.018,326.298,325.587,326.278,28681749.34
21.07.2020 17:00:00.000,326.268,326.678,325.767,326.508,23355499.27
21.07.2020 18:00:00.000,326.517,326.838,326.238,326.417,22436500.55
21.07.2020 19:00:00.000,326.418,326.498,323.937,325.048,35569248.2
22.07.2020 13:00:00.000,324.598,326.148,324.527,325.708,19964000.7
22.07.2020 14:00:00.000,325.708,326.028,324.688,325.198,34048999.79
22.07.2020 15:00:00.000,325.207,325.788,324.497,325.608,29774250.03
22.07.2020 16:00:00.000,325.607,326.308,325.427,325.858,22515499.12
22.07.2020 17:00:00.000,325.857,326.018,324.718,324.758,20508499.15
22.07.2020 18:00:00.000,324.767,325.928,324.718,325.747,21615999.22
22.07.2020 19:00:00.000,325.757,327.168,325.657,326.867,25516250.61
23.07.2020 13:00:00.000,326.448,327.218,326.108,326.968,20351999.28
23.07.2020 14:00:00.000,326.977,327.078,325.508,326.258,35971748.35
23.07.2020 15:00:00.000,326.248,327.108,325.798,326.647,33587249.76
23.07.2020 16:00:00.000,326.648,326.668,324.967,325.248,35289501.19
23.07.2020 17:00:00.000,325.248,325.888,322.968,323.548,34973499.3
23.07.2020 18:00:00.000,323.558,323.578,321.478,322.938,44598499.3
23.07.2020 19:00:00.000,322.938,323.228,321.698,322.927,42726501.46
24.07.2020 13:00:00.000,320.928,321.148,319.478,320.587,23624750.14
24.07.2020 14:00:00.000,320.588,321.828,320.167,321.778,38258998.87
24.07.2020 15:00:00.000,321.778,321.978,320.818,321.318,37077251.43
24.07.2020 16:00:00.000,321.317,321.408,320.007,320.237,31862499.24
24.07.2020 17:00:00.000,320.238,320.678,319.237,320.527,29141000.75
24.07.2020 18:00:00.000,320.528,321.398,320.388,320.768,28735000.61
24.07.2020 19:00:00.000,320.778,321.438,319.658,320.888,35477249.15
27.07.2020 13:00:00.000,321.627,322.718,320.768,322.608,20341249.47
27.07.2020 14:00:00.000,322.628,322.958,322.357,322.578,30705499.65
27.07.2020 15:00:00.000,322.577,322.628,321.167,321.887,28566499.71
27.07.2020 16:00:00.000,321.888,322.448,321.737,322.367,22796749.12
27.07.2020 17:00:00.000,322.368,322.748,322.297,322.478,16931249.62
27.07.2020 18:00:00.000,322.488,322.888,322.158,322.378,19988750.46
27.07.2020 19:00:00.000,322.368,323.398,322.347,323.188,25469749.45
28.07.2020 13:00:00.000,322.408,323.008,321.298,321.868,20816999.44
28.07.2020 14:00:00.000,321.858,323.068,321.707,322.798,34669998.17
28.07.2020 15:00:00.000,322.807,323.478,322.108,322.918,27659250.26
28.07.2020 16:00:00.000,322.928,323.048,322.508,323.007,22882249.83
28.07.2020 17:00:00.000,323.008,323.648,322.708,323.508,18100000.38
28.07.2020 18:00:00.000,323.518,323.598,322.937,322.998,20103750.23
28.07.2020 19:00:00.000,322.997,323.078,320.847,321.248,31072500.23
29.07.2020 13:00:00.000,322.088,322.968,322.048,322.798,19795249.94
29.07.2020 14:00:00.000,322.777,323.758,322.747,323.738,28129499.44
29.07.2020 15:00:00.000,323.728,323.848,323.327,323.658,21747749.33
29.07.2020 16:00:00.000,323.657,324.108,323.218,323.938,21957500.46
29.07.2020 17:00:00.000,323.937,324.288,323.767,323.767,19066499.71
29.07.2020 18:00:00.000,323.768,325.418,323.608,324.528,30053749.08
29.07.2020 19:00:00.000,324.538,325.718,323.857,325.088,32971248.63
30.07.2020 13:00:00.000,321.878,322.408,319.987,320.108,18408750.53
30.07.2020 14:00:00.000,320.128,321.618,319.617,321.398,38439250.95
30.07.2020 15:00:00.000,321.408,322.978,321.097,322.728,33670749.66
30.07.2020 16:00:00.000,322.718,323.938,322.368,323.558,31220249.18
30.07.2020 17:00:00.000,323.548,324.388,323.108,323.708,23673999.79
30.07.2020 18:00:00.000,323.707,324.278,323.157,323.897,26224250.79
30.07.2020 19:00:00.000,323.898,324.398,323.358,324.008,28015249.25
31.07.2020 13:00:00.000,325.858,326.098,324.108,324.727,22924999.24
31.07.2020 14:00:00.000,324.728,324.768,322.407,323.297,40884250.64
31.07.2020 15:00:00.000,323.308,324.378,322.998,323.248,32087749.48
31.07.2020 16:00:00.000,323.238,323.328,321.327,321.678,33783248.9
31.07.2020 17:00:00.000,321.678,323.018,321.527,322.568,27006999.97
31.07.2020 18:00:00.000,322.567,323.918,321.947,323.878,24406499.86
31.07.2020 19:00:00.000,323.877,326.588,323.688,326.488,33980251.31
03.08.2020 13:00:00.000,328.287,328.418,327.717,328.338,20093999.86
03.08.2020 14:00:00.000,328.337,329.268,327.898,328.208,35727748.87
03.08.2020 15:00:00.000,328.218,329.368,328.128,329.048,27682500.84
03.08.2020 16:00:00.000,329.038,329.168,328.717,328.898,24681999.21
03.08.2020 17:00:00.000,328.897,329.248,328.798,329.068,22736249.92
03.08.2020 18:00:00.000,329.077,329.608,328.887,329.457,21814750.67
03.08.2020 19:00:00.000,329.458,329.548,328.387,328.798,29812500
04.08.2020 13:00:00.000,327.817,328.758,327.798,328.628,18313999.18
04.08.2020 14:00:00.000,328.638,329.628,328.537,329.358,30431749.34
04.08.2020 15:00:00.000,329.368,329.638,329.147,329.408,26877000.81
04.08.2020 16:00:00.000,329.417,329.508,328.747,328.897,21072000.5
04.08.2020 17:00:00.000,328.898,329.408,328.637,329.318,19039749.15
04.08.2020 18:00:00.000,329.317,329.458,327.947,328.988,22486999.51
04.08.2020 19:00:00.000,328.977,330.028,328.807,330.028,25676750.18
05.08.2020 13:00:00.000,331.468,331.918,331.198,331.867,18240499.5
05.08.2020 14:00:00.000,331.878,332.148,331.607,331.838,27504499.44
05.08.2020 15:00:00.000,331.837,332.388,331.608,331.628,26166500.09
05.08.2020 16:00:00.000,331.618,331.928,331.417,331.798,20469499.59
05.08.2020 17:00:00.000,331.808,331.998,331.647,331.878,16997499.47
05.08.2020 18:00:00.000,331.877,332.168,331.707,331.868,14450750.35
05.08.2020 19:00:00.000,331.867,332.318,331.177,332.088,19361000.06
06.08.2020 13:00:00.000,331.458,332.288,331.367,332.278,18849750.52
06.08.2020 14:00:00.000,332.288,332.628,331.127,331.737,30401500.7
06.08.2020 15:00:00.000,331.738,332.018,331.267,331.668,29142250.06
06.08.2020 16:00:00.000,331.648,332.438,331.597,332.418,23242500.31
06.08.2020 17:00:00.000,332.417,332.887,332.257,332.798,20999250.41
06.08.2020 18:00:00.000,332.808,334.147,332.758,333.988,21623750.69
06.08.2020 19:00:00.000,333.997,334.448,333.567,334.288,26551250.46
07.08.2020 13:00:00.000,333.247,334.068,332.838,333.908,18818500.52
07.08.2020 14:00:00.000,333.917,334.578,333.047,334.367,31003250.12
07.08.2020 15:00:00.000,334.368,334.618,333.508,333.537,27636999.13
07.08.2020 16:00:00.000,333.538,334.558,333.367,333.847,29303499.22
07.08.2020 17:00:00.000,333.848,334.048,332.887,333.018,33693500.52
07.08.2020 18:00:00.000,333.017,333.568,332.297,333.287,35812000.27
07.08.2020 19:00:00.000,333.288,334.718,332.837,334.538,34037250.52
10.08.2020 13:00:00.000,335.038,335.578,334.967,335.108,17750999.45
10.08.2020 14:00:00.000,335.107,335.388,333.157,333.178,34535751.34
10.08.2020 15:00:00.000,333.178,335.008,332.947,334.908,32370250.7
10.08.2020 16:00:00.000,334.917,335.258,334.337,335.128,26261499.4
10.08.2020 17:00:00.000,335.127,335.428,334.898,335.077,24121999.74
10.08.2020 18:00:00.000,335.087,335.498,334.777,335.478,23489000.32
10.08.2020 19:00:00.000,335.477,335.758,334.848,335.557,27774999.62
11.08.2020 13:00:00.000,336.837,337.258,336.248,336.377,21572500.23
11.08.2020 14:00:00.000,336.388,336.818,335.538,336.638,36172248.84
11.08.2020 15:00:00.000,336.637,337.198,336.407,336.618,29154249.19
11.08.2020 16:00:00.000,336.618,337.178,336.237,336.977,24605749.13
11.08.2020 17:00:00.000,336.978,337.528,336.797,337.218,23450000.76
11.08.2020 18:00:00.000,337.227,337.368,335.737,336.288,30214250.56
11.08.2020 19:00:00.000,336.288,336.368,331.998,332.817,44074748.99
12.08.2020 13:00:00.000,335.418,336.458,335.377,336.388,19781000.14
12.08.2020 14:00:00.000,336.368,337.478,336.108,337.258,33845001.22
12.08.2020 15:00:00.000,337.257,337.628,336.888,337.228,28724000.93
12.08.2020 16:00:00.000,337.217,337.808,337.007,337.068,21426000.6
12.08.2020 17:00:00.000,337.058,337.898,336.538,337.878,21782749.18
12.08.2020 18:00:00.000,337.878,337.958,337.537,337.858,19913499.83
12.08.2020 19:00:00.000,337.857,338.268,337.237,337.418,26055000.31
13.08.2020 13:00:00.000,336.558,337.928,336.438,337.888,19821750.64
13.08.2020 14:00:00.000,337.887,337.968,337.267,337.808,29607749.94
13.08.2020 15:00:00.000,337.807,338.098,337.487,337.678,23434000.02
13.08.2020 16:00:00.000,337.688,338.128,337.668,338.098,18818500.52
13.08.2020 17:00:00.000,338.097,338.248,337.048,337.597,23975000.38
13.08.2020 18:00:00.000,337.598,337.698,335.818,336.247,34396751.4
13.08.2020 19:00:00.000,336.258,337.328,335.948,336.838,33819000.24
14.08.2020 13:00:00.000,336.398,336.748,335.887,336.657,20531499.86
14.08.2020 14:00:00.000,336.657,337.038,336.167,336.548,34606998.44
14.08.2020 15:00:00.000,336.538,337.308,336.348,337.078,29031250
14.08.2020 16:00:00.000,337.098,337.288,336.867,336.968,23104499.82
14.08.2020 17:00:00.000,336.957,337.408,336.778,337.408,19987749.1
14.08.2020 18:00:00.000,337.407,337.408,336.547,336.568,21102500.92
14.08.2020 19:00:00.000,336.567,336.838,335.648,336.838,26745750.43
17.08.2020 13:00:00.000,337.918,338.158,337.697,337.877,15554249.76
17.08.2020 14:00:00.000,337.878,338.328,337.478,338.028,23047250.75
17.08.2020 15:00:00.000,338.017,338.178,337.727,337.998,19135000.23
17.08.2020 16:00:00.000,338.007,338.178,337.757,338.118,15799750.33
17.08.2020 17:00:00.000,338.138,338.158,337.957,338.048,12805999.76
17.08.2020 18:00:00.000,338.047,338.148,337.798,337.897,13135999.68
17.08.2020 19:00:00.000,337.898,338.138,337.577,337.878,18691999.44
18.08.2020 13:00:00.000,338.297,339.058,338.158,338.378,15748000.15
18.08.2020 14:00:00.000,338.378,338.428,336.597,337.758,32227001.19
18.08.2020 15:00:00.000,337.767,338.448,337.657,338.378,21863250.73
18.08.2020 16:00:00.000,338.368,338.778,338.258,338.697,17083999.63
18.08.2020 17:00:00.000,338.708,338.918,338.468,338.728,15400750.16
18.08.2020 18:00:00.000,338.717,338.968,338.508,338.858,16770250.32
18.08.2020 19:00:00.000,338.857,339.078,338.277,338.608,22377000.81
19.08.2020 13:00:00.000,339.037,339.187,338.608,338.778,17049999.24
19.08.2020 14:00:00.000,338.758,339.328,338.718,339.218,23998750.69
19.08.2020 15:00:00.000,339.228,339.608,338.997,339.498,20261249.54
19.08.2020 16:00:00.000,339.497,339.518,339.037,339.168,17238000.87
19.08.2020 17:00:00.000,339.167,339.418,339.107,339.367,13635250.09
19.08.2020 18:00:00.000,339.368,339.578,337.817,338.628,32631000.52
19.08.2020 19:00:00.000,338.627,338.788,336.617,337.218,31380250.93
20.08.2020 13:00:00.000,335.348,336.768,335.208,336.728,17724750.52
20.08.2020 14:00:00.000,336.738,337.518,336.507,337.148,26987249.37
20.08.2020 15:00:00.000,337.158,337.808,336.747,337.678,22812749.86
20.08.2020 16:00:00.000,337.677,337.828,337.238,337.318,17587999.34
20.08.2020 17:00:00.000,337.317,337.738,337.127,337.567,17377750.4
20.08.2020 18:00:00.000,337.568,338.228,337.527,338.218,18756000.52
20.08.2020 19:00:00.000,338.208,338.778,337.767,338.247,24353004.46
21.08.2020 13:00:00.000,337.908,338.658,337.547,338.607,18938999.18
21.08.2020 14:00:00.000,338.608,338.918,337.927,338.608,103851753.23
21.08.2020 15:00:00.000,338.608,338.678,337.898,337.958,152783996.58
21.08.2020 16:00:00.000,337.948,338.777,337.907,338.558,112178253.17
21.08.2020 17:00:00.000,338.557,338.948,338.327,338.828,115366500.85
21.08.2020 18:00:00.000,338.827,339.448,338.667,339.337,97493499.76
21.08.2020 19:00:00.000,339.338,339.688,339.117,339.458,135435256.96
24.08.2020 13:00:00.000,342.097,342.218,341.507,341.867,90086746.22
24.08.2020 14:00:00.000,341.878,342.398,341.057,341.288,175927001.95
24.08.2020 15:00:00.000,341.277,341.968,341.157,341.758,112171501.16
24.08.2020 16:00:00.000,341.767,342.058,341.587,341.677,98351501.46
24.08.2020 17:00:00.000,341.687,342.047,341.487,341.767,73675498.96
24.08.2020 18:00:00.000,341.757,341.968,341.277,341.497,78698753.36
24.08.2020 19:00:00.000,341.508,342.988,341.128,342.927,106642250.06
25.08.2020 13:00:00.000,343.528,343.688,342.857,343.328,101890251.16
25.08.2020 14:00:00.000,343.337,343.348,342.257,342.738,159709503.17
25.08.2020 15:00:00.000,342.727,343.457,342.337,342.708,117429000.85
25.08.2020 16:00:00.000,342.698,343.148,342.337,343.058,89065498.35
25.08.2020 17:00:00.000,343.048,343.378,342.807,343.177,55942249.3
25.08.2020 18:00:00.000,343.167,343.778,343.007,343.727,56962001.8
25.08.2020 19:00:00.000,343.717,344.188,343.517,344.087,61860248.57
26.08.2020 13:00:00.000,344.728,344.737,344.157,344.668,69909500.12
26.08.2020 14:00:00.000,344.668,345.318,344.437,345.228,75692253.11
26.08.2020 15:00:00.000,345.227,346.068,345.077,345.978,59458751.68
26.08.2020 16:00:00.000,345.987,347.017,345.878,346.588,84447502.14
26.08.2020 17:00:00.000,346.598,347.018,346.588,347.008,80070999.15
26.08.2020 18:00:00.000,346.998,347.848,346.347,346.517,114750999.45
26.08.2020 19:00:00.000,346.527,347.798,346.297,347.558,123544746.4
27.08.2020 13:00:00.000,348.508,349.488,347.437,349.247,149882247.92
27.08.2020 14:00:00.000,349.258,349.628,347.507,349.517,232547500.61
27.08.2020 15:00:00.000,349.497,349.888,348.558,349.527,153821746.83
27.08.2020 16:00:00.000,349.537,349.537,346.518,347.008,203053756.71
27.08.2020 17:00:00.000,347.007,348.688,346.617,348.647,201755249.02
27.08.2020 18:00:00.000,348.638,349.498,348.507,349.108,111446998.6
27.08.2020 19:00:00.000,349.107,349.688,348.167,348.317,156923492.43
28.08.2020 13:00:00.000,349.418,349.568,348.597,349.257,119328247.07
28.08.2020 14:00:00.000,349.277,349.328,348.137,348.388,192327255.25
28.08.2020 15:00:00.000,348.388,349.437,348.257,349.288,111345748.9
28.08.2020 16:00:00.000,349.287,349.698,349.068,349.668,68769996.64
28.08.2020 17:00:00.000,349.677,349.678,348.737,349.237,91722503.66
28.08.2020 18:00:00.000,349.238,349.907,348.988,349.757,68609001.16
28.08.2020 19:00:00.000,349.767,350.708,349.677,350.537,79785003.66
31.08.2020 13:00:00.000,350.318,350.668,349.867,350.007,108274246.22
31.08.2020 14:00:00.000,349.998,350.238,349.837,350.108,23239999.77
31.08.2020 15:00:00.000,350.688,350.798,349.077,350.138,129192001.34
31.08.2020 16:00:00.000,350.138,350.648,349.997,350.498,94344497.68
31.08.2020 17:00:00.000,350.507,350.868,350.338,350.617,71044746.4
31.08.2020 18:00:00.000,350.608,350.868,350.177,350.778,58069499.97
31.08.2020 19:00:00.000,350.778,351.288,349.328,349.328,123670753.48
01.09.2020 13:00:00.000,350.198,350.568,349.228,350.467,112288002.01
01.09.2020 14:00:00.000,350.477,351.388,350.158,350.647,170850494.38
01.09.2020 15:00:00.000,350.657,351.207,350.387,350.757,138192001.34
01.09.2020 16:00:00.000,350.757,351.198,350.687,351.187,67001251.22
01.09.2020 17:00:00.000,351.198,351.478,350.837,351.307,55979999.54
01.09.2020 18:00:00.000,351.317,351.897,351.237,351.827,36514499.66
01.09.2020 19:00:00.000,351.828,352.677,351.387,352.577,77550498.96
02.09.2020 13:00:00.000,354.667,354.678,353.528,353.738,123332496.64
02.09.2020 14:00:00.000,353.748,355.278,353.407,354.868,215565246.58
02.09.2020 15:00:00.000,354.877,355.077,353.648,354.778,213321502.69
02.09.2020 16:00:00.000,354.757,355.768,354.567,355.567,134703750.61
02.09.2020 17:00:00.000,355.558,356.728,355.397,356.427,99688751.22
02.09.2020 18:00:00.000,356.417,356.918,355.797,356.738,101271247.86
02.09.2020 19:00:00.000,356.738,358.677,356.657,357.678,127157501.22
03.09.2020 13:00:00.000,355.837,356.368,355.157,355.778,143876251.22
03.09.2020 14:00:00.000,355.777,355.917,350.337,351.318,309935241.7
03.09.2020 15:00:00.000,351.327,351.468,345.028,348.058,380918243.41
03.09.2020 16:00:00.000,348.047,348.827,345.467,345.637,339244506.84
03.09.2020 17:00:00.000,345.648,346.977,344.247,345.577,340526489.26
03.09.2020 18:00:00.000,345.558,346.908,343.967,343.967,304166992.19
03.09.2020 19:00:00.000,343.977,345.908,342.597,345.547,345085998.54
04.09.2020 13:00:00.000,346.118,347.808,343.037,343.547,185850753.78
04.09.2020 14:00:00.000,343.538,344.708,334.858,338.397,407248504.64
04.09.2020 15:00:00.000,338.397,339.537,335.338,339.207,383332489.01
04.09.2020 16:00:00.000,339.207,341.588,338.028,340.888,334658752.44
04.09.2020 17:00:00.000,340.898,340.898,338.447,340.337,297194488.53
04.09.2020 18:00:00.000,340.327,344.628,339.687,344.518,306065002.44
04.09.2020 19:00:00.000,344.547,345.388,342.278,342.627,338020507.81
08.09.2020 13:00:00.000,336.657,336.968,333.837,336.688,195108245.85
08.09.2020 14:00:00.000,336.678,338.038,334.787,335.838,376226501.46
08.09.2020 15:00:00.000,335.887,337.348,334.387,335.468,358979248.05
08.09.2020 16:00:00.000,335.477,336.968,335.288,336.757,275387237.55
08.09.2020 17:00:00.000,336.748,337.728,336.017,337.178,218228500.37
08.09.2020 18:00:00.000,337.188,337.538,333.017,334.477,236309005.74
08.09.2020 19:00:00.000,334.488,335.498,332.868,333.248,303663238.53
09.09.2020 13:00:00.000,337.537,338.138,336.607,338.128,162418502.81
09.09.2020 14:00:00.000,338.167,339.857,338.097,339.358,261675262.45
09.09.2020 15:00:00.000,339.357,340.548,338.897,340.258,201926742.55
09.09.2020 16:00:00.000,340.268,341.378,340.107,341.138,137787750.24
09.09.2020 17:00:00.000,341.147,342.218,341.028,341.147,149126998.9
09.09.2020 18:00:00.000,341.148,341.978,340.698,341.658,157018753.05
09.09.2020 19:00:00.000,341.647,342.458,339.617,339.748,202106002.81
10.09.2020 13:00:00.000,341.778,342.418,341.187,341.608,151253997.8
10.09.2020 14:00:00.000,341.597,342.507,338.617,338.788,261461486.82
10.09.2020 15:00:00.000,338.788,340.808,338.108,339.417,279829986.57
10.09.2020 16:00:00.000,339.448,339.948,337.327,338.498,266341003.42
10.09.2020 17:00:00.000,338.497,339.587,337.568,337.747,221872497.56
10.09.2020 18:00:00.000,337.728,338.498,334.097,336.018,308356506.35
10.09.2020 19:00:00.000,336.018,336.098,332.848,333.867,322693237.3
11.09.2020 13:00:00.000,335.778,336.508,333.927,334.158,176674255.37
11.09.2020 14:00:00.000,334.138,336.588,333.707,335.608,311206512.45
11.09.2020 15:00:00.000,335.627,336.958,334.697,334.778,246350250.24
11.09.2020 16:00:00.000,334.798,335.847,333.047,333.128,247354248.05
11.09.2020 17:00:00.000,333.138,333.517,330.997,331.467,275420989.99
11.09.2020 18:00:00.000,331.487,334.308,331.108,333.598,252246994.02
11.09.2020 19:00:00.000,333.597,335.338,332.337,334.047,269576751.71
14.09.2020 13:00:00.000,337.418,339.027,336.908,338.927,131778503.42
14.09.2020 14:00:00.000,338.957,340.368,338.737,339.677,178723495.48
14.09.2020 15:00:00.000,339.678,340.218,339.207,339.778,134324493.41
14.09.2020 16:00:00.000,339.758,340.058,339.237,339.558,132792251.59
14.09.2020 17:00:00.000,339.568,339.837,338.057,338.888,148508255
14.09.2020 18:00:00.000,338.888,339.368,337.918,338.677,170015502.93
14.09.2020 19:00:00.000,338.667,339.798,337.528,338.427,216147995
15.09.2020 13:00:00.000,341.088,341.998,341.047,341.597,104656501.77
15.09.2020 14:00:00.000,341.608,341.968,340.588,341.498,160079254.15
15.09.2020 15:00:00.000,341.478,341.868,341.108,341.288,107032501.22
15.09.2020 16:00:00.000,341.298,341.737,341.257,341.668,75001502.99
15.09.2020 17:00:00.000,341.677,341.928,341.117,341.147,85941497.8
15.09.2020 18:00:00.000,341.167,341.218,340.427,340.837,117392997.74
15.09.2020 19:00:00.000,340.847,340.878,339.007,340.127,172562744.14
16.09.2020 13:00:00.000,341.507,341.707,340.707,341.407,102118499.76
16.09.2020 14:00:00.000,341.388,341.778,340.317,341.038,177605255.13
16.09.2020 15:00:00.000,341.048,342.337,340.997,341.657,111512496.95
16.09.2020 16:00:00.000,341.677,341.938,340.997,341.187,100794998.17
16.09.2020 17:00:00.000,341.178,341.388,340.397,341.088,118702751.16
16.09.2020 18:00:00.000,341.077,343.038,340.827,341.548,212803756.71
16.09.2020 19:00:00.000,341.547,341.918,338.507,338.798,284315734.86
17.09.2020 13:00:00.000,333.518,335.357,333.157,335.127,157010498.05
17.09.2020 14:00:00.000,335.147,337.248,334.827,336.318,283399261.47
17.09.2020 15:00:00.000,336.307,337.688,334.897,335.168,229112747.19
17.09.2020 16:00:00.000,335.118,335.438,332.977,334.487,246609252.93
17.09.2020 17:00:00.000,334.508,334.928,333.557,334.378,190991256.71
17.09.2020 18:00:00.000,334.388,335.288,333.307,333.998,171651748.66
17.09.2020 19:00:00.000,334.018,336.008,332.997,335.847,240266998.29
18.09.2020 13:00:00.000,335.327,335.458,333.037,333.907,130691757.2
18.09.2020 14:00:00.000,333.907,334.978,332.528,332.787,234157257.08
18.09.2020 15:00:00.000,332.778,333.348,331.847,332.998,220055999.76
18.09.2020 16:00:00.000,332.998,333.337,330.558,330.887,209162994.38
18.09.2020 17:00:00.000,330.897,331.108,327.957,329.958,215188003.54
18.09.2020 18:00:00.000,329.957,330.538,329.087,330.507,183602752.69
18.09.2020 19:00:00.000,330.518,331.558,330.318,330.577,192798751.83
21.09.2020 13:00:00.000,325.697,326.497,323.657,325.217,164960495
21.09.2020 14:00:00.000,325.247,325.568,321.658,322.667,318137237.55
21.09.2020 15:00:00.000,322.678,323.838,321.877,323.618,253020492.55
21.09.2020 16:00:00.000,323.608,324.538,322.997,323.257,230336242.68
21.09.2020 17:00:00.000,323.247,324.788,322.607,323.627,181493499.76
21.09.2020 18:00:00.000,323.637,323.878,322.157,323.407,205254257.2
21.09.2020 19:00:00.000,323.407,327.078,323.288,327.018,208449249.27
22.09.2020 13:00:00.000,328.538,329.138,326.997,327.457,137617752.08
22.09.2020 14:00:00.000,327.447,328.948,326.278,326.327,233937255.86
22.09.2020 15:00:00.000,326.368,327.708,325.847,327.608,214555252.08
22.09.2020 16:00:00.000,327.607,328.278,326.907,327.288,154218994.14
22.09.2020 17:00:00.000,327.287,329.107,327.148,329.068,124039749.15
22.09.2020 18:00:00.000,329.068,329.857,329.037,329.188,149651000.98
22.09.2020 19:00:00.000,329.197,330.888,328.907,330.297,182081497.19
23.09.2020 13:00:00.000,330.868,331.198,329.687,329.798,130874496.46
23.09.2020 14:00:00.000,329.797,330.238,328.497,329.068,234088500.98
23.09.2020 15:00:00.000,329.077,329.657,327.417,327.497,217623001.1
23.09.2020 16:00:00.000,327.488,328.667,327.108,328.647,185983749.39
23.09.2020 17:00:00.000,328.648,328.718,326.628,326.977,149757003.78
23.09.2020 18:00:00.000,326.977,326.998,323.418,323.628,249569503.78
23.09.2020 19:00:00.000,323.617,323.998,322.097,322.647,300266510.01
24.09.2020 13:00:00.000,321.207,322.827,319.787,322.157,163633743.29
24.09.2020 14:00:00.000,322.177,324.638,321.218,323.148,322519012.45
24.09.2020 15:00:00.000,323.127,324.528,321.858,324.498,271178497.31
24.09.2020 16:00:00.000,324.508,325.297,323.507,325.087,226498001.1
24.09.2020 17:00:00.000,325.067,326.787,324.997,325.768,209723251.34
24.09.2020 18:00:00.000,325.777,326.047,322.838,322.947,242469253.54
24.09.2020 19:00:00.000,322.958,324.268,321.838,323.498,294936737.06
25.09.2020 13:00:00.000,322.527,323.678,322.147,323.507,164352493.29
25.09.2020 14:00:00.000,323.488,325.268,321.627,324.808,279193511.96
25.09.2020 15:00:00.000,324.807,325.838,324.207,324.318,213391250.61
25.09.2020 16:00:00.000,324.328,325.798,324.308,325.668,159164001.46
25.09.2020 17:00:00.000,325.678,327.098,325.407,326.908,148404251.1
25.09.2020 18:00:00.000,326.898,328.128,326.847,328.077,139382751.46
25.09.2020 19:00:00.000,328.078,329.568,327.987,328.698,193444503.78
28.09.2020 13:00:00.000,333.178,333.838,332.127,332.747,133406494.14
28.09.2020 14:00:00.000,332.757,334.568,332.307,333.087,229330993.65
28.09.2020 15:00:00.000,333.078,334.248,332.978,333.688,184865997.31
28.09.2020 16:00:00.000,333.687,334.218,333.107,334.187,128668746.95
28.09.2020 17:00:00.000,334.187,334.788,333.797,334.617,83460998.54
28.09.2020 18:00:00.000,334.617,334.937,334.168,334.708,112861503.6
28.09.2020 19:00:00.000,334.717,334.778,333.527,334.198,171772995
29.09.2020 13:00:00.000,333.957,334.418,333.417,333.868,133519256.59
29.09.2020 14:00:00.000,333.868,334.758,332.637,332.937,216001007.08
29.09.2020 15:00:00.000,332.958,333.338,331.787,332.137,172004257.2
29.09.2020 16:00:00.000,332.147,332.748,331.718,332.688,131587997.44
29.09.2020 17:00:00.000,332.677,333.508,331.617,333.247,115385002.14
29.09.2020 18:00:00.000,333.257,333.878,332.917,333.317,125565002.44
29.09.2020 19:00:00.000,333.328,333.758,332.358,332.358,151751754.76
30.09.2020 13:00:00.000,333.098,335.208,333.017,335.048,136403503.42
30.09.2020 14:00:00.000,335.047,336.597,334.997,335.868,231880752.56
30.09.2020 15:00:00.000,335.838,337.107,335.647,336.808,160664505
30.09.2020 16:00:00.000,336.807,337.578,336.768,337.058,111336997.99
30.09.2020 17:00:00.000,337.067,337.517,336.217,337.508,116961250.31
30.09.2020 18:00:00.000,337.507,338.278,334.177,335.878,231158004.76
30.09.2020 19:00:00.000,335.867,336.327,332.858,334.727,298585510.25
01.10.2020 13:00:00.000,337.657,338.697,336.637,336.737,129609497.07
01.10.2020 14:00:00.000,336.728,337.398,335.558,336.658,226688751.22
01.10.2020 15:00:00.000,336.648,337.617,335.777,337.188,221799255.37
01.10.2020 16:00:00.000,337.197,337.378,336.227,337.138,150357757.57
01.10.2020 17:00:00.000,337.137,337.648,335.868,336.248,147721755.98
01.10.2020 18:00:00.000,336.227,337.157,335.007,336.957,211706756.59
01.10.2020 19:00:00.000,336.937,337.388,335.798,337.017,180648742.68
02.10.2020 13:00:00.000,331.688,334.368,331.157,334.028,159159744.26
02.10.2020 14:00:00.000,334.027,335.338,333.597,334.517,248889999.39
02.10.2020 15:00:00.000,334.497,335.327,332.687,332.777,227389755.25
02.10.2020 16:00:00.000,332.788,335.898,331.948,335.407,267582763.67
02.10.2020 17:00:00.000,335.398,335.818,333.827,334.498,231608505.25
02.10.2020 18:00:00.000,334.467,335.668,334.447,335.188,211231750.49
02.10.2020 19:00:00.000,335.198,335.547,333.657,333.878,231550994.87
05.10.2020 13:00:00.000,336.008,337.218,336.008,336.557,110686500.55
05.10.2020 14:00:00.000,336.587,338.557,336.587,338.237,137951507.57
05.10.2020 15:00:00.000,338.247,338.847,338.148,338.418,120921249.39
05.10.2020 16:00:00.000,338.417,338.678,338.238,338.608,78857246.4
05.10.2020 17:00:00.000,338.608,338.737,337.708,337.827,84095497.13
05.10.2020 18:00:00.000,337.828,339.177,337.517,339.148,93096496.58
05.10.2020 19:00:00.000,339.138,339.938,338.927,339.677,120433250.43
06.10.2020 13:00:00.000,339.897,340.247,339.047,339.398,112929000.85
06.10.2020 14:00:00.000,339.387,340.548,339.068,339.917,178080993.65
06.10.2020 15:00:00.000,339.908,340.167,338.647,338.918,176717498.78
06.10.2020 16:00:00.000,338.908,340.378,338.878,340.307,123758499.15
06.10.2020 17:00:00.000,340.317,340.978,340.188,340.447,115581497.19
06.10.2020 18:00:00.000,340.458,342.148,335.707,337.047,173497253.42
06.10.2020 19:00:00.000,337.057,337.118,334.378,334.978,356096740.72
07.10.2020 13:00:00.000,338.108,339.498,338.087,338.988,118779251.1
07.10.2020 14:00:00.000,338.977,339.758,338.357,339.468,202484252.93
07.10.2020 15:00:00.000,339.458,339.868,339.147,339.377,145306747.44
07.10.2020 16:00:00.000,339.397,339.628,338.507,339.557,136111251.83
07.10.2020 17:00:00.000,339.567,340.828,339.557,340.367,94858497.62
07.10.2020 18:00:00.000,340.368,341.378,340.237,341.227,116239753.72
07.10.2020 19:00:00.000,341.228,341.628,340.717,340.717,131872497.56
08.10.2020 13:00:00.000,342.807,343.188,342.297,343.138,111711997.99
08.10.2020 14:00:00.000,343.148,343.558,342.287,342.997,185049255.37
08.10.2020 15:00:00.000,342.978,343.488,341.857,342.428,177949005.13
08.10.2020 16:00:00.000,342.418,343.468,342.377,343.318,104159751.89
08.10.2020 17:00:00.000,343.327,343.378,342.857,342.897,96287246.7
08.10.2020 18:00:00.000,342.898,343.657,342.777,343.497,80520248.41
08.10.2020 19:00:00.000,343.497,343.838,343.007,343.717,123261253.36
09.10.2020 13:00:00.000,345.557,346.078,345.107,345.538,90989501.95
09.10.2020 14:00:00.000,345.557,345.678,344.877,345.548,128373001.1
09.10.2020 15:00:00.000,345.567,347.178,345.547,346.967,116544998.17
09.10.2020 16:00:00.000,346.957,347.338,346.517,346.667,120222000.12
09.10.2020 17:00:00.000,346.658,346.898,346.387,346.897,83898246.77
09.10.2020 18:00:00.000,346.897,346.908,345.947,346.348,88765502.93
09.10.2020 19:00:00.000,346.337,346.978,346.117,346.828,117338249.21
12.10.2020 13:00:00.000,349.538,349.807,349.047,349.408,99870002.75
12.10.2020 14:00:00.000,349.417,350.928,349.217,350.708,139186752.32
12.10.2020 15:00:00.000,350.707,352.098,350.707,351.717,114514747.62
12.10.2020 16:00:00.000,351.718,353.297,351.647,352.818,123831748.96
12.10.2020 17:00:00.000,352.827,353.778,352.557,353.297,124222251.89
12.10.2020 18:00:00.000,353.297,354.008,353.257,353.487,132601257.32
12.10.2020 19:00:00.000,353.507,353.748,352.087,352.408,177688995.36
13.10.2020 13:00:00.000,352.238,352.367,351.077,351.828,149096496.58
13.10.2020 14:00:00.000,351.837,352.058,350.567,351.358,241234252.93
13.10.2020 15:00:00.000,351.368,351.868,351.067,351.457,155776504.52
13.10.2020 16:00:00.000,351.447,351.627,350.638,351.317,160327743.53
13.10.2020 17:00:00.000,351.308,351.598,349.758,349.957,216925506.59
13.10.2020 18:00:00.000,349.958,350.557,349.078,350.018,217983245.85
13.10.2020 19:00:00.000,350.018,351.508,349.888,350.147,167927001.95
14.10.2020 13:00:00.000,350.728,351.917,350.407,351.717,107290748.6
14.10.2020 14:00:00.000,351.718,351.778,349.777,350.668,189042755.13
14.10.2020 15:00:00.000,350.668,350.897,348.027,348.177,198145004.27
14.10.2020 16:00:00.000,348.177,349.018,347.127,347.978,227328506.47
14.10.2020 17:00:00.000,347.937,348.458,347.207,348.107,170889251.71
14.10.2020 18:00:00.000,348.108,348.748,347.187,348.127,168903747.56
14.10.2020 19:00:00.000,348.117,349.287,347.767,348.017,174561996.46
15.10.2020 13:00:00.000,343.657,345.637,343.108,345.628,128839752.2
15.10.2020 14:00:00.000,345.628,345.677,343.827,344.738,241640502.93
15.10.2020 15:00:00.000,344.728,346.328,343.997,345.567,201023254.39
15.10.2020 16:00:00.000,345.547,345.907,344.837,345.858,179160751.34
15.10.2020 17:00:00.000,345.857,346.818,345.747,346.497,140521743.77
15.10.2020 18:00:00.000,346.507,347.017,346.247,346.898,124470748.9
15.10.2020 19:00:00.000,346.888,348.008,346.758,347.508,144305999.76
16.10.2020 13:00:00.000,348.938,349.188,348.257,349.098,110872497.56
16.10.2020 14:00:00.000,349.097,350.738,349.047,349.877,150473007.2
16.10.2020 15:00:00.000,349.868,349.878,348.547,349.407,166479507.45
16.10.2020 16:00:00.000,349.407,349.468,348.347,348.997,149493499.76
16.10.2020 17:00:00.000,348.998,349.557,348.827,349.247,100313499.45
16.10.2020 18:00:00.000,349.258,349.907,348.918,349.877,99239250.18
16.10.2020 19:00:00.000,349.878,349.898,347.187,347.187,161136001.59
19.10.2020 13:00:00.000,348.598,349.308,348.448,348.468,103880500.79
19.10.2020 14:00:00.000,348.467,348.468,346.347,347.117,231811752.32
19.10.2020 15:00:00.000,347.098,347.358,345.587,346.238,204192504.88
19.10.2020 16:00:00.000,346.227,346.647,345.607,346.147,178596252.44
19.10.2020 17:00:00.000,346.157,346.358,344.537,344.837,150789505
19.10.2020 18:00:00.000,344.828,345.158,342.157,342.248,185317001.34
19.10.2020 19:00:00.000,342.267,342.698,341.067,342.027,247873748.78
20.10.2020 13:00:00.000,343.427,344.868,343.028,344.808,141872253.42
20.10.2020 14:00:00.000,344.797,345.267,343.568,343.568,219727249.15
20.10.2020 15:00:00.000,343.577,344.178,342.628,344.157,191070495.61
20.10.2020 16:00:00.000,344.168,345.748,344.018,345.087,163569244.38
20.10.2020 17:00:00.000,345.087,346.877,344.977,345.717,146202255.25
20.10.2020 18:00:00.000,345.727,346.308,344.947,345.047,182843750
20.10.2020 19:00:00.000,345.058,345.548,342.658,343.338,265953491.21
21.10.2020 13:00:00.000,343.307,345.528,343.118,345.378,124896003.72
21.10.2020 14:00:00.000,345.407,345.668,343.847,344.048,204787002.56
21.10.2020 15:00:00.000,344.028,344.127,342.387,343.137,193703506.47
21.10.2020 16:00:00.000,343.147,345.088,342.458,342.768,225970245.36
21.10.2020 17:00:00.000,342.757,344.188,342.617,343.527,176791748.05
21.10.2020 18:00:00.000,343.517,344.928,343.307,344.898,160429748.54
21.10.2020 19:00:00.000,344.907,344.998,342.608,342.667,192582000.73
22.10.2020 13:00:00.000,342.928,343.757,342.908,343.427,116662246.7
22.10.2020 14:00:00.000,343.427,343.578,340.647,342.217,251293502.81
22.10.2020 15:00:00.000,342.218,343.378,342.077,342.287,223692001.34
22.10.2020 16:00:00.000,342.298,343.268,341.938,343.127,165074996.95
22.10.2020 17:00:00.000,343.128,344.538,343.017,344.317,143828247.07
22.10.2020 18:00:00.000,344.337,345.028,344.247,344.437,134637252.81
22.10.2020 19:00:00.000,344.437,345.228,343.887,344.628,132383255
23.10.2020 13:00:00.000,345.927,345.977,344.827,345.328,118692497.25
23.10.2020 14:00:00.000,345.318,345.337,344.397,344.708,215125503.54
23.10.2020 15:00:00.000,344.687,345.228,343.597,344.138,190547500.61
23.10.2020 16:00:00.000,344.137,344.438,343.107,343.388,166846252.44
23.10.2020 17:00:00.000,343.397,344.678,343.338,344.487,116475250.24
23.10.2020 18:00:00.000,344.477,345.148,344.318,344.717,94440246.58
23.10.2020 19:00:00.000,344.708,345.748,344.697,345.748,112587997.44
26.10.2020 13:00:00.000,342.117,342.727,341.737,342.517,112463500.98
26.10.2020 14:00:00.000,342.528,342.967,339.517,339.637,199397247.31
26.10.2020 15:00:00.000,339.638,339.638,337.997,338.628,237773254.39
26.10.2020 16:00:00.000,338.637,338.878,337.237,337.478,202527252.2
26.10.2020 17:00:00.000,337.497,337.667,335.627,337.378,192927505.49
26.10.2020 18:00:00.000,337.367,338.668,337.128,338.157,190985992.43
26.10.2020 19:00:00.000,338.167,339.448,337.328,339.448,229182998.66
27.10.2020 13:00:00.000,339.728,340.038,338.757,339.688,141841995.24
27.10.2020 14:00:00.000,339.697,340.058,338.138,338.767,236576751.71
27.10.2020 15:00:00.000,338.777,339.837,338.187,339.727,188904006.96
27.10.2020 16:00:00.000,339.737,340.037,338.517,338.988,158697006.23
27.10.2020 17:00:00.000,338.998,340.108,338.557,339.648,135235244.75
27.10.2020 18:00:00.000,339.647,339.808,338.247,338.548,150233001.71
27.10.2020 19:00:00.000,338.547,339.328,337.978,338.238,153600753.78
28.10.2020 13:00:00.000,332.098,332.838,330.907,331.267,155635253.91
28.10.2020 14:00:00.000,331.258,331.438,327.717,328.557,306881744.38
28.10.2020 15:00:00.000,328.567,330.048,327.577,329.667,259447998.05
28.10.2020 16:00:00.000,329.648,330.348,327.837,328.377,206829742.43
28.10.2020 17:00:00.000,328.378,328.858,327.127,328.738,191418502.81
28.10.2020 18:00:00.000,328.727,329.158,327.368,328.778,212735992.43
28.10.2020 19:00:00.000,328.777,329.828,326.118,326.537,276935241.7
29.10.2020 13:00:00.000,326.878,328.358,325.077,327.837,171600753.78
29.10.2020 14:00:00.000,327.848,329.798,327.097,329.207,271089752.2
29.10.2020 15:00:00.000,329.178,329.858,327.797,328.408,205222747.8
29.10.2020 16:00:00.000,328.408,329.707,327.967,329.197,184285507.2
29.10.2020 17:00:00.000,329.217,331.538,328.567,331.468,158671005.25
29.10.2020 18:00:00.000,331.478,333.377,331.437,332.098,179936752.32
29.10.2020 19:00:00.000,332.117,332.578,329.958,329.958,240172500.61
30.10.2020 13:00:00.000,328.218,329.668,326.817,327.947,176111755.37
30.10.2020 14:00:00.000,327.957,328.528,323.228,323.238,337610748.29
30.10.2020 15:00:00.000,323.248,325.478,323.227,324.807,314346008.3
30.10.2020 16:00:00.000,324.778,326.717,324.497,324.937,239535751.34
30.10.2020 17:00:00.000,324.927,325.468,323.327,324.468,246891250.61
30.10.2020 18:00:00.000,324.478,325.628,322.578,323.647,257181762.7
30.10.2020 19:00:00.000,323.658,326.787,322.947,326.767,289846984.86
02.11.2020 14:00:00.000,330.187,330.988,328.957,330.768,152740005.49
02.11.2020 15:00:00.000,330.777,332.358,330.037,330.217,264579986.57
02.11.2020 16:00:00.000,330.208,331.067,329.397,330.518,225839996.34
02.11.2020 17:00:00.000,330.527,330.817,328.747,329.297,202269744.87
02.11.2020 18:00:00.000,329.288,329.467,327.227,327.387,213728500.37
02.11.2020 19:00:00.000,327.377,329.988,327.228,329.428,200128753.66
02.11.2020 20:00:00.000,329.438,330.408,328.568,330.158,240787994.38
03.11.2020 14:00:00.000,333.697,335.548,333.167,335.357,140080505.37
03.11.2020 15:00:00.000,335.378,338.028,335.217,337.868,245842742.92
03.11.2020 16:00:00.000,337.867,338.238,336.787,336.898,215404998.78
03.11.2020 17:00:00.000,336.908,337.218,336.097,336.258,156190750.12
03.11.2020 18:00:00.000,336.278,336.638,334.837,335.017,182647506.71
03.11.2020 19:00:00.000,335.007,336.727,334.877,336.337,175500503.54
03.11.2020 20:00:00.000,336.337,338.078,335.367,335.978,238052505.49
04.11.2020 14:00:00.000,340.817,342.488,339.588,342.488,195082748.41
04.11.2020 15:00:00.000,342.468,346.468,342.297,345.797,322021759.03
04.11.2020 16:00:00.000,345.798,346.997,344.337,346.668,267404510.5
04.11.2020 17:00:00.000,346.647,347.908,346.297,346.748,234634994.51
04.11.2020 18:00:00.000,346.758,347.157,345.457,345.848,236574493.41
04.11.2020 19:00:00.000,345.838,346.487,344.798,345.307,226340499.88
04.11.2020 20:00:00.000,345.307,345.678,343.158,343.418,259105743.41
05.11.2020 14:00:00.000,349.238,350.688,348.867,349.837,145450744.63
05.11.2020 15:00:00.000,349.828,352.178,349.797,351.657,262088745.12
05.11.2020 16:00:00.000,351.647,351.908,350.178,350.267,210227996.83
05.11.2020 17:00:00.000,350.278,350.758,348.857,350.488,185020248.41
05.11.2020 18:00:00.000,350.497,351.358,350.457,351.127,136763244.63
05.11.2020 19:00:00.000,351.108,352.048,350.847,351.697,186079254.15
05.11.2020 20:00:00.000,351.687,351.778,349.447,350.198,224502243.04
06.11.2020 14:00:00.000,349.848,350.278,347.637,348.248,137009750.37
06.11.2020 15:00:00.000,348.248,350.498,348.017,348.868,227773742.68
06.11.2020 16:00:00.000,348.877,350.878,348.638,350.358,221760757.45
06.11.2020 17:00:00.000,350.378,350.768,349.467,350.098,173829254.15
06.11.2020 18:00:00.000,350.087,350.808,350.047,350.467,117460502.62
06.11.2020 19:00:00.000,350.468,350.768,349.767,349.968,129929992.68
06.11.2020 20:00:00.000,349.967,351.468,349.207,350.177,195173751.83
09.11.2020 14:00:00.000,363.908,364.327,360.377,360.537,193326507.57
09.11.2020 15:00:00.000,360.527,362.967,358.998,360.338,350216491.7
09.11.2020 16:00:00.000,360.357,360.617,358.658,359.647,315888000.49
09.11.2020 17:00:00.000,359.658,361.688,359.407,361.508,265608489.99
09.11.2020 18:00:00.000,361.498,362.127,360.697,361.127,203564498.9
09.11.2020 19:00:00.000,361.118,361.288,358.867,359.637,236513504.03
09.11.2020 20:00:00.000,359.628,360.347,354.057,354.528,275332489.01
10.11.2020 14:00:00.000,353.438,354.397,351.898,353.568,172205001.83
10.11.2020 15:00:00.000,353.558,354.547,350.577,351.678,315069763.18
10.11.2020 16:00:00.000,351.668,354.247,351.557,353.547,262299499.51
10.11.2020 17:00:00.000,353.557,355.168,353.468,354.247,240967742.92
10.11.2020 18:00:00.000,354.248,354.688,352.217,354.058,221490005.49
10.11.2020 19:00:00.000,354.037,354.607,352.857,353.967,273998748.78
10.11.2020 20:00:00.000,353.977,354.798,353.238,354.088,263380249.02
11.11.2020 14:00:00.000,356.368,356.578,355.107,355.278,150365005.49
11.11.2020 15:00:00.000,355.277,356.298,355.117,355.978,265885742.19
11.11.2020 16:00:00.000,355.977,356.928,355.767,356.898,158328002.93
11.11.2020 17:00:00.000,356.897,357.348,356.708,357.087,119470252.99
11.11.2020 18:00:00.000,357.098,357.557,356.617,356.688,114835502.62
11.11.2020 19:00:00.000,356.697,357.268,355.057,355.718,160738006.59
11.11.2020 20:00:00.000,355.718,356.877,355.297,356.647,180692245.48
12.11.2020 14:00:00.000,355.558,355.838,354.667,355.328,143965255.74
12.11.2020 15:00:00.000,355.327,356.378,354.948,355.997,215462997.44
12.11.2020 16:00:00.000,355.998,356.408,354.697,355.238,176878250.12
12.11.2020 17:00:00.000,355.228,355.618,352.497,353.248,187511001.59
12.11.2020 18:00:00.000,353.258,353.488,351.957,353.448,223566253.66
12.11.2020 19:00:00.000,353.448,353.868,351.817,352.008,211753005.98
12.11.2020 20:00:00.000,352.028,353.308,351.248,353.257,242293243.41
13.11.2020 14:00:00.000,355.218,356.228,355.197,356.028,121757499.69
13.11.2020 15:00:00.000,355.928,356.107,354.697,355.177,209792251.59
13.11.2020 16:00:00.000,355.187,356.378,355.187,356.258,164873748.78
13.11.2020 17:00:00.000,356.268,356.728,356.067,356.717,114752250.67
13.11.2020 18:00:00.000,356.727,357.117,356.497,356.568,125951751.71
13.11.2020 19:00:00.000,356.577,357.798,356.407,357.648,129678253.17
13.11.2020 20:00:00.000,357.647,358.888,356.967,358.038,153562744.14
16.11.2020 14:00:00.000,360.948,361.228,359.577,360.378,138939743.04
16.11.2020 15:00:00.000,360.387,361.908,360.168,361.907,195366500.85
16.11.2020 16:00:00.000,361.917,362.237,361.647,361.768,125073997.5
16.11.2020 17:00:00.000,361.768,361.958,360.807,361.088,83059753.42
16.11.2020 18:00:00.000,361.097,361.098,359.628,360.557,134850250.24
16.11.2020 19:00:00.000,360.567,361.218,360.188,360.918,122420997.62
16.11.2020 20:00:00.000,360.917,362.318,360.227,362.317,166464996.34
17.11.2020 14:00:00.000,359.948,360.137,358.328,358.398,117162246.7
17.11.2020 15:00:00.000,358.398,360.678,358.358,360.568,171073745.73
17.11.2020 16:00:00.000,360.547,361.167,360.337,360.798,135613250.73
17.11.2020 17:00:00.000,360.797,361.728,360.657,361.327,121856750.49
17.11.2020 18:00:00.000,361.338,361.708,360.748,360.967,91748748.78
17.11.2020 19:00:00.000,360.958,361.917,360.927,361.507,110409751.89
17.11.2020 20:00:00.000,361.498,361.538,359.728,360.578,173298248.29
18.11.2020 14:00:00.000,360.867,361.318,360.298,360.597,105623001.1
18.11.2020 15:00:00.000,360.598,361.308,360.527,361.117,137065750.12
18.11.2020 16:00:00.000,361.118,361.488,360.797,361.188,102613502.5
18.11.2020 17:00:00.000,361.198,361.487,360.657,360.757,53678249.36
18.11.2020 18:00:00.000,360.758,361.028,359.308,359.827,121366752.62
18.11.2020 19:00:00.000,359.817,360.128,358.668,359.458,139606994.63
18.11.2020 20:00:00.000,359.468,360.058,356.238,356.277,202316757.2
19.11.2020 14:00:00.000,355.588,356.347,354.137,356.097,133872253.42
19.11.2020 15:00:00.000,356.087,356.698,354.787,355.917,192266006.47
19.11.2020 16:00:00.000,355.918,356.288,355.337,355.918,151603500.37
19.11.2020 17:00:00.000,355.908,356.228,355.187,355.508,134339004.52
19.11.2020 18:00:00.000,355.518,356.658,355.407,356.517,126934501.65
19.11.2020 19:00:00.000,356.528,358.108,356.387,357.658,101404502.87
19.11.2020 20:00:00.000,357.658,358.158,357.108,357.808,150567001.34
20.11.2020 14:00:00.000,357.447,357.708,356.517,357.027,100236747.74
20.11.2020 15:00:00.000,357.018,357.188,356.167,356.847,154685501.1
20.11.2020 16:00:00.000,356.857,357.548,356.427,356.868,122937751.77
20.11.2020 17:00:00.000,356.858,357.017,356.537,356.897,89641998.29
20.11.2020 18:00:00.000,356.898,357.318,356.587,357.158,86378250.12
20.11.2020 19:00:00.000,357.147,357.428,356.667,356.828,97061248.78
20.11.2020 20:00:00.000,356.837,357.047,355.247,355.348,171088256.84
23.11.2020 14:00:00.000,357.258,358.738,357.258,358.128,108062248.23
23.11.2020 15:00:00.000,358.138,358.248,355.877,357.058,184292495.73
23.11.2020 16:00:00.000,357.067,357.218,354.847,355.757,208483749.39
23.11.2020 17:00:00.000,355.767,356.648,355.167,356.648,142573257.45
23.11.2020 18:00:00.000,356.647,357.008,356.397,356.748,112445251.46
23.11.2020 19:00:00.000,356.758,357.627,356.218,357.608,137072006.23
23.11.2020 20:00:00.000,357.617,358.368,356.977,357.577,166649002.08
24.11.2020 14:00:00.000,360.208,360.348,359.277,360.318,108010002.14
24.11.2020 15:00:00.000,360.327,361.748,360.147,361.498,168759002.69
24.11.2020 16:00:00.000,361.508,363.477,361.497,362.958,134913757.32
24.11.2020 17:00:00.000,362.967,363.157,362.587,362.977,111870246.89
24.11.2020 18:00:00.000,362.988,363.798,362.607,363.077,112287246.7
24.11.2020 19:00:00.000,363.078,363.397,362.297,363.058,122459251.4
24.11.2020 20:00:00.000,363.068,363.447,362.587,363.257,136374755.86
25.11.2020 14:00:00.000,363.078,363.128,361.817,362.147,112819503.78
25.11.2020 15:00:00.000,362.147,362.478,361.477,362.038,153682006.84
25.11.2020 16:00:00.000,362.048,362.438,361.617,362.137,124618247.99
25.11.2020 17:00:00.000,362.148,362.708,361.968,362.697,75163253.78
25.11.2020 18:00:00.000,362.688,362.888,362.167,362.687,86688751.22
25.11.2020 19:00:00.000,362.697,362.698,361.917,362.447,112727249.15
25.11.2020 20:00:00.000,362.437,363.148,362.357,362.627,123101249.69
27.11.2020 14:00:00.000,363.807,364.138,363.507,363.667,75716003.42
27.11.2020 15:00:00.000,363.677,364.168,363.587,363.987,100219497.68
27.11.2020 16:00:00.000,363.977,364.128,363.177,363.398,95643249.51
27.11.2020 17:00:00.000,363.407,363.688,362.567,363.588,81708251.95
30.11.2020 14:00:00.000,362.808,363.108,361.867,362.218,113694503.78
30.11.2020 15:00:00.000,362.248,362.558,359.157,360.897,224839492.8
30.11.2020 16:00:00.000,360.887,361.097,359.507,360.328,199141494.75
30.11.2020 17:00:00.000,360.317,361.357,360.067,361.287,129412994.38
30.11.2020 18:00:00.000,361.298,361.518,360.907,361.018,111411247.25
30.11.2020 19:00:00.000,361.017,362.138,360.648,362.138,126397499.08
30.11.2020 20:00:00.000,362.178,362.278,361.117,362.217,181688751.22
01.12.2020 14:00:00.000,365.518,366.378,364.927,366.138,105810997.01
01.12.2020 15:00:00.000,366.137,367.438,365.827,366.288,183563751.22
01.12.2020 16:00:00.000,366.307,367.048,366.038,366.257,144470504.76
01.12.2020 17:00:00.000,366.247,366.897,366.128,366.398,108298248.29
01.12.2020 18:00:00.000,366.408,367.218,366.408,367.108,80560501.1
01.12.2020 19:00:00.000,367.108,367.648,366.667,366.767,106320747.38
01.12.2020 20:00:00.000,366.758,366.808,365.447,365.847,156380004.88
02.12.2020 14:00:00.000,364.767,365.498,364.197,365.408,130102996.83
02.12.2020 15:00:00.000,365.398,365.888,364.967,365.677,157940750.12
02.12.2020 16:00:00.000,365.678,366.388,365.678,366.228,106874000.55
02.12.2020 17:00:00.000,366.218,366.447,365.907,366.068,86806747.44
02.12.2020 18:00:00.000,366.057,366.348,365.637,365.688,79753250.12
02.12.2020 19:00:00.000,365.698,366.837,365.478,366.747,111339996.34
02.12.2020 20:00:00.000,366.748,366.938,366.217,366.737,109567001.34
03.12.2020 14:00:00.000,366.658,367.268,366.617,366.907,89506500.24
03.12.2020 15:00:00.000,366.978,367.977,366.907,367.497,132833755.49
03.12.2020 16:00:00.000,367.497,367.858,366.897,367.607,102527496.34
03.12.2020 17:00:00.000,367.617,367.878,367.047,367.437,106252746.58
03.12.2020 18:00:00.000,367.427,367.487,366.387,366.498,94976501.46
03.12.2020 19:00:00.000,366.507,367.618,366.457,367.568,75672752.38
03.12.2020 20:00:00.000,367.568,368.168,365.497,366.588,158350494.38
04.12.2020 14:00:00.000,367.248,368.408,367.207,368.227,85978500.37
04.12.2020 15:00:00.000,368.228,369.258,368.087,369.038,120750251.77
04.12.2020 16:00:00.000,369.027,369.248,368.717,369.028,82321746.83
04.12.2020 17:00:00.000,369.038,369.178,368.857,368.997,49830749.51
04.12.2020 18:00:00.000,368.988,369.178,368.707,368.718,48810749.05
04.12.2020 19:00:00.000,368.727,369.268,368.537,369.187,69298248.29
04.12.2020 20:00:00.000,369.187,369.788,368.657,369.788,101950752.26
07.12.2020 14:00:00.000,368.998,369.358,368.827,369.358,91257247.92
07.12.2020 15:00:00.000,369.368,369.578,369.047,369.327,110558998.11
07.12.2020 16:00:00.000,369.318,369.607,369.007,369.408,99535247.8
07.12.2020 17:00:00.000,369.407,369.468,368.847,368.858,65776748.66
07.12.2020 18:00:00.000,368.867,368.908,368.048,368.397,88979499.82
07.12.2020 19:00:00.000,368.407,368.728,367.887,368.387,89499000.55
07.12.2020 20:00:00.000,368.408,369.198,367.718,369.088,126174751.28
08.12.2020 14:00:00.000,367.688,368.528,367.637,368.477,103823249.82
08.12.2020 15:00:00.000,368.467,369.027,367.727,369.018,132397003.17
08.12.2020 16:00:00.000,369.028,369.778,369.007,369.617,95290496.83
08.12.2020 17:00:00.000,369.598,370.297,369.517,370.008,71638496.4
08.12.2020 18:00:00.000,370.008,370.348,369.928,370.058,64281250
08.12.2020 19:00:00.000,370.068,370.768,369.917,370.228,72238250.73
08.12.2020 20:00:00.000,370.237,370.378,369.927,370.148,94429252.62
09.12.2020 14:00:00.000,370.837,371.038,370.387,370.808,86140998.84
09.12.2020 15:00:00.000,370.797,370.818,369.397,369.928,161145492.55
09.12.2020 16:00:00.000,369.928,369.948,369.007,369.707,155684997.56
09.12.2020 17:00:00.000,369.728,369.728,367.737,368.518,148731506.35
09.12.2020 18:00:00.000,368.507,368.567,365.967,366.037,241370742.8
09.12.2020 19:00:00.000,366.028,367.538,366.028,366.818,231097000.12
09.12.2020 20:00:00.000,366.797,367.978,365.938,366.988,201423248.29
10.12.2020 14:00:00.000,365.318,367.368,364.417,367.168,140171752.93
10.12.2020 15:00:00.000,367.178,367.698,366.547,367.448,201953994.75
10.12.2020 16:00:00.000,367.438,367.838,366.187,366.368,163072250.37
10.12.2020 17:00:00.000,366.358,367.238,366.208,366.487,141003005.98
10.12.2020 18:00:00.000,366.488,367.368,366.347,366.578,133244995.12
10.12.2020 19:00:00.000,366.588,366.787,365.737,366.007,150373992.92
10.12.2020 20:00:00.000,366.007,367.468,365.947,366.697,143731246.95
11.12.2020 14:00:00.000,364.867,365.328,364.267,365.077,127585998.54
11.12.2020 15:00:00.000,365.057,365.907,364.647,364.977,191466506.96
11.12.2020 16:00:00.000,364.977,365.318,363.748,364.318,150640747.07
11.12.2020 17:00:00.000,364.327,364.518,363.247,364.227,141972503.66
11.12.2020 18:00:00.000,364.227,365.937,364.137,365.657,107969497.68
11.12.2020 19:00:00.000,365.677,366.188,365.388,365.668,140280746.46
11.12.2020 20:00:00.000,365.668,366.548,365.438,366.288,134629501.34
14.12.2020 14:00:00.000,368.598,369.588,368.357,369.507,110783248.9
14.12.2020 15:00:00.000,369.517,369.788,368.007,368.027,178434753.42
14.12.2020 16:00:00.000,368.018,368.478,367.107,367.748,156435501.1
14.12.2020 17:00:00.000,367.758,367.868,366.598,366.857,133779006.96
14.12.2020 18:00:00.000,366.868,367.188,366.297,366.838,134383255
14.12.2020 19:00:00.000,366.847,367.038,365.667,366.628,142362243.65
14.12.2020 20:00:00.000,366.608,366.687,364.697,364.748,159083496.09
15.12.2020 14:00:00.000,367.388,367.768,366.687,366.837,129596755.98
15.12.2020 15:00:00.000,366.838,367.158,366.067,366.727,192423248.29
15.12.2020 16:00:00.000,366.728,367.237,365.897,367.138,184395996.09
15.12.2020 17:00:00.000,367.158,368.528,367.067,368.488,99511749.27
15.12.2020 18:00:00.000,368.477,369.248,368.367,369.158,83299003.6
15.12.2020 19:00:00.000,369.157,369.548,368.957,369.197,93492500.31
15.12.2020 20:00:00.000,369.207,369.567,368.588,369.458,126056999.21
16.12.2020 14:00:00.000,369.777,369.867,368.857,369.517,99657997.13
16.12.2020 15:00:00.000,369.518,370.208,369.307,369.767,153218505.86
16.12.2020 16:00:00.000,369.757,370.367,369.637,370.208,107586997.99
16.12.2020 17:00:00.000,370.217,370.278,369.378,369.997,84097747.8
16.12.2020 18:00:00.000,370.008,370.008,369.568,369.827,75839996.34
16.12.2020 19:00:00.000,369.828,370.768,369.057,370.718,164840255.74
16.12.2020 20:00:00.000,370.718,371.138,369.918,369.987,153706497.19
17.12.2020 14:00:00.000,371.917,372.448,371.517,371.697,87400497.44
17.12.2020 15:00:00.000,371.697,372.038,371.347,371.567,134477493.29
17.12.2020 16:00:00.000,371.567,371.898,371.038,371.637,111172752.38
17.12.2020 17:00:00.000,371.647,371.798,371.187,371.678,87958747.86
17.12.2020 18:00:00.000,371.668,372.128,371.658,372.128,53963500.98
17.12.2020 19:00:00.000,372.128,372.207,371.957,372.087,48746749.88
17.12.2020 20:00:00.000,372.097,372.258,371.498,372.178,95023750.31
18.12.2020 14:00:00.000,370.938,371.138,369.038,369.618,104740753.17
18.12.2020 15:00:00.000,369.617,369.618,368.427,369.027,193064254.76
18.12.2020 16:00:00.000,369.028,369.188,367.688,368.588,137631744.38
18.12.2020 17:00:00.000,368.577,369.587,368.467,368.918,66339752.2
18.12.2020 18:00:00.000,368.918,368.958,367.968,368.347,93550498.96
18.12.2020 19:00:00.000,368.348,368.358,367.297,367.577,112035003.66
18.12.2020 20:00:00.000,367.587,370.307,367.007,369.447,209148254.39
21.12.2020 14:00:00.000,364.948,366.457,364.537,364.857,154460998.54
21.12.2020 15:00:00.000,364.817,364.987,362.018,363.387,313794250.49
21.12.2020 16:00:00.000,363.398,365.658,363.268,365.298,190603744.51
21.12.2020 17:00:00.000,365.307,367.488,365.298,367.288,143393249.51
21.12.2020 18:00:00.000,367.298,368.428,367.117,368.048,152283248.9
21.12.2020 19:00:00.000,368.057,368.798,367.617,368.028,139167495.73
21.12.2020 20:00:00.000,368.048,368.268,366.578,368.078,180905746.46
22.12.2020 14:00:00.000,368.158,368.198,367.207,367.798,116834503.17
22.12.2020 15:00:00.000,367.808,368.328,367.047,367.738,204515243.53
22.12.2020 16:00:00.000,367.747,368.068,366.027,367.038,218271743.77
22.12.2020 17:00:00.000,367.048,367.618,366.917,367.457,141077255.25
22.12.2020 18:00:00.000,367.457,368.248,367.397,367.998,114010498.05
22.12.2020 19:00:00.000,368.008,368.138,367.207,367.558,118074752.81
22.12.2020 20:00:00.000,367.558,367.658,366.577,367.088,165772506.71
23.12.2020 14:00:00.000,368.268,369.198,368.198,368.968,124741752.62
23.12.2020 15:00:00.000,368.947,369.128,368.297,368.767,182984252.93
23.12.2020 16:00:00.000,368.767,369.108,368.657,369.088,103148750.31
23.12.2020 17:00:00.000,369.087,369.388,368.967,369.288,78149749.76
23.12.2020 18:00:00.000,369.288,369.608,369.247,369.367,69016746.52
23.12.2020 19:00:00.000,369.378,369.528,368.857,368.897,62982749.94
23.12.2020 20:00:00.000,368.877,369.118,367.387,367.457,114213752.75
24.12.2020 14:00:00.000,368.038,368.538,367.957,368.397,96178749.08
24.12.2020 15:00:00.000,368.397,368.708,368.147,368.187,109097503.66
24.12.2020 16:00:00.000,368.178,368.528,367.617,367.868,98743247.99
24.12.2020 17:00:00.000,367.877,368.988,367.447,368.977,104442749.02
28.12.2020 14:00:00.000,371.508,371.638,371.057,371.368,95227996.83
28.12.2020 15:00:00.000,371.367,372.297,371.098,372.097,132912994.38
28.12.2020 16:00:00.000,372.098,372.108,371.757,371.838,70163253.78
28.12.2020 17:00:00.000,371.828,372.128,371.807,372.008,51845249.18
28.12.2020 18:00:00.000,372.017,372.288,371.957,372.228,43533748.63
28.12.2020 19:00:00.000,372.208,372.578,372.148,372.438,39975749.97
28.12.2020 20:00:00.000,372.437,372.528,371.867,372.128,83161499.02
29.12.2020 14:00:00.000,373.787,373.978,372.167,372.517,102437751.77
29.12.2020 15:00:00.000,372.508,372.878,371.767,372.717,196753494.26
29.12.2020 16:00:00.000,372.728,372.848,371.927,372.578,130256744.38
29.12.2020 17:00:00.000,372.577,372.618,370.827,371.547,154457504.27
29.12.2020 18:00:00.000,371.537,371.818,371.127,371.697,119001747.13
29.12.2020 19:00:00.000,371.707,371.737,370.817,371.257,116314247.13
29.12.2020 20:00:00.000,371.268,371.958,371.027,371.447,105444252.01
30.12.2020 14:00:00.000,372.307,372.867,372.247,372.788,109416999.82
30.12.2020 15:00:00.000,372.777,373.068,372.198,372.638,149460754.39
30.12.2020 16:00:00.000,372.637,372.777,372.207,372.458,114827247.62
30.12.2020 17:00:00.000,372.467,372.608,372.097,372.277,97004249.57
30.12.2020 18:00:00.000,372.277,372.528,372.098,372.227,62944248.2
30.12.2020 19:00:00.000,372.227,372.297,371.657,371.758,89308746.34
30.12.2020 20:00:00.000,371.757,372.428,371.567,371.978,105022247.31
31.12.2020 14:00:00.000,371.777,371.808,371.228,371.638,98105003.36
31.12.2020 15:00:00.000,371.648,372.208,371.647,371.778,111136749.27
31.12.2020 16:00:00.000,371.777,371.988,371.267,371.357,92280998.23
31.12.2020 17:00:00.000,371.377,372.078,371.307,371.898,69264503.48
31.12.2020 18:00:00.000,371.897,371.968,371.597,371.748,54207248.69
31.12.2020 19:00:00.000,371.747,373.028,371.457,372.768,83937500
31.12.2020 20:00:00.000,372.778,374.637,372.767,374.067,106318748.47
04.01.2021 14:00:00.000,375.147,375.208,373.097,373.497,129637252.81
04.01.2021 15:00:00.000,373.498,373.728,369.787,369.978,252167755.13
04.01.2021 16:00:00.000,369.988,370.428,366.677,366.947,290305511.47
04.01.2021 17:00:00.000,366.938,367.257,364.798,366.268,279047760.01
04.01.2021 18:00:00.000,366.278,368.628,366.048,368.587,178096252.44
04.01.2021 19:00:00.000,368.578,368.618,366.568,367.967,204290756.23
04.01.2021 20:00:00.000,367.928,369.438,367.047,368.828,236150497.44
05.01.2021 14:00:00.000,368.027,370.738,368.027,370.117,137645751.95
05.01.2021 15:00:00.000,370.128,370.908,368.417,368.797,234484497.07
05.01.2021 16:00:00.000,368.808,370.078,368.297,369.738,176826248.17
05.01.2021 17:00:00.000,369.748,370.528,369.638,370.498,137318496.7
05.01.2021 18:00:00.000,370.497,370.878,370.327,370.857,91798248.29
05.01.2021 19:00:00.000,370.868,372.467,370.868,371.418,118343750
05.01.2021 20:00:00.000,371.427,372.088,370.837,371.298,152215499.88
06.01.2021 14:00:00.000,369.698,372.398,369.117,372.208,155313995.36
06.01.2021 15:00:00.000,372.207,375.737,371.917,375.088,226934005.74
06.01.2021 16:00:00.000,375.098,376.148,375.017,375.398,173608505.25
06.01.2021 17:00:00.000,375.407,376.568,375.367,376.428,147981994.63
06.01.2021 18:00:00.000,376.437,376.968,376.077,376.478,141703247.07
06.01.2021 19:00:00.000,376.507,376.888,373.007,374.457,278915252.69
06.01.2021 20:00:00.000,374.437,375.158,372.817,373.508,323695739.75
07.01.2021 14:00:00.000,376.067,377.918,375.897,377.858,109737251.28
07.01.2021 15:00:00.000,377.868,379.518,377.737,379.467,165005004.88
07.01.2021 16:00:00.000,379.467,379.847,378.628,378.788,127982749.94
07.01.2021 17:00:00.000,378.798,378.988,378.307,378.907,107317749.02
07.01.2021 18:00:00.000,378.898,379.158,378.428,378.957,114781997.68
07.01.2021 19:00:00.000,378.968,379.288,378.667,379.287,96026000.98
07.01.2021 20:00:00.000,379.288,379.888,378.828,378.978,113072502.14
08.01.2021 14:00:00.000,380.567,381.207,380.068,380.507,138917251.59
08.01.2021 15:00:00.000,380.527,381.028,378.837,380.537,217979507.45
08.01.2021 16:00:00.000,380.538,380.828,379.558,380.227,188147750.85
08.01.2021 17:00:00.000,380.237,380.658,379.597,379.748,140688247.68
08.01.2021 18:00:00.000,379.758,379.868,377.087,378.238,218641998.29
08.01.2021 19:00:00.000,378.218,380.058,378.167,379.987,196345748.9
08.01.2021 20:00:00.000,379.977,381.448,379.937,381.228,162963745.12
11.01.2021 14:00:00.000,377.858,379.258,377.708,379.087,162938995.36
11.01.2021 15:00:00.000,379.085,379.888,378.837,379.517,198210250.85
11.01.2021 16:00:00.000,379.508,379.958,378.577,379.798,151796005.25
11.01.2021 17:00:00.000,379.807,380.558,379.697,380.228,114412750.24
11.01.2021 18:00:00.000,380.238,380.468,378.778,379.228,121155998.23
11.01.2021 19:00:00.000,379.227,379.588,378.307,379.518,162057495.12
11.01.2021 20:00:00.000,379.527,379.628,378.117,378.827,206477493.29
12.01.2021 14:00:00.000,378.848,379.277,377.738,378.797,125650253.3
12.01.2021 15:00:00.000,378.818,379.718,378.268,379.128,195421997.07
12.01.2021 16:00:00.000,379.138,379.838,377.837,378.278,162889007.57
12.01.2021 17:00:00.000,378.287,378.327,376.358,377.997,196065246.58
12.01.2021 18:00:00.000,378.007,379.148,377.768,378.867,131251495.36
12.01.2021 19:00:00.000,378.877,379.448,378.137,378.727,140863754.27
12.01.2021 20:00:00.000,378.728,379.448,378.567,378.748,143795501.71
13.01.2021 14:00:00.000,378.657,379.278,378.557,378.828,119745498.66
13.01.2021 15:00:00.000,378.827,379.767,377.837,379.737,172790756.23
13.01.2021 16:00:00.000,379.737,379.918,379.207,379.587,129841995.24
13.01.2021 17:00:00.000,379.597,380.328,379.087,380.108,113072746.28
13.01.2021 18:00:00.000,380.098,380.367,379.927,380.237,82861747.74
13.01.2021 19:00:00.000,380.237,380.848,379.867,380.378,113519752.5
13.01.2021 20:00:00.000,380.367,380.518,379.597,379.788,122543746.95
14.01.2021 14:00:00.000,380.568,380.917,380.217,380.808,109629997.25
14.01.2021 15:00:00.000,380.818,381.118,380.348,380.747,147274749.76
14.01.2021 16:00:00.000,380.748,380.858,380.178,380.367,115219749.45
14.01.2021 17:00:00.000,380.367,380.747,379.818,380.627,124990997.31
14.01.2021 18:00:00.000,380.607,380.718,380.067,380.238,111548500.06
14.01.2021 19:00:00.000,380.228,380.498,379.637,379.888,97265998.84
14.01.2021 20:00:00.000,379.898,380.068,378.088,378.487,167664993.29
15.01.2021 14:00:00.000,376.688,377.557,376.617,377.087,126658248.9
15.01.2021 15:00:00.000,377.077,377.308,373.707,375.297,266146240.23
15.01.2021 16:00:00.000,375.308,376.908,374.287,376.167,213221496.58
15.01.2021 17:00:00.000,376.167,376.798,375.677,376.628,165128997.8
15.01.2021 18:00:00.000,376.617,377.278,376.167,376.747,137083755.49
15.01.2021 19:00:00.000,376.758,377.167,376.307,376.457,128047500.61
15.01.2021 20:00:00.000,376.478,377.208,375.397,375.667,186820755
19.01.2021 14:00:00.000,378.297,378.758,377.057,377.697,124405250.55
19.01.2021 15:00:00.000,377.708,378.147,377.027,377.697,194744995.12
19.01.2021 16:00:00.000,377.687,377.968,376.748,377.637,153194747.92
19.01.2021 17:00:00.000,377.647,378.788,377.567,378.708,92596496.58
19.01.2021 18:00:00.000,378.707,379.218,378.627,379.097,72736747.74
19.01.2021 19:00:00.000,379.098,379.148,378.517,378.827,73875747.68
19.01.2021 20:00:00.000,378.828,379.138,378.577,378.608,97274497.99
20.01.2021 14:00:00.000,381.097,381.587,380.697,381.308,106287750.24
20.01.2021 15:00:00.000,381.318,383.078,381.318,382.768,164188751.22
20.01.2021 16:00:00.000,382.767,383.067,382.177,382.918,110017753.6
20.01.2021 17:00:00.000,382.937,383.748,382.937,383.637,83510498.05
20.01.2021 18:00:00.000,383.648,384.248,383.607,383.838,75636001.59
20.01.2021 19:00:00.000,383.837,384.407,383.407,384.137,82907249.45
20.01.2021 20:00:00.000,384.148,384.788,383.797,383.857,116064498.9
21.01.2021 14:00:00.000,384.457,384.508,383.237,383.838,120466751.1
21.01.2021 15:00:00.000,383.828,384.888,383.548,384.747,159482757.57
21.01.2021 16:00:00.000,384.757,384.938,383.647,384.098,111274497.99
21.01.2021 17:00:00.000,384.097,384.148,383.287,383.928,99336746.22
21.01.2021 18:00:00.000,383.937,384.327,383.807,384.167,72041999.82
21.01.2021 19:00:00.000,384.148,384.868,384.107,384.827,57839000.7
21.01.2021 20:00:00.000,384.838,384.928,384.037,384.208,91668502.81
22.01.2021 14:00:00.000,382.217,383.077,382.137,382.907,99520500.18
22.01.2021 15:00:00.000,382.927,383.298,381.827,382.738,179359497.07
22.01.2021 16:00:00.000,382.727,383.687,382.597,383.588,114429496.77
22.01.2021 17:00:00.000,383.598,383.828,383.267,383.477,100242752.08
22.01.2021 18:00:00.000,383.487,383.718,382.927,383.208,74461997.99
22.01.2021 19:00:00.000,383.217,383.748,383.007,383.727,76744247.44
22.01.2021 20:00:00.000,383.728,384.058,382.807,382.828,101352249.15
25.01.2021 14:00:00.000,383.617,384.328,383.297,383.717,118321250.92
25.01.2021 15:00:00.000,383.718,384.758,381.097,381.217,216742752.08
25.01.2021 16:00:00.000,381.237,382.368,378.437,382.348,314028747.56
25.01.2021 17:00:00.000,382.347,383.147,380.927,383.008,242307754.52
25.01.2021 18:00:00.000,383.018,383.788,382.478,383.437,183746749.88
25.01.2021 19:00:00.000,383.448,383.728,382.837,383.328,156722747.8
25.01.2021 20:00:00.000,383.308,384.477,382.437,384.378,175710006.71
26.01.2021 14:00:00.000,385.367,385.817,384.387,384.707,118322746.28
26.01.2021 15:00:00.000,384.717,385.297,383.798,384.428,211623504.64
26.01.2021 16:00:00.000,384.438,384.938,383.567,383.627,184339996.34
26.01.2021 17:00:00.000,383.618,384.278,383.587,383.987,112163002.01
26.01.2021 18:00:00.000,383.998,384.818,383.908,384.538,88035499.57
26.01.2021 19:00:00.000,384.537,384.888,384.108,384.637,93201248.17
26.01.2021 20:00:00.000,384.627,384.948,383.548,383.757,126731002.81
27.01.2021 14:00:00.000,380.177,380.268,375.617,377.557,187379501.34
27.01.2021 15:00:00.000,377.528,379.908,377.197,379.748,298085510.25
27.01.2021 16:00:00.000,379.758,379.787,376.147,376.258,250538757.32
27.01.2021 17:00:00.000,376.257,378.738,375.907,378.638,212213745.12
27.01.2021 18:00:00.000,378.638,378.888,377.057,377.257,187654495.24
27.01.2021 19:00:00.000,377.258,378.148,373.617,374.058,288762237.55
27.01.2021 20:00:00.000,374.047,375.137,372.007,374.267,322981994.63
28.01.2021 14:00:00.000,376.298,378.857,375.908,377.468,162569747.92
28.01.2021 15:00:00.000,377.538,380.148,377.237,379.788,253761001.59
28.01.2021 16:00:00.000,379.777,380.948,379.527,380.587,236696746.83
28.01.2021 17:00:00.000,380.617,381.788,380.617,381.448,180572753.91
28.01.2021 18:00:00.000,381.468,381.918,380.867,381.638,164169494.63
28.01.2021 19:00:00.000,381.628,381.758,379.927,380.627,202393493.65
28.01.2021 20:00:00.000,380.608,380.608,377.287,377.307,265369506.84
29.01.2021 14:00:00.000,375.568,375.757,373.138,375.137,180479248.05
29.01.2021 15:00:00.000,375.118,376.667,374.437,375.538,294487243.65
29.01.2021 16:00:00.000,375.518,375.857,371.768,373.018,286641235.35
29.01.2021 17:00:00.000,372.987,373.218,368.547,369.247,290394256.59
29.01.2021 18:00:00.000,369.217,371.148,368.258,369.788,299992248.54
29.01.2021 19:00:00.000,369.797,371.698,369.657,370.757,283445251.46
29.01.2021 20:00:00.000,370.768,373.158,370.397,370.457,296101989.75
01.02.2021 14:00:00.000,373.717,374.377,371.417,372.558,163340255.74
01.02.2021 15:00:00.000,372.557,373.977,371.658,372.828,286578002.93
01.02.2021 16:00:00.000,372.828,375.788,372.237,375.108,205080001.83
01.02.2021 17:00:00.000,375.118,376.477,375.118,376.447,157221496.58
01.02.2021 18:00:00.000,376.448,376.698,375.807,376.418,131414505
01.02.2021 19:00:00.000,376.427,377.327,376.047,376.877,106613746.64
01.02.2021 20:00:00.000,376.887,377.277,376.087,376.087,167485244.75
02.02.2021 14:00:00.000,379.597,381.198,379.568,380.878,133595001.22
02.02.2021 15:00:00.000,380.877,382.527,380.867,382.058,220652496.34
02.02.2021 16:00:00.000,382.068,383.088,381.927,383.017,137665252.69
02.02.2021 17:00:00.000,383.027,383.207,382.507,382.977,97018997.19
02.02.2021 18:00:00.000,382.997,383.067,382.217,382.617,80499496.46
02.02.2021 19:00:00.000,382.618,383.128,382.457,383.098,76280502.32
02.02.2021 20:00:00.000,383.098,383.108,381.358,381.417,137241500.85
03.02.2021 14:00:00.000,382.397,382.908,381.768,382.878,141942001.34
03.02.2021 15:00:00.000,382.898,383.037,380.477,381.647,253543746.95
03.02.2021 16:00:00.000,381.657,382.758,381.417,382.677,172748992.92
03.02.2021 17:00:00.000,382.677,382.968,382.187,382.867,101758247.38
03.02.2021 18:00:00.000,382.868,383.358,382.628,383.298,91374000.55
03.02.2021 19:00:00.000,383.297,383.687,383.007,383.007,93327247.62
03.02.2021 20:00:00.000,383.007,383.178,381.827,381.837,159485244.75
04.02.2021 14:00:00.000,382.918,383.898,382.767,383.898,126501998.9
04.02.2021 15:00:00.000,383.908,384.418,383.547,384.257,185361755.37
04.02.2021 16:00:00.000,384.248,384.748,384.167,384.578,122217750.55
04.02.2021 17:00:00.000,384.577,384.997,384.557,384.737,77129501.34
04.02.2021 18:00:00.000,384.728,385.338,384.697,385.187,60756999.97
04.02.2021 19:00:00.000,385.198,385.448,385.067,385.318,62014999.39
04.02.2021 20:00:00.000,385.317,386.218,384.957,386.158,96330497.74
05.02.2021 14:00:00.000,388.197,388.258,387.037,387.128,112863250.73
05.02.2021 15:00:00.000,387.137,387.968,386.478,387.677,166012496.95
05.02.2021 16:00:00.000,387.697,387.838,387.097,387.297,118865753.17
05.02.2021 17:00:00.000,387.308,388.448,387.177,388.417,95838500.98
05.02.2021 18:00:00.000,388.428,388.457,387.557,387.578,84722999.57
05.02.2021 19:00:00.000,387.578,388.018,387.307,387.507,102625503.54
05.02.2021 20:00:00.000,387.508,387.798,387.167,387.658,134662506.1
08.02.2021 14:00:00.000,389.248,389.818,389.088,389.627,102585502.62
08.02.2021 15:00:00.000,389.617,389.938,389.217,389.528,124794998.17
08.02.2021 16:00:00.000,389.538,389.628,388.337,388.887,125525749.21
08.02.2021 17:00:00.000,388.898,389.368,388.897,389.008,71574996.95
08.02.2021 18:00:00.000,389.017,389.298,388.578,388.798,71815750.12
08.02.2021 19:00:00.000,388.797,389.338,388.757,389.318,66920997.62
08.02.2021 20:00:00.000,389.327,390.527,389.237,390.508,73029502.87
09.02.2021 14:00:00.000,389.577,390.268,389.167,390.117,101874496.46
09.02.2021 15:00:00.000,390.107,390.448,389.817,390.037,129503250.12
09.02.2021 16:00:00.000,390.028,390.288,389.967,390.048,18880750.66
09.02.2021 17:00:00.000,390.058,390.798,389.997,390.687,65469749.45
09.02.2021 18:00:00.000,390.678,390.737,390.168,390.357,59371498.11
09.02.2021 19:00:00.000,390.367,390.858,390.357,390.788,43407501.22
09.02.2021 20:00:00.000,390.768,390.878,389.887,390.228,61804748.54
10.02.2021 14:00:00.000,392.088,392.248,391.367,391.527,106728752.14
10.02.2021 15:00:00.000,391.538,391.918,387.497,389.677,286824249.27
10.02.2021 16:00:00.000,389.678,390.098,388.847,389.488,252136001.59
10.02.2021 17:00:00.000,389.478,389.798,388.657,389.537,202548248.29
10.02.2021 18:00:00.000,389.538,390.097,389.377,389.638,141740493.77
10.02.2021 19:00:00.000,389.637,390.847,389.437,390.787,167385757.45
10.02.2021 20:00:00.000,390.787,391.048,389.367,390.078,168235000.61
11.02.2021 14:00:00.000,391.238,391.678,390.338,390.418,123350997.92
11.02.2021 15:00:00.000,390.427,391.358,390.317,390.607,177425750.73
11.02.2021 16:00:00.000,390.627,390.937,390.137,390.507,120774246.22
11.02.2021 17:00:00.000,390.507,390.698,388.107,389.328,195981002.81
11.02.2021 18:00:00.000,389.328,389.978,388.798,389.498,133466247.56
11.02.2021 19:00:00.000,389.488,389.828,388.778,389.777,150389999.39
11.02.2021 20:00:00.000,389.778,390.967,389.637,390.708,112265998.84
12.02.2021 14:00:00.000,389.807,390.628,389.767,390.327,110961746.22
12.02.2021 15:00:00.000,390.318,391.467,390.037,391.268,160654495.24
12.02.2021 16:00:00.000,391.268,391.618,391.018,391.358,121719497.68
12.02.2021 17:00:00.000,391.357,391.608,390.958,391.167,103162498.47
12.02.2021 18:00:00.000,391.178,391.248,390.497,390.838,78866249.08
12.02.2021 19:00:00.000,390.848,391.168,390.537,391.087,96267997.74
12.02.2021 20:00:00.000,391.097,392.878,391.017,392.698,95499496.46
16.02.2021 14:00:00.000,393.927,394.138,393.237,393.647,121762252.81
16.02.2021 15:00:00.000,393.658,394.148,392.387,393.218,186258255
16.02.2021 16:00:00.000,393.208,393.368,391.917,392.057,187865753.17
16.02.2021 17:00:00.000,392.048,392.938,391.527,392.867,160649246.22
16.02.2021 18:00:00.000,392.857,393.188,392.467,392.497,100943252.56
16.02.2021 19:00:00.000,392.507,393.268,392.447,392.827,89247749.33
16.02.2021 20:00:00.000,392.818,392.978,391.997,392.308,140262252.81
17.02.2021 14:00:00.000,390.408,391.638,389.327,391.047,144767501.83
17.02.2021 15:00:00.000,391.038,391.698,390.058,391.187,259526245.12
17.02.2021 16:00:00.000,391.177,391.258,389.477,390.557,230246002.2
17.02.2021 17:00:00.000,390.558,391.318,390.347,391.017,135300247.19
17.02.2021 18:00:00.000,391.008,391.588,390.947,391.257,107308502.2
17.02.2021 19:00:00.000,391.268,392.087,391.257,391.838,103937751.77
17.02.2021 20:00:00.000,391.817,392.618,391.757,392.428,95453002.93
18.02.2021 14:00:00.000,389.558,390.277,388.878,389.787,147792251.59
18.02.2021 15:00:00.000,389.797,389.857,387.738,388.988,234087753.3
18.02.2021 16:00:00.000,388.977,389.828,388.677,388.927,170398254.39
18.02.2021 17:00:00.000,388.928,389.418,388.197,389.157,133884246.83
18.02.2021 18:00:00.000,389.147,390.528,388.807,390.237,126031501.77
18.02.2021 19:00:00.000,390.248,391.118,390.217,391.028,110413253.78
18.02.2021 20:00:00.000,391.017,391.508,390.387,390.748,114035751.34
19.02.2021 14:00:00.000,392.057,392.198,391.047,391.997,125957496.64
19.02.2021 15:00:00.000,392.007,392.148,391.297,391.988,184113494.87
19.02.2021 16:00:00.000,391.987,392.358,391.707,391.747,105806999.21
19.02.2021 17:00:00.000,391.748,391.798,390.098,390.607,151482254.03
19.02.2021 18:00:00.000,390.598,390.858,389.847,390.808,147043243.41
19.02.2021 19:00:00.000,390.817,391.038,389.677,390.388,134601745.61
19.02.2021 20:00:00.000,390.367,390.928,389.538,390.018,140833496.09
22.02.2021 14:00:00.000,387.048,388.248,386.727,388.008,144490493.77
22.02.2021 15:00:00.000,387.998,388.578,386.937,387.238,237652496.34
22.02.2021 16:00:00.000,387.208,388.247,386.918,388.027,188108245.85
22.02.2021 17:00:00.000,388.038,388.858,387.558,388.768,147319244.38
22.02.2021 18:00:00.000,388.758,389.598,388.517,389.368,95371498.11
22.02.2021 19:00:00.000,389.378,389.468,388.737,388.898,84671997.07
22.02.2021 20:00:00.000,388.898,388.918,386.837,387.077,172021255.49
23.02.2021 14:00:00.000,384.638,384.707,380.167,382.218,189586746.22
23.02.2021 15:00:00.000,382.227,385.698,381.397,385.238,358722259.52
23.02.2021 16:00:00.000,385.248,386.118,383.798,383.978,291036010.74
23.02.2021 17:00:00.000,383.958,384.618,382.558,382.768,275678985.6
23.02.2021 18:00:00.000,382.778,385.448,382.487,385.138,238649749.76
23.02.2021 19:00:00.000,385.137,386.728,384.727,386.697,228155242.92
23.02.2021 20:00:00.000,386.717,388.938,386.558,387.487,240507247.92
24.02.2021 14:00:00.000,386.298,387.168,385.397,386.327,188232757.57
24.02.2021 15:00:00.000,386.378,388.618,385.267,388.357,337117248.54
24.02.2021 16:00:00.000,388.347,390.048,388.247,389.917,243883743.29
24.02.2021 17:00:00.000,389.918,391.207,389.907,390.478,156677505.49
24.02.2021 18:00:00.000,390.488,392.097,390.167,391.988,165090255.74
24.02.2021 19:00:00.000,391.997,392.138,390.977,391.137,174703994.75
24.02.2021 20:00:00.000,391.138,392.208,391.018,391.757,165789245.61
25.02.2021 14:00:00.000,390.378,391.868,390.378,390.948,124944503.78
25.02.2021 15:00:00.000,390.967,390.998,387.568,388.978,275006500.24
25.02.2021 16:00:00.000,388.977,389.648,386.057,386.328,252251998.9
25.02.2021 17:00:00.000,386.318,386.878,382.687,382.907,300271240.23
25.02.2021 18:00:00.000,382.878,384.988,381.758,384.127,352688262.94
25.02.2021 19:00:00.000,384.118,386.648,383.737,384.127,297670013.43
25.02.2021 20:00:00.000,384.108,384.657,380.767,382.388,350634002.69
26.02.2021 14:00:00.000,384.338,384.857,381.907,382.047,174892242.43
26.02.2021 15:00:00.000,382.058,382.938,378.238,382.358,372032989.5
26.02.2021 16:00:00.000,382.347,384.227,381.398,383.487,348253753.66
26.02.2021 17:00:00.000,383.488,385.568,382.928,383.567,276221984.86
26.02.2021 18:00:00.000,383.587,384.707,381.897,382.198,276214752.2
26.02.2021 19:00:00.000,382.188,383.267,381.017,382.937,293634490.97
26.02.2021 20:00:00.000,382.938,384.798,380.178,380.337,289245513.92
01.03.2021 14:00:00.000,385.537,387.028,385.537,386.928,148866256.71
01.03.2021 15:00:00.000,387.047,389.128,386.468,388.977,229460495
01.03.2021 16:00:00.000,388.978,389.488,388.397,389.368,142809249.88
01.03.2021 17:00:00.000,389.378,389.667,388.747,388.907,114301750.18
01.03.2021 18:00:00.000,388.927,389.667,388.248,389.508,89238502.5
01.03.2021 19:00:00.000,389.538,390.908,389.397,390.518,103941253.66
01.03.2021 20:00:00.000,390.517,390.708,388.987,389.508,131993255.62
02.03.2021 14:00:00.000,389.788,390.058,388.188,389.287,131664001.46
02.03.2021 15:00:00.000,389.278,389.718,387.067,388.127,298588989.26
02.03.2021 16:00:00.000,388.107,388.387,386.577,387.517,287546508.79
02.03.2021 17:00:00.000,387.508,389.068,387.207,388.628,172101501.46
02.03.2021 18:00:00.000,388.638,389.728,388.637,389.227,150871505.74
02.03.2021 19:00:00.000,389.217,389.528,388.138,389.028,180428497.31
02.03.2021 20:00:00.000,389.018,389.348,386.287,386.537,212503005.98
03.03.2021 14:00:00.000,385.747,386.828,384.327,384.507,160295257.57
03.03.2021 15:00:00.000,384.448,385.428,383.137,385.138,314803497.31
03.03.2021 16:00:00.000,385.128,386.447,384.768,385.407,224975753.78
03.03.2021 17:00:00.000,385.438,385.608,384.527,384.578,191861251.83
03.03.2021 18:00:00.000,384.567,385.818,383.777,384.128,200366256.71
03.03.2021 19:00:00.000,384.117,384.307,382.228,384.028,254565994.26
03.03.2021 20:00:00.000,384.037,384.348,381.298,381.427,254807495.12
04.03.2021 14:00:00.000,381.188,383.368,380.147,380.868,164143997.19
04.03.2021 15:00:00.000,380.858,382.418,378.567,381.838,309121002.2
04.03.2021 16:00:00.000,381.848,383.647,381.227,382.957,271848999.02
04.03.2021 17:00:00.000,382.968,383.988,376.347,376.997,373090240.48
04.03.2021 18:00:00.000,376.978,377.907,371.868,371.938,409535736.08
04.03.2021 19:00:00.000,371.918,377.457,371.917,377.227,356324005.13
04.03.2021 20:00:00.000,377.187,377.468,374.348,376.707,354982757.57
05.03.2021 14:00:00.000,380.387,380.557,375.787,377.297,201621994.02
05.03.2021 15:00:00.000,377.338,379.198,374.908,375.358,400781250
05.03.2021 16:00:00.000,375.388,376.057,372.657,375.888,370143249.51
05.03.2021 17:00:00.000,375.848,379.518,375.427,379.138,346390991.21
05.03.2021 18:00:00.000,379.108,381.858,377.888,381.338,323721008.3
05.03.2021 19:00:00.000,381.347,383.228,379.917,383.068,310992736.82
05.03.2021 20:00:00.000,383.087,384.738,382.487,383.588,308554748.54
08.03.2021 14:00:00.000,384.617,386.008,382.827,383.968,183899993.9
08.03.2021 15:00:00.000,383.958,387.378,383.327,386.597,334741241.46
08.03.2021 16:00:00.000,386.567,387.358,385.197,385.227,287526489.26
08.03.2021 17:00:00.000,385.237,387.608,385.107,386.737,242634994.51
08.03.2021 18:00:00.000,386.727,387.668,384.188,384.337,209184249.88
08.03.2021 19:00:00.000,384.328,386.077,383.898,384.748,210130004.88
08.03.2021 20:00:00.000,384.717,384.728,381.418,381.738,216183746.34
09.03.2021 14:00:00.000,385.818,387.527,385.297,387.247,109782752.99
09.03.2021 15:00:00.000,387.248,388.707,387.047,388.418,201296249.39
09.03.2021 16:00:00.000,388.407,388.978,388.088,388.897,148540496.83
09.03.2021 17:00:00.000,388.908,389.738,388.777,389.037,95583747.86
09.03.2021 18:00:00.000,389.068,389.888,389.068,389.758,106139999.39
09.03.2021 19:00:00.000,389.767,389.898,388.897,389.057,90414749.15
09.03.2021 20:00:00.000,389.048,389.638,386.838,387.098,127563003.54
10.03.2021 14:00:00.000,389.638,390.897,389.227,390.298,117896247.86
10.03.2021 15:00:00.000,390.328,390.808,388.168,389.338,205588500.98
10.03.2021 16:00:00.000,389.348,390.548,389.048,390.108,179883743.29
10.03.2021 17:00:00.000,390.107,390.308,389.028,390.227,142196243.29
10.03.2021 18:00:00.000,390.248,390.708,388.888,389.857,193787246.7
10.03.2021 19:00:00.000,389.858,391.387,389.477,390.808,143046508.79
10.03.2021 20:00:00.000,390.817,391.128,389.367,389.497,142390808.11
11.03.2021 14:00:00.000,392.178,392.978,391.728,392.937,102346351.62
11.03.2021 15:00:00.000,392.937,394.117,391.967,394.038,141466247.56
11.03.2021 16:00:00.000,394.037,395.238,394.037,394.818,89377029.42
11.03.2021 17:00:00.000,394.817,395.398,394.528,394.908,80446144.1
11.03.2021 18:00:00.000,394.907,395.637,394.377,394.558,109014892.58
11.03.2021 19:00:00.000,394.548,395.128,394.047,394.058,100123497.01
11.03.2021 20:00:00.000,394.058,394.247,393.268,393.467,99010498.05
12.03.2021 14:00:00.000,392.068,392.887,391.277,392.867,108458251.95
12.03.2021 15:00:00.000,392.857,393.087,391.267,391.847,201143997.19
12.03.2021 16:00:00.000,391.828,392.707,391.187,392.428,173220748.9
12.03.2021 17:00:00.000,392.438,393.258,392.058,392.547,130106994.63
12.03.2021 18:00:00.000,392.538,393.168,392.247,392.727,120575996.4
12.03.2021 19:00:00.000,392.737,393.488,392.627,393.367,105878997.8
12.03.2021 20:00:00.000,393.377,394.197,392.798,394.067,94490249.63
15.03.2021 13:00:00.000,394.327,394.667,393.668,393.978,94390502.93
15.03.2021 14:00:00.000,393.967,394.118,393.337,393.947,154391998.29
15.03.2021 15:00:00.000,393.937,394.158,392.027,393.067,115391250.61
15.03.2021 16:00:00.000,393.037,394.147,392.968,394.137,78659248.35
15.03.2021 17:00:00.000,394.167,394.648,393.877,394.638,44064750.67
15.03.2021 18:00:00.000,394.658,395.507,394.658,395.217,42337501.53
15.03.2021 19:00:00.000,395.218,396.677,394.487,396.467,68638496.4
16.03.2021 13:00:00.000,397.027,397.608,396.707,397.428,81720001.22
16.03.2021 14:00:00.000,397.438,397.827,397.008,397.297,101607002.26
16.03.2021 15:00:00.000,397.308,397.478,396.727,397.037,82403999.33
16.03.2021 16:00:00.000,397.027,397.178,396.027,396.847,98864250.18
16.03.2021 17:00:00.000,396.857,397.338,396.077,396.267,90326248.17
16.03.2021 18:00:00.000,396.258,396.647,395.077,395.937,152603256.23
16.03.2021 19:00:00.000,395.938,397.018,395.437,395.927,118544250.49
17.03.2021 13:00:00.000,394.517,394.878,393.797,394.557,87751502.99
17.03.2021 14:00:00.000,394.568,394.958,393.417,393.637,155792251.59
17.03.2021 15:00:00.000,393.637,394.398,393.297,394.148,130923004.15
17.03.2021 16:00:00.000,394.128,394.688,393.787,393.908,101178001.4
17.03.2021 17:00:00.000,393.897,394.358,393.687,393.967,101397003.17
17.03.2021 18:00:00.000,393.978,397.778,393.978,397.648,232401000.98
17.03.2021 19:00:00.000,397.638,398.108,396.417,397.198,173169754.03
18.03.2021 13:00:00.000,394.468,395.397,394.007,395.207,100117500.31
18.03.2021 14:00:00.000,395.207,395.567,394.168,395.198,200535003.66
18.03.2021 15:00:00.000,395.207,395.958,395.097,395.938,125179496.77
18.03.2021 16:00:00.000,395.928,396.717,394.417,394.657,111256500.24
18.03.2021 17:00:00.000,394.667,396.118,394.607,396.017,113240249.63
18.03.2021 18:00:00.000,396.027,396.078,392.197,393.327,163901245.12
18.03.2021 19:00:00.000,393.297,393.577,390.857,391.468,208248001.1
19.03.2021 13:00:00.000,389.877,390.178,387.388,388.528,131646743.77
19.03.2021 14:00:00.000,388.508,389.958,387.147,389.858,210666000.37
19.03.2021 15:00:00.000,389.857,390.867,388.318,390.507,165689254.76
19.03.2021 16:00:00.000,390.497,391.178,390.248,391.018,131274002.08
19.03.2021 17:00:00.000,391.008,391.348,390.228,391.087,113941497.8
19.03.2021 18:00:00.000,391.087,391.478,390.168,391.448,112164001.46
19.03.2021 19:00:00.000,391.427,391.558,389.417,389.488,144149246.22
22.03.2021 13:00:00.000,390.008,391.478,389.977,391.287,90984748.84
22.03.2021 14:00:00.000,391.308,392.428,391.018,392.048,150043502.81
22.03.2021 15:00:00.000,392.047,392.598,391.857,392.367,70740753.17
22.03.2021 16:00:00.000,392.377,393.218,392.377,393.138,61959751.13
22.03.2021 17:00:00.000,393.147,393.318,392.707,393.297,51144001.01
22.03.2021 18:00:00.000,393.308,393.957,393.218,393.757,49958248.14
22.03.2021 19:00:00.000,393.757,394.027,392.387,392.507,83340751.65
23.03.2021 13:00:00.000,391.868,392.437,391.547,392.418,76854751.59
23.03.2021 14:00:00.000,392.417,392.988,391.227,392.337,138178497.31
23.03.2021 15:00:00.000,392.328,393.448,392.177,392.827,118059753.42
23.03.2021 16:00:00.000,392.838,393.338,392.158,392.947,159617996.22
23.03.2021 17:00:00.000,392.948,393.297,391.627,391.848,106304252.62
23.03.2021 18:00:00.000,391.837,392.237,390.457,390.477,139791000.37
23.03.2021 19:00:00.000,390.468,390.938,388.647,389.508,186071243.29
24.03.2021 13:00:00.000,390.987,391.988,390.607,390.698,90191253.66
24.03.2021 14:00:00.000,390.698,392.368,390.258,392.227,174483749.39
24.03.2021 15:00:00.000,392.238,392.738,391.177,391.468,125625000
24.03.2021 16:00:00.000,391.458,392.297,391.287,391.337,140380493.16
24.03.2021 17:00:00.000,391.347,391.358,389.917,391.287,143745742.8
24.03.2021 18:00:00.000,391.277,391.418,389.497,389.578,155494506.84
24.03.2021 19:00:00.000,389.618,390.178,387.467,387.488,179847000.12
25.03.2021 13:00:00.000,385.948,386.568,385.017,386.257,123569252.01
25.03.2021 14:00:00.000,386.237,387.298,383.897,384.808,214391998.29
25.03.2021 15:00:00.000,384.807,386.967,383.938,386.848,220205245.97
25.03.2021 16:00:00.000,386.838,388.388,386.397,388.057,180946502.69
25.03.2021 17:00:00.000,388.068,388.718,387.237,387.338,199255493.16
25.03.2021 18:00:00.000,387.328,388.968,386.587,388.877,174873748.78
25.03.2021 19:00:00.000,388.848,390.528,388.817,389.638,163324493.41
26.03.2021 13:00:00.000,390.928,391.388,390.827,391.268,89870246.89
26.03.2021 14:00:00.000,391.277,392.338,391.067,391.497,126693748.47
26.03.2021 15:00:00.000,391.508,391.918,390.568,391.868,128448745.73
26.03.2021 16:00:00.000,391.867,392.938,391.517,392.477,99311248.78
26.03.2021 17:00:00.000,392.488,392.978,391.347,391.967,101783248.9
26.03.2021 18:00:00.000,391.977,392.268,390.278,392.237,173705993.65
26.03.2021 19:00:00.000,392.228,396.408,391.817,395.977,146002502.44
29.03.2021 13:00:00.000,394.358,395.698,394.047,394.098,98551498.41
29.03.2021 14:00:00.000,394.108,394.378,392.977,393.198,193676254.27
29.03.2021 15:00:00.000,393.208,394.868,392.807,394.647,167231994.63
29.03.2021 16:00:00.000,394.637,395.858,393.558,395.808,134442001.34
29.03.2021 17:00:00.000,395.818,396.627,395.488,395.617,133022247.31
29.03.2021 18:00:00.000,395.628,395.987,394.888,395.457,176143493.65
29.03.2021 19:00:00.000,395.477,396.738,395.138,395.757,155331756.59
30.03.2021 13:00:00.000,394.367,394.718,393.427,394.098,88039497.38
30.03.2021 14:00:00.000,394.067,394.828,393.017,394.267,161820755
30.03.2021 15:00:00.000,394.258,394.938,393.928,394.027,138215255.74
30.03.2021 16:00:00.000,394.027,394.288,393.467,393.958,113571746.83
30.03.2021 17:00:00.000,393.967,394.347,393.397,394.007,98577751.16
30.03.2021 18:00:00.000,393.997,395.188,393.687,395.117,108186752.32
30.03.2021 19:00:00.000,395.117,395.437,393.417,394.798,107734497.07
31.03.2021 13:00:00.000,395.298,396.367,395.287,396.127,60932998.66
31.03.2021 14:00:00.000,396.147,396.968,395.967,396.817,89837997.44
31.03.2021 15:00:00.000,396.798,397.248,396.487,397.117,66621002.2
31.03.2021 16:00:00.000,397.117,397.648,397.117,397.607,28114500.05
31.03.2021 17:00:00.000,397.587,397.988,397.488,397.708,29091749.19
31.03.2021 18:00:00.000,397.697,397.738,397.087,397.248,76527748.11
31.03.2021 19:00:00.000,397.237,397.747,396.027,396.257,110328002.93
01.04.2021 13:00:00.000,398.368,398.758,398.107,398.397,56492248.54
01.04.2021 14:00:00.000,398.438,399.307,398.237,399.298,88920753.48
01.04.2021 15:00:00.000,399.278,399.577,399.048,399.168,84519752.5
01.04.2021 16:00:00.000,399.178,399.838,399.137,399.717,51739498.14
01.04.2021 17:00:00.000,399.717,399.848,399.317,399.647,35890499.12
01.04.2021 18:00:00.000,399.638,399.988,399.597,399.927,32371498.11
01.04.2021 19:00:00.000,399.907,400.658,399.408,400.527,55700248.72
05.04.2021 13:00:00.000,403.457,404.597,403.358,404.538,54312000.27
05.04.2021 14:00:00.000,404.577,406.018,404.207,405.617,80430747.99
05.04.2021 15:00:00.000,405.617,406.488,405.477,406.207,55655998.23
05.04.2021 16:00:00.000,406.208,406.927,406.157,406.347,49118251.8
05.04.2021 17:00:00.000,406.357,406.598,406.077,406.578,42600749.97
05.04.2021 18:00:00.000,406.558,406.817,406.097,406.107,53454750.06
05.04.2021 19:00:00.000,406.097,406.778,405.737,406.217,91613998.41
06.04.2021 13:00:00.000,405.757,406.878,405.497,406.758,67505996.7
06.04.2021 14:00:00.000,406.767,407.188,406.547,406.808,84855003.36
06.04.2021 15:00:00.000,406.797,407.208,406.497,407.168,60066001.89
06.04.2021 16:00:00.000,407.178,407.198,406.647,406.807,43046249.39
06.04.2021 17:00:00.000,406.798,406.837,405.868,406.618,65344497.68
06.04.2021 18:00:00.000,406.627,406.828,406.287,406.567,43870498.66
06.04.2021 19:00:00.000,406.567,406.687,405.418,406.037,91160247.8
07.04.2021 13:00:00.000,405.927,406.608,405.898,406.287,48970500.95
07.04.2021 14:00:00.000,406.278,406.948,406.047,406.667,64630500.79
07.04.2021 15:00:00.000,406.658,406.918,405.607,406.068,68414253.23
07.04.2021 16:00:00.000,406.068,406.298,405.447,406.067,82808998.11
07.04.2021 17:00:00.000,406.058,406.477,405.868,406.377,58258499.15
07.04.2021 18:00:00.000,406.368,406.898,406.317,406.418,72389251.71
07.04.2021 19:00:00.000,406.437,406.748,405.757,406.587,80830497.74
08.04.2021 13:00:00.000,407.898,408.038,407.157,407.728,61032749.18
08.04.2021 14:00:00.000,407.738,407.928,406.927,407.578,94216499.33
08.04.2021 15:00:00.000,407.597,408.068,407.437,407.877,60032249.45
08.04.2021 16:00:00.000,407.877,408.377,407.787,407.998,39651000.98
08.04.2021 17:00:00.000,407.987,408.268,407.827,408.058,38501251.22
08.04.2021 18:00:00.000,408.058,408.498,407.987,408.448,30598499.3
08.04.2021 19:00:00.000,408.447,408.568,408.047,408.488,38943000.79
09.04.2021 13:00:00.000,408.388,409.088,408.257,409.058,47683498.38
09.04.2021 14:00:00.000,409.057,409.238,408.418,408.638,73013999.94
09.04.2021 15:00:00.000,408.628,409.448,408.557,409.367,71917503.36
09.04.2021 16:00:00.000,409.368,409.518,409.137,409.458,37953750.61
09.04.2021 17:00:00.000,409.457,409.968,409.297,409.798,27843750
09.04.2021 18:00:00.000,409.828,409.938,409.587,409.708,39822750.09
09.04.2021 19:00:00.000,409.698,411.647,409.487,411.447,58520248.41
12.04.2021 13:00:00.000,410.838,411.487,410.437,410.867,61642501.83
12.04.2021 14:00:00.000,410.868,411.198,410.197,410.738,97364250.18
12.04.2021 15:00:00.000,410.758,411.178,410.597,411.148,71396247.86
12.04.2021 16:00:00.000,411.148,411.778,410.807,411.647,58755748.75
12.04.2021 17:00:00.000,411.658,411.738,410.607,410.728,40704750.06
12.04.2021 18:00:00.000,410.718,411.118,410.627,410.828,68730751.04
12.04.2021 19:00:00.000,410.827,411.918,410.517,411.618,72365249.63
13.04.2021 13:00:00.000,411.508,411.828,411.107,411.788,59627250.67
13.04.2021 14:00:00.000,411.808,412.188,411.717,411.818,89852249.15
13.04.2021 15:00:00.000,411.808,412.198,411.737,412.068,63335250.85
13.04.2021 16:00:00.000,412.068,412.178,411.607,411.617,37273498.54
13.04.2021 17:00:00.000,411.628,412.258,411.538,412.178,24956249.24
13.04.2021 18:00:00.000,412.187,413.118,412.147,413.038,36615749.36
13.04.2021 19:00:00.000,413.027,413.517,412.697,412.818,54572250.37
14.04.2021 13:00:00.000,412.818,413.818,412.548,413.817,51441749.57
14.04.2021 14:00:00.000,413.818,413.938,413.177,413.397,96989997.86
14.04.2021 15:00:00.000,413.388,413.568,412.727,413.408,72252746.58
14.04.2021 16:00:00.000,413.397,413.558,412.878,413.437,67954498.29
14.04.2021 17:00:00.000,413.427,413.467,411.818,412.107,59788501.74
14.04.2021 18:00:00.000,412.117,412.578,411.177,411.347,124001998.9
14.04.2021 19:00:00.000,411.318,412.108,410.857,411.457,132366745
15.04.2021 13:00:00.000,413.728,414.368,413.677,413.938,58770748.14
15.04.2021 14:00:00.000,413.948,415.158,413.737,414.907,75323997.5
15.04.2021 15:00:00.000,414.917,415.448,414.518,414.808,52043998.72
15.04.2021 16:00:00.000,414.827,415.668,414.697,415.618,36557998.66
15.04.2021 17:00:00.000,415.638,415.688,415.077,415.397,46343250.27
15.04.2021 18:00:00.000,415.397,415.777,415.177,415.347,63568500.52
15.04.2021 19:00:00.000,415.327,416.147,414.888,415.818,64688247.68
16.04.2021 13:00:00.000,417.248,417.368,415.908,416.087,71834251.4
16.04.2021 14:00:00.000,416.098,416.998,415.727,416.608,101514747.62
16.04.2021 15:00:00.000,416.598,416.998,416.197,416.387,79146751.4
16.04.2021 16:00:00.000,416.397,416.857,416.397,416.598,45696750.64
16.04.2021 17:00:00.000,416.588,416.797,416.417,416.487,31171499.25
16.04.2021 18:00:00.000,416.498,417.487,416.397,417.438,30938249.59
16.04.2021 19:00:00.000,417.438,417.908,417.097,417.338,59415748.6
19.04.2021 13:00:00.000,416.227,416.728,416.197,416.618,59876998.9
19.04.2021 14:00:00.000,416.608,416.667,414.367,415.348,148832992.55
19.04.2021 15:00:00.000,415.337,415.707,414.228,414.828,153468750
19.04.2021 16:00:00.000,414.828,415.248,413.777,414.197,113415000.92
19.04.2021 17:00:00.000,414.208,415.078,414.037,414.677,93459747.31
19.04.2021 18:00:00.000,414.667,415.088,414.357,415.067,105472503.66
19.04.2021 19:00:00.000,415.057,415.307,414.137,415.198,105572998.05
20.04.2021 13:00:00.000,413.878,414.657,413.717,414.327,90548248.29
20.04.2021 14:00:00.000,414.327,414.548,411.757,412.338,175055252.08
20.04.2021 15:00:00.000,412.327,412.507,410.617,411.448,156576751.71
20.04.2021 16:00:00.000,411.437,412.388,411.287,412.018,85343246.46
20.04.2021 17:00:00.000,412.008,412.048,411.197,411.897,92392501.83
20.04.2021 18:00:00.000,411.887,412.088,410.638,410.828,76129501.34
20.04.2021 19:00:00.000,410.838,412.658,410.837,412.197,74569503.78
21.04.2021 13:00:00.000,411.507,413.418,411.297,413.407,90215248.11
21.04.2021 14:00:00.000,413.407,414.088,412.988,413.756,112512748.72
21.04.2021 15:00:00.000,413.766,414.907,413.597,414.876,75147750.85
21.04.2021 16:00:00.000,414.886,414.907,414.356,414.456,47720249.18
21.04.2021 17:00:00.000,414.457,414.927,414.436,414.906,52470748.9
21.04.2021 18:00:00.000,414.907,415.247,414.756,414.947,41832748.41
21.04.2021 19:00:00.000,414.936,416.257,414.816,416.107,57205501.56
22.04.2021 13:00:00.000,415.867,415.867,414.707,415.286,69517501.83
22.04.2021 14:00:00.000,415.276,416.147,414.526,415.847,105680252.08
22.04.2021 15:00:00.000,415.856,416.437,415.706,416.066,69417747.5
22.04.2021 16:00:00.000,416.076,416.747,415.766,416.746,39649501.8
22.04.2021 17:00:00.000,416.736,416.767,411.496,411.816,219911254.88
22.04.2021 18:00:00.000,411.817,413.437,411.126,412.986,181126495.36
22.04.2021 19:00:00.000,412.996,413.427,411.747,412.276,160794006.35
23.04.2021 13:00:00.000,412.837,414.186,412.776,414.176,68915252.69
23.04.2021 14:00:00.000,414.187,416.017,414.096,415.956,101849998.47
23.04.2021 15:00:00.000,415.966,416.457,415.606,416.247,87992996.22
23.04.2021 16:00:00.000,416.257,417.267,416.257,417.096,53368499.76
23.04.2021 17:00:00.000,417.096,417.367,416.886,417.007,39211498.26
23.04.2021 18:00:00.000,417.017,417.567,416.757,417.366,39970500.95
23.04.2021 19:00:00.000,417.366,418.237,416.637,416.686,58481250.76
26.04.2021 13:00:00.000,417.406,417.957,417.196,417.676,76041748.05
26.04.2021 14:00:00.000,417.666,418.157,417.606,417.746,112978500.37
26.04.2021 15:00:00.000,417.736,418.127,417.606,417.676,52431751.25
26.04.2021 16:00:00.000,417.687,417.797,417.276,417.587,51534751.89
26.04.2021 17:00:00.000,417.587,417.707,417.287,417.696,59917499.54
26.04.2021 18:00:00.000,417.687,418.107,417.686,418.086,35840248.11
26.04.2021 19:00:00.000,418.097,418.207,416.956,417.626,81801750.18
27.04.2021 13:00:00.000,417.907,417.976,416.766,416.836,76091247.56
27.04.2021 14:00:00.000,416.836,417.347,416.306,417.146,151199996.95
27.04.2021 15:00:00.000,417.147,417.647,416.946,417.527,77097000.12
27.04.2021 16:00:00.000,417.537,417.727,416.966,417.087,49118999.48
27.04.2021 17:00:00.000,417.097,417.557,417.046,417.387,53651248.93
27.04.2021 18:00:00.000,417.397,417.797,417.056,417.606,53265750.89
27.04.2021 19:00:00.000,417.577,418.127,417.247,417.467,65385749.82
28.04.2021 13:00:00.000,417.807,418.397,417.306,418.367,64517250.06
28.04.2021 14:00:00.000,418.386,418.436,417.726,418.027,74033248.9
28.04.2021 15:00:00.000,418.016,418.096,417.216,417.286,67712997.44
28.04.2021 16:00:00.000,417.287,417.876,417.126,417.797,49121250.15
28.04.2021 17:00:00.000,417.797,417.817,417.227,417.297,28501499.18
28.04.2021 18:00:00.000,417.307,419.006,416.887,418.297,163278747.56
28.04.2021 19:00:00.000,418.316,418.537,417.026,417.337,143465255.74
29.04.2021 13:00:00.000,420.316,420.697,419.487,419.547,73508247.38
29.04.2021 14:00:00.000,419.557,419.566,417.537,418.256,173517745.97
29.04.2021 15:00:00.000,418.246,418.867,417.386,417.536,108736503.6
29.04.2021 16:00:00.000,417.536,418.236,416.427,418.096,134541748.05
29.04.2021 17:00:00.000,418.107,418.806,417.777,418.597,90653999.33
29.04.2021 18:00:00.000,418.606,420.477,418.556,420.007,74213249.21
29.04.2021 19:00:00.000,420.016,420.447,419.497,420.006,93382499.69
30.04.2021 13:00:00.000,417.626,418.487,417.306,418.457,80377502.44
30.04.2021 14:00:00.000,418.456,418.537,417.317,417.456,141422256.47
30.04.2021 15:00:00.000,417.476,417.747,416.706,417.626,138800994.87
30.04.2021 16:00:00.000,417.616,417.877,417.096,417.457,87919502.26
30.04.2021 17:00:00.000,417.466,417.887,416.376,416.647,95733001.71
30.04.2021 18:00:00.000,416.646,417.466,416.476,417.047,100964996.34
30.04.2021 19:00:00.000,417.056,417.567,416.336,417.306,127738502.5
03.05.2021 13:00:00.000,419.427,419.836,418.606,419.466,73799247.74
03.05.2021 14:00:00.000,419.467,419.737,418.586,418.787,138746246.34
03.05.2021 15:00:00.000,418.777,418.957,418.136,418.806,111056251.53
03.05.2021 16:00:00.000,418.796,418.806,418.176,418.456,80539497.38
03.05.2021 17:00:00.000,418.466,418.697,418.257,418.567,63539249.42
03.05.2021 18:00:00.000,418.556,419.257,418.556,419.107,53577751.16
03.05.2021 19:00:00.000,419.116,419.127,417.656,418.126,63857250.21
04.05.2021 13:00:00.000,416.067,416.586,413.746,413.857,108188247.68
04.05.2021 14:00:00.000,413.866,414.577,413.147,413.267,193569000.24
04.05.2021 15:00:00.000,413.257,413.737,411.666,412.107,173937744.14
04.05.2021 16:00:00.000,412.116,413.506,411.977,412.787,131218505.86
04.05.2021 17:00:00.000,412.766,413.967,412.597,413.496,123710250.85
04.05.2021 18:00:00.000,413.487,414.387,413.176,414.066,112808998.11
04.05.2021 19:00:00.000,414.056,415.637,413.476,415.637,139051498.41
05.05.2021 13:00:00.000,417.377,417.437,416.246,416.567,97808998.11
05.05.2021 14:00:00.000,416.587,416.657,414.926,416.396,164177993.77
05.05.2021 15:00:00.000,416.396,417.557,416.126,417.547,90155250.55
05.05.2021 16:00:00.000,417.547,417.617,416.576,416.636,55779750.82
05.05.2021 17:00:00.000,416.647,417.117,416.326,416.866,66393753.05
05.05.2021 18:00:00.000,416.896,417.207,416.427,416.697,83180252.08
05.05.2021 19:00:00.000,416.706,416.817,415.136,415.727,155054245
06.05.2021 13:00:00.000,415.827,416.297,414.756,414.776,115283248.9
06.05.2021 14:00:00.000,414.767,415.356,413.657,415.127,199656005.86
06.05.2021 15:00:00.000,415.126,417.566,414.227,416.887,135119247.44
06.05.2021 16:00:00.000,416.887,417.557,416.576,416.946,103602752.69
06.05.2021 17:00:00.000,416.937,417.237,416.186,416.216,112045501.71
06.05.2021 18:00:00.000,416.216,416.776,415.646,416.157,134310745.24
06.05.2021 19:00:00.000,416.166,419.206,416.016,419.076,118019996.64
07.05.2021 13:00:00.000,419.887,421.457,419.166,420.946,112988250.73
07.05.2021 14:00:00.000,420.937,422.647,420.876,422.176,130044006.35
07.05.2021 15:00:00.000,422.167,422.806,422.036,422.516,93325500.49
07.05.2021 16:00:00.000,422.526,422.557,421.636,422.097,73434753.42
07.05.2021 17:00:00.000,422.106,422.137,421.446,421.687,74890502.93
07.05.2021 18:00:00.000,421.686,422.277,421.216,422.136,84790496.83
07.05.2021 19:00:00.000,422.146,422.787,421.967,422.067,100245002.75
10.05.2021 13:00:00.000,422.496,422.707,421.666,422.096,87005249.02
10.05.2021 14:00:00.000,422.127,422.426,421.036,421.576,163370254.52
10.05.2021 15:00:00.000,421.566,422.467,421.346,422.357,113462249.76
10.05.2021 16:00:00.000,422.366,422.647,421.756,421.797,63048751.83
10.05.2021 17:00:00.000,421.806,421.997,421.376,421.427,71378250.12
10.05.2021 18:00:00.000,421.427,421.506,418.756,419.346,144856506.35
10.05.2021 19:00:00.000,419.336,419.796,417.806,417.927,137405242.92
11.05.2021 13:00:00.000,413.097,414.887,412.247,414.876,122062500
11.05.2021 14:00:00.000,414.906,415.267,410.067,411.807,259774505.62
11.05.2021 15:00:00.000,411.817,414.356,410.766,414.027,218450256.35
11.05.2021 16:00:00.000,414.007,414.417,412.026,412.517,182734497.07
11.05.2021 17:00:00.000,412.526,414.717,412.336,414.216,148901245.12
11.05.2021 18:00:00.000,414.216,414.767,413.126,414.087,179102249.15
11.05.2021 19:00:00.000,414.076,415.026,412.656,414.246,204288757.32
12.05.2021 13:00:00.000,411.197,412.576,410.936,411.106,145455749.51
12.05.2021 14:00:00.000,411.107,411.497,408.726,409.416,248130752.56
12.05.2021 15:00:00.000,409.427,410.127,407.556,407.787,192413253.78
12.05.2021 16:00:00.000,407.777,408.167,406.716,407.776,200536499.02
12.05.2021 17:00:00.000,407.747,408.597,406.847,407.267,189359252.93
12.05.2021 18:00:00.000,407.256,408.237,406.316,407.437,202459503.17
12.05.2021 19:00:00.000,407.446,407.586,404.787,405.417,244359008.79
13.05.2021 13:00:00.000,407.047,410.067,407.046,410.037,164885498.05
13.05.2021 14:00:00.000,410.057,411.987,410.057,411.806,281493255.62
13.05.2021 15:00:00.000,411.816,411.917,409.206,409.656,257508239.75
13.05.2021 16:00:00.000,409.656,411.126,409.447,409.836,215175247.19
13.05.2021 17:00:00.000,409.847,410.437,407.826,408.807,254673751.83
13.05.2021 18:00:00.000,408.807,411.687,408.746,411.026,238663757.32
13.05.2021 19:00:00.000,411.047,412.337,410.196,410.256,234367752.08
14.05.2021 13:00:00.000,413.177,414.906,413.167,414.886,139644500.73
14.05.2021 14:00:00.000,414.886,415.357,414.066,415.266,225014007.57
14.05.2021 15:00:00.000,415.277,415.737,414.826,415.376,133197753.91
14.05.2021 16:00:00.000,415.377,416.257,415.307,416.226,94212997.44
14.05.2021 17:00:00.000,416.236,416.517,416.066,416.427,89121246.34
14.05.2021 18:00:00.000,416.417,417.477,416.296,417.207,80991500.85
14.05.2021 19:00:00.000,417.216,417.367,416.297,416.537,149464752.2
17.05.2021 13:00:00.000,415.357,416.376,414.466,414.916,136547256.47
17.05.2021 14:00:00.000,414.896,415.577,413.936,414.876,296678741.46
17.05.2021 15:00:00.000,414.877,415.067,413.817,414.137,252098007.2
17.05.2021 16:00:00.000,414.126,415.096,413.836,414.457,166772995
17.05.2021 17:00:00.000,414.446,414.706,413.347,414.017,191124755.86
17.05.2021 18:00:00.000,414.006,415.216,413.856,415.156,179075500.49
17.05.2021 19:00:00.000,415.176,415.686,414.756,415.487,199825500.49
18.05.2021 13:00:00.000,415.766,416.057,414.837,415.087,144783996.58
18.05.2021 14:00:00.000,415.096,415.967,414.456,415.696,179293746.95
18.05.2021 15:00:00.000,415.706,415.806,414.856,414.886,142587005.62
18.05.2021 16:00:00.000,414.877,415.506,414.736,415.257,94964500.43
18.05.2021 17:00:00.000,415.257,415.576,414.956,414.967,90182998.66
18.05.2021 18:00:00.000,414.956,415.097,413.097,413.987,156958251.95
18.05.2021 19:00:00.000,413.956,414.577,411.766,411.947,159009506.23
19.05.2021 13:00:00.000,406.906,407.616,405.836,406.937,178067001.34
19.05.2021 14:00:00.000,406.927,407.387,405.316,407.047,302091491.7
19.05.2021 15:00:00.000,407.006,408.417,406.436,408.326,227749252.32
19.05.2021 16:00:00.000,408.317,409.407,407.946,409.136,190159744.26
19.05.2021 17:00:00.000,409.146,410.237,408.917,409.386,166895248.41
19.05.2021 18:00:00.000,409.387,410.536,407.586,408.167,343153503.42
19.05.2021 19:00:00.000,408.187,411.017,407.596,410.916,297610992.43
20.05.2021 13:00:00.000,411.787,413.247,411.656,413.087,113682502.75
20.05.2021 14:00:00.000,413.077,414.167,412.947,413.966,159558746.34
20.05.2021 15:00:00.000,413.967,416.137,413.966,415.547,126658500.67
20.05.2021 16:00:00.000,415.556,415.587,414.086,414.816,141423995.97
20.05.2021 17:00:00.000,414.827,415.537,414.556,415.107,101301002.5
20.05.2021 18:00:00.000,415.117,415.847,415.076,415.577,131678253.17
20.05.2021 19:00:00.000,415.576,416.616,414.917,415.247,164244750.98
21.05.2021 13:00:00.000,416.857,418.167,416.827,418.166,117973999.02
21.05.2021 14:00:00.000,418.177,418.187,416.336,417.057,206490997.31
21.05.2021 15:00:00.000,417.066,417.256,415.846,415.946,164236251.83
21.05.2021 16:00:00.000,415.936,416.207,414.437,414.876,160948257.45
21.05.2021 17:00:00.000,414.887,415.937,414.796,415.706,120044998.17
21.05.2021 18:00:00.000,415.707,416.177,414.957,415.726,126034248.35
21.05.2021 19:00:00.000,415.737,416.237,414.696,414.946,155481994.63
24.05.2021 13:00:00.000,417.337,418.197,417.066,418.197,109401496.89
24.05.2021 14:00:00.000,418.196,419.487,418.196,419.286,138734497.07
24.05.2021 15:00:00.000,419.286,419.657,419.086,419.217,91678749.08
24.05.2021 16:00:00.000,419.206,419.437,418.896,419.277,82649497.99
24.05.2021 17:00:00.000,419.286,419.827,419.136,419.736,77716003.42
24.05.2021 18:00:00.000,419.736,420.307,419.726,420.046,54004001.62
24.05.2021 19:00:00.000,420.037,420.267,418.927,419.116,79757003.78
25.05.2021 13:00:00.000,420.296,420.697,419.236,419.287,94754753.11
25.05.2021 14:00:00.000,419.267,419.647,418.936,419.427,179315750.12
25.05.2021 15:00:00.000,419.437,419.487,417.937,418.847,189680999.76
25.05.2021 16:00:00.000,418.857,419.427,418.706,419.096,117765747.07
25.05.2021 17:00:00.000,419.096,419.217,418.376,418.747,109258499.15
25.05.2021 18:00:00.000,418.756,418.817,418.196,418.347,129217498.78
25.05.2021 19:00:00.000,418.336,418.717,417.606,418.246,151360000.61
26.05.2021 13:00:00.000,418.836,419.166,417.806,417.897,107947746.28
26.05.2021 14:00:00.000,417.907,418.947,417.746,418.896,140695007.32
26.05.2021 15:00:00.000,418.897,419.347,418.686,419.247,98536499.02
26.05.2021 16:00:00.000,419.247,419.477,419.166,419.376,63771999.36
26.05.2021 17:00:00.000,419.376,419.606,418.426,418.686,87914497.38
26.05.2021 18:00:00.000,418.697,419.167,418.636,418.827,50033248.9
26.05.2021 19:00:00.000,418.816,419.136,418.556,419.027,83760749.82
27.05.2021 13:00:00.000,420.166,420.617,419.906,420.086,95007003.78
27.05.2021 14:00:00.000,420.096,420.707,419.776,420.106,148841506.96
27.05.2021 15:00:00.000,420.076,420.347,419.446,420.277,137430252.08
27.05.2021 16:00:00.000,420.266,420.417,419.967,420.037,72334251.4
27.05.2021 17:00:00.000,420.037,420.187,419.406,419.697,77158996.58
27.05.2021 18:00:00.000,419.686,419.736,419.196,419.596,73787498.47
27.05.2021 19:00:00.000,419.586,420.087,419.116,419.237,104429496.77
28.05.2021 13:00:00.000,420.947,421.067,420.336,420.856,84766746.52
28.05.2021 14:00:00.000,420.856,421.017,419.956,420.457,117335502.62
28.05.2021 15:00:00.000,420.467,421.027,420.347,420.936,70839996.34
28.05.2021 16:00:00.000,420.937,421.237,420.816,420.877,43300998.69
28.05.2021 17:00:00.000,420.886,420.997,420.526,420.687,54621250.15
28.05.2021 18:00:00.000,420.716,420.897,420.466,420.756,60416000.37
28.05.2021 19:00:00.000,420.766,420.947,419.786,420.027,95211997.99
01.06.2021 13:00:00.000,422.557,422.706,420.977,421.297,82325500.49
01.06.2021 14:00:00.000,421.287,421.507,419.437,419.817,204854507.45
01.06.2021 15:00:00.000,419.807,420.467,419.547,420.286,116371246.34
01.06.2021 16:00:00.000,420.297,420.357,419.676,419.816,95217002.87
01.06.2021 17:00:00.000,419.807,419.826,419.196,419.596,89827247.62
01.06.2021 18:00:00.000,419.577,420.367,419.456,420.316,64244499.21
01.06.2021 19:00:00.000,420.327,420.347,419.446,419.616,83855751.04
02.06.2021 13:00:00.000,420.357,420.677,419.536,420.387,92439498.9
02.06.2021 14:00:00.000,420.397,420.967,420.226,420.686,153090255.74
02.06.2021 15:00:00.000,420.677,421.216,420.497,420.837,107242248.54
02.06.2021 16:00:00.000,420.836,420.897,420.126,420.426,85264251.71
02.06.2021 17:00:00.000,420.417,420.517,419.556,419.776,97049751.28
02.06.2021 18:00:00.000,419.777,420.027,419.286,419.887,108340499.88
02.06.2021 19:00:00.000,419.867,420.447,419.576,420.297,108970497.13
03.06.2021 13:00:00.000,417.846,418.207,416.267,417.156,121830497.74
03.06.2021 14:00:00.000,417.127,419.347,417.016,419.316,242287246.7
03.06.2021 15:00:00.000,419.326,419.977,419.066,419.416,163416503.91
03.06.2021 16:00:00.000,419.437,419.737,418.927,419.566,122635498.05
03.06.2021 17:00:00.000,419.557,419.887,418.877,419.516,125660751.34
03.06.2021 18:00:00.000,419.517,419.597,418.727,418.757,107976997.38
03.06.2021 19:00:00.000,418.746,419.437,418.736,418.787,114919998.17
04.06.2021 13:00:00.000,420.747,421.487,420.646,421.237,89099998.47
04.06.2021 14:00:00.000,421.247,421.857,421.227,421.707,120726997.38
04.06.2021 15:00:00.000,421.707,422.007,421.456,421.577,74927749.63
04.06.2021 16:00:00.000,421.587,421.887,421.456,421.866,51046249.39
04.06.2021 17:00:00.000,421.867,422.187,421.756,422.146,43366249.08
04.06.2021 18:00:00.000,422.156,422.637,422.137,422.486,48682750.7
04.06.2021 19:00:00.000,422.496,422.907,422.326,422.556,53269248.96
07.06.2021 13:00:00.000,422.566,422.767,421.926,422.177,77915000.92
07.06.2021 14:00:00.000,422.187,422.197,421.286,421.716,130523498.54
07.06.2021 15:00:00.000,421.727,421.897,421.226,421.506,105859252.93
07.06.2021 16:00:00.000,421.506,421.807,421.427,421.666,51226501.46
07.06.2021 17:00:00.000,421.667,421.777,421.187,421.226,64002502.44
07.06.2021 18:00:00.000,421.227,421.957,421.196,421.816,41738998.41
07.06.2021 19:00:00.000,421.806,422.386,421.796,422.226,62067001.34
08.06.2021 13:00:00.000,423.097,423.186,421.646,421.756,90428001.4
08.06.2021 14:00:00.000,421.736,422.246,421.536,421.876,169167755.13
08.06.2021 15:00:00.000,421.896,422.186,420.317,422.016,181294754.03
08.06.2021 16:00:00.000,422.007,422.637,421.907,422.567,94949249.27
08.06.2021 17:00:00.000,422.557,422.647,422.166,422.216,73012748.72
08.06.2021 18:00:00.000,422.226,422.787,422.156,422.737,64298248.29
08.06.2021 19:00:00.000,422.747,422.927,422.237,422.237,79913002.01
09.06.2021 13:00:00.000,423.156,423.227,422.416,422.816,103835998.54
09.06.2021 14:00:00.000,422.867,423.057,422.316,422.826,139160247.8
09.06.2021 15:00:00.000,422.816,423.107,422.206,422.466,84152496.34
09.06.2021 16:00:00.000,422.457,422.787,422.386,422.726,60856250.76
09.06.2021 17:00:00.000,422.747,422.957,422.516,422.636,52734001.16
09.06.2021 18:00:00.000,422.646,422.876,422.356,422.427,56141750.34
09.06.2021 19:00:00.000,422.396,422.427,421.397,421.616,85334251.4
10.06.2021 13:00:00.000,422.956,424.517,422.927,424.237,101481750.49
10.06.2021 14:00:00.000,424.237,424.607,421.547,422.456,168146743.77
10.06.2021 15:00:00.000,422.446,423.507,422.116,423.456,140692001.34
10.06.2021 16:00:00.000,423.466,423.907,423.087,423.897,110205497.74
10.06.2021 17:00:00.000,423.896,424.077,423.517,424.066,81364250.18
10.06.2021 18:00:00.000,424.066,424.087,423.376,423.787,77891250.61
10.06.2021 19:00:00.000,423.777,423.827,423.167,423.577,110239753.72
11.06.2021 13:00:00.000,424.166,424.407,423.776,423.967,100238502.5
11.06.2021 14:00:00.000,423.896,424.246,423.216,423.356,132887496.95
11.06.2021 15:00:00.000,423.347,423.607,423.016,423.356,78328002.93
11.06.2021 16:00:00.000,423.347,423.447,422.806,423.176,68442001.34
11.06.2021 17:00:00.000,423.167,423.527,423.007,423.476,42173999.79
11.06.2021 18:00:00.000,423.487,423.847,423.487,423.767,45331249.24
11.06.2021 19:00:00.000,423.747,424.397,423.406,424.297,57186500.55
14.06.2021 13:00:00.000,424.407,424.436,423.676,423.917,79566497.8
14.06.2021 14:00:00.000,423.926,423.997,423.226,423.727,142061752.32
14.06.2021 15:00:00.000,423.727,423.976,423.216,423.407,92152496.34
14.06.2021 16:00:00.000,423.417,423.587,423.096,423.147,63944499.97
14.06.2021 17:00:00.000,423.156,423.507,423.096,423.317,47072750.09
14.06.2021 18:00:00.000,423.327,423.587,423.156,423.536,49449501.04
14.06.2021 19:00:00.000,423.526,425.277,423.416,425.246,67555999.76
15.06.2021 13:00:00.000,425.436,425.437,424.546,424.687,73074501.04
15.06.2021 14:00:00.000,424.697,424.787,423.996,424.046,125212753.3
15.06.2021 15:00:00.000,424.037,424.336,423.536,423.927,79297500.61
15.06.2021 16:00:00.000,423.926,424.477,423.906,424.206,66298500.06
15.06.2021 17:00:00.000,424.206,424.727,423.926,424.646,77326751.71
15.06.2021 18:00:00.000,424.637,424.997,424.406,424.747,68882003.78
15.06.2021 19:00:00.000,424.756,424.937,424.026,424.507,122269500.73
16.06.2021 13:00:00.000,424.636,424.827,424.116,424.296,81748252.87
16.06.2021 14:00:00.000,424.296,424.567,424.046,424.197,95976753.23
16.06.2021 15:00:00.000,424.206,424.557,424.096,424.227,75260498.05
16.06.2021 16:00:00.000,424.246,424.327,423.226,423.496,92689247.13
16.06.2021 17:00:00.000,423.506,423.617,422.596,423.116,87198997.5
16.06.2021 18:00:00.000,423.087,423.087,419.926,421.657,371875000
16.06.2021 19:00:00.000,421.657,423.586,421.406,422.116,220389251.71
17.06.2021 13:00:00.000,421.627,422.887,421.566,421.816,119057502.75
17.06.2021 14:00:00.000,421.827,422.927,421.086,421.876,184860000.61
17.06.2021 15:00:00.000,421.866,422.617,421.166,421.276,166557006.84
17.06.2021 16:00:00.000,421.286,421.407,419.317,421.107,207557754.52
17.06.2021 17:00:00.000,421.106,422.597,421.056,422.177,144789749.15
17.06.2021 18:00:00.000,422.177,422.356,421.626,421.796,158787750.24
17.06.2021 19:00:00.000,421.806,422.987,421.576,421.977,148598999.02
18.06.2021 13:00:00.000,417.067,417.817,416.276,417.216,171357498.17
18.06.2021 14:00:00.000,417.196,417.437,415.836,416.187,286582000.73
18.06.2021 15:00:00.000,416.176,416.887,415.576,416.747,204675506.59
18.06.2021 16:00:00.000,416.757,417.257,416.296,416.707,130524002.08
18.06.2021 17:00:00.000,416.697,417.226,416.056,416.626,111404747.01
18.06.2021 18:00:00.000,416.607,417.116,415.716,415.856,149014495.85
18.06.2021 19:00:00.000,415.856,416.936,414.686,415.017,185013504.03
21.06.2021 13:00:00.000,416.796,418.017,415.927,417.857,145415496.83
21.06.2021 14:00:00.000,417.876,420.247,417.786,420.016,186752746.58
21.06.2021 15:00:00.000,420.037,420.377,419.666,420.166,115711502.08
21.06.2021 16:00:00.000,420.167,420.327,419.826,419.876,93382003.78
21.06.2021 17:00:00.000,419.887,420.977,419.796,420.737,74556503.3
21.06.2021 18:00:00.000,420.747,420.897,420.356,420.627,79900497.44
21.06.2021 19:00:00.000,420.637,421.046,420.316,420.847,103802253.72
22.06.2021 13:00:00.000,420.847,421.127,420.147,420.406,113078750.61
22.06.2021 14:00:00.000,420.416,421.877,420.066,421.866,137672744.75
22.06.2021 15:00:00.000,421.867,422.627,421.756,422.016,101104751.59
22.06.2021 16:00:00.000,422.047,422.467,422.046,422.286,63328750.61
22.06.2021 17:00:00.000,422.266,422.517,422.116,422.407,48672248.84
22.06.2021 18:00:00.000,422.407,423.007,422.226,422.916,77286247.25
22.06.2021 19:00:00.000,422.916,423.967,422.906,423.066,100567001.34
23.06.2021 13:00:00.000,423.126,423.786,423.047,423.626,86578247.07
23.06.2021 14:00:00.000,423.616,424.036,423.256,423.576,133365005.49
23.06.2021 15:00:00.000,423.566,423.696,422.906,423.287,85351997.38
23.06.2021 16:00:00.000,423.287,423.447,422.686,423.137,65509002.69
23.06.2021 17:00:00.000,423.137,423.587,423.056,423.556,53342250.82
23.06.2021 18:00:00.000,423.546,423.557,423.176,423.366,51256748.2
23.06.2021 19:00:00.000,423.357,423.797,422.507,422.607,77709251.4
24.06.2021 13:00:00.000,424.866,425.277,424.706,424.916,82525001.53
24.06.2021 14:00:00.000,424.926,425.517,424.717,424.996,86981498.72
24.06.2021 15:00:00.000,424.986,425.187,424.607,424.767,72439002.99
24.06.2021 16:00:00.000,424.766,425.327,424.756,425.186,71595252.99
24.06.2021 17:00:00.000,425.186,425.516,424.756,425.127,79476997.38
24.06.2021 18:00:00.000,425.116,425.537,425.096,425.386,59123249.05
24.06.2021 19:00:00.000,425.377,425.417,424.856,425.067,83874252.32
25.06.2021 13:00:00.000,425.877,426.086,425.546,425.827,78838752.75
25.06.2021 14:00:00.000,425.817,426.467,425.606,425.907,116165496.83
25.06.2021 15:00:00.000,425.886,426.347,425.856,426.286,72131500.24
25.06.2021 16:00:00.000,426.277,426.367,426.076,426.277,50083000.18
25.06.2021 17:00:00.000,426.277,426.307,425.946,426.247,51284999.85
25.06.2021 18:00:00.000,426.237,426.607,426.136,426.537,47529750.82
25.06.2021 19:00:00.000,426.557,427.077,426.406,426.556,80672500.61
28.06.2021 13:00:00.000,427.147,427.227,426.017,426.676,91317253.11
28.06.2021 14:00:00.000,426.686,426.847,426.336,426.496,123620498.66
28.06.2021 15:00:00.000,426.487,426.776,426.146,426.516,68967498.78
28.06.2021 16:00:00.000,426.537,426.627,426.166,426.166,59276748.66
28.06.2021 17:00:00.000,426.176,426.507,425.886,426.486,55747749.33
28.06.2021 18:00:00.000,426.477,426.986,426.456,426.916,58196498.87
28.06.2021 19:00:00.000,426.937,427.636,426.746,427.486,61701999.66
29.06.2021 13:00:00.000,427.887,428.386,427.836,428.146,67581001.28
29.06.2021 14:00:00.000,428.207,428.546,427.926,428.157,107980751.04
29.06.2021 15:00:00.000,428.167,428.237,427.846,427.987,68416999.82
29.06.2021 16:00:00.000,427.997,428.077,427.766,428.007,51448249.82
29.06.2021 17:00:00.000,428.006,428.057,427.626,427.856,39921249.39
29.06.2021 18:00:00.000,427.857,428.047,427.146,427.527,59483001.71
29.06.2021 19:00:00.000,427.526,427.797,427.297,427.666,65243499.76
30.06.2021 13:00:00.000,427.177,427.946,427.157,427.547,93939247.13
30.06.2021 14:00:00.000,427.546,428.307,427.506,428.197,118355247.5
30.06.2021 15:00:00.000,428.196,428.377,427.796,427.956,83466751.1
30.06.2021 16:00:00.000,427.957,428.176,427.716,427.996,51196998.6
30.06.2021 17:00:00.000,427.997,428.087,427.776,427.877,43388000.49
30.06.2021 18:00:00.000,427.887,428.027,427.586,427.907,42576000.21
30.06.2021 19:00:00.000,427.926,428.746,427.866,428.057,78459503.17
01.07.2021 13:00:00.000,428.837,429.476,428.786,429.316,77835250.85
01.07.2021 14:00:00.000,429.327,429.727,429.096,429.467,90982246.4
01.07.2021 15:00:00.000,429.476,429.706,428.856,429.526,94629501.34
01.07.2021 16:00:00.000,429.537,429.647,429.396,429.486,55473999.02
01.07.2021 17:00:00.000,429.476,430.197,429.416,429.906,53538249.97
01.07.2021 18:00:00.000,429.907,430.397,429.807,430.376,46060249.33
01.07.2021 19:00:00.000,430.386,430.587,430.036,430.457,52555500.03
02.07.2021 13:00:00.000,431.646,431.917,431.316,431.806,71139503.48
02.07.2021 14:00:00.000,431.797,431.957,431.596,431.886,87524246.22
02.07.2021 15:00:00.000,431.876,432.607,431.836,432.436,54180500.03
02.07.2021 16:00:00.000,432.437,433.287,432.326,433.256,43916000.37
02.07.2021 17:00:00.000,433.257,433.477,433.016,433.296,43065750.12
02.07.2021 18:00:00.000,433.297,433.547,433.176,433.246,36130748.75
02.07.2021 19:00:00.000,433.246,434.087,433.186,433.746,54381500.24
06.07.2021 13:00:00.000,433.756,433.996,432.847,432.966,71003501.89
06.07.2021 14:00:00.000,432.946,433.037,430.996,431.007,167811492.92
06.07.2021 15:00:00.000,430.997,431.467,430.446,431.136,124672996.52
06.07.2021 16:00:00.000,431.127,431.136,429.996,431.017,128798751.83
06.07.2021 17:00:00.000,431.026,431.797,430.916,431.736,43509998.32
06.07.2021 18:00:00.000,431.726,432.437,431.656,432.097,47513999.94
06.07.2021 19:00:00.000,432.107,433.187,432.056,432.886,70386001.59
07.07.2021 13:00:00.000,433.657,434.187,433.377,433.717,83303497.31
07.07.2021 14:00:00.000,433.736,433.827,431.496,432.637,189253753.66
07.07.2021 15:00:00.000,432.637,434.157,432.266,433.776,166461502.08
07.07.2021 16:00:00.000,433.766,434.436,433.766,434.037,99258003.23
07.07.2021 17:00:00.000,434.026,434.217,433.597,433.866,89439247.13
07.07.2021 18:00:00.000,433.867,434.727,433.726,434.466,143746505.74
07.07.2021 19:00:00.000,434.476,434.747,434.086,434.406,94770751.95
08.07.2021 13:00:00.000,428.777,429.586,427.606,429.436,164767242.43
08.07.2021 14:00:00.000,429.447,429.447,427.516,428.117,323752990.72
08.07.2021 15:00:00.000,428.137,431.097,427.977,430.916,225155502.32
08.07.2021 16:00:00.000,430.906,431.716,430.636,431.547,153934494.02
08.07.2021 17:00:00.000,431.536,431.627,430.846,430.976,147748245.24
08.07.2021 18:00:00.000,430.986,431.037,429.806,430.247,153731246.95
08.07.2021 19:00:00.000,430.257,430.917,429.137,430.917,197507003.78
09.07.2021 13:00:00.000,432.526,433.627,432.306,433.576,103149497.99
09.07.2021 14:00:00.000,433.597,434.426,433.597,434.077,104347747.8
09.07.2021 15:00:00.000,434.086,435.217,434.086,434.706,66082000.73
09.07.2021 16:00:00.000,434.706,435.077,434.586,434.827,56257999.42
09.07.2021 17:00:00.000,434.817,434.997,434.596,434.947,50855251.31
09.07.2021 18:00:00.000,434.946,435.646,434.946,435.566,37333751.68
09.07.2021 19:00:00.000,435.576,435.797,435.286,435.457,65936752.32
12.07.2021 13:00:00.000,435.416,435.917,434.956,435.917,104957496.64
12.07.2021 14:00:00.000,435.937,436.727,435.616,436.606,135108245.85
12.07.2021 15:00:00.000,436.617,436.647,436.056,436.576,88875251.77
12.07.2021 16:00:00.000,436.577,436.717,436.376,436.517,55469749.45
12.07.2021 17:00:00.000,436.517,436.777,436.406,436.547,49140750.89
12.07.2021 18:00:00.000,436.547,437.086,436.516,436.867,38900749.21
12.07.2021 19:00:00.000,436.856,437.316,436.747,437.087,55228748.32
13.07.2021 13:00:00.000,436.237,437.107,436.206,436.787,100645751.95
13.07.2021 14:00:00.000,436.797,437.476,436.556,436.906,141522247.31
13.07.2021 15:00:00.000,436.897,437.776,436.896,437.717,72248252.87
13.07.2021 16:00:00.000,437.727,437.836,437.387,437.506,51304500.58
13.07.2021 17:00:00.000,437.506,437.527,435.746,436.456,147465499.88
13.07.2021 18:00:00.000,436.446,436.527,435.566,436.266,172141006.47
13.07.2021 19:00:00.000,436.267,436.277,435.306,435.597,153938507.08
14.07.2021 13:00:00.000,437.386,437.907,436.916,436.996,91911247.25
14.07.2021 14:00:00.000,436.996,437.437,436.506,436.987,169392501.83
14.07.2021 15:00:00.000,436.986,437.017,434.907,434.987,192840744.02
14.07.2021 16:00:00.000,434.987,436.757,434.946,436.486,135532745.36
14.07.2021 17:00:00.000,436.496,436.627,435.806,436.467,117551498.41
14.07.2021 18:00:00.000,436.476,436.966,436.366,436.606,107150001.53
14.07.2021 19:00:00.000,436.616,437.076,435.996,436.287,137065246.58
15.07.2021 13:00:00.000,434.786,435.407,433.976,435.346,116841751.1
15.07.2021 14:00:00.000,435.346,435.517,434.186,434.776,218854751.59
15.07.2021 15:00:00.000,434.766,435.347,434.186,434.726,172037002.56
15.07.2021 16:00:00.000,434.726,434.946,434.006,434.557,144692245.48
15.07.2021 17:00:00.000,434.547,434.587,432.716,432.776,163358001.71
15.07.2021 18:00:00.000,432.766,434.197,432.727,434.197,135372253.42
15.07.2021 19:00:00.000,434.187,434.797,434.016,434.727,128996994.02
16.07.2021 13:00:00.000,435.997,436.037,434.906,435.186,99228996.28
16.07.2021 14:00:00.000,435.157,435.257,433.126,433.817,240000000
16.07.2021 15:00:00.000,433.827,433.937,432.926,433.647,229953750.61
16.07.2021 16:00:00.000,433.637,434.217,433.506,433.676,95995002.75
16.07.2021 17:00:00.000,433.666,434.056,433.036,433.157,91596252.44
16.07.2021 18:00:00.000,433.166,433.186,432.036,432.207,151315002.44
16.07.2021 19:00:00.000,432.207,432.327,430.916,431.357,184526992.8
19.07.2021 13:00:00.000,426.177,426.707,423.946,424.257,179772750.85
19.07.2021 14:00:00.000,424.237,424.587,422.656,424.106,329889739.99
19.07.2021 15:00:00.000,424.117,425.367,423.567,424.917,235752502.44
19.07.2021 16:00:00.000,424.887,424.897,422.247,422.847,221244995.12
19.07.2021 17:00:00.000,422.827,423.457,421.967,422.127,240167999.27
19.07.2021 18:00:00.000,422.106,423.396,421.987,422.387,256196014.4
19.07.2021 19:00:00.000,422.386,424.806,422.177,424.806,252786254.88
20.07.2021 13:00:00.000,425.646,428.377,424.827,428.226,168641006.47
20.07.2021 14:00:00.000,428.226,430.256,427.936,430.226,234720748.9
20.07.2021 15:00:00.000,430.217,431.146,429.836,431.106,148897003.17
20.07.2021 16:00:00.000,431.106,432.007,430.846,431.987,100828247.07
20.07.2021 17:00:00.000,431.997,432.067,430.726,431.066,108536247.25
20.07.2021 18:00:00.000,431.077,431.907,431.077,431.526,103736000.06
20.07.2021 19:00:00.000,431.537,432.406,431.037,431.066,113396499.63
21.07.2021 13:00:00.000,432.336,433.677,432.136,433.656,103801498.41
21.07.2021 14:00:00.000,433.647,433.707,432.846,433.436,158305755.62
21.07.2021 15:00:00.000,433.446,434.007,433.086,433.996,110102249.15
21.07.2021 16:00:00.000,434.006,434.007,433.406,433.446,67051002.5
21.07.2021 17:00:00.000,433.446,434.026,433.436,433.907,71402999.88
21.07.2021 18:00:00.000,433.916,434.157,433.606,434.156,74100753.78
21.07.2021 19:00:00.000,434.147,434.687,433.527,434.536,97445999.15
22.07.2021 13:00:00.000,434.736,435.017,433.926,434.366,130852493.29
22.07.2021 14:00:00.000,434.387,435.357,434.066,435.036,209344253.54
22.07.2021 15:00:00.000,435.027,435.137,434.166,434.496,117888000.49
22.07.2021 16:00:00.000,434.507,434.806,433.686,434.797,129951751.71
22.07.2021 17:00:00.000,434.806,435.237,434.676,435.217,71224502.56
22.07.2021 18:00:00.000,435.217,435.706,435.147,435.667,75847999.57
22.07.2021 19:00:00.000,435.656,435.697,435.106,435.536,85976753.23
23.07.2021 13:00:00.000,437.487,437.637,436.786,436.967,95385498.05
23.07.2021 14:00:00.000,436.976,438.367,436.937,438.297,103648498.54
23.07.2021 15:00:00.000,438.286,439.486,438.277,438.726,80197746.28
23.07.2021 16:00:00.000,438.737,439.367,438.696,439.347,60519248.96
23.07.2021 17:00:00.000,439.346,440.007,439.336,439.757,64995498.66
23.07.2021 18:00:00.000,439.766,439.987,439.567,439.726,69156501.77
23.07.2021 19:00:00.000,439.736,440.277,439.156,439.887,89448501.59
26.07.2021 13:00:00.000,439.306,440.227,439.247,439.967,104746002.2
26.07.2021 14:00:00.000,439.956,440.057,439.246,439.646,148473999.02
26.07.2021 15:00:00.000,439.627,440.737,439.386,440.687,121731246.95
26.07.2021 16:00:00.000,440.686,440.796,439.926,440.177,87097503.66
26.07.2021 17:00:00.000,440.177,440.686,440.166,440.327,68850502.01
26.07.2021 18:00:00.000,440.307,440.667,440.166,440.607,81605499.27
26.07.2021 19:00:00.000,440.617,441.007,440.436,440.977,72318000.79
27.07.2021 13:00:00.000,439.897,439.897,438.527,439.216,127774002.08
27.07.2021 14:00:00.000,439.236,439.637,437.927,438.556,271116241.46
27.07.2021 15:00:00.000,438.547,439.067,436.756,437.606,257126495.36
27.07.2021 16:00:00.000,437.597,437.607,436.366,436.786,243458496.09
27.07.2021 17:00:00.000,436.777,437.197,435.986,436.327,192224746.7
27.07.2021 18:00:00.000,436.316,438.057,436.266,438.026,134700500.49
27.07.2021 19:00:00.000,438.016,439.037,437.686,439.037,145225006.1
28.07.2021 13:00:00.000,439.657,439.827,438.097,438.587,127726997.38
28.07.2021 14:00:00.000,438.597,439.567,438.146,439.296,204107757.57
28.07.2021 15:00:00.000,439.296,439.497,438.876,439.247,160963256.84
28.07.2021 16:00:00.000,439.256,439.337,438.406,438.607,125271751.4
28.07.2021 17:00:00.000,438.617,438.707,437.896,438.186,126676498.41
28.07.2021 18:00:00.000,438.196,440.287,437.296,439.687,242180496.22
28.07.2021 19:00:00.000,439.697,439.957,438.726,438.876,173451995.85
29.07.2021 13:00:00.000,439.817,441.077,439.806,440.746,89440002.44
29.07.2021 14:00:00.000,440.777,441.487,440.366,441.487,132559494.02
29.07.2021 15:00:00.000,441.496,441.697,441.106,441.196,96805999.76
29.07.2021 16:00:00.000,441.207,441.736,441.176,441.357,67128501.89
29.07.2021 17:00:00.000,441.367,441.786,441.326,441.506,57258499.15
29.07.2021 18:00:00.000,441.517,441.627,440.936,441.127,68543746.95
29.07.2021 19:00:00.000,441.137,441.147,440.646,440.646,81796997.07
30.07.2021 13:00:00.000,437.906,439.677,437.906,439.376,101697746.28
30.07.2021 14:00:00.000,439.386,440.037,438.517,438.587,203032257.08
30.07.2021 15:00:00.000,438.586,439.177,438.066,438.386,187390747.07
30.07.2021 16:00:00.000,438.377,439.056,438.276,438.946,103029998.78
30.07.2021 17:00:00.000,438.937,439.157,438.536,438.857,82466499.33
30.07.2021 18:00:00.000,438.857,438.917,437.766,438.517,100885498.05
30.07.2021 19:00:00.000,438.517,438.857,437.977,438.516,128834625.24
02.08.2021 13:00:00.000,440.306,440.916,440.056,440.216,114676475.52
02.08.2021 14:00:00.000,440.176,440.747,439.667,439.976,185183486.94
02.08.2021 15:00:00.000,439.987,440.387,438.767,438.837,142100738.53
02.08.2021 16:00:00.000,438.846,439.147,438.186,438.807,159524734.5
02.08.2021 17:00:00.000,438.817,439.206,438.175,438.556,109453636.17
02.08.2021 18:00:00.000,438.547,438.956,438.386,438.777,113358741.76
02.08.2021 19:00:00.000,438.776,438.887,437.296,437.576,127668533.33
03.08.2021 13:00:00.000,438.406,438.666,436.306,436.396,132485672
03.08.2021 14:00:00.000,436.396,438.127,436.096,437.457,250989929.2
03.08.2021 15:00:00.000,437.446,439.827,437.036,439.737,208949554.44
03.08.2021 16:00:00.000,439.747,439.827,439.047,439.787,102833030.7
03.08.2021 17:00:00.000,439.786,440.277,439.786,440.187,83735885.62
03.08.2021 18:00:00.000,440.196,440.627,439.847,440.457,98794761.66
03.08.2021 19:00:00.000,440.447,441.257,440.447,441.126,98651504.52
04.08.2021 13:00:00.000,439.757,440.186,439.456,439.906,106239402.77
04.08.2021 14:00:00.000,439.957,440.387,439.026,439.417,198607742.31
04.08.2021 15:00:00.000,439.407,439.907,438.716,439.406,156258346.56
04.08.2021 16:00:00.000,439.387,439.707,439.186,439.566,108257759.09
04.08.2021 17:00:00.000,439.566,440.097,439.546,439.826,75660583.5
04.08.2021 18:00:00.000,439.836,440.267,439.586,439.687,73679580.69
04.08.2021 19:00:00.000,439.697,439.876,438.967,439.007,89475646.97
05.08.2021 13:00:00.000,440.197,440.797,439.857,440.786,97439247.13
05.08.2021 14:00:00.000,440.787,441.066,440.327,440.966,128812561.04
05.08.2021 15:00:00.000,440.967,441.107,440.766,440.877,85362289.43
05.08.2021 16:00:00.000,440.887,441.007,440.436,440.447,58456161.5
05.08.2021 17:00:00.000,440.436,440.976,440.406,440.976,39392402.65
05.08.2021 18:00:00.000,440.966,441.117,440.676,440.736,49744049.07
05.08.2021 19:00:00.000,440.746,441.846,440.637,441.736,59104526.52
06.08.2021 13:00:00.000,442.077,442.916,441.836,442.027,116138862.61
06.08.2021 14:00:00.000,442.036,442.627,441.786,442.096,159490692.14
06.08.2021 15:00:00.000,442.097,442.556,441.846,442.547,129547988.89
06.08.2021 16:00:00.000,442.536,442.776,442.316,442.746,78728233.34
06.08.2021 17:00:00.000,442.757,442.817,442.496,442.646,52415588.38
06.08.2021 18:00:00.000,442.636,442.707,442.056,442.056,58301509.86
06.08.2021 19:00:00.000,442.046,442.657,441.936,442.507,59500957.49
09.08.2021 13:00:00.000,442.437,442.786,441.286,441.747,99133407.59
09.08.2021 14:00:00.000,441.737,442.267,441.447,441.817,130055389.4
09.08.2021 15:00:00.000,441.827,442.347,441.716,442.337,84447677.61
09.08.2021 16:00:00.000,442.336,442.357,442.026,442.177,50370697.02
09.08.2021 17:00:00.000,442.166,442.317,442.056,442.236,43385906.22
09.08.2021 18:00:00.000,442.237,442.757,442.226,442.477,43825729.37
09.08.2021 19:00:00.000,442.467,442.637,441.986,442.136,54748905.18
10.08.2021 13:00:00.000,442.576,443.017,442.216,442.886,79706665.04
10.08.2021 14:00:00.000,442.887,443.427,441.867,442.326,163803054.81
10.08.2021 15:00:00.000,442.316,443.037,441.896,443.027,131298309.33
10.08.2021 16:00:00.000,443.037,443.297,442.746,442.886,69379249.57
10.08.2021 17:00:00.000,442.896,442.987,442.497,442.956,76628547.67
10.08.2021 18:00:00.000,442.946,443.057,442.396,442.837,75648452.76
10.08.2021 19:00:00.000,442.846,442.877,442.206,442.646,71555137.63
11.08.2021 13:00:00.000,443.796,443.877,443.226,443.546,102629806.52
11.08.2021 14:00:00.000,443.547,443.787,443.266,443.347,129132492.07
11.08.2021 15:00:00.000,443.347,443.376,442.617,442.777,141902114.87
11.08.2021 16:00:00.000,442.767,443.247,442.737,443.237,67981300.35
11.08.2021 17:00:00.000,443.226,443.476,443.127,443.367,67596870.42
11.08.2021 18:00:00.000,443.376,443.477,443.107,443.386,43516441.35
11.08.2021 19:00:00.000,443.376,443.757,443.356,443.706,46575271.61
12.08.2021 13:00:00.000,443.586,443.607,442.876,443.126,83138641.36
12.08.2021 14:00:00.000,443.126,443.757,442.656,443.747,129131393.43
12.08.2021 15:00:00.000,443.747,444.097,443.366,443.867,80312515.26
12.08.2021 16:00:00.000,443.876,444.437,443.866,444.327,59431434.63
12.08.2021 17:00:00.000,444.317,444.487,444.116,444.347,46992591.86
12.08.2021 18:00:00.000,444.357,444.887,444.256,444.846,37687389.37
12.08.2021 19:00:00.000,444.836,445.247,444.836,445.087,43934150.7
13.08.2021 13:00:00.000,445.566,445.837,445.126,445.497,65219734.19
13.08.2021 14:00:00.000,445.477,445.807,445.066,445.436,119890586.85
13.08.2021 15:00:00.000,445.446,445.677,445.346,445.506,50809326.17
13.08.2021 16:00:00.000,445.497,445.597,445.336,445.536,34695323.94
13.08.2021 17:00:00.000,445.537,445.787,445.386,445.717,28128267.29
13.08.2021 18:00:00.000,445.706,445.737,445.196,445.416,35784591.67
13.08.2021 19:00:00.000,445.426,445.907,445.316,445.906,52801586.15
16.08.2021 13:00:00.000,444.537,444.737,443.096,443.376,109231895.45
16.08.2021 14:00:00.000,443.376,444.117,442.876,443.107,223168838.5
16.08.2021 15:00:00.000,443.116,444.386,443.066,444.167,145609191.89
16.08.2021 16:00:00.000,444.177,444.917,444.126,444.877,87331413.27
16.08.2021 17:00:00.000,444.876,445.647,444.796,445.636,70380088.81
16.08.2021 18:00:00.000,445.646,446.416,445.506,446.097,61029838.56
16.08.2021 19:00:00.000,446.086,447.096,446.016,446.996,75473373.41
17.08.2021 13:00:00.000,444.196,444.796,443.266,443.656,135607971.19
17.08.2021 14:00:00.000,443.646,444.956,443.366,444.357,226589660.64
17.08.2021 15:00:00.000,444.357,444.497,442.996,443.046,183041152.95
17.08.2021 16:00:00.000,443.047,443.277,440.886,440.986,202282043.46
17.08.2021 17:00:00.000,440.977,442.176,440.837,442.077,189235183.72
17.08.2021 18:00:00.000,442.076,443.137,441.766,443.057,167047988.89
17.08.2021 19:00:00.000,443.046,444.057,442.736,443.966,171394378.66
18.08.2021 13:00:00.000,442.926,444.107,442.666,444.077,116588478.09
18.08.2021 14:00:00.000,444.086,444.616,443.626,443.787,157621185.3
18.08.2021 15:00:00.000,443.796,443.826,443.136,443.356,171822540.28
18.08.2021 16:00:00.000,443.346,443.687,442.956,443.367,109385742.19
18.08.2021 17:00:00.000,443.356,443.437,442.866,443.317,77684402.47
18.08.2021 18:00:00.000,443.327,444.177,441.696,442.846,225899734.5
18.08.2021 19:00:00.000,442.837,442.837,438.916,439.237,220578140.26
19.08.2021 13:00:00.000,436.277,438.856,436.116,438.506,182149398.8
19.08.2021 14:00:00.000,438.527,439.977,437.496,439.497,302381622.31
19.08.2021 15:00:00.000,439.496,441.047,438.806,440.716,275870544.43
19.08.2021 16:00:00.000,440.716,441.126,439.956,440.876,201687164.31
19.08.2021 17:00:00.000,440.887,440.927,438.907,438.916,198750213.62
19.08.2021 18:00:00.000,438.916,439.716,437.456,439.637,269778747.56
19.08.2021 19:00:00.000,439.627,441.046,439.246,439.897,234907608.03
20.08.2021 13:00:00.000,440.206,442.067,439.697,441.817,129920211.79
20.08.2021 14:00:00.000,441.836,442.996,441.726,442.176,192579360.96
20.08.2021 15:00:00.000,442.177,442.767,441.956,442.427,141230148.32
20.08.2021 16:00:00.000,442.426,443.546,442.316,443.206,112048759.46
20.08.2021 17:00:00.000,443.226,443.527,442.706,442.777,80511695.86
20.08.2021 18:00:00.000,442.787,443.187,442.446,442.826,104602111.82
20.08.2021 19:00:00.000,442.816,443.697,442.716,443.357,85340545.65
23.08.2021 13:00:00.000,445.156,446.347,445.136,446.326,98561088.56
23.08.2021 14:00:00.000,446.326,447.307,446.156,447.236,133233291.63
23.08.2021 15:00:00.000,447.246,447.856,447.226,447.736,64328872.68
23.08.2021 16:00:00.000,447.746,448.157,447.657,448.146,43997394.56
23.08.2021 17:00:00.000,448.147,448.217,447.416,447.707,58620395.66
23.08.2021 18:00:00.000,447.707,448.097,447.617,448.027,42758285.52
23.08.2021 19:00:00.000,448.016,448.056,447.137,447.267,48851985.93
24.08.2021 13:00:00.000,447.936,448.167,447.416,447.997,105170784
24.08.2021 14:00:00.000,448.006,448.457,447.806,448.177,107636405.94
24.08.2021 15:00:00.000,448.176,448.367,447.736,448.026,73007209.78
24.08.2021 16:00:00.000,448.017,448.027,447.576,447.917,45178413.39
24.08.2021 17:00:00.000,447.927,448.307,447.906,448.226,43165466.31
24.08.2021 18:00:00.000,448.236,448.487,448.206,448.466,36169349.67
24.08.2021 19:00:00.000,448.476,448.526,447.686,447.946,56926837.92
25.08.2021 13:00:00.000,448.137,448.316,447.756,448.296,80608978.27
25.08.2021 14:00:00.000,448.297,448.536,448.056,448.406,115765777.59
25.08.2021 15:00:00.000,448.416,449.206,448.366,449.066,64318801.88
25.08.2021 16:00:00.000,449.066,449.367,449.026,449.256,43583393.1
25.08.2021 17:00:00.000,449.267,449.267,449.026,449.057,36499423.98
25.08.2021 18:00:00.000,449.056,449.287,448.866,449.097,46991569.52
25.08.2021 19:00:00.000,449.087,449.447,448.767,448.897,63285720.83
26.08.2021 13:00:00.000,448.586,448.847,448.177,448.177,89893127.44
26.08.2021 14:00:00.000,448.157,448.596,446.486,446.906,209485336.3
26.08.2021 15:00:00.000,446.896,447.887,446.177,447.477,185945968.63
26.08.2021 16:00:00.000,447.486,448.077,447.486,447.717,95943801.88
26.08.2021 17:00:00.000,447.707,447.897,447.147,447.477,73525390.63
26.08.2021 18:00:00.000,447.486,447.487,446.647,446.726,103061744.69
26.08.2021 19:00:00.000,446.716,446.957,446.157,446.287,152628112.79
27.08.2021 13:00:00.000,447.096,448.007,446.987,447.767,115930549.62
27.08.2021 14:00:00.000,447.786,449.847,447.106,449.626,215698120.12
27.08.2021 15:00:00.000,449.637,449.967,449.226,449.867,123544754.03
27.08.2021 16:00:00.000,449.876,450.177,449.666,450.166,57157676.7
27.08.2021 17:00:00.000,450.167,450.447,450.127,450.336,35509380.34
27.08.2021 18:00:00.000,450.346,450.346,449.986,450.167,42033298.49
27.08.2021 19:00:00.000,450.167,450.637,450.016,450.197,59160194.4
30.08.2021 13:00:00.000,450.967,451.467,450.716,451.437,84019294.74
30.08.2021 14:00:00.000,451.447,452.806,451.236,452.787,114182342.53
30.08.2021 15:00:00.000,452.776,453.067,452.586,452.897,80687606.81
30.08.2021 16:00:00.000,452.887,452.946,452.356,452.706,55068531.04
30.08.2021 17:00:00.000,452.706,452.937,452.596,452.936,33969783.78
30.08.2021 18:00:00.000,452.927,453.057,452.616,452.887,26346233.37
30.08.2021 19:00:00.000,452.876,452.977,452.077,452.196,46135646.82
31.08.2021 13:00:00.000,452.107,452.207,450.926,451.106,111946029.66
31.08.2021 14:00:00.000,451.096,452.107,451.026,452.067,191414031.98
31.08.2021 15:00:00.000,452.077,452.487,451.666,452.327,112455352.78
31.08.2021 16:00:00.000,452.327,452.467,452.117,452.276,65782264.71
31.08.2021 17:00:00.000,452.277,452.277,451.396,451.847,65684593.2
31.08.2021 18:00:00.000,451.846,451.897,451.326,451.827,73242156.98
31.08.2021 19:00:00.000,451.827,451.957,451.166,451.587,108827339.17
01.09.2021 13:00:00.000,452.547,452.667,451.807,451.987,101102302.55
01.09.2021 14:00:00.000,451.987,452.617,451.966,452.586,138646362.3
01.09.2021 15:00:00.000,452.577,452.657,452.106,452.367,78739738.46
01.09.2021 16:00:00.000,452.357,452.986,452.336,452.966,46289848.33
01.09.2021 17:00:00.000,452.956,453.107,452.846,453.027,32747634.89
01.09.2021 18:00:00.000,453.026,453.046,452.226,452.326,44815528.87
01.09.2021 19:00:00.000,452.337,452.457,451.537,451.846,97803794.86
02.09.2021 13:00:00.000,453.316,454.037,453.237,453.386,78222427.37
02.09.2021 14:00:00.000,453.396,453.707,453.046,453.456,128647827.15
02.09.2021 15:00:00.000,453.467,453.756,453.256,453.466,69379402.16
02.09.2021 16:00:00.000,453.456,453.516,453.066,453.377,68124549.87
02.09.2021 17:00:00.000,453.366,453.437,452.237,452.356,82712173.46
02.09.2021 18:00:00.000,452.347,452.787,451.896,452.707,121785186.77
02.09.2021 19:00:00.000,452.707,453.206,452.096,453.187,116910667.42
03.09.2021 13:00:00.000,451.936,452.796,451.546,452.407,129669540.41
03.09.2021 14:00:00.000,452.426,452.987,452.116,452.546,182461441.04
03.09.2021 15:00:00.000,452.537,453.037,452.376,452.576,114491111.76
03.09.2021 16:00:00.000,452.587,452.877,452.477,452.707,68070426.94
03.09.2021 17:00:00.000,452.706,453.457,452.697,453.396,47984859.47
03.09.2021 18:00:00.000,453.396,453.457,453.196,453.367,56850086.21
03.09.2021 19:00:00.000,453.367,453.626,452.847,453.056,48851867.68
07.09.2021 13:00:00.000,452.676,452.797,451.297,451.736,106732879.64
07.09.2021 14:00:00.000,451.737,451.797,450.736,451.677,165816619.87
07.09.2021 15:00:00.000,451.677,451.707,450.796,451.277,121531059.27
07.09.2021 16:00:00.000,451.267,452.227,451.216,452.176,101632339.48
07.09.2021 17:00:00.000,452.176,452.417,452.027,452.336,47632167.82
07.09.2021 18:00:00.000,452.336,452.347,451.727,452.096,67146675.11
07.09.2021 19:00:00.000,452.097,452.267,451.416,451.507,82654861.45
08.09.2021 13:00:00.000,450.856,451.427,450.346,451.227,110239692.69
08.09.2021 14:00:00.000,451.236,451.657,448.856,449.436,233588821.41
08.09.2021 15:00:00.000,449.416,450.367,449.146,449.366,206229690.55
08.09.2021 16:00:00.000,449.367,450.846,449.146,450.247,152838287.35
08.09.2021 17:00:00.000,450.257,450.746,450.056,450.317,122225196.84
08.09.2021 18:00:00.000,450.317,451.037,450.297,450.746,116295272.83
08.09.2021 19:00:00.000,450.757,451.117,450.377,450.937,87750434.88
09.09.2021 13:00:00.000,450.666,452.006,450.466,451.786,96845375.06
09.09.2021 14:00:00.000,451.787,452.547,451.596,451.856,145269638.06
09.09.2021 15:00:00.000,451.857,451.967,450.736,451.206,137448150.63
09.09.2021 16:00:00.000,451.216,451.237,450.446,450.566,105229095.46
09.09.2021 17:00:00.000,450.576,451.047,448.966,449.306,176475006.1
09.09.2021 18:00:00.000,449.306,449.907,448.706,449.807,164439941.41
09.09.2021 19:00:00.000,449.796,450.137,448.746,448.877,147579727.17
10.09.2021 13:00:00.000,451.027,451.477,449.486,449.686,111747398.38
10.09.2021 14:00:00.000,449.697,449.707,447.417,448.187,246404769.9
10.09.2021 15:00:00.000,448.196,448.357,447.326,447.906,233511260.99
10.09.2021 16:00:00.000,447.907,449.307,447.707,449.106,106413330.08
10.09.2021 17:00:00.000,449.107,449.367,448.416,448.627,92622886.66
10.09.2021 18:00:00.000,448.627,448.767,447.826,447.886,93778427.12
10.09.2021 19:00:00.000,447.897,447.907,445.306,445.507,169684478.76
13.09.2021 13:00:00.000,448.637,448.907,446.756,447.177,146697250.37
13.09.2021 14:00:00.000,447.187,447.437,445.456,446.696,231478271.48
13.09.2021 15:00:00.000,446.687,446.857,444.856,445.377,247580245.97
13.09.2021 16:00:00.000,445.376,446.187,445.096,446.056,189707275.39
13.09.2021 17:00:00.000,446.057,446.357,444.706,444.917,165335723.88
13.09.2021 18:00:00.000,444.936,445.297,444.137,444.867,178310897.83
13.09.2021 19:00:00.000,444.857,446.557,444.106,446.546,198945343.02
14.09.2021 13:00:00.000,448.117,448.317,446.006,446.076,141536544.8
14.09.2021 14:00:00.000,446.087,446.116,444.596,444.946,246491287.23
14.09.2021 15:00:00.000,444.957,446.027,444.946,446.016,139922348.02
14.09.2021 16:00:00.000,446.006,446.277,444.696,444.877,109596855.16
14.09.2021 17:00:00.000,444.867,445.207,444.056,445.017,128780746.46
14.09.2021 18:00:00.000,445.006,445.107,443.216,444.096,143179153.44
14.09.2021 19:00:00.000,444.106,444.277,443.246,444.187,182644165.04
15.09.2021 13:00:00.000,444.596,445.377,443.437,445.036,135772262.57
15.09.2021 14:00:00.000,445.056,445.516,443.896,445.017,244938674.93
15.09.2021 15:00:00.000,445.006,445.557,444.736,445.367,158402755.74
15.09.2021 16:00:00.000,445.356,447.087,445.017,446.916,107209762.57
15.09.2021 17:00:00.000,446.927,447.917,446.916,447.386,90179702.76
15.09.2021 18:00:00.000,447.376,447.687,447.146,447.267,106858078
15.09.2021 19:00:00.000,447.277,448.396,447.176,447.877,113028419.49
16.09.2021 13:00:00.000,447.296,448.266,445.806,446.156,148248428.34
16.09.2021 14:00:00.000,446.177,446.177,444.026,444.566,223193328.86
16.09.2021 15:00:00.000,444.547,445.316,444.356,445.296,172537582.4
16.09.2021 16:00:00.000,445.287,446.347,444.996,445.967,90533561.71
16.09.2021 17:00:00.000,445.977,446.747,445.426,446.737,90236572.27
16.09.2021 18:00:00.000,446.747,447.537,446.476,447.446,84295379.64
16.09.2021 19:00:00.000,447.446,448.337,446.986,447.127,111554428.1
17.09.2021 13:00:00.000,444.917,445.357,443.076,443.497,125896636.96
17.09.2021 14:00:00.000,443.477,443.717,441.936,442.417,221762863.16
17.09.2021 15:00:00.000,442.417,443.086,441.627,442.266,195131576.54
17.09.2021 16:00:00.000,442.247,443.227,442.126,442.687,144862350.46
17.09.2021 17:00:00.000,442.697,442.727,441.007,441.526,126294540.41
17.09.2021 18:00:00.000,441.517,442.057,441.016,441.627,134698638.92
17.09.2021 19:00:00.000,441.627,442.206,441.106,441.377,188388900.76
20.09.2021 13:00:00.000,434.877,436.547,433.906,435.726,168950103.76
20.09.2021 14:00:00.000,435.716,435.827,433.866,434.167,332760955.81
20.09.2021 15:00:00.000,434.156,435.207,432.846,432.877,252563278.2
20.09.2021 16:00:00.000,432.877,433.007,431.586,431.606,230355316.16
20.09.2021 17:00:00.000,431.606,432.387,430.686,431.977,202405395.51
20.09.2021 18:00:00.000,431.987,432.347,429.167,429.707,254446365.36
20.09.2021 19:00:00.000,429.687,434.407,428.847,434.107,293691772.46
21.09.2021 13:00:00.000,436.517,437.877,435.496,436.376,171755386.35
21.09.2021 14:00:00.000,436.386,436.727,433.046,433.737,321901916.5
21.09.2021 15:00:00.000,433.767,436.216,433.146,435.856,250152847.29
21.09.2021 16:00:00.000,435.867,436.957,434.917,435.387,192172470.09
21.09.2021 17:00:00.000,435.367,435.597,433.776,434.197,235490722.66
21.09.2021 18:00:00.000,434.207,435.767,433.536,434.976,222676803.59
21.09.2021 19:00:00.000,434.976,436.036,433.546,433.646,246074844.36
22.09.2021 13:00:00.000,436.046,436.797,435.056,436.797,124355094.91
22.09.2021 14:00:00.000,436.816,438.037,436.597,437.946,191103469.85
22.09.2021 15:00:00.000,437.947,439.547,437.926,438.926,142826049.8
22.09.2021 16:00:00.000,438.936,439.017,438.276,438.447,106239677.43
22.09.2021 17:00:00.000,438.456,438.477,437.527,438.006,111631271.36
22.09.2021 18:00:00.000,437.997,440.017,436.597,437.606,317689453.13
22.09.2021 19:00:00.000,437.627,439.706,437.096,437.807,267710540.77
23.09.2021 13:00:00.000,439.816,442.806,439.596,442.186,136752212.52
23.09.2021 14:00:00.000,442.197,443.906,442.197,443.696,197595199.59
23.09.2021 15:00:00.000,443.696,443.767,442.807,443.727,180094635.01
23.09.2021 16:00:00.000,443.726,444.117,443.277,443.726,115656501.77
23.09.2021 17:00:00.000,443.776,444.867,443.726,444.846,83096275.33
23.09.2021 18:00:00.000,444.856,444.867,443.916,444.186,88100563.05
23.09.2021 19:00:00.000,444.186,444.267,443.056,443.116,128856613.16
24.09.2021 13:00:00.000,441.416,443.626,441.206,443.606,144210968.02
24.09.2021 14:00:00.000,443.617,443.897,442.196,442.647,226975402.83
24.09.2021 15:00:00.000,442.667,443.377,442.127,443.197,153551681.52
24.09.2021 16:00:00.000,443.197,443.666,442.946,443.447,94852432.25
24.09.2021 17:00:00.000,443.447,443.556,442.786,442.797,83162124.63
24.09.2021 18:00:00.000,442.796,443.957,442.786,443.947,76243133.54
24.09.2021 19:00:00.000,443.937,444.657,443.356,443.906,88595825.2
27.09.2021 13:00:00.000,442.777,443.287,441.907,442.876,166913055.42
27.09.2021 14:00:00.000,442.887,444.037,442.437,443.177,208299148.56
27.09.2021 15:00:00.000,443.166,443.817,442.296,442.727,183801406.86
27.09.2021 16:00:00.000,442.737,443.297,442.066,442.317,125523307.8
27.09.2021 17:00:00.000,442.316,443.417,442.126,443.387,110618812.56
27.09.2021 18:00:00.000,443.396,443.707,443.126,443.206,103491416.93
27.09.2021 19:00:00.000,443.196,443.667,442.316,442.657,127315841.67
28.09.2021 13:00:00.000,439.676,440.027,437.186,438.016,158201965.33
28.09.2021 14:00:00.000,438.007,438.007,434.866,435.636,321290618.9
28.09.2021 15:00:00.000,435.627,436.057,433.756,434.557,289710083.01
28.09.2021 16:00:00.000,434.557,435.116,433.067,433.316,238231323.24
28.09.2021 17:00:00.000,433.306,435.006,432.937,433.676,242048843.38
28.09.2021 18:00:00.000,433.686,436.177,433.006,435.847,256184234.62
28.09.2021 19:00:00.000,435.826,436.657,433.166,433.716,272055755.62
29.09.2021 13:00:00.000,435.176,436.477,434.026,436.217,153858032.23
29.09.2021 14:00:00.000,436.216,437.026,435.486,436.726,293636993.41
29.09.2021 15:00:00.000,436.736,436.807,434.996,435.687,198585922.24
29.09.2021 16:00:00.000,435.686,435.937,434.256,434.997,208309875.49
29.09.2021 17:00:00.000,434.996,435.367,433.846,434.926,200874145.51
29.09.2021 18:00:00.000,434.917,436.966,434.836,436.636,177599273.68
29.09.2021 19:00:00.000,436.646,436.886,433.956,434.437,191489135.74
30.09.2021 13:00:00.000,435.997,436.757,435.247,435.827,156794387.82
30.09.2021 14:00:00.000,435.827,436.096,433.366,433.727,294946136.47
30.09.2021 15:00:00.000,433.717,435.117,431.516,432.246,264344757.08
30.09.2021 16:00:00.000,432.266,432.457,429.986,430.846,286951141.36
30.09.2021 17:00:00.000,430.866,432.197,430.406,431.866,228737503.05
30.09.2021 18:00:00.000,431.867,433.857,431.787,432.376,232345382.69
30.09.2021 19:00:00.000,432.397,433.567,428.946,429.176,238164291.38
01.10.2021 13:00:00.000,430.976,431.607,428.796,429.386,179586471.56
01.10.2021 14:00:00.000,429.386,430.307,427.216,429.177,334063110.35
01.10.2021 15:00:00.000,429.106,432.087,428.267,431.436,290861114.5
01.10.2021 16:00:00.000,431.427,431.937,430.736,431.417,231620330.81
01.10.2021 17:00:00.000,431.427,433.877,430.976,433.287,190325881.96
01.10.2021 18:00:00.000,433.297,434.926,433.296,434.737,145886642.46
01.10.2021 19:00:00.000,434.746,436.027,433.567,434.217,175895477.29
04.10.2021 13:00:00.000,432.976,433.937,432.156,432.707,163041305.54
04.10.2021 14:00:00.000,432.697,433.157,427.066,428.016,319993835.45
04.10.2021 15:00:00.000,428.016,428.807,426.347,428.387,269839538.57
04.10.2021 16:00:00.000,428.366,428.577,426.656,427.226,210379776
04.10.2021 17:00:00.000,427.196,428.237,426.496,427.326,247096832.28
04.10.2021 18:00:00.000,427.326,428.567,427.226,428.207,261112457.28
04.10.2021 19:00:00.000,428.217,429.207,427.306,428.677,244908828.74
05.10.2021 13:00:00.000,430.237,431.727,429.376,431.226,176573486.33
05.10.2021 14:00:00.000,431.247,434.487,431.166,434.466,272931762.7
05.10.2021 15:00:00.000,434.447,435.157,433.767,434.526,209597778.32
05.10.2021 16:00:00.000,434.546,435.157,433.846,434.507,185496978.76
05.10.2021 17:00:00.000,434.496,435.247,434.066,434.997,150229995.73
05.10.2021 18:00:00.000,434.987,435.477,434.646,434.956,145149002.08
05.10.2021 19:00:00.000,434.966,435.327,432.846,433.046,185915573.12
06.10.2021 13:00:00.000,429.247,431.297,428.636,428.866,185372344.97
06.10.2021 14:00:00.000,428.857,431.506,427.536,430.947,323577697.75
06.10.2021 15:00:00.000,430.946,431.417,429.066,431.066,232859741.21
06.10.2021 16:00:00.000,431.036,431.177,429.097,429.997,188576751.71
06.10.2021 17:00:00.000,430.026,432.796,429.177,432.546,162793014.53
06.10.2021 18:00:00.000,432.557,434.517,432.017,433.256,184791580.2
06.10.2021 19:00:00.000,433.257,435.106,433.036,434.907,166127166.75
07.10.2021 13:00:00.000,438.377,440.667,438.226,440.656,165541473.39
07.10.2021 14:00:00.000,440.687,441.657,440.506,441.327,210278762.82
07.10.2021 15:00:00.000,441.336,441.397,440.456,441.376,138636718.75
07.10.2021 16:00:00.000,441.377,441.537,440.696,441.146,109112556.46
07.10.2021 17:00:00.000,441.157,441.217,440.476,440.556,92512481.69
07.10.2021 18:00:00.000,440.546,440.617,439.006,439.136,150076599.12
07.10.2021 19:00:00.000,439.136,439.987,438.186,438.626,183582855.22
08.10.2021 13:00:00.000,439.456,439.867,437.956,438.347,185437347.41
08.10.2021 14:00:00.000,438.356,439.657,438.036,438.737,231112777.71
08.10.2021 15:00:00.000,438.746,439.397,438.196,438.326,160680389.4
08.10.2021 16:00:00.000,438.336,438.657,437.766,438.196,134545013.43
08.10.2021 17:00:00.000,438.187,438.407,437.177,438.046,149626281.74
08.10.2021 18:00:00.000,438.037,439.296,437.966,438.726,132770294.19
08.10.2021 19:00:00.000,438.727,439.136,437.466,437.816,155253402.71
11.10.2021 13:00:00.000,437.146,439.396,436.886,439.387,154385482.79
11.10.2021 14:00:00.000,439.427,440.247,439.347,439.637,153310363.77
11.10.2021 15:00:00.000,439.626,440.117,439.126,439.587,117527633.67
11.10.2021 16:00:00.000,439.566,439.677,437.706,438.057,123721542.36
11.10.2021 17:00:00.000,438.056,438.057,435.926,436.466,159350936.89
11.10.2021 18:00:00.000,436.466,437.307,436.196,436.816,132763839.72
11.10.2021 19:00:00.000,436.806,437.036,434.617,434.646,173614791.87
12.10.2021 13:00:00.000,435.646,436.077,433.506,434.117,167047653.2
12.10.2021 14:00:00.000,434.106,435.247,433.566,434.076,257301055.91
12.10.2021 15:00:00.000,434.076,435.477,434.076,435.316,183669754.03
12.10.2021 16:00:00.000,435.326,436.057,433.977,434.166,137878860.47
12.10.2021 17:00:00.000,434.156,434.877,433.736,434.197,125977302.55
12.10.2021 18:00:00.000,434.176,435.547,434.066,434.267,112380889.89
12.10.2021 19:00:00.000,434.276,434.357,432.776,433.617,151595886.23
13.10.2021 13:00:00.000,434.676,435.247,432.697,433.097,155398651.12
13.10.2021 14:00:00.000,433.066,433.426,431.527,432.737,203965957.64
13.10.2021 15:00:00.000,432.737,434.187,432.306,433.607,152045974.73
13.10.2021 16:00:00.000,433.617,434.127,433.306,433.646,104306678.77
13.10.2021 17:00:00.000,433.656,435.217,433.517,434.746,101038513.18
13.10.2021 18:00:00.000,434.756,436.027,433.937,434.477,158558853.15
13.10.2021 19:00:00.000,434.466,435.356,434.106,435.136,128793624.88
14.10.2021 13:00:00.000,439.077,439.847,438.576,439.556,151493423.46
14.10.2021 14:00:00.000,439.566,441.227,439.566,441.197,178873977.66
14.10.2021 15:00:00.000,441.176,441.756,440.787,441.747,121949523.93
14.10.2021 16:00:00.000,441.737,442.126,441.676,442.096,85252937.32
14.10.2021 17:00:00.000,442.096,442.417,441.577,442.267,70260253.91
14.10.2021 18:00:00.000,442.267,442.577,442.007,442.487,61591308.59
14.10.2021 19:00:00.000,442.496,442.646,441.636,442.447,108221588.13
15.10.2021 13:00:00.000,444.756,445.246,444.066,445.237,122926467.9
15.10.2021 14:00:00.000,445.246,445.697,444.326,445.426,172670455.93
15.10.2021 15:00:00.000,445.417,445.527,444.586,444.796,126227119.45
15.10.2021 16:00:00.000,444.787,445.386,444.766,445.297,94581161.5
15.10.2021 17:00:00.000,445.307,445.697,444.967,445.576,74351203.92
15.10.2021 18:00:00.000,445.586,446.247,445.586,446.037,69776260.38
15.10.2021 19:00:00.000,446.026,446.106,445.346,445.806,119538597.11
18.10.2021 13:00:00.000,443.946,445.477,443.256,445.286,127524269.1
18.10.2021 14:00:00.000,445.317,446.036,445.096,445.817,172967361.45
18.10.2021 15:00:00.000,445.837,446.977,445.776,446.777,117417762.76
18.10.2021 16:00:00.000,446.777,447.007,446.416,446.567,71910392.76
18.10.2021 17:00:00.000,446.557,446.917,446.506,446.676,66013633.73
18.10.2021 18:00:00.000,446.676,447.077,446.446,446.926,73988967.9
18.10.2021 19:00:00.000,446.927,447.537,446.776,447.217,95010246.28
19.10.2021 13:00:00.000,448.887,449.257,448.266,448.606,141515060.42
19.10.2021 14:00:00.000,448.617,449.936,448.566,449.847,176926116.94
19.10.2021 15:00:00.000,449.836,450.307,449.826,450.196,99475402.83
19.10.2021 16:00:00.000,450.207,450.557,449.996,450.506,63603450.78
19.10.2021 17:00:00.000,450.517,450.547,450.176,450.407,48632972.72
19.10.2021 18:00:00.000,450.397,450.457,449.586,449.987,67344551.09
19.10.2021 19:00:00.000,449.987,450.687,449.886,450.677,95768974.3
20.10.2021 13:00:00.000,451.107,451.997,450.976,451.587,108493972.78
20.10.2021 14:00:00.000,451.577,452.727,451.316,452.056,154453292.85
20.10.2021 15:00:00.000,452.077,452.527,451.797,452.496,119582733.15
20.10.2021 16:00:00.000,452.486,452.547,452.196,452.487,73779090.88
20.10.2021 17:00:00.000,452.476,452.516,451.006,451.796,126667961.12
20.10.2021 18:00:00.000,451.776,452.346,451.696,452.216,76728378.3
20.10.2021 19:00:00.000,452.226,452.497,451.626,452.377,105075325.01
21.10.2021 13:00:00.000,451.746,452.187,451.306,451.986,117965065
21.10.2021 14:00:00.000,451.947,452.857,451.756,452.326,143233337.4
21.10.2021 15:00:00.000,452.317,452.567,451.356,451.946,130539993.29
21.10.2021 16:00:00.000,451.947,452.266,451.757,452.126,82228195.19
21.10.2021 17:00:00.000,452.116,452.407,451.756,451.916,69622406.01
21.10.2021 18:00:00.000,451.926,452.476,451.896,452.476,60976081.85
21.10.2021 19:00:00.000,452.496,453.817,452.486,453.577,94656288.15
22.10.2021 13:00:00.000,453.117,454.197,452.906,453.846,120220191.96
22.10.2021 14:00:00.000,453.826,454.656,453.336,453.487,156672821.04
22.10.2021 15:00:00.000,453.497,453.917,451.046,451.807,212599792.48
22.10.2021 16:00:00.000,451.797,453.346,451.346,452.667,156050460.82
22.10.2021 17:00:00.000,452.686,453.257,452.487,452.526,127162261.96
22.10.2021 18:00:00.000,452.516,454.057,452.516,453.137,111269142.15
22.10.2021 19:00:00.000,453.147,453.657,452.697,453.147,142057418.82
25.10.2021 13:00:00.000,454.247,454.287,452.377,453.657,145928390.5
25.10.2021 14:00:00.000,453.657,454.267,453.286,454.177,219507614.14
25.10.2021 15:00:00.000,454.167,454.907,454.006,454.877,142418991.09
25.10.2021 16:00:00.000,454.886,455.556,454.736,455.366,100917121.89
25.10.2021 17:00:00.000,455.377,455.896,455.246,455.387,75166107.18
25.10.2021 18:00:00.000,455.396,455.876,455.196,455.497,102247947.69
25.10.2021 19:00:00.000,455.516,455.577,454.866,455.486,104029876.71
26.10.2021 13:00:00.000,457.177,457.787,456.777,457.387,119802093.51
26.10.2021 14:00:00.000,457.396,458.477,457.177,458.107,175485336.3
26.10.2021 15:00:00.000,458.106,458.347,457.106,457.137,191017257.69
26.10.2021 16:00:00.000,457.147,457.247,455.566,456.217,212445770.26
26.10.2021 17:00:00.000,456.207,456.957,455.806,456.597,182878875.73
26.10.2021 18:00:00.000,456.596,457.157,456.526,457.057,146777862.55
26.10.2021 19:00:00.000,457.057,457.417,455.897,455.946,148062774.66
27.10.2021 13:00:00.000,456.427,457.047,455.316,456.997,139305084.23
27.10.2021 14:00:00.000,457.027,457.147,455.526,455.726,284419036.87
27.10.2021 15:00:00.000,455.726,456.427,455.606,455.907,200885787.96
27.10.2021 16:00:00.000,455.917,456.477,455.776,456.187,129737960.82
27.10.2021 17:00:00.000,456.187,456.957,456.087,456.956,107078506.47
27.10.2021 18:00:00.000,456.946,457.107,456.176,456.186,101490074.16
27.10.2021 19:00:00.000,456.187,456.286,453.866,453.897,190124420.17
28.10.2021 13:00:00.000,455.456,456.947,455.456,456.746,140009490.97
28.10.2021 14:00:00.000,456.757,457.957,456.036,457.447,221652847.29
28.10.2021 15:00:00.000,457.437,457.947,456.847,457.067,147172515.87
28.10.2021 16:00:00.000,457.087,457.697,456.486,456.697,124172889.71
28.10.2021 17:00:00.000,456.706,457.487,456.666,457.326,97168136.6
28.10.2021 18:00:00.000,457.337,457.897,457.306,457.486,86860816.96
28.10.2021 19:00:00.000,457.486,458.377,457.086,458.246,132631683.35
29.10.2021 13:00:00.000,455.887,457.617,455.556,457.117,136621017.46
29.10.2021 14:00:00.000,457.136,457.586,456.476,457.307,212171035.77
29.10.2021 15:00:00.000,457.306,458.467,457.287,458.057,147503067.02
29.10.2021 16:00:00.000,458.046,459.147,457.936,458.717,110532897.95
29.10.2021 17:00:00.000,458.717,459.097,458.416,458.696,90348274.23
29.10.2021 18:00:00.000,458.676,458.767,457.726,458.186,114536155.7
29.10.2021 19:00:00.000,458.196,459.546,457.576,459.207,154444274.9
01.11.2021 13:00:00.000,460.276,460.696,459.136,459.257,122013313.29
01.11.2021 14:00:00.000,459.256,459.387,458.196,458.566,236635559.08
01.11.2021 15:00:00.000,458.566,459.507,458.506,459.477,126282562.26
01.11.2021 16:00:00.000,459.487,459.987,459.366,459.956,76506706.24
01.11.2021 17:00:00.000,459.967,460.006,458.666,458.817,105735641.48
01.11.2021 18:00:00.000,458.797,459.307,458.196,459.197,120740242
01.11.2021 19:00:00.000,459.186,460.206,458.946,460.066,105362579.35
02.11.2021 13:00:00.000,460.176,461.276,460.076,461.146,104787193.3
02.11.2021 14:00:00.000,461.157,461.717,460.726,461.587,165310516.36
02.11.2021 15:00:00.000,461.606,462.207,461.246,461.397,126062141.42
02.11.2021 16:00:00.000,461.406,462.086,461.056,461.937,101906990.05
02.11.2021 17:00:00.000,461.936,462.057,461.296,461.636,84813392.64
02.11.2021 18:00:00.000,461.637,461.917,461.216,461.906,91898101.81
02.11.2021 19:00:00.000,461.896,462.036,461.366,461.866,98773086.55
03.11.2021 13:00:00.000,461.266,461.567,460.827,461.376,110067283.63
03.11.2021 14:00:00.000,461.376,461.557,460.816,461.446,162328643.8
03.11.2021 15:00:00.000,461.426,461.496,461.026,461.416,107911811.83
03.11.2021 16:00:00.000,461.406,461.527,461.186,461.297,69533027.65
03.11.2021 17:00:00.000,461.287,461.397,460.946,461.117,56839527.13
03.11.2021 18:00:00.000,461.127,464.207,460.867,463.916,209312789.92
03.11.2021 19:00:00.000,463.917,465.127,463.716,464.716,168403076.17
04.11.2021 13:00:00.000,465.327,466.537,464.986,466.337,95866050.72
04.11.2021 14:00:00.000,466.356,466.987,466.206,466.486,153177658.08
04.11.2021 15:00:00.000,466.487,466.487,465.166,466.217,164353851.32
04.11.2021 16:00:00.000,466.236,466.477,465.686,465.917,126215721.13
04.11.2021 17:00:00.000,465.927,466.397,465.496,466.306,110278953.55
04.11.2021 18:00:00.000,466.296,466.347,465.586,465.766,123159400.94
04.11.2021 19:00:00.000,465.757,466.897,465.536,466.877,152628662.11
05.11.2021 13:00:00.000,469.276,470.377,468.996,470.237,134002838.13
05.11.2021 14:00:00.000,470.247,470.647,469.796,470.117,169644744.87
05.11.2021 15:00:00.000,470.127,470.307,469.306,469.306,124171905.52
05.11.2021 16:00:00.000,469.316,469.657,468.756,468.917,118638305.66
05.11.2021 17:00:00.000,468.917,469.097,466.906,468.176,181637542.72
05.11.2021 18:00:00.000,468.167,468.787,467.966,468.667,142290054.32
05.11.2021 19:00:00.000,468.677,469.147,467.967,468.506,161492172.24
08.11.2021 14:00:00.000,469.667,470.207,469.026,469.436,138117004.39
08.11.2021 15:00:00.000,469.436,469.767,468.656,469.046,200576095.58
08.11.2021 16:00:00.000,469.057,469.337,468.506,468.636,157849594.12
08.11.2021 17:00:00.000,468.636,468.786,468.197,468.597,124547279.36
08.11.2021 18:00:00.000,468.596,469.117,468.436,469.037,107012817.38
08.11.2021 19:00:00.000,469.036,469.467,468.886,469.467,90007217.41
08.11.2021 20:00:00.000,469.457,469.466,468.526,468.957,114293792.72
09.11.2021 14:00:00.000,469.336,469.556,466.456,466.927,139998321.53
09.11.2021 15:00:00.000,466.946,467.966,466.136,467.247,268841186.52
09.11.2021 16:00:00.000,467.246,467.626,466.297,466.566,206835342.41
09.11.2021 17:00:00.000,466.557,467.177,465.867,466.657,218395416.26
09.11.2021 18:00:00.000,466.647,467.117,465.936,466.167,184538375.85
09.11.2021 19:00:00.000,466.157,467.147,466.046,467.136,150951950.07
09.11.2021 20:00:00.000,467.126,467.487,466.516,467.366,170743530.27
10.11.2021 14:00:00.000,465.556,467.197,465.297,467.067,158884750.37
10.11.2021 15:00:00.000,467.066,467.367,466.646,466.737,206383682.25
10.11.2021 16:00:00.000,466.736,467.287,466.217,466.806,164220626.83
10.11.2021 17:00:00.000,466.796,466.937,465.526,466.016,132276992.8
10.11.2021 18:00:00.000,466.016,466.106,463.926,464.226,233916946.41
10.11.2021 19:00:00.000,464.216,464.266,462.036,462.756,210288208.01
10.11.2021 20:00:00.000,462.756,464.267,462.426,463.657,217383041.38
11.11.2021 14:00:00.000,465.167,465.267,464.217,465.006,103521911.62
11.11.2021 15:00:00.000,465.016,465.047,463.926,464.527,177101043.7
11.11.2021 16:00:00.000,464.537,465.087,464.236,464.677,106822906.49
11.11.2021 17:00:00.000,464.666,464.826,463.836,464.426,118131317.14
11.11.2021 18:00:00.000,464.417,464.507,463.896,464.387,99387092.59
11.11.2021 19:00:00.000,464.386,464.837,464.176,464.256,87120765.69
11.11.2021 20:00:00.000,464.247,464.437,463.737,463.826,117293861.39
12.11.2021 14:00:00.000,465.106,465.176,464.096,464.297,127864982.61
12.11.2021 15:00:00.000,464.267,465.366,464.137,465.346,188046691.89
12.11.2021 16:00:00.000,465.377,467.266,465.346,467.116,162856155.4
12.11.2021 17:00:00.000,467.116,467.357,466.666,466.797,109485954.28
12.11.2021 18:00:00.000,466.806,466.987,466.376,466.946,80070823.67
12.11.2021 19:00:00.000,466.957,466.986,466.246,466.656,78993049.62
12.11.2021 20:00:00.000,466.657,467.857,466.596,467.257,78938430.79
15.11.2021 14:00:00.000,468.626,468.757,467.626,468.546,108044052.12
15.11.2021 15:00:00.000,468.556,468.567,467.476,467.757,188719161.99
15.11.2021 16:00:00.000,467.747,468.057,466.237,466.876,162594055.18
15.11.2021 17:00:00.000,466.877,467.247,466.226,467.196,155772476.2
15.11.2021 18:00:00.000,467.197,467.537,466.936,467.057,110255317.69
15.11.2021 19:00:00.000,467.066,467.447,466.566,467.266,110684242.25
15.11.2021 20:00:00.000,467.266,467.476,466.566,467.347,124434631.35
16.11.2021 14:00:00.000,467.097,468.996,467.066,468.497,105073905.94
16.11.2021 15:00:00.000,468.496,469.027,468.046,468.387,184714843.75
16.11.2021 16:00:00.000,468.377,469.927,468.376,469.686,129472839.36
16.11.2021 17:00:00.000,469.676,470.186,469.516,469.957,66848403.93
16.11.2021 18:00:00.000,469.967,470.396,469.866,470.347,57905220.03
16.11.2021 19:00:00.000,470.337,470.467,469.796,469.876,57432201.39
16.11.2021 20:00:00.000,469.866,469.967,468.987,469.006,88112052.92
17.11.2021 14:00:00.000,468.976,469.027,467.466,467.637,93502235.41
17.11.2021 15:00:00.000,467.627,468.807,467.476,468.476,163308441.16
17.11.2021 16:00:00.000,468.486,469.156,468.147,469.066,134003967.29
17.11.2021 17:00:00.000,469.066,469.177,467.647,468.086,160151351.93
17.11.2021 18:00:00.000,468.086,468.737,467.896,468.696,139174377.44
17.11.2021 19:00:00.000,468.707,468.717,467.946,468.476,114567077.64
17.11.2021 20:00:00.000,468.476,468.757,467.966,468.047,137007446.29
18.11.2021 14:00:00.000,469.197,469.276,468.266,468.487,96692268.37
18.11.2021 15:00:00.000,468.487,468.687,466.326,467.486,237612289.43
18.11.2021 16:00:00.000,467.467,469.236,467.116,468.987,186409820.56
18.11.2021 17:00:00.000,468.987,469.957,468.756,469.007,148810546.88
18.11.2021 18:00:00.000,469.006,469.556,468.866,469.356,116844367.98
18.11.2021 19:00:00.000,469.356,469.547,468.636,469.476,103798591.61
18.11.2021 20:00:00.000,469.477,469.996,469.356,469.547,111894920.35
19.11.2021 14:00:00.000,469.576,470.197,468.706,470.146,125985130.31
19.11.2021 15:00:00.000,470.157,470.206,468.787,469.327,203931686.4
19.11.2021 16:00:00.000,469.327,470.187,469.296,469.956,144454925.54
19.11.2021 17:00:00.000,469.966,470.927,469.956,470.306,99926010.13
19.11.2021 18:00:00.000,470.297,470.436,468.507,469.526,133717514.04
19.11.2021 19:00:00.000,469.526,469.837,469.087,469.387,102257125.85
19.11.2021 20:00:00.000,469.396,469.536,468.646,469.017,129550811.77
22.11.2021 14:00:00.000,470.807,472.826,470.757,472.686,115069206.24
22.11.2021 15:00:00.000,472.686,473.526,472.636,472.776,165276718.14
22.11.2021 16:00:00.000,472.786,472.877,469.246,470.097,202932418.82
22.11.2021 17:00:00.000,470.097,471.167,469.626,470.667,230483413.7
22.11.2021 18:00:00.000,470.677,471.177,470.316,470.716,140570648.19
22.11.2021 19:00:00.000,470.716,471.867,470.576,471.767,127282547
22.11.2021 20:00:00.000,471.777,472.387,467.497,467.606,171832336.43
23.11.2021 14:00:00.000,467.187,469.086,466.256,468.647,136281311.04
23.11.2021 15:00:00.000,468.657,468.696,465.007,465.077,271044799.8
23.11.2021 16:00:00.000,465.076,467.027,464.437,466.206,241936279.3
23.11.2021 17:00:00.000,466.207,466.697,465.187,465.467,209311904.91
23.11.2021 18:00:00.000,465.467,466.917,464.907,466.266,206941253.66
23.11.2021 19:00:00.000,466.266,467.807,465.526,467.526,200938949.59
23.11.2021 20:00:00.000,467.517,468.657,466.947,468.427,221596694.95
24.11.2021 14:00:00.000,466.016,466.697,465.176,466.246,141719787.6
24.11.2021 15:00:00.000,466.247,467.637,465.596,467.396,251825317.38
24.11.2021 16:00:00.000,467.396,468.697,466.927,468.047,182030288.7
24.11.2021 17:00:00.000,468.037,468.686,467.706,468.636,139746582.03
24.11.2021 18:00:00.000,468.636,469.007,468.446,468.457,107395492.55
24.11.2021 19:00:00.000,468.447,469.076,467.316,468.616,144774780.27
24.11.2021 20:00:00.000,468.616,469.557,468.377,469.466,126633003.23
26.11.2021 14:00:00.000,462.306,463.887,460.607,461.616,139366882.32
26.11.2021 15:00:00.000,461.626,461.637,459.006,460.246,277303985.6
26.11.2021 16:00:00.000,460.246,460.246,458.126,458.957,273032073.97
26.11.2021 17:00:00.000,458.967,461.487,457.776,460.047,257965057.37
29.11.2021 14:00:00.000,464.057,464.577,462.457,463.357,143193405.15
29.11.2021 15:00:00.000,463.347,463.806,461.726,462.567,246017608.64
29.11.2021 16:00:00.000,462.576,464.487,462.256,464.476,210234985.35
29.11.2021 17:00:00.000,464.487,466.297,464.457,466.116,127625770.57
29.11.2021 18:00:00.000,466.127,466.547,465.606,466.226,97394058.23
29.11.2021 19:00:00.000,466.236,466.267,465.407,465.696,114313476.56
29.11.2021 20:00:00.000,465.686,466.356,464.876,464.976,161590179.44
30.11.2021 14:00:00.000,461.976,462.986,461.096,462.447,154892608.64
30.11.2021 15:00:00.000,462.427,464.017,458.077,458.207,270514221.19
30.11.2021 16:00:00.000,458.206,459.867,456.206,457.286,280872039.79
30.11.2021 17:00:00.000,457.297,458.047,455.806,457.106,243159378.05
30.11.2021 18:00:00.000,457.097,458.947,456.386,458.907,197991775.51
30.11.2021 19:00:00.000,458.897,459.307,456.837,457.346,207079483.03
30.11.2021 20:00:00.000,457.327,457.657,455.367,456.277,236472976.68
01.12.2021 14:00:00.000,461.577,461.817,460.227,461.446,131005065.92
01.12.2021 15:00:00.000,461.456,463.536,461.206,463.377,273106658.94
01.12.2021 16:00:00.000,463.386,464.657,462.226,462.676,254276519.78
01.12.2021 17:00:00.000,462.667,463.797,460.256,460.386,266604370.12
01.12.2021 18:00:00.000,460.396,461.177,457.376,459.096,241638214.11
01.12.2021 19:00:00.000,459.107,459.357,456.846,457.477,257293090.82
01.12.2021 20:00:00.000,457.477,457.817,450.436,450.446,291193206.79
02.12.2021 14:00:00.000,450.676,455.877,450.306,455.867,176786499.02
02.12.2021 15:00:00.000,455.836,456.326,451.936,454.896,334533996.58
02.12.2021 16:00:00.000,454.846,457.026,454.167,456.687,289867004.39
02.12.2021 17:00:00.000,456.657,458.347,456.276,457.586,241160751.34
02.12.2021 18:00:00.000,457.586,458.337,456.127,458.257,215646255.49
02.12.2021 19:00:00.000,458.266,458.697,457.076,457.746,191005752.56
02.12.2021 20:00:00.000,457.757,459.047,456.226,457.416,233052749.63
03.12.2021 14:00:00.000,459.117,460.287,455.116,455.417,208943496.7
03.12.2021 15:00:00.000,455.386,456.126,451.616,451.957,351228485.11
03.12.2021 16:00:00.000,451.977,453.606,450.406,450.496,326644744.87
03.12.2021 17:00:00.000,450.526,453.227,450.117,451.786,282786499.02
03.12.2021 18:00:00.000,451.747,453.126,450.306,450.517,261916259.77
03.12.2021 19:00:00.000,450.486,451.487,449.426,449.636,268865264.89
03.12.2021 20:00:00.000,449.636,453.647,448.916,453.437,287278747.56
06.12.2021 14:00:00.000,456.097,456.697,453.546,456.237,18783000.95
06.12.2021 15:00:00.000,456.217,458.387,454.847,458.296,30989999.77
06.12.2021 16:00:00.000,458.316,458.456,456.516,457.357,26650999.07
06.12.2021 17:00:00.000,457.357,459.627,457.246,459.627,22811000.82
06.12.2021 18:00:00.000,459.616,460.607,459.286,460.336,19903999.33
06.12.2021 19:00:00.000,460.347,460.777,458.756,458.867,16871000.29
06.12.2021 20:00:00.000,458.856,459.607,458.327,458.716,18659000.4
07.12.2021 14:00:00.000,464.377,467.236,464.326,467.226,165494506.84
07.12.2021 15:00:00.000,467.237,468.757,466.956,468.457,224203247.07
07.12.2021 16:00:00.000,468.467,468.857,468.017,468.107,186695251.46
07.12.2021 17:00:00.000,468.106,468.637,467.927,468.596,117294250.49
07.12.2021 18:00:00.000,468.597,468.757,467.776,468.446,92096000.67
07.12.2021 19:00:00.000,468.456,468.516,467.807,468.167,103205497.74
07.12.2021 20:00:00.000,468.146,468.517,466.237,468.246,183989746.09
08.12.2021 14:00:00.000,468.667,469.276,467.497,468.126,162605743.41
08.12.2021 15:00:00.000,468.116,468.776,466.956,467.076,261778015.14
08.12.2021 16:00:00.000,467.076,468.287,466.826,468.106,203344757.08
08.12.2021 17:00:00.000,468.107,468.497,467.456,468.256,159316497.8
08.12.2021 18:00:00.000,468.247,468.987,468.136,468.636,114400001.53
08.12.2021 19:00:00.000,468.636,469.157,468.206,469.106,128746002.2
08.12.2021 20:00:00.000,469.097,469.987,468.887,469.537,142168746.95
09.12.2021 14:00:00.000,468.116,469.057,467.807,468.246,150274749.76
09.12.2021 15:00:00.000,468.257,468.806,467.047,468.206,241486999.51
09.12.2021 16:00:00.000,468.217,468.847,467.556,467.956,188012252.81
09.12.2021 17:00:00.000,467.956,468.977,467.646,468.937,146856994.63
09.12.2021 18:00:00.000,468.917,469.107,467.887,468.437,167178756.71
09.12.2021 19:00:00.000,468.426,468.697,467.166,467.437,171818252.56
09.12.2021 20:00:00.000,467.446,467.987,466.127,466.306,226043502.81
10.12.2021 14:00:00.000,469.227,470.067,468.136,468.377,172158752.44
10.12.2021 15:00:00.000,468.377,469.537,467.356,467.996,254787002.56
10.12.2021 16:00:00.000,467.987,468.936,466.507,468.696,224494506.84
10.12.2021 17:00:00.000,468.716,468.987,467.936,468.867,178649749.76
10.12.2021 18:00:00.000,468.847,469.397,468.666,469.236,147121002.2
10.12.2021 19:00:00.000,469.227,469.566,468.506,468.637,140524749.76
10.12.2021 20:00:00.000,468.636,470.887,468.376,470.706,151216506.96
13.12.2021 14:00:00.000,470.186,470.556,468.377,468.697,174789505
13.12.2021 15:00:00.000,468.706,469.377,467.256,467.766,314553497.31
13.12.2021 16:00:00.000,467.776,467.987,466.746,467.306,279626007.08
13.12.2021 17:00:00.000,467.276,468.116,466.757,467.506,185915496.83
13.12.2021 18:00:00.000,467.516,467.907,466.996,467.736,165207000.73
13.12.2021 19:00:00.000,467.727,468.296,467.387,468.217,127425750.73
13.12.2021 20:00:00.000,468.216,468.607,466.287,466.647,217362747.19
14.12.2021 14:00:00.000,463.047,465.736,462.907,464.456,197199752.81
14.12.2021 15:00:00.000,464.476,464.746,461.136,461.636,349388488.77
14.12.2021 16:00:00.000,461.657,462.147,460.677,461.016,281995239.26
14.12.2021 17:00:00.000,461.007,461.276,460.246,460.636,206173492.43
14.12.2021 18:00:00.000,460.616,461.467,460.436,460.647,142250000
14.12.2021 19:00:00.000,460.656,462.647,460.507,462.466,173676498.41
14.12.2021 20:00:00.000,462.447,464.427,462.346,463.396,211465744.02
15.12.2021 14:00:00.000,463.406,463.717,461.376,461.676,175050003.05
15.12.2021 15:00:00.000,461.696,462.967,461.137,462.117,266362762.45
15.12.2021 16:00:00.000,462.127,462.387,460.786,461.406,215602005
15.12.2021 17:00:00.000,461.396,462.266,460.936,462.166,169489746.09
15.12.2021 18:00:00.000,462.167,462.736,461.816,462.616,134938751.22
15.12.2021 19:00:00.000,462.567,465.856,460.736,464.827,379335235.6
15.12.2021 20:00:00.000,464.807,470.847,464.706,470.296,323102752.69
16.12.2021 14:00:00.000,472.537,472.866,470.786,470.817,165936492.92
16.12.2021 15:00:00.000,470.846,472.277,469.796,471.577,327234985.35
16.12.2021 16:00:00.000,471.557,471.657,469.347,469.426,293999237.06
16.12.2021 17:00:00.000,469.416,469.856,467.597,467.646,257715759.28
16.12.2021 18:00:00.000,467.636,469.207,467.627,468.227,230473754.88
16.12.2021 19:00:00.000,468.237,468.597,464.766,465.886,273461242.68
16.12.2021 20:00:00.000,465.876,468.317,464.956,466.407,322440490.72
17.12.2021 14:00:00.000,461.486,462.357,459.296,460.437,184742492.68
17.12.2021 15:00:00.000,460.406,463.947,458.066,463.257,319597259.52
17.12.2021 16:00:00.000,463.257,464.716,460.306,461.356,283580993.65
17.12.2021 17:00:00.000,461.347,462.627,459.816,461.747,258586761.47
17.12.2021 18:00:00.000,461.736,463.697,461.026,463.587,218485244.75
17.12.2021 19:00:00.000,463.597,463.687,461.776,462.257,207054748.54
17.12.2021 20:00:00.000,462.256,463.237,459.517,459.886,274871765.14
20.12.2021 14:00:00.000,454.427,454.936,452.536,454.107,215427001.95
20.12.2021 15:00:00.000,454.056,454.336,451.617,451.927,327186248.78
20.12.2021 16:00:00.000,451.896,452.897,451.126,452.857,259232238.77
20.12.2021 17:00:00.000,452.846,453.436,451.747,451.836,218458755.49
20.12.2021 18:00:00.000,451.826,454.046,451.546,453.387,235093994.14
20.12.2021 19:00:00.000,453.376,454.366,452.886,453.607,227649002.08
20.12.2021 20:00:00.000,453.616,455.387,453.426,455.056,244691253.66
21.12.2021 14:00:00.000,458.557,459.477,457.096,457.367,184442245.48
21.12.2021 15:00:00.000,457.417,458.757,456.296,457.467,316571014.4
21.12.2021 16:00:00.000,457.467,460.347,457.206,459.756,203369003.3
21.12.2021 17:00:00.000,459.766,461.937,459.696,461.847,201212753.3
21.12.2021 18:00:00.000,461.856,462.526,461.256,462.137,157238754.27
21.12.2021 19:00:00.000,462.147,462.766,461.716,462.746,158682495.12
21.12.2021 20:00:00.000,462.756,463.197,461.226,462.986,196520492.55
22.12.2021 14:00:00.000,462.787,463.917,462.576,463.456,143692749.02
22.12.2021 15:00:00.000,463.476,466.287,463.106,466.116,280463012.7
22.12.2021 16:00:00.000,466.127,466.657,465.756,466.496,153766006.47
22.12.2021 17:00:00.000,466.507,466.887,466.086,466.807,145647003.17
22.12.2021 18:00:00.000,466.807,466.847,465.596,465.867,136414245.61
22.12.2021 19:00:00.000,465.866,466.377,465.266,466.307,151846252.44
22.12.2021 20:00:00.000,466.316,467.797,466.067,467.696,148289001.46
23.12.2021 14:00:00.000,468.707,470.647,468.616,470.176,133873245.24
23.12.2021 15:00:00.000,470.176,471.097,469.976,471.077,168553756.71
23.12.2021 16:00:00.000,471.066,471.437,470.776,471.286,119974250.79
23.12.2021 17:00:00.000,471.296,471.296,470.876,471.066,98261253.36
23.12.2021 18:00:00.000,471.057,471.397,470.716,471.297,89033248.9
23.12.2021 19:00:00.000,471.306,471.807,471.176,471.776,81551002.5
23.12.2021 20:00:00.000,471.767,472.176,471.026,471.077,124832000.73
27.12.2021 14:00:00.000,472.026,473.677,471.997,473.176,149910003.66
27.12.2021 15:00:00.000,473.186,474.977,473.067,474.966,190748504.64
27.12.2021 16:00:00.000,474.967,475.277,474.616,475.247,145135253.91
27.12.2021 17:00:00.000,475.256,475.787,475.216,475.756,97838249.21
27.12.2021 18:00:00.000,475.756,476.297,475.636,476.297,69354248.05
27.12.2021 19:00:00.000,476.287,476.597,475.926,476.167,82571250.92
27.12.2021 20:00:00.000,476.157,477.297,475.686,477.297,121551498.41
28.12.2021 14:00:00.000,477.716,478.797,477.217,478.476,144909500.12
28.12.2021 15:00:00.000,478.457,478.737,477.117,477.836,249615997.31
28.12.2021 16:00:00.000,477.816,478.157,477.156,478.027,195073745.73
28.12.2021 17:00:00.000,478.036,478.077,476.046,476.767,149945999.15
28.12.2021 18:00:00.000,476.756,477.177,476.436,477.166,135733001.71
28.12.2021 19:00:00.000,477.167,477.167,476.236,476.977,143345993.04
28.12.2021 20:00:00.000,476.986,477.677,476.436,476.877,163300506.59
29.12.2021 14:00:00.000,476.996,478.137,476.767,477.557,151222747.8
29.12.2021 15:00:00.000,477.556,477.716,475.916,477.216,252636001.59
29.12.2021 16:00:00.000,477.206,477.427,476.436,476.587,159487503.05
29.12.2021 17:00:00.000,476.577,476.777,476.156,476.766,125994003.3
29.12.2021 18:00:00.000,476.766,477.276,476.606,477.166,95978500.37
29.12.2021 19:00:00.000,477.157,477.617,477.017,477.577,78785751.34
29.12.2021 20:00:00.000,477.566,478.516,477.356,477.466,121107246.4
30.12.2021 14:00:00.000,477.916,478.946,477.686,478.196,150427749.63
30.12.2021 15:00:00.000,478.207,478.987,477.936,478.146,175771743.77
30.12.2021 16:00:00.000,478.137,478.417,478.006,478.236,132727005
30.12.2021 17:00:00.000,478.226,478.387,477.786,478.317,83534500.12
30.12.2021 18:00:00.000,478.327,478.357,477.906,478.227,60026000.98
30.12.2021 19:00:00.000,478.236,478.307,477.736,478.127,87196746.83
30.12.2021 20:00:00.000,478.127,478.147,475.656,476.126,144107498.17
31.12.2021 14:00:00.000,475.606,476.857,475.436,475.696,151335998.54
31.12.2021 15:00:00.000,475.677,476.257,474.806,475.777,228985000.61
31.12.2021 16:00:00.000,475.797,475.937,475.257,475.316,126649002.08
31.12.2021 17:00:00.000,475.306,476.167,474.926,476.127,113791000.37
31.12.2021 18:00:00.000,476.116,476.486,475.866,476.316,108796997.07
31.12.2021 19:00:00.000,476.306,476.656,475.736,475.927,122442497.25
31.12.2021 20:00:00.000,475.947,476.656,474.667,474.887,159605255.13
03.01.2022 14:00:00.000,476.296,477.707,473.836,474.916,161471496.58
03.01.2022 15:00:00.000,474.927,476.767,474.757,476.147,280252990.72
03.01.2022 16:00:00.000,476.157,476.237,474.437,475.356,212912750.24
03.01.2022 17:00:00.000,475.356,475.987,475.016,475.577,153961746.22
03.01.2022 18:00:00.000,475.586,476.757,475.326,476.726,126818748.47
03.01.2022 19:00:00.000,476.727,477.677,476.596,477.207,113649749.76
03.01.2022 20:00:00.000,477.207,477.827,476.627,477.756,162864242.55
04.01.2022 14:00:00.000,479.186,479.966,479.046,479.676,131703750.61
04.01.2022 15:00:00.000,479.667,479.737,477.497,477.607,267653747.56
04.01.2022 16:00:00.000,477.597,477.967,476.416,477.467,258503509.52
04.01.2022 17:00:00.000,477.446,477.946,476.697,476.816,186092498.78
04.01.2022 18:00:00.000,476.807,477.317,475.586,475.716,197431243.9
04.01.2022 19:00:00.000,475.697,477.557,475.676,477.406,165996994.02
04.01.2022 20:00:00.000,477.406,478.957,477.366,477.506,181790252.69
05.01.2022 14:00:00.000,477.147,477.647,476.126,477.207,194536743.16
05.01.2022 15:00:00.000,477.206,477.967,476.737,477.296,287310760.5
05.01.2022 16:00:00.000,477.296,477.387,476.296,476.546,193881744.38
05.01.2022 17:00:00.000,476.536,477.247,475.867,475.946,174026992.8
05.01.2022 18:00:00.000,475.936,476.117,475.296,475.836,153470748.9
05.01.2022 19:00:00.000,475.827,476.886,471.096,471.687,329920989.99
05.01.2022 20:00:00.000,471.707,471.707,468.276,468.426,328697753.91
06.01.2022 14:00:00.000,467.877,470.387,466.796,467.006,197906250
06.01.2022 15:00:00.000,467.007,469.716,465.416,468.716,395393493.65
06.01.2022 16:00:00.000,468.737,469.977,468.026,469.217,346295745.85
06.01.2022 17:00:00.000,469.226,470.806,468.676,469.556,277364501.95
06.01.2022 18:00:00.000,469.546,469.967,468.387,469.066,254828750.61
06.01.2022 19:00:00.000,469.057,469.677,468.266,469.397,255759750.37
06.01.2022 20:00:00.000,469.396,470.166,467.107,467.946,279892242.43
07.01.2022 14:00:00.000,467.906,469.187,466.726,468.627,198714004.52
07.01.2022 15:00:00.000,468.637,468.757,464.656,465.247,293864013.67
07.01.2022 16:00:00.000,465.247,468.077,464.676,467.637,301957244.87
07.01.2022 17:00:00.000,467.647,467.797,466.457,467.237,232909255.98
07.01.2022 18:00:00.000,467.236,467.667,466.576,466.887,217345001.22
07.01.2022 19:00:00.000,466.886,467.727,466.086,467.446,215205245.97
07.01.2022 20:00:00.000,467.457,467.967,465.916,466.097,210635498.05
10.01.2022 14:00:00.000,462.656,463.006,459.026,459.346,200596252.44
10.01.2022 15:00:00.000,459.337,459.567,456.577,457.767,299842987.06
10.01.2022 16:00:00.000,457.757,460.166,457.076,459.467,254681243.9
10.01.2022 17:00:00.000,459.446,460.166,457.947,459.216,204523498.54
10.01.2022 18:00:00.000,459.236,462.167,459.076,461.866,218595993.04
10.01.2022 19:00:00.000,461.866,463.837,461.706,462.956,260842987.06
10.01.2022 20:00:00.000,462.937,465.717,461.566,465.466,305698242.19
11.01.2022 14:00:00.000,465.167,465.416,462.036,462.837,182972503.66
11.01.2022 15:00:00.000,462.847,464.957,462.347,463.426,343083740.23
11.01.2022 16:00:00.000,463.456,468.036,463.317,467.536,331414489.75
11.01.2022 17:00:00.000,467.536,467.946,466.666,467.746,224018997.19
11.01.2022 18:00:00.000,467.747,468.547,466.966,468.447,184038497.92
11.01.2022 19:00:00.000,468.447,469.367,467.676,468.867,171472747.8
11.01.2022 20:00:00.000,468.877,469.836,468.526,469.756,174070007.32
12.01.2022 14:00:00.000,471.527,472.657,470.877,472.606,179420257.57
12.01.2022 15:00:00.000,472.626,473.186,470.116,470.726,302637756.35
12.01.2022 16:00:00.000,470.726,471.507,468.926,470.966,260588745.12
12.01.2022 17:00:00.000,470.977,471.847,470.236,471.696,186729995.73
12.01.2022 18:00:00.000,471.706,471.757,470.156,470.356,209772506.71
12.01.2022 19:00:00.000,470.347,471.176,469.757,470.907,174133499.15
12.01.2022 20:00:00.000,470.916,471.656,470.116,471.086,214218994.14
13.01.2022 14:00:00.000,472.157,472.877,471.736,472.337,180976257.32
13.01.2022 15:00:00.000,472.327,472.516,469.176,469.937,321665740.97
13.01.2022 16:00:00.000,469.926,471.347,469.426,470.897,284959014.89
13.01.2022 17:00:00.000,470.897,470.897,466.896,467.607,320146759.03
13.01.2022 18:00:00.000,467.587,468.857,466.967,468.636,280739746.09
13.01.2022 19:00:00.000,468.637,469.197,466.766,467.326,253694000.24
13.01.2022 20:00:00.000,467.326,467.367,463.457,464.687,294854003.91
14.01.2022 14:00:00.000,461.126,464.487,460.717,464.366,210129745.48
14.01.2022 15:00:00.000,464.377,464.836,461.796,462.587,370714263.92
14.01.2022 16:00:00.000,462.576,463.387,460.697,462.936,292466735.84
14.01.2022 17:00:00.000,462.936,463.287,460.516,460.626,249338256.84
14.01.2022 18:00:00.000,460.617,462.147,459.896,461.967,244517791.75
14.01.2022 19:00:00.000,461.947,463.117,461.426,462.226,285342956.54
14.01.2022 20:00:00.000,462.236,465.067,462.236,464.917,236205276.49
18.01.2022 14:00:00.000,459.687,459.937,457.127,458.146,176934402.47
18.01.2022 15:00:00.000,458.096,459.527,457.236,457.486,310961456.3
18.01.2022 16:00:00.000,457.506,458.717,456.576,458.076,295637573.24
18.01.2022 17:00:00.000,458.067,458.276,455.707,455.786,235952758.79
18.01.2022 18:00:00.000,455.787,457.307,455.466,457.147,251339660.64
18.01.2022 19:00:00.000,457.137,458.887,456.726,458.417,246742828.37
18.01.2022 20:00:00.000,458.426,458.637,455.327,456.506,267205108.64
19.01.2022 14:00:00.000,458.117,459.606,457.737,459.476,188915115.36
19.01.2022 15:00:00.000,459.466,459.536,455.466,456.267,330245239.26
19.01.2022 16:00:00.000,456.267,456.857,454.726,456.716,293075012.21
19.01.2022 17:00:00.000,456.716,458.246,456.687,458.086,262044952.39
19.01.2022 18:00:00.000,458.087,458.166,456.076,456.416,269767913.82
19.01.2022 19:00:00.000,456.416,456.637,454.246,455.357,293336334.23
19.01.2022 20:00:00.000,455.357,456.107,451.447,451.726,297761810.3
20.01.2022 14:00:00.000,453.717,456.987,453.496,456.697,181051254.27
20.01.2022 15:00:00.000,456.697,458.357,455.526,458.056,305319885.25
20.01.2022 16:00:00.000,458.066,458.737,456.926,457.487,224139923.1
20.01.2022 17:00:00.000,457.507,457.847,456.496,456.716,192966567.99
20.01.2022 18:00:00.000,456.706,456.716,455.156,455.286,206574523.93
20.01.2022 19:00:00.000,455.307,456.557,453.006,453.266,307585815.43
20.01.2022 20:00:00.000,453.257,453.857,446.257,446.627,339645477.29
21.01.2022 14:00:00.000,445.556,446.656,443.137,443.636,200249786.38
21.01.2022 15:00:00.000,443.616,447.117,440.646,446.046,412764556.88
21.01.2022 16:00:00.000,446.077,448.037,443.537,444.496,394808380.13
21.01.2022 17:00:00.000,444.496,444.997,442.096,442.846,370891723.63
21.01.2022 18:00:00.000,442.827,444.206,441.477,442.167,350326843.26
21.01.2022 19:00:00.000,442.196,443.297,439.836,439.936,333619720.46
21.01.2022 20:00:00.000,439.947,441.237,438.006,438.267,373828674.32
24.01.2022 14:00:00.000,431.997,433.277,428.676,429.627,161696090.7
24.01.2022 15:00:00.000,429.596,430.917,425.766,428.976,326264556.88
24.01.2022 16:00:00.000,428.966,428.986,422.876,425.586,373964263.92
24.01.2022 17:00:00.000,425.576,426.346,420.756,425.406,425521026.61
24.01.2022 18:00:00.000,425.396,431.327,424.706,431.277,457002899.17
24.01.2022 19:00:00.000,431.267,433.027,426.027,430.296,456759613.04
24.01.2022 20:00:00.000,430.296,440.107,429.896,439.456,409397399.9
25.01.2022 14:00:00.000,433.037,434.647,428.366,429.037,209280303.96
25.01.2022 15:00:00.000,429.056,433.957,427.146,431.087,422009094.24
25.01.2022 16:00:00.000,431.096,432.966,429.216,429.817,436003204.35
25.01.2022 17:00:00.000,429.827,432.837,429.487,431.276,426745788.57
25.01.2022 18:00:00.000,431.297,436.327,430.127,436.287,434181884.77
25.01.2022 19:00:00.000,436.296,439.707,434.897,439.487,410416809.08
25.01.2022 20:00:00.000,439.467,439.607,433.486,434.266,415294494.63
26.01.2022 14:00:00.000,440.667,442.346,438.786,441.957,211851898.19
26.01.2022 15:00:00.000,441.937,443.087,437.516,439.116,410904296.88
26.01.2022 16:00:00.000,439.087,441.397,438.227,440.686,395513702.39
26.01.2022 17:00:00.000,440.697,442.107,440.516,441.906,301552185.06
26.01.2022 18:00:00.000,441.897,442.006,440.036,440.726,345497100.83
26.01.2022 19:00:00.000,440.707,443.996,434.397,436.286,404433013.92
26.01.2022 20:00:00.000,436.247,436.287,428.856,433.556,398093688.96
27.01.2022 14:00:00.000,438.196,441.267,437.027,440.297,206615997.31
27.01.2022 15:00:00.000,440.266,441.507,435.887,439.176,420340209.96
27.01.2022 16:00:00.000,439.166,440.366,436.997,438.907,407303985.6
27.01.2022 17:00:00.000,438.897,439.017,432.526,433.996,420744598.39
27.01.2022 18:00:00.000,433.987,434.497,430.036,432.037,429867614.75
27.01.2022 19:00:00.000,432.026,434.257,429.837,431.017,456164398.19
27.01.2022 20:00:00.000,431.007,433.957,429.436,431.307,429028503.42
28.01.2022 14:00:00.000,432.667,433.087,428.107,428.357,190438797
28.01.2022 15:00:00.000,428.366,433.007,427.806,432.926,366370208.74
28.01.2022 16:00:00.000,432.936,437.067,432.286,436.937,379961395.26
28.01.2022 17:00:00.000,436.946,437.536,434.187,434.576,404888397.22
28.01.2022 18:00:00.000,434.566,436.916,434.426,436.567,385704010.01
28.01.2022 19:00:00.000,436.516,437.166,431.826,436.077,394324188.23
28.01.2022 20:00:00.000,436.087,441.886,435.576,441.877,392680511.47
31.01.2022 14:00:00.000,441.217,443.347,439.786,443.347,201535202.03
31.01.2022 15:00:00.000,443.336,445.777,443.266,445.117,379577392.58
31.01.2022 16:00:00.000,445.136,446.777,443.886,446.696,347962493.9
31.01.2022 17:00:00.000,446.696,447.507,445.647,447.306,314683807.37
31.01.2022 18:00:00.000,447.307,447.607,446.516,447.367,302731811.52
31.01.2022 19:00:00.000,447.367,448.367,447.176,448.067,258960601.81
31.01.2022 20:00:00.000,448.077,450.267,445.697,450.056,343004394.53
01.02.2022 14:00:00.000,450.677,451.007,448.616,449.717,200254196.17
01.02.2022 15:00:00.000,449.726,450.027,446.996,450.006,404036407.47
01.02.2022 16:00:00.000,449.987,451.007,448.976,450.677,375051910.4
01.02.2022 17:00:00.000,450.686,450.897,448.966,450.437,363123291.02
01.02.2022 18:00:00.000,450.427,450.687,449.517,450.417,287358306.88
01.02.2022 19:00:00.000,450.427,450.866,449.497,450.416,333644714.36
01.02.2022 20:00:00.000,450.416,453.625,450.236,453.256,308372406.01
02.02.2022 14:00:00.000,455.426,456.387,453.976,454.257,199581604
02.02.2022 15:00:00.000,454.246,456.066,453.387,455.086,406419891.36
02.02.2022 16:00:00.000,455.077,455.307,453.036,454.757,394780212.4
02.02.2022 17:00:00.000,454.746,456.836,454.286,456.817,289567504.88
02.02.2022 18:00:00.000,456.807,456.857,455.226,456.266,292185913.09
02.02.2022 19:00:00.000,456.267,457.716,455.486,456.976,321016510.01
02.02.2022 20:00:00.000,456.987,458.116,456.577,457.296,363207000.73
03.02.2022 14:00:00.000,450.937,452.286,449.997,450.277,190052993.77
03.02.2022 15:00:00.000,450.296,452.897,450.046,451.947,404764801.03
03.02.2022 16:00:00.000,451.936,452.966,450.206,450.256,386338500.98
03.02.2022 17:00:00.000,450.247,450.617,449.146,449.896,372132293.7
03.02.2022 18:00:00.000,449.896,450.697,449.037,449.956,351714599.61
03.02.2022 19:00:00.000,449.956,450.587,447.686,448.226,345409210.21
03.02.2022 20:00:00.000,448.217,449.356,445.976,446.457,372433197.02
04.02.2022 14:00:00.000,446.337,448.286,445.057,447.067,208086593.63
04.02.2022 15:00:00.000,447.107,448.726,444.226,444.667,434553009.03
04.02.2022 16:00:00.000,444.676,447.837,443.846,446.786,414171905.52
04.02.2022 17:00:00.000,446.797,448.616,446.437,448.556,388506896.97
04.02.2022 18:00:00.000,448.557,450.816,448.546,450.637,347891998.29
04.02.2022 19:00:00.000,450.627,451.097,449.317,451.026,345780609.13
04.02.2022 20:00:00.000,451.037,452.757,449.067,449.186,357476104.74
07.02.2022 14:00:00.000,449.476,450.406,448.197,449.917,251977203.37
07.02.2022 15:00:00.000,449.926,450.837,448.467,449.777,434549713.13
07.02.2022 16:00:00.000,449.787,450.077,447.097,448.176,336638397.22
07.02.2022 17:00:00.000,448.166,448.227,446.726,447.627,352778411.87
07.02.2022 18:00:00.000,447.617,449.596,447.436,449.397,298068603.52
07.02.2022 19:00:00.000,449.416,450.447,448.827,449.906,285756011.96
07.02.2022 20:00:00.000,449.906,450.986,445.847,447.226,382601989.75
08.02.2022 14:00:00.000,446.687,447.457,446.057,446.406,245897995
08.02.2022 15:00:00.000,446.416,448.297,445.206,447.917,420915313.72
08.02.2022 16:00:00.000,447.917,450.227,447.856,450.057,328337402.34
08.02.2022 17:00:00.000,450.066,451.257,449.467,450.586,250061706.54
08.02.2022 18:00:00.000,450.587,450.636,449.616,450.337,270907501.22
08.02.2022 19:00:00.000,450.336,450.817,448.176,448.696,305512786.87
08.02.2022 20:00:00.000,448.707,451.907,448.086,450.877,387462310.79
09.02.2022 14:00:00.000,455.196,456.357,454.996,455.336,213594604.49
09.02.2022 15:00:00.000,455.367,456.777,455.126,456.757,349845611.57
09.02.2022 16:00:00.000,456.757,457.017,455.516,455.866,291029693.6
09.02.2022 17:00:00.000,455.866,456.677,455.367,456.646,254348403.93
09.02.2022 18:00:00.000,456.636,456.847,456.086,456.747,204025497.44
09.02.2022 19:00:00.000,456.756,457.577,456.596,456.646,133312500
09.02.2022 20:00:00.000,456.656,457.787,455.747,457.486,245577301.03
10.02.2022 14:00:00.000,451.317,455.536,451.286,455.146,224726394.65
10.02.2022 15:00:00.000,455.156,457.687,455.016,455.496,392315093.99
10.02.2022 16:00:00.000,455.497,456.326,454.266,456.196,337290893.55
10.02.2022 17:00:00.000,456.187,456.526,452.746,453.677,307845611.57
10.02.2022 18:00:00.000,453.656,454.347,450.026,452.067,365448608.4
10.02.2022 19:00:00.000,452.057,452.187,449.436,449.846,358121093.75
10.02.2022 20:00:00.000,449.846,451.137,447.187,449.347,392483703.61
11.02.2022 14:00:00.000,449.367,451.587,448.756,449.176,230198699.95
11.02.2022 15:00:00.000,449.167,450.807,448.286,449.007,481338012.7
11.02.2022 16:00:00.000,449.006,450.137,446.816,447.906,420720886.23
11.02.2022 17:00:00.000,447.906,448.647,446.366,446.667,354417602.54
11.02.2022 18:00:00.000,446.677,447.686,440.996,441.757,382558502.2
11.02.2022 19:00:00.000,441.756,443.896,439.427,440.916,486082794.19
11.02.2022 20:00:00.000,440.957,442.746,438.946,440.467,455011199.95
14.02.2022 14:00:00.000,439.917,441.247,438.966,440.166,256483184.81
14.02.2022 15:00:00.000,440.107,440.397,437.376,437.857,443468414.31
14.02.2022 16:00:00.000,437.886,440.667,437.626,440.156,371772308.35
14.02.2022 17:00:00.000,440.167,441.477,439.546,440.897,305694000.24
14.02.2022 18:00:00.000,440.907,441.587,436.137,436.206,325020294.19
14.02.2022 19:00:00.000,436.247,438.876,435.326,438.066,431019287.11
14.02.2022 20:00:00.000,438.077,440.186,436.807,438.997,406574707.03
15.02.2022 14:00:00.000,443.687,445.777,443.436,444.006,224953201.29
15.02.2022 15:00:00.000,444.016,445.917,443.497,445.496,354711914.06
15.02.2022 16:00:00.000,445.516,445.967,444.746,445.587,286444213.87
15.02.2022 17:00:00.000,445.596,445.897,443.176,443.867,276270599.37
15.02.2022 18:00:00.000,443.856,445.577,443.736,445.477,206804702.76
15.02.2022 19:00:00.000,445.487,445.717,444.456,445.327,213006301.88
15.02.2022 20:00:00.000,445.336,446.277,443.846,446.066,275261993.41
16.02.2022 14:00:00.000,443.927,444.797,442.416,442.766,220480804.44
16.02.2022 15:00:00.000,442.726,443.577,442.236,442.986,308393707.28
16.02.2022 16:00:00.000,442.996,443.746,442.746,443.596,281119201.66
16.02.2022 17:00:00.000,443.597,443.947,441.946,442.856,221086502.08
16.02.2022 18:00:00.000,442.846,443.347,442.476,442.957,209993392.94
16.02.2022 19:00:00.000,442.947,447.197,442.016,446.577,380189697.27
16.02.2022 20:00:00.000,446.567,448.046,446.256,446.636,317552093.51
17.02.2022 14:00:00.000,443.177,443.776,440.566,440.767,222106506.35
17.02.2022 15:00:00.000,440.757,441.647,439.796,440.897,333101989.75
17.02.2022 16:00:00.000,440.897,442.097,440.617,441.186,263361297.61
17.02.2022 17:00:00.000,441.197,441.837,440.706,441.136,206785507.2
17.02.2022 18:00:00.000,441.126,441.267,439.956,440.307,192804000.85
17.02.2022 19:00:00.000,440.306,440.307,438.286,438.347,217083892.82
17.02.2022 20:00:00.000,438.357,438.587,436.416,437.097,317876098.63
18.02.2022 14:00:00.000,437.317,438.647,435.906,438.357,219647705.08
18.02.2022 15:00:00.000,438.337,438.646,435.197,435.456,382053894.04
18.02.2022 16:00:00.000,435.456,435.606,432.876,433.177,342127197.27
18.02.2022 17:00:00.000,433.187,435.036,432.416,432.456,338130004.88
18.02.2022 18:00:00.000,432.466,434.357,431.796,433.947,275946502.69
18.02.2022 19:00:00.000,433.936,437.037,433.706,436.636,290534362.79
18.02.2022 20:00:00.000,436.626,437.386,432.796,434.097,378621276.86
22.02.2022 14:00:00.000,431.886,435.287,430.476,434.167,231300994.87
22.02.2022 15:00:00.000,434.166,435.487,431.647,431.757,431088348.39
22.02.2022 16:00:00.000,431.777,432.427,430.416,431.237,391118530.27
22.02.2022 17:00:00.000,431.226,431.926,429.206,429.417,318824279.79
22.02.2022 18:00:00.000,429.426,430.076,426.767,427.286,313118621.83
22.02.2022 19:00:00.000,427.286,431.757,425.826,430.917,408079895.02
22.02.2022 20:00:00.000,430.916,432.857,428.046,429.757,438349670.41
23.02.2022 14:00:00.000,432.646,433.247,430.976,431.157,219386596.68
23.02.2022 15:00:00.000,431.147,431.147,427.677,428.127,379230560.3
23.02.2022 16:00:00.000,428.117,429.117,426.576,428.807,333241363.53
23.02.2022 17:00:00.000,428.816,430.246,427.636,427.997,300040527.34
23.02.2022 18:00:00.000,427.997,428.007,425.037,426.157,300752929.69
23.02.2022 19:00:00.000,426.156,426.627,423.016,423.596,345105438.23
23.02.2022 20:00:00.000,423.607,423.877,421.346,422.016,377166351.32
24.02.2022 14:00:00.000,411.006,415.897,410.626,415.716,252534194.95
24.02.2022 15:00:00.000,415.707,418.117,413.116,417.047,487508758.54
24.02.2022 16:00:00.000,417.067,419.457,416.056,418.657,463120117.19
24.02.2022 17:00:00.000,418.657,418.777,415.327,416.406,409291320.8
24.02.2022 18:00:00.000,416.416,421.386,415.736,418.976,413518890.38
24.02.2022 19:00:00.000,418.956,423.787,417.846,423.366,444439697.27
24.02.2022 20:00:00.000,423.366,428.747,422.946,427.797,402464599.61
25.02.2022 14:00:00.000,429.597,431.236,428.217,428.476,234132598.88
25.02.2022 15:00:00.000,428.457,433.966,427.856,433.287,418920257.57
25.02.2022 16:00:00.000,433.287,436.807,432.437,436.716,342293243.41
25.02.2022 17:00:00.000,436.726,437.237,435.346,435.787,269114349.37
25.02.2022 18:00:00.000,435.786,437.707,434.826,436.566,292041259.77
25.02.2022 19:00:00.000,436.587,437.536,434.997,436.057,309957794.19
25.02.2022 20:00:00.000,436.067,437.827,435.106,437.687,341479919.43
28.02.2022 14:00:00.000,432.006,434.467,431.807,434.267,230067825.32
28.02.2022 15:00:00.000,434.277,436.247,431.836,435.896,400421234.13
28.02.2022 16:00:00.000,435.897,438.185,435.476,437.336,369526580.81
28.02.2022 17:00:00.000,437.327,437.667,432.656,433.587,338135955.81
28.02.2022 18:00:00.000,433.586,435.456,432.856,434.556,336973724.37
28.02.2022 19:00:00.000,434.556,434.556,430.696,432.927,388574371.34
28.02.2022 20:00:00.000,432.927,436.917,431.607,436.586,389945800.78
01.03.2022 14:00:00.000,435.016,437.156,434.386,434.837,210674606.32
01.03.2022 15:00:00.000,434.847,436.187,432.306,432.677,435298797.61
01.03.2022 16:00:00.000,432.676,434.107,429.216,429.747,403184997.56
01.03.2022 17:00:00.000,429.757,431.627,428.506,431.336,370873016.36
01.03.2022 18:00:00.000,431.326,431.986,428.146,429.107,378407806.4
01.03.2022 19:00:00.000,429.096,431.377,427.916,429.726,376072692.87
01.03.2022 20:00:00.000,429.726,432.236,426.996,430.076,402775817.87
02.03.2022 14:00:00.000,432.366,434.746,431.887,433.557,227740753.17
02.03.2022 15:00:00.000,433.537,435.626,431.566,434.487,434119354.25
02.03.2022 16:00:00.000,434.486,438.277,433.587,437.067,399398712.16
02.03.2022 17:00:00.000,437.057,438.067,436.506,437.766,299705993.65
02.03.2022 18:00:00.000,437.776,439.307,437.767,438.737,264850097.66
02.03.2022 19:00:00.000,438.747,439.426,437.626,437.976,277193511.96
02.03.2022 20:00:00.000,437.976,439.547,437.666,437.877,319512481.69
03.03.2022 14:00:00.000,440.406,441.097,438.946,439.677,207148162.84
03.03.2022 15:00:00.000,439.697,440.307,434.856,434.887,386719909.67
03.03.2022 16:00:00.000,434.897,436.847,433.836,436.286,352577239.99
03.03.2022 17:00:00.000,436.296,439.246,435.377,437.816,389817901.61
03.03.2022 18:00:00.000,437.816,438.987,437.326,437.997,296888061.52
03.03.2022 19:00:00.000,437.986,439.257,435.856,436.267,323297943.12
03.03.2022 20:00:00.000,436.256,436.486,433.907,435.676,379239196.78
04.03.2022 14:00:00.000,431.697,432.477,429.357,431.786,225803237.92
04.03.2022 15:00:00.000,431.776,432.416,428.376,428.487,419302001.95
04.03.2022 16:00:00.000,428.497,430.007,427.866,429.207,354419097.9
04.03.2022 17:00:00.000,429.216,432.346,428.716,431.916,348275360.11
04.03.2022 18:00:00.000,431.926,433.357,430.296,430.467,323103393.55
04.03.2022 19:00:00.000,430.467,431.847,429.187,429.256,333344909.67
04.03.2022 20:00:00.000,429.277,430.956,429.227,430.516,208801895.14
07.03.2022 14:00:00.000,431.546,431.817,427.897,427.906,235449966.43
07.03.2022 15:00:00.000,427.906,428.696,425.047,425.546,411281738.28
07.03.2022 16:00:00.000,425.546,427.207,424.046,424.156,358387084.96
07.03.2022 17:00:00.000,424.146,424.427,422.187,422.997,357372589.11
07.03.2022 18:00:00.000,422.986,424.327,422.046,422.657,364679931.64
07.03.2022 19:00:00.000,422.657,423.896,421.306,421.707,334391723.63
07.03.2022 20:00:00.000,421.717,422.037,419.346,419.576,373979309.08
08.03.2022 14:00:00.000,419.597,421.107,417.726,418.666,231142944.34
08.03.2022 15:00:00.000,418.707,419.487,415.366,419.336,449587432.86
08.03.2022 16:00:00.000,419.327,419.757,415.106,417.956,447577667.24
08.03.2022 17:00:00.000,417.956,425.547,417.676,425.146,458693237.3
08.03.2022 18:00:00.000,425.147,427.177,419.366,419.517,414499511.72
08.03.2022 19:00:00.000,419.517,422.727,417.786,421.437,437061737.06
08.03.2022 20:00:00.000,421.436,423.526,416.246,416.776,435994506.84
09.03.2022 14:00:00.000,425.137,425.676,422.817,424.137,227774398.8
09.03.2022 15:00:00.000,424.136,426.946,423.926,426.577,367592071.53
09.03.2022 16:00:00.000,426.597,427.506,424.716,427.357,318352325.44
09.03.2022 17:00:00.000,427.377,428.727,426.776,428.347,268596618.65
09.03.2022 18:00:00.000,428.357,428.377,426.277,426.697,275724151.61
09.03.2022 19:00:00.000,426.707,428.097,426.566,427.287,278783935.55
09.03.2022 20:00:00.000,427.296,429.506,426.616,427.097,301181060.79
10.03.2022 14:00:00.000,422.476,424.987,422.016,424.537,229774490.36
10.03.2022 15:00:00.000,424.546,425.266,421.536,421.777,397300659.18
10.03.2022 16:00:00.000,421.777,422.005,420.436,421.907,316215301.51
10.03.2022 17:00:00.000,421.896,423.176,421.146,421.487,262715362.55
10.03.2022 18:00:00.000,421.476,423.857,421.086,423.466,287307739.26
10.03.2022 19:00:00.000,423.476,426.076,423.336,425.647,317403228.76
10.03.2022 20:00:00.000,425.636,426.406,424.066,425.466,340329406.74
11.03.2022 14:00:00.000,428.147,428.737,426.557,427.117,222236770.63
11.03.2022 15:00:00.000,427.096,427.127,424.827,426.947,367407043.46
11.03.2022 16:00:00.000,426.956,427.017,423.726,424.367,330494659.42
11.03.2022 17:00:00.000,424.376,424.807,422.996,423.987,276233978.27
11.03.2022 18:00:00.000,423.976,425.497,423.637,423.687,242349258.42
11.03.2022 19:00:00.000,423.676,424.777,422.597,423.096,255744598.39
11.03.2022 20:00:00.000,423.096,423.167,419.536,419.707,296201049.8
14.03.2022 13:00:00.000,420.857,421.946,419.107,421.337,223373519.9
14.03.2022 14:00:00.000,421.326,424.317,420.496,424.307,387968292.24
14.03.2022 15:00:00.000,424.306,424.496,419.936,420.466,303754943.85
14.03.2022 16:00:00.000,420.466,420.466,417.817,417.867,306278930.66
14.03.2022 17:00:00.000,417.877,418.117,416.106,416.686,289765533.45
14.03.2022 18:00:00.000,416.677,417.277,415.786,417.117,289713623.05
14.03.2022 19:00:00.000,417.116,418.197,415.996,416.886,353496521
15.03.2022 13:00:00.000,419.736,421.317,418.396,420.366,225117691.04
15.03.2022 14:00:00.000,420.367,422.817,419.116,421.746,364528564.45
15.03.2022 15:00:00.000,421.756,424.247,421.697,422.526,302461822.51
15.03.2022 16:00:00.000,422.506,424.387,421.547,423.556,301156219.48
15.03.2022 17:00:00.000,423.567,424.127,421.836,423.177,252488723.75
15.03.2022 18:00:00.000,423.187,424.757,421.366,424.617,269081726.07
15.03.2022 19:00:00.000,424.606,426.827,424.356,425.937,273557250.98
16.03.2022 13:00:00.000,429.907,432.657,429.787,431.907,205330276.49
16.03.2022 14:00:00.000,431.917,434.457,430.717,433.306,414531097.41
16.03.2022 15:00:00.000,433.287,433.466,432.167,433.026,354574188.23
16.03.2022 16:00:00.000,433.037,433.567,431.146,431.646,298726165.77
16.03.2022 17:00:00.000,431.647,431.887,429.996,431.296,304705871.58
16.03.2022 18:00:00.000,430.976,431.426,424.796,429.926,459618530.27
16.03.2022 19:00:00.000,429.936,435.536,429.386,435.476,385818542.48
17.03.2022 13:00:00.000,433.537,436.227,433.176,436.167,226052047.73
17.03.2022 14:00:00.000,436.156,436.916,433.966,434.766,337731018.07
17.03.2022 15:00:00.000,434.757,436.436,434.267,436.117,291031524.66
17.03.2022 16:00:00.000,436.137,437.897,435.727,437.737,289316467.29
17.03.2022 17:00:00.000,437.737,439.846,436.976,439.426,254569580.08
17.03.2022 18:00:00.000,439.426,439.686,438.246,439.377,256231079.1
17.03.2022 19:00:00.000,439.376,440.707,438.077,440.666,272154785.16
18.03.2022 13:00:00.000,437.956,439.157,437.217,439.026,212245193.48
18.03.2022 14:00:00.000,439.036,440.776,438.416,439.507,388693664.55
18.03.2022 15:00:00.000,439.496,440.877,439.137,439.946,350442260.74
18.03.2022 16:00:00.000,439.936,441.697,439.507,441.417,266039825.44
18.03.2022 17:00:00.000,441.426,442.447,441.206,442.026,200210891.72
18.03.2022 18:00:00.000,442.027,442.677,441.466,442.536,202628112.79
18.03.2022 19:00:00.000,442.526,444.837,442.336,444.516,235060714.72
21.03.2022 13:00:00.000,444.316,446.456,443.807,443.927,211267074.59
21.03.2022 14:00:00.000,443.916,445.106,442.716,444.876,383281250
21.03.2022 15:00:00.000,444.877,445.757,444.326,445.456,321923553.47
21.03.2022 16:00:00.000,445.457,445.847,442.137,442.367,356828094.48
21.03.2022 17:00:00.000,442.357,442.637,440.666,442.547,318562805.18
21.03.2022 18:00:00.000,442.537,443.987,441.726,441.857,315346160.89
21.03.2022 19:00:00.000,441.876,444.476,441.687,444.426,293414245.61
22.03.2022 13:00:00.000,445.847,447.477,445.847,447.177,204864379.88
22.03.2022 14:00:00.000,447.197,449.367,447.197,448.787,307696868.9
22.03.2022 15:00:00.000,448.797,449.686,448.217,448.687,278747070.31
22.03.2022 16:00:00.000,448.677,449.156,447.786,448.996,257852752.69
22.03.2022 17:00:00.000,448.986,449.587,448.557,449.496,216788696.29
22.03.2022 18:00:00.000,449.507,449.586,448.116,448.966,256350616.46
22.03.2022 19:00:00.000,448.957,450.546,448.806,449.607,261509185.79
23.03.2022 13:00:00.000,446.867,447.307,445.636,446.066,204231262.21
23.03.2022 14:00:00.000,446.066,447.967,445.706,447.217,346647491.46
23.03.2022 15:00:00.000,447.226,448.177,447.127,447.747,238331680.3
23.03.2022 16:00:00.000,447.757,448.477,446.136,446.787,265373626.71
23.03.2022 17:00:00.000,446.777,446.907,444.746,445.776,281057861.33
23.03.2022 18:00:00.000,445.776,446.287,444.696,445.286,258356781.01
23.03.2022 19:00:00.000,445.297,445.957,443.796,443.837,287670654.3
24.03.2022 13:00:00.000,445.866,446.336,444.746,445.567,213471649.17
24.03.2022 14:00:00.000,445.576,446.967,445.217,446.357,366264648.44
24.03.2022 15:00:00.000,446.366,448.947,446.226,448.406,295390594.48
24.03.2022 16:00:00.000,448.397,448.567,446.796,447.746,260058013.92
24.03.2022 17:00:00.000,447.757,448.537,447.386,448.226,231954803.47
24.03.2022 18:00:00.000,448.227,448.847,447.406,448.156,207944290.16
24.03.2022 19:00:00.000,448.147,450.437,447.746,450.297,215227447.51
25.03.2022 13:00:00.000,451.097,451.617,450.296,450.857,211901565.55
25.03.2022 14:00:00.000,450.866,452.976,450.436,452.307,314689483.64
25.03.2022 15:00:00.000,452.307,452.497,448.426,449.267,353421081.54
25.03.2022 16:00:00.000,449.276,450.466,448.956,450.046,303639648.44
25.03.2022 17:00:00.000,450.066,451.417,449.516,451.327,271553527.83
25.03.2022 18:00:00.000,451.337,452.176,451.126,451.866,243595352.17
25.03.2022 19:00:00.000,451.877,452.776,449.697,452.626,294607604.98
28.03.2022 13:00:00.000,452.036,453.637,451.657,453.516,208044296.26
28.03.2022 14:00:00.000,453.517,453.576,451.986,453.246,393788818.36
28.03.2022 15:00:00.000,453.267,453.396,450.266,450.437,320539611.82
28.03.2022 16:00:00.000,450.447,451.737,450.037,451.646,234317016.6
28.03.2022 17:00:00.000,451.647,452.527,451.416,452.416,230488708.5
28.03.2022 18:00:00.000,452.406,454.407,452.166,454.397,203153274.54
28.03.2022 19:00:00.000,454.397,455.867,453.867,455.787,153907455.44
29.03.2022 13:00:00.000,460.027,461.226,458.657,459.266,226682571.41
29.03.2022 14:00:00.000,459.277,459.697,457.166,459.186,425053771.97
29.03.2022 15:00:00.000,459.166,459.907,458.246,459.427,317863433.84
29.03.2022 16:00:00.000,459.426,459.477,457.497,458.156,265770996.09
29.03.2022 17:00:00.000,458.006,459.547,457.636,459.536,243782775.88
29.03.2022 18:00:00.000,459.526,460.807,459.076,460.556,212760910.03
29.03.2022 19:00:00.000,460.567,462.057,460.307,461.547,240674652.1
30.03.2022 13:00:00.000,460.336,460.987,459.826,460.867,199386901.86
30.03.2022 14:00:00.000,460.877,461.186,459.756,459.837,306027740.48
30.03.2022 15:00:00.000,459.836,460.037,458.617,459.646,268281616.21
30.03.2022 16:00:00.000,459.657,460.107,459.066,459.887,179443222.05
30.03.2022 17:00:00.000,459.876,459.937,458.506,458.636,193979400.63
30.03.2022 18:00:00.000,458.626,459.327,457.766,457.887,199441925.05
30.03.2022 19:00:00.000,457.907,458.657,456.446,458.646,52070816.04
31.03.2022 13:00:00.000,457.847,458.127,457.107,457.897,213854446.41
31.03.2022 14:00:00.000,457.917,458.756,456.546,458.457,342017639.16
31.03.2022 15:00:00.000,458.456,458.607,457.267,457.906,290297332.76
31.03.2022 16:00:00.000,457.916,458.107,456.606,456.687,213698455.81
31.03.2022 17:00:00.000,456.697,457.466,456.256,456.937,199257934.57
31.03.2022 18:00:00.000,456.937,456.987,455.816,456.566,208881179.81
31.03.2022 19:00:00.000,456.577,457.346,451.757,451.777,159685806.27
01.04.2022 13:00:00.000,453.297,453.446,451.656,452.257,191176773.07
01.04.2022 14:00:00.000,452.256,452.797,450.796,451.966,315352905.27
01.04.2022 15:00:00.000,451.976,452.417,450.106,450.327,242209747.31
01.04.2022 16:00:00.000,450.307,450.487,449.346,449.927,212298522.95
01.04.2022 17:00:00.000,449.926,450.877,449.127,450.526,241167816.16
01.04.2022 18:00:00.000,450.537,452.757,450.456,451.796,234385192.87
01.04.2022 19:00:00.000,451.787,453.167,450.286,452.926,297123229.98
04.04.2022 13:00:00.000,453.107,454.677,452.256,454.496,201856903.08
04.04.2022 14:00:00.000,454.486,454.946,453.466,454.467,293230957.03
04.04.2022 15:00:00.000,454.446,455.697,454.327,455.496,204247833.25
04.04.2022 16:00:00.000,455.497,455.677,454.836,454.907,163829742.43
04.04.2022 17:00:00.000,454.896,455.757,454.667,455.706,157135299.68
04.04.2022 18:00:00.000,455.707,456.247,454.986,456.037,154337768.55
04.04.2022 19:00:00.000,456.037,456.817,455.727,456.656,191880126.95
05.04.2022 13:00:00.000,455.217,457.157,454.996,456.906,172340637.21
05.04.2022 14:00:00.000,456.906,457.817,453.797,455.076,372463409.42
05.04.2022 15:00:00.000,455.087,455.257,453.476,453.497,313974975.59
05.04.2022 16:00:00.000,453.497,453.907,452.666,453.556,252298095.7
05.04.2022 17:00:00.000,453.547,454.667,452.497,453.016,188131286.62
05.04.2022 18:00:00.000,453.006,453.456,452.366,452.487,196468582.15
05.04.2022 19:00:00.000,452.497,452.757,449.817,451.207,255544952.39
06.04.2022 13:00:00.000,446.877,447.577,445.426,445.556,190385452.27
06.04.2022 14:00:00.000,445.567,445.846,444.496,444.967,345669952.39
06.04.2022 15:00:00.000,444.957,446.417,444.646,445.907,337105468.75
06.04.2022 16:00:00.000,445.897,446.086,444.606,445.257,275064117.43
06.04.2022 17:00:00.000,445.256,446.866,444.917,446.046,224522399.9
06.04.2022 18:00:00.000,446.067,448.506,443.466,447.966,464713134.77
06.04.2022 19:00:00.000,447.966,448.927,445.317,446.616,403405975.34
07.04.2022 13:00:00.000,445.556,447.657,445.296,446.986,214963317.87
07.04.2022 14:00:00.000,446.987,447.736,444.416,445.227,390342407.23
07.04.2022 15:00:00.000,445.227,446.076,443.856,444.316,319140899.66
07.04.2022 16:00:00.000,444.307,445.166,443.527,444.267,235109359.74
07.04.2022 17:00:00.000,444.266,447.677,444.136,447.466,259553588.87
07.04.2022 18:00:00.000,447.467,449.437,446.856,449.286,283631286.62
07.04.2022 19:00:00.000,449.297,450.656,448.436,448.646,283658508.3
08.04.2022 13:00:00.000,447.946,448.187,445.967,446.107,213697311.4
08.04.2022 14:00:00.000,446.087,449.796,445.947,449.796,345132995.61
08.04.2022 15:00:00.000,449.786,450.246,448.826,449.567,268123748.78
08.04.2022 16:00:00.000,449.556,450.607,449.066,450.176,257142333.98
08.04.2022 17:00:00.000,450.167,450.207,448.586,448.836,214438949.59
08.04.2022 18:00:00.000,448.826,449.337,447.636,448.606,224352706.91
08.04.2022 19:00:00.000,448.596,449.366,446.677,447.507,286959533.69
11.04.2022 13:00:00.000,444.067,444.986,442.886,444.096,235203598.02
11.04.2022 14:00:00.000,444.097,444.477,441.966,442.326,386861816.41
11.04.2022 15:00:00.000,442.326,442.737,441.596,442.146,310020324.71
11.04.2022 16:00:00.000,442.137,442.327,441.346,441.846,237485107.42
11.04.2022 17:00:00.000,441.837,442.557,441.416,442.176,235176025.39
11.04.2022 18:00:00.000,442.186,442.777,441.166,442.426,267898773.19
11.04.2022 19:00:00.000,442.436,442.987,439.386,439.877,268914672.85
12.04.2022 13:00:00.000,443.077,445.727,442.357,445.016,217577072.14
12.04.2022 14:00:00.000,445.027,445.286,442.206,442.616,395078430.18
12.04.2022 15:00:00.000,442.607,444.487,442.206,443.677,335232360.84
12.04.2022 16:00:00.000,443.677,443.737,441.216,442.017,331893096.92
12.04.2022 17:00:00.000,441.996,442.667,439.366,439.576,276031829.83
12.04.2022 18:00:00.000,439.576,440.326,437.966,438.817,287947540.28
12.04.2022 19:00:00.000,438.806,439.007,436.637,438.316,336287078.86
13.04.2022 13:00:00.000,438.007,440.227,437.836,438.996,220385757.45
13.04.2022 14:00:00.000,438.987,439.927,438.237,439.816,395887298.58
13.04.2022 15:00:00.000,439.817,441.977,439.766,441.006,272741455.08
13.04.2022 16:00:00.000,441.016,442.586,440.746,442.077,234331680.3
13.04.2022 17:00:00.000,442.076,442.827,441.516,442.017,227083068.85
13.04.2022 18:00:00.000,442.016,442.987,441.736,442.786,171170211.79
13.04.2022 19:00:00.000,442.796,444.066,442.287,443.257,231069808.96
14.04.2022 13:00:00.000,443.506,444.727,441.666,442.107,204072952.27
14.04.2022 14:00:00.000,442.127,442.927,440.487,441.397,369116699.22
14.04.2022 15:00:00.000,441.406,442.257,440.556,440.767,335467498.78
14.04.2022 16:00:00.000,440.747,441.197,439.456,440.066,230791778.56
14.04.2022 17:00:00.000,440.057,441.336,439.636,441.287,185119400.02
14.04.2022 18:00:00.000,441.276,441.797,439.317,439.317,242211242.68
14.04.2022 19:00:00.000,439.327,439.986,437.797,437.876,275935119.63
18.04.2022 13:00:00.000,436.806,439.447,436.806,437.766,230787368.77
18.04.2022 14:00:00.000,437.757,439.487,437.067,438.576,365231536.87
18.04.2022 15:00:00.000,438.577,438.957,436.206,437.167,269444183.35
18.04.2022 16:00:00.000,437.147,437.217,435.597,436.546,197673416.14
18.04.2022 17:00:00.000,436.537,439.727,436.366,439.137,231175048.83
18.04.2022 18:00:00.000,439.166,439.727,438.266,438.356,250843078.61
18.04.2022 19:00:00.000,438.357,438.546,435.627,437.896,247967529.3
19.04.2022 13:00:00.000,437.817,441.427,437.667,441.417,223830123.9
19.04.2022 14:00:00.000,441.397,443.837,441.147,443.137,332061279.3
19.04.2022 15:00:00.000,443.147,444.267,442.746,443.706,249880004.88
19.04.2022 16:00:00.000,443.706,444.007,443.076,443.376,182164001.46
19.04.2022 17:00:00.000,443.367,443.857,442.646,443.557,198095642.09
19.04.2022 18:00:00.000,443.547,443.847,442.416,443.767,237709732.06
19.04.2022 19:00:00.000,443.776,445.787,443.517,444.967,251609085.08
20.04.2022 13:00:00.000,446.896,447.557,444.396,445.016,225801025.39
20.04.2022 14:00:00.000,445.016,447.246,444.366,446.927,395272888.18
20.04.2022 15:00:00.000,446.917,446.957,445.046,446.017,317436157.23
20.04.2022 16:00:00.000,446.016,446.657,444.786,446.256,281599243.16
20.04.2022 17:00:00.000,446.246,447.187,445.866,446.597,262251708.98
20.04.2022 18:00:00.000,446.586,446.886,443.457,444.006,259107910.16
20.04.2022 19:00:00.000,444.006,446.377,443.877,444.577,331537109.38
21.04.2022 13:00:00.000,448.537,450.007,448.537,449.336,198135971.07
21.04.2022 14:00:00.000,449.356,449.407,446.906,447.286,369856109.62
21.04.2022 15:00:00.000,447.296,447.617,444.666,444.696,362819366.46
21.04.2022 16:00:00.000,444.696,445.056,442.626,442.667,336324890.14
21.04.2022 17:00:00.000,442.646,443.607,441.337,441.736,370741424.56
21.04.2022 18:00:00.000,441.716,441.907,438.847,439.227,343786254.88
21.04.2022 19:00:00.000,439.227,439.697,437.096,438.216,385760955.81
22.04.2022 13:00:00.000,436.847,437.197,433.756,434.316,241535873.41
22.04.2022 14:00:00.000,434.296,435.947,432.156,432.327,390505462.65
22.04.2022 15:00:00.000,432.297,433.487,430.346,430.367,358752990.72
22.04.2022 16:00:00.000,430.366,431.877,429.856,430.416,298155426.03
22.04.2022 17:00:00.000,430.406,430.717,428.736,428.747,261855224.61
22.04.2022 18:00:00.000,428.736,429.976,426.807,427.447,283859375
22.04.2022 19:00:00.000,427.456,430.407,425.446,425.916,383982086.18
25.04.2022 13:00:00.000,423.656,423.857,420.256,420.286,246430877.69
25.04.2022 14:00:00.000,420.287,424.376,419.996,420.627,447513671.88
25.04.2022 15:00:00.000,420.646,422.196,418.816,419.746,412730255.13
25.04.2022 16:00:00.000,419.736,423.267,419.136,422.056,407028533.94
25.04.2022 17:00:00.000,422.056,423.767,420.956,422.476,399570190.43
25.04.2022 18:00:00.000,422.477,426.747,421.736,425.486,374582214.36
25.04.2022 19:00:00.000,425.496,428.676,423.837,428.547,401289581.3
26.04.2022 13:00:00.000,425.816,426.027,423.426,423.786,225921905.52
26.04.2022 14:00:00.000,423.847,424.626,420.476,421.046,428531951.9
26.04.2022 15:00:00.000,421.046,421.536,419.406,419.446,347522705.08
26.04.2022 16:00:00.000,419.457,422.286,419.426,422.217,319898101.81
26.04.2022 17:00:00.000,422.206,422.247,418.717,419.407,293234832.76
26.04.2022 18:00:00.000,419.397,420.976,419.006,420.707,346943450.93
26.04.2022 19:00:00.000,420.726,421.206,416.227,416.356,377515289.31
27.04.2022 13:00:00.000,417.216,422.007,417.047,420.727,248790069.58
27.04.2022 14:00:00.000,420.767,421.737,415.007,418.006,483128997.8
27.04.2022 15:00:00.000,418.016,420.966,417.706,419.677,455585083.01
27.04.2022 16:00:00.000,419.687,422.907,418.727,422.046,396045379.64
27.04.2022 17:00:00.000,422.057,422.367,419.636,421.916,418916656.49
27.04.2022 18:00:00.000,421.906,421.956,418.276,418.696,360259704.59
27.04.2022 19:00:00.000,418.677,418.987,416.526,417.426,438216979.98
28.04.2022 13:00:00.000,422.237,423.057,419.556,420.457,246960067.75
28.04.2022 14:00:00.000,420.446,420.677,417.586,419.276,446764160.16
28.04.2022 15:00:00.000,419.276,421.316,419.066,420.507,364790588.38
28.04.2022 16:00:00.000,420.517,425.786,420.006,425.586,314401153.56
28.04.2022 17:00:00.000,425.577,427.607,425.216,427.147,326535400.39
28.04.2022 18:00:00.000,427.156,429.187,426.706,428.647,258595977.78
28.04.2022 19:00:00.000,428.637,429.617,426.366,427.626,311211120.61
29.04.2022 13:00:00.000,423.586,425.857,422.527,425.677,240170761.11
29.04.2022 14:00:00.000,425.697,425.827,419.926,420.747,416569702.15
29.04.2022 15:00:00.000,420.736,422.107,419.596,420.446,403955047.61
29.04.2022 16:00:00.000,420.436,420.556,417.196,417.666,335029113.77
29.04.2022 17:00:00.000,417.656,419.767,417.486,417.656,345409576.42
29.04.2022 18:00:00.000,417.647,418.037,414.826,415.646,308941375.73
29.04.2022 19:00:00.000,415.647,415.736,411.196,411.606,375545318.6
02.05.2022 13:00:00.000,412.006,413.337,409.217,412.517,251120224
02.05.2022 14:00:00.000,412.467,415.906,410.337,412.416,502247009.28
02.05.2022 15:00:00.000,412.417,412.606,409.786,411.716,475449554.44
02.05.2022 16:00:00.000,411.707,412.557,408.677,409.016,424651733.4
02.05.2022 17:00:00.000,408.987,410.067,406.916,407.636,390303161.62
02.05.2022 18:00:00.000,407.626,408.797,405.006,406.456,416715240.48
02.05.2022 19:00:00.000,406.426,414.627,406.297,414.336,463201690.67
03.05.2022 13:00:00.000,415.006,415.707,413.356,415.397,249895599.37
03.05.2022 14:00:00.000,415.397,416.687,413.776,415.227,435322570.8
03.05.2022 15:00:00.000,415.237,418.917,414.717,417.897,343704162.6
03.05.2022 16:00:00.000,417.886,418.737,415.956,416.966,375786834.72
03.05.2022 17:00:00.000,416.986,418.687,416.887,417.537,363100006.1
03.05.2022 18:00:00.000,417.487,417.557,414.096,417.296,367390655.52
03.05.2022 19:00:00.000,417.296,417.966,414.776,416.197,417231018.07
04.05.2022 13:00:00.000,417.067,417.407,416.016,416.027,220111785.89
04.05.2022 14:00:00.000,415.997,416.147,414.227,415.047,400718963.62
04.05.2022 15:00:00.000,415.036,415.736,413.696,415.217,342544128.42
04.05.2022 16:00:00.000,415.196,418.047,414.906,418.037,319089324.95
04.05.2022 17:00:00.000,418.036,418.896,416.896,418.096,300742156.98
04.05.2022 18:00:00.000,418.116,424.237,414.106,423.656,511381256.1
04.05.2022 19:00:00.000,423.687,429.627,423.087,428.777,421162109.38
05.05.2022 13:00:00.000,424.487,424.617,421.106,421.556,240657836.91
05.05.2022 14:00:00.000,421.557,421.617,415.217,416.756,470052581.79
05.05.2022 15:00:00.000,416.756,417.126,412.266,412.337,448853973.39
05.05.2022 16:00:00.000,412.327,414.917,410.996,414.496,468893524.17
05.05.2022 17:00:00.000,414.507,416.367,412.817,413.407,434207336.43
05.05.2022 18:00:00.000,413.417,415.166,411.586,412.766,419903533.94
05.05.2022 19:00:00.000,412.766,414.306,409.436,413.346,445376373.29
06.05.2022 13:00:00.000,411.027,411.766,405.717,406.487,257358459.47
06.05.2022 14:00:00.000,406.466,413.466,405.746,412.747,516250183.11
06.05.2022 15:00:00.000,412.726,414.786,409.526,409.867,483328735.35
06.05.2022 16:00:00.000,409.876,413.956,409.516,413.766,464694580.08
06.05.2022 17:00:00.000,413.777,414.276,409.776,410.097,438035064.7
06.05.2022 18:00:00.000,410.096,410.737,407.787,408.916,436698089.6
06.05.2022 19:00:00.000,408.896,412.947,407.356,411.526,450112365.72
09.05.2022 13:00:00.000,405.036,406.397,403.256,405.006,255727584.84
09.05.2022 14:00:00.000,405.046,405.416,400.806,400.956,459139617.92
09.05.2022 15:00:00.000,400.947,402.487,399.317,401.897,417902984.62
09.05.2022 16:00:00.000,401.896,404.047,400.636,400.696,398263092.04
09.05.2022 17:00:00.000,400.706,401.947,399.396,400.517,378901580.81
09.05.2022 18:00:00.000,400.506,401.596,399.096,401.227,390602508.54
09.05.2022 19:00:00.000,401.257,402.567,396.536,398.057,423975280.76
10.05.2022 13:00:00.000,404.427,406.066,401.836,404.057,244582061.77
10.05.2022 14:00:00.000,404.066,405.017,398.307,398.956,472038116.46
10.05.2022 15:00:00.000,398.927,399.847,395.777,397.407,488361175.54
10.05.2022 16:00:00.000,397.396,398.496,394.826,395.926,470149505.62
10.05.2022 17:00:00.000,395.947,403.117,395.617,403.056,452106506.35
10.05.2022 18:00:00.000,403.056,403.237,399.886,401.286,466225524.9
10.05.2022 19:00:00.000,401.306,402.767,398.066,399.106,453590423.58
11.05.2022 13:00:00.000,397.997,403.157,396.187,402.167,263899017.33
11.05.2022 14:00:00.000,402.157,404.007,399.596,401.457,509320617.68
11.05.2022 15:00:00.000,401.446,403.787,399.556,401.367,456667297.36
11.05.2022 16:00:00.000,401.366,401.656,396.816,396.987,420088134.77
11.05.2022 17:00:00.000,396.986,397.087,393.246,393.476,435696441.65
11.05.2022 18:00:00.000,393.507,398.137,393.436,395.306,455044769.29
11.05.2022 19:00:00.000,395.306,395.736,391.946,392.637,418730163.57
12.05.2022 13:00:00.000,389.326,391.236,386.926,388.586,258629150.39
12.05.2022 14:00:00.000,388.577,394.216,387.346,393.996,504578277.59
12.05.2022 15:00:00.000,393.996,395.756,388.647,388.687,446708496.09
12.05.2022 16:00:00.000,388.677,392.346,388.156,390.456,444937683.11
12.05.2022 17:00:00.000,390.456,391.076,386.316,387.056,418749389.65
12.05.2022 18:00:00.000,387.037,387.937,385.146,385.726,406290832.52
12.05.2022 19:00:00.000,385.747,392.486,385.356,392.456,465395935.06
13.05.2022 13:00:00.000,396.636,399.047,395.596,398.597,237801177.98
13.05.2022 14:00:00.000,398.597,401.467,398.446,400.877,386619476.32
13.05.2022 15:00:00.000,400.877,401.777,400.246,401.526,324818298.34
13.05.2022 16:00:00.000,401.536,403.166,400.676,401.747,241340774.54
13.05.2022 17:00:00.000,401.757,402.147,399.096,399.326,311882232.67
13.05.2022 18:00:00.000,399.326,400.577,397.176,400.537,371744628.91
13.05.2022 19:00:00.000,400.537,402.537,399.866,401.536,376998565.67
16.05.2022 13:00:00.000,399.957,401.247,397.577,398.696,241006057.74
16.05.2022 14:00:00.000,398.717,401.787,397.627,398.516,451853088.38
16.05.2022 15:00:00.000,398.516,401.697,397.957,401.427,410228546.14
16.05.2022 16:00:00.000,401.427,402.046,399.417,399.777,355706146.24
16.05.2022 17:00:00.000,399.786,402.796,399.326,402.007,352090576.17
16.05.2022 18:00:00.000,402.006,403.947,401.466,402.977,321360137.94
16.05.2022 19:00:00.000,402.977,403.357,399.297,400.026,364484771.73
17.05.2022 13:00:00.000,406.506,406.597,404.386,405.177,221580474.85
17.05.2022 14:00:00.000,405.186,406.137,402.566,403.786,384445190.43
17.05.2022 15:00:00.000,403.786,406.017,403.636,405.447,297692749.02
17.05.2022 16:00:00.000,405.437,406.907,404.566,406.217,272875823.97
17.05.2022 17:00:00.000,406.226,407.137,405.436,406.286,251663772.58
17.05.2022 18:00:00.000,406.307,407.736,403.507,407.066,428444213.87
17.05.2022 19:00:00.000,407.077,408.367,406.757,408.227,343546966.55
18.05.2022 13:00:00.000,403.456,403.787,400.857,401.097,214496978.76
18.05.2022 14:00:00.000,401.106,402.097,399.926,400.747,388900177
18.05.2022 15:00:00.000,400.757,400.757,396.276,396.466,272332672.12
18.05.2022 16:00:00.000,396.487,397.137,395.206,397.026,311218933.11
18.05.2022 17:00:00.000,397.046,397.046,392.447,393.006,291471649.17
18.05.2022 18:00:00.000,393.006,393.877,391.436,391.656,349101867.68
18.05.2022 19:00:00.000,391.696,392.727,390.547,391.676,376721710.21
19.05.2022 13:00:00.000,388.547,391.777,387.086,388.456,245832244.87
19.05.2022 14:00:00.000,388.487,391.907,387.857,389.207,485503936.77
19.05.2022 15:00:00.000,389.226,393.306,388.266,391.877,434142883.3
19.05.2022 16:00:00.000,391.886,392.987,388.816,389.946,373664978.03
19.05.2022 17:00:00.000,389.937,392.227,388.316,391.717,400023712.16
19.05.2022 18:00:00.000,391.727,393.127,389.986,392.796,412022338.87
19.05.2022 19:00:00.000,392.787,394.096,389.036,389.547,421276733.4
20.05.2022 13:00:00.000,393.236,393.807,391.657,392.787,240156112.67
20.05.2022 14:00:00.000,392.777,393.256,387.457,387.546,419055175.78
20.05.2022 15:00:00.000,387.566,387.946,385.457,386.166,403671691.89
20.05.2022 16:00:00.000,386.176,386.357,381.857,382.946,389743286.13
20.05.2022 17:00:00.000,382.926,384.056,380.537,383.456,424365753.17
20.05.2022 18:00:00.000,383.466,384.796,381.346,383.516,400962493.9
20.05.2022 19:00:00.000,383.526,389.927,382.327,389.817,422650024.41
23.05.2022 13:00:00.000,392.827,394.407,391.087,392.156,240999725.34
23.05.2022 14:00:00.000,392.177,394.987,390.376,393.897,454174072.27
23.05.2022 15:00:00.000,393.857,396.997,393.477,396.426,383010620.12
23.05.2022 16:00:00.000,396.426,397.597,395.257,395.937,320562500
23.05.2022 17:00:00.000,395.946,396.816,393.996,396.696,299800262.45
23.05.2022 18:00:00.000,396.696,397.707,396.066,396.216,312671478.27
23.05.2022 19:00:00.000,396.227,397.237,394.926,396.776,346688964.84
24.05.2022 13:00:00.000,392.556,393.567,390.607,390.767,212559646.61
24.05.2022 14:00:00.000,390.757,390.887,386.947,388.097,425898468.02
24.05.2022 15:00:00.000,388.077,391.046,387.307,390.257,397254638.67
24.05.2022 16:00:00.000,390.247,392.617,389.156,390.246,359518157.96
24.05.2022 17:00:00.000,390.216,391.987,388.746,391.497,361629943.85
24.05.2022 18:00:00.000,391.487,393.236,390.006,390.806,373560638.43
24.05.2022 19:00:00.000,390.807,395.137,390.657,393.467,346938751.22
25.05.2022 13:00:00.000,392.286,395.337,391.916,394.426,216700942.99
25.05.2022 14:00:00.000,394.426,397.417,393.496,396.346,384438262.94
25.05.2022 15:00:00.000,396.356,396.457,394.136,395.157,323507171.63
25.05.2022 16:00:00.000,395.147,395.726,393.107,394.426,299798492.43
25.05.2022 17:00:00.000,394.417,395.177,393.276,394.446,313356018.07
25.05.2022 18:00:00.000,394.457,397.877,392.577,397.677,413596282.96
25.05.2022 19:00:00.000,397.677,399.437,396.407,397.296,344862365.72
26.05.2022 13:00:00.000,398.666,402.797,398.457,402.546,222421295.17
26.05.2022 14:00:00.000,402.557,404.037,402.366,403.987,338412109.38
26.05.2022 15:00:00.000,403.987,404.907,403.656,404.396,252097061.16
26.05.2022 16:00:00.000,404.387,406.357,404.196,406.306,198264694.21
26.05.2022 17:00:00.000,406.307,406.997,405.426,406.226,216086013.79
26.05.2022 18:00:00.000,406.236,406.607,405.357,405.997,239830718.99
26.05.2022 19:00:00.000,405.997,407.006,404.526,405.276,310703979.49
27.05.2022 13:00:00.000,407.876,411.537,407.687,410.996,205349990.84
27.05.2022 14:00:00.000,411.026,412.277,410.626,410.936,311361297.61
27.05.2022 15:00:00.000,410.946,412.627,410.497,412.496,242881881.71
27.05.2022 16:00:00.000,412.506,412.857,411.786,412.416,192917343.14
27.05.2022 17:00:00.000,412.406,412.806,411.876,412.277,171628143.31
27.05.2022 18:00:00.000,412.266,413.196,411.927,413.127,162757629.39
27.05.2022 19:00:00.000,413.136,415.017,412.996,414.967,220637207.03
31.05.2022 13:00:00.000,413.527,413.877,410.226,411.197,229389511.11
31.05.2022 14:00:00.000,411.157,413.457,410.016,412.906,419746856.69
31.05.2022 15:00:00.000,412.887,414.867,411.236,414.576,381096191.41
31.05.2022 16:00:00.000,414.586,415.757,413.476,415.146,313078552.25
31.05.2022 17:00:00.000,415.146,416.317,413.596,416.217,325301940.92
31.05.2022 18:00:00.000,416.206,416.447,412.227,413.026,364916442.87
31.05.2022 19:00:00.000,413.027,415.246,412.056,412.626,378810241.7
01.06.2022 13:00:00.000,415.117,416.227,413.927,414.636,224373474.12
01.06.2022 14:00:00.000,414.636,415.176,409.086,410.736,396280670.17
01.06.2022 15:00:00.000,410.727,410.727,407.356,407.637,396556640.63
01.06.2022 16:00:00.000,407.606,408.547,406.926,407.996,349971588.13
01.06.2022 17:00:00.000,407.987,410.406,407.756,409.817,345696044.92
01.06.2022 18:00:00.000,409.806,412.297,409.676,411.107,369176605.22
01.06.2022 19:00:00.000,411.107,412.517,409.526,409.636,386943603.52
02.06.2022 13:00:00.000,409.416,409.607,407.296,408.167,231012054.44
02.06.2022 14:00:00.000,408.167,410.537,407.026,409.737,450500579.83
02.06.2022 15:00:00.000,409.757,413.347,409.566,412.297,357748718.26
02.06.2022 16:00:00.000,412.307,414.657,412.056,414.287,253481887.82
02.06.2022 17:00:00.000,414.297,415.216,413.607,415.016,246244750.98
02.06.2022 18:00:00.000,415.006,415.787,414.606,414.677,220493759.16
02.06.2022 19:00:00.000,414.686,417.427,414.586,417.226,289123016.36
03.06.2022 13:00:00.000,412.307,413.957,411.346,413.136,235883880.62
03.06.2022 14:00:00.000,412.967,414.016,410.706,411.267,443475555.42
03.06.2022 15:00:00.000,411.267,411.337,409.506,410.456,348639251.71
03.06.2022 16:00:00.000,410.447,412.227,409.706,412.137,314898895.26
03.06.2022 17:00:00.000,412.147,413.247,410.357,410.746,311840026.86
03.06.2022 18:00:00.000,410.756,412.107,410.286,411.546,300168914.79
03.06.2022 19:00:00.000,411.566,411.767,409.706,410.456,349720458.98
06.06.2022 13:00:00.000,414.767,415.477,413.647,415.146,223120498.66
06.06.2022 14:00:00.000,415.157,416.587,415.006,416.076,375079864.5
06.06.2022 15:00:00.000,416.076,416.467,412.746,413.706,355279907.23
06.06.2022 16:00:00.000,413.736,413.776,410.826,412.386,327216979.98
06.06.2022 17:00:00.000,412.386,413.807,411.306,413.757,307549072.27
06.06.2022 18:00:00.000,413.767,413.807,410.826,411.817,322268218.99
06.06.2022 19:00:00.000,411.847,412.367,410.536,411.766,352890991.21
07.06.2022 13:00:00.000,408.056,410.527,407.596,409.697,215506332.4
07.06.2022 14:00:00.000,409.696,413.626,408.947,413.026,363053253.17
07.06.2022 15:00:00.000,413.026,413.367,410.847,411.767,294823669.43
07.06.2022 16:00:00.000,411.766,412.657,410.646,412.477,257758209.23
07.06.2022 17:00:00.000,412.487,413.577,412.226,413.096,210924499.51
07.06.2022 18:00:00.000,413.097,414.896,412.897,414.097,194819076.54
07.06.2022 19:00:00.000,414.096,416.197,413.966,415.696,199567886.35
08.06.2022 13:00:00.000,413.907,415.786,412.656,415.267,205867889.4
08.06.2022 14:00:00.000,415.277,415.427,413.267,414.117,354209320.07
08.06.2022 15:00:00.000,414.147,415.677,413.647,414.786,277662628.17
08.06.2022 16:00:00.000,414.796,415.367,411.556,412.706,266298553.47
08.06.2022 17:00:00.000,412.697,412.717,410.647,411.507,254129562.38
08.06.2022 18:00:00.000,411.517,412.016,410.396,411.217,250970977.78
08.06.2022 19:00:00.000,411.247,412.476,410.376,411.287,259419952.39
09.06.2022 13:00:00.000,409.287,411.666,408.396,411.636,230736831.67
09.06.2022 14:00:00.000,411.647,411.717,408.607,409.336,384474487.3
09.06.2022 15:00:00.000,409.337,410.327,408.106,409.417,315983428.96
09.06.2022 16:00:00.000,409.417,410.507,408.296,410.316,271988098.14
09.06.2022 17:00:00.000,410.327,410.916,408.276,409.427,245482345.58
09.06.2022 18:00:00.000,409.436,409.436,406.586,406.596,243858642.58
09.06.2022 19:00:00.000,406.596,406.687,401.437,401.437,310620483.4
10.06.2022 13:00:00.000,394.887,395.747,392.887,393.377,235945022.58
10.06.2022 14:00:00.000,393.107,393.236,390.177,390.796,396051055.91
10.06.2022 15:00:00.000,390.806,391.596,389.856,391.047,303219390.87
10.06.2022 16:00:00.000,391.027,391.877,390.036,390.556,243156845.09
10.06.2022 17:00:00.000,390.546,392.797,389.916,391.587,235677108.76
10.06.2022 18:00:00.000,391.597,393.437,390.856,393.106,260543884.28
10.06.2022 19:00:00.000,393.087,394.237,389.746,389.807,327047637.94
13.06.2022 13:00:00.000,379.806,381.787,379.167,379.786,246955963.13
13.06.2022 14:00:00.000,379.786,380.677,375.457,376.106,406495574.95
13.06.2022 15:00:00.000,376.117,379.267,374.926,378.276,394693908.69
13.06.2022 16:00:00.000,378.266,381.346,377.817,378.167,390445098.88
13.06.2022 17:00:00.000,378.207,379.957,376.896,379.317,313780548.1
13.06.2022 18:00:00.000,379.327,379.356,376.676,376.906,290904937.74
13.06.2022 19:00:00.000,376.896,378.047,373.306,374.996,378093200.68
14.06.2022 13:00:00.000,376.807,377.616,374.496,377.417,232738540.65
14.06.2022 14:00:00.000,377.427,377.927,373.096,375.146,436866699.22
14.06.2022 15:00:00.000,375.147,375.947,373.127,374.936,387749755.86
14.06.2022 16:00:00.000,374.927,374.987,372.576,373.987,328063140.87
14.06.2022 17:00:00.000,373.976,376.407,372.656,373.157,333075225.83
14.06.2022 18:00:00.000,373.167,374.407,371.997,372.166,300770324.71
14.06.2022 19:00:00.000,372.157,375.027,370.567,373.756,350658782.96
15.06.2022 13:00:00.000,377.326,379.107,376.686,378.587,205935119.63
15.06.2022 14:00:00.000,378.617,379.487,376.396,377.227,351674743.65
15.06.2022 15:00:00.000,377.227,377.487,376.046,377.407,276157714.84
15.06.2022 16:00:00.000,377.407,378.306,376.016,376.136,231173339.84
15.06.2022 17:00:00.000,376.157,378.567,376.067,378.086,218712661.74
15.06.2022 18:00:00.000,378.087,382.616,372.116,378.097,541505554.2
15.06.2022 19:00:00.000,378.097,383.856,377.856,379.176,479988830.57
16.06.2022 13:00:00.000,370.416,370.917,368.026,368.806,232806854.25
16.06.2022 14:00:00.000,368.776,369.137,365.746,366.036,411166351.32
16.06.2022 15:00:00.000,366.047,368.757,365.947,367.856,376124145.51
16.06.2022 16:00:00.000,367.877,368.087,366.236,367.616,361891174.32
16.06.2022 17:00:00.000,367.666,368.927,365.797,365.817,360765625
16.06.2022 18:00:00.000,365.806,366.367,364.076,364.817,311138092.04
16.06.2022 19:00:00.000,364.797,367.446,364.636,367.027,386956176.76
17.06.2022 13:00:00.000,365.486,369.357,365.396,368.367,218701339.72
17.06.2022 14:00:00.000,368.376,368.576,362.156,363.526,422405059.81
17.06.2022 15:00:00.000,363.536,367.247,362.786,364.767,399231750.49
17.06.2022 16:00:00.000,364.787,366.227,364.007,365.697,372586730.96
17.06.2022 17:00:00.000,365.706,368.736,365.437,367.237,356467102.05
17.06.2022 18:00:00.000,367.247,368.987,366.986,367.447,338344604.49
17.06.2022 19:00:00.000,367.457,368.207,365.646,366.106,361732269.29
21.06.2022 13:00:00.000,371.796,374.847,371.727,374.807,187507934.57
21.06.2022 14:00:00.000,374.827,376.227,374.377,376.057,299918579.1
21.06.2022 15:00:00.000,376.076,376.257,374.196,374.197,229866043.09
21.06.2022 16:00:00.000,374.196,375.596,373.896,375.556,228745529.17
21.06.2022 17:00:00.000,375.567,375.927,374.726,374.836,204298934.94
21.06.2022 18:00:00.000,374.836,376.157,374.516,376.076,227015213.01
21.06.2022 19:00:00.000,376.087,376.516,374.666,375.067,209800949.1
22.06.2022 13:00:00.000,370.607,374.477,370.017,373.517,232414382.93
22.06.2022 14:00:00.000,373.506,377.937,372.756,376.766,383395385.74
22.06.2022 15:00:00.000,376.807,377.666,374.586,374.657,320195159.91
22.06.2022 16:00:00.000,374.667,376.507,374.097,376.416,303906494.14
22.06.2022 17:00:00.000,376.427,377.436,375.487,377.097,224175949.1
22.06.2022 18:00:00.000,377.106,378.716,376.477,377.226,242618698.12
22.06.2022 19:00:00.000,377.237,377.577,374.266,374.296,316022644.04
23.06.2022 13:00:00.000,376.626,377.367,374.776,377.007,242406768.8
23.06.2022 14:00:00.000,377.006,378.076,375.306,377.816,426640136.72
23.06.2022 15:00:00.000,377.826,378.177,375.056,375.186,340358306.88
23.06.2022 16:00:00.000,375.196,375.407,373.066,373.557,314767761.23
23.06.2022 17:00:00.000,373.577,374.967,372.867,374.837,296789764.4
23.06.2022 18:00:00.000,374.847,376.507,374.516,376.146,264293426.51
23.06.2022 19:00:00.000,376.157,378.817,375.706,378.077,246432220.46
24.06.2022 13:00:00.000,381.387,384.107,381.346,383.756,186387146
24.06.2022 14:00:00.000,383.737,387.157,383.736,386.467,346422729.49
24.06.2022 15:00:00.000,386.467,387.206,385.946,386.997,239528152.47
24.06.2022 16:00:00.000,387.007,387.447,386.526,387.207,182016372.68
24.06.2022 17:00:00.000,387.217,387.617,386.796,386.966,158072799.68
24.06.2022 18:00:00.000,386.976,387.906,386.756,387.837,143366806.03
24.06.2022 19:00:00.000,387.856,390.077,387.616,390.077,140949462.89
27.06.2022 13:00:00.000,391.047,391.307,387.507,388.097,207544265.75
27.06.2022 14:00:00.000,388.106,390.837,387.976,390.367,368479522.71
27.06.2022 15:00:00.000,390.376,391.117,389.376,390.577,291075958.25
27.06.2022 16:00:00.000,390.586,390.736,388.536,389.797,266140197.75
27.06.2022 17:00:00.000,389.807,389.917,388.077,388.386,252544326.78
27.06.2022 18:00:00.000,388.397,389.347,387.956,388.567,243513137.82
27.06.2022 19:00:00.000,388.567,389.197,387.436,388.626,294772155.76
28.06.2022 13:00:00.000,390.187,393.146,390.007,391.886,210080032.35
28.06.2022 14:00:00.000,391.866,392.287,387.517,388.757,384939178.47
28.06.2022 15:00:00.000,388.757,388.957,383.856,384.076,339504608.15
28.06.2022 16:00:00.000,384.077,385.327,383.276,384.516,310031311.04
28.06.2022 17:00:00.000,384.526,384.537,382.516,383.066,290559173.58
28.06.2022 18:00:00.000,383.076,383.757,380.706,381.497,250234176.64
28.06.2022 19:00:00.000,381.487,381.916,380.526,380.717,288210418.7
29.06.2022 13:00:00.000,381.197,381.887,378.376,381.067,238352157.59
29.06.2022 14:00:00.000,381.066,382.257,379.617,380.826,435625915.53
29.06.2022 15:00:00.000,380.827,381.137,379.186,380.507,324683898.93
29.06.2022 16:00:00.000,380.516,380.677,378.437,379.557,285305725.1
29.06.2022 17:00:00.000,379.547,380.897,378.736,380.816,239568847.66
29.06.2022 18:00:00.000,380.807,381.687,379.667,380.067,222448257.45
29.06.2022 19:00:00.000,380.057,381.497,379.506,380.357,271034210.21
30.06.2022 13:00:00.000,376.237,376.976,373.036,373.336,229971237.18
30.06.2022 14:00:00.000,373.327,375.887,372.546,375.787,397770599.37
30.06.2022 15:00:00.000,375.776,378.397,374.836,378.326,340572357.18
30.06.2022 16:00:00.000,378.327,380.637,376.906,379.556,305832489.01
30.06.2022 17:00:00.000,379.566,380.467,377.696,379.817,300316375.73
30.06.2022 18:00:00.000,379.816,380.087,376.717,377.236,332100616.46
30.06.2022 19:00:00.000,377.227,378.666,375.077,377.207,351582336.43
01.07.2022 13:00:00.000,376.496,379.697,375.746,378.566,238721710.21
01.07.2022 14:00:00.000,378.667,379.976,373.796,375.396,451762512.21
01.07.2022 15:00:00.000,375.386,377.497,374.666,375.417,391408447.27
01.07.2022 16:00:00.000,375.397,377.117,374.896,375.656,305925292.97
01.07.2022 17:00:00.000,375.646,378.307,375.456,378.206,288039276.12
01.07.2022 18:00:00.000,378.217,380.147,377.286,379.877,261837066.65
01.07.2022 19:00:00.000,379.916,381.667,378.916,380.816,276988372.8
05.07.2022 13:00:00.000,375.837,376.267,373.276,373.826,236991241.46
05.07.2022 14:00:00.000,373.827,376.257,372.897,374.126,445300201.42
05.07.2022 15:00:00.000,374.096,375.737,373.046,375.227,392979034.42
05.07.2022 16:00:00.000,375.227,377.106,374.856,375.397,340007507.32
05.07.2022 17:00:00.000,375.406,378.047,375.316,377.457,294665466.31
05.07.2022 18:00:00.000,377.467,380.477,377.206,379.866,289937561.04
05.07.2022 19:00:00.000,379.866,381.957,379.267,381.957,300803405.76
06.07.2022 13:00:00.000,382.096,383.627,380.807,382.076,232654754.64
06.07.2022 14:00:00.000,382.076,383.447,380.617,381.576,450109954.83
06.07.2022 15:00:00.000,381.576,381.686,379.586,380.696,334226043.7
06.07.2022 16:00:00.000,380.686,381.057,379.927,380.937,256519805.91
06.07.2022 17:00:00.000,380.947,382.087,380.916,381.867,196272506.71
06.07.2022 18:00:00.000,381.886,385.047,380.666,384.526,380175109.86
06.07.2022 19:00:00.000,384.537,385.857,382.496,383.297,298321746.83
07.07.2022 13:00:00.000,385.117,387.586,385.076,387.357,188960037.23
07.07.2022 14:00:00.000,387.377,387.817,386.046,387.366,337327606.2
07.07.2022 15:00:00.000,387.357,388.037,386.966,387.867,234815093.99
07.07.2022 16:00:00.000,387.876,388.396,387.637,388.027,163444885.25
07.07.2022 17:00:00.000,388.037,388.467,387.336,388.406,142825256.35
07.07.2022 18:00:00.000,388.406,388.957,388.316,388.856,133255203.25
07.07.2022 19:00:00.000,388.877,389.806,388.566,388.937,178678863.53
08.07.2022 13:00:00.000,387.197,388.517,385.857,386.276,228822799.68
08.07.2022 14:00:00.000,386.316,389.807,385.646,389.487,350316345.21
08.07.2022 15:00:00.000,389.497,390.626,389.037,389.937,244056457.52
08.07.2022 16:00:00.000,389.957,389.986,387.016,387.156,270073883.06
08.07.2022 17:00:00.000,387.167,389.047,386.636,388.466,194937805.18
08.07.2022 18:00:00.000,388.476,390.217,388.076,390.006,163431854.25
08.07.2022 19:00:00.000,390.017,390.326,388.416,388.687,226975540.16
11.07.2022 13:00:00.000,385.787,386.867,383.676,384.626,219794006.35
11.07.2022 14:00:00.000,384.607,385.527,383.647,384.086,369918365.48
11.07.2022 15:00:00.000,384.096,385.356,384.016,384.567,285570617.68
11.07.2022 16:00:00.000,384.577,385.237,384.226,385.006,197565902.71
11.07.2022 17:00:00.000,385.016,386.807,384.896,386.397,197948516.85
11.07.2022 18:00:00.000,386.396,386.457,384.586,384.586,200813171.39
11.07.2022 19:00:00.000,384.576,384.756,383.506,384.267,227819015.5
12.07.2022 13:00:00.000,383.637,386.147,383.587,383.737,218473983.76
12.07.2022 14:00:00.000,383.727,384.246,382.506,384.037,407922454.83
12.07.2022 15:00:00.000,384.046,385.337,383.486,384.307,307178710.94
12.07.2022 16:00:00.000,384.286,385.206,383.906,384.817,241653854.37
12.07.2022 17:00:00.000,384.816,385.347,383.647,384.387,218565811.16
12.07.2022 18:00:00.000,384.396,384.497,382.476,382.487,175468780.52
12.07.2022 19:00:00.000,382.497,382.497,378.976,380.836,289581817.63
13.07.2022 13:00:00.000,375.057,378.096,374.636,377.517,243712432.86
13.07.2022 14:00:00.000,377.526,380.186,375.056,379.567,458990997.31
13.07.2022 15:00:00.000,379.576,380.857,377.977,378.747,357336761.47
13.07.2022 16:00:00.000,378.757,380.817,378.596,380.787,289762268.07
13.07.2022 17:00:00.000,380.787,381.876,379.886,380.826,278231323.24
13.07.2022 18:00:00.000,380.826,381.376,378.536,381.376,325314819.34
13.07.2022 19:00:00.000,381.386,381.437,378.856,378.876,296129272.46
14.07.2022 13:00:00.000,373.556,374.366,371.736,372.307,230629913.33
14.07.2022 14:00:00.000,372.317,373.027,371.027,372.327,365694335.94
14.07.2022 15:00:00.000,372.326,375.977,372.226,375.677,386258850.1
14.07.2022 16:00:00.000,375.697,375.936,373.127,373.936,295958831.79
14.07.2022 17:00:00.000,373.946,375.806,373.216,375.576,285583648.68
14.07.2022 18:00:00.000,375.576,378.327,375.476,377.767,271459350.59
14.07.2022 19:00:00.000,377.777,378.537,377.066,377.957,272396789.55
15.07.2022 13:00:00.000,382.497,383.317,380.536,381.397,213012908.94
15.07.2022 14:00:00.000,381.227,384.306,381.227,383.676,386129547.12
15.07.2022 15:00:00.000,383.677,384.836,383.567,383.987,271061737.06
15.07.2022 16:00:00.000,383.997,384.287,383.216,383.766,218843139.65
15.07.2022 17:00:00.000,383.776,384.766,383.737,384.176,149887161.25
15.07.2022 18:00:00.000,384.186,384.766,383.706,384.326,156342041.02
15.07.2022 19:00:00.000,384.336,385.227,383.596,384.977,189368545.53
18.07.2022 13:00:00.000,388.337,389.067,387.666,388.276,204100326.54
18.07.2022 14:00:00.000,388.266,388.687,387.196,387.927,338132598.88
18.07.2022 15:00:00.000,387.947,388.447,387.306,388.357,222196868.9
18.07.2022 16:00:00.000,388.357,388.387,387.026,387.146,158414306.64
18.07.2022 17:00:00.000,387.137,387.347,384.316,384.487,216943267.82
18.07.2022 18:00:00.000,384.496,385.107,382.956,383.096,283418823.24
18.07.2022 19:00:00.000,383.107,383.976,380.657,381.996,293318695.07
19.07.2022 13:00:00.000,386.037,386.896,385.376,386.857,207821487.43
19.07.2022 14:00:00.000,386.866,388.967,386.226,388.806,313791717.53
19.07.2022 15:00:00.000,388.827,389.897,388.696,389.667,183111297.61
19.07.2022 16:00:00.000,389.666,390.487,388.786,390.477,162216949.46
19.07.2022 17:00:00.000,390.477,391.617,389.767,391.586,138574462.89
19.07.2022 18:00:00.000,391.566,392.327,391.036,391.727,189500427.25
19.07.2022 19:00:00.000,391.737,392.847,391.326,392.257,194594436.65
20.07.2022 13:00:00.000,392.426,392.906,391.296,391.447,192351074.22
20.07.2022 14:00:00.000,391.446,395.927,391.026,395.927,317580047.61
20.07.2022 15:00:00.000,395.916,395.956,394.646,395.767,254286056.52
20.07.2022 16:00:00.000,395.757,396.247,393.356,394.677,231253173.83
20.07.2022 17:00:00.000,394.666,394.757,392.407,392.526,337222412.11
20.07.2022 18:00:00.000,392.537,394.867,392.467,394.506,279682342.53
20.07.2022 19:00:00.000,394.516,395.807,394.336,394.816,246473251.34
21.07.2022 13:00:00.000,394.097,395.467,392.766,394.927,240109909.06
21.07.2022 14:00:00.000,394.956,395.736,391.636,394.387,422664581.3
21.07.2022 15:00:00.000,394.377,395.927,393.916,395.447,293871917.72
21.07.2022 16:00:00.000,395.446,397.647,395.346,397.306,238815887.45
21.07.2022 17:00:00.000,397.316,397.587,395.646,396.456,248662063.6
21.07.2022 18:00:00.000,396.457,397.397,396.246,396.937,204497085.57
21.07.2022 19:00:00.000,396.946,398.817,396.886,398.776,229905929.57
22.07.2022 13:00:00.000,398.866,400.156,397.906,397.916,216612762.45
22.07.2022 14:00:00.000,397.937,399.207,397.217,398.687,372715667.72
22.07.2022 15:00:00.000,398.687,398.816,395.306,396.267,326436370.85
22.07.2022 16:00:00.000,396.256,396.607,394.927,395.227,293596252.44
22.07.2022 17:00:00.000,395.237,395.237,393.266,394.017,258788940.43
22.07.2022 18:00:00.000,394.006,394.127,392.756,393.707,274390106.2
22.07.2022 19:00:00.000,393.697,395.187,393.366,395.087,265729370.12
25.07.2022 13:00:00.000,395.716,396.026,393.996,395.476,205392623.9
25.07.2022 14:00:00.000,395.477,395.847,393.727,395.206,398719482.42
25.07.2022 15:00:00.000,395.196,396.267,394.256,395.876,288012329.1
25.07.2022 16:00:00.000,395.886,396.446,394.687,395.797,225852340.7
25.07.2022 17:00:00.000,395.807,396.287,394.456,394.476,188445892.33
25.07.2022 18:00:00.000,394.487,394.717,393.647,393.787,195489166.26
25.07.2022 19:00:00.000,393.797,395.737,393.196,395.507,245494949.34
26.07.2022 13:00:00.000,393.856,394.037,392.457,393.227,193684341.43
26.07.2022 14:00:00.000,393.166,393.717,392.126,392.856,330054595.95
26.07.2022 15:00:00.000,392.866,393.076,390.506,390.597,232664520.26
26.07.2022 16:00:00.000,390.587,391.767,390.406,391.606,182305267.33
26.07.2022 17:00:00.000,391.606,392.367,391.237,391.266,155853607.18
26.07.2022 18:00:00.000,391.256,392.327,390.217,390.716,171759796.14
26.07.2022 19:00:00.000,390.726,391.497,389.936,390.876,205340423.58
27.07.2022 13:00:00.000,394.346,395.657,394.026,395.327,178584762.57
27.07.2022 14:00:00.000,395.306,396.147,394.957,396.116,240876205.44
27.07.2022 15:00:00.000,396.117,396.847,395.776,396.637,190252960.21
27.07.2022 16:00:00.000,396.627,397.047,395.986,396.016,139919906.62
27.07.2022 17:00:00.000,396.006,396.537,395.706,396.297,135103271.48
27.07.2022 18:00:00.000,396.297,400.747,395.456,399.817,374269348.14
27.07.2022 19:00:00.000,399.826,402.857,399.466,400.997,289173950.2
28.07.2022 13:00:00.000,401.847,402.747,398.297,399.327,194225509.64
28.07.2022 14:00:00.000,399.347,401.587,398.146,401.557,337442779.54
28.07.2022 15:00:00.000,401.547,404.467,401.406,403.626,243609893.8
28.07.2022 16:00:00.000,403.636,404.417,403.316,404.036,189012252.81
28.07.2022 17:00:00.000,404.046,406.397,403.596,406.147,176169586.18
28.07.2022 18:00:00.000,406.137,406.307,405.386,406.207,163417160.03
28.07.2022 19:00:00.000,406.206,406.777,405.506,405.926,196456726.07
29.07.2022 13:00:00.000,407.576,409.467,406.756,409.177,184246353.15
29.07.2022 14:00:00.000,409.186,410.966,408.587,409.407,280133270.26
29.07.2022 15:00:00.000,409.397,409.777,407.996,409.557,239621078.49
29.07.2022 16:00:00.000,409.566,410.717,408.826,410.476,185871810.91
29.07.2022 17:00:00.000,410.497,411.207,410.006,410.876,139894668.58
29.07.2022 18:00:00.000,410.876,412.007,410.617,411.856,135591674.8
29.07.2022 19:00:00.000,411.856,412.977,411.766,411.836,179917297.36
01.08.2022 13:00:00.000,409.117,411.747,408.396,411.157,179719390.87
01.08.2022 14:00:00.000,410.977,413.387,410.017,413.037,307734893.8
01.08.2022 15:00:00.000,413.057,413.386,411.516,412.697,243121490.48
01.08.2022 16:00:00.000,412.706,412.827,411.276,411.856,225102218.63
01.08.2022 17:00:00.000,411.847,411.867,409.056,410.007,237852310.18
01.08.2022 18:00:00.000,410.016,411.687,409.226,411.376,230899780.27
01.08.2022 19:00:00.000,411.376,411.826,410.446,410.697,211149307.25
02.08.2022 13:00:00.000,409.107,409.737,407.666,408.576,200139617.92
02.08.2022 14:00:00.000,408.577,411.377,406.796,410.477,350187530.52
02.08.2022 15:00:00.000,410.466,411.057,409.467,410.667,273386840.82
02.08.2022 16:00:00.000,410.676,412.976,410.527,412.617,217686203
02.08.2022 17:00:00.000,412.626,412.636,408.836,409.457,264464538.57
02.08.2022 18:00:00.000,409.477,410.807,409.106,409.467,267171844.48
02.08.2022 19:00:00.000,409.476,409.957,407.916,408.097,269887420.65
03.08.2022 13:00:00.000,410.296,411.716,409.996,411.437,183310989.38
03.08.2022 14:00:00.000,411.287,412.436,410.157,411.567,356230682.37
03.08.2022 15:00:00.000,411.586,413.447,411.386,413.327,276664703.37
03.08.2022 16:00:00.000,413.327,414.617,412.666,414.317,222012680.05
03.08.2022 17:00:00.000,414.316,414.796,413.936,414.546,167101150.51
03.08.2022 18:00:00.000,414.556,415.207,414.236,414.797,175034210.21
03.08.2022 19:00:00.000,414.777,415.667,414.186,414.396,185303787.23
04.08.2022 13:00:00.000,414.297,415.037,413.407,414.447,209407333.37
04.08.2022 14:00:00.000,414.457,415.077,412.426,413.987,369235656.74
04.08.2022 15:00:00.000,413.977,414.427,412.746,414.296,295577423.1
04.08.2022 16:00:00.000,414.286,414.637,413.046,413.157,229033752.44
04.08.2022 17:00:00.000,413.157,414.656,413.116,414.157,187190811.16
04.08.2022 18:00:00.000,414.167,414.507,413.586,414.197,182902038.57
04.08.2022 19:00:00.000,414.206,414.986,413.586,414.156,184538375.85
05.08.2022 13:00:00.000,409.646,412.216,409.586,412.026,206657943.73
05.08.2022 14:00:00.000,412.027,414.127,411.806,413.026,325091033.94
05.08.2022 15:00:00.000,413.037,413.077,410.076,410.646,273876281.74
05.08.2022 16:00:00.000,410.656,412.576,410.617,412.477,242525070.19
05.08.2022 17:00:00.000,412.467,413.467,412.216,412.497,217591201.78
05.08.2022 18:00:00.000,412.507,412.657,411.416,411.997,204354522.71
05.08.2022 19:00:00.000,412.006,413.687,411.797,413.427,208417160.03
08.08.2022 13:00:00.000,415.197,417.587,414.867,417.156,169264892.58
08.08.2022 14:00:00.000,417.167,417.597,416.236,416.476,315535339.36
08.08.2022 15:00:00.000,416.496,417.087,413.526,414.846,276699615.48
08.08.2022 16:00:00.000,414.836,415.007,412.357,413.317,281071563.72
08.08.2022 17:00:00.000,413.297,414.197,412.887,413.887,218066848.75
08.08.2022 18:00:00.000,413.896,413.917,411.807,412.477,262709075.93
08.08.2022 19:00:00.000,412.496,413.377,412.056,413.007,247448471.07
09.08.2022 13:00:00.000,412.197,412.707,410.897,411.117,207832809.45
09.08.2022 14:00:00.000,411.107,412.126,410.727,411.326,297991210.94
09.08.2022 15:00:00.000,411.317,412.317,410.346,411.316,252557968.14
09.08.2022 16:00:00.000,411.327,411.567,410.436,410.897,213116622.92
09.08.2022 17:00:00.000,410.886,411.487,410.306,411.266,190012054.44
09.08.2022 18:00:00.000,411.276,411.537,410.206,411.007,187389602.66
09.08.2022 19:00:00.000,411.017,411.727,410.756,411.336,182807449.34
10.08.2022 13:00:00.000,418.756,418.837,417.187,418.176,210399597.17
10.08.2022 14:00:00.000,418.196,418.827,416.696,418.757,310691650.39
10.08.2022 15:00:00.000,418.766,420.027,418.766,419.576,219370681.76
10.08.2022 16:00:00.000,419.586,419.777,418.316,419.056,169356765.75
10.08.2022 17:00:00.000,419.066,419.786,418.686,419.416,142864227.29
10.08.2022 18:00:00.000,419.426,419.616,418.446,418.487,154680526.73
10.08.2022 19:00:00.000,418.467,420.127,418.346,419.937,173079864.5
11.08.2022 13:00:00.000,422.957,423.507,422.226,423.296,175074172.97
11.08.2022 14:00:00.000,423.306,424.927,423.206,423.576,235582382.2
11.08.2022 15:00:00.000,423.577,423.657,421.086,421.597,282139160.16
11.08.2022 16:00:00.000,421.607,422.487,421.126,422.387,211797454.83
11.08.2022 17:00:00.000,422.396,422.986,421.727,421.936,194740890.5
11.08.2022 18:00:00.000,421.946,421.946,419.517,420.127,209867477.42
11.08.2022 19:00:00.000,420.126,420.337,419.196,420.037,220201385.5
12.08.2022 13:00:00.000,421.987,422.886,421.437,422.576,187560256.96
12.08.2022 14:00:00.000,422.377,422.887,421.026,422.437,319746612.55
12.08.2022 15:00:00.000,422.437,423.817,422.296,423.406,206769653.32
12.08.2022 16:00:00.000,423.416,424.327,423.366,424.167,126167213.44
12.08.2022 17:00:00.000,424.167,425.017,424.046,424.806,87227073.67
12.08.2022 18:00:00.000,424.797,425.797,424.696,425.706,87579277.04
12.08.2022 19:00:00.000,425.707,427.197,425.576,427.036,139195632.93
15.08.2022 13:00:00.000,424.717,427.317,424.696,426.916,151657241.82
15.08.2022 14:00:00.000,426.936,426.947,425.556,425.747,225485168.46
15.08.2022 15:00:00.000,425.757,428.217,425.426,427.986,175324951.17
15.08.2022 16:00:00.000,427.986,428.917,427.706,428.787,140174377.44
15.08.2022 17:00:00.000,428.786,428.986,428.096,428.527,117032905.58
15.08.2022 18:00:00.000,428.536,429.007,428.086,428.937,117600814.82
15.08.2022 19:00:00.000,428.947,429.337,428.576,428.857,133361053.47
16.08.2022 13:00:00.000,427.676,428.757,427.586,428.397,178438812.26
16.08.2022 14:00:00.000,428.366,428.487,426.867,427.486,242722702.03
16.08.2022 15:00:00.000,427.486,430.356,427.417,430.156,183786636.35
16.08.2022 16:00:00.000,430.176,430.516,429.626,429.796,144884857.18
16.08.2022 17:00:00.000,429.807,431.067,429.646,430.967,106789352.42
16.08.2022 18:00:00.000,430.977,431.706,428.126,429.086,198779663.09
16.08.2022 19:00:00.000,429.087,430.396,428.336,429.666,210277175.9
17.08.2022 13:00:00.000,425.907,427.397,425.696,426.966,184193939.21
17.08.2022 14:00:00.000,426.957,427.527,425.357,425.507,283032897.95
17.08.2022 15:00:00.000,425.516,426.507,424.536,424.886,232124420.17
17.08.2022 16:00:00.000,424.907,426.837,424.856,426.496,172973724.37
17.08.2022 17:00:00.000,426.506,427.117,426.036,426.677,168606079.1
17.08.2022 18:00:00.000,426.677,429.487,426.356,427.736,336798767.09
17.08.2022 19:00:00.000,427.736,428.537,426.157,426.676,257794982.91
18.08.2022 13:00:00.000,426.837,426.997,425.797,426.016,183640640.26
18.08.2022 14:00:00.000,426.027,427.337,425.496,426.727,260768432.62
18.08.2022 15:00:00.000,426.737,428.127,426.127,427.626,204747589.11
18.08.2022 16:00:00.000,427.637,427.897,425.867,426.376,189897430.42
18.08.2022 17:00:00.000,426.377,427.377,426.187,426.977,179733245.85
18.08.2022 18:00:00.000,426.986,427.836,426.746,427.627,145386901.86
18.08.2022 19:00:00.000,427.626,428.597,427.266,427.817,163625793.46
19.08.2022 13:00:00.000,424.977,425.247,422.796,423.157,175745864.87
19.08.2022 14:00:00.000,423.146,423.537,422.436,422.476,246276046.75
19.08.2022 15:00:00.000,422.487,423.077,421.706,422.486,199018508.91
19.08.2022 16:00:00.000,422.476,423.687,422.136,423.296,151340164.18
19.08.2022 17:00:00.000,423.317,423.636,422.016,422.836,149835220.34
19.08.2022 18:00:00.000,422.836,422.926,421.546,421.776,148304138.18
19.08.2022 19:00:00.000,421.786,422.767,421.206,422.116,186002807.62
22.08.2022 13:00:00.000,417.006,417.217,415.596,416.187,170664031.98
22.08.2022 14:00:00.000,416.186,416.236,414.356,414.356,247540588.38
22.08.2022 15:00:00.000,414.357,415.726,414.326,415.437,189857330.32
22.08.2022 16:00:00.000,415.447,415.737,414.667,415.147,155314056.4
22.08.2022 17:00:00.000,415.136,415.197,413.267,413.357,144726425.17
22.08.2022 18:00:00.000,413.366,413.577,412.526,412.866,133043472.29
22.08.2022 19:00:00.000,412.866,413.747,412.386,413.356,159775390.63
23.08.2022 13:00:00.000,412.857,414.487,412.356,413.856,192007385.25
23.08.2022 14:00:00.000,413.857,415.397,412.757,412.886,304020019.53
23.08.2022 15:00:00.000,412.907,413.537,412.007,412.937,259872161.87
23.08.2022 16:00:00.000,412.956,413.197,411.756,413.086,202383743.29
23.08.2022 17:00:00.000,413.077,413.597,412.036,412.456,209764053.34
23.08.2022 18:00:00.000,412.467,413.276,412.177,412.817,179681213.38
23.08.2022 19:00:00.000,412.807,413.497,412.126,412.296,195163146.97
24.08.2022 13:00:00.000,412.077,412.656,411.376,412.256,178346450.81
24.08.2022 14:00:00.000,412.266,413.617,411.856,413.087,266339080.81
24.08.2022 15:00:00.000,413.097,415.107,412.976,414.697,194914703.37
24.08.2022 16:00:00.000,414.686,414.987,412.776,413.067,153623336.79
24.08.2022 17:00:00.000,413.076,413.517,412.466,413.066,144448410.03
24.08.2022 18:00:00.000,413.067,413.427,412.696,413.336,127342506.41
24.08.2022 19:00:00.000,413.336,414.447,413.207,413.586,142931045.53
25.08.2022 13:00:00.000,415.217,416.487,414.086,416.397,177315658.57
25.08.2022 14:00:00.000,416.376,417.797,416.086,417.056,231041625.98
25.08.2022 15:00:00.000,417.056,417.097,415.006,416.086,195137557.98
25.08.2022 16:00:00.000,416.097,416.167,414.676,415.467,171377777.1
25.08.2022 17:00:00.000,415.467,416.967,415.236,416.747,134746490.48
25.08.2022 18:00:00.000,416.756,416.987,416.056,416.617,119844680.79
25.08.2022 19:00:00.000,416.626,419.536,416.456,419.477,153543136.6
26.08.2022 13:00:00.000,419.386,419.577,418.046,419.167,162727737.43
26.08.2022 14:00:00.000,419.177,419.936,411.946,412.757,444483978.27
26.08.2022 15:00:00.000,412.756,412.856,410.056,411.046,358407196.04
26.08.2022 16:00:00.000,411.076,411.086,409.346,410.336,250577194.21
26.08.2022 17:00:00.000,410.296,410.667,408.886,409.076,199600219.73
26.08.2022 18:00:00.000,409.047,409.317,407.336,407.436,194966537.48
26.08.2022 19:00:00.000,407.436,407.937,405.247,405.307,230764770.51
29.08.2022 13:00:00.000,402.186,404.146,401.506,402.827,202225555.42
29.08.2022 14:00:00.000,402.817,404.506,401.176,401.356,364310821.53
29.08.2022 15:00:00.000,401.367,403.507,401.266,403.367,308911468.51
29.08.2022 16:00:00.000,403.387,405.257,403.067,404.607,262444244.38
29.08.2022 17:00:00.000,404.627,405.827,403.846,405.067,228217727.66
29.08.2022 18:00:00.000,405.086,405.127,403.656,404.606,224560058.59
29.08.2022 19:00:00.000,404.596,405.586,402.387,402.626,256148712.16
30.08.2022 13:00:00.000,403.796,404.096,401.536,401.836,209842102.05
30.08.2022 14:00:00.000,401.836,402.357,396.377,398.346,377949096.68
30.08.2022 15:00:00.000,398.367,399.597,397.757,398.707,379748901.37
30.08.2022 16:00:00.000,398.726,399.936,397.396,397.996,264000976.56
30.08.2022 17:00:00.000,397.996,398.386,395.997,397.387,232506988.53
30.08.2022 18:00:00.000,397.377,398.057,396.837,397.306,255306915.28
30.08.2022 19:00:00.000,397.317,399.367,397.057,398.147,293969055.18
31.08.2022 13:00:00.000,399.926,401.217,398.176,399.597,215477569.58
31.08.2022 14:00:00.000,399.617,399.717,397.547,398.256,420354431.15
31.08.2022 15:00:00.000,398.277,399.276,396.746,398.996,325226135.25
31.08.2022 16:00:00.000,399.006,399.206,397.266,397.667,245033721.92
31.08.2022 17:00:00.000,397.667,398.376,396.146,396.746,218555664.06
31.08.2022 18:00:00.000,396.736,397.256,395.226,395.886,232216018.68
31.08.2022 19:00:00.000,395.906,397.927,395.046,395.076,286972839.36
01.09.2022 13:00:00.000,392.847,393.427,391.927,392.717,204005508.42
01.09.2022 14:00:00.000,392.786,393.207,390.116,390.327,368875366.21
01.09.2022 15:00:00.000,390.306,392.607,390.036,391.166,322831359.86
01.09.2022 16:00:00.000,391.146,392.297,390.266,390.727,259686492.92
01.09.2022 17:00:00.000,390.726,393.137,390.496,392.116,244518356.32
01.09.2022 18:00:00.000,392.136,394.986,391.816,394.246,304392059.33
01.09.2022 19:00:00.000,394.207,396.757,393.606,396.397,300409149.17
02.09.2022 13:00:00.000,400.276,400.417,397.627,397.997,212455917.36
02.09.2022 14:00:00.000,397.996,401.547,396.997,400.367,335724273.68
02.09.2022 15:00:00.000,400.367,401.377,400.057,401.137,286747497.56
02.09.2022 16:00:00.000,401.157,401.387,395.806,396.527,338000610.35
02.09.2022 17:00:00.000,396.556,396.556,392.216,392.366,376982971.19
02.09.2022 18:00:00.000,392.357,394.007,392.246,392.567,323139038.09
02.09.2022 19:00:00.000,392.557,394.016,390.317,391.517,320679901.12
06.09.2022 13:00:00.000,393.066,394.116,390.496,391.636,199807479.86
06.09.2022 14:00:00.000,391.397,393.707,388.396,393.097,413868835.45
06.09.2022 15:00:00.000,393.107,394.026,391.796,393.346,382820831.3
06.09.2022 16:00:00.000,393.336,393.707,390.406,391.616,314374084.47
06.09.2022 17:00:00.000,391.627,391.657,389.117,390.356,296805206.3
06.09.2022 18:00:00.000,390.347,391.727,389.926,390.397,316342041.02
06.09.2022 19:00:00.000,390.416,391.787,389.686,390.767,337518005.37
07.09.2022 13:00:00.000,390.377,392.737,390.196,391.716,208796981.81
07.09.2022 14:00:00.000,391.706,393.377,390.787,392.787,367781524.66
07.09.2022 15:00:00.000,392.767,394.487,392.346,393.957,285706939.7
07.09.2022 16:00:00.000,393.946,395.126,392.846,394.697,257311187.74
07.09.2022 17:00:00.000,394.666,396.567,394.527,396.437,235043624.88
07.09.2022 18:00:00.000,396.437,397.877,396.157,397.767,227719772.34
07.09.2022 19:00:00.000,397.776,398.567,397.416,397.807,231704635.62
08.09.2022 13:00:00.000,395.256,397.656,394.106,397.316,223412979.13
08.09.2022 14:00:00.000,397.326,399.967,395.726,399.876,356525634.77
08.09.2022 15:00:00.000,399.876,400.846,399.177,399.486,245075332.64
08.09.2022 16:00:00.000,399.496,399.677,394.997,397.877,342649871.83
08.09.2022 17:00:00.000,397.886,399.847,397.096,398.937,280635406.49
08.09.2022 18:00:00.000,398.946,400.037,398.327,398.566,265705047.61
08.09.2022 19:00:00.000,398.546,400.476,397.837,400.376,252162994.38
09.09.2022 13:00:00.000,402.726,404.277,402.437,404.247,198506439.21
09.09.2022 14:00:00.000,404.267,406.177,404.096,405.947,294592437.74
09.09.2022 15:00:00.000,405.966,406.167,404.806,405.637,238819107.06
09.09.2022 16:00:00.000,405.637,405.987,404.326,405.957,235525772.09
09.09.2022 17:00:00.000,405.956,406.797,405.457,406.536,139441192.63
09.09.2022 18:00:00.000,406.526,406.917,405.956,406.716,160788894.65
09.09.2022 19:00:00.000,406.727,407.487,406.476,406.537,183914398.19
12.09.2022 13:00:00.000,408.757,411.017,408.446,410.997,173436599.73
12.09.2022 14:00:00.000,411.016,411.707,410.287,410.446,281635192.87
12.09.2022 15:00:00.000,410.517,411.217,408.626,409.196,246163803.1
12.09.2022 16:00:00.000,409.186,410.267,408.457,410.236,246296707.15
12.09.2022 17:00:00.000,410.246,411.077,409.476,410.906,188326507.57
12.09.2022 18:00:00.000,410.897,410.957,409.436,410.276,208688995.36
12.09.2022 19:00:00.000,410.297,410.987,409.777,410.887,202236297.61
13.09.2022 13:00:00.000,401.757,403.076,400.796,400.867,226755294.8
13.09.2022 14:00:00.000,400.887,401.017,398.017,398.406,382234802.25
13.09.2022 15:00:00.000,398.406,398.817,397.606,397.867,317877593.99
13.09.2022 16:00:00.000,397.867,399.107,397.587,398.387,262677001.95
13.09.2022 17:00:00.000,398.376,399.647,397.956,398.406,247544998.17
13.09.2022 18:00:00.000,398.406,398.547,395.586,395.867,232663497.92
13.09.2022 19:00:00.000,395.856,396.067,391.916,393.197,300726898.19
14.09.2022 13:00:00.000,394.427,395.567,392.997,395.077,225050994.87
14.09.2022 14:00:00.000,395.087,395.667,391.737,395.466,426228302
14.09.2022 15:00:00.000,395.456,396.176,394.256,394.637,365478607.18
14.09.2022 16:00:00.000,394.637,395.687,394.007,395.237,305842498.78
14.09.2022 17:00:00.000,395.246,395.717,392.726,393.117,283413909.91
14.09.2022 18:00:00.000,393.107,393.826,392.276,392.597,319654785.16
14.09.2022 19:00:00.000,392.627,394.946,391.096,394.536,347053802.49
15.09.2022 13:00:00.000,392.876,393.146,392.697,392.967,15750000
15.09.2022 14:00:00.000,395.377,395.647,391.146,391.337,303373199.46
15.09.2022 15:00:00.000,391.336,392.597,390.366,390.956,351662109.38
15.09.2022 16:00:00.000,390.946,392.157,390.196,392.126,289557586.67
15.09.2022 17:00:00.000,392.157,394.526,392.136,392.856,291348907.47
15.09.2022 18:00:00.000,392.867,392.917,390.726,391.017,279341400.15
15.09.2022 19:00:00.000,391.026,391.147,388.776,390.136,324862487.79
16.09.2022 13:00:00.000,384.136,384.607,382.126,382.477,216198593.14
16.09.2022 14:00:00.000,382.517,385.867,382.476,383.526,435612304.69
16.09.2022 15:00:00.000,383.546,384.666,382.836,384.267,380598297.12
16.09.2022 16:00:00.000,384.266,384.377,382.097,383.497,279864593.51
16.09.2022 17:00:00.000,383.476,383.847,382.436,382.786,244863006.59
16.09.2022 18:00:00.000,382.797,385.207,382.646,384.867,278810699.46
16.09.2022 19:00:00.000,384.836,386.217,384.116,385.597,353486694.34
19.09.2022 13:00:00.000,382.197,385.477,382.106,384.837,205648498.54
19.09.2022 14:00:00.000,384.846,387.147,384.027,386.186,368641815.19
19.09.2022 15:00:00.000,386.196,387.047,384.166,384.517,319621795.65
19.09.2022 16:00:00.000,384.516,386.296,383.866,386.106,293803192.14
19.09.2022 17:00:00.000,386.116,386.266,384.967,385.407,242233505.25
19.09.2022 18:00:00.000,385.426,385.907,384.666,385.847,255272399.9
19.09.2022 19:00:00.000,385.857,388.516,385.836,388.497,298494903.56
20.09.2022 13:00:00.000,385.016,385.257,383.446,383.647,154867202.76
20.09.2022 14:00:00.000,383.806,384.757,382.737,384.666,187576202.39
20.09.2022 15:00:00.000,384.656,385.847,384.117,385.677,306087890.63
20.09.2022 16:00:00.000,385.686,386.107,383.807,384.187,245807693.48
20.09.2022 17:00:00.000,384.206,384.306,381.176,381.396,256630493.16
20.09.2022 18:00:00.000,381.387,383.636,381.337,383.317,260206787.11
20.09.2022 19:00:00.000,383.327,385.437,382.827,384.187,312133514.4
21.09.2022 13:00:00.000,386.066,386.857,385.396,386.217,194200805.66
21.09.2022 14:00:00.000,386.207,387.237,385.566,385.967,313490997.31
21.09.2022 15:00:00.000,385.977,386.357,385.386,386.026,238272598.27
21.09.2022 16:00:00.000,386.026,386.847,385.796,385.887,169752593.99
21.09.2022 17:00:00.000,385.877,387.176,385.577,386.926,157423202.51
21.09.2022 18:00:00.000,386.927,389.286,380.236,387.457,536076293.95
21.09.2022 19:00:00.000,387.467,388.027,377.376,377.396,436305297.85
22.09.2022 13:00:00.000,376.536,377.637,374.436,374.917,225893402.1
22.09.2022 14:00:00.000,374.916,376.546,373.937,374.076,428320495.61
22.09.2022 15:00:00.000,374.076,375.367,373.426,374.416,352930786.13
22.09.2022 16:00:00.000,374.406,375.987,374.146,375.157,326023193.36
22.09.2022 17:00:00.000,375.156,375.776,373.937,375.406,265064697.27
22.09.2022 18:00:00.000,375.386,375.646,373.696,375.406,302158508.3
22.09.2022 19:00:00.000,375.416,377.476,374.117,374.206,369669586.18
23.09.2022 13:00:00.000,370.567,370.576,367.667,367.806,220961105.35
23.09.2022 14:00:00.000,367.777,368.796,367.336,367.446,416759094.24
23.09.2022 15:00:00.000,367.437,368.817,366.077,366.796,356360687.26
23.09.2022 16:00:00.000,366.807,366.917,364.816,366.646,299771087.65
23.09.2022 17:00:00.000,366.637,367.157,365.467,366.137,278051696.78
23.09.2022 18:00:00.000,366.127,366.627,363.276,363.476,325954193.12
23.09.2022 19:00:00.000,363.457,368.217,363.396,367.917,374521514.89
26.09.2022 13:00:00.000,366.387,368.637,366.046,368.427,220460098.27
26.09.2022 14:00:00.000,368.446,370.177,367.376,368.456,416433288.57
26.09.2022 15:00:00.000,368.466,368.827,365.336,366.826,394336791.99
26.09.2022 16:00:00.000,366.827,366.877,363.887,365.547,335702087.4
26.09.2022 17:00:00.000,365.557,365.576,363.007,363.307,306367492.68
26.09.2022 18:00:00.000,363.277,365.956,363.156,365.496,328588195.8
26.09.2022 19:00:00.000,365.486,366.847,363.916,364.297,371300109.86
27.09.2022 13:00:00.000,367.997,370.367,367.576,368.417,203496902.47
27.09.2022 14:00:00.000,368.416,368.957,365.866,368.266,437295013.43
27.09.2022 15:00:00.000,368.256,368.527,363.996,364.036,381154205.32
27.09.2022 16:00:00.000,364.046,364.147,361.176,362.696,376528198.24
27.09.2022 17:00:00.000,362.707,362.707,360.867,361.746,356775299.07
27.09.2022 18:00:00.000,361.767,364.546,361.346,364.027,316128601.07
27.09.2022 19:00:00.000,364.006,364.047,362.077,363.406,356239501.95
28.09.2022 13:00:00.000,364.366,364.946,362.577,364.286,238454101.56
28.09.2022 14:00:00.000,364.277,367.486,363.117,366.516,410600402.83
28.09.2022 15:00:00.000,366.507,368.446,366.146,368.316,363839691.16
28.09.2022 16:00:00.000,368.336,369.547,368.096,368.887,276323699.95
28.09.2022 17:00:00.000,368.897,369.986,368.217,368.687,265756805.42
28.09.2022 18:00:00.000,368.697,369.796,368.366,369.456,227921997.07
28.09.2022 19:00:00.000,369.457,372.287,369.356,370.477,257878814.7
29.09.2022 13:00:00.000,366.777,367.097,362.796,363.146,227041793.82
29.09.2022 14:00:00.000,363.157,363.296,360.576,362.547,438897308.35
29.09.2022 15:00:00.000,362.536,364.647,362.116,363.997,406643096.92
29.09.2022 16:00:00.000,363.986,364.407,362.167,362.247,323295593.26
29.09.2022 17:00:00.000,362.246,362.437,360.416,360.487,278200805.66
29.09.2022 18:00:00.000,360.497,361.557,359.686,359.897,292053009.03
29.09.2022 19:00:00.000,359.897,363.237,359.876,362.767,336720611.57
30.09.2022 13:00:00.000,361.787,363.666,360.126,363.066,240526794.43
30.09.2022 14:00:00.000,363.077,364.577,361.596,364.137,448229400.63
30.09.2022 15:00:00.000,364.157,365.887,362.717,362.937,359160003.66
30.09.2022 16:00:00.000,362.947,363.377,361.796,362.637,291608093.26
30.09.2022 17:00:00.000,362.626,362.967,360.657,360.977,272063690.19
30.09.2022 18:00:00.000,360.966,361.757,359.106,359.307,306724792.48
30.09.2022 19:00:00.000,359.316,360.736,357.097,357.217,370085998.54
03.10.2022 13:00:00.000,361.076,361.607,359.196,360.517,206870407.1
03.10.2022 14:00:00.000,360.547,364.937,360.547,364.316,393499786.38
03.10.2022 15:00:00.000,364.296,365.427,363.446,363.757,277568389.89
03.10.2022 16:00:00.000,363.767,364.947,363.396,364.277,253701004.03
03.10.2022 17:00:00.000,364.277,366.157,364.156,365.657,210472503.66
03.10.2022 18:00:00.000,365.657,368.537,365.646,368.097,212440505.98
03.10.2022 19:00:00.000,368.127,368.357,366.076,366.597,231992996.22
04.10.2022 13:00:00.000,372.356,376.037,372.277,375.987,197239196.78
04.10.2022 14:00:00.000,376.036,377.376,375.887,377.207,347491210.94
04.10.2022 15:00:00.000,377.216,377.647,376.397,377.007,250745407.1
04.10.2022 16:00:00.000,377.016,377.577,375.846,376.146,245976303.1
04.10.2022 17:00:00.000,376.156,376.757,374.086,376.277,267615600.59
04.10.2022 18:00:00.000,376.297,377.397,375.456,377.086,254964004.52
04.10.2022 19:00:00.000,377.076,377.957,375.457,377.957,295278289.79
05.10.2022 13:00:00.000,373.346,375.146,373.286,374.267,216650100.71
05.10.2022 14:00:00.000,374.107,374.256,370.936,371.326,408813598.63
05.10.2022 15:00:00.000,371.317,373.417,371.186,373.017,309071685.79
05.10.2022 16:00:00.000,373.046,375.997,372.216,375.236,281738708.5
05.10.2022 17:00:00.000,375.246,377.526,375.116,375.807,255314697.27
05.10.2022 18:00:00.000,375.807,377.727,375.666,377.657,277639801.03
05.10.2022 19:00:00.000,377.666,379.446,376.466,376.956,312821990.97
06.10.2022 13:00:00.000,375.616,378.687,375.327,376.187,219641998.29
06.10.2022 14:00:00.000,376.197,376.477,373.416,376.417,425151611.33
06.10.2022 15:00:00.000,376.417,376.907,374.566,374.686,361460113.53
06.10.2022 16:00:00.000,374.677,376.297,373.966,375.447,315336608.89
06.10.2022 17:00:00.000,375.446,375.937,374.696,375.386,251578506.47
06.10.2022 18:00:00.000,375.426,375.437,372.726,373.437,263803497.31
06.10.2022 19:00:00.000,373.426,374.577,372.686,373.197,300693298.34
07.10.2022 13:00:00.000,368.937,369.317,365.337,365.507,235994995.12
07.10.2022 14:00:00.000,365.507,367.127,364.746,366.426,405504913.33
07.10.2022 15:00:00.000,366.447,367.096,364.857,365.276,343310699.46
07.10.2022 16:00:00.000,365.267,365.807,363.436,363.787,264201293.95
07.10.2022 17:00:00.000,363.806,364.356,363.097,363.407,229204193.12
07.10.2022 18:00:00.000,363.407,363.807,362.256,362.757,255292205.81
07.10.2022 19:00:00.000,362.767,363.487,360.916,362.776,297033905.03
10.10.2022 13:00:00.000,363.957,364.196,361.526,361.616,225560699.46
10.10.2022 14:00:00.000,361.616,362.976,359.646,360.196,385445404.05
10.10.2022 15:00:00.000,360.187,361.436,359.306,360.776,327023406.98
10.10.2022 16:00:00.000,360.787,360.977,358.326,358.357,270790191.65
10.10.2022 17:00:00.000,358.347,362.346,357.676,361.477,291572387.7
10.10.2022 18:00:00.000,361.466,361.687,359.926,360.527,282959991.46
10.10.2022 19:00:00.000,360.536,361.956,360.016,360.066,313797607.42
11.10.2022 13:00:00.000,358.236,358.876,356.486,356.587,223178100.59
11.10.2022 14:00:00.000,356.577,358.617,355.796,357.507,405915893.55
11.10.2022 15:00:00.000,357.516,361.476,357.426,360.737,355896606.45
11.10.2022 16:00:00.000,360.746,363.007,359.467,362.137,301955413.82
11.10.2022 17:00:00.000,362.146,362.357,360.877,361.867,306986389.16
11.10.2022 18:00:00.000,361.867,362.117,357.156,357.286,339448486.33
11.10.2022 19:00:00.000,357.277,358.207,355.716,357.727,400924804.69
12.10.2022 13:00:00.000,358.117,359.786,356.276,358.797,228162902.83
12.10.2022 14:00:00.000,358.827,359.447,356.987,357.816,425831085.21
12.10.2022 15:00:00.000,357.847,359.437,357.726,359.187,353643005.37
12.10.2022 16:00:00.000,359.186,359.787,357.597,358.566,268527008.06
12.10.2022 17:00:00.000,358.567,358.806,357.306,357.607,229785903.93
12.10.2022 18:00:00.000,357.606,359.367,357.107,357.667,403586090.09
12.10.2022 19:00:00.000,357.676,358.286,356.497,356.537,269703887.94
13.10.2022 13:00:00.000,349.147,352.487,348.087,351.937,248106597.9
13.10.2022 14:00:00.000,351.937,354.687,351.397,353.587,470194488.53
13.10.2022 15:00:00.000,353.557,365.316,353.337,362.817,491195709.23
13.10.2022 16:00:00.000,362.826,364.007,360.917,362.947,407725799.56
13.10.2022 17:00:00.000,362.947,366.476,362.896,365.547,330426605.22
13.10.2022 18:00:00.000,365.527,367.116,363.936,366.777,316148406.98
13.10.2022 19:00:00.000,366.776,367.496,365.026,366.007,330236694.34
14.10.2022 13:00:00.000,368.527,370.237,365.957,366.426,260643005.37
14.10.2022 14:00:00.000,366.426,366.556,360.317,362.056,495821990.97
14.10.2022 15:00:00.000,362.046,363.497,359.316,359.707,410728485.11
14.10.2022 16:00:00.000,359.717,361.047,358.446,359.327,375105590.82
14.10.2022 17:00:00.000,359.346,360.207,358.496,360.127,313924499.51
14.10.2022 18:00:00.000,360.137,360.137,357.546,358.437,298589111.33
14.10.2022 19:00:00.000,358.446,359.417,356.956,357.657,343453796.39
17.10.2022 13:00:00.000,363.986,367.366,363.907,365.827,217296005.25
17.10.2022 14:00:00.000,365.866,367.967,364.876,365.437,365031585.69
17.10.2022 15:00:00.000,365.447,367.457,364.597,366.887,288586791.99
17.10.2022 16:00:00.000,366.876,367.586,365.946,366.497,275816711.43
17.10.2022 17:00:00.000,366.497,367.667,365.906,367.396,228100799.56
17.10.2022 18:00:00.000,367.367,367.907,366.237,366.806,222339294.43
17.10.2022 19:00:00.000,366.807,367.586,366.216,366.817,268362915.04
18.10.2022 15:00:00.000,368.677,369.297,367.506,369.196,176379302.98
18.10.2022 16:00:00.000,369.186,371.427,368.537,370.437,298172088.62
18.10.2022 17:00:00.000,370.406,372.357,369.156,372.017,316555786.13
18.10.2022 18:00:00.000,372.006,372.247,368.097,369.376,324382812.5
18.10.2022 19:00:00.000,369.387,371.266,368.377,371.136,329978393.55
19.10.2022 13:00:00.000,368.976,370.916,367.846,368.577,229526092.53
19.10.2022 14:00:00.000,368.566,371.827,368.207,369.656,399815093.99
19.10.2022 15:00:00.000,369.667,370.717,368.666,369.717,323615997.31
19.10.2022 16:00:00.000,369.696,369.797,366.856,367.237,284118286.13
19.10.2022 17:00:00.000,367.247,367.467,365.536,366.916,301283996.58
19.10.2022 18:00:00.000,366.916,368.457,366.557,367.177,258678009.03
19.10.2022 19:00:00.000,367.196,368.697,366.907,368.547,289931091.31
20.10.2022 13:00:00.000,367.996,369.807,366.977,369.086,228480300.9
20.10.2022 14:00:00.000,369.117,372.647,368.957,371.946,351236694.34
20.10.2022 15:00:00.000,371.957,372.137,369.837,370.216,282228912.35
20.10.2022 16:00:00.000,370.227,370.357,367.176,367.906,291889495.85
20.10.2022 17:00:00.000,367.876,368.027,365.366,366.087,287963989.26
20.10.2022 18:00:00.000,366.076,366.206,364.646,365.587,255877807.62
20.10.2022 19:00:00.000,365.597,366.597,364.596,365.406,257154907.23
21.10.2022 13:00:00.000,365.117,369.107,363.526,369.066,260123992.92
21.10.2022 14:00:00.000,369.087,370.606,366.266,366.756,469677001.95
21.10.2022 15:00:00.000,366.767,370.026,365.806,370.026,449002807.62
21.10.2022 16:00:00.000,370.007,371.897,369.206,371.277,368983184.81
21.10.2022 17:00:00.000,371.287,372.647,370.697,372.606,251431503.3
21.10.2022 18:00:00.000,372.607,373.336,372.016,372.876,234296096.8
21.10.2022 19:00:00.000,372.886,374.777,372.726,374.296,218658004.76
24.10.2022 13:00:00.000,375.847,378.716,375.076,377.647,248110198.97
24.10.2022 14:00:00.000,377.656,377.687,373.096,376.587,457688690.19
24.10.2022 15:00:00.000,376.597,378.197,375.437,378.066,390416992.19
24.10.2022 16:00:00.000,378.067,378.667,377.427,377.667,305635803.22
24.10.2022 17:00:00.000,377.666,377.787,376.606,377.147,264111602.78
24.10.2022 18:00:00.000,377.146,379.486,377.037,379.327,220783203.13
24.10.2022 19:00:00.000,379.326,380.047,378.126,378.657,240609603.88
25.10.2022 13:00:00.000,378.736,382.567,378.606,382.377,205480194.09
25.10.2022 14:00:00.000,382.356,382.977,381.287,382.217,347921997.07
25.10.2022 15:00:00.000,382.226,383.877,382.026,383.487,233510696.41
25.10.2022 16:00:00.000,383.487,384.197,382.946,383.066,179128494.26
25.10.2022 17:00:00.000,383.057,383.557,382.287,382.957,231193496.7
25.10.2022 18:00:00.000,382.957,384.447,382.866,383.547,159433807.37
25.10.2022 19:00:00.000,383.537,385.236,383.506,384.816,189942596.44
26.10.2022 13:00:00.000,381.596,383.117,381.337,381.686,222668396
26.10.2022 14:00:00.000,381.696,385.927,381.696,385.027,381474609.38
26.10.2022 15:00:00.000,385.056,387.567,385.046,386.796,275240112.3
26.10.2022 16:00:00.000,386.777,387.227,384.036,384.327,244072494.51
26.10.2022 17:00:00.000,384.297,384.427,382.726,383.757,270117004.39
26.10.2022 18:00:00.000,383.737,384.327,381.956,382.386,219528305.05
26.10.2022 19:00:00.000,382.377,382.996,381.467,382.027,231466506.96
27.10.2022 13:00:00.000,383.067,384.317,380.506,381.177,231785995.48
27.10.2022 14:00:00.000,381.167,384.987,380.816,382.166,414291595.46
27.10.2022 15:00:00.000,382.177,383.437,380.866,381.357,389192413.33
27.10.2022 16:00:00.000,381.366,382.397,380.116,381.526,294952514.65
27.10.2022 17:00:00.000,381.527,382.747,380.727,380.777,235480194.09
27.10.2022 18:00:00.000,380.776,381.037,379.806,380.127,183910202.03
27.10.2022 19:00:00.000,380.087,381.307,379.316,379.947,269287506.1
28.10.2022 13:00:00.000,379.847,383.347,379.646,382.517,214395004.27
28.10.2022 14:00:00.000,382.537,385.817,380.916,385.697,395825714.11
28.10.2022 15:00:00.000,385.706,386.257,384.856,385.746,286777801.51
28.10.2022 16:00:00.000,385.747,387.397,384.997,387.136,210481796.26
28.10.2022 17:00:00.000,387.147,388.057,387.036,387.506,146516998.29
28.10.2022 18:00:00.000,387.506,389.017,387.196,388.837,172517395.02
28.10.2022 19:00:00.000,388.867,389.507,388.286,389.036,177694198.61
31.10.2022 13:00:00.000,386.416,387.457,385.456,385.456,222095397.95
31.10.2022 14:00:00.000,385.457,386.896,385.257,386.096,328490112.3
31.10.2022 15:00:00.000,386.086,388.386,386.016,387.066,275697296.14
31.10.2022 16:00:00.000,387.057,387.977,385.766,386.237,281653503.42
31.10.2022 17:00:00.000,386.256,387.577,385.796,387.067,215232604.98
31.10.2022 18:00:00.000,387.057,387.707,386.516,386.827,220178100.59
31.10.2022 19:00:00.000,386.857,387.437,385.506,386.156,270937805.18
01.11.2022 13:00:00.000,390.126,390.366,387.716,388.036,208279800.42
01.11.2022 14:00:00.000,388.036,388.326,383.566,383.996,424012786.87
01.11.2022 15:00:00.000,383.986,384.807,383.286,384.516,343917602.54
01.11.2022 16:00:00.000,384.516,385.996,383.956,384.726,322327209.47
01.11.2022 17:00:00.000,384.736,385.427,384.266,385.066,232391998.29
01.11.2022 18:00:00.000,385.067,385.527,384.256,385.366,206185501.1
01.11.2022 19:00:00.000,385.376,385.787,384.476,384.546,228672302.25
02.11.2022 13:00:00.000,383.856,384.027,382.396,382.436,192735595.7
02.11.2022 14:00:00.000,382.416,383.117,382.096,382.727,276168609.62
02.11.2022 15:00:00.000,382.747,383.097,382.257,382.697,234065704.35
02.11.2022 16:00:00.000,382.697,382.877,381.386,382.477,171470703.13
02.11.2022 17:00:00.000,382.477,383.916,381.986,383.276,156686096.19
02.11.2022 18:00:00.000,383.297,388.586,378.956,380.637,530169921.88
02.11.2022 19:00:00.000,380.626,383.106,374.827,374.827,444362701.42
03.11.2022 13:00:00.000,371.447,372.226,369.056,369.137,228919494.63
03.11.2022 14:00:00.000,369.156,373.576,368.786,373.467,417011688.23
03.11.2022 15:00:00.000,373.477,373.676,371.006,371.727,357254699.71
03.11.2022 16:00:00.000,371.726,374.186,371.376,373.857,314016906.74
03.11.2022 17:00:00.000,373.856,374.037,372.226,372.247,229437301.64
03.11.2022 18:00:00.000,372.246,373.647,371.866,373.526,209587493.9
03.11.2022 19:00:00.000,373.517,373.606,370.916,370.966,241412094.12
04.11.2022 13:00:00.000,376.966,377.337,372.207,375.077,240350692.75
04.11.2022 14:00:00.000,375.076,378.857,374.686,376.796,417690612.79
04.11.2022 15:00:00.000,376.807,377.407,370.776,370.947,394445709.23
04.11.2022 16:00:00.000,370.937,372.977,370.056,371.247,373144805.91
04.11.2022 17:00:00.000,371.276,372.056,370.116,370.737,354228607.18
04.11.2022 18:00:00.000,370.766,374.187,369.996,373.957,315656097.41
04.11.2022 19:00:00.000,373.967,376.447,373.586,376.327,315222290.04
07.11.2022 14:00:00.000,377.686,378.317,375.527,376.096,225885604.86
07.11.2022 15:00:00.000,376.087,378.366,376.006,377.617,386360992.43
07.11.2022 16:00:00.000,377.626,378.126,376.206,376.207,311646301.27
07.11.2022 17:00:00.000,376.197,377.357,375.796,376.996,247653305.05
07.11.2022 18:00:00.000,376.986,377.976,376.946,377.897,198677093.51
07.11.2022 19:00:00.000,377.907,379.987,377.907,379.326,193434005.74
07.11.2022 20:00:00.000,379.317,380.547,379.316,379.927,217291793.82
08.11.2022 14:00:00.000,381.097,381.207,379.517,380.606,183446395.87
08.11.2022 15:00:00.000,380.466,383.297,380.307,383.047,305613891.6
08.11.2022 16:00:00.000,383.056,385.097,382.506,384.516,213156600.95
08.11.2022 17:00:00.000,384.516,384.767,383.916,384.456,187353607.18
08.11.2022 18:00:00.000,384.477,384.987,380.446,380.746,274681793.21
08.11.2022 19:00:00.000,380.746,381.297,377.706,380.587,336996887.21
08.11.2022 20:00:00.000,380.577,384.037,380.506,381.986,294751495.36
09.11.2022 14:00:00.000,379.836,380.067,377.997,378.706,209728500.37
09.11.2022 15:00:00.000,378.697,381.116,377.046,378.226,396839996.34
09.11.2022 16:00:00.000,378.237,380.207,378.176,379.046,338802307.13
09.11.2022 17:00:00.000,379.046,379.287,377.877,378.506,257587799.07
09.11.2022 18:00:00.000,378.527,378.767,375.456,376.116,298856414.79
09.11.2022 19:00:00.000,376.127,376.827,374.546,374.816,266512786.87
09.11.2022 20:00:00.000,374.817,376.176,373.616,374.067,282196197.51
10.11.2022 14:00:00.000,387.986,389.776,385.626,389.776,235748992.92
10.11.2022 15:00:00.000,389.786,390.666,387.907,390.427,408245391.85
10.11.2022 16:00:00.000,390.416,392.007,389.416,391.867,287173797.61
10.11.2022 17:00:00.000,391.836,391.837,388.976,389.067,223862396.24
10.11.2022 18:00:00.000,389.087,391.537,389.077,391.276,229313400.27
10.11.2022 19:00:00.000,391.267,392.337,390.926,392.246,182484893.8
10.11.2022 20:00:00.000,392.246,395.027,391.976,394.477,236498992.92
11.11.2022 14:00:00.000,395.647,396.137,393.596,395.147,218605194.09
11.11.2022 15:00:00.000,395.147,397.547,393.647,396.307,382631988.53
11.11.2022 16:00:00.000,396.316,397.097,394.026,395.167,360143402.1
11.11.2022 17:00:00.000,395.177,396.616,394.626,396.146,289421112.06
11.11.2022 18:00:00.000,396.147,398.307,396.117,398.157,230708099.37
11.11.2022 19:00:00.000,398.167,399.326,397.647,399.197,224127593.99
11.11.2022 20:00:00.000,399.197,399.346,397.306,398.506,259511688.23
14.11.2022 14:00:00.000,396.627,397.796,395.907,397.087,210006607.06
14.11.2022 15:00:00.000,397.117,398.957,397.097,398.426,355301391.6
14.11.2022 16:00:00.000,398.416,398.606,396.336,397.856,321506713.87
14.11.2022 17:00:00.000,397.876,399.207,397.386,398.617,246099304.2
14.11.2022 18:00:00.000,398.617,400.157,398.366,400.096,180293396
14.11.2022 19:00:00.000,400.077,400.166,398.507,398.726,199188003.54
14.11.2022 20:00:00.000,398.737,399.477,394.836,395.157,247531494.14
15.11.2022 14:00:00.000,401.097,402.297,399.966,401.606,217859100.34
15.11.2022 15:00:00.000,401.606,402.157,399.816,400.286,349062286.38
15.11.2022 16:00:00.000,400.267,401.556,399.347,401.177,331483184.81
15.11.2022 17:00:00.000,401.187,401.307,399.397,399.986,275516998.29
15.11.2022 18:00:00.000,400.016,400.287,394.486,396.437,397510498.05
15.11.2022 19:00:00.000,396.477,399.147,394.917,398.696,404241302.49
15.11.2022 20:00:00.000,398.697,399.497,397.446,398.517,324756286.62
16.11.2022 14:00:00.000,396.777,397.756,395.727,396.337,216143997.19
16.11.2022 15:00:00.000,396.296,397.176,395.156,395.496,363718505.86
16.11.2022 16:00:00.000,395.477,396.947,395.386,396.476,263910308.84
16.11.2022 17:00:00.000,396.487,397.636,395.706,396.696,264496185.3
16.11.2022 18:00:00.000,396.686,396.906,395.116,395.256,247093505.86
16.11.2022 19:00:00.000,395.276,396.207,394.917,396.167,235300506.59
16.11.2022 20:00:00.000,396.147,396.257,394.786,395.506,252092102.05
17.11.2022 14:00:00.000,390.416,391.686,390.267,390.346,192778793.34
17.11.2022 15:00:00.000,390.316,392.176,390.127,390.526,310933807.37
17.11.2022 16:00:00.000,390.536,393.157,390.286,393.137,261903015.14
17.11.2022 17:00:00.000,393.137,394.526,392.726,394.246,253968002.32
17.11.2022 18:00:00.000,394.236,394.927,393.687,394.196,217288803.1
17.11.2022 19:00:00.000,394.207,394.646,392.487,393.136,215147705.08
17.11.2022 20:00:00.000,393.127,394.357,391.626,394.276,254869201.66
18.11.2022 14:00:00.000,397.746,397.746,395.557,395.777,188701507.57
18.11.2022 15:00:00.000,395.787,395.966,394.256,394.577,323070892.33
18.11.2022 16:00:00.000,394.556,395.977,394.046,395.127,295839599.61
18.11.2022 17:00:00.000,395.106,395.266,393.007,393.817,242139297.49
18.11.2022 18:00:00.000,393.807,394.846,393.366,393.866,209791198.73
18.11.2022 19:00:00.000,393.877,394.807,393.816,394.696,189904495.24
18.11.2022 20:00:00.000,394.676,396.997,394.627,396.056,224562896.73
21.11.2022 14:00:00.000,394.636,395.797,394.266,395.197,201443405.15
21.11.2022 15:00:00.000,395.206,395.517,393.217,393.867,299367889.4
21.11.2022 16:00:00.000,393.867,394.337,392.226,393.186,246713699.34
21.11.2022 17:00:00.000,393.197,394.687,393.106,393.916,224768402.1
21.11.2022 18:00:00.000,393.917,395.597,393.876,394.737,192078903.2
21.11.2022 19:00:00.000,394.717,395.357,394.316,394.477,173626205.44
21.11.2022 20:00:00.000,394.476,395.107,393.996,394.547,197981094.36
22.11.2022 14:00:00.000,396.586,396.846,395.136,395.916,170920501.71
22.11.2022 15:00:00.000,395.896,397.786,395.687,397.637,284400909.42
22.11.2022 16:00:00.000,397.646,397.706,396.696,397.457,209035507.2
22.11.2022 17:00:00.000,397.457,397.876,397.266,397.456,163414794.92
22.11.2022 18:00:00.000,397.477,398.667,397.306,398.527,134516693.12
22.11.2022 19:00:00.000,398.516,398.997,398.156,398.897,124335296.63
22.11.2022 20:00:00.000,398.896,400.056,398.826,399.876,154856399.54
23.11.2022 14:00:00.000,399.546,401.837,399.476,401.337,159942901.61
23.11.2022 15:00:00.000,401.357,402.546,400.666,402.096,272466308.59
23.11.2022 16:00:00.000,402.097,402.487,399.757,400.336,207861297.61
23.11.2022 17:00:00.000,400.327,401.007,399.306,399.786,193986602.78
23.11.2022 18:00:00.000,399.777,401.167,399.526,400.927,160097106.93
23.11.2022 19:00:00.000,400.936,402.866,400.176,402.186,304984802.25
23.11.2022 20:00:00.000,402.187,402.917,401.686,402.267,186235198.97
25.11.2022 14:00:00.000,401.806,402.547,401.516,402.426,160677001.95
25.11.2022 15:00:00.000,402.417,402.767,402.267,402.607,185870407.1
25.11.2022 16:00:00.000,402.596,402.897,401.976,402.466,135392700.2
25.11.2022 17:00:00.000,402.457,402.577,401.836,402.097,103307098.39
28.11.2022 14:00:00.000,399.036,400.797,398.996,399.837,171222900.39
28.11.2022 15:00:00.000,399.846,400.216,398.397,398.506,251166595.46
28.11.2022 16:00:00.000,398.486,399.067,398.186,398.867,201513900.76
28.11.2022 17:00:00.000,398.877,399.416,397.576,397.636,230613906.86
28.11.2022 18:00:00.000,397.647,398.007,396.436,396.556,143880599.98
28.11.2022 19:00:00.000,396.567,396.746,395.796,395.987,143973602.29
28.11.2022 20:00:00.000,396.007,396.246,395.106,395.916,155408401.49
29.11.2022 14:00:00.000,396.056,396.607,395.236,395.647,183918899.54
29.11.2022 15:00:00.000,395.667,397.276,395.386,396.317,288388488.77
29.11.2022 16:00:00.000,396.337,396.506,393.296,394.626,268182891.85
29.11.2022 17:00:00.000,394.636,395.247,394.066,394.936,191384094.24
29.11.2022 18:00:00.000,394.917,395.076,393.916,395.007,174670806.88
29.11.2022 19:00:00.000,394.997,396.057,394.177,394.716,174491699.22
29.11.2022 20:00:00.000,394.706,395.507,394.466,395.246,190858795.17
30.11.2022 14:00:00.000,395.447,396.196,394.846,395.157,195196502.69
30.11.2022 15:00:00.000,395.177,395.387,393.846,394.186,294961791.99
30.11.2022 16:00:00.000,394.207,395.516,393.746,395.136,220322097.78
30.11.2022 17:00:00.000,395.136,395.357,393.476,394.217,195817794.8
30.11.2022 18:00:00.000,394.207,399.977,394.036,399.696,319167297.36
30.11.2022 19:00:00.000,399.716,403.476,399.666,403.256,391834198
30.11.2022 20:00:00.000,403.246,407.527,403.046,407.386,269475006.1
01.12.2022 14:00:00.000,408.796,409.697,408.147,409.096,180842102.05
01.12.2022 15:00:00.000,409.097,409.957,404.727,407.576,370329010.01
01.12.2022 16:00:00.000,407.596,407.627,405.886,406.816,315529510.5
01.12.2022 17:00:00.000,406.817,407.627,405.496,407.276,282149414.06
01.12.2022 18:00:00.000,407.276,408.017,406.276,407.076,222684295.65
01.12.2022 19:00:00.000,407.087,408.147,406.366,407.927,205166702.27
01.12.2022 20:00:00.000,407.927,408.457,407.056,407.356,219201293.95
02.12.2022 14:00:00.000,402.197,404.076,402.197,403.076,215990997.31
02.12.2022 15:00:00.000,403.066,405.117,402.607,404.047,325259704.59
02.12.2022 16:00:00.000,404.037,406.167,403.576,405.397,273244201.66
02.12.2022 17:00:00.000,405.406,406.276,404.646,404.737,212841903.69
02.12.2022 18:00:00.000,404.766,405.437,404.326,405.207,174320999.15
02.12.2022 19:00:00.000,405.197,406.617,404.466,406.537,161087997.44
02.12.2022 20:00:00.000,406.527,407.837,405.796,406.847,227320800.78
05.12.2022 14:00:00.000,403.927,404.917,403.266,403.276,179787292.48
05.12.2022 15:00:00.000,403.276,403.657,401.607,403.327,323288696.29
05.12.2022 16:00:00.000,403.346,403.967,400.866,400.927,236315399.17
05.12.2022 17:00:00.000,400.937,401.807,400.236,400.347,192405899.05
05.12.2022 18:00:00.000,400.357,400.926,399.106,399.177,184188598.63
05.12.2022 19:00:00.000,399.146,399.687,398.166,398.917,190919692.99
05.12.2022 20:00:00.000,398.917,399.937,398.606,399.587,212788497.92
06.12.2022 14:00:00.000,399.416,399.976,397.136,397.177,199397399.9
06.12.2022 15:00:00.000,397.156,397.477,394.806,395.437,335902496.34
06.12.2022 16:00:00.000,395.427,395.876,394.596,395.066,297094787.6
06.12.2022 17:00:00.000,395.076,395.617,393.836,394.047,246882598.88
06.12.2022 18:00:00.000,394.057,394.327,392.607,393.296,238184402.47
06.12.2022 19:00:00.000,393.286,393.417,391.626,392.487,227020797.73
06.12.2022 20:00:00.000,392.486,394.226,391.976,393.857,232572601.32
07.12.2022 14:00:00.000,392.896,395.296,392.316,392.787,198322494.51
07.12.2022 15:00:00.000,392.796,395.436,391.966,395.046,410813995.36
07.12.2022 16:00:00.000,395.046,395.627,392.296,393.366,320858398.44
07.12.2022 17:00:00.000,393.377,394.067,392.666,393.706,268111785.89
07.12.2022 18:00:00.000,393.696,394.576,392.846,393.026,244146896.36
07.12.2022 19:00:00.000,393.026,393.717,392.316,392.896,213860107.42
07.12.2022 20:00:00.000,392.907,393.467,392.086,393.116,225465896.61
08.12.2022 14:00:00.000,395.127,396.236,393.437,396.156,201411895.75
08.12.2022 15:00:00.000,396.187,397.357,396.046,396.607,310688110.35
08.12.2022 16:00:00.000,396.606,396.887,394.996,396.126,261981903.08
08.12.2022 17:00:00.000,396.116,396.347,395.057,395.837,232978500.37
08.12.2022 18:00:00.000,395.847,397.257,395.626,396.466,192283798.22
08.12.2022 19:00:00.000,396.447,396.467,394.486,395.537,241174804.69
08.12.2022 20:00:00.000,395.537,396.557,394.877,396.216,232594802.86
09.12.2022 14:00:00.000,394.937,396.876,394.106,395.706,206798706.05
09.12.2022 15:00:00.000,395.686,397.127,394.657,397.097,379409088.13
09.12.2022 16:00:00.000,397.106,397.607,396.196,397.346,262225799.56
09.12.2022 17:00:00.000,397.347,397.457,396.326,396.536,205194900.51
09.12.2022 18:00:00.000,396.536,396.536,395.346,395.967,197766906.74
09.12.2022 19:00:00.000,395.966,396.087,395.016,395.807,169065307.62
09.12.2022 20:00:00.000,395.797,396.277,393.146,393.267,210148803.71
12.12.2022 14:00:00.000,394.106,394.747,393.396,394.617,184724700.93
12.12.2022 15:00:00.000,394.616,394.836,393.796,394.517,289412689.21
12.12.2022 16:00:00.000,394.527,395.667,394.316,395.407,210055206.3
12.12.2022 17:00:00.000,395.426,395.906,395.116,395.716,163688995.36
12.12.2022 18:00:00.000,395.717,396.237,395.076,395.847,184526092.53
12.12.2022 19:00:00.000,395.886,396.867,395.366,396.727,157764007.57
12.12.2022 20:00:00.000,396.716,398.917,396.716,398.906,194597106.93
13.12.2022 14:00:00.000,410.237,410.277,407.376,409.316,229115997.31
13.12.2022 15:00:00.000,409.317,409.517,403.606,404.407,447313201.9
13.12.2022 16:00:00.000,404.397,405.817,401.726,402.647,375143707.28
13.12.2022 17:00:00.000,402.666,403.217,399.056,399.997,383971191.41
13.12.2022 18:00:00.000,400.006,402.377,399.756,401.627,306446685.79
13.12.2022 19:00:00.000,401.607,403.207,400.886,401.597,293633697.51
13.12.2022 20:00:00.000,401.566,403.027,399.866,401.907,315995391.85
14.12.2022 14:00:00.000,401.546,403.967,401.546,403.846,201015304.57
14.12.2022 15:00:00.000,403.896,404.497,403.466,404.256,280886413.57
14.12.2022 16:00:00.000,404.267,405.016,404.036,404.127,225450607.3
14.12.2022 17:00:00.000,404.137,404.267,403.517,403.557,194480697.63
14.12.2022 18:00:00.000,403.547,405.366,403.496,404.747,182292892.46
14.12.2022 19:00:00.000,404.767,404.796,396.277,398.836,524361328.13
14.12.2022 20:00:00.000,398.876,403.557,397.686,399.397,454784088.13
15.12.2022 14:00:00.000,394.266,395.227,391.157,391.557,224981399.54
15.12.2022 15:00:00.000,391.596,391.927,390.236,390.697,349946105.96
15.12.2022 16:00:00.000,390.686,391.127,388.736,389.237,290721893.31
15.12.2022 17:00:00.000,389.237,390.397,388.616,388.857,250393493.65
15.12.2022 18:00:00.000,388.876,388.966,387.876,388.746,216386993.41
15.12.2022 19:00:00.000,388.736,390.256,388.106,390.197,232626007.08
15.12.2022 20:00:00.000,390.207,390.867,388.936,389.827,270534912.11
16.12.2022 14:00:00.000,385.156,386.557,384.507,385.847,215826599.12
16.12.2022 15:00:00.000,385.857,385.857,381.846,383.056,339938995.36
16.12.2022 16:00:00.000,383.037,383.506,381.356,381.516,312343505.86
16.12.2022 17:00:00.000,381.536,382.877,381.027,381.166,249982498.17
16.12.2022 18:00:00.000,381.147,382.047,381.056,381.707,202461898.8
16.12.2022 19:00:00.000,381.717,383.257,381.186,382.927,209083496.09
16.12.2022 20:00:00.000,382.936,384.947,382.366,383.296,286453796.39
19.12.2022 14:00:00.000,383.466,383.806,381.887,382.407,189022796.63
19.12.2022 15:00:00.000,382.437,383.647,381.636,381.717,303817810.06
19.12.2022 16:00:00.000,381.696,381.927,380.406,380.956,248743194.58
19.12.2022 17:00:00.000,380.947,381.757,380.756,381.387,209108993.53
19.12.2022 18:00:00.000,381.396,381.706,379.797,379.896,206483093.26
19.12.2022 19:00:00.000,379.897,379.957,378.296,378.716,218651702.88
19.12.2022 20:00:00.000,378.717,380.396,378.276,380.067,240826507.57
20.12.2022 14:00:00.000,379.216,380.256,377.846,380.017,219915298.46
20.12.2022 15:00:00.000,380.027,382.126,379.967,381.276,359865570.07
20.12.2022 16:00:00.000,381.266,381.526,378.857,380.616,322428619.38
20.12.2022 17:00:00.000,380.626,381.287,379.996,381.127,259122863.77
20.12.2022 18:00:00.000,381.137,382.207,380.526,381.247,217991470.34
20.12.2022 19:00:00.000,381.256,382.006,380.457,380.696,227614028.93
20.12.2022 20:00:00.000,380.687,381.577,380.047,380.516,225302749.63
21.12.2022 14:00:00.000,383.246,383.967,382.686,383.147,178321151.73
21.12.2022 15:00:00.000,383.156,386.596,382.536,386.557,275964019.78
21.12.2022 16:00:00.000,386.556,387.287,385.586,385.937,212062423.71
21.12.2022 17:00:00.000,385.956,386.426,385.397,386.367,202599029.54
21.12.2022 18:00:00.000,386.366,386.806,385.617,386.376,168833297.73
21.12.2022 19:00:00.000,386.386,387.397,385.706,386.076,173454483.03
21.12.2022 20:00:00.000,386.106,386.457,385.226,386.147,193054107.67
22.12.2022 14:00:00.000,383.047,383.357,380.947,381.576,179815460.21
22.12.2022 15:00:00.000,381.566,381.567,378.916,379.077,314708465.58
22.12.2022 16:00:00.000,379.086,379.607,378.206,378.677,234571334.84
22.12.2022 17:00:00.000,378.646,378.727,376.106,376.537,220935485.84
22.12.2022 18:00:00.000,376.537,376.537,374.757,375.517,218268539.43
22.12.2022 19:00:00.000,375.517,378.607,375.477,378.476,240089401.25
22.12.2022 20:00:00.000,378.486,380.796,378.186,380.717,311665740.97
23.12.2022 14:00:00.000,379.636,381.267,378.026,378.457,222303390.5
23.12.2022 15:00:00.000,378.466,382.676,378.146,380.777,404149536.13
23.12.2022 16:00:00.000,380.806,382.117,380.006,381.567,310695617.68
23.12.2022 17:00:00.000,381.576,382.837,381.366,381.846,245660583.5
23.12.2022 18:00:00.000,381.857,382.417,381.016,381.466,214731018.07
23.12.2022 19:00:00.000,381.467,382.586,381.047,382.517,178971466.06
23.12.2022 20:00:00.000,382.517,383.037,381.536,382.776,211613464.36
27.12.2022 14:00:00.000,382.747,382.977,380.017,380.507,192959426.88
27.12.2022 15:00:00.000,380.506,383.137,379.626,381.906,308118957.52
27.12.2022 16:00:00.000,381.916,382.886,381.596,382.307,261337829.59
27.12.2022 17:00:00.000,382.316,383.107,381.456,382.087,198690216.06
27.12.2022 18:00:00.000,382.106,382.596,381.006,381.167,159103210.45
27.12.2022 19:00:00.000,381.176,381.676,380.486,381.327,162033370.97
27.12.2022 20:00:00.000,381.326,382.347,381.076,381.366,194453109.74
28.12.2022 14:00:00.000,381.307,383.367,380.616,382.097,201063964.84
28.12.2022 15:00:00.000,382.086,382.937,379.316,379.386,335758819.58
28.12.2022 16:00:00.000,379.396,379.647,378.086,378.206,239768478.39
28.12.2022 17:00:00.000,378.216,379.497,377.296,379.296,213328933.72
28.12.2022 18:00:00.000,379.316,380.227,378.467,378.676,218516616.82
28.12.2022 19:00:00.000,378.687,379.377,378.116,378.417,194386917.11
28.12.2022 20:00:00.000,378.427,378.467,376.427,376.656,226807113.65
29.12.2022 14:00:00.000,379.656,381.797,379.056,381.576,184115448
29.12.2022 15:00:00.000,381.607,383.247,381.336,383.097,255700759.89
29.12.2022 16:00:00.000,383.096,384.227,382.256,383.876,191297515.87
29.12.2022 17:00:00.000,383.886,384.127,383.246,383.797,155182220.46
29.12.2022 18:00:00.000,383.797,383.967,383.177,383.866,148317977.91
29.12.2022 19:00:00.000,383.866,384.327,383.426,383.516,154179153.44
29.12.2022 20:00:00.000,383.506,384.017,383.146,383.416,183773117.07
30.12.2022 14:00:00.000,380.637,381.577,379.006,380.417,206912902.83
30.12.2022 15:00:00.000,380.416,381.527,379.567,380.367,269363159.18
30.12.2022 16:00:00.000,380.366,380.847,379.606,380.716,215652221.68
30.12.2022 17:00:00.000,380.736,381.077,380.356,380.927,163775985.72
30.12.2022 18:00:00.000,380.947,380.986,378.426,379.307,206610549.93
30.12.2022 19:00:00.000,379.317,379.516,378.586,379.076,158126327.51
30.12.2022 20:00:00.000,379.087,382.367,379.016,382.237,231928817.75
03.01.2023 14:00:00.000,384.366,386.417,381.656,381.696,214621414.18
03.01.2023 15:00:00.000,381.756,382.557,380.087,382.036,325424713.13
03.01.2023 16:00:00.000,382.026,382.307,378.646,379.076,295355072.02
03.01.2023 17:00:00.000,379.076,380.006,377.836,378.606,228945220.95
03.01.2023 18:00:00.000,378.607,379.967,378.336,379.827,224615829.47
03.01.2023 19:00:00.000,379.857,380.737,378.066,380.006,249367889.4
03.01.2023 20:00:00.000,380.017,381.197,379.806,380.826,251505508.42
04.01.2023 14:00:00.000,383.176,384.137,381.876,383.207,217571105.96
04.01.2023 15:00:00.000,383.216,384.167,379.987,382.937,402797943.12
04.01.2023 16:00:00.000,382.957,385.867,382.307,385.476,288826812.74
04.01.2023 17:00:00.000,385.486,385.727,384.317,384.326,196298706.05
04.01.2023 18:00:00.000,384.326,385.307,383.646,384.386,188281799.32
04.01.2023 19:00:00.000,384.346,385.517,381.127,383.226,400798675.54
04.01.2023 20:00:00.000,383.226,384.067,381.196,383.756,318938781.74
05.01.2023 14:00:00.000,381.687,381.737,378.876,380.097,206978164.67
05.01.2023 15:00:00.000,380.106,381.807,379.257,379.376,331114288.33
05.01.2023 16:00:00.000,379.376,380.326,378.766,379.267,232372131.35
05.01.2023 17:00:00.000,379.256,380.437,379.076,379.406,196973403.93
05.01.2023 18:00:00.000,379.416,381.457,379.026,380.556,239451263.43
05.01.2023 19:00:00.000,380.587,381.677,380.037,380.797,213368072.51
05.01.2023 20:00:00.000,380.797,380.807,378.897,379.357,218343139.65
06.01.2023 14:00:00.000,382.486,383.937,379.437,380.717,223121414.18
06.01.2023 15:00:00.000,380.726,385.537,380.726,385.266,398619293.21
06.01.2023 16:00:00.000,385.286,386.707,384.997,386.246,259396545.41
06.01.2023 17:00:00.000,386.246,386.497,385.056,385.426,192222412.11
06.01.2023 18:00:00.000,385.447,386.836,385.206,386.717,163036712.65
06.01.2023 19:00:00.000,386.726,388.777,386.726,388.507,181014633.18
06.01.2023 20:00:00.000,388.506,389.236,387.726,388.057,192037399.29
09.01.2023 14:00:00.000,390.366,391.647,389.346,391.577,202027771
09.01.2023 15:00:00.000,391.596,393.237,391.196,392.586,287948120.12
09.01.2023 16:00:00.000,392.596,393.687,392.596,393.367,200906829.83
09.01.2023 17:00:00.000,393.366,393.367,391.846,392.306,180328567.5
09.01.2023 18:00:00.000,392.317,392.436,389.856,390.476,209896026.61
09.01.2023 19:00:00.000,390.456,391.107,388.766,388.906,221103790.28
09.01.2023 20:00:00.000,388.936,389.207,387.656,387.866,261125183.11
10.01.2023 14:00:00.000,387.206,389.217,387.006,388.407,227688339.23
10.01.2023 15:00:00.000,388.416,389.976,386.256,388.376,394974243.16
10.01.2023 16:00:00.000,388.387,388.776,387.356,388.107,293809570.31
10.01.2023 17:00:00.000,388.116,389.177,387.176,388.767,221500000
10.01.2023 18:00:00.000,388.766,389.597,388.517,389.506,183140151.98
10.01.2023 19:00:00.000,389.507,390.217,389.227,389.477,178216461.18
10.01.2023 20:00:00.000,389.487,390.646,388.757,390.597,201369445.8
11.01.2023 14:00:00.000,392.257,393.147,391.786,392.286,193341766.36
11.01.2023 15:00:00.000,392.287,393.067,391.367,391.577,281425659.18
11.01.2023 16:00:00.000,391.586,393.037,391.506,392.747,190043075.56
11.01.2023 17:00:00.000,392.757,393.617,392.746,393.166,162454696.66
11.01.2023 18:00:00.000,393.186,394.237,392.936,393.636,169597290.04
11.01.2023 19:00:00.000,393.647,394.537,393.166,394.286,136780303.96
11.01.2023 20:00:00.000,394.296,395.577,394.016,395.487,151300308.23
12.01.2023 14:00:00.000,396.666,396.946,392.406,393.696,230037246.7
12.01.2023 15:00:00.000,393.697,396.966,393.637,395.466,409879180.91
12.01.2023 16:00:00.000,395.476,396.537,394.346,396.337,350793884.28
12.01.2023 17:00:00.000,396.346,398.107,396.117,397.746,205303436.28
12.01.2023 18:00:00.000,397.757,398.427,395.536,398.237,253496231.08
12.01.2023 19:00:00.000,398.247,398.467,396.706,397.376,243874755.86
12.01.2023 20:00:00.000,397.387,397.537,395.856,396.936,237274276.73
13.01.2023 14:00:00.000,393.607,395.206,393.336,394.747,206370742.8
13.01.2023 15:00:00.000,394.756,396.757,394.336,396.367,310481719.97
13.01.2023 16:00:00.000,396.356,396.576,395.226,395.787,255780838.01
13.01.2023 17:00:00.000,395.797,396.817,395.706,396.677,169782241.82
13.01.2023 18:00:00.000,396.696,397.657,396.086,397.506,163115371.7
13.01.2023 19:00:00.000,397.506,397.817,397.146,397.626,156595779.42
13.01.2023 20:00:00.000,397.637,399.086,397.587,398.647,160807296.75
17.01.2023 14:00:00.000,398.487,399.087,397.596,398.547,200137603.76
17.01.2023 15:00:00.000,398.547,400.207,397.817,398.247,292488616.94
17.01.2023 16:00:00.000,398.226,398.446,397.037,398.207,217895248.41
17.01.2023 17:00:00.000,398.226,398.626,397.476,398.107,166969573.97
17.01.2023 18:00:00.000,398.107,398.787,397.886,398.637,136359588.62
17.01.2023 19:00:00.000,398.656,398.827,397.567,398.096,151604644.78
17.01.2023 20:00:00.000,398.087,398.547,397.146,397.757,150957183.84
18.01.2023 14:00:00.000,398.976,399.677,398.396,399.536,204694061.28
18.01.2023 15:00:00.000,399.546,400.106,396.467,397.216,328457031.25
18.01.2023 16:00:00.000,397.216,397.407,394.206,394.847,281104888.92
18.01.2023 17:00:00.000,394.846,395.047,393.187,393.346,202682357.79
18.01.2023 18:00:00.000,393.377,394.046,392.526,393.566,174395675.66
18.01.2023 19:00:00.000,393.577,393.897,393.047,393.116,164217300.42
18.01.2023 20:00:00.000,393.106,393.577,391.277,391.527,171945297.24
19.01.2023 14:00:00.000,389.316,390.407,388.596,389.276,197515792.85
19.01.2023 15:00:00.000,389.277,389.867,387.546,387.927,340359008.79
19.01.2023 16:00:00.000,387.936,389.047,387.246,387.817,239218200.68
19.01.2023 17:00:00.000,387.817,389.027,387.786,388.576,196571105.96
19.01.2023 18:00:00.000,388.576,390.587,388.526,389.787,235683593.75
19.01.2023 19:00:00.000,389.807,391.057,389.236,390.447,211478698.73
19.01.2023 20:00:00.000,390.466,390.877,388.487,388.656,210029098.51
20.01.2023 14:00:00.000,390.106,390.106,388.366,389.697,202550994.87
20.01.2023 15:00:00.000,389.727,391.157,389.286,390.646,282485107.42
20.01.2023 16:00:00.000,390.676,392.476,390.596,391.747,190705795.29
20.01.2023 17:00:00.000,391.757,392.317,391.736,391.846,141464706.42
20.01.2023 18:00:00.000,391.856,393.587,391.087,393.407,193572906.49
20.01.2023 19:00:00.000,393.407,394.337,393.216,394.297,119560501.1
20.01.2023 20:00:00.000,394.297,396.017,394.296,395.856,189414306.64
23.01.2023 14:00:00.000,396.686,398.287,395.697,397.847,200792999.27
23.01.2023 15:00:00.000,397.847,400.266,397.617,399.866,276999603.27
23.01.2023 16:00:00.000,399.896,402.087,399.896,401.536,233334304.81
23.01.2023 17:00:00.000,401.546,401.617,400.346,401.466,181531494.14
23.01.2023 18:00:00.000,401.486,402.627,401.396,402.007,162755996.7
23.01.2023 19:00:00.000,402.006,402.017,398.716,399.517,247539001.46
23.01.2023 20:00:00.000,399.517,400.986,399.037,400.587,256194305.42
24.01.2023 14:00:00.000,398.876,400.137,397.996,398.366,212031005.86
24.01.2023 15:00:00.000,398.387,400.726,397.626,400.477,349673095.7
24.01.2023 16:00:00.000,400.496,400.697,399.707,400.027,249793502.81
24.01.2023 17:00:00.000,400.037,400.517,399.216,400.027,213474594.12
24.01.2023 18:00:00.000,400.036,401.147,399.426,400.767,190248306.27
24.01.2023 19:00:00.000,400.756,400.987,399.946,400.846,181632904.05
24.01.2023 20:00:00.000,400.856,401.047,399.286,400.197,195099899.29
25.01.2023 14:00:00.000,395.947,396.637,394.316,394.387,197908798.22
25.01.2023 15:00:00.000,394.386,395.837,393.556,394.917,349863586.43
25.01.2023 16:00:00.000,394.927,397.727,394.686,397.166,302473510.74
25.01.2023 17:00:00.000,397.177,397.467,396.497,397.197,205102798.46
25.01.2023 18:00:00.000,397.217,399.347,397.097,398.987,199480804.44
25.01.2023 19:00:00.000,398.987,400.187,398.676,399.757,208407302.86
25.01.2023 20:00:00.000,399.776,400.687,399.206,400.356,215252105.71
26.01.2023 14:00:00.000,403.087,404.056,400.796,401.506,218842803.96
26.01.2023 15:00:00.000,401.596,403.237,400.017,400.337,360785705.57
26.01.2023 16:00:00.000,400.336,401.767,400.046,401.657,305663085.94
26.01.2023 17:00:00.000,401.667,402.806,401.636,402.157,223000503.54
26.01.2023 18:00:00.000,402.166,403.507,401.587,402.897,208115097.05
26.01.2023 19:00:00.000,402.897,403.686,402.496,403.447,170863204.96
26.01.2023 20:00:00.000,403.457,404.907,403.116,404.737,186785705.57
27.01.2023 14:00:00.000,403.627,405.487,403.436,404.977,198884994.51
27.01.2023 15:00:00.000,404.987,406.607,403.566,404.127,343337707.52
27.01.2023 16:00:00.000,404.137,406.127,403.747,405.847,243908996.58
27.01.2023 17:00:00.000,405.856,406.747,405.507,406.427,202624496.46
27.01.2023 18:00:00.000,406.417,406.596,405.627,406.406,166455902.1
27.01.2023 19:00:00.000,406.407,407.567,406.246,407.446,155734207.15
27.01.2023 20:00:00.000,407.466,408.147,405.566,405.677,191510406.49
30.01.2023 14:00:00.000,402.757,404.577,402.646,404.337,208311004.64
30.01.2023 15:00:00.000,404.316,405.117,401.906,402.986,333219909.67
30.01.2023 16:00:00.000,402.987,403.857,401.996,403.177,274386901.86
30.01.2023 17:00:00.000,403.167,403.406,401.906,402.086,257666992.19
30.01.2023 18:00:00.000,402.097,403.057,401.696,402.236,213384002.69
30.01.2023 19:00:00.000,402.237,402.417,400.916,401.316,182760894.78
30.01.2023 20:00:00.000,401.307,401.767,400.296,400.606,200572799.68
31.01.2023 14:00:00.000,401.097,402.337,400.876,401.197,211421707.15
31.01.2023 15:00:00.000,401.217,403.326,400.756,402.916,339968994.14
31.01.2023 16:00:00.000,402.946,403.507,402.716,403.047,226849197.39
31.01.2023 17:00:00.000,403.057,403.867,402.486,403.657,176993103.03
31.01.2023 18:00:00.000,403.677,404.286,403.286,404.206,138965393.07
31.01.2023 19:00:00.000,404.217,404.727,404.086,404.486,124456497.19
31.01.2023 20:00:00.000,404.477,406.486,403.626,406.477,200169296.26
01.02.2023 14:00:00.000,405.217,406.406,404.806,406.167,185377807.62
01.02.2023 15:00:00.000,406.257,406.317,403.946,404.127,314976287.84
01.02.2023 16:00:00.000,404.146,405.516,403.927,404.556,203030105.59
01.02.2023 17:00:00.000,404.566,404.647,403.746,404.117,207413406.37
01.02.2023 18:00:00.000,404.126,405.397,403.956,404.667,173724304.2
01.02.2023 19:00:00.000,404.667,410.257,402.336,409.106,492507598.88
01.02.2023 20:00:00.000,409.117,413.657,409.106,410.746,407755493.16
02.02.2023 14:00:00.000,414.787,415.036,413.306,413.546,235599304.2
02.02.2023 15:00:00.000,413.556,417.127,412.876,416.626,380213989.26
02.02.2023 16:00:00.000,416.626,417.037,415.816,415.856,282664794.92
02.02.2023 17:00:00.000,415.867,416.937,415.597,416.656,208625106.81
02.02.2023 18:00:00.000,416.696,418.057,416.376,418.046,183211196.9
02.02.2023 19:00:00.000,418.046,418.286,413.666,413.797,302616607.67
02.02.2023 20:00:00.000,413.816,416.787,413.216,416.736,342487213.13
03.02.2023 14:00:00.000,411.576,414.426,411.436,413.647,235817993.16
03.02.2023 15:00:00.000,413.556,416.696,412.407,415.636,429823486.33
03.02.2023 16:00:00.000,415.647,416.946,414.606,414.766,294923400.88
03.02.2023 17:00:00.000,414.757,416.507,413.906,414.106,270912292.48
03.02.2023 18:00:00.000,414.107,414.247,411.666,412.946,357439514.16
03.02.2023 19:00:00.000,412.946,413.217,411.546,411.796,326463592.53
03.02.2023 20:00:00.000,411.827,412.996,411.077,412.316,307552185.06
06.02.2023 14:00:00.000,409.756,410.886,409.357,410.276,206625305.18
06.02.2023 15:00:00.000,410.316,410.677,408.087,410.257,348376190.19
06.02.2023 16:00:00.000,410.276,411.286,409.586,409.706,261727813.72
06.02.2023 17:00:00.000,409.696,410.466,409.326,409.936,235596298.22
06.02.2023 18:00:00.000,409.926,410.316,409.186,409.956,229854003.91
06.02.2023 19:00:00.000,409.956,411.047,409.697,410.257,195256195.07
06.02.2023 20:00:00.000,410.236,410.327,408.716,409.917,232098007.2
07.02.2023 14:00:00.000,408.837,409.566,408.526,408.997,201214797.97
07.02.2023 15:00:00.000,408.986,409.397,408.346,408.727,283897796.63
07.02.2023 16:00:00.000,408.737,410.687,408.736,410.227,221022003.17
07.02.2023 17:00:00.000,410.227,415.147,409.727,414.326,295048187.26
07.02.2023 18:00:00.000,414.316,414.946,407.556,408.917,481380004.88
07.02.2023 19:00:00.000,408.906,413.706,408.847,413.536,371891113.28
07.02.2023 20:00:00.000,413.586,416.487,412.676,415.166,269128204.35
08.02.2023 14:00:00.000,413.126,414.407,412.766,414.086,211979705.81
08.02.2023 15:00:00.000,414.056,414.507,412.016,412.437,353281188.96
08.02.2023 16:00:00.000,412.426,412.507,410.136,411.426,301752593.99
08.02.2023 17:00:00.000,411.396,411.976,410.546,411.867,252076797.49
08.02.2023 18:00:00.000,411.866,412.577,410.917,411.387,278899505.62
08.02.2023 19:00:00.000,411.386,412.127,410.466,411.337,248302795.41
08.02.2023 20:00:00.000,411.337,411.417,409.926,410.616,279242401.12
09.02.2023 14:00:00.000,414.407,414.527,412.957,413.336,198662994.38
09.02.2023 15:00:00.000,413.336,414.017,412.076,412.997,352177185.06
09.02.2023 16:00:00.000,412.997,413.017,410.917,411.396,311792694.09
09.02.2023 17:00:00.000,411.396,412.117,409.286,410.126,255036300.66
09.02.2023 18:00:00.000,410.126,410.486,409.017,409.327,274772399.9
09.02.2023 19:00:00.000,409.327,409.607,408.156,408.436,248367294.31
09.02.2023 20:00:00.000,408.436,408.457,405.806,407.107,281142913.82
10.02.2023 14:00:00.000,405.857,406.977,405.446,406.407,205220397.95
10.02.2023 15:00:00.000,406.427,408.057,405.006,406.616,390078887.94
10.02.2023 16:00:00.000,406.596,407.467,406.087,406.237,299134796.14
10.02.2023 17:00:00.000,406.247,406.897,405.247,406.887,262751708.98
10.02.2023 18:00:00.000,406.876,408.127,406.686,406.727,215179199.22
10.02.2023 19:00:00.000,406.717,407.466,406.186,407.396,210569702.15
10.02.2023 20:00:00.000,407.417,408.427,406.716,408.027,230771698
13.02.2023 14:00:00.000,408.706,410.337,408.227,410.297,201391494.75
13.02.2023 15:00:00.000,410.316,411.856,409.926,411.426,269152191.16
13.02.2023 16:00:00.000,411.426,412.356,411.096,411.877,213108001.71
13.02.2023 17:00:00.000,411.887,412.537,411.776,412.146,182483703.61
13.02.2023 18:00:00.000,412.156,412.767,411.616,412.736,166867797.85
13.02.2023 19:00:00.000,412.746,412.937,411.136,411.717,179549102.78
13.02.2023 20:00:00.000,411.736,412.817,411.067,412.817,216776992.8
14.02.2023 14:00:00.000,411.217,413.707,409.486,413.266,253570205.69
14.02.2023 15:00:00.000,413.276,415.027,409.347,410.497,396273284.91
14.02.2023 16:00:00.000,410.497,411.917,408.506,409.536,390599090.58
14.02.2023 17:00:00.000,409.536,411.227,409.347,411.027,299420684.81
14.02.2023 18:00:00.000,411.036,413.546,410.927,412.437,300868804.93
14.02.2023 19:00:00.000,412.437,413.637,411.217,413.147,266277008.06
14.02.2023 20:00:00.000,413.146,413.686,412.406,412.697,252262207.03
15.02.2023 14:00:00.000,410.306,411.617,409.726,410.287,196336502.08
15.02.2023 15:00:00.000,410.317,411.647,409.467,410.666,343028686.52
15.02.2023 16:00:00.000,410.657,412.746,410.576,412.147,253972198.49
15.02.2023 17:00:00.000,412.147,412.297,410.806,411.507,242465698.24
15.02.2023 18:00:00.000,411.516,412.966,411.167,412.956,180318893.43
15.02.2023 19:00:00.000,412.967,413.507,412.286,412.416,167650497.44
15.02.2023 20:00:00.000,412.416,413.987,412.416,413.987,222117004.39
16.02.2023 14:00:00.000,408.766,409.737,408.286,408.826,197773803.71
16.02.2023 15:00:00.000,408.816,411.657,408.407,411.326,333404388.43
16.02.2023 16:00:00.000,411.347,412.006,410.766,411.407,291237304.69
16.02.2023 17:00:00.000,411.417,412.876,410.847,412.127,259209289.55
16.02.2023 18:00:00.000,412.126,412.657,411.296,412.117,251962799.07
16.02.2023 19:00:00.000,412.137,412.887,411.837,412.176,181942794.8
16.02.2023 20:00:00.000,412.186,412.297,408.137,408.296,314480407.71
17.02.2023 14:00:00.000,406.007,406.786,404.176,404.736,182496307.37
17.02.2023 15:00:00.000,404.727,407.207,404.656,404.927,345857696.53
17.02.2023 16:00:00.000,404.896,405.517,404.116,404.777,256321807.86
17.02.2023 17:00:00.000,404.786,405.967,404.046,404.446,216047103.88
17.02.2023 18:00:00.000,404.467,405.447,404.236,405.156,209980499.27
17.02.2023 19:00:00.000,405.187,407.227,405.086,407.076,212987106.32
17.02.2023 20:00:00.000,407.087,407.487,406.357,407.216,262914611.82
21.02.2023 14:00:00.000,403.036,404.097,402.277,402.517,200021392.82
21.02.2023 15:00:00.000,402.486,402.886,401.246,401.317,307015502.93
21.02.2023 16:00:00.000,401.337,401.707,400.276,400.477,224546707.15
21.02.2023 17:00:00.000,400.467,400.957,400.106,400.876,200427902.22
21.02.2023 18:00:00.000,400.887,400.957,399.486,399.647,169796401.98
21.02.2023 19:00:00.000,399.667,400.057,398.807,399.686,175161605.84
21.02.2023 20:00:00.000,399.706,400.147,398.916,399.117,216347396.85
22.02.2023 14:00:00.000,399.507,400.437,399.287,399.727,196178100.59
22.02.2023 15:00:00.000,399.716,399.797,397.616,399.086,305707489.01
22.02.2023 16:00:00.000,399.116,399.586,398.576,399.416,237862792.97
22.02.2023 17:00:00.000,399.427,400.517,399.076,400.087,191737197.88
22.02.2023 18:00:00.000,400.107,400.867,399.806,400.287,157999206.54
22.02.2023 19:00:00.000,400.286,401.117,397.506,397.556,393631195.07
22.02.2023 20:00:00.000,397.567,398.617,396.996,398.567,294391510.01
23.02.2023 14:00:00.000,401.527,402.187,400.766,401.806,205598098.75
23.02.2023 15:00:00.000,401.827,402.156,398.846,399.156,349458587.65
23.02.2023 16:00:00.000,399.126,399.647,396.386,396.456,281399688.72
23.02.2023 17:00:00.000,396.486,397.617,396.256,397.566,222812103.27
23.02.2023 18:00:00.000,397.567,398.417,397.026,398.186,213273895.26
23.02.2023 19:00:00.000,398.177,400.607,397.886,400.106,245232894.9
23.02.2023 20:00:00.000,400.107,401.597,400.107,400.616,236862594.6
24.02.2023 14:00:00.000,395.396,396.457,394.157,394.466,210809097.29
24.02.2023 15:00:00.000,394.316,395.387,393.636,394.087,328521911.62
24.02.2023 16:00:00.000,394.097,396.687,393.976,395.877,260228088.38
24.02.2023 17:00:00.000,395.897,396.097,394.547,394.647,208616394.04
24.02.2023 18:00:00.000,394.656,395.877,394.286,395.577,200510406.49
24.02.2023 19:00:00.000,395.587,397.047,395.116,396.786,202536895.75
24.02.2023 20:00:00.000,396.796,397.237,395.036,396.377,253720504.76
27.02.2023 14:00:00.000,399.887,400.336,399.077,400.306,178709396.36
27.02.2023 15:00:00.000,400.316,401.287,398.596,399.207,303125091.55
27.02.2023 16:00:00.000,399.207,399.557,397.616,398.256,233466003.42
27.02.2023 17:00:00.000,398.286,398.797,397.556,398.707,193047897.34
27.02.2023 18:00:00.000,398.717,399.187,398.106,399.007,165542999.27
27.02.2023 19:00:00.000,399.007,399.497,397.746,397.937,178726806.64
27.02.2023 20:00:00.000,397.946,398.167,396.746,397.676,225404403.69
28.02.2023 14:00:00.000,397.216,398.017,396.467,397.316,192908706.67
28.02.2023 15:00:00.000,397.326,398.257,396.576,397.327,357143096.92
28.02.2023 16:00:00.000,397.337,398.386,397.146,397.397,205580398.56
28.02.2023 17:00:00.000,397.416,399.027,397.406,398.816,167530197.14
28.02.2023 18:00:00.000,398.817,399.267,398.646,398.946,139299606.32
28.02.2023 19:00:00.000,398.937,399.207,397.687,397.796,150386703.49
28.02.2023 20:00:00.000,397.796,397.827,396.207,396.217,163623001.1
01.03.2023 14:00:00.000,395.377,396.667,395.156,396.047,164002807.62
01.03.2023 15:00:00.000,396.077,396.457,394.036,395.837,299790588.38
01.03.2023 16:00:00.000,395.806,396.106,393.377,395.717,267189605.71
01.03.2023 17:00:00.000,395.737,396.427,395.427,395.606,216172805.79
01.03.2023 18:00:00.000,395.607,395.637,394.296,394.787,150582901
01.03.2023 19:00:00.000,394.786,394.936,393.626,394.056,154860900.88
01.03.2023 20:00:00.000,394.067,395.167,393.966,394.657,201569702.15
02.03.2023 14:00:00.000,392.657,393.566,392.316,393.276,187196395.87
02.03.2023 15:00:00.000,393.277,394.457,392.796,394.267,307971893.31
02.03.2023 16:00:00.000,394.276,394.647,393.456,393.897,226916107.18
02.03.2023 17:00:00.000,393.906,394.566,393.446,394.397,183153305.05
02.03.2023 18:00:00.000,394.386,396.157,394.006,396.126,182348098.75
02.03.2023 19:00:00.000,396.126,397.157,396.026,396.797,221046295.17
02.03.2023 20:00:00.000,396.786,398.677,396.426,397.777,235701293.95
03.03.2023 14:00:00.000,399.706,400.897,399.156,400.526,157358703.61
03.03.2023 15:00:00.000,400.507,401.487,399.026,400.697,303744903.56
03.03.2023 16:00:00.000,400.686,402.136,400.507,401.917,226004699.71
03.03.2023 17:00:00.000,401.917,402.987,401.836,402.936,159662994.38
03.03.2023 18:00:00.000,402.937,403.237,402.646,402.866,116417396.55
03.03.2023 19:00:00.000,402.886,403.876,402.576,403.836,113399101.26
03.03.2023 20:00:00.000,403.837,404.446,403.476,404.186,167242797.85
06.03.2023 14:00:00.000,405.016,405.837,404.746,405.757,156449096.68
06.03.2023 15:00:00.000,405.746,407.337,405.226,406.636,251699401.86
06.03.2023 16:00:00.000,406.637,407.436,406.226,406.766,186900894.17
06.03.2023 17:00:00.000,406.776,407.377,405.576,405.836,178578292.85
06.03.2023 18:00:00.000,405.846,405.907,404.607,404.856,177011093.14
06.03.2023 19:00:00.000,404.856,405.327,404.556,404.716,186538192.75
06.03.2023 20:00:00.000,404.717,405.007,404.017,404.437,202662902.83
07.03.2023 14:00:00.000,404.406,404.667,404.076,404.336,158293502.81
07.03.2023 15:00:00.000,404.336,404.336,400.336,400.406,418861785.89
07.03.2023 16:00:00.000,400.407,401.307,399.767,399.877,353103912.35
07.03.2023 17:00:00.000,399.897,401.997,399.776,400.306,305376892.09
07.03.2023 18:00:00.000,400.317,400.377,398.146,398.347,247826995.85
07.03.2023 19:00:00.000,398.346,398.927,397.616,397.736,183362701.42
07.03.2023 20:00:00.000,397.746,399.157,397.686,398.297,199053894.04
08.03.2023 14:00:00.000,398.376,399.086,397.926,398.737,193527893.07
08.03.2023 15:00:00.000,398.727,399.676,396.856,398.347,421616699.22
08.03.2023 16:00:00.000,398.347,399.697,397.716,399.306,255146102.91
08.03.2023 17:00:00.000,399.317,399.486,397.217,397.947,219152404.79
08.03.2023 18:00:00.000,397.956,398.147,396.586,396.996,226831802.37
08.03.2023 19:00:00.000,397.007,397.997,396.916,397.317,171796493.53
08.03.2023 20:00:00.000,397.326,399.147,396.936,398.907,179654693.6
09.03.2023 14:00:00.000,399.747,401.467,399.356,400.767,187656005.86
09.03.2023 15:00:00.000,400.756,401.266,399.406,399.956,289994689.94
09.03.2023 16:00:00.000,399.937,400.047,399.036,399.077,249173095.7
09.03.2023 17:00:00.000,399.087,399.287,397.716,397.917,245627105.71
09.03.2023 18:00:00.000,397.927,398.227,394.776,395.146,267976501.46
09.03.2023 19:00:00.000,395.167,395.416,393.366,393.426,267209686.28
09.03.2023 20:00:00.000,393.417,393.706,390.506,391.527,333071105.96
10.03.2023 14:00:00.000,390.957,391.187,387.467,389.156,244731292.72
10.03.2023 15:00:00.000,389.186,391.057,388.397,391.046,459992401.12
10.03.2023 16:00:00.000,391.056,393.146,389.686,389.826,397582489.01
10.03.2023 17:00:00.000,389.857,390.297,387.696,387.826,355125885.01
10.03.2023 18:00:00.000,387.827,388.406,384.316,384.907,303143402.1
10.03.2023 19:00:00.000,384.896,388.407,384.847,387.507,396359100.34
10.03.2023 20:00:00.000,387.516,387.946,384.677,385.866,392445892.33
13.03.2023 13:00:00.000,381.737,386.247,380.666,385.526,257280609.13
13.03.2023 14:00:00.000,385.546,387.827,383.646,387.706,500449798.58
13.03.2023 15:00:00.000,387.686,389.836,387.146,388.827,480166198.73
13.03.2023 16:00:00.000,388.826,390.297,386.076,386.577,421822814.94
13.03.2023 17:00:00.000,386.597,388.097,385.366,387.817,365432708.74
13.03.2023 18:00:00.000,387.816,389.487,387.657,388.457,374412902.83
13.03.2023 19:00:00.000,388.466,388.867,385.047,385.307,384765899.66
14.03.2023 13:00:00.000,390.457,391.887,389.886,391.077,235983001.71
14.03.2023 14:00:00.000,391.107,392.986,390.556,391.987,362616607.67
14.03.2023 15:00:00.000,391.997,393.447,391.887,392.506,224291107.18
14.03.2023 16:00:00.000,392.516,392.817,391.086,391.417,257719207.76
14.03.2023 17:00:00.000,391.417,391.707,388.546,389.157,353101501.46
14.03.2023 18:00:00.000,389.167,389.967,387.706,388.847,329813690.19
14.03.2023 19:00:00.000,388.856,392.166,387.047,391.686,345615295.41
15.03.2023 13:00:00.000,385.827,387.666,385.166,385.557,244841705.32
15.03.2023 14:00:00.000,385.576,387.417,384.306,386.146,444589508.06
15.03.2023 15:00:00.000,386.147,387.357,385.557,385.706,394270812.99
15.03.2023 16:00:00.000,385.697,386.237,383.697,384.117,336597900.39
15.03.2023 17:00:00.000,384.136,386.956,383.806,386.477,363950408.94
15.03.2023 18:00:00.000,386.487,389.416,385.426,388.647,396385192.87
15.03.2023 19:00:00.000,388.667,389.376,386.766,388.986,406588195.8
16.03.2023 13:00:00.000,386.816,388.646,386.276,388.577,246043792.72
16.03.2023 14:00:00.000,388.556,392.047,386.576,391.566,439096801.76
16.03.2023 15:00:00.000,391.576,394.447,390.797,393.847,393349792.48
16.03.2023 16:00:00.000,393.857,395.477,392.397,395.226,342881713.87
16.03.2023 17:00:00.000,395.237,396.127,394.317,395.006,299031585.69
16.03.2023 18:00:00.000,395.017,395.237,393.616,395.196,264344085.69
16.03.2023 19:00:00.000,395.206,396.417,395.037,395.886,257350189.21
17.03.2023 13:00:00.000,393.217,394.166,392.236,392.777,232973098.75
17.03.2023 14:00:00.000,392.766,394.377,389.426,390.226,419246398.93
17.03.2023 15:00:00.000,390.217,390.977,388.547,389.567,372915313.72
17.03.2023 16:00:00.000,389.576,391.766,389.497,390.366,342757507.32
17.03.2023 17:00:00.000,390.357,391.596,390.186,390.986,301489807.13
17.03.2023 18:00:00.000,391.016,391.447,388.546,389.626,310796997.07
17.03.2023 19:00:00.000,389.637,390.867,389.196,390.116,331575012.21
20.03.2023 13:00:00.000,390.777,392.117,390.066,391.666,237119094.85
20.03.2023 14:00:00.000,391.676,393.167,390.886,393.047,404586914.06
20.03.2023 15:00:00.000,393.016,394.136,392.347,392.447,296825988.77
20.03.2023 16:00:00.000,392.447,393.207,390.716,392.886,330702301.03
20.03.2023 17:00:00.000,392.907,393.827,392.756,393.007,257184906.01
20.03.2023 18:00:00.000,393.007,393.316,391.947,392.696,263985595.7
20.03.2023 19:00:00.000,392.686,394.116,392.246,393.647,271106414.79
21.03.2023 13:00:00.000,397.237,397.977,397.067,397.857,184252807.62
21.03.2023 14:00:00.000,397.866,398.327,395.857,396.227,347633392.33
21.03.2023 15:00:00.000,396.236,397.297,395.566,395.876,291544494.63
21.03.2023 16:00:00.000,395.887,396.876,395.636,396.406,231129898.07
21.03.2023 17:00:00.000,396.406,397.397,396.136,396.266,179619903.56
21.03.2023 18:00:00.000,396.266,397.917,396.236,397.647,179682296.75
21.03.2023 19:00:00.000,397.637,399.397,397.596,398.657,180261306.76
22.03.2023 13:00:00.000,398.687,398.866,398.066,398.566,177739501.95
22.03.2023 14:00:00.000,398.556,399.877,398.286,399.236,244113601.68
22.03.2023 15:00:00.000,399.217,399.387,398.386,398.906,181977005
22.03.2023 16:00:00.000,398.896,398.967,397.827,397.917,166119598.39
22.03.2023 17:00:00.000,397.937,398.757,397.366,398.466,148025100.71
22.03.2023 18:00:00.000,398.536,402.467,397.397,398.536,478364410.4
22.03.2023 19:00:00.000,398.527,399.867,392.056,392.097,440368499.76
23.03.2023 13:00:00.000,395.026,396.146,394.906,395.926,194536804.2
23.03.2023 14:00:00.000,395.916,398.547,395.826,398.397,325302612.3
23.03.2023 15:00:00.000,398.407,399.276,397.766,398.016,255840606.69
23.03.2023 16:00:00.000,398.017,398.317,396.527,396.756,281627685.55
23.03.2023 17:00:00.000,396.776,397.116,394.656,394.806,324735900.88
23.03.2023 18:00:00.000,394.827,395.357,390.536,392.177,358002899.17
23.03.2023 19:00:00.000,392.186,394.966,390.347,393.136,435910797.12
24.03.2023 13:00:00.000,391.837,391.967,389.386,391.616,213572097.78
24.03.2023 14:00:00.000,391.626,392.937,390.216,391.507,414713989.26
24.03.2023 15:00:00.000,391.536,393.277,389.927,393.106,369176391.6
24.03.2023 16:00:00.000,393.116,393.987,391.667,393.296,311802886.96
24.03.2023 17:00:00.000,393.287,394.367,392.677,393.547,293431793.21
24.03.2023 18:00:00.000,393.577,395.117,393.416,394.646,249479995.73
24.03.2023 19:00:00.000,394.647,395.826,394.037,395.736,265837799.07
27.03.2023 13:00:00.000,398.106,398.897,397.396,398.007,190871398.93
27.03.2023 14:00:00.000,398.037,398.207,396.236,396.386,290384704.59
27.03.2023 15:00:00.000,396.396,396.857,395.556,395.946,261029113.77
27.03.2023 16:00:00.000,395.957,396.956,395.576,396.426,226032592.77
27.03.2023 17:00:00.000,396.437,397.537,396.036,396.817,211894500.73
27.03.2023 18:00:00.000,396.806,398.107,396.366,398.036,178064407.35
27.03.2023 19:00:00.000,398.026,398.257,395.836,396.307,236125793.46
28.03.2023 13:00:00.000,395.746,396.027,394.956,395.476,181358993.53
28.03.2023 14:00:00.000,395.487,396.487,394.546,394.776,304785614.01
28.03.2023 15:00:00.000,394.787,396.196,394.726,396.037,205417800.9
28.03.2023 16:00:00.000,396.036,396.137,395.096,395.347,170724304.2
28.03.2023 17:00:00.000,395.356,395.487,393.686,393.837,174141006.47
28.03.2023 18:00:00.000,393.827,394.967,393.716,394.806,152111404.42
28.03.2023 19:00:00.000,394.817,395.707,394.336,395.667,196602005
29.03.2023 13:00:00.000,399.897,400.116,399.416,399.847,137613006.59
29.03.2023 14:00:00.000,399.847,400.257,398.707,398.806,229569000.24
29.03.2023 15:00:00.000,398.797,399.927,398.736,399.887,167528396.61
29.03.2023 16:00:00.000,399.897,400.107,399.466,399.647,121932601.93
29.03.2023 17:00:00.000,399.647,400.417,399.376,399.547,148136703.49
29.03.2023 18:00:00.000,399.577,400.687,399.217,400.606,140783996.58
29.03.2023 19:00:00.000,400.607,401.587,400.096,401.357,179097900.39
30.03.2023 13:00:00.000,404.096,404.126,403.506,404.066,150602096.56
30.03.2023 14:00:00.000,404.057,404.336,402.796,403.577,241732498.17
30.03.2023 15:00:00.000,403.586,404.027,402.737,403.056,206253906.25
30.03.2023 16:00:00.000,403.066,403.237,402.056,402.366,200827804.57
30.03.2023 17:00:00.000,402.386,402.817,401.746,402.316,182820297.24
30.03.2023 18:00:00.000,402.317,403.467,402.236,403.137,148114501.95
30.03.2023 19:00:00.000,403.126,403.766,402.866,403.666,144906295.78
31.03.2023 13:00:00.000,404.636,405.737,404.547,405.457,145498199.46
31.03.2023 14:00:00.000,405.517,406.297,405.347,406.176,199593307.5
31.03.2023 15:00:00.000,406.196,407.147,406.026,407.116,150742202.76
31.03.2023 16:00:00.000,407.116,407.677,407.047,407.216,122659500.12
31.03.2023 17:00:00.000,407.217,407.346,406.686,407.117,102091499.33
31.03.2023 18:00:00.000,407.126,407.697,406.936,407.537,103768501.28
31.03.2023 19:00:00.000,407.517,409.666,407.517,409.326,186369003.3
03.04.2023 13:00:00.000,408.837,410.686,408.816,410.107,147743804.93
03.04.2023 14:00:00.000,410.106,411.357,408.967,408.997,270614685.06
03.04.2023 15:00:00.000,408.987,409.487,408.416,409.477,207463806.15
03.04.2023 16:00:00.000,409.477,409.877,409.216,409.277,142236602.78
03.04.2023 17:00:00.000,409.267,409.757,408.896,409.217,116467201.23
03.04.2023 18:00:00.000,409.227,410.447,409.087,410.367,105084602.36
03.04.2023 19:00:00.000,410.376,411.177,410.296,410.917,141345001.22
04.04.2023 13:00:00.000,411.617,411.667,410.446,411.007,160007400.51
04.04.2023 14:00:00.000,411.016,411.907,409.536,409.706,328709411.62
04.04.2023 15:00:00.000,409.696,409.706,408.206,408.286,267623992.92
04.04.2023 16:00:00.000,408.266,408.527,407.227,408.316,219678298.95
04.04.2023 17:00:00.000,408.326,409.287,408.106,408.686,173804092.41
04.04.2023 18:00:00.000,408.687,408.957,407.676,407.837,164032501.22
04.04.2023 19:00:00.000,407.846,408.686,407.466,408.686,205632904.05
05.04.2023 13:00:00.000,407.886,408.617,407.756,408.357,170667892.46
05.04.2023 14:00:00.000,408.356,408.647,406.236,406.337,289640106.2
05.04.2023 15:00:00.000,406.326,407.397,406.146,407.046,188464492.8
05.04.2023 16:00:00.000,407.056,407.117,405.866,406.147,163143005.37
05.04.2023 17:00:00.000,406.156,407.216,405.976,407.147,146478897.09
05.04.2023 18:00:00.000,407.156,407.757,407.036,407.496,142068603.52
05.04.2023 19:00:00.000,407.487,407.847,406.836,407.647,153143096.92
06.04.2023 13:00:00.000,406.737,406.887,405.676,406.136,152605804.44
06.04.2023 14:00:00.000,406.127,407.276,406.047,406.426,257835296.63
06.04.2023 15:00:00.000,406.437,408.126,406.226,408.106,186413101.2
06.04.2023 16:00:00.000,408.097,409.137,408.096,408.587,150690307.62
06.04.2023 17:00:00.000,408.597,409.206,408.416,408.856,134060699.46
06.04.2023 18:00:00.000,408.866,409.467,408.746,408.916,125000701.9
06.04.2023 19:00:00.000,408.917,409.247,408.457,409.117,134433898.93
10.04.2023 13:00:00.000,406.566,406.827,405.947,406.197,163768905.64
10.04.2023 14:00:00.000,406.187,407.377,406.007,406.696,192086395.26
10.04.2023 15:00:00.000,406.706,407.777,406.696,407.006,151027206.42
10.04.2023 16:00:00.000,407.007,408.327,406.276,408.296,156042602.54
10.04.2023 17:00:00.000,408.307,408.867,408.177,408.607,134157592.77
10.04.2023 18:00:00.000,408.626,409.117,408.356,409.056,130100692.75
10.04.2023 19:00:00.000,409.066,409.677,408.636,409.656,149407501.22
11.04.2023 13:00:00.000,410.246,410.267,409.406,409.507,130000198.36
11.04.2023 14:00:00.000,409.516,410.017,408.917,409.366,228556793.21
11.04.2023 15:00:00.000,409.377,410.107,409.336,410.027,165941101.07
11.04.2023 16:00:00.000,410.037,410.527,409.826,410.407,128009994.51
11.04.2023 17:00:00.000,410.417,410.867,410.127,410.807,111019203.19
11.04.2023 18:00:00.000,410.806,411.107,410.537,410.927,88299301.15
11.04.2023 19:00:00.000,410.947,411.147,409.226,409.697,124968902.59
12.04.2023 13:00:00.000,411.826,412.147,410.126,410.726,190698898.32
12.04.2023 14:00:00.000,410.717,411.827,409.086,409.167,302949005.13
12.04.2023 15:00:00.000,409.176,410.457,408.216,410.326,240036697.39
12.04.2023 16:00:00.000,410.356,410.947,410.226,410.846,181904403.69
12.04.2023 17:00:00.000,410.866,411.467,410.446,410.866,158173797.61
12.04.2023 18:00:00.000,410.857,411.456,408.536,409.006,272340301.51
12.04.2023 19:00:00.000,409.017,409.406,407.426,408.047,267699310.3
13.04.2023 13:00:00.000,409.236,409.517,408.696,409.116,176263504.03
13.04.2023 14:00:00.000,409.106,410.857,408.936,410.237,232168792.72
13.04.2023 15:00:00.000,410.247,411.067,410.247,410.946,164250595.09
13.04.2023 16:00:00.000,410.936,411.547,410.936,411.476,104123703
13.04.2023 17:00:00.000,411.496,412.777,411.086,412.657,98175300.6
13.04.2023 18:00:00.000,412.676,413.647,412.537,413.546,91070396.42
13.04.2023 19:00:00.000,413.556,413.827,413.127,413.436,117113998.41
14.04.2023 13:00:00.000,412.816,415.077,412.777,414.796,153354599
14.04.2023 14:00:00.000,414.787,414.957,411.696,412.206,344293792.72
14.04.2023 15:00:00.000,412.226,412.457,411.266,411.767,251737503.05
14.04.2023 16:00:00.000,411.756,411.837,410.126,410.346,194663101.2
14.04.2023 17:00:00.000,410.347,411.527,410.047,411.007,161160598.75
14.04.2023 18:00:00.000,411.017,412.177,410.677,412.077,136341003.42
14.04.2023 19:00:00.000,412.087,412.767,410.636,412.497,182591705.32
17.04.2023 13:00:00.000,412.356,413.177,412.197,412.656,169845397.95
17.04.2023 14:00:00.000,412.657,413.167,411.926,412.336,258462005.62
17.04.2023 15:00:00.000,412.377,412.677,411.206,411.667,170962203.98
17.04.2023 16:00:00.000,411.667,411.986,411.267,411.757,145686904.91
17.04.2023 17:00:00.000,411.757,412.096,411.216,411.307,113944503.78
17.04.2023 18:00:00.000,411.316,412.797,411.076,412.687,116732696.53
17.04.2023 19:00:00.000,412.697,413.947,412.697,413.936,124441802.98
18.04.2023 13:00:00.000,415.596,415.717,414.486,414.666,142673995.97
18.04.2023 14:00:00.000,414.667,414.706,412.916,413.306,235531204.22
18.04.2023 15:00:00.000,413.276,413.827,412.766,413.217,189170700.07
18.04.2023 16:00:00.000,413.226,414.237,413.107,413.787,140356796.26
18.04.2023 17:00:00.000,413.786,414.447,413.556,413.946,107686798.1
18.04.2023 18:00:00.000,413.936,414.476,413.206,413.827,120351600.65
18.04.2023 19:00:00.000,413.857,414.587,413.806,414.197,123932403.56
19.04.2023 13:00:00.000,412.207,412.727,412.157,412.286,142052398.68
19.04.2023 14:00:00.000,412.307,413.576,412.237,413.326,180783905.03
19.04.2023 15:00:00.000,413.337,413.777,412.957,413.716,148792495.73
19.04.2023 16:00:00.000,413.716,414.197,413.516,414.017,103997703.55
19.04.2023 17:00:00.000,414.037,414.567,413.827,414.527,105865501.4
19.04.2023 18:00:00.000,414.557,415.067,414.176,414.536,106952697.75
19.04.2023 19:00:00.000,414.526,414.767,413.617,414.197,127016998.29
20.04.2023 13:00:00.000,411.177,412.307,411.046,411.647,118844100.95
20.04.2023 14:00:00.000,411.637,412.847,411.356,412.707,197884201.05
20.04.2023 15:00:00.000,412.726,412.817,411.796,412.306,166174194.34
20.04.2023 16:00:00.000,412.327,413.306,411.816,413.236,140050506.59
20.04.2023 17:00:00.000,413.266,413.686,413.096,413.216,112189796.45
20.04.2023 18:00:00.000,413.206,413.237,411.127,411.627,145805404.66
20.04.2023 19:00:00.000,411.647,411.926,410.256,411.877,190206298.83
21.04.2023 13:00:00.000,412.187,412.267,410.906,410.957,168503097.53
21.04.2023 14:00:00.000,410.937,412.427,410.167,410.817,268218597.41
21.04.2023 15:00:00.000,410.826,411.926,410.726,411.737,206068801.88
21.04.2023 16:00:00.000,411.737,412.006,411.237,411.596,146585998.54
21.04.2023 17:00:00.000,411.606,412.367,411.336,412.216,129089996.34
21.04.2023 18:00:00.000,412.237,412.667,411.706,412.016,106603202.82
21.04.2023 19:00:00.000,411.997,412.367,411.347,412.177,141573593.14
24.04.2023 13:00:00.000,411.976,412.937,411.776,412.686,145347595.21
24.04.2023 14:00:00.000,412.677,413.056,411.366,411.586,207487792.97
24.04.2023 15:00:00.000,411.596,411.707,410.787,410.897,153940505.98
24.04.2023 16:00:00.000,410.916,411.737,410.587,411.676,86386802.67
24.04.2023 17:00:00.000,411.687,412.277,411.376,412.167,89564399.72
24.04.2023 18:00:00.000,412.187,412.397,411.696,412.077,94237197.88
24.04.2023 19:00:00.000,412.087,412.617,412.086,412.617,98194801.33
25.04.2023 13:00:00.000,410.547,411.147,410.026,410.277,145656906.13
25.04.2023 14:00:00.000,410.246,410.777,409.117,409.817,214929306.03
25.04.2023 15:00:00.000,409.836,410.397,408.956,409.017,122650497.44
25.04.2023 16:00:00.000,409.027,409.277,408.426,408.637,94164001.46
25.04.2023 17:00:00.000,408.636,408.907,406.827,406.966,159719406.13
25.04.2023 18:00:00.000,406.967,407.387,406.566,406.636,143319000.24
25.04.2023 19:00:00.000,406.627,407.427,406.016,406.096,160974594.12
26.04.2023 13:00:00.000,406.717,407.257,406.306,406.886,195379806.52
26.04.2023 14:00:00.000,406.867,406.957,405.016,406.226,295716613.77
26.04.2023 15:00:00.000,406.237,407.536,406.216,407.327,198181793.21
26.04.2023 16:00:00.000,407.337,407.837,406.486,406.667,154737304.69
26.04.2023 17:00:00.000,406.666,406.977,404.987,405.267,157263305.66
26.04.2023 18:00:00.000,405.267,405.337,404.086,404.356,190222793.58
26.04.2023 19:00:00.000,404.377,404.947,403.767,404.346,180649200.44
27.04.2023 13:00:00.000,406.987,407.846,406.736,407.546,160329605.1
27.04.2023 14:00:00.000,407.577,408.547,407.416,407.697,193426498.41
27.04.2023 15:00:00.000,407.716,409.197,407.446,409.157,147208801.27
27.04.2023 16:00:00.000,409.156,409.837,409.146,409.746,100427101.14
27.04.2023 17:00:00.000,409.756,411.136,409.636,410.766,82618499.76
27.04.2023 18:00:00.000,410.786,412.487,410.746,412.467,100013397.22
27.04.2023 19:00:00.000,412.476,412.677,412.066,412.396,124760101.32
28.04.2023 13:00:00.000,411.467,412.766,411.396,412.526,149256607.06
28.04.2023 14:00:00.000,412.527,414.796,412.326,413.227,259362304.69
28.04.2023 15:00:00.000,413.237,414.857,412.297,414.726,233334304.81
28.04.2023 16:00:00.000,414.737,415.527,414.367,415.447,157425903.32
28.04.2023 17:00:00.000,415.446,415.537,414.546,414.936,149058303.83
28.04.2023 18:00:00.000,414.947,415.467,414.096,414.797,151944595.34
28.04.2023 19:00:00.000,414.746,415.917,414.627,415.907,174727203.37
01.05.2023 13:00:00.000,415.427,416.717,415.427,416.346,135078598.02
01.05.2023 14:00:00.000,416.366,417.047,415.737,416.946,231262893.68
01.05.2023 15:00:00.000,416.957,417.137,415.566,416.336,188498703
01.05.2023 16:00:00.000,416.326,417.607,416.296,417.177,134944305.42
01.05.2023 17:00:00.000,417.177,417.317,416.606,417.026,116449996.95
01.05.2023 18:00:00.000,417.017,417.117,415.416,416.076,143553100.59
01.05.2023 19:00:00.000,416.067,416.206,415.256,415.527,157163894.65
02.05.2023 13:00:00.000,414.736,414.787,413.637,413.837,145897903.44
02.05.2023 14:00:00.000,413.866,414.087,408.966,409.076,336896301.27
02.05.2023 15:00:00.000,409.067,409.417,407.806,408.696,281760803.22
02.05.2023 16:00:00.000,408.687,409.837,408.416,409.656,170577392.58
02.05.2023 17:00:00.000,409.646,411.277,409.466,410.816,126263198.85
02.05.2023 18:00:00.000,410.846,411.167,409.776,411.076,153736297.61
02.05.2023 19:00:00.000,411.067,411.567,410.456,410.866,183393295.29
03.05.2023 13:00:00.000,411.317,412.646,411.237,412.187,159103393.55
03.05.2023 14:00:00.000,412.177,412.476,410.506,410.866,247277801.51
03.05.2023 15:00:00.000,410.856,411.537,410.296,411.487,191452804.57
03.05.2023 16:00:00.000,411.486,412.137,411.067,412.137,110138198.85
03.05.2023 17:00:00.000,412.146,412.567,411.896,412.037,101928703.31
03.05.2023 18:00:00.000,412.036,413.826,410.296,412.196,406510406.49
03.05.2023 19:00:00.000,412.187,413.047,407.697,407.957,438298797.61
04.05.2023 13:00:00.000,406.917,407.257,404.877,405.597,202794403.08
04.05.2023 14:00:00.000,405.586,405.957,403.846,404.857,384017303.47
04.05.2023 15:00:00.000,404.856,406.507,404.197,404.356,308408203.13
04.05.2023 16:00:00.000,404.327,405.837,403.726,405.816,207333801.27
04.05.2023 17:00:00.000,405.836,407.147,405.566,406.136,230698104.86
04.05.2023 18:00:00.000,406.176,406.247,404.616,405.236,199416305.54
04.05.2023 19:00:00.000,405.227,406.267,404.576,405.167,205044906.62
05.05.2023 13:00:00.000,408.916,410.317,408.636,410.096,154060592.65
05.05.2023 14:00:00.000,410.117,411.627,410.046,411.036,216697692.87
05.05.2023 15:00:00.000,411.057,411.456,410.646,411.007,156836105.35
05.05.2023 16:00:00.000,410.997,411.107,410.187,411.077,132156799.32
05.05.2023 17:00:00.000,411.087,411.937,411.066,411.846,107067901.61
05.05.2023 18:00:00.000,411.847,413.707,411.786,413.247,112647697.45
05.05.2023 19:00:00.000,413.257,413.497,412.167,412.627,148056304.93
08.05.2023 13:00:00.000,412.916,413.096,411.876,412.197,146863006.59
08.05.2023 14:00:00.000,412.217,412.557,411.666,412.376,236237106.32
08.05.2023 15:00:00.000,412.396,412.846,411.836,412.637,138848007.2
08.05.2023 16:00:00.000,412.636,412.767,411.986,412.267,118848503.11
08.05.2023 17:00:00.000,412.307,412.927,412.076,412.757,89400199.89
08.05.2023 18:00:00.000,412.756,413.227,411.266,413.107,143291107.18
08.05.2023 19:00:00.000,413.117,413.167,412.406,412.776,125106101.99
09.05.2023 13:00:00.000,411.117,411.666,410.676,411.617,138967300.42
09.05.2023 14:00:00.000,411.627,411.827,410.846,411.356,204534805.3
09.05.2023 15:00:00.000,411.366,411.717,410.966,411.026,141965393.07
09.05.2023 16:00:00.000,411.016,411.386,410.816,411.346,106874298.1
09.05.2023 17:00:00.000,411.337,411.917,411.196,411.837,89824501.04
09.05.2023 18:00:00.000,411.856,412.057,411.097,411.446,92970199.59
09.05.2023 19:00:00.000,411.456,411.796,410.796,410.937,126370201.11
10.05.2023 13:00:00.000,413.877,414.527,411.497,412.477,171415405.27
10.05.2023 14:00:00.000,412.486,413.717,410.176,410.896,306934692.38
10.05.2023 15:00:00.000,410.916,412.416,410.856,411.656,209307205.2
10.05.2023 16:00:00.000,411.667,411.707,410.416,410.636,198783203.13
10.05.2023 17:00:00.000,410.626,410.726,408.856,410.086,235179199.22
10.05.2023 18:00:00.000,410.086,412.187,410.067,412.006,199354507.45
10.05.2023 19:00:00.000,411.996,413.757,411.806,412.756,189449798.58
11.05.2023 13:00:00.000,411.916,412.066,410.157,410.307,162086196.9
11.05.2023 14:00:00.000,410.327,411.397,409.966,411.327,288158508.3
11.05.2023 15:00:00.000,411.356,411.997,410.956,411.846,200035705.57
11.05.2023 16:00:00.000,411.866,412.237,411.276,411.996,164072692.87
11.05.2023 17:00:00.000,412.007,412.077,410.256,411.317,181166702.27
11.05.2023 18:00:00.000,411.317,412.407,410.926,412.236,151851501.46
11.05.2023 19:00:00.000,412.216,412.307,411.456,412.157,152672393.8
12.05.2023 13:00:00.000,413.406,413.627,412.506,412.956,126227798.46
12.05.2023 14:00:00.000,412.906,412.936,411.216,411.497,237184005.74
12.05.2023 15:00:00.000,411.496,412.007,410.667,411.466,179419006.35
12.05.2023 16:00:00.000,411.487,411.567,409.447,409.566,153705505.37
12.05.2023 17:00:00.000,409.557,410.687,409.186,409.306,143716293.34
12.05.2023 18:00:00.000,409.316,409.997,409.066,409.897,135671203.61
12.05.2023 19:00:00.000,409.916,411.656,409.646,411.607,146233200.07
15.05.2023 13:00:00.000,412.217,412.277,410.776,410.817,123051101.68
15.05.2023 14:00:00.000,410.837,411.967,410.227,411.417,182224502.56
15.05.2023 15:00:00.000,411.427,412.196,411.356,412.016,129220794.68
15.05.2023 16:00:00.000,412.007,412.777,411.676,412.757,94441802.98
15.05.2023 17:00:00.000,412.766,413.426,411.556,412.297,110765403.75
15.05.2023 18:00:00.000,412.306,412.787,412.126,412.406,106439102.17
15.05.2023 19:00:00.000,412.417,413.016,412.366,413.007,118134002.69
16.05.2023 13:00:00.000,411.836,412.807,411.317,411.597,136732803.34
16.05.2023 14:00:00.000,411.587,412.097,410.696,411.467,231705902.1
16.05.2023 15:00:00.000,411.457,412.056,411.016,411.897,174656402.59
16.05.2023 16:00:00.000,411.907,412.307,411.556,412.036,128975097.66
16.05.2023 17:00:00.000,412.046,412.127,411.356,411.876,101232002.26
16.05.2023 18:00:00.000,411.887,411.957,411.006,411.677,105511596.68
16.05.2023 19:00:00.000,411.676,411.847,410.236,410.236,111270896.91
17.05.2023 13:00:00.000,412.317,412.397,410.636,410.766,121061996.46
17.05.2023 14:00:00.000,410.776,411.927,410.627,411.876,164777099.61
17.05.2023 15:00:00.000,411.866,412.827,411.197,412.566,154329895.02
17.05.2023 16:00:00.000,412.577,414.637,412.406,414.417,122408096.31
17.05.2023 17:00:00.000,414.447,415.846,414.436,415.737,120910499.57
17.05.2023 18:00:00.000,415.747,415.816,414.496,414.557,106887901.31
17.05.2023 19:00:00.000,414.567,415.497,414.456,415.217,140319900.51
18.05.2023 13:00:00.000,414.887,415.457,414.646,415.136,124382400.51
18.05.2023 14:00:00.000,415.147,417.517,414.947,417.266,203432998.66
18.05.2023 15:00:00.000,417.276,418.046,416.766,417.067,152843093.87
18.05.2023 16:00:00.000,417.076,417.116,415.716,416.187,196118392.94
18.05.2023 17:00:00.000,416.217,417.197,415.376,415.617,177920700.07
18.05.2023 18:00:00.000,415.606,417.127,415.457,417.026,115880096.44
18.05.2023 19:00:00.000,417.037,419.657,416.806,419.226,145644607.54
19.05.2023 13:00:00.000,420.067,420.717,419.786,420.546,135095092.77
19.05.2023 14:00:00.000,420.556,420.706,419.867,420.326,190623306.27
19.05.2023 15:00:00.000,420.316,420.547,417.336,418.497,307120513.92
19.05.2023 16:00:00.000,418.506,418.917,417.486,418.666,201205505.37
19.05.2023 17:00:00.000,418.697,419.037,417.947,417.996,141286499.02
19.05.2023 18:00:00.000,418.017,418.697,417.466,418.666,141460800.17
19.05.2023 19:00:00.000,418.687,418.976,417.976,418.577,124754997.25
22.05.2023 13:00:00.000,418.627,420.377,418.627,419.046,145045806.88
22.05.2023 14:00:00.000,419.037,419.367,417.347,418.796,266909393.31
22.05.2023 15:00:00.000,418.796,419.487,418.666,419.236,167582702.64
22.05.2023 16:00:00.000,419.236,419.447,418.726,419.077,137355606.08
22.05.2023 17:00:00.000,419.067,419.477,418.246,419.136,122364898.68
22.05.2023 18:00:00.000,419.127,420.217,419.087,419.746,92501098.63
22.05.2023 19:00:00.000,419.756,419.937,418.386,418.757,132500701.9
23.05.2023 13:00:00.000,417.066,418.057,416.827,417.647,153426895.14
23.05.2023 14:00:00.000,417.667,418.096,416.957,417.376,215400894.17
23.05.2023 15:00:00.000,417.356,418.016,417.306,417.667,129511199.95
23.05.2023 16:00:00.000,417.677,417.926,415.886,416.306,154844696.04
23.05.2023 17:00:00.000,416.316,416.927,415.186,415.676,152303100.59
23.05.2023 18:00:00.000,415.707,416.237,413.666,414.716,184896606.45
23.05.2023 19:00:00.000,414.716,415.066,413.867,414.067,167068206.79
24.05.2023 13:00:00.000,412.387,412.447,410.966,411.126,147009292.6
24.05.2023 14:00:00.000,411.087,411.367,410.297,410.457,242022598.27
24.05.2023 15:00:00.000,410.466,411.927,410.146,410.427,185176803.59
24.05.2023 16:00:00.000,410.436,410.967,409.867,410.607,147207901
24.05.2023 17:00:00.000,410.597,411.526,409.976,411.187,119790901.18
24.05.2023 18:00:00.000,411.186,411.457,410.127,410.437,184512298.58
24.05.2023 19:00:00.000,410.457,412.776,410.166,411.047,200771698
25.05.2023 13:00:00.000,414.676,414.757,412.576,413.137,192077102.66
25.05.2023 14:00:00.000,413.126,413.957,412.406,413.717,285275390.63
25.05.2023 15:00:00.000,413.727,414.617,412.586,413.097,198185104.37
25.05.2023 16:00:00.000,413.107,414.537,413.096,413.667,164893203.74
25.05.2023 17:00:00.000,413.677,415.077,413.416,414.967,144891006.47
25.05.2023 18:00:00.000,414.976,416.146,413.816,414.106,194071502.69
25.05.2023 19:00:00.000,414.126,415.666,414.047,414.616,194836807.25
26.05.2023 13:00:00.000,415.317,417.397,415.236,416.977,153478897.09
26.05.2023 14:00:00.000,417.016,419.797,416.817,419.356,256731597.9
26.05.2023 15:00:00.000,419.346,419.717,418.266,419.046,199440902.71
26.05.2023 16:00:00.000,419.027,419.957,418.956,419.716,152690704.35
26.05.2023 17:00:00.000,419.716,419.997,419.146,419.557,125766899.11
26.05.2023 18:00:00.000,419.576,420.457,419.036,420.117,121852798.46
26.05.2023 19:00:00.000,420.106,420.757,419.776,420.057,135378906.25
30.05.2023 13:00:00.000,422.007,422.557,421.066,421.337,184755996.7
30.05.2023 14:00:00.000,421.326,421.967,420.177,420.666,320933685.3
30.05.2023 15:00:00.000,420.657,421.077,419.667,420.696,239785202.03
30.05.2023 16:00:00.000,420.697,420.777,419.476,420.516,212008193.97
30.05.2023 17:00:00.000,420.507,420.517,418.916,418.996,185673004.15
30.05.2023 18:00:00.000,419.006,420.957,418.726,420.206,163592407.23
30.05.2023 19:00:00.000,420.207,420.576,419.616,420.116,161658599.85
31.05.2023 13:00:00.000,418.256,419.197,418.046,418.126,178774505.62
31.05.2023 14:00:00.000,418.126,418.287,416.316,416.836,298662292.48
31.05.2023 15:00:00.000,416.836,417.076,416.216,416.736,213717895.51
31.05.2023 16:00:00.000,416.737,417.397,416.436,417.036,169561492.92
31.05.2023 17:00:00.000,417.026,418.477,416.886,418.307,160126495.36
31.05.2023 18:00:00.000,418.316,418.706,417.566,418.116,159101394.65
31.05.2023 19:00:00.000,418.116,419.117,417.566,417.796,183513000.49
01.06.2023 13:00:00.000,418.076,418.257,416.786,417.177,167884902.95
01.06.2023 14:00:00.000,417.247,419.736,417.215,419.366,296354400.63
01.06.2023 15:00:00.000,419.377,421.087,419.166,421.046,194923202.51
01.06.2023 16:00:00.000,421.056,421.837,421.056,421.656,140522506.71
01.06.2023 17:00:00.000,421.676,422.067,421.256,422.067,133740905.76
01.06.2023 18:00:00.000,422.066,422.486,421.726,422.416,112795501.71
01.06.2023 19:00:00.000,422.426,422.907,420.857,421.826,166681503.3
02.06.2023 13:00:00.000,424.456,426.357,424.296,424.347,183384597.78
02.06.2023 14:00:00.000,424.357,426.837,423.936,426.827,290681396.48
02.06.2023 15:00:00.000,426.837,427.667,426.746,427.426,197561401.37
02.06.2023 16:00:00.000,427.436,428.126,426.926,428.026,158463592.53
02.06.2023 17:00:00.000,428.016,428.367,427.657,428.126,138603897.09
02.06.2023 18:00:00.000,428.147,428.437,427.466,428.326,145146606.45
02.06.2023 19:00:00.000,428.336,428.727,427.706,427.886,157269897.46
05.06.2023 13:00:00.000,428.227,429.127,427.886,428.266,100742698.67
05.06.2023 14:00:00.000,428.277,429.426,427.626,428.566,293961914.06
05.06.2023 15:00:00.000,428.567,429.147,428.366,428.926,183253799.44
05.06.2023 16:00:00.000,428.936,429.557,428.506,429.557,142450195.31
05.06.2023 17:00:00.000,429.547,429.607,428.036,428.487,154610107.42
05.06.2023 18:00:00.000,428.506,428.546,426.296,427.646,215006698.61
05.06.2023 19:00:00.000,427.636,427.766,426.357,427.096,213931503.3
06.06.2023 13:00:00.000,426.647,426.797,425.976,426.586,142345504.76
06.06.2023 14:00:00.000,426.607,428.437,426.506,428.067,215554794.31
06.06.2023 15:00:00.000,428.077,428.267,426.846,428.136,168366592.41
06.06.2023 16:00:00.000,428.157,428.436,426.726,426.906,162952194.21
06.06.2023 17:00:00.000,426.926,427.847,426.556,426.857,152438995.36
06.06.2023 18:00:00.000,426.867,427.746,426.556,427.686,125613296.51
06.06.2023 19:00:00.000,427.687,428.567,427.496,428.017,134310897.83
07.06.2023 13:00:00.000,428.407,429.607,428.326,429.287,156612304.69
07.06.2023 14:00:00.000,429.276,429.377,427.017,427.656,303892791.75
07.06.2023 15:00:00.000,427.647,428.196,426.797,426.887,230350204.47
07.06.2023 16:00:00.000,426.906,427.537,426.646,426.876,187074905.4
07.06.2023 17:00:00.000,426.886,427.197,426.096,426.697,187121994.02
07.06.2023 18:00:00.000,426.706,427.387,426.266,426.956,157796096.8
07.06.2023 19:00:00.000,426.947,427.246,426.116,426.577,195134094.24
08.06.2023 13:00:00.000,426.587,427.106,425.817,426.486,177505493.16
08.06.2023 14:00:00.000,426.486,428.017,426.297,427.957,246803405.76
08.06.2023 15:00:00.000,427.977,428.337,427.776,427.997,178727706.91
08.06.2023 16:00:00.000,427.987,429.186,427.707,428.606,153780303.96
08.06.2023 17:00:00.000,428.617,428.817,427.696,428.196,143392807.01
08.06.2023 18:00:00.000,428.206,429.067,427.977,428.937,117563400.27
08.06.2023 19:00:00.000,428.947,429.577,428.796,429.127,115371597.29
09.06.2023 13:00:00.000,429.936,431.287,429.926,430.926,147878402.71
09.06.2023 14:00:00.000,430.937,431.967,430.486,431.087,244911605.84
09.06.2023 15:00:00.000,431.106,431.617,429.286,429.436,229639205.93
09.06.2023 16:00:00.000,429.446,429.907,428.866,429.787,201600601.2
09.06.2023 17:00:00.000,429.796,430.607,429.636,430.566,132780303.96
09.06.2023 18:00:00.000,430.577,430.767,429.866,430.247,142769699.1
09.06.2023 19:00:00.000,430.256,430.487,429.596,429.936,163067398.07
12.06.2023 13:00:00.000,430.917,431.067,430.276,430.967,174576705.93
12.06.2023 14:00:00.000,430.957,430.997,430.176,430.496,253719894.41
12.06.2023 15:00:00.000,430.496,431.197,430.346,431.096,173634902.95
12.06.2023 16:00:00.000,431.086,431.527,430.986,431.447,85529098.51
12.06.2023 17:00:00.000,431.437,431.817,431.157,431.796,84276603.7
12.06.2023 18:00:00.000,431.777,432.557,431.576,432.507,103548301.7
12.06.2023 19:00:00.000,432.516,433.836,432.406,433.776,169704895.02
13.06.2023 13:00:00.000,435.286,437.157,435.096,435.717,194951995.85
13.06.2023 14:00:00.000,435.747,436.387,434.626,435.996,312386993.41
13.06.2023 15:00:00.000,436.006,437.256,435.677,436.017,211472396.85
13.06.2023 16:00:00.000,436.027,436.987,435.726,436.987,165009002.69
13.06.2023 17:00:00.000,436.997,437.317,436.416,436.837,136662002.56
13.06.2023 18:00:00.000,436.817,436.947,435.346,436.047,190241394.04
13.06.2023 19:00:00.000,436.057,436.776,436.046,436.656,157987197.88
14.06.2023 13:00:00.000,437.007,437.677,436.507,437.487,135529800.42
14.06.2023 14:00:00.000,437.507,438.337,437.346,437.857,182311798.1
14.06.2023 15:00:00.000,437.846,439.056,437.736,438.236,146311492.92
14.06.2023 16:00:00.000,438.237,438.387,437.566,438.066,113513702.39
14.06.2023 17:00:00.000,438.057,438.076,436.916,437.147,120269401.55
14.06.2023 18:00:00.000,437.147,437.257,433.606,436.346,426027587.89
14.06.2023 19:00:00.000,436.356,438.126,435.126,437.166,323802307.13
15.06.2023 13:00:00.000,436.286,438.847,436.226,438.687,167541000.37
15.06.2023 14:00:00.000,438.716,439.787,438.376,439.406,240125396.73
15.06.2023 15:00:00.000,439.416,441.117,439.207,440.706,199107604.98
15.06.2023 16:00:00.000,440.716,441.166,440.366,440.846,146021102.91
15.06.2023 17:00:00.000,440.856,441.897,440.097,441.727,132941406.25
15.06.2023 18:00:00.000,441.757,443.887,441.246,443.616,143139007.57
15.06.2023 19:00:00.000,443.627,443.857,442.046,442.587,207499206.54
16.06.2023 13:00:00.000,442.967,443.127,440.757,441.247,171966598.51
16.06.2023 14:00:00.000,441.246,442.426,440.906,441.516,317044799.8
16.06.2023 15:00:00.000,441.526,441.986,440.316,441.226,222530105.59
16.06.2023 16:00:00.000,441.247,442.366,440.956,442.137,129525604.25
16.06.2023 17:00:00.000,442.146,442.227,440.916,441.317,121514396.67
16.06.2023 18:00:00.000,441.317,441.426,440.046,440.077,138297302.25
16.06.2023 19:00:00.000,440.097,440.337,439.246,439.357,171271194.46
20.06.2023 13:00:00.000,437.316,438.167,437.077,437.267,148730194.09
20.06.2023 14:00:00.000,437.257,437.387,435.026,435.767,276311401.37
20.06.2023 15:00:00.000,435.757,436.397,435.687,436.046,171284301.76
20.06.2023 16:00:00.000,436.067,437.967,435.846,437.816,137495101.93
20.06.2023 17:00:00.000,437.826,438.357,437.296,437.416,123917396.55
20.06.2023 18:00:00.000,437.437,438.017,437.207,437.577,118726898.19
20.06.2023 19:00:00.000,437.587,437.986,437.086,437.226,131194198.61
21.06.2023 13:00:00.000,436.157,436.187,434.846,435.226,157638305.66
21.06.2023 14:00:00.000,435.217,435.807,434.316,435.257,303611999.51
21.06.2023 15:00:00.000,435.256,435.996,434.396,435.107,233305694.58
21.06.2023 16:00:00.000,435.097,436.196,435.036,435.307,167958496.09
21.06.2023 17:00:00.000,435.317,435.886,434.866,435.866,137865203.86
21.06.2023 18:00:00.000,435.877,436.977,435.746,436.506,143105896
21.06.2023 19:00:00.000,436.497,436.516,434.607,434.906,168961395.26
22.06.2023 13:00:00.000,433.947,435.077,433.567,434.747,156998596.19
22.06.2023 14:00:00.000,434.766,436.007,434.027,434.517,254943695.07
22.06.2023 15:00:00.000,434.467,435.827,434.467,435.567,214177307.13
22.06.2023 16:00:00.000,435.577,435.667,434.876,435.216,158427795.41
22.06.2023 17:00:00.000,435.227,435.677,434.396,435.647,139539093.02
22.06.2023 18:00:00.000,435.646,436.427,435.447,436.376,116943199.16
22.06.2023 19:00:00.000,436.387,436.597,435.327,436.527,154330307.01
23.06.2023 13:00:00.000,432.926,433.577,432.696,433.397,168046798.71
23.06.2023 14:00:00.000,433.356,434.217,433.096,433.567,263129791.26
23.06.2023 15:00:00.000,433.576,433.967,432.837,433.847,160615905.76
23.06.2023 16:00:00.000,433.857,434.796,433.696,434.546,141964706.42
23.06.2023 17:00:00.000,434.556,435.047,434.196,434.566,100312896.73
23.06.2023 18:00:00.000,434.546,434.647,432.886,432.956,129743698.12
23.06.2023 19:00:00.000,432.956,433.967,432.476,433.196,179543594.36
26.06.2023 13:00:00.000,432.567,434.427,432.567,434.257,138796905.52
26.06.2023 14:00:00.000,434.256,434.597,432.376,433.486,279319000.24
26.06.2023 15:00:00.000,433.486,433.507,432.266,433.146,235223297.12
26.06.2023 16:00:00.000,433.137,433.267,431.636,432.386,206534606.93
26.06.2023 17:00:00.000,432.397,432.696,431.966,432.177,154808700.56
26.06.2023 18:00:00.000,432.167,432.886,431.747,432.656,132465698.24
26.06.2023 19:00:00.000,432.676,432.916,431.186,431.406,163830093.38
27.06.2023 13:00:00.000,432.346,433.287,432.226,432.716,143493606.57
27.06.2023 14:00:00.000,432.717,433.417,431.876,433.337,301411987.3
27.06.2023 15:00:00.000,433.337,434.316,432.527,434.197,196379302.98
27.06.2023 16:00:00.000,434.206,435.337,434.086,435.067,132885299.68
27.06.2023 17:00:00.000,435.056,436.267,434.767,436.217,106259498.6
27.06.2023 18:00:00.000,436.226,436.617,436.076,436.137,87389503.48
27.06.2023 19:00:00.000,436.157,436.787,436.076,436.137,105101303.1
28.06.2023 13:00:00.000,434.976,435.287,434.406,435.187,163692504.88
28.06.2023 14:00:00.000,435.196,436.457,434.436,435.867,248535705.57
28.06.2023 15:00:00.000,435.856,436.707,435.387,436.616,165018905.64
28.06.2023 16:00:00.000,436.607,437.426,434.547,435.136,185294494.63
28.06.2023 17:00:00.000,435.137,435.947,434.686,435.376,174252807.62
28.06.2023 18:00:00.000,435.387,436.027,435.276,435.517,149122604.37
28.06.2023 19:00:00.000,435.516,436.397,434.586,436.397,180950607.3
29.06.2023 13:00:00.000,435.936,436.967,435.566,436.697,170723907.47
29.06.2023 14:00:00.000,436.717,437.357,435.906,436.387,303738006.59
29.06.2023 15:00:00.000,436.396,437.866,436.306,437.697,177196395.87
29.06.2023 16:00:00.000,437.697,438.276,437.246,437.667,142967697.14
29.06.2023 17:00:00.000,437.636,437.757,436.926,437.087,132057800.29
29.06.2023 18:00:00.000,437.096,437.407,436.386,437.397,117600997.92
29.06.2023 19:00:00.000,437.407,438.157,437.126,438.157,136747695.92
30.06.2023 13:00:00.000,441.407,442.656,441.116,442.307,134642593.38
30.06.2023 14:00:00.000,442.307,443.327,442.036,442.657,178113998.41
30.06.2023 15:00:00.000,442.647,443.106,441.996,442.446,144233596.8
30.06.2023 16:00:00.000,442.457,443.597,442.246,443.486,67974899.29
30.06.2023 17:00:00.000,443.497,443.927,443.246,443.787,53355201.72
30.06.2023 18:00:00.000,443.796,444.117,443.596,443.866,58993301.39
30.06.2023 19:00:00.000,443.886,444.286,443.176,443.186,122658996.58
03.07.2023 13:00:00.000,442.916,443.537,442.616,443.437,106804298.4
03.07.2023 14:00:00.000,443.437,443.666,443.016,443.196,152069000.24
03.07.2023 15:00:00.000,443.196,443.697,443.146,443.607,83814598.08
03.07.2023 16:00:00.000,443.617,444.067,443.537,444.037,62950000.76
05.07.2023 13:00:00.000,441.897,443.307,441.897,443.217,119259498.6
05.07.2023 14:00:00.000,443.206,443.817,442.946,443.786,143415405.27
05.07.2023 15:00:00.000,443.797,443.876,443.156,443.287,87271202.09
05.07.2023 16:00:00.000,443.276,443.366,442.707,443.147,73948699.95
05.07.2023 17:00:00.000,443.156,443.376,442.977,443.276,45558998.11
05.07.2023 18:00:00.000,443.277,443.596,442.307,443.496,126005699.16
05.07.2023 19:00:00.000,443.487,443.747,443.077,443.117,86390800.48
06.07.2023 13:00:00.000,439.396,439.606,438.027,438.436,153512695.31
06.07.2023 14:00:00.000,438.456,438.456,437.126,437.186,216675903.32
06.07.2023 15:00:00.000,437.187,438.167,437.056,438.106,142125198.36
06.07.2023 16:00:00.000,438.106,439.227,438.097,439.176,105901000.98
06.07.2023 17:00:00.000,439.187,439.727,438.986,439.707,81037597.66
06.07.2023 18:00:00.000,439.707,440.066,439.236,440.037,71520599.37
06.07.2023 19:00:00.000,440.027,440.067,439.456,439.676,96567001.34
07.07.2023 13:00:00.000,438.617,440.177,438.467,440.157,169505401.61
07.07.2023 14:00:00.000,440.136,440.227,438.806,439.856,217644805.91
07.07.2023 15:00:00.000,439.847,440.387,439.676,440.366,103599700.93
07.07.2023 16:00:00.000,440.377,442.276,440.356,442.247,88327796.94
07.07.2023 17:00:00.000,442.257,442.637,441.496,441.786,75848899.84
07.07.2023 18:00:00.000,441.797,441.857,441.056,441.176,77351699.83
07.07.2023 19:00:00.000,441.187,441.247,438.286,438.537,160236801.15
10.07.2023 13:00:00.000,438.166,439.337,438.046,439.087,167421707.15
10.07.2023 14:00:00.000,439.036,439.837,438.366,438.617,221341506.96
10.07.2023 15:00:00.000,438.627,439.067,437.996,438.416,185939407.35
10.07.2023 16:00:00.000,438.427,438.967,437.586,438.867,132250000
10.07.2023 17:00:00.000,438.887,439.386,438.766,438.956,95241996.77
10.07.2023 18:00:00.000,438.977,439.426,438.516,439.256,91298400.88
10.07.2023 19:00:00.000,439.267,439.656,438.606,439.637,91631599.43
11.07.2023 13:00:00.000,440.447,441.037,439.636,440.366,129574401.86
11.07.2023 14:00:00.000,440.376,440.766,439.426,440.607,178743606.57
11.07.2023 15:00:00.000,440.617,441.467,440.366,441.437,122971702.58
11.07.2023 16:00:00.000,441.447,441.687,440.446,441.136,107382301.33
11.07.2023 17:00:00.000,441.126,441.317,440.516,440.996,92850502.01
11.07.2023 18:00:00.000,440.986,441.427,440.266,441.377,94068099.98
11.07.2023 19:00:00.000,441.387,442.956,441.086,442.457,97570701.6
12.07.2023 13:00:00.000,446.407,447.057,445.826,446.916,150613906.86
12.07.2023 14:00:00.000,446.937,447.467,446.507,446.976,179525299.07
12.07.2023 15:00:00.000,446.987,447.117,444.976,445.157,169046493.53
12.07.2023 16:00:00.000,445.166,446.187,444.906,445.826,153378906.25
12.07.2023 17:00:00.000,445.836,446.437,445.637,446.326,89830101.01
12.07.2023 18:00:00.000,446.346,446.737,445.986,446.256,72074600.22
12.07.2023 19:00:00.000,446.266,446.377,445.137,445.997,152833999.63
13.07.2023 13:00:00.000,447.916,448.497,447.446,448.377,109104103.09
13.07.2023 14:00:00.000,448.387,448.447,447.807,448.367,131701705.93
13.07.2023 15:00:00.000,448.366,448.497,447.876,448.457,81007698.06
13.07.2023 16:00:00.000,448.457,448.897,448.366,448.617,67838996.89
13.07.2023 17:00:00.000,448.627,448.836,448.156,448.676,45215801.24
13.07.2023 18:00:00.000,448.666,449.267,448.616,449.257,54868698.12
13.07.2023 19:00:00.000,449.277,450.366,449.197,449.526,89649902.34
14.07.2023 13:00:00.000,450.477,451.076,450.337,451.027,112896598.82
14.07.2023 14:00:00.000,450.966,451.347,449.516,450.146,265444885.25
14.07.2023 15:00:00.000,450.146,450.807,450.036,450.486,142494995.12
14.07.2023 16:00:00.000,450.487,450.527,449.547,449.797,109374099.73
14.07.2023 17:00:00.000,449.807,450.127,449.177,449.827,120357101.44
14.07.2023 18:00:00.000,449.837,450.247,449.186,449.257,126866600.04
14.07.2023 19:00:00.000,449.247,449.536,448.437,449.307,173874206.54
17.07.2023 13:00:00.000,449.086,449.796,449.076,449.627,142997100.83
17.07.2023 14:00:00.000,449.617,450.137,449.597,449.956,166970001.22
17.07.2023 15:00:00.000,449.976,450.727,449.756,450.667,107887496.95
17.07.2023 16:00:00.000,450.676,450.727,450.036,450.587,72287902.83
17.07.2023 17:00:00.000,450.576,450.847,450.276,450.786,63142299.65
17.07.2023 18:00:00.000,450.786,451.117,450.636,450.877,58507999.42
17.07.2023 19:00:00.000,450.896,451.926,450.597,450.857,101811500.55
18.07.2023 13:00:00.000,450.497,451.546,450.036,451.516,143085006.71
18.07.2023 14:00:00.000,451.517,452.297,451.337,452.247,186738006.59
18.07.2023 15:00:00.000,452.276,453.366,452.046,453.197,128789794.92
18.07.2023 16:00:00.000,453.207,453.276,452.427,452.837,127329498.29
18.07.2023 17:00:00.000,452.837,453.507,452.806,453.476,71888496.4
18.07.2023 18:00:00.000,453.467,454.417,453.416,454.146,88569198.61
18.07.2023 19:00:00.000,454.137,454.846,453.826,454.187,120937301.64
19.07.2023 13:00:00.000,455.016,456.106,455.016,456.007,125453697.2
19.07.2023 14:00:00.000,456.017,456.337,454.606,455.266,147534606.93
19.07.2023 15:00:00.000,455.276,456.127,455.116,455.977,151661300.66
19.07.2023 16:00:00.000,455.977,456.417,454.746,455.346,204587402.34
19.07.2023 17:00:00.000,455.357,455.407,454.636,455.067,150735198.97
19.07.2023 18:00:00.000,455.056,455.457,454.366,455.366,109944297.79
19.07.2023 19:00:00.000,455.366,456.057,455.026,455.106,116821701.05
20.07.2023 13:00:00.000,454.097,455.077,454.007,454.807,129227996.83
20.07.2023 14:00:00.000,454.817,454.937,452.796,453.667,229248397.83
20.07.2023 15:00:00.000,453.656,454.357,453.437,454.047,128884399.41
20.07.2023 16:00:00.000,454.057,454.776,453.317,453.487,116167396.55
20.07.2023 17:00:00.000,453.496,453.797,453.206,453.387,115466400.15
20.07.2023 18:00:00.000,453.377,453.487,452.076,452.477,116695701.6
20.07.2023 19:00:00.000,452.486,452.727,451.437,452.167,157719467.16
21.07.2023 13:00:00.000,453.837,454.057,452.576,452.827,160669357.3
21.07.2023 14:00:00.000,452.817,453.567,452.196,453.076,238324203.49
21.07.2023 15:00:00.000,453.066,454.037,453.036,453.676,152898498.54
21.07.2023 16:00:00.000,453.686,453.687,452.597,452.967,121540901.18
21.07.2023 17:00:00.000,452.966,454.157,452.906,454.057,87401702.88
21.07.2023 18:00:00.000,454.066,454.117,453.096,453.196,82255897.52
21.07.2023 19:00:00.000,453.187,453.236,452.167,452.167,144562393.19
24.07.2023 13:00:00.000,453.366,454.436,452.657,453.186,169846405.03
24.07.2023 14:00:00.000,453.176,454.347,452.906,454.236,219034194.95
24.07.2023 15:00:00.000,454.226,454.576,453.736,454.476,153305603.03
24.07.2023 16:00:00.000,454.486,454.696,453.986,454.296,118709098.82
24.07.2023 17:00:00.000,454.286,454.807,454.016,454.756,90211898.8
24.07.2023 18:00:00.000,454.776,455.017,453.827,454.277,99893302.92
24.07.2023 19:00:00.000,454.286,454.427,453.426,454.187,120603302
25.07.2023 13:00:00.000,453.886,455.117,453.886,454.796,102738403.32
25.07.2023 14:00:00.000,454.807,455.037,454.396,454.597,153906005.86
25.07.2023 15:00:00.000,454.607,455.596,454.516,455.366,77657997.13
25.07.2023 16:00:00.000,455.376,455.887,455.206,455.877,67029098.51
25.07.2023 17:00:00.000,455.887,456.116,455.506,455.817,68024299.62
25.07.2023 18:00:00.000,455.816,456.726,455.696,455.817,85014503.48
25.07.2023 19:00:00.000,455.846,456.266,455.316,455.396,125472702.03
26.07.2023 13:00:00.000,454.477,455.137,454.417,454.807,141535705.57
26.07.2023 14:00:00.000,454.797,454.986,454.046,454.137,146145202.64
26.07.2023 15:00:00.000,454.126,454.967,453.986,454.926,79766502.38
26.07.2023 16:00:00.000,454.927,455.117,454.016,454.247,61271701.81
26.07.2023 17:00:00.000,454.236,454.477,454.057,454.217,56329601.29
26.07.2023 18:00:00.000,454.217,456.947,453.787,455.966,324181213.38
26.07.2023 19:00:00.000,455.977,456.187,453.377,455.496,308327514.65
27.07.2023 13:00:00.000,459.016,459.436,458.646,458.967,114196296.69
27.07.2023 14:00:00.000,458.957,459.037,457.266,457.467,184579101.56
27.07.2023 15:00:00.000,457.476,457.996,457.066,457.427,147061294.56
27.07.2023 16:00:00.000,457.437,458.587,457.376,458.376,82906799.32
27.07.2023 17:00:00.000,458.387,458.586,455.696,456.026,222532501.22
27.07.2023 18:00:00.000,456.007,456.206,452.736,452.746,244771804.81
27.07.2023 19:00:00.000,452.696,453.857,451.546,452.466,223800201.42
28.07.2023 13:00:00.000,455.836,456.587,455.157,456.117,137444107.06
28.07.2023 14:00:00.000,456.096,456.867,455.936,456.777,187024703.98
28.07.2023 15:00:00.000,456.797,457.767,456.576,457.636,106786003.11
28.07.2023 16:00:00.000,457.646,457.686,456.876,457.026,88969497.68
28.07.2023 17:00:00.000,457.026,457.026,455.077,456.256,123990501.4
28.07.2023 18:00:00.000,456.247,457.346,456.146,456.997,98728103.64
28.07.2023 19:00:00.000,457.007,457.297,456.297,456.856,116250396.73
31.07.2023 13:00:00.000,457.376,458.147,456.506,456.986,123039398.19
31.07.2023 14:00:00.000,456.996,457.807,456.646,457.506,159849197.39
31.07.2023 15:00:00.000,457.516,457.817,456.676,456.936,107692596.44
31.07.2023 16:00:00.000,456.947,457.227,456.496,456.616,71183097.84
31.07.2023 17:00:00.000,456.607,457.167,456.236,456.866,91310203.55
31.07.2023 18:00:00.000,456.877,457.167,456.476,457.046,84280502.32
31.07.2023 19:00:00.000,457.057,457.777,456.036,457.757,116990898.13
01.08.2023 13:00:00.000,456.266,456.937,456.046,456.777,121427696.23
01.08.2023 14:00:00.000,456.766,457.237,455.526,456.326,212657699.59
01.08.2023 15:00:00.000,456.336,456.467,455.786,456.137,122874198.91
01.08.2023 16:00:00.000,456.126,456.337,455.477,456.306,70340400.7
01.08.2023 17:00:00.000,456.336,456.486,455.966,456.426,57989799.5
01.08.2023 18:00:00.000,456.437,456.947,456.406,456.706,68600799.56
01.08.2023 19:00:00.000,456.717,456.977,456.186,456.476,78112197.88
02.08.2023 13:00:00.000,453.226,453.517,452.336,452.976,131028503.42
02.08.2023 14:00:00.000,452.987,453.076,450.456,450.627,198096298.22
02.08.2023 15:00:00.000,450.616,451.657,450.276,450.296,159619903.56
02.08.2023 16:00:00.000,450.286,451.087,449.976,450.836,127008598.33
02.08.2023 17:00:00.000,450.817,451.426,450.446,450.567,128980804.44
02.08.2023 18:00:00.000,450.577,451.057,450.256,450.607,124610000.61
02.08.2023 19:00:00.000,450.617,450.887,449.336,450.137,147646698
03.08.2023 13:00:00.000,448.037,448.987,447.626,448.526,151158401.49
03.08.2023 14:00:00.000,448.527,449.297,447.357,448.476,255575393.68
03.08.2023 15:00:00.000,448.476,449.867,448.376,449.276,170019500.73
03.08.2023 16:00:00.000,449.266,450.737,449.126,450.546,105085601.81
03.08.2023 17:00:00.000,450.536,450.777,449.426,449.507,109413497.92
03.08.2023 18:00:00.000,449.476,450.107,449.236,449.977,116811798.1
03.08.2023 19:00:00.000,449.986,450.027,448.766,448.937,134400405.88
04.08.2023 13:00:00.000,450.717,451.866,450.146,450.286,161161407.47
04.08.2023 14:00:00.000,450.277,451.427,448.757,451.296,254830703.74
04.08.2023 15:00:00.000,451.306,451.917,451.126,451.816,135092407.23
04.08.2023 16:00:00.000,451.826,452.887,451.516,452.716,106454902.65
04.08.2023 17:00:00.000,452.726,452.777,450.616,450.747,110470497.13
04.08.2023 18:00:00.000,450.747,450.747,446.776,447.096,241346405.03
04.08.2023 19:00:00.000,447.056,447.707,446.266,446.756,176339599.61
07.08.2023 13:00:00.000,448.716,449.647,448.246,448.486,161741500.85
07.08.2023 14:00:00.000,448.467,449.887,447.976,449.066,216314300.54
07.08.2023 15:00:00.000,449.076,449.617,448.246,449.496,181952301.03
07.08.2023 16:00:00.000,449.506,449.797,448.946,449.647,110711402.89
07.08.2023 17:00:00.000,449.646,450.207,449.477,450.206,107540603.64
07.08.2023 18:00:00.000,450.196,450.496,449.466,450.086,97249801.64
07.08.2023 19:00:00.000,450.096,450.856,449.616,450.707,101860099.79
08.08.2023 13:00:00.000,448.066,448.136,446.076,446.576,141514602.66
08.08.2023 14:00:00.000,446.536,446.867,445.396,445.526,237819702.15
08.08.2023 15:00:00.000,445.537,446.277,445.266,445.687,177255004.88
08.08.2023 16:00:00.000,445.676,446.937,445.607,446.586,119748199.46
08.08.2023 17:00:00.000,446.587,447.397,446.526,447.236,122813102.72
08.08.2023 18:00:00.000,447.247,448.557,446.926,448.327,133220703.13
08.08.2023 19:00:00.000,448.317,449.216,448.146,448.927,140099105.84
09.08.2023 13:00:00.000,449.016,449.187,448.027,448.336,136381698.61
09.08.2023 14:00:00.000,448.347,448.796,447.257,447.386,206244293.21
09.08.2023 15:00:00.000,447.396,447.687,444.967,445.387,196059097.29
09.08.2023 16:00:00.000,445.366,446.636,445.246,446.246,139607894.9
09.08.2023 17:00:00.000,446.226,447.857,446.036,447.517,123401603.7
09.08.2023 18:00:00.000,447.497,448.876,447.356,448.197,117013000.49
09.08.2023 19:00:00.000,448.207,448.266,445.407,445.747,183733505.25
10.08.2023 13:00:00.000,448.186,451.217,447.977,451.206,161633193.97
10.08.2023 14:00:00.000,451.197,451.677,448.716,449.527,271495697.02
10.08.2023 15:00:00.000,449.526,449.637,446.856,447.616,287276794.43
10.08.2023 16:00:00.000,447.607,447.946,445.927,446.297,248438293.46
10.08.2023 17:00:00.000,446.286,446.826,444.696,444.857,246403900.15
10.08.2023 18:00:00.000,444.866,447.467,444.806,447.426,264935791.02
10.08.2023 19:00:00.000,447.436,447.467,445.026,445.907,262172210.69
11.08.2023 13:00:00.000,443.956,444.617,443.337,444.086,161990493.77
11.08.2023 14:00:00.000,444.176,446.697,444.086,445.267,302558502.2
11.08.2023 15:00:00.000,445.276,445.626,444.306,445.286,219267807.01
11.08.2023 16:00:00.000,445.306,445.907,444.476,444.696,188318099.98
11.08.2023 17:00:00.000,444.707,445.556,444.436,444.937,156531494.14
11.08.2023 18:00:00.000,444.957,446.226,444.827,446.046,161631103.52
11.08.2023 19:00:00.000,446.036,446.146,444.977,445.596,175900405.88
14.08.2023 13:00:00.000,444.677,445.287,444.376,445.186,153102096.56
14.08.2023 14:00:00.000,445.156,447.587,444.917,447.217,258054107.67
14.08.2023 15:00:00.000,447.217,447.747,446.566,447.117,197442504.88
14.08.2023 16:00:00.000,447.127,447.447,446.356,447.207,184622695.92
14.08.2023 17:00:00.000,447.217,447.637,446.736,447.106,145134201.05
14.08.2023 18:00:00.000,447.126,447.187,446.336,446.747,186471801.76
14.08.2023 19:00:00.000,446.757,448.086,446.486,448.077,168110305.79
15.08.2023 13:00:00.000,446.267,446.616,445.006,445.247,163253097.53
15.08.2023 14:00:00.000,445.226,445.257,443.456,443.927,261970611.57
15.08.2023 15:00:00.000,443.927,445.177,443.917,445.107,174601303.1
15.08.2023 16:00:00.000,445.117,445.337,443.806,444.127,140917892.46
15.08.2023 17:00:00.000,444.137,444.677,443.646,444.037,123282897.95
15.08.2023 18:00:00.000,444.036,444.607,443.716,444.247,110377502.44
15.08.2023 19:00:00.000,444.267,444.346,442.296,442.906,157344299.32
16.08.2023 13:00:00.000,442.447,444.167,442.366,443.506,145107192.99
16.08.2023 14:00:00.000,443.497,444.127,442.946,443.937,227773605.35
16.08.2023 15:00:00.000,443.947,444.137,442.276,442.517,164434600.83
16.08.2023 16:00:00.000,442.507,442.827,441.706,441.767,140023605.35
16.08.2023 17:00:00.000,441.757,442.607,440.986,442.247,135340301.51
16.08.2023 18:00:00.000,442.226,443.066,440.886,441.807,266135589.6
16.08.2023 19:00:00.000,441.786,441.786,439.526,439.597,236681304.93
17.08.2023 13:00:00.000,441.157,441.417,439.847,440.386,120907997.13
17.08.2023 14:00:00.000,440.377,440.727,439.376,439.937,243891494.75
17.08.2023 15:00:00.000,439.946,440.067,438.976,439.566,210390197.75
17.08.2023 16:00:00.000,439.577,440.587,438.986,440.477,182230697.63
17.08.2023 17:00:00.000,440.487,440.596,438.496,438.807,171489700.32
17.08.2023 18:00:00.000,438.806,438.877,436.986,437.206,184650604.25
17.08.2023 19:00:00.000,437.187,437.427,435.746,436.236,219332702.64
18.08.2023 13:00:00.000,433.196,435.206,433.026,434.237,170095596.31
18.08.2023 14:00:00.000,434.227,435.087,433.447,435.036,274284606.93
18.08.2023 15:00:00.000,435.037,436.506,434.716,436.417,213853805.54
18.08.2023 16:00:00.000,436.406,436.547,435.597,435.836,153045196.53
18.08.2023 17:00:00.000,435.846,436.137,434.736,435.896,158383102.42
18.08.2023 18:00:00.000,435.897,436.747,435.477,435.947,163467605.59
18.08.2023 19:00:00.000,435.956,437.556,435.346,436.457,186881393.43
21.08.2023 13:00:00.000,437.556,438.687,437.327,438.687,128077392.58
21.08.2023 14:00:00.000,438.697,438.877,436.407,436.717,234499206.54
21.08.2023 15:00:00.000,436.727,437.037,435.306,435.607,196111892.7
21.08.2023 16:00:00.000,435.597,437.397,435.517,437.296,145643798.83
21.08.2023 17:00:00.000,437.306,438.447,436.946,438.046,152792800.9
21.08.2023 18:00:00.000,438.056,439.237,437.886,438.977,150142501.83
21.08.2023 19:00:00.000,438.976,440.097,438.976,439.337,130857894.9
22.08.2023 13:00:00.000,441.177,441.177,439.566,439.646,138436004.64
22.08.2023 14:00:00.000,439.636,440.407,438.626,439.756,244015197.75
22.08.2023 15:00:00.000,439.747,439.857,438.556,438.706,186244201.66
22.08.2023 16:00:00.000,438.696,439.357,437.756,438.687,152630996.7
22.08.2023 17:00:00.000,438.676,438.777,437.617,438.157,159720794.68
22.08.2023 18:00:00.000,438.147,438.916,437.736,438.497,136360000.61
22.08.2023 19:00:00.000,438.486,439.467,437.557,438.066,162149703.98
23.08.2023 13:00:00.000,439.217,440.596,439.086,440.347,139505493.16
23.08.2023 14:00:00.000,440.327,441.987,440.216,441.916,193613998.41
23.08.2023 15:00:00.000,441.926,442.386,441.507,442.286,147098693.85
23.08.2023 16:00:00.000,442.276,442.657,441.906,442.196,101338203.43
23.08.2023 17:00:00.000,442.197,443.657,442.117,443.537,97535598.75
23.08.2023 18:00:00.000,443.547,443.567,442.456,442.696,116178001.4
23.08.2023 19:00:00.000,442.677,443.427,442.386,442.966,149421295.17
24.08.2023 13:00:00.000,444.686,445.046,443.476,444.946,138363494.87
24.08.2023 14:00:00.000,444.947,445.207,441.056,441.107,259440399.17
24.08.2023 15:00:00.000,441.137,441.137,439.176,439.187,221507202.15
24.08.2023 16:00:00.000,439.197,440.807,439.106,439.877,160026596.07
24.08.2023 17:00:00.000,439.897,440.077,439.006,439.316,142538894.65
24.08.2023 18:00:00.000,439.327,439.887,438.526,439.056,145421493.53
24.08.2023 19:00:00.000,439.067,439.327,436.857,436.897,170354202.27
25.08.2023 13:00:00.000,438.666,439.487,438.527,438.956,139815902.71
25.08.2023 14:00:00.000,438.946,441.187,435.127,435.227,344494812.01
25.08.2023 15:00:00.000,435.237,438.747,434.987,436.986,275731597.9
25.08.2023 16:00:00.000,436.986,439.087,436.907,438.657,219481796.26
25.08.2023 17:00:00.000,438.666,439.077,437.356,438.547,191897796.63
25.08.2023 18:00:00.000,438.556,440.867,438.416,440.767,185205307.01
25.08.2023 19:00:00.000,440.776,441.276,439.526,439.927,192487503.05
28.08.2023 13:00:00.000,442.227,443.187,441.767,442.566,155953399.66
28.08.2023 14:00:00.000,442.586,443.216,441.366,442.046,253304794.31
28.08.2023 15:00:00.000,442.047,442.067,440.887,441.476,210076293.95
28.08.2023 16:00:00.000,441.487,442.617,440.946,442.567,165240402.22
28.08.2023 17:00:00.000,442.566,443.247,440.857,441.126,166911605.84
28.08.2023 18:00:00.000,441.117,441.946,440.876,441.836,157455795.29
28.08.2023 19:00:00.000,441.856,443.357,441.376,442.716,151680801.39
29.08.2023 13:00:00.000,442.647,444.207,442.447,443.786,123728897.09
29.08.2023 14:00:00.000,443.797,446.757,443.786,445.776,236411407.47
29.08.2023 15:00:00.000,445.786,447.937,445.716,447.606,156920196.53
29.08.2023 16:00:00.000,447.597,448.436,447.476,448.027,118999496.46
29.08.2023 17:00:00.000,448.046,448.747,447.657,448.066,104310501.1
29.08.2023 18:00:00.000,448.057,448.847,447.926,448.517,91192901.61
29.08.2023 19:00:00.000,448.507,449.427,448.057,449.146,107922500.61
30.08.2023 13:00:00.000,449.506,451.326,449.447,451.217,141887298.58
30.08.2023 14:00:00.000,451.226,451.607,448.776,450.566,228637298.58
30.08.2023 15:00:00.000,450.607,451.147,449.736,451.057,177685195.92
30.08.2023 16:00:00.000,451.046,451.647,450.757,451.407,126891403.2
30.08.2023 17:00:00.000,451.397,451.437,450.316,450.726,102870903.02
30.08.2023 18:00:00.000,450.746,451.226,449.967,451.147,143076507.57
30.08.2023 19:00:00.000,451.146,451.387,450.546,450.987,140651000.98
31.08.2023 13:00:00.000,451.636,452.537,451.376,452.417,146389694.21
31.08.2023 14:00:00.000,452.426,452.817,451.806,452.347,196062393.19
31.08.2023 15:00:00.000,452.347,452.357,451.456,451.886,173976196.29
31.08.2023 16:00:00.000,451.897,452.236,450.356,450.946,171386093.14
31.08.2023 17:00:00.000,450.956,451.857,450.756,451.456,117569297.79
31.08.2023 18:00:00.000,451.456,452.177,450.766,450.857,112065498.35
31.08.2023 19:00:00.000,450.846,451.667,450.266,450.287,140847503.66
01.09.2023 13:00:00.000,453.167,453.657,451.156,452.227,164599105.84
01.09.2023 14:00:00.000,452.257,453.026,450.676,450.947,289286010.74
01.09.2023 15:00:00.000,450.957,451.237,449.677,449.876,202894699.1
01.09.2023 16:00:00.000,449.867,450.997,449.686,450.746,136183700.56
01.09.2023 17:00:00.000,450.737,450.887,450.166,450.637,109058403.02
01.09.2023 18:00:00.000,450.636,450.777,449.876,450.537,102382003.78
01.09.2023 19:00:00.000,450.526,451.286,450.377,451.236,117542099
05.09.2023 13:00:00.000,450.727,450.917,449.366,449.566,152599594.12
05.09.2023 14:00:00.000,449.577,450.417,449.167,450.097,239406204.22
05.09.2023 15:00:00.000,450.107,451.047,449.866,450.206,139308898.93
05.09.2023 16:00:00.000,450.216,450.717,450.167,450.296,89833702.09
05.09.2023 17:00:00.000,450.297,450.327,449.487,450.007,79974098.21
05.09.2023 18:00:00.000,450.017,450.627,449.686,450.606,62162101.75
05.09.2023 19:00:00.000,450.616,450.617,449.166,449.297,102200996.4
06.09.2023 13:00:00.000,448.397,448.487,447.426,447.847,111687202.45
06.09.2023 14:00:00.000,447.806,447.806,445.606,445.666,264372894.29
06.09.2023 15:00:00.000,445.666,445.987,445.166,445.536,137028503.42
06.09.2023 16:00:00.000,445.526,445.737,443.996,444.247,119096702.58
06.09.2023 17:00:00.000,444.236,445.547,443.806,445.297,131832504.27
06.09.2023 18:00:00.000,445.307,446.167,445.156,445.936,111516799.93
06.09.2023 19:00:00.000,445.927,446.387,445.326,446.186,123186500.55
07.09.2023 13:00:00.000,443.077,444.396,442.796,443.417,145511093.14
07.09.2023 14:00:00.000,443.427,444.647,442.746,444.027,249171005.25
07.09.2023 15:00:00.000,444.026,444.997,443.846,443.986,199484100.34
07.09.2023 16:00:00.000,443.987,445.227,443.897,444.477,146874496.46
07.09.2023 17:00:00.000,444.456,445.217,444.296,445.066,122444198.61
07.09.2023 18:00:00.000,445.057,445.327,444.086,444.967,121330902.1
07.09.2023 19:00:00.000,444.967,445.477,444.267,444.856,132487197.88
08.09.2023 13:00:00.000,444.886,446.087,444.786,445.807,121422798.16
08.09.2023 14:00:00.000,445.826,447.097,445.726,445.897,212577194.21
08.09.2023 15:00:00.000,445.867,446.887,445.766,446.166,167149993.9
08.09.2023 16:00:00.000,446.166,446.767,445.596,446.097,141893707.28
08.09.2023 17:00:00.000,446.067,446.177,445.516,445.867,136460601.81
08.09.2023 18:00:00.000,445.877,446.217,444.866,444.907,157565795.9
08.09.2023 19:00:00.000,444.897,445.597,444.516,445.486,143878402.71
11.09.2023 13:00:00.000,448.246,448.747,446.917,446.956,137876007.08
11.09.2023 14:00:00.000,446.966,447.847,446.706,446.877,207021606.45
11.09.2023 15:00:00.000,446.877,447.477,446.447,446.886,154305206.3
11.09.2023 16:00:00.000,446.897,447.767,446.857,447.706,119100898.74
11.09.2023 17:00:00.000,447.716,448.457,447.497,448.366,101476402.28
11.09.2023 18:00:00.000,448.377,448.556,448.036,448.426,78175697.33
11.09.2023 19:00:00.000,448.436,448.696,448.016,448.466,89073898.32
12.09.2023 13:00:00.000,446.906,447.807,446.776,447.647,130102203.37
12.09.2023 14:00:00.000,447.646,447.667,446.206,446.227,198245895.39
12.09.2023 15:00:00.000,446.226,447.197,446.086,447.057,129409194.95
12.09.2023 16:00:00.000,447.046,447.527,446.956,447.256,105915603.64
12.09.2023 17:00:00.000,447.266,448.487,446.877,447.026,127220802.31
12.09.2023 18:00:00.000,447.007,447.107,445.926,446.056,167703002.93
12.09.2023 19:00:00.000,446.066,446.197,445.386,445.956,130437301.64
13.09.2023 13:00:00.000,446.207,447.247,445.986,446.936,161070098.88
13.09.2023 14:00:00.000,446.937,447.216,445.066,447.047,256082702.64
13.09.2023 15:00:00.000,447.097,447.596,446.506,447.237,164233703.61
13.09.2023 16:00:00.000,447.246,447.537,446.706,447.257,135059005.74
13.09.2023 17:00:00.000,447.266,447.697,447.116,447.367,132865905.76
13.09.2023 18:00:00.000,447.376,447.497,445.506,446.196,115773696.9
13.09.2023 19:00:00.000,446.227,446.767,445.307,446.497,163257598.88
14.09.2023 13:00:00.000,449.066,449.306,448.056,448.906,157225204.47
14.09.2023 14:00:00.000,448.916,449.587,447.706,449.466,222278396.61
14.09.2023 15:00:00.000,449.476,449.927,449.026,449.886,119730003.36
14.09.2023 16:00:00.000,449.906,450.667,449.736,450.626,110899398.8
14.09.2023 17:00:00.000,450.636,450.646,450.136,450.146,89285697.94
14.09.2023 18:00:00.000,450.136,450.606,449.916,450.567,71816596.98
14.09.2023 19:00:00.000,450.567,451.057,450.106,450.397,92318000.79
15.09.2023 13:00:00.000,447.136,447.457,445.977,446.296,124814796.45
15.09.2023 14:00:00.000,446.387,446.927,444.526,444.536,236993194.58
15.09.2023 15:00:00.000,444.546,445.317,444.276,445.077,173835403.44
15.09.2023 16:00:00.000,445.086,445.366,444.826,445.176,115837799.07
15.09.2023 17:00:00.000,445.166,445.177,443.006,443.967,139357406.62
15.09.2023 18:00:00.000,443.976,443.987,443.166,443.866,109102401.73
15.09.2023 19:00:00.000,443.846,443.977,442.987,443.316,112986297.61
18.09.2023 13:00:00.000,443.046,443.746,442.556,443.026,154058197.02
18.09.2023 14:00:00.000,443.006,443.856,442.706,443.666,228249603.27
18.09.2023 15:00:00.000,443.646,444.777,443.256,444.626,115487098.69
18.09.2023 16:00:00.000,444.616,444.957,444.276,444.457,84424400.33
18.09.2023 17:00:00.000,444.466,444.767,444.147,444.286,73064598.08
18.09.2023 18:00:00.000,444.307,444.507,443.176,443.516,71582099.91
18.09.2023 19:00:00.000,443.507,443.717,443.166,443.626,104781402.59
19.09.2023 13:00:00.000,442.667,443.237,442.146,442.166,136861404.42
19.09.2023 14:00:00.000,442.176,442.217,440.507,440.567,187206893.92
19.09.2023 15:00:00.000,440.566,441.027,440.427,440.846,136538894.65
19.09.2023 16:00:00.000,440.836,440.857,439.936,440.586,119683197.02
19.09.2023 17:00:00.000,440.606,442.257,440.496,442.137,118516601.56
19.09.2023 18:00:00.000,442.146,443.277,441.966,442.126,111571800.23
19.09.2023 19:00:00.000,442.116,443.147,441.876,442.736,123062202.45
20.09.2023 13:00:00.000,443.996,444.397,443.436,444.097,115825698.85
20.09.2023 14:00:00.000,444.107,444.427,443.396,443.617,169272399.9
20.09.2023 15:00:00.000,443.627,443.937,443.147,443.726,112758697.51
20.09.2023 16:00:00.000,443.717,443.997,443.476,443.966,63922100.07
20.09.2023 17:00:00.000,443.976,443.997,443.066,443.546,96532997.13
20.09.2023 18:00:00.000,443.537,443.717,441.456,441.797,321289398.19
20.09.2023 19:00:00.000,441.787,442.227,438.426,438.576,257194091.8
21.09.2023 13:00:00.000,435.687,435.957,434.106,434.126,146811492.92
21.09.2023 14:00:00.000,434.127,435.557,433.996,434.096,241032806.4
21.09.2023 15:00:00.000,434.097,434.567,433.636,433.907,173780899.05
21.09.2023 16:00:00.000,433.896,434.157,433.426,433.567,146126800.54
21.09.2023 17:00:00.000,433.556,434.896,433.476,434.417,141973205.57
21.09.2023 18:00:00.000,434.426,434.477,433.056,433.076,138732192.99
21.09.2023 19:00:00.000,433.056,433.377,431.236,431.387,161863006.59
22.09.2023 13:00:00.000,432.447,432.637,431.656,432.446,129393997.19
22.09.2023 14:00:00.000,432.447,433.787,431.957,433.657,175537506.1
22.09.2023 15:00:00.000,433.666,434.087,432.876,432.907,107469497.68
22.09.2023 16:00:00.000,432.897,433.747,432.647,433.396,82419197.08
22.09.2023 17:00:00.000,433.386,433.447,431.216,431.606,123061996.46
22.09.2023 18:00:00.000,431.597,431.807,430.537,431.066,138957000.73
22.09.2023 19:00:00.000,431.056,433.197,429.977,430.376,190100494.38
25.09.2023 13:00:00.000,429.136,430.747,428.717,430.557,153984207.15
25.09.2023 14:00:00.000,430.566,430.707,429.207,429.207,229503997.8
25.09.2023 15:00:00.000,429.226,431.677,429.136,431.257,167412094.12
25.09.2023 16:00:00.000,431.266,432.016,430.596,431.076,127888397.22
25.09.2023 17:00:00.000,431.077,431.826,430.607,431.467,137916900.63
25.09.2023 18:00:00.000,431.477,431.717,430.766,430.827,131043502.81
25.09.2023 19:00:00.000,430.836,432.257,429.976,432.216,170776596.07
26.09.2023 13:00:00.000,429.067,429.807,428.526,428.686,132488494.87
26.09.2023 14:00:00.000,428.677,428.907,426.986,428.017,213290603.64
26.09.2023 15:00:00.000,428.017,428.227,426.617,427.087,141163299.56
26.09.2023 16:00:00.000,427.087,427.956,426.856,427.557,102827201.84
26.09.2023 17:00:00.000,427.567,427.967,425.996,426.706,147814300.54
26.09.2023 18:00:00.000,426.717,426.726,425.466,425.807,130211196.9
26.09.2023 19:00:00.000,425.807,426.026,425.016,425.827,140099792.48
27.09.2023 13:00:00.000,427.056,427.657,426.656,426.887,148288192.75
27.09.2023 14:00:00.000,426.896,427.107,424.996,425.157,215166503.91
27.09.2023 15:00:00.000,425.167,426.097,424.576,424.877,166598403.93
27.09.2023 16:00:00.000,424.857,424.877,423.756,424.056,156648895.26
27.09.2023 17:00:00.000,424.036,424.657,422.276,423.296,182045501.71
27.09.2023 18:00:00.000,423.286,426.317,422.596,425.876,216388595.58
27.09.2023 19:00:00.000,425.867,427.526,424.846,426.037,233641799.93
28.09.2023 13:00:00.000,425.476,426.757,424.866,426.696,175113006.59
28.09.2023 14:00:00.000,426.707,427.527,425.316,427.357,276497009.28
28.09.2023 15:00:00.000,427.346,429.597,426.956,429.436,197653503.42
28.09.2023 16:00:00.000,429.426,430.237,428.576,428.906,140975204.47
28.09.2023 17:00:00.000,428.907,429.257,427.656,428.147,195158798.22
28.09.2023 18:00:00.000,428.146,429.097,427.457,428.377,204811401.37
28.09.2023 19:00:00.000,428.366,429.766,427.966,428.527,208333999.63
29.09.2023 13:00:00.000,431.676,431.836,430.556,431.316,158861495.97
29.09.2023 14:00:00.000,431.326,431.727,430.036,430.547,228559600.83
29.09.2023 15:00:00.000,430.537,431.346,428.636,429.207,232223297.12
29.09.2023 16:00:00.000,429.216,429.737,427.887,428.216,197704895.02
29.09.2023 17:00:00.000,428.207,428.207,426.166,426.167,192412796.02
29.09.2023 18:00:00.000,426.157,428.216,425.897,428.196,191907592.77
29.09.2023 19:00:00.000,428.206,428.867,426.727,427.386,250146896.36
02.10.2023 13:00:00.000,426.576,427.747,426.176,426.727,158945602.42
02.10.2023 14:00:00.000,426.727,428.086,425.907,426.357,334271209.72
02.10.2023 15:00:00.000,426.376,428.587,425.486,425.796,294422790.53
02.10.2023 16:00:00.000,425.806,426.057,424.467,424.797,225941604.61
02.10.2023 17:00:00.000,424.807,425.986,424.566,425.477,187548400.88
02.10.2023 18:00:00.000,425.486,426.766,424.536,425.117,217619796.75
02.10.2023 19:00:00.000,425.117,427.347,424.506,427.337,219916595.46
03.10.2023 13:00:00.000,425.047,426.647,424.826,426.286,166485305.79
03.10.2023 14:00:00.000,426.276,426.327,421.446,421.756,324207611.08
03.10.2023 15:00:00.000,421.757,422.127,420.756,421.166,238635299.68
03.10.2023 16:00:00.000,421.176,422.567,421.097,422.196,232250106.81
03.10.2023 17:00:00.000,422.177,422.807,420.736,420.876,192115493.77
03.10.2023 18:00:00.000,420.886,421.537,420.166,421.136,193264404.3
03.10.2023 19:00:00.000,421.147,421.717,420.286,421.707,228116195.68
04.10.2023 13:00:00.000,422.046,423.366,421.906,422.497,149889404.3
04.10.2023 14:00:00.000,422.356,422.867,420.546,421.047,311934204.1
04.10.2023 15:00:00.000,421.026,423.957,420.677,423.946,263411407.47
04.10.2023 16:00:00.000,423.927,424.347,423.236,423.616,207303207.4
04.10.2023 17:00:00.000,423.626,423.716,422.036,422.166,186867904.66
04.10.2023 18:00:00.000,422.166,423.317,421.647,423.177,196680206.3
04.10.2023 19:00:00.000,423.186,425.416,423.037,424.676,201635299.68
05.10.2023 13:00:00.000,424.346,425.246,423.306,424.116,163661895.75
05.10.2023 14:00:00.000,424.127,424.136,421.626,421.957,271409606.93
05.10.2023 15:00:00.000,421.967,422.577,421.166,422.016,250839599.61
05.10.2023 16:00:00.000,422.026,423.437,421.836,422.617,183816192.63
05.10.2023 17:00:00.000,422.617,424.187,421.856,424.077,173087707.52
05.10.2023 18:00:00.000,424.067,425.346,423.886,425.027,155649002.08
05.10.2023 19:00:00.000,425.036,425.167,424.167,424.516,171716705.32
06.10.2023 13:00:00.000,421.957,422.977,421.006,421.906,186123992.92
06.10.2023 14:00:00.000,421.917,424.316,420.596,423.806,315822998.05
06.10.2023 15:00:00.000,423.797,428.887,423.776,428.867,237911193.85
06.10.2023 16:00:00.000,428.857,429.257,427.636,428.256,174132202.15
06.10.2023 17:00:00.000,428.267,429.847,428.067,429.726,128925506.59
06.10.2023 18:00:00.000,429.726,431.117,429.337,430.686,120283302.31
06.10.2023 19:00:00.000,430.676,430.937,429.376,429.577,144932998.66
09.10.2023 13:00:00.000,427.536,429.077,427.346,428.837,144969192.5
09.10.2023 14:00:00.000,428.836,429.117,427.007,427.356,216709304.81
09.10.2023 15:00:00.000,427.347,429.077,427.267,429.026,138354995.73
09.10.2023 16:00:00.000,429.036,429.967,428.526,428.926,109499496.46
09.10.2023 17:00:00.000,428.937,432.117,428.826,432.096,134485397.34
09.10.2023 18:00:00.000,432.107,432.857,431.686,432.526,152797302.25
09.10.2023 19:00:00.000,432.547,432.666,431.556,432.267,140378097.53
10.10.2023 13:00:00.000,432.957,433.627,432.537,433.626,131063095.09
10.10.2023 14:00:00.000,433.676,435.687,433.666,435.317,187440505.98
10.10.2023 15:00:00.000,435.327,437.087,435.136,436.976,149529006.96
10.10.2023 16:00:00.000,436.977,437.197,436.566,436.816,106474502.56
10.10.2023 17:00:00.000,436.826,436.826,434.646,435.416,197502105.71
10.10.2023 18:00:00.000,435.427,435.717,434.286,434.596,162901199.34
10.10.2023 19:00:00.000,434.616,435.157,434.316,434.476,135618194.58
11.10.2023 13:00:00.000,435.657,436.437,435.296,435.507,131866806.03
11.10.2023 14:00:00.000,435.507,435.607,434.496,435.496,199771606.45
11.10.2023 15:00:00.000,435.506,435.817,434.227,434.457,156441299.44
11.10.2023 16:00:00.000,434.456,434.547,433.547,434.126,132701095.58
11.10.2023 17:00:00.000,434.137,434.357,433.167,433.786,116611099.24
11.10.2023 18:00:00.000,433.787,435.297,433.766,435.046,167863494.87
11.10.2023 19:00:00.000,435.046,436.567,434.926,436.297,145076599.12
12.10.2023 13:00:00.000,436.957,436.967,435.076,435.427,137513504.03
12.10.2023 14:00:00.000,435.416,436.687,434.966,436.127,223603393.55
12.10.2023 15:00:00.000,436.137,436.886,435.617,436.526,179174194.34
12.10.2023 16:00:00.000,436.547,437.317,436.246,436.526,149175598.14
12.10.2023 17:00:00.000,436.536,436.536,432.346,432.427,237347000.12
12.10.2023 18:00:00.000,432.436,433.357,431.227,432.966,200450195.31
12.10.2023 19:00:00.000,432.967,434.277,432.916,433.707,187925094.6
13.10.2023 13:00:00.000,435.187,436.446,435.116,435.836,141485504.15
13.10.2023 14:00:00.000,435.696,435.837,432.576,432.776,265177490.23
13.10.2023 15:00:00.000,432.767,432.876,431.027,431.336,232007904.05
13.10.2023 16:00:00.000,431.317,433.347,431.157,432.086,189022796.63
13.10.2023 17:00:00.000,432.096,432.317,429.876,431.396,212055999.76
13.10.2023 18:00:00.000,431.366,432.107,430.756,431.556,226302795.41
13.10.2023 19:00:00.000,431.577,432.457,430.316,431.536,232406204.22
16.10.2023 13:00:00.000,433.797,434.747,433.556,434.286,142181503.3
16.10.2023 14:00:00.000,434.286,436.827,433.787,436.807,226815399.17
16.10.2023 15:00:00.000,436.836,437.107,435.486,435.946,150263107.3
16.10.2023 16:00:00.000,435.956,436.226,435.466,435.966,118620498.66
16.10.2023 17:00:00.000,435.966,436.857,434.316,436.446,161971496.58
16.10.2023 18:00:00.000,436.456,436.707,435.607,436.507,143680206.3
16.10.2023 19:00:00.000,436.536,436.947,435.786,436.006,133198699.95
17.10.2023 13:00:00.000,432.797,433.697,432.446,432.707,156983596.8
17.10.2023 14:00:00.000,432.697,435.687,432.576,435.126,254954895.02
17.10.2023 15:00:00.000,435.137,437.497,434.936,437.257,229223602.29
17.10.2023 16:00:00.000,437.266,438.117,436.586,436.786,174973297.12
17.10.2023 17:00:00.000,436.797,436.996,434.597,434.866,169274093.63
17.10.2023 18:00:00.000,434.877,435.696,434.236,434.566,204809600.83
17.10.2023 19:00:00.000,434.577,436.097,434.296,436.086,200899307.25
18.10.2023 13:00:00.000,434.206,434.766,433.506,433.996,159345092.77
18.10.2023 14:00:00.000,433.987,435.157,432.216,432.546,280662811.28
18.10.2023 15:00:00.000,432.556,433.576,432.226,432.487,226365798.95
18.10.2023 16:00:00.000,432.486,433.476,431.396,431.516,216607803.34
18.10.2023 17:00:00.000,431.517,433.797,431.086,432.487,243815994.26
18.10.2023 18:00:00.000,432.496,433.276,430.796,431.177,218078796.39
18.10.2023 19:00:00.000,431.197,431.197,429.077,430.226,208516693.12
19.10.2023 13:00:00.000,430.927,431.377,430.166,430.736,151841003.42
19.10.2023 14:00:00.000,430.736,431.087,428.686,428.937,274024414.06
19.10.2023 15:00:00.000,428.947,430.697,428.447,429.997,245668701.17
19.10.2023 16:00:00.000,430.007,432.807,427.726,431.026,390736785.89
19.10.2023 17:00:00.000,431.027,432.387,429.006,429.447,325234710.69
19.10.2023 18:00:00.000,429.456,430.016,426.626,426.936,272384490.97
19.10.2023 19:00:00.000,426.936,427.576,425.717,426.437,261196197.51
20.10.2023 13:00:00.000,425.966,426.537,425.076,425.076,172973693.85
20.10.2023 14:00:00.000,425.066,425.426,422.326,422.397,283837097.17
20.10.2023 15:00:00.000,422.416,423.737,421.906,423.367,223682495.12
20.10.2023 16:00:00.000,423.367,424.457,422.296,424.257,189522506.71
20.10.2023 17:00:00.000,424.267,424.726,423.067,424.207,223142105.1
20.10.2023 18:00:00.000,424.197,424.277,422.217,422.607,210372100.83
20.10.2023 19:00:00.000,422.657,423.096,421.076,421.197,222565795.9
23.10.2023 13:00:00.000,419.586,420.686,417.796,420.636,171266296.39
23.10.2023 14:00:00.000,420.626,421.576,420.046,421.396,274280303.96
23.10.2023 15:00:00.000,421.386,423.006,421.186,422.817,206326004.03
23.10.2023 16:00:00.000,422.826,424.397,421.877,424.397,170019699.1
23.10.2023 17:00:00.000,424.387,424.437,422.626,422.957,181460098.27
23.10.2023 18:00:00.000,422.916,423.297,421.967,422.707,190773406.98
23.10.2023 19:00:00.000,422.746,423.096,420.237,420.457,236990798.95
24.10.2023 13:00:00.000,422.646,423.877,422.436,423.776,150746505.74
24.10.2023 14:00:00.000,423.757,424.797,422.536,424.166,285276885.99
24.10.2023 15:00:00.000,424.166,424.217,422.536,423.256,239926193.24
24.10.2023 16:00:00.000,423.257,423.537,420.726,421.236,198922195.43
24.10.2023 17:00:00.000,421.237,422.576,421.006,422.156,176958297.73
24.10.2023 18:00:00.000,422.146,423.757,421.976,423.527,169011306.76
24.10.2023 19:00:00.000,423.507,424.157,423.207,423.596,163504699.71
25.10.2023 13:00:00.000,421.866,421.897,419.496,420.177,159570404.05
25.10.2023 14:00:00.000,420.157,421.107,419.016,420.117,297749389.65
25.10.2023 15:00:00.000,420.117,421.416,419.496,419.526,289256896.97
25.10.2023 16:00:00.000,419.417,419.767,418.326,418.586,215434494.02
25.10.2023 17:00:00.000,418.586,418.847,417.006,417.707,236975799.56
25.10.2023 18:00:00.000,417.707,418.296,417.116,417.676,207811492.92
25.10.2023 19:00:00.000,417.657,418.447,417.206,417.576,201827102.66
26.10.2023 13:00:00.000,416.447,417.317,415.236,415.377,190710205.08
26.10.2023 14:00:00.000,415.386,416.867,414.316,416.326,315157287.6
26.10.2023 15:00:00.000,416.326,416.587,413.887,414.506,265663513.18
26.10.2023 16:00:00.000,414.467,414.497,412.136,412.177,221636001.59
26.10.2023 17:00:00.000,412.187,413.707,411.587,413.617,231442901.61
26.10.2023 18:00:00.000,413.627,415.537,413.336,415.536,219233795.17
26.10.2023 19:00:00.000,415.547,415.916,412.286,412.596,237576995.85
27.10.2023 13:00:00.000,414.177,414.457,412.616,413.207,171761993.41
27.10.2023 14:00:00.000,413.287,414.087,411.856,413.507,322977813.72
27.10.2023 15:00:00.000,413.497,414.577,412.816,413.426,247173400.88
27.10.2023 16:00:00.000,413.417,413.567,411.666,411.786,218022399.9
27.10.2023 17:00:00.000,411.787,412.016,410.106,410.386,249529205.32
27.10.2023 18:00:00.000,410.387,411.206,409.247,409.536,262262908.94
27.10.2023 19:00:00.000,409.546,410.896,409.206,410.697,237906997.68
30.10.2023 13:00:00.000,413.526,415.336,413.526,414.876,126007499.69
30.10.2023 14:00:00.000,414.876,415.017,412.216,413.006,266647094.73
30.10.2023 15:00:00.000,413.006,414.037,412.417,413.976,205811203
30.10.2023 16:00:00.000,413.947,414.236,412.606,413.207,190800399.78
30.10.2023 17:00:00.000,413.216,415.707,412.956,415.676,166226699.83
30.10.2023 18:00:00.000,415.656,416.286,415.006,415.816,130186996.46
30.10.2023 19:00:00.000,415.827,416.677,415.456,415.647,180321899.41
31.10.2023 13:00:00.000,416.167,416.347,414.266,414.747,145366897.58
31.10.2023 14:00:00.000,414.576,416.546,414.206,416.307,282621307.37
31.10.2023 15:00:00.000,416.326,416.567,415.397,416.437,245382598.88
31.10.2023 16:00:00.000,416.416,416.827,415.206,416.717,223678497.31
31.10.2023 17:00:00.000,416.727,417.927,416.327,417.836,167052200.32
31.10.2023 18:00:00.000,417.837,418.217,417.056,418.097,152773895.26
31.10.2023 19:00:00.000,418.106,418.497,417.567,418.157,152016098.02
01.11.2023 13:00:00.000,419.197,419.876,418.627,419.417,146704406.74
01.11.2023 14:00:00.000,419.456,421.887,419.166,421.246,255995605.47
01.11.2023 15:00:00.000,421.227,421.607,420.216,420.716,173642105.1
01.11.2023 16:00:00.000,420.717,420.726,419.296,419.747,151885696.41
01.11.2023 17:00:00.000,419.736,420.397,419.366,420.017,125120300.29
01.11.2023 18:00:00.000,420.076,421.727,419.096,421.347,322189392.09
01.11.2023 19:00:00.000,421.326,423.487,421.326,422.706,254770095.83
02.11.2023 13:00:00.000,426.576,428.017,426.566,427.487,125150100.71
02.11.2023 14:00:00.000,427.496,429.307,426.746,429.297,181400100.71
02.11.2023 15:00:00.000,429.307,429.327,428.077,428.777,155877304.08
02.11.2023 16:00:00.000,428.766,429.547,428.427,429.107,137668304.44
02.11.2023 17:00:00.000,429.117,430.436,428.916,430.267,91371597.29
02.11.2023 18:00:00.000,430.276,430.447,429.527,430.247,86952400.21
02.11.2023 19:00:00.000,430.236,430.906,430.077,430.747,96286300.66
03.11.2023 13:00:00.000,433.116,434.976,433.007,434.627,132423797.61
03.11.2023 14:00:00.000,434.626,435.456,433.206,434.146,261398895.26
03.11.2023 15:00:00.000,434.166,435.177,433.526,434.967,181732192.99
03.11.2023 16:00:00.000,434.976,435.837,434.846,435.737,133333206.18
03.11.2023 17:00:00.000,435.727,435.896,434.836,435.636,122300796.51
03.11.2023 18:00:00.000,435.636,436.166,435.006,436.087,126928596.5
03.11.2023 19:00:00.000,436.097,436.277,434.656,434.697,129386795.04
06.11.2023 14:00:00.000,435.457,436.137,435.016,435.436,126534103.39
06.11.2023 15:00:00.000,435.447,435.867,434.746,435.416,187947494.51
06.11.2023 16:00:00.000,435.426,435.797,435.036,435.556,118137397.77
06.11.2023 17:00:00.000,435.546,435.627,434.466,434.976,95175903.32
06.11.2023 18:00:00.000,434.966,434.987,433.666,434.287,108796798.71
06.11.2023 19:00:00.000,434.286,435.167,433.697,435.076,110954200.74
06.11.2023 20:00:00.000,435.086,435.707,434.686,435.657,123178001.4
07.11.2023 14:00:00.000,435.686,435.726,434.506,435.547,113841697.69
07.11.2023 15:00:00.000,435.536,437.426,435.386,437.156,169710098.27
07.11.2023 16:00:00.000,437.156,437.497,436.617,436.877,119066703.8
07.11.2023 17:00:00.000,436.887,436.887,435.857,436.676,125303596.5
07.11.2023 18:00:00.000,436.686,437.457,436.546,437.206,87446502.69
07.11.2023 19:00:00.000,437.217,437.447,436.797,436.887,77680603.03
07.11.2023 20:00:00.000,436.876,437.577,436.206,436.886,92752502.44
08.11.2023 14:00:00.000,437.516,438.077,437.377,437.706,99199302.67
08.11.2023 15:00:00.000,437.717,437.807,436.496,436.576,200141494.75
08.11.2023 16:00:00.000,436.587,437.147,436.026,436.057,159768402.1
08.11.2023 17:00:00.000,436.056,436.136,434.877,435.806,145658401.49
08.11.2023 18:00:00.000,435.816,436.686,435.606,436.557,131321701.05
08.11.2023 19:00:00.000,436.547,437.197,436.426,436.506,100296997.07
08.11.2023 20:00:00.000,436.517,437.777,436.486,437.267,105229896.55
09.11.2023 14:00:00.000,438.426,438.457,436.976,437.866,111329902.65
09.11.2023 15:00:00.000,437.896,438.156,436.076,436.966,216009002.69
09.11.2023 16:00:00.000,436.957,438.067,436.946,437.787,132815704.35
09.11.2023 17:00:00.000,437.796,437.877,437.086,437.587,112594596.86
09.11.2023 18:00:00.000,437.597,437.667,435.136,435.447,256706512.45
09.11.2023 19:00:00.000,435.446,435.447,433.636,433.826,244548995.97
09.11.2023 20:00:00.000,433.826,434.316,433.396,433.837,178405395.51
10.11.2023 14:00:00.000,435.977,436.217,434.867,435.796,116553100.59
10.11.2023 15:00:00.000,435.787,435.787,434.417,435.377,231012893.68
10.11.2023 16:00:00.000,435.387,436.887,435.346,436.756,156784606.93
10.11.2023 17:00:00.000,436.766,439.026,436.706,438.776,112857803.34
10.11.2023 18:00:00.000,438.787,439.756,438.197,439.517,96103302
10.11.2023 19:00:00.000,439.526,439.947,439.407,439.647,66227203.37
10.11.2023 20:00:00.000,439.656,440.917,439.606,440.627,94638999.94
13.11.2023 14:00:00.000,439.187,439.577,438.416,438.856,115035400.39
13.11.2023 15:00:00.000,438.847,439.937,438.536,439.727,180492095.95
13.11.2023 16:00:00.000,439.716,441.317,439.526,440.997,140751205.44
13.11.2023 17:00:00.000,440.997,441.137,440.187,440.526,119769096.37
13.11.2023 18:00:00.000,440.537,441.026,439.896,440.517,118012603.76
13.11.2023 19:00:00.000,440.526,441.107,440.366,440.586,85867996.22
13.11.2023 20:00:00.000,440.566,440.926,440.096,440.186,101886703.49
14.11.2023 14:00:00.000,446.327,448.036,446.086,447.926,145008895.87
14.11.2023 15:00:00.000,447.917,449.376,447.626,448.966,203612197.88
14.11.2023 16:00:00.000,448.966,449.717,448.386,448.447,142727005
14.11.2023 17:00:00.000,448.446,448.797,447.867,448.737,118471199.04
14.11.2023 18:00:00.000,448.737,449.127,448.216,448.217,81050903.32
14.11.2023 19:00:00.000,448.226,449.487,447.696,449.417,89683898.93
14.11.2023 20:00:00.000,449.417,450.047,448.277,448.737,96632598.88
15.11.2023 14:00:00.000,450.107,450.747,449.387,449.896,139576004.03
15.11.2023 15:00:00.000,449.916,451.357,449.757,451.086,167816696.17
15.11.2023 16:00:00.000,451.077,451.366,449.646,449.817,154565795.9
15.11.2023 17:00:00.000,449.827,450.357,449.527,449.757,111576202.39
15.11.2023 18:00:00.000,449.747,450.297,448.796,450.216,96988403.32
15.11.2023 19:00:00.000,450.226,450.676,449.596,450.227,86819999.69
15.11.2023 20:00:00.000,450.237,450.367,449.196,449.656,122195297.24
16.11.2023 14:00:00.000,449.226,450.456,449.126,450.357,118842102.05
16.11.2023 15:00:00.000,450.386,450.546,448.747,449.016,214731506.35
16.11.2023 16:00:00.000,448.997,449.267,448.107,448.736,163211502.08
16.11.2023 17:00:00.000,448.756,449.907,448.646,449.466,106399101.26
16.11.2023 18:00:00.000,449.486,449.606,448.566,448.917,128516296.39
16.11.2023 19:00:00.000,448.927,449.827,448.776,449.567,110601799.01
16.11.2023 20:00:00.000,449.566,450.307,449.326,450.216,107790901.18
17.11.2023 14:00:00.000,450.217,450.586,449.446,450.137,120547897.34
17.11.2023 15:00:00.000,450.126,450.357,449.486,450.077,188881103.52
17.11.2023 16:00:00.000,450.087,450.207,449.286,450.196,145154296.88
17.11.2023 17:00:00.000,450.197,450.676,450.006,450.446,89155097.96
17.11.2023 18:00:00.000,450.457,451.087,450.236,451.037,72887496.95
17.11.2023 19:00:00.000,451.027,451.387,450.626,450.937,69267799.38
17.11.2023 20:00:00.000,450.947,451.367,450.196,450.767,103711097.72
20.11.2023 14:00:00.000,450.527,452.146,450.526,452.137,87404502.87
20.11.2023 15:00:00.000,452.157,452.607,451.446,452.607,146848403.93
20.11.2023 16:00:00.000,452.637,452.887,452.516,452.746,96244300.84
20.11.2023 17:00:00.000,452.756,453.066,452.476,452.637,80787902.83
20.11.2023 18:00:00.000,452.636,454.086,452.616,453.987,107436897.28
20.11.2023 19:00:00.000,453.996,454.697,453.776,454.546,77321296.69
20.11.2023 20:00:00.000,454.536,455.117,453.906,454.237,82022499.08
21.11.2023 14:00:00.000,453.176,453.316,452.707,452.806,103929603.58
21.11.2023 15:00:00.000,452.807,453.166,451.947,452.676,155267807.01
21.11.2023 16:00:00.000,452.687,452.897,452.217,452.876,98944297.79
21.11.2023 17:00:00.000,452.886,453.577,452.747,453.526,64725898.74
21.11.2023 18:00:00.000,453.546,453.557,452.637,453.237,78174896.24
21.11.2023 19:00:00.000,453.226,453.536,452.807,453.297,119015098.57
21.11.2023 20:00:00.000,453.296,453.636,452.877,453.257,87130699.16
22.11.2023 14:00:00.000,454.976,456.377,454.326,454.917,114997001.65
22.11.2023 15:00:00.000,454.927,455.517,453.876,454.497,215446792.6
22.11.2023 16:00:00.000,454.516,455.557,454.436,455.497,141807495.12
22.11.2023 17:00:00.000,455.507,455.897,454.606,455.076,100253097.53
22.11.2023 18:00:00.000,455.066,455.597,454.986,455.307,72206901.55
22.11.2023 19:00:00.000,455.296,455.607,453.926,454.827,98006500.24
22.11.2023 20:00:00.000,454.836,455.367,454.657,455.176,72375297.55
24.11.2023 14:00:00.000,455.046,455.377,454.727,455.247,96449203.49
24.11.2023 15:00:00.000,455.236,455.436,454.726,455.127,107910003.66
24.11.2023 16:00:00.000,455.117,455.226,454.886,454.937,55533298.49
27.11.2023 14:00:00.000,454.656,455.237,454.066,454.506,103180603.03
27.11.2023 15:00:00.000,454.516,455.207,454.236,454.787,139401702.88
27.11.2023 16:00:00.000,454.777,455.376,454.216,455.027,97919799.8
27.11.2023 17:00:00.000,455.036,455.237,454.786,455.167,65634300.23
27.11.2023 18:00:00.000,455.176,455.487,454.956,455.126,68088996.89
27.11.2023 19:00:00.000,455.146,455.276,454.127,454.646,78509902.95
27.11.2023 20:00:00.000,454.636,455.296,454.366,454.486,65682403.56
28.11.2023 14:00:00.000,454.086,454.217,453.497,453.597,99433097.84
28.11.2023 15:00:00.000,453.597,455.386,453.586,455.166,167336807.25
28.11.2023 16:00:00.000,455.186,456.257,454.916,456.006,118534797.67
28.11.2023 17:00:00.000,456.006,456.046,454.596,454.896,85169601.44
28.11.2023 18:00:00.000,454.907,454.907,453.766,454.377,141159606.93
28.11.2023 19:00:00.000,454.396,454.927,453.966,454.747,96223899.84
28.11.2023 20:00:00.000,454.746,455.087,453.976,454.886,94425796.51
29.11.2023 14:00:00.000,457.156,458.307,456.996,458.106,71557403.56
29.11.2023 15:00:00.000,458.127,458.247,456.106,456.597,184373306.27
29.11.2023 16:00:00.000,456.586,456.737,454.946,455.757,147471206.67
29.11.2023 17:00:00.000,455.746,456.367,455.536,456.286,98621803.28
29.11.2023 18:00:00.000,456.307,456.427,455.686,456.097,96585296.63
29.11.2023 19:00:00.000,456.076,456.327,455.086,455.517,132121704.1
29.11.2023 20:00:00.000,455.536,455.576,454.196,454.597,130137893.68
30.11.2023 14:00:00.000,455.477,455.697,454.106,455.186,125466499.33
30.11.2023 15:00:00.000,455.206,455.577,454.007,454.917,226174392.7
30.11.2023 16:00:00.000,454.906,455.167,453.766,453.806,165296798.71
30.11.2023 17:00:00.000,453.816,454.386,453.466,454.096,113380897.52
30.11.2023 18:00:00.000,454.096,454.136,453.336,453.916,93369499.21
30.11.2023 19:00:00.000,453.906,455.136,453.886,455.086,90640197.75
30.11.2023 20:00:00.000,455.076,456.727,453.836,456.237,132692306.52
01.12.2023 14:00:00.000,455.777,456.206,455.176,456.017,119443397.52
01.12.2023 15:00:00.000,456.106,457.126,455.326,456.316,233374404.91
01.12.2023 16:00:00.000,456.337,458.737,455.396,458.326,251772506.71
01.12.2023 17:00:00.000,458.336,459.637,458.146,459.407,134991592.41
01.12.2023 18:00:00.000,459.397,459.477,458.186,458.307,101620796.2
01.12.2023 19:00:00.000,458.326,459.077,458.187,459.066,82170898.44
01.12.2023 20:00:00.000,459.057,459.306,458.376,459.017,102836303.71
04.12.2023 14:00:00.000,455.586,456.817,455.506,455.966,116607101.44
04.12.2023 15:00:00.000,455.976,456.306,454.366,454.546,191100296.02
04.12.2023 16:00:00.000,454.536,456.017,454.407,455.936,107717399.6
04.12.2023 17:00:00.000,455.957,456.736,455.747,456.657,89645698.55
04.12.2023 18:00:00.000,456.666,456.686,455.756,455.877,75996101.38
04.12.2023 19:00:00.000,455.886,456.186,455.486,455.977,75613502.5
04.12.2023 20:00:00.000,455.966,456.927,455.656,456.636,102760696.41
05.12.2023 14:00:00.000,455.237,455.777,454.876,455.457,129458496.09
05.12.2023 15:00:00.000,455.356,457.407,455.356,457.377,242437896.73
05.12.2023 16:00:00.000,457.387,457.577,455.346,456.046,189434494.02
05.12.2023 17:00:00.000,456.057,456.427,455.236,456.226,180088104.25
05.12.2023 18:00:00.000,456.227,456.557,455.876,456.186,133411605.84
05.12.2023 19:00:00.000,456.196,456.687,455.896,456.637,109160301.21
05.12.2023 20:00:00.000,456.626,456.777,456.086,456.576,101897598.27
06.12.2023 14:00:00.000,458.806,458.827,457.807,457.996,116015403.75
06.12.2023 15:00:00.000,458.007,458.387,456.746,457.187,206046707.15
06.12.2023 16:00:00.000,457.176,457.457,455.996,456.756,168524093.63
06.12.2023 17:00:00.000,456.747,456.856,455.796,455.857,142708694.46
06.12.2023 18:00:00.000,455.846,456.577,455.596,456.457,130997894.29
06.12.2023 19:00:00.000,456.467,456.537,455.807,455.816,107675498.96
06.12.2023 20:00:00.000,455.827,455.896,454.307,454.707,116555397.03
07.12.2023 14:00:00.000,456.906,457.217,456.286,456.436,123969902.04
07.12.2023 15:00:00.000,456.446,458.136,456.396,457.867,202463500.98
07.12.2023 16:00:00.000,457.876,458.107,456.507,458.087,149807495.12
07.12.2023 17:00:00.000,458.096,458.436,457.636,458.117,118360801.7
07.12.2023 18:00:00.000,458.126,458.537,457.936,458.286,90880699.16
07.12.2023 19:00:00.000,458.296,458.886,457.977,458.017,82392997.74
07.12.2023 20:00:00.000,458.027,458.497,457.927,458.206,91727302.55
08.12.2023 14:00:00.000,457.456,458.717,457.196,458.197,141735595.7
08.12.2023 15:00:00.000,458.207,460.406,458.207,460.006,233758193.97
08.12.2023 16:00:00.000,460.016,460.087,457.826,458.236,166854507.45
08.12.2023 17:00:00.000,458.247,459.127,457.527,459.037,134772399.9
08.12.2023 18:00:00.000,459.036,459.577,458.886,459.487,82498596.19
08.12.2023 19:00:00.000,459.486,460.457,459.426,460.366,58377601.62
08.12.2023 20:00:00.000,460.377,460.727,459.896,460.137,80230201.72
11.12.2023 14:00:00.000,459.677,460.406,459.466,460.396,131686904.91
11.12.2023 15:00:00.000,460.386,461.147,459.936,460.786,133440994.26
11.12.2023 16:00:00.000,460.776,461.047,459.896,460.517,133303894.04
11.12.2023 17:00:00.000,460.517,461.007,460.297,460.947,83368698.12
11.12.2023 18:00:00.000,460.957,461.737,460.637,461.626,68670600.89
11.12.2023 19:00:00.000,461.636,461.837,461.436,461.537,53285099.03
11.12.2023 20:00:00.000,461.547,462.156,461.326,461.967,67938697.81
12.12.2023 14:00:00.000,461.616,461.677,460.596,461.487,121507003.78
12.12.2023 15:00:00.000,461.497,462.676,461.306,462.656,135068496.7
12.12.2023 16:00:00.000,462.647,462.827,462.377,462.587,90324996.95
12.12.2023 17:00:00.000,462.576,463.106,462.236,462.607,72591598.51
12.12.2023 18:00:00.000,462.606,463.267,462.496,463.197,70950500.49
12.12.2023 19:00:00.000,463.186,463.597,463.027,463.557,42960201.26
12.12.2023 20:00:00.000,463.567,464.187,463.496,464.167,78675697.33
13.12.2023 14:00:00.000,464.467,464.847,464.286,464.466,84042297.36
13.12.2023 15:00:00.000,464.457,465.306,464.237,465.136,80264801.03
13.12.2023 16:00:00.000,465.156,465.327,464.606,464.637,66713500.98
13.12.2023 17:00:00.000,464.646,464.697,464.336,464.486,47807701.11
13.12.2023 18:00:00.000,464.476,464.637,464.107,464.356,37591400.15
13.12.2023 19:00:00.000,464.356,470.077,464.356,469.777,268279785.16
13.12.2023 20:00:00.000,469.786,470.747,468.127,470.516,227053695.68
14.12.2023 14:00:00.000,472.496,473.716,472.247,473.127,112495300.29
14.12.2023 15:00:00.000,473.126,473.177,471.666,472.577,234682403.56
14.12.2023 16:00:00.000,472.576,472.666,471.456,472.526,198758804.32
14.12.2023 17:00:00.000,472.546,473.356,471.947,471.987,125355796.81
14.12.2023 18:00:00.000,471.996,471.996,469.246,470.166,138531295.78
14.12.2023 19:00:00.000,470.156,471.556,470.147,471.507,101537498.47
14.12.2023 20:00:00.000,471.516,472.036,471.086,472.016,110160003.66
15.12.2023 14:00:00.000,469.447,469.807,468.806,469.146,150698394.78
15.12.2023 15:00:00.000,469.156,470.526,469.116,470.306,174750595.09
15.12.2023 16:00:00.000,470.336,470.487,469.736,470.067,117047599.79
15.12.2023 17:00:00.000,470.067,470.396,469.276,469.347,86658401.49
15.12.2023 18:00:00.000,469.337,469.936,468.446,468.676,109336601.26
15.12.2023 19:00:00.000,468.657,469.276,468.456,468.976,121018096.92
15.12.2023 20:00:00.000,468.986,470.607,468.816,469.387,124596900.94
18.12.2023 14:00:00.000,470.977,471.427,470.796,471.357,100198898.32
18.12.2023 15:00:00.000,471.376,471.867,471.076,471.267,125083396.91
18.12.2023 16:00:00.000,471.266,472.157,471.096,471.987,82092498.78
18.12.2023 17:00:00.000,471.997,472.637,471.986,472.416,52369701.39
18.12.2023 18:00:00.000,472.416,472.617,472.106,472.476,51368301.39
18.12.2023 19:00:00.000,472.487,472.957,472.196,472.527,55647499.08
18.12.2023 20:00:00.000,472.546,472.796,471.966,472.007,68160896.3
19.12.2023 14:00:00.000,472.506,473.646,472.446,473.476,86522102.36
19.12.2023 15:00:00.000,473.486,474.067,473.027,474.057,124364700.32
19.12.2023 16:00:00.000,474.057,474.467,473.836,473.887,71944602.97
19.12.2023 17:00:00.000,473.896,474.197,473.627,474.066,61362899.78
19.12.2023 18:00:00.000,474.057,474.337,473.626,474.167,55635398.86
19.12.2023 19:00:00.000,474.186,474.397,473.986,474.157,50071998.6
19.12.2023 20:00:00.000,474.166,474.907,473.807,474.837,58544998.17
20.12.2023 14:00:00.000,473.927,474.647,473.757,474.616,68819999.69
20.12.2023 15:00:00.000,474.597,475.567,474.557,475.336,100750900.27
20.12.2023 16:00:00.000,475.346,475.447,475.037,475.166,54776798.25
20.12.2023 17:00:00.000,475.167,475.886,475.086,475.787,41684398.65
20.12.2023 18:00:00.000,475.786,475.797,474.977,475.056,53695499.42
20.12.2023 19:00:00.000,475.046,475.087,470.276,470.476,151799194.34
20.12.2023 20:00:00.000,470.466,471.156,467.816,468.027,318515014.65
21.12.2023 14:00:00.000,471.326,472.217,471.206,471.397,135675292.97
21.12.2023 15:00:00.000,471.407,472.417,470.526,471.157,258663513.18
21.12.2023 16:00:00.000,471.136,471.677,470.437,470.527,184135406.49
21.12.2023 17:00:00.000,470.536,470.536,469.256,469.477,186207901
21.12.2023 18:00:00.000,469.467,470.586,468.826,470.546,209041793.82
21.12.2023 19:00:00.000,470.557,471.037,470.146,470.556,132622406.01
21.12.2023 20:00:00.000,470.536,472.967,470.246,472.656,135356597.9
22.12.2023 14:00:00.000,473.857,475.367,473.816,474.886,91233703.61
22.12.2023 15:00:00.000,474.926,475.287,474.127,474.146,157487396.24
22.12.2023 16:00:00.000,474.117,474.687,473.576,474.057,128494094.85
22.12.2023 17:00:00.000,474.077,474.556,473.656,474.536,98149696.35
22.12.2023 18:00:00.000,474.537,474.737,474.186,474.207,50557498.93
22.12.2023 19:00:00.000,474.216,474.257,471.686,473.867,203049499.51
22.12.2023 20:00:00.000,473.877,474.007,472.966,473.447,140665496.83
26.12.2023 14:00:00.000,474.056,474.797,473.977,474.666,75821502.69
26.12.2023 15:00:00.000,474.677,475.176,474.526,474.896,67788497.92
26.12.2023 16:00:00.000,474.906,475.127,474.576,475.056,71799003.6
26.12.2023 17:00:00.000,475.067,475.397,474.846,475.047,57396900.18
26.12.2023 18:00:00.000,475.056,475.457,475.016,475.187,52399200.44
26.12.2023 19:00:00.000,475.196,475.767,475.156,475.746,41373001.1
26.12.2023 20:00:00.000,475.756,476.557,475.296,475.627,84504203.8
27.12.2023 14:00:00.000,475.426,476.127,475.266,475.997,83678596.5
27.12.2023 15:00:00.000,476.006,476.127,475.076,475.396,114440696.72
27.12.2023 16:00:00.000,475.386,475.917,475.176,475.767,73125999.45
27.12.2023 17:00:00.000,475.757,476.026,475.287,475.536,60596298.22
27.12.2023 18:00:00.000,475.527,476.647,475.527,476.017,110537101.75
27.12.2023 19:00:00.000,476.006,476.007,474.887,475.487,129935394.29
27.12.2023 20:00:00.000,475.496,476.546,475.156,476.537,118784103.39
28.12.2023 14:00:00.000,476.876,477.377,476.787,477.177,87875099.18
28.12.2023 15:00:00.000,477.147,477.487,476.796,477.066,96697303.77
28.12.2023 16:00:00.000,477.076,477.127,476.586,476.857,73703102.11
28.12.2023 17:00:00.000,476.846,477.406,476.776,477.236,38897499.08
28.12.2023 18:00:00.000,477.266,477.516,476.426,477.006,89110198.97
28.12.2023 19:00:00.000,477.016,477.477,476.986,477.186,48323398.59
28.12.2023 20:00:00.000,477.177,477.336,476.256,476.716,87625198.36
29.12.2023 14:00:00.000,476.446,476.907,476.397,476.747,65363502.5
29.12.2023 15:00:00.000,476.757,477.016,475.036,475.437,109090103.15
29.12.2023 16:00:00.000,475.446,475.677,473.756,474.187,155038696.29
29.12.2023 17:00:00.000,474.187,474.576,473.296,474.466,127201103.21
29.12.2023 18:00:00.000,474.466,475.306,474.296,475.046,107883201.6
29.12.2023 19:00:00.000,475.037,475.677,474.886,475.556,82661300.66
29.12.2023 20:00:00.000,475.556,475.877,474.466,475.077,134816101.07
02.01.2024 14:00:00.000,472.157,472.787,471.357,472.266,133774902.34
02.01.2024 15:00:00.000,472.257,472.697,471.276,471.666,218431396.48
02.01.2024 16:00:00.000,471.667,473.266,471.626,473.177,129537200.93
02.01.2024 17:00:00.000,473.187,473.656,472.577,472.636,118577400.21
02.01.2024 18:00:00.000,472.626,472.956,471.996,472.137,107348602.29
02.01.2024 19:00:00.000,472.136,472.247,470.916,470.916,118856796.26
02.01.2024 20:00:00.000,470.926,472.637,470.477,472.627,132066192.63
03.01.2024 14:00:00.000,470.457,470.517,469.646,469.916,110547302.25
03.01.2024 15:00:00.000,469.776,470.947,468.706,469.376,214942993.16
03.01.2024 16:00:00.000,469.376,469.917,469.116,469.246,181663101.2
03.01.2024 17:00:00.000,469.256,470.367,468.966,470.297,107993598.94
03.01.2024 18:00:00.000,470.286,470.757,469.846,470.076,88777496.34
03.01.2024 19:00:00.000,470.057,471.167,468.956,470.216,239417602.54
03.01.2024 20:00:00.000,470.216,470.286,468.146,468.746,173220306.4
04.01.2024 14:00:00.000,468.297,469.246,468.126,468.896,141066696.17
04.01.2024 15:00:00.000,468.836,470.227,468.676,469.847,185950103.76
04.01.2024 16:00:00.000,469.857,470.956,469.456,469.707,146433105.47
04.01.2024 17:00:00.000,469.707,469.827,468.647,469.127,132960403.44
04.01.2024 18:00:00.000,469.117,469.457,468.956,469.067,110151199.34
04.01.2024 19:00:00.000,469.067,469.317,468.166,468.676,116435699.46
04.01.2024 20:00:00.000,468.676,469.027,467.046,467.337,128786895.75
05.01.2024 14:00:00.000,467.476,468.576,467.126,468.107,140229507.45
05.01.2024 15:00:00.000,468.167,470.407,468.166,470.127,228829498.29
05.01.2024 16:00:00.000,470.137,470.417,468.586,468.767,165182205.2
05.01.2024 17:00:00.000,468.766,468.827,467.126,467.527,156247894.29
05.01.2024 18:00:00.000,467.506,468.676,466.666,468.346,151498001.1
05.01.2024 19:00:00.000,468.356,468.977,466.646,466.807,174076797.49
05.01.2024 20:00:00.000,466.797,468.277,466.446,467.927,158411804.2
08.01.2024 14:00:00.000,468.417,469.767,468.296,469.716,119312896.73
08.01.2024 15:00:00.000,469.716,470.737,469.346,470.347,144610702.51
08.01.2024 16:00:00.000,470.367,470.897,469.966,470.867,130511703.49
08.01.2024 17:00:00.000,470.857,471.627,470.547,471.466,92269401.55
08.01.2024 18:00:00.000,471.457,472.067,471.246,472.016,74246299.74
08.01.2024 19:00:00.000,472.026,473.987,471.897,473.746,86410598.75
08.01.2024 20:00:00.000,473.736,474.737,473.367,474.537,121931098.94
09.01.2024 14:00:00.000,471.867,472.187,471.346,472.157,123975502.01
09.01.2024 15:00:00.000,472.146,472.947,471.557,472.217,174785202.03
09.01.2024 16:00:00.000,472.197,474.217,472.196,474.217,121636299.13
09.01.2024 17:00:00.000,474.216,474.457,473.826,474.336,95114303.59
09.01.2024 18:00:00.000,474.346,474.917,473.136,474.276,158976898.19
09.01.2024 19:00:00.000,474.287,474.537,473.337,473.777,141651199.34
09.01.2024 20:00:00.000,473.797,474.237,472.967,473.866,176643096.92
10.01.2024 14:00:00.000,474.147,475.327,474.137,474.697,112846199.04
10.01.2024 15:00:00.000,474.687,475.247,473.856,475.207,179346893.31
10.01.2024 16:00:00.000,475.226,475.267,474.416,474.916,116066398.62
10.01.2024 17:00:00.000,474.926,475.467,474.596,475.377,82532997.13
10.01.2024 18:00:00.000,475.386,475.917,474.836,475.746,132743606.57
10.01.2024 19:00:00.000,475.747,477.277,475.666,477.247,99581596.37
10.01.2024 20:00:00.000,477.236,477.436,475.166,476.537,170309799.19
11.01.2024 14:00:00.000,477.577,478.097,475.707,476.297,165468002.32
11.01.2024 15:00:00.000,476.316,476.357,473.566,473.976,299832794.19
11.01.2024 16:00:00.000,473.996,474.267,472.256,472.606,240535797.12
11.01.2024 17:00:00.000,472.627,474.347,472.536,473.946,183570205.69
11.01.2024 18:00:00.000,473.936,475.807,473.856,475.746,166451095.58
11.01.2024 19:00:00.000,475.757,476.967,475.327,476.807,158044296.26
11.01.2024 20:00:00.000,476.806,476.897,475.456,476.326,177048095.7
12.01.2024 14:00:00.000,477.807,478.586,477.066,477.126,123583999.63
12.01.2024 15:00:00.000,477.137,477.477,475.216,475.797,298412994.38
12.01.2024 16:00:00.000,475.787,476.807,475.396,475.666,211281997.68
12.01.2024 17:00:00.000,475.676,476.477,475.356,476.117,174137603.76
12.01.2024 18:00:00.000,476.127,477.007,476.117,476.926,112613197.33
12.01.2024 19:00:00.000,476.916,477.336,476.137,476.246,125607597.35
12.01.2024 20:00:00.000,476.236,476.897,475.746,476.656,145676193.24
16.01.2024 14:00:00.000,475.267,475.587,473.466,474.496,140097900.39
16.01.2024 15:00:00.000,474.487,476.566,474.136,476.176,195897995
16.01.2024 16:00:00.000,476.176,476.596,474.636,475.226,290145904.54
16.01.2024 17:00:00.000,475.216,475.387,473.906,473.936,209279403.69
16.01.2024 18:00:00.000,473.947,475.196,473.766,474.056,173847595.21
16.01.2024 19:00:00.000,474.087,474.357,473.056,474.287,140588104.25
16.01.2024 20:00:00.000,474.287,475.046,473.777,474.927,118116203.31
17.01.2024 14:00:00.000,471.797,471.927,471.066,471.316,117424896.24
17.01.2024 15:00:00.000,471.306,472.347,471.046,472.006,252131805.42
17.01.2024 16:00:00.000,472.006,472.777,471.996,472.166,148740005.49
17.01.2024 17:00:00.000,472.167,472.287,471.107,471.667,140828094.48
17.01.2024 18:00:00.000,471.657,472.027,469.856,470.657,153516799.93
17.01.2024 19:00:00.000,470.647,471.756,470.517,471.457,113348602.29
17.01.2024 20:00:00.000,471.467,472.597,470.666,472.296,124679100.04
18.01.2024 14:00:00.000,473.776,474.457,473.386,473.867,140780593.87
18.01.2024 15:00:00.000,473.876,474.877,473.387,474.266,229838699.34
18.01.2024 16:00:00.000,474.267,475.007,473.656,474.456,169373001.1
18.01.2024 17:00:00.000,474.487,474.547,472.996,473.176,181554000.85
18.01.2024 18:00:00.000,473.197,474.117,472.416,473.967,183148406.98
18.01.2024 19:00:00.000,473.976,475.936,473.967,475.737,155651504.52
18.01.2024 20:00:00.000,475.746,477.037,475.576,476.466,148376495.36
19.01.2024 14:00:00.000,477.635,477.947,476.957,477.877,120961799.62
19.01.2024 15:00:00.000,477.866,478.527,476.977,478.277,259483520.51
19.01.2024 16:00:00.000,478.286,479.197,477.996,478.867,165673492.43
19.01.2024 17:00:00.000,478.876,480.187,478.276,480.186,150891006.47
19.01.2024 18:00:00.000,480.186,481.687,479.726,481.657,125837097.17
19.01.2024 19:00:00.000,481.656,482.657,481.316,482.197,154093795.78
19.01.2024 20:00:00.000,482.197,482.527,481.776,482.416,156533203.13
22.01.2024 14:00:00.000,483.997,485.187,483.916,484.996,109819396.97
22.01.2024 15:00:00.000,485.006,485.207,483.346,483.547,235530593.87
22.01.2024 16:00:00.000,483.557,484.197,483.006,484.047,172207504.27
22.01.2024 17:00:00.000,484.056,484.147,483.247,483.747,145943695.07
22.01.2024 18:00:00.000,483.737,483.967,482.776,483.827,140308593.75
22.01.2024 19:00:00.000,483.847,484.006,483.017,483.626,142818695.07
22.01.2024 20:00:00.000,483.657,484.187,483.316,483.476,139392395.02
23.01.2024 14:00:00.000,484.007,484.366,483.527,483.946,129692993.16
23.01.2024 15:00:00.000,483.976,484.217,483.056,483.256,193821594.24
23.01.2024 16:00:00.000,483.257,483.677,482.886,483.486,144205596.92
23.01.2024 17:00:00.000,483.496,483.967,483.066,483.887,101452796.94
23.01.2024 18:00:00.000,483.907,484.017,483.556,483.956,85329399.11
23.01.2024 19:00:00.000,483.967,484.467,483.616,484.317,80818496.7
23.01.2024 20:00:00.000,484.326,485.087,484.186,484.876,118286003.11
24.01.2024 14:00:00.000,487.807,487.816,486.897,487.067,131376998.9
24.01.2024 15:00:00.000,487.076,488.596,486.396,487.946,203871200.56
24.01.2024 16:00:00.000,487.957,488.387,487.486,488.296,182717193.6
24.01.2024 17:00:00.000,488.307,488.757,487.797,488.707,122124298.1
24.01.2024 18:00:00.000,488.707,488.727,486.917,487.307,187563201.9
24.01.2024 19:00:00.000,487.317,487.367,485.967,486.546,181830093.38
24.01.2024 20:00:00.000,486.536,486.876,484.996,485.356,184360000.61
25.01.2024 14:00:00.000,487.556,487.687,486.756,487.317,141814102.17
25.01.2024 15:00:00.000,487.367,488.287,486.856,487.166,217955505.37
25.01.2024 16:00:00.000,487.157,488.096,486.816,487.606,167867599.49
25.01.2024 17:00:00.000,487.596,487.737,486.156,486.577,169457595.83
25.01.2024 18:00:00.000,486.577,487.296,485.786,485.957,179786300.66
25.01.2024 19:00:00.000,485.946,486.657,485.386,486.657,155709503.17
25.01.2024 20:00:00.000,486.626,488.026,486.286,487.996,134744293.21
26.01.2024 14:00:00.000,487.577,488.257,487.226,487.697,138591506.96
26.01.2024 15:00:00.000,487.647,489.027,487.026,489.016,178607299.8
26.01.2024 16:00:00.000,488.996,489.107,488.096,488.726,121853897.09
26.01.2024 17:00:00.000,488.727,488.867,486.697,487.007,139919906.62
26.01.2024 18:00:00.000,487.007,487.517,486.536,486.967,125983299.26
26.01.2024 19:00:00.000,486.966,488.137,486.926,487.966,118373100.28
26.01.2024 20:00:00.000,487.977,488.046,487.026,487.466,107728599.55
29.01.2024 14:00:00.000,487.706,488.137,487.447,488.007,92517700.2
29.01.2024 15:00:00.000,488.016,488.257,487.176,487.306,145434204.1
29.01.2024 16:00:00.000,487.317,488.167,487.156,488.117,107635498.05
29.01.2024 17:00:00.000,488.127,488.566,487.877,488.166,78661598.21
29.01.2024 18:00:00.000,488.177,488.527,487.836,488.196,69503303.53
29.01.2024 19:00:00.000,488.206,489.086,488.086,488.877,62210899.35
29.01.2024 20:00:00.000,488.897,491.406,488.897,491.267,153453903.2
30.01.2024 14:00:00.000,490.537,491.257,490.536,491.247,69571899.41
30.01.2024 15:00:00.000,491.266,491.306,490.326,490.627,185518402.1
30.01.2024 16:00:00.000,490.616,491.467,490.456,491.317,109388603.21
30.01.2024 17:00:00.000,491.326,491.446,490.097,490.376,109015296.94
30.01.2024 18:00:00.000,490.386,491.037,490.116,490.727,85490699.77
30.01.2024 19:00:00.000,490.737,491.477,490.446,491.367,93435096.74
30.01.2024 20:00:00.000,491.367,491.607,490.707,490.897,113658096.31
31.01.2024 14:00:00.000,488.596,489.076,487.516,487.746,135044403.08
31.01.2024 15:00:00.000,487.747,487.817,486.386,486.726,206328399.66
31.01.2024 16:00:00.000,486.736,487.477,486.336,486.827,153494903.56
31.01.2024 17:00:00.000,486.837,487.396,486.556,487.336,110495300.29
31.01.2024 18:00:00.000,487.327,487.697,487.016,487.386,97003799.44
31.01.2024 19:00:00.000,487.387,488.977,485.636,486.476,356912292.48
31.01.2024 20:00:00.000,486.506,486.597,482.886,482.886,308657287.6
01.02.2024 14:00:00.000,484.576,485.676,484.556,485.017,125670700.07
01.02.2024 15:00:00.000,484.267,486.206,484.056,484.077,232855804.44
01.02.2024 16:00:00.000,484.067,485.787,483.796,485.666,199515396.12
01.02.2024 17:00:00.000,485.676,488.237,485.656,487.376,179113693.24
01.02.2024 18:00:00.000,487.377,487.587,486.206,487.227,203256698.61
01.02.2024 19:00:00.000,487.246,488.557,487.076,488.516,165972305.3
01.02.2024 20:00:00.000,488.517,489.206,488.096,489.197,133166900.63
02.02.2024 14:00:00.000,489.636,490.936,489.287,490.457,149807693.48
02.02.2024 15:00:00.000,490.457,492.406,489.977,492.177,282567291.26
02.02.2024 16:00:00.000,492.166,494.037,491.636,493.557,194241500.85
02.02.2024 17:00:00.000,493.576,494.647,492.236,493.637,174518905.64
02.02.2024 18:00:00.000,493.636,494.537,493.307,494.287,240360504.15
02.02.2024 19:00:00.000,494.297,495.736,494.297,495.667,187007507.32
02.02.2024 20:00:00.000,495.677,496.046,494.256,494.256,186637100.22
05.02.2024 14:00:00.000,493.686,493.686,492.866,493.416,125521202.09
05.02.2024 15:00:00.000,493.436,493.436,490.236,490.846,260221405.03
05.02.2024 16:00:00.000,490.856,492.157,490.686,492.127,158889007.57
05.02.2024 17:00:00.000,492.137,493.367,492.026,493.017,125960998.54
05.02.2024 18:00:00.000,493.026,493.487,492.566,493.127,140426895.14
05.02.2024 19:00:00.000,493.126,494.167,492.846,493.976,128701797.49
05.02.2024 20:00:00.000,493.977,494.016,492.506,492.537,169803405.76
06.02.2024 14:00:00.000,493.516,494.307,492.966,492.997,130957992.55
06.02.2024 15:00:00.000,493.016,493.167,492.046,492.796,258270294.19
06.02.2024 16:00:00.000,492.807,493.416,492.246,492.346,224535507.2
06.02.2024 17:00:00.000,492.336,492.947,492.096,492.567,195300903.32
06.02.2024 18:00:00.000,492.577,493.537,492.446,493.506,145439407.35
06.02.2024 19:00:00.000,493.497,493.557,492.086,493.146,167771301.27
06.02.2024 20:00:00.000,493.146,494.017,492.616,493.966,149431701.66
07.02.2024 14:00:00.000,496.286,496.427,495.356,495.877,118517898.56
07.02.2024 15:00:00.000,495.866,498.027,495.496,497.246,196876205.44
07.02.2024 16:00:00.000,497.237,497.847,496.817,497.577,190204803.47
07.02.2024 17:00:00.000,497.586,497.847,496.776,497.547,159892700.2
07.02.2024 18:00:00.000,497.567,498.417,497.066,498.067,162926193.24
07.02.2024 19:00:00.000,498.066,498.337,497.776,498.317,113960800.17
07.02.2024 20:00:00.000,498.277,498.517,497.597,498.046,107382896.42
08.02.2024 14:00:00.000,498.087,498.307,497.647,497.987,94247703.55
08.02.2024 15:00:00.000,497.997,498.217,497.326,498.156,133093505.86
08.02.2024 16:00:00.000,498.166,498.197,497.246,497.806,116415298.46
08.02.2024 17:00:00.000,497.796,498.127,497.406,497.576,103279602.05
08.02.2024 18:00:00.000,497.587,498.337,497.516,498.127,121815597.53
08.02.2024 19:00:00.000,498.147,498.317,497.576,498.246,112194198.61
08.02.2024 20:00:00.000,498.236,498.687,497.856,498.397,90164901.73
09.02.2024 14:00:00.000,498.837,499.547,498.486,499.487,117524803.16
09.02.2024 15:00:00.000,499.496,500.007,499.126,499.957,143396698
09.02.2024 16:00:00.000,499.956,500.197,499.316,499.576,102883201.6
09.02.2024 17:00:00.000,499.587,500.477,499.366,500.457,84239700.32
09.02.2024 18:00:00.000,500.467,500.927,500.296,500.706,69935897.83
09.02.2024 19:00:00.000,500.687,501.637,500.656,501.277,56689498.9
09.02.2024 20:00:00.000,501.286,501.327,500.706,501.167,90672302.25
12.02.2024 14:00:00.000,501.147,501.456,501.146,501.417,74750602.72
12.02.2024 15:00:00.000,501.426,502.117,501.007,502.066,101022697.45
12.02.2024 16:00:00.000,502.076,503.487,501.857,503.287,110146400.45
12.02.2024 17:00:00.000,503.287,503.436,502.647,503.187,96622200.01
12.02.2024 18:00:00.000,503.206,503.426,501.666,502.087,137974395.75
12.02.2024 19:00:00.000,502.067,502.157,500.236,500.576,203518798.83
12.02.2024 20:00:00.000,500.556,501.227,500.506,500.976,142080596.92
13.02.2024 14:00:00.000,494.506,495.186,493.626,493.816,155051193.24
13.02.2024 15:00:00.000,493.806,495.306,493.206,494.547,238782302.86
13.02.2024 16:00:00.000,494.567,495.837,494.556,495.077,175529098.51
13.02.2024 17:00:00.000,495.086,495.306,494.146,494.317,149158401.49
13.02.2024 18:00:00.000,494.286,494.467,493.347,493.566,130626495.36
13.02.2024 19:00:00.000,493.576,493.576,491.086,491.377,184894897.46
13.02.2024 20:00:00.000,491.356,494.196,490.697,494.127,188812805.18
14.02.2024 14:00:00.000,496.766,497.287,495.766,496.876,143763702.39
14.02.2024 15:00:00.000,496.887,497.977,495.936,495.947,220270706.18
14.02.2024 16:00:00.000,495.946,496.317,495.146,495.317,221342498.78
14.02.2024 17:00:00.000,495.316,496.317,494.387,496.197,173229293.82
14.02.2024 18:00:00.000,496.206,497.117,495.407,496.567,180992492.68
14.02.2024 19:00:00.000,496.587,497.087,495.217,496.907,169025802.61
14.02.2024 20:00:00.000,496.926,499.057,496.606,498.617,167161193.85
15.02.2024 14:00:00.000,499.297,500.377,499.247,499.636,108994300.84
15.02.2024 15:00:00.000,499.656,500.566,499.297,499.807,221911300.66
15.02.2024 16:00:00.000,499.827,500.146,498.786,499.797,186745895.39
15.02.2024 17:00:00.000,499.807,500.576,499.656,500.036,121326400.76
15.02.2024 18:00:00.000,500.037,501.667,499.936,501.377,135941894.53
15.02.2024 19:00:00.000,501.386,502.187,500.976,501.827,125016296.39
15.02.2024 20:00:00.000,501.846,502.037,501.146,501.946,141632095.34
16.02.2024 14:00:00.000,501.686,501.906,499.286,499.647,146638397.22
16.02.2024 15:00:00.000,499.587,501.147,498.746,500.916,236747802.73
16.02.2024 16:00:00.000,500.927,502.446,500.896,502.207,147682403.56
16.02.2024 17:00:00.000,502.197,502.347,501.646,501.816,141771896.36
16.02.2024 18:00:00.000,501.827,502.357,500.726,502.357,146289306.64
16.02.2024 19:00:00.000,502.377,502.847,499.927,500.557,150805496.22
16.02.2024 20:00:00.000,500.566,500.746,498.966,499.476,181334198
20.02.2024 14:00:00.000,497.706,498.366,496.157,496.677,143792099
20.02.2024 15:00:00.000,496.657,497.017,495.736,497.006,251908905.03
20.02.2024 16:00:00.000,497.027,497.286,495.676,495.736,186037902.83
20.02.2024 17:00:00.000,495.746,495.756,494.477,495.476,162702285.77
20.02.2024 18:00:00.000,495.466,495.957,494.747,495.886,160208831.79
20.02.2024 19:00:00.000,495.887,496.786,495.206,496.696,171139694.21
20.02.2024 20:00:00.000,496.707,496.866,495.096,496.727,184027465.82
21.02.2024 14:00:00.000,495.417,495.676,494.906,495.257,126120910.64
21.02.2024 15:00:00.000,495.247,496.056,495.037,495.277,201409530.64
21.02.2024 16:00:00.000,495.287,496.296,495.266,495.966,152007553.1
21.02.2024 17:00:00.000,495.997,496.037,494.606,495.546,141540939.33
21.02.2024 18:00:00.000,495.547,495.737,494.416,495.317,147117935.18
21.02.2024 19:00:00.000,495.266,496.056,493.896,494.576,211101364.14
21.02.2024 20:00:00.000,494.577,497.357,493.566,497.206,195235504.15
22.02.2024 14:00:00.000,503.987,505.417,503.016,504.967,112591659.55
22.02.2024 15:00:00.000,504.977,505.687,504.506,504.736,205475341.8
22.02.2024 16:00:00.000,504.746,505.877,504.536,505.236,148866699.22
22.02.2024 17:00:00.000,505.246,506.486,504.906,506.437,105223960.88
22.02.2024 18:00:00.000,506.436,507.257,506.066,507.246,84552520.75
22.02.2024 19:00:00.000,507.236,508.467,506.886,507.177,113326766.97
22.02.2024 20:00:00.000,507.157,508.307,507.056,507.507,135036575.32
23.02.2024 14:00:00.000,509.237,510.117,509.106,509.727,92530349.73
23.02.2024 15:00:00.000,509.757,509.927,508.416,508.686,220192184.45
23.02.2024 16:00:00.000,508.707,508.787,507.096,508.496,189342254.64
23.02.2024 17:00:00.000,508.487,508.986,507.776,508.627,164749053.96
23.02.2024 18:00:00.000,508.626,509.047,508.326,508.527,127655036.93
23.02.2024 19:00:00.000,508.546,508.587,507.626,508.327,153355636.6
23.02.2024 20:00:00.000,508.327,508.746,507.697,507.847,139531387.33
26.02.2024 14:00:00.000,508.287,508.737,507.726,508.207,108470878.6
26.02.2024 15:00:00.000,508.216,508.506,507.417,507.497,183643539.43
26.02.2024 16:00:00.000,507.507,507.867,507.016,507.716,123760437.01
26.02.2024 17:00:00.000,507.726,507.887,507.146,507.296,93452812.19
26.02.2024 18:00:00.000,507.306,507.587,506.016,506.876,127542449.95
26.02.2024 19:00:00.000,506.877,507.376,506.506,506.757,114473831.18
26.02.2024 20:00:00.000,506.766,507.297,505.856,506.007,142802856.45
27.02.2024 14:00:00.000,506.687,506.727,505.526,506.097,109303901.67
27.02.2024 15:00:00.000,506.097,506.557,505.587,506.126,172197616.58
27.02.2024 16:00:00.000,506.146,506.157,505.466,505.897,131891555.79
27.02.2024 17:00:00.000,505.896,505.996,504.986,505.046,92128837.59
27.02.2024 18:00:00.000,505.026,505.876,504.737,505.766,116679283.14
27.02.2024 19:00:00.000,505.787,506.697,505.717,506.646,99194168.09
27.02.2024 20:00:00.000,506.647,507.147,506.216,506.896,96723609.92
28.02.2024 14:00:00.000,505.306,505.816,504.957,505.317,114129302.98
28.02.2024 15:00:00.000,505.316,506.506,505.226,506.467,159734634.4
28.02.2024 16:00:00.000,506.486,506.847,506.156,506.556,110304420.47
28.02.2024 17:00:00.000,506.556,506.667,505.436,505.867,109557716.37
28.02.2024 18:00:00.000,505.866,506.767,505.486,506.617,85647697.45
28.02.2024 19:00:00.000,506.636,506.687,505.157,505.827,125420562.74
28.02.2024 20:00:00.000,505.837,506.256,505.336,506.216,106563133.24
29.02.2024 14:00:00.000,508.056,508.837,508.056,508.496,93915176.39
29.02.2024 15:00:00.000,508.487,508.737,506.796,507.437,201825912.48
29.02.2024 16:00:00.000,507.447,507.717,505.337,506.647,199648956.3
29.02.2024 17:00:00.000,506.637,507.427,506.496,507.356,150581466.67
29.02.2024 18:00:00.000,507.357,507.887,507.347,507.797,88105850.22
29.02.2024 19:00:00.000,507.796,508.287,507.156,507.737,102936233.52
29.02.2024 20:00:00.000,507.736,509.726,507.636,508.297,115196411.13
01.03.2024 14:00:00.000,508.947,509.546,508.556,509.047,119274108.89
01.03.2024 15:00:00.000,509.086,510.827,508.656,510.647,212221221.92
01.03.2024 16:00:00.000,510.707,511.367,510.137,511.137,135165283.2
01.03.2024 17:00:00.000,511.147,512.047,510.696,511.807,102405166.63
01.03.2024 18:00:00.000,511.817,512.687,511.667,512.606,86254981.99
01.03.2024 19:00:00.000,512.606,513.276,512.546,513.087,104412117
01.03.2024 20:00:00.000,513.066,513.127,512.317,512.816,122251358.03
04.03.2024 14:00:00.000,512.026,512.606,511.996,512.486,92805252.08
04.03.2024 15:00:00.000,512.486,512.867,512.067,512.657,105953948.97
04.03.2024 16:00:00.000,512.666,512.807,512.156,512.716,89945968.63
04.03.2024 17:00:00.000,512.706,513.167,512.476,512.947,77181510.93
04.03.2024 18:00:00.000,512.946,513.067,512.336,512.756,72413452.15
04.03.2024 19:00:00.000,512.747,514.116,512.586,513.797,79775756.84
04.03.2024 20:00:00.000,513.796,514.177,512.186,512.246,126533477.78
05.03.2024 14:00:00.000,510.216,510.307,509.307,509.656,117681671.14
05.03.2024 15:00:00.000,509.696,510.697,507.506,508.106,234380554.2
05.03.2024 16:00:00.000,508.117,508.397,506.956,507.667,158395614.62
05.03.2024 17:00:00.000,507.677,508.506,507.527,507.996,127649909.97
05.03.2024 18:00:00.000,508.007,508.147,506.666,506.757,140719436.65
05.03.2024 19:00:00.000,506.746,507.366,505.566,505.707,148271957.4
05.03.2024 20:00:00.000,505.697,507.357,504.897,507.087,174577774.05
06.03.2024 14:00:00.000,510.567,510.847,509.617,509.896,102327468.87
06.03.2024 15:00:00.000,509.896,510.567,508.407,510.447,233028823.85
06.03.2024 16:00:00.000,510.467,511.637,510.466,511.206,148978607.18
06.03.2024 17:00:00.000,511.216,512.057,511.037,511.316,127647560.12
06.03.2024 18:00:00.000,511.316,511.937,509.146,510.146,203186492.92
06.03.2024 19:00:00.000,510.146,510.407,508.506,509.247,285174957.28
06.03.2024 20:00:00.000,509.227,510.267,508.566,509.847,241957916.26
07.03.2024 14:00:00.000,513.127,513.627,512.176,513.407,119065719.6
07.03.2024 15:00:00.000,513.407,514.856,512.996,514.346,183205551.15
07.03.2024 16:00:00.000,514.346,514.716,513.747,514.607,131743164.06
07.03.2024 17:00:00.000,514.607,514.947,514.017,514.536,91620658.87
07.03.2024 18:00:00.000,514.546,515.876,514.236,515.696,81592422.49
07.03.2024 19:00:00.000,515.707,515.857,514.746,514.897,83306030.27
07.03.2024 20:00:00.000,514.886,515.637,514.057,514.876,139141098.02
08.03.2024 14:00:00.000,515.457,517.796,515.297,517.747,154028640.75
08.03.2024 15:00:00.000,517.756,518.217,516.926,517.556,247404190.06
08.03.2024 16:00:00.000,517.537,517.617,513.936,514.016,312824554.44
08.03.2024 17:00:00.000,514.006,514.896,512.297,512.527,287637725.83
08.03.2024 18:00:00.000,512.536,513.246,511.126,511.696,249839553.83
08.03.2024 19:00:00.000,511.717,514.427,511.626,513.827,200945312.5
08.03.2024 20:00:00.000,513.816,514.377,511.717,511.737,243074218.75
11.03.2024 13:00:00.000,510.467,510.936,509.416,509.416,175101715.09
11.03.2024 14:00:00.000,509.436,510.716,508.506,510.577,260499694.82
11.03.2024 15:00:00.000,510.586,510.886,509.186,510.827,217615493.77
11.03.2024 16:00:00.000,510.837,511.146,509.967,510.986,168658523.56
11.03.2024 17:00:00.000,510.987,511.537,510.196,511.036,159097045.9
11.03.2024 18:00:00.000,511.046,511.847,510.686,511.597,143503234.86
11.03.2024 19:00:00.000,511.596,511.607,510.477,511.247,159291244.51
12.03.2024 13:00:00.000,513.417,513.776,510.847,513.437,167539184.57
12.03.2024 14:00:00.000,513.426,516.477,512.996,515.926,220404342.65
12.03.2024 15:00:00.000,515.947,516.527,515.167,515.866,175004440.31
12.03.2024 16:00:00.000,515.857,515.947,513.536,514.387,170623596.19
12.03.2024 17:00:00.000,514.407,515.787,513.626,515.596,167107391.36
12.03.2024 18:00:00.000,515.607,516.976,515.497,516.737,133481140.14
12.03.2024 19:00:00.000,516.747,517.367,516.406,516.806,127856040.95
13.03.2024 13:00:00.000,517.087,517.097,515.967,516.066,110684913.64
13.03.2024 14:00:00.000,516.097,516.767,515.687,516.197,170940719.6
13.03.2024 15:00:00.000,516.207,516.707,515.836,516.417,130745407.1
13.03.2024 16:00:00.000,516.426,516.657,516.066,516.436,89880126.95
13.03.2024 17:00:00.000,516.447,517.277,516.337,517.077,120328933.72
13.03.2024 18:00:00.000,517.046,517.177,516.396,516.486,99690567.02
13.03.2024 19:00:00.000,516.476,516.677,514.477,515.986,176427703.86
14.03.2024 13:00:00.000,516.956,517.117,513.936,513.966,148995697.02
14.03.2024 14:00:00.000,513.977,515.596,513.366,514.627,253916152.95
14.03.2024 15:00:00.000,514.626,515.397,514.046,514.976,224045593.26
14.03.2024 16:00:00.000,514.987,515.136,513.836,513.887,185226806.64
14.03.2024 17:00:00.000,513.917,514.586,512.746,514.527,171478958.13
14.03.2024 18:00:00.000,514.516,515.186,513.826,513.886,158142395.02
14.03.2024 19:00:00.000,513.877,514.946,511.816,514.946,231524337.77
15.03.2024 13:00:00.000,510.087,511.316,509.617,509.786,150644073.49
15.03.2024 14:00:00.000,509.787,511.687,508.866,511.067,288795288.09
15.03.2024 15:00:00.000,511.077,511.176,509.546,509.696,192732192.99
15.03.2024 16:00:00.000,509.706,509.877,508.346,508.456,156953796.39
15.03.2024 17:00:00.000,508.447,509.937,508.416,509.907,149378158.57
15.03.2024 18:00:00.000,509.906,510.536,509.166,510.187,155561981.2
15.03.2024 19:00:00.000,510.177,510.517,509.216,509.736,152003997.8
18.03.2024 13:00:00.000,513.986,514.827,513.747,513.817,114611999.51
18.03.2024 14:00:00.000,513.826,515.466,513.806,515.127,165143997.19
18.03.2024 15:00:00.000,515.126,515.207,513.896,514.217,142679992.68
18.03.2024 16:00:00.000,514.216,514.507,513.466,513.507,134639999.39
18.03.2024 17:00:00.000,513.517,514.236,513.287,513.797,109164001.46
18.03.2024 18:00:00.000,513.807,514.387,513.206,513.777,115583999.63
18.03.2024 19:00:00.000,513.776,514.136,512.446,512.856,108804000.85
19.03.2024 13:00:00.000,512.147,512.147,511.116,511.667,144156005.86
19.03.2024 14:00:00.000,511.677,512.597,511.207,512.216,181404006.96
19.03.2024 15:00:00.000,512.227,513.417,512.147,513.176,121391998.29
19.03.2024 16:00:00.000,513.167,515.117,512.986,514.667,109092002.87
19.03.2024 17:00:00.000,514.676,515.417,514.356,514.987,128244003.3
19.03.2024 18:00:00.000,514.987,515.337,514.497,514.876,105900001.53
19.03.2024 19:00:00.000,514.877,515.977,514.216,515.747,151535995.48
20.03.2024 13:00:00.000,515.767,515.987,515.197,515.417,101375999.45
20.03.2024 14:00:00.000,515.437,516.436,515.336,515.866,119772003.17
20.03.2024 15:00:00.000,515.876,516.326,515.567,515.906,79272003.17
20.03.2024 16:00:00.000,515.897,516.146,515.386,516.137,73716003.42
20.03.2024 17:00:00.000,516.137,516.137,515.077,515.417,72947998.05
20.03.2024 18:00:00.000,515.417,519.537,515.417,518.917,354851989.75
20.03.2024 19:00:00.000,518.946,520.607,518.836,520.466,257220001.22
21.03.2024 13:00:00.000,523.396,523.997,522.766,523.427,118860000.61
21.03.2024 14:00:00.000,523.376,523.967,523.146,523.586,168996002.2
21.03.2024 15:00:00.000,523.586,523.917,523.006,523.746,119136001.59
21.03.2024 16:00:00.000,523.736,524.097,523.426,523.737,79800003.05
21.03.2024 17:00:00.000,523.737,523.746,522.727,522.807,98339996.34
21.03.2024 18:00:00.000,522.797,523.107,522.026,522.316,115379997.25
21.03.2024 19:00:00.000,522.306,523.136,521.906,522.087,119903999.33
22.03.2024 13:00:00.000,522.077,522.427,521.416,521.766,129264007.57
22.03.2024 14:00:00.000,521.787,522.297,521.016,521.056,155675994.87
22.03.2024 15:00:00.000,521.046,521.827,521.027,521.667,91835998.54
22.03.2024 16:00:00.000,521.676,521.856,520.976,521.827,78120002.75
22.03.2024 17:00:00.000,521.836,522.567,521.746,522.536,76295997.62
22.03.2024 18:00:00.000,522.527,522.597,521.946,522.157,90552001.95
22.03.2024 19:00:00.000,522.166,522.347,521.117,521.237,118356002.81
25.03.2024 13:00:00.000,519.747,520.377,519.596,520.277,101291999.82
25.03.2024 14:00:00.000,520.246,520.877,520.046,520.627,132132003.78
25.03.2024 15:00:00.000,520.637,520.847,520.366,520.587,108360000.61
25.03.2024 16:00:00.000,520.587,520.687,520.226,520.427,87648002.62
25.03.2024 17:00:00.000,520.447,520.697,520.107,520.646,71075996.4
25.03.2024 18:00:00.000,520.656,520.946,520.556,520.807,54108001.71
25.03.2024 19:00:00.000,520.807,520.817,519.666,519.807,90311996.46
26.03.2024 13:00:00.000,521.216,521.427,520.827,521.216,88632003.78
26.03.2024 14:00:00.000,521.226,521.546,520.656,521.286,146783996.58
26.03.2024 15:00:00.000,521.287,521.446,521.056,521.387,91632003.78
26.03.2024 16:00:00.000,521.377,521.457,520.737,520.867,66575996.4
26.03.2024 17:00:00.000,520.857,521.007,520.477,520.647,64236000.06
26.03.2024 18:00:00.000,520.626,521.037,520.626,520.847,53580001.83
26.03.2024 19:00:00.000,520.857,520.897,518.386,518.717,123047996.52
27.03.2024 13:00:00.000,521.717,521.767,520.726,520.877,94788002.01
27.03.2024 14:00:00.000,520.886,520.937,519.617,519.837,149988006.59
27.03.2024 15:00:00.000,519.817,520.147,519.516,519.537,101328002.93
27.03.2024 16:00:00.000,519.526,520.457,519.476,520.297,82307998.66
27.03.2024 17:00:00.000,520.297,520.467,519.716,520.177,77087997.44
27.03.2024 18:00:00.000,520.167,520.967,520.016,520.256,67068000.79
27.03.2024 19:00:00.000,520.266,523.187,519.836,523.166,144899993.9
28.03.2024 13:00:00.000,523.207,523.666,522.776,523.207,84132003.78
28.03.2024 14:00:00.000,523.237,523.697,522.916,523.426,113676002.5
28.03.2024 15:00:00.000,523.417,523.717,523.156,523.586,69251998.9
28.03.2024 16:00:00.000,523.577,523.587,523.067,523.346,63743999.48
28.03.2024 17:00:00.000,523.336,523.476,522.917,523.347,54203998.57
28.03.2024 18:00:00.000,523.347,524.276,523.016,524.126,55763999.94
28.03.2024 19:00:00.000,524.126,524.597,523.576,523.926,129828002.93
01.04.2024 13:00:00.000,523.817,524.367,523.446,524.077,84323997.5
01.04.2024 14:00:00.000,524.037,524.167,522.087,522.307,173268005.37
01.04.2024 15:00:00.000,522.317,522.407,521.066,521.096,128160003.66
01.04.2024 16:00:00.000,521.106,522.217,520.966,521.897,88463996.89
01.04.2024 17:00:00.000,521.906,521.907,521.056,521.726,81900001.53
01.04.2024 18:00:00.000,521.717,522.137,521.456,521.857,68015998.84
01.04.2024 19:00:00.000,521.846,522.777,521.606,522.176,97416000.37
02.04.2024 13:00:00.000,518.227,518.447,516.856,517.486,113795997.62
02.04.2024 14:00:00.000,517.547,517.996,516.486,516.957,183000000
02.04.2024 15:00:00.000,516.946,517.566,516.846,517.417,29700000.76
02.04.2024 16:00:00.000,517.116,517.987,516.896,517.966,79919998.17
02.04.2024 17:00:00.000,517.977,518.117,517.346,517.747,76835998.54
02.04.2024 18:00:00.000,517.757,518.127,517.626,517.786,66071998.6
02.04.2024 19:00:00.000,517.776,518.967,517.726,518.837,105636001.59
03.04.2024 13:00:00.000,517.706,518.616,517.657,518.386,103680000.31
03.04.2024 14:00:00.000,518.387,520.827,518.387,520.666,169500000
03.04.2024 15:00:00.000,520.687,520.937,520.087,520.187,83388000.49
03.04.2024 16:00:00.000,520.206,520.837,519.386,520.297,161940002.44
03.04.2024 17:00:00.000,520.347,520.786,520.286,520.557,88248001.1
03.04.2024 18:00:00.000,520.547,520.787,519.836,519.956,58032001.5
03.04.2024 19:00:00.000,519.946,520.016,517.756,519.396,163511993.41
04.04.2024 13:00:00.000,523.517,523.677,522.566,522.826,87132003.78
04.04.2024 14:00:00.000,522.827,523.037,522.456,522.716,112512001.04
04.04.2024 15:00:00.000,522.717,523.306,522.347,523.257,82931999.21
04.04.2024 16:00:00.000,523.277,523.857,523.167,523.426,68459999.08
04.04.2024 17:00:00.000,523.427,523.447,521.696,521.856,74975997.92
04.04.2024 18:00:00.000,521.847,521.847,515.496,515.897,331932006.84
04.04.2024 19:00:00.000,515.877,516.037,512.746,513.107,348720001.22
05.04.2024 13:00:00.000,514.456,516.397,513.997,515.907,169800003.05
05.04.2024 14:00:00.000,515.917,518.077,514.876,518.046,277631988.53
05.04.2024 15:00:00.000,518.027,519.697,516.426,519.417,228996002.2
05.04.2024 16:00:00.000,519.426,520.427,519.086,520.326,115667999.27
05.04.2024 17:00:00.000,520.297,520.427,517.427,517.786,169104003.91
05.04.2024 18:00:00.000,517.796,519.277,516.966,517.857,294179992.68
05.04.2024 19:00:00.000,517.856,519.267,517.676,518.447,190427993.77
08.04.2024 13:00:00.000,519.146,519.377,517.976,518.826,150119995.12
08.04.2024 14:00:00.000,518.806,520.167,518.196,519.976,218712005.62
08.04.2024 15:00:00.000,519.986,520.127,518.277,518.717,187955993.65
08.04.2024 16:00:00.000,518.727,519.437,517.876,519.427,157139999.39
08.04.2024 17:00:00.000,519.417,519.447,518.636,519.286,114227996.83
08.04.2024 18:00:00.000,519.297,519.477,518.656,519.247,112236000.06
08.04.2024 19:00:00.000,519.246,519.686,518.226,518.647,138707992.55
09.04.2024 13:00:00.000,520.477,520.736,518.756,518.876,140111999.51
09.04.2024 14:00:00.000,518.896,519.267,514.336,515.507,281052001.95
09.04.2024 15:00:00.000,515.517,517.116,515.186,516.816,237000000
09.04.2024 16:00:00.000,516.816,517.767,516.566,516.777,154511993.41
09.04.2024 17:00:00.000,516.797,517.637,516.596,516.666,159660003.66
09.04.2024 18:00:00.000,516.676,517.286,516.217,516.517,160488006.59
09.04.2024 19:00:00.000,516.506,519.437,515.696,519.307,225264007.57
10.04.2024 13:00:00.000,513.436,514.466,512.657,513.986,208283996.58
10.04.2024 14:00:00.000,513.976,516.157,513.406,514.456,337152008.06
10.04.2024 15:00:00.000,514.466,514.526,512.996,513.336,237587997.44
10.04.2024 16:00:00.000,513.326,514.366,512.976,514.157,161472000.12
10.04.2024 17:00:00.000,514.176,515.117,512.086,513.757,274920013.43
10.04.2024 18:00:00.000,513.747,514.667,512.557,512.626,268403991.7
10.04.2024 19:00:00.000,512.617,515.057,512.437,514.216,257220001.22
11.04.2024 13:00:00.000,515.636,515.856,514.086,514.606,185304000.85
11.04.2024 14:00:00.000,514.636,514.687,512.076,513.206,311795989.99
11.04.2024 15:00:00.000,513.206,515.437,513.146,515.317,236003997.8
11.04.2024 16:00:00.000,515.327,515.627,514.716,515.287,167412002.56
11.04.2024 17:00:00.000,515.276,518.127,514.876,517.976,204912002.56
11.04.2024 18:00:00.000,517.986,519.477,517.906,518.677,171912002.56
11.04.2024 19:00:00.000,518.697,519.346,517.967,517.977,159287994.38
12.04.2024 13:00:00.000,514.367,515.797,514.056,515.287,141876007.08
12.04.2024 14:00:00.000,515.287,515.407,512.017,512.307,245220001.22
12.04.2024 15:00:00.000,512.296,514.017,512.186,513.376,175332000.73
12.04.2024 16:00:00.000,513.387,513.517,510.486,510.557,194304000.85
12.04.2024 17:00:00.000,510.577,511.226,509.317,510.476,224231994.63
12.04.2024 18:00:00.000,510.487,511.407,509.556,509.597,244475997.92
12.04.2024 19:00:00.000,509.607,510.867,509.076,510.746,214416000.37
15.04.2024 13:00:00.000,515.136,515.276,514.186,514.887,131184005.74
15.04.2024 14:00:00.000,514.876,514.997,511.056,511.096,294996002.2
15.04.2024 15:00:00.000,511.087,512.596,510.796,512.307,232404006.96
15.04.2024 16:00:00.000,512.306,512.606,509.496,510.046,207600006.1
15.04.2024 17:00:00.000,510.047,510.557,504.997,506.366,278891998.29
15.04.2024 18:00:00.000,506.356,506.486,504.416,505.127,259320007.32
15.04.2024 19:00:00.000,505.106,505.257,503.577,504.506,260351989.75
16.04.2024 13:00:00.000,504.916,505.186,502.946,504.426,183143997.19
16.04.2024 14:00:00.000,504.436,505.267,502.416,503.096,266231994.63
16.04.2024 15:00:00.000,503.097,505.357,502.866,504.237,222108001.71
16.04.2024 16:00:00.000,504.226,505.087,503.496,504.527,220151992.8
16.04.2024 17:00:00.000,504.537,505.027,502.186,503.917,262895996.09
16.04.2024 18:00:00.000,503.917,506.476,502.597,505.786,247835998.54
16.04.2024 19:00:00.000,505.796,505.847,503.286,503.496,229272003.17
17.04.2024 13:00:00.000,506.057,506.196,505.006,505.287,154559997.56
17.04.2024 14:00:00.000,505.297,505.347,502.177,502.886,299507995.61
17.04.2024 15:00:00.000,502.907,503.997,500.996,501.716,271283996.58
17.04.2024 16:00:00.000,501.707,501.776,499.106,499.897,259691986.08
17.04.2024 17:00:00.000,499.907,502.556,499.676,502.376,243527999.88
17.04.2024 18:00:00.000,502.387,504.027,501.297,501.596,265799987.79
17.04.2024 19:00:00.000,501.587,501.807,500.357,500.457,284171997.07
18.04.2024 13:00:00.000,501.937,502.076,499.717,501.176,161268005.37
18.04.2024 14:00:00.000,501.167,503.796,500.326,503.376,277152008.06
18.04.2024 15:00:00.000,503.377,504.117,502.617,502.876,198095993.04
18.04.2024 16:00:00.000,502.866,503.337,500.606,500.777,192768005.37
18.04.2024 17:00:00.000,500.776,501.137,498.857,499.637,224339996.34
18.04.2024 18:00:00.000,499.616,500.427,498.556,498.966,220139999.39
18.04.2024 19:00:00.000,498.937,500.817,498.927,499.496,223824005.13
19.04.2024 13:00:00.000,499.386,500.437,498.676,499.617,182675994.87
19.04.2024 14:00:00.000,499.626,500.137,497.556,498.527,342611999.51
19.04.2024 15:00:00.000,498.527,498.946,496.966,497.117,270708007.81
19.04.2024 16:00:00.000,497.097,497.767,495.077,497.086,254220001.22
19.04.2024 17:00:00.000,497.076,498.447,496.446,497.277,260604003.91
19.04.2024 18:00:00.000,497.286,497.317,494.006,494.917,313320007.32
19.04.2024 19:00:00.000,494.896,495.706,493.847,495.176,293783996.58
22.04.2024 13:00:00.000,497.816,498.047,496.727,497.576,148367996.22
22.04.2024 14:00:00.000,497.587,498.196,495.937,496.196,269148010.25
22.04.2024 15:00:00.000,496.157,497.396,495.426,497.386,191039993.29
22.04.2024 16:00:00.000,497.386,498.496,497.266,498.406,156276000.98
22.04.2024 17:00:00.000,498.427,501.897,498.216,501.416,150660003.66
22.04.2024 18:00:00.000,501.446,502.367,500.616,501.326,178860000.61
22.04.2024 19:00:00.000,501.306,501.347,498.897,499.656,205248001.1
23.04.2024 13:00:00.000,501.787,503.667,501.207,503.057,147707992.55
23.04.2024 14:00:00.000,503.097,505.316,502.677,505.196,240503997.8
23.04.2024 15:00:00.000,505.206,505.327,504.036,504.317,184835998.54
23.04.2024 16:00:00.000,504.316,505.557,504.227,505.187,125027999.88
23.04.2024 17:00:00.000,505.177,506.057,504.566,505.966,139427993.77
23.04.2024 18:00:00.000,505.937,506.076,505.246,505.717,108335998.54
23.04.2024 19:00:00.000,505.707,505.777,504.957,505.606,154955993.65
24.04.2024 13:00:00.000,506.516,507.356,505.916,506.236,149363998.41
24.04.2024 14:00:00.000,506.246,507.126,504.966,505.227,249395996.09
24.04.2024 15:00:00.000,505.206,505.377,503.596,503.727,201863998.41
24.04.2024 16:00:00.000,503.707,504.387,503.116,504.306,181343994.14
24.04.2024 17:00:00.000,504.306,506.536,504.037,506.417,128016006.47
24.04.2024 18:00:00.000,506.426,506.496,504.397,504.446,181488006.59
24.04.2024 19:00:00.000,504.437,506.177,504.226,505.456,160175994.87
25.04.2024 13:00:00.000,499.077,499.337,497.846,498.177,172944000.24
25.04.2024 14:00:00.000,498.167,499.807,497.486,498.397,307104003.91
25.04.2024 15:00:00.000,498.406,500.376,498.346,500.247,246335998.54
25.04.2024 16:00:00.000,500.236,502.027,499.896,501.757,210611999.51
25.04.2024 17:00:00.000,501.767,503.797,500.966,503.477,224904006.96
25.04.2024 18:00:00.000,503.506,503.707,501.686,502.467,211944000.24
25.04.2024 19:00:00.000,502.476,504.257,502.427,503.377,216539993.29
26.04.2024 13:00:00.000,506.347,508.227,505.696,507.796,155904006.96
26.04.2024 14:00:00.000,507.836,508.996,507.626,508.787,266687988.28
26.04.2024 15:00:00.000,508.797,509.537,507.716,508.606,201863998.41
26.04.2024 16:00:00.000,508.617,509.547,508.136,509.546,124667999.27
26.04.2024 17:00:00.000,509.556,509.867,509.086,509.416,107040000.92
26.04.2024 18:00:00.000,509.417,509.477,508.566,509.387,137735992.43
26.04.2024 19:00:00.000,509.396,509.637,508.156,508.237,110748001.1
29.04.2024 13:00:00.000,510.076,510.737,509.006,509.557,149748001.1
29.04.2024 14:00:00.000,509.566,510.616,509.526,509.867,221220001.22
29.04.2024 15:00:00.000,509.877,509.937,508.996,509.697,153179992.68
29.04.2024 16:00:00.000,509.686,510.317,509.537,509.926,104879997.25
29.04.2024 17:00:00.000,509.936,510.497,509.566,510.167,93515998.84
29.04.2024 18:00:00.000,510.167,510.167,508.587,509.546,141587997.44
29.04.2024 19:00:00.000,509.537,510.177,507.246,510.047,228744003.3
30.04.2024 13:00:00.000,508.517,509.507,508.176,509.087,128255996.7
30.04.2024 14:00:00.000,509.086,509.547,508.106,508.636,241343994.14
30.04.2024 15:00:00.000,508.646,508.647,506.026,506.597,211067993.16
30.04.2024 16:00:00.000,506.617,507.017,504.797,505.297,179807998.66
30.04.2024 17:00:00.000,505.277,506.257,504.697,506.097,171539993.29
30.04.2024 18:00:00.000,506.136,506.527,504.387,504.787,191268005.37
30.04.2024 19:00:00.000,504.767,505.276,502.027,502.037,204083999.63
01.05.2024 13:00:00.000,501.346,501.807,500.396,500.807,146843994.14
01.05.2024 14:00:00.000,500.806,501.576,500.057,501.336,277847991.94
01.05.2024 15:00:00.000,501.326,501.477,500.046,500.247,202511993.41
01.05.2024 16:00:00.000,500.237,501.136,499.846,500.417,196860000.61
01.05.2024 17:00:00.000,500.406,501.387,499.916,500.837,162912002.56
01.05.2024 18:00:00.000,500.877,507.396,500.736,507.296,376044006.35
01.05.2024 19:00:00.000,507.327,508.156,500.097,500.207,387312011.72
02.05.2024 13:00:00.000,504.146,504.667,501.647,501.936,156755996.7
02.05.2024 14:00:00.000,501.916,502.617,499.546,502.436,306048004.15
02.05.2024 15:00:00.000,502.416,503.116,501.376,502.756,211619995.12
02.05.2024 16:00:00.000,502.757,502.847,501.316,502.287,187343994.14
02.05.2024 17:00:00.000,502.316,504.356,502.296,503.846,156647995
02.05.2024 18:00:00.000,503.837,505.626,503.657,505.427,190212005.62
02.05.2024 19:00:00.000,505.437,505.867,503.846,504.986,229356002.81
03.05.2024 13:00:00.000,511.147,511.967,509.596,511.447,161220001.22
03.05.2024 14:00:00.000,512.186,512.186,508.637,509.147,378899993.9
03.05.2024 15:00:00.000,509.147,510.897,508.556,510.476,233255996.7
03.05.2024 16:00:00.000,510.496,511.377,510.406,510.687,147744003.3
03.05.2024 17:00:00.000,510.687,511.597,510.596,511.286,125879997.25
03.05.2024 18:00:00.000,511.276,511.977,511.236,511.527,111515998.84
03.05.2024 19:00:00.000,511.537,511.837,511.126,511.286,115596000.67
06.05.2024 13:00:00.000,513.756,514.346,513.296,514.197,97547996.52
06.05.2024 14:00:00.000,514.216,514.627,514.036,514.286,129000000
06.05.2024 15:00:00.000,514.277,514.517,513.846,514.346,94512001.04
06.05.2024 16:00:00.000,514.346,514.717,513.696,514.666,90996002.2
06.05.2024 17:00:00.000,514.676,515.027,514.236,514.877,80664001.46
06.05.2024 18:00:00.000,514.866,515.727,514.816,515.397,63888000.49
06.05.2024 19:00:00.000,515.397,516.597,514.876,516.577,90047996.52
07.05.2024 13:00:00.000,517.547,517.917,517.156,517.177,113748001.1
07.05.2024 14:00:00.000,517.177,518.237,516.936,518.117,157667999.27
07.05.2024 15:00:00.000,518.116,518.277,517.686,518.077,100896003.72
07.05.2024 16:00:00.000,518.087,518.277,517.566,517.887,83760002.14
07.05.2024 17:00:00.000,517.876,518.557,516.786,516.976,106704002.38
07.05.2024 18:00:00.000,516.986,517.427,516.446,517.007,133500000
07.05.2024 19:00:00.000,517.016,517.846,516.676,517.197,117564002.99
08.05.2024 13:00:00.000,515.257,516.507,515.136,516.497,113136001.59
08.05.2024 14:00:00.000,516.497,517.707,516.036,517.386,156251998.9
08.05.2024 15:00:00.000,517.386,517.667,516.636,516.786,132408004.76
08.05.2024 16:00:00.000,516.786,517.107,516.256,516.616,100847999.57
08.05.2024 17:00:00.000,516.617,517.097,516.097,517.066,112164001.46
08.05.2024 18:00:00.000,517.057,517.407,516.887,516.997,74940002.44
08.05.2024 19:00:00.000,516.987,517.677,516.556,517.177,90384002.69
09.05.2024 13:00:00.000,517.387,517.767,516.686,517.567,128783996.58
09.05.2024 14:00:00.000,517.587,519.267,517.507,519.146,158279998.78
09.05.2024 15:00:00.000,519.136,519.496,518.327,518.477,105587997.44
09.05.2024 16:00:00.000,518.486,519.357,518.356,519.207,85944000.24
09.05.2024 17:00:00.000,519.197,519.617,518.786,519.197,119832000.73
09.05.2024 18:00:00.000,519.186,520.037,518.916,519.886,78456001.28
09.05.2024 19:00:00.000,519.907,520.196,519.556,520.116,88716003.42
10.05.2024 13:00:00.000,521.806,522.627,521.346,522.406,95748001.1
10.05.2024 14:00:00.000,522.377,522.377,519.997,520.467,214307998.66
10.05.2024 15:00:00.000,520.476,520.647,519.576,520.367,147936004.64
10.05.2024 16:00:00.000,520.357,520.757,519.817,520.526,110459999.08
10.05.2024 17:00:00.000,520.527,520.826,519.897,520.787,97260002.14
10.05.2024 18:00:00.000,520.776,520.937,520.106,520.926,85500000
10.05.2024 19:00:00.000,520.916,521.337,520.606,520.816,88944000.24
13.05.2024 13:00:00.000,522.597,522.637,521.096,521.666,118092002.87
13.05.2024 14:00:00.000,521.676,521.836,521.116,521.257,124763999.94
13.05.2024 15:00:00.000,521.257,521.457,520.386,521.037,119027999.88
13.05.2024 16:00:00.000,521.017,521.366,521.006,521.017,65424003.6
13.05.2024 17:00:00.000,521.006,521.006,519.726,520.677,126611999.51
13.05.2024 18:00:00.000,520.666,520.977,520.297,520.897,74328002.93
13.05.2024 19:00:00.000,520.887,521.127,520.446,520.897,81900001.53
14.05.2024 13:00:00.000,521.116,521.667,520.876,521.257,118763999.94
14.05.2024 14:00:00.000,521.267,522.397,520.636,521.757,236123992.92
14.05.2024 15:00:00.000,521.766,522.126,520.957,521.087,150623992.92
14.05.2024 16:00:00.000,521.067,521.287,520.676,520.967,103991996.77
14.05.2024 17:00:00.000,520.976,521.477,520.546,521.276,83807998.66
14.05.2024 18:00:00.000,521.257,523.517,521.226,523.247,93059997.56
14.05.2024 19:00:00.000,523.246,523.817,522.976,523.277,83652000.43
15.05.2024 13:00:00.000,525.867,526.777,525.166,525.656,152231994.63
15.05.2024 14:00:00.000,525.657,527.237,525.626,527.147,174936004.64
15.05.2024 15:00:00.000,527.166,528.157,527.136,527.877,103751998.9
15.05.2024 16:00:00.000,527.887,528.586,527.406,528.526,80580001.83
15.05.2024 17:00:00.000,528.537,528.987,528.337,528.956,70127998.35
15.05.2024 18:00:00.000,528.947,529.417,528.586,528.987,86844001.77
15.05.2024 19:00:00.000,528.976,530.066,528.696,529.787,95844001.77
16.05.2024 13:00:00.000,529.867,530.317,529.866,530.216,104279998.78
16.05.2024 14:00:00.000,530.206,531.467,529.546,531.366,138888000.49
16.05.2024 15:00:00.000,531.376,531.517,530.507,530.906,116160003.66
16.05.2024 16:00:00.000,530.897,530.897,530.187,530.707,111959999.08
16.05.2024 17:00:00.000,530.716,530.837,529.326,530.037,143975997.92
16.05.2024 18:00:00.000,530.046,530.117,529.007,530.087,120888000.49
16.05.2024 19:00:00.000,530.107,530.196,528.536,528.677,136583999.63
17.05.2024 13:00:00.000,528.807,529.186,528.347,528.737,108767997.74
17.05.2024 14:00:00.000,528.747,529.287,528.336,529.096,132503997.8
17.05.2024 15:00:00.000,529.107,529.116,528.256,528.817,122388000.49
17.05.2024 16:00:00.000,528.807,529.017,528.036,528.777,94152000.43
17.05.2024 17:00:00.000,528.766,528.887,528.466,528.717,85080001.83
17.05.2024 18:00:00.000,528.706,528.927,527.306,528.796,126959999.08
17.05.2024 19:00:00.000,528.796,529.497,528.606,529.426,89328002.93
20.05.2024 13:00:00.000,529.577,531.217,529.456,531.146,83316001.89
20.05.2024 14:00:00.000,531.147,531.467,530.696,531.217,88307998.66
20.05.2024 15:00:00.000,531.226,531.547,530.797,530.987,63743999.48
20.05.2024 16:00:00.000,530.976,531.207,530.626,531.197,56868000.03
20.05.2024 17:00:00.000,531.197,531.267,530.046,530.236,81444000.24
20.05.2024 18:00:00.000,530.226,530.426,529.156,529.887,91968002.32
20.05.2024 19:00:00.000,529.876,530.387,529.496,529.996,86255996.7
21.05.2024 13:00:00.000,529.266,529.696,529.066,529.516,98412002.56
21.05.2024 14:00:00.000,529.526,530.577,529.516,530.347,98603996.28
21.05.2024 15:00:00.000,530.336,530.707,529.827,529.967,64643997.19
21.05.2024 16:00:00.000,529.967,530.296,529.796,529.946,49212001.8
21.05.2024 17:00:00.000,529.927,530.757,529.617,530.757,58860000.61
21.05.2024 18:00:00.000,530.757,530.777,530.146,530.396,44063999.18
21.05.2024 19:00:00.000,530.376,531.497,530.226,531.306,68952003.48
22.05.2024 13:00:00.000,530.667,531.177,530.606,531.127,66192001.34
22.05.2024 14:00:00.000,531.137,531.267,530.787,531.117,100055999.76
22.05.2024 15:00:00.000,531.117,531.376,530.136,530.686,87096000.67
22.05.2024 16:00:00.000,530.676,531.157,530.616,530.846,79991996.77
22.05.2024 17:00:00.000,530.836,531.227,529.427,529.976,108251998.9
22.05.2024 18:00:00.000,529.976,529.976,527.586,528.557,215951995.85
22.05.2024 19:00:00.000,528.537,529.817,527.776,529.767,183072006.23
23.05.2024 13:00:00.000,532.906,533.027,529.526,529.917,130212005.62
23.05.2024 14:00:00.000,529.906,530.977,528.996,529.046,207432006.84
23.05.2024 15:00:00.000,529.066,531.477,528.976,531.066,122027999.88
23.05.2024 16:00:00.000,531.057,531.417,529.536,529.547,116856002.81
23.05.2024 17:00:00.000,529.546,529.827,526.566,526.706,187332000.73
23.05.2024 18:00:00.000,526.707,526.837,524.836,524.936,243684005.74
23.05.2024 19:00:00.000,524.897,526.227,524.706,525.917,203531997.68
24.05.2024 13:00:00.000,527.856,528.087,526.867,527.196,94440002.44
24.05.2024 14:00:00.000,527.197,529.097,527.197,529.007,134136001.59
24.05.2024 15:00:00.000,529.026,530.266,528.866,529.436,103847999.57
24.05.2024 16:00:00.000,529.427,529.997,529.226,529.237,69024002.08
24.05.2024 17:00:00.000,529.257,529.847,529.046,529.557,59388000.49
24.05.2024 18:00:00.000,529.557,530.087,529.046,529.076,66227996.83
24.05.2024 19:00:00.000,529.067,529.517,528.266,529.326,93587997.44
28.05.2024 13:00:00.000,530.277,530.487,529.126,529.326,108396003.72
28.05.2024 14:00:00.000,529.346,530.137,528.996,529.907,150024002.08
28.05.2024 15:00:00.000,529.917,530.057,529.346,530.006,97428001.4
28.05.2024 16:00:00.000,529.996,530.287,529.626,529.737,85043998.72
28.05.2024 17:00:00.000,529.736,529.907,528.487,528.756,123624000.55
28.05.2024 18:00:00.000,528.766,529.337,527.087,528.276,143184005.74
28.05.2024 19:00:00.000,528.266,529.877,528.057,529.827,123239997.86
29.05.2024 13:00:00.000,525.646,526.407,525.366,526.186,105527999.88
29.05.2024 14:00:00.000,526.177,527.296,525.857,527.006,172212005.62
29.05.2024 15:00:00.000,527.007,527.047,526.026,526.587,134856002.81
29.05.2024 16:00:00.000,526.567,527.287,525.956,527.097,95472000.12
29.05.2024 17:00:00.000,527.086,527.187,526.147,526.996,117791999.82
29.05.2024 18:00:00.000,526.996,527.137,526.026,526.157,111888000.49
29.05.2024 19:00:00.000,526.136,527.176,525.556,525.837,106823997.5
30.05.2024 13:00:00.000,524.466,524.967,523.906,524.577,109080001.83
30.05.2024 14:00:00.000,524.606,524.816,523.056,523.397,196619995.12
30.05.2024 15:00:00.000,523.386,524.366,522.866,523.686,119291999.82
30.05.2024 16:00:00.000,523.696,524.706,523.686,524.646,78323997.5
30.05.2024 17:00:00.000,524.656,525.187,524.487,524.777,66611999.51
30.05.2024 18:00:00.000,524.766,524.817,523.597,524.067,110316001.89
30.05.2024 19:00:00.000,524.057,524.207,521.317,522.606,177455993.65
31.05.2024 13:00:00.000,523.556,524.796,522.936,523.147,129072006.23
31.05.2024 14:00:00.000,523.136,523.197,520.236,520.856,237852005
31.05.2024 15:00:00.000,520.866,520.927,519.566,519.677,155664001.46
31.05.2024 16:00:00.000,519.667,519.777,518.337,519.527,141744003.3
31.05.2024 17:00:00.000,519.516,521.027,519.497,520.846,114779998.78
31.05.2024 18:00:00.000,520.856,521.796,520.556,521.457,110508003.23
31.05.2024 19:00:00.000,521.447,527.437,521.017,527.337,177815994.26
03.06.2024 13:00:00.000,529.037,529.146,527.336,527.907,114587997.44
03.06.2024 14:00:00.000,527.907,529.016,525.696,526.007,261347991.94
03.06.2024 15:00:00.000,526.017,526.676,525.386,526.066,154619995.12
03.06.2024 16:00:00.000,526.077,526.417,523.196,523.777,193128005.98
03.06.2024 17:00:00.000,523.767,525.557,522.597,525.197,180287994.38
03.06.2024 18:00:00.000,525.206,526.117,524.647,525.746,185016006.47
03.06.2024 19:00:00.000,525.736,527.777,525.596,527.777,165203994.75
04.06.2024 13:00:00.000,526.487,526.787,525.767,526.416,119351997.38
04.06.2024 14:00:00.000,526.436,527.726,525.736,525.927,282683990.48
04.06.2024 15:00:00.000,525.937,526.606,525.136,525.247,183695999.15
04.06.2024 16:00:00.000,525.257,526.927,524.936,526.467,150516006.47
04.06.2024 17:00:00.000,526.457,527.106,525.687,526.816,152748001.1
04.06.2024 18:00:00.000,526.817,529.147,526.696,528.366,159287994.38
04.06.2024 19:00:00.000,528.346,528.587,526.596,528.317,200856002.81
05.06.2024 13:00:00.000,530.717,530.797,529.506,529.986,112319999.69
05.06.2024 14:00:00.000,530.076,531.107,528.976,530.947,204768005.37
05.06.2024 15:00:00.000,530.947,532.426,530.947,532.016,97811996.46
05.06.2024 16:00:00.000,532.007,532.807,531.726,532.646,62868000.03
05.06.2024 17:00:00.000,532.636,533.287,532.136,533.247,75120002.75
05.06.2024 18:00:00.000,533.246,533.987,533.006,533.836,70043998.72
05.06.2024 19:00:00.000,533.826,534.667,533.226,534.647,99311996.46
06.06.2024 13:00:00.000,534.966,535.406,534.306,534.326,125519996.64
06.06.2024 14:00:00.000,534.337,535.186,534.337,534.436,180947998.05
06.06.2024 15:00:00.000,534.426,534.757,534.047,534.117,138203994.75
06.06.2024 16:00:00.000,534.126,534.266,533.227,533.436,115944000.24
06.06.2024 17:00:00.000,533.437,534.437,533.287,534.177,99263999.94
06.06.2024 18:00:00.000,534.177,534.557,532.676,534.387,140111999.51
06.06.2024 19:00:00.000,534.376,534.646,533.977,534.646,138360000.61
07.06.2024 13:00:00.000,533.586,534.307,532.516,534.016,153408004.76
07.06.2024 14:00:00.000,534.037,536.387,533.856,535.286,186419998.17
07.06.2024 15:00:00.000,535.307,535.416,533.937,535.177,174576004.03
07.06.2024 16:00:00.000,535.167,536.396,534.806,536.327,142524002.08
07.06.2024 17:00:00.000,536.337,536.887,535.746,535.867,137820007.32
07.06.2024 18:00:00.000,535.866,535.887,533.476,535.077,212927993.77
07.06.2024 19:00:00.000,535.076,535.397,533.716,534.017,207503997.8
10.06.2024 13:00:00.000,533.187,533.257,532.556,533.086,116279998.78
10.06.2024 14:00:00.000,533.087,533.886,533.006,533.727,124199996.95
10.06.2024 15:00:00.000,533.726,535.037,533.706,534.596,79295997.62
10.06.2024 16:00:00.000,534.607,535.127,534.536,534.836,83580001.83
10.06.2024 17:00:00.000,534.837,535.697,534.206,535.287,121704002.38
10.06.2024 18:00:00.000,535.296,535.557,534.267,534.986,150192001.34
10.06.2024 19:00:00.000,534.997,535.967,534.686,535.627,128123992.92
11.06.2024 13:00:00.000,534.086,534.096,532.017,532.757,109991996.77
11.06.2024 14:00:00.000,532.737,534.697,532.576,534.686,176027999.88
11.06.2024 15:00:00.000,534.687,534.757,533.657,533.806,138947998.05
11.06.2024 16:00:00.000,533.827,534.257,533.536,534.097,88991996.77
11.06.2024 17:00:00.000,534.096,535.217,533.706,535.186,92664001.46
11.06.2024 18:00:00.000,535.197,536.626,534.926,536.186,107879997.25
11.06.2024 19:00:00.000,536.197,536.997,535.596,536.896,133367996.22
12.06.2024 13:00:00.000,541.616,542.947,541.196,542.676,113183998.11
12.06.2024 14:00:00.000,542.666,543.947,542.526,543.086,156179992.68
12.06.2024 15:00:00.000,543.096,543.386,542.516,542.977,134712005.62
12.06.2024 16:00:00.000,542.967,543.116,542.407,542.797,110568000.79
12.06.2024 17:00:00.000,542.806,543.356,542.157,542.526,84120002.75
12.06.2024 18:00:00.000,542.526,543.056,541.137,542.486,310391998.29
12.06.2024 19:00:00.000,542.466,544.066,540.287,541.276,279204010.01
13.06.2024 13:00:00.000,543.136,543.166,541.727,541.987,120108001.71
13.06.2024 14:00:00.000,541.986,542.277,540.407,540.536,228335998.54
13.06.2024 15:00:00.000,540.546,541.636,540.236,541.186,150815994.26
13.06.2024 16:00:00.000,541.196,541.196,539.577,540.727,171623992.92
13.06.2024 17:00:00.000,540.717,541.957,540.567,541.657,117611999.51
13.06.2024 18:00:00.000,541.676,542.567,541.237,542.476,109115997.31
13.06.2024 19:00:00.000,542.446,543.316,542.186,542.417,144707992.55
14.06.2024 13:00:00.000,540.876,541.617,540.647,541.487,104363998.41
14.06.2024 14:00:00.000,541.487,541.487,539.846,541.207,221832000.73
14.06.2024 15:00:00.000,541.207,541.787,540.257,541.386,156647995
14.06.2024 16:00:00.000,541.396,541.887,540.916,541.796,118583999.63
14.06.2024 17:00:00.000,541.796,542.416,541.527,541.746,115379997.25
14.06.2024 18:00:00.000,541.757,542.317,541.146,542.077,159059997.56
14.06.2024 19:00:00.000,542.066,542.797,541.856,542.727,127019996.64
17.06.2024 13:00:00.000,542.056,542.457,541.577,542.096,97776000.98
17.06.2024 14:00:00.000,542.106,542.977,541.877,542.917,136764007.57
17.06.2024 15:00:00.000,542.926,544.006,542.926,543.686,76199996.95
17.06.2024 16:00:00.000,543.676,545.897,543.656,545.386,94307998.66
17.06.2024 17:00:00.000,545.396,547.507,545.396,547.387,104772003.17
17.06.2024 18:00:00.000,547.396,548.416,547.297,547.757,143772003.17
17.06.2024 19:00:00.000,547.736,548.377,546.726,547.026,132167999.27
18.06.2024 13:00:00.000,547.147,548.197,547.106,547.537,100907997.13
18.06.2024 14:00:00.000,547.556,547.956,546.947,547.096,147587997.44
18.06.2024 15:00:00.000,547.107,547.817,546.716,547.797,113375999.45
18.06.2024 16:00:00.000,547.797,548.057,547.206,547.836,82704002.38
18.06.2024 17:00:00.000,547.837,548.606,547.447,548.106,93935997.01
18.06.2024 18:00:00.000,548.096,548.137,547.076,548.017,125400001.53
18.06.2024 19:00:00.000,548.026,548.477,547.406,548.466,102468002.32
20.06.2024 13:00:00.000,549.397,550.097,548.796,549.597,98291999.82
20.06.2024 14:00:00.000,549.596,549.797,548.396,549.216,149604003.91
20.06.2024 15:00:00.000,549.226,549.517,548.316,548.336,121043998.72
20.06.2024 16:00:00.000,548.327,548.637,545.976,547.267,192432006.84
20.06.2024 17:00:00.000,547.266,547.266,545.176,546.996,201972000.12
20.06.2024 18:00:00.000,547.006,548.177,546.927,547.157,176604003.91
20.06.2024 19:00:00.000,547.177,547.746,545.757,546.966,195251998.9
21.06.2024 13:00:00.000,544.296,544.837,543.007,543.847,146555999.76
21.06.2024 14:00:00.000,543.847,544.866,543.776,544.796,226488006.59
21.06.2024 15:00:00.000,544.786,545.496,543.996,545.496,145884002.69
21.06.2024 16:00:00.000,545.507,545.637,544.446,544.536,108396003.72
21.06.2024 17:00:00.000,544.537,544.827,543.536,543.946,105083999.63
21.06.2024 18:00:00.000,543.937,544.747,543.736,544.276,86639999.39
21.06.2024 19:00:00.000,544.287,545.207,544.066,544.117,100211997.99
24.06.2024 13:00:00.000,544.326,545.796,543.746,545.626,127980003.36
24.06.2024 14:00:00.000,545.637,546.927,544.646,545.957,229020004.27
24.06.2024 15:00:00.000,545.956,546.327,545.517,546.166,164699996.95
24.06.2024 16:00:00.000,546.157,546.216,544.826,545.066,120959999.08
24.06.2024 17:00:00.000,545.086,545.277,543.596,543.967,141576004.03
24.06.2024 18:00:00.000,543.976,544.607,543.416,544.216,118583999.63
24.06.2024 19:00:00.000,544.206,544.637,542.627,542.697,149856002.81
25.06.2024 13:00:00.000,543.996,544.067,543.006,543.096,111744003.3
25.06.2024 14:00:00.000,543.117,544.247,543.006,543.657,165444000.24
25.06.2024 15:00:00.000,543.667,544.467,543.516,544.337,113279998.78
25.06.2024 16:00:00.000,544.336,544.336,542.516,542.946,128483993.53
25.06.2024 17:00:00.000,542.936,544.137,542.446,543.966,111888000.49
25.06.2024 18:00:00.000,543.976,544.857,543.796,544.417,100164001.46
25.06.2024 19:00:00.000,544.406,545.186,544.176,544.886,118379997.25
26.06.2024 13:00:00.000,543.627,544.377,543.166,544.086,90503997.8
26.06.2024 14:00:00.000,544.066,544.787,543.606,544.197,159768005.37
26.06.2024 15:00:00.000,544.186,545.457,543.016,545.307,165395996.09
26.06.2024 16:00:00.000,545.287,545.407,544.256,544.746,140880004.88
26.06.2024 17:00:00.000,544.746,544.997,543.996,544.856,130932006.84
26.06.2024 18:00:00.000,544.847,545.106,544.296,544.536,107652000.43
26.06.2024 19:00:00.000,544.537,546.217,544.126,545.596,133440002.44
27.06.2024 13:00:00.000,545.346,546.827,545.136,546.096,123984001.16
27.06.2024 14:00:00.000,546.086,546.936,545.606,545.966,188772003.17
27.06.2024 15:00:00.000,545.967,546.027,544.667,545.227,177923995.97
27.06.2024 16:00:00.000,545.217,546.087,545.067,545.636,102767997.74
27.06.2024 17:00:00.000,545.626,546.416,545.626,545.766,79739997.86
27.06.2024 18:00:00.000,545.767,545.796,544.617,545.377,109440002.44
27.06.2024 19:00:00.000,545.386,546.337,545.156,546.286,87875999.45
28.06.2024 13:00:00.000,547.157,548.246,546.656,548.027,84300003.05
28.06.2024 14:00:00.000,548.037,550.257,548.037,548.626,202764007.57
28.06.2024 15:00:00.000,548.617,548.617,547.246,547.696,192479995.73
28.06.2024 16:00:00.000,547.706,547.826,545.466,546.317,175296005.25
28.06.2024 17:00:00.000,546.307,546.977,545.827,546.016,113568000.79
28.06.2024 18:00:00.000,546.007,546.566,544.936,545.087,116136001.59
28.06.2024 19:00:00.000,545.097,545.457,542.936,543.987,192636001.59
01.07.2024 13:00:00.000,545.627,545.847,544.086,544.767,122099998.47
01.07.2024 14:00:00.000,544.777,545.436,542.516,543.337,286223999.02
01.07.2024 15:00:00.000,543.326,544.477,542.856,544.467,165408004.76
01.07.2024 16:00:00.000,544.446,545.367,543.937,545.016,112692001.34
01.07.2024 17:00:00.000,545.017,545.247,544.596,544.907,106332000.73
01.07.2024 18:00:00.000,544.906,545.657,544.447,544.726,119400001.53
01.07.2024 19:00:00.000,544.726,545.856,543.796,545.217,122412002.56
02.07.2024 13:00:00.000,543.677,545.647,543.626,545.026,147072006.23
02.07.2024 14:00:00.000,545.117,545.956,544.456,545.737,237744003.3
02.07.2024 15:00:00.000,545.746,546.486,545.436,545.627,129647995
02.07.2024 16:00:00.000,545.616,545.996,545.106,545.976,127884002.69
02.07.2024 17:00:00.000,545.967,547.467,545.876,547.266,113136001.59
02.07.2024 18:00:00.000,547.266,547.967,547.236,547.627,83220001.22
02.07.2024 19:00:00.000,547.616,548.967,547.466,548.967,102683998.11
03.07.2024 13:00:00.000,548.656,549.617,548.636,549.557,83819999.69
03.07.2024 14:00:00.000,549.586,550.027,548.856,549.797,174863998.41
03.07.2024 15:00:00.000,549.807,550.467,549.457,550.366,103152000.43
03.07.2024 16:00:00.000,550.376,551.816,550.316,551.386,85583999.63
05.07.2024 13:00:00.000,551.747,552.527,551.366,552.527,110496002.2
05.07.2024 14:00:00.000,552.537,552.837,551.097,552.347,160800003.05
05.07.2024 15:00:00.000,552.336,553.707,552.076,553.516,97788002.01
05.07.2024 16:00:00.000,553.526,553.737,553.076,553.496,68891998.29
05.07.2024 17:00:00.000,553.487,554.507,553.266,554.267,73452003.48
05.07.2024 18:00:00.000,554.276,554.417,553.837,554.346,68832000.73
05.07.2024 19:00:00.000,554.336,555.036,554.236,554.686,72288002.01
08.07.2024 13:00:00.000,555.407,556.237,555.286,555.996,88452003.48
08.07.2024 14:00:00.000,556.017,556.026,554.906,555.187,133835998.54
08.07.2024 15:00:00.000,555.207,555.517,554.716,555.067,83940002.44
08.07.2024 16:00:00.000,555.076,555.087,554.286,554.797,74027999.88
08.07.2024 17:00:00.000,554.797,555.357,554.457,555.217,54276000.98
08.07.2024 18:00:00.000,555.207,555.277,554.177,554.936,60599998.47
08.07.2024 19:00:00.000,554.946,555.537,554.507,555.217,77664001.46
09.07.2024 13:00:00.000,556.236,556.807,556.096,556.657,78599998.47
09.07.2024 14:00:00.000,556.666,556.896,555.656,556.347,182783996.58
09.07.2024 15:00:00.000,556.317,556.537,555.707,556.516,122496002.2
09.07.2024 16:00:00.000,556.507,556.797,556.106,556.696,96564002.99
09.07.2024 17:00:00.000,556.686,557.176,555.726,556.116,119580001.83
09.07.2024 18:00:00.000,556.106,556.157,555.607,555.887,82356002.81
09.07.2024 19:00:00.000,555.886,556.067,555.516,555.777,85884002.69
10.07.2024 13:00:00.000,557.057,557.356,556.776,557.266,65760002.14
10.07.2024 14:00:00.000,557.267,557.737,556.906,557.017,106428001.4
10.07.2024 15:00:00.000,557.006,558.026,556.766,557.887,69335998.54
10.07.2024 16:00:00.000,557.876,559.337,557.857,559.326,73907997.13
10.07.2024 17:00:00.000,559.306,559.836,559.106,559.787,64524002.08
10.07.2024 18:00:00.000,559.797,560.217,559.417,560.076,55007999.42
10.07.2024 19:00:00.000,560.046,561.656,559.736,561.276,84671997.07
11.07.2024 13:00:00.000,561.436,561.947,561.207,561.936,130031997.68
11.07.2024 14:00:00.000,561.936,562.307,558.387,558.456,237731994.63
11.07.2024 15:00:00.000,558.466,559.227,556.396,556.727,246408004.76
11.07.2024 16:00:00.000,556.726,557.757,555.996,556.326,215460006.71
11.07.2024 17:00:00.000,556.326,557.107,555.806,555.917,210671997.07
11.07.2024 18:00:00.000,555.937,557.297,555.806,557.147,145811996.46
11.07.2024 19:00:00.000,557.156,557.547,556.417,556.417,181128005.98
12.07.2024 13:00:00.000,557.626,559.047,557.206,558.847,109164001.46
12.07.2024 14:00:00.000,558.846,561.347,558.606,561.176,170363998.41
12.07.2024 15:00:00.000,561.156,561.747,560.706,560.766,97559997.56
12.07.2024 16:00:00.000,560.737,561.647,560.127,561.637,126491996.77
12.07.2024 17:00:00.000,561.617,563.656,561.487,563.007,88152000.43
12.07.2024 18:00:00.000,563.026,563.397,562.596,563.227,87767997.74
12.07.2024 19:00:00.000,563.216,563.287,558.947,559.677,175811996.46
15.07.2024 13:00:00.000,562.016,562.817,561.356,561.897,132432006.84
15.07.2024 14:00:00.000,561.907,563.767,561.876,563.637,205895996.09
15.07.2024 15:00:00.000,563.636,564.817,563.126,563.756,193475997.92
15.07.2024 16:00:00.000,563.766,563.766,562.116,562.556,209460006.71
15.07.2024 17:00:00.000,562.547,562.576,560.707,561.057,226272003.17
15.07.2024 18:00:00.000,561.067,562.497,560.696,562.267,160488006.59
15.07.2024 19:00:00.000,562.217,562.547,559.616,561.436,179016006.47
16.07.2024 13:00:00.000,562.847,563.596,562.716,563.067,116508003.23
16.07.2024 14:00:00.000,563.077,563.677,562.096,563.216,245772003.17
16.07.2024 15:00:00.000,563.216,564.466,562.776,563.096,176111999.51
16.07.2024 16:00:00.000,563.086,563.567,562.206,563.537,161003997.8
16.07.2024 17:00:00.000,563.507,563.507,562.456,563.197,118739997.86
16.07.2024 18:00:00.000,563.186,564.557,562.586,564.546,111828002.93
16.07.2024 19:00:00.000,564.536,565.146,563.986,564.806,127596000.67
17.07.2024 13:00:00.000,558.777,560.496,558.777,559.847,148248001.1
17.07.2024 14:00:00.000,559.847,559.877,557.887,558.256,269687988.28
17.07.2024 15:00:00.000,558.237,558.757,557.796,558.407,222552001.95
17.07.2024 16:00:00.000,558.416,558.537,557.036,557.957,185856002.81
17.07.2024 17:00:00.000,557.937,557.937,556.596,557.307,173639999.39
17.07.2024 18:00:00.000,557.326,558.356,556.846,557.436,166764007.57
17.07.2024 19:00:00.000,557.437,558.277,556.946,556.957,193296005.25
18.07.2024 13:00:00.000,558.476,558.877,557.676,558.826,129335998.54
18.07.2024 14:00:00.000,558.827,559.517,555.626,556.856,283067993.16
18.07.2024 15:00:00.000,556.857,557.117,552.736,552.926,273816009.52
18.07.2024 16:00:00.000,552.917,554.297,552.377,554.286,209147995
18.07.2024 17:00:00.000,554.256,554.927,553.446,553.646,183912002.56
18.07.2024 18:00:00.000,553.677,553.726,551.416,552.377,198563995.36
18.07.2024 19:00:00.000,552.366,553.817,550.426,552.696,256283996.58
19.07.2024 13:00:00.000,552.326,554.056,551.797,552.956,160296005.25
19.07.2024 14:00:00.000,552.967,553.277,550.636,551.106,299808013.92
19.07.2024 15:00:00.000,551.126,551.977,549.206,551.047,246839996.34
19.07.2024 16:00:00.000,551.036,551.476,548.906,549.336,220992004.39
19.07.2024 17:00:00.000,549.316,549.427,547.887,549.406,197975997.92
19.07.2024 18:00:00.000,549.367,549.707,548.007,549.107,186468002.32
19.07.2024 19:00:00.000,549.116,550.447,548.146,548.996,228636001.59
22.07.2024 13:00:00.000,552.967,554.396,552.257,552.637,140220001.22
22.07.2024 14:00:00.000,552.657,554.406,551.336,553.766,285708007.81
22.07.2024 15:00:00.000,553.767,554.456,551.006,551.736,284868011.47
22.07.2024 16:00:00.000,551.716,553.757,551.276,553.527,183899993.9
22.07.2024 17:00:00.000,553.546,554.847,553.546,554.517,160488006.59
22.07.2024 18:00:00.000,554.526,555.257,554.156,554.806,130223999.02
22.07.2024 19:00:00.000,554.827,555.137,554.137,554.586,180035995.48
23.07.2024 13:00:00.000,554.477,555.797,554.126,555.507,133955993.65
23.07.2024 14:00:00.000,555.537,556.407,554.256,554.907,245304000.85
23.07.2024 15:00:00.000,554.917,556.727,554.867,556.186,172632003.78
23.07.2024 16:00:00.000,556.197,556.347,554.157,554.606,195792007.45
23.07.2024 17:00:00.000,554.597,555.347,554.186,555.237,170423995.97
23.07.2024 18:00:00.000,555.217,555.537,554.516,555.086,128436004.64
23.07.2024 19:00:00.000,555.067,555.327,553.266,553.726,142475997.92
24.07.2024 13:00:00.000,548.806,549.147,546.316,546.736,138731994.63
24.07.2024 14:00:00.000,546.736,546.887,545.267,545.607,240395996.09
24.07.2024 15:00:00.000,545.597,545.667,544.166,544.356,176964004.52
24.07.2024 16:00:00.000,544.376,544.907,543.626,543.877,186132003.78
24.07.2024 17:00:00.000,543.897,545.017,543.736,543.866,151944000.24
24.07.2024 18:00:00.000,543.886,544.177,541.786,542.456,156444000.24
24.07.2024 19:00:00.000,542.437,542.887,540.287,541.187,207156005.86
25.07.2024 13:00:00.000,541.346,541.597,539.587,539.846,175692001.34
25.07.2024 14:00:00.000,539.857,542.807,537.436,542.786,324407989.5
25.07.2024 15:00:00.000,542.807,544.617,542.076,543.957,265523986.82
25.07.2024 16:00:00.000,543.946,546.626,543.296,546.097,236339996.34
25.07.2024 17:00:00.000,546.116,547.446,544.096,544.616,226500000
25.07.2024 18:00:00.000,544.627,544.657,540.506,540.797,233244003.3
25.07.2024 19:00:00.000,540.787,543.657,538.117,538.347,270384002.69
26.07.2024 13:00:00.000,542.286,543.167,541.466,542.876,155171997.07
26.07.2024 14:00:00.000,542.817,544.597,541.646,543.406,309696014.4
26.07.2024 15:00:00.000,543.416,544.947,542.777,544.827,226848007.2
26.07.2024 16:00:00.000,544.847,546.867,544.747,546.726,179315994.26
26.07.2024 17:00:00.000,546.737,547.167,544.007,544.927,214595993.04
26.07.2024 18:00:00.000,544.926,545.437,543.367,543.566,191891998.29
26.07.2024 19:00:00.000,543.566,545.056,542.726,544.306,229944000.24
29.07.2024 13:00:00.000,545.996,546.637,544.727,546.606,171516006.47
29.07.2024 14:00:00.000,546.627,547.027,544.266,544.337,310152008.06
29.07.2024 15:00:00.000,544.327,545.797,542.707,545.607,276252014.16
29.07.2024 16:00:00.000,545.626,546.767,545.587,546.217,235175994.87
29.07.2024 17:00:00.000,546.227,547.037,544.957,545.446,220643997.19
29.07.2024 18:00:00.000,545.467,545.476,544.447,545.127,221628005.98
29.07.2024 19:00:00.000,545.136,546.047,544.496,544.727,201132003.78
30.07.2024 13:00:00.000,546.247,547.317,545.726,546.216,143591995.24
30.07.2024 14:00:00.000,546.216,546.397,543.666,543.826,303324005.13
30.07.2024 15:00:00.000,543.826,543.987,540.426,540.517,293220001.22
30.07.2024 16:00:00.000,540.526,541.257,538.776,538.816,238080001.83
30.07.2024 17:00:00.000,538.836,541.476,538.496,541.316,234576004.03
30.07.2024 18:00:00.000,541.297,542.646,540.967,541.416,201479995.73
30.07.2024 19:00:00.000,541.417,543.646,540.746,541.927,228276000.98
31.07.2024 13:00:00.000,548.947,549.226,547.566,548.707,156552001.95
31.07.2024 14:00:00.000,548.786,551.267,548.457,550.537,262104003.91
31.07.2024 15:00:00.000,550.526,551.697,550.266,550.656,178451995.85
31.07.2024 16:00:00.000,550.666,551.087,550.086,550.157,142811996.46
31.07.2024 17:00:00.000,550.176,550.967,548.627,550.237,149472000.12
31.07.2024 18:00:00.000,550.326,553.476,549.407,553.037,239268005.37
31.07.2024 19:00:00.000,553.037,553.357,549.216,550.406,324239990.23
01.08.2024 13:00:00.000,552.586,554.846,552.326,553.946,163223999.02
01.08.2024 14:00:00.000,553.877,554.307,547.237,547.456,336167999.27
01.08.2024 15:00:00.000,547.436,547.667,544.166,544.686,307859985.35
01.08.2024 16:00:00.000,544.706,546.396,543.126,543.716,281040008.54
01.08.2024 17:00:00.000,543.736,543.927,540.457,542.546,276971984.86
01.08.2024 18:00:00.000,542.536,542.846,539.416,539.967,285720001.22
01.08.2024 19:00:00.000,539.946,543.457,539.696,542.977,329399993.9
02.08.2024 13:00:00.000,535.737,536.957,533.886,534.106,206304000.85
02.08.2024 14:00:00.000,534.187,534.927,529.016,529.247,384287994.38
02.08.2024 15:00:00.000,529.277,532.797,528.596,532.156,341843994.14
02.08.2024 16:00:00.000,532.147,533.497,530.557,531.226,305052001.95
02.08.2024 17:00:00.000,531.227,532.006,529.646,530.216,246167999.27
02.08.2024 18:00:00.000,530.227,532.407,529.526,530.887,224460006.71
02.08.2024 19:00:00.000,530.896,533.146,530.506,532.917,279359985.35
05.08.2024 13:00:00.000,511.187,517.987,510.277,515.206,238979995.73
05.08.2024 14:00:00.000,518.297,520.887,514.607,516.426,428712005.62
05.08.2024 15:00:00.000,516.397,521.916,515.327,520.396,342071990.97
05.08.2024 16:00:00.000,520.366,523.556,518.447,518.876,280704010.01
05.08.2024 17:00:00.000,518.896,520.847,518.236,519.027,276204010.01
05.08.2024 18:00:00.000,519.026,519.357,515.606,515.707,299376007.08
05.08.2024 19:00:00.000,515.757,517.526,514.896,517.497,314040008.54
06.08.2024 13:00:00.000,519.207,522.417,517.856,521.856,210815994.26
06.08.2024 14:00:00.000,521.856,526.497,521.136,525.367,368436004.64
06.08.2024 15:00:00.000,525.367,525.997,522.356,525.877,323208007.81
06.08.2024 16:00:00.000,525.927,528.027,525.476,527.596,244488006.59
06.08.2024 17:00:00.000,527.597,528.426,527.027,527.886,224496002.2
06.08.2024 18:00:00.000,527.877,529.707,526.876,527.467,245712005.62
06.08.2024 19:00:00.000,527.456,527.637,521.956,522.156,361295989.99
07.08.2024 13:00:00.000,528.457,531.156,527.987,530.996,195744003.3
07.08.2024 14:00:00.000,531.006,531.577,528.226,530.427,325799987.79
07.08.2024 15:00:00.000,530.437,531.126,527.066,528.006,272760009.77
07.08.2024 16:00:00.000,528.037,528.057,524.637,525.056,245699996.95
07.08.2024 17:00:00.000,525.037,525.357,521.467,522.026,273359985.35
07.08.2024 18:00:00.000,522.026,522.187,518.816,519.467,292920013.43
07.08.2024 19:00:00.000,519.457,522.056,518.046,518.657,310884002.69
08.08.2024 13:00:00.000,523.876,525.037,521.816,525.036,215039993.29
08.08.2024 14:00:00.000,525.056,528.427,524.637,528.167,335615997.31
08.08.2024 15:00:00.000,528.167,528.447,526.386,527.666,278544006.35
08.08.2024 16:00:00.000,527.677,528.996,526.656,527.806,221292007.45
08.08.2024 17:00:00.000,527.816,530.486,526.716,530.206,195167999.27
08.08.2024 18:00:00.000,530.197,531.287,529.496,530.106,186167999.27
08.08.2024 19:00:00.000,530.097,531.017,528.186,530.627,265200012.21
09.08.2024 13:00:00.000,529.767,531.106,528.546,529.227,199703994.75
09.08.2024 14:00:00.000,529.217,532.136,528.787,531.487,362268005.37
09.08.2024 15:00:00.000,531.477,532.626,530.107,530.286,278388000.49
09.08.2024 16:00:00.000,530.336,531.437,529.796,531.437,185843994.14
09.08.2024 17:00:00.000,531.427,534.486,531.296,532.587,200867996.22
09.08.2024 18:00:00.000,532.596,532.977,531.466,532.396,208164001.46
09.08.2024 19:00:00.000,532.377,533.397,531.847,532.887,220296005.25
12.08.2024 13:00:00.000,534.177,534.457,530.936,531.386,161843994.14
12.08.2024 14:00:00.000,531.406,535.287,531.196,535.206,249611999.51
12.08.2024 15:00:00.000,535.216,535.706,531.856,534.827,264204010.01
12.08.2024 16:00:00.000,534.827,535.127,532.726,532.746,195863998.41
12.08.2024 17:00:00.000,532.766,534.216,531.766,532.366,199511993.41
12.08.2024 18:00:00.000,532.397,533.237,532.176,533.177,161904006.96
12.08.2024 19:00:00.000,533.186,533.257,531.746,533.186,172919998.17
13.08.2024 13:00:00.000,536.576,538.427,536.267,537.756,131927993.77
13.08.2024 14:00:00.000,537.766,538.497,536.326,538.336,209423995.97
13.08.2024 15:00:00.000,538.336,539.277,538.136,538.997,116124000.55
13.08.2024 16:00:00.000,538.987,541.097,538.726,541.027,113052001.95
13.08.2024 17:00:00.000,541.027,541.036,539.447,540.707,112907997.13
13.08.2024 18:00:00.000,540.717,541.467,540.256,541.406,93744003.3
13.08.2024 19:00:00.000,541.407,542.257,540.606,541.977,135768005.37
14.08.2024 13:00:00.000,542.847,543.247,541.276,541.467,161184005.74
14.08.2024 14:00:00.000,541.476,542.407,540.107,542.326,244632003.78
14.08.2024 15:00:00.000,542.346,544.757,542.207,544.657,146268005.37
14.08.2024 16:00:00.000,544.627,544.937,541.786,543.066,183251998.9
14.08.2024 17:00:00.000,543.066,543.597,542.457,543.257,139751998.9
14.08.2024 18:00:00.000,543.246,544.336,542.597,544.267,137123992.92
14.08.2024 19:00:00.000,544.227,544.657,542.736,543.766,163811996.46
15.08.2024 13:00:00.000,549.507,550.277,548.927,550.156,131531997.68
15.08.2024 14:00:00.000,550.176,551.237,548.867,550.907,171899993.9
15.08.2024 15:00:00.000,550.906,552.107,550.776,551.596,92171997.07
15.08.2024 16:00:00.000,551.607,552.697,551.257,551.927,92111999.51
15.08.2024 17:00:00.000,551.937,552.667,551.436,552.626,79620002.75
15.08.2024 18:00:00.000,552.637,553.076,552.417,552.917,78456001.28
15.08.2024 19:00:00.000,552.907,553.347,551.906,553.096,123431999.21
16.08.2024 13:00:00.000,551.506,552.596,551.237,552.217,146927993.77
16.08.2024 14:00:00.000,552.076,553.607,551.626,552.156,201203994.75
16.08.2024 15:00:00.000,552.147,553.507,551.967,553.327,129768005.37
16.08.2024 16:00:00.000,553.326,554.986,553.127,554.786,72791999.82
16.08.2024 17:00:00.000,554.797,554.887,553.957,554.546,78552001.95
16.08.2024 18:00:00.000,554.557,554.687,553.796,554.567,80435997.01
16.08.2024 19:00:00.000,554.556,554.686,553.536,554.217,125003997.8
19.08.2024 13:00:00.000,554.737,555.527,554.517,554.956,111888000.49
19.08.2024 14:00:00.000,554.976,556.657,553.846,556.506,187548004.15
19.08.2024 15:00:00.000,556.517,556.937,555.767,556.186,129779998.78
19.08.2024 16:00:00.000,556.206,557.457,555.896,557.296,100103996.28
19.08.2024 17:00:00.000,557.286,557.547,556.886,557.507,66311996.46
19.08.2024 18:00:00.000,557.527,558.467,557.336,558.146,64536003.11
19.08.2024 19:00:00.000,558.147,559.537,557.796,559.517,93444000.24
20.08.2024 13:00:00.000,559.127,560.827,559.126,560.727,99000000
20.08.2024 14:00:00.000,560.747,560.807,557.936,558.376,194628005.98
20.08.2024 15:00:00.000,558.366,559.307,557.836,559.256,142080001.83
20.08.2024 16:00:00.000,559.267,559.416,558.007,558.027,112776000.98
20.08.2024 17:00:00.000,558.047,558.467,557.306,558.297,103739997.86
20.08.2024 18:00:00.000,558.307,559.716,558.186,559.057,89879997.25
20.08.2024 19:00:00.000,559.046,559.216,558.396,558.597,111012001.04
21.08.2024 13:00:00.000,559.757,560.437,559.346,560.337,114407997.13
21.08.2024 14:00:00.000,560.337,562.097,558.567,559.216,251100006.1
21.08.2024 15:00:00.000,559.216,560.317,558.546,558.887,183167999.27
21.08.2024 16:00:00.000,558.877,560.307,557.966,560.117,129863998.41
21.08.2024 17:00:00.000,560.127,560.497,559.866,560.336,80987998.96
21.08.2024 18:00:00.000,560.356,561.687,560.157,560.726,152916000.37
21.08.2024 19:00:00.000,560.716,561.027,559.196,560.647,158195999.15
22.08.2024 13:00:00.000,562.547,563.117,561.596,562.326,128507995.61
22.08.2024 14:00:00.000,562.337,562.447,560.176,560.497,241787994.38
22.08.2024 15:00:00.000,560.507,561.227,557.066,557.737,227496002.2
22.08.2024 16:00:00.000,557.736,560.047,557.256,557.586,206003997.8
22.08.2024 17:00:00.000,557.566,558.406,555.226,555.497,210600006.1
22.08.2024 18:00:00.000,555.517,557.287,555.246,555.976,184871994.02
22.08.2024 19:00:00.000,555.976,557.166,554.976,556.247,208416000.37
23.08.2024 13:00:00.000,559.556,559.767,558.816,559.707,107328002.93
23.08.2024 14:00:00.000,559.737,563.066,558.336,560.497,340164001.46
23.08.2024 15:00:00.000,560.506,562.477,559.497,559.976,277451995.85
23.08.2024 16:00:00.000,560.037,560.176,557.276,559.257,236472000.12
23.08.2024 17:00:00.000,559.216,560.977,558.946,560.386,167796005.25
23.08.2024 18:00:00.000,560.397,561.177,560.177,560.756,137567993.16
23.08.2024 19:00:00.000,560.736,562.657,560.156,562.136,174287994.38
26.08.2024 13:00:00.000,563.176,563.887,562.666,563.007,126851997.38
26.08.2024 14:00:00.000,563.026,563.157,560.156,561.097,205332000.73
26.08.2024 15:00:00.000,561.086,561.297,559.766,559.977,148139999.39
26.08.2024 16:00:00.000,559.947,561.637,559.697,561.477,114888000.49
26.08.2024 17:00:00.000,561.466,561.677,559.176,559.497,118896003.72
26.08.2024 18:00:00.000,559.497,560.896,559.037,560.816,122903999.33
26.08.2024 19:00:00.000,560.816,560.887,559.836,560.766,121199996.95
27.08.2024 13:00:00.000,559.467,560.206,558.297,559.807,152123992.92
27.08.2024 14:00:00.000,559.867,561.677,559.576,561.607,226583999.63
27.08.2024 15:00:00.000,561.626,562.037,559.786,560.657,172272003.17
27.08.2024 16:00:00.000,560.627,561.167,559.847,560.776,128975997.92
27.08.2024 17:00:00.000,560.776,562.006,560.736,561.927,98952003.48
27.08.2024 18:00:00.000,561.907,562.036,561.337,561.577,93671997.07
27.08.2024 19:00:00.000,561.587,561.837,561.126,561.507,106092002.87
28.08.2024 13:00:00.000,561.187,561.627,560.576,561.056,143927993.77
28.08.2024 14:00:00.000,561.077,561.287,559.436,559.637,239796005.25
28.08.2024 15:00:00.000,559.626,559.657,557.666,558.426,217488006.59
28.08.2024 16:00:00.000,558.446,558.646,556.866,558.546,167412002.56
28.08.2024 17:00:00.000,558.527,558.856,555.206,555.307,155244003.3
28.08.2024 18:00:00.000,555.327,558.136,555.026,558.037,160451995.85
28.08.2024 19:00:00.000,558.037,559.337,557.136,558.316,197399993.9
29.08.2024 13:00:00.000,560.296,561.257,559.366,561.086,181020004.27
29.08.2024 14:00:00.000,561.076,562.776,560.087,562.077,310776000.98
29.08.2024 15:00:00.000,562.056,563.166,561.456,562.456,218171997.07
29.08.2024 16:00:00.000,562.466,563.647,562.396,563.087,153923995.97
29.08.2024 17:00:00.000,563.096,563.107,561.946,562.816,158279998.78
29.08.2024 18:00:00.000,562.807,562.807,557.187,558.467,261167999.27
29.08.2024 19:00:00.000,558.477,559.936,557.496,558.276,272268005.37
30.08.2024 13:00:00.000,560.756,561.897,560.396,561.707,132899993.9
30.08.2024 14:00:00.000,561.707,562.226,559.956,559.967,249360000.61
30.08.2024 15:00:00.000,559.967,560.487,558.096,559.126,209675994.87
30.08.2024 16:00:00.000,559.126,559.637,557.116,559.087,191628005.98
30.08.2024 17:00:00.000,559.077,559.816,558.556,558.837,139740005.49
30.08.2024 18:00:00.000,558.837,560.927,558.567,560.686,113136001.59
30.08.2024 19:00:00.000,560.686,564.037,560.156,563.787,148800003.05
03.09.2024 13:00:00.000,560.467,560.797,558.126,559.077,159815994.26
03.09.2024 14:00:00.000,558.947,558.947,555.097,555.337,263855987.55
03.09.2024 15:00:00.000,555.337,556.966,555.136,555.597,183587997.44
03.09.2024 16:00:00.000,555.587,556.446,554.746,554.896,151835998.54
03.09.2024 17:00:00.000,554.877,555.846,554.237,554.297,141348007.2
03.09.2024 18:00:00.000,554.307,554.377,552.447,552.626,160764007.57
03.09.2024 19:00:00.000,552.626,553.027,549.506,552.136,218472000.12
04.09.2024 13:00:00.000,550.196,552.517,550.007,552.486,162264007.57
04.09.2024 14:00:00.000,552.477,553.987,550.016,553.947,308291992.19
04.09.2024 15:00:00.000,553.966,554.387,551.307,551.827,218111999.51
04.09.2024 16:00:00.000,551.816,553.077,551.056,552.326,172044006.35
04.09.2024 17:00:00.000,552.317,552.327,550.676,550.937,151979995.73
04.09.2024 18:00:00.000,550.956,551.727,550.006,550.046,157307998.66
04.09.2024 19:00:00.000,550.046,551.937,549.456,550.856,206615997.31
05.09.2024 13:00:00.000,550.896,552.246,550.636,551.907,147395996.09
05.09.2024 14:00:00.000,552.047,553.776,550.316,550.347,273779998.78
05.09.2024 15:00:00.000,550.357,550.527,547.346,547.477,252156005.86
05.09.2024 16:00:00.000,547.467,549.266,547.096,548.686,173604003.91
05.09.2024 17:00:00.000,548.706,550.667,547.716,550.656,157391998.29
05.09.2024 18:00:00.000,550.667,551.137,549.836,550.127,134352005
05.09.2024 19:00:00.000,550.127,550.247,548.046,549.537,194363998.41
06.09.2024 13:00:00.000,549.916,551.576,547.807,547.877,198048004.15
06.09.2024 14:00:00.000,547.907,548.237,541.556,542.226,317675994.87
06.09.2024 15:00:00.000,542.207,545.486,540.247,540.567,318276000.98
06.09.2024 16:00:00.000,540.556,541.157,539.656,540.117,193500000
06.09.2024 17:00:00.000,540.106,541.977,539.896,540.616,186815994.26
06.09.2024 18:00:00.000,540.607,540.827,539.466,540.427,153563995.36
06.09.2024 19:00:00.000,540.426,541.857,539.636,540.447,201408004.76
09.09.2024 13:00:00.000,544.666,545.477,544.086,545.257,131723999.02
09.09.2024 14:00:00.000,545.276,546.366,543.306,543.306,239807998.66
09.09.2024 15:00:00.000,543.306,545.977,542.666,545.977,192000000
09.09.2024 16:00:00.000,545.976,547.646,545.757,547.477,128628005.98
09.09.2024 17:00:00.000,547.476,547.687,545.556,545.737,143904006.96
09.09.2024 18:00:00.000,545.737,545.817,544.157,545.086,171095993.04
09.09.2024 19:00:00.000,545.047,546.467,544.436,546.446,167460006.71
10.09.2024 13:00:00.000,548.357,548.647,547.636,547.857,139884002.69
10.09.2024 14:00:00.000,547.866,548.077,545.537,546.506,259727996.83
10.09.2024 15:00:00.000,546.497,547.697,544.107,544.146,197772003.17
10.09.2024 16:00:00.000,544.157,545.807,543.366,545.126,169427993.77
10.09.2024 17:00:00.000,545.117,547.167,545.016,546.967,145740005.49
10.09.2024 18:00:00.000,546.976,548.346,546.976,548.196,125676002.5
10.09.2024 19:00:00.000,548.147,549.127,547.976,548.757,125891998.29
11.09.2024 13:00:00.000,548.597,548.627,544.497,544.677,176123992.92
11.09.2024 14:00:00.000,544.696,544.747,539.926,541.126,306515991.21
11.09.2024 15:00:00.000,541.127,545.137,540.546,544.466,234011993.41
11.09.2024 16:00:00.000,544.437,547.527,544.266,547.287,223979995.73
11.09.2024 17:00:00.000,547.307,550.786,547.297,549.976,186972000.12
11.09.2024 18:00:00.000,549.946,552.646,549.687,551.666,191723999.02
11.09.2024 19:00:00.000,551.656,555.337,551.227,554.307,200604003.91
12.09.2024 13:00:00.000,555.006,555.346,552.736,553.746,171179992.68
12.09.2024 14:00:00.000,553.766,556.267,553.287,554.417,273575988.77
12.09.2024 15:00:00.000,554.416,556.617,554.056,554.487,250416000.37
12.09.2024 16:00:00.000,554.496,557.197,554.337,557.106,162839996.34
12.09.2024 17:00:00.000,557.086,559.357,556.966,559.127,136955993.65
12.09.2024 18:00:00.000,559.147,559.376,556.526,558.656,169871994.02
12.09.2024 19:00:00.000,558.667,559.197,558.087,559.017,165671997.07
13.09.2024 13:00:00.000,559.686,561.257,559.426,560.926,115980003.36
13.09.2024 14:00:00.000,560.927,562.547,559.916,561.836,213108001.71
13.09.2024 15:00:00.000,561.836,562.777,561.526,562.637,129384002.69
13.09.2024 16:00:00.000,562.616,562.927,561.316,562.166,116891998.29
13.09.2024 17:00:00.000,562.177,563.006,562.127,562.567,95015998.84
13.09.2024 18:00:00.000,562.566,562.966,561.096,561.426,131339996.34
13.09.2024 19:00:00.000,561.397,562.327,561.017,561.936,114888000.49
16.09.2024 13:00:00.000,561.746,562.906,560.807,562.466,137352005
16.09.2024 14:00:00.000,562.497,562.807,559.886,560.706,219119995.12
16.09.2024 15:00:00.000,560.707,561.527,560.156,561.256,152195999.15
16.09.2024 16:00:00.000,561.286,561.596,560.316,561.547,117611999.51
16.09.2024 17:00:00.000,561.556,562.527,561.177,562.497,90611999.51
16.09.2024 18:00:00.000,562.497,562.707,561.816,562.677,96744003.3
16.09.2024 19:00:00.000,562.676,563.087,561.946,562.847,102000000
17.09.2024 13:00:00.000,565.107,565.566,564.056,564.467,138636001.59
17.09.2024 14:00:00.000,564.486,566.556,564.256,565.137,214475997.92
17.09.2024 15:00:00.000,565.157,565.947,564.756,564.956,152940002.44
17.09.2024 16:00:00.000,564.967,565.176,560.947,561.806,191352005
17.09.2024 17:00:00.000,561.806,563.067,560.776,562.646,185063995.36
17.09.2024 18:00:00.000,562.636,563.156,561.287,562.006,152699996.95
17.09.2024 19:00:00.000,561.986,563.146,561.326,563.106,163511993.41
18.09.2024 13:00:00.000,563.627,563.927,562.496,562.986,105120002.75
18.09.2024 14:00:00.000,562.997,563.327,562.126,562.787,168792007.45
18.09.2024 15:00:00.000,562.786,563.156,561.526,561.626,112596000.67
18.09.2024 16:00:00.000,561.627,563.697,561.317,563.606,96779998.78
18.09.2024 17:00:00.000,563.616,564.276,562.836,562.996,105732002.26
18.09.2024 18:00:00.000,562.997,568.646,562.846,563.786,341220001.22
18.09.2024 19:00:00.000,563.786,565.807,560.836,561.347,345696014.4
19.09.2024 13:00:00.000,571.006,571.057,568.066,569.556,148440002.44
19.09.2024 14:00:00.000,569.537,571.877,569.336,569.897,224699996.95
19.09.2024 15:00:00.000,569.907,571.147,569.427,570.387,171311996.46
19.09.2024 16:00:00.000,570.397,572.027,570.326,571.487,123192001.34
19.09.2024 17:00:00.000,571.487,572.877,571.276,572.487,92388000.49
19.09.2024 18:00:00.000,572.476,572.716,570.886,571.907,130380004.88
19.09.2024 19:00:00.000,571.896,572.097,570.356,570.937,164604003.91
20.09.2024 13:00:00.000,567.826,568.467,566.906,567.107,141863998.41
20.09.2024 14:00:00.000,567.077,567.736,566.266,566.367,233436004.64
20.09.2024 15:00:00.000,566.367,567.346,565.147,566.927,185460006.71
20.09.2024 16:00:00.000,566.917,568.496,566.697,568.137,125015998.84
20.09.2024 17:00:00.000,568.117,568.637,567.846,568.067,119316001.89
20.09.2024 18:00:00.000,568.057,568.126,566.066,567.467,158363998.41
20.09.2024 19:00:00.000,567.467,569.287,567.106,567.996,179675994.87
23.09.2024 13:00:00.000,569.306,569.377,568.236,568.756,128483993.53
23.09.2024 14:00:00.000,568.767,570.306,568.397,569.837,210419998.17
23.09.2024 15:00:00.000,569.857,570.137,568.716,569.586,153119995.12
23.09.2024 16:00:00.000,569.567,569.647,568.316,568.606,150132003.78
23.09.2024 17:00:00.000,568.596,569.317,568.096,569.287,125879997.25
23.09.2024 18:00:00.000,569.276,569.527,568.816,569.456,103500000
23.09.2024 19:00:00.000,569.456,569.897,569.036,569.596,129072006.23
24.09.2024 13:00:00.000,570.456,570.537,569.206,569.217,106248001.1
24.09.2024 14:00:00.000,569.236,569.687,567.587,569.476,249119995.12
24.09.2024 15:00:00.000,569.476,571.066,569.316,570.566,157367996.22
24.09.2024 16:00:00.000,570.576,571.187,570.226,570.426,140964004.52
24.09.2024 17:00:00.000,570.427,570.997,570.246,570.466,120083999.63
24.09.2024 18:00:00.000,570.486,570.686,569.407,570.447,137412002.56
24.09.2024 19:00:00.000,570.427,571.326,570.336,571.196,116328002.93
25.09.2024 13:00:00.000,571.136,571.826,570.857,571.497,103872001.65
25.09.2024 14:00:00.000,571.506,571.876,570.597,571.227,174192001.34
25.09.2024 15:00:00.000,571.226,571.397,570.317,570.726,150156005.86
25.09.2024 16:00:00.000,570.726,570.817,569.876,569.966,125760002.14
25.09.2024 17:00:00.000,569.977,570.307,568.887,570.266,151643997.19
25.09.2024 18:00:00.000,570.247,570.356,569.007,570.016,125160003.66
25.09.2024 19:00:00.000,569.996,570.247,569.326,570.026,118608001.71
26.09.2024 13:00:00.000,574.427,574.696,573.147,573.516,123912002.56
26.09.2024 14:00:00.000,573.546,574.126,571.046,571.217,233580001.83
26.09.2024 15:00:00.000,571.207,572.547,570.896,572.406,181380004.88
26.09.2024 16:00:00.000,572.396,572.397,570.836,571.067,129455993.65
26.09.2024 17:00:00.000,571.047,571.737,569.876,571.526,119592002.87
26.09.2024 18:00:00.000,571.537,572.697,571.517,572.257,98496002.2
26.09.2024 19:00:00.000,572.237,572.737,571.807,572.256,100704002.38
27.09.2024 13:00:00.000,573.377,573.546,572.696,572.937,116916000.37
27.09.2024 14:00:00.000,572.937,574.207,572.637,573.697,218100006.1
27.09.2024 15:00:00.000,573.687,573.707,572.396,572.416,164783996.58
27.09.2024 16:00:00.000,572.426,572.617,571.837,572.187,138132003.78
27.09.2024 17:00:00.000,572.186,572.687,571.506,572.417,117959999.08
27.09.2024 18:00:00.000,572.396,572.636,570.386,572.186,142776000.98
27.09.2024 19:00:00.000,572.176,572.317,571.306,571.406,137412002.56
30.09.2024 13:00:00.000,570.417,571.477,570.417,570.626,104304000.85
30.09.2024 14:00:00.000,570.616,571.606,570.226,571.266,166968002.32
30.09.2024 15:00:00.000,571.267,571.817,570.717,571.557,134123992.92
30.09.2024 16:00:00.000,571.556,572.237,571.516,571.567,100127998.35
30.09.2024 17:00:00.000,571.556,571.696,570.916,571.577,86867996.22
30.09.2024 18:00:00.000,571.576,571.617,568.086,570.526,182820007.32
30.09.2024 19:00:00.000,570.517,574.357,569.907,573.986,158796005.25
01.10.2024 13:00:00.000,573.367,573.436,568.567,569.507,173555999.76
01.10.2024 14:00:00.000,569.506,570.287,566.586,568.026,291899993.9
01.10.2024 15:00:00.000,568.016,569.437,565.997,568.357,210072006.23
01.10.2024 16:00:00.000,568.317,569.577,566.557,568.377,201516006.47
01.10.2024 17:00:00.000,568.386,569.347,566.256,569.337,199296005.25
01.10.2024 18:00:00.000,569.316,570.907,569.266,570.376,183983993.53
01.10.2024 19:00:00.000,570.376,570.467,568.396,568.617,170735992.43
02.10.2024 13:00:00.000,567.667,567.667,565.247,567.026,147240005.49
02.10.2024 14:00:00.000,567.067,569.667,566.886,568.296,237936004.64
02.10.2024 15:00:00.000,568.306,569.896,568.096,569.506,167759994.51
02.10.2024 16:00:00.000,569.496,569.786,567.816,567.856,146244003.3
02.10.2024 17:00:00.000,567.846,569.127,567.567,569.047,152951995.85
02.10.2024 18:00:00.000,569.047,569.356,567.717,568.887,118608001.71
02.10.2024 19:00:00.000,568.887,569.437,568.687,568.776,111372001.65
03.10.2024 13:00:00.000,567.376,568.267,566.797,567.757,120636001.59
03.10.2024 14:00:00.000,567.757,569.796,566.217,566.627,265403991.7
03.10.2024 15:00:00.000,566.647,568.957,566.237,568.437,165600006.1
03.10.2024 16:00:00.000,568.456,569.127,565.847,566.366,144539993.29
03.10.2024 17:00:00.000,566.366,567.417,565.487,567.067,147179992.68
03.10.2024 18:00:00.000,567.057,567.406,566.447,566.746,96132003.78
03.10.2024 19:00:00.000,566.757,568.257,566.036,567.787,125975997.92
04.10.2024 13:00:00.000,572.337,572.687,569.866,570.116,137927993.77
04.10.2024 14:00:00.000,570.116,571.137,568.147,570.027,246276000.98
04.10.2024 15:00:00.000,570.016,570.717,568.276,570.446,206940002.44
04.10.2024 16:00:00.000,570.467,571.477,569.406,571.037,147623992.92
04.10.2024 17:00:00.000,570.996,571.557,569.547,570.206,107928001.4
04.10.2024 18:00:00.000,570.236,571.556,569.687,571.486,88344001.77
04.10.2024 19:00:00.000,571.467,573.347,571.126,572.906,93347999.57
07.10.2024 13:00:00.000,571.296,571.626,570.496,570.706,140927993.77
07.10.2024 14:00:00.000,570.737,571.936,570.636,571.276,204072006.23
07.10.2024 15:00:00.000,571.256,571.767,570.586,571.117,138912002.56
07.10.2024 16:00:00.000,571.107,571.157,570.097,570.606,121680000.31
07.10.2024 17:00:00.000,570.596,570.957,569.816,570.416,111611999.51
07.10.2024 18:00:00.000,570.407,570.457,566.596,566.816,188520004.27
07.10.2024 19:00:00.000,566.796,568.657,566.666,567.776,186707992.55
08.10.2024 13:00:00.000,570.377,570.827,569.506,570.737,126720001.22
08.10.2024 14:00:00.000,570.737,572.527,570.366,571.787,189360000.61
08.10.2024 15:00:00.000,571.776,572.317,571.247,572.266,129311996.46
08.10.2024 16:00:00.000,572.257,572.316,571.386,571.856,84648002.62
08.10.2024 17:00:00.000,571.847,571.956,570.517,571.726,117323997.5
08.10.2024 18:00:00.000,571.746,572.877,571.696,572.706,93036003.11
08.10.2024 19:00:00.000,572.696,573.737,572.346,573.137,102564002.99
09.10.2024 13:00:00.000,573.146,573.757,572.536,573.516,106332000.73
09.10.2024 14:00:00.000,573.526,574.957,573.426,574.877,150707992.55
09.10.2024 15:00:00.000,574.897,577.037,574.896,576.876,109463996.89
09.10.2024 16:00:00.000,576.877,576.897,575.526,575.866,120816001.89
09.10.2024 17:00:00.000,575.877,576.607,574.967,575.716,96683998.11
09.10.2024 18:00:00.000,575.766,576.527,575.457,576.217,115344001.77
09.10.2024 19:00:00.000,576.227,577.687,575.727,577.086,124884002.69
10.10.2024 13:00:00.000,575.736,576.307,574.536,575.366,136332000.73
10.10.2024 14:00:00.000,575.396,576.637,575.106,575.416,214440002.44
10.10.2024 15:00:00.000,575.426,576.977,575.127,576.936,161472000.12
10.10.2024 16:00:00.000,576.947,577.557,575.766,576.196,172464004.52
10.10.2024 17:00:00.000,576.196,576.657,574.766,576.207,193895996.09
10.10.2024 18:00:00.000,576.187,576.216,574.486,575.297,165768005.37
10.10.2024 19:00:00.000,575.246,576.527,574.816,576.076,147768005.37
11.10.2024 13:00:00.000,576.037,577.507,575.897,577.347,119615997.31
11.10.2024 14:00:00.000,577.286,580.087,576.986,579.076,189395996.09
11.10.2024 15:00:00.000,579.056,579.767,578.977,579.637,112272003.17
11.10.2024 16:00:00.000,579.616,579.627,578.056,578.847,117120002.75
11.10.2024 17:00:00.000,578.846,579.357,578.366,579.116,92772003.17
11.10.2024 18:00:00.000,579.087,579.887,578.766,579.697,69251998.9
11.10.2024 19:00:00.000,579.687,580.307,579.486,579.507,97823997.5
14.10.2024 13:00:00.000,581.197,583.276,580.797,583.267,109632003.78
14.10.2024 14:00:00.000,583.277,583.767,582.596,582.816,150395996.09
14.10.2024 15:00:00.000,582.806,583.437,582.296,583.437,111216003.42
14.10.2024 16:00:00.000,583.436,583.947,583.376,583.797,69372001.65
14.10.2024 17:00:00.000,583.786,584.116,583.516,583.576,50088001.25
14.10.2024 18:00:00.000,583.577,584.616,583.286,584.246,56256000.52
14.10.2024 19:00:00.000,584.246,585.256,583.996,584.266,80723999.02
15.10.2024 13:00:00.000,584.566,584.887,584.086,584.187,79643997.19
15.10.2024 14:00:00.000,584.197,584.607,581.247,581.947,230436004.64
15.10.2024 15:00:00.000,581.926,582.796,581.247,581.387,168492004.39
15.10.2024 16:00:00.000,581.396,582.537,581.326,581.786,126036003.11
15.10.2024 17:00:00.000,581.777,581.957,580.806,580.976,120335998.54
15.10.2024 18:00:00.000,580.967,581.387,579.996,580.097,120912002.56
15.10.2024 19:00:00.000,580.106,580.187,578.537,579.756,154932006.84
16.10.2024 13:00:00.000,579.757,579.937,578.936,579.126,103248001.1
16.10.2024 14:00:00.000,579.127,581.127,579.046,580.107,197544006.35
16.10.2024 15:00:00.000,580.116,580.886,579.756,580.217,127416000.37
16.10.2024 16:00:00.000,580.227,581.387,580.186,581.386,110304000.85
16.10.2024 17:00:00.000,581.387,581.687,580.906,581.616,100164001.46
16.10.2024 18:00:00.000,581.606,582.807,581.477,582.387,96828002.93
16.10.2024 19:00:00.000,582.407,582.637,582.086,582.216,78767997.74
17.10.2024 13:00:00.000,585.866,586.087,583.187,584.036,118260002.14
17.10.2024 14:00:00.000,584.046,584.397,582.826,583.066,156179992.68
17.10.2024 15:00:00.000,583.097,584.726,582.366,584.696,122339996.34
17.10.2024 16:00:00.000,584.697,584.986,583.696,584.367,88872001.65
17.10.2024 17:00:00.000,584.377,584.696,584.066,584.346,84732002.26
17.10.2024 18:00:00.000,584.357,584.406,582.406,583.306,114216003.42
17.10.2024 19:00:00.000,583.306,583.387,582.156,582.267,106872001.65
18.10.2024 13:00:00.000,583.786,584.177,582.716,583.306,56520000.46
18.10.2024 14:00:00.000,583.297,584.006,583.047,583.446,99143997.19
18.10.2024 15:00:00.000,583.437,584.467,583.367,583.877,108575996.4
18.10.2024 16:00:00.000,583.867,585.237,583.676,584.666,98664001.46
18.10.2024 17:00:00.000,584.666,585.116,584.466,584.557,102779998.78
18.10.2024 18:00:00.000,584.556,585.387,583.806,584.847,92220001.22
18.10.2024 19:00:00.000,584.846,584.846,584.036,584.536,104975997.92
21.10.2024 13:00:00.000,583.866,584.447,583.726,584.026,90732002.26
21.10.2024 14:00:00.000,584.057,584.817,582.056,582.567,161268005.37
21.10.2024 15:00:00.000,582.587,582.646,580.597,582.326,167399993.9
21.10.2024 16:00:00.000,582.287,582.866,581.787,582.816,116867996.22
21.10.2024 17:00:00.000,582.816,583.356,582.576,583.236,99708000.18
21.10.2024 18:00:00.000,583.266,583.277,582.246,582.377,96755996.7
21.10.2024 19:00:00.000,582.366,583.717,582.166,583.686,126540000.92
22.10.2024 13:00:00.000,581.016,581.477,580.357,581.306,99515998.84
22.10.2024 14:00:00.000,581.327,582.227,581.016,581.957,148776000.98
22.10.2024 15:00:00.000,581.976,582.477,581.516,581.997,109211997.99
22.10.2024 16:00:00.000,581.997,582.637,581.567,582.556,110856002.81
22.10.2024 17:00:00.000,582.547,583.967,582.266,583.957,98136001.59
22.10.2024 18:00:00.000,583.956,584.486,582.836,583.016,103751998.9
22.10.2024 19:00:00.000,583.006,584.247,582.866,583.327,106980003.36
23.10.2024 13:00:00.000,581.257,581.667,580.956,581.276,102216003.42
23.10.2024 14:00:00.000,581.256,581.637,580.066,580.486,185315994.26
23.10.2024 15:00:00.000,580.487,580.736,578.756,579.827,140796005.25
23.10.2024 16:00:00.000,579.826,579.826,577.607,578.126,127776000.98
23.10.2024 17:00:00.000,578.126,578.126,575.847,575.937,125772003.17
23.10.2024 18:00:00.000,575.937,577.217,574.397,577.146,141684005.74
23.10.2024 19:00:00.000,577.137,578.107,576.656,577.907,133632003.78
24.10.2024 13:00:00.000,579.986,580.027,578.597,579.356,105984001.16
24.10.2024 14:00:00.000,579.366,579.896,578.517,578.797,175451995.85
24.10.2024 15:00:00.000,578.797,579.347,577.026,578.036,156408004.76
24.10.2024 16:00:00.000,578.047,578.977,576.557,578.866,148427993.77
24.10.2024 17:00:00.000,578.836,579.557,578.416,578.476,114851997.38
24.10.2024 18:00:00.000,578.487,579.356,578.066,578.806,114708000.18
24.10.2024 19:00:00.000,578.796,579.866,578.246,579.186,117071998.6
25.10.2024 13:00:00.000,581.527,583.476,581.527,583.277,86615997.31
25.10.2024 14:00:00.000,583.366,584.456,582.977,583.446,163091995.24
25.10.2024 15:00:00.000,583.446,583.827,581.696,582.167,150623992.92
25.10.2024 16:00:00.000,582.157,582.787,581.767,582.016,115463996.89
25.10.2024 17:00:00.000,582.016,582.037,578.517,579.156,168996002.2
25.10.2024 18:00:00.000,579.167,580.487,578.066,580.197,169223999.02
25.10.2024 19:00:00.000,580.206,580.237,578.526,579.006,150647995
28.10.2024 13:00:00.000,582.567,582.586,581.327,581.477,110111999.51
28.10.2024 14:00:00.000,581.487,582.477,581.196,581.917,137951995.85
28.10.2024 15:00:00.000,581.916,582.027,580.697,580.887,124896003.72
28.10.2024 16:00:00.000,580.886,581.706,580.566,581.006,96839996.34
28.10.2024 17:00:00.000,580.996,581.767,580.596,581.686,79080001.83
28.10.2024 18:00:00.000,581.657,581.817,580.836,581.126,85860000.61
28.10.2024 19:00:00.000,581.127,581.687,580.506,580.697,86472000.12
29.10.2024 13:00:00.000,579.807,580.046,578.396,579.906,115452003.48
29.10.2024 14:00:00.000,579.927,581.816,579.536,581.396,198600006.1
29.10.2024 15:00:00.000,581.396,581.587,580.527,581.356,123384002.69
29.10.2024 16:00:00.000,581.367,582.057,580.806,581.967,105216003.42
29.10.2024 17:00:00.000,581.956,582.747,581.487,581.937,83304000.85
29.10.2024 18:00:00.000,581.946,582.867,581.666,582.406,71795997.62
29.10.2024 19:00:00.000,582.396,582.897,581.327,581.657,80328002.93
30.10.2024 13:00:00.000,581.217,581.887,579.276,581.826,125351997.38
30.10.2024 14:00:00.000,581.766,582.917,581.736,582.337,195755996.7
30.10.2024 15:00:00.000,582.327,583.306,581.576,583.087,156132003.78
30.10.2024 16:00:00.000,583.077,583.187,581.967,581.986,120120002.75
30.10.2024 17:00:00.000,581.967,582.287,580.256,580.626,133824005.13
30.10.2024 18:00:00.000,580.616,581.797,580.616,581.177,122699996.95
30.10.2024 19:00:00.000,581.167,581.167,579.356,579.917,146832000.73
31.10.2024 13:00:00.000,575.477,575.517,573.116,573.747,137171997.07
31.10.2024 14:00:00.000,573.696,573.757,570.956,571.087,206891998.29
31.10.2024 15:00:00.000,571.087,571.677,570.056,570.916,159983993.53
31.10.2024 16:00:00.000,570.906,571.887,570.516,571.316,129167999.27
31.10.2024 17:00:00.000,571.306,571.977,570.096,570.356,103344001.77
31.10.2024 18:00:00.000,570.366,570.817,569.696,570.647,120419998.17
31.10.2024 19:00:00.000,570.646,571.966,568.457,568.596,150839996.34
01.11.2024 13:00:00.000,571.247,573.347,570.716,573.057,113772003.17
01.11.2024 14:00:00.000,573.077,575.537,572.616,574.416,214979995.73
01.11.2024 15:00:00.000,574.387,575.287,573.346,573.627,169548004.15
01.11.2024 16:00:00.000,573.627,574.287,572.646,572.966,151667999.27
01.11.2024 17:00:00.000,572.977,573.857,571.587,571.627,160416000.37
01.11.2024 18:00:00.000,571.626,572.447,571.116,572.157,150119995.12
01.11.2024 19:00:00.000,572.157,572.927,570.606,571.037,169679992.68
04.11.2024 14:00:00.000,571.137,571.526,569.256,571.487,127524002.08
04.11.2024 15:00:00.000,571.467,572.487,571.186,571.617,179759994.51
04.11.2024 16:00:00.000,571.616,572.177,568.247,568.836,154811996.46
04.11.2024 17:00:00.000,568.836,570.847,567.867,570.446,135324005.13
04.11.2024 18:00:00.000,570.427,571.246,569.217,570.657,119388000.49
04.11.2024 19:00:00.000,570.657,571.196,570.087,570.506,84863998.41
04.11.2024 20:00:00.000,570.497,570.677,569.156,569.726,126984001.16
05.11.2024 14:00:00.000,570.736,573.987,570.517,573.946,117384002.69
05.11.2024 15:00:00.000,573.937,575.196,573.486,573.987,197940002.44
05.11.2024 16:00:00.000,573.976,575.587,573.527,575.436,148055999.76
05.11.2024 17:00:00.000,575.427,576.426,575.126,576.017,120515998.84
05.11.2024 18:00:00.000,576.036,576.367,574.576,575.226,124596000.67
05.11.2024 19:00:00.000,575.207,575.857,574.676,574.986,130175994.87
05.11.2024 20:00:00.000,574.977,576.687,574.746,576.617,147983993.53
06.11.2024 14:00:00.000,589.216,589.397,585.377,586.107,176880004.88
06.11.2024 15:00:00.000,586.116,589.047,586.116,586.967,270528015.14
06.11.2024 16:00:00.000,586.987,588.837,586.276,588.766,186371994.02
06.11.2024 17:00:00.000,588.737,589.447,588.296,589.256,120552001.95
06.11.2024 18:00:00.000,589.257,590.696,589.116,590.267,102767997.74
06.11.2024 19:00:00.000,590.267,590.827,589.766,590.526,104351997.38
06.11.2024 20:00:00.000,590.517,591.907,590.426,590.987,143688003.54
07.11.2024 14:00:00.000,593.017,594.027,592.976,593.976,101195999.15
07.11.2024 15:00:00.000,593.976,594.966,593.776,594.797,151511993.41
07.11.2024 16:00:00.000,594.797,595.267,594.076,595.127,123828002.93
07.11.2024 17:00:00.000,595.127,595.546,594.736,595.377,95807998.66
07.11.2024 18:00:00.000,595.386,595.427,594.186,594.737,106068000.79
07.11.2024 19:00:00.000,594.736,596.007,593.916,596.006,145751998.9
07.11.2024 20:00:00.000,596.017,596.627,595.176,595.547,143891998.29
08.11.2024 14:00:00.000,596.157,597.217,596.156,597.156,90599998.47
08.11.2024 15:00:00.000,597.186,597.977,596.556,597.776,146363998.41
08.11.2024 16:00:00.000,597.776,598.187,597.326,597.906,101472000.12
08.11.2024 17:00:00.000,597.906,598.327,597.416,598.067,85860000.61
08.11.2024 18:00:00.000,598.077,599.186,597.946,598.987,75120002.75
08.11.2024 19:00:00.000,598.977,599.606,598.666,598.897,75288002.01
08.11.2024 20:00:00.000,598.896,598.956,597.626,597.987,126755996.7
11.11.2024 14:00:00.000,599.837,600.136,598.857,599.157,103103996.28
11.11.2024 15:00:00.000,599.177,599.936,598.506,599.667,131447998.05
11.11.2024 16:00:00.000,599.657,599.936,598.927,599.427,103991996.77
11.11.2024 17:00:00.000,599.416,599.546,598.196,598.197,79835998.54
11.11.2024 18:00:00.000,598.197,598.617,596.996,598.226,98783996.58
11.11.2024 19:00:00.000,598.226,598.397,597.986,598.276,63647998.81
11.11.2024 20:00:00.000,598.257,598.817,597.966,598.717,76403999.33
12.11.2024 14:00:00.000,598.696,599.277,598.367,598.937,105263999.94
12.11.2024 15:00:00.000,598.927,599.007,597.186,597.217,183936004.64
12.11.2024 16:00:00.000,597.206,597.567,596.307,596.427,151608001.71
12.11.2024 17:00:00.000,596.406,596.707,594.557,594.667,142343994.14
12.11.2024 18:00:00.000,594.677,597.767,594.356,597.407,145151992.8
12.11.2024 19:00:00.000,597.397,598.387,597.316,597.997,103463996.89
12.11.2024 20:00:00.000,597.987,598.186,596.506,596.866,129552001.95
13.11.2024 14:00:00.000,597.347,597.697,596.326,597.086,119316001.89
13.11.2024 15:00:00.000,597.106,597.347,594.936,597.137,219527999.88
13.11.2024 16:00:00.000,597.147,598.307,596.646,598.057,144479995.73
13.11.2024 17:00:00.000,598.037,599.167,597.896,599.107,121680000.31
13.11.2024 18:00:00.000,599.096,599.207,598.326,598.897,88608001.71
13.11.2024 19:00:00.000,598.886,598.927,597.007,597.196,112608001.71
13.11.2024 20:00:00.000,597.156,598.507,596.456,597.147,150660003.66
14.11.2024 14:00:00.000,597.297,597.797,595.757,596.397,133811996.46
14.11.2024 15:00:00.000,596.376,596.927,595.106,596.146,212940002.44
14.11.2024 16:00:00.000,596.126,596.926,595.486,595.656,165996002.2
14.11.2024 17:00:00.000,595.676,595.836,593.676,595.026,175632003.78
14.11.2024 18:00:00.000,595.006,595.717,593.736,593.877,148583999.63
14.11.2024 19:00:00.000,593.876,595.767,593.827,595.267,140628005.98
14.11.2024 20:00:00.000,595.266,595.276,592.636,593.367,206891998.29
15.11.2024 14:00:00.000,589.697,590.187,588.456,588.647,131664001.46
15.11.2024 15:00:00.000,588.626,588.707,586.016,586.407,236195999.15
15.11.2024 16:00:00.000,586.387,587.367,585.466,585.747,187007995.61
15.11.2024 17:00:00.000,585.766,585.927,584.637,585.456,169535995.48
15.11.2024 18:00:00.000,585.446,585.657,583.836,584.477,149027999.88
15.11.2024 19:00:00.000,584.496,585.766,584.006,584.957,143087997.44
15.11.2024 20:00:00.000,584.917,586.216,584.716,585.676,166740005.49
18.11.2024 14:00:00.000,586.207,586.367,585.326,585.716,129744003.3
18.11.2024 15:00:00.000,585.737,588.337,585.556,588.207,174527999.88
18.11.2024 16:00:00.000,588.217,589.477,587.917,588.296,121344001.77
18.11.2024 17:00:00.000,588.297,588.647,587.746,588.636,131964004.52
18.11.2024 18:00:00.000,588.607,588.637,586.996,588.336,109680000.31
18.11.2024 19:00:00.000,588.336,588.367,587.076,588.067,104723999.02
18.11.2024 20:00:00.000,588.076,588.387,587.506,588.107,111143997.19
19.11.2024 14:00:00.000,584.677,585.777,584.006,585.246,158423995.97
19.11.2024 15:00:00.000,585.216,588.096,584.606,587.716,257532012.94
19.11.2024 16:00:00.000,587.717,589.217,587.627,588.807,184716003.42
19.11.2024 17:00:00.000,588.817,589.527,588.026,589.167,144623992.92
19.11.2024 18:00:00.000,589.177,591.037,588.747,590.886,121800003.05
19.11.2024 19:00:00.000,590.887,590.967,589.096,589.606,134688003.54
19.11.2024 20:00:00.000,589.616,590.587,589.336,590.256,131220001.22
20.11.2024 14:00:00.000,590.337,590.496,587.376,587.406,134039993.29
20.11.2024 15:00:00.000,587.386,588.137,584.596,587.397,223667999.27
20.11.2024 16:00:00.000,587.396,588.776,585.526,588.317,181955993.65
20.11.2024 17:00:00.000,588.317,588.677,586.127,587.047,147815994.26
20.11.2024 18:00:00.000,587.057,587.697,586.137,586.767,133031997.68
20.11.2024 19:00:00.000,586.767,587.887,586.226,587.487,118968002.32
20.11.2024 20:00:00.000,587.467,590.757,587.207,590.437,155087997.44
21.11.2024 14:00:00.000,593.426,593.546,588.546,589.707,193451995.85
21.11.2024 15:00:00.000,589.727,591.827,587.417,591.636,330372009.28
21.11.2024 16:00:00.000,591.636,593.126,591.016,591.866,237587997.44
21.11.2024 17:00:00.000,591.867,594.137,591.076,593.697,173255996.7
21.11.2024 18:00:00.000,593.707,594.796,593.616,594.416,140820007.32
21.11.2024 19:00:00.000,594.396,594.666,593.506,594.576,140580001.83
21.11.2024 20:00:00.000,594.566,595.077,593.546,593.577,131052001.95
22.11.2024 14:00:00.000,593.666,596.107,593.546,595.877,143675994.87
22.11.2024 15:00:00.000,595.886,595.967,593.147,595.777,275615997.31
22.11.2024 16:00:00.000,595.756,595.867,593.686,595.017,186296005.25
22.11.2024 17:00:00.000,595.017,595.857,594.636,595.697,131190002.44
22.11.2024 18:00:00.000,595.686,596.116,594.896,595.417,113779998.78
22.11.2024 19:00:00.000,595.396,595.607,594.136,595.387,106029998.78
22.11.2024 20:00:00.000,595.387,596.076,594.087,595.517,124680000.31
25.11.2024 14:00:00.000,599.506,600.817,598.636,599.197,132839996.34
25.11.2024 15:00:00.000,599.187,599.287,597.456,597.967,215639999.39
25.11.2024 16:00:00.000,597.946,598.416,597.146,597.237,129580001.83
25.11.2024 17:00:00.000,597.237,597.577,595.176,596.446,132710006.71
25.11.2024 18:00:00.000,596.457,597.576,596.406,597.296,97010002.14
25.11.2024 19:00:00.000,597.297,597.427,596.476,597.077,83940002.44
25.11.2024 20:00:00.000,597.087,597.737,596.656,597.476,83029998.78
26.11.2024 14:00:00.000,598.807,599.597,598.486,598.897,111620002.75
26.11.2024 15:00:00.000,598.926,599.397,598.046,599.036,194020004.27
26.11.2024 16:00:00.000,599.027,599.856,598.847,599.717,133559997.56
26.11.2024 17:00:00.000,599.716,600.117,599.046,600.066,90599998.47
26.11.2024 18:00:00.000,600.057,600.156,599.587,600.076,79800003.05
26.11.2024 19:00:00.000,600.066,600.387,599.186,600.016,101790000.92
26.11.2024 20:00:00.000,600.006,601.296,599.886,600.756,88319999.69
27.11.2024 14:00:00.000,600.457,600.827,599.916,600.367,87879997.25
27.11.2024 15:00:00.000,600.387,600.387,598.527,598.856,151919998.17
27.11.2024 16:00:00.000,598.836,599.136,597.997,598.136,117510002.14
27.11.2024 17:00:00.000,598.157,598.437,597.267,598.367,88720001.22
27.11.2024 18:00:00.000,598.357,599.107,598.146,598.897,63369998.93
27.11.2024 19:00:00.000,598.916,599.087,598.396,598.686,56209999.08
27.11.2024 20:00:00.000,598.687,598.976,597.926,598.676,73449996.95
29.11.2024 14:00:00.000,599.587,600.697,599.366,600.696,68459999.08
29.11.2024 15:00:00.000,600.687,601.867,600.686,601.797,93209999.08
29.11.2024 16:00:00.000,601.806,602.877,601.796,602.676,61529998.78
29.11.2024 17:00:00.000,602.686,603.327,602.416,602.466,65650001.53
02.12.2024 14:00:00.000,602.976,603.647,602.436,602.836,90610000.61
02.12.2024 15:00:00.000,602.926,603.547,602.447,602.686,135820007.32
02.12.2024 16:00:00.000,602.677,603.837,602.467,603.647,92629997.25
02.12.2024 17:00:00.000,603.636,603.947,603.366,603.547,59840000.15
02.12.2024 18:00:00.000,603.556,603.867,603.376,603.776,63009998.32
02.12.2024 19:00:00.000,603.767,603.977,603.056,603.926,60369998.93
02.12.2024 20:00:00.000,603.906,604.287,603.446,603.587,76139999.39
03.12.2024 14:00:00.000,603.377,603.707,602.756,603.346,82900001.53
03.12.2024 15:00:00.000,603.337,603.587,602.336,602.856,128919998.17
03.12.2024 16:00:00.000,602.877,603.487,602.337,602.547,98940002.44
03.12.2024 17:00:00.000,602.556,603.707,602.516,603.707,64419998.17
03.12.2024 18:00:00.000,603.706,603.836,603.266,603.426,53150001.53
03.12.2024 19:00:00.000,603.427,604.137,603.146,604.017,56979999.54
03.12.2024 20:00:00.000,604.017,604.127,603.486,603.817,60459999.08
04.12.2024 14:00:00.000,605.617,606.187,605.496,605.856,74099998.47
04.12.2024 15:00:00.000,605.866,606.287,604.936,606.217,112489997.86
04.12.2024 16:00:00.000,606.216,606.466,606.037,606.347,72589996.34
04.12.2024 17:00:00.000,606.337,606.507,605.906,606.387,52330001.83
04.12.2024 18:00:00.000,606.397,606.507,605.176,606.077,61849998.47
04.12.2024 19:00:00.000,606.036,607.107,605.737,606.896,61729999.54
04.12.2024 20:00:00.000,606.897,607.877,606.807,607.577,62680000.31
05.12.2024 14:00:00.000,607.626,607.827,607.356,607.757,63479999.54
05.12.2024 15:00:00.000,607.777,608.187,606.786,606.946,106610000.61
05.12.2024 16:00:00.000,606.947,607.757,606.826,607.737,64930000.31
05.12.2024 17:00:00.000,607.736,608.466,607.616,608.386,52610000.61
05.12.2024 18:00:00.000,608.396,608.396,606.846,607.356,87569999.69
05.12.2024 19:00:00.000,607.367,607.647,606.896,607.176,79430000.31
05.12.2024 20:00:00.000,607.176,607.397,606.296,606.607,94930000.31
06.12.2024 14:00:00.000,607.417,609.027,607.326,608.887,79599998.47
06.12.2024 15:00:00.000,608.897,609.046,608.216,608.687,109510002.14
06.12.2024 16:00:00.000,608.697,608.736,607.546,607.787,91819999.69
06.12.2024 17:00:00.000,607.797,607.836,607.056,607.337,72199996.95
06.12.2024 18:00:00.000,607.346,608.367,607.277,608.026,58590000.15
06.12.2024 19:00:00.000,608.027,608.056,606.996,607.306,64110000.61
06.12.2024 20:00:00.000,607.306,608.107,607.116,607.797,53770000.46
09.12.2024 14:00:00.000,607.686,607.847,607.186,607.466,65410003.66
09.12.2024 15:00:00.000,607.457,607.557,605.246,605.357,115970001.22
09.12.2024 16:00:00.000,605.357,606.116,604.596,606.017,103309997.56
09.12.2024 17:00:00.000,606.007,606.057,605.256,605.326,76739997.86
09.12.2024 18:00:00.000,605.317,606.427,605.007,605.987,69440002.44
09.12.2024 19:00:00.000,605.987,605.997,604.506,604.986,72940002.44
09.12.2024 20:00:00.000,604.986,605.047,604.076,604.726,81230003.36
10.12.2024 14:00:00.000,605.297,605.317,604.266,605.056,82779998.78
10.12.2024 15:00:00.000,605.056,605.677,604.847,604.996,124739997.86
10.12.2024 16:00:00.000,604.976,605.267,604.296,604.547,112019996.64
10.12.2024 17:00:00.000,604.546,605.006,604.166,604.306,83550003.05
10.12.2024 18:00:00.000,604.296,604.607,604.016,604.036,57900001.53
10.12.2024 19:00:00.000,604.026,604.087,603.527,603.646,73019996.64
10.12.2024 20:00:00.000,603.627,603.647,602.126,602.867,94220001.22
11.12.2024 14:00:00.000,605.716,606.627,605.466,606.586,71669998.17
11.12.2024 15:00:00.000,606.596,607.227,606.297,606.747,109910003.66
11.12.2024 16:00:00.000,606.766,607.847,606.496,607.736,69300003.05
11.12.2024 17:00:00.000,607.747,608.177,607.586,608.107,47860000.61
11.12.2024 18:00:00.000,608.107,608.416,607.716,607.797,49439998.63
11.12.2024 19:00:00.000,607.816,608.207,607.547,607.926,45439998.63
11.12.2024 20:00:00.000,607.926,608.077,607.297,607.547,47750000
12.12.2024 14:00:00.000,606.587,606.587,605.716,606.167,86919998.17
12.12.2024 15:00:00.000,606.177,606.956,605.117,606.776,148929992.68
12.12.2024 16:00:00.000,606.766,607.137,605.756,605.776,99339996.34
12.12.2024 17:00:00.000,605.787,606.867,605.756,606.776,78870002.75
12.12.2024 18:00:00.000,606.786,606.927,605.706,605.737,75889999.39
12.12.2024 19:00:00.000,605.747,606.117,604.816,605.096,78330001.83
12.12.2024 20:00:00.000,605.077,605.317,604.336,604.377,84440002.44
13.12.2024 14:00:00.000,606.376,607.117,605.996,606.087,69730003.36
13.12.2024 15:00:00.000,606.096,606.186,603.416,603.447,155210006.71
13.12.2024 16:00:00.000,603.457,604.647,603.006,603.777,152710006.71
13.12.2024 17:00:00.000,603.757,603.966,602.806,602.896,105110000.61
13.12.2024 18:00:00.000,602.876,604.397,602.796,604.086,75099998.47
13.12.2024 19:00:00.000,604.077,604.617,603.917,604.296,62959999.08
13.12.2024 20:00:00.000,604.287,604.677,603.736,604.187,73400001.53
16.12.2024 14:00:00.000,605.996,606.387,605.556,606.257,97199996.95
16.12.2024 15:00:00.000,606.266,607.027,605.196,606.706,156529998.78
16.12.2024 16:00:00.000,606.697,606.967,606.396,606.946,104889999.39
16.12.2024 17:00:00.000,606.937,607.337,606.546,607.247,62479999.54
16.12.2024 18:00:00.000,607.246,607.757,607.147,607.597,41409999.85
16.12.2024 19:00:00.000,607.607,607.647,607.276,607.497,40830001.83
16.12.2024 20:00:00.000,607.496,607.767,606.036,606.766,63709999.08
17.12.2024 14:00:00.000,604.166,604.856,603.596,604.387,104930000.31
17.12.2024 15:00:00.000,604.387,604.397,603.156,603.926,154399993.9
17.12.2024 16:00:00.000,603.916,605.156,603.816,604.927,99790000.92
17.12.2024 17:00:00.000,604.936,604.957,604.246,604.787,79209999.08
17.12.2024 18:00:00.000,604.766,604.766,604.006,604.236,65930000.31
17.12.2024 19:00:00.000,604.206,604.287,603.226,603.397,54759998.32
17.12.2024 20:00:00.000,603.377,604.727,602.856,604.227,101120002.75
18.12.2024 14:00:00.000,603.956,604.646,603.447,604.596,84610000.61
18.12.2024 15:00:00.000,604.586,606.397,604.476,605.946,105349998.47
18.12.2024 16:00:00.000,605.947,606.246,604.626,605.756,97510002.14
18.12.2024 17:00:00.000,605.766,606.297,605.207,605.536,91599998.47
18.12.2024 18:00:00.000,605.547,605.657,605.116,605.437,77250000
18.12.2024 19:00:00.000,605.436,605.466,596.066,596.346,253679992.68
18.12.2024 20:00:00.000,596.406,596.876,586.076,586.177,342899993.9
19.12.2024 14:00:00.000,591.336,592.977,589.796,590.466,158880004.88
19.12.2024 15:00:00.000,590.466,590.916,587.766,589.707,285730010.99
19.12.2024 16:00:00.000,589.687,591.367,587.777,589.827,237240005.49
19.12.2024 17:00:00.000,589.846,590.127,587.426,589.036,196369995.12
19.12.2024 18:00:00.000,589.027,591.247,587.286,591.217,174039993.29
19.12.2024 19:00:00.000,591.197,591.237,588.027,588.027,172339996.34
19.12.2024 20:00:00.000,588.037,589.416,585.877,586.136,222300003.05
20.12.2024 14:00:00.000,581.776,584.147,580.896,582.047,159750000
20.12.2024 15:00:00.000,582.046,589.236,582.046,588.257,259109985.35
20.12.2024 16:00:00.000,588.257,594.867,588.067,594.377,225889999.39
20.12.2024 17:00:00.000,594.387,595.736,593.806,594.516,176250000
20.12.2024 18:00:00.000,594.536,594.596,591.827,592.027,205529998.78
20.12.2024 19:00:00.000,592.017,593.917,591.596,592.476,176399993.9
20.12.2024 20:00:00.000,592.476,592.877,589.437,590.897,207119995.12
23.12.2024 14:00:00.000,590.826,591.756,589.137,590.387,145720001.22
23.12.2024 15:00:00.000,590.406,590.567,587.636,589.057,236300003.05
23.12.2024 16:00:00.000,589.027,592.557,588.937,592.506,140369995.12
23.12.2024 17:00:00.000,592.497,593.097,591.306,592.576,146770004.27
23.12.2024 18:00:00.000,592.577,593.917,592.387,593.657,139160003.66
23.12.2024 19:00:00.000,593.647,594.307,592.906,592.946,116750000
23.12.2024 20:00:00.000,592.946,595.277,592.207,594.696,156089996.34
24.12.2024 14:00:00.000,596.046,597.267,595.456,597.196,99260002.14
24.12.2024 15:00:00.000,597.207,599.366,597.196,599.166,135429992.68
24.12.2024 16:00:00.000,599.136,599.807,598.776,599.026,93290000.92
24.12.2024 17:00:00.000,599.027,601.047,598.867,600.976,106019996.64
26.12.2024 14:00:00.000,599.457,600.246,598.036,599.877,115470001.22
26.12.2024 15:00:00.000,599.856,600.897,599.367,600.857,122230003.36
26.12.2024 16:00:00.000,600.857,601.897,600.516,601.837,74480003.36
26.12.2024 17:00:00.000,601.836,602.457,600.307,600.947,99040000.92
26.12.2024 18:00:00.000,600.937,601.806,600.746,601.306,114419998.17
26.12.2024 19:00:00.000,601.287,601.787,600.646,601.717,106440002.44
26.12.2024 20:00:00.000,601.726,602.077,601.066,601.287,115199996.95
27.12.2024 14:00:00.000,597.466,597.737,596.416,596.816,121580001.83
27.12.2024 15:00:00.000,596.807,596.997,592.236,593.966,258190002.44
27.12.2024 16:00:00.000,593.957,594.667,591.566,591.996,191259994.51
27.12.2024 17:00:00.000,591.997,592.407,590.746,592.067,162470001.22
27.12.2024 18:00:00.000,592.046,594.107,591.846,593.966,139779998.78
27.12.2024 19:00:00.000,593.967,595.507,593.606,595.257,145979995.73
27.12.2024 20:00:00.000,595.247,595.376,592.526,594.937,171050003.05
30.12.2024 14:00:00.000,587.927,587.956,585.166,585.196,138910003.66
30.12.2024 15:00:00.000,585.176,587.357,584.397,587.066,251779998.78
30.12.2024 16:00:00.000,587.087,589.597,586.397,589.276,156210006.71
30.12.2024 17:00:00.000,589.277,591.447,589.126,591.087,136809997.56
30.12.2024 18:00:00.000,591.096,591.716,589.916,591.096,153580001.83
30.12.2024 19:00:00.000,591.107,591.257,589.386,590.877,139399993.9
30.12.2024 20:00:00.000,590.867,591.187,588.057,588.266,178270004.27
31.12.2024 14:00:00.000,589.876,590.567,588.537,589.996,132100006.1
31.12.2024 15:00:00.000,589.986,590.627,588.156,588.676,220759994.51
31.12.2024 16:00:00.000,588.676,588.777,586.526,587.017,186009994.51
31.12.2024 17:00:00.000,587.027,587.396,584.886,587.197,159990005.49
31.12.2024 18:00:00.000,587.186,587.667,584.776,585.336,177570007.32
31.12.2024 19:00:00.000,585.337,586.547,584.416,586.327,166020004.27
31.12.2024 20:00:00.000,586.306,587.477,584.957,585.566,200660003.66
02.01.2025 14:00:00.000,589.346,590.506,586.117,590.107,155750000
02.01.2025 15:00:00.000,590.126,591.097,586.306,587.517,303230010.99
02.01.2025 16:00:00.000,587.546,588.747,585.197,587.857,235589996.34
02.01.2025 17:00:00.000,587.856,588.657,580.926,582.826,258109985.35
02.01.2025 18:00:00.000,582.826,583.066,580.496,581.887,236520004.27
02.01.2025 19:00:00.000,581.866,583.957,581.386,582.146,197529998.78
02.01.2025 20:00:00.000,582.136,585.357,582.126,584.547,204500000
03.01.2025 14:00:00.000,587.477,589.527,586.776,587.947,125720001.22
03.01.2025 15:00:00.000,587.857,589.447,586.386,589.137,238679992.68
03.01.2025 16:00:00.000,589.147,590.967,588.116,590.356,167910003.66
03.01.2025 17:00:00.000,590.367,590.997,589.876,590.676,127260002.14
03.01.2025 18:00:00.000,590.667,591.837,590.167,591.307,97589996.34
03.01.2025 19:00:00.000,591.286,592.587,591.087,592.046,90300003.05
03.01.2025 20:00:00.000,592.046,592.177,591.047,591.837,123629997.25
06.01.2025 14:00:00.000,596.197,598.257,595.877,597.877,141990005.49
06.01.2025 15:00:00.000,597.866,599.207,597.636,598.847,217759994.51
06.01.2025 16:00:00.000,598.867,599.687,598.516,599.456,131440002.44
06.01.2025 17:00:00.000,599.456,599.456,597.386,597.716,156330001.83
06.01.2025 18:00:00.000,597.736,597.777,595.576,595.616,185899993.9
06.01.2025 19:00:00.000,595.647,595.827,594.256,594.327,180470001.22
06.01.2025 20:00:00.000,594.297,595.457,593.566,595.376,166320007.32
07.01.2025 14:00:00.000,597.096,597.287,596.216,596.246,63159999.85
07.01.2025 15:00:00.000,596.096,596.256,590.246,593.427,309880004.88
07.01.2025 16:00:00.000,593.436,593.706,590.496,590.677,252070007.32
07.01.2025 17:00:00.000,590.687,591.717,589.626,590.897,176169998.17
07.01.2025 18:00:00.000,590.896,592.406,590.696,590.996,144100006.1
07.01.2025 19:00:00.000,590.977,591.577,589.817,589.996,132509994.51
07.01.2025 20:00:00.000,590.017,590.117,586.756,588.626,202210006.71
08.01.2025 14:00:00.000,588.637,588.677,586.497,587.307,159619995.12
08.01.2025 15:00:00.000,587.277,588.706,585.996,588.396,264529998.78
08.01.2025 16:00:00.000,588.376,589.907,587.186,589.387,169690002.44
08.01.2025 17:00:00.000,589.396,589.436,585.167,586.927,175410003.66
08.01.2025 18:00:00.000,586.917,589.556,586.846,587.747,162830001.83
08.01.2025 19:00:00.000,587.797,590.547,587.086,588.516,199770004.27
08.01.2025 20:00:00.000,588.506,589.777,587.857,589.306,159529998.78
10.01.2025 14:00:00.000,585.877,585.887,582.256,582.817,160889999.39
10.01.2025 15:00:00.000,582.956,583.217,579.146,581.077,272760009.77
10.01.2025 16:00:00.000,581.057,581.327,578.776,579.087,211070007.32
10.01.2025 17:00:00.000,579.137,581.676,578.566,581.546,157990005.49
10.01.2025 18:00:00.000,581.526,584.487,580.937,584.407,152529998.78
10.01.2025 19:00:00.000,584.417,584.457,581.197,582.087,167380004.88
10.01.2025 20:00:00.000,582.086,582.347,579.686,580.497,192690002.44
13.01.2025 14:00:00.000,575.736,578.306,575.326,577.867,164169998.17
13.01.2025 15:00:00.000,577.836,579.126,575.916,577.867,271059997.56
13.01.2025 16:00:00.000,577.906,578.177,575.866,575.977,215789993.29
13.01.2025 17:00:00.000,575.977,579.526,575.656,579.447,199089996.34
13.01.2025 18:00:00.000,579.436,580.277,578.847,579.996,165789993.29
13.01.2025 19:00:00.000,579.996,580.977,578.946,580.446,168399993.9
13.01.2025 20:00:00.000,580.446,581.746,579.856,581.496,179830001.83
14.01.2025 14:00:00.000,584.287,584.986,581.936,582.256,148860000.61
14.01.2025 15:00:00.000,582.257,584.617,581.766,581.766,251289993.29
14.01.2025 16:00:00.000,581.787,581.937,578.766,578.766,209100006.1
14.01.2025 17:00:00.000,578.756,580.526,578.347,580.197,147130004.88
14.01.2025 18:00:00.000,580.177,583.737,580.086,583.467,127150001.53
14.01.2025 19:00:00.000,583.477,583.797,580.376,580.527,143740005.49
14.01.2025 20:00:00.000,580.536,582.257,578.897,582.206,230130004.88
15.01.2025 14:00:00.000,590.296,592.127,589.166,591.786,124959999.08
15.01.2025 15:00:00.000,591.937,592.956,591.046,591.127,213949996.95
15.01.2025 16:00:00.000,591.107,591.976,589.486,590.017,194460006.71
15.01.2025 17:00:00.000,590.006,591.937,589.876,590.986,135039993.29
15.01.2025 18:00:00.000,591.007,592.657,590.976,592.507,93029998.78
15.01.2025 19:00:00.000,592.507,593.716,592.427,593.387,82129997.25
15.01.2025 20:00:00.000,593.387,593.927,592.666,592.706,107680000.31
16.01.2025 14:00:00.000,594.146,594.247,592.026,592.177,140889999.39
16.01.2025 15:00:00.000,592.126,593.447,591.306,593.416,280630004.88
16.01.2025 16:00:00.000,593.397,594.347,591.786,593.487,232190002.44
16.01.2025 17:00:00.000,593.467,593.797,592.766,592.946,154929992.68
16.01.2025 18:00:00.000,592.957,593.517,590.926,591.366,168720001.22
16.01.2025 19:00:00.000,591.377,593.067,591.046,592.906,135139999.39
16.01.2025 20:00:00.000,592.916,593.307,591.466,591.686,163169998.17
17.01.2025 14:00:00.000,596.927,597.217,595.576,596.266,143360000.61
17.01.2025 15:00:00.000,596.286,598.147,596.036,598.137,204440002.44
17.01.2025 16:00:00.000,598.107,599.077,597.706,598.277,125940002.44
17.01.2025 17:00:00.000,598.266,599.087,597.797,598.867,90199996.95
17.01.2025 18:00:00.000,598.866,599.346,598.166,598.557,93500000
17.01.2025 19:00:00.000,598.556,598.736,597.996,598.207,100449996.95
17.01.2025 20:00:00.000,598.216,598.577,597.357,597.367,136050003.05
21.01.2025 14:00:00.000,600.647,601.457,599.497,600.486,146139999.39
21.01.2025 15:00:00.000,600.516,600.596,598.656,600.366,256679992.68
21.01.2025 16:00:00.000,600.356,601.446,599.826,601.336,170009994.51
21.01.2025 17:00:00.000,601.347,602.477,600.906,602.427,100470001.22
21.01.2025 18:00:00.000,602.416,602.867,602.047,602.607,77639999.39
21.01.2025 19:00:00.000,602.606,602.797,601.656,602.147,98029998.78
21.01.2025 20:00:00.000,602.147,602.957,601.946,602.837,105750000
22.01.2025 14:00:00.000,605.916,606.546,605.216,606.477,105529998.78
22.01.2025 15:00:00.000,606.496,607.066,605.876,606.536,137800003.05
22.01.2025 16:00:00.000,606.526,607.767,606.246,607.646,93519996.64
22.01.2025 17:00:00.000,607.627,607.807,607.286,607.297,68459999.08
22.01.2025 18:00:00.000,607.286,607.616,606.927,607.017,79559997.56
22.01.2025 19:00:00.000,607.037,607.607,606.776,607.576,82779998.78
22.01.2025 20:00:00.000,607.586,607.607,606.226,606.336,105319999.69
23.01.2025 14:00:00.000,605.757,606.277,605.506,606.217,79830001.83
23.01.2025 15:00:00.000,606.207,606.896,605.606,606.877,124269996.64
23.01.2025 16:00:00.000,606.887,607.837,606.377,607.227,143820007.32
23.01.2025 17:00:00.000,607.227,607.677,606.887,607.667,78339996.34
23.01.2025 18:00:00.000,607.676,608.286,607.586,607.716,68849998.47
23.01.2025 19:00:00.000,607.706,607.987,607.296,607.786,87769996.64
23.01.2025 20:00:00.000,607.787,609.647,607.596,609.647,108860000.61
24.01.2025 14:00:00.000,609.766,610.737,609.636,610.157,95230003.36
24.01.2025 15:00:00.000,610.156,610.507,609.036,609.177,161259994.51
24.01.2025 16:00:00.000,609.167,610.317,609.066,609.517,84250000
24.01.2025 17:00:00.000,609.507,610.036,608.506,608.667,105830001.83
24.01.2025 18:00:00.000,608.657,608.877,607.176,607.397,124889999.39
24.01.2025 19:00:00.000,607.407,607.907,606.906,607.376,120239997.86
24.01.2025 20:00:00.000,607.367,608.137,606.796,607.917,123360000.61
27.01.2025 14:00:00.000,594.806,598.627,594.656,598.577,162809997.56
27.01.2025 15:00:00.000,598.566,599.666,596.646,598.077,278929992.68
27.01.2025 16:00:00.000,598.057,598.227,596.226,596.796,249020004.27
27.01.2025 17:00:00.000,596.806,598.196,596.127,596.167,217880004.88
27.01.2025 18:00:00.000,596.177,597.417,596.027,596.567,195779998.78
27.01.2025 19:00:00.000,596.586,599.117,596.267,596.936,213949996.95
27.01.2025 20:00:00.000,596.916,599.547,596.316,599.366,236830001.83
28.01.2025 14:00:00.000,600.596,600.747,597.237,598.857,155220001.22
28.01.2025 15:00:00.000,598.856,603.077,598.806,603.046,257769989.01
28.01.2025 16:00:00.000,603.047,603.557,600.916,602.567,244820007.32
28.01.2025 17:00:00.000,602.567,604.067,602.387,603.836,164619995.12
28.01.2025 18:00:00.000,603.836,604.767,603.496,603.766,137210006.71
28.01.2025 19:00:00.000,603.777,605.247,603.216,605.126,120949996.95
28.01.2025 20:00:00.000,605.127,605.347,604.347,604.456,126940002.44
29.01.2025 14:00:00.000,603.726,603.986,602.426,603.266,115139999.39
29.01.2025 15:00:00.000,603.276,604.106,602.456,602.787,179149993.9
29.01.2025 16:00:00.000,602.787,603.157,601.926,602.257,150360000.61
29.01.2025 17:00:00.000,602.267,603.427,601.927,602.067,121199996.95
29.01.2025 18:00:00.000,602.086,602.606,599.626,601.466,198940002.44
29.01.2025 19:00:00.000,601.387,603.246,599.177,602.267,247460006.71
29.01.2025 20:00:00.000,602.296,603.657,600.537,601.766,260209991.46
30.01.2025 14:00:00.000,603.977,605.967,603.356,604.896,115959999.08
30.01.2025 15:00:00.000,604.886,604.937,601.397,601.467,241139999.39
30.01.2025 16:00:00.000,601.456,604.326,600.696,604.036,185330001.83
30.01.2025 17:00:00.000,604.027,604.027,602.036,603.326,160369995.12
30.01.2025 18:00:00.000,603.326,605.066,603.156,604.937,122819999.69
30.01.2025 19:00:00.000,604.947,605.697,604.537,605.667,100989997.86
30.01.2025 20:00:00.000,605.656,606.587,601.807,604.937,199169998.17
31.01.2025 14:00:00.000,607.487,608.136,607.056,608.107,98860000.61
31.01.2025 15:00:00.000,608.117,609.617,608.016,609.436,152509994.51
31.01.2025 16:00:00.000,609.426,609.947,608.526,608.876,125599998.47
31.01.2025 17:00:00.000,608.887,609.717,607.996,609.076,133649993.9
31.01.2025 18:00:00.000,609.076,609.337,604.796,605.336,231309997.56
31.01.2025 19:00:00.000,605.356,605.886,601.937,603.596,255550003.05
31.01.2025 20:00:00.000,603.597,603.597,601.027,601.987,268690002.44
03.02.2025 14:00:00.000,592.697,594.346,591.567,591.966,157649993.9
03.02.2025 15:00:00.000,591.887,598.607,590.477,597.887,335079986.57
03.02.2025 16:00:00.000,597.847,599.197,595.766,597.306,257839996.34
03.02.2025 17:00:00.000,597.307,598.677,595.976,597.347,203399993.9
03.02.2025 18:00:00.000,597.337,598.986,596.076,598.806,176889999.39
03.02.2025 19:00:00.000,598.796,600.257,598.496,599.667,124410003.66
03.02.2025 20:00:00.000,599.676,599.997,597.356,597.566,163240005.49
04.02.2025 14:00:00.000,597.816,599.157,597.256,598.956,109339996.34
04.02.2025 15:00:00.000,599.016,601.246,598.997,600.337,190750000
04.02.2025 16:00:00.000,600.346,602.077,600.346,601.366,130399993.9
04.02.2025 17:00:00.000,601.376,601.627,599.367,600.966,161750000
04.02.2025 18:00:00.000,600.977,601.246,600.076,600.696,110989997.86
04.02.2025 19:00:00.000,600.696,602.287,600.546,601.437,100800003.05
04.02.2025 20:00:00.000,601.457,602.246,600.957,601.756,120169998.17
05.02.2025 14:00:00.000,600.636,601.086,599.466,600.066,101180000.31
05.02.2025 15:00:00.000,600.966,600.986,598.547,600.557,196979995.73
05.02.2025 16:00:00.000,600.546,602.857,600.106,602.646,140960006.71
05.02.2025 17:00:00.000,602.636,603.167,602.286,602.646,121370002.75
05.02.2025 18:00:00.000,602.647,603.377,602.186,602.917,109419998.17
05.02.2025 19:00:00.000,602.907,603.627,602.866,603.056,93209999.08
05.02.2025 20:00:00.000,603.037,604.337,602.916,604.117,95839996.34
06.02.2025 14:00:00.000,605.916,606.087,604.926,605.236,96209999.08
06.02.2025 15:00:00.000,605.236,605.927,604.127,604.606,157250000
06.02.2025 16:00:00.000,604.616,605.677,604.526,605.117,108180000.31
06.02.2025 17:00:00.000,605.126,605.757,604.737,605.587,82330001.83
06.02.2025 18:00:00.000,605.587,605.976,605.016,605.137,89370002.75
06.02.2025 19:00:00.000,605.127,605.477,602.627,603.687,128020004.27
06.02.2025 20:00:00.000,603.666,606.446,603.497,606.326,122800003.05
07.02.2025 14:00:00.000,606.896,608.117,606.546,607.807,95639999.39
07.02.2025 15:00:00.000,607.617,607.617,601.156,603.416,271970001.22
07.02.2025 16:00:00.000,603.416,604.486,601.266,601.567,251940002.44
07.02.2025 17:00:00.000,601.566,602.827,600.616,602.126,189070007.32
07.02.2025 18:00:00.000,602.127,603.746,601.116,601.207,120209999.08
07.02.2025 19:00:00.000,601.186,601.587,600.317,601.086,104500000
07.02.2025 20:00:00.000,601.086,601.237,600.037,600.737,142080001.83
10.02.2025 14:00:00.000,604.007,604.087,602.716,603.477,115870002.75
10.02.2025 15:00:00.000,603.476,605.316,603.306,604.847,143179992.68
10.02.2025 16:00:00.000,604.856,605.097,603.816,604.406,118309997.56
10.02.2025 17:00:00.000,604.396,604.627,603.196,604.576,97139999.39
10.02.2025 18:00:00.000,604.566,605.227,604.496,605.046,51470001.22
10.02.2025 19:00:00.000,605.046,605.477,604.606,604.937,55490001.68
10.02.2025 20:00:00.000,604.926,605.167,604.226,604.777,73150001.53
11.02.2025 14:00:00.000,602.537,603.567,602.397,603.316,93339996.34
11.02.2025 15:00:00.000,603.306,605.207,602.676,604.687,169679992.68
11.02.2025 16:00:00.000,604.666,605.027,604.006,604.177,118480003.36
11.02.2025 17:00:00.000,604.177,604.416,603.067,603.727,135770004.27
11.02.2025 18:00:00.000,603.716,605.277,603.496,604.577,109639999.39
11.02.2025 19:00:00.000,604.567,605.847,604.376,605.397,98959999.08
11.02.2025 20:00:00.000,605.406,605.646,604.607,605.207,105879997.25
12.02.2025 14:00:00.000,599.207,601.667,598.507,601.337,128070007.32
12.02.2025 15:00:00.000,601.337,603.237,599.556,602.417,246220001.22
12.02.2025 16:00:00.000,602.427,603.526,600.146,603.386,182779998.78
12.02.2025 17:00:00.000,603.367,604.507,603.026,604.376,146100006.1
12.02.2025 18:00:00.000,604.386,604.537,602.917,603.216,104019996.64
12.02.2025 19:00:00.000,603.216,604.217,602.526,603.887,92900001.53
12.02.2025 20:00:00.000,603.876,604.036,602.556,603.336,107120002.75
13.02.2025 14:00:00.000,604.427,605.026,603.176,604.807,147216003.42
13.02.2025 15:00:00.000,604.796,607.477,604.207,607.057,226583999.63
13.02.2025 16:00:00.000,607.077,607.467,605.737,606.087,149027999.88
13.02.2025 17:00:00.000,606.087,606.967,605.697,606.166,122160003.66
13.02.2025 18:00:00.000,606.146,607.226,604.976,607.186,202895996.09
13.02.2025 19:00:00.000,607.146,609.277,607.027,608.887,128591995.24
13.02.2025 20:00:00.000,608.876,609.927,608.797,609.667,113351997.38
14.02.2025 14:00:00.000,609.896,610.627,609.756,610.446,96984001.16
14.02.2025 15:00:00.000,610.457,610.987,609.726,610.517,164783996.58
14.02.2025 16:00:00.000,610.517,610.837,609.376,610.207,135707992.55
14.02.2025 17:00:00.000,610.217,610.237,609.056,609.907,104568000.79
14.02.2025 18:00:00.000,609.906,610.747,609.686,610.466,78924003.6
14.02.2025 19:00:00.000,610.476,610.706,609.817,610.217,88164001.46
14.02.2025 20:00:00.000,610.206,610.256,609.526,610.077,107652000.43
18.02.2025 14:00:00.000,610.877,610.977,609.926,610.207,131160003.66
18.02.2025 15:00:00.000,610.207,610.617,609.336,610.596,215496002.2
18.02.2025 16:00:00.000,610.577,610.847,609.736,610.236,127704002.38
18.02.2025 17:00:00.000,610.246,610.527,609.777,610.327,92736000.06
18.02.2025 18:00:00.000,610.337,610.647,609.417,609.647,104484001.16
18.02.2025 19:00:00.000,609.647,610.017,608.357,609.847,136944000.24
18.02.2025 20:00:00.000,609.837,611.337,609.606,611.337,110916000.37
19.02.2025 14:00:00.000,610.036,610.257,609.666,609.897,110580001.83
19.02.2025 15:00:00.000,609.897,610.837,609.537,610.127,175800003.05
19.02.2025 16:00:00.000,610.126,611.757,610.126,611.677,108059997.56
19.02.2025 17:00:00.000,611.676,611.957,610.856,611.546,100068000.79
19.02.2025 18:00:00.000,611.557,612.027,610.636,611.436,95531997.68
19.02.2025 19:00:00.000,611.466,613.197,611.396,613.087,110856002.81
19.02.2025 20:00:00.000,613.087,613.087,611.806,612.906,164520004.27
20.02.2025 14:00:00.000,611.527,611.657,608.306,608.356,128003997.8
20.02.2025 15:00:00.000,608.377,609.496,607.007,607.326,281544006.35
20.02.2025 16:00:00.000,607.316,608.427,607.077,607.446,196307998.66
20.02.2025 17:00:00.000,607.447,609.077,607.257,608.027,128472000.12
20.02.2025 18:00:00.000,608.007,608.757,607.626,608.586,121068000.79
20.02.2025 19:00:00.000,608.586,610.087,608.467,609.837,130104003.91
20.02.2025 20:00:00.000,609.856,610.657,609.256,610.376,164940002.44
21.02.2025 14:00:00.000,610.117,610.187,608.216,608.437,155927993.77
21.02.2025 15:00:00.000,608.257,608.637,605.727,606.817,302915985.11
21.02.2025 16:00:00.000,606.817,607.477,606.146,606.796,213059997.56
21.02.2025 17:00:00.000,606.777,607.117,603.606,603.816,209664001.46
21.02.2025 18:00:00.000,603.806,603.847,601.557,601.727,283115997.31
21.02.2025 19:00:00.000,601.716,602.307,599.466,600.017,241104003.91
21.02.2025 20:00:00.000,600.007,600.896,599.496,599.956,218807998.66
24.02.2025 14:00:00.000,602.007,603.007,598.626,598.747,154860000.61
24.02.2025 15:00:00.000,598.757,599.427,596.466,597.686,358980010.99
24.02.2025 16:00:00.000,597.706,600.786,597.447,599.947,251531997.68
24.02.2025 17:00:00.000,599.936,601.786,599.797,600.617,184524002.08
24.02.2025 18:00:00.000,600.617,601.687,600.336,600.616,151932006.84
24.02.2025 19:00:00.000,600.606,601.417,599.376,599.767,158412002.56
24.02.2025 20:00:00.000,599.756,600.017,596.627,597.157,202572006.23
25.02.2025 14:00:00.000,597.146,597.856,594.227,595.246,180276000.98
25.02.2025 15:00:00.000,595.207,595.227,590.487,592.306,371747985.84
25.02.2025 16:00:00.000,592.306,593.797,589.557,593.167,297444000.24
25.02.2025 17:00:00.000,593.157,594.777,592.096,594.767,195479995.73
25.02.2025 18:00:00.000,594.756,596.157,593.557,594.696,227207992.55
25.02.2025 19:00:00.000,594.686,595.567,592.996,595.217,237108001.71
25.02.2025 20:00:00.000,595.217,596.637,593.536,594.167,284424011.23
26.02.2025 14:00:00.000,595.917,597.767,595.056,597.677,161964004.52
26.02.2025 15:00:00.000,597.677,599.246,597.236,598.827,298980010.99
26.02.2025 16:00:00.000,598.846,599.567,597.806,597.986,235320007.32
26.02.2025 17:00:00.000,598.007,599.367,595.097,595.586,243539993.29
26.02.2025 18:00:00.000,595.577,595.847,592.116,592.557,257532012.94
26.02.2025 19:00:00.000,592.547,594.627,591.826,592.746,250235992.43
26.02.2025 20:00:00.000,592.766,595.276,592.457,594.366,244656005.86
27.02.2025 14:00:00.000,596.867,598.007,592.127,592.427,195179992.68
27.02.2025 15:00:00.000,592.427,596.486,590.487,593.427,400079986.57
27.02.2025 16:00:00.000,593.476,596.217,592.266,592.437,312720001.22
27.02.2025 17:00:00.000,592.427,594.467,591.357,593.417,262355987.55
27.02.2025 18:00:00.000,593.407,595.146,593.287,593.696,237563995.36
27.02.2025 19:00:00.000,593.686,593.817,588.316,589.266,313980010.99
27.02.2025 20:00:00.000,589.276,589.347,584.637,585.087,330588012.7
28.02.2025 14:00:00.000,585.556,586.307,583.256,586.027,216011993.41
28.02.2025 15:00:00.000,586.007,588.887,585.197,588.847,358895996.09
28.02.2025 16:00:00.000,588.847,588.997,585.796,587.306,280704010.01
28.02.2025 17:00:00.000,587.316,588.287,583.597,583.646,271223999.02
28.02.2025 18:00:00.000,583.667,586.507,582.417,583.577,308615997.31
28.02.2025 19:00:00.000,583.596,588.227,583.506,588.066,268152008.06
28.02.2025 20:00:00.000,588.067,594.697,587.656,593.817,308735992.43
03.03.2025 14:00:00.000,596.166,597.307,592.436,592.477,185111999.51
03.03.2025 15:00:00.000,592.437,595.097,590.667,592.406,375359985.35
03.03.2025 16:00:00.000,592.406,594.517,591.127,593.026,294096008.3
03.03.2025 17:00:00.000,593.027,594.197,591.396,591.997,205007995.61
03.03.2025 18:00:00.000,591.987,592.117,587.456,589.157,294743988.04
03.03.2025 19:00:00.000,589.156,590.617,585.956,586.017,271247985.84
03.03.2025 20:00:00.000,586.027,586.027,579.897,584.057,396071990.97
04.03.2025 14:00:00.000,579.676,580.207,575.577,575.706,244656005.86
04.03.2025 15:00:00.000,575.686,576.157,572.237,574.047,446183990.48
04.03.2025 16:00:00.000,574.067,576.557,572.287,575.957,373115997.31
04.03.2025 17:00:00.000,575.947,578.546,575.306,576.466,323519989.01
04.03.2025 18:00:00.000,576.486,580.807,576.017,580.257,325308013.92
04.03.2025 19:00:00.000,580.247,583.117,580.176,582.846,303048004.15
04.03.2025 20:00:00.000,582.856,585.367,574.686,576.646,373716003.42
05.03.2025 14:00:00.000,576.576,579.117,574.966,575.797,217343994.14
05.03.2025 15:00:00.000,575.747,579.606,575.376,576.896,412355987.55
05.03.2025 16:00:00.000,576.887,576.887,573.057,575.877,323687988.28
05.03.2025 17:00:00.000,575.867,580.887,575.746,580.717,301115997.31
05.03.2025 18:00:00.000,580.717,581.537,577.707,581.437,320615997.31
05.03.2025 19:00:00.000,581.427,584.296,580.817,583.056,288156005.86
05.03.2025 20:00:00.000,583.036,584.857,581.366,582.937,291384002.69
06.03.2025 14:00:00.000,575.506,575.967,573.447,574.416,200904006.96
06.03.2025 15:00:00.000,574.426,580.037,574.047,578.706,359855987.55
06.03.2025 16:00:00.000,578.697,580.146,574.406,574.486,344615997.31
06.03.2025 17:00:00.000,574.486,574.967,571.026,573.036,321204010.01
06.03.2025 18:00:00.000,573.006,574.107,570.387,572.107,299592010.5
06.03.2025 19:00:00.000,572.117,574.907,570.116,570.986,317963989.26
06.03.2025 20:00:00.000,570.967,574.216,570.436,572.686,368519989.01
07.03.2025 14:00:00.000,570.897,576.047,570.737,573.936,213660003.66
07.03.2025 15:00:00.000,573.937,575.027,568.417,570.886,407160003.66
07.03.2025 16:00:00.000,570.856,571.227,565.616,567.096,355308013.92
07.03.2025 17:00:00.000,567.097,573.057,565.786,570.147,343631988.53
07.03.2025 18:00:00.000,570.157,575.267,570.107,575.236,332723999.02
07.03.2025 19:00:00.000,575.247,577.297,574.106,575.157,286127990.72
07.03.2025 20:00:00.000,575.136,577.367,572.807,575.827,304631988.53
10.03.2025 13:00:00.000,567.576,569.517,566.356,567.307,221927993.77
10.03.2025 14:00:00.000,567.327,567.336,563.046,563.917,400440002.44
10.03.2025 15:00:00.000,563.906,566.596,563.636,563.806,360660003.66
10.03.2025 16:00:00.000,563.777,565.067,562.416,562.986,316391998.29
10.03.2025 17:00:00.000,562.987,563.147,560.077,560.397,323459991.46
10.03.2025 18:00:00.000,560.407,561.487,557.056,557.286,311832000.73
10.03.2025 19:00:00.000,557.266,562.456,555.576,560.756,394451995.85
11.03.2025 13:00:00.000,559.316,561.727,558.296,559.777,225384002.69
11.03.2025 14:00:00.000,559.736,562.036,554.026,554.747,451872009.28
11.03.2025 15:00:00.000,554.746,559.956,554.147,557.197,396552001.95
11.03.2025 16:00:00.000,557.187,557.617,553.557,554.266,342588012.7
11.03.2025 17:00:00.000,554.267,555.356,552.006,554.236,305808013.92
11.03.2025 18:00:00.000,554.257,562.847,554.096,561.497,382739990.23
11.03.2025 19:00:00.000,561.486,562.587,556.006,556.076,390839996.34
12.03.2025 13:00:00.000,562.156,563.097,558.297,559.467,214643997.19
12.03.2025 14:00:00.000,559.427,560.556,555.477,555.596,354276000.98
12.03.2025 15:00:00.000,555.597,559.206,553.666,559.086,320988006.59
12.03.2025 16:00:00.000,559.107,561.247,558.217,559.026,306720001.22
12.03.2025 17:00:00.000,559.046,561.757,557.906,557.987,278652008.06
12.03.2025 18:00:00.000,557.976,561.887,557.796,561.217,258768005.37
12.03.2025 19:00:00.000,561.207,561.207,558.156,558.876,299411987.3
13.03.2025 13:00:00.000,558.477,558.687,554.427,555.007,214475997.92
13.03.2025 14:00:00.000,555.007,559.086,554.416,555.977,375252014.16
13.03.2025 15:00:00.000,556.017,556.937,552.346,552.467,315600006.1
13.03.2025 16:00:00.000,552.496,554.556,551.336,552.566,302351989.75
13.03.2025 17:00:00.000,552.577,553.327,549.686,550.066,247416000.37
13.03.2025 18:00:00.000,550.057,554.286,549.937,553.896,277380004.88
13.03.2025 19:00:00.000,553.897,554.587,550.146,551.467,311471984.86
14.03.2025 13:00:00.000,556.107,559.676,555.786,558.366,170628005.98
14.03.2025 14:00:00.000,558.406,560.247,555.756,560.237,343212005.62
14.03.2025 15:00:00.000,560.227,562.406,559.926,562.106,237912002.56
14.03.2025 16:00:00.000,562.106,562.416,560.007,562.047,219695999.15
14.03.2025 17:00:00.000,562.056,562.767,560.477,560.596,211067993.16
14.03.2025 18:00:00.000,560.626,562.457,560.227,561.766,187716003.42
14.03.2025 19:00:00.000,561.766,563.807,561.357,562.816,203268005.37
17.03.2025 13:00:00.000,562.757,566.336,562.286,565.657,182507995.61
17.03.2025 14:00:00.000,565.666,566.267,563.656,563.977,295787994.38
17.03.2025 15:00:00.000,563.977,565.207,562.777,563.807,237287994.38
17.03.2025 16:00:00.000,563.806,565.236,563.257,564.577,191807998.66
17.03.2025 17:00:00.000,564.557,567.357,563.936,567.087,165276000.98
17.03.2025 18:00:00.000,567.086,569.696,567.067,569.146,156000000
17.03.2025 19:00:00.000,569.166,569.287,566.827,567.036,200520004.27
18.03.2025 13:00:00.000,564.826,564.987,560.607,560.766,191735992.43
18.03.2025 14:00:00.000,560.757,562.046,560.137,560.756,305604003.91
18.03.2025 15:00:00.000,560.767,560.897,559.056,559.577,256500000
18.03.2025 16:00:00.000,559.596,561.797,559.297,560.847,221759994.51
18.03.2025 17:00:00.000,560.817,561.546,559.246,560.806,234311996.46
18.03.2025 18:00:00.000,560.796,562.177,559.716,561.376,229764007.57
18.03.2025 19:00:00.000,561.367,561.697,559.826,560.936,241451995.85
19.03.2025 13:00:00.000,562.806,564.407,561.606,563.937,150707992.55
19.03.2025 14:00:00.000,563.927,565.346,563.286,563.466,208259994.51
19.03.2025 15:00:00.000,563.486,566.277,563.326,565.757,148727996.83
19.03.2025 16:00:00.000,565.766,566.187,564.647,564.937,125723999.02
19.03.2025 17:00:00.000,564.936,565.147,562.686,563.176,153264007.57
19.03.2025 18:00:00.000,563.176,568.487,562.736,568.237,302567993.16
19.03.2025 19:00:00.000,568.237,570.917,566.566,566.936,312575988.77
20.03.2025 13:00:00.000,563.296,566.746,562.586,566.667,146964004.52
20.03.2025 14:00:00.000,566.656,570.547,566.436,569.376,261971984.86
20.03.2025 15:00:00.000,569.396,569.877,567.666,568.146,211559997.56
20.03.2025 16:00:00.000,568.146,569.367,565.586,565.856,217919998.17
20.03.2025 17:00:00.000,565.837,567.197,564.626,565.157,186828002.93
20.03.2025 18:00:00.000,565.167,566.187,563.756,564.446,193895996.09
20.03.2025 19:00:00.000,564.426,566.567,564.346,565.686,213695999.15
21.03.2025 13:00:00.000,559.276,560.286,558.256,559.817,193811996.46
21.03.2025 14:00:00.000,559.827,561.477,558.016,561.457,279648010.25
21.03.2025 15:00:00.000,561.456,561.796,558.767,559.357,209759994.51
21.03.2025 16:00:00.000,559.347,563.677,558.907,563.646,222324005.13
21.03.2025 17:00:00.000,563.626,563.907,561.486,562.886,179856002.81
21.03.2025 18:00:00.000,562.906,563.277,562.036,562.496,165899993.9
21.03.2025 19:00:00.000,562.477,564.877,561.456,564.316,193932006.84
24.03.2025 13:00:00.000,570.796,572.957,570.166,572.727,126311996.46
24.03.2025 14:00:00.000,572.747,573.666,571.986,573.537,154932006.84
24.03.2025 15:00:00.000,573.537,573.977,573.096,573.866,103727996.83
24.03.2025 16:00:00.000,573.866,574.376,572.767,573.117,116940002.44
24.03.2025 17:00:00.000,573.117,573.366,572.446,573.086,107339996.34
24.03.2025 18:00:00.000,573.077,573.676,572.036,573.627,119400001.53
24.03.2025 19:00:00.000,573.636,575.127,573.456,574.046,115019996.64
25.03.2025 13:00:00.000,575.286,575.637,574.016,574.637,119244003.3
25.03.2025 14:00:00.000,574.626,576.397,573.926,575.967,165684005.74
25.03.2025 15:00:00.000,575.967,576.187,574.546,574.737,108503997.8
25.03.2025 16:00:00.000,574.736,575.067,574.157,574.936,99239997.86
25.03.2025 17:00:00.000,574.937,575.527,574.007,574.217,78456001.28
25.03.2025 18:00:00.000,573.897,574.927,573.677,573.906,86699996.95
25.03.2025 19:00:00.000,573.886,575.557,573.857,575.336,134567993.16
26.03.2025 13:00:00.000,575.197,576.177,573.326,573.617,148643997.19
26.03.2025 14:00:00.000,573.587,574.426,572.476,573.396,226992004.39
26.03.2025 15:00:00.000,573.426,573.827,570.096,570.646,177623992.92
26.03.2025 16:00:00.000,570.667,571.377,569.267,569.466,161975997.92
26.03.2025 17:00:00.000,569.457,570.177,567.927,568.016,179436004.64
26.03.2025 18:00:00.000,568.046,569.477,567.177,567.396,150492004.39
26.03.2025 19:00:00.000,567.397,569.556,567.176,568.767,193139999.39
27.03.2025 13:00:00.000,567.176,568.416,564.936,568.307,190488006.59
27.03.2025 14:00:00.000,568.297,570.777,567.516,570.746,300444000.24
27.03.2025 15:00:00.000,570.766,570.886,567.837,567.956,235128005.98
27.03.2025 16:00:00.000,567.967,569.897,566.586,566.626,237972000.12
27.03.2025 17:00:00.000,566.626,568.167,566.346,566.636,224412002.56
27.03.2025 18:00:00.000,566.627,569.177,566.556,567.536,228251998.9
27.03.2025 19:00:00.000,567.527,570.016,566.706,567.026,249479995.73
28.03.2025 13:00:00.000,565.516,566.247,563.756,563.877,179315994.26
28.03.2025 14:00:00.000,563.747,564.316,558.256,558.796,310295989.99
28.03.2025 15:00:00.000,558.806,559.777,557.746,557.927,219468002.32
28.03.2025 16:00:00.000,557.917,558.787,556.416,556.537,186479995.73
28.03.2025 17:00:00.000,556.526,556.536,555.207,556.396,177167999.27
28.03.2025 18:00:00.000,556.377,556.957,555.296,556.197,173255996.7
28.03.2025 19:00:00.000,556.197,556.687,555.056,555.747,199919998.17
31.03.2025 13:00:00.000,549.826,550.617,546.856,549.727,207936004.64
31.03.2025 14:00:00.000,549.716,551.957,549.416,551.587,364007995.61
31.03.2025 15:00:00.000,551.606,554.097,551.227,553.266,284291992.19
31.03.2025 16:00:00.000,553.286,554.556,551.906,553.296,213768005.37
31.03.2025 17:00:00.000,553.317,555.136,552.697,553.117,208572006.23
31.03.2025 18:00:00.000,553.126,557.926,552.997,556.386,247727996.83
31.03.2025 19:00:00.000,556.376,560.696,556.346,558.756,289247985.84
01.04.2025 13:00:00.000,557.447,558.547,556.006,557.487,193919998.17
01.04.2025 14:00:00.000,557.427,559.787,553.646,559.686,348563995.36
01.04.2025 15:00:00.000,559.666,561.857,559.357,561.536,260627990.72
01.04.2025 16:00:00.000,561.547,562.927,559.316,560.676,251856002.81
01.04.2025 17:00:00.000,560.686,561.126,558.896,558.986,211932006.84
01.04.2025 18:00:00.000,558.997,559.156,556.146,557.626,234143997.19
01.04.2025 19:00:00.000,557.637,561.507,557.416,561.047,254735992.43
02.04.2025 13:00:00.000,555.057,559.767,554.797,558.896,205464004.52
02.04.2025 14:00:00.000,558.836,562.237,558.256,562.066,342395996.09
02.04.2025 15:00:00.000,562.056,563.737,560.836,562.276,296519989.01
02.04.2025 16:00:00.000,562.277,566.027,562.056,565.667,253908004.76
02.04.2025 17:00:00.000,565.677,567.397,563.227,564.077,262967987.06
02.04.2025 18:00:00.000,564.067,564.427,560.957,561.116,291179992.68
02.04.2025 19:00:00.000,561.106,565.627,561.106,564.796,311891998.29
03.04.2025 13:00:00.000,545.167,547.937,544.166,544.846,231300003.05
03.04.2025 14:00:00.000,544.816,545.176,540.077,540.186,398208007.81
03.04.2025 15:00:00.000,540.177,544.386,539.576,543.506,371447998.05
03.04.2025 16:00:00.000,543.476,546.337,542.976,543.397,343704010.01
03.04.2025 17:00:00.000,543.436,544.357,541.756,541.836,289967987.06
03.04.2025 18:00:00.000,541.836,542.526,539.926,541.807,281424011.23
03.04.2025 19:00:00.000,541.806,541.967,536.897,537.617,348480010.99
04.04.2025 13:00:00.000,523.666,525.857,519.126,523.166,264299987.79
04.04.2025 14:00:00.000,523.167,523.226,510.036,515.506,460799987.79
04.04.2025 15:00:00.000,515.476,522.547,514.066,514.946,475511993.41
04.04.2025 16:00:00.000,514.936,517.407,510.977,512.037,399131988.53
04.04.2025 17:00:00.000,512.047,514.616,508.316,514.526,381660003.66
04.04.2025 18:00:00.000,514.526,515.797,505.506,507.736,370320007.32
04.04.2025 19:00:00.000,507.747,513.867,505.047,505.787,444600006.1
07.04.2025 13:00:00.000,489.157,496.417,481.786,495.706,274691986.08
07.04.2025 14:00:00.000,495.716,523.056,493.327,505.767,494496002.2
07.04.2025 15:00:00.000,505.817,509.717,492.667,499.456,484944000.24
07.04.2025 16:00:00.000,499.457,501.697,494.697,495.667,431351989.75
07.04.2025 17:00:00.000,495.617,509.277,495.576,508.996,423156005.86
07.04.2025 18:00:00.000,509.046,510.427,502.256,503.106,338015991.21
07.04.2025 19:00:00.000,503.146,506.576,500.106,504.106,375947998.05
08.04.2025 13:00:00.000,521.867,523.247,517.776,522.536,241511993.41
08.04.2025 14:00:00.000,522.526,524.937,517.796,517.807,407615997.31
08.04.2025 15:00:00.000,517.796,519.256,513.986,516.736,392760009.77
08.04.2025 16:00:00.000,516.696,517.247,506.996,507.126,404760009.77
08.04.2025 17:00:00.000,507.147,509.057,502.026,506.736,431376007.08
08.04.2025 18:00:00.000,506.736,507.307,501.376,501.626,395795989.99
08.04.2025 19:00:00.000,501.636,502.127,489.156,496.986,467735992.43
09.04.2025 13:00:00.000,493.427,502.007,493.426,499.837,243815994.26
09.04.2025 14:00:00.000,499.816,503.616,493.087,493.197,442511993.41
09.04.2025 15:00:00.000,493.236,499.657,493.036,495.937,370536010.74
09.04.2025 16:00:00.000,495.927,502.567,494.727,501.187,361175994.87
09.04.2025 17:00:00.000,501.197,536.476,498.616,534.866,419364013.67
09.04.2025 18:00:00.000,534.877,539.816,530.516,530.877,494832000.73
09.04.2025 19:00:00.000,530.817,546.326,529.676,542.927,466764007.57
10.04.2025 13:00:00.000,532.157,533.467,528.497,528.966,262488006.59
10.04.2025 14:00:00.000,528.946,531.927,526.037,526.287,472451995.85
10.04.2025 15:00:00.000,526.266,528.656,517.887,518.577,437364013.67
10.04.2025 16:00:00.000,518.567,520.497,509.557,519.676,500052001.95
10.04.2025 17:00:00.000,519.667,525.486,512.856,524.187,474515991.21
10.04.2025 18:00:00.000,524.186,529.666,520.306,526.056,476675994.87
10.04.2025 19:00:00.000,526.116,529.387,518.177,524.767,489779998.78
11.04.2025 13:00:00.000,523.526,528.827,521.056,526.257,233867996.22
11.04.2025 14:00:00.000,526.257,528.407,520.047,523.126,447480010.99
11.04.2025 15:00:00.000,523.107,527.096,520.807,526.876,384503997.8
11.04.2025 16:00:00.000,526.907,532.807,526.007,531.716,341135986.33
11.04.2025 17:00:00.000,531.706,536.397,528.826,534.617,374148010.25
11.04.2025 18:00:00.000,534.607,534.957,531.537,532.166,332231994.63
11.04.2025 19:00:00.000,532.177,535.647,532.067,534.007,333299987.79
14.04.2025 13:00:00.000,544.017,544.067,539.186,540.526,243143997.19
14.04.2025 14:00:00.000,540.476,543.826,539.706,542.397,407160003.66
14.04.2025 15:00:00.000,542.386,543.047,535.197,535.696,370212005.62
14.04.2025 16:00:00.000,535.706,537.867,533.847,535.487,361007995.61
14.04.2025 17:00:00.000,535.477,539.397,535.166,538.936,315312011.72
14.04.2025 18:00:00.000,538.926,541.276,538.776,540.746,245423995.97
14.04.2025 19:00:00.000,540.747,542.567,538.337,538.746,324131988.53
15.04.2025 13:00:00.000,539.637,542.907,539.167,541.466,211151992.8
15.04.2025 14:00:00.000,541.497,543.216,538.126,540.557,407783996.58
15.04.2025 15:00:00.000,540.576,542.007,539.427,540.966,275963989.26
15.04.2025 16:00:00.000,540.977,541.597,538.466,539.007,197927993.77
15.04.2025 17:00:00.000,538.956,539.887,537.347,538.287,231503997.8
15.04.2025 18:00:00.000,538.276,539.196,536.777,538.637,218555999.76
15.04.2025 19:00:00.000,538.606,539.257,537.126,537.797,223367996.22
16.04.2025 13:00:00.000,531.636,533.816,529.877,529.877,222804000.85
16.04.2025 14:00:00.000,529.867,532.947,529.646,532.256,316272003.17
16.04.2025 15:00:00.000,532.316,535.076,531.347,531.696,288528015.14
16.04.2025 16:00:00.000,531.726,532.087,530.506,530.896,268511993.41
16.04.2025 17:00:00.000,530.907,531.706,523.927,524.077,336971984.86
16.04.2025 18:00:00.000,524.076,526.807,522.706,522.797,372768005.37
16.04.2025 19:00:00.000,522.807,526.147,520.276,525.796,362976013.18
17.04.2025 13:00:00.000,527.806,529.267,526.316,528.696,212988006.59
17.04.2025 14:00:00.000,528.696,529.117,523.897,525.036,347903991.7
17.04.2025 15:00:00.000,525.087,528.797,524.996,526.706,288432006.84
17.04.2025 16:00:00.000,526.716,530.386,526.206,529.886,321264007.57
17.04.2025 17:00:00.000,529.907,530.307,527.587,529.517,238320007.32
17.04.2025 18:00:00.000,529.526,531.146,528.496,528.507,234335998.54
17.04.2025 19:00:00.000,528.497,528.787,525.686,526.307,275291992.19
21.04.2025 13:00:00.000,521.126,521.667,517.506,517.507,169751998.9
21.04.2025 14:00:00.000,517.516,517.516,514.367,514.556,262391998.29
21.04.2025 15:00:00.000,514.556,515.036,510.796,511.036,195492004.39
21.04.2025 16:00:00.000,511.017,513.227,510.987,511.236,145559997.56
21.04.2025 17:00:00.000,511.227,511.716,508.716,508.916,161591995.24
21.04.2025 18:00:00.000,508.936,510.627,508.457,508.767,153647995
21.04.2025 19:00:00.000,508.747,514.856,508.706,514.017,279071990.97
22.04.2025 13:00:00.000,520.156,522.257,519.177,521.887,174647995
22.04.2025 14:00:00.000,521.897,524.877,521.617,524.646,205044006.35
22.04.2025 15:00:00.000,524.637,526.507,523.756,526.167,179664001.46
22.04.2025 16:00:00.000,526.166,529.297,526.146,527.507,235007995.61
22.04.2025 17:00:00.000,527.497,528.617,521.756,521.816,318924011.23
22.04.2025 18:00:00.000,521.837,527.207,521.767,526.727,202716003.42
22.04.2025 19:00:00.000,526.717,527.487,524.196,526.917,254988006.59
23.04.2025 13:00:00.000,540.427,544.946,539.486,543.307,227531997.68
23.04.2025 14:00:00.000,543.227,545.167,540.706,542.536,391463989.26
23.04.2025 15:00:00.000,542.577,543.537,535.556,537.416,376092010.5
23.04.2025 16:00:00.000,537.427,538.627,534.006,538.187,329940002.44
23.04.2025 17:00:00.000,538.147,539.556,536.116,538.336,279731994.63
23.04.2025 18:00:00.000,538.327,538.866,535.776,536.346,297876007.08
23.04.2025 19:00:00.000,536.347,537.136,533.806,535.516,355308013.92
24.04.2025 13:00:00.000,536.656,539.637,535.436,539.467,183300003.05
24.04.2025 14:00:00.000,539.467,543.277,539.006,542.447,317627990.72
24.04.2025 15:00:00.000,542.447,543.867,541.866,542.747,252360000.61
24.04.2025 16:00:00.000,542.766,545.826,542.236,545.427,215675994.87
24.04.2025 17:00:00.000,545.407,545.576,544.026,545.256,188003997.8
24.04.2025 18:00:00.000,545.286,546.866,545.017,546.056,185555999.76
24.04.2025 19:00:00.000,546.047,547.287,544.267,546.577,242843994.14
25.04.2025 13:00:00.000,546.706,548.096,544.707,544.836,189804000.85
25.04.2025 14:00:00.000,544.836,547.907,543.686,546.466,316055999.76
25.04.2025 15:00:00.000,546.446,547.467,545.676,547.067,232283996.58
25.04.2025 16:00:00.000,547.077,549.167,546.946,549.107,145488006.59
25.04.2025 17:00:00.000,549.097,551.037,546.726,547.887,205020004.27
25.04.2025 18:00:00.000,547.917,550.717,547.497,549.776,165035995.48
25.04.2025 19:00:00.000,549.787,550.886,548.726,550.556,221147995
28.04.2025 13:00:00.000,551.377,553.527,550.096,550.217,186671997.07
28.04.2025 14:00:00.000,550.257,552.077,549.626,550.557,278411987.3
28.04.2025 15:00:00.000,550.537,551.047,547.006,547.457,234755996.7
28.04.2025 16:00:00.000,547.437,547.607,545.677,546.446,186251998.9
28.04.2025 17:00:00.000,546.446,547.847,545.016,547.686,173399993.9
28.04.2025 18:00:00.000,547.686,549.016,547.357,548.706,136511993.41
28.04.2025 19:00:00.000,548.707,552.246,548.616,550.937,190692001.34
29.04.2025 13:00:00.000,548.906,551.617,548.517,550.226,168792007.45
29.04.2025 14:00:00.000,550.397,553.026,549.386,552.947,257519989.01
29.04.2025 15:00:00.000,552.956,553.247,550.846,551.706,198119995.12
29.04.2025 16:00:00.000,551.706,553.427,550.486,551.027,162695999.15
29.04.2025 17:00:00.000,551.026,555.076,550.726,554.717,162671997.07
29.04.2025 18:00:00.000,554.707,555.406,554.087,554.337,145259994.51
29.04.2025 19:00:00.000,554.336,555.246,553.796,554.097,182111999.51
30.04.2025 13:00:00.000,547.496,547.496,541.507,541.787,199235992.43
30.04.2025 14:00:00.000,541.817,547.437,541.597,546.946,331872009.28
30.04.2025 15:00:00.000,546.946,549.787,546.817,549.467,256691986.08
30.04.2025 16:00:00.000,549.446,550.227,547.377,549.537,214559997.56
30.04.2025 17:00:00.000,549.547,551.057,547.107,550.456,197052001.95
30.04.2025 18:00:00.000,550.467,553.016,549.086,549.586,252371994.02
30.04.2025 19:00:00.000,549.587,556.497,549.346,554.357,259212005.62
01.05.2025 13:00:00.000,560.417,561.337,558.737,558.927,199500000
01.05.2025 14:00:00.000,558.907,563.387,558.767,563.326,282660003.66
01.05.2025 15:00:00.000,563.326,564.027,559.666,560.366,199488006.59
01.05.2025 16:00:00.000,560.367,561.247,559.046,559.646,232320007.32
01.05.2025 17:00:00.000,559.627,561.927,559.606,560.566,164195999.15
01.05.2025 18:00:00.000,560.566,562.667,560.446,561.696,149531997.68
01.05.2025 19:00:00.000,561.707,562.347,557.847,558.377,212759994.51
02.05.2025 13:00:00.000,564.687,565.447,562.347,563.567,193440002.44
02.05.2025 14:00:00.000,563.566,566.297,563.257,565.776,242447998.05
02.05.2025 15:00:00.000,565.777,566.377,564.436,566.217,152988006.59
02.05.2025 16:00:00.000,566.216,568.056,566.146,567.477,168492004.39
02.05.2025 17:00:00.000,567.476,567.747,566.316,567.237,129600006.1
02.05.2025 18:00:00.000,567.226,568.356,566.437,567.087,125052001.95
02.05.2025 19:00:00.000,567.056,567.916,566.016,566.627,218675994.87
05.05.2025 13:00:00.000,562.576,563.276,561.667,562.937,161076004.03
05.05.2025 14:00:00.000,562.996,565.167,562.406,564.997,297420013.43
05.05.2025 15:00:00.000,564.977,565.297,563.817,564.986,210863998.41
05.05.2025 16:00:00.000,564.977,565.926,564.796,565.596,142811996.46
05.05.2025 17:00:00.000,565.596,566.057,564.816,565.677,139248001.1
05.05.2025 18:00:00.000,565.676,566.637,565.557,565.776,108431999.21
05.05.2025 19:00:00.000,565.767,565.857,563.076,563.537,202692001.34
06.05.2025 13:00:00.000,557.926,559.637,556.936,557.366,165287994.38
06.05.2025 14:00:00.000,557.387,561.336,557.087,560.726,208919998.17
06.05.2025 15:00:00.000,560.746,561.917,560.146,560.337,152016006.47
06.05.2025 16:00:00.000,560.326,563.317,559.116,559.177,219996002.2
06.05.2025 17:00:00.000,559.237,560.567,558.307,558.426,177804000.85
06.05.2025 18:00:00.000,558.447,561.056,558.416,561.036,151811996.46
06.05.2025 19:00:00.000,561.027,561.357,558.707,558.786,163235992.43
07.05.2025 13:00:00.000,560.196,561.567,559.496,561.396,167832000.73
07.05.2025 14:00:00.000,561.397,561.947,558.996,559.417,202824005.13
07.05.2025 15:00:00.000,559.427,560.107,558.347,559.917,244632003.78
07.05.2025 16:00:00.000,559.897,561.357,559.046,561.237,166464004.52
07.05.2025 17:00:00.000,561.236,561.836,558.776,559.187,143087997.44
07.05.2025 18:00:00.000,559.156,561.197,556.016,560.806,341928009.03
07.05.2025 19:00:00.000,560.807,563.757,557.496,561.187,368988006.59
08.05.2025 13:00:00.000,565.266,565.596,563.537,564.107,176136001.59
08.05.2025 14:00:00.000,564.117,565.146,561.676,562.566,333312011.72
08.05.2025 15:00:00.000,562.486,569.586,561.997,568.357,327036010.74
08.05.2025 16:00:00.000,568.366,570.307,568.307,570.086,222947998.05
08.05.2025 17:00:00.000,570.067,570.177,567.576,567.667,194087997.44
08.05.2025 18:00:00.000,567.667,569.107,567.396,568.336,192108001.71
08.05.2025 19:00:00.000,568.336,569.327,564.527,564.846,269891998.29
09.05.2025 13:00:00.000,566.476,567.487,565.806,566.987,166764007.57
09.05.2025 14:00:00.000,566.976,567.336,562.786,564.546,317664001.46
09.05.2025 15:00:00.000,564.516,565.577,563.846,565.537,248520004.27
09.05.2025 16:00:00.000,565.536,565.616,563.067,563.366,225119995.12
09.05.2025 17:00:00.000,563.376,565.337,563.006,565.216,188412002.56
09.05.2025 18:00:00.000,565.187,565.286,564.066,564.837,159960006.71
09.05.2025 19:00:00.000,564.816,565.867,564.096,564.197,206628005.98
12.05.2025 13:00:00.000,581.467,581.686,578.317,578.756,190175994.87
12.05.2025 14:00:00.000,578.746,580.467,577.007,579.027,273131988.53
12.05.2025 15:00:00.000,579.057,579.726,578.007,578.146,205320007.32
12.05.2025 16:00:00.000,578.167,581.157,577.956,581.057,142416000.37
12.05.2025 17:00:00.000,581.056,582.407,580.946,581.496,134651992.8
12.05.2025 18:00:00.000,581.497,582.566,581.306,581.506,118319999.69
12.05.2025 19:00:00.000,581.536,582.986,580.797,582.897,186384002.69
13.05.2025 13:00:00.000,583.446,585.457,582.796,585.257,165647995
13.05.2025 14:00:00.000,585.277,587.897,585.206,587.077,295355987.55
13.05.2025 15:00:00.000,587.087,588.417,586.717,587.636,198863998.41
13.05.2025 16:00:00.000,587.647,588.337,586.946,587.946,166919998.17
13.05.2025 17:00:00.000,587.946,589.047,587.646,587.906,156432006.84
13.05.2025 18:00:00.000,587.916,588.687,587.457,588.586,153119995.12
13.05.2025 19:00:00.000,588.567,589.057,586.806,586.836,178464004.52
14.05.2025 13:00:00.000,587.807,588.967,586.446,587.526,193511993.41
14.05.2025 14:00:00.000,587.536,587.897,586.386,587.526,339191986.08
14.05.2025 15:00:00.000,587.517,588.327,585.766,587.997,272555999.76
14.05.2025 16:00:00.000,587.987,588.547,587.086,587.446,223188003.54
14.05.2025 17:00:00.000,587.456,587.497,585.516,587.317,247223999.02
14.05.2025 18:00:00.000,587.327,588.206,586.557,587.617,216059997.56
14.05.2025 19:00:00.000,587.616,588.107,586.367,587.537,250643997.19
15.05.2025 13:00:00.000,585.556,586.457,585.067,586.116,185447998.05
15.05.2025 14:00:00.000,586.126,587.107,585.296,586.626,322859985.35
15.05.2025 15:00:00.000,586.636,589.407,586.466,589.066,261324005.13
15.05.2025 16:00:00.000,589.067,590.187,588.756,590.156,189972000.12
15.05.2025 17:00:00.000,590.167,590.957,589.716,589.876,166848007.2
15.05.2025 18:00:00.000,589.886,590.317,588.676,589.717,230171997.07
15.05.2025 19:00:00.000,589.746,590.367,588.287,590.367,286752014.16
16.05.2025 13:00:00.000,591.247,591.327,589.996,591.206,165863998.41
16.05.2025 14:00:00.000,591.206,591.627,589.266,590.446,257772003.17
16.05.2025 15:00:00.000,590.466,591.607,590.376,591.026,193248001.1
16.05.2025 16:00:00.000,591.027,592.497,590.906,592.226,145848007.2
16.05.2025 17:00:00.000,592.247,593.467,592.086,592.816,136787994.38
16.05.2025 18:00:00.000,592.806,594.007,592.636,593.556,121583999.63
16.05.2025 19:00:00.000,593.556,594.487,593.217,594.297,171167999.27
19.05.2025 13:00:00.000,588.126,591.396,588.126,591.226,181367996.22
19.05.2025 14:00:00.000,591.226,593.297,591.027,591.997,287063995.36
19.05.2025 15:00:00.000,591.996,593.757,591.937,593.086,232320007.32
19.05.2025 16:00:00.000,593.096,594.747,592.916,594.527,186264007.57
19.05.2025 17:00:00.000,594.517,595.527,594.306,594.347,199115997.31
19.05.2025 18:00:00.000,594.346,594.527,593.317,594.377,194076004.03
19.05.2025 19:00:00.000,594.377,595.236,593.146,594.917,191880004.88
20.05.2025 13:00:00.000,593.097,593.606,592.027,592.837,186216003.42
20.05.2025 14:00:00.000,592.826,594.037,592.336,592.937,303816009.52
20.05.2025 15:00:00.000,592.906,593.617,592.446,593.187,219179992.68
20.05.2025 16:00:00.000,593.176,593.567,592.226,593.357,148235992.43
20.05.2025 17:00:00.000,593.366,593.787,592.446,592.987,151703994.75
20.05.2025 18:00:00.000,592.977,593.166,590.566,590.876,216983993.53
20.05.2025 19:00:00.000,590.876,592.947,589.606,592.796,228324005.13
21.05.2025 13:00:00.000,588.447,590.506,588.397,589.836,167003997.8
21.05.2025 14:00:00.000,589.837,591.377,588.856,590.646,314988006.59
21.05.2025 15:00:00.000,590.627,592.217,590.347,591.727,291287994.38
21.05.2025 16:00:00.000,591.726,592.577,591.416,591.596,187979995.73
21.05.2025 17:00:00.000,591.626,591.757,583.767,586.127,418212005.62
21.05.2025 18:00:00.000,586.116,586.377,583.767,583.996,369312011.72
21.05.2025 19:00:00.000,583.996,584.616,581.806,583.087,391380004.88
22.05.2025 13:00:00.000,582.606,584.327,581.387,584.116,202524002.08
22.05.2025 14:00:00.000,584.106,585.147,581.496,582.896,402096008.3
22.05.2025 15:00:00.000,582.906,584.347,582.337,584.247,322235992.43
22.05.2025 16:00:00.000,584.246,585.607,583.016,583.106,269316009.52
22.05.2025 17:00:00.000,583.137,585.807,582.626,585.377,238595993.04
22.05.2025 18:00:00.000,585.377,586.086,584.876,585.837,226115997.31
22.05.2025 19:00:00.000,585.826,586.607,582.566,582.867,264071990.97
23.05.2025 13:00:00.000,575.906,578.137,575.426,576.726,226968002.32
23.05.2025 14:00:00.000,576.727,578.937,576.646,577.106,347700012.21
23.05.2025 15:00:00.000,577.116,579.686,576.796,578.016,304440002.44
23.05.2025 16:00:00.000,578.006,579.596,577.496,578.976,271283996.58
23.05.2025 17:00:00.000,578.987,581.437,578.707,580.826,250175994.87
23.05.2025 18:00:00.000,580.816,581.797,579.956,580.717,249503997.8
23.05.2025 19:00:00.000,580.706,581.427,578.477,579.746,271391998.29
27.05.2025 13:00:00.000,586.076,586.357,584.337,585.936,181595993.04
27.05.2025 14:00:00.000,585.937,588.577,585.937,588.027,231779998.78
27.05.2025 15:00:00.000,588.036,589.116,587.937,588.956,176412002.56
27.05.2025 16:00:00.000,588.967,590.657,588.876,589.926,167423995.97
27.05.2025 17:00:00.000,589.936,591.066,589.876,590.997,134639999.39
27.05.2025 18:00:00.000,591.007,591.306,590.346,590.387,132395996.09
27.05.2025 19:00:00.000,590.377,591.067,589.816,590.996,181548004.15
28.05.2025 13:00:00.000,591.557,592.747,590.526,590.776,168695999.15
28.05.2025 14:00:00.000,590.777,591.147,589.197,589.326,282720001.22
28.05.2025 15:00:00.000,589.327,590.136,588.966,589.057,193643997.19
28.05.2025 16:00:00.000,589.047,590.236,589.047,589.927,142932006.84
28.05.2025 17:00:00.000,589.916,590.607,589.426,589.696,139427993.77
28.05.2025 18:00:00.000,589.686,590.427,587.927,589.747,171203994.75
28.05.2025 19:00:00.000,589.737,590.777,586.976,587.666,286332000.73
29.05.2025 13:00:00.000,593.097,593.187,590.246,591.206,210731994.63
29.05.2025 14:00:00.000,591.216,591.606,588.476,590.916,387071990.97
29.05.2025 15:00:00.000,590.896,590.996,586.516,587.167,338880004.88
29.05.2025 16:00:00.000,587.167,590.136,586.036,589.797,310764007.57
29.05.2025 17:00:00.000,589.786,590.427,588.387,588.546,295247985.84
29.05.2025 18:00:00.000,588.536,589.527,587.596,588.786,283187988.28
29.05.2025 19:00:00.000,588.797,590.656,588.356,590.007,292559997.56
30.05.2025 13:00:00.000,588.906,589.096,586.386,587.016,170160003.66
30.05.2025 14:00:00.000,587.006,589.897,587.006,588.677,275339996.34
30.05.2025 15:00:00.000,588.696,589.357,587.336,587.997,260664001.46
30.05.2025 16:00:00.000,588.026,588.637,583.227,584.396,332171997.07
30.05.2025 17:00:00.000,584.387,586.677,583.967,585.846,279156005.86
30.05.2025 18:00:00.000,585.856,588.847,585.806,588.666,274055999.76
30.05.2025 19:00:00.000,588.646,591.117,588.567,589.647,337152008.06
02.06.2025 13:00:00.000,587.737,589.727,586.516,586.637,184223999.02
02.06.2025 14:00:00.000,586.496,589.506,585.056,589.337,351119995.12
02.06.2025 15:00:00.000,589.317,590.046,588.106,589.796,214175994.87
02.06.2025 16:00:00.000,589.807,590.167,588.966,589.967,168792007.45
02.06.2025 17:00:00.000,589.966,590.597,589.486,589.956,161087997.44
02.06.2025 18:00:00.000,589.956,591.947,589.506,591.847,174744003.3
02.06.2025 19:00:00.000,591.837,592.727,591.637,592.707,151619995.12
03.06.2025 13:00:00.000,592.346,593.257,592.037,592.337,139703994.75
03.06.2025 14:00:00.000,592.337,594.396,591.846,594.356,187716003.42
03.06.2025 15:00:00.000,594.366,595.686,594.356,595.636,125627998.35
03.06.2025 16:00:00.000,595.636,596.657,595.236,596.487,92952003.48
03.06.2025 17:00:00.000,596.506,597.067,596.046,596.097,100092002.87
03.06.2025 18:00:00.000,596.107,596.457,594.796,596.316,151139999.39
03.06.2025 19:00:00.000,596.327,596.506,595.117,596.077,182927993.77
04.06.2025 13:00:00.000,596.937,597.917,596.797,597.557,142716003.42
04.06.2025 14:00:00.000,596.857,597.767,595.476,597.516,284652008.06
04.06.2025 15:00:00.000,597.527,597.857,596.386,596.866,216156005.86
04.06.2025 16:00:00.000,596.857,596.917,595.777,596.757,190007995.61
04.06.2025 17:00:00.000,596.777,597.657,596.746,597.567,124416000.37
04.06.2025 18:00:00.000,597.567,597.926,596.836,597.007,138335998.54
04.06.2025 19:00:00.000,597.016,597.236,595.967,595.987,178583999.63
05.06.2025 13:00:00.000,597.647,597.886,593.906,594.246,201587997.44
05.06.2025 14:00:00.000,594.276,597.556,593.996,597.266,307488006.59
05.06.2025 15:00:00.000,597.286,598.897,597.037,598.746,245436004.64
05.06.2025 16:00:00.000,598.747,598.946,594.236,594.736,267071990.97
05.06.2025 17:00:00.000,594.747,596.957,594.287,595.816,241632003.78
05.06.2025 18:00:00.000,595.847,596.107,593.037,595.236,253223999.02
05.06.2025 19:00:00.000,595.216,595.487,591.046,592.967,379920013.43
06.06.2025 13:00:00.000,598.616,600.817,598.386,600.307,179111999.51
06.06.2025 14:00:00.000,600.286,600.467,598.637,599.286,263328002.93
06.06.2025 15:00:00.000,599.277,600.346,597.236,598.687,291276000.98
06.06.2025 16:00:00.000,598.687,599.377,596.836,597.607,215483993.53
06.06.2025 17:00:00.000,597.596,599.037,597.116,598.937,176615997.31
06.06.2025 18:00:00.000,598.946,600.397,598.936,599.716,172979995.73
06.06.2025 19:00:00.000,599.707,600.056,598.896,598.996,194472000.12
09.06.2025 13:00:00.000,599.727,599.967,598.486,598.907,154272003.17
09.06.2025 14:00:00.000,598.927,600.357,598.786,599.497,204852005
09.06.2025 15:00:00.000,599.507,600.007,599.037,599.836,163031997.68
09.06.2025 16:00:00.000,599.846,601.086,599.356,600.667,130776000.98
09.06.2025 17:00:00.000,600.667,601.197,600.096,600.936,137664001.46
09.06.2025 18:00:00.000,600.926,601.236,600.336,600.987,110052001.95
09.06.2025 19:00:00.000,600.996,601.136,599.426,599.536,156384002.69
10.06.2025 13:00:00.000,600.217,601.116,600.146,600.556,177492004.39
10.06.2025 14:00:00.000,600.567,601.637,600.487,601.057,210863998.41
10.06.2025 15:00:00.000,601.067,601.487,599.077,601.257,219852005
10.06.2025 16:00:00.000,601.257,602.277,601.216,602.146,136235992.43
10.06.2025 17:00:00.000,602.156,602.657,601.256,601.306,138707992.55
10.06.2025 18:00:00.000,601.316,602.886,600.106,602.387,182940002.44
10.06.2025 19:00:00.000,602.387,603.457,601.597,603.046,214188003.54
11.06.2025 13:00:00.000,604.156,604.176,602.217,603.646,166500000
11.06.2025 14:00:00.000,603.636,605.037,603.297,604.686,189600006.1
11.06.2025 15:00:00.000,604.697,604.967,603.227,603.567,189059997.56
11.06.2025 16:00:00.000,603.596,603.856,601.956,603.407,205367996.22
11.06.2025 17:00:00.000,603.396,604.437,602.346,602.497,154944000.24
11.06.2025 18:00:00.000,602.506,602.767,599.256,600.786,317760009.77
11.06.2025 19:00:00.000,600.817,601.557,599.726,601.456,302772003.17
12.06.2025 13:00:00.000,600.007,601.227,599.516,600.757,169583999.63
12.06.2025 14:00:00.000,600.756,603.107,600.596,602.637,207539993.29
12.06.2025 15:00:00.000,602.647,603.607,601.506,602.456,208296005.25
12.06.2025 16:00:00.000,602.477,603.357,601.906,602.427,196259994.51
12.06.2025 17:00:00.000,602.436,603.557,602.347,603.096,110639999.39
12.06.2025 18:00:00.000,603.086,603.416,602.416,603.316,131856002.81
12.06.2025 19:00:00.000,603.306,603.707,602.386,603.707,146352005
13.06.2025 13:00:00.000,598.536,600.357,597.856,597.966,189360000.61
13.06.2025 14:00:00.000,597.927,599.407,596.626,599.107,309084014.89
13.06.2025 15:00:00.000,599.126,601.696,598.906,601.226,213611999.51
13.06.2025 16:00:00.000,601.227,601.826,600.276,601.046,189552001.95
13.06.2025 17:00:00.000,601.026,601.157,598.936,599.776,227100006.1
13.06.2025 18:00:00.000,599.797,600.257,595.536,597.197,293388000.49
13.06.2025 19:00:00.000,597.187,597.676,595.496,596.967,303708007.81
16.06.2025 13:00:00.000,600.407,603.377,600.296,603.046,174132003.78
16.06.2025 14:00:00.000,603.057,604.377,602.956,603.906,205332000.73
16.06.2025 15:00:00.000,603.897,604.087,602.776,603.116,181391998.29
16.06.2025 16:00:00.000,603.127,603.647,602.457,602.716,158783996.58
16.06.2025 17:00:00.000,602.656,603.677,602.126,602.296,150516006.47
16.06.2025 18:00:00.000,602.306,602.856,601.836,602.497,122027999.88
16.06.2025 19:00:00.000,602.486,602.767,601.636,602.687,191279998.78
17.06.2025 13:00:00.000,600.217,600.897,599.776,600.847,160716003.42
17.06.2025 14:00:00.000,600.857,601.627,600.326,600.457,192119995.12
17.06.2025 15:00:00.000,600.447,601.717,600.216,600.687,201539993.29
17.06.2025 16:00:00.000,600.697,601.577,599.497,599.766,206063995.36
17.06.2025 17:00:00.000,599.767,600.186,597.536,598.007,216300003.05
17.06.2025 18:00:00.000,598.016,598.177,596.746,598.107,223391998.29
17.06.2025 19:00:00.000,598.127,598.456,597.307,597.597,193979995.73
18.06.2025 13:00:00.000,598.437,599.577,597.317,599.116,154044006.35
18.06.2025 14:00:00.000,599.137,601.187,598.717,600.807,250667999.27
18.06.2025 15:00:00.000,600.816,600.887,599.606,599.706,186216003.42
18.06.2025 16:00:00.000,599.707,600.306,599.386,599.447,135947998.05
18.06.2025 17:00:00.000,599.457,599.947,598.027,599.386,147912002.56
18.06.2025 18:00:00.000,599.386,600.937,596.667,597.217,290411987.3
18.06.2025 19:00:00.000,597.227,598.887,596.466,597.206,296459991.46
20.06.2025 13:00:00.000,598.366,599.447,597.156,597.327,178080001.83
20.06.2025 14:00:00.000,597.316,597.566,593.976,594.377,326940002.44
20.06.2025 15:00:00.000,594.356,596.357,593.496,594.686,281640014.65
20.06.2025 16:00:00.000,594.697,595.697,594.207,595.317,192623992.92
20.06.2025 17:00:00.000,595.317,595.877,592.837,594.027,230399993.9
20.06.2025 18:00:00.000,594.006,595.337,593.356,593.597,163416000.37
20.06.2025 19:00:00.000,593.607,594.946,593.066,594.436,228647995
23.06.2025 13:00:00.000,595.036,596.657,593.576,596.637,152160003.66
23.06.2025 14:00:00.000,596.636,598.257,596.406,596.457,236820007.32
23.06.2025 15:00:00.000,596.457,597.637,595.736,595.847,199427993.77
23.06.2025 16:00:00.000,595.856,596.067,591.886,593.566,318876007.08
23.06.2025 17:00:00.000,593.576,599.146,593.176,598.506,296459991.46
23.06.2025 18:00:00.000,598.537,599.107,597.986,598.497,170052001.95
23.06.2025 19:00:00.000,598.487,600.527,598.387,600.057,207143997.19
24.06.2025 13:00:00.000,604.307,605.447,603.786,603.927,151007995.61
24.06.2025 14:00:00.000,603.927,605.337,603.437,604.947,211740005.49
24.06.2025 15:00:00.000,604.937,606.147,604.937,605.756,134891998.29
24.06.2025 16:00:00.000,605.757,607.167,605.646,606.626,110664001.46
24.06.2025 17:00:00.000,606.627,607.347,606.296,607.166,128772003.17
24.06.2025 18:00:00.000,607.177,607.457,606.866,607.297,83772003.17
24.06.2025 19:00:00.000,607.286,607.827,606.816,606.816,124583999.63
25.06.2025 13:00:00.000,607.917,608.467,607.437,608.137,115800003.05
25.06.2025 14:00:00.000,608.156,608.396,607.296,607.756,204335998.54
25.06.2025 15:00:00.000,607.766,607.797,606.466,606.877,169391998.29
25.06.2025 16:00:00.000,606.887,607.257,606.426,606.696,131664001.46
25.06.2025 17:00:00.000,606.717,607.127,605.527,606.236,153888000.49
25.06.2025 18:00:00.000,606.247,606.537,606.037,606.416,119819999.69
25.06.2025 19:00:00.000,606.407,607.357,606.356,606.977,150912002.56
26.06.2025 13:00:00.000,608.996,609.377,608.347,609.107,145884002.69
26.06.2025 14:00:00.000,609.106,610.567,609.066,610.356,218304000.85
26.06.2025 15:00:00.000,610.376,610.847,609.827,610.506,137052001.95
26.06.2025 16:00:00.000,610.496,611.117,610.447,610.827,87480003.36
26.06.2025 17:00:00.000,610.836,611.587,610.617,611.266,75120002.75
26.06.2025 18:00:00.000,611.277,612.107,611.076,611.437,86760002.14
26.06.2025 19:00:00.000,611.427,612.297,611.226,611.876,116267997.74
27.06.2025 13:00:00.000,612.886,614.636,612.696,614.326,111251998.9
27.06.2025 14:00:00.000,614.346,615.547,614.346,614.796,199583999.63
27.06.2025 15:00:00.000,614.826,616.087,614.597,615.887,141804000.85
27.06.2025 16:00:00.000,615.896,616.386,615.636,615.957,116111999.51
27.06.2025 17:00:00.000,615.947,615.947,613.246,614.147,184787994.38
27.06.2025 18:00:00.000,614.156,614.366,610.827,611.176,275712005.62
27.06.2025 19:00:00.000,611.177,615.126,611.006,614.716,215147995